SenseLab_M05;
Time Zone;UTC+2:00;
Monitor;80.80.10.43;
;
Pill n°1;24.00.1E.1B;;;;;;Pill n°2;24.00.1D.51;;;;;;Pill n°3;24.00.20.14;;;;;;
Sample number;Date (dd/mm/yyyy);Hour;Temperature (°C);Status;;;Sample number;Date (dd/mm/yyyy);Hour;Temperature (°C);Status;;;Sample number;Date (dd/mm/yyyy);Hour;Temperature (°C);Status;;;
1;19/06/2023;14:55:04;31.13;;;;1;19/06/2023;14:57:05;30.44;;;;1;19/06/2023;14:58:14;31.11;;;;
2;19/06/2023;14:56:04;31.17;;;;2;19/06/2023;14:58:05;30.8;Synchronized;;;2;19/06/2023;14:59:14;31.27;;;;
3;19/06/2023;14:57:06;30.77;Synchronized;;;3;19/06/2023;14:59:05;30.46;;;;3;19/06/2023;15:00:13;30.83;;;;
4;19/06/2023;14:58:08;30.48;;;;4;19/06/2023;15:00:05;30.23;;;;4;19/06/2023;15:01:13;30.55;;;;
5;19/06/2023;14:59:04;30.27;;;;5;19/06/2023;15:01:05;30.09;;;;5;19/06/2023;15:02:13;30.34;;;;
6;19/06/2023;15:00:04;30.15;;;;6;19/06/2023;15:02:05;30;;;;6;19/06/2023;15:03:13;30.18;;;;
7;19/06/2023;15:01:04;30.02;;;;7;19/06/2023;15:03:05;29.95;;;;7;19/06/2023;15:04:13;30.08;;;;
8;19/06/2023;15:02:04;29.96;;;;8;19/06/2023;15:04:05;29.88;;;;8;19/06/2023;15:05:13;30.01;;;;
9;19/06/2023;15:03:04;29.91;;;;9;19/06/2023;15:05:04;29.84;;;;9;19/06/2023;15:06:13;29.95;;;;
10;19/06/2023;15:04:05;29.84;;;;10;19/06/2023;15:06:05;29.8;;;;10;19/06/2023;15:07:13;30.16;;;;
11;19/06/2023;15:05:05;29.84;;;;11;19/06/2023;15:07:05;30.04;;;;11;19/06/2023;15:08:13;30.06;;;;
12;19/06/2023;15:06:05;29.8;;;;12;19/06/2023;15:08:04;30.08;;;;12;19/06/2023;15:09:13;29.96;;;;
13;19/06/2023;15:07:04;29.77;;;;13;19/06/2023;15:09:04;29.97;;;;13;19/06/2023;15:10:13;29.82;;;;
14;19/06/2023;15:08:04;30.11;;;;14;19/06/2023;15:10:04;29.83;;;;14;19/06/2023;15:11:12;29.59;;;;
15;19/06/2023;15:09:04;30;;;;15;19/06/2023;15:11:04;29.59;;;;15;19/06/2023;15:12:12;29.4;;;;
16;19/06/2023;15:10:04;29.86;;;;16;19/06/2023;15:12:05;29.39;;;;16;19/06/2023;15:13:12;29.25;;;;
17;19/06/2023;15:11:05;29.6;;;;17;19/06/2023;15:13:05;29.23;;;;17;19/06/2023;15:14:12;29.12;;;;
18;19/06/2023;15:12:04;29.37;;;;18;19/06/2023;15:14:05;29.11;;;;18;19/06/2023;15:15:12;29.05;;;;
19;19/06/2023;15:13:04;29.21;;;;19;19/06/2023;15:15:05;29.01;;;;19;19/06/2023;15:16:12;28.98;;;;
20;19/06/2023;15:14:04;29.06;Synchronized;;;20;19/06/2023;15:16:05;28.92;;;;20;19/06/2023;15:17:11;28.89;;;;
21;19/06/2023;15:15:04;28.97;;;;21;19/06/2023;15:17:04;28.85;;;;21;19/06/2023;15:18:11;28.85;;;;
22;19/06/2023;15:16:04;28.88;;;;22;19/06/2023;15:18:04;28.79;;;;22;19/06/2023;15:19:11;28.84;;;;
23;19/06/2023;15:17:04;28.8;;;;23;19/06/2023;15:19:04;28.77;;;;23;19/06/2023;15:20:11;28.8;;;;
24;19/06/2023;15:18:04;28.79;;;;24;19/06/2023;15:20:04;28.75;;;;24;19/06/2023;15:21:11;28.77;;;;
25;19/06/2023;15:19:04;28.75;;;;25;19/06/2023;15:21:04;28.71;;;;25;19/06/2023;15:22:11;28.76;;;;
26;19/06/2023;15:20:04;28.73;;;;26;19/06/2023;15:22:04;28.71;;;;26;19/06/2023;15:23:11;28.74;;;;
27;19/06/2023;15:21:04;28.68;;;;27;19/06/2023;15:23:04;28.69;;;;27;19/06/2023;15:24:11;28.75;;;;
28;19/06/2023;15:22:04;28.68;;;;28;19/06/2023;15:24:04;28.69;;;;28;19/06/2023;15:25:11;28.73;;;;
29;19/06/2023;15:23:04;28.64;;;;29;19/06/2023;15:25:03;28.67;;;;29;19/06/2023;15:26:10;28.71;;;;
30;19/06/2023;15:24:04;28.64;;;;30;19/06/2023;15:26:03;28.66;;;;30;19/06/2023;15:27:10;28.72;;;;
31;19/06/2023;15:25:04;28.63;;;;31;19/06/2023;15:27:03;28.67;;;;31;19/06/2023;15:28:10;28.72;;;;
32;19/06/2023;15:26:04;28.65;;;;32;19/06/2023;15:28:03;28.66;;;;32;19/06/2023;15:29:10;28.7;;;;
33;19/06/2023;15:27:04;28.6;;;;33;19/06/2023;15:29:03;28.66;;;;33;19/06/2023;15:30:10;28.73;;;;
34;19/06/2023;15:28:04;28.63;;;;34;19/06/2023;15:30:03;28.65;;;;34;19/06/2023;15:31:10;28.74;;;;
35;19/06/2023;15:29:04;28.63;;;;35;19/06/2023;15:31:03;28.67;;;;35;19/06/2023;15:32:10;28.72;;;;
36;19/06/2023;15:30:04;28.65;;;;36;19/06/2023;15:32:03;28.66;;;;36;19/06/2023;15:33:10;28.73;;;;
37;19/06/2023;15:31:04;28.63;;;;37;19/06/2023;15:33:03;28.66;;;;37;19/06/2023;15:34:10;28.72;;;;
38;19/06/2023;15:32:04;28.64;Synchronized;;;38;19/06/2023;15:34:02;28.66;;;;38;19/06/2023;15:35:10;28.73;;;;
39;19/06/2023;15:33:04;28.64;;;;39;19/06/2023;15:35:02;28.66;;;;39;19/06/2023;15:36:09;28.72;;;;
40;19/06/2023;15:34:04;28.63;;;;40;19/06/2023;15:36:02;28.66;;;;40;19/06/2023;15:37:09;28.7;;;;
41;19/06/2023;15:35:04;28.65;;;;41;19/06/2023;15:37:02;28.66;;;;41;19/06/2023;15:38:09;28.74;;;;
42;19/06/2023;15:36:04;28.64;;;;42;19/06/2023;15:38:02;28.67;;;;42;19/06/2023;15:39:09;28.73;;;;
43;19/06/2023;15:37:04;28.64;;;;43;19/06/2023;15:39:02;28.66;;;;43;19/06/2023;15:40:09;28.73;;;;
44;19/06/2023;15:38:04;28.64;;;;44;19/06/2023;15:40:02;28.68;;;;44;19/06/2023;15:41:09;28.72;;;;
45;19/06/2023;15:39:04;28.63;;;;45;19/06/2023;15:41:02;28.68;;;;45;19/06/2023;15:42:09;28.72;;;;
46;19/06/2023;15:40:04;28.63;;;;46;19/06/2023;15:42:02;28.67;;;;46;19/06/2023;15:43:09;28.72;;;;
47;19/06/2023;15:41:04;28.63;;;;47;19/06/2023;15:43:01;28.68;;;;47;19/06/2023;15:44:09;28.73;;;;
48;19/06/2023;15:42:04;28.64;;;;48;19/06/2023;15:44:01;28.66;;;;48;19/06/2023;15:45:08;28.73;;;;
49;19/06/2023;15:43:04;28.66;;;;49;19/06/2023;15:45:01;28.68;;;;49;19/06/2023;15:46:08;28.72;;;;
50;19/06/2023;15:44:04;28.65;;;;50;19/06/2023;15:46:01;28.69;;;;50;19/06/2023;15:47:08;28.73;;;;
51;19/06/2023;15:45:04;28.64;;;;51;19/06/2023;15:47:01;28.68;;;;51;19/06/2023;15:48:08;28.73;;;;
52;19/06/2023;15:46:04;28.64;;;;52;19/06/2023;15:48:01;28.67;;;;52;19/06/2023;15:49:08;28.75;;;;
53;19/06/2023;15:47:04;28.65;;;;53;19/06/2023;15:49:01;28.7;Synchronized;;;53;19/06/2023;15:50:08;28.74;;;;
54;19/06/2023;15:48:04;28.65;;;;54;19/06/2023;15:50:01;28.68;;;;54;19/06/2023;15:51:08;28.76;;;;
55;19/06/2023;15:49:04;28.66;;;;55;19/06/2023;15:51:00;28.68;;;;55;19/06/2023;15:52:08;28.73;;;;
56;19/06/2023;15:50:04;28.65;;;;56;19/06/2023;15:52:00;28.7;;;;56;19/06/2023;15:53:08;28.74;;;;
57;19/06/2023;15:51:04;28.65;;;;57;19/06/2023;15:53:00;28.69;;;;57;19/06/2023;15:54:07;28.75;;;;
58;19/06/2023;15:52:04;28.66;;;;58;19/06/2023;15:54:00;28.69;;;;58;19/06/2023;15:55:07;28.76;;;;
59;19/06/2023;15:53:04;28.65;;;;59;19/06/2023;15:55:00;28.71;;;;59;19/06/2023;15:56:07;28.77;;;;
60;19/06/2023;15:54:04;28.67;;;;60;19/06/2023;15:56:00;28.7;Synchronized;;;60;19/06/2023;15:57:07;28.77;;;;
61;19/06/2023;15:55:04;28.67;;;;61;19/06/2023;15:57:00;28.73;;;;61;19/06/2023;15:58:07;28.77;;;;
62;19/06/2023;15:56:04;28.68;;;;62;19/06/2023;15:58:00;28.68;;;;62;19/06/2023;15:59:07;28.77;;;;
63;19/06/2023;15:57:04;28.67;;;;63;19/06/2023;15:59:00;28.7;;;;63;19/06/2023;16:00:07;28.77;;;;
64;19/06/2023;15:58:04;28.67;;;;64;19/06/2023;15:59:59;28.73;;;;64;19/06/2023;16:01:07;28.78;;;;
65;19/06/2023;15:59:04;28.68;;;;65;19/06/2023;16:00:59;28.73;;;;65;19/06/2023;16:02:07;28.77;;;;
66;19/06/2023;16:00:04;28.68;;;;66;19/06/2023;16:01:59;28.73;;;;66;19/06/2023;16:03:06;28.77;;;;
67;19/06/2023;16:01:04;28.7;;;;67;19/06/2023;16:02:59;28.74;;;;67;19/06/2023;16:04:06;28.8;;;;
68;19/06/2023;16:02:04;28.68;;;;68;19/06/2023;16:03:59;28.74;;;;68;19/06/2023;16:05:06;28.78;;;;
69;19/06/2023;16:03:04;28.73;;;;69;19/06/2023;16:04:59;28.73;;;;69;19/06/2023;16:06:06;28.78;;;;
70;19/06/2023;16:04:04;28.7;;;;70;19/06/2023;16:05:59;28.74;;;;70;19/06/2023;16:07:06;28.8;;;;
71;19/06/2023;16:05:04;28.69;;;;71;19/06/2023;16:06:59;28.76;;;;71;19/06/2023;16:08:06;28.8;;;;
72;19/06/2023;16:06:04;28.71;;;;72;19/06/2023;16:07:59;28.73;;;;72;19/06/2023;16:09:06;28.78;;;;
73;19/06/2023;16:07:04;28.72;;;;73;19/06/2023;16:08:59;28.73;;;;73;19/06/2023;16:10:06;28.77;;;;
74;19/06/2023;16:08:03;28.71;;;;74;19/06/2023;16:09:59;28.74;;;;74;19/06/2023;16:11:06;28.78;;;;
75;19/06/2023;16:09:03;28.73;;;;75;19/06/2023;16:10:58;28.73;;;;75;19/06/2023;16:12:06;28.8;;;;
76;19/06/2023;16:10:03;28.71;;;;76;19/06/2023;16:11:58;28.73;;;;76;19/06/2023;16:13:05;28.78;;;;
77;19/06/2023;16:11:03;28.73;;;;77;19/06/2023;16:12:58;28.74;;;;77;19/06/2023;16:14:05;28.81;;;;
78;19/06/2023;16:12:03;28.73;Synchronized;;;78;19/06/2023;16:13:58;28.76;;;;78;19/06/2023;16:15:05;28.78;;;;
79;19/06/2023;16:13:03;28.73;;;;79;19/06/2023;16:14:58;28.74;;;;79;19/06/2023;16:16:05;28.83;;;;
80;19/06/2023;16:14:03;28.71;;;;80;19/06/2023;16:15:58;28.78;;;;80;19/06/2023;16:17:05;28.8;;;;
81;19/06/2023;16:15:03;28.73;;;;81;19/06/2023;16:16:58;28.75;;;;81;19/06/2023;16:18:05;28.8;;;;
82;19/06/2023;16:16:03;28.73;;;;82;19/06/2023;16:17:58;28.77;;;;82;19/06/2023;16:19:05;28.8;;;;
83;19/06/2023;16:17:03;28.75;;;;83;19/06/2023;16:18:57;28.77;;;;83;19/06/2023;16:20:05;28.81;;;;
84;19/06/2023;16:18:03;28.73;;;;84;19/06/2023;16:19:57;28.77;;;;84;19/06/2023;16:21:05;28.8;;;;
85;19/06/2023;16:19:03;28.75;;;;85;19/06/2023;16:20:57;28.79;;;;85;19/06/2023;16:22:04;28.81;;;;
86;19/06/2023;16:20:03;28.74;;;;86;19/06/2023;16:21:57;28.77;;;;86;19/06/2023;16:23:04;28.83;;;;
87;19/06/2023;16:21:03;28.74;;;;87;19/06/2023;16:22:57;28.78;;;;87;19/06/2023;16:24:04;28.84;;;;
88;19/06/2023;16:22:03;28.73;;;;88;19/06/2023;16:23:57;28.77;;;;88;19/06/2023;16:25:04;28.84;;;;
89;19/06/2023;16:23:03;28.77;;;;89;19/06/2023;16:24:57;28.79;;;;89;19/06/2023;16:26:04;28.84;;;;
90;19/06/2023;16:24:03;28.76;;;;90;19/06/2023;16:25:57;28.77;;;;90;19/06/2023;16:27:04;28.84;;;;
91;19/06/2023;16:25:03;28.77;;;;91;19/06/2023;16:26:57;28.77;;;;91;19/06/2023;16:28:04;28.85;;;;
92;19/06/2023;16:26:03;28.77;;;;92;19/06/2023;16:27:57;28.8;;;;92;19/06/2023;16:29:04;28.86;;;;
93;19/06/2023;16:27:03;28.76;;;;93;19/06/2023;16:28:57;28.79;;;;93;19/06/2023;16:30:04;28.84;;;;
94;19/06/2023;16:28:03;28.78;Synchronized;;;94;19/06/2023;16:29:57;28.81;;;;94;19/06/2023;16:31:03;28.86;;;;
95;19/06/2023;16:29:03;28.77;;;;95;19/06/2023;16:30:57;28.81;;;;95;19/06/2023;16:32:03;28.85;;;;
96;19/06/2023;16:30:03;28.79;;;;96;19/06/2023;16:31:57;28.81;Synchronized;;;96;19/06/2023;16:33:03;28.87;;;;
97;19/06/2023;16:31:03;28.79;;;;97;19/06/2023;16:32:56;28.8;;;;97;19/06/2023;16:34:03;28.88;Synchronized;;;
98;19/06/2023;16:32:03;28.81;;;;98;19/06/2023;16:33:56;28.84;;;;98;19/06/2023;16:35:03;28.89;;;;
99;19/06/2023;16:33:03;28.8;;;;99;19/06/2023;16:34:56;28.84;;;;99;19/06/2023;16:36:03;28.89;;;;
100;19/06/2023;16:34:03;28.8;;;;100;19/06/2023;16:35:56;28.86;;;;100;19/06/2023;16:37:03;28.9;;;;
101;19/06/2023;16:35:03;28.81;;;;101;19/06/2023;16:36:56;28.86;;;;101;19/06/2023;16:38:03;28.93;;;;
102;19/06/2023;16:36:03;28.82;;;;102;19/06/2023;16:37:56;28.87;;;;102;19/06/2023;16:39:02;28.9;;;;
103;19/06/2023;16:37:03;28.82;;;;103;19/06/2023;16:38:56;28.86;;;;103;19/06/2023;16:40:02;28.93;;;;
104;19/06/2023;16:38:03;28.84;;;;104;19/06/2023;16:39:56;28.88;;;;104;19/06/2023;16:41:02;28.94;;;;
105;19/06/2023;16:39:03;28.84;;;;105;19/06/2023;16:40:56;28.88;;;;105;19/06/2023;16:42:02;28.93;;;;
106;19/06/2023;16:40:03;28.84;;;;106;19/06/2023;16:41:55;28.88;;;;106;19/06/2023;16:43:02;28.94;;;;
107;19/06/2023;16:41:03;28.87;;;;107;19/06/2023;16:42:55;28.88;;;;107;19/06/2023;16:44:02;28.94;;;;
108;19/06/2023;16:42:03;28.85;;;;108;19/06/2023;16:43:55;28.89;;;;108;19/06/2023;16:45:02;28.95;;;;
109;19/06/2023;16:43:03;28.86;;;;109;19/06/2023;16:44:55;28.91;;;;109;19/06/2023;16:46:02;28.95;;;;
110;19/06/2023;16:44:03;28.87;;;;110;19/06/2023;16:45:55;28.92;;;;110;19/06/2023;16:47:01;28.98;;;;
111;19/06/2023;16:45:03;28.87;;;;111;19/06/2023;16:46:55;28.91;;;;111;19/06/2023;16:48:01;28.99;;;;
112;19/06/2023;16:46:03;28.88;;;;112;19/06/2023;16:47:55;28.93;;;;112;19/06/2023;16:49:01;28.98;;;;
113;19/06/2023;16:47:03;28.91;;;;113;19/06/2023;16:48:55;28.94;;;;113;19/06/2023;16:50:01;29.01;;;;
114;19/06/2023;16:48:03;28.9;;;;114;19/06/2023;16:49:55;28.93;;;;114;19/06/2023;16:51:01;29.01;;;;
115;19/06/2023;16:49:03;28.91;;;;115;19/06/2023;16:50:55;28.95;;;;115;19/06/2023;16:52:01;29.01;;;;
116;19/06/2023;16:50:02;28.91;;;;116;19/06/2023;16:51:55;28.97;;;;116;19/06/2023;16:53:01;29.03;;;;
117;19/06/2023;16:51:02;28.92;;;;117;19/06/2023;16:52:55;28.98;;;;117;19/06/2023;16:54:01;29.05;;;;
118;19/06/2023;16:52:02;28.93;;;;118;19/06/2023;16:53:55;29;;;;118;19/06/2023;16:55:00;29.06;;;;
119;19/06/2023;16:53:02;28.98;Synchronized;;;119;19/06/2023;16:54:56;29;;;;119;19/06/2023;16:56:00;29.09;;;;
120;19/06/2023;16:54:02;28.95;;;;120;19/06/2023;16:55:56;29.02;;;;120;19/06/2023;16:57:00;29.09;;;;
121;19/06/2023;16:55:02;28.99;;;;121;19/06/2023;16:56:56;29.03;;;;121;19/06/2023;16:58:00;29.13;;;;
122;19/06/2023;16:56:02;29.01;;;;122;19/06/2023;16:57:56;29.04;;;;122;19/06/2023;16:59:00;29.14;;;;
123;19/06/2023;16:57:02;29.01;;;;123;19/06/2023;16:58:56;29.05;;;;123;19/06/2023;17:00:00;29.2;;;;
124;19/06/2023;16:58:02;29.02;;;;124;19/06/2023;16:59:56;29.1;;;;124;19/06/2023;17:00:59;29.21;;;;
125;19/06/2023;16:59:02;29.09;;;;125;19/06/2023;17:00:56;29.12;;;;125;19/06/2023;17:01:59;29.22;;;;
126;19/06/2023;17:00:02;29.12;;;;126;19/06/2023;17:01:56;29.13;;;;126;19/06/2023;17:02:59;29.28;;;;
127;19/06/2023;17:01:02;29.14;;;;127;19/06/2023;17:02:56;29.16;;;;127;19/06/2023;17:03:59;29.28;;;;
128;19/06/2023;17:02:02;29.16;;;;128;19/06/2023;17:03:56;29.17;;;;128;19/06/2023;17:04:59;29.3;;;;
129;19/06/2023;17:03:02;29.16;;;;129;19/06/2023;17:04:56;29.18;;;;129;19/06/2023;17:05:59;29.3;;;;
130;19/06/2023;17:04:02;29.19;;;;130;19/06/2023;17:05:56;29.2;;;;130;19/06/2023;17:06:59;29.3;;;;
131;19/06/2023;17:05:02;29.2;;;;131;19/06/2023;17:06:56;29.18;;;;131;19/06/2023;17:07:58;29.3;;;;
132;19/06/2023;17:06:02;29.2;;;;132;19/06/2023;17:07:56;29.18;;;;132;19/06/2023;17:08:58;29.3;;;;
133;19/06/2023;17:07:02;29.22;;;;133;19/06/2023;17:08:56;29.2;;;;133;19/06/2023;17:09:58;29.26;;;;
134;19/06/2023;17:08:02;29.21;;;;134;19/06/2023;17:09:56;29.17;;;;134;19/06/2023;17:10:58;29.27;;;;
135;19/06/2023;17:09:02;29.2;;;;135;19/06/2023;17:10:56;29.17;;;;135;19/06/2023;17:11:58;29.25;;;;
136;19/06/2023;17:10:02;29.18;;;;136;19/06/2023;17:11:56;29.18;;;;136;19/06/2023;17:12:58;29.28;;;;
137;19/06/2023;17:11:01;29.18;;;;137;19/06/2023;17:12:56;29.2;;;;137;19/06/2023;17:13:57;29.28;;;;
138;19/06/2023;17:12:01;29.19;;;;138;19/06/2023;17:13:56;29.2;Synchronized;;;138;19/06/2023;17:14:57;29.32;;;;
139;19/06/2023;17:13:01;29.2;;;;139;19/06/2023;17:14:56;29.22;;;;139;19/06/2023;17:15:57;29.3;;;;
140;19/06/2023;17:14:01;29.2;;;;140;19/06/2023;17:15:56;29.23;;;;140;19/06/2023;17:16:57;29.32;;;;
141;19/06/2023;17:15:01;29.22;;;;141;19/06/2023;17:16:57;29.23;;;;141;19/06/2023;17:17:57;29.34;;;;
142;19/06/2023;17:16:01;29.22;;;;142;19/06/2023;17:17:56;29.23;;;;142;19/06/2023;17:18:57;29.33;;;;
143;19/06/2023;17:17:01;29.23;Synchronized;;;143;19/06/2023;17:18:56;29.24;;;;143;19/06/2023;17:19:56;29.33;;;;
144;19/06/2023;17:18:01;29.23;;;;144;19/06/2023;17:19:56;29.26;;;;144;19/06/2023;17:20:56;29.34;;;;
145;19/06/2023;17:19:01;29.23;;;;145;19/06/2023;17:20:57;29.25;;;;145;19/06/2023;17:21:56;29.34;;;;
146;19/06/2023;17:20:01;29.24;;;;146;19/06/2023;17:21:57;29.28;;;;146;19/06/2023;17:22:56;29.34;;;;
147;19/06/2023;17:21:01;29.26;;;;147;19/06/2023;17:22:56;29.27;;;;147;19/06/2023;17:23:56;29.34;;;;
148;19/06/2023;17:22:01;29.24;;;;148;19/06/2023;17:23:57;29.26;;;;148;19/06/2023;17:24:56;29.35;;;;
149;19/06/2023;17:23:01;29.26;;;;149;19/06/2023;17:24:57;29.27;;;;149;19/06/2023;17:25:55;29.34;;;;
150;19/06/2023;17:24:01;29.25;;;;150;19/06/2023;17:25:57;29.29;;;;150;19/06/2023;17:26:55;29.35;;;;
151;19/06/2023;17:25:01;29.25;;;;151;19/06/2023;17:26:57;29.3;;;;151;19/06/2023;17:27:55;29.35;;;;
152;19/06/2023;17:26:01;29.27;;;;152;19/06/2023;17:27:57;29.3;;;;152;19/06/2023;17:28:55;29.38;;;;
153;19/06/2023;17:27:01;29.29;;;;153;19/06/2023;17:28:57;29.29;;;;153;19/06/2023;17:29:55;29.38;;;;
154;19/06/2023;17:28:00;29.27;;;;154;19/06/2023;17:29:57;29.3;;;;154;19/06/2023;17:30:55;29.36;;;;
155;19/06/2023;17:29:00;29.3;;;;155;19/06/2023;17:30:57;29.3;;;;155;19/06/2023;17:31:54;29.38;;;;
156;19/06/2023;17:30:00;29.3;;;;156;19/06/2023;17:31:57;29.33;;;;156;19/06/2023;17:32:54;29.4;;;;
157;19/06/2023;17:31:00;29.3;;;;157;19/06/2023;17:32:57;29.33;;;;157;19/06/2023;17:33:54;29.42;;;;
158;19/06/2023;17:32:00;29.3;;;;158;19/06/2023;17:33:57;29.34;;;;158;19/06/2023;17:34:54;29.44;;;;
159;19/06/2023;17:33:00;29.34;;;;159;19/06/2023;17:34:57;29.34;;;;159;19/06/2023;17:35:54;29.41;;;;
160;19/06/2023;17:34:00;29.33;;;;160;19/06/2023;17:35:57;29.33;;;;160;19/06/2023;17:36:53;29.41;;;;
161;19/06/2023;17:35:00;29.34;;;;161;19/06/2023;17:36:57;29.35;;;;161;19/06/2023;17:37:53;29.42;;;;
162;19/06/2023;17:36:00;29.33;;;;162;19/06/2023;17:37:57;29.35;;;;162;19/06/2023;17:38:53;29.41;;;;
163;19/06/2023;17:37:00;29.33;;;;163;19/06/2023;17:38:57;29.34;;;;163;19/06/2023;17:39:53;29.42;;;;
164;19/06/2023;17:38:00;29.34;;;;164;19/06/2023;17:39:57;29.35;;;;164;19/06/2023;17:40:53;29.41;;;;
165;19/06/2023;17:39:00;29.33;;;;165;19/06/2023;17:40:57;29.35;;;;165;19/06/2023;17:41:52;29.43;;;;
166;19/06/2023;17:40:00;29.3;;;;166;19/06/2023;17:41:58;29.35;;;;166;19/06/2023;17:42:52;29.43;;;;
167;19/06/2023;17:41:00;29.31;;;;167;19/06/2023;17:42:58;29.36;;;;167;19/06/2023;17:43:52;29.43;;;;
168;19/06/2023;17:42:00;29.34;;;;168;19/06/2023;17:43:58;29.37;;;;168;19/06/2023;17:44:52;29.43;;;;
169;19/06/2023;17:42:59;29.33;;;;169;19/06/2023;17:44:58;29.37;;;;169;19/06/2023;17:45:52;29.42;;;;
170;19/06/2023;17:43:59;29.31;;;;170;19/06/2023;17:45:58;29.39;;;;170;19/06/2023;17:46:52;29.45;;;;
171;19/06/2023;17:44:59;29.35;;;;171;19/06/2023;17:46:58;29.38;;;;171;19/06/2023;17:47:51;29.44;;;;
172;19/06/2023;17:45:59;29.35;;;;172;19/06/2023;17:47:58;29.38;;;;172;19/06/2023;17:48:51;29.43;;;;
173;19/06/2023;17:46:59;29.35;;;;173;19/06/2023;17:48:58;29.4;;;;173;19/06/2023;17:49:51;29.45;;;;
174;19/06/2023;17:47:59;29.34;;;;174;19/06/2023;17:49:58;29.4;;;;174;19/06/2023;17:50:51;29.47;;;;
175;19/06/2023;17:48:59;29.38;;;;175;19/06/2023;17:50:58;29.39;;;;175;19/06/2023;17:51:51;29.46;;;;
176;19/06/2023;17:49:59;29.38;;;;176;19/06/2023;17:51:58;29.41;;;;176;19/06/2023;17:52:51;29.46;;;;
177;19/06/2023;17:50:59;29.38;;;;177;19/06/2023;17:52:58;29.41;;;;177;19/06/2023;17:53:50;29.48;;;;
178;19/06/2023;17:51:59;29.36;;;;178;19/06/2023;17:53:58;29.44;;;;178;19/06/2023;17:54:50;29.48;;;;
179;19/06/2023;17:52:59;29.38;;;;179;19/06/2023;17:54:58;29.41;;;;179;19/06/2023;17:55:50;29.48;;;;
180;19/06/2023;17:53:59;29.38;;;;180;19/06/2023;17:55:58;29.42;;;;180;19/06/2023;17:56:50;29.48;;;;
181;19/06/2023;17:54:58;29.36;;;;181;19/06/2023;17:56:58;29.44;;;;181;19/06/2023;17:57:50;29.52;;;;
182;19/06/2023;17:55:58;29.39;;;;182;19/06/2023;17:57:58;29.44;;;;182;19/06/2023;17:58:50;29.5;;;;
183;19/06/2023;17:56:58;29.38;;;;183;19/06/2023;17:58:58;29.45;;;;183;19/06/2023;17:59:49;29.5;;;;
184;19/06/2023;17:57:58;29.41;;;;184;19/06/2023;17:59:58;29.45;;;;184;19/06/2023;18:00:49;29.5;;;;
185;19/06/2023;17:58:58;29.38;;;;185;19/06/2023;18:00:58;29.45;;;;185;19/06/2023;18:01:49;29.52;;;;
186;19/06/2023;17:59:58;29.4;;;;186;19/06/2023;18:01:58;29.47;;;;186;19/06/2023;18:02:49;29.52;;;;
187;19/06/2023;18:00:58;29.41;;;;187;19/06/2023;18:02:59;29.46;;;;187;19/06/2023;18:03:49;29.52;;;;
188;19/06/2023;18:01:58;29.4;;;;188;19/06/2023;18:03:59;29.48;;;;188;19/06/2023;18:04:48;29.54;;;;
189;19/06/2023;18:02:58;29.41;;;;189;19/06/2023;18:04:59;29.45;;;;189;19/06/2023;18:05:48;29.52;;;;
190;19/06/2023;18:03:58;29.42;;;;190;19/06/2023;18:05:59;29.48;;;;190;19/06/2023;18:06:48;29.53;;;;
191;19/06/2023;18:04:58;29.41;;;;191;19/06/2023;18:06:59;29.48;;;;191;19/06/2023;18:07:48;29.55;;;;
192;19/06/2023;18:05:57;29.42;;;;192;19/06/2023;18:07:59;29.48;Synchronized;;;192;19/06/2023;18:08:48;29.55;;;;
193;19/06/2023;18:06:57;29.45;;;;193;19/06/2023;18:08:59;29.5;;;;193;19/06/2023;18:09:48;29.55;;;;
194;19/06/2023;18:07:57;29.45;;;;194;19/06/2023;18:09:59;29.5;;;;194;19/06/2023;18:10:47;29.57;;;;
195;19/06/2023;18:08:57;29.45;;;;195;19/06/2023;18:10:59;29.52;;;;195;19/06/2023;18:11:47;29.58;;;;
196;19/06/2023;18:09:57;29.47;;;;196;19/06/2023;18:11:59;29.52;;;;196;19/06/2023;18:12:47;29.57;;;;
197;19/06/2023;18:10:57;29.46;;;;197;19/06/2023;18:12:59;29.52;;;;197;19/06/2023;18:13:47;29.59;;;;
198;19/06/2023;18:11:57;29.46;;;;198;19/06/2023;18:13:59;29.55;;;;198;19/06/2023;18:14:47;29.59;;;;
199;19/06/2023;18:12:57;29.47;;;;199;19/06/2023;18:14:59;29.52;;;;199;19/06/2023;18:15:46;29.6;;;;
200;19/06/2023;18:13:57;29.48;;;;200;19/06/2023;18:15:59;29.54;;;;200;19/06/2023;18:16:46;29.59;;;;
201;19/06/2023;18:14:57;29.49;;;;201;19/06/2023;18:16:59;29.55;;;;201;19/06/2023;18:17:46;29.61;;;;
202;19/06/2023;18:15:57;29.49;;;;202;19/06/2023;18:17:59;29.57;;;;202;19/06/2023;18:18:46;29.63;;;;
203;19/06/2023;18:16:57;29.49;;;;203;19/06/2023;18:18:59;29.57;;;;203;19/06/2023;18:19:46;29.61;;;;
204;19/06/2023;18:17:57;29.52;;;;204;19/06/2023;18:19:59;29.57;;;;204;19/06/2023;18:20:45;29.62;;;;
205;19/06/2023;18:18:57;29.5;;;;205;19/06/2023;18:20:59;29.59;;;;205;19/06/2023;18:21:45;29.64;;;;
206;19/06/2023;18:19:56;29.52;;;;206;19/06/2023;18:21:59;29.59;;;;206;19/06/2023;18:22:45;29.62;;;;
207;19/06/2023;18:20:56;29.51;;;;207;19/06/2023;18:22:59;29.58;;;;207;19/06/2023;18:23:45;29.65;;;;
208;19/06/2023;18:21:56;29.52;;;;208;19/06/2023;18:23:59;29.57;;;;208;19/06/2023;18:24:45;29.64;;;;
209;19/06/2023;18:22:56;29.54;;;;209;19/06/2023;18:24:59;29.59;;;;209;19/06/2023;18:25:44;29.64;;;;
210;19/06/2023;18:23:56;29.53;;;;210;19/06/2023;18:25:59;29.57;;;;210;19/06/2023;18:26:44;29.66;;;;
211;19/06/2023;18:24:56;29.55;;;;211;19/06/2023;18:26:59;29.61;;;;211;19/06/2023;18:27:44;29.67;;;;
212;19/06/2023;18:25:56;29.54;;;;212;19/06/2023;18:27:59;29.6;;;;212;19/06/2023;18:28:44;29.66;;;;
213;19/06/2023;18:26:56;29.57;;;;213;19/06/2023;18:28:59;29.6;;;;213;19/06/2023;18:29:44;29.67;;;;
214;19/06/2023;18:27:56;29.55;;;;214;19/06/2023;18:29:59;29.63;;;;214;19/06/2023;18:30:44;29.7;;;;
215;19/06/2023;18:28:56;29.55;;;;215;19/06/2023;18:30:59;29.64;;;;215;19/06/2023;18:31:43;29.7;;;;
216;19/06/2023;18:29:56;29.57;;;;216;19/06/2023;18:31:59;29.63;;;;216;19/06/2023;18:32:43;29.7;;;;
217;19/06/2023;18:30:56;29.57;;;;217;19/06/2023;18:32:59;29.63;;;;217;19/06/2023;18:33:43;29.7;;;;
218;19/06/2023;18:31:56;29.58;;;;218;19/06/2023;18:33:59;29.64;;;;218;19/06/2023;18:34:43;29.73;;;;
219;19/06/2023;18:32:56;29.59;;;;219;19/06/2023;18:34:59;29.68;;;;219;19/06/2023;18:35:43;29.73;;;;
220;19/06/2023;18:33:56;29.6;;;;220;19/06/2023;18:35:59;29.68;;;;220;19/06/2023;18:36:42;29.74;;;;
221;19/06/2023;18:34:56;29.61;;;;221;19/06/2023;18:36:59;29.69;;;;221;19/06/2023;18:37:42;29.74;;;;
222;19/06/2023;18:35:56;29.63;;;;222;19/06/2023;18:38:00;29.69;;;;222;19/06/2023;18:38:42;29.74;;;;
223;19/06/2023;18:36:55;29.63;;;;223;19/06/2023;18:39:00;29.7;;;;223;19/06/2023;18:39:42;29.74;;;;
224;19/06/2023;18:37:56;29.63;;;;224;19/06/2023;18:40:00;29.71;;;;224;19/06/2023;18:40:41;29.77;;;;
225;19/06/2023;18:38:56;29.63;;;;225;19/06/2023;18:41:00;29.71;;;;225;19/06/2023;18:41:41;29.79;;;;
226;19/06/2023;18:39:56;29.65;;;;226;19/06/2023;18:42:00;29.74;;;;226;19/06/2023;18:42:41;29.8;;;;
227;19/06/2023;18:40:56;29.65;;;;227;19/06/2023;18:43:00;29.74;;;;227;19/06/2023;18:43:41;29.8;;;;
228;19/06/2023;18:41:56;29.66;;;;228;19/06/2023;18:44:00;29.74;;;;228;19/06/2023;18:44:41;29.8;;;;
229;19/06/2023;18:42:56;29.67;;;;229;19/06/2023;18:45:00;29.77;;;;229;19/06/2023;18:45:41;29.82;;;;
230;19/06/2023;18:43:56;29.7;;;;230;19/06/2023;18:46:00;29.78;;;;230;19/06/2023;18:46:41;29.82;;;;
231;19/06/2023;18:44:56;29.7;;;;231;19/06/2023;18:47:00;29.77;;;;231;19/06/2023;18:47:40;29.82;;;;
232;19/06/2023;18:45:56;29.7;;;;232;19/06/2023;18:48:00;29.77;;;;232;19/06/2023;18:48:40;29.84;;;;
233;19/06/2023;18:46:56;29.7;;;;233;19/06/2023;18:49:00;29.77;;;;233;19/06/2023;18:49:40;29.84;;;;
234;19/06/2023;18:47:56;29.73;;;;234;19/06/2023;18:50:00;29.78;;;;234;19/06/2023;18:50:40;29.84;;;;
235;19/06/2023;18:48:56;29.7;;;;235;19/06/2023;18:51:00;29.78;;;;235;19/06/2023;18:51:40;29.83;;;;
236;19/06/2023;18:49:56;29.71;;;;236;19/06/2023;18:52:00;29.8;;;;236;19/06/2023;18:52:40;29.85;;;;
237;19/06/2023;18:50:56;29.73;;;;237;19/06/2023;18:53:00;29.81;;;;237;19/06/2023;18:53:40;29.85;;;;
238;19/06/2023;18:51:56;29.72;;;;238;19/06/2023;18:54:00;29.81;;;;238;19/06/2023;18:54:40;29.87;;;;
239;19/06/2023;18:52:56;29.72;;;;239;19/06/2023;18:55:00;29.83;;;;239;19/06/2023;18:55:40;29.87;Synchronized;;;
240;19/06/2023;18:53:56;29.74;;;;240;19/06/2023;18:56:00;29.83;;;;240;19/06/2023;18:56:40;29.89;;;;
241;19/06/2023;18:54:57;29.74;;;;241;19/06/2023;18:57:00;29.82;;;;241;19/06/2023;18:57:39;29.88;;;;
242;19/06/2023;18:55:57;29.74;Synchronized;;;242;19/06/2023;18:58:00;29.82;;;;242;19/06/2023;18:58:39;29.89;;;;
243;19/06/2023;18:56:57;29.73;;;;243;19/06/2023;18:59:00;29.83;;;;243;19/06/2023;18:59:39;29.87;;;;
244;19/06/2023;18:57:57;29.74;;;;244;19/06/2023;19:00:00;29.83;;;;244;19/06/2023;19:00:39;29.89;;;;
245;19/06/2023;18:58:57;29.77;;;;245;19/06/2023;19:01:00;29.83;;;;245;19/06/2023;19:01:39;29.88;;;;
246;19/06/2023;18:59:57;29.75;;;;246;19/06/2023;19:02:00;29.82;;;;246;19/06/2023;19:02:39;29.9;;;;
247;19/06/2023;19:00:57;29.75;;;;247;19/06/2023;19:03:00;29.83;;;;247;19/06/2023;19:03:39;29.91;;;;
248;19/06/2023;19:01:57;29.73;;;;248;19/06/2023;19:04:00;29.82;;;;248;19/06/2023;19:04:39;29.88;;;;
249;19/06/2023;19:02:57;29.74;;;;249;19/06/2023;19:05:00;29.84;;;;249;19/06/2023;19:05:38;29.91;;;;
250;19/06/2023;19:03:57;29.77;;;;250;19/06/2023;19:06:00;29.86;;;;250;19/06/2023;19:06:38;29.92;;;;
251;19/06/2023;19:04:57;29.75;;;;251;19/06/2023;19:07:00;29.85;;;;251;19/06/2023;19:07:38;29.91;;;;
252;19/06/2023;19:05:57;29.77;;;;252;19/06/2023;19:08:00;29.84;;;;252;19/06/2023;19:08:38;29.94;;;;
253;19/06/2023;19:06:57;29.79;;;;253;19/06/2023;19:09:00;29.85;;;;253;19/06/2023;19:09:38;29.91;;;;
254;19/06/2023;19:07:57;29.78;;;;254;19/06/2023;19:10:00;29.88;;;;254;19/06/2023;19:10:38;29.95;;;;
255;19/06/2023;19:08:57;29.77;;;;255;19/06/2023;19:11:00;29.88;;;;255;19/06/2023;19:11:38;29.96;;;;
256;19/06/2023;19:09:57;29.78;;;;256;19/06/2023;19:12:00;29.88;;;;256;19/06/2023;19:12:38;29.93;;;;
257;19/06/2023;19:10:58;29.79;;;;257;19/06/2023;19:13:00;29.88;;;;257;19/06/2023;19:13:38;29.96;;;;
258;19/06/2023;19:11:58;29.79;;;;258;19/06/2023;19:14:00;29.88;;;;258;19/06/2023;19:14:37;29.95;;;;
259;19/06/2023;19:12:58;29.81;;;;259;19/06/2023;19:15:00;29.9;;;;259;19/06/2023;19:15:37;29.95;;;;
260;19/06/2023;19:13:58;29.83;;;;260;19/06/2023;19:16:00;29.9;;;;260;19/06/2023;19:16:37;29.96;;;;
261;19/06/2023;19:14:58;29.83;;;;261;19/06/2023;19:17:00;29.91;;;;261;19/06/2023;19:17:37;29.93;;;;
262;19/06/2023;19:15:58;29.84;;;;262;19/06/2023;19:18:00;29.9;;;;262;19/06/2023;19:18:37;29.97;;;;
263;19/06/2023;19:16:58;29.83;;;;263;19/06/2023;19:19:00;29.91;;;;263;19/06/2023;19:19:37;29.98;;;;
264;19/06/2023;19:17:58;29.85;;;;264;19/06/2023;19:20:00;29.92;;;;264;19/06/2023;19:20:37;30.01;;;;
265;19/06/2023;19:18:58;29.83;;;;265;19/06/2023;19:21:00;29.92;;;;265;19/06/2023;19:21:37;29.98;;;;
266;19/06/2023;19:19:58;29.84;;;;266;19/06/2023;19:22:00;29.88;;;;266;19/06/2023;19:22:37;29.96;;;;
267;19/06/2023;19:20:58;29.83;;;;267;19/06/2023;19:23:00;29.89;;;;267;19/06/2023;19:23:37;29.97;;;;
268;19/06/2023;19:21:58;29.84;;;;268;19/06/2023;19:24:00;29.91;;;;268;19/06/2023;19:24:37;29.97;;;;
269;19/06/2023;19:22:59;29.83;;;;269;19/06/2023;19:25:00;29.91;;;;269;19/06/2023;19:25:37;29.98;;;;
270;19/06/2023;19:23:59;29.82;;;;270;19/06/2023;19:26:00;29.9;;;;270;19/06/2023;19:26:36;29.97;;;;
271;19/06/2023;19:24:59;29.84;;;;271;19/06/2023;19:27:00;29.92;;;;271;19/06/2023;19:27:36;29.97;;;;
272;19/06/2023;19:25:59;29.84;;;;272;19/06/2023;19:28:00;29.91;;;;272;19/06/2023;19:28:36;29.97;;;;
273;19/06/2023;19:26:59;29.85;;;;273;19/06/2023;19:29:00;29.91;;;;273;19/06/2023;19:29:36;29.98;;;;
274;19/06/2023;19:27:59;29.84;;;;274;19/06/2023;19:30:00;29.88;;;;274;19/06/2023;19:30:36;30;;;;
275;19/06/2023;19:28:59;29.83;;;;275;19/06/2023;19:31:00;29.91;;;;275;19/06/2023;19:31:36;30.01;;;;
276;19/06/2023;19:29:59;29.84;;;;276;19/06/2023;19:32:00;29.9;;;;276;19/06/2023;19:32:36;29.98;;;;
277;19/06/2023;19:30:59;29.85;;;;277;19/06/2023;19:33:00;29.9;;;;277;19/06/2023;19:33:35;29.98;;;;
278;19/06/2023;19:31:59;29.83;;;;278;19/06/2023;19:34:00;29.93;;;;278;19/06/2023;19:34:35;29.98;;;;
279;19/06/2023;19:32:59;29.84;;;;279;19/06/2023;19:35:00;29.94;;;;279;19/06/2023;19:35:35;30;;;;
280;19/06/2023;19:33:59;29.84;;;;280;19/06/2023;19:36:00;29.93;;;;280;19/06/2023;19:36:35;30.02;;;;
281;19/06/2023;19:34:59;29.86;;;;281;19/06/2023;19:37:00;29.95;;;;281;19/06/2023;19:37:35;30;;;;
282;19/06/2023;19:36:00;29.86;Synchronized;;;282;19/06/2023;19:38:00;29.94;;;;282;19/06/2023;19:38:35;30.01;;;;
283;19/06/2023;19:37:00;29.85;;;;283;19/06/2023;19:39:00;29.93;;;;283;19/06/2023;19:39:35;30;;;;
284;19/06/2023;19:37:59;29.86;;;;284;19/06/2023;19:40:00;29.93;;;;284;19/06/2023;19:40:35;30.01;;;;
285;19/06/2023;19:39:00;29.87;;;;285;19/06/2023;19:41:00;29.93;;;;285;19/06/2023;19:41:35;29.98;;;;
286;19/06/2023;19:40:00;29.85;;;;286;19/06/2023;19:42:00;29.89;;;;286;19/06/2023;19:42:35;30.01;;;;
287;19/06/2023;19:41:00;29.86;;;;287;19/06/2023;19:43:00;29.9;;;;287;19/06/2023;19:43:35;29.98;;;;
288;19/06/2023;19:42:00;29.85;;;;288;19/06/2023;19:44:00;29.9;;;;288;19/06/2023;19:44:34;29.97;;;;
289;19/06/2023;19:43:00;29.86;;;;289;19/06/2023;19:45:00;29.92;Synchronized;;;289;19/06/2023;19:45:34;29.98;;;;
290;19/06/2023;19:44:00;29.85;;;;290;19/06/2023;19:46:00;29.91;;;;290;19/06/2023;19:46:34;29.98;;;;
291;19/06/2023;19:45:00;29.85;;;;291;19/06/2023;19:47:00;29.92;;;;291;19/06/2023;19:47:34;29.97;;;;
292;19/06/2023;19:46:00;29.84;;;;292;19/06/2023;19:48:00;29.93;;;;292;19/06/2023;19:48:34;29.97;;;;
293;19/06/2023;19:47:00;29.85;;;;293;19/06/2023;19:49:00;29.92;;;;293;19/06/2023;19:49:33;29.98;;;;
294;19/06/2023;19:48:00;29.85;;;;294;19/06/2023;19:50:00;29.89;;;;294;19/06/2023;19:50:33;29.97;;;;
295;19/06/2023;19:49:00;29.84;;;;295;19/06/2023;19:51:00;29.91;;;;295;19/06/2023;19:51:33;29.96;;;;
296;19/06/2023;19:50:00;29.83;;;;296;19/06/2023;19:52:00;29.9;;;;296;19/06/2023;19:52:33;29.97;;;;
297;19/06/2023;19:51:00;29.84;;;;297;19/06/2023;19:53:00;29.89;;;;297;19/06/2023;19:53:33;29.96;;;;
298;19/06/2023;19:52:00;29.83;;;;298;19/06/2023;19:54:00;29.9;;;;298;19/06/2023;19:54:33;29.96;;;;
299;19/06/2023;19:53:00;29.83;;;;299;19/06/2023;19:55:00;29.88;;;;299;19/06/2023;19:55:33;29.95;;;;
300;19/06/2023;19:54:01;29.81;;;;300;19/06/2023;19:56:00;29.88;;;;300;19/06/2023;19:56:33;29.95;;;;
301;19/06/2023;19:55:01;29.8;;;;301;19/06/2023;19:57:00;29.88;;;;301;19/06/2023;19:57:33;29.96;;;;
302;19/06/2023;19:56:01;29.79;;;;302;19/06/2023;19:58:00;29.88;;;;302;19/06/2023;19:58:33;29.95;;;;
303;19/06/2023;19:57:01;29.81;;;;303;19/06/2023;19:59:00;29.87;;;;303;19/06/2023;19:59:33;29.94;;;;
304;19/06/2023;19:58:01;29.78;;;;304;19/06/2023;20:00:00;29.86;;;;304;19/06/2023;20:00:32;29.95;;;;
305;19/06/2023;19:59:01;29.79;;;;305;19/06/2023;20:01:00;29.86;;;;305;19/06/2023;20:01:32;29.92;;;;
306;19/06/2023;20:00:01;29.77;;;;306;19/06/2023;20:02:00;29.85;;;;306;19/06/2023;20:02:32;29.93;;;;
307;19/06/2023;20:01:01;29.77;;;;307;19/06/2023;20:03:00;29.86;;;;307;19/06/2023;20:03:32;29.91;;;;
308;19/06/2023;20:02:01;29.78;;;;308;19/06/2023;20:04:00;29.86;;;;308;19/06/2023;20:04:32;29.91;;;;
309;19/06/2023;20:03:01;29.77;;;;309;19/06/2023;20:05:00;29.84;;;;309;19/06/2023;20:05:32;29.91;;;;
310;19/06/2023;20:04:01;29.77;Synchronized;;;310;19/06/2023;20:06:00;29.84;;;;310;19/06/2023;20:06:32;29.91;;;;
311;19/06/2023;20:05:01;29.76;;;;311;19/06/2023;20:07:00;29.84;;;;311;19/06/2023;20:07:32;29.91;;;;
312;19/06/2023;20:06:01;29.74;;;;312;19/06/2023;20:08:00;29.84;;;;312;19/06/2023;20:08:32;29.88;;;;
313;19/06/2023;20:07:01;29.74;;;;313;19/06/2023;20:09:00;29.84;;;;313;19/06/2023;20:09:32;29.88;;;;
314;19/06/2023;20:08:01;29.73;;;;314;19/06/2023;20:10:00;29.83;;;;314;19/06/2023;20:10:31;29.88;;;;
315;19/06/2023;20:09:01;29.74;;;;315;19/06/2023;20:11:00;29.82;;;;315;19/06/2023;20:11:31;29.87;;;;
316;19/06/2023;20:10:02;29.74;;;;316;19/06/2023;20:12:00;29.8;;;;316;19/06/2023;20:12:31;29.89;;;;
317;19/06/2023;20:11:01;29.73;;;;317;19/06/2023;20:13:00;29.82;;;;317;19/06/2023;20:13:31;29.86;;;;
318;19/06/2023;20:12:01;29.73;;;;318;19/06/2023;20:14:00;29.81;;;;318;19/06/2023;20:14:31;29.86;;;;
319;19/06/2023;20:13:02;29.72;;;;319;19/06/2023;20:15:00;29.78;;;;319;19/06/2023;20:15:30;29.86;;;;
320;19/06/2023;20:14:02;29.73;;;;320;19/06/2023;20:16:00;29.8;;;;320;19/06/2023;20:16:30;29.86;;;;
321;19/06/2023;20:15:02;29.73;;;;321;19/06/2023;20:17:00;29.8;;;;321;19/06/2023;20:17:30;29.85;;;;
322;19/06/2023;20:16:02;29.71;;;;322;19/06/2023;20:18:00;29.78;;;;322;19/06/2023;20:18:30;29.86;;;;
323;19/06/2023;20:17:02;29.7;;;;323;19/06/2023;20:19:00;29.77;;;;323;19/06/2023;20:19:29;29.84;;;;
324;19/06/2023;20:18:02;29.71;;;;324;19/06/2023;20:20:00;29.77;;;;324;19/06/2023;20:20:29;29.83;;;;
325;19/06/2023;20:19:02;29.7;;;;325;19/06/2023;20:21:00;29.76;;;;325;19/06/2023;20:21:29;29.83;;;;
326;19/06/2023;20:20:02;29.68;;;;326;19/06/2023;20:22:00;29.76;;;;326;19/06/2023;20:22:29;29.85;;;;
327;19/06/2023;20:21:02;29.7;;;;327;19/06/2023;20:23:00;29.76;;;;327;19/06/2023;20:23:29;29.83;;;;
328;19/06/2023;20:22:02;29.68;;;;328;19/06/2023;20:24:00;29.75;;;;328;19/06/2023;20:24:28;29.82;;;;
329;19/06/2023;20:23:02;29.67;;;;329;19/06/2023;20:25:00;29.74;;;;329;19/06/2023;20:25:28;29.83;;;;
330;19/06/2023;20:24:02;29.68;;;;330;19/06/2023;20:26:00;29.75;;;;330;19/06/2023;20:26:28;29.81;;;;
331;19/06/2023;20:25:02;29.67;;;;331;19/06/2023;20:27:00;29.73;;;;331;19/06/2023;20:27:28;29.82;;;;
332;19/06/2023;20:26:02;29.7;;;;332;19/06/2023;20:28:00;29.74;;;;332;19/06/2023;20:28:28;29.83;;;;
333;19/06/2023;20:27:02;29.68;;;;333;19/06/2023;20:29:00;29.73;;;;333;19/06/2023;20:29:27;29.8;;;;
334;19/06/2023;20:28:02;29.68;;;;334;19/06/2023;20:30:00;29.73;;;;334;19/06/2023;20:30:27;29.8;;;;
335;19/06/2023;20:29:02;29.66;;;;335;19/06/2023;20:31:00;29.73;;;;335;19/06/2023;20:31:27;29.8;;;;
336;19/06/2023;20:30:02;29.66;;;;336;19/06/2023;20:32:00;29.73;;;;336;19/06/2023;20:32:27;29.79;;;;
337;19/06/2023;20:31:02;29.67;;;;337;19/06/2023;20:33:00;29.73;;;;337;19/06/2023;20:33:27;29.8;;;;
338;19/06/2023;20:32:02;29.65;;;;338;19/06/2023;20:34:00;29.73;;;;338;19/06/2023;20:34:26;29.78;;;;
339;19/06/2023;20:33:02;29.64;;;;339;19/06/2023;20:35:00;29.73;;;;339;19/06/2023;20:35:26;29.77;;;;
340;19/06/2023;20:34:02;29.65;;;;340;19/06/2023;20:36:01;29.7;;;;340;19/06/2023;20:36:26;29.78;;;;
341;19/06/2023;20:35:02;29.65;;;;341;19/06/2023;20:37:01;29.7;;;;341;19/06/2023;20:37:26;29.77;;;;
342;19/06/2023;20:36:02;29.65;;;;342;19/06/2023;20:38:01;29.7;;;;342;19/06/2023;20:38:25;29.79;;;;
343;19/06/2023;20:37:02;29.63;;;;343;19/06/2023;20:39:01;29.7;;;;343;19/06/2023;20:39:25;29.77;;;;
344;19/06/2023;20:38:02;29.64;;;;344;19/06/2023;20:40:01;29.7;;;;344;19/06/2023;20:40:25;29.77;;;;
345;19/06/2023;20:39:02;29.63;;;;345;19/06/2023;20:41:01;29.71;;;;345;19/06/2023;20:41:25;29.76;;;;
346;19/06/2023;20:40:02;29.64;;;;346;19/06/2023;20:42:01;29.69;;;;346;19/06/2023;20:42:25;29.78;;;;
347;19/06/2023;20:41:02;29.63;;;;347;19/06/2023;20:43:01;29.69;;;;347;19/06/2023;20:43:24;29.76;;;;
348;19/06/2023;20:42:02;29.62;;;;348;19/06/2023;20:44:01;29.69;;;;348;19/06/2023;20:44:24;29.72;;;;
349;19/06/2023;20:43:02;29.62;;;;349;19/06/2023;20:45:01;29.68;;;;349;19/06/2023;20:45:24;29.76;;;;
350;19/06/2023;20:44:02;29.6;;;;350;19/06/2023;20:46:01;29.66;;;;350;19/06/2023;20:46:24;29.73;;;;
351;19/06/2023;20:45:02;29.61;;;;351;19/06/2023;20:47:01;29.68;;;;351;19/06/2023;20:47:24;29.72;;;;
352;19/06/2023;20:46:02;29.59;;;;352;19/06/2023;20:48:01;29.66;;;;352;19/06/2023;20:48:24;29.72;Synchronized;;;
353;19/06/2023;20:47:02;29.6;;;;353;19/06/2023;20:49:01;29.69;;;;353;19/06/2023;20:49:23;29.72;;;;
354;19/06/2023;20:48:02;29.61;;;;354;19/06/2023;20:50:01;29.66;;;;354;19/06/2023;20:50:23;29.72;;;;
355;19/06/2023;20:49:02;29.6;;;;355;19/06/2023;20:51:01;29.66;;;;355;19/06/2023;20:51:23;29.7;;;;
356;19/06/2023;20:50:02;29.57;;;;356;19/06/2023;20:52:01;29.65;;;;356;19/06/2023;20:52:23;29.68;;;;
357;19/06/2023;20:51:02;29.59;;;;357;19/06/2023;20:53:01;29.63;;;;357;19/06/2023;20:53:23;29.69;;;;
358;19/06/2023;20:52:02;29.58;;;;358;19/06/2023;20:54:01;29.63;;;;358;19/06/2023;20:54:22;29.7;;;;
359;19/06/2023;20:53:02;29.59;;;;359;19/06/2023;20:55:01;29.63;;;;359;19/06/2023;20:55:22;29.67;;;;
360;19/06/2023;20:54:02;29.55;;;;360;19/06/2023;20:56:01;29.61;;;;360;19/06/2023;20:56:22;29.68;;;;
361;19/06/2023;20:55:01;29.57;;;;361;19/06/2023;20:57:01;29.63;;;;361;19/06/2023;20:57:22;29.66;;;;
362;19/06/2023;20:56:02;29.55;;;;362;19/06/2023;20:58:01;29.61;;;;362;19/06/2023;20:58:22;29.68;;;;
363;19/06/2023;20:57:01;29.55;;;;363;19/06/2023;20:59:01;29.6;;;;363;19/06/2023;20:59:21;29.66;;;;
364;19/06/2023;20:58:02;29.55;;;;364;19/06/2023;21:00:01;29.61;;;;364;19/06/2023;21:00:21;29.68;;;;
365;19/06/2023;20:59:01;29.55;;;;365;19/06/2023;21:01:01;29.61;;;;365;19/06/2023;21:01:21;29.66;;;;
366;19/06/2023;21:00:01;29.54;;;;366;19/06/2023;21:02:01;29.61;;;;366;19/06/2023;21:02:21;29.66;;;;
367;19/06/2023;21:01:01;29.55;;;;367;19/06/2023;21:03:01;29.59;;;;367;19/06/2023;21:03:21;29.65;;;;
368;19/06/2023;21:02:01;29.54;;;;368;19/06/2023;21:04:01;29.59;;;;368;19/06/2023;21:04:20;29.62;;;;
369;19/06/2023;21:03:01;29.53;Synchronized;;;369;19/06/2023;21:05:01;29.58;;;;369;19/06/2023;21:05:20;29.64;;;;
370;19/06/2023;21:04:01;29.52;;;;370;19/06/2023;21:06:01;29.59;;;;370;19/06/2023;21:06:20;29.64;;;;
371;19/06/2023;21:05:01;29.53;Synchronized;;;371;19/06/2023;21:07:01;29.59;;;;371;19/06/2023;21:07:20;29.64;;;;
372;19/06/2023;21:06:01;29.5;;;;372;19/06/2023;21:08:01;29.59;;;;372;19/06/2023;21:08:20;29.62;;;;
373;19/06/2023;21:07:01;29.51;;;;373;19/06/2023;21:09:01;29.56;;;;373;19/06/2023;21:09:19;29.62;;;;
374;19/06/2023;21:08:01;29.52;;;;374;19/06/2023;21:10:01;29.58;;;;374;19/06/2023;21:10:19;29.61;;;;
375;19/06/2023;21:09:01;29.52;;;;375;19/06/2023;21:11:01;29.57;;;;375;19/06/2023;21:11:19;29.59;;;;
376;19/06/2023;21:10:01;29.51;;;;376;19/06/2023;21:12:01;29.55;;;;376;19/06/2023;21:12:19;29.6;;;;
377;19/06/2023;21:11:01;29.5;;;;377;19/06/2023;21:13:01;29.54;;;;377;19/06/2023;21:13:19;29.6;;;;
378;19/06/2023;21:12:01;29.49;;;;378;19/06/2023;21:14:01;29.55;;;;378;19/06/2023;21:14:18;29.58;;;;
379;19/06/2023;21:13:00;29.48;;;;379;19/06/2023;21:15:01;29.53;;;;379;19/06/2023;21:15:18;29.59;;;;
380;19/06/2023;21:14:00;29.48;;;;380;19/06/2023;21:16:01;29.52;;;;380;19/06/2023;21:16:18;29.6;;;;
381;19/06/2023;21:15:00;29.47;;;;381;19/06/2023;21:17:01;29.54;;;;381;19/06/2023;21:17:18;29.58;;;;
382;19/06/2023;21:16:00;29.48;;;;382;19/06/2023;21:18:01;29.51;;;;382;19/06/2023;21:18:18;29.58;;;;
383;19/06/2023;21:17:00;29.48;;;;383;19/06/2023;21:19:01;29.52;;;;383;19/06/2023;21:19:17;29.58;;;;
384;19/06/2023;21:18:00;29.48;;;;384;19/06/2023;21:20:01;29.52;;;;384;19/06/2023;21:20:17;29.57;;;;
385;19/06/2023;21:19:00;29.48;;;;385;19/06/2023;21:21:01;29.52;;;;385;19/06/2023;21:21:17;29.57;;;;
386;19/06/2023;21:20:00;29.47;;;;386;19/06/2023;21:22:01;29.51;;;;386;19/06/2023;21:22:17;29.55;;;;
387;19/06/2023;21:21:00;29.47;;;;387;19/06/2023;21:23:01;29.48;;;;387;19/06/2023;21:23:17;29.54;;;;
388;19/06/2023;21:22:00;29.46;;;;388;19/06/2023;21:24:01;29.5;;;;388;19/06/2023;21:24:17;29.55;Synchronized;;;
389;19/06/2023;21:23:00;29.47;;;;389;19/06/2023;21:25:01;29.49;;;;389;19/06/2023;21:25:16;29.53;;;;
390;19/06/2023;21:23:59;29.43;;;;390;19/06/2023;21:26:01;29.51;;;;390;19/06/2023;21:26:16;29.53;;;;
391;19/06/2023;21:24:59;29.45;;;;391;19/06/2023;21:27:01;29.49;;;;391;19/06/2023;21:27:16;29.55;;;;
392;19/06/2023;21:25:59;29.45;;;;392;19/06/2023;21:28:01;29.52;;;;392;19/06/2023;21:28:16;29.54;;;;
393;19/06/2023;21:26:59;29.41;;;;393;19/06/2023;21:29:01;29.48;;;;393;19/06/2023;21:29:16;29.55;;;;
394;19/06/2023;21:27:59;29.42;;;;394;19/06/2023;21:30:01;29.47;;;;394;19/06/2023;21:30:16;29.52;Synchronized;;;
395;19/06/2023;21:28:59;29.41;;;;395;19/06/2023;21:31:01;29.47;;;;395;19/06/2023;21:31:15;29.52;;;;
396;19/06/2023;21:29:59;29.45;;;;396;19/06/2023;21:32:01;29.48;;;;396;19/06/2023;21:32:15;29.52;;;;
397;19/06/2023;21:30:59;29.41;;;;397;19/06/2023;21:33:01;29.47;;;;397;19/06/2023;21:33:15;29.53;;;;
398;19/06/2023;21:31:59;29.45;;;;398;19/06/2023;21:34:01;29.47;;;;398;19/06/2023;21:34:15;29.52;;;;
399;19/06/2023;21:32:59;29.39;;;;399;19/06/2023;21:35:01;29.45;;;;399;19/06/2023;21:35:14;29.49;;;;
400;19/06/2023;21:33:59;29.41;;;;400;19/06/2023;21:36:01;29.45;;;;400;19/06/2023;21:36:14;29.52;;;;
401;19/06/2023;21:34:58;29.41;;;;401;19/06/2023;21:37:01;29.45;;;;401;19/06/2023;21:37:14;29.5;;;;
402;19/06/2023;21:35:58;29.41;;;;402;19/06/2023;21:38:01;29.42;;;;402;19/06/2023;21:38:14;29.49;;;;
403;19/06/2023;21:36:58;29.41;;;;403;19/06/2023;21:39:01;29.45;;;;403;19/06/2023;21:39:14;29.49;;;;
404;19/06/2023;21:37:58;29.39;;;;404;19/06/2023;21:40:01;29.45;;;;404;19/06/2023;21:40:14;29.48;;;;
405;19/06/2023;21:38:58;29.38;;;;405;19/06/2023;21:41:01;29.44;;;;405;19/06/2023;21:41:13;29.49;;;;
406;19/06/2023;21:39:58;29.38;;;;406;19/06/2023;21:42:01;29.44;;;;406;19/06/2023;21:42:13;29.47;;;;
407;19/06/2023;21:40:58;29.39;;;;407;19/06/2023;21:43:01;29.45;;;;407;19/06/2023;21:43:13;29.45;;;;
408;19/06/2023;21:41:58;29.38;;;;408;19/06/2023;21:44:01;29.44;;;;408;19/06/2023;21:44:13;29.47;;;;
409;19/06/2023;21:42:58;29.38;;;;409;19/06/2023;21:45:01;29.41;;;;409;19/06/2023;21:45:13;29.47;;;;
410;19/06/2023;21:43:58;29.38;;;;410;19/06/2023;21:46:01;29.41;;;;410;19/06/2023;21:46:13;29.47;;;;
411;19/06/2023;21:44:58;29.36;;;;411;19/06/2023;21:47:01;29.41;;;;411;19/06/2023;21:47:12;29.48;;;;
412;19/06/2023;21:45:58;29.36;;;;412;19/06/2023;21:48:01;29.4;;;;412;19/06/2023;21:48:12;29.46;;;;
413;19/06/2023;21:46:57;29.36;;;;413;19/06/2023;21:49:01;29.4;;;;413;19/06/2023;21:49:12;29.45;;;;
414;19/06/2023;21:47:57;29.35;;;;414;19/06/2023;21:50:01;29.41;;;;414;19/06/2023;21:50:12;29.43;;;;
415;19/06/2023;21:48:57;29.37;;;;415;19/06/2023;21:51:01;29.41;;;;415;19/06/2023;21:51:12;29.45;;;;
416;19/06/2023;21:49:57;29.34;;;;416;19/06/2023;21:52:01;29.39;;;;416;19/06/2023;21:52:11;29.45;;;;
417;19/06/2023;21:50:57;29.35;;;;417;19/06/2023;21:53:01;29.39;;;;417;19/06/2023;21:53:11;29.43;;;;
418;19/06/2023;21:51:57;29.34;;;;418;19/06/2023;21:54:01;29.38;;;;418;19/06/2023;21:54:11;29.45;;;;
419;19/06/2023;21:52:57;29.36;;;;419;19/06/2023;21:55:01;29.38;;;;419;19/06/2023;21:55:11;29.43;;;;
420;19/06/2023;21:53:57;29.36;;;;420;19/06/2023;21:56:01;29.37;;;;420;19/06/2023;21:56:11;29.42;;;;
421;19/06/2023;21:54:57;29.34;;;;421;19/06/2023;21:57:01;29.38;;;;421;19/06/2023;21:57:11;29.43;;;;
422;19/06/2023;21:55:57;29.31;;;;422;19/06/2023;21:58:01;29.38;;;;422;19/06/2023;21:58:10;29.44;;;;
423;19/06/2023;21:56:57;29.34;;;;423;19/06/2023;21:59:02;29.38;;;;423;19/06/2023;21:59:10;29.41;;;;
424;19/06/2023;21:57:57;29.31;;;;424;19/06/2023;22:00:02;29.38;;;;424;19/06/2023;22:00:10;29.41;;;;
425;19/06/2023;21:58:56;29.3;;;;425;19/06/2023;22:01:02;29.36;;;;425;19/06/2023;22:01:10;29.41;;;;
426;19/06/2023;21:59:56;29.31;;;;426;19/06/2023;22:02:02;29.37;;;;426;19/06/2023;22:02:10;29.41;;;;
427;19/06/2023;22:00:56;29.33;;;;427;19/06/2023;22:03:02;29.36;;;;427;19/06/2023;22:03:10;29.41;;;;
428;19/06/2023;22:01:56;29.3;;;;428;19/06/2023;22:04:02;29.37;;;;428;19/06/2023;22:04:09;29.41;;;;
429;19/06/2023;22:02:56;29.3;;;;429;19/06/2023;22:05:02;29.36;;;;429;19/06/2023;22:05:09;29.41;;;;
430;19/06/2023;22:03:56;29.31;;;;430;19/06/2023;22:06:02;29.35;;;;430;19/06/2023;22:06:09;29.38;;;;
431;19/06/2023;22:04:56;29.3;;;;431;19/06/2023;22:07:02;29.35;;;;431;19/06/2023;22:07:09;29.4;;;;
432;19/06/2023;22:05:56;29.29;;;;432;19/06/2023;22:08:02;29.34;;;;432;19/06/2023;22:08:09;29.38;;;;
433;19/06/2023;22:06:56;29.28;;;;433;19/06/2023;22:09:02;29.34;;;;433;19/06/2023;22:09:09;29.37;;;;
434;19/06/2023;22:07:56;29.28;;;;434;19/06/2023;22:10:02;29.33;;;;434;19/06/2023;22:10:08;29.38;;;;
435;19/06/2023;22:08:56;29.3;;;;435;19/06/2023;22:11:02;29.33;Synchronized;;;435;19/06/2023;22:11:08;29.38;;;;
436;19/06/2023;22:09:56;29.27;;;;436;19/06/2023;22:12:02;29.33;;;;436;19/06/2023;22:12:08;29.36;;;;
437;19/06/2023;22:10:56;29.29;;;;437;19/06/2023;22:13:02;29.32;;;;437;19/06/2023;22:13:08;29.38;;;;
438;19/06/2023;22:11:56;29.27;;;;438;19/06/2023;22:14:02;29.32;;;;438;19/06/2023;22:14:08;29.37;;;;
439;19/06/2023;22:12:55;29.27;;;;439;19/06/2023;22:15:02;29.32;;;;439;19/06/2023;22:15:07;29.34;;;;
440;19/06/2023;22:13:55;29.29;;;;440;19/06/2023;22:16:02;29.3;;;;440;19/06/2023;22:16:07;29.35;;;;
441;19/06/2023;22:14:55;29.27;;;;441;19/06/2023;22:17:02;29.29;;;;441;19/06/2023;22:17:07;29.37;;;;
442;19/06/2023;22:15:55;29.27;;;;442;19/06/2023;22:18:02;29.29;;;;442;19/06/2023;22:18:07;29.33;;;;
443;19/06/2023;22:16:55;29.26;;;;443;19/06/2023;22:19:02;29.32;;;;443;19/06/2023;22:19:07;29.34;;;;
444;19/06/2023;22:17:55;29.27;;;;444;19/06/2023;22:20:02;29.29;;;;444;19/06/2023;22:20:07;29.34;;;;
445;19/06/2023;22:18:55;29.27;;;;445;19/06/2023;22:21:02;29.29;;;;445;19/06/2023;22:21:06;29.33;;;;
446;19/06/2023;22:19:55;29.25;;;;446;19/06/2023;22:22:02;29.29;;;;446;19/06/2023;22:22:06;29.33;;;;
447;19/06/2023;22:20:55;29.25;;;;447;19/06/2023;22:23:02;29.27;;;;447;19/06/2023;22:23:06;29.33;;;;
448;19/06/2023;22:21:55;29.25;;;;448;19/06/2023;22:24:02;29.28;;;;448;19/06/2023;22:24:06;29.33;;;;
449;19/06/2023;22:22:55;29.24;;;;449;19/06/2023;22:25:02;29.28;;;;449;19/06/2023;22:25:06;29.31;;;;
450;19/06/2023;22:23:55;29.26;;;;450;19/06/2023;22:26:02;29.27;;;;450;19/06/2023;22:26:06;29.31;;;;
451;19/06/2023;22:24:55;29.23;;;;451;19/06/2023;22:27:02;29.27;;;;451;19/06/2023;22:27:05;29.33;;;;
452;19/06/2023;22:25:54;29.24;;;;452;19/06/2023;22:28:02;29.25;;;;452;19/06/2023;22:28:05;29.32;;;;
453;19/06/2023;22:26:54;29.23;;;;453;19/06/2023;22:29:02;29.26;;;;453;19/06/2023;22:29:05;29.31;;;;
454;19/06/2023;22:27:54;29.24;;;;454;19/06/2023;22:30:02;29.27;;;;454;19/06/2023;22:30:05;29.32;;;;
455;19/06/2023;22:28:54;29.23;;;;455;19/06/2023;22:31:03;29.24;;;;455;19/06/2023;22:31:05;29.3;;;;
456;19/06/2023;22:29:54;29.24;;;;456;19/06/2023;22:32:03;29.27;;;;456;19/06/2023;22:32:05;29.31;;;;
457;19/06/2023;22:30:54;29.22;;;;457;19/06/2023;22:33:03;29.25;;;;457;19/06/2023;22:33:04;29.31;;;;
458;19/06/2023;22:31:54;29.22;;;;458;19/06/2023;22:34:03;29.25;;;;458;19/06/2023;22:34:04;29.31;;;;
459;19/06/2023;22:32:54;29.23;;;;459;19/06/2023;22:35:03;29.25;;;;459;19/06/2023;22:35:04;29.29;;;;
460;19/06/2023;22:33:54;29.22;;;;460;19/06/2023;22:36:03;29.25;;;;460;19/06/2023;22:36:04;29.28;;;;
461;19/06/2023;22:34:54;29.23;Synchronized;;;461;19/06/2023;22:37:03;29.25;;;;461;19/06/2023;22:37:04;29.3;;;;
462;19/06/2023;22:35:54;29.22;;;;462;19/06/2023;22:38:03;29.24;;;;462;19/06/2023;22:38:04;29.27;;;;
463;19/06/2023;22:36:54;29.21;;;;463;19/06/2023;22:39:03;29.23;;;;463;19/06/2023;22:39:03;29.28;;;;
464;19/06/2023;22:37:54;29.23;;;;464;19/06/2023;22:40:03;29.23;;;;464;19/06/2023;22:40:03;29.28;;;;
465;19/06/2023;22:38:54;29.19;;;;465;19/06/2023;22:41:03;29.23;;;;465;19/06/2023;22:41:03;29.28;;;;
466;19/06/2023;22:39:53;29.2;;;;466;19/06/2023;22:42:03;29.23;;;;466;19/06/2023;22:42:03;29.24;;;;
467;19/06/2023;22:40:53;29.17;Synchronized;;;467;19/06/2023;22:43:03;29.22;;;;467;19/06/2023;22:43:03;29.27;;;;
468;19/06/2023;22:41:53;29.2;;;;468;19/06/2023;22:44:03;29.2;;;;468;19/06/2023;22:44:03;29.25;;;;
469;19/06/2023;22:42:53;29.19;;;;469;19/06/2023;22:45:03;29.23;;;;469;19/06/2023;22:45:02;29.24;;;;
470;19/06/2023;22:43:53;29.17;;;;470;19/06/2023;22:46:03;29.22;;;;470;19/06/2023;22:46:02;29.25;;;;
471;19/06/2023;22:44:53;29.18;;;;471;19/06/2023;22:47:03;29.2;;;;471;19/06/2023;22:47:02;29.23;;;;
472;19/06/2023;22:45:53;29.17;;;;472;19/06/2023;22:48:03;29.22;;;;472;19/06/2023;22:48:02;29.23;;;;
473;19/06/2023;22:46:53;29.17;;;;473;19/06/2023;22:49:03;29.22;;;;473;19/06/2023;22:49:02;29.24;;;;
474;19/06/2023;22:47:53;29.16;;;;474;19/06/2023;22:50:03;29.21;;;;474;19/06/2023;22:50:02;29.23;;;;
475;19/06/2023;22:48:53;29.18;;;;475;19/06/2023;22:51:03;29.18;;;;475;19/06/2023;22:51:01;29.24;;;;
476;19/06/2023;22:49:53;29.16;;;;476;19/06/2023;22:52:03;29.2;;;;476;19/06/2023;22:52:01;29.23;;;;
477;19/06/2023;22:50:53;29.18;;;;477;19/06/2023;22:53:03;29.2;;;;477;19/06/2023;22:53:01;29.23;;;;
478;19/06/2023;22:51:53;29.16;;;;478;19/06/2023;22:54:03;29.18;Synchronized;;;478;19/06/2023;22:54:01;29.24;;;;
479;19/06/2023;22:52:53;29.14;;;;479;19/06/2023;22:55:03;29.2;;;;479;19/06/2023;22:55:01;29.23;;;;
480;19/06/2023;22:53:52;29.16;;;;480;19/06/2023;22:56:03;29.16;;;;480;19/06/2023;22:56:01;29.23;;;;
481;19/06/2023;22:54:52;29.15;;;;481;19/06/2023;22:57:03;29.18;;;;481;19/06/2023;22:57:01;29.22;;;;
482;19/06/2023;22:55:52;29.16;;;;482;19/06/2023;22:58:03;29.18;;;;482;19/06/2023;22:58:00;29.23;;;;
483;19/06/2023;22:56:52;29.16;;;;483;19/06/2023;22:59:03;29.16;;;;483;19/06/2023;22:59:00;29.2;;;;
484;19/06/2023;22:57:52;29.14;;;;484;19/06/2023;23:00:03;29.16;;;;484;19/06/2023;23:00:00;29.2;;;;
485;19/06/2023;22:58:52;29.13;;;;485;19/06/2023;23:01:03;29.16;;;;485;19/06/2023;23:01:00;29.21;;;;
486;19/06/2023;22:59:52;29.15;;;;486;19/06/2023;23:02:03;29.17;;;;486;19/06/2023;23:02:00;29.21;Synchronized;;;
487;19/06/2023;23:00:52;29.16;;;;487;19/06/2023;23:03:03;29.17;;;;487;19/06/2023;23:03:00;29.2;;;;
488;19/06/2023;23:01:52;29.13;;;;488;19/06/2023;23:04:03;29.16;;;;488;19/06/2023;23:03:59;29.19;;;;
489;19/06/2023;23:02:52;29.13;;;;489;19/06/2023;23:05:03;29.16;;;;489;19/06/2023;23:04:59;29.21;;;;
490;19/06/2023;23:03:52;29.13;;;;490;19/06/2023;23:06:03;29.16;;;;490;19/06/2023;23:05:59;29.2;Synchronized;;;
491;19/06/2023;23:04:52;29.12;;;;491;19/06/2023;23:07:03;29.16;;;;491;19/06/2023;23:06:59;29.19;;;;
492;19/06/2023;23:05:52;29.11;;;;492;19/06/2023;23:08:03;29.16;;;;492;19/06/2023;23:07:59;29.19;Synchronized;;;
493;19/06/2023;23:06:52;29.13;;;;493;19/06/2023;23:09:03;29.14;;;;493;19/06/2023;23:08:59;29.17;;;;
494;19/06/2023;23:07:52;29.12;;;;494;19/06/2023;23:10:03;29.16;;;;494;19/06/2023;23:09:59;29.18;;;;
495;19/06/2023;23:08:51;29.11;;;;495;19/06/2023;23:11:03;29.15;;;;495;19/06/2023;23:10:58;29.17;;;;
496;19/06/2023;23:09:51;29.13;;;;496;19/06/2023;23:12:03;29.13;;;;496;19/06/2023;23:11:58;29.17;;;;
497;19/06/2023;23:10:51;29.1;;;;497;19/06/2023;23:13:03;29.13;;;;497;19/06/2023;23:12:58;29.16;;;;
498;19/06/2023;23:11:51;29.11;;;;498;19/06/2023;23:14:03;29.11;;;;498;19/06/2023;23:13:58;29.16;;;;
499;19/06/2023;23:12:51;29.09;;;;499;19/06/2023;23:15:03;29.13;;;;499;19/06/2023;23:14:58;29.13;;;;
500;19/06/2023;23:13:51;29.11;;;;500;19/06/2023;23:16:03;29.11;;;;500;19/06/2023;23:15:58;29.16;;;;
501;19/06/2023;23:14:51;29.09;;;;501;19/06/2023;23:17:03;29.13;;;;501;19/06/2023;23:16:58;29.13;;;;
502;19/06/2023;23:15:51;29.09;;;;502;19/06/2023;23:18:02;29.12;;;;502;19/06/2023;23:17:57;29.12;;;;
503;19/06/2023;23:16:51;29.08;;;;503;19/06/2023;23:19:02;29.1;;;;503;19/06/2023;23:18:57;29.13;;;;
504;19/06/2023;23:17:51;29.05;;;;504;19/06/2023;23:20:02;29.1;;;;504;19/06/2023;23:19:57;29.11;;;;
505;19/06/2023;23:18:51;29.05;;;;505;19/06/2023;23:21:02;29.09;;;;505;19/06/2023;23:20:57;29.12;;;;
506;19/06/2023;23:19:51;29.06;;;;506;19/06/2023;23:22:02;29.09;;;;506;19/06/2023;23:21:57;29.09;;;;
507;19/06/2023;23:20:51;29.06;;;;507;19/06/2023;23:23:02;29.09;;;;507;19/06/2023;23:22:57;29.1;;;;
508;19/06/2023;23:21:51;29.05;;;;508;19/06/2023;23:24:02;29.05;;;;508;19/06/2023;23:23:56;29.13;;;;
509;19/06/2023;23:22:51;29.04;;;;509;19/06/2023;23:25:02;29.08;;;;509;19/06/2023;23:24:56;29.12;;;;
510;19/06/2023;23:23:51;29.05;;;;510;19/06/2023;23:26:02;29.08;;;;510;19/06/2023;23:25:56;29.09;;;;
511;19/06/2023;23:24:51;29.05;;;;511;19/06/2023;23:27:02;29.06;;;;511;19/06/2023;23:26:56;29.09;;;;
512;19/06/2023;23:25:51;29.02;;;;512;19/06/2023;23:28:02;29.06;;;;512;19/06/2023;23:27:56;29.09;;;;
513;19/06/2023;23:26:51;29.04;Synchronized;;;513;19/06/2023;23:29:02;29.08;;;;513;19/06/2023;23:28:56;29.09;;;;
514;19/06/2023;23:27:50;29.04;;;;514;19/06/2023;23:30:01;29.06;;;;514;19/06/2023;23:29:56;29.08;;;;
515;19/06/2023;23:28:50;29.03;;;;515;19/06/2023;23:31:01;29.08;;;;515;19/06/2023;23:30:55;29.07;;;;
516;19/06/2023;23:29:50;29.03;;;;516;19/06/2023;23:32:01;29.04;;;;516;19/06/2023;23:31:55;29.09;;;;
517;19/06/2023;23:30:50;29.04;;;;517;19/06/2023;23:33:01;29.03;;;;517;19/06/2023;23:32:55;29.05;;;;
518;19/06/2023;23:31:50;29.03;;;;518;19/06/2023;23:34:01;29.03;;;;518;19/06/2023;23:33:55;29.08;;;;
519;19/06/2023;23:32:50;29.02;;;;519;19/06/2023;23:35:01;29.01;;;;519;19/06/2023;23:34:55;29.05;;;;
520;19/06/2023;23:33:50;29;;;;520;19/06/2023;23:36:01;29;;;;520;19/06/2023;23:35:55;29.03;;;;
521;19/06/2023;23:34:50;29.01;;;;521;19/06/2023;23:37:01;29;;;;521;19/06/2023;23:36:55;29;;;;
522;19/06/2023;23:35:50;28.98;;;;522;19/06/2023;23:38:01;28.98;;;;522;19/06/2023;23:37:54;28.99;;;;
523;19/06/2023;23:36:50;28.99;;;;523;19/06/2023;23:39:00;28.97;;;;523;19/06/2023;23:38:54;28.98;;;;
524;19/06/2023;23:37:50;28.98;;;;524;19/06/2023;23:40:00;28.98;;;;524;19/06/2023;23:39:54;28.99;;;;
525;19/06/2023;23:38:50;28.96;;;;525;19/06/2023;23:41:00;28.96;;;;525;19/06/2023;23:40:54;28.98;;;;
526;19/06/2023;23:39:50;28.97;;;;526;19/06/2023;23:42:00;28.97;;;;526;19/06/2023;23:41:54;28.96;;;;
527;19/06/2023;23:40:50;28.98;;;;527;19/06/2023;23:43:00;28.94;;;;527;19/06/2023;23:42:54;28.98;;;;
528;19/06/2023;23:41:50;28.96;;;;528;19/06/2023;23:44:00;28.94;;;;528;19/06/2023;23:43:54;28.95;;;;
529;19/06/2023;23:42:50;28.94;Synchronized;;;529;19/06/2023;23:45:00;28.93;;;;529;19/06/2023;23:44:53;28.96;;;;
530;19/06/2023;23:43:50;28.93;;;;530;19/06/2023;23:46:00;28.91;;;;530;19/06/2023;23:45:53;28.93;;;;
531;19/06/2023;23:44:50;28.94;;;;531;19/06/2023;23:47:00;28.91;;;;531;19/06/2023;23:46:53;28.92;;;;
532;19/06/2023;23:45:50;28.91;;;;532;19/06/2023;23:48:00;28.9;;;;532;19/06/2023;23:47:53;28.92;;;;
533;19/06/2023;23:46:50;28.9;;;;533;19/06/2023;23:49:00;28.9;;;;533;19/06/2023;23:48:53;28.95;;;;
534;19/06/2023;23:47:50;28.91;;;;534;19/06/2023;23:49:59;28.91;;;;534;19/06/2023;23:49:53;28.9;;;;
535;19/06/2023;23:48:49;28.89;;;;535;19/06/2023;23:50:59;28.89;;;;535;19/06/2023;23:50:53;28.89;;;;
536;19/06/2023;23:49:49;28.91;;;;536;19/06/2023;23:51:59;28.91;;;;536;19/06/2023;23:51:53;28.91;;;;
537;19/06/2023;23:50:49;28.89;;;;537;19/06/2023;23:52:59;28.88;;;;537;19/06/2023;23:52:52;28.91;;;;
538;19/06/2023;23:51:49;28.89;;;;538;19/06/2023;23:53:59;28.87;;;;538;19/06/2023;23:53:52;28.89;;;;
539;19/06/2023;23:52:49;28.9;;;;539;19/06/2023;23:55:00;28.89;;;;539;19/06/2023;23:54:52;28.92;;;;
540;19/06/2023;23:53:49;28.9;;;;540;19/06/2023;23:56:00;28.89;;;;540;19/06/2023;23:55:52;28.9;;;;
541;19/06/2023;23:54:49;28.91;;;;541;19/06/2023;23:57:00;28.88;;;;541;19/06/2023;23:56:52;28.89;;;;
542;19/06/2023;23:55:49;28.88;;;;542;19/06/2023;23:58:00;28.87;;;;542;19/06/2023;23:57:52;28.88;;;;
543;19/06/2023;23:56:49;28.87;;;;543;19/06/2023;23:59:00;28.85;;;;543;19/06/2023;23:58:52;28.9;;;;
544;19/06/2023;23:57:49;28.88;;;;544;20/06/2023;00:00:00;28.87;;;;544;19/06/2023;23:59:52;28.87;;;;
545;19/06/2023;23:58:49;28.88;;;;545;20/06/2023;00:01:00;28.88;;;;545;20/06/2023;00:00:51;28.88;;;;
546;19/06/2023;23:59:49;28.87;;;;546;20/06/2023;00:02:00;28.87;;;;546;20/06/2023;00:01:51;28.89;;;;
547;20/06/2023;00:00:49;28.86;;;;547;20/06/2023;00:03:00;28.86;;;;547;20/06/2023;00:02:51;28.87;;;;
548;20/06/2023;00:01:49;28.88;;;;548;20/06/2023;00:04:00;28.85;;;;548;20/06/2023;00:03:51;28.88;Synchronized;;;
549;20/06/2023;00:02:49;28.84;;;;549;20/06/2023;00:05:00;28.87;;;;549;20/06/2023;00:04:51;28.87;;;;
550;20/06/2023;00:03:49;28.85;;;;550;20/06/2023;00:06:00;28.86;;;;550;20/06/2023;00:05:51;28.88;;;;
551;20/06/2023;00:04:49;28.86;;;;551;20/06/2023;00:07:00;28.88;;;;551;20/06/2023;00:06:51;28.86;;;;
552;20/06/2023;00:05:49;28.84;;;;552;20/06/2023;00:08:00;28.86;;;;552;20/06/2023;00:07:51;28.85;;;;
553;20/06/2023;00:06:49;28.84;;;;553;20/06/2023;00:09:00;28.84;;;;553;20/06/2023;00:08:50;28.87;;;;
554;20/06/2023;00:07:49;28.86;;;;554;20/06/2023;00:10:00;28.84;;;;554;20/06/2023;00:09:50;28.87;;;;
555;20/06/2023;00:08:49;28.84;;;;555;20/06/2023;00:11:00;28.84;;;;555;20/06/2023;00:10:50;28.88;;;;
556;20/06/2023;00:09:49;28.82;;;;556;20/06/2023;00:12:00;28.84;;;;556;20/06/2023;00:11:50;28.85;;;;
557;20/06/2023;00:10:49;28.82;;;;557;20/06/2023;00:13:00;28.84;;;;557;20/06/2023;00:12:50;28.84;;;;
558;20/06/2023;00:11:49;28.81;;;;558;20/06/2023;00:14:00;28.84;;;;558;20/06/2023;00:13:50;28.85;;;;
559;20/06/2023;00:12:49;28.81;;;;559;20/06/2023;00:15:00;28.84;;;;559;20/06/2023;00:14:50;28.87;;;;
560;20/06/2023;00:13:48;28.8;;;;560;20/06/2023;00:16:00;28.84;;;;560;20/06/2023;00:15:50;28.85;;;;
561;20/06/2023;00:14:48;28.81;;;;561;20/06/2023;00:17:00;28.81;;;;561;20/06/2023;00:16:49;28.86;;;;
562;20/06/2023;00:15:48;28.82;;;;562;20/06/2023;00:18:00;28.81;;;;562;20/06/2023;00:17:49;28.84;;;;
563;20/06/2023;00:16:48;28.81;;;;563;20/06/2023;00:19:00;28.81;;;;563;20/06/2023;00:18:49;28.84;;;;
564;20/06/2023;00:17:48;28.8;;;;564;20/06/2023;00:20:00;28.81;;;;564;20/06/2023;00:19:49;28.81;;;;
565;20/06/2023;00:18:48;28.8;;;;565;20/06/2023;00:20:59;28.79;;;;565;20/06/2023;00:20:49;28.84;;;;
566;20/06/2023;00:19:48;28.79;;;;566;20/06/2023;00:21:59;28.8;;;;566;20/06/2023;00:21:49;28.8;;;;
567;20/06/2023;00:20:48;28.8;;;;567;20/06/2023;00:22:59;28.79;;;;567;20/06/2023;00:22:49;28.8;;;;
568;20/06/2023;00:21:48;28.8;;;;568;20/06/2023;00:23:59;28.78;;;;568;20/06/2023;00:23:49;28.81;;;;
569;20/06/2023;00:22:48;28.78;Synchronized;;;569;20/06/2023;00:24:59;28.77;;;;569;20/06/2023;00:24:48;28.8;;;;
570;20/06/2023;00:23:48;28.79;;;;570;20/06/2023;00:25:59;28.77;;;;570;20/06/2023;00:25:48;28.8;;;;
571;20/06/2023;00:24:48;28.78;;;;571;20/06/2023;00:26:59;28.77;;;;571;20/06/2023;00:26:48;28.8;;;;
572;20/06/2023;00:25:48;28.77;;;;572;20/06/2023;00:27:59;28.76;;;;572;20/06/2023;00:27:48;28.77;;;;
573;20/06/2023;00:26:48;28.75;;;;573;20/06/2023;00:28:59;28.77;;;;573;20/06/2023;00:28:48;28.77;;;;
574;20/06/2023;00:27:48;28.74;;;;574;20/06/2023;00:29:59;28.77;;;;574;20/06/2023;00:29:48;28.76;;;;
575;20/06/2023;00:28:48;28.75;;;;575;20/06/2023;00:30:59;28.77;;;;575;20/06/2023;00:30:48;28.77;;;;
576;20/06/2023;00:29:48;28.75;Synchronized;;;576;20/06/2023;00:31:58;28.75;;;;576;20/06/2023;00:31:48;28.77;;;;
577;20/06/2023;00:30:48;28.75;;;;577;20/06/2023;00:32:58;28.73;;;;577;20/06/2023;00:32:48;28.74;;;;
578;20/06/2023;00:31:48;28.73;;;;578;20/06/2023;00:33:58;28.74;;;;578;20/06/2023;00:33:47;28.75;;;;
579;20/06/2023;00:32:48;28.74;;;;579;20/06/2023;00:34:58;28.74;;;;579;20/06/2023;00:34:47;28.77;;;;
580;20/06/2023;00:33:48;28.72;;;;580;20/06/2023;00:35:58;28.74;;;;580;20/06/2023;00:35:47;28.76;;;;
581;20/06/2023;00:34:48;28.72;;;;581;20/06/2023;00:36:58;28.73;;;;581;20/06/2023;00:36:47;28.74;;;;
582;20/06/2023;00:35:48;28.73;;;;582;20/06/2023;00:37:58;28.75;;;;582;20/06/2023;00:37:47;28.74;;;;
583;20/06/2023;00:36:48;28.72;;;;583;20/06/2023;00:38:58;28.76;;;;583;20/06/2023;00:38:47;28.76;;;;
584;20/06/2023;00:37:48;28.72;;;;584;20/06/2023;00:39:58;28.74;;;;584;20/06/2023;00:39:47;28.76;;;;
585;20/06/2023;00:38:48;28.72;;;;585;20/06/2023;00:40:58;28.76;;;;585;20/06/2023;00:40:47;28.76;;;;
586;20/06/2023;00:39:48;28.73;;;;586;20/06/2023;00:41:57;28.73;;;;586;20/06/2023;00:41:47;28.73;;;;
587;20/06/2023;00:40:48;28.7;;;;587;20/06/2023;00:42:58;28.73;;;;587;20/06/2023;00:42:46;28.76;;;;
588;20/06/2023;00:41:48;28.71;;;;588;20/06/2023;00:43:58;28.75;;;;588;20/06/2023;00:43:46;28.76;;;;
589;20/06/2023;00:42:48;28.72;;;;589;20/06/2023;00:44:58;28.73;;;;589;20/06/2023;00:44:46;28.75;;;;
590;20/06/2023;00:43:48;28.72;;;;590;20/06/2023;00:45:57;28.73;;;;590;20/06/2023;00:45:46;28.75;;;;
591;20/06/2023;00:44:48;28.72;;;;591;20/06/2023;00:46:57;28.74;;;;591;20/06/2023;00:46:46;28.74;;;;
592;20/06/2023;00:45:48;28.73;;;;592;20/06/2023;00:47:57;28.73;;;;592;20/06/2023;00:47:46;28.74;;;;
593;20/06/2023;00:46:48;28.7;;;;593;20/06/2023;00:48:57;28.73;;;;593;20/06/2023;00:48:46;28.73;;;;
594;20/06/2023;00:47:47;28.71;;;;594;20/06/2023;00:49:57;28.72;;;;594;20/06/2023;00:49:46;28.72;;;;
595;20/06/2023;00:48:47;28.71;;;;595;20/06/2023;00:50:57;28.7;;;;595;20/06/2023;00:50:45;28.74;;;;
596;20/06/2023;00:49:47;28.7;;;;596;20/06/2023;00:51:57;28.7;;;;596;20/06/2023;00:51:45;28.71;;;;
597;20/06/2023;00:50:47;28.7;;;;597;20/06/2023;00:52:57;28.69;;;;597;20/06/2023;00:52:45;28.71;;;;
598;20/06/2023;00:51:47;28.7;;;;598;20/06/2023;00:53:56;28.7;;;;598;20/06/2023;00:53:45;28.71;;;;
599;20/06/2023;00:52:47;28.68;;;;599;20/06/2023;00:54:56;28.67;;;;599;20/06/2023;00:54:45;28.69;;;;
600;20/06/2023;00:53:47;28.67;;;;600;20/06/2023;00:55:56;28.68;;;;600;20/06/2023;00:55:45;28.69;;;;
601;20/06/2023;00:54:47;28.66;;;;601;20/06/2023;00:56:56;28.7;;;;601;20/06/2023;00:56:45;28.7;;;;
602;20/06/2023;00:55:47;28.66;;;;602;20/06/2023;00:57:56;28.67;;;;602;20/06/2023;00:57:45;28.67;;;;
603;20/06/2023;00:56:47;28.68;;;;603;20/06/2023;00:58:56;28.66;;;;603;20/06/2023;00:58:45;28.7;;;;
604;20/06/2023;00:57:47;28.67;;;;604;20/06/2023;00:59:56;28.69;;;;604;20/06/2023;00:59:44;28.68;;;;
605;20/06/2023;00:58:47;28.65;;;;605;20/06/2023;01:00:56;28.66;;;;605;20/06/2023;01:00:44;28.69;;;;
606;20/06/2023;00:59:47;28.66;;;;606;20/06/2023;01:01:56;28.67;;;;606;20/06/2023;01:01:44;28.67;;;;
607;20/06/2023;01:00:47;28.64;;;;607;20/06/2023;01:02:55;28.65;;;;607;20/06/2023;01:02:44;28.67;;;;
608;20/06/2023;01:01:47;28.65;;;;608;20/06/2023;01:03:55;28.67;;;;608;20/06/2023;01:03:44;28.7;;;;
609;20/06/2023;01:02:47;28.63;;;;609;20/06/2023;01:04:55;28.64;;;;609;20/06/2023;01:04:44;28.68;;;;
610;20/06/2023;01:03:47;28.64;;;;610;20/06/2023;01:05:55;28.65;;;;610;20/06/2023;01:05:44;28.67;;;;
611;20/06/2023;01:04:47;28.64;;;;611;20/06/2023;01:06:55;28.65;;;;611;20/06/2023;01:06:44;28.69;;;;
612;20/06/2023;01:05:47;28.63;;;;612;20/06/2023;01:07:55;28.66;;;;612;20/06/2023;01:07:44;28.65;;;;
613;20/06/2023;01:06:47;28.63;;;;613;20/06/2023;01:08:55;28.66;;;;613;20/06/2023;01:08:43;28.66;;;;
614;20/06/2023;01:07:47;28.64;;;;614;20/06/2023;01:09:55;28.64;;;;614;20/06/2023;01:09:43;28.67;;;;
615;20/06/2023;01:08:47;28.63;;;;615;20/06/2023;01:10:54;28.65;;;;615;20/06/2023;01:10:43;28.66;;;;
616;20/06/2023;01:09:47;28.63;;;;616;20/06/2023;01:11:54;28.64;;;;616;20/06/2023;01:11:43;28.66;;;;
617;20/06/2023;01:10:47;28.63;;;;617;20/06/2023;01:12:54;28.63;;;;617;20/06/2023;01:12:43;28.64;;;;
618;20/06/2023;01:11:47;28.61;;;;618;20/06/2023;01:13:54;28.63;;;;618;20/06/2023;01:13:43;28.66;;;;
619;20/06/2023;01:12:47;28.61;;;;619;20/06/2023;01:14:54;28.63;;;;619;20/06/2023;01:14:43;28.65;;;;
620;20/06/2023;01:13:47;28.62;;;;620;20/06/2023;01:15:54;28.64;;;;620;20/06/2023;01:15:43;28.63;;;;
621;20/06/2023;01:14:47;28.61;;;;621;20/06/2023;01:16:54;28.63;;;;621;20/06/2023;01:16:43;28.65;;;;
622;20/06/2023;01:15:47;28.61;;;;622;20/06/2023;01:17:54;28.62;;;;622;20/06/2023;01:17:42;28.63;;;;
623;20/06/2023;01:16:47;28.58;;;;623;20/06/2023;01:18:54;28.63;;;;623;20/06/2023;01:18:42;28.64;;;;
624;20/06/2023;01:17:47;28.61;;;;624;20/06/2023;01:19:53;28.62;;;;624;20/06/2023;01:19:42;28.64;;;;
625;20/06/2023;01:18:47;28.59;;;;625;20/06/2023;01:20:53;28.63;;;;625;20/06/2023;01:20:42;28.63;;;;
626;20/06/2023;01:19:47;28.59;;;;626;20/06/2023;01:21:53;28.63;;;;626;20/06/2023;01:21:42;28.65;;;;
627;20/06/2023;01:20:47;28.61;;;;627;20/06/2023;01:22:53;28.63;;;;627;20/06/2023;01:22:42;28.64;;;;
628;20/06/2023;01:21:47;28.62;;;;628;20/06/2023;01:23:53;28.61;;;;628;20/06/2023;01:23:42;28.63;;;;
629;20/06/2023;01:22:47;28.59;;;;629;20/06/2023;01:24:53;28.62;;;;629;20/06/2023;01:24:42;28.64;;;;
630;20/06/2023;01:23:47;28.59;;;;630;20/06/2023;01:25:53;28.63;;;;630;20/06/2023;01:25:42;28.64;;;;
631;20/06/2023;01:24:47;28.58;;;;631;20/06/2023;01:26:53;28.62;;;;631;20/06/2023;01:26:41;28.65;;;;
632;20/06/2023;01:25:47;28.59;;;;632;20/06/2023;01:27:53;28.63;;;;632;20/06/2023;01:27:41;28.64;;;;
633;20/06/2023;01:26:47;28.58;;;;633;20/06/2023;01:28:53;28.61;;;;633;20/06/2023;01:28:41;28.63;;;;
634;20/06/2023;01:27:47;28.59;;;;634;20/06/2023;01:29:52;28.63;;;;634;20/06/2023;01:29:41;28.63;;;;
635;20/06/2023;01:28:47;28.59;;;;635;20/06/2023;01:30:52;28.62;;;;635;20/06/2023;01:30:41;28.63;;;;
636;20/06/2023;01:29:47;28.59;;;;636;20/06/2023;01:31:52;28.61;;;;636;20/06/2023;01:31:41;28.63;;;;
637;20/06/2023;01:30:47;28.57;;;;637;20/06/2023;01:32:52;28.63;;;;637;20/06/2023;01:32:41;28.61;;;;
638;20/06/2023;01:31:47;28.56;;;;638;20/06/2023;01:33:52;28.6;;;;638;20/06/2023;01:33:41;28.62;;;;
639;20/06/2023;01:32:47;28.6;;;;639;20/06/2023;01:34:52;28.59;;;;639;20/06/2023;01:34:41;28.61;;;;
640;20/06/2023;01:33:47;28.57;;;;640;20/06/2023;01:35:52;28.61;;;;640;20/06/2023;01:35:40;28.63;;;;
641;20/06/2023;01:34:47;28.57;;;;641;20/06/2023;01:36:52;28.56;;;;641;20/06/2023;01:36:40;28.63;;;;
642;20/06/2023;01:35:47;28.55;;;;642;20/06/2023;01:37:52;28.58;;;;642;20/06/2023;01:37:40;28.59;;;;
643;20/06/2023;01:36:47;28.55;;;;643;20/06/2023;01:38:51;28.6;;;;643;20/06/2023;01:38:40;28.61;;;;
644;20/06/2023;01:37:47;28.55;;;;644;20/06/2023;01:39:51;28.56;;;;644;20/06/2023;01:39:40;28.6;;;;
645;20/06/2023;01:38:47;28.55;;;;645;20/06/2023;01:40:51;28.58;;;;645;20/06/2023;01:40:40;28.59;;;;
646;20/06/2023;01:39:47;28.55;;;;646;20/06/2023;01:41:51;28.55;;;;646;20/06/2023;01:41:40;28.61;;;;
647;20/06/2023;01:40:47;28.54;;;;647;20/06/2023;01:42:51;28.56;;;;647;20/06/2023;01:42:40;28.6;;;;
648;20/06/2023;01:41:47;28.54;;;;648;20/06/2023;01:43:51;28.55;;;;648;20/06/2023;01:43:40;28.58;;;;
649;20/06/2023;01:42:47;28.54;;;;649;20/06/2023;01:44:51;28.56;;;;649;20/06/2023;01:44:40;28.59;;;;
650;20/06/2023;01:43:47;28.54;;;;650;20/06/2023;01:45:51;28.55;;;;650;20/06/2023;01:45:39;28.59;;;;
651;20/06/2023;01:44:47;28.54;;;;651;20/06/2023;01:46:51;28.54;;;;651;20/06/2023;01:46:39;28.58;;;;
652;20/06/2023;01:45:47;28.54;;;;652;20/06/2023;01:47:50;28.56;;;;652;20/06/2023;01:47:39;28.58;;;;
653;20/06/2023;01:46:47;28.54;;;;653;20/06/2023;01:48:50;28.55;;;;653;20/06/2023;01:48:39;28.56;;;;
654;20/06/2023;01:47:47;28.52;;;;654;20/06/2023;01:49:50;28.55;;;;654;20/06/2023;01:49:39;28.59;;;;
655;20/06/2023;01:48:47;28.55;;;;655;20/06/2023;01:50:50;28.54;;;;655;20/06/2023;01:50:39;28.57;;;;
656;20/06/2023;01:49:47;28.52;;;;656;20/06/2023;01:51:50;28.55;;;;656;20/06/2023;01:51:39;28.58;;;;
657;20/06/2023;01:50:47;28.52;;;;657;20/06/2023;01:52:50;28.54;;;;657;20/06/2023;01:52:39;28.53;;;;
658;20/06/2023;01:51:47;28.52;;;;658;20/06/2023;01:53:50;28.53;;;;658;20/06/2023;01:53:39;28.53;;;;
659;20/06/2023;01:52:47;28.51;;;;659;20/06/2023;01:54:50;28.52;;;;659;20/06/2023;01:54:38;28.54;;;;
660;20/06/2023;01:53:47;28.5;;;;660;20/06/2023;01:55:50;28.52;;;;660;20/06/2023;01:55:38;28.54;;;;
661;20/06/2023;01:54:47;28.52;;;;661;20/06/2023;01:56:49;28.52;;;;661;20/06/2023;01:56:38;28.53;;;;
662;20/06/2023;01:55:47;28.52;;;;662;20/06/2023;01:57:49;28.52;;;;662;20/06/2023;01:57:38;28.52;;;;
663;20/06/2023;01:56:47;28.53;;;;663;20/06/2023;01:58:49;28.5;;;;663;20/06/2023;01:58:38;28.5;;;;
664;20/06/2023;01:57:47;28.51;;;;664;20/06/2023;01:59:49;28.5;;;;664;20/06/2023;01:59:38;28.52;;;;
665;20/06/2023;01:58:47;28.48;;;;665;20/06/2023;02:00:49;28.5;;;;665;20/06/2023;02:00:38;28.52;;;;
666;20/06/2023;01:59:47;28.49;;;;666;20/06/2023;02:01:49;28.49;;;;666;20/06/2023;02:01:38;28.5;;;;
667;20/06/2023;02:00:47;28.49;;;;667;20/06/2023;02:02:49;28.48;;;;667;20/06/2023;02:02:38;28.51;;;;
668;20/06/2023;02:01:46;28.49;;;;668;20/06/2023;02:03:49;28.5;;;;668;20/06/2023;02:03:38;28.52;;;;
669;20/06/2023;02:02:46;28.49;;;;669;20/06/2023;02:04:49;28.51;;;;669;20/06/2023;02:04:37;28.51;;;;
670;20/06/2023;02:03:46;28.48;;;;670;20/06/2023;02:05:49;28.51;;;;670;20/06/2023;02:05:37;28.49;;;;
671;20/06/2023;02:04:47;28.48;;;;671;20/06/2023;02:06:48;28.5;;;;671;20/06/2023;02:06:37;28.53;;;;
672;20/06/2023;02:05:47;28.48;;;;672;20/06/2023;02:07:48;28.49;;;;672;20/06/2023;02:07:37;28.48;;;;
673;20/06/2023;02:06:47;28.48;;;;673;20/06/2023;02:08:48;28.48;;;;673;20/06/2023;02:08:37;28.52;;;;
674;20/06/2023;02:07:47;28.47;;;;674;20/06/2023;02:09:48;28.49;;;;674;20/06/2023;02:09:37;28.52;;;;
675;20/06/2023;02:08:47;28.49;;;;675;20/06/2023;02:10:48;28.47;;;;675;20/06/2023;02:10:37;28.5;;;;
676;20/06/2023;02:09:47;28.48;;;;676;20/06/2023;02:11:48;28.48;;;;676;20/06/2023;02:11:37;28.49;;;;
677;20/06/2023;02:10:47;28.48;;;;677;20/06/2023;02:12:48;28.49;;;;677;20/06/2023;02:12:36;28.48;;;;
678;20/06/2023;02:11:47;28.48;;;;678;20/06/2023;02:13:48;28.48;;;;678;20/06/2023;02:13:36;28.47;;;;
679;20/06/2023;02:12:47;28.47;;;;679;20/06/2023;02:14:48;28.48;;;;679;20/06/2023;02:14:36;28.48;;;;
680;20/06/2023;02:13:47;28.45;;;;680;20/06/2023;02:15:48;28.48;;;;680;20/06/2023;02:15:36;28.46;;;;
681;20/06/2023;02:14:47;28.44;;;;681;20/06/2023;02:16:47;28.45;;;;681;20/06/2023;02:16:36;28.48;;;;
682;20/06/2023;02:15:47;28.44;;;;682;20/06/2023;02:17:47;28.45;;;;682;20/06/2023;02:17:36;28.47;;;;
683;20/06/2023;02:16:47;28.45;;;;683;20/06/2023;02:18:47;28.45;;;;683;20/06/2023;02:18:36;28.45;;;;
684;20/06/2023;02:17:47;28.43;;;;684;20/06/2023;02:19:47;28.45;;;;684;20/06/2023;02:19:35;28.45;;;;
685;20/06/2023;02:18:47;28.45;;;;685;20/06/2023;02:20:47;28.45;;;;685;20/06/2023;02:20:35;28.47;;;;
686;20/06/2023;02:19:47;28.44;;;;686;20/06/2023;02:21:47;28.44;;;;686;20/06/2023;02:21:35;28.45;;;;
687;20/06/2023;02:20:47;28.41;;;;687;20/06/2023;02:22:47;28.41;;;;687;20/06/2023;02:22:35;28.44;;;;
688;20/06/2023;02:21:47;28.44;;;;688;20/06/2023;02:23:47;28.43;;;;688;20/06/2023;02:23:35;28.43;;;;
689;20/06/2023;02:22:47;28.41;;;;689;20/06/2023;02:24:47;28.43;;;;689;20/06/2023;02:24:35;28.44;;;;
690;20/06/2023;02:23:47;28.41;;;;690;20/06/2023;02:25:47;28.44;;;;690;20/06/2023;02:25:35;28.41;;;;
691;20/06/2023;02:24:47;28.42;;;;691;20/06/2023;02:26:47;28.42;;;;691;20/06/2023;02:26:35;28.45;;;;
692;20/06/2023;02:25:47;28.42;;;;692;20/06/2023;02:27:46;28.42;;;;692;20/06/2023;02:27:34;28.43;;;;
693;20/06/2023;02:26:47;28.42;;;;693;20/06/2023;02:28:46;28.41;;;;693;20/06/2023;02:28:34;28.45;;;;
694;20/06/2023;02:27:47;28.42;;;;694;20/06/2023;02:29:46;28.43;;;;694;20/06/2023;02:29:34;28.45;;;;
695;20/06/2023;02:28:47;28.42;;;;695;20/06/2023;02:30:46;28.41;;;;695;20/06/2023;02:30:34;28.45;;;;
696;20/06/2023;02:29:47;28.43;;;;696;20/06/2023;02:31:46;28.43;;;;696;20/06/2023;02:31:34;28.41;;;;
697;20/06/2023;02:30:47;28.42;;;;697;20/06/2023;02:32:46;28.43;;;;697;20/06/2023;02:32:34;28.43;;;;
698;20/06/2023;02:31:47;28.41;;;;698;20/06/2023;02:33:46;28.39;;;;698;20/06/2023;02:33:34;28.43;;;;
699;20/06/2023;02:32:47;28.42;;;;699;20/06/2023;02:34:46;28.41;;;;699;20/06/2023;02:34:33;28.45;;;;
700;20/06/2023;02:33:47;28.42;;;;700;20/06/2023;02:35:46;28.43;;;;700;20/06/2023;02:35:33;28.45;;;;
701;20/06/2023;02:34:47;28.41;;;;701;20/06/2023;02:36:46;28.42;;;;701;20/06/2023;02:36:33;28.44;;;;
702;20/06/2023;02:35:47;28.41;;;;702;20/06/2023;02:37:46;28.41;;;;702;20/06/2023;02:37:33;28.43;;;;
703;20/06/2023;02:36:47;28.41;;;;703;20/06/2023;02:38:46;28.4;;;;703;20/06/2023;02:38:33;28.44;;;;
704;20/06/2023;02:37:47;28.39;;;;704;20/06/2023;02:39:46;28.41;;;;704;20/06/2023;02:39:33;28.43;;;;
705;20/06/2023;02:38:47;28.4;;;;705;20/06/2023;02:40:46;28.41;;;;705;20/06/2023;02:40:33;28.44;;;;
706;20/06/2023;02:39:47;28.41;;;;706;20/06/2023;02:41:45;28.41;;;;706;20/06/2023;02:41:32;28.4;;;;
707;20/06/2023;02:40:47;28.41;;;;707;20/06/2023;02:42:45;28.39;;;;707;20/06/2023;02:42:32;28.43;;;;
708;20/06/2023;02:41:47;28.39;;;;708;20/06/2023;02:43:45;28.41;;;;708;20/06/2023;02:43:32;28.41;;;;
709;20/06/2023;02:42:47;28.38;;;;709;20/06/2023;02:44:45;28.4;;;;709;20/06/2023;02:44:32;28.43;;;;
710;20/06/2023;02:43:47;28.39;;;;710;20/06/2023;02:45:45;28.38;;;;710;20/06/2023;02:45:32;28.41;;;;
711;20/06/2023;02:44:47;28.4;;;;711;20/06/2023;02:46:45;28.39;;;;711;20/06/2023;02:46:32;28.41;;;;
712;20/06/2023;02:45:47;28.38;;;;712;20/06/2023;02:47:45;28.4;;;;712;20/06/2023;02:47:32;28.41;Synchronized;;;
713;20/06/2023;02:46:47;28.39;;;;713;20/06/2023;02:48:45;28.39;;;;713;20/06/2023;02:48:32;28.39;;;;
714;20/06/2023;02:47:47;28.4;;;;714;20/06/2023;02:49:45;28.38;;;;714;20/06/2023;02:49:31;28.4;;;;
715;20/06/2023;02:48:47;28.37;;;;715;20/06/2023;02:50:45;28.38;;;;715;20/06/2023;02:50:31;28.41;;;;
716;20/06/2023;02:49:47;28.39;;;;716;20/06/2023;02:51:45;28.39;;;;716;20/06/2023;02:51:31;28.41;;;;
717;20/06/2023;02:50:47;28.38;;;;717;20/06/2023;02:52:45;28.41;;;;717;20/06/2023;02:52:31;28.4;;;;
718;20/06/2023;02:51:47;28.38;;;;718;20/06/2023;02:53:45;28.38;;;;718;20/06/2023;02:53:31;28.4;;;;
719;20/06/2023;02:52:47;28.38;;;;719;20/06/2023;02:54:45;28.38;;;;719;20/06/2023;02:54:31;28.4;;;;
720;20/06/2023;02:53:47;28.38;;;;720;20/06/2023;02:55:45;28.38;;;;720;20/06/2023;02:55:31;28.38;;;;
721;20/06/2023;02:54:47;28.39;;;;721;20/06/2023;02:56:45;28.37;;;;721;20/06/2023;02:56:30;28.39;;;;
722;20/06/2023;02:55:47;28.38;;;;722;20/06/2023;02:57:44;28.38;;;;722;20/06/2023;02:57:30;28.38;;;;
723;20/06/2023;02:56:47;28.39;;;;723;20/06/2023;02:58:44;28.38;;;;723;20/06/2023;02:58:30;28.38;;;;
724;20/06/2023;02:57:47;28.38;;;;724;20/06/2023;02:59:44;28.35;;;;724;20/06/2023;02:59:30;28.38;;;;
725;20/06/2023;02:58:47;28.37;;;;725;20/06/2023;03:00:44;28.37;;;;725;20/06/2023;03:00:30;28.38;;;;
726;20/06/2023;02:59:47;28.35;;;;726;20/06/2023;03:01:44;28.37;;;;726;20/06/2023;03:01:30;28.38;;;;
727;20/06/2023;03:00:47;28.37;;;;727;20/06/2023;03:02:44;28.36;;;;727;20/06/2023;03:02:30;28.37;;;;
728;20/06/2023;03:01:47;28.35;;;;728;20/06/2023;03:03:44;28.36;;;;728;20/06/2023;03:03:29;28.37;;;;
729;20/06/2023;03:02:47;28.36;;;;729;20/06/2023;03:04:44;28.35;;;;729;20/06/2023;03:04:29;28.38;;;;
730;20/06/2023;03:03:47;28.36;;;;730;20/06/2023;03:05:44;28.36;;;;730;20/06/2023;03:05:29;28.37;;;;
731;20/06/2023;03:04:47;28.35;;;;731;20/06/2023;03:06:44;28.34;;;;731;20/06/2023;03:06:29;28.38;;;;
732;20/06/2023;03:05:47;28.35;;;;732;20/06/2023;03:07:44;28.33;;;;732;20/06/2023;03:07:29;28.37;;;;
733;20/06/2023;03:06:47;28.36;;;;733;20/06/2023;03:08:44;28.34;;;;733;20/06/2023;03:08:29;28.37;;;;
734;20/06/2023;03:07:47;28.35;;;;734;20/06/2023;03:09:44;28.32;;;;734;20/06/2023;03:09:29;28.37;;;;
735;20/06/2023;03:08:47;28.35;;;;735;20/06/2023;03:10:44;28.35;;;;735;20/06/2023;03:10:28;28.34;;;;
736;20/06/2023;03:09:47;28.35;;;;736;20/06/2023;03:11:44;28.33;;;;736;20/06/2023;03:11:28;28.36;;;;
737;20/06/2023;03:10:47;28.32;;;;737;20/06/2023;03:12:44;28.33;;;;737;20/06/2023;03:12:28;28.36;;;;
738;20/06/2023;03:11:47;28.32;;;;738;20/06/2023;03:13:44;28.34;;;;738;20/06/2023;03:13:28;28.34;;;;
739;20/06/2023;03:12:47;28.32;;;;739;20/06/2023;03:14:44;28.32;;;;739;20/06/2023;03:14:28;28.36;;;;
740;20/06/2023;03:13:47;28.33;;;;740;20/06/2023;03:15:43;28.34;;;;740;20/06/2023;03:15:28;28.37;;;;
741;20/06/2023;03:14:47;28.33;;;;741;20/06/2023;03:16:43;28.33;;;;741;20/06/2023;03:16:28;28.34;;;;
742;20/06/2023;03:15:47;28.31;;;;742;20/06/2023;03:17:43;28.33;;;;742;20/06/2023;03:17:27;28.34;;;;
743;20/06/2023;03:16:47;28.33;;;;743;20/06/2023;03:18:43;28.33;;;;743;20/06/2023;03:18:27;28.36;;;;
744;20/06/2023;03:17:47;28.33;;;;744;20/06/2023;03:19:43;28.32;;;;744;20/06/2023;03:19:27;28.32;;;;
745;20/06/2023;03:18:47;28.32;;;;745;20/06/2023;03:20:43;28.3;;;;745;20/06/2023;03:20:27;28.33;;;;
746;20/06/2023;03:19:47;28.32;;;;746;20/06/2023;03:21:43;28.3;;;;746;20/06/2023;03:21:27;28.34;;;;
747;20/06/2023;03:20:47;28.31;;;;747;20/06/2023;03:22:43;28.3;;;;747;20/06/2023;03:22:27;28.3;;;;
748;20/06/2023;03:21:47;28.3;;;;748;20/06/2023;03:23:43;28.29;;;;748;20/06/2023;03:23:27;28.31;;;;
749;20/06/2023;03:22:47;28.28;;;;749;20/06/2023;03:24:43;28.28;;;;749;20/06/2023;03:24:26;28.32;;;;
750;20/06/2023;03:23:47;28.31;;;;750;20/06/2023;03:25:43;28.29;;;;750;20/06/2023;03:25:26;28.32;;;;
751;20/06/2023;03:24:47;28.29;;;;751;20/06/2023;03:26:43;28.28;;;;751;20/06/2023;03:26:26;28.32;;;;
752;20/06/2023;03:25:47;28.29;;;;752;20/06/2023;03:27:43;28.28;;;;752;20/06/2023;03:27:26;28.3;;;;
753;20/06/2023;03:26:47;28.29;;;;753;20/06/2023;03:28:43;28.29;;;;753;20/06/2023;03:28:26;28.3;;;;
754;20/06/2023;03:27:47;28.3;;;;754;20/06/2023;03:29:43;28.27;;;;754;20/06/2023;03:29:26;28.31;;;;
755;20/06/2023;03:28:47;28.29;;;;755;20/06/2023;03:30:43;28.28;;;;755;20/06/2023;03:30:26;28.29;;;;
756;20/06/2023;03:29:47;28.28;;;;756;20/06/2023;03:31:43;28.28;;;;756;20/06/2023;03:31:26;28.31;;;;
757;20/06/2023;03:30:47;28.3;;;;757;20/06/2023;03:32:42;28.29;;;;757;20/06/2023;03:32:25;28.31;;;;
758;20/06/2023;03:31:47;28.29;;;;758;20/06/2023;03:33:42;28.27;;;;758;20/06/2023;03:33:25;28.3;;;;
759;20/06/2023;03:32:47;28.28;;;;759;20/06/2023;03:34:42;28.29;Synchronized;;;759;20/06/2023;03:34:25;28.28;;;;
760;20/06/2023;03:33:47;28.27;;;;760;20/06/2023;03:35:42;28.27;;;;760;20/06/2023;03:35:25;28.3;;;;
761;20/06/2023;03:34:47;28.3;;;;761;20/06/2023;03:36:42;28.27;;;;761;20/06/2023;03:36:25;28.29;;;;
762;20/06/2023;03:35:47;28.28;;;;762;20/06/2023;03:37:42;28.27;;;;762;20/06/2023;03:37:25;28.3;;;;
763;20/06/2023;03:36:47;28.26;;;;763;20/06/2023;03:38:42;28.27;;;;763;20/06/2023;03:38:25;28.27;;;;
764;20/06/2023;03:37:47;28.27;Synchronized;;;764;20/06/2023;03:39:42;28.29;;;;764;20/06/2023;03:39:24;28.28;;;;
765;20/06/2023;03:38:47;28.28;;;;765;20/06/2023;03:40:42;28.26;;;;765;20/06/2023;03:40:24;28.29;;;;
766;20/06/2023;03:39:47;28.26;;;;766;20/06/2023;03:41:42;28.26;;;;766;20/06/2023;03:41:24;28.28;;;;
767;20/06/2023;03:40:47;28.27;;;;767;20/06/2023;03:42:42;28.25;;;;767;20/06/2023;03:42:24;28.3;;;;
768;20/06/2023;03:41:47;28.27;;;;768;20/06/2023;03:43:42;28.25;;;;768;20/06/2023;03:43:24;28.27;;;;
769;20/06/2023;03:42:47;28.26;;;;769;20/06/2023;03:44:42;28.26;;;;769;20/06/2023;03:44:24;28.27;;;;
770;20/06/2023;03:43:47;28.26;;;;770;20/06/2023;03:45:42;28.26;;;;770;20/06/2023;03:45:24;28.27;;;;
771;20/06/2023;03:44:47;28.26;;;;771;20/06/2023;03:46:42;28.25;;;;771;20/06/2023;03:46:24;28.27;;;;
772;20/06/2023;03:45:47;28.24;;;;772;20/06/2023;03:47:42;28.27;;;;772;20/06/2023;03:47:23;28.26;;;;
773;20/06/2023;03:46:47;28.25;;;;773;20/06/2023;03:48:42;28.25;;;;773;20/06/2023;03:48:23;28.26;;;;
774;20/06/2023;03:47:47;28.23;;;;774;20/06/2023;03:49:42;28.23;Synchronized;;;774;20/06/2023;03:49:23;28.27;;;;
775;20/06/2023;03:48:47;28.25;;;;775;20/06/2023;03:50:41;28.24;;;;775;20/06/2023;03:50:23;28.27;;;;
776;20/06/2023;03:49:47;28.23;;;;776;20/06/2023;03:51:41;28.2;;;;776;20/06/2023;03:51:23;28.24;;;;
777;20/06/2023;03:50:47;28.25;;;;777;20/06/2023;03:52:41;28.23;;;;777;20/06/2023;03:52:23;28.23;;;;
778;20/06/2023;03:51:47;28.25;;;;778;20/06/2023;03:53:41;28.21;;;;778;20/06/2023;03:53:23;28.25;;;;
779;20/06/2023;03:52:47;28.24;;;;779;20/06/2023;03:54:41;28.23;;;;779;20/06/2023;03:54:23;28.24;;;;
780;20/06/2023;03:53:47;28.23;;;;780;20/06/2023;03:55:41;28.23;;;;780;20/06/2023;03:55:22;28.25;;;;
781;20/06/2023;03:54:47;28.23;;;;781;20/06/2023;03:56:41;28.19;;;;781;20/06/2023;03:56:22;28.24;;;;
782;20/06/2023;03:55:47;28.23;;;;782;20/06/2023;03:57:41;28.23;;;;782;20/06/2023;03:57:22;28.22;;;;
783;20/06/2023;03:56:47;28.21;;;;783;20/06/2023;03:58:41;28.23;;;;783;20/06/2023;03:58:22;28.24;;;;
784;20/06/2023;03:57:47;28.21;;;;784;20/06/2023;03:59:41;28.2;;;;784;20/06/2023;03:59:22;28.23;;;;
785;20/06/2023;03:58:47;28.21;;;;785;20/06/2023;04:00:41;28.23;;;;785;20/06/2023;04:00:22;28.25;;;;
786;20/06/2023;03:59:47;28.21;;;;786;20/06/2023;04:01:41;28.2;;;;786;20/06/2023;04:01:22;28.23;;;;
787;20/06/2023;04:00:47;28.2;;;;787;20/06/2023;04:02:41;28.2;Synchronized;;;787;20/06/2023;04:02:21;28.24;;;;
788;20/06/2023;04:01:47;28.2;;;;788;20/06/2023;04:03:41;28.2;;;;788;20/06/2023;04:03:21;28.22;;;;
789;20/06/2023;04:02:47;28.2;;;;789;20/06/2023;04:04:41;28.21;;;;789;20/06/2023;04:04:21;28.22;;;;
790;20/06/2023;04:03:47;28.23;;;;790;20/06/2023;04:05:41;28.2;;;;790;20/06/2023;04:05:21;28.21;;;;
791;20/06/2023;04:04:47;28.2;;;;791;20/06/2023;04:06:41;28.2;;;;791;20/06/2023;04:06:21;28.22;;;;
792;20/06/2023;04:05:47;28.2;;;;792;20/06/2023;04:07:40;28.2;;;;792;20/06/2023;04:07:21;28.21;;;;
793;20/06/2023;04:06:47;28.2;Synchronized;;;793;20/06/2023;04:08:40;28.21;;;;793;20/06/2023;04:08:21;28.2;;;;
794;20/06/2023;04:07:47;28.2;;;;794;20/06/2023;04:09:40;28.18;;;;794;20/06/2023;04:09:21;28.22;Synchronized;;;
795;20/06/2023;04:08:47;28.2;;;;795;20/06/2023;04:10:40;28.19;;;;795;20/06/2023;04:10:20;28.23;;;;
796;20/06/2023;04:09:47;28.2;;;;796;20/06/2023;04:11:40;28.17;;;;796;20/06/2023;04:11:20;28.2;;;;
797;20/06/2023;04:10:47;28.2;;;;797;20/06/2023;04:12:40;28.2;;;;797;20/06/2023;04:12:20;28.21;;;;
798;20/06/2023;04:11:47;28.2;;;;798;20/06/2023;04:13:40;28.19;;;;798;20/06/2023;04:13:20;28.23;;;;
799;20/06/2023;04:12:47;28.2;;;;799;20/06/2023;04:14:40;28.19;;;;799;20/06/2023;04:14:20;28.22;;;;
800;20/06/2023;04:13:47;28.2;;;;800;20/06/2023;04:15:40;28.19;;;;800;20/06/2023;04:15:20;28.19;;;;
801;20/06/2023;04:14:47;28.18;;;;801;20/06/2023;04:16:40;28.18;;;;801;20/06/2023;04:16:20;28.21;;;;
802;20/06/2023;04:15:47;28.17;;;;802;20/06/2023;04:17:40;28.18;;;;802;20/06/2023;04:17:20;28.19;;;;
803;20/06/2023;04:16:47;28.17;;;;803;20/06/2023;04:18:40;28.17;;;;803;20/06/2023;04:18:19;28.2;;;;
804;20/06/2023;04:17:47;28.16;;;;804;20/06/2023;04:19:40;28.16;;;;804;20/06/2023;04:19:19;28.2;;;;
805;20/06/2023;04:18:47;28.17;;;;805;20/06/2023;04:20:40;28.16;;;;805;20/06/2023;04:20:19;28.2;Synchronized;;;
806;20/06/2023;04:19:47;28.16;;;;806;20/06/2023;04:21:40;28.16;;;;806;20/06/2023;04:21:19;28.2;;;;
807;20/06/2023;04:20:47;28.17;;;;807;20/06/2023;04:22:39;28.17;;;;807;20/06/2023;04:22:19;28.2;;;;
808;20/06/2023;04:21:47;28.16;;;;808;20/06/2023;04:23:39;28.17;;;;808;20/06/2023;04:23:19;28.19;;;;
809;20/06/2023;04:22:47;28.18;;;;809;20/06/2023;04:24:39;28.15;;;;809;20/06/2023;04:24:19;28.2;;;;
810;20/06/2023;04:23:47;28.16;;;;810;20/06/2023;04:25:39;28.15;;;;810;20/06/2023;04:25:18;28.17;;;;
811;20/06/2023;04:24:47;28.14;;;;811;20/06/2023;04:26:39;28.15;;;;811;20/06/2023;04:26:18;28.17;;;;
812;20/06/2023;04:25:47;28.17;;;;812;20/06/2023;04:27:39;28.15;;;;812;20/06/2023;04:27:18;28.16;;;;
813;20/06/2023;04:26:47;28.16;;;;813;20/06/2023;04:28:39;28.15;;;;813;20/06/2023;04:28:18;28.16;;;;
814;20/06/2023;04:27:47;28.14;;;;814;20/06/2023;04:29:39;28.14;;;;814;20/06/2023;04:29:18;28.19;;;;
815;20/06/2023;04:28:47;28.16;;;;815;20/06/2023;04:30:39;28.14;;;;815;20/06/2023;04:30:18;28.19;;;;
816;20/06/2023;04:29:47;28.14;;;;816;20/06/2023;04:31:39;28.13;;;;816;20/06/2023;04:31:18;28.16;;;;
817;20/06/2023;04:30:47;28.16;;;;817;20/06/2023;04:32:39;28.11;;;;817;20/06/2023;04:32:18;28.15;;;;
818;20/06/2023;04:31:47;28.14;;;;818;20/06/2023;04:33:39;28.11;;;;818;20/06/2023;04:33:17;28.12;;;;
819;20/06/2023;04:32:47;28.13;;;;819;20/06/2023;04:34:39;28.09;;;;819;20/06/2023;04:34:17;28.11;;;;
820;20/06/2023;04:33:47;28.11;;;;820;20/06/2023;04:35:39;28.07;;;;820;20/06/2023;04:35:17;28.1;;;;
821;20/06/2023;04:34:47;28.13;;;;821;20/06/2023;04:36:39;28.09;;;;821;20/06/2023;04:36:17;28.09;;;;
822;20/06/2023;04:35:47;28.11;;;;822;20/06/2023;04:37:39;28.09;;;;822;20/06/2023;04:37:17;28.09;;;;
823;20/06/2023;04:36:46;28.1;;;;823;20/06/2023;04:38:39;28.08;;;;823;20/06/2023;04:38:17;28.09;;;;
824;20/06/2023;04:37:47;28.08;;;;824;20/06/2023;04:39:38;28.05;;;;824;20/06/2023;04:39:17;28.08;;;;
825;20/06/2023;04:38:46;28.08;;;;825;20/06/2023;04:40:38;28.06;;;;825;20/06/2023;04:40:17;28.08;;;;
826;20/06/2023;04:39:46;28.1;;;;826;20/06/2023;04:41:38;28.06;;;;826;20/06/2023;04:41:17;28.08;;;;
827;20/06/2023;04:40:46;28.08;;;;827;20/06/2023;04:42:38;28.04;;;;827;20/06/2023;04:42:16;28.05;;;;
828;20/06/2023;04:41:46;28.09;;;;828;20/06/2023;04:43:38;28.05;;;;828;20/06/2023;04:43:16;28.05;;;;
829;20/06/2023;04:42:46;28.07;;;;829;20/06/2023;04:44:38;28.05;;;;829;20/06/2023;04:44:16;28.05;;;;
830;20/06/2023;04:43:46;28.08;;;;830;20/06/2023;04:45:38;28.04;;;;830;20/06/2023;04:45:16;28.04;;;;
831;20/06/2023;04:44:46;28.05;;;;831;20/06/2023;04:46:38;28.05;;;;831;20/06/2023;04:46:16;28.04;;;;
832;20/06/2023;04:45:46;28.08;;;;832;20/06/2023;04:47:38;28.02;Synchronized;;;832;20/06/2023;04:47:16;28.04;;;;
833;20/06/2023;04:46:46;28.05;;;;833;20/06/2023;04:48:38;28.02;;;;833;20/06/2023;04:48:16;28.02;;;;
834;20/06/2023;04:47:46;28.03;;;;834;20/06/2023;04:49:38;28.01;;;;834;20/06/2023;04:49:16;28.01;;;;
835;20/06/2023;04:48:46;28.04;;;;835;20/06/2023;04:50:38;28.02;;;;835;20/06/2023;04:50:15;28.02;;;;
836;20/06/2023;04:49:46;28.05;;;;836;20/06/2023;04:51:38;28.01;;;;836;20/06/2023;04:51:15;28.02;;;;
837;20/06/2023;04:50:46;28.05;;;;837;20/06/2023;04:52:38;28.01;;;;837;20/06/2023;04:52:15;28;;;;
838;20/06/2023;04:51:46;28.04;;;;838;20/06/2023;04:53:38;27.99;;;;838;20/06/2023;04:53:15;27.98;;;;
839;20/06/2023;04:52:46;28;;;;839;20/06/2023;04:54:38;27.99;;;;839;20/06/2023;04:54:15;28;;;;
840;20/06/2023;04:53:46;28.02;;;;840;20/06/2023;04:55:38;27.98;;;;840;20/06/2023;04:55:15;27.97;;;;
841;20/06/2023;04:54:46;28.01;;;;841;20/06/2023;04:56:38;27.96;;;;841;20/06/2023;04:56:15;27.99;;;;
842;20/06/2023;04:55:46;28.02;;;;842;20/06/2023;04:57:38;27.97;;;;842;20/06/2023;04:57:15;27.97;;;;
843;20/06/2023;04:56:46;28.02;;;;843;20/06/2023;04:58:38;27.97;;;;843;20/06/2023;04:58:15;27.95;;;;
844;20/06/2023;04:57:46;28.01;;;;844;20/06/2023;04:59:38;27.98;;;;844;20/06/2023;04:59:15;27.98;;;;
845;20/06/2023;04:58:46;28;;;;845;20/06/2023;05:00:38;27.96;;;;845;20/06/2023;05:00:14;27.98;;;;
846;20/06/2023;04:59:46;28.01;;;;846;20/06/2023;05:01:38;27.95;;;;846;20/06/2023;05:01:14;27.95;;;;
847;20/06/2023;05:00:46;28.02;;;;847;20/06/2023;05:02:38;27.95;;;;847;20/06/2023;05:02:14;27.95;;;;
848;20/06/2023;05:01:46;27.99;;;;848;20/06/2023;05:03:38;27.95;;;;848;20/06/2023;05:03:14;27.95;Synchronized;;;
849;20/06/2023;05:02:46;27.98;;;;849;20/06/2023;05:04:38;27.93;;;;849;20/06/2023;05:04:14;27.95;;;;
850;20/06/2023;05:03:46;27.99;;;;850;20/06/2023;05:05:38;27.91;;;;850;20/06/2023;05:05:14;27.91;;;;
851;20/06/2023;05:04:46;27.98;;;;851;20/06/2023;05:06:38;27.92;;;;851;20/06/2023;05:06:14;27.91;;;;
852;20/06/2023;05:05:46;27.95;;;;852;20/06/2023;05:07:38;27.91;;;;852;20/06/2023;05:07:14;27.9;;;;
853;20/06/2023;05:06:46;27.95;;;;853;20/06/2023;05:08:38;27.91;;;;853;20/06/2023;05:08:14;27.9;;;;
854;20/06/2023;05:07:46;27.94;;;;854;20/06/2023;05:09:38;27.89;;;;854;20/06/2023;05:09:13;27.89;;;;
855;20/06/2023;05:08:46;27.96;;;;855;20/06/2023;05:10:38;27.88;;;;855;20/06/2023;05:10:13;27.89;;;;
856;20/06/2023;05:09:46;27.95;;;;856;20/06/2023;05:11:38;27.89;;;;856;20/06/2023;05:11:13;27.89;;;;
857;20/06/2023;05:10:46;27.94;;;;857;20/06/2023;05:12:38;27.88;;;;857;20/06/2023;05:12:13;27.88;;;;
858;20/06/2023;05:11:46;27.93;;;;858;20/06/2023;05:13:38;27.89;;;;858;20/06/2023;05:13:13;27.88;;;;
859;20/06/2023;05:12:46;27.93;;;;859;20/06/2023;05:14:37;27.87;;;;859;20/06/2023;05:14:13;27.88;;;;
860;20/06/2023;05:13:46;27.93;;;;860;20/06/2023;05:15:37;27.84;;;;860;20/06/2023;05:15:13;27.85;;;;
861;20/06/2023;05:14:46;27.91;;;;861;20/06/2023;05:16:37;27.84;;;;861;20/06/2023;05:16:13;27.84;;;;
862;20/06/2023;05:15:46;27.88;;;;862;20/06/2023;05:17:37;27.82;;;;862;20/06/2023;05:17:13;27.83;;;;
863;20/06/2023;05:16:46;27.89;;;;863;20/06/2023;05:18:37;27.81;;;;863;20/06/2023;05:18:13;27.8;;;;
864;20/06/2023;05:17:46;27.88;;;;864;20/06/2023;05:19:37;27.78;;;;864;20/06/2023;05:19:12;27.8;;;;
865;20/06/2023;05:18:46;27.88;;;;865;20/06/2023;05:20:37;27.77;;;;865;20/06/2023;05:20:12;27.8;;;;
866;20/06/2023;05:19:46;27.84;;;;866;20/06/2023;05:21:37;27.77;;;;866;20/06/2023;05:21:12;27.77;;;;
867;20/06/2023;05:20:46;27.84;;;;867;20/06/2023;05:22:37;27.73;;;;867;20/06/2023;05:22:12;27.71;;;;
868;20/06/2023;05:21:46;27.8;;;;868;20/06/2023;05:23:37;27.72;;;;868;20/06/2023;05:23:12;27.69;;;;
869;20/06/2023;05:22:46;27.77;;;;869;20/06/2023;05:24:37;27.73;;;;869;20/06/2023;05:24:12;27.7;;;;
870;20/06/2023;05:23:46;27.78;;;;870;20/06/2023;05:25:37;27.73;;;;870;20/06/2023;05:25:12;27.71;;;;
871;20/06/2023;05:24:46;27.77;;;;871;20/06/2023;05:26:37;27.73;;;;871;20/06/2023;05:26:12;27.72;;;;
872;20/06/2023;05:25:46;27.77;;;;872;20/06/2023;05:27:37;27.75;;;;872;20/06/2023;05:27:12;27.73;;;;
873;20/06/2023;05:26:46;27.79;;;;873;20/06/2023;05:28:37;27.73;;;;873;20/06/2023;05:28:12;27.77;;;;
874;20/06/2023;05:27:46;27.77;;;;874;20/06/2023;05:29:37;27.75;;;;874;20/06/2023;05:29:12;27.73;;;;
875;20/06/2023;05:28:46;27.79;;;;875;20/06/2023;05:30:37;27.75;;;;875;20/06/2023;05:30:12;27.73;;;;
876;20/06/2023;05:29:46;27.8;;;;876;20/06/2023;05:31:37;27.76;;;;876;20/06/2023;05:31:11;27.73;;;;
877;20/06/2023;05:30:46;27.8;;;;877;20/06/2023;05:32:37;27.73;;;;877;20/06/2023;05:32:11;27.73;;;;
878;20/06/2023;05:31:46;27.79;;;;878;20/06/2023;05:33:37;27.7;;;;878;20/06/2023;05:33:11;27.69;;;;
879;20/06/2023;05:32:46;27.77;;;;879;20/06/2023;05:34:37;27.7;;;;879;20/06/2023;05:34:11;27.67;;;;
880;20/06/2023;05:33:46;27.76;;;;880;20/06/2023;05:35:37;27.69;;;;880;20/06/2023;05:35:11;27.67;;;;
881;20/06/2023;05:34:46;27.73;;;;881;20/06/2023;05:36:37;27.7;;;;881;20/06/2023;05:36:11;27.66;;;;
882;20/06/2023;05:35:46;27.73;;;;882;20/06/2023;05:37:37;27.7;;;;882;20/06/2023;05:37:11;27.68;;;;
883;20/06/2023;05:36:46;27.77;;;;883;20/06/2023;05:38:37;27.7;;;;883;20/06/2023;05:38:11;27.67;;;;
884;20/06/2023;05:37:46;27.73;;;;884;20/06/2023;05:39:37;27.69;;;;884;20/06/2023;05:39:11;27.67;;;;
885;20/06/2023;05:38:46;27.74;;;;885;20/06/2023;05:40:37;27.68;;;;885;20/06/2023;05:40:11;27.66;;;;
886;20/06/2023;05:39:46;27.73;;;;886;20/06/2023;05:41:37;27.66;;;;886;20/06/2023;05:41:11;27.68;;;;
887;20/06/2023;05:40:46;27.74;;;;887;20/06/2023;05:42:37;27.67;;;;887;20/06/2023;05:42:10;27.66;;;;
888;20/06/2023;05:41:46;27.7;;;;888;20/06/2023;05:43:37;27.66;;;;888;20/06/2023;05:43:10;27.67;;;;
889;20/06/2023;05:42:46;27.73;;;;889;20/06/2023;05:44:37;27.7;;;;889;20/06/2023;05:44:10;27.66;;;;
890;20/06/2023;05:43:46;27.74;;;;890;20/06/2023;05:45:37;27.67;;;;890;20/06/2023;05:45:10;27.65;;;;
891;20/06/2023;05:44:46;27.72;;;;891;20/06/2023;05:46:37;27.67;;;;891;20/06/2023;05:46:10;27.64;;;;
892;20/06/2023;05:45:46;27.71;;;;892;20/06/2023;05:47:37;27.66;;;;892;20/06/2023;05:47:10;27.66;;;;
893;20/06/2023;05:46:46;27.72;;;;893;20/06/2023;05:48:37;27.66;;;;893;20/06/2023;05:48:10;27.65;;;;
894;20/06/2023;05:47:46;27.72;;;;894;20/06/2023;05:49:37;27.66;;;;894;20/06/2023;05:49:10;27.65;;;;
895;20/06/2023;05:48:46;27.7;;;;895;20/06/2023;05:50:37;27.66;;;;895;20/06/2023;05:50:10;27.65;;;;
896;20/06/2023;05:49:46;27.7;;;;896;20/06/2023;05:51:37;27.64;;;;896;20/06/2023;05:51:10;27.65;;;;
897;20/06/2023;05:50:46;27.69;;;;897;20/06/2023;05:52:37;27.65;;;;897;20/06/2023;05:52:10;27.64;;;;
898;20/06/2023;05:51:46;27.7;;;;898;20/06/2023;05:53:37;27.63;;;;898;20/06/2023;05:53:10;27.63;;;;
899;20/06/2023;05:52:46;27.69;;;;899;20/06/2023;05:54:37;27.63;;;;899;20/06/2023;05:54:10;27.61;;;;
900;20/06/2023;05:53:46;27.66;;;;900;20/06/2023;05:55:37;27.59;;;;900;20/06/2023;05:55:09;27.62;;;;
901;20/06/2023;05:54:46;27.66;;;;901;20/06/2023;05:56:37;27.59;;;;901;20/06/2023;05:56:09;27.61;;;;
902;20/06/2023;05:55:46;27.65;;;;902;20/06/2023;05:57:37;27.6;;;;902;20/06/2023;05:57:09;27.59;;;;
903;20/06/2023;05:56:46;27.64;;;;903;20/06/2023;05:58:37;27.61;;;;903;20/06/2023;05:58:09;27.6;;;;
904;20/06/2023;05:57:46;27.63;;;;904;20/06/2023;05:59:37;27.59;;;;904;20/06/2023;05:59:09;27.6;;;;
905;20/06/2023;05:58:46;27.65;;;;905;20/06/2023;06:00:37;27.61;;;;905;20/06/2023;06:00:09;27.62;;;;
906;20/06/2023;05:59:46;27.63;;;;906;20/06/2023;06:01:37;27.59;;;;906;20/06/2023;06:01:09;27.6;;;;
907;20/06/2023;06:00:46;27.65;;;;907;20/06/2023;06:02:37;27.6;;;;907;20/06/2023;06:02:09;27.6;;;;
908;20/06/2023;06:01:46;27.63;;;;908;20/06/2023;06:03:37;27.59;;;;908;20/06/2023;06:03:09;27.59;;;;
909;20/06/2023;06:02:46;27.65;;;;909;20/06/2023;06:04:37;27.6;;;;909;20/06/2023;06:04:09;27.6;Synchronized;;;
910;20/06/2023;06:03:46;27.63;;;;910;20/06/2023;06:05:37;27.61;;;;910;20/06/2023;06:05:09;27.62;;;;
911;20/06/2023;06:04:46;27.64;;;;911;20/06/2023;06:06:37;27.61;;;;911;20/06/2023;06:06:09;27.6;;;;
912;20/06/2023;06:05:46;27.63;;;;912;20/06/2023;06:07:36;27.59;;;;912;20/06/2023;06:07:09;27.59;;;;
913;20/06/2023;06:06:46;27.63;;;;913;20/06/2023;06:08:36;27.6;;;;913;20/06/2023;06:08:09;27.59;;;;
914;20/06/2023;06:07:46;27.63;;;;914;20/06/2023;06:09:36;27.6;;;;914;20/06/2023;06:09:08;27.61;;;;
915;20/06/2023;06:08:46;27.63;;;;915;20/06/2023;06:10:36;27.6;;;;915;20/06/2023;06:10:08;27.62;;;;
916;20/06/2023;06:09:46;27.64;;;;916;20/06/2023;06:11:36;27.61;;;;916;20/06/2023;06:11:08;27.6;;;;
917;20/06/2023;06:10:46;27.64;;;;917;20/06/2023;06:12:36;27.6;;;;917;20/06/2023;06:12:08;27.61;;;;
918;20/06/2023;06:11:46;27.63;;;;918;20/06/2023;06:13:36;27.59;;;;918;20/06/2023;06:13:08;27.61;;;;
919;20/06/2023;06:12:46;27.64;;;;919;20/06/2023;06:14:36;27.6;;;;919;20/06/2023;06:14:08;27.63;;;;
920;20/06/2023;06:13:46;27.66;;;;920;20/06/2023;06:15:36;27.63;;;;920;20/06/2023;06:15:08;27.6;;;;
921;20/06/2023;06:14:46;27.64;;;;921;20/06/2023;06:16:36;27.6;;;;921;20/06/2023;06:16:08;27.6;;;;
922;20/06/2023;06:15:46;27.63;;;;922;20/06/2023;06:17:36;27.63;;;;922;20/06/2023;06:17:08;27.61;;;;
923;20/06/2023;06:16:46;27.63;;;;923;20/06/2023;06:18:36;27.63;;;;923;20/06/2023;06:18:08;27.62;;;;
924;20/06/2023;06:17:46;27.63;;;;924;20/06/2023;06:19:36;27.6;;;;924;20/06/2023;06:19:08;27.63;;;;
925;20/06/2023;06:18:46;27.62;;;;925;20/06/2023;06:20:36;27.6;;;;925;20/06/2023;06:20:08;27.61;;;;
926;20/06/2023;06:19:46;27.63;;;;926;20/06/2023;06:21:36;27.59;;;;926;20/06/2023;06:21:07;27.62;;;;
927;20/06/2023;06:20:46;27.63;;;;927;20/06/2023;06:22:36;27.6;;;;927;20/06/2023;06:22:07;27.61;;;;
928;20/06/2023;06:21:46;27.64;;;;928;20/06/2023;06:23:36;27.61;;;;928;20/06/2023;06:23:07;27.6;;;;
929;20/06/2023;06:22:46;27.62;;;;929;20/06/2023;06:24:36;27.59;;;;929;20/06/2023;06:24:07;27.6;;;;
930;20/06/2023;06:23:46;27.59;;;;930;20/06/2023;06:25:36;27.6;;;;930;20/06/2023;06:25:07;27.59;;;;
931;20/06/2023;06:24:46;27.62;;;;931;20/06/2023;06:26:36;27.56;;;;931;20/06/2023;06:26:07;27.56;;;;
932;20/06/2023;06:25:46;27.61;;;;932;20/06/2023;06:27:36;27.54;Synchronized;;;932;20/06/2023;06:27:07;27.56;;;;
933;20/06/2023;06:26:46;27.59;;;;933;20/06/2023;06:28:36;27.52;;;;933;20/06/2023;06:28:07;27.56;;;;
934;20/06/2023;06:27:46;27.58;;;;934;20/06/2023;06:29:36;27.53;;;;934;20/06/2023;06:29:07;27.52;;;;
935;20/06/2023;06:28:46;27.59;;;;935;20/06/2023;06:30:36;27.52;;;;935;20/06/2023;06:30:07;27.52;;;;
936;20/06/2023;06:29:46;27.57;;;;936;20/06/2023;06:31:36;27.52;;;;936;20/06/2023;06:31:07;27.5;;;;
937;20/06/2023;06:30:46;27.55;;;;937;20/06/2023;06:32:35;27.51;;;;937;20/06/2023;06:32:07;27.52;;;;
938;20/06/2023;06:31:46;27.56;;;;938;20/06/2023;06:33:35;27.51;;;;938;20/06/2023;06:33:07;27.51;;;;
939;20/06/2023;06:32:46;27.55;;;;939;20/06/2023;06:34:35;27.51;;;;939;20/06/2023;06:34:07;27.52;;;;
940;20/06/2023;06:33:46;27.55;;;;940;20/06/2023;06:35:35;27.49;;;;940;20/06/2023;06:35:07;27.52;;;;
941;20/06/2023;06:34:46;27.53;;;;941;20/06/2023;06:36:35;27.51;;;;941;20/06/2023;06:36:06;27.5;;;;
942;20/06/2023;06:35:46;27.54;;;;942;20/06/2023;06:37:35;27.52;;;;942;20/06/2023;06:37:06;27.52;;;;
943;20/06/2023;06:36:46;27.55;;;;943;20/06/2023;06:38:35;27.49;;;;943;20/06/2023;06:38:06;27.52;;;;
944;20/06/2023;06:37:46;27.54;;;;944;20/06/2023;06:39:35;27.48;;;;944;20/06/2023;06:39:06;27.51;;;;
945;20/06/2023;06:38:46;27.52;;;;945;20/06/2023;06:40:35;27.51;;;;945;20/06/2023;06:40:06;27.51;;;;
946;20/06/2023;06:39:46;27.55;;;;946;20/06/2023;06:41:35;27.49;;;;946;20/06/2023;06:41:06;27.48;;;;
947;20/06/2023;06:40:46;27.55;;;;947;20/06/2023;06:42:35;27.48;;;;947;20/06/2023;06:42:06;27.5;;;;
948;20/06/2023;06:41:46;27.53;;;;948;20/06/2023;06:43:35;27.49;;;;948;20/06/2023;06:43:06;27.45;;;;
949;20/06/2023;06:42:46;27.52;;;;949;20/06/2023;06:44:35;27.51;;;;949;20/06/2023;06:44:06;27.47;;;;
950;20/06/2023;06:43:46;27.54;;;;950;20/06/2023;06:45:35;27.51;;;;950;20/06/2023;06:45:06;27.48;;;;
951;20/06/2023;06:44:46;27.55;;;;951;20/06/2023;06:46:35;27.52;;;;951;20/06/2023;06:46:06;27.48;;;;
952;20/06/2023;06:45:46;27.54;;;;952;20/06/2023;06:47:35;27.48;;;;952;20/06/2023;06:47:06;27.49;;;;
953;20/06/2023;06:46:46;27.54;;;;953;20/06/2023;06:48:35;27.48;;;;953;20/06/2023;06:48:06;27.48;;;;
954;20/06/2023;06:47:46;27.55;;;;954;20/06/2023;06:49:35;27.46;;;;954;20/06/2023;06:49:06;27.48;;;;
955;20/06/2023;06:48:47;27.53;;;;955;20/06/2023;06:50:35;27.45;;;;955;20/06/2023;06:50:06;27.48;;;;
956;20/06/2023;06:49:47;27.53;;;;956;20/06/2023;06:51:35;27.43;;;;956;20/06/2023;06:51:06;27.45;;;;
957;20/06/2023;06:50:47;27.5;;;;957;20/06/2023;06:52:35;27.43;;;;957;20/06/2023;06:52:06;27.45;;;;
958;20/06/2023;06:51:47;27.52;;;;958;20/06/2023;06:53:34;27.47;;;;958;20/06/2023;06:53:05;27.49;;;;
959;20/06/2023;06:52:47;27.51;;;;959;20/06/2023;06:54:34;27.45;;;;959;20/06/2023;06:54:05;27.47;;;;
960;20/06/2023;06:53:47;27.49;;;;960;20/06/2023;06:55:34;27.45;;;;960;20/06/2023;06:55:05;27.47;;;;
961;20/06/2023;06:54:47;27.52;;;;961;20/06/2023;06:56:34;27.48;;;;961;20/06/2023;06:56:05;27.45;;;;
962;20/06/2023;06:55:47;27.52;;;;962;20/06/2023;06:57:34;27.46;;;;962;20/06/2023;06:57:05;27.5;;;;
963;20/06/2023;06:56:47;27.52;;;;963;20/06/2023;06:58:34;27.45;;;;963;20/06/2023;06:58:05;27.48;;;;
964;20/06/2023;06:57:47;27.52;;;;964;20/06/2023;06:59:34;27.42;;;;964;20/06/2023;06:59:05;27.48;;;;
965;20/06/2023;06:58:47;27.5;;;;965;20/06/2023;07:00:34;27.41;;;;965;20/06/2023;07:00:05;27.44;;;;
966;20/06/2023;06:59:47;27.5;;;;966;20/06/2023;07:01:34;27.39;;;;966;20/06/2023;07:01:05;27.44;;;;
967;20/06/2023;07:00:47;27.49;;;;967;20/06/2023;07:02:34;27.4;;;;967;20/06/2023;07:02:05;27.41;;;;
968;20/06/2023;07:01:47;27.45;;;;968;20/06/2023;07:03:34;27.38;;;;968;20/06/2023;07:03:05;27.39;;;;
969;20/06/2023;07:02:47;27.45;;;;969;20/06/2023;07:04:34;27.36;;;;969;20/06/2023;07:04:05;27.4;;;;
970;20/06/2023;07:03:47;27.45;;;;970;20/06/2023;07:05:34;27.34;;;;970;20/06/2023;07:05:05;27.38;;;;
971;20/06/2023;07:04:47;27.43;;;;971;20/06/2023;07:06:34;27.35;;;;971;20/06/2023;07:06:05;27.36;;;;
972;20/06/2023;07:05:47;27.39;;;;972;20/06/2023;07:07:34;27.31;;;;972;20/06/2023;07:07:05;27.35;;;;
973;20/06/2023;07:06:47;27.38;;;;973;20/06/2023;07:08:34;27.29;;;;973;20/06/2023;07:08:05;27.33;;;;
974;20/06/2023;07:07:47;27.38;;;;974;20/06/2023;07:09:34;27.24;;;;974;20/06/2023;07:09:05;27.31;;;;
975;20/06/2023;07:08:47;27.34;;;;975;20/06/2023;07:10:34;27.23;;;;975;20/06/2023;07:10:05;27.28;;;;
976;20/06/2023;07:09:47;27.32;;;;976;20/06/2023;07:11:34;27.23;;;;976;20/06/2023;07:11:05;27.25;;;;
977;20/06/2023;07:10:47;27.31;;;;977;20/06/2023;07:12:34;27.2;;;;977;20/06/2023;07:12:05;27.26;;;;
978;20/06/2023;07:11:47;27.27;;;;978;20/06/2023;07:13:34;27.19;;;;978;20/06/2023;07:13:05;27.23;;;;
979;20/06/2023;07:12:47;27.29;;;;979;20/06/2023;07:14:34;27.19;;;;979;20/06/2023;07:14:04;27.23;;;;
980;20/06/2023;07:13:47;27.24;;;;980;20/06/2023;07:15:34;27.19;;;;980;20/06/2023;07:15:04;27.23;;;;
981;20/06/2023;07:14:47;27.27;;;;981;20/06/2023;07:16:34;27.16;;;;981;20/06/2023;07:16:04;27.19;;;;
982;20/06/2023;07:15:47;27.24;;;;982;20/06/2023;07:17:34;27.12;;;;982;20/06/2023;07:17:04;27.2;;;;
983;20/06/2023;07:16:47;27.23;;;;983;20/06/2023;07:18:34;27.16;;;;983;20/06/2023;07:18:04;27.2;;;;
984;20/06/2023;07:17:47;27.22;;;;984;20/06/2023;07:19:34;27.15;;;;984;20/06/2023;07:19:04;27.2;;;;
985;20/06/2023;07:18:47;27.2;;;;985;20/06/2023;07:20:34;27.14;;;;985;20/06/2023;07:20:04;27.2;;;;
986;20/06/2023;07:19:47;27.22;;;;986;20/06/2023;07:21:34;27.16;;;;986;20/06/2023;07:21:04;27.2;;;;
987;20/06/2023;07:20:47;27.22;;;;987;20/06/2023;07:22:33;27.16;;;;987;20/06/2023;07:22:04;27.23;;;;
988;20/06/2023;07:21:48;27.24;;;;988;20/06/2023;07:23:33;27.16;;;;988;20/06/2023;07:23:04;27.23;;;;
989;20/06/2023;07:22:48;27.25;;;;989;20/06/2023;07:24:33;27.18;;;;989;20/06/2023;07:24:04;27.23;;;;
990;20/06/2023;07:23:48;27.24;;;;990;20/06/2023;07:25:33;27.18;;;;990;20/06/2023;07:25:04;27.25;;;;
991;20/06/2023;07:24:48;27.24;;;;991;20/06/2023;07:26:33;27.16;;;;991;20/06/2023;07:26:04;27.23;;;;
992;20/06/2023;07:25:48;27.26;;;;992;20/06/2023;07:27:33;27.15;;;;992;20/06/2023;07:27:04;27.2;;;;
993;20/06/2023;07:26:48;27.23;;;;993;20/06/2023;07:28:33;27.13;;;;993;20/06/2023;07:28:04;27.2;;;;
994;20/06/2023;07:27:48;27.24;;;;994;20/06/2023;07:29:33;27.14;;;;994;20/06/2023;07:29:04;27.18;;;;
995;20/06/2023;07:28:48;27.22;;;;995;20/06/2023;07:30:33;27.15;;;;995;20/06/2023;07:30:04;27.2;Synchronized;;;
996;20/06/2023;07:29:48;27.24;Synchronized;;;996;20/06/2023;07:31:33;27.03;;;;996;20/06/2023;07:31:04;27.11;;;;
997;20/06/2023;07:30:48;27.24;;;;997;20/06/2023;07:32:33;26.82;;;;997;20/06/2023;07:32:04;26.94;;;;
998;20/06/2023;07:31:48;27.16;;;;998;20/06/2023;07:33:33;26.61;;;;998;20/06/2023;07:33:03;26.7;;;;
999;20/06/2023;07:32:48;26.97;;;;999;20/06/2023;07:34:33;26.4;;;;999;20/06/2023;07:34:03;26.52;;;;
1000;20/06/2023;07:33:48;26.81;;;;1000;20/06/2023;07:35:33;26.23;;;;1000;20/06/2023;07:35:03;26.34;;;;
1001;20/06/2023;07:34:48;26.65;;;;1001;20/06/2023;07:36:33;26.13;;;;1001;20/06/2023;07:36:03;26.2;;;;
1002;20/06/2023;07:35:48;26.52;;;;1002;20/06/2023;07:37:33;26.02;;;;1002;20/06/2023;07:37:03;26.1;;;;
1003;20/06/2023;07:36:48;26.45;;;;1003;20/06/2023;07:38:33;25.94;;;;1003;20/06/2023;07:38:03;26;;;;
1004;20/06/2023;07:37:48;26.34;;;;1004;20/06/2023;07:39:33;25.86;;;;1004;20/06/2023;07:39:03;25.9;;;;
1005;20/06/2023;07:38:48;26.27;;;;1005;20/06/2023;07:40:33;25.78;;;;1005;20/06/2023;07:40:02;25.82;;;;
1006;20/06/2023;07:39:48;26.19;;;;1006;20/06/2023;07:41:33;25.73;;;;1006;20/06/2023;07:41:02;25.77;;;;
1007;20/06/2023;07:40:48;26.14;;;;1007;20/06/2023;07:42:33;25.7;;;;1007;20/06/2023;07:42:02;25.73;;;;
1008;20/06/2023;07:41:48;26.08;;;;1008;20/06/2023;07:43:33;25.7;;;;1008;20/06/2023;07:43:02;25.7;;;;
1009;20/06/2023;07:42:48;26.04;;;;1009;20/06/2023;07:44:33;25.67;;;;1009;20/06/2023;07:44:02;25.7;;;;
1010;20/06/2023;07:43:48;26.02;;;;1010;20/06/2023;07:45:33;25.63;;;;1010;20/06/2023;07:45:02;25.66;;;;
1011;20/06/2023;07:44:48;25.98;;;;1011;20/06/2023;07:46:33;25.59;;;;1011;20/06/2023;07:46:02;25.66;;;;
1012;20/06/2023;07:45:48;25.95;;;;1012;20/06/2023;07:47:33;25.55;;;;1012;20/06/2023;07:47:02;25.63;;;;
1013;20/06/2023;07:46:47;25.91;;;;1013;20/06/2023;07:48:33;25.48;;;;1013;20/06/2023;07:48:01;25.6;;;;
1014;20/06/2023;07:47:47;25.88;;;;1014;20/06/2023;07:49:32;25.48;;;;1014;20/06/2023;07:49:01;25.56;;;;
1015;20/06/2023;07:48:47;25.85;;;;1015;20/06/2023;07:50:32;25.5;;;;1015;20/06/2023;07:50:01;25.56;;;;
1016;20/06/2023;07:49:47;25.84;;;;1016;20/06/2023;07:51:32;25.53;;;;1016;20/06/2023;07:51:01;25.62;;;;
1017;20/06/2023;07:50:47;25.85;;;;1017;20/06/2023;07:52:32;25.54;;;;1017;20/06/2023;07:52:01;25.57;;;;
1018;20/06/2023;07:51:47;25.87;;;;1018;20/06/2023;07:53:32;25.54;;;;1018;20/06/2023;07:53:01;25.6;;;;
1019;20/06/2023;07:52:47;25.87;;;;1019;20/06/2023;07:54:32;25.55;;;;1019;20/06/2023;07:54:01;25.61;;;;
1020;20/06/2023;07:53:47;25.87;;;;1020;20/06/2023;07:55:32;25.57;;;;1020;20/06/2023;07:55:00;25.61;;;;
1021;20/06/2023;07:54:47;25.87;;;;1021;20/06/2023;07:56:32;25.58;;;;1021;20/06/2023;07:56:00;25.63;;;;
1022;20/06/2023;07:55:47;25.91;Synchronized;;;1022;20/06/2023;07:57:32;25.55;;;;1022;20/06/2023;07:57:00;25.61;;;;
1023;20/06/2023;07:56:47;25.88;;;;1023;20/06/2023;07:58:32;25.57;;;;1023;20/06/2023;07:58:00;25.63;;;;
1024;20/06/2023;07:57:47;25.88;;;;1024;20/06/2023;07:59:32;25.58;;;;1024;20/06/2023;07:59:00;25.64;;;;
1025;20/06/2023;07:58:47;25.91;;;;1025;20/06/2023;08:00:31;25.59;;;;1025;20/06/2023;08:00:00;25.66;;;;
1026;20/06/2023;07:59:47;25.91;;;;1026;20/06/2023;08:01:31;25.58;;;;1026;20/06/2023;08:01:00;25.66;;;;
1027;20/06/2023;08:00:47;25.88;;;;1027;20/06/2023;08:02:31;25.57;;;;1027;20/06/2023;08:02:00;25.66;;;;
1028;20/06/2023;08:01:47;25.91;;;;1028;20/06/2023;08:03:31;25.59;;;;1028;20/06/2023;08:02:59;25.66;;;;
1029;20/06/2023;08:02:47;25.88;;;;1029;20/06/2023;08:04:31;25.59;;;;1029;20/06/2023;08:03:59;25.69;;;;
1030;20/06/2023;08:03:47;25.86;;;;1030;20/06/2023;08:05:31;25.63;;;;1030;20/06/2023;08:04:59;25.69;;;;
1031;20/06/2023;08:04:47;25.88;;;;1031;20/06/2023;08:06:31;25.63;;;;1031;20/06/2023;08:05:59;25.7;;;;
1032;20/06/2023;08:05:47;25.88;;;;1032;20/06/2023;08:07:31;25.71;;;;1032;20/06/2023;08:06:59;25.71;;;;
1033;20/06/2023;08:06:47;25.91;;;;1033;20/06/2023;08:08:31;25.68;;;;1033;20/06/2023;08:07:59;25.8;Synchronized;;;
1034;20/06/2023;08:07:47;25.96;;;;1034;20/06/2023;08:09:31;25.71;;;;1034;20/06/2023;08:08:59;25.8;;;;
1035;20/06/2023;08:08:47;25.98;;;;1035;20/06/2023;08:10:31;25.71;;;;1035;20/06/2023;08:09:59;25.8;;;;
1036;20/06/2023;08:09:47;26;;;;1036;20/06/2023;08:11:30;25.7;;;;1036;20/06/2023;08:10:59;25.8;;;;
1037;20/06/2023;08:10:47;26.05;;;;1037;20/06/2023;08:12:30;25.7;;;;1037;20/06/2023;08:11:59;25.82;;;;
1038;20/06/2023;08:11:47;26;;;;1038;20/06/2023;08:13:30;25.74;;;;1038;20/06/2023;08:12:58;25.86;;;;
1039;20/06/2023;08:12:46;26.02;;;;1039;20/06/2023;08:14:30;25.78;;;;1039;20/06/2023;08:13:58;25.91;;;;
1040;20/06/2023;08:13:46;26.04;;;;1040;20/06/2023;08:15:30;25.78;;;;1040;20/06/2023;08:14:58;25.93;;;;
1041;20/06/2023;08:14:46;26.03;;;;1041;20/06/2023;08:16:30;25.77;;;;1041;20/06/2023;08:15:58;25.91;;;;
1042;20/06/2023;08:15:46;26.02;;;;1042;20/06/2023;08:17:30;25.78;;;;1042;20/06/2023;08:16:58;25.91;;;;
1043;20/06/2023;08:16:46;26.04;;;;1043;20/06/2023;08:18:30;25.79;;;;1043;20/06/2023;08:17:58;25.91;;;;
1044;20/06/2023;08:17:46;26.02;;;;1044;20/06/2023;08:19:30;25.8;;;;1044;20/06/2023;08:18:58;25.9;;;;
1045;20/06/2023;08:18:46;26.03;;;;1045;20/06/2023;08:20:29;25.81;;;;1045;20/06/2023;08:19:58;25.92;;;;
1046;20/06/2023;08:19:46;26.03;;;;1046;20/06/2023;08:21:29;25.83;;;;1046;20/06/2023;08:20:58;25.94;;;;
1047;20/06/2023;08:20:46;26.03;;;;1047;20/06/2023;08:22:29;25.84;;;;1047;20/06/2023;08:21:57;25.93;;;;
1048;20/06/2023;08:21:46;26.05;;;;1048;20/06/2023;08:23:29;25.87;;;;1048;20/06/2023;08:22:57;25.95;;;;
1049;20/06/2023;08:22:46;26.05;;;;1049;20/06/2023;08:24:29;25.87;Synchronized;;;1049;20/06/2023;08:23:57;25.95;;;;
1050;20/06/2023;08:23:46;26.05;;;;1050;20/06/2023;08:25:29;25.86;;;;1050;20/06/2023;08:24:57;25.95;;;;
1051;20/06/2023;08:24:46;26.03;;;;1051;20/06/2023;08:26:29;25.88;;;;1051;20/06/2023;08:25:57;25.93;;;;
1052;20/06/2023;08:25:46;26.02;;;;1052;20/06/2023;08:27:29;25.88;;;;1052;20/06/2023;08:26:57;25.93;;;;
1053;20/06/2023;08:26:46;26.05;;;;1053;20/06/2023;08:28:28;25.92;;;;1053;20/06/2023;08:27:57;25.96;;;;
1054;20/06/2023;08:27:46;26.08;;;;1054;20/06/2023;08:29:29;25.94;;;;1054;20/06/2023;08:28:57;26;;;;
1055;20/06/2023;08:28:46;26.07;;;;1055;20/06/2023;08:30:29;25.97;;;;1055;20/06/2023;08:29:57;26.02;;;;
1056;20/06/2023;08:29:46;26.06;;;;1056;20/06/2023;08:31:28;25.97;;;;1056;20/06/2023;08:30:56;26.05;;;;
1057;20/06/2023;08:30:46;26.05;;;;1057;20/06/2023;08:32:29;25.99;;;;1057;20/06/2023;08:31:56;26.04;;;;
1058;20/06/2023;08:31:46;26.07;;;;1058;20/06/2023;08:33:28;26;;;;1058;20/06/2023;08:32:56;26.08;;;;
1059;20/06/2023;08:32:45;26.07;;;;1059;20/06/2023;08:34:28;25.98;;;;1059;20/06/2023;08:33:56;26.09;;;;
1060;20/06/2023;08:33:45;26.08;;;;1060;20/06/2023;08:35:28;25.98;;;;1060;20/06/2023;08:34:56;26.08;;;;
1061;20/06/2023;08:34:45;26.05;;;;1061;20/06/2023;08:36:28;26;;;;1061;20/06/2023;08:35:56;26.1;;;;
1062;20/06/2023;08:35:45;26.07;;;;1062;20/06/2023;08:37:28;25.98;;;;1062;20/06/2023;08:36:56;26.06;;;;
1063;20/06/2023;08:36:45;26.09;;;;1063;20/06/2023;08:38:28;25.98;;;;1063;20/06/2023;08:37:56;26.07;;;;
1064;20/06/2023;08:37:45;26.1;;;;1064;20/06/2023;08:39:28;25.96;;;;1064;20/06/2023;08:38:55;26.09;;;;
1065;20/06/2023;08:38:45;26.13;Synchronized;;;1065;20/06/2023;08:40:28;25.96;;;;1065;20/06/2023;08:39:55;26.06;;;;
1066;20/06/2023;08:39:45;26.12;;;;1066;20/06/2023;08:41:28;25.96;;;;1066;20/06/2023;08:40:55;26.07;;;;
1067;20/06/2023;08:40:45;26.13;;;;1067;20/06/2023;08:42:28;25.98;;;;1067;20/06/2023;08:41:55;26.09;;;;
1068;20/06/2023;08:41:45;26.12;;;;1068;20/06/2023;08:43:28;26;;;;1068;20/06/2023;08:42:55;26.08;;;;
1069;20/06/2023;08:42:45;26.12;;;;1069;20/06/2023;08:44:28;26.07;;;;1069;20/06/2023;08:43:55;26.13;;;;
1070;20/06/2023;08:43:45;26.17;;;;1070;20/06/2023;08:45:28;26.07;;;;1070;20/06/2023;08:44:55;26.15;;;;
1071;20/06/2023;08:44:45;26.19;;;;1071;20/06/2023;08:46:28;26.09;;;;1071;20/06/2023;08:45:55;26.16;;;;
1072;20/06/2023;08:45:45;26.2;;;;1072;20/06/2023;08:47:28;26.11;;;;1072;20/06/2023;08:46:54;26.17;;;;
1073;20/06/2023;08:46:45;26.23;;;;1073;20/06/2023;08:48:28;26.14;;;;1073;20/06/2023;08:47:54;26.23;;;;
1074;20/06/2023;08:47:45;26.27;;;;1074;20/06/2023;08:49:28;26.16;;;;1074;20/06/2023;08:48:54;26.22;;;;
1075;20/06/2023;08:48:45;26.3;;;;1075;20/06/2023;08:50:28;26.15;;;;1075;20/06/2023;08:49:54;26.23;;;;
1076;20/06/2023;08:49:44;26.29;;;;1076;20/06/2023;08:51:28;26.16;;;;1076;20/06/2023;08:50:54;26.24;;;;
1077;20/06/2023;08:50:44;26.31;;;;1077;20/06/2023;08:52:28;26.15;;;;1077;20/06/2023;08:51:54;26.26;;;;
1078;20/06/2023;08:51:44;26.3;;;;1078;20/06/2023;08:53:28;32.82;;;;1078;20/06/2023;08:52:54;26.3;Synchronized;;;
1079;20/06/2023;08:52:44;26.95;Synchronized;;;1079;20/06/2023;08:54:28;36.72;Synchronized;;;1079;20/06/2023;08:53:53;26.34;;;;
1080;20/06/2023;08:53:44;30.63;;;;1080;20/06/2023;08:55:28;37.27;Synchronized;;;1080;20/06/2023;08:54:53;26.35;;;;
1081;20/06/2023;08:54:44;31.84;;;;1081;20/06/2023;08:56:28;37.34;Synchronized;;;1081;20/06/2023;08:55:53;26.39;;;;
1082;20/06/2023;08:55:44;33.07;Synchronized;;;1082;20/06/2023;08:57:28;37.27;Synchronized;;;1082;20/06/2023;08:56:53;26.48;;;;
1083;20/06/2023;08:56:44;33.49;Synchronized;;;1083;20/06/2023;08:58:28;37.29;Synchronized;;;1083;20/06/2023;08:57:53;26.54;;;;
1084;20/06/2023;08:57:44;33.88;Synchronized;;;1084;20/06/2023;08:59:28;37.27;Synchronized;;;1084;20/06/2023;08:58:53;26.59;;;;
1085;20/06/2023;08:58:44;34.38;Synchronized;;;1085;20/06/2023;09:00:28;37.26;Synchronized;;;1085;20/06/2023;08:59:52;28.72;;;;
1086;20/06/2023;08:59:44;34.8;Synchronized;;;1086;20/06/2023;09:01:28;37.22;Synchronized;;;1086;20/06/2023;09:00:52;36.47;Synchronized;;;
1087;20/06/2023;09:00:44;35.23;Synchronized;;;1087;20/06/2023;09:02:28;37.2;Synchronized;;;1087;20/06/2023;09:01:52;37.38;Synchronized;;;
1088;20/06/2023;09:01:44;35.55;Synchronized;;;1088;20/06/2023;09:03:28;37.14;Synchronized;;;1088;20/06/2023;09:02:51;37.62;Synchronized;;;
1089;20/06/2023;09:02:44;35.85;Synchronized;;;1089;20/06/2023;09:04:28;37.11;Synchronized;;;1089;20/06/2023;09:03:51;37.66;Synchronized;;;
1090;20/06/2023;09:03:44;36.11;Synchronized;;;1090;20/06/2023;09:05:28;37.16;Synchronized;;;1090;20/06/2023;09:04:51;37.7;Synchronized;;;
1091;20/06/2023;09:04:44;36.38;Synchronized;;;1091;20/06/2023;09:06:28;37.19;Synchronized;;;1091;20/06/2023;09:05:51;37.68;;;;
1092;20/06/2023;09:05:44;36.53;Synchronized;;;1092;20/06/2023;09:07:28;37.2;Synchronized;;;1092;20/06/2023;09:06:51;37.68;Synchronized;;;
1093;20/06/2023;09:06:44;36.88;Synchronized;;;1093;20/06/2023;09:08:28;37.17;Synchronized;;;1093;20/06/2023;09:07:51;37.67;Synchronized;;;
1094;20/06/2023;09:07:44;37.05;;;;1094;20/06/2023;09:09:28;37.17;;;;1094;20/06/2023;09:08:51;37.66;;;;
1095;20/06/2023;09:08:44;37.04;;;;1095;20/06/2023;09:10:28;37.15;;;;1095;20/06/2023;09:09:51;37.66;Synchronized;;;
1096;20/06/2023;09:09:44;37.06;;;;1096;20/06/2023;09:11:28;37.16;;;;1096;20/06/2023;09:10:50;37.61;;;;
1097;20/06/2023;09:10:44;37.11;;;;1097;20/06/2023;09:12:28;37.09;Synchronized;;;1097;20/06/2023;09:11:50;37.68;;;;
1098;20/06/2023;09:11:44;37.16;Synchronized;;;1098;20/06/2023;09:13:28;37.16;;;;1098;20/06/2023;09:12:50;37.74;;;;
1099;20/06/2023;09:12:44;37.21;;;;1099;20/06/2023;09:14:28;37.19;;;;1099;20/06/2023;09:13:50;37.67;;;;
1100;20/06/2023;09:13:44;37.23;;;;1100;20/06/2023;09:15:28;37.2;;;;1100;20/06/2023;09:14:50;37.62;;;;
1101;20/06/2023;09:14:44;37.28;;;;1101;20/06/2023;09:16:28;37.21;;;;1101;20/06/2023;09:15:49;37.61;;;;
1102;20/06/2023;09:15:44;37.29;;;;1102;20/06/2023;09:17:28;37.23;;;;1102;20/06/2023;09:16:49;37.59;;;;
1103;20/06/2023;09:16:44;37.32;;;;1103;20/06/2023;09:18:28;37.13;;;;1103;20/06/2023;09:17:49;37.56;;;;
1104;20/06/2023;09:17:44;37.34;Synchronized;;;1104;20/06/2023;09:19:28;37.05;;;;1104;20/06/2023;09:18:49;37.54;;;;
1105;20/06/2023;09:18:44;37.34;;;;1105;20/06/2023;09:20:28;36.91;Synchronized;;;1105;20/06/2023;09:19:49;37.55;;;;
1106;20/06/2023;09:19:44;37.36;;;;1106;20/06/2023;09:21:28;36.94;Synchronized;;;1106;20/06/2023;09:20:49;37.52;;;;
1107;20/06/2023;09:20:44;37.35;;;;1107;20/06/2023;09:22:28;36.91;;;;1107;20/06/2023;09:21:48;37.52;;;;
1108;20/06/2023;09:21:44;37.38;;;;1108;20/06/2023;09:23:28;37.02;;;;1108;20/06/2023;09:22:48;37.45;;;;
1109;20/06/2023;09:22:44;37.36;;;;1109;20/06/2023;09:24:28;37.05;;;;1109;20/06/2023;09:23:48;37.36;;;;
1110;20/06/2023;09:23:44;37.36;;;;1110;20/06/2023;09:25:28;37.09;;;;1110;20/06/2023;09:24:48;37.31;;;;
1111;20/06/2023;09:24:44;37.36;;;;1111;20/06/2023;09:26:28;37.09;;;;1111;20/06/2023;09:25:48;37.29;;;;
1112;20/06/2023;09:25:44;37.38;;;;1112;20/06/2023;09:27:28;37.1;;;;1112;20/06/2023;09:26:48;37.23;;;;
1113;20/06/2023;09:26:44;37.38;;;;1113;20/06/2023;09:28:28;36.97;Synchronized;;;1113;20/06/2023;09:27:48;37.2;;;;
1114;20/06/2023;09:27:44;37.37;;;;1114;20/06/2023;09:29:28;36.99;Synchronized;;;1114;20/06/2023;09:28:48;37.2;;;;
1115;20/06/2023;09:28:44;37.38;;;;1115;20/06/2023;09:30:28;36.93;;;;1115;20/06/2023;09:29:47;37.19;;;;
1116;20/06/2023;09:29:44;37.37;;;;1116;20/06/2023;09:31:28;36.99;Synchronized;;;1116;20/06/2023;09:30:47;37.17;Synchronized;;;
1117;20/06/2023;09:30:44;37.38;;;;1117;20/06/2023;09:32:28;36.97;Synchronized;;;1117;20/06/2023;09:31:47;37.19;;;;
1118;20/06/2023;09:31:44;37.38;;;;1118;20/06/2023;09:33:28;36.86;Synchronized;;;1118;20/06/2023;09:32:47;37.2;;;;
1119;20/06/2023;09:32:44;37.37;;;;1119;20/06/2023;09:34:28;36.91;Synchronized;;;1119;20/06/2023;09:33:47;37.16;;;;
1120;20/06/2023;09:33:44;37.37;;;;1120;20/06/2023;09:35:28;36.98;Synchronized;;;1120;20/06/2023;09:34:47;37.17;;;;
1121;20/06/2023;09:34:44;37.36;;;;1121;20/06/2023;09:36:28;37;;;;1121;20/06/2023;09:35:47;37.18;;;;
1122;20/06/2023;09:35:44;37.34;Synchronized;;;1122;20/06/2023;09:37:28;37.02;;;;1122;20/06/2023;09:36:47;37.19;;;;
1123;20/06/2023;09:36:44;37.34;;;;1123;20/06/2023;09:38:28;37.05;;;;1123;20/06/2023;09:37:46;37.18;;;;
1124;20/06/2023;09:37:44;37.36;Synchronized;;;1124;20/06/2023;09:39:28;37.06;;;;1124;20/06/2023;09:38:46;37.18;;;;
1125;20/06/2023;09:38:44;37.34;;;;1125;20/06/2023;09:40:28;37.07;;;;1125;20/06/2023;09:39:46;37.18;;;;
1126;20/06/2023;09:39:44;37.34;Synchronized;;;1126;20/06/2023;09:41:28;37.11;;;;1126;20/06/2023;09:40:46;37.18;;;;
1127;20/06/2023;09:40:44;37.35;Synchronized;;;1127;20/06/2023;09:42:28;37.09;;;;1127;20/06/2023;09:41:46;37.19;;;;
1128;20/06/2023;09:41:44;37.34;;;;1128;20/06/2023;09:43:28;37.11;;;;1128;20/06/2023;09:42:46;37.2;;;;
1129;20/06/2023;09:42:44;37.34;Synchronized;;;1129;20/06/2023;09:44:27;37.11;;;;1129;20/06/2023;09:43:46;37.16;;;;
1130;20/06/2023;09:43:44;37.3;;;;1130;20/06/2023;09:45:27;37.1;;;;1130;20/06/2023;09:44:45;37.16;;;;
1131;20/06/2023;09:44:44;37.18;;;;1131;20/06/2023;09:46:27;37.09;;;;1131;20/06/2023;09:45:45;37.16;;;;
1132;20/06/2023;09:45:44;37.05;;;;1132;20/06/2023;09:47:27;36.98;;;;1132;20/06/2023;09:46:45;37.17;;;;
1133;20/06/2023;09:46:44;36.99;;;;1133;20/06/2023;09:48:27;37;Synchronized;;;1133;20/06/2023;09:47:45;37.17;;;;
1134;20/06/2023;09:47:44;36.74;;;;1134;20/06/2023;09:49:27;37.07;;;;1134;20/06/2023;09:48:45;37.19;Synchronized;;;
1135;20/06/2023;09:48:44;36.75;;;;1135;20/06/2023;09:50:27;37.11;;;;1135;20/06/2023;09:49:45;37.2;;;;
1136;20/06/2023;09:49:44;36.79;;;;1136;20/06/2023;09:51:27;37.11;;;;1136;20/06/2023;09:50:45;37.2;;;;
1137;20/06/2023;09:50:44;36.77;;;;1137;20/06/2023;09:52:27;37.1;;;;1137;20/06/2023;09:51:45;37.16;;;;
1138;20/06/2023;09:51:44;36.82;;;;1138;20/06/2023;09:53:27;37.08;;;;1138;20/06/2023;09:52:44;37.09;;;;
1139;20/06/2023;09:52:44;36.87;Synchronized;;;1139;20/06/2023;09:54:27;37.1;;;;1139;20/06/2023;09:53:44;37.09;;;;
1140;20/06/2023;09:53:44;36.91;;;;1140;20/06/2023;09:55:27;37.1;Synchronized;;;1140;20/06/2023;09:54:44;37.06;;;;
1141;20/06/2023;09:54:44;36.95;;;;1141;20/06/2023;09:56:27;37.12;Synchronized;;;1141;20/06/2023;09:55:44;37.05;Synchronized;;;
1142;20/06/2023;09:55:44;36.98;;;;1142;20/06/2023;09:57:27;37.11;Synchronized;;;1142;20/06/2023;09:56:44;37.03;;;;
1143;20/06/2023;09:56:44;37.02;;;;1143;20/06/2023;09:58:27;37.1;;;;1143;20/06/2023;09:57:44;37.04;;;;
1144;20/06/2023;09:57:44;37.05;Synchronized;;;1144;20/06/2023;09:59:27;37.05;;;;1144;20/06/2023;09:58:44;37.04;;;;
1145;20/06/2023;09:58:44;37.07;;;;1145;20/06/2023;10:00:27;36.99;;;;1145;20/06/2023;09:59:43;37.05;;;;
1146;20/06/2023;09:59:44;37.11;;;;1146;20/06/2023;10:01:27;37.05;Synchronized;;;1146;20/06/2023;10:00:43;37.05;;;;
1147;20/06/2023;10:00:44;37.13;;;;1147;20/06/2023;10:02:27;36.99;Synchronized;;;1147;20/06/2023;10:01:43;37.06;;;;
1148;20/06/2023;10:01:44;37.13;;;;1148;20/06/2023;10:03:27;36.91;;;;1148;20/06/2023;10:02:43;37.07;;;;
1149;20/06/2023;10:02:44;37.19;Synchronized;;;1149;20/06/2023;10:04:27;36.88;;;;1149;20/06/2023;10:03:43;37.07;;;;
1150;20/06/2023;10:03:44;37.2;Synchronized;;;1150;20/06/2023;10:05:27;36.98;;;;1150;20/06/2023;10:04:43;37.07;;;;
1151;20/06/2023;10:04:44;37.2;Synchronized;;;1151;20/06/2023;10:06:27;36.95;;;;1151;20/06/2023;10:05:43;37.06;;;;
1152;20/06/2023;10:05:44;37.2;;;;1152;20/06/2023;10:07:27;36.93;;;;1152;20/06/2023;10:06:43;37.08;;;;
1153;20/06/2023;10:06:44;37.18;;;;1153;20/06/2023;10:08:27;36.97;;;;1153;20/06/2023;10:07:42;37.09;;;;
1154;20/06/2023;10:07:44;37.21;;;;1154;20/06/2023;10:09:27;36.97;;;;1154;20/06/2023;10:08:42;37.09;;;;
1155;20/06/2023;10:08:44;37.2;;;;1155;20/06/2023;10:10:27;37;Synchronized;;;1155;20/06/2023;10:09:42;37.09;;;;
1156;20/06/2023;10:09:44;37.2;;;;1156;20/06/2023;10:11:27;37.02;;;;1156;20/06/2023;10:10:42;37.09;;;;
1157;20/06/2023;10:10:44;37.19;;;;1157;20/06/2023;10:12:27;37.02;;;;1157;20/06/2023;10:11:42;37.13;;;;
1158;20/06/2023;10:11:44;37.2;;;;1158;20/06/2023;10:13:27;36.97;;;;1158;20/06/2023;10:12:42;37.09;;;;
1159;20/06/2023;10:12:44;37.2;Synchronized;;;1159;20/06/2023;10:14:27;36.81;Synchronized;;;1159;20/06/2023;10:13:42;37.01;;;;
1160;20/06/2023;10:13:44;37.19;Synchronized;;;1160;20/06/2023;10:15:27;36.65;Synchronized;;;1160;20/06/2023;10:14:42;36.77;;;;
1161;20/06/2023;10:14:44;37.2;;;;1161;20/06/2023;10:16:27;36.5;Synchronized;;;1161;20/06/2023;10:15:42;36.57;Synchronized;;;
1162;20/06/2023;10:15:44;37.17;;;;1162;20/06/2023;10:17:27;36.49;Synchronized;;;1162;20/06/2023;10:16:41;36.49;;;;
1163;20/06/2023;10:16:44;37.18;Synchronized;;;1163;20/06/2023;10:18:27;36.55;Synchronized;;;1163;20/06/2023;10:17:41;36.48;;;;
1164;20/06/2023;10:17:44;37.16;;;;1164;20/06/2023;10:19:27;36.52;Synchronized;;;1164;20/06/2023;10:18:41;36.41;;;;
1165;20/06/2023;10:18:44;37.16;;;;1165;20/06/2023;10:20:27;36.59;Synchronized;;;1165;20/06/2023;10:19:41;36.38;;;;
1166;20/06/2023;10:19:44;37.13;;;;1166;20/06/2023;10:21:27;36.62;Synchronized;;;1166;20/06/2023;10:20:41;36.41;;;;
1167;20/06/2023;10:20:44;37.13;;;;1167;20/06/2023;10:22:27;36.66;Synchronized;;;1167;20/06/2023;10:21:41;36.43;Synchronized;;;
1168;20/06/2023;10:21:44;37.12;;;;1168;20/06/2023;10:23:27;36.73;;;;1168;20/06/2023;10:22:41;36.53;;;;
1169;20/06/2023;10:22:44;37.13;;;;1169;20/06/2023;10:24:27;36.62;;;;1169;20/06/2023;10:23:40;36.6;;;;
1170;20/06/2023;10:23:44;37.12;Synchronized;;;1170;20/06/2023;10:25:27;36.67;Synchronized;;;1170;20/06/2023;10:24:40;36.67;;;;
1171;20/06/2023;10:24:44;37.09;Synchronized;;;1171;20/06/2023;10:26:27;36.52;;;;1171;20/06/2023;10:25:40;36.73;;;;
1172;20/06/2023;10:25:44;36.95;;;;1172;20/06/2023;10:27:27;36.54;;;;1172;20/06/2023;10:26:40;36.8;;;;
1173;20/06/2023;10:26:44;36.82;;;;1173;20/06/2023;10:28:27;36.53;;;;1173;20/06/2023;10:27:40;36.85;;;;
1174;20/06/2023;10:27:44;36.71;;;;1174;20/06/2023;10:29:27;36.19;;;;1174;20/06/2023;10:28:40;36.89;;;;
1175;20/06/2023;10:28:44;36.59;;;;1175;20/06/2023;10:30:27;36.25;;;;1175;20/06/2023;10:29:40;36.93;;;;
1176;20/06/2023;10:29:44;36.45;;;;1176;20/06/2023;10:31:27;36.27;;;;1176;20/06/2023;10:30:39;36.98;;;;
1177;20/06/2023;10:30:44;36.46;;;;1177;20/06/2023;10:32:27;36.38;;;;1177;20/06/2023;10:31:39;37.03;;;;
1178;20/06/2023;10:31:44;36.49;;;;1178;20/06/2023;10:33:27;36.49;;;;1178;20/06/2023;10:32:39;37.04;;;;
1179;20/06/2023;10:32:44;36.55;;;;1179;20/06/2023;10:34:27;36.48;;;;1179;20/06/2023;10:33:39;37.09;;;;
1180;20/06/2023;10:33:44;36.59;;;;1180;20/06/2023;10:35:27;36.52;;;;1180;20/06/2023;10:34:39;37.1;;;;
1181;20/06/2023;10:34:44;36.68;Synchronized;;;1181;20/06/2023;10:36:27;36.61;;;;1181;20/06/2023;10:35:39;37.13;;;;
1182;20/06/2023;10:35:44;36.7;Synchronized;;;1182;20/06/2023;10:37:27;36.72;;;;1182;20/06/2023;10:36:39;37.16;;;;
1183;20/06/2023;10:36:44;36.76;Synchronized;;;1183;20/06/2023;10:38:27;36.77;Synchronized;;;1183;20/06/2023;10:37:39;37.17;;;;
1184;20/06/2023;10:37:44;36.81;Synchronized;;;1184;20/06/2023;10:39:27;36.88;;;;1184;20/06/2023;10:38:38;37.2;;;;
1185;20/06/2023;10:38:44;36.85;Synchronized;;;1185;20/06/2023;10:40:27;36.9;;;;1185;20/06/2023;10:39:38;37.2;;;;
1186;20/06/2023;10:39:44;36.89;Synchronized;;;1186;20/06/2023;10:41:27;36.98;;;;1186;20/06/2023;10:40:38;37.2;Synchronized;;;
1187;20/06/2023;10:40:44;36.93;Synchronized;;;1187;20/06/2023;10:42:27;37.02;;;;1187;20/06/2023;10:41:38;37.2;;;;
1188;20/06/2023;10:41:44;36.98;Synchronized;;;1188;20/06/2023;10:43:27;37.07;;;;1188;20/06/2023;10:42:38;37.24;;;;
1189;20/06/2023;10:42:44;36.97;;;;1189;20/06/2023;10:44:27;37.09;;;;1189;20/06/2023;10:43:38;37.24;;;;
1190;20/06/2023;10:43:44;36.99;Synchronized;;;1190;20/06/2023;10:45:27;37.11;;;;1190;20/06/2023;10:44:38;37.22;;;;
1191;20/06/2023;10:44:44;37;Synchronized;;;1191;20/06/2023;10:46:27;37.13;;;;1191;20/06/2023;10:45:37;37.2;;;;
1192;20/06/2023;10:45:44;36.95;;;;1192;20/06/2023;10:47:26;37.15;;;;1192;20/06/2023;10:46:37;37.25;;;;
1193;20/06/2023;10:46:44;36.99;;;;1193;20/06/2023;10:48:26;37.18;;;;1193;20/06/2023;10:47:37;37.26;;;;
1194;20/06/2023;10:47:44;37.05;;;;1194;20/06/2023;10:49:26;37.2;;;;1194;20/06/2023;10:48:37;37.24;;;;
1195;20/06/2023;10:48:44;37.04;;;;1195;20/06/2023;10:50:27;33.63;;;;1195;20/06/2023;10:49:37;37.24;;;;
1196;20/06/2023;10:49:44;37.07;Synchronized;;;1196;20/06/2023;10:51:27;33.55;Synchronized;;;1196;20/06/2023;10:50:37;37.23;Synchronized;;;
1197;20/06/2023;10:50:44;37.13;Synchronized;;;1197;20/06/2023;10:52:26;34.28;;;;1197;20/06/2023;10:51:37;37.25;Synchronized;;;
1198;20/06/2023;10:51:44;37.09;Synchronized;;;1198;20/06/2023;10:53:26;34.68;;;;1198;20/06/2023;10:52:36;37.21;Synchronized;;;
1199;20/06/2023;10:52:44;37.13;Synchronized;;;1199;20/06/2023;10:54:26;35.13;Synchronized;;;1199;20/06/2023;10:53:36;36.96;;;;
1200;20/06/2023;10:53:44;37.05;Synchronized;;;1200;20/06/2023;10:55:26;35.5;;;;1200;20/06/2023;10:54:36;36.66;Synchronized;;;
1201;20/06/2023;10:54:44;37.09;Synchronized;;;1201;20/06/2023;10:56:26;35.8;Synchronized;;;1201;20/06/2023;10:55:36;36.41;Synchronized;;;
1202;20/06/2023;10:55:44;37.04;Synchronized;;;1202;20/06/2023;10:57:26;36.09;;;;1202;20/06/2023;10:56:36;36.26;;;;
1203;20/06/2023;10:56:44;37.09;Synchronized;;;1203;20/06/2023;10:58:26;36.26;;;;1203;20/06/2023;10:57:36;36.23;;;;
1204;20/06/2023;10:57:44;37.13;Synchronized;;;1204;20/06/2023;10:59:26;36.41;;;;1204;20/06/2023;10:58:36;36.23;Synchronized;;;
1205;20/06/2023;10:58:44;37.14;Synchronized;;;1205;20/06/2023;11:00:26;36.55;;;;1205;20/06/2023;10:59:36;36.3;;;;
1206;20/06/2023;10:59:44;37.16;Synchronized;;;1206;20/06/2023;11:01:26;36.69;;;;1206;20/06/2023;11:00:36;36.41;Synchronized;;;
1207;20/06/2023;11:00:44;37.25;Synchronized;;;1207;20/06/2023;11:02:26;36.75;;;;1207;20/06/2023;11:01:36;36.52;Synchronized;;;
1208;20/06/2023;11:01:44;37.29;Synchronized;;;1208;20/06/2023;11:03:26;36.84;;;;1208;20/06/2023;11:02:35;36.61;Synchronized;;;
1209;20/06/2023;11:02:44;37.3;Synchronized;;;1209;20/06/2023;11:04:26;36.87;;;;1209;20/06/2023;11:03:35;36.7;Synchronized;;;
1210;20/06/2023;11:03:44;37.28;Synchronized;;;1210;20/06/2023;11:05:26;36.93;Synchronized;;;1210;20/06/2023;11:04:35;36.8;Synchronized;;;
1211;20/06/2023;11:04:44;37.3;Synchronized;;;1211;20/06/2023;11:06:26;36.96;;;;1211;20/06/2023;11:05:35;36.87;;;;
1212;20/06/2023;11:05:44;37.29;Synchronized;;;1212;20/06/2023;11:07:26;36.99;;;;1212;20/06/2023;11:06:35;36.96;;;;
1213;20/06/2023;11:06:44;37.31;;;;1213;20/06/2023;11:08:26;37.03;;;;1213;20/06/2023;11:07:34;37.03;;;;
1214;20/06/2023;11:07:44;37.3;;;;1214;20/06/2023;11:09:26;37.05;;;;1214;20/06/2023;11:08:34;37.11;;;;
1215;20/06/2023;11:08:44;37.3;;;;1215;20/06/2023;11:10:26;37.07;;;;1215;20/06/2023;11:09:34;37.14;;;;
1216;20/06/2023;11:09:44;37.31;Synchronized;;;1216;20/06/2023;11:11:26;37.12;;;;1216;20/06/2023;11:10:34;37.17;;;;
1217;20/06/2023;11:10:44;37.29;Synchronized;;;1217;20/06/2023;11:12:26;37.14;;;;1217;20/06/2023;11:11:34;37.19;;;;
1218;20/06/2023;11:11:44;37.3;;;;1218;20/06/2023;11:13:26;37.13;Synchronized;;;1218;20/06/2023;11:12:34;37.19;;;;
1219;20/06/2023;11:12:44;37.28;Synchronized;;;1219;20/06/2023;11:14:26;37.19;Synchronized;;;1219;20/06/2023;11:13:34;37.2;;;;
1220;20/06/2023;11:13:44;37.24;Synchronized;;;1220;20/06/2023;11:15:26;37.18;;;;1220;20/06/2023;11:14:34;37.2;;;;
1221;20/06/2023;11:14:44;37.22;;;;1221;20/06/2023;11:16:26;37.2;;;;1221;20/06/2023;11:15:33;37.19;;;;
1222;20/06/2023;11:15:44;37.16;;;;1222;20/06/2023;11:17:26;37.21;;;;1222;20/06/2023;11:16:33;37.2;;;;
1223;20/06/2023;11:16:44;37.17;;;;1223;20/06/2023;11:18:26;37.2;;;;1223;20/06/2023;11:17:33;37.2;;;;
1224;20/06/2023;11:17:44;37.16;Synchronized;;;1224;20/06/2023;11:19:26;37.2;;;;1224;20/06/2023;11:18:33;37.2;;;;
1225;20/06/2023;11:18:44;37.36;Synchronized;;;1225;20/06/2023;11:20:26;37.23;;;;1225;20/06/2023;11:19:33;37.18;;;;
1226;20/06/2023;11:19:44;37.37;Synchronized;;;1226;20/06/2023;11:21:26;37.23;Synchronized;;;1226;20/06/2023;11:20:33;35.85;;;;
1227;20/06/2023;11:20:44;37.45;;;;1227;20/06/2023;11:22:26;37.22;;;;1227;20/06/2023;11:21:33;35.3;;;;
1228;20/06/2023;11:21:44;37.28;;;;1228;20/06/2023;11:23:26;37.2;;;;1228;20/06/2023;11:22:32;35.77;;;;
1229;20/06/2023;11:22:43;37.3;;;;1229;20/06/2023;11:24:26;37.22;;;;1229;20/06/2023;11:23:32;36.11;;;;
1230;20/06/2023;11:23:43;37.34;;;;1230;20/06/2023;11:25:26;37.21;;;;1230;20/06/2023;11:24:32;36.36;;;;
1231;20/06/2023;11:24:43;37.31;;;;1231;20/06/2023;11:26:26;37.24;Synchronized;;;1231;20/06/2023;11:25:32;36.55;;;;
1232;20/06/2023;11:25:43;37.3;;;;1232;20/06/2023;11:27:26;37.23;Synchronized;;;1232;20/06/2023;11:26:32;36.7;;;;
1233;20/06/2023;11:26:43;37.26;;;;1233;20/06/2023;11:28:26;37.21;Synchronized;;;1233;20/06/2023;11:27:32;36.8;Synchronized;;;
1234;20/06/2023;11:27:43;37.13;Synchronized;;;1234;20/06/2023;11:29:26;37.18;Synchronized;;;1234;20/06/2023;11:28:32;36.91;Synchronized;;;
1235;20/06/2023;11:28:43;37.09;;;;1235;20/06/2023;11:30:25;37.18;Synchronized;;;1235;20/06/2023;11:29:32;37.03;;;;
1236;20/06/2023;11:29:43;37.1;Synchronized;;;1236;20/06/2023;11:31:25;37.17;Synchronized;;;1236;20/06/2023;11:30:31;37.13;;;;
1237;20/06/2023;11:30:43;37.08;Synchronized;;;1237;20/06/2023;11:32:25;37.14;Synchronized;;;1237;20/06/2023;11:31:31;36.74;;;;
1238;20/06/2023;11:31:43;37.09;;;;1238;20/06/2023;11:33:25;37.09;;;;1238;20/06/2023;11:32:31;36.38;;;;
1239;20/06/2023;11:32:43;37.1;Synchronized;;;1239;20/06/2023;11:34:25;37.09;;;;1239;20/06/2023;11:33:31;36.89;;;;
1240;20/06/2023;11:33:43;37.16;;;;1240;20/06/2023;11:35:25;37.09;;;;1240;20/06/2023;11:34:31;36.94;Synchronized;;;
1241;20/06/2023;11:34:43;37.18;Synchronized;;;1241;20/06/2023;11:36:25;37.1;Synchronized;;;1241;20/06/2023;11:35:31;37.03;;;;
1242;20/06/2023;11:35:43;37.16;;;;1242;20/06/2023;11:37:25;37.13;;;;1242;20/06/2023;11:36:31;37.07;Synchronized;;;
1243;20/06/2023;11:36:43;37.13;;;;1243;20/06/2023;11:38:25;37.17;;;;1243;20/06/2023;11:37:31;37.11;Synchronized;;;
1244;20/06/2023;11:37:43;37.09;;;;1244;20/06/2023;11:39:25;37.18;;;;1244;20/06/2023;11:38:30;37.18;Synchronized;;;
1245;20/06/2023;11:38:43;37.08;;;;1245;20/06/2023;11:40:25;37.2;;;;1245;20/06/2023;11:39:30;37.19;;;;
1246;20/06/2023;11:39:43;37.05;;;;1246;20/06/2023;11:41:25;37.2;;;;1246;20/06/2023;11:40:30;37.23;;;;
1247;20/06/2023;11:40:43;37.05;Synchronized;;;1247;20/06/2023;11:42:25;37.24;;;;1247;20/06/2023;11:41:30;37.24;;;;
1248;20/06/2023;11:41:43;37.02;Synchronized;;;1248;20/06/2023;11:43:25;37.23;;;;1248;20/06/2023;11:42:30;37.27;;;;
1249;20/06/2023;11:42:43;37.02;;;;1249;20/06/2023;11:44:25;37.27;Synchronized;;;1249;20/06/2023;11:43:30;37.01;Synchronized;;;
1250;20/06/2023;11:43:43;37.04;Synchronized;;;1250;20/06/2023;11:45:25;37.3;;;;1250;20/06/2023;11:44:29;37.01;;;;
1251;20/06/2023;11:44:43;37.05;;;;1251;20/06/2023;11:46:25;37.3;;;;1251;20/06/2023;11:45:29;37.06;;;;
1252;20/06/2023;11:45:43;37.13;;;;1252;20/06/2023;11:47:25;37.31;;;;1252;20/06/2023;11:46:29;37.14;;;;
1253;20/06/2023;11:46:43;37.2;;;;1253;20/06/2023;11:48:25;37.34;;;;1253;20/06/2023;11:47:29;37.2;;;;
1254;20/06/2023;11:47:43;37.16;;;;1254;20/06/2023;11:49:25;37.34;;;;1254;20/06/2023;11:48:29;37.27;Synchronized;;;
1255;20/06/2023;11:48:43;37.17;;;;1255;20/06/2023;11:50:25;37.34;;;;1255;20/06/2023;11:49:29;37.27;;;;
1256;20/06/2023;11:49:43;37.16;;;;1256;20/06/2023;11:51:24;37.37;;;;1256;20/06/2023;11:50:29;37.3;;;;
1257;20/06/2023;11:50:43;37.17;;;;1257;20/06/2023;11:52:24;37.35;;;;1257;20/06/2023;11:51:29;37.32;Synchronized;;;
1258;20/06/2023;11:51:43;37.19;;;;1258;20/06/2023;11:53:24;37.37;;;;1258;20/06/2023;11:52:28;37.41;;;;
1259;20/06/2023;11:52:43;37.18;;;;1259;20/06/2023;11:54:24;36.88;;;;1259;20/06/2023;11:53:28;37.42;Synchronized;;;
1260;20/06/2023;11:53:43;37.13;;;;1260;20/06/2023;11:55:24;32.48;Synchronized;;;1260;20/06/2023;11:54:28;37.42;;;;
1261;20/06/2023;11:54:43;37.08;Synchronized;;;1261;20/06/2023;11:56:24;33.58;;;;1261;20/06/2023;11:55:28;37.41;;;;
1262;20/06/2023;11:55:43;37.08;;;;1262;20/06/2023;11:57:24;34.66;;;;1262;20/06/2023;11:56:28;37.41;Synchronized;;;
1263;20/06/2023;11:56:43;37.1;;;;1263;20/06/2023;11:58:24;35.3;;;;1263;20/06/2023;11:57:27;37.45;;;;
1264;20/06/2023;11:57:43;37.12;;;;1264;20/06/2023;11:59:24;35.77;;;;1264;20/06/2023;11:58:27;37.45;;;;
1265;20/06/2023;11:58:43;37.13;;;;1265;20/06/2023;12:00:24;36.13;;;;1265;20/06/2023;11:59:27;37.45;Synchronized;;;
1266;20/06/2023;11:59:43;37.1;;;;1266;20/06/2023;12:01:24;36.38;;;;1266;20/06/2023;12:00:27;37.4;;;;
1267;20/06/2023;12:00:43;37.09;;;;1267;20/06/2023;12:02:24;36.61;;;;1267;20/06/2023;12:01:27;37.38;;;;
1268;20/06/2023;12:01:43;37.09;;;;1268;20/06/2023;12:03:24;36.78;Synchronized;;;1268;20/06/2023;12:02:27;37.34;Synchronized;;;
1269;20/06/2023;12:02:43;37.09;;;;1269;20/06/2023;12:04:24;36.88;;;;1269;20/06/2023;12:03:26;37.31;;;;
1270;20/06/2023;12:03:43;37.08;Synchronized;;;1270;20/06/2023;12:05:24;36.98;;;;1270;20/06/2023;12:04:26;37.27;;;;
1271;20/06/2023;12:04:43;37.07;;;;1271;20/06/2023;12:06:24;37.08;Synchronized;;;1271;20/06/2023;12:05:26;37.25;;;;
1272;20/06/2023;12:05:43;37.06;Synchronized;;;1272;20/06/2023;12:07:24;37.1;;;;1272;20/06/2023;12:06:26;37.22;;;;
1273;20/06/2023;12:06:43;37.06;;;;1273;20/06/2023;12:08:24;37.17;Synchronized;;;1273;20/06/2023;12:07:26;37.2;;;;
1274;20/06/2023;12:07:43;37.06;Synchronized;;;1274;20/06/2023;12:09:24;37.19;;;;1274;20/06/2023;12:08:25;37.21;;;;
1275;20/06/2023;12:08:43;37.08;Synchronized;;;1275;20/06/2023;12:10:24;37.23;;;;1275;20/06/2023;12:09:25;37.19;;;;
1276;20/06/2023;12:09:43;37.12;Synchronized;;;1276;20/06/2023;12:11:24;37.26;Synchronized;;;1276;20/06/2023;12:10:25;37.21;;;;
1277;20/06/2023;12:10:43;37.13;;;;1277;20/06/2023;12:12:24;37.29;;;;1277;20/06/2023;12:11:25;37.2;Synchronized;;;
1278;20/06/2023;12:11:43;37.12;;;;1278;20/06/2023;12:13:24;37.27;Synchronized;;;1278;20/06/2023;12:12:25;37.21;Synchronized;;;
1279;20/06/2023;12:12:43;37.12;;;;1279;20/06/2023;12:14:24;37.3;Synchronized;;;1279;20/06/2023;12:13:25;37.18;;;;
1280;20/06/2023;12:13:43;37.1;;;;1280;20/06/2023;12:15:24;37.33;Synchronized;;;1280;20/06/2023;12:14:24;37.18;;;;
1281;20/06/2023;12:14:43;37.2;Synchronized;;;1281;20/06/2023;12:16:24;37.34;Synchronized;;;1281;20/06/2023;12:15:24;37.19;;;;
1282;20/06/2023;12:15:43;37.21;Synchronized;;;1282;20/06/2023;12:17:24;37.33;;;;1282;20/06/2023;12:16:24;37.19;;;;
1283;20/06/2023;12:16:43;37.21;Synchronized;;;1283;20/06/2023;12:18:24;37.33;;;;1283;20/06/2023;12:17:24;37.19;;;;
1284;20/06/2023;12:17:43;37.21;;;;1284;20/06/2023;12:19:24;37.35;;;;1284;20/06/2023;12:18:24;37.2;;;;
1285;20/06/2023;12:18:43;37.18;;;;1285;20/06/2023;12:20:24;37.4;Synchronized;;;1285;20/06/2023;12:19:24;37.2;;;;
1286;20/06/2023;12:19:43;37.19;;;;1286;20/06/2023;12:21:24;37.4;;;;1286;20/06/2023;12:20:23;37.2;;;;
1287;20/06/2023;12:20:43;37.17;Synchronized;;;1287;20/06/2023;12:22:24;37.38;Synchronized;;;1287;20/06/2023;12:21:23;37.19;;;;
1288;20/06/2023;12:21:43;37.2;;;;1288;20/06/2023;12:23:23;37.38;;;;1288;20/06/2023;12:22:23;37.21;;;;
1289;20/06/2023;12:22:43;37.16;;;;1289;20/06/2023;12:24:23;37.36;;;;1289;20/06/2023;12:23:23;37.2;;;;
1290;20/06/2023;12:23:43;37.13;;;;1290;20/06/2023;12:25:23;37.38;;;;1290;20/06/2023;12:24:23;37.2;;;;
1291;20/06/2023;12:24:43;37.13;Synchronized;;;1291;20/06/2023;12:26:23;37.38;;;;1291;20/06/2023;12:25:23;37.21;;;;
1292;20/06/2023;12:25:43;37.13;Synchronized;;;1292;20/06/2023;12:27:23;37.38;Synchronized;;;1292;20/06/2023;12:26:22;37.22;;;;
1293;20/06/2023;12:26:43;37.17;;;;1293;20/06/2023;12:28:23;37.38;;;;1293;20/06/2023;12:27:22;37.21;;;;
1294;20/06/2023;12:27:43;37.18;Synchronized;;;1294;20/06/2023;12:29:23;37.38;Synchronized;;;1294;20/06/2023;12:28:22;37.2;;;;
1295;20/06/2023;12:28:43;37.16;Synchronized;;;1295;20/06/2023;12:30:23;37.41;;;;1295;20/06/2023;12:29:22;37.16;;;;
1296;20/06/2023;12:29:43;37.2;;;;1296;20/06/2023;12:31:23;37.41;;;;1296;20/06/2023;12:30:22;37.17;;;;
1297;20/06/2023;12:30:43;37.22;Synchronized;;;1297;20/06/2023;12:32:23;37.41;;;;1297;20/06/2023;12:31:22;37.15;;;;
1298;20/06/2023;12:31:43;37.21;;;;1298;20/06/2023;12:33:23;37.44;;;;1298;20/06/2023;12:32:22;37.2;Synchronized;;;
1299;20/06/2023;12:32:43;37.23;Synchronized;;;1299;20/06/2023;12:34:22;37.44;;;;1299;20/06/2023;12:33:21;37.27;;;;
1300;20/06/2023;12:33:43;37.21;Synchronized;;;1300;20/06/2023;12:35:22;37.42;;;;1300;20/06/2023;12:34:21;37.36;;;;
1301;20/06/2023;12:34:43;37.22;Synchronized;;;1301;20/06/2023;12:36:22;37.4;Synchronized;;;1301;20/06/2023;12:35:21;37.38;;;;
1302;20/06/2023;12:35:43;37.21;Synchronized;;;1302;20/06/2023;12:37:22;37.41;;;;1302;20/06/2023;12:36:21;37.27;;;;
1303;20/06/2023;12:36:43;37.2;Synchronized;;;1303;20/06/2023;12:38:22;37.43;;;;1303;20/06/2023;12:37:21;37.22;;;;
1304;20/06/2023;12:37:43;37.2;Synchronized;;;1304;20/06/2023;12:39:22;37.44;Synchronized;;;1304;20/06/2023;12:38:20;37.34;;;;
1305;20/06/2023;12:38:43;37.2;Synchronized;;;1305;20/06/2023;12:40:22;37.38;;;;1305;20/06/2023;12:39:20;37.34;;;;
1306;20/06/2023;12:39:43;37.2;Synchronized;;;1306;20/06/2023;12:41:22;37.37;Synchronized;;;1306;20/06/2023;12:40:20;37.37;;;;
1307;20/06/2023;12:40:43;37.2;Synchronized;;;1307;20/06/2023;12:42:22;37.38;Synchronized;;;1307;20/06/2023;12:41:20;37.38;;;;
1308;20/06/2023;12:41:43;37.18;Synchronized;;;1308;20/06/2023;12:43:22;37.3;Synchronized;;;1308;20/06/2023;12:42:20;37.4;;;;
1309;20/06/2023;12:42:43;37.2;;;;1309;20/06/2023;12:44:22;37.25;;;;1309;20/06/2023;12:43:20;37.4;;;;
1310;20/06/2023;12:43:43;37.22;;;;1310;20/06/2023;12:45:22;37.23;Synchronized;;;1310;20/06/2023;12:44:19;37.39;;;;
1311;20/06/2023;12:44:43;37.2;Synchronized;;;1311;20/06/2023;12:46:21;37.25;;;;1311;20/06/2023;12:45:19;37.45;;;;
1312;20/06/2023;12:45:43;37.19;;;;1312;20/06/2023;12:47:21;37.35;Synchronized;;;1312;20/06/2023;12:46:19;37.45;;;;
1313;20/06/2023;12:46:43;37.2;Synchronized;;;1313;20/06/2023;12:48:21;37.38;Synchronized;;;1313;20/06/2023;12:47:19;37.45;;;;
1314;20/06/2023;12:47:43;37.25;;;;1314;20/06/2023;12:49:21;37.38;;;;1314;20/06/2023;12:48:19;37.48;;;;
1315;20/06/2023;12:48:43;37.25;Synchronized;;;1315;20/06/2023;12:50:21;37.4;Synchronized;;;1315;20/06/2023;12:49:18;37.52;;;;
1316;20/06/2023;12:49:43;37.36;Synchronized;;;1316;20/06/2023;12:51:21;37.45;Synchronized;;;1316;20/06/2023;12:50:18;37.51;;;;
1317;20/06/2023;12:50:43;37.33;;;;1317;20/06/2023;12:52:21;37.5;Synchronized;;;1317;20/06/2023;12:51:18;37.52;Synchronized;;;
1318;20/06/2023;12:51:42;37.33;;;;1318;20/06/2023;12:53:21;37.49;;;;1318;20/06/2023;12:52:18;37.49;Synchronized;;;
1319;20/06/2023;12:52:42;37.31;Synchronized;;;1319;20/06/2023;12:54:21;37.48;;;;1319;20/06/2023;12:53:18;37.54;;;;
1320;20/06/2023;12:53:42;37.23;Synchronized;;;1320;20/06/2023;12:55:21;37.48;Synchronized;;;1320;20/06/2023;12:54:17;37.48;;;;
1321;20/06/2023;12:54:42;37.21;Synchronized;;;1321;20/06/2023;12:56:20;37.48;;;;1321;20/06/2023;12:55:17;37.44;Synchronized;;;
1322;20/06/2023;12:55:42;37.16;Synchronized;;;1322;20/06/2023;12:57:20;37.44;;;;1322;20/06/2023;12:56:17;37.44;;;;
1323;20/06/2023;12:56:42;37.2;Synchronized;;;1323;20/06/2023;12:58:20;37.38;;;;1323;20/06/2023;12:57:17;37.4;;;;
1324;20/06/2023;12:57:42;37.35;Synchronized;;;1324;20/06/2023;12:59:20;37.33;;;;1324;20/06/2023;12:58:17;37.41;;;;
1325;20/06/2023;12:58:42;37.41;Synchronized;;;1325;20/06/2023;13:00:20;37.39;Synchronized;;;1325;20/06/2023;12:59:17;37.36;;;;
1326;20/06/2023;12:59:42;37.39;Synchronized;;;1326;20/06/2023;13:01:20;37.41;;;;1326;20/06/2023;13:00:16;37.34;;;;
1327;20/06/2023;13:00:42;37.34;;;;1327;20/06/2023;13:02:20;37.45;;;;1327;20/06/2023;13:01:16;37.32;Synchronized;;;
1328;20/06/2023;13:01:42;37.33;;;;1328;20/06/2023;13:03:20;37.42;;;;1328;20/06/2023;13:02:16;37.33;Synchronized;;;
1329;20/06/2023;13:02:42;37.31;Synchronized;;;1329;20/06/2023;13:04:20;37.41;Synchronized;;;1329;20/06/2023;13:03:16;37.29;Synchronized;;;
1330;20/06/2023;13:03:42;37.25;Synchronized;;;1330;20/06/2023;13:05:20;37.36;Synchronized;;;1330;20/06/2023;13:04:15;37.21;Synchronized;;;
1331;20/06/2023;13:04:42;37.23;;;;1331;20/06/2023;13:06:20;37.35;;;;1331;20/06/2023;13:05:15;37.18;Synchronized;;;
1332;20/06/2023;13:05:42;37.23;Synchronized;;;1332;20/06/2023;13:07:20;37.33;;;;1332;20/06/2023;13:06:15;37.14;Synchronized;;;
1333;20/06/2023;13:06:42;37.18;Synchronized;;;1333;20/06/2023;13:08:20;37.34;;;;1333;20/06/2023;13:07:15;37.09;;;;
1334;20/06/2023;13:07:42;37.16;Synchronized;;;1334;20/06/2023;13:09:19;37.34;;;;1334;20/06/2023;13:08:15;37.06;;;;
1335;20/06/2023;13:08:42;37.16;;;;1335;20/06/2023;13:10:19;37.3;;;;1335;20/06/2023;13:09:15;37.05;;;;
1336;20/06/2023;13:09:42;37.14;;;;1336;20/06/2023;13:11:19;37.3;;;;1336;20/06/2023;13:10:15;37.07;;;;
1337;20/06/2023;13:10:42;37.16;Synchronized;;;1337;20/06/2023;13:12:19;37.29;;;;1337;20/06/2023;13:11:15;37.11;;;;
1338;20/06/2023;13:11:42;37.16;Synchronized;;;1338;20/06/2023;13:13:19;37.27;;;;1338;20/06/2023;13:12:14;37.13;;;;
1339;20/06/2023;13:12:42;37.13;Synchronized;;;1339;20/06/2023;13:14:19;37.27;;;;1339;20/06/2023;13:13:14;37.15;Synchronized;;;
1340;20/06/2023;13:13:42;37.13;;;;1340;20/06/2023;13:15:19;37.3;;;;1340;20/06/2023;13:14:14;37.17;Synchronized;;;
1341;20/06/2023;13:14:42;37.14;;;;1341;20/06/2023;13:16:19;37.27;;;;1341;20/06/2023;13:15:14;37.2;Synchronized;;;
1342;20/06/2023;13:15:42;37.16;;;;1342;20/06/2023;13:17:19;37.27;;;;1342;20/06/2023;13:16:14;37.23;;;;
1343;20/06/2023;13:16:42;37.14;Synchronized;;;1343;20/06/2023;13:18:19;37.29;;;;1343;20/06/2023;13:17:14;37.26;;;;
1344;20/06/2023;13:17:42;37.16;Synchronized;;;1344;20/06/2023;13:19:19;37.27;;;;1344;20/06/2023;13:18:13;37.26;;;;
1345;20/06/2023;13:18:42;37.13;Synchronized;;;1345;20/06/2023;13:20:19;37.26;;;;1345;20/06/2023;13:19:13;37.3;;;;
1346;20/06/2023;13:19:42;37.18;Synchronized;;;1346;20/06/2023;13:21:18;37.3;;;;1346;20/06/2023;13:20:13;37.31;;;;
1347;20/06/2023;13:20:42;37.2;;;;1347;20/06/2023;13:22:18;37.27;;;;1347;20/06/2023;13:21:13;37.31;;;;
1348;20/06/2023;13:21:42;37.2;Synchronized;;;1348;20/06/2023;13:23:18;37.29;;;;1348;20/06/2023;13:22:13;37.3;;;;
1349;20/06/2023;13:22:42;37.19;Synchronized;;;1349;20/06/2023;13:24:18;37.3;;;;1349;20/06/2023;13:23:13;37.32;Synchronized;;;
1350;20/06/2023;13:23:42;37.19;;;;1350;20/06/2023;13:25:18;37.31;;;;1350;20/06/2023;13:24:12;37.29;;;;
1351;20/06/2023;13:24:42;37.22;Synchronized;;;1351;20/06/2023;13:26:18;37.29;;;;1351;20/06/2023;13:25:12;37.29;;;;
1352;20/06/2023;13:25:42;37.2;Synchronized;;;1352;20/06/2023;13:27:18;37.34;Synchronized;;;1352;20/06/2023;13:26:12;37.27;;;;
1353;20/06/2023;13:26:42;37.2;Synchronized;;;1353;20/06/2023;13:28:18;37.41;;;;1353;20/06/2023;13:27:12;37.27;;;;
1354;20/06/2023;13:27:42;37.2;Synchronized;;;1354;20/06/2023;13:29:18;37.42;;;;1354;20/06/2023;13:28:12;37.28;Synchronized;;;
1355;20/06/2023;13:28:42;37.17;Synchronized;;;1355;20/06/2023;13:30:18;37.46;;;;1355;20/06/2023;13:29:12;37.29;;;;
1356;20/06/2023;13:29:42;37.19;;;;1356;20/06/2023;13:31:18;37.53;;;;1356;20/06/2023;13:30:12;37.3;;;;
1357;20/06/2023;13:30:42;37.18;Synchronized;;;1357;20/06/2023;13:32:18;37.55;Synchronized;;;1357;20/06/2023;13:31:12;37.29;Synchronized;;;
1358;20/06/2023;13:31:42;37.16;;;;1358;20/06/2023;13:33:18;37.54;Synchronized;;;1358;20/06/2023;13:32:11;37.26;Synchronized;;;
1359;20/06/2023;13:32:42;37.16;;;;1359;20/06/2023;13:34:17;37.53;Synchronized;;;1359;20/06/2023;13:33:11;37.25;;;;
1360;20/06/2023;13:33:42;37.16;Synchronized;;;1360;20/06/2023;13:35:17;37.5;Synchronized;;;1360;20/06/2023;13:34:11;37.24;Synchronized;;;
1361;20/06/2023;13:34:42;37.18;Synchronized;;;1361;20/06/2023;13:36:17;37.53;;;;1361;20/06/2023;13:35:11;37.22;Synchronized;;;
1362;20/06/2023;13:35:42;37.19;;;;1362;20/06/2023;13:37:17;37.55;;;;1362;20/06/2023;13:36:11;37.24;;;;
1363;20/06/2023;13:36:42;37.2;Synchronized;;;1363;20/06/2023;13:38:17;37.54;;;;1363;20/06/2023;13:37:10;37.25;;;;
1364;20/06/2023;13:37:42;37.21;;;;1364;20/06/2023;13:39:17;37.53;Synchronized;;;1364;20/06/2023;13:38:10;37.26;Synchronized;;;
1365;20/06/2023;13:38:42;37.2;Synchronized;;;1365;20/06/2023;13:40:17;37.52;Synchronized;;;1365;20/06/2023;13:39:10;37.24;Synchronized;;;
1366;20/06/2023;13:39:42;37.21;Synchronized;;;1366;20/06/2023;13:41:17;37.52;;;;1366;20/06/2023;13:40:10;37.27;;;;
1367;20/06/2023;13:40:42;37.21;;;;1367;20/06/2023;13:42:17;37.52;;;;1367;20/06/2023;13:41:10;37.25;Synchronized;;;
1368;20/06/2023;13:41:42;37.22;Synchronized;;;1368;20/06/2023;13:43:17;37.53;Synchronized;;;1368;20/06/2023;13:42:10;37.22;;;;
1369;20/06/2023;13:42:42;37.23;Synchronized;;;1369;20/06/2023;13:44:16;37.55;Synchronized;;;1369;20/06/2023;13:43:09;37.21;;;;
1370;20/06/2023;13:43:42;37.26;Synchronized;;;1370;20/06/2023;13:45:16;37.55;;;;1370;20/06/2023;13:44:09;37.22;Synchronized;;;
1371;20/06/2023;13:44:42;37.27;Synchronized;;;1371;20/06/2023;13:46:16;37.58;;;;1371;20/06/2023;13:45:09;37.21;Synchronized;;;
1372;20/06/2023;13:45:42;37.34;;;;1372;20/06/2023;13:47:16;37.59;;;;1372;20/06/2023;13:46:08;37.18;Synchronized;;;
1373;20/06/2023;13:46:42;37.35;;;;1373;20/06/2023;13:48:16;37.58;;;;1373;20/06/2023;13:47:08;37.21;Synchronized;;;
1374;20/06/2023;13:47:42;37.38;;;;1374;20/06/2023;13:49:16;37.52;;;;1374;20/06/2023;13:48:08;37.23;Synchronized;;;
1375;20/06/2023;13:48:42;37.34;Synchronized;;;1375;20/06/2023;13:50:16;37.37;;;;1375;20/06/2023;13:49:08;37.23;;;;
1376;20/06/2023;13:49:42;37.36;;;;1376;20/06/2023;13:51:16;37.33;Synchronized;;;1376;20/06/2023;13:50:08;37.24;;;;
1377;20/06/2023;13:50:42;37.34;;;;1377;20/06/2023;13:52:16;37.32;;;;1377;20/06/2023;13:51:08;37.24;;;;
1378;20/06/2023;13:51:42;37.36;;;;1378;20/06/2023;13:53:15;37.34;;;;1378;20/06/2023;13:52:08;37.27;;;;
1379;20/06/2023;13:52:42;37.37;Synchronized;;;1379;20/06/2023;13:54:15;37.25;;;;1379;20/06/2023;13:53:08;37.2;;;;
1380;20/06/2023;13:53:42;37.37;;;;1380;20/06/2023;13:55:15;37.23;;;;1380;20/06/2023;13:54:08;37.2;;;;
1381;20/06/2023;13:54:41;37.36;;;;1381;20/06/2023;13:56:15;37.23;;;;1381;20/06/2023;13:55:08;37.22;;;;
1382;20/06/2023;13:55:41;37.35;;;;1382;20/06/2023;13:57:15;37.23;;;;1382;20/06/2023;13:56:07;37.19;;;;
1383;20/06/2023;13:56:41;37.38;;;;1383;20/06/2023;13:58:15;37.23;;;;1383;20/06/2023;13:57:07;37.2;;;;
1384;20/06/2023;13:57:41;37.38;Synchronized;;;1384;20/06/2023;13:59:15;37.29;;;;1384;20/06/2023;13:58:07;37.23;;;;
1385;20/06/2023;13:58:41;37.39;Synchronized;;;1385;20/06/2023;14:00:15;37.31;;;;1385;20/06/2023;13:59:07;37.29;;;;
1386;20/06/2023;13:59:41;37.38;Synchronized;;;1386;20/06/2023;14:01:15;37.34;;;;1386;20/06/2023;14:00:07;37.31;;;;
1387;20/06/2023;14:00:41;37.38;;;;1387;20/06/2023;14:02:15;37.32;;;;1387;20/06/2023;14:01:07;37.33;;;;
1388;20/06/2023;14:01:41;37.38;Synchronized;;;1388;20/06/2023;14:03:15;37.34;;;;1388;20/06/2023;14:02:06;37.33;;;;
1389;20/06/2023;14:02:41;37.38;Synchronized;;;1389;20/06/2023;14:04:15;37.3;;;;1389;20/06/2023;14:03:06;37.3;;;;
1390;20/06/2023;14:03:41;37.39;;;;1390;20/06/2023;14:05:15;37.34;;;;1390;20/06/2023;14:04:06;37.34;;;;
1391;20/06/2023;14:04:41;37.38;;;;1391;20/06/2023;14:06:15;37.34;;;;1391;20/06/2023;14:05:06;37.38;;;;
1392;20/06/2023;14:05:41;37.38;;;;1392;20/06/2023;14:07:15;37.36;Synchronized;;;1392;20/06/2023;14:06:06;37.37;;;;
1393;20/06/2023;14:06:41;37.37;;;;1393;20/06/2023;14:08:15;37.35;;;;1393;20/06/2023;14:07:06;37.33;;;;
1394;20/06/2023;14:07:41;37.35;;;;1394;20/06/2023;14:09:14;37.35;;;;1394;20/06/2023;14:08:05;37.37;;;;
1395;20/06/2023;14:08:41;37.38;;;;1395;20/06/2023;14:10:14;37.38;;;;1395;20/06/2023;14:09:05;37.36;;;;
1396;20/06/2023;14:09:41;37.38;;;;1396;20/06/2023;14:11:14;37.34;Synchronized;;;1396;20/06/2023;14:10:05;37.37;;;;
1397;20/06/2023;14:10:41;37.37;;;;1397;20/06/2023;14:12:14;37.35;Synchronized;;;1397;20/06/2023;14:11:05;37.34;;;;
1398;20/06/2023;14:11:41;37.35;Synchronized;;;1398;20/06/2023;14:13:14;37.3;;;;1398;20/06/2023;14:12:05;37.38;;;;
1399;20/06/2023;14:12:41;37.36;Synchronized;;;1399;20/06/2023;14:14:14;37.26;Synchronized;;;1399;20/06/2023;14:13:04;37.38;;;;
1400;20/06/2023;14:13:41;37.36;Synchronized;;;1400;20/06/2023;14:15:14;37.24;Synchronized;;;1400;20/06/2023;14:14:04;37.39;;;;
1401;20/06/2023;14:14:41;37.34;Synchronized;;;1401;20/06/2023;14:16:14;37.26;Synchronized;;;1401;20/06/2023;14:15:04;37.4;;;;
1402;20/06/2023;14:15:41;37.3;Synchronized;;;1402;20/06/2023;14:17:14;37.27;Synchronized;;;1402;20/06/2023;14:16:04;37.38;;;;
1403;20/06/2023;14:16:41;37.25;Synchronized;;;1403;20/06/2023;14:18:14;37.26;Synchronized;;;1403;20/06/2023;14:17:04;37.41;;;;
1404;20/06/2023;14:17:41;37.23;Synchronized;;;1404;20/06/2023;14:19:14;37.26;Synchronized;;;1404;20/06/2023;14:18:04;37.4;;;;
1405;20/06/2023;14:18:41;37.23;Synchronized;;;1405;20/06/2023;14:20:14;37.27;;;;1405;20/06/2023;14:19:03;37.34;;;;
1406;20/06/2023;14:19:40;37.23;Synchronized;;;1406;20/06/2023;14:21:14;37.27;Synchronized;;;1406;20/06/2023;14:20:03;37.33;;;;
1407;20/06/2023;14:20:40;37.24;Synchronized;;;1407;20/06/2023;14:22:14;37.27;Synchronized;;;1407;20/06/2023;14:21:03;37.34;;;;
1408;20/06/2023;14:21:40;37.3;Synchronized;;;1408;20/06/2023;14:23:13;37.23;Synchronized;;;1408;20/06/2023;14:22:03;37.34;;;;
1409;20/06/2023;14:22:40;37.34;Synchronized;;;1409;20/06/2023;14:24:13;37.24;;;;1409;20/06/2023;14:23:03;37.39;;;;
1410;20/06/2023;14:23:40;37.38;Synchronized;;;1410;20/06/2023;14:25:13;37.25;;;;1410;20/06/2023;14:24:02;37.4;;;;
1411;20/06/2023;14:24:40;37.41;Synchronized;;;1411;20/06/2023;14:26:13;37.27;;;;1411;20/06/2023;14:25:02;37.38;;;;
1412;20/06/2023;14:25:40;37.39;Synchronized;;;1412;20/06/2023;14:27:13;37.3;;;;1412;20/06/2023;14:26:02;37.41;;;;
1413;20/06/2023;14:26:40;37.41;;;;1413;20/06/2023;14:28:13;37.3;;;;1413;20/06/2023;14:27:02;37.34;;;;
1414;20/06/2023;14:27:40;37.38;Synchronized;;;1414;20/06/2023;14:29:13;37.3;;;;1414;20/06/2023;14:28:02;37.32;;;;
1415;20/06/2023;14:28:40;37.36;Synchronized;;;1415;20/06/2023;14:30:13;37.33;;;;1415;20/06/2023;14:29:02;37.32;;;;
1416;20/06/2023;14:29:40;37.37;Synchronized;;;1416;20/06/2023;14:31:13;37.3;;;;1416;20/06/2023;14:30:01;37.3;;;;
1417;20/06/2023;14:30:40;37.41;Synchronized;;;1417;20/06/2023;14:32:13;37.33;Synchronized;;;1417;20/06/2023;14:31:01;37.31;;;;
1418;20/06/2023;14:31:40;37.41;Synchronized;;;1418;20/06/2023;14:33:13;37.3;Synchronized;;;1418;20/06/2023;14:32:01;37.28;;;;
1419;20/06/2023;14:32:40;37.41;Synchronized;;;1419;20/06/2023;14:34:12;37.21;Synchronized;;;1419;20/06/2023;14:33:01;37.3;;;;
1420;20/06/2023;14:33:40;37.41;;;;1420;20/06/2023;14:35:12;37.09;Synchronized;;;1420;20/06/2023;14:34:01;37.28;Synchronized;;;
1421;20/06/2023;14:34:40;37.41;;;;1421;20/06/2023;14:36:12;37.05;Synchronized;;;1421;20/06/2023;14:35:01;37.26;;;;
1422;20/06/2023;14:35:40;37.42;;;;1422;20/06/2023;14:37:12;37.03;;;;1422;20/06/2023;14:36:01;37.24;Synchronized;;;
1423;20/06/2023;14:36:40;37.42;Synchronized;;;1423;20/06/2023;14:38:12;37.05;;;;1423;20/06/2023;14:37:01;37.27;Synchronized;;;
1424;20/06/2023;14:37:40;37.39;Synchronized;;;1424;20/06/2023;14:39:12;37.02;;;;1424;20/06/2023;14:38:00;37.25;Synchronized;;;
1425;20/06/2023;14:38:40;37.38;;;;1425;20/06/2023;14:40:12;37.05;Synchronized;;;1425;20/06/2023;14:39:00;37.27;;;;
1426;20/06/2023;14:39:40;37.41;;;;1426;20/06/2023;14:41:12;37.09;;;;1426;20/06/2023;14:40:00;37.24;;;;
1427;20/06/2023;14:40:40;37.38;Synchronized;;;1427;20/06/2023;14:42:12;37.09;;;;1427;20/06/2023;14:41:00;37.24;;;;
1428;20/06/2023;14:41:40;37.37;Synchronized;;;1428;20/06/2023;14:43:12;37.13;;;;1428;20/06/2023;14:41:59;37.27;;;;
1429;20/06/2023;14:42:40;37.37;Synchronized;;;1429;20/06/2023;14:44:12;37.16;;;;1429;20/06/2023;14:42:59;37.23;;;;
1430;20/06/2023;14:43:40;37.39;Synchronized;;;1430;20/06/2023;14:45:12;37.21;;;;1430;20/06/2023;14:43:59;37.23;Synchronized;;;
1431;20/06/2023;14:44:40;37.36;;;;1431;20/06/2023;14:46:12;37.21;;;;1431;20/06/2023;14:44:59;37.24;;;;
1432;20/06/2023;14:45:40;37.33;;;;1432;20/06/2023;14:47:12;37.23;;;;1432;20/06/2023;14:45:59;37.27;;;;
1433;20/06/2023;14:46:40;37.34;Synchronized;;;1433;20/06/2023;14:48:12;37.25;;;;1433;20/06/2023;14:46:58;37.28;;;;
1434;20/06/2023;14:47:40;37.35;Synchronized;;;1434;20/06/2023;14:49:11;37.24;;;;1434;20/06/2023;14:47:58;37.29;;;;
1435;20/06/2023;14:48:40;37.38;Synchronized;;;1435;20/06/2023;14:50:11;37.25;;;;1435;20/06/2023;14:48:58;37.3;;;;
1436;20/06/2023;14:49:40;37.41;;;;1436;20/06/2023;14:51:11;37.25;;;;1436;20/06/2023;14:49:58;37.32;;;;
1437;20/06/2023;14:50:39;37.41;;;;1437;20/06/2023;14:52:11;37.25;;;;1437;20/06/2023;14:50:58;37.32;;;;
1438;20/06/2023;14:51:39;37.41;Synchronized;;;1438;20/06/2023;14:53:11;37.26;;;;1438;20/06/2023;14:51:58;37.34;Synchronized;;;
1439;20/06/2023;14:52:39;37.41;Synchronized;;;1439;20/06/2023;14:54:11;37.27;Synchronized;;;1439;20/06/2023;14:52:57;37.34;;;;
1440;20/06/2023;14:53:39;37.44;Synchronized;;;1440;20/06/2023;14:55:11;37.3;;;;1440;20/06/2023;14:53:57;37.37;;;;
1441;20/06/2023;14:54:39;37.45;Synchronized;;;1441;20/06/2023;14:56:11;37.27;;;;1441;20/06/2023;14:54:57;37.37;;;;
1442;20/06/2023;14:55:39;37.46;Synchronized;;;1442;20/06/2023;14:57:11;37.32;;;;1442;20/06/2023;14:55:57;37.38;;;;
1443;20/06/2023;14:56:39;37.47;;;;1443;20/06/2023;14:58:11;37.31;;;;1443;20/06/2023;14:56:57;37.38;;;;
1444;20/06/2023;14:57:39;37.46;Synchronized;;;1444;20/06/2023;14:59:11;37.33;;;;1444;20/06/2023;14:57:56;37.36;;;;
1445;20/06/2023;14:58:39;37.43;;;;1445;20/06/2023;15:00:11;37.34;;;;1445;20/06/2023;14:58:56;37.38;;;;
1446;20/06/2023;14:59:39;37.46;;;;1446;20/06/2023;15:01:10;37.34;;;;1446;20/06/2023;14:59:56;37.37;;;;
1447;20/06/2023;15:00:39;37.48;Synchronized;;;1447;20/06/2023;15:02:10;37.31;;;;1447;20/06/2023;15:00:56;37.38;;;;
1448;20/06/2023;15:01:39;37.45;;;;1448;20/06/2023;15:03:10;37.31;;;;1448;20/06/2023;15:01:56;37.37;;;;
1449;20/06/2023;15:02:39;37.46;;;;1449;20/06/2023;15:04:10;37.34;;;;1449;20/06/2023;15:02:56;37.38;;;;
1450;20/06/2023;15:03:39;37.45;Synchronized;;;1450;20/06/2023;15:05:10;37.34;;;;1450;20/06/2023;15:03:56;37.38;Synchronized;;;
1451;20/06/2023;15:04:39;37.45;Synchronized;;;1451;20/06/2023;15:06:10;37.31;Synchronized;;;1451;20/06/2023;15:04:55;37.38;Synchronized;;;
1452;20/06/2023;15:05:39;37.45;;;;1452;20/06/2023;15:07:10;37.32;Synchronized;;;1452;20/06/2023;15:05:55;37.38;Synchronized;;;
1453;20/06/2023;15:06:39;37.45;Synchronized;;;1453;20/06/2023;15:08:10;37.29;;;;1453;20/06/2023;15:06:55;37.41;Synchronized;;;
1454;20/06/2023;15:07:39;37.41;Synchronized;;;1454;20/06/2023;15:09:10;37.3;;;;1454;20/06/2023;15:07:54;37.42;Synchronized;;;
1455;20/06/2023;15:08:38;37.45;Synchronized;;;1455;20/06/2023;15:10:10;37.3;Synchronized;;;1455;20/06/2023;15:08:54;37.45;;;;
1456;20/06/2023;15:09:38;37.45;Synchronized;;;1456;20/06/2023;15:11:10;37.27;;;;1456;20/06/2023;15:09:54;37.47;;;;
1457;20/06/2023;15:10:38;37.46;;;;1457;20/06/2023;15:12:09;37.26;;;;1457;20/06/2023;15:10:54;37.48;;;;
1458;20/06/2023;15:11:38;37.45;;;;1458;20/06/2023;15:13:09;37.22;;;;1458;20/06/2023;15:11:54;37.45;;;;
1459;20/06/2023;15:12:38;37.47;Synchronized;;;1459;20/06/2023;15:14:09;37.21;;;;1459;20/06/2023;15:12:54;37.43;Synchronized;;;
1460;20/06/2023;15:13:38;37.45;;;;1460;20/06/2023;15:15:09;37.2;;;;1460;20/06/2023;15:13:53;37.4;;;;
1461;20/06/2023;15:14:38;37.45;Synchronized;;;1461;20/06/2023;15:16:09;37.27;Synchronized;;;1461;20/06/2023;15:14:53;37.39;;;;
1462;20/06/2023;15:15:38;37.45;Synchronized;;;1462;20/06/2023;15:17:09;37.3;;;;1462;20/06/2023;15:15:53;37.4;;;;
1463;20/06/2023;15:16:38;37.45;;;;1463;20/06/2023;15:18:09;37.3;;;;1463;20/06/2023;15:16:53;37.39;Synchronized;;;
1464;20/06/2023;15:17:38;37.45;Synchronized;;;1464;20/06/2023;15:19:09;37.3;;;;1464;20/06/2023;15:17:53;37.41;;;;
1465;20/06/2023;15:18:38;37.46;;;;1465;20/06/2023;15:20:09;37.3;;;;1465;20/06/2023;15:18:52;37.38;;;;
1466;20/06/2023;15:19:38;37.46;Synchronized;;;1466;20/06/2023;15:21:09;37.31;;;;1466;20/06/2023;15:19:52;37.38;;;;
1467;20/06/2023;15:20:38;37.45;;;;1467;20/06/2023;15:22:09;37.32;;;;1467;20/06/2023;15:20:52;37.38;;;;
1468;20/06/2023;15:21:38;37.45;Synchronized;;;1468;20/06/2023;15:23:09;37.33;Synchronized;;;1468;20/06/2023;15:21:52;37.34;;;;
1469;20/06/2023;15:22:38;37.41;Synchronized;;;1469;20/06/2023;15:24:09;37.32;;;;1469;20/06/2023;15:22:52;37.34;Synchronized;;;
1470;20/06/2023;15:23:38;37.41;Synchronized;;;1470;20/06/2023;15:25:09;37.34;;;;1470;20/06/2023;15:23:52;37.37;Synchronized;;;
1471;20/06/2023;15:24:38;37.41;Synchronized;;;1471;20/06/2023;15:26:09;37.34;;;;1471;20/06/2023;15:24:51;37.33;Synchronized;;;
1472;20/06/2023;15:25:38;37.37;Synchronized;;;1472;20/06/2023;15:27:09;37.31;Synchronized;;;1472;20/06/2023;15:25:51;37.34;Synchronized;;;
1473;20/06/2023;15:26:38;37.36;Synchronized;;;1473;20/06/2023;15:28:08;37.32;;;;1473;20/06/2023;15:26:51;37.36;;;;
1474;20/06/2023;15:27:37;37.36;Synchronized;;;1474;20/06/2023;15:29:08;37.34;;;;1474;20/06/2023;15:27:51;37.34;;;;
1475;20/06/2023;15:28:37;37.38;Synchronized;;;1475;20/06/2023;15:30:08;37.27;;;;1475;20/06/2023;15:28:51;37.34;Synchronized;;;
1476;20/06/2023;15:29:37;37.34;Synchronized;;;1476;20/06/2023;15:31:08;37.26;;;;1476;20/06/2023;15:29:50;37.34;;;;
1477;20/06/2023;15:30:37;37.34;Synchronized;;;1477;20/06/2023;15:32:08;37.21;;;;1477;20/06/2023;15:30:50;37.34;;;;
1478;20/06/2023;15:31:37;37.33;Synchronized;;;1478;20/06/2023;15:33:08;37.22;Synchronized;;;1478;20/06/2023;15:31:50;37.37;;;;
1479;20/06/2023;15:32:37;37.3;;;;1479;20/06/2023;15:34:08;37.25;;;;1479;20/06/2023;15:32:50;37.38;Synchronized;;;
1480;20/06/2023;15:33:37;37.3;Synchronized;;;1480;20/06/2023;15:35:08;37.29;Synchronized;;;1480;20/06/2023;15:33:50;37.34;Synchronized;;;
1481;20/06/2023;15:34:37;37.3;;;;1481;20/06/2023;15:36:08;37.43;Synchronized;;;1481;20/06/2023;15:34:50;37.3;Synchronized;;;
1482;20/06/2023;15:35:37;37.28;;;;1482;20/06/2023;15:37:08;37.38;Synchronized;;;1482;20/06/2023;15:35:49;37.27;Synchronized;;;
1483;20/06/2023;15:36:37;37.3;;;;1483;20/06/2023;15:38:08;37.36;;;;1483;20/06/2023;15:36:49;37.27;Synchronized;;;
1484;20/06/2023;15:37:37;37.3;;;;1484;20/06/2023;15:39:08;37.32;;;;1484;20/06/2023;15:37:49;37.3;Synchronized;;;
1485;20/06/2023;15:38:37;37.3;;;;1485;20/06/2023;15:40:08;37.31;;;;1485;20/06/2023;15:38:49;37.3;Synchronized;;;
1486;20/06/2023;15:39:37;37.29;;;;1486;20/06/2023;15:41:08;37.23;;;;1486;20/06/2023;15:39:49;37.33;Synchronized;;;
1487;20/06/2023;15:40:37;37.3;;;;1487;20/06/2023;15:42:08;37.34;;;;1487;20/06/2023;15:40:49;37.34;Synchronized;;;
1488;20/06/2023;15:41:37;37.31;;;;1488;20/06/2023;15:43:07;37.29;;;;1488;20/06/2023;15:41:48;37.34;Synchronized;;;
1489;20/06/2023;15:42:37;37.34;;;;1489;20/06/2023;15:44:07;37.33;;;;1489;20/06/2023;15:42:48;37.3;Synchronized;;;
1490;20/06/2023;15:43:37;37.34;;;;1490;20/06/2023;15:45:07;37.34;;;;1490;20/06/2023;15:43:48;37.33;Synchronized;;;
1491;20/06/2023;15:44:37;37.36;;;;1491;20/06/2023;15:46:07;37.35;;;;1491;20/06/2023;15:44:48;37.28;;;;
1492;20/06/2023;15:45:37;37.34;;;;1492;20/06/2023;15:47:07;37.38;;;;1492;20/06/2023;15:45:47;37.18;;;;
1493;20/06/2023;15:46:37;37.38;;;;1493;20/06/2023;15:48:07;37.39;;;;1493;20/06/2023;15:46:47;37.17;;;;
1494;20/06/2023;15:47:37;37.41;;;;1494;20/06/2023;15:49:07;37.38;;;;1494;20/06/2023;15:47:47;37.17;;;;
1495;20/06/2023;15:48:37;37.38;;;;1495;20/06/2023;15:50:07;37.38;;;;1495;20/06/2023;15:48:47;37.18;;;;
1496;20/06/2023;15:49:37;37.37;;;;1496;20/06/2023;15:51:07;37.38;;;;1496;20/06/2023;15:49:47;37.2;Synchronized;;;
1497;20/06/2023;15:50:37;37.36;;;;1497;20/06/2023;15:52:07;37.4;;;;1497;20/06/2023;15:50:47;37.22;;;;
1498;20/06/2023;15:51:36;37.37;;;;1498;20/06/2023;15:53:07;37.4;;;;1498;20/06/2023;15:51:47;37.22;Synchronized;;;
1499;20/06/2023;15:52:36;37.38;;;;1499;20/06/2023;15:54:07;37.42;;;;1499;20/06/2023;15:52:46;37.26;;;;
1500;20/06/2023;15:53:36;37.41;;;;1500;20/06/2023;15:55:06;37.43;;;;1500;20/06/2023;15:53:46;37.28;;;;
1501;20/06/2023;15:54:36;37.38;;;;1501;20/06/2023;15:56:06;37.44;;;;1501;20/06/2023;15:54:46;37.29;;;;
1502;20/06/2023;15:55:36;37.43;;;;1502;20/06/2023;15:57:06;37.44;;;;1502;20/06/2023;15:55:46;37.32;;;;
1503;20/06/2023;15:56:36;37.47;;;;1503;20/06/2023;15:58:06;37.46;;;;1503;20/06/2023;15:56:46;37.32;;;;
1504;20/06/2023;15:57:36;37.49;;;;1504;20/06/2023;15:59:06;37.49;;;;1504;20/06/2023;15:57:45;37.34;;;;
1505;20/06/2023;15:58:36;37.53;;;;1505;20/06/2023;16:00:06;37.48;;;;1505;20/06/2023;15:58:45;37.31;;;;
1506;20/06/2023;15:59:36;37.52;Synchronized;;;1506;20/06/2023;16:01:06;37.48;Synchronized;;;1506;20/06/2023;15:59:45;37.32;;;;
1507;20/06/2023;16:00:36;37.5;;;;1507;20/06/2023;16:02:06;37.48;Synchronized;;;1507;20/06/2023;16:00:45;37.34;;;;
1508;20/06/2023;16:01:36;37.51;;;;1508;20/06/2023;16:03:06;37.5;;;;1508;20/06/2023;16:01:45;37.37;Synchronized;;;
1509;20/06/2023;16:02:36;37.51;;;;1509;20/06/2023;16:04:06;37.51;;;;1509;20/06/2023;16:02:44;37.41;;;;
1510;20/06/2023;16:03:36;37.53;;;;1510;20/06/2023;16:05:06;37.5;Synchronized;;;1510;20/06/2023;16:03:44;37.41;;;;
1511;20/06/2023;16:04:36;37.49;Synchronized;;;1511;20/06/2023;16:06:06;37.53;;;;1511;20/06/2023;16:04:44;37.39;;;;
1512;20/06/2023;16:05:36;37.46;;;;1512;20/06/2023;16:07:06;37.52;Synchronized;;;1512;20/06/2023;16:05:44;37.38;;;;
1513;20/06/2023;16:06:36;37.46;;;;1513;20/06/2023;16:08:05;37.55;Synchronized;;;1513;20/06/2023;16:06:44;37.38;Synchronized;;;
1514;20/06/2023;16:07:36;37.44;;;;1514;20/06/2023;16:09:05;37.55;;;;1514;20/06/2023;16:07:43;37.34;;;;
1515;20/06/2023;16:08:36;37.45;;;;1515;20/06/2023;16:10:05;37.55;;;;1515;20/06/2023;16:08:43;37.38;;;;
1516;20/06/2023;16:09:36;37.45;;;;1516;20/06/2023;16:11:05;37.55;;;;1516;20/06/2023;16:09:43;37.38;;;;
1517;20/06/2023;16:10:35;37.48;;;;1517;20/06/2023;16:12:05;37.55;;;;1517;20/06/2023;16:10:43;37.37;;;;
1518;20/06/2023;16:11:35;37.5;;;;1518;20/06/2023;16:13:05;37.55;;;;1518;20/06/2023;16:11:43;37.4;;;;
1519;20/06/2023;16:12:35;37.5;;;;1519;20/06/2023;16:14:05;37.55;;;;1519;20/06/2023;16:12:42;37.46;;;;
1520;20/06/2023;16:13:35;37.47;;;;1520;20/06/2023;16:15:05;37.54;;;;1520;20/06/2023;16:13:42;37.46;Synchronized;;;
1521;20/06/2023;16:14:35;37.46;;;;1521;20/06/2023;16:16:05;37.54;;;;1521;20/06/2023;16:14:42;37.5;Synchronized;;;
1522;20/06/2023;16:15:35;37.44;;;;1522;20/06/2023;16:17:05;37.55;;;;1522;20/06/2023;16:15:42;37.51;;;;
1523;20/06/2023;16:16:35;37.41;;;;1523;20/06/2023;16:18:05;37.55;;;;1523;20/06/2023;16:16:42;37.53;;;;
1524;20/06/2023;16:17:35;37.39;;;;1524;20/06/2023;16:19:05;37.55;;;;1524;20/06/2023;16:17:42;37.54;;;;
1525;20/06/2023;16:18:35;37.41;;;;1525;20/06/2023;16:20:05;37.55;Synchronized;;;1525;20/06/2023;16:18:41;37.52;;;;
1526;20/06/2023;16:19:35;37.41;;;;1526;20/06/2023;16:21:05;37.56;;;;1526;20/06/2023;16:19:41;37.55;;;;
1527;20/06/2023;16:20:35;37.43;;;;1527;20/06/2023;16:22:04;37.55;;;;1527;20/06/2023;16:20:41;37.54;;;;
1528;20/06/2023;16:21:35;37.39;;;;1528;20/06/2023;16:23:04;37.58;;;;1528;20/06/2023;16:21:41;37.52;Synchronized;;;
1529;20/06/2023;16:22:35;37.41;;;;1529;20/06/2023;16:24:04;37.55;;;;1529;20/06/2023;16:22:40;37.54;Synchronized;;;
1530;20/06/2023;16:23:35;37.38;;;;1530;20/06/2023;16:25:04;37.56;;;;1530;20/06/2023;16:23:40;37.56;;;;
1531;20/06/2023;16:24:35;37.37;;;;1531;20/06/2023;16:26:04;37.58;;;;1531;20/06/2023;16:24:40;37.55;;;;
1532;20/06/2023;16:25:35;37.37;;;;1532;20/06/2023;16:27:04;37.58;;;;1532;20/06/2023;16:25:40;37.59;;;;
1533;20/06/2023;16:26:35;37.36;;;;1533;20/06/2023;16:28:04;37.55;;;;1533;20/06/2023;16:26:40;37.61;;;;
1534;20/06/2023;16:27:35;37.37;Synchronized;;;1534;20/06/2023;16:29:04;37.56;;;;1534;20/06/2023;16:27:40;37.62;;;;
1535;20/06/2023;16:28:35;37.35;Synchronized;;;1535;20/06/2023;16:30:04;37.55;;;;1535;20/06/2023;16:28:39;37.61;;;;
1536;20/06/2023;16:29:35;37.36;;;;1536;20/06/2023;16:31:04;37.55;;;;1536;20/06/2023;16:29:39;37.63;;;;
1537;20/06/2023;16:30:35;37.36;;;;1537;20/06/2023;16:32:04;37.53;;;;1537;20/06/2023;16:30:39;37.64;;;;
1538;20/06/2023;16:31:35;37.37;Synchronized;;;1538;20/06/2023;16:33:03;37.52;;;;1538;20/06/2023;16:31:39;37.63;;;;
1539;20/06/2023;16:32:35;37.34;;;;1539;20/06/2023;16:34:03;;Missing data;;;1539;20/06/2023;16:32:38;37.64;;;;
1540;20/06/2023;16:33:35;37.35;Synchronized;;;1540;20/06/2023;16:35:03;;Missing data;;;1540;20/06/2023;16:33:38;37.63;;;;
1541;20/06/2023;16:34:34;37.32;;;;1541;20/06/2023;16:36:03;;Missing data;;;1541;20/06/2023;16:34:38;37.62;;;;
1542;20/06/2023;16:35:34;37.33;;;;1542;20/06/2023;16:37:03;37.45;;;;1542;20/06/2023;16:35:38;37.62;;;;
1543;20/06/2023;16:36:34;37.32;;;;1543;20/06/2023;16:38:03;37.44;;;;1543;20/06/2023;16:36:38;;Missing data;;;
1544;20/06/2023;16:37:34;37.44;;;;1544;20/06/2023;16:39:03;37.4;;;;1544;20/06/2023;16:37:37;37.63;;;;
1545;20/06/2023;16:38:34;37.47;Synchronized;;;1545;20/06/2023;16:40:03;37.38;;;;1545;20/06/2023;16:38:37;;Missing data;;;
1546;20/06/2023;16:39:34;37.48;Synchronized;;;1546;20/06/2023;16:41:03;37.38;;;;1546;20/06/2023;16:39:37;37.6;;;;
1547;20/06/2023;16:40:34;37.47;Synchronized;;;1547;20/06/2023;16:42:03;37.36;;;;;;;;;;;
1548;20/06/2023;16:41:34;;Missing data;;;1548;20/06/2023;16:43:02;37.38;;;;;;;;;;;
1549;20/06/2023;16:42:34;;Missing data;;;;;;;;;;;;;;;;;
1550;20/06/2023;16:43:34;;Missing data;;;;;;;;;;;;;;;;;
1551;20/06/2023;16:44:34;;Missing data;;;;;;;;;;;;;;;;;
1552;20/06/2023;16:45:34;;Missing data;;;;;;;;;;;;;;;;;
1553;20/06/2023;16:46:34;37.5;;;;;;;;;;;;;;;;;;
1554;20/06/2023;16:47:34;37.48;;;;;;;;;;;;;;;;;;
1555;20/06/2023;16:48:34;37.48;;;;;;;;;;;;;;;;;;
;
;