SenseLab_M01;
Time Zone;UTC+2:00;
Monitor;80.80.12.F1;
;
Pill n°1;24.00.1B.9F;;;;;;Pill n°2;24.00.1E.1C;;;;;;Pill n°3;24.00.1D.2A;;;;;;
Sample number;Date (dd/mm/yyyy);Hour;Temperature (°C);Status;;;Sample number;Date (dd/mm/yyyy);Hour;Temperature (°C);Status;;;Sample number;Date (dd/mm/yyyy);Hour;Temperature (°C);Status;;;
1;07/06/2023;18:21:28;29.2;;;;1;07/06/2023;18:25:03;28.09;;;;1;07/06/2023;18:25:57;27.18;;;;
2;07/06/2023;18:22:28;29.44;Synchronized;;;2;07/06/2023;18:26:03;28.81;;;;2;07/06/2023;18:26:57;28.24;;;;
3;07/06/2023;18:23:28;29.11;;;;3;07/06/2023;18:27:03;28.69;;;;3;07/06/2023;18:27:56;28.24;;;;
4;07/06/2023;18:24:28;28.81;;;;4;07/06/2023;18:28:03;29.13;;;;4;07/06/2023;18:28:56;28.19;;;;
5;07/06/2023;18:25:28;28.63;Synchronized;;;5;07/06/2023;18:29:03;29.21;;;;5;07/06/2023;18:29:56;28.19;;;;
6;07/06/2023;18:26:28;28.58;;;;6;07/06/2023;18:30:03;29.17;;;;6;07/06/2023;18:30:56;28.69;Synchronized;;;
7;07/06/2023;18:27:28;28.72;;;;7;07/06/2023;18:31:03;29.68;;;;7;07/06/2023;18:31:56;28.78;;;;
8;07/06/2023;18:28:28;29.09;;;;8;07/06/2023;18:32:03;29.36;;;;8;07/06/2023;18:32:56;28.47;;;;
9;07/06/2023;18:29:27;29.27;;;;9;07/06/2023;18:33:03;28.97;;;;9;07/06/2023;18:33:56;28.33;;;;
10;07/06/2023;18:30:27;29.34;;;;10;07/06/2023;18:34:03;28.7;;;;10;07/06/2023;18:34:56;28.2;;;;
11;07/06/2023;18:31:27;29.59;;;;11;07/06/2023;18:35:03;28.53;;;;11;07/06/2023;18:35:56;28.13;;;;
12;07/06/2023;18:32:27;29.27;;;;12;07/06/2023;18:36:03;28.39;;;;12;07/06/2023;18:36:56;28.05;;;;
13;07/06/2023;18:33:27;28.99;;;;13;07/06/2023;18:37:03;28.27;Synchronized;;;13;07/06/2023;18:37:56;27.97;Synchronized;;;
14;07/06/2023;18:34:27;28.75;;;;14;07/06/2023;18:38:03;28.2;Synchronized;;;14;07/06/2023;18:38:56;27.92;Synchronized;;;
15;07/06/2023;18:35:27;28.59;;;;15;07/06/2023;18:39:03;28.09;Synchronized;;;15;07/06/2023;18:39:56;27.89;Synchronized;;;
16;07/06/2023;18:36:27;28.44;Synchronized;;;16;07/06/2023;18:40:03;28.02;Synchronized;;;16;07/06/2023;18:40:56;27.84;Synchronized;;;
17;07/06/2023;18:37:27;28.3;Synchronized;;;17;07/06/2023;18:41:03;27.98;Synchronized;;;17;07/06/2023;18:41:56;27.82;Synchronized;;;
18;07/06/2023;18:38:27;28.2;Synchronized;;;18;07/06/2023;18:42:03;27.91;Synchronized;;;18;07/06/2023;18:42:56;27.78;Synchronized;;;
19;07/06/2023;18:39:27;28.13;Synchronized;;;19;07/06/2023;18:43:03;27.91;Synchronized;;;19;07/06/2023;18:43:55;27.77;Synchronized;;;
20;07/06/2023;18:40:27;28.09;Synchronized;;;20;07/06/2023;18:44:03;27.86;Synchronized;;;20;07/06/2023;18:44:55;27.74;Synchronized;;;
21;07/06/2023;18:41:27;28.05;Synchronized;;;21;07/06/2023;18:45:03;27.83;Synchronized;;;21;07/06/2023;18:45:55;27.76;Synchronized;;;
22;07/06/2023;18:42:27;27.98;Synchronized;;;22;07/06/2023;18:46:03;27.82;Synchronized;;;22;07/06/2023;18:46:55;27.74;Synchronized;;;
23;07/06/2023;18:43:27;27.96;Synchronized;;;23;07/06/2023;18:47:03;27.82;Synchronized;;;23;07/06/2023;18:47:55;27.75;Synchronized;;;
24;07/06/2023;18:44:27;27.95;Synchronized;;;24;07/06/2023;18:48:03;27.82;Synchronized;;;24;07/06/2023;18:48:55;27.74;Synchronized;;;
25;07/06/2023;18:45:26;27.95;Synchronized;;;25;07/06/2023;18:49:03;27.81;Synchronized;;;25;07/06/2023;18:49:55;27.75;Synchronized;;;
26;07/06/2023;18:46:26;27.91;Synchronized;;;26;07/06/2023;18:50:03;27.82;Synchronized;;;26;07/06/2023;18:50:55;27.74;Synchronized;;;
27;07/06/2023;18:47:26;27.9;Synchronized;;;27;07/06/2023;18:51:03;27.81;Synchronized;;;27;07/06/2023;18:51:55;27.75;Synchronized;;;
28;07/06/2023;18:48:26;27.9;Synchronized;;;28;07/06/2023;18:52:03;27.81;Synchronized;;;28;07/06/2023;18:52:55;27.74;Synchronized;;;
29;07/06/2023;18:49:26;27.89;Synchronized;;;29;07/06/2023;18:53:03;27.8;Synchronized;;;29;07/06/2023;18:53:55;27.75;Synchronized;;;
30;07/06/2023;18:50:26;27.91;Synchronized;;;30;07/06/2023;18:54:03;27.79;Synchronized;;;30;07/06/2023;18:54:55;27.77;Synchronized;;;
31;07/06/2023;18:51:26;27.91;Synchronized;;;31;07/06/2023;18:55:03;27.81;Synchronized;;;31;07/06/2023;18:55:54;27.73;Synchronized;;;
32;07/06/2023;18:52:26;27.88;Synchronized;;;32;07/06/2023;18:56:03;27.8;Synchronized;;;32;07/06/2023;18:56:54;27.72;Synchronized;;;
33;07/06/2023;18:53:26;27.9;Synchronized;;;33;07/06/2023;18:57:03;27.79;Synchronized;;;33;07/06/2023;18:57:54;27.73;Synchronized;;;
34;07/06/2023;18:54:26;27.9;Synchronized;;;34;07/06/2023;18:58:03;27.77;Synchronized;;;34;07/06/2023;18:58:54;27.74;Synchronized;;;
35;07/06/2023;18:55:26;27.91;Synchronized;;;35;07/06/2023;18:59:03;27.77;Synchronized;;;35;07/06/2023;18:59:54;27.73;Synchronized;;;
36;07/06/2023;18:56:26;27.88;Synchronized;;;36;07/06/2023;19:00:03;27.77;Synchronized;;;36;07/06/2023;19:00:54;27.73;Synchronized;;;
37;07/06/2023;18:57:26;27.88;Synchronized;;;37;07/06/2023;19:01:03;27.79;Synchronized;;;37;07/06/2023;19:01:54;27.74;Synchronized;;;
38;07/06/2023;18:58:26;27.88;Synchronized;;;38;07/06/2023;19:02:03;27.77;Synchronized;;;38;07/06/2023;19:02:54;27.71;Synchronized;;;
39;07/06/2023;18:59:26;27.88;Synchronized;;;39;07/06/2023;19:03:03;27.77;Synchronized;;;39;07/06/2023;19:03:54;27.71;Synchronized;;;
40;07/06/2023;19:00:26;27.88;Synchronized;;;40;07/06/2023;19:04:03;27.77;Synchronized;;;40;07/06/2023;19:04:54;27.73;Synchronized;;;
41;07/06/2023;19:01:26;27.88;Synchronized;;;41;07/06/2023;19:05:03;27.77;Synchronized;;;41;07/06/2023;19:05:54;27.72;Synchronized;;;
42;07/06/2023;19:02:26;27.91;Synchronized;;;42;07/06/2023;19:06:03;27.77;Synchronized;;;42;07/06/2023;19:06:54;27.74;Synchronized;;;
43;07/06/2023;19:03:26;27.88;Synchronized;;;43;07/06/2023;19:07:03;27.78;Synchronized;;;43;07/06/2023;19:07:54;27.72;Synchronized;;;
44;07/06/2023;19:04:25;27.85;Synchronized;;;44;07/06/2023;19:08:03;27.78;Synchronized;;;44;07/06/2023;19:08:53;27.75;Synchronized;;;
45;07/06/2023;19:05:25;27.88;Synchronized;;;45;07/06/2023;19:09:03;27.79;Synchronized;;;45;07/06/2023;19:09:53;27.75;Synchronized;;;
46;07/06/2023;19:06:25;27.88;Synchronized;;;46;07/06/2023;19:10:02;27.81;Synchronized;;;46;07/06/2023;19:10:53;27.75;Synchronized;;;
47;07/06/2023;19:07:25;27.9;Synchronized;;;47;07/06/2023;19:11:02;27.81;Synchronized;;;47;07/06/2023;19:11:53;27.77;Synchronized;;;
48;07/06/2023;19:08:25;27.91;Synchronized;;;48;07/06/2023;19:12:02;27.82;Synchronized;;;48;07/06/2023;19:12:53;27.77;Synchronized;;;
49;07/06/2023;19:09:25;27.88;Synchronized;;;49;07/06/2023;19:13:02;27.83;Synchronized;;;49;07/06/2023;19:13:53;27.77;Synchronized;;;
50;07/06/2023;19:10:25;27.93;Synchronized;;;50;07/06/2023;19:14:02;27.83;Synchronized;;;50;07/06/2023;19:14:53;27.77;Synchronized;;;
51;07/06/2023;19:11:25;27.94;Synchronized;;;51;07/06/2023;19:15:02;27.83;Synchronized;;;51;07/06/2023;19:15:53;27.78;Synchronized;;;
52;07/06/2023;19:12:25;27.95;Synchronized;;;52;07/06/2023;19:16:02;27.81;Synchronized;;;52;07/06/2023;19:16:53;27.78;Synchronized;;;
53;07/06/2023;19:13:25;27.93;Synchronized;;;53;07/06/2023;19:17:02;27.8;Synchronized;;;53;07/06/2023;19:17:53;27.77;Synchronized;;;
54;07/06/2023;19:14:25;27.95;Synchronized;;;54;07/06/2023;19:18:02;27.8;Synchronized;;;54;07/06/2023;19:18:53;27.74;Synchronized;;;
55;07/06/2023;19:15:25;27.93;Synchronized;;;55;07/06/2023;19:19:02;27.8;Synchronized;;;55;07/06/2023;19:19:53;27.77;Synchronized;;;
56;07/06/2023;19:16:25;27.93;Synchronized;;;56;07/06/2023;19:20:02;27.8;Synchronized;;;56;07/06/2023;19:20:52;27.77;Synchronized;;;
57;07/06/2023;19:17:25;27.94;Synchronized;;;57;07/06/2023;19:21:02;27.81;Synchronized;;;57;07/06/2023;19:21:52;27.77;Synchronized;;;
58;07/06/2023;19:18:25;27.93;Synchronized;;;58;07/06/2023;19:22:02;27.8;Synchronized;;;58;07/06/2023;19:22:52;27.77;Synchronized;;;
59;07/06/2023;19:19:25;27.93;Synchronized;;;59;07/06/2023;19:23:02;27.82;Synchronized;;;59;07/06/2023;19:23:52;27.77;Synchronized;;;
60;07/06/2023;19:20:25;27.91;Synchronized;;;60;07/06/2023;19:24:02;27.83;Synchronized;;;60;07/06/2023;19:24:52;27.77;Synchronized;;;
61;07/06/2023;19:21:25;27.91;Synchronized;;;61;07/06/2023;19:25:02;27.84;Synchronized;;;61;07/06/2023;19:25:52;27.79;Synchronized;;;
62;07/06/2023;19:22:25;27.95;Synchronized;;;62;07/06/2023;19:26:02;27.84;Synchronized;;;62;07/06/2023;19:26:52;27.79;Synchronized;;;
63;07/06/2023;19:23:24;27.95;Synchronized;;;63;07/06/2023;19:27:02;27.83;Synchronized;;;63;07/06/2023;19:27:52;27.77;Synchronized;;;
64;07/06/2023;19:24:24;27.94;Synchronized;;;64;07/06/2023;19:28:02;27.83;Synchronized;;;64;07/06/2023;19:28:52;27.77;Synchronized;;;
65;07/06/2023;19:25:24;27.97;Synchronized;;;65;07/06/2023;19:29:02;27.8;Synchronized;;;65;07/06/2023;19:29:52;27.77;Synchronized;;;
66;07/06/2023;19:26:24;27.95;Synchronized;;;66;07/06/2023;19:30:02;27.78;Synchronized;;;66;07/06/2023;19:30:52;27.75;Synchronized;;;
67;07/06/2023;19:27:24;27.94;Synchronized;;;67;07/06/2023;19:31:02;27.77;Synchronized;;;67;07/06/2023;19:31:52;27.71;Synchronized;;;
68;07/06/2023;19:28:24;27.93;Synchronized;;;68;07/06/2023;19:32:02;27.76;Synchronized;;;68;07/06/2023;19:32:52;27.71;Synchronized;;;
69;07/06/2023;19:29:24;27.93;Synchronized;;;69;07/06/2023;19:33:02;27.71;Synchronized;;;69;07/06/2023;19:33:51;27.7;Synchronized;;;
70;07/06/2023;19:30:24;27.91;Synchronized;;;70;07/06/2023;19:34:02;27.7;Synchronized;;;70;07/06/2023;19:34:51;27.69;Synchronized;;;
71;07/06/2023;19:31:24;27.91;Synchronized;;;71;07/06/2023;19:35:02;27.67;Synchronized;;;71;07/06/2023;19:35:51;27.67;Synchronized;;;
72;07/06/2023;19:32:24;27.88;Synchronized;;;72;07/06/2023;19:36:02;27.7;Synchronized;;;72;07/06/2023;19:36:51;27.66;Synchronized;;;
73;07/06/2023;19:33:24;27.85;Synchronized;;;73;07/06/2023;19:37:02;27.67;Synchronized;;;73;07/06/2023;19:37:51;27.66;Synchronized;;;
74;07/06/2023;19:34:24;27.83;Synchronized;;;74;07/06/2023;19:38:02;27.65;Synchronized;;;74;07/06/2023;19:38:51;27.6;Synchronized;;;
75;07/06/2023;19:35:24;27.83;Synchronized;;;75;07/06/2023;19:39:02;27.58;Synchronized;;;75;07/06/2023;19:39:51;27.6;Synchronized;;;
76;07/06/2023;19:36:24;27.83;Synchronized;;;76;07/06/2023;19:40:02;27.61;Synchronized;;;76;07/06/2023;19:40:51;27.61;Synchronized;;;
77;07/06/2023;19:37:24;27.8;Synchronized;;;77;07/06/2023;19:41:02;27.58;Synchronized;;;77;07/06/2023;19:41:51;27.56;Synchronized;;;
78;07/06/2023;19:38:24;27.78;Synchronized;;;78;07/06/2023;19:42:02;27.56;Synchronized;;;78;07/06/2023;19:42:51;27.59;Synchronized;;;
79;07/06/2023;19:39:24;27.77;Synchronized;;;79;07/06/2023;19:43:02;27.53;Synchronized;;;79;07/06/2023;19:43:51;27.54;Synchronized;;;
80;07/06/2023;19:40:24;27.76;Synchronized;;;80;07/06/2023;19:44:02;27.5;Synchronized;;;80;07/06/2023;19:44:51;27.52;Synchronized;;;
81;07/06/2023;19:41:24;27.76;Synchronized;;;81;07/06/2023;19:45:02;27.46;Synchronized;;;81;07/06/2023;19:45:50;27.48;Synchronized;;;
82;07/06/2023;19:42:23;27.75;Synchronized;;;82;07/06/2023;19:46:02;27.41;Synchronized;;;82;07/06/2023;19:46:50;27.45;Synchronized;;;
83;07/06/2023;19:43:23;27.71;Synchronized;;;83;07/06/2023;19:47:02;27.38;Synchronized;;;83;07/06/2023;19:47:50;27.44;Synchronized;;;
84;07/06/2023;19:44:23;27.7;Synchronized;;;84;07/06/2023;19:48:02;27.33;Synchronized;;;84;07/06/2023;19:48:50;27.43;Synchronized;;;
85;07/06/2023;19:45:23;27.66;Synchronized;;;85;07/06/2023;19:49:02;27.32;Synchronized;;;85;07/06/2023;19:49:50;27.41;Synchronized;;;
86;07/06/2023;19:46:23;27.61;Synchronized;;;86;07/06/2023;19:50:02;27.28;Synchronized;;;86;07/06/2023;19:50:50;27.39;Synchronized;;;
87;07/06/2023;19:47:23;27.6;Synchronized;;;87;07/06/2023;19:51:02;27.3;Synchronized;;;87;07/06/2023;19:51:50;27.38;Synchronized;;;
88;07/06/2023;19:48:23;27.54;Synchronized;;;88;07/06/2023;19:52:02;27.32;Synchronized;;;88;07/06/2023;19:52:50;27.39;Synchronized;;;
89;07/06/2023;19:49:23;27.54;Synchronized;;;89;07/06/2023;19:53:02;27.34;Synchronized;;;89;07/06/2023;19:53:50;27.41;Synchronized;;;
90;07/06/2023;19:50:23;27.52;Synchronized;;;90;07/06/2023;19:54:02;27.38;Synchronized;;;90;07/06/2023;19:54:50;27.41;Synchronized;;;
91;07/06/2023;19:51:23;27.53;Synchronized;;;91;07/06/2023;19:55:02;27.37;Synchronized;;;91;07/06/2023;19:55:50;27.4;Synchronized;;;
92;07/06/2023;19:52:23;27.52;Synchronized;;;92;07/06/2023;19:56:02;27.35;Synchronized;;;92;07/06/2023;19:56:50;27.39;Synchronized;;;
93;07/06/2023;19:53:23;27.57;Synchronized;;;93;07/06/2023;19:57:02;27.34;Synchronized;;;93;07/06/2023;19:57:50;27.39;Synchronized;;;
94;07/06/2023;19:54:23;27.57;Synchronized;;;94;07/06/2023;19:58:02;27.37;Synchronized;;;94;07/06/2023;19:58:49;27.39;Synchronized;;;
95;07/06/2023;19:55:23;27.53;Synchronized;;;95;07/06/2023;19:59:02;27.34;Synchronized;;;95;07/06/2023;19:59:49;27.39;Synchronized;;;
96;07/06/2023;19:56:23;27.55;Synchronized;;;96;07/06/2023;20:00:02;27.32;Synchronized;;;96;07/06/2023;20:00:49;27.35;Synchronized;;;
97;07/06/2023;19:57:23;27.54;Synchronized;;;97;07/06/2023;20:01:02;27.32;Synchronized;;;97;07/06/2023;20:01:49;27.37;Synchronized;;;
98;07/06/2023;19:58:23;27.52;Synchronized;;;98;07/06/2023;20:02:02;27.3;Synchronized;;;98;07/06/2023;20:02:49;27.33;Synchronized;;;
99;07/06/2023;19:59:23;27.52;Synchronized;;;99;07/06/2023;20:03:02;27.29;Synchronized;;;99;07/06/2023;20:03:49;27.32;Synchronized;;;
100;07/06/2023;20:00:23;27.52;Synchronized;;;100;07/06/2023;20:04:02;27.29;Synchronized;;;100;07/06/2023;20:04:49;27.3;Synchronized;;;
101;07/06/2023;20:01:22;27.48;Synchronized;;;101;07/06/2023;20:05:02;27.25;Synchronized;;;101;07/06/2023;20:05:49;27.3;Synchronized;;;
102;07/06/2023;20:02:22;27.47;Synchronized;;;102;07/06/2023;20:06:02;27.23;Synchronized;;;102;07/06/2023;20:06:49;27.27;Synchronized;;;
103;07/06/2023;20:03:22;27.43;Synchronized;;;103;07/06/2023;20:07:02;27.23;Synchronized;;;103;07/06/2023;20:07:49;27.28;Synchronized;;;
104;07/06/2023;20:04:22;27.41;Synchronized;;;104;07/06/2023;20:08:02;27.24;Synchronized;;;104;07/06/2023;20:08:49;27.24;Synchronized;;;
105;07/06/2023;20:05:22;27.38;Synchronized;;;105;07/06/2023;20:09:02;27.23;Synchronized;;;105;07/06/2023;20:09:49;27.23;Synchronized;;;
106;07/06/2023;20:06:22;27.37;Synchronized;;;106;07/06/2023;20:10:02;27.22;Synchronized;;;106;07/06/2023;20:10:48;27.24;Synchronized;;;
107;07/06/2023;20:07:22;27.38;Synchronized;;;107;07/06/2023;20:11:02;27.2;Synchronized;;;107;07/06/2023;20:11:48;27.22;Synchronized;;;
108;07/06/2023;20:08:22;27.37;Synchronized;;;108;07/06/2023;20:12:02;27.18;Synchronized;;;108;07/06/2023;20:12:48;27.22;Synchronized;;;
109;07/06/2023;20:09:22;27.36;Synchronized;;;109;07/06/2023;20:13:02;27.17;Synchronized;;;109;07/06/2023;20:13:48;27.2;Synchronized;;;
110;07/06/2023;20:10:22;27.34;Synchronized;;;110;07/06/2023;20:14:02;27.16;Synchronized;;;110;07/06/2023;20:14:48;27.18;Synchronized;;;
111;07/06/2023;20:11:22;27.34;Synchronized;;;111;07/06/2023;20:15:02;27.16;Synchronized;;;111;07/06/2023;20:15:48;27.18;Synchronized;;;
112;07/06/2023;20:12:22;27.31;Synchronized;;;112;07/06/2023;20:16:01;27.13;Synchronized;;;112;07/06/2023;20:16:48;27.17;Synchronized;;;
113;07/06/2023;20:13:22;27.3;Synchronized;;;113;07/06/2023;20:17:01;27.13;Synchronized;;;113;07/06/2023;20:17:48;27.15;Synchronized;;;
114;07/06/2023;20:14:22;27.3;Synchronized;;;114;07/06/2023;20:18:01;27.11;Synchronized;;;114;07/06/2023;20:18:48;27.16;Synchronized;;;
115;07/06/2023;20:15:22;27.28;Synchronized;;;115;07/06/2023;20:19:01;27.11;Synchronized;;;115;07/06/2023;20:19:48;27.16;Synchronized;;;
116;07/06/2023;20:16:22;27.27;Synchronized;;;116;07/06/2023;20:20:01;27.09;Synchronized;;;116;07/06/2023;20:20:48;27.13;Synchronized;;;
117;07/06/2023;20:17:22;27.25;Synchronized;;;117;07/06/2023;20:21:01;27.09;Synchronized;;;117;07/06/2023;20:21:48;27.13;Synchronized;;;
118;07/06/2023;20:18:22;27.25;Synchronized;;;118;07/06/2023;20:22:01;27.1;Synchronized;;;118;07/06/2023;20:22:48;27.14;Synchronized;;;
119;07/06/2023;20:19:22;27.27;Synchronized;;;119;07/06/2023;20:23:01;27.09;Synchronized;;;119;07/06/2023;20:23:47;27.13;Synchronized;;;
120;07/06/2023;20:20:21;27.25;Synchronized;;;120;07/06/2023;20:24:01;27.11;Synchronized;;;120;07/06/2023;20:24:47;27.15;Synchronized;;;
121;07/06/2023;20:21:21;27.24;Synchronized;;;121;07/06/2023;20:25:01;27.09;Synchronized;;;121;07/06/2023;20:25:47;27.14;Synchronized;;;
122;07/06/2023;20:22:21;27.23;Synchronized;;;122;07/06/2023;20:26:01;27.1;Synchronized;;;122;07/06/2023;20:26:47;27.15;Synchronized;;;
123;07/06/2023;20:23:21;27.23;Synchronized;;;123;07/06/2023;20:27:01;27.11;Synchronized;;;123;07/06/2023;20:27:47;27.13;Synchronized;;;
124;07/06/2023;20:24:21;27.23;Synchronized;;;124;07/06/2023;20:28:01;27.11;Synchronized;;;124;07/06/2023;20:28:47;27.14;Synchronized;;;
125;07/06/2023;20:25:21;27.23;Synchronized;;;125;07/06/2023;20:29:01;27.13;Synchronized;;;125;07/06/2023;20:29:47;27.15;Synchronized;;;
126;07/06/2023;20:26:21;27.26;Synchronized;;;126;07/06/2023;20:30:01;27.13;Synchronized;;;126;07/06/2023;20:30:47;27.16;Synchronized;;;
127;07/06/2023;20:27:21;27.24;Synchronized;;;127;07/06/2023;20:31:01;27.13;Synchronized;;;127;07/06/2023;20:31:47;27.16;Synchronized;;;
128;07/06/2023;20:28:21;27.24;Synchronized;;;128;07/06/2023;20:32:01;27.14;Synchronized;;;128;07/06/2023;20:32:47;27.16;Synchronized;;;
129;07/06/2023;20:29:21;27.24;Synchronized;;;129;07/06/2023;20:33:01;27.16;Synchronized;;;129;07/06/2023;20:33:47;27.16;Synchronized;;;
130;07/06/2023;20:30:21;27.26;Synchronized;;;130;07/06/2023;20:34:01;27.17;Synchronized;;;130;07/06/2023;20:34:47;27.18;Synchronized;;;
131;07/06/2023;20:31:21;27.25;Synchronized;;;131;07/06/2023;20:35:01;27.17;Synchronized;;;131;07/06/2023;20:35:46;27.2;Synchronized;;;
132;07/06/2023;20:32:21;27.27;Synchronized;;;132;07/06/2023;20:36:01;27.19;Synchronized;;;132;07/06/2023;20:36:46;27.18;Synchronized;;;
133;07/06/2023;20:33:21;27.27;Synchronized;;;133;07/06/2023;20:37:01;27.2;Synchronized;;;133;07/06/2023;20:37:46;27.19;Synchronized;;;
134;07/06/2023;20:34:21;27.27;Synchronized;;;134;07/06/2023;20:38:01;27.2;Synchronized;;;134;07/06/2023;20:38:46;27.19;Synchronized;;;
135;07/06/2023;20:35:21;27.28;Synchronized;;;135;07/06/2023;20:39:01;27.18;Synchronized;;;135;07/06/2023;20:39:46;27.17;Synchronized;;;
136;07/06/2023;20:36:21;27.28;Synchronized;;;136;07/06/2023;20:40:01;27.16;Synchronized;;;136;07/06/2023;20:40:46;27.16;Synchronized;;;
137;07/06/2023;20:37:21;27.29;Synchronized;;;137;07/06/2023;20:41:01;27.15;Synchronized;;;137;07/06/2023;20:41:46;27.15;Synchronized;;;
138;07/06/2023;20:38:21;27.28;Synchronized;;;138;07/06/2023;20:42:01;27.13;Synchronized;;;138;07/06/2023;20:42:46;27.14;Synchronized;;;
139;07/06/2023;20:39:20;27.26;Synchronized;;;139;07/06/2023;20:43:01;27.13;Synchronized;;;139;07/06/2023;20:43:46;27.13;Synchronized;;;
140;07/06/2023;20:40:20;27.25;Synchronized;;;140;07/06/2023;20:44:01;27.13;Synchronized;;;140;07/06/2023;20:44:46;27.13;Synchronized;;;
141;07/06/2023;20:41:20;27.25;Synchronized;;;141;07/06/2023;20:45:01;27.13;Synchronized;;;141;07/06/2023;20:45:46;27.14;Synchronized;;;
142;07/06/2023;20:42:20;27.24;Synchronized;;;142;07/06/2023;20:46:01;27.13;Synchronized;;;142;07/06/2023;20:46:46;27.14;Synchronized;;;
143;07/06/2023;20:43:20;27.25;Synchronized;;;143;07/06/2023;20:47:01;27.13;Synchronized;;;143;07/06/2023;20:47:46;27.12;Synchronized;;;
144;07/06/2023;20:44:20;27.23;Synchronized;;;144;07/06/2023;20:48:01;27.13;Synchronized;;;144;07/06/2023;20:48:45;27.13;Synchronized;;;
145;07/06/2023;20:45:20;27.23;Synchronized;;;145;07/06/2023;20:49:01;27.13;Synchronized;;;145;07/06/2023;20:49:45;27.13;Synchronized;;;
146;07/06/2023;20:46:20;27.23;Synchronized;;;146;07/06/2023;20:50:01;27.13;Synchronized;;;146;07/06/2023;20:50:45;27.12;Synchronized;;;
147;07/06/2023;20:47:20;27.23;Synchronized;;;147;07/06/2023;20:51:01;27.15;Synchronized;;;147;07/06/2023;20:51:45;27.13;Synchronized;;;
148;07/06/2023;20:48:20;27.22;Synchronized;;;148;07/06/2023;20:52:01;27.15;Synchronized;;;148;07/06/2023;20:52:45;27.12;Synchronized;;;
149;07/06/2023;20:49:20;27.23;Synchronized;;;149;07/06/2023;20:53:01;27.16;Synchronized;;;149;07/06/2023;20:53:45;27.12;Synchronized;;;
150;07/06/2023;20:50:20;27.23;Synchronized;;;150;07/06/2023;20:54:01;27.16;Synchronized;;;150;07/06/2023;20:54:45;27.14;Synchronized;;;
151;07/06/2023;20:51:20;27.23;Synchronized;;;151;07/06/2023;20:55:01;27.16;Synchronized;;;151;07/06/2023;20:55:45;27.15;Synchronized;;;
152;07/06/2023;20:52:20;27.23;Synchronized;;;152;07/06/2023;20:56:01;27.17;Synchronized;;;152;07/06/2023;20:56:45;27.14;Synchronized;;;
153;07/06/2023;20:53:20;27.23;Synchronized;;;153;07/06/2023;20:57:01;27.16;Synchronized;;;153;07/06/2023;20:57:45;27.16;Synchronized;;;
154;07/06/2023;20:54:20;27.23;Synchronized;;;154;07/06/2023;20:58:01;27.16;Synchronized;;;154;07/06/2023;20:58:45;27.16;Synchronized;;;
155;07/06/2023;20:55:20;27.25;Synchronized;;;155;07/06/2023;20:59:01;27.17;Synchronized;;;155;07/06/2023;20:59:45;27.15;Synchronized;;;
156;07/06/2023;20:56:20;27.25;Synchronized;;;156;07/06/2023;21:00:01;27.16;Synchronized;;;156;07/06/2023;21:00:44;27.14;Synchronized;;;
157;07/06/2023;20:57:20;27.23;Synchronized;;;157;07/06/2023;21:01:01;27.16;Synchronized;;;157;07/06/2023;21:01:44;27.13;Synchronized;;;
158;07/06/2023;20:58:19;27.24;Synchronized;;;158;07/06/2023;21:02:01;27.14;Synchronized;;;158;07/06/2023;21:02:44;27.14;Synchronized;;;
159;07/06/2023;20:59:19;27.24;Synchronized;;;159;07/06/2023;21:03:01;27.16;Synchronized;;;159;07/06/2023;21:03:44;27.13;Synchronized;;;
160;07/06/2023;21:00:19;27.23;Synchronized;;;160;07/06/2023;21:04:01;27.16;Synchronized;;;160;07/06/2023;21:04:44;27.13;Synchronized;;;
161;07/06/2023;21:01:19;27.22;Synchronized;;;161;07/06/2023;21:05:01;27.14;Synchronized;;;161;07/06/2023;21:05:44;27.14;Synchronized;;;
162;07/06/2023;21:02:19;27.22;Synchronized;;;162;07/06/2023;21:06:01;27.16;Synchronized;;;162;07/06/2023;21:06:44;27.11;Synchronized;;;
163;07/06/2023;21:03:19;27.23;Synchronized;;;163;07/06/2023;21:07:01;27.14;Synchronized;;;163;07/06/2023;21:07:44;27.1;Synchronized;;;
164;07/06/2023;21:04:19;27.19;Synchronized;;;164;07/06/2023;21:08:01;27.13;Synchronized;;;164;07/06/2023;21:08:44;27.1;Synchronized;;;
165;07/06/2023;21:05:19;27.21;Synchronized;;;165;07/06/2023;21:09:01;27.13;Synchronized;;;165;07/06/2023;21:09:44;27.09;Synchronized;;;
166;07/06/2023;21:06:19;27.21;Synchronized;;;166;07/06/2023;21:10:01;27.09;Synchronized;;;166;07/06/2023;21:10:44;27.09;Synchronized;;;
167;07/06/2023;21:07:19;27.2;Synchronized;;;167;07/06/2023;21:11:01;27.08;Synchronized;;;167;07/06/2023;21:11:44;27.06;Synchronized;;;
168;07/06/2023;21:08:19;27.19;Synchronized;;;168;07/06/2023;21:12:01;27.08;Synchronized;;;168;07/06/2023;21:12:44;27.05;Synchronized;;;
169;07/06/2023;21:09:19;27.16;Synchronized;;;169;07/06/2023;21:13:01;27.07;Synchronized;;;169;07/06/2023;21:13:43;27.08;Synchronized;;;
170;07/06/2023;21:10:19;27.14;Synchronized;;;170;07/06/2023;21:14:01;27.07;Synchronized;;;170;07/06/2023;21:14:43;27.08;Synchronized;;;
171;07/06/2023;21:11:19;27.16;Synchronized;;;171;07/06/2023;21:15:01;27.08;Synchronized;;;171;07/06/2023;21:15:43;27.04;Synchronized;;;
172;07/06/2023;21:12:19;27.15;Synchronized;;;172;07/06/2023;21:16:01;27.06;Synchronized;;;172;07/06/2023;21:16:43;27.05;Synchronized;;;
173;07/06/2023;21:13:19;27.14;Synchronized;;;173;07/06/2023;21:17:01;27.06;Synchronized;;;173;07/06/2023;21:17:43;27.03;Synchronized;;;
174;07/06/2023;21:14:19;27.14;Synchronized;;;174;07/06/2023;21:18:01;27.05;Synchronized;;;174;07/06/2023;21:18:43;27.04;Synchronized;;;
175;07/06/2023;21:15:19;27.12;Synchronized;;;175;07/06/2023;21:19:01;27.03;Synchronized;;;175;07/06/2023;21:19:43;27.02;Synchronized;;;
176;07/06/2023;21:16:19;27.12;Synchronized;;;176;07/06/2023;21:20:01;27.05;Synchronized;;;176;07/06/2023;21:20:43;27.04;Synchronized;;;
177;07/06/2023;21:17:18;27.11;Synchronized;;;177;07/06/2023;21:21:01;27.03;Synchronized;;;177;07/06/2023;21:21:43;27.03;Synchronized;;;
178;07/06/2023;21:18:18;27.12;Synchronized;;;178;07/06/2023;21:22:01;27.03;Synchronized;;;178;07/06/2023;21:22:43;27.02;Synchronized;;;
179;07/06/2023;21:19:18;27.11;Synchronized;;;179;07/06/2023;21:23:00;27.05;Synchronized;;;179;07/06/2023;21:23:43;27.05;Synchronized;;;
180;07/06/2023;21:20:18;27.12;Synchronized;;;180;07/06/2023;21:24:00;27.02;Synchronized;;;180;07/06/2023;21:24:43;27.04;Synchronized;;;
181;07/06/2023;21:21:18;27.11;Synchronized;;;181;07/06/2023;21:25:00;27.03;Synchronized;;;181;07/06/2023;21:25:42;27.01;Synchronized;;;
182;07/06/2023;21:22:18;27.11;Synchronized;;;182;07/06/2023;21:26:00;27.01;Synchronized;;;182;07/06/2023;21:26:42;27;Synchronized;;;
183;07/06/2023;21:23:18;27.1;Synchronized;;;183;07/06/2023;21:27:00;27.01;Synchronized;;;183;07/06/2023;21:27:42;27;Synchronized;;;
184;07/06/2023;21:24:18;27.09;Synchronized;;;184;07/06/2023;21:28:00;27.02;Synchronized;;;184;07/06/2023;21:28:42;26.99;Synchronized;;;
185;07/06/2023;21:25:18;27.09;Synchronized;;;185;07/06/2023;21:29:00;27.01;Synchronized;;;185;07/06/2023;21:29:42;26.98;Synchronized;;;
186;07/06/2023;21:26:18;27.09;Synchronized;;;186;07/06/2023;21:30:00;26.98;Synchronized;;;186;07/06/2023;21:30:42;26.98;Synchronized;;;
187;07/06/2023;21:27:18;27.06;Synchronized;;;187;07/06/2023;21:31:00;26.98;Synchronized;;;187;07/06/2023;21:31:42;26.97;Synchronized;;;
188;07/06/2023;21:28:18;27.05;Synchronized;;;188;07/06/2023;21:32:00;26.98;Synchronized;;;188;07/06/2023;21:32:42;26.96;Synchronized;;;
189;07/06/2023;21:29:18;27.05;Synchronized;;;189;07/06/2023;21:33:00;26.95;Synchronized;;;189;07/06/2023;21:33:42;26.97;Synchronized;;;
190;07/06/2023;21:30:18;27.04;Synchronized;;;190;07/06/2023;21:34:00;26.95;Synchronized;;;190;07/06/2023;21:34:42;26.95;Synchronized;;;
191;07/06/2023;21:31:18;27.03;Synchronized;;;191;07/06/2023;21:35:00;26.95;Synchronized;;;191;07/06/2023;21:35:42;26.95;Synchronized;;;
192;07/06/2023;21:32:18;27.04;Synchronized;;;192;07/06/2023;21:36:00;26.94;Synchronized;;;192;07/06/2023;21:36:42;26.94;Synchronized;;;
193;07/06/2023;21:33:18;27.02;Synchronized;;;193;07/06/2023;21:37:00;26.95;Synchronized;;;193;07/06/2023;21:37:42;26.93;Synchronized;;;
194;07/06/2023;21:34:18;27.02;Synchronized;;;194;07/06/2023;21:38:00;26.95;Synchronized;;;194;07/06/2023;21:38:41;26.95;Synchronized;;;
195;07/06/2023;21:35:18;27.02;Synchronized;;;195;07/06/2023;21:39:00;26.92;Synchronized;;;195;07/06/2023;21:39:41;26.92;Synchronized;;;
196;07/06/2023;21:36:17;27.01;Synchronized;;;196;07/06/2023;21:40:00;26.92;Synchronized;;;196;07/06/2023;21:40:41;26.93;Synchronized;;;
197;07/06/2023;21:37:17;27.02;Synchronized;;;197;07/06/2023;21:41:00;26.92;Synchronized;;;197;07/06/2023;21:41:41;26.91;Synchronized;;;
198;07/06/2023;21:38:17;27;Synchronized;;;198;07/06/2023;21:42:00;26.92;Synchronized;;;198;07/06/2023;21:42:41;26.94;Synchronized;;;
199;07/06/2023;21:39:17;26.98;Synchronized;;;199;07/06/2023;21:43:00;26.92;Synchronized;;;199;07/06/2023;21:43:41;26.91;Synchronized;;;
200;07/06/2023;21:40:17;26.98;Synchronized;;;200;07/06/2023;21:44:00;26.9;Synchronized;;;200;07/06/2023;21:44:41;26.91;Synchronized;;;
201;07/06/2023;21:41:17;26.98;Synchronized;;;201;07/06/2023;21:45:00;26.89;Synchronized;;;201;07/06/2023;21:45:41;26.91;Synchronized;;;
202;07/06/2023;21:42:17;26.98;Synchronized;;;202;07/06/2023;21:46:00;26.9;Synchronized;;;202;07/06/2023;21:46:41;26.89;Synchronized;;;
203;07/06/2023;21:43:17;26.98;Synchronized;;;203;07/06/2023;21:47:00;26.89;Synchronized;;;203;07/06/2023;21:47:41;26.89;Synchronized;;;
204;07/06/2023;21:44:17;26.98;Synchronized;;;204;07/06/2023;21:48:00;26.9;Synchronized;;;204;07/06/2023;21:48:41;26.91;Synchronized;;;
205;07/06/2023;21:45:17;26.97;Synchronized;;;205;07/06/2023;21:49:00;26.86;Synchronized;;;205;07/06/2023;21:49:41;26.89;Synchronized;;;
206;07/06/2023;21:46:17;26.95;Synchronized;;;206;07/06/2023;21:50:00;26.88;Synchronized;;;206;07/06/2023;21:50:40;26.87;Synchronized;;;
207;07/06/2023;21:47:17;26.95;Synchronized;;;207;07/06/2023;21:51:00;26.87;Synchronized;;;207;07/06/2023;21:51:40;26.88;Synchronized;;;
208;07/06/2023;21:48:17;26.95;Synchronized;;;208;07/06/2023;21:52:00;26.86;Synchronized;;;208;07/06/2023;21:52:40;26.88;Synchronized;;;
209;07/06/2023;21:49:17;26.93;Synchronized;;;209;07/06/2023;21:53:00;26.87;Synchronized;;;209;07/06/2023;21:53:40;26.86;Synchronized;;;
210;07/06/2023;21:50:17;26.91;Synchronized;;;210;07/06/2023;21:54:00;26.86;Synchronized;;;210;07/06/2023;21:54:40;26.86;Synchronized;;;
211;07/06/2023;21:51:17;26.93;Synchronized;;;211;07/06/2023;21:55:00;26.85;Synchronized;;;211;07/06/2023;21:55:40;26.87;Synchronized;;;
212;07/06/2023;21:52:17;26.91;Synchronized;;;212;07/06/2023;21:56:00;26.86;Synchronized;;;212;07/06/2023;21:56:40;26.86;Synchronized;;;
213;07/06/2023;21:53:17;26.91;Synchronized;;;213;07/06/2023;21:57:00;26.85;Synchronized;;;213;07/06/2023;21:57:40;26.86;Synchronized;;;
214;07/06/2023;21:54:17;26.91;Synchronized;;;214;07/06/2023;21:58:00;26.84;Synchronized;;;214;07/06/2023;21:58:40;26.87;Synchronized;;;
215;07/06/2023;21:55:16;26.9;Synchronized;;;215;07/06/2023;21:59:00;26.85;Synchronized;;;215;07/06/2023;21:59:40;26.87;Synchronized;;;
216;07/06/2023;21:56:16;26.91;Synchronized;;;216;07/06/2023;22:00:00;26.86;Synchronized;;;216;07/06/2023;22:00:40;26.84;Synchronized;;;
217;07/06/2023;21:57:16;26.91;Synchronized;;;217;07/06/2023;22:01:00;26.84;Synchronized;;;217;07/06/2023;22:01:40;26.86;Synchronized;;;
218;07/06/2023;21:58:16;26.89;Synchronized;;;218;07/06/2023;22:02:00;26.84;Synchronized;;;218;07/06/2023;22:02:39;26.84;Synchronized;;;
219;07/06/2023;21:59:16;26.9;Synchronized;;;219;07/06/2023;22:03:00;26.84;Synchronized;;;219;07/06/2023;22:03:39;26.85;Synchronized;;;
220;07/06/2023;22:00:16;26.89;Synchronized;;;220;07/06/2023;22:04:00;26.84;Synchronized;;;220;07/06/2023;22:04:39;26.85;Synchronized;;;
221;07/06/2023;22:01:16;26.88;Synchronized;;;221;07/06/2023;22:05:00;26.83;Synchronized;;;221;07/06/2023;22:05:39;26.85;Synchronized;;;
222;07/06/2023;22:02:16;26.89;Synchronized;;;222;07/06/2023;22:06:00;26.85;Synchronized;;;222;07/06/2023;22:06:39;26.86;Synchronized;;;
223;07/06/2023;22:03:16;26.87;Synchronized;;;223;07/06/2023;22:07:00;26.84;Synchronized;;;223;07/06/2023;22:07:39;26.83;Synchronized;;;
224;07/06/2023;22:04:16;26.91;Synchronized;;;224;07/06/2023;22:08:00;26.86;Synchronized;;;224;07/06/2023;22:08:39;26.85;Synchronized;;;
225;07/06/2023;22:05:16;26.89;Synchronized;;;225;07/06/2023;22:09:00;26.86;Synchronized;;;225;07/06/2023;22:09:39;26.84;Synchronized;;;
226;07/06/2023;22:06:16;26.91;Synchronized;;;226;07/06/2023;22:10:00;26.84;Synchronized;;;226;07/06/2023;22:10:39;26.86;Synchronized;;;
227;07/06/2023;22:07:16;26.9;Synchronized;;;227;07/06/2023;22:11:00;26.85;Synchronized;;;227;07/06/2023;22:11:39;26.84;Synchronized;;;
228;07/06/2023;22:08:16;26.9;Synchronized;;;228;07/06/2023;22:12:00;26.83;Synchronized;;;228;07/06/2023;22:12:39;26.84;Synchronized;;;
229;07/06/2023;22:09:16;26.89;Synchronized;;;229;07/06/2023;22:13:00;26.83;Synchronized;;;229;07/06/2023;22:13:39;26.85;Synchronized;;;
230;07/06/2023;22:10:16;26.87;Synchronized;;;230;07/06/2023;22:14:00;26.84;Synchronized;;;230;07/06/2023;22:14:39;26.83;Synchronized;;;
231;07/06/2023;22:11:16;26.87;Synchronized;;;231;07/06/2023;22:15:00;26.83;Synchronized;;;231;07/06/2023;22:15:38;26.84;Synchronized;;;
232;07/06/2023;22:12:16;26.89;Synchronized;;;232;07/06/2023;22:16:00;26.84;Synchronized;;;232;07/06/2023;22:16:38;26.83;Synchronized;;;
233;07/06/2023;22:13:16;26.89;Synchronized;;;233;07/06/2023;22:17:00;26.83;Synchronized;;;233;07/06/2023;22:17:38;26.82;Synchronized;;;
234;07/06/2023;22:14:16;26.88;Synchronized;;;234;07/06/2023;22:18:00;26.82;Synchronized;;;234;07/06/2023;22:18:38;26.8;Synchronized;;;
235;07/06/2023;22:15:15;26.88;Synchronized;;;235;07/06/2023;22:19:00;26.81;Synchronized;;;235;07/06/2023;22:19:38;26.81;Synchronized;;;
236;07/06/2023;22:16:15;26.88;Synchronized;;;236;07/06/2023;22:20:00;26.83;Synchronized;;;236;07/06/2023;22:20:38;26.81;Synchronized;;;
237;07/06/2023;22:17:15;26.88;Synchronized;;;237;07/06/2023;22:21:00;26.8;Synchronized;;;237;07/06/2023;22:21:38;26.83;Synchronized;;;
238;07/06/2023;22:18:15;26.86;Synchronized;;;238;07/06/2023;22:22:00;26.81;Synchronized;;;238;07/06/2023;22:22:38;26.8;Synchronized;;;
239;07/06/2023;22:19:15;26.86;Synchronized;;;239;07/06/2023;22:23:00;26.8;Synchronized;;;239;07/06/2023;22:23:38;26.81;Synchronized;;;
240;07/06/2023;22:20:15;26.86;Synchronized;;;240;07/06/2023;22:24:00;26.8;Synchronized;;;240;07/06/2023;22:24:38;26.79;Synchronized;;;
241;07/06/2023;22:21:15;26.87;Synchronized;;;241;07/06/2023;22:25:00;26.8;Synchronized;;;241;07/06/2023;22:25:38;26.8;Synchronized;;;
242;07/06/2023;22:22:15;26.86;Synchronized;;;242;07/06/2023;22:26:00;26.78;Synchronized;;;242;07/06/2023;22:26:38;26.8;Synchronized;;;
243;07/06/2023;22:23:15;26.85;Synchronized;;;243;07/06/2023;22:27:00;26.79;Synchronized;;;243;07/06/2023;22:27:37;26.79;Synchronized;;;
244;07/06/2023;22:24:15;26.85;Synchronized;;;244;07/06/2023;22:28:00;26.79;Synchronized;;;244;07/06/2023;22:28:37;26.79;Synchronized;;;
245;07/06/2023;22:25:15;26.83;Synchronized;;;245;07/06/2023;22:29:00;26.77;Synchronized;;;245;07/06/2023;22:29:37;26.79;Synchronized;;;
246;07/06/2023;22:26:15;26.84;Synchronized;;;246;07/06/2023;22:29:59;26.8;Synchronized;;;246;07/06/2023;22:30:37;26.78;Synchronized;;;
247;07/06/2023;22:27:15;26.83;Synchronized;;;247;07/06/2023;22:30:59;26.79;Synchronized;;;247;07/06/2023;22:31:37;26.8;Synchronized;;;
248;07/06/2023;22:28:15;26.83;Synchronized;;;248;07/06/2023;22:31:59;26.77;Synchronized;;;248;07/06/2023;22:32:37;26.79;Synchronized;;;
249;07/06/2023;22:29:15;26.82;Synchronized;;;249;07/06/2023;22:32:59;26.77;Synchronized;;;249;07/06/2023;22:33:37;26.78;Synchronized;;;
250;07/06/2023;22:30:15;26.8;Synchronized;;;250;07/06/2023;22:33:59;26.78;Synchronized;;;250;07/06/2023;22:34:37;26.77;Synchronized;;;
251;07/06/2023;22:31:15;26.84;Synchronized;;;251;07/06/2023;22:34:59;26.79;Synchronized;;;251;07/06/2023;22:35:37;26.78;Synchronized;;;
252;07/06/2023;22:32:15;26.81;Synchronized;;;252;07/06/2023;22:35:59;26.79;Synchronized;;;252;07/06/2023;22:36:37;26.79;Synchronized;;;
253;07/06/2023;22:33:15;26.82;Synchronized;;;253;07/06/2023;22:36:59;26.77;Synchronized;;;253;07/06/2023;22:37:37;26.79;Synchronized;;;
254;07/06/2023;22:34:14;26.82;Synchronized;;;254;07/06/2023;22:37:59;26.78;Synchronized;;;254;07/06/2023;22:38:37;26.79;Synchronized;;;
255;07/06/2023;22:35:14;26.8;Synchronized;;;255;07/06/2023;22:38:59;26.77;Synchronized;;;255;07/06/2023;22:39:37;26.77;Synchronized;;;
256;07/06/2023;22:36:14;26.8;Synchronized;;;256;07/06/2023;22:39:59;26.78;Synchronized;;;256;07/06/2023;22:40:36;26.77;Synchronized;;;
257;07/06/2023;22:37:14;26.8;Synchronized;;;257;07/06/2023;22:40:59;26.74;Synchronized;;;257;07/06/2023;22:41:36;26.77;Synchronized;;;
258;07/06/2023;22:38:14;26.8;Synchronized;;;258;07/06/2023;22:41:59;26.75;Synchronized;;;258;07/06/2023;22:42:36;26.75;Synchronized;;;
259;07/06/2023;22:39:14;26.8;Synchronized;;;259;07/06/2023;22:42:59;26.74;Synchronized;;;259;07/06/2023;22:43:36;26.76;Synchronized;;;
260;07/06/2023;22:40:14;26.8;Synchronized;;;260;07/06/2023;22:43:59;26.75;Synchronized;;;260;07/06/2023;22:44:36;26.74;Synchronized;;;
261;07/06/2023;22:41:14;26.8;Synchronized;;;261;07/06/2023;22:44:59;26.75;Synchronized;;;261;07/06/2023;22:45:36;26.76;Synchronized;;;
262;07/06/2023;22:42:14;26.79;Synchronized;;;262;07/06/2023;22:45:59;26.74;Synchronized;;;262;07/06/2023;22:46:36;26.74;Synchronized;;;
263;07/06/2023;22:43:14;26.79;Synchronized;;;263;07/06/2023;22:46:59;26.73;Synchronized;;;263;07/06/2023;22:47:36;26.73;Synchronized;;;
264;07/06/2023;22:44:14;26.79;Synchronized;;;264;07/06/2023;22:47:59;26.73;Synchronized;;;264;07/06/2023;22:48:36;26.73;Synchronized;;;
265;07/06/2023;22:45:14;26.8;Synchronized;;;265;07/06/2023;22:48:59;26.73;Synchronized;;;265;07/06/2023;22:49:36;26.73;Synchronized;;;
266;07/06/2023;22:46:14;26.79;Synchronized;;;266;07/06/2023;22:49:59;26.72;Synchronized;;;266;07/06/2023;22:50:36;26.73;Synchronized;;;
267;07/06/2023;22:47:14;26.77;Synchronized;;;267;07/06/2023;22:50:59;26.7;Synchronized;;;267;07/06/2023;22:51:36;26.72;Synchronized;;;
268;07/06/2023;22:48:14;26.77;Synchronized;;;268;07/06/2023;22:51:59;26.73;Synchronized;;;268;07/06/2023;22:52:35;26.73;Synchronized;;;
269;07/06/2023;22:49:14;26.77;Synchronized;;;269;07/06/2023;22:52:59;26.73;Synchronized;;;269;07/06/2023;22:53:35;26.72;Synchronized;;;
270;07/06/2023;22:50:14;26.77;Synchronized;;;270;07/06/2023;22:53:59;26.72;Synchronized;;;270;07/06/2023;22:54:35;26.71;Synchronized;;;
271;07/06/2023;22:51:14;26.77;Synchronized;;;271;07/06/2023;22:54:59;26.7;Synchronized;;;271;07/06/2023;22:55:35;26.7;Synchronized;;;
272;07/06/2023;22:52:14;26.76;Synchronized;;;272;07/06/2023;22:55:59;26.73;Synchronized;;;272;07/06/2023;22:56:35;26.73;Synchronized;;;
273;07/06/2023;22:53:13;26.77;Synchronized;;;273;07/06/2023;22:56:59;26.72;Synchronized;;;273;07/06/2023;22:57:35;26.73;Synchronized;;;
274;07/06/2023;22:54:13;26.77;Synchronized;;;274;07/06/2023;22:57:59;26.72;Synchronized;;;274;07/06/2023;22:58:35;26.7;Synchronized;;;
275;07/06/2023;22:55:13;26.76;Synchronized;;;275;07/06/2023;22:58:59;26.7;Synchronized;;;275;07/06/2023;22:59:35;26.73;Synchronized;;;
276;07/06/2023;22:56:13;26.77;Synchronized;;;276;07/06/2023;22:59:59;26.7;Synchronized;;;276;07/06/2023;23:00:35;26.71;Synchronized;;;
277;07/06/2023;22:57:13;26.75;Synchronized;;;277;07/06/2023;23:00:59;26.71;Synchronized;;;277;07/06/2023;23:01:35;26.7;Synchronized;;;
278;07/06/2023;22:58:13;26.75;Synchronized;;;278;07/06/2023;23:01:59;26.71;Synchronized;;;278;07/06/2023;23:02:35;26.71;Synchronized;;;
279;07/06/2023;22:59:13;26.75;Synchronized;;;279;07/06/2023;23:02:59;26.7;Synchronized;;;279;07/06/2023;23:03:35;26.71;Synchronized;;;
280;07/06/2023;23:00:13;26.75;Synchronized;;;280;07/06/2023;23:03:59;26.7;Synchronized;;;280;07/06/2023;23:04:35;26.71;Synchronized;;;
281;07/06/2023;23:01:13;26.76;Synchronized;;;281;07/06/2023;23:04:59;26.7;Synchronized;;;281;07/06/2023;23:05:34;26.7;Synchronized;;;
282;07/06/2023;23:02:13;26.75;Synchronized;;;282;07/06/2023;23:05:59;26.7;Synchronized;;;282;07/06/2023;23:06:34;26.7;Synchronized;;;
283;07/06/2023;23:03:13;26.73;Synchronized;;;283;07/06/2023;23:06:59;26.7;Synchronized;;;283;07/06/2023;23:07:34;26.68;Synchronized;;;
284;07/06/2023;23:04:13;26.76;Synchronized;;;284;07/06/2023;23:07:59;26.7;Synchronized;;;284;07/06/2023;23:08:34;26.69;Synchronized;;;
285;07/06/2023;23:05:13;26.71;Synchronized;;;285;07/06/2023;23:08:59;26.71;Synchronized;;;285;07/06/2023;23:09:34;26.69;Synchronized;;;
286;07/06/2023;23:06:13;26.76;Synchronized;;;286;07/06/2023;23:09:59;26.7;Synchronized;;;286;07/06/2023;23:10:34;26.69;Synchronized;;;
287;07/06/2023;23:07:13;26.75;Synchronized;;;287;07/06/2023;23:10:59;26.7;Synchronized;;;287;07/06/2023;23:11:34;26.7;Synchronized;;;
288;07/06/2023;23:08:13;26.73;Synchronized;;;288;07/06/2023;23:11:59;26.68;Synchronized;;;288;07/06/2023;23:12:34;26.68;Synchronized;;;
289;07/06/2023;23:09:13;26.73;Synchronized;;;289;07/06/2023;23:12:59;26.67;Synchronized;;;289;07/06/2023;23:13:34;26.67;Synchronized;;;
290;07/06/2023;23:10:13;26.76;Synchronized;;;290;07/06/2023;23:13:59;26.7;Synchronized;;;290;07/06/2023;23:14:34;26.67;Synchronized;;;
291;07/06/2023;23:11:13;26.73;Synchronized;;;291;07/06/2023;23:14:59;26.67;Synchronized;;;291;07/06/2023;23:15:34;26.68;Synchronized;;;
292;07/06/2023;23:12:12;26.73;Synchronized;;;292;07/06/2023;23:15:59;26.67;Synchronized;;;292;07/06/2023;23:16:34;26.66;Synchronized;;;
293;07/06/2023;23:13:12;26.74;Synchronized;;;293;07/06/2023;23:16:59;26.67;Synchronized;;;293;07/06/2023;23:17:33;26.66;Synchronized;;;
294;07/06/2023;23:14:12;26.71;Synchronized;;;294;07/06/2023;23:17:59;26.66;Synchronized;;;294;07/06/2023;23:18:33;26.68;Synchronized;;;
295;07/06/2023;23:15:12;26.73;Synchronized;;;295;07/06/2023;23:18:59;26.65;Synchronized;;;295;07/06/2023;23:19:33;26.64;Synchronized;;;
296;07/06/2023;23:16:12;26.7;Synchronized;;;296;07/06/2023;23:19:59;26.67;Synchronized;;;296;07/06/2023;23:20:33;26.66;Synchronized;;;
297;07/06/2023;23:17:12;26.71;Synchronized;;;297;07/06/2023;23:20:59;26.65;Synchronized;;;297;07/06/2023;23:21:33;26.65;Synchronized;;;
298;07/06/2023;23:18:12;26.71;Synchronized;;;298;07/06/2023;23:21:59;26.66;Synchronized;;;298;07/06/2023;23:22:33;26.64;Synchronized;;;
299;07/06/2023;23:19:12;26.71;Synchronized;;;299;07/06/2023;23:22:59;26.63;Synchronized;;;299;07/06/2023;23:23:33;26.65;Synchronized;;;
300;07/06/2023;23:20:12;26.71;Synchronized;;;300;07/06/2023;23:23:59;26.65;Synchronized;;;300;07/06/2023;23:24:33;26.67;Synchronized;;;
301;07/06/2023;23:21:12;26.71;Synchronized;;;301;07/06/2023;23:24:59;26.65;Synchronized;;;301;07/06/2023;23:25:33;26.63;Synchronized;;;
302;07/06/2023;23:22:12;26.71;Synchronized;;;302;07/06/2023;23:25:59;26.68;Synchronized;;;302;07/06/2023;23:26:33;26.63;Synchronized;;;
303;07/06/2023;23:23:12;26.7;Synchronized;;;303;07/06/2023;23:26:59;26.65;Synchronized;;;303;07/06/2023;23:27:33;26.63;Synchronized;;;
304;07/06/2023;23:24:12;26.7;Synchronized;;;304;07/06/2023;23:27:59;26.65;Synchronized;;;304;07/06/2023;23:28:33;26.63;Synchronized;;;
305;07/06/2023;23:25:12;26.69;Synchronized;;;305;07/06/2023;23:28:59;26.62;Synchronized;;;305;07/06/2023;23:29:33;26.63;Synchronized;;;
306;07/06/2023;23:26:12;26.69;Synchronized;;;306;07/06/2023;23:29:59;26.66;Synchronized;;;306;07/06/2023;23:30:32;26.62;Synchronized;;;
307;07/06/2023;23:27:12;26.68;Synchronized;;;307;07/06/2023;23:30:59;26.65;Synchronized;;;307;07/06/2023;23:31:32;26.63;Synchronized;;;
308;07/06/2023;23:28:12;26.68;Synchronized;;;308;07/06/2023;23:31:59;26.65;Synchronized;;;308;07/06/2023;23:32:32;26.63;Synchronized;;;
309;07/06/2023;23:29:12;26.67;Synchronized;;;309;07/06/2023;23:32:59;26.63;Synchronized;;;309;07/06/2023;23:33:32;26.61;Synchronized;;;
310;07/06/2023;23:30:12;26.66;Synchronized;;;310;07/06/2023;23:33:59;26.63;Synchronized;;;310;07/06/2023;23:34:32;26.61;Synchronized;;;
311;07/06/2023;23:31:11;26.67;Synchronized;;;311;07/06/2023;23:34:59;26.62;Synchronized;;;311;07/06/2023;23:35:32;26.61;Synchronized;;;
312;07/06/2023;23:32:11;26.66;Synchronized;;;312;07/06/2023;23:35:58;26.6;Synchronized;;;312;07/06/2023;23:36:32;26.63;Synchronized;;;
313;07/06/2023;23:33:11;26.67;Synchronized;;;313;07/06/2023;23:36:58;26.61;Synchronized;;;313;07/06/2023;23:37:32;26.62;Synchronized;;;
314;07/06/2023;23:34:11;26.66;Synchronized;;;314;07/06/2023;23:37:58;26.59;Synchronized;;;314;07/06/2023;23:38:32;26.6;Synchronized;;;
315;07/06/2023;23:35:11;26.64;Synchronized;;;315;07/06/2023;23:38:58;26.6;Synchronized;;;315;07/06/2023;23:39:32;26.59;Synchronized;;;
316;07/06/2023;23:36:11;26.65;Synchronized;;;316;07/06/2023;23:39:58;26.59;Synchronized;;;316;07/06/2023;23:40:32;26.59;Synchronized;;;
317;07/06/2023;23:37:11;26.64;Synchronized;;;317;07/06/2023;23:40:58;26.59;Synchronized;;;317;07/06/2023;23:41:32;26.58;Synchronized;;;
318;07/06/2023;23:38:11;26.64;Synchronized;;;318;07/06/2023;23:41:58;26.59;Synchronized;;;318;07/06/2023;23:42:31;26.59;Synchronized;;;
319;07/06/2023;23:39:11;26.63;Synchronized;;;319;07/06/2023;23:42:58;26.58;Synchronized;;;319;07/06/2023;23:43:31;26.59;Synchronized;;;
320;07/06/2023;23:40:11;26.63;Synchronized;;;320;07/06/2023;23:43:58;26.59;Synchronized;;;320;07/06/2023;23:44:31;26.59;Synchronized;;;
321;07/06/2023;23:41:11;26.62;Synchronized;;;321;07/06/2023;23:44:58;26.59;Synchronized;;;321;07/06/2023;23:45:31;26.59;Synchronized;;;
322;07/06/2023;23:42:11;26.63;Synchronized;;;322;07/06/2023;23:45:58;26.59;Synchronized;;;322;07/06/2023;23:46:31;26.58;Synchronized;;;
323;07/06/2023;23:43:11;26.62;Synchronized;;;323;07/06/2023;23:46:58;26.59;Synchronized;;;323;07/06/2023;23:47:31;26.59;Synchronized;;;
324;07/06/2023;23:44:11;26.62;Synchronized;;;324;07/06/2023;23:47:58;26.57;Synchronized;;;324;07/06/2023;23:48:31;26.59;Synchronized;;;
325;07/06/2023;23:45:11;26.63;Synchronized;;;325;07/06/2023;23:48:58;26.57;Synchronized;;;325;07/06/2023;23:49:31;26.59;Synchronized;;;
326;07/06/2023;23:46:11;26.62;Synchronized;;;326;07/06/2023;23:49:58;26.58;Synchronized;;;326;07/06/2023;23:50:31;26.57;Synchronized;;;
327;07/06/2023;23:47:11;26.63;Synchronized;;;327;07/06/2023;23:50:58;26.58;Synchronized;;;327;07/06/2023;23:51:31;26.59;Synchronized;;;
328;07/06/2023;23:48:11;26.63;Synchronized;;;328;07/06/2023;23:51:58;26.58;Synchronized;;;328;07/06/2023;23:52:31;26.57;Synchronized;;;
329;07/06/2023;23:49:11;26.62;Synchronized;;;329;07/06/2023;23:52:58;26.58;Synchronized;;;329;07/06/2023;23:53:31;26.57;Synchronized;;;
330;07/06/2023;23:50:10;26.62;Synchronized;;;330;07/06/2023;23:53:58;26.56;Synchronized;;;330;07/06/2023;23:54:31;26.58;Synchronized;;;
331;07/06/2023;23:51:10;26.6;Synchronized;;;331;07/06/2023;23:54:58;26.58;Synchronized;;;331;07/06/2023;23:55:30;26.56;Synchronized;;;
332;07/06/2023;23:52:10;26.61;Synchronized;;;332;07/06/2023;23:55:58;26.57;Synchronized;;;332;07/06/2023;23:56:30;26.57;Synchronized;;;
333;07/06/2023;23:53:10;26.63;Synchronized;;;333;07/06/2023;23:56:58;26.58;Synchronized;;;333;07/06/2023;23:57:30;26.57;Synchronized;;;
334;07/06/2023;23:54:10;26.6;Synchronized;;;334;07/06/2023;23:57:58;26.56;Synchronized;;;334;07/06/2023;23:58:30;26.56;Synchronized;;;
335;07/06/2023;23:55:10;26.59;Synchronized;;;335;07/06/2023;23:58:58;26.56;Synchronized;;;335;07/06/2023;23:59:30;26.58;Synchronized;;;
336;07/06/2023;23:56:10;26.6;Synchronized;;;336;07/06/2023;23:59:58;26.55;Synchronized;;;336;08/06/2023;00:00:30;26.55;Synchronized;;;
337;07/06/2023;23:57:10;26.6;Synchronized;;;337;08/06/2023;00:00:58;26.55;Synchronized;;;337;08/06/2023;00:01:30;26.55;Synchronized;;;
338;07/06/2023;23:58:10;26.59;Synchronized;;;338;08/06/2023;00:01:58;26.56;Synchronized;;;338;08/06/2023;00:02:30;26.55;Synchronized;;;
339;07/06/2023;23:59:10;26.59;Synchronized;;;339;08/06/2023;00:02:58;26.55;Synchronized;;;339;08/06/2023;00:03:30;26.55;Synchronized;;;
340;08/06/2023;00:00:10;26.6;Synchronized;;;340;08/06/2023;00:03:58;26.56;Synchronized;;;340;08/06/2023;00:04:30;26.57;Synchronized;;;
341;08/06/2023;00:01:10;26.6;Synchronized;;;341;08/06/2023;00:04:58;26.57;Synchronized;;;341;08/06/2023;00:05:30;26.55;Synchronized;;;
342;08/06/2023;00:02:10;26.59;Synchronized;;;342;08/06/2023;00:05:58;26.56;Synchronized;;;342;08/06/2023;00:06:30;26.55;Synchronized;;;
343;08/06/2023;00:03:10;26.57;Synchronized;;;343;08/06/2023;00:06:58;26.54;Synchronized;;;343;08/06/2023;00:07:29;26.52;Synchronized;;;
344;08/06/2023;00:04:10;26.59;Synchronized;;;344;08/06/2023;00:07:58;26.55;Synchronized;;;344;08/06/2023;00:08:29;26.55;Synchronized;;;
345;08/06/2023;00:05:10;26.58;Synchronized;;;345;08/06/2023;00:08:58;26.55;Synchronized;;;345;08/06/2023;00:09:29;26.55;Synchronized;;;
346;08/06/2023;00:06:10;26.59;Synchronized;;;346;08/06/2023;00:09:58;26.54;Synchronized;;;346;08/06/2023;00:10:29;26.52;Synchronized;;;
347;08/06/2023;00:07:10;26.58;Synchronized;;;347;08/06/2023;00:10:58;26.55;Synchronized;;;347;08/06/2023;00:11:29;26.55;Synchronized;;;
348;08/06/2023;00:08:10;26.59;Synchronized;;;348;08/06/2023;00:11:58;26.55;Synchronized;;;348;08/06/2023;00:12:29;26.53;Synchronized;;;
349;08/06/2023;00:09:09;26.55;Synchronized;;;349;08/06/2023;00:12:58;26.54;Synchronized;;;349;08/06/2023;00:13:29;26.52;Synchronized;;;
350;08/06/2023;00:10:09;26.57;Synchronized;;;350;08/06/2023;00:13:58;26.55;Synchronized;;;350;08/06/2023;00:14:29;26.53;Synchronized;;;
351;08/06/2023;00:11:09;26.56;Synchronized;;;351;08/06/2023;00:14:58;26.52;Synchronized;;;351;08/06/2023;00:15:29;26.55;Synchronized;;;
352;08/06/2023;00:12:09;26.55;Synchronized;;;352;08/06/2023;00:15:58;26.52;Synchronized;;;352;08/06/2023;00:16:29;26.52;Synchronized;;;
353;08/06/2023;00:13:09;26.57;Synchronized;;;353;08/06/2023;00:16:58;26.54;Synchronized;;;353;08/06/2023;00:17:29;26.53;Synchronized;;;
354;08/06/2023;00:14:09;26.55;Synchronized;;;354;08/06/2023;00:17:58;26.53;Synchronized;;;354;08/06/2023;00:18:29;26.51;Synchronized;;;
355;08/06/2023;00:15:09;26.55;Synchronized;;;355;08/06/2023;00:18:58;26.54;Synchronized;;;355;08/06/2023;00:19:29;26.52;Synchronized;;;
356;08/06/2023;00:16:09;26.57;Synchronized;;;356;08/06/2023;00:19:58;26.54;Synchronized;;;356;08/06/2023;00:20:28;26.52;Synchronized;;;
357;08/06/2023;00:17:09;26.55;Synchronized;;;357;08/06/2023;00:20:58;26.55;Synchronized;;;357;08/06/2023;00:21:28;26.51;Synchronized;;;
358;08/06/2023;00:18:09;26.56;Synchronized;;;358;08/06/2023;00:21:58;26.51;Synchronized;;;358;08/06/2023;00:22:28;26.52;Synchronized;;;
359;08/06/2023;00:19:09;26.56;Synchronized;;;359;08/06/2023;00:22:58;26.52;Synchronized;;;359;08/06/2023;00:23:28;26.51;Synchronized;;;
360;08/06/2023;00:20:09;26.56;Synchronized;;;360;08/06/2023;00:23:58;26.51;Synchronized;;;360;08/06/2023;00:24:28;26.52;Synchronized;;;
361;08/06/2023;00:21:09;26.55;Synchronized;;;361;08/06/2023;00:24:58;26.53;Synchronized;;;361;08/06/2023;00:25:28;26.51;Synchronized;;;
362;08/06/2023;00:22:09;26.55;Synchronized;;;362;08/06/2023;00:25:58;26.51;Synchronized;;;362;08/06/2023;00:26:28;26.49;Synchronized;;;
363;08/06/2023;00:23:09;26.54;Synchronized;;;363;08/06/2023;00:26:58;26.5;Synchronized;;;363;08/06/2023;00:27:28;26.48;Synchronized;;;
364;08/06/2023;00:24:09;26.55;Synchronized;;;364;08/06/2023;00:27:58;26.5;Synchronized;;;364;08/06/2023;00:28:28;26.49;Synchronized;;;
365;08/06/2023;00:25:09;26.53;Synchronized;;;365;08/06/2023;00:28:58;26.48;Synchronized;;;365;08/06/2023;00:29:28;26.48;Synchronized;;;
366;08/06/2023;00:26:09;26.53;Synchronized;;;366;08/06/2023;00:29:58;26.48;Synchronized;;;366;08/06/2023;00:30:28;26.48;Synchronized;;;
367;08/06/2023;00:27:09;26.53;Synchronized;;;367;08/06/2023;00:30:58;26.48;Synchronized;;;367;08/06/2023;00:31:28;26.47;Synchronized;;;
368;08/06/2023;00:28:08;26.51;Synchronized;;;368;08/06/2023;00:31:58;26.48;Synchronized;;;368;08/06/2023;00:32:27;26.47;Synchronized;;;
369;08/06/2023;00:29:08;26.52;Synchronized;;;369;08/06/2023;00:32:58;26.46;Synchronized;;;369;08/06/2023;00:33:27;26.48;Synchronized;;;
370;08/06/2023;00:30:08;26.5;Synchronized;;;370;08/06/2023;00:33:58;26.48;Synchronized;;;370;08/06/2023;00:34:27;26.45;Synchronized;;;
371;08/06/2023;00:31:08;26.49;Synchronized;;;371;08/06/2023;00:34:58;26.45;Synchronized;;;371;08/06/2023;00:35:27;26.48;Synchronized;;;
372;08/06/2023;00:32:08;26.49;Synchronized;;;372;08/06/2023;00:35:58;26.45;Synchronized;;;372;08/06/2023;00:36:27;26.47;Synchronized;;;
373;08/06/2023;00:33:08;26.5;Synchronized;;;373;08/06/2023;00:36:58;26.48;Synchronized;;;373;08/06/2023;00:37:27;26.44;Synchronized;;;
374;08/06/2023;00:34:08;26.51;Synchronized;;;374;08/06/2023;00:37:58;26.46;Synchronized;;;374;08/06/2023;00:38:27;26.45;Synchronized;;;
375;08/06/2023;00:35:08;26.48;Synchronized;;;375;08/06/2023;00:38:58;26.45;Synchronized;;;375;08/06/2023;00:39:27;26.46;Synchronized;;;
376;08/06/2023;00:36:08;26.47;Synchronized;;;376;08/06/2023;00:39:58;26.45;Synchronized;;;376;08/06/2023;00:40:27;26.46;Synchronized;;;
377;08/06/2023;00:37:08;26.49;Synchronized;;;377;08/06/2023;00:40:58;26.47;Synchronized;;;377;08/06/2023;00:41:27;26.45;Synchronized;;;
378;08/06/2023;00:38:08;26.5;Synchronized;;;378;08/06/2023;00:41:58;26.46;Synchronized;;;378;08/06/2023;00:42:27;26.46;Synchronized;;;
379;08/06/2023;00:39:08;26.48;Synchronized;;;379;08/06/2023;00:42:57;26.47;Synchronized;;;379;08/06/2023;00:43:27;26.46;Synchronized;;;
380;08/06/2023;00:40:08;26.5;Synchronized;;;380;08/06/2023;00:43:57;26.45;Synchronized;;;380;08/06/2023;00:44:27;26.45;Synchronized;;;
381;08/06/2023;00:41:08;26.48;Synchronized;;;381;08/06/2023;00:44:57;26.45;Synchronized;;;381;08/06/2023;00:45:26;26.45;Synchronized;;;
382;08/06/2023;00:42:08;26.5;Synchronized;;;382;08/06/2023;00:45:57;26.46;Synchronized;;;382;08/06/2023;00:46:26;26.45;Synchronized;;;
383;08/06/2023;00:43:08;26.5;Synchronized;;;383;08/06/2023;00:46:57;26.45;Synchronized;;;383;08/06/2023;00:47:26;26.44;Synchronized;;;
384;08/06/2023;00:44:08;26.46;Synchronized;;;384;08/06/2023;00:47:57;26.44;Synchronized;;;384;08/06/2023;00:48:26;26.44;Synchronized;;;
385;08/06/2023;00:45:08;26.48;Synchronized;;;385;08/06/2023;00:48:57;26.43;Synchronized;;;385;08/06/2023;00:49:26;26.43;Synchronized;;;
386;08/06/2023;00:46:08;26.45;Synchronized;;;386;08/06/2023;00:49:57;26.43;Synchronized;;;386;08/06/2023;00:50:26;26.45;Synchronized;;;
387;08/06/2023;00:47:07;26.48;Synchronized;;;387;08/06/2023;00:50:57;26.41;Synchronized;;;387;08/06/2023;00:51:26;26.4;Synchronized;;;
388;08/06/2023;00:48:07;26.45;Synchronized;;;388;08/06/2023;00:51:57;26.41;Synchronized;;;388;08/06/2023;00:52:26;26.44;Synchronized;;;
389;08/06/2023;00:49:07;26.46;Synchronized;;;389;08/06/2023;00:52:57;26.42;Synchronized;;;389;08/06/2023;00:53:26;26.42;Synchronized;;;
390;08/06/2023;00:50:07;26.46;Synchronized;;;390;08/06/2023;00:53:57;26.42;Synchronized;;;390;08/06/2023;00:54:26;26.42;Synchronized;;;
391;08/06/2023;00:51:07;26.45;Synchronized;;;391;08/06/2023;00:54:57;26.41;Synchronized;;;391;08/06/2023;00:55:26;26.4;Synchronized;;;
392;08/06/2023;00:52:07;26.45;Synchronized;;;392;08/06/2023;00:55:57;26.41;Synchronized;;;392;08/06/2023;00:56:26;26.41;Synchronized;;;
393;08/06/2023;00:53:07;26.43;Synchronized;;;393;08/06/2023;00:56:57;26.41;Synchronized;;;393;08/06/2023;00:57:25;26.38;Synchronized;;;
394;08/06/2023;00:54:07;26.43;Synchronized;;;394;08/06/2023;00:57:57;26.38;Synchronized;;;394;08/06/2023;00:58:25;26.38;Synchronized;;;
395;08/06/2023;00:55:07;26.43;Synchronized;;;395;08/06/2023;00:58:57;26.37;Synchronized;;;395;08/06/2023;00:59:25;26.38;Synchronized;;;
396;08/06/2023;00:56:07;26.41;Synchronized;;;396;08/06/2023;00:59:57;26.36;Synchronized;;;396;08/06/2023;01:00:25;26.38;Synchronized;;;
397;08/06/2023;00:57:07;26.41;Synchronized;;;397;08/06/2023;01:00:57;26.34;Synchronized;;;397;08/06/2023;01:01:25;26.35;Synchronized;;;
398;08/06/2023;00:58:07;26.41;Synchronized;;;398;08/06/2023;01:01:57;26.34;Synchronized;;;398;08/06/2023;01:02:25;26.36;Synchronized;;;
399;08/06/2023;00:59:07;26.41;Synchronized;;;399;08/06/2023;01:02:57;26.36;Synchronized;;;399;08/06/2023;01:03:25;26.37;Synchronized;;;
400;08/06/2023;01:00:07;26.39;Synchronized;;;400;08/06/2023;01:03:57;26.35;Synchronized;;;400;08/06/2023;01:04:25;26.37;Synchronized;;;
401;08/06/2023;01:01:07;26.4;Synchronized;;;401;08/06/2023;01:04:57;26.36;Synchronized;;;401;08/06/2023;01:05:25;26.37;Synchronized;;;
402;08/06/2023;01:02:07;26.38;Synchronized;;;402;08/06/2023;01:05:57;26.37;Synchronized;;;402;08/06/2023;01:06:25;26.37;Synchronized;;;
403;08/06/2023;01:03:07;26.39;Synchronized;;;403;08/06/2023;01:06:57;26.37;Synchronized;;;403;08/06/2023;01:07:25;26.37;Synchronized;;;
404;08/06/2023;01:04:07;26.38;Synchronized;;;404;08/06/2023;01:07:57;26.38;Synchronized;;;404;08/06/2023;01:08:25;26.38;Synchronized;;;
405;08/06/2023;01:05:07;26.4;Synchronized;;;405;08/06/2023;01:08:57;26.36;Synchronized;;;405;08/06/2023;01:09:25;26.38;Synchronized;;;
406;08/06/2023;01:06:06;26.39;Synchronized;;;406;08/06/2023;01:09:57;26.37;Synchronized;;;406;08/06/2023;01:10:24;26.36;Synchronized;;;
407;08/06/2023;01:07:06;26.39;Synchronized;;;407;08/06/2023;01:10:57;26.37;Synchronized;;;407;08/06/2023;01:11:24;26.37;Synchronized;;;
408;08/06/2023;01:08:06;26.41;Synchronized;;;408;08/06/2023;01:11:57;26.38;Synchronized;;;408;08/06/2023;01:12:24;26.37;Synchronized;;;
409;08/06/2023;01:09:06;26.38;Synchronized;;;409;08/06/2023;01:12:57;26.38;Synchronized;;;409;08/06/2023;01:13:24;26.35;Synchronized;;;
410;08/06/2023;01:10:06;26.39;Synchronized;;;410;08/06/2023;01:13:57;26.36;Synchronized;;;410;08/06/2023;01:14:24;26.37;Synchronized;;;
411;08/06/2023;01:11:06;26.39;Synchronized;;;411;08/06/2023;01:14:57;26.37;Synchronized;;;411;08/06/2023;01:15:24;26.35;Synchronized;;;
412;08/06/2023;01:12:06;26.38;Synchronized;;;412;08/06/2023;01:15:57;26.37;Synchronized;;;412;08/06/2023;01:16:24;26.36;Synchronized;;;
413;08/06/2023;01:13:06;26.38;Synchronized;;;413;08/06/2023;01:16:57;26.38;Synchronized;;;413;08/06/2023;01:17:24;26.35;Synchronized;;;
414;08/06/2023;01:14:06;26.39;Synchronized;;;414;08/06/2023;01:17:57;26.38;Synchronized;;;414;08/06/2023;01:18:24;26.35;Synchronized;;;
415;08/06/2023;01:15:06;26.39;Synchronized;;;415;08/06/2023;01:18:57;26.37;Synchronized;;;415;08/06/2023;01:19:24;26.35;Synchronized;;;
416;08/06/2023;01:16:06;26.38;Synchronized;;;416;08/06/2023;01:19:57;26.36;Synchronized;;;416;08/06/2023;01:20:24;26.37;Synchronized;;;
417;08/06/2023;01:17:06;26.38;Synchronized;;;417;08/06/2023;01:20:57;26.36;Synchronized;;;417;08/06/2023;01:21:24;26.37;Synchronized;;;
418;08/06/2023;01:18:06;26.39;Synchronized;;;418;08/06/2023;01:21:57;26.34;Synchronized;;;418;08/06/2023;01:22:23;26.34;Synchronized;;;
419;08/06/2023;01:19:06;26.39;Synchronized;;;419;08/06/2023;01:22:57;26.34;Synchronized;;;419;08/06/2023;01:23:23;26.34;Synchronized;;;
420;08/06/2023;01:20:06;26.37;Synchronized;;;420;08/06/2023;01:23:57;26.34;Synchronized;;;420;08/06/2023;01:24:23;26.34;Synchronized;;;
421;08/06/2023;01:21:06;26.37;Synchronized;;;421;08/06/2023;01:24:57;26.36;Synchronized;;;421;08/06/2023;01:25:23;26.33;Synchronized;;;
422;08/06/2023;01:22:06;26.37;Synchronized;;;422;08/06/2023;01:25:57;26.35;Synchronized;;;422;08/06/2023;01:26:23;26.33;Synchronized;;;
423;08/06/2023;01:23:06;26.38;Synchronized;;;423;08/06/2023;01:26:57;26.34;Synchronized;;;423;08/06/2023;01:27:23;26.34;Synchronized;;;
424;08/06/2023;01:24:06;26.38;Synchronized;;;424;08/06/2023;01:27:57;26.34;Synchronized;;;424;08/06/2023;01:28:23;26.35;Synchronized;;;
425;08/06/2023;01:25:05;26.36;Synchronized;;;425;08/06/2023;01:28:57;26.37;Synchronized;;;425;08/06/2023;01:29:23;26.36;Synchronized;;;
426;08/06/2023;01:26:05;26.36;Synchronized;;;426;08/06/2023;01:29:57;26.34;Synchronized;;;426;08/06/2023;01:30:23;26.34;Synchronized;;;
427;08/06/2023;01:27:05;26.38;Synchronized;;;427;08/06/2023;01:30:57;26.36;Synchronized;;;427;08/06/2023;01:31:23;26.34;Synchronized;;;
428;08/06/2023;01:28:05;26.36;Synchronized;;;428;08/06/2023;01:31:57;26.35;Synchronized;;;428;08/06/2023;01:32:23;26.33;Synchronized;;;
429;08/06/2023;01:29:05;26.38;Synchronized;;;429;08/06/2023;01:32:57;26.37;Synchronized;;;429;08/06/2023;01:33:23;26.34;Synchronized;;;
430;08/06/2023;01:30:05;26.34;Synchronized;;;430;08/06/2023;01:33:57;26.34;Synchronized;;;430;08/06/2023;01:34:23;26.35;Synchronized;;;
431;08/06/2023;01:31:05;26.38;Synchronized;;;431;08/06/2023;01:34:57;26.35;Synchronized;;;431;08/06/2023;01:35:22;26.34;Synchronized;;;
432;08/06/2023;01:32:05;26.37;Synchronized;;;432;08/06/2023;01:35:57;26.34;Synchronized;;;432;08/06/2023;01:36:22;26.33;Synchronized;;;
433;08/06/2023;01:33:05;26.36;Synchronized;;;433;08/06/2023;01:36:57;26.34;Synchronized;;;433;08/06/2023;01:37:22;26.31;Synchronized;;;
434;08/06/2023;01:34:05;26.38;Synchronized;;;434;08/06/2023;01:37:57;26.35;Synchronized;;;434;08/06/2023;01:38:22;26.33;Synchronized;;;
435;08/06/2023;01:35:05;26.37;Synchronized;;;435;08/06/2023;01:38:57;26.34;Synchronized;;;435;08/06/2023;01:39:22;26.33;Synchronized;;;
436;08/06/2023;01:36:05;26.36;Synchronized;;;436;08/06/2023;01:39:57;26.34;Synchronized;;;436;08/06/2023;01:40:22;26.34;Synchronized;;;
437;08/06/2023;01:37:05;26.36;Synchronized;;;437;08/06/2023;01:40:57;26.33;Synchronized;;;437;08/06/2023;01:41:22;26.33;Synchronized;;;
438;08/06/2023;01:38:05;26.38;Synchronized;;;438;08/06/2023;01:41:57;26.36;Synchronized;;;438;08/06/2023;01:42:22;26.33;Synchronized;;;
439;08/06/2023;01:39:05;26.37;Synchronized;;;439;08/06/2023;01:42:57;26.34;Synchronized;;;439;08/06/2023;01:43:22;26.31;Synchronized;;;
440;08/06/2023;01:40:05;26.37;Synchronized;;;440;08/06/2023;01:43:57;26.34;Synchronized;;;440;08/06/2023;01:44:22;26.32;Synchronized;;;
441;08/06/2023;01:41:05;26.37;Synchronized;;;441;08/06/2023;01:44:57;26.34;Synchronized;;;441;08/06/2023;01:45:22;26.31;Synchronized;;;
442;08/06/2023;01:42:05;26.34;Synchronized;;;442;08/06/2023;01:45:57;26.34;Synchronized;;;442;08/06/2023;01:46:22;26.32;Synchronized;;;
443;08/06/2023;01:43:05;26.34;Synchronized;;;443;08/06/2023;01:46:57;26.33;Synchronized;;;443;08/06/2023;01:47:21;26.3;Synchronized;;;
444;08/06/2023;01:44:04;26.37;Synchronized;;;444;08/06/2023;01:47:57;26.34;Synchronized;;;444;08/06/2023;01:48:21;26.31;Synchronized;;;
445;08/06/2023;01:45:04;26.36;Synchronized;;;445;08/06/2023;01:48:56;26.31;Synchronized;;;445;08/06/2023;01:49:21;26.33;Synchronized;;;
446;08/06/2023;01:46:04;26.34;Synchronized;;;446;08/06/2023;01:49:56;26.34;Synchronized;;;446;08/06/2023;01:50:21;26.32;Synchronized;;;
447;08/06/2023;01:47:04;26.34;Synchronized;;;447;08/06/2023;01:50:56;26.35;Synchronized;;;447;08/06/2023;01:51:21;26.31;Synchronized;;;
448;08/06/2023;01:48:04;26.34;Synchronized;;;448;08/06/2023;01:51:56;26.34;Synchronized;;;448;08/06/2023;01:52:21;26.33;Synchronized;;;
449;08/06/2023;01:49:04;26.34;Synchronized;;;449;08/06/2023;01:52:56;26.31;Synchronized;;;449;08/06/2023;01:53:21;26.31;Synchronized;;;
450;08/06/2023;01:50:04;26.34;Synchronized;;;450;08/06/2023;01:53:56;26.31;Synchronized;;;450;08/06/2023;01:54:21;26.29;Synchronized;;;
451;08/06/2023;01:51:04;26.34;Synchronized;;;451;08/06/2023;01:54:56;26.31;Synchronized;;;451;08/06/2023;01:55:21;26.32;Synchronized;;;
452;08/06/2023;01:52:04;26.34;Synchronized;;;452;08/06/2023;01:55:56;26.3;Synchronized;;;452;08/06/2023;01:56:21;26.29;Synchronized;;;
453;08/06/2023;01:53:04;26.33;Synchronized;;;453;08/06/2023;01:56:56;26.32;Synchronized;;;453;08/06/2023;01:57:21;26.28;Synchronized;;;
454;08/06/2023;01:54:04;26.34;Synchronized;;;454;08/06/2023;01:57:56;26.3;Synchronized;;;454;08/06/2023;01:58:21;26.29;Synchronized;;;
455;08/06/2023;01:55:04;26.36;Synchronized;;;455;08/06/2023;01:58:56;26.32;Synchronized;;;455;08/06/2023;01:59:21;26.28;Synchronized;;;
456;08/06/2023;01:56:04;26.34;Synchronized;;;456;08/06/2023;01:59:56;26.33;Synchronized;;;456;08/06/2023;02:00:20;26.3;Synchronized;;;
457;08/06/2023;01:57:04;26.36;Synchronized;;;457;08/06/2023;02:00:56;26.34;Synchronized;;;457;08/06/2023;02:01:20;26.3;Synchronized;;;
458;08/06/2023;01:58:04;26.34;Synchronized;;;458;08/06/2023;02:01:56;26.31;Synchronized;;;458;08/06/2023;02:02:20;26.31;Synchronized;;;
459;08/06/2023;01:59:04;26.34;Synchronized;;;459;08/06/2023;02:02:56;26.34;Synchronized;;;459;08/06/2023;02:03:20;26.32;Synchronized;;;
460;08/06/2023;02:00:04;26.36;Synchronized;;;460;08/06/2023;02:03:56;26.31;Synchronized;;;460;08/06/2023;02:04:20;26.32;Synchronized;;;
461;08/06/2023;02:01:04;26.34;Synchronized;;;461;08/06/2023;02:04:56;26.33;Synchronized;;;461;08/06/2023;02:05:20;26.31;Synchronized;;;
462;08/06/2023;02:02:04;26.34;Synchronized;;;462;08/06/2023;02:05:56;26.32;Synchronized;;;462;08/06/2023;02:06:20;26.32;Synchronized;;;
463;08/06/2023;02:03:03;26.34;Synchronized;;;463;08/06/2023;02:06:56;26.33;Synchronized;;;463;08/06/2023;02:07:20;26.31;Synchronized;;;
464;08/06/2023;02:04:03;26.34;Synchronized;;;464;08/06/2023;02:07:56;26.32;Synchronized;;;464;08/06/2023;02:08:20;26.31;Synchronized;;;
465;08/06/2023;02:05:03;26.34;Synchronized;;;465;08/06/2023;02:08:56;26.34;Synchronized;;;465;08/06/2023;02:09:20;26.31;Synchronized;;;
466;08/06/2023;02:06:03;26.34;Synchronized;;;466;08/06/2023;02:09:56;26.33;Synchronized;;;466;08/06/2023;02:10:20;26.29;Synchronized;;;
467;08/06/2023;02:07:03;26.34;Synchronized;;;467;08/06/2023;02:10:56;26.29;Synchronized;;;467;08/06/2023;02:11:20;26.3;Synchronized;;;
468;08/06/2023;02:08:03;26.38;Synchronized;;;468;08/06/2023;02:11:56;26.31;Synchronized;;;468;08/06/2023;02:12:19;26.28;Synchronized;;;
469;08/06/2023;02:09:03;26.34;Synchronized;;;469;08/06/2023;02:12:56;26.3;Synchronized;;;469;08/06/2023;02:13:19;26.28;Synchronized;;;
470;08/06/2023;02:10:03;26.34;Synchronized;;;470;08/06/2023;02:13:56;26.3;Synchronized;;;470;08/06/2023;02:14:19;26.3;Synchronized;;;
471;08/06/2023;02:11:03;26.34;Synchronized;;;471;08/06/2023;02:14:56;26.32;Synchronized;;;471;08/06/2023;02:15:19;26.28;Synchronized;;;
472;08/06/2023;02:12:03;26.34;Synchronized;;;472;08/06/2023;02:15:56;26.29;Synchronized;;;472;08/06/2023;02:16:19;26.28;Synchronized;;;
473;08/06/2023;02:13:03;26.32;Synchronized;;;473;08/06/2023;02:16:56;26.32;Synchronized;;;473;08/06/2023;02:17:19;26.27;Synchronized;;;
474;08/06/2023;02:14:03;26.34;Synchronized;;;474;08/06/2023;02:17:56;26.3;Synchronized;;;474;08/06/2023;02:18:19;26.29;Synchronized;;;
475;08/06/2023;02:15:03;26.32;Synchronized;;;475;08/06/2023;02:18:56;26.32;Synchronized;;;475;08/06/2023;02:19:19;26.3;Synchronized;;;
476;08/06/2023;02:16:03;26.33;Synchronized;;;476;08/06/2023;02:19:56;26.3;Synchronized;;;476;08/06/2023;02:20:19;26.3;Synchronized;;;
477;08/06/2023;02:17:03;26.34;Synchronized;;;477;08/06/2023;02:20:56;26.31;Synchronized;;;477;08/06/2023;02:21:19;26.28;Synchronized;;;
478;08/06/2023;02:18:03;26.34;Synchronized;;;478;08/06/2023;02:21:56;26.31;Synchronized;;;478;08/06/2023;02:22:19;26.29;Synchronized;;;
479;08/06/2023;02:19:03;26.33;Synchronized;;;479;08/06/2023;02:22:56;26.29;Synchronized;;;479;08/06/2023;02:23:19;26.3;Synchronized;;;
480;08/06/2023;02:20:03;26.34;Synchronized;;;480;08/06/2023;02:23:56;26.3;Synchronized;;;480;08/06/2023;02:24:19;26.27;Synchronized;;;
481;08/06/2023;02:21:03;26.34;Synchronized;;;481;08/06/2023;02:24:56;26.27;Synchronized;;;481;08/06/2023;02:25:18;26.27;Synchronized;;;
482;08/06/2023;02:22:02;26.33;Synchronized;;;482;08/06/2023;02:25:56;26.25;Synchronized;;;482;08/06/2023;02:26:18;26.27;Synchronized;;;
483;08/06/2023;02:23:02;26.32;Synchronized;;;483;08/06/2023;02:26:56;26.27;Synchronized;;;483;08/06/2023;02:27:18;26.27;Synchronized;;;
484;08/06/2023;02:24:02;26.3;Synchronized;;;484;08/06/2023;02:27:56;26.29;Synchronized;;;484;08/06/2023;02:28:18;26.27;Synchronized;;;
485;08/06/2023;02:25:02;26.3;Synchronized;;;485;08/06/2023;02:28:56;26.29;Synchronized;;;485;08/06/2023;02:29:18;26.28;Synchronized;;;
486;08/06/2023;02:26:02;26.3;Synchronized;;;486;08/06/2023;02:29:56;26.26;Synchronized;;;486;08/06/2023;02:30:18;26.26;Synchronized;;;
487;08/06/2023;02:27:02;26.3;Synchronized;;;487;08/06/2023;02:30:56;26.24;Synchronized;;;487;08/06/2023;02:31:18;26.26;Synchronized;;;
488;08/06/2023;02:28:02;26.3;Synchronized;;;488;08/06/2023;02:31:56;26.25;Synchronized;;;488;08/06/2023;02:32:18;26.27;Synchronized;;;
489;08/06/2023;02:29:02;26.31;Synchronized;;;489;08/06/2023;02:32:56;26.26;Synchronized;;;489;08/06/2023;02:33:18;26.27;Synchronized;;;
490;08/06/2023;02:30:02;26.29;Synchronized;;;490;08/06/2023;02:33:56;26.26;Synchronized;;;490;08/06/2023;02:34:18;26.26;Synchronized;;;
491;08/06/2023;02:31:02;26.3;Synchronized;;;491;08/06/2023;02:34:56;26.28;Synchronized;;;491;08/06/2023;02:35:18;26.27;Synchronized;;;
492;08/06/2023;02:32:02;26.3;Synchronized;;;492;08/06/2023;02:35:56;26.25;Synchronized;;;492;08/06/2023;02:36:18;26.27;Synchronized;;;
493;08/06/2023;02:33:02;26.29;Synchronized;;;493;08/06/2023;02:36:56;26.26;Synchronized;;;493;08/06/2023;02:37:17;26.27;Synchronized;;;
494;08/06/2023;02:34:02;26.3;Synchronized;;;494;08/06/2023;02:37:56;26.28;Synchronized;;;494;08/06/2023;02:38:17;26.28;Synchronized;;;
495;08/06/2023;02:35:02;26.3;Synchronized;;;495;08/06/2023;02:38:56;26.27;Synchronized;;;495;08/06/2023;02:39:17;26.28;Synchronized;;;
496;08/06/2023;02:36:02;26.31;Synchronized;;;496;08/06/2023;02:39:56;26.26;Synchronized;;;496;08/06/2023;02:40:17;26.29;Synchronized;;;
497;08/06/2023;02:37:02;26.32;Synchronized;;;497;08/06/2023;02:40:56;26.27;Synchronized;;;497;08/06/2023;02:41:17;26.27;Synchronized;;;
498;08/06/2023;02:38:02;26.31;Synchronized;;;498;08/06/2023;02:41:56;26.3;Synchronized;;;498;08/06/2023;02:42:17;26.26;Synchronized;;;
499;08/06/2023;02:39:02;26.3;Synchronized;;;499;08/06/2023;02:42:56;26.3;Synchronized;;;499;08/06/2023;02:43:17;26.27;Synchronized;;;
500;08/06/2023;02:40:02;26.31;Synchronized;;;500;08/06/2023;02:43:56;26.28;Synchronized;;;500;08/06/2023;02:44:17;26.26;Synchronized;;;
501;08/06/2023;02:41:01;26.31;Synchronized;;;501;08/06/2023;02:44:56;26.27;Synchronized;;;501;08/06/2023;02:45:17;26.27;Synchronized;;;
502;08/06/2023;02:42:01;26.32;Synchronized;;;502;08/06/2023;02:45:56;26.27;Synchronized;;;502;08/06/2023;02:46:17;26.26;Synchronized;;;
503;08/06/2023;02:43:01;26.31;Synchronized;;;503;08/06/2023;02:46:56;26.27;Synchronized;;;503;08/06/2023;02:47:17;26.26;Synchronized;;;
504;08/06/2023;02:44:01;26.32;Synchronized;;;504;08/06/2023;02:47:56;26.27;Synchronized;;;504;08/06/2023;02:48:17;26.25;Synchronized;;;
505;08/06/2023;02:45:01;26.3;Synchronized;;;505;08/06/2023;02:48:56;26.24;Synchronized;;;505;08/06/2023;02:49:17;26.27;Synchronized;;;
506;08/06/2023;02:46:01;26.29;Synchronized;;;506;08/06/2023;02:49:56;26.24;Synchronized;;;506;08/06/2023;02:50:16;26.25;Synchronized;;;
507;08/06/2023;02:47:01;26.31;Synchronized;;;507;08/06/2023;02:50:56;26.24;Synchronized;;;507;08/06/2023;02:51:16;26.23;Synchronized;;;
508;08/06/2023;02:48:01;26.3;Synchronized;;;508;08/06/2023;02:51:56;26.26;Synchronized;;;508;08/06/2023;02:52:16;26.22;Synchronized;;;
509;08/06/2023;02:49:01;26.29;Synchronized;;;509;08/06/2023;02:52:56;26.25;Synchronized;;;509;08/06/2023;02:53:16;26.24;Synchronized;;;
510;08/06/2023;02:50:01;26.28;Synchronized;;;510;08/06/2023;02:53:56;26.27;Synchronized;;;510;08/06/2023;02:54:16;26.23;Synchronized;;;
511;08/06/2023;02:51:01;26.3;Synchronized;;;511;08/06/2023;02:54:56;26.24;Synchronized;;;511;08/06/2023;02:55:16;26.23;Synchronized;;;
512;08/06/2023;02:52:01;26.29;Synchronized;;;512;08/06/2023;02:55:55;26.22;Synchronized;;;512;08/06/2023;02:56:16;26.23;Synchronized;;;
513;08/06/2023;02:53:01;26.3;Synchronized;;;513;08/06/2023;02:56:55;26.26;Synchronized;;;513;08/06/2023;02:57:16;26.22;Synchronized;;;
514;08/06/2023;02:54:01;26.28;Synchronized;;;514;08/06/2023;02:57:55;26.22;Synchronized;;;514;08/06/2023;02:58:16;26.25;Synchronized;;;
515;08/06/2023;02:55:01;26.27;Synchronized;;;515;08/06/2023;02:58:55;26.22;Synchronized;;;515;08/06/2023;02:59:16;26.23;Synchronized;;;
516;08/06/2023;02:56:01;26.26;Synchronized;;;516;08/06/2023;02:59:55;26.24;Synchronized;;;516;08/06/2023;03:00:16;26.22;Synchronized;;;
517;08/06/2023;02:57:01;26.27;Synchronized;;;517;08/06/2023;03:00:55;26.2;Synchronized;;;517;08/06/2023;03:01:16;26.23;Synchronized;;;
518;08/06/2023;02:58:01;26.28;Synchronized;;;518;08/06/2023;03:01:55;26.23;Synchronized;;;518;08/06/2023;03:02:15;26.22;Synchronized;;;
519;08/06/2023;02:59:01;26.24;Synchronized;;;519;08/06/2023;03:02:55;26.23;Synchronized;;;519;08/06/2023;03:03:15;26.2;Synchronized;;;
520;08/06/2023;03:00:00;26.27;Synchronized;;;520;08/06/2023;03:03:55;26.21;Synchronized;;;520;08/06/2023;03:04:15;26.2;Synchronized;;;
521;08/06/2023;03:01:00;26.26;Synchronized;;;521;08/06/2023;03:04:55;26.2;Synchronized;;;521;08/06/2023;03:05:15;26.2;Synchronized;;;
522;08/06/2023;03:02:00;26.26;Synchronized;;;522;08/06/2023;03:05:55;26.22;Synchronized;;;522;08/06/2023;03:06:15;26.22;Synchronized;;;
523;08/06/2023;03:03:00;26.24;Synchronized;;;523;08/06/2023;03:06:55;26.2;Synchronized;;;523;08/06/2023;03:07:15;26.2;Synchronized;;;
524;08/06/2023;03:04:00;26.27;Synchronized;;;524;08/06/2023;03:07:55;26.22;Synchronized;;;524;08/06/2023;03:08:15;26.23;Synchronized;;;
525;08/06/2023;03:05:00;26.26;Synchronized;;;525;08/06/2023;03:08:55;26.21;Synchronized;;;525;08/06/2023;03:09:15;26.21;Synchronized;;;
526;08/06/2023;03:06:00;26.26;Synchronized;;;526;08/06/2023;03:09:55;26.2;Synchronized;;;526;08/06/2023;03:10:15;26.22;Synchronized;;;
527;08/06/2023;03:07:00;26.25;Synchronized;;;527;08/06/2023;03:10:55;26.23;Synchronized;;;527;08/06/2023;03:11:15;26.21;Synchronized;;;
528;08/06/2023;03:08:00;26.26;Synchronized;;;528;08/06/2023;03:11:55;26.2;Synchronized;;;528;08/06/2023;03:12:15;26.2;Synchronized;;;
529;08/06/2023;03:09:00;26.24;Synchronized;;;529;08/06/2023;03:12:55;26.2;Synchronized;;;529;08/06/2023;03:13:15;26.21;Synchronized;;;
530;08/06/2023;03:10:00;26.26;Synchronized;;;530;08/06/2023;03:13:55;26.19;Synchronized;;;530;08/06/2023;03:14:15;26.2;Synchronized;;;
531;08/06/2023;03:11:00;26.23;Synchronized;;;531;08/06/2023;03:14:55;26.18;Synchronized;;;531;08/06/2023;03:15:14;26.2;Synchronized;;;
532;08/06/2023;03:12:00;26.25;Synchronized;;;532;08/06/2023;03:15:55;26.2;Synchronized;;;532;08/06/2023;03:16:14;26.2;Synchronized;;;
533;08/06/2023;03:13:00;26.24;Synchronized;;;533;08/06/2023;03:16:55;26.2;Synchronized;;;533;08/06/2023;03:17:14;26.22;Synchronized;;;
534;08/06/2023;03:14:00;26.24;Synchronized;;;534;08/06/2023;03:17:55;26.2;Synchronized;;;534;08/06/2023;03:18:14;26.2;Synchronized;;;
535;08/06/2023;03:15:00;26.23;Synchronized;;;535;08/06/2023;03:18:55;26.2;Synchronized;;;535;08/06/2023;03:19:14;26.2;Synchronized;;;
536;08/06/2023;03:16:00;26.24;Synchronized;;;536;08/06/2023;03:19:55;26.2;Synchronized;;;536;08/06/2023;03:20:14;26.19;Synchronized;;;
537;08/06/2023;03:17:00;26.25;Synchronized;;;537;08/06/2023;03:20:55;26.17;Synchronized;;;537;08/06/2023;03:21:14;26.2;Synchronized;;;
538;08/06/2023;03:18:00;26.25;Synchronized;;;538;08/06/2023;03:21:55;26.18;Synchronized;;;538;08/06/2023;03:22:14;26.16;Synchronized;;;
539;08/06/2023;03:18:59;26.24;Synchronized;;;539;08/06/2023;03:22:55;26.2;Synchronized;;;539;08/06/2023;03:23:14;26.16;Synchronized;;;
540;08/06/2023;03:19:59;26.21;Synchronized;;;540;08/06/2023;03:23:55;26.14;Synchronized;;;540;08/06/2023;03:24:14;26.17;Synchronized;;;
541;08/06/2023;03:20:59;26.22;Synchronized;;;541;08/06/2023;03:24:55;26.17;Synchronized;;;541;08/06/2023;03:25:14;26.17;Synchronized;;;
542;08/06/2023;03:21:59;26.22;Synchronized;;;542;08/06/2023;03:25:55;26.16;Synchronized;;;542;08/06/2023;03:26:14;26.17;Synchronized;;;
543;08/06/2023;03:22:59;26.2;Synchronized;;;543;08/06/2023;03:26:55;26.17;Synchronized;;;543;08/06/2023;03:27:13;26.16;Synchronized;;;
544;08/06/2023;03:23:59;26.2;Synchronized;;;544;08/06/2023;03:27:55;26.17;Synchronized;;;544;08/06/2023;03:28:13;26.15;Synchronized;;;
545;08/06/2023;03:24:59;26.19;Synchronized;;;545;08/06/2023;03:28:55;26.16;Synchronized;;;545;08/06/2023;03:29:13;26.15;Synchronized;;;
546;08/06/2023;03:25:59;26.2;Synchronized;;;546;08/06/2023;03:29:55;26.16;Synchronized;;;546;08/06/2023;03:30:13;26.16;Synchronized;;;
547;08/06/2023;03:26:59;26.2;Synchronized;;;547;08/06/2023;03:30:55;26.18;Synchronized;;;547;08/06/2023;03:31:13;26.16;Synchronized;;;
548;08/06/2023;03:27:59;26.19;Synchronized;;;548;08/06/2023;03:31:55;26.16;Synchronized;;;548;08/06/2023;03:32:13;26.15;Synchronized;;;
549;08/06/2023;03:28:59;26.19;Synchronized;;;549;08/06/2023;03:32:55;26.15;Synchronized;;;549;08/06/2023;03:33:13;26.16;Synchronized;;;
550;08/06/2023;03:29:59;26.2;Synchronized;;;550;08/06/2023;03:33:55;26.14;Synchronized;;;550;08/06/2023;03:34:13;26.14;Synchronized;;;
551;08/06/2023;03:30:59;26.2;Synchronized;;;551;08/06/2023;03:34:55;26.13;Synchronized;;;551;08/06/2023;03:35:13;26.14;Synchronized;;;
552;08/06/2023;03:31:59;26.2;Synchronized;;;552;08/06/2023;03:35:55;26.13;Synchronized;;;552;08/06/2023;03:36:13;26.14;Synchronized;;;
553;08/06/2023;03:32:59;26.2;Synchronized;;;553;08/06/2023;03:36:55;26.13;Synchronized;;;553;08/06/2023;03:37:13;26.13;Synchronized;;;
554;08/06/2023;03:33:59;26.2;Synchronized;;;554;08/06/2023;03:37:55;26.13;Synchronized;;;554;08/06/2023;03:38:13;26.13;Synchronized;;;
555;08/06/2023;03:34:59;26.18;Synchronized;;;555;08/06/2023;03:38:55;26.13;Synchronized;;;555;08/06/2023;03:39:13;26.13;Synchronized;;;
556;08/06/2023;03:35:59;26.19;Synchronized;;;556;08/06/2023;03:39:55;26.13;Synchronized;;;556;08/06/2023;03:40:12;26.13;Synchronized;;;
557;08/06/2023;03:36:59;26.16;Synchronized;;;557;08/06/2023;03:40:55;26.12;Synchronized;;;557;08/06/2023;03:41:12;26.13;Synchronized;;;
558;08/06/2023;03:37:58;26.16;Synchronized;;;558;08/06/2023;03:41:55;26.13;Synchronized;;;558;08/06/2023;03:42:12;26.13;Synchronized;;;
559;08/06/2023;03:38:58;26.18;Synchronized;;;559;08/06/2023;03:42:55;26.14;Synchronized;;;559;08/06/2023;03:43:12;26.14;Synchronized;;;
560;08/06/2023;03:39:58;26.19;Synchronized;;;560;08/06/2023;03:43:55;26.13;Synchronized;;;560;08/06/2023;03:44:12;26.12;Synchronized;;;
561;08/06/2023;03:40:58;26.16;Synchronized;;;561;08/06/2023;03:44:55;26.11;Synchronized;;;561;08/06/2023;03:45:12;26.12;Synchronized;;;
562;08/06/2023;03:41:58;26.17;Synchronized;;;562;08/06/2023;03:45:55;26.11;Synchronized;;;562;08/06/2023;03:46:12;26.11;Synchronized;;;
563;08/06/2023;03:42:58;26.17;Synchronized;;;563;08/06/2023;03:46:55;26.13;Synchronized;;;563;08/06/2023;03:47:12;26.13;Synchronized;;;
564;08/06/2023;03:43:58;26.19;Synchronized;;;564;08/06/2023;03:47:55;26.13;Synchronized;;;564;08/06/2023;03:48:12;26.13;Synchronized;;;
565;08/06/2023;03:44:58;26.17;Synchronized;;;565;08/06/2023;03:48:55;26.13;Synchronized;;;565;08/06/2023;03:49:12;26.12;Synchronized;;;
566;08/06/2023;03:45:58;26.16;Synchronized;;;566;08/06/2023;03:49:55;26.13;Synchronized;;;566;08/06/2023;03:50:12;26.13;Synchronized;;;
567;08/06/2023;03:46:58;26.18;Synchronized;;;567;08/06/2023;03:50:55;26.13;Synchronized;;;567;08/06/2023;03:51:12;26.13;Synchronized;;;
568;08/06/2023;03:47:58;26.18;Synchronized;;;568;08/06/2023;03:51:55;26.14;Synchronized;;;568;08/06/2023;03:52:11;26.14;Synchronized;;;
569;08/06/2023;03:48:58;26.18;Synchronized;;;569;08/06/2023;03:52:55;26.13;Synchronized;;;569;08/06/2023;03:53:11;26.13;Synchronized;;;
570;08/06/2023;03:49:58;26.18;Synchronized;;;570;08/06/2023;03:53:55;26.13;Synchronized;;;570;08/06/2023;03:54:11;26.13;Synchronized;;;
571;08/06/2023;03:50:58;26.19;Synchronized;;;571;08/06/2023;03:54:55;26.14;Synchronized;;;571;08/06/2023;03:55:11;26.16;Synchronized;;;
572;08/06/2023;03:51:58;26.19;Synchronized;;;572;08/06/2023;03:55:55;26.15;Synchronized;;;572;08/06/2023;03:56:11;26.13;Synchronized;;;
573;08/06/2023;03:52:58;26.2;Synchronized;;;573;08/06/2023;03:56:55;26.13;Synchronized;;;573;08/06/2023;03:57:11;26.15;Synchronized;;;
574;08/06/2023;03:53:58;26.18;Synchronized;;;574;08/06/2023;03:57:55;26.15;Synchronized;;;574;08/06/2023;03:58:11;26.15;Synchronized;;;
575;08/06/2023;03:54:58;26.2;Synchronized;;;575;08/06/2023;03:58:55;26.13;Synchronized;;;575;08/06/2023;03:59:11;26.12;Synchronized;;;
576;08/06/2023;03:55:58;26.19;Synchronized;;;576;08/06/2023;03:59:55;26.15;Synchronized;;;576;08/06/2023;04:00:11;26.13;Synchronized;;;
577;08/06/2023;03:56:57;26.18;Synchronized;;;577;08/06/2023;04:00:55;26.13;Synchronized;;;577;08/06/2023;04:01:11;26.13;Synchronized;;;
578;08/06/2023;03:57:57;26.19;Synchronized;;;578;08/06/2023;04:01:54;26.13;Synchronized;;;578;08/06/2023;04:02:11;26.15;Synchronized;;;
579;08/06/2023;03:58:57;26.2;Synchronized;;;579;08/06/2023;04:02:54;26.13;Synchronized;;;579;08/06/2023;04:03:11;26.11;Synchronized;;;
580;08/06/2023;03:59:57;26.19;Synchronized;;;580;08/06/2023;04:03:54;26.13;Synchronized;;;580;08/06/2023;04:04:11;26.1;Synchronized;;;
581;08/06/2023;04:00:57;26.17;Synchronized;;;581;08/06/2023;04:04:54;26.13;Synchronized;;;581;08/06/2023;04:05:10;26.13;Synchronized;;;
582;08/06/2023;04:01:57;26.17;Synchronized;;;582;08/06/2023;04:05:54;26.13;Synchronized;;;582;08/06/2023;04:06:10;26.12;Synchronized;;;
583;08/06/2023;04:02:57;26.16;Synchronized;;;583;08/06/2023;04:06:54;26.11;Synchronized;;;583;08/06/2023;04:07:10;26.13;Synchronized;;;
584;08/06/2023;04:03:57;26.15;Synchronized;;;584;08/06/2023;04:07:54;26.14;Synchronized;;;584;08/06/2023;04:08:10;26.13;Synchronized;;;
585;08/06/2023;04:04:57;26.17;Synchronized;;;585;08/06/2023;04:08:54;26.11;Synchronized;;;585;08/06/2023;04:09:10;26.12;Synchronized;;;
586;08/06/2023;04:05:57;26.17;Synchronized;;;586;08/06/2023;04:09:54;26.12;Synchronized;;;586;08/06/2023;04:10:10;26.11;Synchronized;;;
587;08/06/2023;04:06:57;26.17;Synchronized;;;587;08/06/2023;04:10:54;26.12;Synchronized;;;587;08/06/2023;04:11:10;26.11;Synchronized;;;
588;08/06/2023;04:07:57;26.16;Synchronized;;;588;08/06/2023;04:11:54;26.1;Synchronized;;;588;08/06/2023;04:12:10;26.12;Synchronized;;;
589;08/06/2023;04:08:57;26.16;Synchronized;;;589;08/06/2023;04:12:54;26.11;Synchronized;;;589;08/06/2023;04:13:10;26.11;Synchronized;;;
590;08/06/2023;04:09:57;26.15;Synchronized;;;590;08/06/2023;04:13:54;26.1;Synchronized;;;590;08/06/2023;04:14:10;26.09;Synchronized;;;
591;08/06/2023;04:10:57;26.16;Synchronized;;;591;08/06/2023;04:14:54;26.09;Synchronized;;;591;08/06/2023;04:15:10;26.09;Synchronized;;;
592;08/06/2023;04:11:57;26.15;Synchronized;;;592;08/06/2023;04:15:54;26.09;Synchronized;;;592;08/06/2023;04:16:10;26.09;Synchronized;;;
593;08/06/2023;04:12:57;26.16;Synchronized;;;593;08/06/2023;04:16:54;26.09;Synchronized;;;593;08/06/2023;04:17:09;26.09;Synchronized;;;
594;08/06/2023;04:13:57;26.16;Synchronized;;;594;08/06/2023;04:17:54;26.07;Synchronized;;;594;08/06/2023;04:18:09;26.09;Synchronized;;;
595;08/06/2023;04:14:57;26.13;Synchronized;;;595;08/06/2023;04:18:54;26.08;Synchronized;;;595;08/06/2023;04:19:09;26.09;Synchronized;;;
596;08/06/2023;04:15:56;26.16;Synchronized;;;596;08/06/2023;04:19:54;26.09;Synchronized;;;596;08/06/2023;04:20:09;26.09;Synchronized;;;
597;08/06/2023;04:16:56;26.14;Synchronized;;;597;08/06/2023;04:20:54;26.08;Synchronized;;;597;08/06/2023;04:21:09;26.06;Synchronized;;;
598;08/06/2023;04:17:56;26.13;Synchronized;;;598;08/06/2023;04:21:54;26.05;Synchronized;;;598;08/06/2023;04:22:09;26.06;Synchronized;;;
599;08/06/2023;04:18:56;26.13;Synchronized;;;599;08/06/2023;04:22:54;26.06;Synchronized;;;599;08/06/2023;04:23:09;26.07;Synchronized;;;
600;08/06/2023;04:19:56;26.11;Synchronized;;;600;08/06/2023;04:23:54;26.06;Synchronized;;;600;08/06/2023;04:24:09;26.08;Synchronized;;;
601;08/06/2023;04:20:56;26.13;Synchronized;;;601;08/06/2023;04:24:54;26.06;Synchronized;;;601;08/06/2023;04:25:09;26.04;Synchronized;;;
602;08/06/2023;04:21:56;26.13;Synchronized;;;602;08/06/2023;04:25:54;26.06;Synchronized;;;602;08/06/2023;04:26:09;26.05;Synchronized;;;
603;08/06/2023;04:22:56;26.13;Synchronized;;;603;08/06/2023;04:26:54;26.06;Synchronized;;;603;08/06/2023;04:27:09;26.05;Synchronized;;;
604;08/06/2023;04:23:56;26.11;Synchronized;;;604;08/06/2023;04:27:54;26.06;Synchronized;;;604;08/06/2023;04:28:09;26.04;Synchronized;;;
605;08/06/2023;04:24:56;26.09;Synchronized;;;605;08/06/2023;04:28:54;26.07;Synchronized;;;605;08/06/2023;04:29:09;26.04;Synchronized;;;
606;08/06/2023;04:25:56;26.1;Synchronized;;;606;08/06/2023;04:29:54;26.03;Synchronized;;;606;08/06/2023;04:30:08;26.06;Synchronized;;;
607;08/06/2023;04:26:56;26.11;Synchronized;;;607;08/06/2023;04:30:54;26.06;Synchronized;;;607;08/06/2023;04:31:08;26.06;Synchronized;;;
608;08/06/2023;04:27:56;26.1;Synchronized;;;608;08/06/2023;04:31:54;26.05;Synchronized;;;608;08/06/2023;04:32:08;26.04;Synchronized;;;
609;08/06/2023;04:28:56;26.09;Synchronized;;;609;08/06/2023;04:32:54;26.03;Synchronized;;;609;08/06/2023;04:33:08;26.05;Synchronized;;;
610;08/06/2023;04:29:56;26.1;Synchronized;;;610;08/06/2023;04:33:54;26.05;Synchronized;;;610;08/06/2023;04:34:08;26.04;Synchronized;;;
611;08/06/2023;04:30:56;26.08;Synchronized;;;611;08/06/2023;04:34:54;26.05;Synchronized;;;611;08/06/2023;04:35:08;26.05;Synchronized;;;
612;08/06/2023;04:31:56;26.1;Synchronized;;;612;08/06/2023;04:35:54;26.03;Synchronized;;;612;08/06/2023;04:36:08;26.04;Synchronized;;;
613;08/06/2023;04:32:56;26.13;Synchronized;;;613;08/06/2023;04:36:54;26.05;Synchronized;;;613;08/06/2023;04:37:08;26.04;Synchronized;;;
614;08/06/2023;04:33:56;26.09;Synchronized;;;614;08/06/2023;04:37:54;26.02;Synchronized;;;614;08/06/2023;04:38:08;26.03;Synchronized;;;
615;08/06/2023;04:34:55;26.08;Synchronized;;;615;08/06/2023;04:38:54;26.02;Synchronized;;;615;08/06/2023;04:39:08;26.04;Synchronized;;;
616;08/06/2023;04:35:55;26.09;Synchronized;;;616;08/06/2023;04:39:54;26.03;Synchronized;;;616;08/06/2023;04:40:08;26.04;Synchronized;;;
617;08/06/2023;04:36:55;26.09;Synchronized;;;617;08/06/2023;04:40:54;26.02;Synchronized;;;617;08/06/2023;04:41:08;26.03;Synchronized;;;
618;08/06/2023;04:37:55;26.09;Synchronized;;;618;08/06/2023;04:41:54;26.01;Synchronized;;;618;08/06/2023;04:42:07;26.04;Synchronized;;;
619;08/06/2023;04:38:55;26.11;Synchronized;;;619;08/06/2023;04:42:54;26.02;Synchronized;;;619;08/06/2023;04:43:07;26.03;Synchronized;;;
620;08/06/2023;04:39:55;26.09;Synchronized;;;620;08/06/2023;04:43:54;26.05;Synchronized;;;620;08/06/2023;04:44:07;26.03;Synchronized;;;
621;08/06/2023;04:40:55;26.08;Synchronized;;;621;08/06/2023;04:44:54;26.02;Synchronized;;;621;08/06/2023;04:45:07;26.04;Synchronized;;;
622;08/06/2023;04:41:55;26.09;Synchronized;;;622;08/06/2023;04:45:54;26.03;Synchronized;;;622;08/06/2023;04:46:07;26.05;Synchronized;;;
623;08/06/2023;04:42:55;26.09;Synchronized;;;623;08/06/2023;04:46:54;26.05;Synchronized;;;623;08/06/2023;04:47:07;26.05;Synchronized;;;
624;08/06/2023;04:43:55;26.1;Synchronized;;;624;08/06/2023;04:47:54;26.05;Synchronized;;;624;08/06/2023;04:48:07;26.02;Synchronized;;;
625;08/06/2023;04:44:55;26.09;Synchronized;;;625;08/06/2023;04:48:54;26.05;Synchronized;;;625;08/06/2023;04:49:07;26.04;Synchronized;;;
626;08/06/2023;04:45:55;26.09;Synchronized;;;626;08/06/2023;04:49:54;26.03;Synchronized;;;626;08/06/2023;04:50:07;26.03;Synchronized;;;
627;08/06/2023;04:46:55;26.08;Synchronized;;;627;08/06/2023;04:50:54;26.02;Synchronized;;;627;08/06/2023;04:51:07;26.03;Synchronized;;;
628;08/06/2023;04:47:55;26.09;Synchronized;;;628;08/06/2023;04:51:54;26.02;Synchronized;;;628;08/06/2023;04:52:07;26.02;Synchronized;;;
629;08/06/2023;04:48:55;26.09;Synchronized;;;629;08/06/2023;04:52:54;26.02;Synchronized;;;629;08/06/2023;04:53:07;26.02;Synchronized;;;
630;08/06/2023;04:49:55;26.08;Synchronized;;;630;08/06/2023;04:53:54;25.99;Synchronized;;;630;08/06/2023;04:54:06;26.02;Synchronized;;;
631;08/06/2023;04:50:55;26.1;Synchronized;;;631;08/06/2023;04:54:54;26;Synchronized;;;631;08/06/2023;04:55:06;26.02;Synchronized;;;
632;08/06/2023;04:51:55;26.08;Synchronized;;;632;08/06/2023;04:55:54;25.99;Synchronized;;;632;08/06/2023;04:56:06;26;Synchronized;;;
633;08/06/2023;04:52:55;26.09;Synchronized;;;633;08/06/2023;04:56:54;26.01;Synchronized;;;633;08/06/2023;04:57:06;26.02;Synchronized;;;
634;08/06/2023;04:53:55;26.08;Synchronized;;;634;08/06/2023;04:57:54;26.01;Synchronized;;;634;08/06/2023;04:58:06;26.01;Synchronized;;;
635;08/06/2023;04:54:54;26.07;Synchronized;;;635;08/06/2023;04:58:54;25.99;Synchronized;;;635;08/06/2023;04:59:06;26.01;Synchronized;;;
636;08/06/2023;04:55:54;26.06;Synchronized;;;636;08/06/2023;04:59:54;26.01;Synchronized;;;636;08/06/2023;05:00:06;25.99;Synchronized;;;
637;08/06/2023;04:56:54;26.07;Synchronized;;;637;08/06/2023;05:00:54;26.01;Synchronized;;;637;08/06/2023;05:01:06;26.02;Synchronized;;;
638;08/06/2023;04:57:54;26.06;Synchronized;;;638;08/06/2023;05:01:54;25.99;Synchronized;;;638;08/06/2023;05:02:06;26.02;Synchronized;;;
639;08/06/2023;04:58:54;26.08;Synchronized;;;639;08/06/2023;05:02:54;25.99;Synchronized;;;639;08/06/2023;05:03:06;26.02;Synchronized;;;
640;08/06/2023;04:59:54;26.07;Synchronized;;;640;08/06/2023;05:03:54;26.02;Synchronized;;;640;08/06/2023;05:04:06;26.01;Synchronized;;;
641;08/06/2023;05:00:54;26.06;Synchronized;;;641;08/06/2023;05:04:54;26.01;Synchronized;;;641;08/06/2023;05:05:06;26.01;Synchronized;;;
642;08/06/2023;05:01:54;26.08;Synchronized;;;642;08/06/2023;05:05:54;25.99;Synchronized;;;642;08/06/2023;05:06:06;26;Synchronized;;;
643;08/06/2023;05:02:54;26.05;Synchronized;;;643;08/06/2023;05:06:54;26.01;Synchronized;;;643;08/06/2023;05:07:05;25.99;Synchronized;;;
644;08/06/2023;05:03:54;26.05;Synchronized;;;644;08/06/2023;05:07:54;25.99;Synchronized;;;644;08/06/2023;05:08:05;25.98;Synchronized;;;
645;08/06/2023;05:04:54;26.05;Synchronized;;;645;08/06/2023;05:08:53;25.99;Synchronized;;;645;08/06/2023;05:09:05;25.99;Synchronized;;;
646;08/06/2023;05:05:54;26.05;Synchronized;;;646;08/06/2023;05:09:53;25.99;Synchronized;;;646;08/06/2023;05:10:05;25.99;Synchronized;;;
647;08/06/2023;05:06:54;26.05;Synchronized;;;647;08/06/2023;05:10:53;26.01;Synchronized;;;647;08/06/2023;05:11:05;25.98;Synchronized;;;
648;08/06/2023;05:07:54;26.05;Synchronized;;;648;08/06/2023;05:11:53;25.98;Synchronized;;;648;08/06/2023;05:12:05;25.98;Synchronized;;;
649;08/06/2023;05:08:54;26.04;Synchronized;;;649;08/06/2023;05:12:53;25.98;Synchronized;;;649;08/06/2023;05:13:05;25.99;Synchronized;;;
650;08/06/2023;05:09:54;26.05;Synchronized;;;650;08/06/2023;05:13:53;25.98;Synchronized;;;650;08/06/2023;05:14:05;26;Synchronized;;;
651;08/06/2023;05:10:54;26.04;Synchronized;;;651;08/06/2023;05:14:53;26;Synchronized;;;651;08/06/2023;05:15:05;25.98;Synchronized;;;
652;08/06/2023;05:11:54;26.03;Synchronized;;;652;08/06/2023;05:15:53;25.98;Synchronized;;;652;08/06/2023;05:16:05;26;Synchronized;;;
653;08/06/2023;05:12:54;26.05;Synchronized;;;653;08/06/2023;05:16:53;25.98;Synchronized;;;653;08/06/2023;05:17:05;25.97;Synchronized;;;
654;08/06/2023;05:13:53;26.05;Synchronized;;;654;08/06/2023;05:17:53;26;Synchronized;;;654;08/06/2023;05:18:05;25.98;Synchronized;;;
655;08/06/2023;05:14:53;26.05;Synchronized;;;655;08/06/2023;05:18:53;25.98;Synchronized;;;655;08/06/2023;05:19:04;25.98;Synchronized;;;
656;08/06/2023;05:15:53;26.04;Synchronized;;;656;08/06/2023;05:19:53;25.97;Synchronized;;;656;08/06/2023;05:20:04;25.99;Synchronized;;;
657;08/06/2023;05:16:53;26.05;Synchronized;;;657;08/06/2023;05:20:53;25.98;Synchronized;;;657;08/06/2023;05:21:04;25.98;Synchronized;;;
658;08/06/2023;05:17:53;26.02;Synchronized;;;658;08/06/2023;05:21:53;25.96;Synchronized;;;658;08/06/2023;05:22:04;25.97;Synchronized;;;
659;08/06/2023;05:18:53;26.03;Synchronized;;;659;08/06/2023;05:22:53;25.98;Synchronized;;;659;08/06/2023;05:23:04;25.98;Synchronized;;;
660;08/06/2023;05:19:53;26.03;Synchronized;;;660;08/06/2023;05:23:53;25.97;Synchronized;;;660;08/06/2023;05:24:04;25.97;Synchronized;;;
661;08/06/2023;05:20:53;26.03;Synchronized;;;661;08/06/2023;05:24:53;25.98;Synchronized;;;661;08/06/2023;05:25:04;25.97;Synchronized;;;
662;08/06/2023;05:21:53;26.02;Synchronized;;;662;08/06/2023;05:25:53;25.98;Synchronized;;;662;08/06/2023;05:26:04;25.97;Synchronized;;;
663;08/06/2023;05:22:53;26.02;Synchronized;;;663;08/06/2023;05:26:53;25.96;Synchronized;;;663;08/06/2023;05:27:04;25.97;Synchronized;;;
664;08/06/2023;05:23:53;26.02;Synchronized;;;664;08/06/2023;05:27:53;25.95;Synchronized;;;664;08/06/2023;05:28:04;25.95;Synchronized;;;
665;08/06/2023;05:24:53;26.06;Synchronized;;;665;08/06/2023;05:28:53;25.97;Synchronized;;;665;08/06/2023;05:29:04;25.97;Synchronized;;;
666;08/06/2023;05:25:53;26.05;Synchronized;;;666;08/06/2023;05:29:53;25.94;Synchronized;;;666;08/06/2023;05:30:04;25.95;Synchronized;;;
667;08/06/2023;05:26:53;26.03;Synchronized;;;667;08/06/2023;05:30:53;25.95;Synchronized;;;667;08/06/2023;05:31:04;25.96;Synchronized;;;
668;08/06/2023;05:27:53;26.04;Synchronized;;;668;08/06/2023;05:31:53;25.98;Synchronized;;;668;08/06/2023;05:32:03;25.95;Synchronized;;;
669;08/06/2023;05:28:53;26.04;Synchronized;;;669;08/06/2023;05:32:53;25.96;Synchronized;;;669;08/06/2023;05:33:03;25.93;Synchronized;;;
670;08/06/2023;05:29:53;26.04;Synchronized;;;670;08/06/2023;05:33:53;25.98;Synchronized;;;670;08/06/2023;05:34:03;25.95;Synchronized;;;
671;08/06/2023;05:30:53;26.03;Synchronized;;;671;08/06/2023;05:34:53;25.96;Synchronized;;;671;08/06/2023;05:35:03;25.93;Synchronized;;;
672;08/06/2023;05:31:53;26.05;Synchronized;;;672;08/06/2023;05:35:53;25.95;Synchronized;;;672;08/06/2023;05:36:03;25.95;Synchronized;;;
673;08/06/2023;05:32:52;26.03;Synchronized;;;673;08/06/2023;05:36:53;25.94;Synchronized;;;673;08/06/2023;05:37:03;25.93;Synchronized;;;
674;08/06/2023;05:33:52;26.01;Synchronized;;;674;08/06/2023;05:37:53;25.92;Synchronized;;;674;08/06/2023;05:38:03;25.93;Synchronized;;;
675;08/06/2023;05:34:52;26.02;Synchronized;;;675;08/06/2023;05:38:53;25.93;Synchronized;;;675;08/06/2023;05:39:03;25.91;Synchronized;;;
676;08/06/2023;05:35:52;26.03;Synchronized;;;676;08/06/2023;05:39:53;25.93;Synchronized;;;676;08/06/2023;05:40:03;25.91;Synchronized;;;
677;08/06/2023;05:36:52;26;Synchronized;;;677;08/06/2023;05:40:53;25.89;Synchronized;;;677;08/06/2023;05:41:03;25.91;Synchronized;;;
678;08/06/2023;05:37:52;25.97;Synchronized;;;678;08/06/2023;05:41:53;25.88;Synchronized;;;678;08/06/2023;05:42:03;25.9;Synchronized;;;
679;08/06/2023;05:38:52;25.98;Synchronized;;;679;08/06/2023;05:42:53;25.86;Synchronized;;;679;08/06/2023;05:43:03;25.89;Synchronized;;;
680;08/06/2023;05:39:52;25.98;Synchronized;;;680;08/06/2023;05:43:53;25.84;Synchronized;;;680;08/06/2023;05:44:02;25.88;Synchronized;;;
681;08/06/2023;05:40:52;25.97;Synchronized;;;681;08/06/2023;05:44:53;25.85;Synchronized;;;681;08/06/2023;05:45:02;25.86;Synchronized;;;
682;08/06/2023;05:41:52;25.97;Synchronized;;;682;08/06/2023;05:45:53;25.86;Synchronized;;;682;08/06/2023;05:46:02;25.88;Synchronized;;;
683;08/06/2023;05:42:52;25.94;Synchronized;;;683;08/06/2023;05:46:53;25.85;Synchronized;;;683;08/06/2023;05:47:02;25.86;Synchronized;;;
684;08/06/2023;05:43:52;25.9;Synchronized;;;684;08/06/2023;05:47:53;25.86;Synchronized;;;684;08/06/2023;05:48:02;25.87;Synchronized;;;
685;08/06/2023;05:44:52;25.93;Synchronized;;;685;08/06/2023;05:48:53;25.86;Synchronized;;;685;08/06/2023;05:49:02;25.87;Synchronized;;;
686;08/06/2023;05:45:52;25.91;Synchronized;;;686;08/06/2023;05:49:53;25.84;Synchronized;;;686;08/06/2023;05:50:02;25.88;Synchronized;;;
687;08/06/2023;05:46:52;25.91;Synchronized;;;687;08/06/2023;05:50:53;25.84;Synchronized;;;687;08/06/2023;05:51:02;25.86;Synchronized;;;
688;08/06/2023;05:47:52;25.91;Synchronized;;;688;08/06/2023;05:51:53;25.85;Synchronized;;;688;08/06/2023;05:52:02;25.87;Synchronized;;;
689;08/06/2023;05:48:52;25.91;Synchronized;;;689;08/06/2023;05:52:53;25.84;Synchronized;;;689;08/06/2023;05:53:02;25.87;Synchronized;;;
690;08/06/2023;05:49:52;25.91;Synchronized;;;690;08/06/2023;05:53:53;25.84;Synchronized;;;690;08/06/2023;05:54:02;25.85;Synchronized;;;
691;08/06/2023;05:50:52;25.91;Synchronized;;;691;08/06/2023;05:54:53;25.82;Synchronized;;;691;08/06/2023;05:55:02;25.84;Synchronized;;;
692;08/06/2023;05:51:51;25.91;Synchronized;;;692;08/06/2023;05:55:53;25.8;Synchronized;;;692;08/06/2023;05:56:02;25.82;Synchronized;;;
693;08/06/2023;05:52:51;25.9;Synchronized;;;693;08/06/2023;05:56:53;25.75;Synchronized;;;693;08/06/2023;05:57:01;25.8;Synchronized;;;
694;08/06/2023;05:53:51;25.91;Synchronized;;;694;08/06/2023;05:57:53;25.76;Synchronized;;;694;08/06/2023;05:58:01;25.83;Synchronized;;;
695;08/06/2023;05:54:51;25.91;Synchronized;;;695;08/06/2023;05:58:53;25.75;Synchronized;;;695;08/06/2023;05:59:01;25.8;Synchronized;;;
696;08/06/2023;05:55:51;25.9;Synchronized;;;696;08/06/2023;05:59:53;25.73;Synchronized;;;696;08/06/2023;06:00:01;25.8;Synchronized;;;
697;08/06/2023;05:56:51;25.86;Synchronized;;;697;08/06/2023;06:00:53;25.73;Synchronized;;;697;08/06/2023;06:01:01;25.79;Synchronized;;;
698;08/06/2023;05:57:51;25.84;Synchronized;;;698;08/06/2023;06:01:53;25.74;Synchronized;;;698;08/06/2023;06:02:01;25.8;Synchronized;;;
699;08/06/2023;05:58:51;25.84;Synchronized;;;699;08/06/2023;06:02:53;25.76;Synchronized;;;699;08/06/2023;06:03:01;25.8;Synchronized;;;
700;08/06/2023;05:59:51;25.82;Synchronized;;;700;08/06/2023;06:03:53;25.77;Synchronized;;;700;08/06/2023;06:04:01;25.8;Synchronized;;;
701;08/06/2023;06:00:51;25.84;Synchronized;;;701;08/06/2023;06:04:53;25.79;Synchronized;;;701;08/06/2023;06:05:01;25.82;Synchronized;;;
702;08/06/2023;06:01:51;25.84;Synchronized;;;702;08/06/2023;06:05:53;25.76;Synchronized;;;702;08/06/2023;06:06:01;25.79;Synchronized;;;
703;08/06/2023;06:02:51;25.84;Synchronized;;;703;08/06/2023;06:06:53;25.76;Synchronized;;;703;08/06/2023;06:07:01;25.78;Synchronized;;;
704;08/06/2023;06:03:51;25.84;Synchronized;;;704;08/06/2023;06:07:53;25.77;Synchronized;;;704;08/06/2023;06:08:01;25.8;Synchronized;;;
705;08/06/2023;06:04:51;25.84;Synchronized;;;705;08/06/2023;06:08:53;25.79;Synchronized;;;705;08/06/2023;06:09:00;25.8;Synchronized;;;
706;08/06/2023;06:05:51;25.84;Synchronized;;;706;08/06/2023;06:09:53;25.78;Synchronized;;;706;08/06/2023;06:10:00;25.83;Synchronized;;;
707;08/06/2023;06:06:51;25.83;Synchronized;;;707;08/06/2023;06:10:53;25.77;Synchronized;;;707;08/06/2023;06:11:00;25.79;Synchronized;;;
708;08/06/2023;06:07:51;25.84;Synchronized;;;708;08/06/2023;06:11:53;25.75;Synchronized;;;708;08/06/2023;06:12:00;25.79;Synchronized;;;
709;08/06/2023;06:08:51;25.84;Synchronized;;;709;08/06/2023;06:12:53;25.75;Synchronized;;;709;08/06/2023;06:13:00;25.77;Synchronized;;;
710;08/06/2023;06:09:51;25.84;Synchronized;;;710;08/06/2023;06:13:53;25.72;Synchronized;;;710;08/06/2023;06:14:00;25.79;Synchronized;;;
711;08/06/2023;06:10:50;25.86;Synchronized;;;711;08/06/2023;06:14:53;25.73;Synchronized;;;711;08/06/2023;06:15:00;25.78;Synchronized;;;
712;08/06/2023;06:11:50;25.85;Synchronized;;;712;08/06/2023;06:15:52;25.73;Synchronized;;;712;08/06/2023;06:16:00;25.78;Synchronized;;;
713;08/06/2023;06:12:50;25.83;Synchronized;;;713;08/06/2023;06:16:52;25.75;Synchronized;;;713;08/06/2023;06:17:00;25.78;Synchronized;;;
714;08/06/2023;06:13:50;25.8;Synchronized;;;714;08/06/2023;06:17:52;25.78;Synchronized;;;714;08/06/2023;06:18:00;25.8;Synchronized;;;
715;08/06/2023;06:14:50;25.83;Synchronized;;;715;08/06/2023;06:18:52;25.76;Synchronized;;;715;08/06/2023;06:19:00;25.79;Synchronized;;;
716;08/06/2023;06:15:50;25.8;Synchronized;;;716;08/06/2023;06:19:52;25.77;Synchronized;;;716;08/06/2023;06:20:00;25.78;Synchronized;;;
717;08/06/2023;06:16:50;25.83;Synchronized;;;717;08/06/2023;06:20:52;25.77;Synchronized;;;717;08/06/2023;06:21:00;25.78;Synchronized;;;
718;08/06/2023;06:17:50;25.84;Synchronized;;;718;08/06/2023;06:21:52;25.77;Synchronized;;;718;08/06/2023;06:21:59;25.82;Synchronized;;;
719;08/06/2023;06:18:50;25.83;Synchronized;;;719;08/06/2023;06:22:52;25.78;Synchronized;;;719;08/06/2023;06:22:59;25.8;Synchronized;;;
720;08/06/2023;06:19:50;25.87;Synchronized;;;720;08/06/2023;06:23:52;25.78;Synchronized;;;720;08/06/2023;06:23:59;25.8;Synchronized;;;
721;08/06/2023;06:20:50;25.84;Synchronized;;;721;08/06/2023;06:24:52;25.77;Synchronized;;;721;08/06/2023;06:24:59;25.8;Synchronized;;;
722;08/06/2023;06:21:50;25.84;Synchronized;;;722;08/06/2023;06:25:52;25.75;Synchronized;;;722;08/06/2023;06:25:59;25.78;Synchronized;;;
723;08/06/2023;06:22:50;25.84;Synchronized;;;723;08/06/2023;06:26:52;25.7;Synchronized;;;723;08/06/2023;06:26:59;25.77;Synchronized;;;
724;08/06/2023;06:23:50;25.84;Synchronized;;;724;08/06/2023;06:27:52;25.7;Synchronized;;;724;08/06/2023;06:27:59;25.76;Synchronized;;;
725;08/06/2023;06:24:50;25.84;Synchronized;;;725;08/06/2023;06:28:52;25.7;Synchronized;;;725;08/06/2023;06:28:59;25.74;Synchronized;;;
726;08/06/2023;06:25:50;25.84;Synchronized;;;726;08/06/2023;06:29:52;25.7;Synchronized;;;726;08/06/2023;06:29:59;25.73;Synchronized;;;
727;08/06/2023;06:26:50;25.79;Synchronized;;;727;08/06/2023;06:30:52;25.7;Synchronized;;;727;08/06/2023;06:30:59;25.73;Synchronized;;;
728;08/06/2023;06:27:50;25.78;Synchronized;;;728;08/06/2023;06:31:52;25.7;Synchronized;;;728;08/06/2023;06:31:59;25.74;Synchronized;;;
729;08/06/2023;06:28:50;25.77;Synchronized;;;729;08/06/2023;06:32:52;25.7;Synchronized;;;729;08/06/2023;06:32:59;25.74;Synchronized;;;
730;08/06/2023;06:29:49;25.73;Synchronized;;;730;08/06/2023;06:33:52;25.71;Synchronized;;;730;08/06/2023;06:33:58;25.76;Synchronized;;;
731;08/06/2023;06:30:49;25.76;Synchronized;;;731;08/06/2023;06:34:52;25.72;Synchronized;;;731;08/06/2023;06:34:58;25.76;Synchronized;;;
732;08/06/2023;06:31:49;25.77;Synchronized;;;732;08/06/2023;06:35:52;25.73;Synchronized;;;732;08/06/2023;06:35:58;25.75;Synchronized;;;
733;08/06/2023;06:32:49;25.77;Synchronized;;;733;08/06/2023;06:36:52;25.73;Synchronized;;;733;08/06/2023;06:36:58;25.77;Synchronized;;;
734;08/06/2023;06:33:49;25.79;Synchronized;;;734;08/06/2023;06:37:52;25.73;Synchronized;;;734;08/06/2023;06:37:58;25.75;Synchronized;;;
735;08/06/2023;06:34:49;25.79;Synchronized;;;735;08/06/2023;06:38:52;25.74;Synchronized;;;735;08/06/2023;06:38:58;25.77;Synchronized;;;
736;08/06/2023;06:35:49;25.8;Synchronized;;;736;08/06/2023;06:39:52;25.74;Synchronized;;;736;08/06/2023;06:39:58;25.74;Synchronized;;;
737;08/06/2023;06:36:49;25.79;Synchronized;;;737;08/06/2023;06:40:52;25.77;Synchronized;;;737;08/06/2023;06:40:58;25.74;Synchronized;;;
738;08/06/2023;06:37:49;25.8;Synchronized;;;738;08/06/2023;06:41:52;25.76;Synchronized;;;738;08/06/2023;06:41:58;25.77;Synchronized;;;
739;08/06/2023;06:38:49;25.8;Synchronized;;;739;08/06/2023;06:42:52;25.76;Synchronized;;;739;08/06/2023;06:42:58;25.77;Synchronized;;;
740;08/06/2023;06:39:49;25.8;Synchronized;;;740;08/06/2023;06:43:52;25.75;Synchronized;;;740;08/06/2023;06:43:58;25.77;Synchronized;;;
741;08/06/2023;06:40:49;25.8;Synchronized;;;741;08/06/2023;06:44:52;25.77;Synchronized;;;741;08/06/2023;06:44:58;25.77;Synchronized;;;
742;08/06/2023;06:41:49;25.81;Synchronized;;;742;08/06/2023;06:45:52;25.77;Synchronized;;;742;08/06/2023;06:45:58;25.78;Synchronized;;;
743;08/06/2023;06:42:49;25.83;Synchronized;;;743;08/06/2023;06:46:52;25.79;Synchronized;;;743;08/06/2023;06:46:57;25.77;Synchronized;;;
744;08/06/2023;06:43:49;25.83;Synchronized;;;744;08/06/2023;06:47:52;25.81;Synchronized;;;744;08/06/2023;06:47:57;25.79;Synchronized;;;
745;08/06/2023;06:44:49;25.83;Synchronized;;;745;08/06/2023;06:48:52;25.81;Synchronized;;;745;08/06/2023;06:48:57;25.79;Synchronized;;;
746;08/06/2023;06:45:49;25.84;Synchronized;;;746;08/06/2023;06:49:52;25.83;Synchronized;;;746;08/06/2023;06:49:57;25.83;Synchronized;;;
747;08/06/2023;06:46:49;25.84;Synchronized;;;747;08/06/2023;06:50:52;25.83;Synchronized;;;747;08/06/2023;06:50:57;25.8;Synchronized;;;
748;08/06/2023;06:47:49;25.86;Synchronized;;;748;08/06/2023;06:51:52;25.82;Synchronized;;;748;08/06/2023;06:51:57;25.82;Synchronized;;;
749;08/06/2023;06:48:48;25.85;Synchronized;;;749;08/06/2023;06:52:52;25.83;Synchronized;;;749;08/06/2023;06:52:57;25.82;Synchronized;;;
750;08/06/2023;06:49:48;25.87;Synchronized;;;750;08/06/2023;06:53:52;25.78;Synchronized;;;750;08/06/2023;06:53:57;25.78;Synchronized;;;
751;08/06/2023;06:50:48;25.89;Synchronized;;;751;08/06/2023;06:54:52;25.81;Synchronized;;;751;08/06/2023;06:54:57;25.82;Synchronized;;;
752;08/06/2023;06:51:48;25.89;Synchronized;;;752;08/06/2023;06:55:52;25.8;Synchronized;;;752;08/06/2023;06:55:57;25.79;Synchronized;;;
753;08/06/2023;06:52:48;25.87;Synchronized;;;753;08/06/2023;06:56:52;25.78;Synchronized;;;753;08/06/2023;06:56:57;25.8;Synchronized;;;
754;08/06/2023;06:53:48;25.87;Synchronized;;;754;08/06/2023;06:57:52;25.78;Synchronized;;;754;08/06/2023;06:57:57;25.8;Synchronized;;;
755;08/06/2023;06:54:48;25.87;Synchronized;;;755;08/06/2023;06:58:52;25.76;Synchronized;;;755;08/06/2023;06:58:56;25.78;Synchronized;;;
756;08/06/2023;06:55:48;25.88;Synchronized;;;756;08/06/2023;06:59:52;25.76;Synchronized;;;756;08/06/2023;06:59:56;25.77;Synchronized;;;
757;08/06/2023;06:56:48;25.87;Synchronized;;;757;08/06/2023;07:00:52;25.78;Synchronized;;;757;08/06/2023;07:00:56;25.77;Synchronized;;;
758;08/06/2023;06:57:48;25.83;Synchronized;;;758;08/06/2023;07:01:52;25.77;Synchronized;;;758;08/06/2023;07:01:56;25.79;Synchronized;;;
759;08/06/2023;06:58:48;25.82;Synchronized;;;759;08/06/2023;07:02:52;25.79;Synchronized;;;759;08/06/2023;07:02:56;25.78;Synchronized;;;
760;08/06/2023;06:59:48;25.81;Synchronized;;;760;08/06/2023;07:03:52;25.8;Synchronized;;;760;08/06/2023;07:03:56;25.79;Synchronized;;;
761;08/06/2023;07:00:48;25.84;Synchronized;;;761;08/06/2023;07:04:52;25.81;Synchronized;;;761;08/06/2023;07:04:56;25.79;Synchronized;;;
762;08/06/2023;07:01:48;25.84;Synchronized;;;762;08/06/2023;07:05:52;25.78;Synchronized;;;762;08/06/2023;07:05:56;25.79;Synchronized;;;
763;08/06/2023;07:02:48;25.83;Synchronized;;;763;08/06/2023;07:06:52;25.79;Synchronized;;;763;08/06/2023;07:06:56;25.78;Synchronized;;;
764;08/06/2023;07:03:48;25.86;Synchronized;;;764;08/06/2023;07:07:52;25.77;Synchronized;;;764;08/06/2023;07:07:56;25.77;Synchronized;;;
765;08/06/2023;07:04:48;25.85;Synchronized;;;765;08/06/2023;07:08:52;25.77;Synchronized;;;765;08/06/2023;07:08:56;25.77;Synchronized;;;
766;08/06/2023;07:05:48;25.84;Synchronized;;;766;08/06/2023;07:09:52;25.74;Synchronized;;;766;08/06/2023;07:09:56;25.74;Synchronized;;;
767;08/06/2023;07:06:48;25.84;Synchronized;;;767;08/06/2023;07:10:52;25.73;Synchronized;;;767;08/06/2023;07:10:56;25.74;Synchronized;;;
768;08/06/2023;07:07:47;25.84;Synchronized;;;768;08/06/2023;07:11:52;25.73;Synchronized;;;768;08/06/2023;07:11:55;25.75;Synchronized;;;
769;08/06/2023;07:08:47;25.82;Synchronized;;;769;08/06/2023;07:12:52;25.73;Synchronized;;;769;08/06/2023;07:12:55;25.75;Synchronized;;;
770;08/06/2023;07:09:47;25.79;Synchronized;;;770;08/06/2023;07:13:52;25.73;Synchronized;;;770;08/06/2023;07:13:55;25.75;Synchronized;;;
771;08/06/2023;07:10:47;25.8;Synchronized;;;771;08/06/2023;07:14:52;25.76;Synchronized;;;771;08/06/2023;07:14:55;25.77;Synchronized;;;
772;08/06/2023;07:11:47;25.8;Synchronized;;;772;08/06/2023;07:15:52;25.77;Synchronized;;;772;08/06/2023;07:15:55;25.77;Synchronized;;;
773;08/06/2023;07:12:47;25.81;Synchronized;;;773;08/06/2023;07:16:52;25.77;Synchronized;;;773;08/06/2023;07:16:55;25.77;Synchronized;;;
774;08/06/2023;07:13:47;25.81;Synchronized;;;774;08/06/2023;07:17:52;25.81;Synchronized;;;774;08/06/2023;07:17:55;25.79;Synchronized;;;
775;08/06/2023;07:14:47;25.83;Synchronized;;;775;08/06/2023;07:18:52;25.8;Synchronized;;;775;08/06/2023;07:18:55;25.78;Synchronized;;;
776;08/06/2023;07:15:47;25.85;Synchronized;;;776;08/06/2023;07:19:52;25.79;Synchronized;;;776;08/06/2023;07:19:55;25.79;Synchronized;;;
777;08/06/2023;07:16:47;25.86;Synchronized;;;777;08/06/2023;07:20:52;25.79;Synchronized;;;777;08/06/2023;07:20:55;25.79;Synchronized;;;
778;08/06/2023;07:17:47;25.86;Synchronized;;;778;08/06/2023;07:21:51;25.79;Synchronized;;;778;08/06/2023;07:21:55;25.8;Synchronized;;;
779;08/06/2023;07:18:47;25.86;Synchronized;;;779;08/06/2023;07:22:51;25.77;Synchronized;;;779;08/06/2023;07:22:55;25.79;Synchronized;;;
780;08/06/2023;07:19:47;25.84;Synchronized;;;780;08/06/2023;07:23:51;25.77;Synchronized;;;780;08/06/2023;07:23:54;25.75;Synchronized;;;
781;08/06/2023;07:20:47;25.84;Synchronized;;;781;08/06/2023;07:24:51;25.73;Synchronized;;;781;08/06/2023;07:24:54;25.75;Synchronized;;;
782;08/06/2023;07:21:47;25.85;Synchronized;;;782;08/06/2023;07:25:51;25.74;Synchronized;;;782;08/06/2023;07:25:54;25.74;Synchronized;;;
783;08/06/2023;07:22:47;25.86;Synchronized;;;783;08/06/2023;07:26:51;25.77;Synchronized;;;783;08/06/2023;07:26:54;25.73;Synchronized;;;
784;08/06/2023;07:23:47;25.83;Synchronized;;;784;08/06/2023;07:27:51;25.76;Synchronized;;;784;08/06/2023;07:27:54;25.76;Synchronized;;;
785;08/06/2023;07:24:47;25.83;Synchronized;;;785;08/06/2023;07:28:51;25.77;Synchronized;;;785;08/06/2023;07:28:54;25.77;Synchronized;;;
786;08/06/2023;07:25:47;25.81;Synchronized;;;786;08/06/2023;07:29:51;25.81;Synchronized;;;786;08/06/2023;07:29:54;25.77;Synchronized;;;
787;08/06/2023;07:26:46;25.84;Synchronized;;;787;08/06/2023;07:30:51;25.82;Synchronized;;;787;08/06/2023;07:30:54;25.78;Synchronized;;;
788;08/06/2023;07:27:46;25.84;Synchronized;;;788;08/06/2023;07:31:51;25.85;Synchronized;;;788;08/06/2023;07:31:54;25.78;Synchronized;;;
789;08/06/2023;07:28:46;25.84;Synchronized;;;789;08/06/2023;07:32:51;25.85;Synchronized;;;789;08/06/2023;07:32:54;25.8;Synchronized;;;
790;08/06/2023;07:29:46;25.84;Synchronized;;;790;08/06/2023;07:33:51;25.88;Synchronized;;;790;08/06/2023;07:33:54;25.84;Synchronized;;;
791;08/06/2023;07:30:46;25.88;Synchronized;;;791;08/06/2023;07:34:51;25.87;Synchronized;;;791;08/06/2023;07:34:54;25.84;Synchronized;;;
792;08/06/2023;07:31:46;25.9;Synchronized;;;792;08/06/2023;07:35:51;25.9;Synchronized;;;792;08/06/2023;07:35:54;25.85;Synchronized;;;
793;08/06/2023;07:32:46;25.91;Synchronized;;;793;08/06/2023;07:36:51;25.91;Synchronized;;;793;08/06/2023;07:36:53;25.88;Synchronized;;;
794;08/06/2023;07:33:46;25.94;Synchronized;;;794;08/06/2023;07:37:51;25.91;Synchronized;;;794;08/06/2023;07:37:53;25.88;Synchronized;;;
795;08/06/2023;07:34:46;25.93;Synchronized;;;795;08/06/2023;07:38:51;25.92;Synchronized;;;795;08/06/2023;07:38:53;25.88;Synchronized;;;
796;08/06/2023;07:35:46;25.97;Synchronized;;;796;08/06/2023;07:39:51;25.95;Synchronized;;;796;08/06/2023;07:39:53;25.89;Synchronized;;;
797;08/06/2023;07:36:46;25.95;Synchronized;;;797;08/06/2023;07:40:51;25.95;Synchronized;;;797;08/06/2023;07:40:53;25.91;Synchronized;;;
798;08/06/2023;07:37:46;25.96;Synchronized;;;798;08/06/2023;07:41:51;25.96;Synchronized;;;798;08/06/2023;07:41:53;25.88;Synchronized;;;
799;08/06/2023;07:38:46;25.98;Synchronized;;;799;08/06/2023;07:42:51;25.96;Synchronized;;;799;08/06/2023;07:42:53;25.91;Synchronized;;;
800;08/06/2023;07:39:46;26;Synchronized;;;800;08/06/2023;07:43:51;25.96;Synchronized;;;800;08/06/2023;07:43:53;25.9;Synchronized;;;
801;08/06/2023;07:40:46;26;Synchronized;;;801;08/06/2023;07:44:51;25.96;Synchronized;;;801;08/06/2023;07:44:53;25.9;Synchronized;;;
802;08/06/2023;07:41:46;26;Synchronized;;;802;08/06/2023;07:45:51;25.95;Synchronized;;;802;08/06/2023;07:45:53;25.9;Synchronized;;;
803;08/06/2023;07:42:46;26;Synchronized;;;803;08/06/2023;07:46:51;25.96;Synchronized;;;803;08/06/2023;07:46:53;25.9;Synchronized;;;
804;08/06/2023;07:43:46;26.01;Synchronized;;;804;08/06/2023;07:47:51;25.95;Synchronized;;;804;08/06/2023;07:47:53;25.9;Synchronized;;;
805;08/06/2023;07:44:46;26.01;Synchronized;;;805;08/06/2023;07:48:51;25.96;Synchronized;;;805;08/06/2023;07:48:52;25.91;Synchronized;;;
806;08/06/2023;07:45:45;26.02;Synchronized;;;806;08/06/2023;07:49:51;25.94;Synchronized;;;806;08/06/2023;07:49:52;25.91;Synchronized;;;
807;08/06/2023;07:46:45;26.01;Synchronized;;;807;08/06/2023;07:50:51;25.95;Synchronized;;;807;08/06/2023;07:50:52;25.9;Synchronized;;;
808;08/06/2023;07:47:45;26;Synchronized;;;808;08/06/2023;07:51:51;25.98;Synchronized;;;808;08/06/2023;07:51:52;25.95;Synchronized;;;
809;08/06/2023;07:48:45;25.98;Synchronized;;;809;08/06/2023;07:52:51;26;Synchronized;;;809;08/06/2023;07:52:52;25.95;Synchronized;;;
810;08/06/2023;07:49:45;25.98;Synchronized;;;810;08/06/2023;07:53:51;26.02;Synchronized;;;810;08/06/2023;07:53:52;25.97;Synchronized;;;
811;08/06/2023;07:50:45;25.98;Synchronized;;;811;08/06/2023;07:54:51;26.06;;;;811;08/06/2023;07:54:52;25.98;;;;
812;08/06/2023;07:51:45;26;Synchronized;;;812;08/06/2023;07:55:50;26.14;;;;812;08/06/2023;07:55:52;26.03;;;;
813;08/06/2023;07:52:45;26.04;Synchronized;;;813;08/06/2023;07:56:51;26.16;;;;813;08/06/2023;07:56:52;26.08;;;;
814;08/06/2023;07:53:45;26.05;Synchronized;;;814;08/06/2023;07:57:50;26.15;;;;814;08/06/2023;07:57:52;26.07;;;;
815;08/06/2023;07:54:45;26.09;;;;815;08/06/2023;07:58:50;26.17;;;;815;08/06/2023;07:58:52;26.09;;;;
816;08/06/2023;07:55:45;26.16;;;;816;08/06/2023;07:59:50;26.14;;;;816;08/06/2023;07:59:52;26.09;;;;
817;08/06/2023;07:56:45;26.13;;;;817;08/06/2023;08:00:50;26.17;;;;817;08/06/2023;08:00:52;26.07;;;;
818;08/06/2023;07:57:45;26.14;;;;818;08/06/2023;08:01:50;26.2;;;;818;08/06/2023;08:01:52;26.09;;;;
819;08/06/2023;07:58:45;26.16;;;;819;08/06/2023;08:02:50;26.16;;;;819;08/06/2023;08:02:52;26.11;;;;
820;08/06/2023;07:59:45;26.15;;;;820;08/06/2023;08:03:50;26.16;;;;820;08/06/2023;08:03:51;26.09;;;;
821;08/06/2023;08:00:45;26.14;;;;821;08/06/2023;08:04:50;26.16;;;;821;08/06/2023;08:04:51;26.09;;;;
822;08/06/2023;08:01:45;26.16;;;;822;08/06/2023;08:05:50;26.16;;;;822;08/06/2023;08:05:51;26.09;;;;
823;08/06/2023;08:02:45;26.15;Synchronized;;;823;08/06/2023;08:06:50;26.16;;;;823;08/06/2023;08:06:51;26.06;;;;
824;08/06/2023;08:03:45;26.15;;;;824;08/06/2023;08:07:50;26.16;;;;824;08/06/2023;08:07:51;26.06;;;;
825;08/06/2023;08:04:45;26.16;;;;825;08/06/2023;08:08:49;26.13;;;;825;08/06/2023;08:08:51;26.07;;;;
826;08/06/2023;08:05:45;26.17;;;;826;08/06/2023;08:09:49;26.11;;;;826;08/06/2023;08:09:51;26.04;;;;
827;08/06/2023;08:06:45;26.16;;;;827;08/06/2023;08:10:49;26.09;;;;827;08/06/2023;08:10:51;26.02;;;;
828;08/06/2023;08:07:45;26.16;;;;828;08/06/2023;08:11:49;26.09;;;;828;08/06/2023;08:11:51;26.02;;;;
829;08/06/2023;08:08:45;26.17;;;;829;08/06/2023;08:12:49;26.06;;;;829;08/06/2023;08:12:51;25.98;;;;
830;08/06/2023;08:09:45;26.16;;;;830;08/06/2023;08:13:49;26.02;;;;830;08/06/2023;08:13:51;25.98;;;;
831;08/06/2023;08:10:45;26.1;;;;831;08/06/2023;08:14:49;26.01;;;;831;08/06/2023;08:14:51;25.96;;;;
832;08/06/2023;08:11:45;26.09;;;;832;08/06/2023;08:15:49;26.02;;;;832;08/06/2023;08:15:51;25.98;;;;
833;08/06/2023;08:12:45;26.06;;;;833;08/06/2023;08:16:49;26.03;;;;833;08/06/2023;08:16:51;25.97;;;;
834;08/06/2023;08:13:45;26.05;;;;834;08/06/2023;08:17:48;26.01;;;;834;08/06/2023;08:17:50;25.95;;;;
835;08/06/2023;08:14:45;26.05;;;;835;08/06/2023;08:18:48;25.98;;;;835;08/06/2023;08:18:50;25.95;;;;
836;08/06/2023;08:15:45;26.05;;;;836;08/06/2023;08:19:48;25.97;;;;836;08/06/2023;08:19:50;25.93;;;;
837;08/06/2023;08:16:45;26.05;;;;837;08/06/2023;08:20:48;25.97;;;;837;08/06/2023;08:20:50;25.95;;;;
838;08/06/2023;08:17:45;26.05;;;;838;08/06/2023;08:21:48;25.98;;;;838;08/06/2023;08:21:50;25.96;;;;
839;08/06/2023;08:18:45;26.06;;;;839;08/06/2023;08:22:48;25.98;;;;839;08/06/2023;08:22:50;25.93;;;;
840;08/06/2023;08:19:45;26.05;;;;840;08/06/2023;08:23:48;25.98;;;;840;08/06/2023;08:23:50;25.93;;;;
841;08/06/2023;08:20:45;26.03;;;;841;08/06/2023;08:24:48;25.98;;;;841;08/06/2023;08:24:50;25.93;;;;
842;08/06/2023;08:21:45;26.02;;;;842;08/06/2023;08:25:48;25.98;;;;842;08/06/2023;08:25:50;25.95;;;;
843;08/06/2023;08:22:45;26.05;;;;843;08/06/2023;08:26:48;25.94;;;;843;08/06/2023;08:26:50;25.91;;;;
844;08/06/2023;08:23:45;26.03;;;;844;08/06/2023;08:27:48;25.91;;;;844;08/06/2023;08:27:50;25.89;;;;
845;08/06/2023;08:24:45;26.05;;;;845;08/06/2023;08:28:47;25.91;;;;845;08/06/2023;08:28:50;25.88;;;;
846;08/06/2023;08:25:45;26.04;;;;846;08/06/2023;08:29:47;25.9;;;;846;08/06/2023;08:29:50;25.88;;;;
847;08/06/2023;08:26:45;26.02;;;;847;08/06/2023;08:30:47;25.88;;;;847;08/06/2023;08:30:50;25.88;;;;
848;08/06/2023;08:27:45;26.01;;;;848;08/06/2023;08:31:47;25.91;;;;848;08/06/2023;08:31:50;25.88;;;;
849;08/06/2023;08:28:45;25.98;;;;849;08/06/2023;08:32:47;25.93;;;;849;08/06/2023;08:32:49;25.88;;;;
850;08/06/2023;08:29:45;26.01;;;;850;08/06/2023;08:33:47;25.95;;;;850;08/06/2023;08:33:49;25.89;;;;
851;08/06/2023;08:30:45;26.02;;;;851;08/06/2023;08:34:47;25.95;;;;851;08/06/2023;08:34:49;25.9;;;;
852;08/06/2023;08:31:45;26.01;;;;852;08/06/2023;08:35:47;25.98;;;;852;08/06/2023;08:35:49;25.9;;;;
853;08/06/2023;08:32:45;26.05;;;;853;08/06/2023;08:36:47;25.95;;;;853;08/06/2023;08:36:49;25.91;;;;
854;08/06/2023;08:33:45;26.03;;;;854;08/06/2023;08:37:47;25.93;;;;854;08/06/2023;08:37:49;25.89;;;;
855;08/06/2023;08:34:45;26.05;;;;855;08/06/2023;08:38:47;25.95;;;;855;08/06/2023;08:38:49;25.89;;;;
856;08/06/2023;08:35:45;26.05;;;;856;08/06/2023;08:39:47;25.96;;;;856;08/06/2023;08:39:49;25.89;;;;
857;08/06/2023;08:36:45;26.07;;;;857;08/06/2023;08:40:46;25.94;;;;857;08/06/2023;08:40:49;25.88;;;;
858;08/06/2023;08:37:45;26.05;;;;858;08/06/2023;08:41:46;25.95;;;;858;08/06/2023;08:41:49;25.9;;;;
859;08/06/2023;08:38:45;26.05;;;;859;08/06/2023;08:42:46;25.95;Synchronized;;;859;08/06/2023;08:42:49;25.89;;;;
860;08/06/2023;08:39:45;26.03;;;;860;08/06/2023;08:43:46;25.97;;;;860;08/06/2023;08:43:49;25.91;;;;
861;08/06/2023;08:40:45;26.05;;;;861;08/06/2023;08:44:46;25.99;;;;861;08/06/2023;08:44:49;25.92;;;;
862;08/06/2023;08:41:45;26.05;;;;862;08/06/2023;08:45:46;25.96;;;;862;08/06/2023;08:45:49;25.91;;;;
863;08/06/2023;08:42:45;26.03;;;;863;08/06/2023;08:46:46;25.95;;;;863;08/06/2023;08:46:49;25.91;;;;
864;08/06/2023;08:43:45;34.59;Synchronized;;;864;08/06/2023;08:47:46;25.98;;;;864;08/06/2023;08:47:49;25.93;;;;
865;08/06/2023;08:44:45;36.49;Synchronized;;;865;08/06/2023;08:48:46;25.98;;;;865;08/06/2023;08:48:49;25.92;;;;
866;08/06/2023;08:45:45;36.5;Synchronized;;;866;08/06/2023;08:49:46;25.98;;;;866;08/06/2023;08:49:48;25.92;;;;
867;08/06/2023;08:46:45;35.93;Synchronized;;;867;08/06/2023;08:50:45;25.98;;;;867;08/06/2023;08:50:48;25.92;;;;
868;08/06/2023;08:47:45;35.31;Synchronized;;;868;08/06/2023;08:51:45;25.97;;;;868;08/06/2023;08:51:48;25.93;Synchronized;;;
869;08/06/2023;08:48:44;34.82;Synchronized;;;869;08/06/2023;08:52:45;25.96;;;;869;08/06/2023;08:52:48;25.92;;;;
870;08/06/2023;08:49:44;34.96;Synchronized;;;870;08/06/2023;08:53:45;26;;;;870;08/06/2023;08:53:48;25.92;;;;
871;08/06/2023;08:50:44;35.21;Synchronized;;;871;08/06/2023;08:54:45;26.05;;;;871;08/06/2023;08:54:48;25.97;;;;
872;08/06/2023;08:51:44;35.43;Synchronized;;;872;08/06/2023;08:55:45;26.09;;;;872;08/06/2023;08:55:48;25.98;;;;
873;08/06/2023;08:52:44;35.58;Synchronized;;;873;08/06/2023;08:56:45;26.25;;;;873;08/06/2023;08:56:48;26.02;;;;
874;08/06/2023;08:53:44;35.75;Synchronized;;;874;08/06/2023;08:57:45;29.8;;;;874;08/06/2023;08:57:48;26.03;;;;
875;08/06/2023;08:54:44;35.91;Synchronized;;;875;08/06/2023;08:58:45;36.14;;;;875;08/06/2023;08:58:48;26.06;;;;
876;08/06/2023;08:55:44;36.04;Synchronized;;;876;08/06/2023;08:59:45;37.03;Synchronized;;;876;08/06/2023;08:59:48;26.06;;;;
877;08/06/2023;08:56:44;36.2;Synchronized;;;877;08/06/2023;09:00:45;37.2;;;;877;08/06/2023;09:00:48;26.06;;;;
878;08/06/2023;08:57:44;36.28;Synchronized;;;878;08/06/2023;09:01:45;37.24;;;;878;08/06/2023;09:01:48;26.08;;;;
879;08/06/2023;08:58:44;36.41;Synchronized;;;879;08/06/2023;09:02:45;37.23;Synchronized;;;879;08/06/2023;09:02:48;26.08;;;;
880;08/06/2023;08:59:43;36.54;Synchronized;;;880;08/06/2023;09:03:45;37.23;Synchronized;;;880;08/06/2023;09:03:48;26.1;Synchronized;;;
881;08/06/2023;09:00:43;36.65;Synchronized;;;881;08/06/2023;09:04:45;37.23;Synchronized;;;881;08/06/2023;09:04:47;26.11;;;;
882;08/06/2023;09:01:43;36.75;Synchronized;;;882;08/06/2023;09:05:45;37.24;Synchronized;;;882;08/06/2023;09:05:47;26.13;;;;
883;08/06/2023;09:02:43;36.84;Synchronized;;;883;08/06/2023;09:06:45;37.24;Synchronized;;;883;08/06/2023;09:06:47;26.12;;;;
884;08/06/2023;09:03:43;36.91;Synchronized;;;884;08/06/2023;09:07:45;37.23;Synchronized;;;884;08/06/2023;09:07:47;26.13;;;;
885;08/06/2023;09:04:43;36.99;Synchronized;;;885;08/06/2023;09:08:45;37.23;Synchronized;;;885;08/06/2023;09:08:47;26.1;;;;
886;08/06/2023;09:05:43;37.06;Synchronized;;;886;08/06/2023;09:09:44;37.26;Synchronized;;;886;08/06/2023;09:09:47;26.11;;;;
887;08/06/2023;09:06:43;37.09;Synchronized;;;887;08/06/2023;09:10:44;37.24;Synchronized;;;887;08/06/2023;09:10:47;26.15;;;;
888;08/06/2023;09:07:43;37.13;Synchronized;;;888;08/06/2023;09:11:44;37.26;Synchronized;;;888;08/06/2023;09:11:47;26.13;;;;
889;08/06/2023;09:08:43;37.18;Synchronized;;;889;08/06/2023;09:12:44;37.25;Synchronized;;;889;08/06/2023;09:12:47;26.13;;;;
890;08/06/2023;09:09:43;37.18;Synchronized;;;890;08/06/2023;09:13:44;37.27;Synchronized;;;890;08/06/2023;09:13:47;26.13;;;;
891;08/06/2023;09:10:43;37.23;Synchronized;;;891;08/06/2023;09:14:44;37.26;Synchronized;;;891;08/06/2023;09:14:47;26.14;;;;
892;08/06/2023;09:11:42;37.27;Synchronized;;;892;08/06/2023;09:15:44;37.25;Synchronized;;;892;08/06/2023;09:15:47;31.31;Synchronized;;;
893;08/06/2023;09:12:42;37.3;Synchronized;;;893;08/06/2023;09:16:44;37.26;;;;893;08/06/2023;09:16:47;35.62;Synchronized;;;
894;08/06/2023;09:13:42;37.33;Synchronized;;;894;08/06/2023;09:17:44;37.25;;;;894;08/06/2023;09:17:47;36.68;Synchronized;;;
895;08/06/2023;09:14:42;37.33;Synchronized;;;895;08/06/2023;09:18:44;37.26;;;;895;08/06/2023;09:18:47;36.91;Synchronized;;;
896;08/06/2023;09:15:42;37.38;Synchronized;;;896;08/06/2023;09:19:44;37.24;;;;896;08/06/2023;09:19:46;36.95;Synchronized;;;
897;08/06/2023;09:16:42;37.38;;;;897;08/06/2023;09:20:44;37.25;;;;897;08/06/2023;09:20:46;36.96;Synchronized;;;
898;08/06/2023;09:17:42;37.38;Synchronized;;;898;08/06/2023;09:21:43;37.23;;;;898;08/06/2023;09:21:46;36.95;Synchronized;;;
899;08/06/2023;09:18:42;37.39;Synchronized;;;899;08/06/2023;09:22:43;37.23;Synchronized;;;899;08/06/2023;09:22:46;36.92;Synchronized;;;
900;08/06/2023;09:19:42;37.41;Synchronized;;;900;08/06/2023;09:23:43;37.24;Synchronized;;;900;08/06/2023;09:23:46;36.91;Synchronized;;;
901;08/06/2023;09:20:42;37.42;Synchronized;;;901;08/06/2023;09:24:43;37.24;;;;901;08/06/2023;09:24:46;36.89;Synchronized;;;
902;08/06/2023;09:21:42;37.41;;;;902;08/06/2023;09:25:43;37.24;Synchronized;;;902;08/06/2023;09:25:46;36.88;Synchronized;;;
903;08/06/2023;09:22:41;35.47;;;;903;08/06/2023;09:26:43;37.25;Synchronized;;;903;08/06/2023;09:26:46;36.87;Synchronized;;;
904;08/06/2023;09:23:41;34.53;Synchronized;;;904;08/06/2023;09:27:43;37.23;Synchronized;;;904;08/06/2023;09:27:45;36.84;Synchronized;;;
905;08/06/2023;09:24:41;34.56;;;;905;08/06/2023;09:28:43;37.21;Synchronized;;;905;08/06/2023;09:28:45;36.85;Synchronized;;;
906;08/06/2023;09:25:41;32.83;;;;906;08/06/2023;09:29:43;37.18;Synchronized;;;906;08/06/2023;09:29:45;36.83;Synchronized;;;
907;08/06/2023;09:26:41;25.23;Synchronized;;;907;08/06/2023;09:30:43;37.21;Synchronized;;;907;08/06/2023;09:30:45;36.82;;;;
908;08/06/2023;09:27:41;24.47;;;;908;08/06/2023;09:31:43;37.18;;;;908;08/06/2023;09:31:45;36.82;;;;
909;08/06/2023;09:28:41;24.24;Synchronized;;;909;08/06/2023;09:32:43;37.18;;;;909;08/06/2023;09:32:45;36.82;;;;
910;08/06/2023;09:29:41;24.98;;;;910;08/06/2023;09:33:43;37.19;Synchronized;;;910;08/06/2023;09:33:45;36.8;;;;
911;08/06/2023;09:30:41;26.37;Synchronized;;;911;08/06/2023;09:34:43;37.17;Synchronized;;;911;08/06/2023;09:34:45;36.8;;;;
912;08/06/2023;09:31:41;27.3;Synchronized;;;912;08/06/2023;09:35:43;37.16;Synchronized;;;912;08/06/2023;09:35:45;36.8;;;;
913;08/06/2023;09:32:41;28.67;Synchronized;;;913;08/06/2023;09:36:43;37.16;Synchronized;;;913;08/06/2023;09:36:45;36.82;;;;
914;08/06/2023;09:33:41;29.7;Synchronized;;;914;08/06/2023;09:37:43;37.16;Synchronized;;;914;08/06/2023;09:37:45;36.8;;;;
915;08/06/2023;09:34:41;30.41;Synchronized;;;915;08/06/2023;09:38:43;37.15;Synchronized;;;915;08/06/2023;09:38:45;36.82;;;;
916;08/06/2023;09:35:40;31.07;Synchronized;;;916;08/06/2023;09:39:43;37.11;Synchronized;;;916;08/06/2023;09:39:45;36.8;;;;
917;08/06/2023;09:36:40;32.05;Synchronized;;;917;08/06/2023;09:40:42;37.12;Synchronized;;;917;08/06/2023;09:40:45;36.81;;;;
918;08/06/2023;09:37:40;31.82;Synchronized;;;918;08/06/2023;09:41:42;37.12;Synchronized;;;918;08/06/2023;09:41:45;36.82;;;;
919;08/06/2023;09:38:40;30.63;Synchronized;;;919;08/06/2023;09:42:42;37.12;Synchronized;;;919;08/06/2023;09:42:44;36.8;;;;
920;08/06/2023;09:39:40;31.59;Synchronized;;;920;08/06/2023;09:43:42;37.11;Synchronized;;;920;08/06/2023;09:43:44;36.8;;;;
921;08/06/2023;09:40:40;32.43;Synchronized;;;921;08/06/2023;09:44:42;37.1;Synchronized;;;921;08/06/2023;09:44:44;36.81;;;;
922;08/06/2023;09:41:40;32.89;Synchronized;;;922;08/06/2023;09:45:42;37.09;Synchronized;;;922;08/06/2023;09:45:44;36.82;;;;
923;08/06/2023;09:42:40;33.03;Synchronized;;;923;08/06/2023;09:46:42;37.1;Synchronized;;;923;08/06/2023;09:46:44;36.81;;;;
924;08/06/2023;09:43:40;33.26;Synchronized;;;924;08/06/2023;09:47:42;37.08;;;;924;08/06/2023;09:47:44;36.81;;;;
925;08/06/2023;09:44:40;33.59;Synchronized;;;925;08/06/2023;09:48:42;37.09;Synchronized;;;925;08/06/2023;09:48:44;36.78;;;;
926;08/06/2023;09:45:40;34.25;Synchronized;;;926;08/06/2023;09:49:42;37.04;Synchronized;;;926;08/06/2023;09:49:44;36.79;;;;
927;08/06/2023;09:46:40;34.64;Synchronized;;;927;08/06/2023;09:50:42;37.05;Synchronized;;;927;08/06/2023;09:50:44;36.78;;;;
928;08/06/2023;09:47:39;34.86;Synchronized;;;928;08/06/2023;09:51:42;37.04;;;;928;08/06/2023;09:51:44;36.78;;;;
929;08/06/2023;09:48:39;35.2;Synchronized;;;929;08/06/2023;09:52:42;37.04;Synchronized;;;929;08/06/2023;09:52:44;36.78;;;;
930;08/06/2023;09:49:39;35.49;Synchronized;;;930;08/06/2023;09:53:42;37.03;;;;930;08/06/2023;09:53:44;35.73;;;;
931;08/06/2023;09:50:39;35.77;Synchronized;;;931;08/06/2023;09:54:42;37.03;;;;931;08/06/2023;09:54:44;35.84;;;;
932;08/06/2023;09:51:39;36.02;Synchronized;;;932;08/06/2023;09:55:42;37.02;Synchronized;;;932;08/06/2023;09:55:44;36;;;;
933;08/06/2023;09:52:39;36.15;;;;933;08/06/2023;09:56:42;37;Synchronized;;;933;08/06/2023;09:56:44;36.1;;;;
934;08/06/2023;09:53:39;36.34;Synchronized;;;934;08/06/2023;09:57:42;37.02;Synchronized;;;934;08/06/2023;09:57:44;36.2;;;;
935;08/06/2023;09:54:39;36.49;Synchronized;;;935;08/06/2023;09:58:42;37.01;Synchronized;;;935;08/06/2023;09:58:44;36.24;;;;
936;08/06/2023;09:55:39;36.69;Synchronized;;;936;08/06/2023;09:59:42;37.01;Synchronized;;;936;08/06/2023;09:59:44;36.3;;;;
937;08/06/2023;09:56:38;36.78;Synchronized;;;937;08/06/2023;10:00:42;37.01;;;;937;08/06/2023;10:00:44;36.32;;;;
938;08/06/2023;09:57:38;36.87;Synchronized;;;938;08/06/2023;10:01:42;37.02;Synchronized;;;938;08/06/2023;10:01:43;36.35;;;;
939;08/06/2023;09:58:38;36.99;Synchronized;;;939;08/06/2023;10:02:42;37.02;Synchronized;;;939;08/06/2023;10:02:43;36.37;;;;
940;08/06/2023;09:59:38;37.06;Synchronized;;;940;08/06/2023;10:03:41;37.01;Synchronized;;;940;08/06/2023;10:03:43;36.37;;;;
941;08/06/2023;10:00:38;37.06;Synchronized;;;941;08/06/2023;10:04:41;37.02;;;;941;08/06/2023;10:04:43;36.4;;;;
942;08/06/2023;10:01:38;37.12;Synchronized;;;942;08/06/2023;10:05:41;37.03;;;;942;08/06/2023;10:05:43;36.37;;;;
943;08/06/2023;10:02:38;37.14;Synchronized;;;943;08/06/2023;10:06:41;37.03;Synchronized;;;943;08/06/2023;10:06:43;36.42;;;;
944;08/06/2023;10:03:38;37.12;Synchronized;;;944;08/06/2023;10:07:41;37.04;Synchronized;;;944;08/06/2023;10:07:43;36.43;;;;
945;08/06/2023;10:04:37;37.16;Synchronized;;;945;08/06/2023;10:08:41;37.05;Synchronized;;;945;08/06/2023;10:08:43;36.42;;;;
946;08/06/2023;10:05:37;37.27;Synchronized;;;946;08/06/2023;10:09:41;37.05;Synchronized;;;946;08/06/2023;10:09:43;36.45;;;;
947;08/06/2023;10:06:37;37.3;Synchronized;;;947;08/06/2023;10:10:41;37.06;Synchronized;;;947;08/06/2023;10:10:43;36.41;;;;
948;08/06/2023;10:07:37;37.29;;;;948;08/06/2023;10:11:41;37.08;Synchronized;;;948;08/06/2023;10:11:43;36.43;;;;
949;08/06/2023;10:08:37;37.32;;;;949;08/06/2023;10:12:41;37.06;Synchronized;;;949;08/06/2023;10:12:43;36.43;;;;
950;08/06/2023;10:09:37;37.31;;;;950;08/06/2023;10:13:41;37.09;Synchronized;;;950;08/06/2023;10:13:43;36.42;;;;
951;08/06/2023;10:10:37;37.35;;;;951;08/06/2023;10:14:41;37.09;Synchronized;;;951;08/06/2023;10:14:43;36.44;;;;
952;08/06/2023;10:11:37;37.41;Synchronized;;;952;08/06/2023;10:15:41;37.09;Synchronized;;;952;08/06/2023;10:15:43;36.45;;;;
953;08/06/2023;10:12:37;37.35;;;;953;08/06/2023;10:16:41;37.09;Synchronized;;;953;08/06/2023;10:16:43;36.46;;;;
954;08/06/2023;10:13:37;37.34;;;;954;08/06/2023;10:17:41;37.11;Synchronized;;;954;08/06/2023;10:17:43;36.44;;;;
955;08/06/2023;10:14:37;37.38;Synchronized;;;955;08/06/2023;10:18:41;37.08;;;;955;08/06/2023;10:18:42;36.43;;;;
956;08/06/2023;10:15:36;37.44;Synchronized;;;956;08/06/2023;10:19:41;37.1;Synchronized;;;956;08/06/2023;10:19:42;36.45;;;;
957;08/06/2023;10:16:36;37.43;;;;957;08/06/2023;10:20:41;37.1;Synchronized;;;957;08/06/2023;10:20:42;36.45;;;;
958;08/06/2023;10:17:36;37.46;;;;958;08/06/2023;10:21:41;37.13;Synchronized;;;958;08/06/2023;10:21:42;36.45;;;;
959;08/06/2023;10:18:36;37.48;Synchronized;;;959;08/06/2023;10:22:41;37.13;Synchronized;;;959;08/06/2023;10:22:42;36.43;;;;
960;08/06/2023;10:19:36;37.49;Synchronized;;;960;08/06/2023;10:23:41;37.12;Synchronized;;;960;08/06/2023;10:23:42;36.45;;;;
961;08/06/2023;10:20:36;37.49;;;;961;08/06/2023;10:24:41;37.1;Synchronized;;;961;08/06/2023;10:24:42;36.44;;;;
962;08/06/2023;10:21:36;37.52;Synchronized;;;962;08/06/2023;10:25:40;37.1;Synchronized;;;962;08/06/2023;10:25:42;36.46;;;;
963;08/06/2023;10:22:36;37.51;;;;963;08/06/2023;10:26:40;37.1;Synchronized;;;963;08/06/2023;10:26:42;36.45;;;;
964;08/06/2023;10:23:36;37.53;Synchronized;;;964;08/06/2023;10:27:40;37.13;Synchronized;;;964;08/06/2023;10:27:42;36.45;;;;
965;08/06/2023;10:24:36;37.55;;;;965;08/06/2023;10:28:40;37.11;Synchronized;;;965;08/06/2023;10:28:42;36.45;;;;
966;08/06/2023;10:25:36;37.55;;;;966;08/06/2023;10:29:40;37.11;Synchronized;;;966;08/06/2023;10:29:42;36.45;;;;
967;08/06/2023;10:26:36;37.56;;;;967;08/06/2023;10:30:40;37.12;Synchronized;;;967;08/06/2023;10:30:42;36.47;;;;
968;08/06/2023;10:27:36;37.58;Synchronized;;;968;08/06/2023;10:31:40;37.12;Synchronized;;;968;08/06/2023;10:31:42;36.45;;;;
969;08/06/2023;10:28:35;37.61;Synchronized;;;969;08/06/2023;10:32:40;37.1;Synchronized;;;969;08/06/2023;10:32:42;36.47;;;;
970;08/06/2023;10:29:35;37.61;;;;970;08/06/2023;10:33:40;37.11;Synchronized;;;970;08/06/2023;10:33:42;36.47;;;;
971;08/06/2023;10:30:35;37.62;Synchronized;;;971;08/06/2023;10:34:40;37.1;Synchronized;;;971;08/06/2023;10:34:41;36.48;;;;
972;08/06/2023;10:31:35;37.6;Synchronized;;;972;08/06/2023;10:35:40;37.09;Synchronized;;;972;08/06/2023;10:35:41;36.47;;;;
973;08/06/2023;10:32:35;37.6;;;;973;08/06/2023;10:36:40;37.09;Synchronized;;;973;08/06/2023;10:36:41;36.49;;;;
974;08/06/2023;10:33:35;37.63;Synchronized;;;974;08/06/2023;10:37:40;37.12;Synchronized;;;974;08/06/2023;10:37:41;36.51;;;;
975;08/06/2023;10:34:35;37.59;;;;975;08/06/2023;10:38:39;37.11;Synchronized;;;975;08/06/2023;10:38:41;36.52;;;;
976;08/06/2023;10:35:35;37.62;;;;976;08/06/2023;10:39:39;37.11;Synchronized;;;976;08/06/2023;10:39:41;36.53;;;;
977;08/06/2023;10:36:35;37.6;Synchronized;;;977;08/06/2023;10:40:39;37.1;Synchronized;;;977;08/06/2023;10:40:41;36.54;;;;
978;08/06/2023;10:37:34;37.6;Synchronized;;;978;08/06/2023;10:41:39;37.09;Synchronized;;;978;08/06/2023;10:41:41;36.55;;;;
979;08/06/2023;10:38:34;37.59;;;;979;08/06/2023;10:42:39;37.1;Synchronized;;;979;08/06/2023;10:42:41;36.58;;;;
980;08/06/2023;10:39:34;37.61;Synchronized;;;980;08/06/2023;10:43:39;37.1;Synchronized;;;980;08/06/2023;10:43:41;36.58;;;;
981;08/06/2023;10:40:34;37.61;Synchronized;;;981;08/06/2023;10:44:39;37.09;;;;981;08/06/2023;10:44:41;36.59;Synchronized;;;
982;08/06/2023;10:41:34;37.59;;;;982;08/06/2023;10:45:39;37.1;Synchronized;;;982;08/06/2023;10:45:41;36.58;;;;
983;08/06/2023;10:42:34;37.61;Synchronized;;;983;08/06/2023;10:46:39;37.09;Synchronized;;;983;08/06/2023;10:46:41;36.59;;;;
984;08/06/2023;10:43:34;37.63;;;;984;08/06/2023;10:47:39;37.11;Synchronized;;;984;08/06/2023;10:47:41;36.6;;;;
985;08/06/2023;10:44:34;37.61;;;;985;08/06/2023;10:48:39;37.12;Synchronized;;;985;08/06/2023;10:48:40;36.6;;;;
986;08/06/2023;10:45:34;37.61;;;;986;08/06/2023;10:49:39;37.1;Synchronized;;;986;08/06/2023;10:49:40;36.63;;;;
987;08/06/2023;10:46:34;37.6;Synchronized;;;987;08/06/2023;10:50:39;37.1;Synchronized;;;987;08/06/2023;10:50:40;36.63;;;;
988;08/06/2023;10:47:34;37.61;Synchronized;;;988;08/06/2023;10:51:39;37.12;Synchronized;;;988;08/06/2023;10:51:40;36.65;;;;
989;08/06/2023;10:48:34;37.59;Synchronized;;;989;08/06/2023;10:52:39;37.13;Synchronized;;;989;08/06/2023;10:52:40;36.65;;;;
990;08/06/2023;10:49:34;37.61;Synchronized;;;990;08/06/2023;10:53:39;37.13;Synchronized;;;990;08/06/2023;10:53:40;36.66;;;;
991;08/06/2023;10:50:34;37.65;Synchronized;;;991;08/06/2023;10:54:39;37.12;Synchronized;;;991;08/06/2023;10:54:40;36.67;;;;
992;08/06/2023;10:51:34;37.63;Synchronized;;;992;08/06/2023;10:55:39;37.13;Synchronized;;;992;08/06/2023;10:55:40;36.69;;;;
993;08/06/2023;10:52:33;37.62;Synchronized;;;993;08/06/2023;10:56:39;37.11;;;;993;08/06/2023;10:56:40;36.68;;;;
994;08/06/2023;10:53:33;37.59;Synchronized;;;994;08/06/2023;10:57:39;37.11;Synchronized;;;994;08/06/2023;10:57:40;36.7;;;;
995;08/06/2023;10:54:33;37.49;Synchronized;;;995;08/06/2023;10:58:39;37.13;Synchronized;;;995;08/06/2023;10:58:40;36.7;;;;
996;08/06/2023;10:55:33;37.41;Synchronized;;;996;08/06/2023;10:59:39;37.1;Synchronized;;;996;08/06/2023;10:59:40;36.7;;;;
997;08/06/2023;10:56:33;37.41;Synchronized;;;997;08/06/2023;11:00:39;37.11;Synchronized;;;997;08/06/2023;11:00:40;36.71;;;;
998;08/06/2023;10:57:33;37.38;Synchronized;;;998;08/06/2023;11:01:39;37.06;Synchronized;;;998;08/06/2023;11:01:40;36.72;;;;
999;08/06/2023;10:58:33;37.36;Synchronized;;;999;08/06/2023;11:02:39;37.08;Synchronized;;;999;08/06/2023;11:02:39;36.72;;;;
1000;08/06/2023;10:59:33;37.13;Synchronized;;;1000;08/06/2023;11:03:38;37.06;Synchronized;;;1000;08/06/2023;11:03:39;36.73;;;;
1001;08/06/2023;11:00:33;37.14;Synchronized;;;1001;08/06/2023;11:04:38;37.02;Synchronized;;;1001;08/06/2023;11:04:39;36.73;;;;
1002;08/06/2023;11:01:33;37.16;Synchronized;;;1002;08/06/2023;11:05:38;37.02;Synchronized;;;1002;08/06/2023;11:05:39;36.73;;;;
1003;08/06/2023;11:02:33;37.2;Synchronized;;;1003;08/06/2023;11:06:38;36.96;Synchronized;;;1003;08/06/2023;11:06:39;36.72;;;;
1004;08/06/2023;11:03:33;37.16;Synchronized;;;1004;08/06/2023;11:07:38;37;Synchronized;;;1004;08/06/2023;11:07:39;36.77;;;;
1005;08/06/2023;11:04:32;37.15;Synchronized;;;1005;08/06/2023;11:08:38;36.98;;;;1005;08/06/2023;11:08:39;36.76;;;;
1006;08/06/2023;11:05:32;37.2;Synchronized;;;1006;08/06/2023;11:09:38;36.98;Synchronized;;;1006;08/06/2023;11:09:39;36.77;;;;
1007;08/06/2023;11:06:32;37.26;Synchronized;;;1007;08/06/2023;11:10:38;36.99;Synchronized;;;1007;08/06/2023;11:10:39;36.77;;;;
1008;08/06/2023;11:07:32;37.23;Synchronized;;;1008;08/06/2023;11:11:38;36.69;Synchronized;;;1008;08/06/2023;11:11:39;36.78;;;;
1009;08/06/2023;11:08:32;37.25;Synchronized;;;1009;08/06/2023;11:12:38;35.83;Synchronized;;;1009;08/06/2023;11:12:39;34.3;;;;
1010;08/06/2023;11:09:32;37.28;Synchronized;;;1010;08/06/2023;11:13:38;35.34;;;;1010;08/06/2023;11:13:39;34.09;;;;
1011;08/06/2023;11:10:32;37.29;Synchronized;;;1011;08/06/2023;11:14:38;35.44;Synchronized;;;1011;08/06/2023;11:14:39;34.35;;;;
1012;08/06/2023;11:11:32;37.27;Synchronized;;;1012;08/06/2023;11:15:38;35.66;Synchronized;;;1012;08/06/2023;11:15:39;34.65;;;;
1013;08/06/2023;11:12:32;37.26;Synchronized;;;1013;08/06/2023;11:16:38;35.81;Synchronized;;;1013;08/06/2023;11:16:38;34.86;;;;
1014;08/06/2023;11:13:32;37.28;Synchronized;;;1014;08/06/2023;11:17:38;35.92;Synchronized;;;1014;08/06/2023;11:17:38;35.1;;;;
1015;08/06/2023;11:14:32;37.3;Synchronized;;;1015;08/06/2023;11:18:38;36.05;;;;1015;08/06/2023;11:18:38;35.34;;;;
1016;08/06/2023;11:15:32;37.32;Synchronized;;;1016;08/06/2023;11:19:38;36.17;Synchronized;;;1016;08/06/2023;11:19:38;35.52;Synchronized;;;
1017;08/06/2023;11:16:31;37.35;Synchronized;;;1017;08/06/2023;11:20:38;36.3;Synchronized;;;1017;08/06/2023;11:20:38;35.71;Synchronized;;;
1018;08/06/2023;11:17:31;37.39;Synchronized;;;1018;08/06/2023;11:21:38;36.45;;;;1018;08/06/2023;11:21:38;35.87;;;;
1019;08/06/2023;11:18:31;37.44;Synchronized;;;1019;08/06/2023;11:22:38;36.54;Synchronized;;;1019;08/06/2023;11:22:38;35.96;;;;
1020;08/06/2023;11:19:31;37.44;Synchronized;;;1020;08/06/2023;11:23:38;36.66;;;;1020;08/06/2023;11:23:38;36.1;;;;
1021;08/06/2023;11:20:31;37.42;Synchronized;;;1021;08/06/2023;11:24:38;36.74;;;;1021;08/06/2023;11:24:38;36.19;;;;
1022;08/06/2023;11:21:31;37.48;;;;1022;08/06/2023;11:25:38;36.78;Synchronized;;;1022;08/06/2023;11:25:38;36.3;;;;
1023;08/06/2023;11:22:30;37.45;;;;1023;08/06/2023;11:26:38;36.85;Synchronized;;;1023;08/06/2023;11:26:38;36.37;;;;
1024;08/06/2023;11:23:30;37.46;Synchronized;;;1024;08/06/2023;11:27:38;36.91;Synchronized;;;1024;08/06/2023;11:27:38;36.45;;;;
1025;08/06/2023;11:24:30;37.48;Synchronized;;;1025;08/06/2023;11:28:38;36.99;Synchronized;;;1025;08/06/2023;11:28:38;36.51;;;;
1026;08/06/2023;11:25:30;37.48;Synchronized;;;1026;08/06/2023;11:29:38;37.04;Synchronized;;;1026;08/06/2023;11:29:38;36.54;;;;
1027;08/06/2023;11:26:30;37.52;Synchronized;;;1027;08/06/2023;11:30:38;37.09;Synchronized;;;1027;08/06/2023;11:30:38;36.59;;;;
1028;08/06/2023;11:27:30;37.52;;;;1028;08/06/2023;11:31:38;37.09;Synchronized;;;1028;08/06/2023;11:31:38;36.63;;;;
1029;08/06/2023;11:28:30;37.55;;;;1029;08/06/2023;11:32:38;37.12;Synchronized;;;1029;08/06/2023;11:32:38;36.65;;;;
1030;08/06/2023;11:29:30;37.55;;;;1030;08/06/2023;11:33:38;37.13;Synchronized;;;1030;08/06/2023;11:33:38;36.69;;;;
1031;08/06/2023;11:30:30;37.58;Synchronized;;;1031;08/06/2023;11:34:38;35.49;Synchronized;;;1031;08/06/2023;11:34:38;36.7;Synchronized;;;
1032;08/06/2023;11:31:30;37.59;;;;1032;08/06/2023;11:35:38;35.79;;;;1032;08/06/2023;11:35:37;36.73;;;;
1033;08/06/2023;11:32:29;37.62;;;;1033;08/06/2023;11:36:38;36.02;Synchronized;;;1033;08/06/2023;11:36:37;32.98;;;;
1034;08/06/2023;11:33:29;37.63;;;;1034;08/06/2023;11:37:38;36.13;Synchronized;;;1034;08/06/2023;11:37:37;32.77;;;;
1035;08/06/2023;11:34:29;37.63;;;;1035;08/06/2023;11:38:38;36.43;Synchronized;;;1035;08/06/2023;11:38:37;33.41;;;;
1036;08/06/2023;11:35:29;37.61;Synchronized;;;1036;08/06/2023;11:39:38;36.67;Synchronized;;;1036;08/06/2023;11:39:37;33.97;;;;
1037;08/06/2023;11:36:29;37.65;;;;1037;08/06/2023;11:40:38;36.79;Synchronized;;;1037;08/06/2023;11:40:37;34.41;;;;
1038;08/06/2023;11:37:29;37.67;;;;1038;08/06/2023;11:41:38;36.76;Synchronized;;;1038;08/06/2023;11:41:37;34.73;;;;
1039;08/06/2023;11:38:29;37.69;;;;1039;08/06/2023;11:42:37;36.82;Synchronized;;;1039;08/06/2023;11:42:37;35.04;;;;
1040;08/06/2023;11:39:29;37.66;Synchronized;;;1040;08/06/2023;11:43:37;36.82;Synchronized;;;1040;08/06/2023;11:43:37;35.31;;;;
1041;08/06/2023;11:40:29;37.69;;;;1041;08/06/2023;11:44:37;36.91;Synchronized;;;1041;08/06/2023;11:44:37;35.51;Synchronized;;;
1042;08/06/2023;11:41:29;37.68;Synchronized;;;1042;08/06/2023;11:45:37;36.94;Synchronized;;;1042;08/06/2023;11:45:37;35.72;;;;
1043;08/06/2023;11:42:28;37.67;;;;1043;08/06/2023;11:46:37;36.96;Synchronized;;;1043;08/06/2023;11:46:37;35.88;;;;
1044;08/06/2023;11:43:28;37.66;;;;1044;08/06/2023;11:47:37;37.02;Synchronized;;;1044;08/06/2023;11:47:37;36.02;;;;
1045;08/06/2023;11:44:28;37.68;;;;1045;08/06/2023;11:48:37;37.03;;;;1045;08/06/2023;11:48:37;36.15;;;;
1046;08/06/2023;11:45:28;37.68;;;;1046;08/06/2023;11:49:37;37.05;Synchronized;;;1046;08/06/2023;11:49:37;36.23;;;;
1047;08/06/2023;11:46:28;37.68;;;;1047;08/06/2023;11:50:37;37.08;;;;1047;08/06/2023;11:50:36;36.34;;;;
1048;08/06/2023;11:47:28;37.67;;;;1048;08/06/2023;11:51:37;37.1;;;;1048;08/06/2023;11:51:36;36.43;;;;
1049;08/06/2023;11:48:28;37.7;;;;1049;08/06/2023;11:52:37;37.12;;;;1049;08/06/2023;11:52:36;36.48;;;;
1050;08/06/2023;11:49:28;37.7;Synchronized;;;1050;08/06/2023;11:53:37;37.13;Synchronized;;;1050;08/06/2023;11:53:36;35.07;;;;
1051;08/06/2023;11:50:27;37.67;;;;1051;08/06/2023;11:54:37;37.13;;;;1051;08/06/2023;11:54:36;34.45;Synchronized;;;
1052;08/06/2023;11:51:27;37.68;;;;1052;08/06/2023;11:55:37;37.12;Synchronized;;;1052;08/06/2023;11:55:36;34.68;;;;
1053;08/06/2023;11:52:27;37.69;;;;1053;08/06/2023;11:56:37;37.13;Synchronized;;;1053;08/06/2023;11:56:36;34.97;;;;
1054;08/06/2023;11:53:27;37.69;;;;1054;08/06/2023;11:57:36;37.13;Synchronized;;;1054;08/06/2023;11:57:36;35.12;;;;
1055;08/06/2023;11:54:27;37.69;;;;1055;08/06/2023;11:58:36;37.14;Synchronized;;;1055;08/06/2023;11:58:36;35.28;Synchronized;;;
1056;08/06/2023;11:55:27;37.69;;;;1056;08/06/2023;11:59:36;37.16;Synchronized;;;1056;08/06/2023;11:59:36;35.46;Synchronized;;;
1057;08/06/2023;11:56:27;37.68;;;;1057;08/06/2023;12:00:36;37.15;;;;1057;08/06/2023;12:00:36;35.63;;;;
1058;08/06/2023;11:57:27;37.71;;;;1058;08/06/2023;12:01:36;37.16;Synchronized;;;1058;08/06/2023;12:01:36;35.84;;;;
1059;08/06/2023;11:58:27;37.67;Synchronized;;;1059;08/06/2023;12:02:36;37.16;Synchronized;;;1059;08/06/2023;12:02:36;36.02;;;;
1060;08/06/2023;11:59:26;37.73;;;;1060;08/06/2023;12:03:36;37.15;Synchronized;;;1060;08/06/2023;12:03:36;36.15;;;;
1061;08/06/2023;12:00:26;37.73;Synchronized;;;1061;08/06/2023;12:04:36;37.25;;;;1061;08/06/2023;12:04:36;36.27;;;;
1062;08/06/2023;12:01:26;37.73;;;;1062;08/06/2023;12:05:36;37.4;;;;1062;08/06/2023;12:05:36;36.34;;;;
1063;08/06/2023;12:02:26;37.75;Synchronized;;;1063;08/06/2023;12:06:36;37.4;Synchronized;;;1063;08/06/2023;12:06:36;36.42;;;;
1064;08/06/2023;12:03:26;37.73;;;;1064;08/06/2023;12:07:36;37.39;;;;1064;08/06/2023;12:07:36;36.51;;;;
1065;08/06/2023;12:04:26;37.75;;;;1065;08/06/2023;12:08:36;37.42;Synchronized;;;1065;08/06/2023;12:08:36;36.55;;;;
1066;08/06/2023;12:05:26;37.73;;;;1066;08/06/2023;12:09:36;37.41;Synchronized;;;1066;08/06/2023;12:09:36;36.61;;;;
1067;08/06/2023;12:06:25;37.74;;;;1067;08/06/2023;12:10:35;37.44;Synchronized;;;1067;08/06/2023;12:10:36;36.63;;;;
1068;08/06/2023;12:07:25;37.73;;;;1068;08/06/2023;12:11:35;37.42;;;;1068;08/06/2023;12:11:36;36.68;;;;
1069;08/06/2023;12:08:25;37.75;;;;1069;08/06/2023;12:12:35;37.34;;;;1069;08/06/2023;12:12:35;36.71;;;;
1070;08/06/2023;12:09:25;37.78;;;;1070;08/06/2023;12:13:35;37.37;;;;1070;08/06/2023;12:13:35;36.75;;;;
1071;08/06/2023;12:10:25;37.8;;;;1071;08/06/2023;12:14:35;37.34;;;;1071;08/06/2023;12:14:35;36.75;Synchronized;;;
1072;08/06/2023;12:11:25;37.79;;;;1072;08/06/2023;12:15:35;37.38;;;;1072;08/06/2023;12:15:35;36.8;;;;
1073;08/06/2023;12:12:25;37.8;;;;1073;08/06/2023;12:16:35;37.39;;;;1073;08/06/2023;12:16:35;36.81;;;;
1074;08/06/2023;12:13:25;37.8;Synchronized;;;1074;08/06/2023;12:17:35;37.41;;;;1074;08/06/2023;12:17:35;36.82;Synchronized;;;
1075;08/06/2023;12:14:24;37.8;;;;1075;08/06/2023;12:18:35;37.39;;;;1075;08/06/2023;12:18:35;36.85;Synchronized;;;
1076;08/06/2023;12:15:24;37.8;Synchronized;;;1076;08/06/2023;12:19:35;37.49;;;;1076;08/06/2023;12:19:35;36.87;;;;
1077;08/06/2023;12:16:24;37.77;;;;1077;08/06/2023;12:20:35;37.5;;;;1077;08/06/2023;12:20:35;36.89;;;;
1078;08/06/2023;12:17:24;37.8;;;;1078;08/06/2023;12:21:35;37.5;Synchronized;;;1078;08/06/2023;12:21:35;36.92;Synchronized;;;
1079;08/06/2023;12:18:24;37.8;;;;1079;08/06/2023;12:22:34;37.5;;;;1079;08/06/2023;12:22:35;36.91;;;;
1080;08/06/2023;12:19:24;37.84;;;;1080;08/06/2023;12:23:34;37.52;;;;1080;08/06/2023;12:23:35;36.91;Synchronized;;;
1081;08/06/2023;12:20:24;37.83;Synchronized;;;1081;08/06/2023;12:24:34;37.45;Synchronized;;;1081;08/06/2023;12:24:35;36.94;;;;
1082;08/06/2023;12:21:24;37.87;;;;1082;08/06/2023;12:25:34;37.4;;;;1082;08/06/2023;12:25:35;36.95;Synchronized;;;
1083;08/06/2023;12:22:23;37.88;;;;1083;08/06/2023;12:26:34;37.49;;;;1083;08/06/2023;12:26:35;36.93;Synchronized;;;
1084;08/06/2023;12:23:23;37.87;;;;1084;08/06/2023;12:27:34;37.5;Synchronized;;;1084;08/06/2023;12:27:35;36.96;;;;
1085;08/06/2023;12:24:23;37.83;;;;1085;08/06/2023;12:28:34;37.49;Synchronized;;;1085;08/06/2023;12:28:35;36.97;;;;
1086;08/06/2023;12:25:23;37.84;;;;1086;08/06/2023;12:29:34;37.51;;;;1086;08/06/2023;12:29:35;36.96;;;;
1087;08/06/2023;12:26:23;37.78;Synchronized;;;1087;08/06/2023;12:30:34;37.52;Synchronized;;;1087;08/06/2023;12:30:35;36.95;Synchronized;;;
1088;08/06/2023;12:27:23;37.73;Synchronized;;;1088;08/06/2023;12:31:34;37.44;;;;1088;08/06/2023;12:31:34;36.97;Synchronized;;;
1089;08/06/2023;12:28:23;37.68;Synchronized;;;1089;08/06/2023;12:32:34;37.48;Synchronized;;;1089;08/06/2023;12:32:34;36.95;;;;
1090;08/06/2023;12:29:23;37.64;Synchronized;;;1090;08/06/2023;12:33:33;37.45;;;;1090;08/06/2023;12:33:34;36.95;;;;
1091;08/06/2023;12:30:22;37.63;Synchronized;;;1091;08/06/2023;12:34:33;37.47;;;;1091;08/06/2023;12:34:34;36.95;;;;
1092;08/06/2023;12:31:22;37.61;Synchronized;;;1092;08/06/2023;12:35:33;37.35;;;;1092;08/06/2023;12:35:34;36.95;;;;
1093;08/06/2023;12:32:22;37.61;Synchronized;;;1093;08/06/2023;12:36:33;37.34;;;;1093;08/06/2023;12:36:34;36.97;;;;
1094;08/06/2023;12:33:22;37.66;;;;1094;08/06/2023;12:37:33;37.34;Synchronized;;;1094;08/06/2023;12:37:34;36.98;Synchronized;;;
1095;08/06/2023;12:34:22;37.69;;;;1095;08/06/2023;12:38:33;37.34;Synchronized;;;1095;08/06/2023;12:38:34;36.09;Synchronized;;;
1096;08/06/2023;12:35:22;37.7;Synchronized;;;1096;08/06/2023;12:39:33;37.29;Synchronized;;;1096;08/06/2023;12:39:34;35.93;Synchronized;;;
1097;08/06/2023;12:36:22;37.67;Synchronized;;;1097;08/06/2023;12:40:33;37.27;Synchronized;;;1097;08/06/2023;12:40:34;35.91;Synchronized;;;
1098;08/06/2023;12:37:22;37.67;Synchronized;;;1098;08/06/2023;12:41:33;37.33;Synchronized;;;1098;08/06/2023;12:41:34;35.87;Synchronized;;;
1099;08/06/2023;12:38:21;37.66;Synchronized;;;1099;08/06/2023;12:42:33;37.33;Synchronized;;;1099;08/06/2023;12:42:34;35.94;Synchronized;;;
1100;08/06/2023;12:39:21;37.59;Synchronized;;;1100;08/06/2023;12:43:33;37.38;Synchronized;;;1100;08/06/2023;12:43:34;35.96;Synchronized;;;
1101;08/06/2023;12:40:21;37.63;Synchronized;;;1101;08/06/2023;12:44:32;37.27;Synchronized;;;1101;08/06/2023;12:44:34;36.09;Synchronized;;;
1102;08/06/2023;12:41:21;37.63;Synchronized;;;1102;08/06/2023;12:45:32;37.33;Synchronized;;;1102;08/06/2023;12:45:33;36.16;Synchronized;;;
1103;08/06/2023;12:42:21;37.58;Synchronized;;;1103;08/06/2023;12:46:32;37.34;Synchronized;;;1103;08/06/2023;12:46:33;36.29;Synchronized;;;
1104;08/06/2023;12:43:21;37.59;Synchronized;;;1104;08/06/2023;12:47:32;37.32;Synchronized;;;1104;08/06/2023;12:47:33;36.37;Synchronized;;;
1105;08/06/2023;12:44:21;37.63;Synchronized;;;1105;08/06/2023;12:48:32;37.34;Synchronized;;;1105;08/06/2023;12:48:33;36.44;Synchronized;;;
1106;08/06/2023;12:45:20;37.62;Synchronized;;;1106;08/06/2023;12:49:32;37.3;Synchronized;;;1106;08/06/2023;12:49:33;36.47;Synchronized;;;
1107;08/06/2023;12:46:20;37.62;Synchronized;;;1107;08/06/2023;12:50:32;37.3;Synchronized;;;1107;08/06/2023;12:50:33;36.52;Synchronized;;;
1108;08/06/2023;12:47:20;37.63;Synchronized;;;1108;08/06/2023;12:51:32;37.36;;;;1108;08/06/2023;12:51:33;36.49;Synchronized;;;
1109;08/06/2023;12:48:20;37.63;Synchronized;;;1109;08/06/2023;12:52:32;37.41;;;;1109;08/06/2023;12:52:33;36.55;Synchronized;;;
1110;08/06/2023;12:49:20;37.63;Synchronized;;;1110;08/06/2023;12:53:32;37.38;Synchronized;;;1110;08/06/2023;12:53:33;36.55;Synchronized;;;
1111;08/06/2023;12:50:20;37.64;Synchronized;;;1111;08/06/2023;12:54:31;37.36;;;;1111;08/06/2023;12:54:33;36.55;Synchronized;;;
1112;08/06/2023;12:51:20;37.65;Synchronized;;;1112;08/06/2023;12:55:31;37.33;;;;1112;08/06/2023;12:55:33;36.56;Synchronized;;;
1113;08/06/2023;12:52:20;37.64;Synchronized;;;1113;08/06/2023;12:56:31;37.32;;;;1113;08/06/2023;12:56:33;36.59;Synchronized;;;
1114;08/06/2023;12:53:19;37.7;Synchronized;;;1114;08/06/2023;12:57:31;37.29;Synchronized;;;1114;08/06/2023;12:57:33;36.63;Synchronized;;;
1115;08/06/2023;12:54:19;37.73;Synchronized;;;1115;08/06/2023;12:58:31;37.23;;;;1115;08/06/2023;12:58:33;36.66;Synchronized;;;
1116;08/06/2023;12:55:19;37.72;Synchronized;;;1116;08/06/2023;12:59:31;37.16;;;;1116;08/06/2023;12:59:33;36.66;Synchronized;;;
1117;08/06/2023;12:56:19;37.84;Synchronized;;;1117;08/06/2023;13:00:31;37.19;;;;1117;08/06/2023;13:00:33;36.69;Synchronized;;;
1118;08/06/2023;12:57:19;37.91;Synchronized;;;1118;08/06/2023;13:01:31;37.33;;;;1118;08/06/2023;13:01:33;36.68;Synchronized;;;
1119;08/06/2023;12:58:19;37.78;Synchronized;;;1119;08/06/2023;13:02:31;37.35;;;;1119;08/06/2023;13:02:33;36.7;Synchronized;;;
1120;08/06/2023;12:59:19;37.73;Synchronized;;;1120;08/06/2023;13:03:31;37.27;;;;1120;08/06/2023;13:03:32;36.7;Synchronized;;;
1121;08/06/2023;13:00:18;37.74;Synchronized;;;1121;08/06/2023;13:04:30;37.3;;;;1121;08/06/2023;13:04:32;36.72;Synchronized;;;
1122;08/06/2023;13:01:18;37.78;Synchronized;;;1122;08/06/2023;13:05:30;37.23;;;;1122;08/06/2023;13:05:32;36.73;Synchronized;;;
1123;08/06/2023;13:02:18;37.79;Synchronized;;;1123;08/06/2023;13:06:30;37.2;Synchronized;;;1123;08/06/2023;13:06:32;36.75;Synchronized;;;
1124;08/06/2023;13:03:18;37.82;Synchronized;;;1124;08/06/2023;13:07:30;37.22;Synchronized;;;1124;08/06/2023;13:07:32;36.73;Synchronized;;;
1125;08/06/2023;13:04:18;37.84;Synchronized;;;1125;08/06/2023;13:08:30;37.2;;;;1125;08/06/2023;13:08:32;36.73;Synchronized;;;
1126;08/06/2023;13:05:18;37.84;Synchronized;;;1126;08/06/2023;13:09:30;37.22;;;;1126;08/06/2023;13:09:32;36.77;Synchronized;;;
1127;08/06/2023;13:06:18;37.84;Synchronized;;;1127;08/06/2023;13:10:30;37.18;Synchronized;;;1127;08/06/2023;13:10:32;36.76;Synchronized;;;
1128;08/06/2023;13:07:17;37.85;Synchronized;;;1128;08/06/2023;13:11:30;37.18;Synchronized;;;1128;08/06/2023;13:11:32;36.79;Synchronized;;;
1129;08/06/2023;13:08:17;37.88;Synchronized;;;1129;08/06/2023;13:12:30;37.16;;;;1129;08/06/2023;13:12:32;36.79;Synchronized;;;
1130;08/06/2023;13:09:17;37.88;Synchronized;;;1130;08/06/2023;13:13:30;37.09;Synchronized;;;1130;08/06/2023;13:13:32;36.81;Synchronized;;;
1131;08/06/2023;13:10:17;37.89;Synchronized;;;1131;08/06/2023;13:14:30;37.09;Synchronized;;;1131;08/06/2023;13:14:32;36.82;Synchronized;;;
1132;08/06/2023;13:11:17;37.91;Synchronized;;;1132;08/06/2023;13:15:30;37.09;;;;1132;08/06/2023;13:15:32;36.81;Synchronized;;;
1133;08/06/2023;13:12:17;37.91;Synchronized;;;1133;08/06/2023;13:16:30;37.1;;;;1133;08/06/2023;13:16:32;36.83;Synchronized;;;
1134;08/06/2023;13:13:17;37.93;Synchronized;;;1134;08/06/2023;13:17:30;37.09;;;;1134;08/06/2023;13:17:32;36.84;Synchronized;;;
1135;08/06/2023;13:14:16;37.95;Synchronized;;;1135;08/06/2023;13:18:30;37.09;Synchronized;;;1135;08/06/2023;13:18:32;36.85;Synchronized;;;
1136;08/06/2023;13:15:16;37.97;Synchronized;;;1136;08/06/2023;13:19:29;37.05;Synchronized;;;1136;08/06/2023;13:19:32;36.85;Synchronized;;;
1137;08/06/2023;13:16:16;37.98;Synchronized;;;1137;08/06/2023;13:20:29;37.05;;;;1137;08/06/2023;13:20:32;36.88;Synchronized;;;
1138;08/06/2023;13:17:16;37.98;Synchronized;;;1138;08/06/2023;13:21:29;37.08;;;;1138;08/06/2023;13:21:31;36.89;Synchronized;;;
1139;08/06/2023;13:18:16;38;Synchronized;;;1139;08/06/2023;13:22:29;37.11;;;;1139;08/06/2023;13:22:31;36.88;Synchronized;;;
1140;08/06/2023;13:19:16;38.03;Synchronized;;;1140;08/06/2023;13:23:29;37.09;Synchronized;;;1140;08/06/2023;13:23:31;36.88;Synchronized;;;
1141;08/06/2023;13:20:16;38.02;Synchronized;;;1141;08/06/2023;13:24:29;37.11;;;;1141;08/06/2023;13:24:31;36.91;Synchronized;;;
1142;08/06/2023;13:21:15;38.02;Synchronized;;;1142;08/06/2023;13:25:29;37.1;Synchronized;;;1142;08/06/2023;13:25:31;36.91;Synchronized;;;
1143;08/06/2023;13:22:15;38.04;Synchronized;;;1143;08/06/2023;13:26:29;37.12;;;;1143;08/06/2023;13:26:31;36.91;Synchronized;;;
1144;08/06/2023;13:23:15;38.05;Synchronized;;;1144;08/06/2023;13:27:29;37.1;Synchronized;;;1144;08/06/2023;13:27:31;36.92;Synchronized;;;
1145;08/06/2023;13:24:15;38.02;Synchronized;;;1145;08/06/2023;13:28:29;37.13;;;;1145;08/06/2023;13:28:31;36.92;Synchronized;;;
1146;08/06/2023;13:25:15;38.05;Synchronized;;;1146;08/06/2023;13:29:29;37.12;;;;1146;08/06/2023;13:29:31;36.92;;;;
1147;08/06/2023;13:26:15;38.05;Synchronized;;;1147;08/06/2023;13:30:29;37.15;;;;1147;08/06/2023;13:30:31;36.9;;;;
1148;08/06/2023;13:27:15;38.09;Synchronized;;;1148;08/06/2023;13:31:29;37.13;;;;1148;08/06/2023;13:31:31;36.91;;;;
1149;08/06/2023;13:28:15;38.1;Synchronized;;;1149;08/06/2023;13:32:29;37.1;Synchronized;;;1149;08/06/2023;13:32:31;36.92;;;;
1150;08/06/2023;13:29:14;38.11;Synchronized;;;1150;08/06/2023;13:33:28;37.11;;;;1150;08/06/2023;13:33:31;36.91;;;;
1151;08/06/2023;13:30:14;38.11;Synchronized;;;1151;08/06/2023;13:34:28;37.11;;;;1151;08/06/2023;13:34:31;36.91;;;;
1152;08/06/2023;13:31:14;38.06;Synchronized;;;1152;08/06/2023;13:35:28;37.1;;;;1152;08/06/2023;13:35:31;36.93;;;;
1153;08/06/2023;13:32:14;38.05;Synchronized;;;1153;08/06/2023;13:36:28;37.09;;;;1153;08/06/2023;13:36:31;36.94;;;;
1154;08/06/2023;13:33:14;38.02;Synchronized;;;1154;08/06/2023;13:37:28;37.14;;;;1154;08/06/2023;13:37:31;36.95;;;;
1155;08/06/2023;13:34:14;38.02;Synchronized;;;1155;08/06/2023;13:38:28;37.16;Synchronized;;;1155;08/06/2023;13:38:31;36.94;;;;
1156;08/06/2023;13:35:14;38;Synchronized;;;1156;08/06/2023;13:39:28;37.16;;;;1156;08/06/2023;13:39:30;36.93;;;;
1157;08/06/2023;13:36:13;38.01;Synchronized;;;1157;08/06/2023;13:40:28;37.14;;;;1157;08/06/2023;13:40:30;36.95;;;;
1158;08/06/2023;13:37:13;37.99;Synchronized;;;1158;08/06/2023;13:41:28;37.08;;;;1158;08/06/2023;13:41:30;36.91;;;;
1159;08/06/2023;13:38:13;37.98;Synchronized;;;1159;08/06/2023;13:42:28;37.12;;;;1159;08/06/2023;13:42:30;36.93;;;;
1160;08/06/2023;13:39:13;37.96;;;;1160;08/06/2023;13:43:28;37.13;;;;1160;08/06/2023;13:43:30;36.94;;;;
1161;08/06/2023;13:40:13;37.84;Synchronized;;;1161;08/06/2023;13:44:28;37.16;;;;1161;08/06/2023;13:44:30;36.96;;;;
1162;08/06/2023;13:41:13;37.91;Synchronized;;;1162;08/06/2023;13:45:27;37.17;;;;1162;08/06/2023;13:45:30;36.94;;;;
1163;08/06/2023;13:42:12;37.88;Synchronized;;;1163;08/06/2023;13:46:27;37.19;;;;1163;08/06/2023;13:46:30;36.95;;;;
1164;08/06/2023;13:43:12;37.92;Synchronized;;;1164;08/06/2023;13:47:27;37.17;;;;1164;08/06/2023;13:47:30;36.97;;;;
1165;08/06/2023;13:44:12;37.92;Synchronized;;;1165;08/06/2023;13:48:27;37.18;;;;1165;08/06/2023;13:48:30;36.97;;;;
1166;08/06/2023;13:45:12;37.95;Synchronized;;;1166;08/06/2023;13:49:27;37.18;;;;1166;08/06/2023;13:49:30;36.98;;;;
1167;08/06/2023;13:46:12;37.91;Synchronized;;;1167;08/06/2023;13:50:27;37.22;;;;1167;08/06/2023;13:50:30;36.96;;;;
1168;08/06/2023;13:47:11;37.9;Synchronized;;;1168;08/06/2023;13:51:27;37.19;Synchronized;;;1168;08/06/2023;13:51:30;36.96;;;;
1169;08/06/2023;13:48:11;37.88;Synchronized;;;1169;08/06/2023;13:52:27;37.22;;;;1169;08/06/2023;13:52:30;36.97;;;;
1170;08/06/2023;13:49:11;37.88;Synchronized;;;1170;08/06/2023;13:53:27;37.23;;;;1170;08/06/2023;13:53:30;36.95;Synchronized;;;
1171;08/06/2023;13:50:11;37.87;Synchronized;;;1171;08/06/2023;13:54:27;37.26;;;;1171;08/06/2023;13:54:30;36.96;Synchronized;;;
1172;08/06/2023;13:51:11;37.85;Synchronized;;;1172;08/06/2023;13:55:27;37.25;;;;1172;08/06/2023;13:55:29;36.98;Synchronized;;;
1173;08/06/2023;13:52:10;37.84;Synchronized;;;1173;08/06/2023;13:56:27;37.27;;;;1173;08/06/2023;13:56:29;36.97;Synchronized;;;
1174;08/06/2023;13:53:10;37.84;Synchronized;;;1174;08/06/2023;13:57:26;37.27;;;;1174;08/06/2023;13:57:29;36.95;Synchronized;;;
1175;08/06/2023;13:54:10;37.8;;;;1175;08/06/2023;13:58:26;37.28;;;;1175;08/06/2023;13:58:29;36.97;;;;
1176;08/06/2023;13:55:10;37.79;;;;1176;08/06/2023;13:59:26;37.3;;;;1176;08/06/2023;13:59:29;37;;;;
1177;08/06/2023;13:56:10;37.8;Synchronized;;;1177;08/06/2023;14:00:26;37.3;;;;1177;08/06/2023;14:00:29;36.99;;;;
1178;08/06/2023;13:57:10;37.78;Synchronized;;;1178;08/06/2023;14:01:26;37.27;;;;1178;08/06/2023;14:01:29;36.96;;;;
1179;08/06/2023;13:58:10;37.77;Synchronized;;;1179;08/06/2023;14:02:26;37.28;;;;1179;08/06/2023;14:02:29;36.95;Synchronized;;;
1180;08/06/2023;13:59:09;37.77;Synchronized;;;1180;08/06/2023;14:03:26;37.3;;;;1180;08/06/2023;14:03:29;36.95;;;;
1181;08/06/2023;14:00:09;37.74;Synchronized;;;1181;08/06/2023;14:04:26;37.29;;;;1181;08/06/2023;14:04:29;36.96;;;;
1182;08/06/2023;14:01:09;37.73;Synchronized;;;1182;08/06/2023;14:05:26;37.3;;;;1182;08/06/2023;14:05:29;36.95;;;;
1183;08/06/2023;14:02:09;37.69;Synchronized;;;1183;08/06/2023;14:06:26;37.32;;;;1183;08/06/2023;14:06:29;36.96;;;;
1184;08/06/2023;14:03:09;37.74;Synchronized;;;1184;08/06/2023;14:07:26;37.34;;;;1184;08/06/2023;14:07:29;36.98;;;;
1185;08/06/2023;14:04:09;37.73;Synchronized;;;1185;08/06/2023;14:08:26;37.34;;;;1185;08/06/2023;14:08:29;36.97;;;;
1186;08/06/2023;14:05:09;37.73;Synchronized;;;1186;08/06/2023;14:09:26;37.21;;;;1186;08/06/2023;14:09:29;36.97;;;;
1187;08/06/2023;14:06:09;37.72;Synchronized;;;1187;08/06/2023;14:10:25;37.2;;;;1187;08/06/2023;14:10:29;36.95;;;;
1188;08/06/2023;14:07:08;37.71;Synchronized;;;1188;08/06/2023;14:11:25;37.22;;;;1188;08/06/2023;14:11:29;36.96;;;;
1189;08/06/2023;14:08:08;37.7;Synchronized;;;1189;08/06/2023;14:12:25;37.17;;;;1189;08/06/2023;14:12:28;36.97;;;;
1190;08/06/2023;14:09:08;37.71;Synchronized;;;1190;08/06/2023;14:13:25;37.17;;;;1190;08/06/2023;14:13:28;36.98;;;;
1191;08/06/2023;14:10:08;37.7;;;;1191;08/06/2023;14:14:25;37.23;;;;1191;08/06/2023;14:14:28;37.01;;;;
1192;08/06/2023;14:11:08;37.7;Synchronized;;;1192;08/06/2023;14:15:25;37.24;;;;1192;08/06/2023;14:15:28;37.01;;;;
1193;08/06/2023;14:12:08;37.68;Synchronized;;;1193;08/06/2023;14:16:25;37.23;;;;1193;08/06/2023;14:16:28;36.98;;;;
1194;08/06/2023;14:13:08;37.67;;;;1194;08/06/2023;14:17:25;37.24;;;;1194;08/06/2023;14:17:28;37.02;;;;
1195;08/06/2023;14:14:08;37.66;Synchronized;;;1195;08/06/2023;14:18:25;37.27;;;;1195;08/06/2023;14:18:28;37;;;;
1196;08/06/2023;14:15:08;37.65;Synchronized;;;1196;08/06/2023;14:19:25;37.32;;;;1196;08/06/2023;14:19:28;37.01;;;;
1197;08/06/2023;14:16:08;37.65;;;;1197;08/06/2023;14:20:25;37.37;;;;1197;08/06/2023;14:20:28;37.02;;;;
1198;08/06/2023;14:17:07;37.66;;;;1198;08/06/2023;14:21:25;37.34;;;;1198;08/06/2023;14:21:28;37.02;;;;
1199;08/06/2023;14:18:07;37.64;Synchronized;;;1199;08/06/2023;14:22:24;37.38;;;;1199;08/06/2023;14:22:28;37.01;;;;
1200;08/06/2023;14:19:07;37.63;;;;1200;08/06/2023;14:23:24;37.44;;;;1200;08/06/2023;14:23:28;37.01;Synchronized;;;
1201;08/06/2023;14:20:07;37.62;;;;1201;08/06/2023;14:24:24;37.45;;;;1201;08/06/2023;14:24:28;36.99;;;;
1202;08/06/2023;14:21:07;37.63;;;;1202;08/06/2023;14:25:24;37.38;;;;1202;08/06/2023;14:25:28;37.02;;;;
1203;08/06/2023;14:22:07;37.65;;;;1203;08/06/2023;14:26:24;37.39;;;;1203;08/06/2023;14:26:27;37;;;;
1204;08/06/2023;14:23:07;37.62;;;;1204;08/06/2023;14:27:24;37.39;;;;1204;08/06/2023;14:27:27;37.03;;;;
1205;08/06/2023;14:24:06;37.63;;;;1205;08/06/2023;14:28:24;37.38;Synchronized;;;1205;08/06/2023;14:28:27;37.02;Synchronized;;;
1206;08/06/2023;14:25:06;37.61;;;;1206;08/06/2023;14:29:24;37.4;Synchronized;;;1206;08/06/2023;14:29:27;36.99;;;;
1207;08/06/2023;14:26:06;37.63;Synchronized;;;1207;08/06/2023;14:30:24;37.45;;;;1207;08/06/2023;14:30:27;37.01;;;;
1208;08/06/2023;14:27:06;37.64;Synchronized;;;1208;08/06/2023;14:31:24;37.49;;;;1208;08/06/2023;14:31:27;37.01;Synchronized;;;
1209;08/06/2023;14:28:06;37.65;;;;1209;08/06/2023;14:32:23;37.46;;;;1209;08/06/2023;14:32:27;37.02;Synchronized;;;
1210;08/06/2023;14:29:06;37.63;;;;1210;08/06/2023;14:33:23;37.47;;;;1210;08/06/2023;14:33:27;37.01;;;;
1211;08/06/2023;14:30:06;37.65;;;;1211;08/06/2023;14:34:23;37.47;;;;1211;08/06/2023;14:34:27;37.02;;;;
1212;08/06/2023;14:31:06;37.64;Synchronized;;;1212;08/06/2023;14:35:23;37.4;Synchronized;;;1212;08/06/2023;14:35:27;37;;;;
1213;08/06/2023;14:32:06;37.65;Synchronized;;;1213;08/06/2023;14:36:23;37.38;Synchronized;;;1213;08/06/2023;14:36:27;37;;;;
1214;08/06/2023;14:33:05;37.63;Synchronized;;;1214;08/06/2023;14:37:23;37.39;;;;1214;08/06/2023;14:37:27;36.99;;;;
1215;08/06/2023;14:34:05;37.63;Synchronized;;;1215;08/06/2023;14:38:23;37.38;;;;1215;08/06/2023;14:38:27;37.01;;;;
1216;08/06/2023;14:35:05;37.63;Synchronized;;;1216;08/06/2023;14:39:23;37.38;;;;1216;08/06/2023;14:39:27;37;;;;
1217;08/06/2023;14:36:05;37.64;Synchronized;;;1217;08/06/2023;14:40:23;37.37;;;;1217;08/06/2023;14:40:27;37.01;;;;
1218;08/06/2023;14:37:05;37.63;Synchronized;;;1218;08/06/2023;14:41:23;37.38;;;;1218;08/06/2023;14:41:26;37.01;;;;
1219;08/06/2023;14:38:05;37.63;Synchronized;;;1219;08/06/2023;14:42:22;37.4;;;;1219;08/06/2023;14:42:26;37.02;;;;
1220;08/06/2023;14:39:04;37.64;Synchronized;;;1220;08/06/2023;14:43:22;37.36;;;;1220;08/06/2023;14:43:26;37.02;;;;
1221;08/06/2023;14:40:04;37.66;Synchronized;;;1221;08/06/2023;14:44:22;37.38;;;;1221;08/06/2023;14:44:26;37.01;;;;
1222;08/06/2023;14:41:04;37.73;Synchronized;;;1222;08/06/2023;14:45:22;37.41;;;;1222;08/06/2023;14:45:26;37.02;;;;
1223;08/06/2023;14:42:04;37.67;;;;1223;08/06/2023;14:46:22;37.42;;;;1223;08/06/2023;14:46:26;37.02;;;;
1224;08/06/2023;14:43:04;37.64;;;;1224;08/06/2023;14:47:22;37.46;;;;1224;08/06/2023;14:47:26;37.01;;;;
1225;08/06/2023;14:44:04;37.59;Synchronized;;;1225;08/06/2023;14:48:22;37.45;;;;1225;08/06/2023;14:48:26;37.03;;;;
1226;08/06/2023;14:45:04;37.54;Synchronized;;;1226;08/06/2023;14:49:22;37.48;;;;1226;08/06/2023;14:49:26;37.02;;;;
1227;08/06/2023;14:46:04;37.55;Synchronized;;;1227;08/06/2023;14:50:22;37.51;;;;1227;08/06/2023;14:50:26;37.02;;;;
1228;08/06/2023;14:47:03;37.56;Synchronized;;;1228;08/06/2023;14:51:22;37.49;;;;1228;08/06/2023;14:51:26;37.03;;;;
1229;08/06/2023;14:48:03;37.54;Synchronized;;;1229;08/06/2023;14:52:22;37.49;;;;1229;08/06/2023;14:52:26;37.04;;;;
1230;08/06/2023;14:49:03;37.52;Synchronized;;;1230;08/06/2023;14:53:21;37.52;;;;1230;08/06/2023;14:53:26;37.05;Synchronized;;;
1231;08/06/2023;14:50:03;37.58;Synchronized;;;1231;08/06/2023;14:54:22;37.5;;;;1231;08/06/2023;14:54:26;37.05;;;;
1232;08/06/2023;14:51:03;37.55;Synchronized;;;1232;08/06/2023;14:55:22;37.5;;;;1232;08/06/2023;14:55:25;37.05;;;;
1233;08/06/2023;14:52:03;37.55;Synchronized;;;1233;08/06/2023;14:56:22;37.49;;;;1233;08/06/2023;14:56:25;37.04;;;;
1234;08/06/2023;14:53:03;37.58;Synchronized;;;1234;08/06/2023;14:57:22;37.51;;;;1234;08/06/2023;14:57:25;37.05;;;;
1235;08/06/2023;14:54:02;37.6;Synchronized;;;1235;08/06/2023;14:58:22;37.5;;;;1235;08/06/2023;14:58:25;37.02;;;;
1236;08/06/2023;14:55:02;37.64;Synchronized;;;1236;08/06/2023;14:59:22;37.49;Synchronized;;;1236;08/06/2023;14:59:25;37.04;;;;
1237;08/06/2023;14:56:02;37.63;Synchronized;;;1237;08/06/2023;15:00:21;37.51;;;;1237;08/06/2023;15:00:25;37.02;;;;
1238;08/06/2023;14:57:02;37.59;;;;1238;08/06/2023;15:01:21;37.51;;;;1238;08/06/2023;15:01:25;37.01;;;;
1239;08/06/2023;14:58:02;37.6;Synchronized;;;1239;08/06/2023;15:02:21;37.54;;;;1239;08/06/2023;15:02:25;37.02;;;;
1240;08/06/2023;14:59:02;37.63;Synchronized;;;1240;08/06/2023;15:03:21;37.58;;;;1240;08/06/2023;15:03:25;37.01;;;;
1241;08/06/2023;15:00:02;37.61;;;;1241;08/06/2023;15:04:21;37.56;;;;1241;08/06/2023;15:04:25;37.02;;;;
1242;08/06/2023;15:01:02;37.62;;;;1242;08/06/2023;15:05:22;37.59;;;;1242;08/06/2023;15:05:25;37.01;;;;
1243;08/06/2023;15:02:02;37.6;;;;1243;08/06/2023;15:06:21;37.53;;;;1243;08/06/2023;15:06:25;36.99;;;;
1244;08/06/2023;15:03:01;37.59;;;;1244;08/06/2023;15:07:21;37.52;;;;1244;08/06/2023;15:07:24;37.01;;;;
1245;08/06/2023;15:04:01;37.61;Synchronized;;;1245;08/06/2023;15:08:21;37.52;;;;1245;08/06/2023;15:08:24;36.99;;;;
1246;08/06/2023;15:05:01;37.61;;;;1246;08/06/2023;15:09:21;37.5;;;;1246;08/06/2023;15:09:24;36.97;Synchronized;;;
1247;08/06/2023;15:06:01;37.63;Synchronized;;;1247;08/06/2023;15:10:21;37.51;;;;1247;08/06/2023;15:10:24;36.97;;;;
1248;08/06/2023;15:07:01;37.63;Synchronized;;;1248;08/06/2023;15:11:21;37.51;;;;1248;08/06/2023;15:11:24;36.96;Synchronized;;;
1249;08/06/2023;15:08:01;37.63;;;;1249;08/06/2023;15:12:21;37.48;;;;1249;08/06/2023;15:12:24;36.97;Synchronized;;;
1250;08/06/2023;15:09:01;37.65;Synchronized;;;1250;08/06/2023;15:13:21;37.49;;;;1250;08/06/2023;15:13:24;36.95;;;;
1251;08/06/2023;15:10:01;37.63;Synchronized;;;1251;08/06/2023;15:14:21;37.48;;;;1251;08/06/2023;15:14:24;36.97;;;;
1252;08/06/2023;15:11:01;37.64;Synchronized;;;1252;08/06/2023;15:15:21;37.49;;;;1252;08/06/2023;15:15:24;36.95;;;;
1253;08/06/2023;15:12:00;37.63;Synchronized;;;1253;08/06/2023;15:16:20;37.48;;;;1253;08/06/2023;15:16:24;36.95;;;;
1254;08/06/2023;15:13:00;37.63;Synchronized;;;1254;08/06/2023;15:17:20;37.48;Synchronized;;;1254;08/06/2023;15:17:24;36.94;;;;
1255;08/06/2023;15:14:00;37.61;Synchronized;;;1255;08/06/2023;15:18:20;37.48;;;;1255;08/06/2023;15:18:24;36.95;;;;
1256;08/06/2023;15:15:00;37.66;;;;1256;08/06/2023;15:19:20;37.47;;;;1256;08/06/2023;15:19:24;36.95;;;;
1257;08/06/2023;15:16:00;37.66;;;;1257;08/06/2023;15:20:20;37.47;;;;1257;08/06/2023;15:20:24;36.95;;;;
1258;08/06/2023;15:16:59;37.69;;;;1258;08/06/2023;15:21:20;37.49;;;;1258;08/06/2023;15:21:23;36.93;;;;
1259;08/06/2023;15:17:59;37.71;Synchronized;;;1259;08/06/2023;15:22:20;37.48;Synchronized;;;1259;08/06/2023;15:22:23;36.95;;;;
1260;08/06/2023;15:18:59;37.7;Synchronized;;;1260;08/06/2023;15:23:20;37.49;;;;1260;08/06/2023;15:23:23;36.94;;;;
1261;08/06/2023;15:19:59;37.68;Synchronized;;;1261;08/06/2023;15:24:20;37.48;;;;1261;08/06/2023;15:24:23;36.92;;;;
1262;08/06/2023;15:20:59;37.66;Synchronized;;;1262;08/06/2023;15:25:20;37.48;Synchronized;;;1262;08/06/2023;15:25:23;36.92;;;;
1263;08/06/2023;15:21:58;37.65;Synchronized;;;1263;08/06/2023;15:26:20;37.48;Synchronized;;;1263;08/06/2023;15:26:23;36.95;;;;
1264;08/06/2023;15:22:58;37.66;Synchronized;;;1264;08/06/2023;15:27:20;37.48;Synchronized;;;1264;08/06/2023;15:27:23;36.93;;;;
1265;08/06/2023;15:23:58;37.68;Synchronized;;;1265;08/06/2023;15:28:20;37.5;Synchronized;;;1265;08/06/2023;15:28:23;36.94;;;;
1266;08/06/2023;15:24:58;37.71;;;;1266;08/06/2023;15:29:20;37.52;;;;1266;08/06/2023;15:29:23;36.91;;;;
1267;08/06/2023;15:25:58;37.68;Synchronized;;;1267;08/06/2023;15:30:20;37.5;Synchronized;;;1267;08/06/2023;15:30:23;36.9;;;;
1268;08/06/2023;15:26:58;37.71;Synchronized;;;1268;08/06/2023;15:31:19;37.51;Synchronized;;;1268;08/06/2023;15:31:23;36.88;;;;
1269;08/06/2023;15:27:58;37.69;;;;1269;08/06/2023;15:32:19;37.49;;;;1269;08/06/2023;15:32:23;36.88;;;;
1270;08/06/2023;15:28:58;37.69;Synchronized;;;1270;08/06/2023;15:33:19;37.51;Synchronized;;;1270;08/06/2023;15:33:23;36.85;;;;
1271;08/06/2023;15:29:58;37.69;;;;1271;08/06/2023;15:34:19;37.5;Synchronized;;;1271;08/06/2023;15:34:23;36.87;;;;
1272;08/06/2023;15:30:57;37.66;;;;1272;08/06/2023;15:35:19;37.53;;;;1272;08/06/2023;15:35:22;36.85;;;;
1273;08/06/2023;15:31:57;37.67;Synchronized;;;1273;08/06/2023;15:36:19;37.48;Synchronized;;;1273;08/06/2023;15:36:22;36.85;;;;
1274;08/06/2023;15:32:57;37.67;Synchronized;;;1274;08/06/2023;15:37:19;37.51;Synchronized;;;1274;08/06/2023;15:37:22;36.85;;;;
1275;08/06/2023;15:33:57;37.76;Synchronized;;;1275;08/06/2023;15:38:19;37.48;Synchronized;;;1275;08/06/2023;15:38:22;36.87;;;;
1276;08/06/2023;15:34:56;37.78;Synchronized;;;1276;08/06/2023;15:39:19;37.53;Synchronized;;;1276;08/06/2023;15:39:22;36.84;;;;
1277;08/06/2023;15:35:56;37.79;Synchronized;;;1277;08/06/2023;15:40:19;37.52;;;;1277;08/06/2023;15:40:22;36.82;Synchronized;;;
1278;08/06/2023;15:36:56;37.84;Synchronized;;;1278;08/06/2023;15:41:19;37.5;;;;1278;08/06/2023;15:41:22;36.81;;;;
1279;08/06/2023;15:37:56;37.87;;;;1279;08/06/2023;15:42:19;37.49;;;;1279;08/06/2023;15:42:22;36.78;Synchronized;;;
1280;08/06/2023;15:38:56;37.83;;;;1280;08/06/2023;15:43:19;37.51;;;;1280;08/06/2023;15:43:22;36.77;;;;
1281;08/06/2023;15:39:56;37.8;;;;1281;08/06/2023;15:44:19;37.5;;;;1281;08/06/2023;15:44:22;36.8;;;;
1282;08/06/2023;15:40:56;37.78;;;;1282;08/06/2023;15:45:19;37.49;;;;1282;08/06/2023;15:45:22;36.8;;;;
1283;08/06/2023;15:41:56;37.77;;;;1283;08/06/2023;15:46:19;37.5;;;;1283;08/06/2023;15:46:22;36.83;Synchronized;;;
1284;08/06/2023;15:42:56;37.75;Synchronized;;;1284;08/06/2023;15:47:19;37.48;;;;1284;08/06/2023;15:47:22;36.82;;;;
1285;08/06/2023;15:43:56;37.76;;;;1285;08/06/2023;15:48:19;37.45;;;;1285;08/06/2023;15:48:22;36.83;;;;
1286;08/06/2023;15:44:55;37.74;;;;1286;08/06/2023;15:49:19;37.41;;;;1286;08/06/2023;15:49:22;36.82;;;;
1287;08/06/2023;15:45:55;37.75;;;;1287;08/06/2023;15:50:19;37.44;;;;1287;08/06/2023;15:50:22;36.84;;;;
1288;08/06/2023;15:46:55;37.74;;;;1288;08/06/2023;15:51:19;37.42;;;;1288;08/06/2023;15:51:22;36.85;;;;
1289;08/06/2023;15:47:55;37.73;;;;1289;08/06/2023;15:52:19;37.41;;;;1289;08/06/2023;15:52:22;36.84;;;;
1290;08/06/2023;15:48:55;37.74;;;;1290;08/06/2023;15:53:19;37.41;;;;1290;08/06/2023;15:53:21;36.9;;;;
1291;08/06/2023;15:49:55;37.75;;;;1291;08/06/2023;15:54:19;37.39;;;;1291;08/06/2023;15:54:21;36.88;;;;
1292;08/06/2023;15:50:54;37.73;;;;1292;08/06/2023;15:55:18;37.39;;;;1292;08/06/2023;15:55:21;36.9;Synchronized;;;
1293;08/06/2023;15:51:54;37.76;;;;1293;08/06/2023;15:56:18;37.36;Synchronized;;;1293;08/06/2023;15:56:21;36.9;;;;
1294;08/06/2023;15:52:54;37.75;;;;1294;08/06/2023;15:57:18;37.38;Synchronized;;;1294;08/06/2023;15:57:21;36.91;;;;
1295;08/06/2023;15:53:54;37.76;;;;1295;08/06/2023;15:58:18;37.39;Synchronized;;;1295;08/06/2023;15:58:21;36.91;;;;
1296;08/06/2023;15:54:54;37.77;;;;1296;08/06/2023;15:59:18;37.4;;;;1296;08/06/2023;15:59:21;36.91;;;;
1297;08/06/2023;15:55:54;37.77;;;;1297;08/06/2023;16:00:18;37.38;;;;1297;08/06/2023;16:00:21;36.92;;;;
1298;08/06/2023;15:56:54;37.78;;;;1298;08/06/2023;16:01:18;37.4;;;;1298;08/06/2023;16:01:21;36.92;;;;
1299;08/06/2023;15:57:53;37.77;;;;1299;08/06/2023;16:02:18;37.48;;;;1299;08/06/2023;16:02:21;36.91;;;;
1300;08/06/2023;15:58:53;37.77;;;;1300;08/06/2023;16:03:18;37.54;;;;1300;08/06/2023;16:03:21;36.88;;;;
1301;08/06/2023;15:59:53;37.78;;;;1301;08/06/2023;16:04:18;37.57;;;;1301;08/06/2023;16:04:21;36.87;;;;
1302;08/06/2023;16:00:53;37.77;;;;1302;08/06/2023;16:05:18;37.54;;;;1302;08/06/2023;16:05:21;36.84;;;;
1303;08/06/2023;16:01:53;37.77;Synchronized;;;1303;08/06/2023;16:06:18;37.54;;;;1303;08/06/2023;16:06:21;36.84;;;;
1304;08/06/2023;16:02:53;37.8;;;;1304;08/06/2023;16:07:18;37.53;;;;1304;08/06/2023;16:07:20;36.84;;;;
1305;08/06/2023;16:03:52;37.78;;;;1305;08/06/2023;16:08:18;37.5;;;;1305;08/06/2023;16:08:20;36.82;;;;
1306;08/06/2023;16:04:52;37.78;;;;1306;08/06/2023;16:09:17;37.48;;;;1306;08/06/2023;16:09:20;36.8;;;;
1307;08/06/2023;16:05:52;37.8;;;;1307;08/06/2023;16:10:17;37.48;;;;1307;08/06/2023;16:10:20;36.79;Synchronized;;;
1308;08/06/2023;16:06:52;37.82;;;;1308;08/06/2023;16:11:17;37.47;;;;1308;08/06/2023;16:11:20;36.8;;;;
1309;08/06/2023;16:07:52;37.8;;;;1309;08/06/2023;16:12:17;37.47;;;;1309;08/06/2023;16:12:20;36.79;;;;
1310;08/06/2023;16:08:52;37.84;;;;1310;08/06/2023;16:13:17;37.48;;;;1310;08/06/2023;16:13:20;36.8;;;;
1311;08/06/2023;16:09:51;37.84;;;;1311;08/06/2023;16:14:17;37.48;;;;1311;08/06/2023;16:14:20;36.77;;;;
1312;08/06/2023;16:10:51;37.82;;;;1312;08/06/2023;16:15:17;37.54;;;;1312;08/06/2023;16:15:20;36.79;;;;
1313;08/06/2023;16:11:51;37.82;;;;1313;08/06/2023;16:16:17;37.58;;;;1313;08/06/2023;16:16:20;36.81;;;;
1314;08/06/2023;16:12:51;37.79;;;;1314;08/06/2023;16:17:17;37.49;;;;1314;08/06/2023;16:17:20;36.84;Synchronized;;;
1315;08/06/2023;16:13:51;37.77;;;;1315;08/06/2023;16:18:17;37.39;;;;1315;08/06/2023;16:18:20;36.83;Synchronized;;;
1316;08/06/2023;16:14:51;37.78;;;;1316;08/06/2023;16:19:17;37.35;;;;1316;08/06/2023;16:19:20;36.84;Synchronized;;;
1317;08/06/2023;16:15:51;37.74;;;;1317;08/06/2023;16:20:17;37.34;Synchronized;;;1317;08/06/2023;16:20:20;36.8;Synchronized;;;
1318;08/06/2023;16:16:51;37.73;Synchronized;;;1318;08/06/2023;16:21:17;37.32;Synchronized;;;1318;08/06/2023;16:21:20;36.78;Synchronized;;;
1319;08/06/2023;16:17:50;37.75;;;;1319;08/06/2023;16:22:17;37.32;Synchronized;;;1319;08/06/2023;16:22:20;36.77;Synchronized;;;
1320;08/06/2023;16:18:50;37.73;;;;1320;08/06/2023;16:23:17;37.28;Synchronized;;;1320;08/06/2023;16:23:20;36.75;Synchronized;;;
1321;08/06/2023;16:19:50;37.72;;;;1321;08/06/2023;16:24:16;37.27;Synchronized;;;1321;08/06/2023;16:24:20;36.75;Synchronized;;;
1322;08/06/2023;16:20:50;37.74;;;;1322;08/06/2023;16:25:16;37.27;Synchronized;;;1322;08/06/2023;16:25:20;36.76;Synchronized;;;
1323;08/06/2023;16:21:50;37.73;;;;1323;08/06/2023;16:26:16;37.25;Synchronized;;;1323;08/06/2023;16:26:20;36.75;Synchronized;;;
1324;08/06/2023;16:22:50;37.73;Synchronized;;;1324;08/06/2023;16:27:16;37.23;Synchronized;;;1324;08/06/2023;16:27:20;36.73;Synchronized;;;
1325;08/06/2023;16:23:49;37.72;;;;1325;08/06/2023;16:28:16;37.27;Synchronized;;;1325;08/06/2023;16:28:19;36.73;Synchronized;;;
1326;08/06/2023;16:24:49;37.69;Synchronized;;;1326;08/06/2023;16:29:16;37.26;Synchronized;;;1326;08/06/2023;16:29:19;36.77;Synchronized;;;
1327;08/06/2023;16:25:49;37.67;Synchronized;;;1327;08/06/2023;16:30:16;37.26;Synchronized;;;1327;08/06/2023;16:30:19;36.79;Synchronized;;;
1328;08/06/2023;16:26:49;37.68;;;;1328;08/06/2023;16:31:16;37.23;Synchronized;;;1328;08/06/2023;16:31:19;36.79;Synchronized;;;
1329;08/06/2023;16:27:49;37.69;;;;1329;08/06/2023;16:32:16;37.25;Synchronized;;;1329;08/06/2023;16:32:19;36.8;Synchronized;;;
1330;08/06/2023;16:28:49;37.68;;;;1330;08/06/2023;16:33:15;37.22;Synchronized;;;1330;08/06/2023;16:33:19;36.82;Synchronized;;;
1331;08/06/2023;16:29:48;37.67;;;;1331;08/06/2023;16:34:15;37.22;Synchronized;;;1331;08/06/2023;16:34:19;36.82;Synchronized;;;
1332;08/06/2023;16:30:48;37.63;;;;1332;08/06/2023;16:35:15;37.16;Synchronized;;;1332;08/06/2023;16:35:19;36.84;Synchronized;;;
1333;08/06/2023;16:31:48;37.63;;;;1333;08/06/2023;16:36:15;37.21;Synchronized;;;1333;08/06/2023;16:36:19;36.87;Synchronized;;;
1334;08/06/2023;16:32:48;37.62;;;;1334;08/06/2023;16:37:15;37.26;Synchronized;;;1334;08/06/2023;16:37:19;36.87;Synchronized;;;
1335;08/06/2023;16:33:48;37.62;;;;1335;08/06/2023;16:38:15;37.29;Synchronized;;;1335;08/06/2023;16:38:19;36.88;Synchronized;;;
1336;08/06/2023;16:34:48;37.6;;;;1336;08/06/2023;16:39:15;37.27;Synchronized;;;1336;08/06/2023;16:39:19;36.88;;;;
1337;08/06/2023;16:35:48;37.62;;;;1337;08/06/2023;16:40:15;37.27;Synchronized;;;1337;08/06/2023;16:40:18;36.89;;;;
;;;;;;;1338;08/06/2023;16:41:15;37.28;Synchronized;;;1338;08/06/2023;16:41:18;36.92;;;;
;;;;;;;1339;08/06/2023;16:42:14;37.27;Synchronized;;;1339;08/06/2023;16:42:18;36.95;;;;
;;;;;;;1340;08/06/2023;16:43:14;37.25;Synchronized;;;1340;08/06/2023;16:43:18;36.97;;;;
;;;;;;;1341;08/06/2023;16:44:14;37.25;Synchronized;;;1341;08/06/2023;16:44:18;37;;;;
;;;;;;;1342;08/06/2023;16:45:14;37.23;Synchronized;;;1342;08/06/2023;16:45:18;37.01;;;;
;;;;;;;1343;08/06/2023;16:46:14;37.23;;;;;;;;;;;
;;;;;;;1344;08/06/2023;16:47:14;;Missing data;;;;;;;;;;
;;;;;;;1345;08/06/2023;16:48:14;;Missing data;;;;;;;;;;
;;;;;;;1346;08/06/2023;16:49:14;;Missing data;;;;;;;;;;
;;;;;;;1347;08/06/2023;16:50:14;37.36;;;;;;;;;;;
;;;;;;;1348;08/06/2023;16:51:14;37.37;;;;;;;;;;;
;;;;;;;1349;08/06/2023;16:52:14;37.39;;;;;;;;;;;
;;;;;;;1350;08/06/2023;16:53:14;37.38;;;;;;;;;;;
;;;;;;;1351;08/06/2023;16:54:14;;Missing data;;;;;;;;;;
;;;;;;;1352;08/06/2023;16:55:13;;Missing data;;;;;;;;;;
;;;;;;;1353;08/06/2023;16:56:13;37.38;;;;;;;;;;;
;
;