SenseLab_M02;
Time Zone;UTC+2:00;
Monitor;80.80.10.3E;
;
Pill n°1;24.00.1F.7C;;;;;;Pill n°2;24.00.1D.01;;;;;;Pill n°3;24.00.1C.5C;;;;;;
Sample number;Date (dd/mm/yyyy);Hour;Temperature (°C);Status;;;Sample number;Date (dd/mm/yyyy);Hour;Temperature (°C);Status;;;Sample number;Date (dd/mm/yyyy);Hour;Temperature (°C);Status;;;
1;07/06/2023;18:27:42;27.38;;;;1;07/06/2023;18:28:31;27.75;;;;1;07/06/2023;08:30:11;26.27;;;;
2;07/06/2023;18:28:42;28.27;;;;2;07/06/2023;18:29:31;29.07;;;;2;07/06/2023;08:30:26;26.64;;;;
3;07/06/2023;18:29:42;28.37;;;;3;07/06/2023;18:30:31;29.19;;;;3;07/06/2023;08:30:41;26.73;;;;
4;07/06/2023;18:30:42;28.78;;;;4;07/06/2023;18:31:31;29.27;;;;4;07/06/2023;08:30:56;26.69;;;;
5;07/06/2023;18:31:42;28.79;;;;5;07/06/2023;18:32:32;28.98;;;;5;07/06/2023;08:31:11;26.88;;;;
6;07/06/2023;18:32:42;28.58;;;;6;07/06/2023;18:33:32;28.73;Synchronized;;;6;07/06/2023;08:31:26;27.58;;;;
7;07/06/2023;18:33:42;28.42;;;;7;07/06/2023;18:34:31;28.54;;;;7;07/06/2023;08:31:41;28.02;;;;
8;07/06/2023;18:34:42;28.27;;;;8;07/06/2023;18:35:31;28.45;;;;8;07/06/2023;08:31:56;28.23;;;;
9;07/06/2023;18:35:42;28.23;;;;9;07/06/2023;18:36:31;28.34;;;;9;07/06/2023;08:32:11;28.13;;;;
10;07/06/2023;18:36:42;28.17;Synchronized;;;10;07/06/2023;18:37:31;28.2;;;;10;07/06/2023;08:32:26;28.03;Synchronized;;;
11;07/06/2023;18:37:42;28.09;;;;11;07/06/2023;18:38:31;28.11;;;;11;07/06/2023;08:32:41;27.9;Synchronized;;;
12;07/06/2023;18:38:42;28;Synchronized;;;12;07/06/2023;18:39:31;28.02;;;;12;07/06/2023;08:32:56;27.81;Synchronized;;;
13;07/06/2023;18:39:42;27.93;;;;13;07/06/2023;18:40:31;27.95;;;;13;07/06/2023;08:33:11;27.73;Synchronized;;;
14;07/06/2023;18:40:42;27.88;Synchronized;;;14;07/06/2023;18:41:31;27.91;;;;14;07/06/2023;08:33:26;27.65;Synchronized;;;
15;07/06/2023;18:41:42;27.87;;;;15;07/06/2023;18:42:31;27.88;;;;15;07/06/2023;08:33:41;27.55;Synchronized;;;
16;07/06/2023;18:42:42;27.84;;;;16;07/06/2023;18:43:31;27.84;;;;16;07/06/2023;08:33:56;27.48;Synchronized;;;
17;07/06/2023;18:43:42;27.8;;;;17;07/06/2023;18:44:31;27.83;;;;17;07/06/2023;08:34:11;27.41;Synchronized;;;
18;07/06/2023;18:44:42;27.79;;;;18;07/06/2023;18:45:31;27.8;;;;18;07/06/2023;08:34:26;27.36;Synchronized;;;
19;07/06/2023;18:45:42;27.77;;;;19;07/06/2023;18:46:31;27.8;;;;19;07/06/2023;08:34:41;27.3;Synchronized;;;
20;07/06/2023;18:46:41;27.77;;;;20;07/06/2023;18:47:31;27.8;;;;20;07/06/2023;08:34:56;27.26;Synchronized;;;
21;07/06/2023;18:47:41;27.78;;;;21;07/06/2023;18:48:31;27.8;;;;21;07/06/2023;08:35:11;27.2;Synchronized;;;
22;07/06/2023;18:48:41;27.78;Synchronized;;;22;07/06/2023;18:49:31;27.8;;;;22;07/06/2023;08:35:26;27.16;Synchronized;;;
23;07/06/2023;18:49:41;27.77;;;;23;07/06/2023;18:50:31;27.79;;;;23;07/06/2023;08:35:41;27.14;Synchronized;;;
24;07/06/2023;18:50:41;27.77;;;;24;07/06/2023;18:51:31;27.79;;;;24;07/06/2023;08:35:56;27.07;Synchronized;;;
25;07/06/2023;18:51:41;27.78;Synchronized;;;25;07/06/2023;18:52:31;27.78;;;;25;07/06/2023;08:36:11;27.04;Synchronized;;;
26;07/06/2023;18:52:41;27.77;;;;26;07/06/2023;18:53:31;27.79;;;;26;07/06/2023;08:36:26;27;Synchronized;;;
27;07/06/2023;18:53:41;27.77;;;;27;07/06/2023;18:54:31;27.79;;;;27;07/06/2023;08:36:41;26.99;Synchronized;;;
28;07/06/2023;18:54:41;27.76;;;;28;07/06/2023;18:55:31;27.77;;;;28;07/06/2023;08:36:56;26.97;Synchronized;;;
29;07/06/2023;18:55:41;27.75;;;;29;07/06/2023;18:56:31;27.77;;;;29;07/06/2023;08:37:11;26.95;Synchronized;;;
30;07/06/2023;18:56:41;27.76;;;;30;07/06/2023;18:57:31;27.77;;;;30;07/06/2023;08:37:26;26.95;Synchronized;;;
31;07/06/2023;18:57:41;27.76;Synchronized;;;31;07/06/2023;18:58:31;27.77;;;;31;07/06/2023;08:37:41;26.91;Synchronized;;;
32;07/06/2023;18:58:41;27.74;;;;32;07/06/2023;18:59:31;27.77;;;;32;07/06/2023;08:37:56;26.88;Synchronized;;;
33;07/06/2023;18:59:41;27.74;;;;33;07/06/2023;19:00:31;27.77;;;;33;07/06/2023;08:38:11;26.88;Synchronized;;;
34;07/06/2023;19:00:41;27.76;;;;34;07/06/2023;19:01:31;27.77;;;;34;07/06/2023;08:38:26;26.86;Synchronized;;;
35;07/06/2023;19:01:41;27.75;;;;35;07/06/2023;19:02:30;27.78;;;;35;07/06/2023;08:38:41;26.82;Synchronized;;;
36;07/06/2023;19:02:41;27.73;;;;36;07/06/2023;19:03:30;27.75;;;;36;07/06/2023;08:38:56;26.8;Synchronized;;;
37;07/06/2023;19:03:41;27.76;Synchronized;;;37;07/06/2023;19:04:30;27.75;;;;37;07/06/2023;08:39:11;26.8;Synchronized;;;
38;07/06/2023;19:04:41;27.73;;;;38;07/06/2023;19:05:30;27.77;;;;38;07/06/2023;08:39:26;26.78;Synchronized;;;
39;07/06/2023;19:05:41;27.75;;;;39;07/06/2023;19:06:30;27.77;;;;39;07/06/2023;08:39:41;26.78;Synchronized;;;
40;07/06/2023;19:06:41;27.75;;;;40;07/06/2023;19:07:30;27.78;;;;40;07/06/2023;08:39:56;26.76;Synchronized;;;
41;07/06/2023;19:07:41;27.76;Synchronized;;;41;07/06/2023;19:08:30;27.8;;;;41;07/06/2023;08:40:11;26.75;Synchronized;;;
42;07/06/2023;19:08:41;27.77;Synchronized;;;42;07/06/2023;19:09:30;27.8;;;;42;07/06/2023;08:40:26;26.72;Synchronized;;;
43;07/06/2023;19:09:41;27.78;Synchronized;;;43;07/06/2023;19:10:30;27.8;;;;43;07/06/2023;08:40:41;26.71;Synchronized;;;
44;07/06/2023;19:10:41;27.77;;;;44;07/06/2023;19:11:30;27.8;;;;44;07/06/2023;08:40:56;26.7;Synchronized;;;
45;07/06/2023;19:11:41;27.78;;;;45;07/06/2023;19:12:30;27.8;;;;45;07/06/2023;08:41:11;26.65;Synchronized;;;
46;07/06/2023;19:12:41;27.8;;;;46;07/06/2023;19:13:30;27.8;Synchronized;;;46;07/06/2023;08:41:26;26.66;Synchronized;;;
47;07/06/2023;19:13:41;27.79;;;;47;07/06/2023;19:14:30;27.82;;;;47;07/06/2023;08:41:41;26.63;Synchronized;;;
48;07/06/2023;19:14:41;27.8;;;;48;07/06/2023;19:15:30;27.81;;;;48;07/06/2023;08:41:56;26.62;Synchronized;;;
49;07/06/2023;19:15:41;27.78;;;;49;07/06/2023;19:16:30;27.8;;;;49;07/06/2023;08:42:11;26.61;Synchronized;;;
50;07/06/2023;19:16:41;27.8;;;;50;07/06/2023;19:17:30;27.8;;;;50;07/06/2023;08:42:26;26.56;Synchronized;;;
51;07/06/2023;19:17:41;27.78;;;;51;07/06/2023;19:18:30;27.8;;;;51;07/06/2023;08:42:41;26.55;Synchronized;;;
52;07/06/2023;19:18:41;27.77;;;;52;07/06/2023;19:19:30;27.8;;;;52;07/06/2023;08:42:56;26.56;Synchronized;;;
53;07/06/2023;19:19:41;27.78;Synchronized;;;53;07/06/2023;19:20:30;27.8;;;;53;07/06/2023;08:43:11;26.52;Synchronized;;;
54;07/06/2023;19:20:41;27.77;;;;54;07/06/2023;19:21:30;27.82;;;;54;07/06/2023;08:43:26;26.52;Synchronized;;;
55;07/06/2023;19:21:41;27.8;Synchronized;;;55;07/06/2023;19:22:30;27.83;;;;55;07/06/2023;08:43:41;26.52;Synchronized;;;
56;07/06/2023;19:22:41;27.8;Synchronized;;;56;07/06/2023;19:23:30;27.8;;;;56;07/06/2023;08:43:56;26.49;Synchronized;;;
57;07/06/2023;19:23:41;27.8;Synchronized;;;57;07/06/2023;19:24:30;27.82;;;;57;07/06/2023;08:44:11;26.5;Synchronized;;;
58;07/06/2023;19:24:41;27.8;Synchronized;;;58;07/06/2023;19:25:30;27.82;;;;58;07/06/2023;08:44:26;26.47;Synchronized;;;
59;07/06/2023;19:25:41;27.81;Synchronized;;;59;07/06/2023;19:26:30;27.83;;;;59;07/06/2023;08:44:41;26.46;Synchronized;;;
60;07/06/2023;19:26:41;27.8;;;;60;07/06/2023;19:27:30;27.81;;;;60;07/06/2023;08:44:56;26.47;Synchronized;;;
61;07/06/2023;19:27:41;27.8;;;;61;07/06/2023;19:28:30;27.81;;;;61;07/06/2023;08:45:11;26.43;Synchronized;;;
62;07/06/2023;19:28:41;27.81;;;;62;07/06/2023;19:29:30;27.81;;;;62;07/06/2023;08:45:26;26.44;Synchronized;;;
63;07/06/2023;19:29:41;27.8;;;;63;07/06/2023;19:30:30;27.8;;;;63;07/06/2023;08:45:41;26.42;Synchronized;;;
64;07/06/2023;19:30:41;27.78;;;;64;07/06/2023;19:31:30;27.77;;;;64;07/06/2023;08:45:56;26.44;Synchronized;;;
65;07/06/2023;19:31:41;27.76;;;;65;07/06/2023;19:32:30;27.76;;;;65;07/06/2023;08:46:11;26.41;Synchronized;;;
66;07/06/2023;19:32:41;27.73;;;;66;07/06/2023;19:33:30;27.75;;;;66;07/06/2023;08:46:26;26.41;Synchronized;;;
67;07/06/2023;19:33:41;27.71;;;;67;07/06/2023;19:34:30;27.74;;;;67;07/06/2023;08:46:40;26.4;Synchronized;;;
68;07/06/2023;19:34:41;27.68;Synchronized;;;68;07/06/2023;19:35:30;27.7;;;;68;07/06/2023;08:46:55;26.39;Synchronized;;;
69;07/06/2023;19:35:41;27.69;Synchronized;;;69;07/06/2023;19:36:30;27.69;;;;69;07/06/2023;08:47:10;26.39;Synchronized;;;
70;07/06/2023;19:36:41;27.66;;;;70;07/06/2023;19:37:30;27.66;;;;70;07/06/2023;08:47:25;26.4;Synchronized;;;
71;07/06/2023;19:37:41;27.67;;;;71;07/06/2023;19:38:30;27.65;;;;71;07/06/2023;08:47:40;26.4;Synchronized;;;
72;07/06/2023;19:38:41;27.61;Synchronized;;;72;07/06/2023;19:39:30;27.61;;;;72;07/06/2023;08:47:55;26.39;Synchronized;;;
73;07/06/2023;19:39:41;27.59;Synchronized;;;73;07/06/2023;19:40:30;27.59;;;;73;07/06/2023;08:48:10;26.44;Synchronized;;;
74;07/06/2023;19:40:41;27.59;Synchronized;;;74;07/06/2023;19:41:29;27.59;;;;74;07/06/2023;08:48:25;26.47;Synchronized;;;
75;07/06/2023;19:41:41;27.6;;;;75;07/06/2023;19:42:29;27.58;;;;75;07/06/2023;08:48:40;26.49;Synchronized;;;
76;07/06/2023;19:42:41;27.56;Synchronized;;;76;07/06/2023;19:43:29;27.57;;;;76;07/06/2023;08:48:55;26.48;Synchronized;;;
77;07/06/2023;19:43:41;27.53;;;;77;07/06/2023;19:44:29;27.55;;;;77;07/06/2023;08:49:10;26.45;Synchronized;;;
78;07/06/2023;19:44:41;27.5;;;;78;07/06/2023;19:45:29;27.52;;;;78;07/06/2023;08:49:25;26.47;Synchronized;;;
79;07/06/2023;19:45:41;27.48;;;;79;07/06/2023;19:46:29;27.51;;;;79;07/06/2023;08:49:40;26.46;Synchronized;;;
80;07/06/2023;19:46:41;27.44;;;;80;07/06/2023;19:47:30;27.44;;;;80;07/06/2023;08:49:55;26.45;Synchronized;;;
81;07/06/2023;19:47:41;27.41;;;;81;07/06/2023;19:48:30;27.44;;;;81;07/06/2023;08:50:10;26.46;Synchronized;;;
82;07/06/2023;19:48:41;27.4;;;;82;07/06/2023;19:49:30;27.41;;;;82;07/06/2023;08:50:25;26.47;Synchronized;;;
83;07/06/2023;19:49:41;27.38;Synchronized;;;83;07/06/2023;19:50:30;27.41;Synchronized;;;83;07/06/2023;08:50:40;26.46;Synchronized;;;
84;07/06/2023;19:50:40;27.38;;;;84;07/06/2023;19:51:30;27.38;;;;84;07/06/2023;08:50:55;26.45;Synchronized;;;
85;07/06/2023;19:51:40;27.38;;;;85;07/06/2023;19:52:30;27.39;;;;85;07/06/2023;08:51:10;26.44;Synchronized;;;
86;07/06/2023;19:52:40;27.39;Synchronized;;;86;07/06/2023;19:53:30;27.41;;;;86;07/06/2023;08:51:25;26.44;Synchronized;;;
87;07/06/2023;19:53:40;27.39;Synchronized;;;87;07/06/2023;19:54:30;27.42;;;;87;07/06/2023;08:51:40;26.44;Synchronized;;;
88;07/06/2023;19:54:40;27.41;;;;88;07/06/2023;19:55:30;27.4;;;;88;07/06/2023;08:51:55;26.43;Synchronized;;;
89;07/06/2023;19:55:40;27.38;;;;89;07/06/2023;19:56:30;27.39;;;;89;07/06/2023;08:52:10;26.45;Synchronized;;;
90;07/06/2023;19:56:40;27.4;Synchronized;;;90;07/06/2023;19:57:30;27.4;;;;90;07/06/2023;08:52:25;26.43;Synchronized;;;
91;07/06/2023;19:57:39;27.38;;;;91;07/06/2023;19:58:30;27.38;Synchronized;;;91;07/06/2023;08:52:40;26.44;Synchronized;;;
92;07/06/2023;19:58:39;27.37;Synchronized;;;92;07/06/2023;19:59:30;27.4;;;;92;07/06/2023;08:52:55;26.41;Synchronized;;;
93;07/06/2023;19:59:39;27.38;Synchronized;;;93;07/06/2023;20:00:30;27.4;;;;93;07/06/2023;08:53:10;26.41;Synchronized;;;
94;07/06/2023;20:00:39;27.37;;;;94;07/06/2023;20:01:30;27.38;;;;94;07/06/2023;08:53:25;26.4;Synchronized;;;
95;07/06/2023;20:01:39;27.34;Synchronized;;;95;07/06/2023;20:02:30;27.35;;;;95;07/06/2023;08:53:40;26.41;Synchronized;;;
96;07/06/2023;20:02:39;27.32;Synchronized;;;96;07/06/2023;20:03:30;27.33;;;;96;07/06/2023;08:53:55;26.41;Synchronized;;;
97;07/06/2023;20:03:39;27.31;Synchronized;;;97;07/06/2023;20:04:30;27.31;;;;97;07/06/2023;08:54:10;26.41;Synchronized;;;
98;07/06/2023;20:04:39;27.29;Synchronized;;;98;07/06/2023;20:05:30;27.3;;;;98;07/06/2023;08:54:25;26.41;Synchronized;;;
99;07/06/2023;20:05:39;27.26;Synchronized;;;99;07/06/2023;20:06:30;27.28;;;;99;07/06/2023;08:54:40;26.39;Synchronized;;;
100;07/06/2023;20:06:39;27.27;;;;100;07/06/2023;20:07:30;27.28;;;;100;07/06/2023;08:54:55;26.41;Synchronized;;;
101;07/06/2023;20:07:39;27.25;;;;101;07/06/2023;20:08:30;27.27;;;;101;07/06/2023;08:55:10;26.39;Synchronized;;;
102;07/06/2023;20:08:39;27.24;Synchronized;;;102;07/06/2023;20:09:30;27.27;;;;102;07/06/2023;08:55:25;26.38;Synchronized;;;
103;07/06/2023;20:09:38;27.21;Synchronized;;;103;07/06/2023;20:10:30;27.26;;;;103;07/06/2023;08:55:40;26.4;Synchronized;;;
104;07/06/2023;20:10:38;27.23;;;;104;07/06/2023;20:11:30;27.24;;;;104;07/06/2023;08:55:55;26.41;Synchronized;;;
105;07/06/2023;20:11:38;27.2;Synchronized;;;105;07/06/2023;20:12:30;27.22;;;;105;07/06/2023;08:56:10;26.4;Synchronized;;;
106;07/06/2023;20:12:38;27.2;Synchronized;;;106;07/06/2023;20:13:30;27.21;;;;106;07/06/2023;08:56:25;26.4;Synchronized;;;
107;07/06/2023;20:13:38;27.19;;;;107;07/06/2023;20:14:30;27.2;;;;107;07/06/2023;08:56:40;26.39;Synchronized;;;
108;07/06/2023;20:14:38;27.17;Synchronized;;;108;07/06/2023;20:15:30;27.2;;;;108;07/06/2023;08:56:55;26.4;Synchronized;;;
109;07/06/2023;20:15:38;27.16;Synchronized;;;109;07/06/2023;20:16:30;27.17;;;;109;07/06/2023;08:57:10;26.4;Synchronized;;;
110;07/06/2023;20:16:37;27.16;Synchronized;;;110;07/06/2023;20:17:30;27.16;;;;110;07/06/2023;08:57:25;26.41;Synchronized;;;
111;07/06/2023;20:17:37;27.15;;;;111;07/06/2023;20:18:30;27.17;;;;111;07/06/2023;08:57:40;26.43;Synchronized;;;
112;07/06/2023;20:18:37;27.14;Synchronized;;;112;07/06/2023;20:19:30;27.16;;;;112;07/06/2023;08:57:55;26.44;Synchronized;;;
113;07/06/2023;20:19:37;27.14;Synchronized;;;113;07/06/2023;20:20:30;27.15;;;;113;07/06/2023;08:58:10;26.43;Synchronized;;;
114;07/06/2023;20:20:37;27.13;Synchronized;;;114;07/06/2023;20:21:30;27.16;;;;114;07/06/2023;08:58:25;26.45;Synchronized;;;
115;07/06/2023;20:21:36;27.11;Synchronized;;;115;07/06/2023;20:22:30;27.14;;;;115;07/06/2023;08:58:40;26.44;Synchronized;;;
116;07/06/2023;20:22:36;27.13;Synchronized;;;116;07/06/2023;20:23:30;27.16;Synchronized;;;116;07/06/2023;08:58:55;26.43;Synchronized;;;
117;07/06/2023;20:23:36;27.13;Synchronized;;;117;07/06/2023;20:24:30;27.15;;;;117;07/06/2023;08:59:10;26.46;Synchronized;;;
118;07/06/2023;20:24:36;27.13;Synchronized;;;118;07/06/2023;20:25:30;27.14;;;;118;07/06/2023;08:59:25;26.45;Synchronized;;;
119;07/06/2023;20:25:36;27.14;Synchronized;;;119;07/06/2023;20:26:30;27.14;;;;119;07/06/2023;08:59:40;26.46;Synchronized;;;
120;07/06/2023;20:26:36;27.13;Synchronized;;;120;07/06/2023;20:27:30;27.16;;;;120;07/06/2023;08:59:55;26.43;Synchronized;;;
121;07/06/2023;20:27:36;27.14;Synchronized;;;121;07/06/2023;20:28:30;27.13;;;;121;07/06/2023;09:00:10;26.44;Synchronized;;;
122;07/06/2023;20:28:35;27.16;Synchronized;;;122;07/06/2023;20:29:30;27.16;;;;122;07/06/2023;09:00:25;26.41;Synchronized;;;
123;07/06/2023;20:29:35;27.14;Synchronized;;;123;07/06/2023;20:30:30;27.16;;;;123;07/06/2023;09:00:40;26.44;Synchronized;;;
124;07/06/2023;20:30:35;27.15;Synchronized;;;124;07/06/2023;20:31:30;27.17;;;;124;07/06/2023;09:00:55;26.41;Synchronized;;;
125;07/06/2023;20:31:35;27.17;Synchronized;;;125;07/06/2023;20:32:30;27.18;;;;125;07/06/2023;09:01:10;26.43;Synchronized;;;
126;07/06/2023;20:32:35;27.16;Synchronized;;;126;07/06/2023;20:33:30;27.17;;;;126;07/06/2023;09:01:25;26.42;Synchronized;;;
127;07/06/2023;20:33:35;27.17;Synchronized;;;127;07/06/2023;20:34:30;27.2;;;;127;07/06/2023;09:01:40;26.43;Synchronized;;;
128;07/06/2023;20:34:35;27.19;Synchronized;;;128;07/06/2023;20:35:30;27.2;;;;128;07/06/2023;09:01:55;26.45;Synchronized;;;
129;07/06/2023;20:35:34;27.18;Synchronized;;;129;07/06/2023;20:36:30;27.21;;;;129;07/06/2023;09:02:10;26.43;Synchronized;;;
130;07/06/2023;20:36:34;27.2;Synchronized;;;130;07/06/2023;20:37:30;27.23;;;;130;07/06/2023;09:02:25;26.43;Synchronized;;;
131;07/06/2023;20:37:34;27.2;Synchronized;;;131;07/06/2023;20:38:30;27.21;;;;131;07/06/2023;09:02:40;26.42;Synchronized;;;
132;07/06/2023;20:38:34;27.19;;;;132;07/06/2023;20:39:30;27.16;;;;132;07/06/2023;09:02:55;26.43;Synchronized;;;
133;07/06/2023;20:39:34;27.16;Synchronized;;;133;07/06/2023;20:40:30;27.17;;;;133;07/06/2023;09:03:10;26.43;Synchronized;;;
134;07/06/2023;20:40:34;27.14;Synchronized;;;134;07/06/2023;20:41:30;27.16;;;;134;07/06/2023;09:03:25;26.41;Synchronized;;;
135;07/06/2023;20:41:34;27.14;Synchronized;;;135;07/06/2023;20:42:30;27.15;;;;135;07/06/2023;09:03:40;26.44;Synchronized;;;
136;07/06/2023;20:42:34;27.14;Synchronized;;;136;07/06/2023;20:43:30;27.16;;;;136;07/06/2023;09:03:55;26.44;Synchronized;;;
137;07/06/2023;20:43:33;27.14;Synchronized;;;137;07/06/2023;20:44:30;27.15;;;;137;07/06/2023;09:04:10;26.43;Synchronized;;;
138;07/06/2023;20:44:33;27.13;Synchronized;;;138;07/06/2023;20:45:30;27.16;;;;138;07/06/2023;09:04:25;26.45;Synchronized;;;
139;07/06/2023;20:45:33;27.14;Synchronized;;;139;07/06/2023;20:46:30;27.18;Synchronized;;;139;07/06/2023;09:04:40;26.44;Synchronized;;;
140;07/06/2023;20:46:33;27.16;Synchronized;;;140;07/06/2023;20:47:30;27.16;;;;140;07/06/2023;09:04:55;26.49;Synchronized;;;
141;07/06/2023;20:47:33;27.14;Synchronized;;;141;07/06/2023;20:48:30;27.16;;;;141;07/06/2023;09:05:10;26.47;Synchronized;;;
142;07/06/2023;20:48:33;27.14;Synchronized;;;142;07/06/2023;20:49:30;27.15;;;;142;07/06/2023;09:05:25;26.48;Synchronized;;;
143;07/06/2023;20:49:33;27.14;Synchronized;;;143;07/06/2023;20:50:30;27.15;;;;143;07/06/2023;09:05:40;26.5;Synchronized;;;
144;07/06/2023;20:50:33;27.16;Synchronized;;;144;07/06/2023;20:51:30;27.17;;;;144;07/06/2023;09:05:55;26.47;Synchronized;;;
145;07/06/2023;20:51:32;27.14;Synchronized;;;145;07/06/2023;20:52:30;27.16;Synchronized;;;145;07/06/2023;09:06:10;26.48;Synchronized;;;
146;07/06/2023;20:52:32;27.16;Synchronized;;;146;07/06/2023;20:53:30;27.15;;;;146;07/06/2023;09:06:25;26.47;Synchronized;;;
147;07/06/2023;20:53:32;27.15;Synchronized;;;147;07/06/2023;20:54:30;27.15;;;;147;07/06/2023;09:06:40;26.5;Synchronized;;;
148;07/06/2023;20:54:32;27.16;Synchronized;;;148;07/06/2023;20:55:30;27.16;;;;148;07/06/2023;09:06:55;26.51;Synchronized;;;
149;07/06/2023;20:55:32;27.16;Synchronized;;;149;07/06/2023;20:56:30;27.17;;;;149;07/06/2023;09:07:10;26.49;Synchronized;;;
150;07/06/2023;20:56:32;27.17;Synchronized;;;150;07/06/2023;20:57:30;27.16;;;;150;07/06/2023;09:07:25;26.49;Synchronized;;;
151;07/06/2023;20:57:32;27.16;Synchronized;;;151;07/06/2023;20:58:30;27.16;;;;151;07/06/2023;09:07:40;26.51;Synchronized;;;
152;07/06/2023;20:58:32;27.16;Synchronized;;;152;07/06/2023;20:59:30;27.16;;;;152;07/06/2023;09:07:55;26.49;Synchronized;;;
153;07/06/2023;20:59:31;27.16;Synchronized;;;153;07/06/2023;21:00:30;27.17;;;;153;07/06/2023;09:08:10;26.5;Synchronized;;;
154;07/06/2023;21:00:31;27.14;Synchronized;;;154;07/06/2023;21:01:30;27.16;;;;154;07/06/2023;09:08:25;26.5;Synchronized;;;
155;07/06/2023;21:01:31;27.15;Synchronized;;;155;07/06/2023;21:02:30;27.17;;;;155;07/06/2023;09:08:40;26.52;Synchronized;;;
156;07/06/2023;21:02:31;27.15;Synchronized;;;156;07/06/2023;21:03:30;27.16;;;;156;07/06/2023;09:08:55;26.51;Synchronized;;;
157;07/06/2023;21:03:31;27.15;Synchronized;;;157;07/06/2023;21:04:30;27.16;;;;157;07/06/2023;09:09:10;26.52;Synchronized;;;
158;07/06/2023;21:04:31;27.16;Synchronized;;;158;07/06/2023;21:05:30;27.14;;;;158;07/06/2023;09:09:25;26.78;Synchronized;;;
159;07/06/2023;21:05:31;27.13;Synchronized;;;159;07/06/2023;21:06:30;27.15;;;;159;07/06/2023;09:09:40;30.25;Synchronized;;;
160;07/06/2023;21:06:31;27.13;Synchronized;;;160;07/06/2023;21:07:30;27.14;;;;160;07/06/2023;09:09:55;33.4;Synchronized;;;
161;07/06/2023;21:07:30;27.13;Synchronized;;;161;07/06/2023;21:08:30;27.1;;;;161;07/06/2023;09:10:10;35.18;Synchronized;;;
162;07/06/2023;21:08:30;27.11;Synchronized;;;162;07/06/2023;21:09:30;27.09;;;;162;07/06/2023;09:10:25;36.12;Synchronized;;;
163;07/06/2023;21:09:30;27.1;Synchronized;;;163;07/06/2023;21:10:30;27.09;;;;163;07/06/2023;09:10:40;36.62;Synchronized;;;
164;07/06/2023;21:10:30;27.11;;;;164;07/06/2023;21:11:30;27.08;;;;164;07/06/2023;09:10:55;36.88;Synchronized;;;
165;07/06/2023;21:11:30;27.07;Synchronized;;;165;07/06/2023;21:12:30;27.08;;;;165;07/06/2023;09:11:10;37.02;Synchronized;;;
166;07/06/2023;21:12:30;27.07;Synchronized;;;166;07/06/2023;21:13:30;27.08;;;;166;07/06/2023;09:11:25;37.1;Synchronized;;;
167;07/06/2023;21:13:30;27.07;Synchronized;;;167;07/06/2023;21:14:30;27.07;;;;167;07/06/2023;09:11:40;37.13;Synchronized;;;
168;07/06/2023;21:14:30;27.08;Synchronized;;;168;07/06/2023;21:15:30;27.07;;;;168;07/06/2023;09:11:55;37.17;Synchronized;;;
169;07/06/2023;21:15:30;27.05;Synchronized;;;169;07/06/2023;21:16:30;27.08;;;;169;07/06/2023;09:12:10;37.17;Synchronized;;;
170;07/06/2023;21:16:29;27.07;Synchronized;;;170;07/06/2023;21:17:30;27.05;;;;170;07/06/2023;09:12:25;37.12;Synchronized;;;
171;07/06/2023;21:17:29;27.05;Synchronized;;;171;07/06/2023;21:18:30;27.03;;;;171;07/06/2023;09:12:40;37.13;Synchronized;;;
172;07/06/2023;21:18:29;27.05;Synchronized;;;172;07/06/2023;21:19:30;27.06;;;;172;07/06/2023;09:12:55;37.09;Synchronized;;;
173;07/06/2023;21:19:29;27.05;Synchronized;;;173;07/06/2023;21:20:30;27.05;;;;173;07/06/2023;09:13:10;37.09;Synchronized;;;
174;07/06/2023;21:20:29;27.05;Synchronized;;;174;07/06/2023;21:21:30;27.05;;;;174;07/06/2023;09:13:25;37.06;Synchronized;;;
175;07/06/2023;21:21:29;27.05;Synchronized;;;175;07/06/2023;21:22:30;27.04;;;;175;07/06/2023;09:13:40;37.01;Synchronized;;;
176;07/06/2023;21:22:29;27.05;Synchronized;;;176;07/06/2023;21:23:30;27.05;;;;176;07/06/2023;09:13:55;36.98;Synchronized;;;
177;07/06/2023;21:23:29;27.05;Synchronized;;;177;07/06/2023;21:24:30;27.05;;;;177;07/06/2023;09:14:10;36.98;Synchronized;;;
178;07/06/2023;21:24:29;27.03;Synchronized;;;178;07/06/2023;21:25:30;27.03;;;;178;07/06/2023;09:14:25;36.94;Synchronized;;;
179;07/06/2023;21:25:29;27.05;Synchronized;;;179;07/06/2023;21:26:30;27.03;;;;179;07/06/2023;09:14:40;36.94;Synchronized;;;
180;07/06/2023;21:26:28;27.03;Synchronized;;;180;07/06/2023;21:27:30;27.02;;;;180;07/06/2023;09:14:55;36.93;Synchronized;;;
181;07/06/2023;21:27:28;27.02;Synchronized;;;181;07/06/2023;21:28:30;26.99;;;;181;07/06/2023;09:15:09;36.92;Synchronized;;;
182;07/06/2023;21:28:28;27.02;Synchronized;;;182;07/06/2023;21:29:30;26.98;;;;182;07/06/2023;09:15:24;36.9;Synchronized;;;
183;07/06/2023;21:29:28;27.01;Synchronized;;;183;07/06/2023;21:30:30;26.98;Synchronized;;;183;07/06/2023;09:15:39;36.9;Synchronized;;;
184;07/06/2023;21:30:28;27.02;Synchronized;;;184;07/06/2023;21:31:30;26.98;;;;184;07/06/2023;09:15:54;36.88;Synchronized;;;
185;07/06/2023;21:31:28;27;Synchronized;;;185;07/06/2023;21:32:30;26.98;;;;185;07/06/2023;09:16:09;36.89;Synchronized;;;
186;07/06/2023;21:32:28;26.99;Synchronized;;;186;07/06/2023;21:33:30;26.96;;;;186;07/06/2023;09:16:24;36.88;Synchronized;;;
187;07/06/2023;21:33:28;26.96;Synchronized;;;187;07/06/2023;21:34:30;26.96;;;;187;07/06/2023;09:16:39;36.87;Synchronized;;;
188;07/06/2023;21:34:28;26.97;Synchronized;;;188;07/06/2023;21:35:30;26.95;;;;188;07/06/2023;09:16:54;36.85;Synchronized;;;
189;07/06/2023;21:35:28;26.98;Synchronized;;;189;07/06/2023;21:36:30;26.95;;;;189;07/06/2023;09:17:09;36.87;Synchronized;;;
190;07/06/2023;21:36:27;26.97;Synchronized;;;190;07/06/2023;21:37:30;26.93;;;;190;07/06/2023;09:17:24;36.88;Synchronized;;;
191;07/06/2023;21:37:27;26.95;Synchronized;;;191;07/06/2023;21:38:30;26.96;;;;191;07/06/2023;09:17:39;36.88;Synchronized;;;
192;07/06/2023;21:38:27;26.96;Synchronized;;;192;07/06/2023;21:39:30;26.94;;;;192;07/06/2023;09:17:54;36.88;Synchronized;;;
193;07/06/2023;21:39:27;26.96;Synchronized;;;193;07/06/2023;21:40:30;26.95;;;;193;07/06/2023;09:18:09;36.88;Synchronized;;;
194;07/06/2023;21:40:27;26.95;Synchronized;;;194;07/06/2023;21:41:30;26.94;;;;194;07/06/2023;09:18:24;36.88;Synchronized;;;
195;07/06/2023;21:41:27;26.95;Synchronized;;;195;07/06/2023;21:42:30;26.94;;;;195;07/06/2023;09:18:39;36.9;Synchronized;;;
196;07/06/2023;21:42:27;26.95;Synchronized;;;196;07/06/2023;21:43:30;26.94;;;;196;07/06/2023;09:18:54;36.88;Synchronized;;;
197;07/06/2023;21:43:27;26.94;Synchronized;;;197;07/06/2023;21:44:30;26.92;;;;197;07/06/2023;09:19:09;36.9;Synchronized;;;
198;07/06/2023;21:44:27;26.92;Synchronized;;;198;07/06/2023;21:45:30;26.93;;;;198;07/06/2023;09:19:24;36.9;Synchronized;;;
199;07/06/2023;21:45:27;26.91;Synchronized;;;199;07/06/2023;21:46:30;26.92;;;;199;07/06/2023;09:19:39;36.88;Synchronized;;;
200;07/06/2023;21:46:26;26.93;Synchronized;;;200;07/06/2023;21:47:30;26.91;;;;200;07/06/2023;09:19:54;36.89;Synchronized;;;
201;07/06/2023;21:47:26;26.92;Synchronized;;;201;07/06/2023;21:48:30;26.93;Synchronized;;;201;07/06/2023;09:20:09;36.9;Synchronized;;;
202;07/06/2023;21:48:26;26.91;Synchronized;;;202;07/06/2023;21:49:30;26.89;;;;202;07/06/2023;09:20:24;36.9;Synchronized;;;
203;07/06/2023;21:49:26;26.93;Synchronized;;;203;07/06/2023;21:50:30;26.9;Synchronized;;;203;07/06/2023;09:20:39;36.89;Synchronized;;;
204;07/06/2023;21:50:26;26.92;Synchronized;;;204;07/06/2023;21:51:30;26.92;;;;204;07/06/2023;09:20:54;36.91;Synchronized;;;
205;07/06/2023;21:51:26;26.91;Synchronized;;;205;07/06/2023;21:52:30;26.89;;;;205;07/06/2023;09:21:09;36.89;Synchronized;;;
206;07/06/2023;21:52:26;26.89;Synchronized;;;206;07/06/2023;21:53:30;26.89;;;;206;07/06/2023;09:21:24;36.9;Synchronized;;;
207;07/06/2023;21:53:26;26.9;Synchronized;;;207;07/06/2023;21:54:30;26.87;;;;207;07/06/2023;09:21:39;36.88;Synchronized;;;
208;07/06/2023;21:54:26;26.88;Synchronized;;;208;07/06/2023;21:55:30;26.89;;;;208;07/06/2023;09:21:54;36.89;Synchronized;;;
209;07/06/2023;21:55:26;26.87;Synchronized;;;209;07/06/2023;21:56:30;26.87;;;;209;07/06/2023;09:22:09;36.92;Synchronized;;;
210;07/06/2023;21:56:26;26.88;Synchronized;;;210;07/06/2023;21:57:30;26.86;;;;210;07/06/2023;09:22:24;36.92;Synchronized;;;
211;07/06/2023;21:57:25;26.88;Synchronized;;;211;07/06/2023;21:58:30;26.87;;;;211;07/06/2023;09:22:39;36.9;Synchronized;;;
212;07/06/2023;21:58:25;26.88;Synchronized;;;212;07/06/2023;21:59:30;26.89;;;;212;07/06/2023;09:22:54;36.9;Synchronized;;;
213;07/06/2023;21:59:25;26.87;Synchronized;;;213;07/06/2023;22:00:30;26.85;;;;213;07/06/2023;09:23:09;36.92;Synchronized;;;
214;07/06/2023;22:00:25;26.87;Synchronized;;;214;07/06/2023;22:01:29;26.86;;;;214;07/06/2023;09:23:24;36.95;Synchronized;;;
215;07/06/2023;22:01:25;26.88;Synchronized;;;215;07/06/2023;22:02:29;26.86;;;;215;07/06/2023;09:23:39;36.93;Synchronized;;;
216;07/06/2023;22:02:25;26.88;Synchronized;;;216;07/06/2023;22:03:29;26.86;;;;216;07/06/2023;09:23:54;36.93;Synchronized;;;
217;07/06/2023;22:03:25;26.88;Synchronized;;;217;07/06/2023;22:04:29;26.87;;;;217;07/06/2023;09:24:09;36.95;Synchronized;;;
218;07/06/2023;22:04:25;26.88;Synchronized;;;218;07/06/2023;22:05:29;26.88;;;;218;07/06/2023;09:24:24;36.93;Synchronized;;;
219;07/06/2023;22:05:25;26.87;Synchronized;;;219;07/06/2023;22:06:29;26.86;;;;219;07/06/2023;09:24:39;36.93;Synchronized;;;
220;07/06/2023;22:06:25;26.88;Synchronized;;;220;07/06/2023;22:07:29;26.88;;;;220;07/06/2023;09:24:54;36.96;Synchronized;;;
221;07/06/2023;22:07:24;26.86;Synchronized;;;221;07/06/2023;22:08:29;26.86;;;;221;07/06/2023;09:25:09;36.97;Synchronized;;;
222;07/06/2023;22:08:24;26.86;Synchronized;;;222;07/06/2023;22:09:29;26.88;;;;222;07/06/2023;09:25:24;36.98;Synchronized;;;
223;07/06/2023;22:09:24;26.88;Synchronized;;;223;07/06/2023;22:10:29;26.89;;;;223;07/06/2023;09:25:39;36.97;Synchronized;;;
224;07/06/2023;22:10:24;26.87;Synchronized;;;224;07/06/2023;22:11:29;26.86;;;;224;07/06/2023;09:25:54;36.98;Synchronized;;;
225;07/06/2023;22:11:24;26.87;Synchronized;;;225;07/06/2023;22:12:29;26.84;;;;225;07/06/2023;09:26:09;37.01;Synchronized;;;
226;07/06/2023;22:12:24;26.87;Synchronized;;;226;07/06/2023;22:13:29;26.85;;;;226;07/06/2023;09:26:24;37;Synchronized;;;
227;07/06/2023;22:13:24;26.84;Synchronized;;;227;07/06/2023;22:14:29;26.84;;;;227;07/06/2023;09:26:39;37.01;Synchronized;;;
228;07/06/2023;22:14:24;26.88;Synchronized;;;228;07/06/2023;22:15:29;26.86;Synchronized;;;228;07/06/2023;09:26:54;37.02;Synchronized;;;
229;07/06/2023;22:15:24;26.84;Synchronized;;;229;07/06/2023;22:16:29;26.87;;;;229;07/06/2023;09:27:09;37.05;Synchronized;;;
230;07/06/2023;22:16:24;26.86;Synchronized;;;230;07/06/2023;22:17:29;26.84;;;;230;07/06/2023;09:27:24;37.03;Synchronized;;;
231;07/06/2023;22:17:23;26.84;Synchronized;;;231;07/06/2023;22:18:29;26.84;;;;231;07/06/2023;09:27:39;37.02;Synchronized;;;
232;07/06/2023;22:18:23;26.84;Synchronized;;;232;07/06/2023;22:19:29;26.84;;;;232;07/06/2023;09:27:54;37.03;Synchronized;;;
233;07/06/2023;22:19:23;26.84;Synchronized;;;233;07/06/2023;22:20:29;26.84;;;;233;07/06/2023;09:28:09;37.05;Synchronized;;;
234;07/06/2023;22:20:23;26.82;Synchronized;;;234;07/06/2023;22:21:29;26.83;;;;234;07/06/2023;09:28:24;37.05;Synchronized;;;
235;07/06/2023;22:21:23;26.84;Synchronized;;;235;07/06/2023;22:22:29;26.83;;;;235;07/06/2023;09:28:39;37.05;Synchronized;;;
236;07/06/2023;22:22:23;26.83;Synchronized;;;236;07/06/2023;22:23:29;26.83;;;;236;07/06/2023;09:28:54;37.06;Synchronized;;;
237;07/06/2023;22:23:23;26.82;Synchronized;;;237;07/06/2023;22:24:29;26.83;Synchronized;;;237;07/06/2023;09:29:09;37.07;;;;
238;07/06/2023;22:24:23;26.81;Synchronized;;;238;07/06/2023;22:25:29;26.84;;;;238;07/06/2023;09:29:24;37.06;Synchronized;;;
239;07/06/2023;22:25:23;26.83;Synchronized;;;239;07/06/2023;22:26:29;26.82;;;;239;07/06/2023;09:29:39;37.07;Synchronized;;;
240;07/06/2023;22:26:23;26.81;Synchronized;;;240;07/06/2023;22:27:29;26.81;;;;240;07/06/2023;09:29:54;37.05;Synchronized;;;
241;07/06/2023;22:27:22;26.82;Synchronized;;;241;07/06/2023;22:28:29;26.82;;;;241;07/06/2023;09:30:09;37.05;Synchronized;;;
242;07/06/2023;22:28:22;26.8;Synchronized;;;242;07/06/2023;22:29:29;26.81;;;;242;07/06/2023;09:30:24;37.06;Synchronized;;;
243;07/06/2023;22:29:22;26.81;Synchronized;;;243;07/06/2023;22:30:29;26.82;;;;243;07/06/2023;09:30:39;37.09;Synchronized;;;
244;07/06/2023;22:30:22;26.8;Synchronized;;;244;07/06/2023;22:31:29;26.8;Synchronized;;;244;07/06/2023;09:30:53;37.08;Synchronized;;;
245;07/06/2023;22:31:22;26.82;Synchronized;;;245;07/06/2023;22:32:29;26.8;;;;245;07/06/2023;09:31:08;37.08;Synchronized;;;
246;07/06/2023;22:32:22;26.81;Synchronized;;;246;07/06/2023;22:33:29;26.8;;;;246;07/06/2023;09:31:23;37.1;Synchronized;;;
247;07/06/2023;22:33:22;26.81;Synchronized;;;247;07/06/2023;22:34:29;26.8;;;;247;07/06/2023;09:31:38;37.09;Synchronized;;;
248;07/06/2023;22:34:22;26.8;Synchronized;;;248;07/06/2023;22:35:29;26.8;;;;248;07/06/2023;09:31:53;37.1;Synchronized;;;
249;07/06/2023;22:35:22;26.8;Synchronized;;;249;07/06/2023;22:36:29;26.8;;;;249;07/06/2023;09:32:08;37.11;;;;
250;07/06/2023;22:36:22;26.8;Synchronized;;;250;07/06/2023;22:37:29;26.8;;;;250;07/06/2023;09:32:23;37.09;Synchronized;;;
251;07/06/2023;22:37:22;26.8;Synchronized;;;251;07/06/2023;22:38:29;26.8;;;;251;07/06/2023;09:32:38;37.11;Synchronized;;;
252;07/06/2023;22:38:21;26.81;Synchronized;;;252;07/06/2023;22:39:29;26.81;;;;252;07/06/2023;09:32:53;37.13;Synchronized;;;
253;07/06/2023;22:39:21;26.79;Synchronized;;;253;07/06/2023;22:40:29;26.79;;;;253;07/06/2023;09:33:08;37.11;Synchronized;;;
254;07/06/2023;22:40:21;26.79;Synchronized;;;254;07/06/2023;22:41:29;26.78;;;;254;07/06/2023;09:33:23;37.1;Synchronized;;;
255;07/06/2023;22:41:21;26.78;Synchronized;;;255;07/06/2023;22:42:29;26.78;;;;255;07/06/2023;09:33:38;37.13;Synchronized;;;
256;07/06/2023;22:42:21;26.78;Synchronized;;;256;07/06/2023;22:43:29;26.78;;;;256;07/06/2023;09:33:53;37.12;;;;
257;07/06/2023;22:43:21;26.77;Synchronized;;;257;07/06/2023;22:44:29;26.78;;;;257;07/06/2023;09:34:08;37.13;Synchronized;;;
258;07/06/2023;22:44:21;26.77;Synchronized;;;258;07/06/2023;22:45:29;26.78;;;;258;07/06/2023;09:34:23;37.13;Synchronized;;;
259;07/06/2023;22:45:21;26.76;Synchronized;;;259;07/06/2023;22:46:29;26.75;;;;259;07/06/2023;09:34:38;37.12;Synchronized;;;
260;07/06/2023;22:46:21;26.77;Synchronized;;;260;07/06/2023;22:47:29;26.77;;;;260;07/06/2023;09:34:53;37.13;Synchronized;;;
261;07/06/2023;22:47:21;26.76;Synchronized;;;261;07/06/2023;22:48:29;26.77;;;;261;07/06/2023;09:35:08;37.12;Synchronized;;;
262;07/06/2023;22:48:20;26.76;Synchronized;;;262;07/06/2023;22:49:29;26.75;;;;262;07/06/2023;09:35:23;37.13;Synchronized;;;
263;07/06/2023;22:49:20;26.77;Synchronized;;;263;07/06/2023;22:50:29;26.74;;;;263;07/06/2023;09:35:38;37.11;Synchronized;;;
264;07/06/2023;22:50:20;26.75;Synchronized;;;264;07/06/2023;22:51:29;26.74;;;;264;07/06/2023;09:35:53;37.14;;;;
265;07/06/2023;22:51:20;26.74;Synchronized;;;265;07/06/2023;22:52:29;26.73;;;;265;07/06/2023;09:36:08;37.12;Synchronized;;;
266;07/06/2023;22:52:20;26.75;Synchronized;;;266;07/06/2023;22:53:29;26.74;;;;266;07/06/2023;09:36:23;37.13;Synchronized;;;
267;07/06/2023;22:53:20;26.74;Synchronized;;;267;07/06/2023;22:54:29;26.73;;;;267;07/06/2023;09:36:38;37.13;Synchronized;;;
268;07/06/2023;22:54:20;26.75;Synchronized;;;268;07/06/2023;22:55:29;26.73;;;;268;07/06/2023;09:36:53;37.11;Synchronized;;;
269;07/06/2023;22:55:20;26.76;Synchronized;;;269;07/06/2023;22:56:29;26.73;;;;269;07/06/2023;09:37:08;37.13;Synchronized;;;
270;07/06/2023;22:56:20;26.74;Synchronized;;;270;07/06/2023;22:57:29;26.73;;;;270;07/06/2023;09:37:23;37.14;Synchronized;;;
271;07/06/2023;22:57:20;26.74;Synchronized;;;271;07/06/2023;22:58:29;26.75;;;;271;07/06/2023;09:37:38;37.13;Synchronized;;;
272;07/06/2023;22:58:19;26.72;Synchronized;;;272;07/06/2023;22:59:29;26.73;;;;272;07/06/2023;09:37:53;37.13;Synchronized;;;
273;07/06/2023;22:59:19;26.74;Synchronized;;;273;07/06/2023;23:00:29;26.71;;;;273;07/06/2023;09:38:08;37.14;Synchronized;;;
274;07/06/2023;23:00:19;26.73;Synchronized;;;274;07/06/2023;23:01:29;26.74;;;;274;07/06/2023;09:38:23;37.17;Synchronized;;;
275;07/06/2023;23:01:19;26.75;Synchronized;;;275;07/06/2023;23:02:29;26.73;;;;275;07/06/2023;09:38:38;37.17;Synchronized;;;
276;07/06/2023;23:02:19;26.72;Synchronized;;;276;07/06/2023;23:03:29;26.72;;;;276;07/06/2023;09:38:53;37.17;Synchronized;;;
277;07/06/2023;23:03:19;26.7;Synchronized;;;277;07/06/2023;23:04:29;26.72;;;;277;07/06/2023;09:39:08;37.17;Synchronized;;;
278;07/06/2023;23:04:19;26.73;Synchronized;;;278;07/06/2023;23:05:29;26.73;;;;278;07/06/2023;09:39:23;37.17;Synchronized;;;
279;07/06/2023;23:05:19;26.73;Synchronized;;;279;07/06/2023;23:06:29;26.73;;;;279;07/06/2023;09:39:38;37.16;Synchronized;;;
280;07/06/2023;23:06:19;26.72;Synchronized;;;280;07/06/2023;23:07:29;26.72;;;;280;07/06/2023;09:39:53;37.16;Synchronized;;;
281;07/06/2023;23:07:19;26.71;Synchronized;;;281;07/06/2023;23:08:29;26.71;;;;281;07/06/2023;09:40:08;37.17;Synchronized;;;
282;07/06/2023;23:08:18;26.72;Synchronized;;;282;07/06/2023;23:09:29;26.72;;;;282;07/06/2023;09:40:23;37.16;Synchronized;;;
283;07/06/2023;23:09:18;26.74;Synchronized;;;283;07/06/2023;23:10:29;26.7;Synchronized;;;283;07/06/2023;09:40:38;37.17;Synchronized;;;
284;07/06/2023;23:10:18;26.7;Synchronized;;;284;07/06/2023;23:11:29;26.73;;;;284;07/06/2023;09:40:53;37.19;Synchronized;;;
285;07/06/2023;23:11:18;26.72;Synchronized;;;285;07/06/2023;23:12:29;26.72;;;;285;07/06/2023;09:41:08;37.18;Synchronized;;;
286;07/06/2023;23:12:18;26.7;Synchronized;;;286;07/06/2023;23:13:29;26.72;;;;286;07/06/2023;09:41:23;37.2;Synchronized;;;
287;07/06/2023;23:13:18;26.7;Synchronized;;;287;07/06/2023;23:14:29;26.7;;;;287;07/06/2023;09:41:38;37.2;Synchronized;;;
288;07/06/2023;23:14:18;26.7;Synchronized;;;288;07/06/2023;23:15:29;26.72;;;;288;07/06/2023;09:41:53;37.17;Synchronized;;;
289;07/06/2023;23:15:18;26.71;Synchronized;;;289;07/06/2023;23:16:29;26.7;;;;289;07/06/2023;09:42:08;37.16;Synchronized;;;
290;07/06/2023;23:16:18;26.7;Synchronized;;;290;07/06/2023;23:17:29;26.7;;;;290;07/06/2023;09:42:23;37.18;Synchronized;;;
291;07/06/2023;23:17:18;26.68;Synchronized;;;291;07/06/2023;23:18:29;26.69;;;;291;07/06/2023;09:42:38;37.17;Synchronized;;;
292;07/06/2023;23:18:18;26.68;Synchronized;;;292;07/06/2023;23:19:29;26.69;;;;292;07/06/2023;09:42:53;37.19;Synchronized;;;
293;07/06/2023;23:19:17;26.69;Synchronized;;;293;07/06/2023;23:20:29;26.71;;;;293;07/06/2023;09:43:08;37.18;Synchronized;;;
294;07/06/2023;23:20:17;26.68;Synchronized;;;294;07/06/2023;23:21:29;26.69;;;;294;07/06/2023;09:43:23;37.18;Synchronized;;;
295;07/06/2023;23:21:17;26.7;Synchronized;;;295;07/06/2023;23:22:29;26.7;;;;295;07/06/2023;09:43:38;37.17;Synchronized;;;
296;07/06/2023;23:22:17;26.69;Synchronized;;;296;07/06/2023;23:23:29;26.7;;;;296;07/06/2023;09:43:53;37.2;Synchronized;;;
297;07/06/2023;23:23:17;26.69;Synchronized;;;297;07/06/2023;23:24:29;26.67;;;;297;07/06/2023;09:44:08;37.18;Synchronized;;;
298;07/06/2023;23:24:17;26.68;Synchronized;;;298;07/06/2023;23:25:29;26.69;;;;298;07/06/2023;09:44:23;37.17;Synchronized;;;
299;07/06/2023;23:25:17;26.67;Synchronized;;;299;07/06/2023;23:26:29;26.7;;;;299;07/06/2023;09:44:38;37.18;Synchronized;;;
300;07/06/2023;23:26:17;26.67;Synchronized;;;300;07/06/2023;23:27:29;26.66;Synchronized;;;300;07/06/2023;09:44:53;37.19;Synchronized;;;
301;07/06/2023;23:27:17;26.66;Synchronized;;;301;07/06/2023;23:28:29;26.66;;;;301;07/06/2023;09:45:08;37.19;Synchronized;;;
302;07/06/2023;23:28:17;26.66;Synchronized;;;302;07/06/2023;23:29:29;26.66;;;;302;07/06/2023;09:45:23;37.17;Synchronized;;;
303;07/06/2023;23:29:16;26.65;Synchronized;;;303;07/06/2023;23:30:29;26.65;;;;303;07/06/2023;09:45:38;37.18;Synchronized;;;
304;07/06/2023;23:30:16;26.66;Synchronized;;;304;07/06/2023;23:31:29;26.66;;;;304;07/06/2023;09:45:53;37.17;Synchronized;;;
305;07/06/2023;23:31:16;26.67;Synchronized;;;305;07/06/2023;23:32:29;26.66;;;;305;07/06/2023;09:46:08;37.17;Synchronized;;;
306;07/06/2023;23:32:16;26.66;Synchronized;;;306;07/06/2023;23:33:29;26.66;;;;306;07/06/2023;09:46:23;37.19;Synchronized;;;
307;07/06/2023;23:33:16;26.66;Synchronized;;;307;07/06/2023;23:34:29;26.66;;;;307;07/06/2023;09:46:38;37.18;Synchronized;;;
308;07/06/2023;23:34:16;26.65;Synchronized;;;308;07/06/2023;23:35:29;26.65;;;;308;07/06/2023;09:46:53;37.16;Synchronized;;;
309;07/06/2023;23:35:16;26.65;Synchronized;;;309;07/06/2023;23:36:29;26.63;Synchronized;;;309;07/06/2023;09:47:08;37.2;Synchronized;;;
310;07/06/2023;23:36:16;26.66;Synchronized;;;310;07/06/2023;23:37:29;26.63;;;;310;07/06/2023;09:47:23;37.17;Synchronized;;;
311;07/06/2023;23:37:16;26.62;Synchronized;;;311;07/06/2023;23:38:29;26.63;;;;311;07/06/2023;09:47:38;37.19;Synchronized;;;
312;07/06/2023;23:38:16;26.64;Synchronized;;;312;07/06/2023;23:39:29;26.61;;;;312;07/06/2023;09:47:53;37.19;Synchronized;;;
313;07/06/2023;23:39:15;26.6;Synchronized;;;313;07/06/2023;23:40:29;26.62;;;;313;07/06/2023;09:48:08;37.2;Synchronized;;;
314;07/06/2023;23:40:15;26.6;Synchronized;;;314;07/06/2023;23:41:29;26.63;Synchronized;;;314;07/06/2023;09:48:23;37.2;Synchronized;;;
315;07/06/2023;23:41:15;26.62;Synchronized;;;315;07/06/2023;23:42:29;26.63;;;;315;07/06/2023;09:48:38;37.18;Synchronized;;;
316;07/06/2023;23:42:15;26.62;Synchronized;;;316;07/06/2023;23:43:29;26.59;;;;316;07/06/2023;09:48:53;37.18;Synchronized;;;
317;07/06/2023;23:43:15;26.62;Synchronized;;;317;07/06/2023;23:44:29;26.59;;;;317;07/06/2023;09:49:08;37.19;Synchronized;;;
318;07/06/2023;23:44:15;26.62;Synchronized;;;318;07/06/2023;23:45:29;26.61;;;;318;07/06/2023;09:49:23;37.19;Synchronized;;;
319;07/06/2023;23:45:15;26.6;Synchronized;;;319;07/06/2023;23:46:29;26.6;Synchronized;;;319;07/06/2023;09:49:38;37.19;Synchronized;;;
320;07/06/2023;23:46:15;26.6;Synchronized;;;320;07/06/2023;23:47:29;26.58;;;;320;07/06/2023;09:49:53;37.18;Synchronized;;;
321;07/06/2023;23:47:15;26.6;Synchronized;;;321;07/06/2023;23:48:29;26.59;;;;321;07/06/2023;09:50:08;37.19;Synchronized;;;
322;07/06/2023;23:48:15;26.6;Synchronized;;;322;07/06/2023;23:49:29;26.6;;;;322;07/06/2023;09:50:23;37.2;Synchronized;;;
323;07/06/2023;23:49:14;26.6;Synchronized;;;323;07/06/2023;23:50:29;26.59;;;;323;07/06/2023;09:50:38;37.19;Synchronized;;;
324;07/06/2023;23:50:14;26.59;Synchronized;;;324;07/06/2023;23:51:29;26.6;;;;324;07/06/2023;09:50:53;37.19;Synchronized;;;
325;07/06/2023;23:51:14;26.59;Synchronized;;;325;07/06/2023;23:52:29;26.59;;;;325;07/06/2023;09:51:08;37.19;Synchronized;;;
326;07/06/2023;23:52:14;26.59;Synchronized;;;326;07/06/2023;23:53:29;26.59;;;;326;07/06/2023;09:51:23;37.2;Synchronized;;;
327;07/06/2023;23:53:14;26.59;Synchronized;;;327;07/06/2023;23:54:29;26.6;;;;327;07/06/2023;09:51:38;37.19;Synchronized;;;
328;07/06/2023;23:54:14;26.58;Synchronized;;;328;07/06/2023;23:55:29;26.58;;;;328;07/06/2023;09:51:53;37.2;Synchronized;;;
329;07/06/2023;23:55:14;26.6;Synchronized;;;329;07/06/2023;23:56:29;26.58;;;;329;07/06/2023;09:52:08;37.2;Synchronized;;;
330;07/06/2023;23:56:14;26.57;Synchronized;;;330;07/06/2023;23:57:29;26.59;;;;330;07/06/2023;09:52:23;37.2;Synchronized;;;
331;07/06/2023;23:57:14;26.58;Synchronized;;;331;07/06/2023;23:58:29;26.59;;;;331;07/06/2023;09:52:38;37.2;Synchronized;;;
332;07/06/2023;23:58:14;26.59;Synchronized;;;332;07/06/2023;23:59:29;26.59;;;;332;07/06/2023;09:52:53;37.2;Synchronized;;;
333;07/06/2023;23:59:14;26.58;Synchronized;;;333;08/06/2023;00:00:29;26.58;;;;333;07/06/2023;09:53:08;37.2;Synchronized;;;
334;08/06/2023;00:00:13;26.57;Synchronized;;;334;08/06/2023;00:01:29;26.58;Synchronized;;;334;07/06/2023;09:53:23;37.2;Synchronized;;;
335;08/06/2023;00:01:13;26.57;Synchronized;;;335;08/06/2023;00:02:29;26.59;;;;335;07/06/2023;09:53:38;37.21;Synchronized;;;
336;08/06/2023;00:02:13;26.58;Synchronized;;;336;08/06/2023;00:03:29;26.57;;;;336;07/06/2023;09:53:53;37.2;Synchronized;;;
337;08/06/2023;00:03:13;26.59;Synchronized;;;337;08/06/2023;00:04:29;26.58;;;;337;07/06/2023;09:54:08;37.2;Synchronized;;;
338;08/06/2023;00:04:13;26.59;Synchronized;;;338;08/06/2023;00:05:29;26.57;;;;338;07/06/2023;09:54:23;37.2;Synchronized;;;
339;08/06/2023;00:05:13;26.59;Synchronized;;;339;08/06/2023;00:06:29;26.59;;;;339;07/06/2023;09:54:38;37.22;Synchronized;;;
340;08/06/2023;00:06:13;26.56;Synchronized;;;340;08/06/2023;00:07:29;26.57;;;;340;07/06/2023;09:54:53;37.2;Synchronized;;;
341;08/06/2023;00:07:13;26.58;Synchronized;;;341;08/06/2023;00:08:29;26.59;;;;341;07/06/2023;09:55:08;37.2;Synchronized;;;
342;08/06/2023;00:08:13;26.57;Synchronized;;;342;08/06/2023;00:09:29;26.56;;;;342;07/06/2023;09:55:23;37.2;Synchronized;;;
343;08/06/2023;00:09:13;26.56;Synchronized;;;343;08/06/2023;00:10:29;26.58;;;;343;07/06/2023;09:55:38;37.22;Synchronized;;;
344;08/06/2023;00:10:12;26.57;Synchronized;;;344;08/06/2023;00:11:29;26.58;;;;344;07/06/2023;09:55:53;37.2;Synchronized;;;
345;08/06/2023;00:11:12;26.56;Synchronized;;;345;08/06/2023;00:12:29;26.59;;;;345;07/06/2023;09:56:08;37.19;Synchronized;;;
346;08/06/2023;00:12:12;26.57;Synchronized;;;346;08/06/2023;00:13:29;26.55;;;;346;07/06/2023;09:56:23;37.22;Synchronized;;;
347;08/06/2023;00:13:12;26.55;Synchronized;;;347;08/06/2023;00:14:29;26.55;;;;347;07/06/2023;09:56:38;37.19;Synchronized;;;
348;08/06/2023;00:14:12;26.55;Synchronized;;;348;08/06/2023;00:15:29;26.56;;;;348;07/06/2023;09:56:53;37.2;Synchronized;;;
349;08/06/2023;00:15:12;26.58;Synchronized;;;349;08/06/2023;00:16:30;26.56;;;;349;07/06/2023;09:57:08;37.19;Synchronized;;;
350;08/06/2023;00:16:12;26.56;Synchronized;;;350;08/06/2023;00:17:30;26.57;;;;350;07/06/2023;09:57:23;37.2;Synchronized;;;
351;08/06/2023;00:17:12;26.56;Synchronized;;;351;08/06/2023;00:18:30;26.57;;;;351;07/06/2023;09:57:38;37.2;Synchronized;;;
352;08/06/2023;00:18:12;26.55;Synchronized;;;352;08/06/2023;00:19:30;26.55;;;;352;07/06/2023;09:57:53;37.2;Synchronized;;;
353;08/06/2023;00:19:12;26.55;Synchronized;;;353;08/06/2023;00:20:30;26.55;;;;353;07/06/2023;09:58:08;37.18;Synchronized;;;
354;08/06/2023;00:20:11;26.55;Synchronized;;;354;08/06/2023;00:21:30;26.55;;;;354;07/06/2023;09:58:23;37.2;Synchronized;;;
355;08/06/2023;00:21:11;26.53;Synchronized;;;355;08/06/2023;00:22:30;26.56;;;;355;07/06/2023;09:58:38;37.18;Synchronized;;;
356;08/06/2023;00:22:11;26.54;Synchronized;;;356;08/06/2023;00:23:30;26.54;;;;356;07/06/2023;09:58:53;37.17;Synchronized;;;
357;08/06/2023;00:23:11;26.55;Synchronized;;;357;08/06/2023;00:24:30;26.55;;;;357;07/06/2023;09:59:08;37.18;Synchronized;;;
358;08/06/2023;00:24:11;26.53;Synchronized;;;358;08/06/2023;00:25:30;26.55;;;;358;07/06/2023;09:59:23;37.16;Synchronized;;;
359;08/06/2023;00:25:11;26.53;Synchronized;;;359;08/06/2023;00:26:30;26.53;;;;359;07/06/2023;09:59:37;37.18;Synchronized;;;
360;08/06/2023;00:26:11;26.53;Synchronized;;;360;08/06/2023;00:27:30;26.54;;;;360;07/06/2023;09:59:52;37.2;Synchronized;;;
361;08/06/2023;00:27:11;26.53;Synchronized;;;361;08/06/2023;00:28:30;26.54;;;;361;07/06/2023;10:00:07;37.16;Synchronized;;;
362;08/06/2023;00:28:11;26.52;Synchronized;;;362;08/06/2023;00:29:30;26.53;;;;362;07/06/2023;10:00:22;37.2;Synchronized;;;
363;08/06/2023;00:29:11;26.52;Synchronized;;;363;08/06/2023;00:30:30;26.5;;;;363;07/06/2023;10:00:37;37.17;Synchronized;;;
364;08/06/2023;00:30:10;26.48;Synchronized;;;364;08/06/2023;00:31:30;26.52;;;;364;07/06/2023;10:00:52;37.18;Synchronized;;;
365;08/06/2023;00:31:10;26.5;Synchronized;;;365;08/06/2023;00:32:30;26.51;;;;365;07/06/2023;10:01:07;37.15;Synchronized;;;
366;08/06/2023;00:32:10;26.49;Synchronized;;;366;08/06/2023;00:33:30;26.5;;;;366;07/06/2023;10:01:22;37.14;Synchronized;;;
367;08/06/2023;00:33:10;26.49;Synchronized;;;367;08/06/2023;00:34:30;26.51;;;;367;07/06/2023;10:01:37;37.09;Synchronized;;;
368;08/06/2023;00:34:10;26.5;Synchronized;;;368;08/06/2023;00:35:30;26.53;;;;368;07/06/2023;10:01:52;36.76;Synchronized;;;
369;08/06/2023;00:35:10;26.49;Synchronized;;;369;08/06/2023;00:36:30;26.51;;;;369;07/06/2023;10:02:07;36.57;Synchronized;;;
370;08/06/2023;00:36:10;26.49;Synchronized;;;370;08/06/2023;00:37:30;26.49;;;;370;07/06/2023;10:02:22;36.44;Synchronized;;;
371;08/06/2023;00:37:10;26.5;Synchronized;;;371;08/06/2023;00:38:30;26.51;;;;371;07/06/2023;10:02:37;36.13;Synchronized;;;
372;08/06/2023;00:38:10;26.5;Synchronized;;;372;08/06/2023;00:39:30;26.5;Synchronized;;;372;07/06/2023;10:02:52;35.98;Synchronized;;;
373;08/06/2023;00:39:10;26.48;Synchronized;;;373;08/06/2023;00:40:30;26.52;Synchronized;;;373;07/06/2023;10:03:07;35.8;Synchronized;;;
374;08/06/2023;00:40:10;26.5;Synchronized;;;374;08/06/2023;00:41:30;26.52;Synchronized;;;374;07/06/2023;10:03:22;35.7;Synchronized;;;
375;08/06/2023;00:41:09;26.5;Synchronized;;;375;08/06/2023;00:42:30;26.5;Synchronized;;;375;07/06/2023;10:03:37;35.52;Synchronized;;;
376;08/06/2023;00:42:09;26.48;Synchronized;;;376;08/06/2023;00:43:30;26.5;;;;376;07/06/2023;10:03:52;35.42;Synchronized;;;
377;08/06/2023;00:43:09;26.49;Synchronized;;;377;08/06/2023;00:44:30;26.5;Synchronized;;;377;07/06/2023;10:04:07;35.37;Synchronized;;;
378;08/06/2023;00:44:09;26.48;Synchronized;;;378;08/06/2023;00:45:30;26.48;Synchronized;;;378;07/06/2023;10:04:22;35.34;Synchronized;;;
379;08/06/2023;00:45:09;26.46;Synchronized;;;379;08/06/2023;00:46:30;26.5;Synchronized;;;379;07/06/2023;10:04:37;35.27;Synchronized;;;
380;08/06/2023;00:46:09;26.49;Synchronized;;;380;08/06/2023;00:47:30;26.49;;;;380;07/06/2023;10:04:52;35.27;Synchronized;;;
381;08/06/2023;00:47:09;26.49;Synchronized;;;381;08/06/2023;00:48:30;26.5;Synchronized;;;381;07/06/2023;10:05:07;35.27;Synchronized;;;
382;08/06/2023;00:48:09;26.46;Synchronized;;;382;08/06/2023;00:49:30;26.48;;;;382;07/06/2023;10:05:22;35.23;Synchronized;;;
383;08/06/2023;00:49:09;26.47;Synchronized;;;383;08/06/2023;00:50:30;26.48;Synchronized;;;383;07/06/2023;10:05:37;35.18;Synchronized;;;
384;08/06/2023;00:50:09;26.46;Synchronized;;;384;08/06/2023;00:51:30;26.48;Synchronized;;;384;07/06/2023;10:05:52;35.24;Synchronized;;;
385;08/06/2023;00:51:08;26.45;Synchronized;;;385;08/06/2023;00:52:30;26.47;;;;385;07/06/2023;10:06:07;35.23;Synchronized;;;
386;08/06/2023;00:52:08;26.45;Synchronized;;;386;08/06/2023;00:53:30;26.48;Synchronized;;;386;07/06/2023;10:06:22;35.23;Synchronized;;;
387;08/06/2023;00:53:08;26.45;Synchronized;;;387;08/06/2023;00:54:30;26.45;Synchronized;;;387;07/06/2023;10:06:37;35.27;Synchronized;;;
388;08/06/2023;00:54:08;26.45;Synchronized;;;388;08/06/2023;00:55:30;26.46;Synchronized;;;388;07/06/2023;10:06:52;35.28;Synchronized;;;
389;08/06/2023;00:55:08;26.43;Synchronized;;;389;08/06/2023;00:56:30;26.46;;;;389;07/06/2023;10:07:07;35.33;Synchronized;;;
390;08/06/2023;00:56:08;26.41;Synchronized;;;390;08/06/2023;00:57:30;26.45;;;;390;07/06/2023;10:07:22;35.35;Synchronized;;;
391;08/06/2023;00:57:08;26.41;Synchronized;;;391;08/06/2023;00:58:30;26.45;Synchronized;;;391;07/06/2023;10:07:37;35.36;Synchronized;;;
392;08/06/2023;00:58:08;26.4;Synchronized;;;392;08/06/2023;00:59:30;26.44;Synchronized;;;392;07/06/2023;10:07:52;35.37;Synchronized;;;
393;08/06/2023;00:59:08;26.41;Synchronized;;;393;08/06/2023;01:00:30;26.41;;;;393;07/06/2023;10:08:07;35.41;Synchronized;;;
394;08/06/2023;01:00:08;26.4;Synchronized;;;394;08/06/2023;01:01:30;26.42;;;;394;07/06/2023;10:08:22;35.48;Synchronized;;;
395;08/06/2023;01:01:07;26.38;Synchronized;;;395;08/06/2023;01:02:30;26.43;Synchronized;;;395;07/06/2023;10:08:37;35.53;Synchronized;;;
396;08/06/2023;01:02:07;26.38;Synchronized;;;396;08/06/2023;01:03:30;26.43;Synchronized;;;396;07/06/2023;10:08:52;35.52;Synchronized;;;
397;08/06/2023;01:03:07;26.38;Synchronized;;;397;08/06/2023;01:04:30;26.42;Synchronized;;;397;07/06/2023;10:09:07;35.58;Synchronized;;;
398;08/06/2023;01:04:07;26.38;Synchronized;;;398;08/06/2023;01:05:30;26.41;Synchronized;;;398;07/06/2023;10:09:22;35.61;Synchronized;;;
399;08/06/2023;01:05:07;26.38;Synchronized;;;399;08/06/2023;01:06:30;26.42;Synchronized;;;399;07/06/2023;10:09:37;35.67;Synchronized;;;
400;08/06/2023;01:06:07;26.39;Synchronized;;;400;08/06/2023;01:07:30;26.41;Synchronized;;;400;07/06/2023;10:09:52;35.68;Synchronized;;;
401;08/06/2023;01:07:07;26.4;Synchronized;;;401;08/06/2023;01:08:30;26.42;Synchronized;;;401;07/06/2023;10:10:07;35.72;Synchronized;;;
402;08/06/2023;01:08:07;26.39;Synchronized;;;402;08/06/2023;01:09:30;26.42;Synchronized;;;402;07/06/2023;10:10:22;35.77;Synchronized;;;
403;08/06/2023;01:09:07;26.41;Synchronized;;;403;08/06/2023;01:10:30;26.44;Synchronized;;;403;07/06/2023;10:10:37;35.79;Synchronized;;;
404;08/06/2023;01:10:07;26.39;Synchronized;;;404;08/06/2023;01:11:30;26.43;Synchronized;;;404;07/06/2023;10:10:52;35.8;Synchronized;;;
405;08/06/2023;01:11:06;26.38;Synchronized;;;405;08/06/2023;01:12:30;26.41;;;;405;07/06/2023;10:11:07;35.88;Synchronized;;;
406;08/06/2023;01:12:06;26.38;Synchronized;;;406;08/06/2023;01:13:30;26.41;Synchronized;;;406;07/06/2023;10:11:22;35.91;Synchronized;;;
407;08/06/2023;01:13:06;26.39;Synchronized;;;407;08/06/2023;01:14:30;26.42;Synchronized;;;407;07/06/2023;10:11:37;35.95;Synchronized;;;
408;08/06/2023;01:14:06;26.4;Synchronized;;;408;08/06/2023;01:15:30;26.43;;;;408;07/06/2023;10:11:52;36;Synchronized;;;
409;08/06/2023;01:15:06;26.4;Synchronized;;;409;08/06/2023;01:16:30;26.41;;;;409;07/06/2023;10:12:07;36.04;Synchronized;;;
410;08/06/2023;01:16:06;26.38;Synchronized;;;410;08/06/2023;01:17:30;26.41;;;;410;07/06/2023;10:12:22;36.05;Synchronized;;;
411;08/06/2023;01:17:06;26.41;Synchronized;;;411;08/06/2023;01:18:30;26.41;;;;411;07/06/2023;10:12:37;36.09;Synchronized;;;
412;08/06/2023;01:18:06;26.39;Synchronized;;;412;08/06/2023;01:19:30;26.41;Synchronized;;;412;07/06/2023;10:12:52;36.09;Synchronized;;;
413;08/06/2023;01:19:06;26.38;Synchronized;;;413;08/06/2023;01:20:30;26.41;Synchronized;;;413;07/06/2023;10:13:07;36.13;Synchronized;;;
414;08/06/2023;01:20:06;26.38;Synchronized;;;414;08/06/2023;01:21:31;26.41;Synchronized;;;414;07/06/2023;10:13:22;36.14;Synchronized;;;
415;08/06/2023;01:21:06;26.4;Synchronized;;;415;08/06/2023;01:22:31;26.38;Synchronized;;;415;07/06/2023;10:13:37;36.16;Synchronized;;;
416;08/06/2023;01:22:05;26.39;Synchronized;;;416;08/06/2023;01:23:31;26.38;;;;416;07/06/2023;10:13:52;36.2;Synchronized;;;
417;08/06/2023;01:23:05;26.36;Synchronized;;;417;08/06/2023;01:24:31;26.38;Synchronized;;;417;07/06/2023;10:14:07;36.2;Synchronized;;;
418;08/06/2023;01:24:05;26.36;Synchronized;;;418;08/06/2023;01:25:31;26.38;;;;418;07/06/2023;10:14:22;36.26;Synchronized;;;
419;08/06/2023;01:25:05;26.38;Synchronized;;;419;08/06/2023;01:26:31;26.4;;;;419;07/06/2023;10:14:37;36.29;Synchronized;;;
420;08/06/2023;01:26:05;26.4;Synchronized;;;420;08/06/2023;01:27:31;26.38;Synchronized;;;420;07/06/2023;10:14:52;36.32;Synchronized;;;
421;08/06/2023;01:27:05;26.38;Synchronized;;;421;08/06/2023;01:28:31;26.38;;;;421;07/06/2023;10:15:07;36.34;Synchronized;;;
422;08/06/2023;01:28:05;26.38;Synchronized;;;422;08/06/2023;01:29:31;26.4;Synchronized;;;422;07/06/2023;10:15:22;36.37;Synchronized;;;
423;08/06/2023;01:29:05;26.38;Synchronized;;;423;08/06/2023;01:30:31;26.38;Synchronized;;;423;07/06/2023;10:15:37;36.38;Synchronized;;;
424;08/06/2023;01:30:05;26.38;Synchronized;;;424;08/06/2023;01:31:31;26.37;;;;424;07/06/2023;10:15:52;36.41;Synchronized;;;
425;08/06/2023;01:31:05;26.36;Synchronized;;;425;08/06/2023;01:32:31;26.38;Synchronized;;;425;07/06/2023;10:16:07;36.41;Synchronized;;;
426;08/06/2023;01:32:04;26.35;Synchronized;;;426;08/06/2023;01:33:31;26.38;Synchronized;;;426;07/06/2023;10:16:22;36.42;Synchronized;;;
427;08/06/2023;01:33:04;26.35;Synchronized;;;427;08/06/2023;01:34:31;26.38;;;;427;07/06/2023;10:16:37;36.45;Synchronized;;;
428;08/06/2023;01:34:04;26.36;Synchronized;;;428;08/06/2023;01:35:31;26.38;;;;428;07/06/2023;10:16:52;36.46;Synchronized;;;
429;08/06/2023;01:35:04;26.35;Synchronized;;;429;08/06/2023;01:36:31;26.38;;;;429;07/06/2023;10:17:07;36.48;Synchronized;;;
430;08/06/2023;01:36:04;26.35;Synchronized;;;430;08/06/2023;01:37:31;26.38;;;;430;07/06/2023;10:17:22;36.48;Synchronized;;;
431;08/06/2023;01:37:04;26.34;Synchronized;;;431;08/06/2023;01:38:31;26.38;Synchronized;;;431;07/06/2023;10:17:37;36.5;Synchronized;;;
432;08/06/2023;01:38:04;26.36;Synchronized;;;432;08/06/2023;01:39:31;26.38;;;;432;07/06/2023;10:17:52;36.53;Synchronized;;;
433;08/06/2023;01:39:04;26.35;Synchronized;;;433;08/06/2023;01:40:31;26.37;;;;433;07/06/2023;10:18:07;36.52;Synchronized;;;
434;08/06/2023;01:40:04;26.36;Synchronized;;;434;08/06/2023;01:41:31;26.37;Synchronized;;;434;07/06/2023;10:18:22;36.52;Synchronized;;;
435;08/06/2023;01:41:04;26.38;Synchronized;;;435;08/06/2023;01:42:31;26.38;;;;435;07/06/2023;10:18:37;36.56;Synchronized;;;
436;08/06/2023;01:42:03;26.35;Synchronized;;;436;08/06/2023;01:43:31;26.36;Synchronized;;;436;07/06/2023;10:18:52;36.58;Synchronized;;;
437;08/06/2023;01:43:03;26.35;Synchronized;;;437;08/06/2023;01:44:31;26.38;Synchronized;;;437;07/06/2023;10:19:07;36.55;Synchronized;;;
438;08/06/2023;01:44:03;26.34;Synchronized;;;438;08/06/2023;01:45:31;26.38;Synchronized;;;438;07/06/2023;10:19:22;36.44;Synchronized;;;
439;08/06/2023;01:45:03;26.34;Synchronized;;;439;08/06/2023;01:46:31;26.36;;;;439;07/06/2023;10:19:37;35.48;Synchronized;;;
440;08/06/2023;01:46:03;26.38;Synchronized;;;440;08/06/2023;01:47:31;26.35;Synchronized;;;440;07/06/2023;10:19:52;34.88;Synchronized;;;
441;08/06/2023;01:47:03;26.33;Synchronized;;;441;08/06/2023;01:48:31;26.34;;;;441;07/06/2023;10:20:07;33.59;Synchronized;;;
442;08/06/2023;01:48:03;26.33;Synchronized;;;442;08/06/2023;01:49:31;26.36;Synchronized;;;442;07/06/2023;10:20:22;32.84;Synchronized;;;
443;08/06/2023;01:49:03;26.33;Synchronized;;;443;08/06/2023;01:50:31;26.35;Synchronized;;;443;07/06/2023;10:20:37;32.73;Synchronized;;;
444;08/06/2023;01:50:03;26.33;Synchronized;;;444;08/06/2023;01:51:31;26.36;Synchronized;;;444;07/06/2023;10:20:52;32.38;Synchronized;;;
445;08/06/2023;01:51:03;26.34;Synchronized;;;445;08/06/2023;01:52:31;26.35;;;;445;07/06/2023;10:21:07;32.4;Synchronized;;;
446;08/06/2023;01:52:02;26.34;Synchronized;;;446;08/06/2023;01:53:31;26.34;Synchronized;;;446;07/06/2023;10:21:22;32.41;Synchronized;;;
447;08/06/2023;01:53:02;26.34;Synchronized;;;447;08/06/2023;01:54:31;26.36;;;;447;07/06/2023;10:21:37;32.45;Synchronized;;;
448;08/06/2023;01:54:02;26.35;Synchronized;;;448;08/06/2023;01:55:31;26.33;;;;448;07/06/2023;10:21:52;32.54;Synchronized;;;
449;08/06/2023;01:55:02;26.33;Synchronized;;;449;08/06/2023;01:56:32;26.34;;;;449;07/06/2023;10:22:07;32.57;Synchronized;;;
450;08/06/2023;01:56:02;26.33;Synchronized;;;450;08/06/2023;01:57:32;26.36;Synchronized;;;450;07/06/2023;10:22:22;32.64;Synchronized;;;
451;08/06/2023;01:57:02;26.34;Synchronized;;;451;08/06/2023;01:58:32;26.34;Synchronized;;;451;07/06/2023;10:22:37;32.77;Synchronized;;;
452;08/06/2023;01:58:02;26.31;Synchronized;;;452;08/06/2023;01:59:32;26.36;Synchronized;;;452;07/06/2023;10:22:52;32.9;;;;
453;08/06/2023;01:59:02;26.34;Synchronized;;;453;08/06/2023;02:00:32;26.34;;;;453;07/06/2023;10:23:07;32.92;Synchronized;;;
454;08/06/2023;02:00:02;26.33;Synchronized;;;454;08/06/2023;02:01:32;26.37;Synchronized;;;454;07/06/2023;10:23:22;33.06;Synchronized;;;
455;08/06/2023;02:01:02;26.35;Synchronized;;;455;08/06/2023;02:02:32;26.34;Synchronized;;;455;07/06/2023;10:23:37;33.16;Synchronized;;;
456;08/06/2023;02:02:02;26.33;Synchronized;;;456;08/06/2023;02:03:32;26.34;Synchronized;;;456;07/06/2023;10:23:52;33;Synchronized;;;
457;08/06/2023;02:03:01;26.34;Synchronized;;;457;08/06/2023;02:04:32;26.35;;;;457;07/06/2023;10:24:07;32.73;Synchronized;;;
458;08/06/2023;02:04:01;26.34;Synchronized;;;458;08/06/2023;02:05:32;26.35;Synchronized;;;458;07/06/2023;10:24:22;32.66;Synchronized;;;
459;08/06/2023;02:05:01;26.34;Synchronized;;;459;08/06/2023;02:06:32;26.37;;;;459;07/06/2023;10:24:37;32.76;Synchronized;;;
460;08/06/2023;02:06:01;26.34;Synchronized;;;460;08/06/2023;02:07:32;26.38;Synchronized;;;460;07/06/2023;10:24:52;32.88;Synchronized;;;
461;08/06/2023;02:07:01;26.35;Synchronized;;;461;08/06/2023;02:08:32;26.34;Synchronized;;;461;07/06/2023;10:25:07;32.98;Synchronized;;;
462;08/06/2023;02:08:01;26.34;Synchronized;;;462;08/06/2023;02:09:32;26.34;Synchronized;;;462;07/06/2023;10:25:22;32.92;Synchronized;;;
463;08/06/2023;02:09:01;26.33;Synchronized;;;463;08/06/2023;02:10:32;26.35;Synchronized;;;463;07/06/2023;10:25:37;33.04;Synchronized;;;
464;08/06/2023;02:10:01;26.34;Synchronized;;;464;08/06/2023;02:11:32;26.34;Synchronized;;;464;07/06/2023;10:25:52;33.25;Synchronized;;;
465;08/06/2023;02:11:01;26.32;Synchronized;;;465;08/06/2023;02:12:32;26.33;;;;465;07/06/2023;10:26:07;33.41;Synchronized;;;
466;08/06/2023;02:12:01;26.34;Synchronized;;;466;08/06/2023;02:13:32;26.34;Synchronized;;;466;07/06/2023;10:26:22;33.49;Synchronized;;;
467;08/06/2023;02:13:00;26.32;Synchronized;;;467;08/06/2023;02:14:32;26.35;;;;467;07/06/2023;10:26:37;33.59;Synchronized;;;
468;08/06/2023;02:14:00;26.32;Synchronized;;;468;08/06/2023;02:15:32;26.34;Synchronized;;;468;07/06/2023;10:26:52;33.31;Synchronized;;;
469;08/06/2023;02:15:00;26.34;Synchronized;;;469;08/06/2023;02:16:32;26.34;Synchronized;;;469;07/06/2023;10:27:07;33.26;Synchronized;;;
470;08/06/2023;02:16:00;26.32;Synchronized;;;470;08/06/2023;02:17:32;26.34;;;;470;07/06/2023;10:27:22;33.19;Synchronized;;;
471;08/06/2023;02:17:00;26.34;Synchronized;;;471;08/06/2023;02:18:32;26.34;Synchronized;;;471;07/06/2023;10:27:37;33.1;Synchronized;;;
472;08/06/2023;02:18:00;26.32;Synchronized;;;472;08/06/2023;02:19:32;26.34;;;;472;07/06/2023;10:27:52;33.17;Synchronized;;;
473;08/06/2023;02:19:00;26.34;Synchronized;;;473;08/06/2023;02:20:32;26.34;Synchronized;;;473;07/06/2023;10:28:07;33.24;Synchronized;;;
474;08/06/2023;02:20:00;26.32;Synchronized;;;474;08/06/2023;02:21:32;26.34;Synchronized;;;474;07/06/2023;10:28:22;33.38;Synchronized;;;
475;08/06/2023;02:21:00;26.32;Synchronized;;;475;08/06/2023;02:22:32;26.34;Synchronized;;;475;07/06/2023;10:28:37;33.48;Synchronized;;;
476;08/06/2023;02:22:00;26.32;Synchronized;;;476;08/06/2023;02:23:32;26.32;;;;476;07/06/2023;10:28:52;33.29;Synchronized;;;
477;08/06/2023;02:22:59;26.3;Synchronized;;;477;08/06/2023;02:24:32;26.32;Synchronized;;;477;07/06/2023;10:29:07;33.25;Synchronized;;;
478;08/06/2023;02:23:59;26.31;Synchronized;;;478;08/06/2023;02:25:32;26.32;Synchronized;;;478;07/06/2023;10:29:21;33.18;Synchronized;;;
479;08/06/2023;02:24:59;26.31;Synchronized;;;479;08/06/2023;02:26:32;26.31;Synchronized;;;479;07/06/2023;10:29:36;33.06;Synchronized;;;
480;08/06/2023;02:25:59;26.3;Synchronized;;;480;08/06/2023;02:27:32;26.3;;;;480;07/06/2023;10:29:51;33.2;Synchronized;;;
481;08/06/2023;02:26:59;26.3;Synchronized;;;481;08/06/2023;02:28:32;26.32;;;;481;07/06/2023;10:30:06;33.42;Synchronized;;;
482;08/06/2023;02:27:59;26.3;Synchronized;;;482;08/06/2023;02:29:32;26.3;Synchronized;;;482;07/06/2023;10:30:21;33.55;Synchronized;;;
483;08/06/2023;02:28:59;26.3;Synchronized;;;483;08/06/2023;02:30:32;26.3;Synchronized;;;483;07/06/2023;10:30:36;33.63;Synchronized;;;
484;08/06/2023;02:29:59;26.3;Synchronized;;;484;08/06/2023;02:31:32;26.3;Synchronized;;;484;07/06/2023;10:30:51;33.87;Synchronized;;;
485;08/06/2023;02:30:59;26.29;Synchronized;;;485;08/06/2023;02:32:33;26.3;Synchronized;;;485;07/06/2023;10:31:06;34.12;Synchronized;;;
486;08/06/2023;02:31:59;26.29;Synchronized;;;486;08/06/2023;02:33:33;26.3;Synchronized;;;486;07/06/2023;10:31:21;34.27;Synchronized;;;
487;08/06/2023;02:32:59;26.3;Synchronized;;;487;08/06/2023;02:34:33;26.31;Synchronized;;;487;07/06/2023;10:31:36;33.9;Synchronized;;;
488;08/06/2023;02:33:58;26.29;Synchronized;;;488;08/06/2023;02:35:33;26.32;Synchronized;;;488;07/06/2023;10:31:51;33.27;Synchronized;;;
489;08/06/2023;02:34:58;26.29;Synchronized;;;489;08/06/2023;02:36:33;26.31;;;;489;07/06/2023;10:32:06;32.9;Synchronized;;;
490;08/06/2023;02:35:58;26.29;Synchronized;;;490;08/06/2023;02:37:33;26.3;;;;490;07/06/2023;10:32:21;33.02;Synchronized;;;
491;08/06/2023;02:36:58;26.29;Synchronized;;;491;08/06/2023;02:38:33;26.32;;;;491;07/06/2023;10:32:36;33.22;Synchronized;;;
492;08/06/2023;02:37:58;26.3;Synchronized;;;492;08/06/2023;02:39:33;26.34;Synchronized;;;492;07/06/2023;10:32:51;33.41;Synchronized;;;
493;08/06/2023;02:38:58;26.3;Synchronized;;;493;08/06/2023;02:40:33;26.33;Synchronized;;;493;07/06/2023;10:33:06;33.5;Synchronized;;;
494;08/06/2023;02:39:58;26.3;Synchronized;;;494;08/06/2023;02:41:33;26.32;Synchronized;;;494;07/06/2023;10:33:21;33.63;Synchronized;;;
495;08/06/2023;02:40:58;26.3;Synchronized;;;495;08/06/2023;02:42:33;26.31;Synchronized;;;495;07/06/2023;10:33:36;33.8;Synchronized;;;
496;08/06/2023;02:41:58;26.31;Synchronized;;;496;08/06/2023;02:43:33;26.3;Synchronized;;;496;07/06/2023;10:33:51;33.94;Synchronized;;;
497;08/06/2023;02:42:58;26.31;Synchronized;;;497;08/06/2023;02:44:33;26.28;Synchronized;;;497;07/06/2023;10:34:06;34.05;Synchronized;;;
498;08/06/2023;02:43:57;26.3;Synchronized;;;498;08/06/2023;02:45:33;26.32;Synchronized;;;498;07/06/2023;10:34:21;34.24;Synchronized;;;
499;08/06/2023;02:44:57;26.3;Synchronized;;;499;08/06/2023;02:46:33;26.31;Synchronized;;;499;07/06/2023;10:34:36;33.81;Synchronized;;;
500;08/06/2023;02:45:57;26.3;Synchronized;;;500;08/06/2023;02:47:33;26.29;;;;500;07/06/2023;10:34:51;33.52;Synchronized;;;
501;08/06/2023;02:46:57;26.3;Synchronized;;;501;08/06/2023;02:48:33;26.29;;;;501;07/06/2023;10:35:06;33.27;Synchronized;;;
502;08/06/2023;02:47:57;26.3;Synchronized;;;502;08/06/2023;02:49:33;26.31;;;;502;07/06/2023;10:35:21;33.13;Synchronized;;;
503;08/06/2023;02:48:57;26.28;Synchronized;;;503;08/06/2023;02:50:33;26.3;Synchronized;;;503;07/06/2023;10:35:36;33.23;Synchronized;;;
504;08/06/2023;02:49:57;26.29;Synchronized;;;504;08/06/2023;02:51:33;26.27;Synchronized;;;504;07/06/2023;10:35:51;33.45;Synchronized;;;
505;08/06/2023;02:50:57;26.27;Synchronized;;;505;08/06/2023;02:52:33;26.27;;;;505;07/06/2023;10:36:06;33.64;Synchronized;;;
506;08/06/2023;02:51:57;26.28;Synchronized;;;506;08/06/2023;02:53:33;26.28;Synchronized;;;506;07/06/2023;10:36:21;33.73;Synchronized;;;
507;08/06/2023;02:52:57;26.27;Synchronized;;;507;08/06/2023;02:54:34;26.28;Synchronized;;;507;07/06/2023;10:36:36;33.02;Synchronized;;;
508;08/06/2023;02:53:56;26.28;Synchronized;;;508;08/06/2023;02:55:34;26.28;Synchronized;;;508;07/06/2023;10:36:51;32.88;Synchronized;;;
509;08/06/2023;02:54:56;26.27;Synchronized;;;509;08/06/2023;02:56:34;26.28;;;;509;07/06/2023;10:37:06;32.91;Synchronized;;;
510;08/06/2023;02:55:56;26.25;Synchronized;;;510;08/06/2023;02:57:34;26.25;Synchronized;;;510;07/06/2023;10:37:21;32.81;Synchronized;;;
511;08/06/2023;02:56:56;26.25;Synchronized;;;511;08/06/2023;02:58:34;26.29;Synchronized;;;511;07/06/2023;10:37:36;32.77;Synchronized;;;
512;08/06/2023;02:57:56;26.25;Synchronized;;;512;08/06/2023;02:59:34;26.26;Synchronized;;;512;07/06/2023;10:37:51;32.8;Synchronized;;;
513;08/06/2023;02:58:56;26.26;Synchronized;;;513;08/06/2023;03:00:34;26.25;Synchronized;;;513;07/06/2023;10:38:06;32.7;Synchronized;;;
514;08/06/2023;02:59:56;26.23;Synchronized;;;514;08/06/2023;03:01:34;26.25;Synchronized;;;514;07/06/2023;10:38:21;32.53;Synchronized;;;
515;08/06/2023;03:00:56;26.23;Synchronized;;;515;08/06/2023;03:02:34;26.27;;;;515;07/06/2023;10:38:36;32.41;Synchronized;;;
516;08/06/2023;03:01:56;26.23;Synchronized;;;516;08/06/2023;03:03:34;26.27;Synchronized;;;516;07/06/2023;10:38:51;32.3;Synchronized;;;
517;08/06/2023;03:02:56;26.23;Synchronized;;;517;08/06/2023;03:04:34;26.27;;;;517;07/06/2023;10:39:06;32.16;Synchronized;;;
518;08/06/2023;03:03:55;26.22;Synchronized;;;518;08/06/2023;03:05:34;26.23;;;;518;07/06/2023;10:39:21;32.39;Synchronized;;;
519;08/06/2023;03:04:55;26.22;Synchronized;;;519;08/06/2023;03:06:34;26.23;;;;519;07/06/2023;10:39:36;32.63;Synchronized;;;
520;08/06/2023;03:05:55;26.23;Synchronized;;;520;08/06/2023;03:07:34;26.25;;;;520;07/06/2023;10:39:51;32.83;Synchronized;;;
521;08/06/2023;03:06:55;26.23;Synchronized;;;521;08/06/2023;03:08:34;26.24;;;;521;07/06/2023;10:40:06;32.96;Synchronized;;;
522;08/06/2023;03:07:55;26.25;Synchronized;;;522;08/06/2023;03:09:34;26.26;Synchronized;;;522;07/06/2023;10:40:21;33.19;Synchronized;;;
523;08/06/2023;03:08:55;26.23;Synchronized;;;523;08/06/2023;03:10:34;26.23;Synchronized;;;523;07/06/2023;10:40:36;33.33;Synchronized;;;
524;08/06/2023;03:09:55;26.23;Synchronized;;;524;08/06/2023;03:11:34;26.25;Synchronized;;;524;07/06/2023;10:40:51;33.44;Synchronized;;;
525;08/06/2023;03:10:55;26.23;Synchronized;;;525;08/06/2023;03:12:34;26.23;;;;525;07/06/2023;10:41:06;33.57;Synchronized;;;
526;08/06/2023;03:11:55;26.22;Synchronized;;;526;08/06/2023;03:13:34;26.23;;;;526;07/06/2023;10:41:21;33.68;Synchronized;;;
527;08/06/2023;03:12:55;26.23;Synchronized;;;527;08/06/2023;03:14:34;26.23;;;;527;07/06/2023;10:41:36;33.78;Synchronized;;;
528;08/06/2023;03:13:55;26.22;Synchronized;;;528;08/06/2023;03:15:34;26.21;Synchronized;;;528;07/06/2023;10:41:51;33.9;Synchronized;;;
529;08/06/2023;03:14:54;26.2;Synchronized;;;529;08/06/2023;03:16:34;26.22;Synchronized;;;529;07/06/2023;10:42:06;34.01;Synchronized;;;
530;08/06/2023;03:15:54;26.21;Synchronized;;;530;08/06/2023;03:17:34;26.23;;;;530;07/06/2023;10:42:20;34.07;Synchronized;;;
531;08/06/2023;03:16:54;26.21;Synchronized;;;531;08/06/2023;03:18:34;26.23;Synchronized;;;531;07/06/2023;10:42:35;34.3;Synchronized;;;
532;08/06/2023;03:17:54;26.21;Synchronized;;;532;08/06/2023;03:19:35;26.21;Synchronized;;;532;07/06/2023;10:42:50;34.48;Synchronized;;;
533;08/06/2023;03:18:54;26.22;Synchronized;;;533;08/06/2023;03:20:35;26.22;;;;533;07/06/2023;10:43:05;34.6;Synchronized;;;
534;08/06/2023;03:19:54;26.22;Synchronized;;;534;08/06/2023;03:21:35;26.21;Synchronized;;;534;07/06/2023;10:43:20;34.67;Synchronized;;;
535;08/06/2023;03:20:54;26.2;Synchronized;;;535;08/06/2023;03:22:35;26.22;;;;535;07/06/2023;10:43:35;34.74;Synchronized;;;
536;08/06/2023;03:21:54;26.18;Synchronized;;;536;08/06/2023;03:23:35;26.2;;;;536;07/06/2023;10:43:50;34.91;Synchronized;;;
537;08/06/2023;03:22:54;26.2;Synchronized;;;537;08/06/2023;03:24:35;26.19;;;;537;07/06/2023;10:44:05;35.04;Synchronized;;;
538;08/06/2023;03:23:54;26.2;Synchronized;;;538;08/06/2023;03:25:35;26.19;Synchronized;;;538;07/06/2023;10:44:20;35.14;Synchronized;;;
539;08/06/2023;03:24:53;26.2;Synchronized;;;539;08/06/2023;03:26:35;26.2;Synchronized;;;539;07/06/2023;10:44:35;35.24;Synchronized;;;
540;08/06/2023;03:25:53;26.18;Synchronized;;;540;08/06/2023;03:27:35;26.2;Synchronized;;;540;07/06/2023;10:44:50;35.29;Synchronized;;;
541;08/06/2023;03:26:53;26.17;Synchronized;;;541;08/06/2023;03:28:35;26.2;Synchronized;;;541;07/06/2023;10:45:05;35.33;Synchronized;;;
542;08/06/2023;03:27:53;26.19;Synchronized;;;542;08/06/2023;03:29:35;26.2;Synchronized;;;542;07/06/2023;10:45:20;35.4;Synchronized;;;
543;08/06/2023;03:28:53;26.19;Synchronized;;;543;08/06/2023;03:30:35;26.2;Synchronized;;;543;07/06/2023;10:45:35;35.63;Synchronized;;;
544;08/06/2023;03:29:53;26.19;Synchronized;;;544;08/06/2023;03:31:35;26.19;;;;544;07/06/2023;10:45:50;35.84;Synchronized;;;
545;08/06/2023;03:30:53;26.18;Synchronized;;;545;08/06/2023;03:32:35;26.2;Synchronized;;;545;07/06/2023;10:46:05;36;Synchronized;;;
546;08/06/2023;03:31:53;26.17;Synchronized;;;546;08/06/2023;03:33:35;26.17;Synchronized;;;546;07/06/2023;10:46:20;36.13;Synchronized;;;
547;08/06/2023;03:32:53;26.18;Synchronized;;;547;08/06/2023;03:34:35;26.19;Synchronized;;;547;07/06/2023;10:46:35;36.23;Synchronized;;;
548;08/06/2023;03:33:53;26.18;Synchronized;;;548;08/06/2023;03:35:35;26.17;;;;548;07/06/2023;10:46:50;36.36;Synchronized;;;
549;08/06/2023;03:34:52;26.15;Synchronized;;;549;08/06/2023;03:36:35;26.16;Synchronized;;;549;07/06/2023;10:47:05;36.45;Synchronized;;;
550;08/06/2023;03:35:52;26.16;Synchronized;;;550;08/06/2023;03:37:35;26.16;Synchronized;;;550;07/06/2023;10:47:20;36.53;Synchronized;;;
551;08/06/2023;03:36:52;26.15;Synchronized;;;551;08/06/2023;03:38:35;26.17;Synchronized;;;551;07/06/2023;10:47:35;36.58;Synchronized;;;
552;08/06/2023;03:37:52;26.15;Synchronized;;;552;08/06/2023;03:39:36;26.16;Synchronized;;;552;07/06/2023;10:47:50;36.63;Synchronized;;;
553;08/06/2023;03:38:52;26.15;Synchronized;;;553;08/06/2023;03:40:36;26.16;Synchronized;;;553;07/06/2023;10:48:05;36.68;Synchronized;;;
554;08/06/2023;03:39:52;26.15;Synchronized;;;554;08/06/2023;03:41:36;26.17;Synchronized;;;554;07/06/2023;10:48:20;36.7;Synchronized;;;
555;08/06/2023;03:40:52;26.15;Synchronized;;;555;08/06/2023;03:42:36;26.16;;;;555;07/06/2023;10:48:35;36.72;Synchronized;;;
556;08/06/2023;03:41:52;26.17;Synchronized;;;556;08/06/2023;03:43:36;26.17;;;;556;07/06/2023;10:48:50;36.7;Synchronized;;;
557;08/06/2023;03:42:52;26.16;Synchronized;;;557;08/06/2023;03:44:36;26.16;Synchronized;;;557;07/06/2023;10:49:05;36.7;Synchronized;;;
558;08/06/2023;03:43:52;26.16;Synchronized;;;558;08/06/2023;03:45:36;26.16;Synchronized;;;558;07/06/2023;10:49:20;36.73;Synchronized;;;
559;08/06/2023;03:44:51;26.16;Synchronized;;;559;08/06/2023;03:46:36;26.16;Synchronized;;;559;07/06/2023;10:49:35;36.73;Synchronized;;;
560;08/06/2023;03:45:51;26.14;Synchronized;;;560;08/06/2023;03:47:36;26.17;Synchronized;;;560;07/06/2023;10:49:50;36.74;Synchronized;;;
561;08/06/2023;03:46:51;26.15;Synchronized;;;561;08/06/2023;03:48:36;26.16;Synchronized;;;561;07/06/2023;10:50:05;36.71;Synchronized;;;
562;08/06/2023;03:47:51;26.15;Synchronized;;;562;08/06/2023;03:49:36;26.17;;;;562;07/06/2023;10:50:20;36.66;Synchronized;;;
563;08/06/2023;03:48:51;26.16;Synchronized;;;563;08/06/2023;03:50:36;26.18;;;;563;07/06/2023;10:50:35;36.69;Synchronized;;;
564;08/06/2023;03:49:51;26.16;Synchronized;;;564;08/06/2023;03:51:36;26.16;;;;564;07/06/2023;10:50:50;36.73;Synchronized;;;
565;08/06/2023;03:50:51;26.15;Synchronized;;;565;08/06/2023;03:52:36;26.16;Synchronized;;;565;07/06/2023;10:51:05;36.77;Synchronized;;;
566;08/06/2023;03:51:51;26.13;Synchronized;;;566;08/06/2023;03:53:36;26.19;Synchronized;;;566;07/06/2023;10:51:20;36.8;Synchronized;;;
567;08/06/2023;03:52:51;26.16;Synchronized;;;567;08/06/2023;03:54:36;26.18;Synchronized;;;567;07/06/2023;10:51:35;36.84;Synchronized;;;
568;08/06/2023;03:53:51;26.16;Synchronized;;;568;08/06/2023;03:55:36;26.18;Synchronized;;;568;07/06/2023;10:51:50;36.85;Synchronized;;;
569;08/06/2023;03:54:51;26.14;Synchronized;;;569;08/06/2023;03:56:36;26.2;Synchronized;;;569;07/06/2023;10:52:05;36.87;Synchronized;;;
570;08/06/2023;03:55:50;26.17;Synchronized;;;570;08/06/2023;03:57:36;26.18;Synchronized;;;570;07/06/2023;10:52:20;36.88;Synchronized;;;
571;08/06/2023;03:56:50;26.16;Synchronized;;;571;08/06/2023;03:58:36;26.18;Synchronized;;;571;07/06/2023;10:52:35;36.88;Synchronized;;;
572;08/06/2023;03:57:50;26.18;Synchronized;;;572;08/06/2023;03:59:36;26.19;Synchronized;;;572;07/06/2023;10:52:50;36.88;Synchronized;;;
573;08/06/2023;03:58:50;26.16;Synchronized;;;573;08/06/2023;04:00:36;26.18;Synchronized;;;573;07/06/2023;10:53:05;36.88;Synchronized;;;
574;08/06/2023;03:59:50;26.17;Synchronized;;;574;08/06/2023;04:01:36;26.16;Synchronized;;;574;07/06/2023;10:53:20;36.91;Synchronized;;;
575;08/06/2023;04:00:50;26.14;Synchronized;;;575;08/06/2023;04:02:36;26.14;;;;575;07/06/2023;10:53:35;36.92;Synchronized;;;
576;08/06/2023;04:01:50;26.15;Synchronized;;;576;08/06/2023;04:03:36;26.16;Synchronized;;;576;07/06/2023;10:53:50;36.91;Synchronized;;;
577;08/06/2023;04:02:50;26.13;Synchronized;;;577;08/06/2023;04:04:36;26.14;;;;577;07/06/2023;10:54:05;36.92;Synchronized;;;
578;08/06/2023;04:03:50;26.13;Synchronized;;;578;08/06/2023;04:05:36;26.16;Synchronized;;;578;07/06/2023;10:54:20;36.93;Synchronized;;;
579;08/06/2023;04:04:50;26.14;Synchronized;;;579;08/06/2023;04:06:36;26.16;;;;579;07/06/2023;10:54:35;36.95;Synchronized;;;
580;08/06/2023;04:05:49;26.15;Synchronized;;;580;08/06/2023;04:07:36;26.16;;;;580;07/06/2023;10:54:50;36.95;Synchronized;;;
581;08/06/2023;04:06:49;26.14;Synchronized;;;581;08/06/2023;04:08:37;26.13;Synchronized;;;581;07/06/2023;10:55:05;36.93;Synchronized;;;
582;08/06/2023;04:07:49;26.15;Synchronized;;;582;08/06/2023;04:09:37;26.16;;;;582;07/06/2023;10:55:19;36.9;Synchronized;;;
583;08/06/2023;04:08:49;26.13;Synchronized;;;583;08/06/2023;04:10:37;26.16;;;;583;07/06/2023;10:55:34;36.91;Synchronized;;;
584;08/06/2023;04:09:49;26.14;Synchronized;;;584;08/06/2023;04:11:37;26.16;Synchronized;;;584;07/06/2023;10:55:49;36.93;Synchronized;;;
585;08/06/2023;04:10:49;26.12;Synchronized;;;585;08/06/2023;04:12:37;26.16;Synchronized;;;585;07/06/2023;10:56:04;36.94;Synchronized;;;
586;08/06/2023;04:11:49;26.14;Synchronized;;;586;08/06/2023;04:13:37;26.14;Synchronized;;;586;07/06/2023;10:56:19;36.95;Synchronized;;;
587;08/06/2023;04:12:49;26.14;Synchronized;;;587;08/06/2023;04:14:37;26.13;Synchronized;;;587;07/06/2023;10:56:34;36.95;Synchronized;;;
588;08/06/2023;04:13:49;26.13;Synchronized;;;588;08/06/2023;04:15:37;26.13;Synchronized;;;588;07/06/2023;10:56:49;36.99;Synchronized;;;
589;08/06/2023;04:14:49;26.13;Synchronized;;;589;08/06/2023;04:16:37;26.16;Synchronized;;;589;07/06/2023;10:57:04;36.98;Synchronized;;;
590;08/06/2023;04:15:48;26.12;Synchronized;;;590;08/06/2023;04:17:37;26.12;;;;590;07/06/2023;10:57:19;36.98;Synchronized;;;
591;08/06/2023;04:16:48;26.14;Synchronized;;;591;08/06/2023;04:18:37;26.12;;;;591;07/06/2023;10:57:34;36.98;Synchronized;;;
592;08/06/2023;04:17:48;26.12;Synchronized;;;592;08/06/2023;04:19:37;26.12;;;;592;07/06/2023;10:57:49;36.99;Synchronized;;;
593;08/06/2023;04:18:48;26.09;Synchronized;;;593;08/06/2023;04:20:37;26.11;Synchronized;;;593;07/06/2023;10:58:04;36.98;Synchronized;;;
594;08/06/2023;04:19:48;26.1;Synchronized;;;594;08/06/2023;04:21:37;26.13;Synchronized;;;594;07/06/2023;10:58:19;36.98;Synchronized;;;
595;08/06/2023;04:20:48;26.08;Synchronized;;;595;08/06/2023;04:22:37;26.09;;;;595;07/06/2023;10:58:34;36.98;Synchronized;;;
596;08/06/2023;04:21:48;26.09;Synchronized;;;596;08/06/2023;04:23:37;26.12;;;;596;07/06/2023;10:58:49;37;Synchronized;;;
597;08/06/2023;04:22:48;26.09;Synchronized;;;597;08/06/2023;04:24:37;26.12;Synchronized;;;597;07/06/2023;10:59:04;37;Synchronized;;;
598;08/06/2023;04:23:48;26.09;Synchronized;;;598;08/06/2023;04:25:37;26.11;Synchronized;;;598;07/06/2023;10:59:19;37.02;Synchronized;;;
599;08/06/2023;04:24:48;26.09;Synchronized;;;599;08/06/2023;04:26:37;26.11;Synchronized;;;599;07/06/2023;10:59:34;36.99;Synchronized;;;
600;08/06/2023;04:25:47;26.08;Synchronized;;;600;08/06/2023;04:27:37;26.1;;;;600;07/06/2023;10:59:49;36.98;Synchronized;;;
601;08/06/2023;04:26:47;26.08;Synchronized;;;601;08/06/2023;04:28:37;26.1;Synchronized;;;601;07/06/2023;11:00:04;36.99;Synchronized;;;
602;08/06/2023;04:27:47;26.08;Synchronized;;;602;08/06/2023;04:29:37;26.09;Synchronized;;;602;07/06/2023;11:00:19;36.99;Synchronized;;;
603;08/06/2023;04:28:47;26.08;Synchronized;;;603;08/06/2023;04:30:37;26.1;Synchronized;;;603;07/06/2023;11:00:34;36.99;Synchronized;;;
604;08/06/2023;04:29:47;26.1;Synchronized;;;604;08/06/2023;04:31:37;26.09;Synchronized;;;604;07/06/2023;11:00:49;36.99;Synchronized;;;
605;08/06/2023;04:30:47;26.06;Synchronized;;;605;08/06/2023;04:32:37;26.09;;;;605;07/06/2023;11:01:04;36.97;Synchronized;;;
606;08/06/2023;04:31:47;26.06;Synchronized;;;606;08/06/2023;04:33:37;26.09;;;;606;07/06/2023;11:01:19;36.96;Synchronized;;;
607;08/06/2023;04:32:47;26.06;Synchronized;;;607;08/06/2023;04:34:37;26.09;Synchronized;;;607;07/06/2023;11:01:34;36.95;Synchronized;;;
608;08/06/2023;04:33:47;26.08;Synchronized;;;608;08/06/2023;04:35:37;26.09;Synchronized;;;608;07/06/2023;11:01:49;36.95;Synchronized;;;
609;08/06/2023;04:34:47;26.06;Synchronized;;;609;08/06/2023;04:36:38;26.09;Synchronized;;;609;07/06/2023;11:02:04;36.94;Synchronized;;;
610;08/06/2023;04:35:47;26.07;Synchronized;;;610;08/06/2023;04:37:38;26.08;Synchronized;;;610;07/06/2023;11:02:19;36.95;Synchronized;;;
611;08/06/2023;04:36:46;26.05;Synchronized;;;611;08/06/2023;04:38:38;26.09;;;;611;07/06/2023;11:02:34;36.95;Synchronized;;;
612;08/06/2023;04:37:46;26.05;Synchronized;;;612;08/06/2023;04:39:38;26.09;;;;612;07/06/2023;11:02:49;36.94;Synchronized;;;
613;08/06/2023;04:38:46;26.07;Synchronized;;;613;08/06/2023;04:40:38;26.09;;;;613;07/06/2023;11:03:04;36.95;Synchronized;;;
614;08/06/2023;04:39:46;26.05;Synchronized;;;614;08/06/2023;04:41:38;26.07;;;;614;07/06/2023;11:03:19;36.95;Synchronized;;;
615;08/06/2023;04:40:46;26.06;Synchronized;;;615;08/06/2023;04:42:38;26.08;;;;615;07/06/2023;11:03:34;36.94;Synchronized;;;
616;08/06/2023;04:41:46;26.06;Synchronized;;;616;08/06/2023;04:43:38;26.11;Synchronized;;;616;07/06/2023;11:03:49;36.94;Synchronized;;;
617;08/06/2023;04:42:46;26.06;Synchronized;;;617;08/06/2023;04:44:38;26.09;Synchronized;;;617;07/06/2023;11:04:04;36.94;Synchronized;;;
618;08/06/2023;04:43:46;26.07;Synchronized;;;618;08/06/2023;04:45:38;26.07;;;;618;07/06/2023;11:04:19;36.95;Synchronized;;;
619;08/06/2023;04:44:46;26.07;Synchronized;;;619;08/06/2023;04:46:38;26.07;Synchronized;;;619;07/06/2023;11:04:34;36.95;Synchronized;;;
620;08/06/2023;04:45:46;26.06;Synchronized;;;620;08/06/2023;04:47:38;26.09;Synchronized;;;620;07/06/2023;11:04:49;36.95;Synchronized;;;
621;08/06/2023;04:46:45;26.07;Synchronized;;;621;08/06/2023;04:48:38;26.09;Synchronized;;;621;07/06/2023;11:05:04;36.95;Synchronized;;;
622;08/06/2023;04:47:45;26.05;Synchronized;;;622;08/06/2023;04:49:38;26.09;;;;622;07/06/2023;11:05:19;36.93;Synchronized;;;
623;08/06/2023;04:48:45;26.05;Synchronized;;;623;08/06/2023;04:50:38;26.08;;;;623;07/06/2023;11:05:34;36.95;Synchronized;;;
624;08/06/2023;04:49:45;26.05;Synchronized;;;624;08/06/2023;04:51:38;26.08;;;;624;07/06/2023;11:05:49;36.94;Synchronized;;;
625;08/06/2023;04:50:45;26.04;Synchronized;;;625;08/06/2023;04:52:38;26.09;Synchronized;;;625;07/06/2023;11:06:04;36.94;Synchronized;;;
626;08/06/2023;04:51:45;26.05;Synchronized;;;626;08/06/2023;04:53:38;26.07;Synchronized;;;626;07/06/2023;11:06:19;36.96;Synchronized;;;
627;08/06/2023;04:52:45;26.04;Synchronized;;;627;08/06/2023;04:54:38;26.05;Synchronized;;;627;07/06/2023;11:06:34;36.95;Synchronized;;;
628;08/06/2023;04:53:45;26.05;Synchronized;;;628;08/06/2023;04:55:38;26.05;Synchronized;;;628;07/06/2023;11:06:49;36.95;Synchronized;;;
629;08/06/2023;04:54:45;26.04;Synchronized;;;629;08/06/2023;04:56:38;26.07;Synchronized;;;629;07/06/2023;11:07:04;36.94;Synchronized;;;
630;08/06/2023;04:55:45;26.02;Synchronized;;;630;08/06/2023;04:57:39;26.06;Synchronized;;;630;07/06/2023;11:07:19;36.96;Synchronized;;;
631;08/06/2023;04:56:44;26.02;Synchronized;;;631;08/06/2023;04:58:39;26.06;Synchronized;;;631;07/06/2023;11:07:34;36.95;Synchronized;;;
632;08/06/2023;04:57:44;26.02;Synchronized;;;632;08/06/2023;04:59:39;26.05;Synchronized;;;632;07/06/2023;11:07:49;36.95;Synchronized;;;
633;08/06/2023;04:58:44;26.02;Synchronized;;;633;08/06/2023;05:00:39;26.05;Synchronized;;;633;07/06/2023;11:08:04;36.97;Synchronized;;;
634;08/06/2023;04:59:44;26.03;Synchronized;;;634;08/06/2023;05:01:39;26.07;;;;634;07/06/2023;11:08:18;36.95;Synchronized;;;
635;08/06/2023;05:00:44;26.04;Synchronized;;;635;08/06/2023;05:02:39;26.05;Synchronized;;;635;07/06/2023;11:08:33;36.94;Synchronized;;;
636;08/06/2023;05:01:44;26.04;Synchronized;;;636;08/06/2023;05:03:39;26.05;Synchronized;;;636;07/06/2023;11:08:48;36.95;Synchronized;;;
637;08/06/2023;05:02:44;26.03;Synchronized;;;637;08/06/2023;05:04:39;26.06;;;;637;07/06/2023;11:09:03;36.94;Synchronized;;;
638;08/06/2023;05:03:44;26.03;Synchronized;;;638;08/06/2023;05:05:39;26.04;;;;638;07/06/2023;11:09:18;36.93;Synchronized;;;
639;08/06/2023;05:04:44;26.03;Synchronized;;;639;08/06/2023;05:06:39;26.05;Synchronized;;;639;07/06/2023;11:09:33;36.91;Synchronized;;;
640;08/06/2023;05:05:44;26.03;Synchronized;;;640;08/06/2023;05:07:39;26.05;;;;640;07/06/2023;11:09:48;36.9;Synchronized;;;
641;08/06/2023;05:06:43;26.03;Synchronized;;;641;08/06/2023;05:08:39;26.04;;;;641;07/06/2023;11:10:03;36.9;Synchronized;;;
642;08/06/2023;05:07:43;26.02;Synchronized;;;642;08/06/2023;05:09:39;26.05;;;;642;07/06/2023;11:10:18;36.91;Synchronized;;;
643;08/06/2023;05:08:43;26.04;Synchronized;;;643;08/06/2023;05:10:39;26.05;Synchronized;;;643;07/06/2023;11:10:33;36.9;Synchronized;;;
644;08/06/2023;05:09:43;26.02;Synchronized;;;644;08/06/2023;05:11:39;26.05;Synchronized;;;644;07/06/2023;11:10:48;36.88;Synchronized;;;
645;08/06/2023;05:10:43;26.02;Synchronized;;;645;08/06/2023;05:12:39;26.04;Synchronized;;;645;07/06/2023;11:11:03;36.87;Synchronized;;;
646;08/06/2023;05:11:43;26.02;Synchronized;;;646;08/06/2023;05:13:39;26.04;;;;646;07/06/2023;11:11:18;36.85;Synchronized;;;
647;08/06/2023;05:12:43;26.02;Synchronized;;;647;08/06/2023;05:14:39;26.05;Synchronized;;;647;07/06/2023;11:11:33;36.84;Synchronized;;;
648;08/06/2023;05:13:43;26.02;Synchronized;;;648;08/06/2023;05:15:39;26.05;;;;648;07/06/2023;11:11:48;36.84;Synchronized;;;
649;08/06/2023;05:14:43;26.03;Synchronized;;;649;08/06/2023;05:16:40;26.02;;;;649;07/06/2023;11:12:03;36.83;Synchronized;;;
650;08/06/2023;05:15:43;26.01;Synchronized;;;650;08/06/2023;05:17:40;26.04;Synchronized;;;650;07/06/2023;11:12:18;36.78;Synchronized;;;
651;08/06/2023;05:16:43;25.99;Synchronized;;;651;08/06/2023;05:18:40;26.03;Synchronized;;;651;07/06/2023;11:12:33;36.78;Synchronized;;;
652;08/06/2023;05:17:42;26.01;Synchronized;;;652;08/06/2023;05:19:40;26.02;;;;652;07/06/2023;11:12:48;36.79;Synchronized;;;
653;08/06/2023;05:18:42;25.99;Synchronized;;;653;08/06/2023;05:20:40;26.01;Synchronized;;;653;07/06/2023;11:13:03;36.84;Synchronized;;;
654;08/06/2023;05:19:42;26.01;Synchronized;;;654;08/06/2023;05:21:40;26.02;Synchronized;;;654;07/06/2023;11:13:18;36.85;Synchronized;;;
655;08/06/2023;05:20:42;25.99;Synchronized;;;655;08/06/2023;05:22:40;26.03;Synchronized;;;655;07/06/2023;11:13:33;36.85;Synchronized;;;
656;08/06/2023;05:21:42;26.01;Synchronized;;;656;08/06/2023;05:23:40;26.01;;;;656;07/06/2023;11:13:48;36.84;Synchronized;;;
657;08/06/2023;05:22:42;26.01;Synchronized;;;657;08/06/2023;05:24:40;26;Synchronized;;;657;07/06/2023;11:14:03;36.82;Synchronized;;;
658;08/06/2023;05:23:42;25.98;Synchronized;;;658;08/06/2023;05:25:40;26;Synchronized;;;658;07/06/2023;11:14:18;36.84;Synchronized;;;
659;08/06/2023;05:24:42;26.01;Synchronized;;;659;08/06/2023;05:26:40;26.01;Synchronized;;;659;07/06/2023;11:14:33;36.81;Synchronized;;;
660;08/06/2023;05:25:42;26.01;Synchronized;;;660;08/06/2023;05:27:40;26.01;Synchronized;;;660;07/06/2023;11:14:48;36.79;Synchronized;;;
661;08/06/2023;05:26:42;25.98;Synchronized;;;661;08/06/2023;05:28:40;26;;;;661;07/06/2023;11:15:03;36.79;Synchronized;;;
662;08/06/2023;05:27:41;25.99;Synchronized;;;662;08/06/2023;05:29:40;26;Synchronized;;;662;07/06/2023;11:15:18;36.79;Synchronized;;;
663;08/06/2023;05:28:41;25.98;Synchronized;;;663;08/06/2023;05:30:40;26;Synchronized;;;663;07/06/2023;11:15:33;36.78;Synchronized;;;
664;08/06/2023;05:29:41;25.98;Synchronized;;;664;08/06/2023;05:31:40;26.02;Synchronized;;;664;07/06/2023;11:15:48;36.77;Synchronized;;;
665;08/06/2023;05:30:41;25.99;Synchronized;;;665;08/06/2023;05:32:40;26.01;Synchronized;;;665;07/06/2023;11:16:03;36.79;Synchronized;;;
666;08/06/2023;05:31:41;25.98;Synchronized;;;666;08/06/2023;05:33:40;26;Synchronized;;;666;07/06/2023;11:16:18;36.77;Synchronized;;;
667;08/06/2023;05:32:41;25.98;Synchronized;;;667;08/06/2023;05:34:41;26.01;Synchronized;;;667;07/06/2023;11:16:33;36.78;Synchronized;;;
668;08/06/2023;05:33:41;25.98;Synchronized;;;668;08/06/2023;05:35:41;26.01;Synchronized;;;668;07/06/2023;11:16:48;36.77;Synchronized;;;
669;08/06/2023;05:34:41;25.98;Synchronized;;;669;08/06/2023;05:36:41;25.99;Synchronized;;;669;07/06/2023;11:17:03;36.76;Synchronized;;;
670;08/06/2023;05:35:41;25.97;Synchronized;;;670;08/06/2023;05:37:41;25.97;Synchronized;;;670;07/06/2023;11:17:18;36.77;Synchronized;;;
671;08/06/2023;05:36:41;25.96;Synchronized;;;671;08/06/2023;05:38:41;25.98;;;;671;07/06/2023;11:17:33;36.77;Synchronized;;;
672;08/06/2023;05:37:40;25.96;Synchronized;;;672;08/06/2023;05:39:41;25.96;Synchronized;;;672;07/06/2023;11:17:48;36.75;Synchronized;;;
673;08/06/2023;05:38:40;25.95;Synchronized;;;673;08/06/2023;05:40:41;25.98;Synchronized;;;673;07/06/2023;11:18:03;36.78;Synchronized;;;
674;08/06/2023;05:39:40;25.95;Synchronized;;;674;08/06/2023;05:41:41;25.95;Synchronized;;;674;07/06/2023;11:18:18;36.77;Synchronized;;;
675;08/06/2023;05:40:40;25.95;Synchronized;;;675;08/06/2023;05:42:41;25.93;;;;675;07/06/2023;11:18:33;36.77;Synchronized;;;
676;08/06/2023;05:41:40;25.94;Synchronized;;;676;08/06/2023;05:43:41;25.95;Synchronized;;;676;07/06/2023;11:18:48;36.79;Synchronized;;;
677;08/06/2023;05:42:40;25.92;Synchronized;;;677;08/06/2023;05:44:41;25.91;;;;677;07/06/2023;11:19:03;36.78;Synchronized;;;
678;08/06/2023;05:43:40;25.89;Synchronized;;;678;08/06/2023;05:45:41;25.93;Synchronized;;;678;07/06/2023;11:19:18;36.78;Synchronized;;;
679;08/06/2023;05:44:40;25.89;Synchronized;;;679;08/06/2023;05:46:41;25.91;Synchronized;;;679;07/06/2023;11:19:33;36.79;Synchronized;;;
680;08/06/2023;05:45:40;25.89;Synchronized;;;680;08/06/2023;05:47:41;25.91;;;;680;07/06/2023;11:19:48;36.79;Synchronized;;;
681;08/06/2023;05:46:40;25.89;Synchronized;;;681;08/06/2023;05:48:41;25.91;Synchronized;;;681;07/06/2023;11:20:03;36.79;Synchronized;;;
682;08/06/2023;05:47:39;25.91;Synchronized;;;682;08/06/2023;05:49:41;25.91;;;;682;07/06/2023;11:20:18;36.81;Synchronized;;;
683;08/06/2023;05:48:39;25.92;Synchronized;;;683;08/06/2023;05:50:41;25.93;Synchronized;;;683;07/06/2023;11:20:33;36.8;Synchronized;;;
684;08/06/2023;05:49:39;25.91;Synchronized;;;684;08/06/2023;05:51:41;25.91;Synchronized;;;684;07/06/2023;11:20:48;36.81;Synchronized;;;
685;08/06/2023;05:50:39;25.89;Synchronized;;;685;08/06/2023;05:52:41;25.91;;;;685;07/06/2023;11:21:03;36.82;Synchronized;;;
686;08/06/2023;05:51:39;25.91;Synchronized;;;686;08/06/2023;05:53:41;25.89;;;;686;07/06/2023;11:21:17;36.83;Synchronized;;;
687;08/06/2023;05:52:39;25.9;Synchronized;;;687;08/06/2023;05:54:41;25.88;Synchronized;;;687;07/06/2023;11:21:32;36.84;Synchronized;;;
688;08/06/2023;05:53:39;25.89;Synchronized;;;688;08/06/2023;05:55:41;25.84;;;;688;07/06/2023;11:21:47;36.84;Synchronized;;;
689;08/06/2023;05:54:39;25.88;Synchronized;;;689;08/06/2023;05:56:42;25.84;;;;689;07/06/2023;11:22:02;36.86;Synchronized;;;
690;08/06/2023;05:55:39;25.84;Synchronized;;;690;08/06/2023;05:57:42;25.85;;;;690;07/06/2023;11:22:17;36.84;Synchronized;;;
691;08/06/2023;05:56:39;25.86;Synchronized;;;691;08/06/2023;05:58:42;25.84;;;;691;07/06/2023;11:22:32;36.84;Synchronized;;;
692;08/06/2023;05:57:39;25.84;Synchronized;;;692;08/06/2023;05:59:42;25.84;;;;692;07/06/2023;11:22:47;36.84;Synchronized;;;
693;08/06/2023;05:58:38;25.83;Synchronized;;;693;08/06/2023;06:00:42;25.82;;;;693;07/06/2023;11:23:02;36.87;Synchronized;;;
694;08/06/2023;05:59:38;25.82;Synchronized;;;694;08/06/2023;06:01:42;25.83;Synchronized;;;694;07/06/2023;11:23:17;36.84;Synchronized;;;
695;08/06/2023;06:00:38;25.8;Synchronized;;;695;08/06/2023;06:02:42;25.83;Synchronized;;;695;07/06/2023;11:23:32;36.87;Synchronized;;;
696;08/06/2023;06:01:38;25.82;Synchronized;;;696;08/06/2023;06:03:42;25.84;Synchronized;;;696;07/06/2023;11:23:47;36.86;Synchronized;;;
697;08/06/2023;06:02:38;25.83;Synchronized;;;697;08/06/2023;06:04:42;25.85;;;;697;07/06/2023;11:24:02;36.88;Synchronized;;;
698;08/06/2023;06:03:38;25.83;Synchronized;;;698;08/06/2023;06:05:42;25.84;Synchronized;;;698;07/06/2023;11:24:17;36.88;Synchronized;;;
699;08/06/2023;06:04:38;25.85;Synchronized;;;699;08/06/2023;06:06:42;25.84;;;;699;07/06/2023;11:24:32;36.89;Synchronized;;;
700;08/06/2023;06:05:38;25.83;Synchronized;;;700;08/06/2023;06:07:42;25.85;;;;700;07/06/2023;11:24:47;36.89;Synchronized;;;
701;08/06/2023;06:06:38;25.83;Synchronized;;;701;08/06/2023;06:08:42;25.84;Synchronized;;;701;07/06/2023;11:25:02;36.9;Synchronized;;;
702;08/06/2023;06:07:38;25.81;Synchronized;;;702;08/06/2023;06:09:42;25.84;Synchronized;;;702;07/06/2023;11:25:17;36.91;Synchronized;;;
703;08/06/2023;06:08:37;25.84;Synchronized;;;703;08/06/2023;06:10:43;25.85;Synchronized;;;703;07/06/2023;11:25:32;36.89;Synchronized;;;
704;08/06/2023;06:09:37;25.84;Synchronized;;;704;08/06/2023;06:11:43;25.83;Synchronized;;;704;07/06/2023;11:25:47;36.9;Synchronized;;;
705;08/06/2023;06:10:37;25.83;Synchronized;;;705;08/06/2023;06:12:43;25.81;Synchronized;;;705;07/06/2023;11:26:02;36.9;Synchronized;;;
706;08/06/2023;06:11:37;25.82;Synchronized;;;706;08/06/2023;06:13:43;25.81;;;;706;07/06/2023;11:26:17;36.89;Synchronized;;;
707;08/06/2023;06:12:37;25.81;Synchronized;;;707;08/06/2023;06:14:43;25.8;;;;707;07/06/2023;11:26:32;36.89;Synchronized;;;
708;08/06/2023;06:13:37;25.77;Synchronized;;;708;08/06/2023;06:15:43;25.82;;;;708;07/06/2023;11:26:47;36.89;Synchronized;;;
709;08/06/2023;06:14:37;25.8;Synchronized;;;709;08/06/2023;06:16:43;25.82;;;;709;07/06/2023;11:27:02;36.93;Synchronized;;;
710;08/06/2023;06:15:37;25.79;Synchronized;;;710;08/06/2023;06:17:43;25.83;Synchronized;;;710;07/06/2023;11:27:17;36.91;Synchronized;;;
711;08/06/2023;06:16:37;25.82;Synchronized;;;711;08/06/2023;06:18:43;25.83;Synchronized;;;711;07/06/2023;11:27:32;36.95;Synchronized;;;
712;08/06/2023;06:17:37;25.81;Synchronized;;;712;08/06/2023;06:19:43;25.83;Synchronized;;;712;07/06/2023;11:27:47;36.91;;;;
713;08/06/2023;06:18:36;25.82;Synchronized;;;713;08/06/2023;06:20:43;25.8;Synchronized;;;713;07/06/2023;11:28:02;36.91;Synchronized;;;
714;08/06/2023;06:19:36;25.82;Synchronized;;;714;08/06/2023;06:21:43;25.83;Synchronized;;;714;07/06/2023;11:28:17;36.92;Synchronized;;;
715;08/06/2023;06:20:36;25.82;Synchronized;;;715;08/06/2023;06:22:43;25.83;Synchronized;;;715;07/06/2023;11:28:32;36.93;Synchronized;;;
716;08/06/2023;06:21:36;25.84;Synchronized;;;716;08/06/2023;06:23:43;25.81;;;;716;07/06/2023;11:28:47;36.92;Synchronized;;;
717;08/06/2023;06:22:36;25.82;Synchronized;;;717;08/06/2023;06:24:43;25.83;;;;717;07/06/2023;11:29:02;36.91;Synchronized;;;
718;08/06/2023;06:23:36;25.84;Synchronized;;;718;08/06/2023;06:25:43;25.84;Synchronized;;;718;07/06/2023;11:29:17;36.94;Synchronized;;;
719;08/06/2023;06:24:36;25.84;Synchronized;;;719;08/06/2023;06:26:43;25.8;Synchronized;;;719;07/06/2023;11:29:32;36.91;Synchronized;;;
720;08/06/2023;06:25:36;25.81;Synchronized;;;720;08/06/2023;06:27:43;25.8;Synchronized;;;720;07/06/2023;11:29:47;36.91;Synchronized;;;
721;08/06/2023;06:26:36;25.77;Synchronized;;;721;08/06/2023;06:28:43;25.77;Synchronized;;;721;07/06/2023;11:30:02;36.9;Synchronized;;;
722;08/06/2023;06:27:36;25.78;Synchronized;;;722;08/06/2023;06:29:44;25.79;Synchronized;;;722;07/06/2023;11:30:17;36.93;Synchronized;;;
723;08/06/2023;06:28:35;25.74;Synchronized;;;723;08/06/2023;06:30:44;25.77;Synchronized;;;723;07/06/2023;11:30:32;36.95;Synchronized;;;
724;08/06/2023;06:29:35;25.74;Synchronized;;;724;08/06/2023;06:31:44;25.77;Synchronized;;;724;07/06/2023;11:30:47;36.95;Synchronized;;;
725;08/06/2023;06:30:35;25.77;Synchronized;;;725;08/06/2023;06:32:44;25.77;Synchronized;;;725;07/06/2023;11:31:02;36.97;Synchronized;;;
726;08/06/2023;06:31:35;25.74;Synchronized;;;726;08/06/2023;06:33:44;25.79;;;;726;07/06/2023;11:31:17;36.95;Synchronized;;;
727;08/06/2023;06:32:35;25.77;Synchronized;;;727;08/06/2023;06:34:44;25.79;Synchronized;;;727;07/06/2023;11:31:32;36.95;Synchronized;;;
728;08/06/2023;06:33:35;25.77;Synchronized;;;728;08/06/2023;06:35:44;25.81;Synchronized;;;728;07/06/2023;11:31:46;36.96;Synchronized;;;
729;08/06/2023;06:34:35;25.78;Synchronized;;;729;08/06/2023;06:36:44;25.8;Synchronized;;;729;07/06/2023;11:32:01;36.94;Synchronized;;;
730;08/06/2023;06:35:35;25.77;Synchronized;;;730;08/06/2023;06:37:44;25.8;Synchronized;;;730;07/06/2023;11:32:16;36.93;Synchronized;;;
731;08/06/2023;06:36:35;25.79;Synchronized;;;731;08/06/2023;06:38:44;25.77;;;;731;07/06/2023;11:32:31;36.94;Synchronized;;;
732;08/06/2023;06:37:35;25.8;Synchronized;;;732;08/06/2023;06:39:44;25.79;;;;732;07/06/2023;11:32:46;36.94;Synchronized;;;
733;08/06/2023;06:38:35;25.8;Synchronized;;;733;08/06/2023;06:40:45;25.8;;;;733;07/06/2023;11:33:01;36.95;Synchronized;;;
734;08/06/2023;06:39:34;25.75;Synchronized;;;734;08/06/2023;06:41:45;25.8;Synchronized;;;734;07/06/2023;11:33:16;36.96;Synchronized;;;
735;08/06/2023;06:40:34;25.8;Synchronized;;;735;08/06/2023;06:42:45;25.81;Synchronized;;;735;07/06/2023;11:33:31;36.93;Synchronized;;;
736;08/06/2023;06:41:34;25.79;Synchronized;;;736;08/06/2023;06:43:45;25.81;Synchronized;;;736;07/06/2023;11:33:46;36.94;Synchronized;;;
737;08/06/2023;06:42:34;25.8;Synchronized;;;737;08/06/2023;06:44:45;25.8;Synchronized;;;737;07/06/2023;11:34:01;36.93;Synchronized;;;
738;08/06/2023;06:43:34;25.8;Synchronized;;;738;08/06/2023;06:45:45;25.81;Synchronized;;;738;07/06/2023;11:34:16;36.94;Synchronized;;;
739;08/06/2023;06:44:34;25.81;Synchronized;;;739;08/06/2023;06:46:45;25.83;Synchronized;;;739;07/06/2023;11:34:31;36.95;Synchronized;;;
740;08/06/2023;06:45:34;25.82;Synchronized;;;740;08/06/2023;06:47:45;25.86;Synchronized;;;740;07/06/2023;11:34:46;36.92;Synchronized;;;
741;08/06/2023;06:46:34;25.84;Synchronized;;;741;08/06/2023;06:48:45;25.85;Synchronized;;;741;07/06/2023;11:35:01;36.89;Synchronized;;;
742;08/06/2023;06:47:34;25.84;Synchronized;;;742;08/06/2023;06:49:45;25.85;;;;742;07/06/2023;11:35:16;36.9;;;;
743;08/06/2023;06:48:34;25.84;Synchronized;;;743;08/06/2023;06:50:45;25.86;;;;743;07/06/2023;11:35:31;36.9;;;;
744;08/06/2023;06:49:33;25.86;Synchronized;;;744;08/06/2023;06:51:45;25.87;Synchronized;;;744;07/06/2023;11:35:46;36.91;;;;
745;08/06/2023;06:50:33;25.86;Synchronized;;;745;08/06/2023;06:52:45;25.85;Synchronized;;;745;07/06/2023;11:36:01;36.92;;;;
746;08/06/2023;06:51:33;25.86;Synchronized;;;746;08/06/2023;06:53:46;25.85;Synchronized;;;746;07/06/2023;11:36:16;36.93;Synchronized;;;
747;08/06/2023;06:52:33;25.85;Synchronized;;;747;08/06/2023;06:54:46;25.84;Synchronized;;;747;07/06/2023;11:36:31;36.93;Synchronized;;;
748;08/06/2023;06:53:33;25.87;Synchronized;;;748;08/06/2023;06:55:46;25.84;Synchronized;;;748;07/06/2023;11:36:46;36.91;Synchronized;;;
749;08/06/2023;06:54:33;25.82;Synchronized;;;749;08/06/2023;06:56:46;25.84;;;;749;07/06/2023;11:37:01;36.89;Synchronized;;;
750;08/06/2023;06:55:33;25.84;Synchronized;;;750;08/06/2023;06:57:46;25.83;;;;750;07/06/2023;11:37:16;36.89;Synchronized;;;
751;08/06/2023;06:56:33;25.84;Synchronized;;;751;08/06/2023;06:58:46;25.81;Synchronized;;;751;07/06/2023;11:37:31;36.88;Synchronized;;;
752;08/06/2023;06:57:33;25.81;Synchronized;;;752;08/06/2023;06:59:46;25.81;;;;752;07/06/2023;11:37:46;36.9;Synchronized;;;
753;08/06/2023;06:58:33;25.8;Synchronized;;;753;08/06/2023;07:00:46;25.82;;;;753;07/06/2023;11:38:01;36.9;Synchronized;;;
754;08/06/2023;06:59:32;25.8;Synchronized;;;754;08/06/2023;07:01:46;25.81;Synchronized;;;754;07/06/2023;11:38:16;36.87;Synchronized;;;
755;08/06/2023;07:00:32;25.8;Synchronized;;;755;08/06/2023;07:02:46;25.82;;;;755;07/06/2023;11:38:31;36.88;Synchronized;;;
756;08/06/2023;07:01:32;25.83;Synchronized;;;756;08/06/2023;07:03:46;25.84;Synchronized;;;756;07/06/2023;11:38:46;36.9;Synchronized;;;
757;08/06/2023;07:02:32;25.8;Synchronized;;;757;08/06/2023;07:04:46;25.84;;;;757;07/06/2023;11:39:01;36.88;Synchronized;;;
758;08/06/2023;07:03:32;25.84;Synchronized;;;758;08/06/2023;07:05:46;25.84;;;;758;07/06/2023;11:39:16;36.88;Synchronized;;;
759;08/06/2023;07:04:32;25.84;Synchronized;;;759;08/06/2023;07:06:46;25.8;;;;759;07/06/2023;11:39:30;36.88;Synchronized;;;
760;08/06/2023;07:05:32;25.84;Synchronized;;;760;08/06/2023;07:07:46;25.82;;;;760;07/06/2023;11:39:45;36.87;Synchronized;;;
761;08/06/2023;07:06:32;25.83;Synchronized;;;761;08/06/2023;07:08:47;25.81;Synchronized;;;761;07/06/2023;11:40:00;36.88;Synchronized;;;
762;08/06/2023;07:07:32;25.83;Synchronized;;;762;08/06/2023;07:09:47;25.79;;;;762;07/06/2023;11:40:15;36.86;Synchronized;;;
763;08/06/2023;07:08:32;25.8;Synchronized;;;763;08/06/2023;07:10:47;25.79;;;;763;07/06/2023;11:40:30;36.86;Synchronized;;;
764;08/06/2023;07:09:31;25.8;Synchronized;;;764;08/06/2023;07:11:47;25.79;Synchronized;;;764;07/06/2023;11:40:45;36.89;Synchronized;;;
765;08/06/2023;07:10:31;25.77;Synchronized;;;765;08/06/2023;07:12:47;25.77;;;;765;07/06/2023;11:41:00;36.87;Synchronized;;;
766;08/06/2023;07:11:31;25.77;Synchronized;;;766;08/06/2023;07:13:47;25.8;Synchronized;;;766;07/06/2023;11:41:15;36.87;Synchronized;;;
767;08/06/2023;07:12:31;25.8;Synchronized;;;767;08/06/2023;07:14:47;25.8;;;;767;07/06/2023;11:41:30;36.87;Synchronized;;;
768;08/06/2023;07:13:31;25.79;Synchronized;;;768;08/06/2023;07:15:47;25.83;;;;768;07/06/2023;11:41:45;36.88;Synchronized;;;
769;08/06/2023;07:14:31;25.8;Synchronized;;;769;08/06/2023;07:16:47;25.81;;;;769;07/06/2023;11:42:00;36.88;Synchronized;;;
770;08/06/2023;07:15:31;25.81;Synchronized;;;770;08/06/2023;07:17:47;25.82;Synchronized;;;770;07/06/2023;11:42:15;36.88;Synchronized;;;
771;08/06/2023;07:16:31;25.82;Synchronized;;;771;08/06/2023;07:18:47;25.81;Synchronized;;;771;07/06/2023;11:42:30;36.88;Synchronized;;;
772;08/06/2023;07:17:31;25.82;Synchronized;;;772;08/06/2023;07:19:47;25.83;;;;772;07/06/2023;11:42:45;36.88;Synchronized;;;
773;08/06/2023;07:18:31;25.83;Synchronized;;;773;08/06/2023;07:20:48;25.81;Synchronized;;;773;07/06/2023;11:43:00;36.89;Synchronized;;;
774;08/06/2023;07:19:31;25.83;Synchronized;;;774;08/06/2023;07:21:48;25.82;;;;774;07/06/2023;11:43:15;36.88;Synchronized;;;
775;08/06/2023;07:20:30;25.81;Synchronized;;;775;08/06/2023;07:22:48;25.82;Synchronized;;;775;07/06/2023;11:43:30;36.86;Synchronized;;;
776;08/06/2023;07:21:30;25.83;Synchronized;;;776;08/06/2023;07:23:48;25.8;;;;776;07/06/2023;11:43:45;36.88;Synchronized;;;
777;08/06/2023;07:22:30;25.8;Synchronized;;;777;08/06/2023;07:24:48;25.79;Synchronized;;;777;07/06/2023;11:44:00;36.88;Synchronized;;;
778;08/06/2023;07:23:30;25.81;Synchronized;;;778;08/06/2023;07:25:48;25.77;;;;778;07/06/2023;11:44:15;36.87;Synchronized;;;
779;08/06/2023;07:24:30;25.8;Synchronized;;;779;08/06/2023;07:26:48;25.79;;;;779;07/06/2023;11:44:30;36.88;Synchronized;;;
780;08/06/2023;07:25:30;25.77;Synchronized;;;780;08/06/2023;07:27:48;25.8;Synchronized;;;780;07/06/2023;11:44:45;36.91;Synchronized;;;
781;08/06/2023;07:26:30;25.77;Synchronized;;;781;08/06/2023;07:28:48;25.8;Synchronized;;;781;07/06/2023;11:45:00;36.94;Synchronized;;;
782;08/06/2023;07:27:30;25.8;Synchronized;;;782;08/06/2023;07:29:48;25.8;;;;782;07/06/2023;11:45:15;36.95;Synchronized;;;
783;08/06/2023;07:28:30;25.79;Synchronized;;;783;08/06/2023;07:30:48;25.84;;;;783;07/06/2023;11:45:30;36.98;Synchronized;;;
784;08/06/2023;07:29:30;25.8;Synchronized;;;784;08/06/2023;07:31:48;25.86;;;;784;07/06/2023;11:45:45;37;Synchronized;;;
785;08/06/2023;07:30:29;25.83;Synchronized;;;785;08/06/2023;07:32:48;25.88;Synchronized;;;785;07/06/2023;11:46:00;37.02;Synchronized;;;
786;08/06/2023;07:31:29;25.84;Synchronized;;;786;08/06/2023;07:33:48;25.87;Synchronized;;;786;07/06/2023;11:46:15;36.99;Synchronized;;;
787;08/06/2023;07:32:29;25.86;Synchronized;;;787;08/06/2023;07:34:49;25.88;Synchronized;;;787;07/06/2023;11:46:29;36.98;Synchronized;;;
788;08/06/2023;07:33:29;25.87;Synchronized;;;788;08/06/2023;07:35:49;25.91;Synchronized;;;788;07/06/2023;11:46:44;37;Synchronized;;;
789;08/06/2023;07:34:29;25.88;Synchronized;;;789;08/06/2023;07:36:49;25.89;Synchronized;;;789;07/06/2023;11:46:59;37;Synchronized;;;
790;08/06/2023;07:35:29;25.91;Synchronized;;;790;08/06/2023;07:37:49;25.93;;;;790;07/06/2023;11:47:14;37.03;Synchronized;;;
791;08/06/2023;07:36:29;25.92;Synchronized;;;791;08/06/2023;07:38:49;25.93;;;;791;07/06/2023;11:47:29;37.02;Synchronized;;;
792;08/06/2023;07:37:29;25.92;Synchronized;;;792;08/06/2023;07:39:49;25.93;;;;792;07/06/2023;11:47:44;36.98;Synchronized;;;
793;08/06/2023;07:38:29;25.93;Synchronized;;;793;08/06/2023;07:40:49;25.93;;;;793;07/06/2023;11:47:59;36.98;Synchronized;;;
794;08/06/2023;07:39:29;25.94;Synchronized;;;794;08/06/2023;07:41:49;25.95;;;;794;07/06/2023;11:48:14;36.97;Synchronized;;;
795;08/06/2023;07:40:28;25.92;Synchronized;;;795;08/06/2023;07:42:49;25.95;;;;795;07/06/2023;11:48:29;36.98;Synchronized;;;
796;08/06/2023;07:41:28;25.94;Synchronized;;;796;08/06/2023;07:43:49;25.95;;;;796;07/06/2023;11:48:44;36.98;Synchronized;;;
797;08/06/2023;07:42:28;25.95;Synchronized;;;797;08/06/2023;07:44:49;25.97;Synchronized;;;797;07/06/2023;11:48:59;36.96;Synchronized;;;
798;08/06/2023;07:43:28;25.97;Synchronized;;;798;08/06/2023;07:45:49;25.95;;;;798;07/06/2023;11:49:14;36.96;Synchronized;;;
799;08/06/2023;07:44:28;25.96;Synchronized;;;799;08/06/2023;07:46:49;25.95;;;;799;07/06/2023;11:49:29;36.97;Synchronized;;;
800;08/06/2023;07:45:28;25.94;Synchronized;;;800;08/06/2023;07:47:49;25.93;Synchronized;;;800;07/06/2023;11:49:44;37;;;;
801;08/06/2023;07:46:28;25.95;Synchronized;;;801;08/06/2023;07:48:50;25.97;Synchronized;;;801;07/06/2023;11:49:59;36.98;Synchronized;;;
802;08/06/2023;07:47:28;25.95;Synchronized;;;802;08/06/2023;07:49:50;25.95;;;;802;07/06/2023;11:50:14;37;Synchronized;;;
803;08/06/2023;07:48:28;25.95;Synchronized;;;803;08/06/2023;07:50:50;25.94;Synchronized;;;803;07/06/2023;11:50:29;36.98;Synchronized;;;
804;08/06/2023;07:49:28;25.95;Synchronized;;;804;08/06/2023;07:51:50;25.96;;;;804;07/06/2023;11:50:44;36.99;Synchronized;;;
805;08/06/2023;07:50:27;25.95;Synchronized;;;805;08/06/2023;07:52:50;25.99;Synchronized;;;805;07/06/2023;11:50:59;37.02;Synchronized;;;
806;08/06/2023;07:51:27;25.97;Synchronized;;;806;08/06/2023;07:53:50;25.99;;;;806;07/06/2023;11:51:14;37;Synchronized;;;
807;08/06/2023;07:52:27;26.02;Synchronized;;;807;08/06/2023;07:54:50;26.02;;;;807;07/06/2023;11:51:29;37;Synchronized;;;
808;08/06/2023;07:53:27;26.03;Synchronized;;;808;08/06/2023;07:55:50;26.07;;;;808;07/06/2023;11:51:44;36.99;Synchronized;;;
809;08/06/2023;07:54:27;26.06;Synchronized;;;809;08/06/2023;07:56:50;26.13;;;;809;07/06/2023;11:51:59;37;Synchronized;;;
810;08/06/2023;07:55:27;26.08;;;;810;08/06/2023;07:57:50;26.11;;;;810;07/06/2023;11:52:14;37.02;Synchronized;;;
811;08/06/2023;07:56:27;26.34;;;;811;08/06/2023;07:58:50;26.12;;;;811;07/06/2023;11:52:29;37.01;;;;
812;08/06/2023;07:57:27;26.47;;;;812;08/06/2023;07:59:50;26.11;;;;812;07/06/2023;11:52:44;37.02;;;;
813;08/06/2023;07:58:27;26.39;;;;813;08/06/2023;08:00:50;26.13;;;;813;07/06/2023;11:52:59;37.02;Synchronized;;;
814;08/06/2023;07:59:28;26.35;;;;814;08/06/2023;08:01:50;26.18;;;;814;07/06/2023;11:53:14;37.02;Synchronized;;;
815;08/06/2023;08:00:27;26.31;;;;815;08/06/2023;08:02:50;26.16;;;;815;07/06/2023;11:53:29;37.02;Synchronized;;;
816;08/06/2023;08:01:27;26.3;;;;816;08/06/2023;08:03:50;26.14;;;;816;07/06/2023;11:53:44;37.02;Synchronized;;;
817;08/06/2023;08:02:27;26.29;;;;817;08/06/2023;08:04:50;26.14;;;;817;07/06/2023;11:53:59;37.02;Synchronized;;;
818;08/06/2023;08:03:27;26.22;;;;818;08/06/2023;08:05:50;26.11;;;;818;07/06/2023;11:54:14;37.02;Synchronized;;;
819;08/06/2023;08:04:27;26.22;;;;819;08/06/2023;08:06:50;26.13;;;;819;07/06/2023;11:54:29;37.02;Synchronized;;;
820;08/06/2023;08:05:27;26.19;;;;820;08/06/2023;08:07:50;26.11;;;;820;07/06/2023;11:54:44;37.01;Synchronized;;;
821;08/06/2023;08:06:27;26.16;;;;821;08/06/2023;08:08:50;26.11;;;;821;07/06/2023;11:54:59;37;Synchronized;;;
822;08/06/2023;08:07:27;26.16;;;;822;08/06/2023;08:09:50;26.09;;;;822;07/06/2023;11:55:14;36.97;Synchronized;;;
823;08/06/2023;08:08:27;26.15;;;;823;08/06/2023;08:10:51;26.09;;;;823;07/06/2023;11:55:29;36.99;Synchronized;;;
824;08/06/2023;08:09:27;26.14;Synchronized;;;824;08/06/2023;08:11:51;26.05;;;;824;07/06/2023;11:55:44;37;Synchronized;;;
825;08/06/2023;08:10:27;26.13;;;;825;08/06/2023;08:12:51;26.05;;;;825;07/06/2023;11:55:59;37;Synchronized;;;
826;08/06/2023;08:11:27;26.09;;;;826;08/06/2023;08:13:51;26.03;;;;826;07/06/2023;11:56:14;37.01;Synchronized;;;
827;08/06/2023;08:12:27;26.08;;;;827;08/06/2023;08:14:51;26.02;;;;827;07/06/2023;11:56:29;37.02;Synchronized;;;
828;08/06/2023;08:13:27;26.02;;;;828;08/06/2023;08:15:51;26.01;;;;828;07/06/2023;11:56:44;37.05;Synchronized;;;
829;08/06/2023;08:14:27;26.02;;;;829;08/06/2023;08:16:51;26.01;;;;829;07/06/2023;11:56:59;37.06;Synchronized;;;
830;08/06/2023;08:15:27;26.03;;;;830;08/06/2023;08:17:51;25.99;;;;830;07/06/2023;11:57:14;37.05;Synchronized;;;
831;08/06/2023;08:16:26;26.03;;;;831;08/06/2023;08:18:51;25.96;;;;831;07/06/2023;11:57:29;37.05;Synchronized;;;
832;08/06/2023;08:17:26;26.02;;;;832;08/06/2023;08:19:51;25.97;;;;832;07/06/2023;11:57:44;37.05;Synchronized;;;
833;08/06/2023;08:18:26;26.02;;;;833;08/06/2023;08:20:51;25.97;;;;833;07/06/2023;11:57:59;37.02;Synchronized;;;
834;08/06/2023;08:19:26;26.01;;;;834;08/06/2023;08:21:51;25.98;;;;834;07/06/2023;11:58:14;37.03;Synchronized;;;
835;08/06/2023;08:20:26;25.98;;;;835;08/06/2023;08:22:51;25.98;;;;835;07/06/2023;11:58:29;37.02;Synchronized;;;
836;08/06/2023;08:21:26;25.99;;;;836;08/06/2023;08:23:51;25.98;;;;836;07/06/2023;11:58:44;37.01;Synchronized;;;
837;08/06/2023;08:22:26;25.99;;;;837;08/06/2023;08:24:51;25.95;;;;837;07/06/2023;11:58:59;36.99;Synchronized;;;
838;08/06/2023;08:23:26;25.96;;;;838;08/06/2023;08:25:51;25.95;;;;838;07/06/2023;11:59:14;37.02;Synchronized;;;
839;08/06/2023;08:24:26;25.97;;;;839;08/06/2023;08:26:52;25.92;;;;839;07/06/2023;11:59:29;37.03;Synchronized;;;
840;08/06/2023;08:25:26;25.98;;;;840;08/06/2023;08:27:52;25.93;;;;840;07/06/2023;11:59:44;37.05;Synchronized;;;
841;08/06/2023;08:26:26;25.94;;;;841;08/06/2023;08:28:52;25.91;;;;841;07/06/2023;11:59:59;37.02;Synchronized;;;
842;08/06/2023;08:27:26;25.92;;;;842;08/06/2023;08:29:52;25.91;;;;842;07/06/2023;12:00:14;37.03;Synchronized;;;
843;08/06/2023;08:28:26;25.91;;;;843;08/06/2023;08:30:52;25.88;;;;843;07/06/2023;12:00:29;37.03;Synchronized;;;
844;08/06/2023;08:29:26;25.91;;;;844;08/06/2023;08:31:52;25.89;;;;844;07/06/2023;12:00:44;37.07;Synchronized;;;
845;08/06/2023;08:30:26;26.23;;;;845;08/06/2023;08:32:52;25.91;;;;845;07/06/2023;12:00:59;37.05;Synchronized;;;
846;08/06/2023;08:31:26;29.59;;;;846;08/06/2023;08:33:52;25.91;;;;846;07/06/2023;12:01:14;37.06;Synchronized;;;
847;08/06/2023;08:32:26;36.06;Synchronized;;;847;08/06/2023;08:34:52;25.95;;;;847;07/06/2023;12:01:29;37.09;Synchronized;;;
848;08/06/2023;08:33:26;37.03;Synchronized;;;848;08/06/2023;08:35:52;25.94;;;;848;07/06/2023;12:01:44;37.08;Synchronized;;;
849;08/06/2023;08:34:26;37.3;Synchronized;;;849;08/06/2023;08:36:52;25.95;;;;849;07/06/2023;12:01:59;37.09;Synchronized;;;
850;08/06/2023;08:35:26;37.41;Synchronized;;;850;08/06/2023;08:37:52;25.95;;;;850;07/06/2023;12:02:14;37.08;Synchronized;;;
851;08/06/2023;08:36:26;37.44;Synchronized;;;851;08/06/2023;08:38:52;25.93;;;;851;07/06/2023;12:02:29;37.07;Synchronized;;;
852;08/06/2023;08:37:25;37.44;Synchronized;;;852;08/06/2023;08:39:52;25.94;;;;852;07/06/2023;12:02:44;37.08;Synchronized;;;
853;08/06/2023;08:38:25;37.46;Synchronized;;;853;08/06/2023;08:40:52;25.92;;;;853;07/06/2023;12:02:59;37.1;Synchronized;;;
854;08/06/2023;08:39:25;37.45;Synchronized;;;854;08/06/2023;08:41:53;25.95;;;;854;07/06/2023;12:03:14;37.09;Synchronized;;;
855;08/06/2023;08:40:25;37.45;Synchronized;;;855;08/06/2023;08:42:53;25.95;;;;855;07/06/2023;12:03:29;37.09;Synchronized;;;
856;08/06/2023;08:41:25;37.45;Synchronized;;;856;08/06/2023;08:43:53;25.97;;;;856;07/06/2023;12:03:44;37.05;Synchronized;;;
857;08/06/2023;08:42:25;37.45;;;;857;08/06/2023;08:44:53;25.96;;;;857;07/06/2023;12:03:59;37.05;Synchronized;;;
858;08/06/2023;08:43:25;37.45;Synchronized;;;858;08/06/2023;08:45:53;25.97;;;;858;07/06/2023;12:04:14;37.05;Synchronized;;;
859;08/06/2023;08:44:25;37.44;Synchronized;;;859;08/06/2023;08:46:53;25.96;;;;859;07/06/2023;12:04:29;37.05;;;;
860;08/06/2023;08:45:25;37.41;Synchronized;;;860;08/06/2023;08:47:53;26.03;;;;860;07/06/2023;12:04:44;37.05;;;;
861;08/06/2023;08:46:25;37.43;Synchronized;;;861;08/06/2023;08:48:53;26;;;;861;07/06/2023;12:04:59;37.03;Synchronized;;;
862;08/06/2023;08:47:25;37.43;Synchronized;;;862;08/06/2023;08:49:53;26.01;;;;862;07/06/2023;12:05:14;37.06;Synchronized;;;
863;08/06/2023;08:48:25;37.44;Synchronized;;;863;08/06/2023;08:50:53;25.98;;;;863;07/06/2023;12:05:29;37.07;Synchronized;;;
864;08/06/2023;08:49:25;37.43;Synchronized;;;864;08/06/2023;08:51:53;25.99;;;;864;07/06/2023;12:05:44;37.05;Synchronized;;;
865;08/06/2023;08:50:25;37.43;Synchronized;;;865;08/06/2023;08:52:53;26.01;;;;865;07/06/2023;12:05:59;37.07;Synchronized;;;
866;08/06/2023;08:51:25;37.44;Synchronized;;;866;08/06/2023;08:53:53;26.01;;;;866;07/06/2023;12:06:14;37.07;Synchronized;;;
867;08/06/2023;08:52:24;37.43;Synchronized;;;867;08/06/2023;08:54:53;26.03;;;;867;07/06/2023;12:06:29;37.06;Synchronized;;;
868;08/06/2023;08:53:24;37.41;Synchronized;;;868;08/06/2023;08:55:53;26.06;;;;868;07/06/2023;12:06:44;37.05;Synchronized;;;
869;08/06/2023;08:54:24;37.4;Synchronized;;;869;08/06/2023;08:56:53;26.06;;;;869;07/06/2023;12:06:59;37.05;Synchronized;;;
870;08/06/2023;08:55:24;37.4;Synchronized;;;870;08/06/2023;08:57:54;26.08;;;;870;07/06/2023;12:07:14;37.05;Synchronized;;;
871;08/06/2023;08:56:24;37.39;Synchronized;;;871;08/06/2023;08:58:54;26.09;Synchronized;;;871;07/06/2023;12:07:29;37.03;;;;
872;08/06/2023;08:57:24;37.39;Synchronized;;;872;08/06/2023;08:59:54;26.1;;;;872;07/06/2023;12:07:44;37.02;Synchronized;;;
873;08/06/2023;08:58:24;37.38;Synchronized;;;873;08/06/2023;09:00:54;26.1;;;;873;07/06/2023;12:07:59;37.05;Synchronized;;;
874;08/06/2023;08:59:24;37.38;Synchronized;;;874;08/06/2023;09:01:54;26.12;;;;874;07/06/2023;12:08:14;37.03;Synchronized;;;
875;08/06/2023;09:00:24;37.38;Synchronized;;;875;08/06/2023;09:02:54;26.11;;;;875;07/06/2023;12:08:29;37.02;Synchronized;;;
876;08/06/2023;09:01:24;37.35;Synchronized;;;876;08/06/2023;09:03:54;26.13;;;;876;07/06/2023;12:08:44;37.05;Synchronized;;;
877;08/06/2023;09:02:24;37.34;Synchronized;;;877;08/06/2023;09:04:54;26.13;;;;877;07/06/2023;12:08:59;37.03;Synchronized;;;
878;08/06/2023;09:03:24;37.34;Synchronized;;;878;08/06/2023;09:05:54;26.16;Synchronized;;;878;07/06/2023;12:09:14;37.05;Synchronized;;;
879;08/06/2023;09:04:24;37.34;Synchronized;;;879;08/06/2023;09:06:54;26.13;Synchronized;;;879;07/06/2023;12:09:29;37.05;Synchronized;;;
880;08/06/2023;09:05:24;37.34;Synchronized;;;880;08/06/2023;09:07:54;26.12;Synchronized;;;880;07/06/2023;12:09:44;37.05;Synchronized;;;
881;08/06/2023;09:06:24;37.34;Synchronized;;;881;08/06/2023;09:08:54;26.13;Synchronized;;;881;07/06/2023;12:09:59;37.06;Synchronized;;;
882;08/06/2023;09:07:24;37.32;Synchronized;;;882;08/06/2023;09:09:54;26.13;Synchronized;;;882;07/06/2023;12:10:14;37.05;Synchronized;;;
883;08/06/2023;09:08:24;37.33;Synchronized;;;883;08/06/2023;09:10:54;26.14;Synchronized;;;883;07/06/2023;12:10:29;37.05;Synchronized;;;
884;08/06/2023;09:09:24;37.29;Synchronized;;;884;08/06/2023;09:11:54;26.16;Synchronized;;;884;07/06/2023;12:10:44;37.05;Synchronized;;;
885;08/06/2023;09:10:24;37.3;Synchronized;;;885;08/06/2023;09:12:54;26.14;Synchronized;;;885;07/06/2023;12:10:59;37.06;Synchronized;;;
886;08/06/2023;09:11:24;37.29;Synchronized;;;886;08/06/2023;09:13:54;26.17;Synchronized;;;886;07/06/2023;12:11:14;37.03;Synchronized;;;
887;08/06/2023;09:12:23;37.29;Synchronized;;;887;08/06/2023;09:14:54;26.16;;;;887;07/06/2023;12:11:29;37.05;Synchronized;;;
888;08/06/2023;09:13:23;37.29;Synchronized;;;888;08/06/2023;09:15:54;26.16;Synchronized;;;888;07/06/2023;12:11:44;37.05;Synchronized;;;
889;08/06/2023;09:14:23;37.28;Synchronized;;;889;08/06/2023;09:16:55;26.16;Synchronized;;;889;07/06/2023;12:11:59;36.99;Synchronized;;;
890;08/06/2023;09:15:23;37.28;Synchronized;;;890;08/06/2023;09:17:55;26.18;;;;890;07/06/2023;12:12:14;36.98;Synchronized;;;
891;08/06/2023;09:16:23;37.27;Synchronized;;;891;08/06/2023;09:18:55;26.16;Synchronized;;;891;07/06/2023;12:12:29;36.97;Synchronized;;;
892;08/06/2023;09:17:23;37.27;Synchronized;;;892;08/06/2023;09:19:55;26.18;Synchronized;;;892;07/06/2023;12:12:44;36.95;Synchronized;;;
893;08/06/2023;09:18:23;37.25;Synchronized;;;893;08/06/2023;09:20:55;26.2;Synchronized;;;893;07/06/2023;12:12:59;36.98;Synchronized;;;
894;08/06/2023;09:19:23;37.25;Synchronized;;;894;08/06/2023;09:21:55;26.21;;;;894;07/06/2023;12:13:14;36.97;Synchronized;;;
895;08/06/2023;09:20:23;37.26;Synchronized;;;895;08/06/2023;09:22:55;26.24;Synchronized;;;895;07/06/2023;12:13:29;36.97;Synchronized;;;
896;08/06/2023;09:21:23;37.27;;;;896;08/06/2023;09:23:55;26.23;Synchronized;;;896;07/06/2023;12:13:44;36.97;Synchronized;;;
897;08/06/2023;09:22:23;37.26;;;;897;08/06/2023;09:24:55;26.23;Synchronized;;;897;07/06/2023;12:13:59;36.98;Synchronized;;;
898;08/06/2023;09:23:23;37.25;;;;898;08/06/2023;09:25:55;26.25;Synchronized;;;898;07/06/2023;12:14:14;36.98;Synchronized;;;
899;08/06/2023;09:24:23;37.23;Synchronized;;;899;08/06/2023;09:26:55;26.28;;;;899;07/06/2023;12:14:29;36.96;Synchronized;;;
900;08/06/2023;09:25:23;37.23;;;;900;08/06/2023;09:27:55;26.35;;;;900;07/06/2023;12:14:44;36.98;Synchronized;;;
901;08/06/2023;09:26:23;37.22;;;;901;08/06/2023;09:28:55;26.43;Synchronized;;;901;07/06/2023;12:14:59;36.96;;;;
902;08/06/2023;09:27:23;37.21;;;;902;08/06/2023;09:29:55;26.54;;;;902;07/06/2023;12:15:14;36.98;Synchronized;;;
903;08/06/2023;09:28:23;37.22;;;;903;08/06/2023;09:30:55;26.55;;;;903;07/06/2023;12:15:29;37;Synchronized;;;
904;08/06/2023;09:29:23;37.2;Synchronized;;;904;08/06/2023;09:31:55;26.51;;;;904;07/06/2023;12:15:45;37;Synchronized;;;
905;08/06/2023;09:30:23;37.22;Synchronized;;;905;08/06/2023;09:32:55;26.48;;;;905;07/06/2023;12:16:00;36.95;Synchronized;;;
906;08/06/2023;09:31:23;37.22;Synchronized;;;906;08/06/2023;09:33:55;26.48;;;;906;07/06/2023;12:16:15;36.9;;;;
907;08/06/2023;09:32:23;37.24;Synchronized;;;907;08/06/2023;09:34:55;26.45;;;;907;07/06/2023;12:16:30;36.86;Synchronized;;;
908;08/06/2023;09:33:22;37.23;Synchronized;;;908;08/06/2023;09:35:55;26.44;Synchronized;;;908;07/06/2023;12:16:45;36.88;;;;
909;08/06/2023;09:34:22;37.24;Synchronized;;;909;08/06/2023;09:36:55;26.41;;;;909;07/06/2023;12:17:00;36.87;Synchronized;;;
910;08/06/2023;09:35:22;37.25;Synchronized;;;910;08/06/2023;09:37:55;26.42;;;;910;07/06/2023;12:17:15;36.88;Synchronized;;;
911;08/06/2023;09:36:22;37.25;;;;911;08/06/2023;09:38:55;26.45;Synchronized;;;911;07/06/2023;12:17:30;36.88;Synchronized;;;
912;08/06/2023;09:37:22;37.23;Synchronized;;;912;08/06/2023;09:39:55;26.43;Synchronized;;;912;07/06/2023;12:17:45;36.89;Synchronized;;;
913;08/06/2023;09:38:22;37.23;;;;913;08/06/2023;09:40:55;26.45;;;;913;07/06/2023;12:18:00;36.88;Synchronized;;;
914;08/06/2023;09:39:22;37.24;Synchronized;;;914;08/06/2023;09:41:55;26.41;;;;914;07/06/2023;12:18:15;36.87;Synchronized;;;
915;08/06/2023;09:40:22;37.24;Synchronized;;;915;08/06/2023;09:42:55;26.4;;;;915;07/06/2023;12:18:30;36.86;Synchronized;;;
916;08/06/2023;09:41:22;37.23;;;;916;08/06/2023;09:43:55;26.38;;;;916;07/06/2023;12:18:44;36.88;Synchronized;;;
917;08/06/2023;09:42:22;37.24;Synchronized;;;917;08/06/2023;09:44:56;26.38;Synchronized;;;917;07/06/2023;12:18:59;36.87;Synchronized;;;
918;08/06/2023;09:43:22;37.24;Synchronized;;;918;08/06/2023;09:45:56;26.45;;;;918;07/06/2023;12:19:14;36.88;Synchronized;;;
919;08/06/2023;09:44:22;37.22;;;;919;08/06/2023;09:46:56;26.45;;;;919;07/06/2023;12:19:29;36.87;Synchronized;;;
920;08/06/2023;09:45:22;37.21;Synchronized;;;920;08/06/2023;09:47:56;26.44;;;;920;07/06/2023;12:19:44;36.88;Synchronized;;;
921;08/06/2023;09:46:22;37.21;Synchronized;;;921;08/06/2023;09:48:56;26.42;;;;921;07/06/2023;12:19:59;36.88;Synchronized;;;
922;08/06/2023;09:47:22;37.19;Synchronized;;;922;08/06/2023;09:49:56;26.45;;;;922;07/06/2023;12:20:14;36.89;Synchronized;;;
923;08/06/2023;09:48:22;37.2;Synchronized;;;923;08/06/2023;09:50:56;26.45;;;;923;07/06/2023;12:20:29;36.9;;;;
924;08/06/2023;09:49:22;37.16;Synchronized;;;924;08/06/2023;09:51:56;26.43;;;;924;07/06/2023;12:20:44;36.89;Synchronized;;;
925;08/06/2023;09:50:22;37.16;Synchronized;;;925;08/06/2023;09:52:56;26.44;;;;925;07/06/2023;12:20:59;36.92;Synchronized;;;
926;08/06/2023;09:51:22;37.15;Synchronized;;;926;08/06/2023;09:53:56;26.43;;;;926;07/06/2023;12:21:14;36.93;Synchronized;;;
927;08/06/2023;09:52:22;37.14;;;;927;08/06/2023;09:54:56;26.43;;;;927;07/06/2023;12:21:29;36.94;Synchronized;;;
928;08/06/2023;09:53:22;37.14;Synchronized;;;928;08/06/2023;09:55:56;26.44;;;;928;07/06/2023;12:21:44;36.91;Synchronized;;;
929;08/06/2023;09:54:22;37.12;;;;929;08/06/2023;09:56:56;26.43;;;;929;07/06/2023;12:21:59;36.92;Synchronized;;;
930;08/06/2023;09:55:22;37.13;Synchronized;;;930;08/06/2023;09:57:56;26.41;;;;930;07/06/2023;12:22:14;36.91;Synchronized;;;
931;08/06/2023;09:56:22;37.12;Synchronized;;;931;08/06/2023;09:58:56;26.59;;;;931;07/06/2023;12:22:29;36.94;Synchronized;;;
932;08/06/2023;09:57:22;37.13;;;;932;08/06/2023;09:59:56;26.91;Synchronized;;;932;07/06/2023;12:22:44;36.95;Synchronized;;;
933;08/06/2023;09:58:21;37.11;;;;933;08/06/2023;10:00:56;27.6;Synchronized;;;933;07/06/2023;12:22:59;36.92;Synchronized;;;
934;08/06/2023;09:59:21;37.13;;;;934;08/06/2023;10:01:55;28.04;Synchronized;;;934;07/06/2023;12:23:14;36.94;Synchronized;;;
935;08/06/2023;10:00:21;37.11;;;;935;08/06/2023;10:02:55;28.48;Synchronized;;;935;07/06/2023;12:23:29;36.93;Synchronized;;;
936;08/06/2023;10:01:21;37.12;;;;936;08/06/2023;10:03:55;28.97;;;;936;07/06/2023;12:23:44;36.94;Synchronized;;;
937;08/06/2023;10:02:21;37.1;Synchronized;;;937;08/06/2023;10:04:55;29.34;Synchronized;;;937;07/06/2023;12:23:59;36.89;Synchronized;;;
938;08/06/2023;10:03:21;37.09;Synchronized;;;938;08/06/2023;10:05:55;29.78;Synchronized;;;938;07/06/2023;12:24:14;36.88;Synchronized;;;
939;08/06/2023;10:04:21;37.09;Synchronized;;;939;08/06/2023;10:06:55;30.15;Synchronized;;;939;07/06/2023;12:24:29;36.91;Synchronized;;;
940;08/06/2023;10:05:21;37.06;;;;940;08/06/2023;10:07:55;30.46;Synchronized;;;940;07/06/2023;12:24:44;36.92;Synchronized;;;
941;08/06/2023;10:06:21;37.1;Synchronized;;;941;08/06/2023;10:08:55;30.69;Synchronized;;;941;07/06/2023;12:24:59;36.92;Synchronized;;;
942;08/06/2023;10:07:21;37.09;Synchronized;;;942;08/06/2023;10:09:55;30.89;Synchronized;;;942;07/06/2023;12:25:14;36.92;Synchronized;;;
943;08/06/2023;10:08:21;37.09;;;;943;08/06/2023;10:10:55;31.01;Synchronized;;;943;07/06/2023;12:25:29;36.92;Synchronized;;;
944;08/06/2023;10:09:21;37.09;Synchronized;;;944;08/06/2023;10:11:55;30.84;Synchronized;;;944;07/06/2023;12:25:44;36.89;Synchronized;;;
945;08/06/2023;10:10:21;37.1;Synchronized;;;945;08/06/2023;10:12:55;30.68;Synchronized;;;945;07/06/2023;12:25:59;36.9;Synchronized;;;
946;08/06/2023;10:11:21;37.08;Synchronized;;;946;08/06/2023;10:13:55;30.58;Synchronized;;;946;07/06/2023;12:26:14;36.93;Synchronized;;;
947;08/06/2023;10:12:21;37.09;Synchronized;;;947;08/06/2023;10:14:55;30.69;Synchronized;;;947;07/06/2023;12:26:29;36.91;Synchronized;;;
948;08/06/2023;10:13:21;37.09;;;;948;08/06/2023;10:15:55;30.84;Synchronized;;;948;07/06/2023;12:26:44;36.93;Synchronized;;;
949;08/06/2023;10:14:21;37.11;;;;949;08/06/2023;10:16:55;30.81;Synchronized;;;949;07/06/2023;12:26:59;36.89;Synchronized;;;
950;08/06/2023;10:15:21;37.09;Synchronized;;;950;08/06/2023;10:17:55;30.91;Synchronized;;;950;07/06/2023;12:27:14;36.88;Synchronized;;;
951;08/06/2023;10:16:21;37.09;;;;951;08/06/2023;10:18:55;30.76;Synchronized;;;951;07/06/2023;12:27:29;36.88;;;;
952;08/06/2023;10:17:21;37.09;Synchronized;;;952;08/06/2023;10:19:55;30.81;Synchronized;;;952;07/06/2023;12:27:44;36.89;Synchronized;;;
953;08/06/2023;10:18:21;37.08;;;;953;08/06/2023;10:20:55;30.96;Synchronized;;;953;07/06/2023;12:27:59;36.89;Synchronized;;;
954;08/06/2023;10:19:21;36.91;;;;954;08/06/2023;10:21:55;30.77;Synchronized;;;954;07/06/2023;12:28:14;36.88;;;;
955;08/06/2023;10:20:21;36.97;Synchronized;;;955;08/06/2023;10:22:55;30.41;Synchronized;;;955;07/06/2023;12:28:29;36.86;;;;
956;08/06/2023;10:21:21;36.86;Synchronized;;;956;08/06/2023;10:23:55;30.17;Synchronized;;;956;07/06/2023;12:28:44;36.85;Synchronized;;;
957;08/06/2023;10:22:21;36.84;Synchronized;;;957;08/06/2023;10:24:55;29.84;Synchronized;;;957;07/06/2023;12:28:59;36.86;Synchronized;;;
958;08/06/2023;10:23:21;36.79;Synchronized;;;958;08/06/2023;10:25:55;29.38;Synchronized;;;958;07/06/2023;12:29:14;36.87;Synchronized;;;
959;08/06/2023;10:24:21;36.82;Synchronized;;;959;08/06/2023;10:26:55;28.95;Synchronized;;;959;07/06/2023;12:29:29;36.87;Synchronized;;;
960;08/06/2023;10:25:21;36.87;Synchronized;;;960;08/06/2023;10:27:55;28.6;Synchronized;;;960;07/06/2023;12:29:44;36.85;Synchronized;;;
961;08/06/2023;10:26:21;36.91;Synchronized;;;961;08/06/2023;10:28:55;28.69;Synchronized;;;961;07/06/2023;12:29:59;36.86;;;;
962;08/06/2023;10:27:21;36.93;Synchronized;;;962;08/06/2023;10:29:55;28.49;Synchronized;;;962;07/06/2023;12:30:14;36.87;Synchronized;;;
963;08/06/2023;10:28:21;36.95;;;;963;08/06/2023;10:30:55;28.62;Synchronized;;;963;07/06/2023;12:30:29;36.85;Synchronized;;;
964;08/06/2023;10:29:21;36.96;Synchronized;;;964;08/06/2023;10:31:55;29.02;Synchronized;;;964;07/06/2023;12:30:44;36.88;Synchronized;;;
965;08/06/2023;10:30:21;36.98;Synchronized;;;965;08/06/2023;10:32:55;29.34;Synchronized;;;965;07/06/2023;12:30:59;36.89;;;;
966;08/06/2023;10:31:21;37.02;Synchronized;;;966;08/06/2023;10:33:55;29.73;Synchronized;;;966;07/06/2023;12:31:14;36.86;Synchronized;;;
967;08/06/2023;10:32:21;37.02;;;;967;08/06/2023;10:34:55;29.97;Synchronized;;;967;07/06/2023;12:31:29;36.9;Synchronized;;;
968;08/06/2023;10:33:21;37.05;;;;968;08/06/2023;10:35:55;30.15;Synchronized;;;968;07/06/2023;12:31:44;36.89;Synchronized;;;
969;08/06/2023;10:34:21;37.07;Synchronized;;;969;08/06/2023;10:36:55;30.49;Synchronized;;;969;07/06/2023;12:31:59;36.89;Synchronized;;;
970;08/06/2023;10:35:20;37.08;Synchronized;;;970;08/06/2023;10:37:55;30.77;Synchronized;;;970;07/06/2023;12:32:14;36.86;Synchronized;;;
971;08/06/2023;10:36:20;37.09;;;;971;08/06/2023;10:38:55;30.88;Synchronized;;;971;07/06/2023;12:32:29;36.85;;;;
972;08/06/2023;10:37:20;37.09;Synchronized;;;972;08/06/2023;10:39:55;30.95;Synchronized;;;972;07/06/2023;12:32:44;36.86;;;;
973;08/06/2023;10:38:20;37.09;;;;973;08/06/2023;10:40:55;30.77;Synchronized;;;973;07/06/2023;12:32:59;36.87;;;;
974;08/06/2023;10:39:20;37.11;;;;974;08/06/2023;10:41:55;30.85;Synchronized;;;974;07/06/2023;12:33:14;36.85;Synchronized;;;
975;08/06/2023;10:40:20;37.13;;;;975;08/06/2023;10:42:55;30.94;Synchronized;;;975;07/06/2023;12:33:29;36.86;Synchronized;;;
976;08/06/2023;10:41:20;37.14;;;;976;08/06/2023;10:43:55;31.03;Synchronized;;;976;07/06/2023;12:33:44;36.85;Synchronized;;;
977;08/06/2023;10:42:20;37.14;;;;977;08/06/2023;10:44:55;31.18;Synchronized;;;977;07/06/2023;12:33:59;36.87;Synchronized;;;
978;08/06/2023;10:43:20;37.16;Synchronized;;;978;08/06/2023;10:45:55;31.28;Synchronized;;;978;07/06/2023;12:34:14;36.84;Synchronized;;;
979;08/06/2023;10:44:20;37.14;;;;979;08/06/2023;10:46:55;31.46;Synchronized;;;979;07/06/2023;12:34:29;36.87;Synchronized;;;
980;08/06/2023;10:45:20;37.14;Synchronized;;;980;08/06/2023;10:47:55;31.63;Synchronized;;;980;07/06/2023;12:34:44;36.87;;;;
981;08/06/2023;10:46:20;37.16;Synchronized;;;981;08/06/2023;10:48:55;31.74;Synchronized;;;981;07/06/2023;12:34:59;36.88;Synchronized;;;
982;08/06/2023;10:47:20;37.16;Synchronized;;;982;08/06/2023;10:49:55;31.74;Synchronized;;;982;07/06/2023;12:35:14;36.87;;;;
983;08/06/2023;10:48:20;37.16;Synchronized;;;983;08/06/2023;10:50:55;31.75;Synchronized;;;983;07/06/2023;12:35:29;36.85;;;;
984;08/06/2023;10:49:20;37.16;Synchronized;;;984;08/06/2023;10:51:55;31.79;Synchronized;;;984;07/06/2023;12:35:44;36.87;Synchronized;;;
985;08/06/2023;10:50:20;37.2;Synchronized;;;985;08/06/2023;10:52:55;31.81;Synchronized;;;985;07/06/2023;12:35:59;36.88;;;;
986;08/06/2023;10:51:20;37.19;Synchronized;;;986;08/06/2023;10:53:55;31.79;Synchronized;;;986;07/06/2023;12:36:14;36.88;Synchronized;;;
987;08/06/2023;10:52:20;37.2;Synchronized;;;987;08/06/2023;10:54:55;31.75;Synchronized;;;987;07/06/2023;12:36:29;36.88;;;;
988;08/06/2023;10:53:20;37.19;;;;988;08/06/2023;10:55:55;31.71;Synchronized;;;988;07/06/2023;12:36:44;36.89;;;;
989;08/06/2023;10:54:20;37.19;;;;989;08/06/2023;10:56:55;31.7;Synchronized;;;989;07/06/2023;12:36:59;36.87;Synchronized;;;
990;08/06/2023;10:55:20;37.21;Synchronized;;;990;08/06/2023;10:57:55;31.75;Synchronized;;;990;07/06/2023;12:37:14;36.87;Synchronized;;;
991;08/06/2023;10:56:20;37.21;Synchronized;;;991;08/06/2023;10:58:55;31.77;Synchronized;;;991;07/06/2023;12:37:29;36.85;;;;
992;08/06/2023;10:57:19;37.2;Synchronized;;;992;08/06/2023;10:59:55;31.52;Synchronized;;;992;07/06/2023;12:37:44;36.84;Synchronized;;;
993;08/06/2023;10:58:19;37.21;Synchronized;;;993;08/06/2023;11:00:55;31.19;;;;993;07/06/2023;12:37:59;36.83;Synchronized;;;
994;08/06/2023;10:59:19;36.98;;;;994;08/06/2023;11:01:55;30.94;Synchronized;;;994;07/06/2023;12:38:14;36.82;Synchronized;;;
995;08/06/2023;11:00:19;36.53;Synchronized;;;995;08/06/2023;11:02:55;30.99;Synchronized;;;995;07/06/2023;12:38:29;36.82;Synchronized;;;
996;08/06/2023;11:01:19;36.52;;;;996;08/06/2023;11:03:55;31.14;Synchronized;;;996;07/06/2023;12:38:44;36.84;Synchronized;;;
997;08/06/2023;11:02:19;36.5;;;;997;08/06/2023;11:04:55;31.37;Synchronized;;;997;07/06/2023;12:38:59;36.83;Synchronized;;;
998;08/06/2023;11:03:19;36.54;;;;998;08/06/2023;11:05:55;31.51;Synchronized;;;998;07/06/2023;12:39:14;36.83;Synchronized;;;
999;08/06/2023;11:04:19;36.59;;;;999;08/06/2023;11:06:55;31.26;Synchronized;;;999;07/06/2023;12:39:29;36.84;;;;
1000;08/06/2023;11:05:19;36.65;;;;1000;08/06/2023;11:07:55;31.21;Synchronized;;;1000;07/06/2023;12:39:44;36.83;Synchronized;;;
1001;08/06/2023;11:06:19;36.76;;;;1001;08/06/2023;11:08:55;31.27;Synchronized;;;1001;07/06/2023;12:39:59;36.82;Synchronized;;;
1002;08/06/2023;11:07:19;36.8;;;;1002;08/06/2023;11:09:55;31.31;Synchronized;;;1002;07/06/2023;12:40:14;36.83;Synchronized;;;
1003;08/06/2023;11:08:19;36.79;;;;1003;08/06/2023;11:10:55;31.36;Synchronized;;;1003;07/06/2023;12:40:29;36.84;Synchronized;;;
1004;08/06/2023;11:09:19;36.83;Synchronized;;;1004;08/06/2023;11:11:55;32.04;Synchronized;;;1004;07/06/2023;12:40:44;36.84;Synchronized;;;
1005;08/06/2023;11:10:19;36.87;Synchronized;;;1005;08/06/2023;11:12:55;31.86;Synchronized;;;1005;07/06/2023;12:40:59;36.84;Synchronized;;;
1006;08/06/2023;11:11:19;36.92;;;;1006;08/06/2023;11:13:55;31.61;Synchronized;;;1006;07/06/2023;12:41:14;36.84;Synchronized;;;
1007;08/06/2023;11:12:19;36.8;;;;1007;08/06/2023;11:14:55;31.33;Synchronized;;;1007;07/06/2023;12:41:29;36.84;Synchronized;;;
1008;08/06/2023;11:13:19;36.85;;;;1008;08/06/2023;11:15:55;31.33;Synchronized;;;1008;07/06/2023;12:41:44;36.84;Synchronized;;;
1009;08/06/2023;11:14:19;36.79;;;;1009;08/06/2023;11:16:55;31.34;Synchronized;;;1009;07/06/2023;12:41:59;36.85;Synchronized;;;
1010;08/06/2023;11:15:19;36.73;Synchronized;;;1010;08/06/2023;11:17:55;31.31;Synchronized;;;1010;07/06/2023;12:42:14;36.86;Synchronized;;;
1011;08/06/2023;11:16:19;36.7;;;;1011;08/06/2023;11:18:55;31.28;;;;1011;07/06/2023;12:42:29;36.84;Synchronized;;;
1012;08/06/2023;11:17:19;36.67;;;;1012;08/06/2023;11:19:55;31.14;Synchronized;;;1012;07/06/2023;12:42:44;36.82;Synchronized;;;
1013;08/06/2023;11:18:19;36.67;;;;1013;08/06/2023;11:20:55;31.13;Synchronized;;;1013;07/06/2023;12:42:59;36.82;Synchronized;;;
1014;08/06/2023;11:19:19;36.72;Synchronized;;;1014;08/06/2023;11:21:55;30.98;Synchronized;;;1014;07/06/2023;12:43:14;36.78;Synchronized;;;
1015;08/06/2023;11:20:19;36.78;;;;1015;08/06/2023;11:22:55;30.9;Synchronized;;;1015;07/06/2023;12:43:29;36.8;Synchronized;;;
1016;08/06/2023;11:21:19;36.84;Synchronized;;;1016;08/06/2023;11:23:55;31.44;Synchronized;;;1016;07/06/2023;12:43:44;36.79;Synchronized;;;
1017;08/06/2023;11:22:19;36.84;Synchronized;;;1017;08/06/2023;11:24:55;31.7;Synchronized;;;1017;07/06/2023;12:43:59;36.79;Synchronized;;;
1018;08/06/2023;11:23:19;36.9;Synchronized;;;1018;08/06/2023;11:25:55;31.81;Synchronized;;;1018;07/06/2023;12:44:14;36.78;Synchronized;;;
1019;08/06/2023;11:24:19;36.95;Synchronized;;;1019;08/06/2023;11:26:55;31.86;Synchronized;;;1019;07/06/2023;12:44:29;36.78;Synchronized;;;
1020;08/06/2023;11:25:19;36.98;Synchronized;;;1020;08/06/2023;11:27:55;32.26;Synchronized;;;1020;07/06/2023;12:44:44;36.79;Synchronized;;;
1021;08/06/2023;11:26:19;37;Synchronized;;;1021;08/06/2023;11:28:55;32.14;Synchronized;;;1021;07/06/2023;12:44:59;36.81;Synchronized;;;
1022;08/06/2023;11:27:19;37.02;Synchronized;;;1022;08/06/2023;11:29:55;31.91;Synchronized;;;1022;07/06/2023;12:45:14;36.8;Synchronized;;;
1023;08/06/2023;11:28:19;37.05;Synchronized;;;1023;08/06/2023;11:30:55;31.74;Synchronized;;;1023;07/06/2023;12:45:29;36.85;Synchronized;;;
1024;08/06/2023;11:29:19;37.05;Synchronized;;;1024;08/06/2023;11:31:55;31.8;Synchronized;;;1024;07/06/2023;12:45:44;36.86;Synchronized;;;
1025;08/06/2023;11:30:19;37.07;Synchronized;;;1025;08/06/2023;11:32:55;31.85;Synchronized;;;1025;07/06/2023;12:45:59;36.85;Synchronized;;;
1026;08/06/2023;11:31:19;37.11;Synchronized;;;1026;08/06/2023;11:33:55;31.95;Synchronized;;;1026;07/06/2023;12:46:14;36.86;Synchronized;;;
1027;08/06/2023;11:32:19;37.1;Synchronized;;;1027;08/06/2023;11:34:55;32;Synchronized;;;1027;07/06/2023;12:46:29;36.86;Synchronized;;;
1028;08/06/2023;11:33:19;37.12;;;;1028;08/06/2023;11:35:55;32.17;Synchronized;;;1028;07/06/2023;12:46:44;36.85;Synchronized;;;
1029;08/06/2023;11:34:19;37.13;Synchronized;;;1029;08/06/2023;11:36:55;32.17;Synchronized;;;1029;07/06/2023;12:46:59;36.8;Synchronized;;;
1030;08/06/2023;11:35:19;37.15;Synchronized;;;1030;08/06/2023;11:37:55;32.18;Synchronized;;;1030;07/06/2023;12:47:14;36.79;Synchronized;;;
1031;08/06/2023;11:36:19;36.84;;;;1031;08/06/2023;11:38:55;32.06;Synchronized;;;1031;07/06/2023;12:47:29;36.8;Synchronized;;;
1032;08/06/2023;11:37:19;35.99;;;;1032;08/06/2023;11:39:55;31.98;Synchronized;;;1032;07/06/2023;12:47:44;36.77;Synchronized;;;
1033;08/06/2023;11:38:19;35.59;Synchronized;;;1033;08/06/2023;11:40:55;31.94;Synchronized;;;1033;07/06/2023;12:47:59;36.77;Synchronized;;;
1034;08/06/2023;11:39:19;35.4;Synchronized;;;1034;08/06/2023;11:41:55;31.95;Synchronized;;;1034;07/06/2023;12:48:14;36.81;Synchronized;;;
1035;08/06/2023;11:40:18;35.49;Synchronized;;;1035;08/06/2023;11:42:55;31.93;Synchronized;;;1035;07/06/2023;12:48:29;36.83;Synchronized;;;
1036;08/06/2023;11:41:18;35.53;;;;1036;08/06/2023;11:43:55;32.03;Synchronized;;;1036;07/06/2023;12:48:44;36.83;Synchronized;;;
1037;08/06/2023;11:42:18;35.78;;;;1037;08/06/2023;11:44:55;32.05;Synchronized;;;1037;07/06/2023;12:48:59;36.8;Synchronized;;;
1038;08/06/2023;11:43:18;36.02;Synchronized;;;1038;08/06/2023;11:45:55;31.73;Synchronized;;;1038;07/06/2023;12:49:14;36.83;Synchronized;;;
1039;08/06/2023;11:44:18;36.14;Synchronized;;;1039;08/06/2023;11:46:55;31.68;Synchronized;;;1039;07/06/2023;12:49:29;36.87;Synchronized;;;
1040;08/06/2023;11:45:18;36.34;;;;1040;08/06/2023;11:47:55;31.48;Synchronized;;;1040;07/06/2023;12:49:44;36.89;Synchronized;;;
1041;08/06/2023;11:46:18;36.45;;;;1041;08/06/2023;11:48:55;31.38;Synchronized;;;1041;07/06/2023;12:49:59;36.93;Synchronized;;;
1042;08/06/2023;11:47:18;36.58;;;;1042;08/06/2023;11:49:55;31.28;Synchronized;;;1042;07/06/2023;12:50:14;36.95;Synchronized;;;
1043;08/06/2023;11:48:18;36.68;;;;1043;08/06/2023;11:50:55;31.23;Synchronized;;;1043;07/06/2023;12:50:29;36.95;Synchronized;;;
1044;08/06/2023;11:49:18;36.75;;;;1044;08/06/2023;11:51:55;31.35;Synchronized;;;1044;07/06/2023;12:50:44;36.96;Synchronized;;;
1045;08/06/2023;11:50:18;36.85;Synchronized;;;1045;08/06/2023;11:52:55;31.45;Synchronized;;;1045;07/06/2023;12:50:59;36.94;Synchronized;;;
1046;08/06/2023;11:51:18;36.95;;;;1046;08/06/2023;11:53:55;31.58;Synchronized;;;1046;07/06/2023;12:51:14;36.94;Synchronized;;;
1047;08/06/2023;11:52:17;36.98;;;;1047;08/06/2023;11:54:55;31.74;Synchronized;;;1047;07/06/2023;12:51:29;36.92;Synchronized;;;
1048;08/06/2023;11:53:17;37;Synchronized;;;1048;08/06/2023;11:55:55;31.77;Synchronized;;;1048;07/06/2023;12:51:44;36.9;Synchronized;;;
1049;08/06/2023;11:54:17;37.01;Synchronized;;;1049;08/06/2023;11:56:55;31.74;Synchronized;;;1049;07/06/2023;12:51:59;36.93;Synchronized;;;
1050;08/06/2023;11:55:17;37.02;Synchronized;;;1050;08/06/2023;11:57:55;31.64;;;;1050;07/06/2023;12:52:14;36.94;Synchronized;;;
1051;08/06/2023;11:56:17;37.06;Synchronized;;;1051;08/06/2023;11:58:55;31.52;Synchronized;;;1051;07/06/2023;12:52:29;36.94;Synchronized;;;
1052;08/06/2023;11:57:17;37.08;Synchronized;;;1052;08/06/2023;11:59:55;31.42;Synchronized;;;1052;07/06/2023;12:52:44;36.97;Synchronized;;;
1053;08/06/2023;11:58:17;37.09;Synchronized;;;1053;08/06/2023;12:00:55;31.51;Synchronized;;;1053;07/06/2023;12:52:59;36.95;Synchronized;;;
1054;08/06/2023;11:59:17;37.1;Synchronized;;;1054;08/06/2023;12:01:55;31.63;Synchronized;;;1054;07/06/2023;12:53:14;36.98;Synchronized;;;
1055;08/06/2023;12:00:17;37.13;Synchronized;;;1055;08/06/2023;12:02:55;31.77;Synchronized;;;1055;07/06/2023;12:53:29;36.97;Synchronized;;;
1056;08/06/2023;12:01:17;37.16;Synchronized;;;1056;08/06/2023;12:03:55;31.95;Synchronized;;;1056;07/06/2023;12:53:44;36.97;Synchronized;;;
1057;08/06/2023;12:02:17;37.14;Synchronized;;;1057;08/06/2023;12:04:55;32.08;Synchronized;;;1057;07/06/2023;12:53:59;36.97;Synchronized;;;
1058;08/06/2023;12:03:17;37.13;;;;1058;08/06/2023;12:05:55;32.16;Synchronized;;;1058;07/06/2023;12:54:14;36.97;Synchronized;;;
1059;08/06/2023;12:04:17;37.13;Synchronized;;;1059;08/06/2023;12:06:55;32.05;Synchronized;;;1059;07/06/2023;12:54:29;36.97;Synchronized;;;
1060;08/06/2023;12:05:17;37.12;Synchronized;;;1060;08/06/2023;12:07:55;32.09;Synchronized;;;1060;07/06/2023;12:54:44;36.95;Synchronized;;;
1061;08/06/2023;12:06:17;37.1;Synchronized;;;1061;08/06/2023;12:08:55;32.16;Synchronized;;;1061;07/06/2023;12:54:59;36.97;Synchronized;;;
1062;08/06/2023;12:07:17;37.1;Synchronized;;;1062;08/06/2023;12:09:55;32.2;Synchronized;;;1062;07/06/2023;12:55:14;36.94;Synchronized;;;
1063;08/06/2023;12:08:16;37.1;Synchronized;;;1063;08/06/2023;12:10:55;32.18;Synchronized;;;1063;07/06/2023;12:55:29;36.95;Synchronized;;;
1064;08/06/2023;12:09:16;37.1;Synchronized;;;1064;08/06/2023;12:11:56;31.83;Synchronized;;;1064;07/06/2023;12:55:44;36.97;Synchronized;;;
1065;08/06/2023;12:10:16;37.1;Synchronized;;;1065;08/06/2023;12:12:56;31.59;Synchronized;;;1065;07/06/2023;12:55:59;36.95;Synchronized;;;
1066;08/06/2023;12:11:16;37.12;Synchronized;;;1066;08/06/2023;12:13:56;31.37;Synchronized;;;1066;07/06/2023;12:56:14;36.95;Synchronized;;;
1067;08/06/2023;12:12:16;37.12;;;;1067;08/06/2023;12:14:56;31.19;Synchronized;;;1067;07/06/2023;12:56:29;36.96;Synchronized;;;
1068;08/06/2023;12:13:16;37.12;Synchronized;;;1068;08/06/2023;12:15:56;31.01;Synchronized;;;1068;07/06/2023;12:56:44;36.97;Synchronized;;;
1069;08/06/2023;12:14:16;37.11;Synchronized;;;1069;08/06/2023;12:16:56;30.77;Synchronized;;;1069;07/06/2023;12:56:59;36.95;Synchronized;;;
1070;08/06/2023;12:15:16;35.57;Synchronized;;;1070;08/06/2023;12:17:56;30.54;Synchronized;;;1070;07/06/2023;12:57:14;36.95;Synchronized;;;
1071;08/06/2023;12:16:16;35.48;Synchronized;;;1071;08/06/2023;12:18:56;30.37;Synchronized;;;1071;07/06/2023;12:57:29;36.95;Synchronized;;;
1072;08/06/2023;12:17:16;35.75;Synchronized;;;1072;08/06/2023;12:19:56;30.45;Synchronized;;;1072;07/06/2023;12:57:44;36.93;Synchronized;;;
1073;08/06/2023;12:18:16;35.98;Synchronized;;;1073;08/06/2023;12:20:56;30.7;Synchronized;;;1073;07/06/2023;12:57:59;36.91;Synchronized;;;
1074;08/06/2023;12:19:16;36.18;Synchronized;;;1074;08/06/2023;12:21:56;30.84;Synchronized;;;1074;07/06/2023;12:58:14;36.94;Synchronized;;;
1075;08/06/2023;12:20:16;36.4;Synchronized;;;1075;08/06/2023;12:22:56;30.9;Synchronized;;;1075;07/06/2023;12:58:29;36.93;Synchronized;;;
1076;08/06/2023;12:21:16;36.6;Synchronized;;;1076;08/06/2023;12:23:56;30.89;;;;1076;07/06/2023;12:58:44;36.94;Synchronized;;;
1077;08/06/2023;12:22:16;36.73;;;;1077;08/06/2023;12:24:56;30.8;Synchronized;;;1077;07/06/2023;12:58:59;36.93;Synchronized;;;
1078;08/06/2023;12:23:16;36.89;Synchronized;;;1078;08/06/2023;12:25:56;30.7;Synchronized;;;1078;07/06/2023;12:59:14;36.93;Synchronized;;;
1079;08/06/2023;12:24:16;37.02;Synchronized;;;1079;08/06/2023;12:26:56;30.84;Synchronized;;;1079;07/06/2023;12:59:29;36.92;Synchronized;;;
1080;08/06/2023;12:25:16;37.32;Synchronized;;;1080;08/06/2023;12:27:56;30.98;Synchronized;;;1080;07/06/2023;12:59:44;36.92;Synchronized;;;
1081;08/06/2023;12:26:16;37.38;;;;1081;08/06/2023;12:28:56;30.95;Synchronized;;;1081;07/06/2023;12:59:59;36.91;Synchronized;;;
1082;08/06/2023;12:27:16;37.41;;;;1082;08/06/2023;12:29:56;31.32;Synchronized;;;1082;07/06/2023;13:00:14;36.91;Synchronized;;;
1083;08/06/2023;12:28:16;37.43;Synchronized;;;1083;08/06/2023;12:30:56;31.36;Synchronized;;;1083;07/06/2023;13:00:29;36.95;Synchronized;;;
1084;08/06/2023;12:29:16;37.45;Synchronized;;;1084;08/06/2023;12:31:56;31.22;Synchronized;;;1084;07/06/2023;13:00:44;36.94;Synchronized;;;
1085;08/06/2023;12:30:15;37.47;Synchronized;;;1085;08/06/2023;12:32:56;30.91;Synchronized;;;1085;07/06/2023;13:00:59;36.95;Synchronized;;;
1086;08/06/2023;12:31:15;37.48;Synchronized;;;1086;08/06/2023;12:33:56;30.64;Synchronized;;;1086;07/06/2023;13:01:14;36.95;Synchronized;;;
1087;08/06/2023;12:32:15;37.49;;;;1087;08/06/2023;12:34:56;30.49;Synchronized;;;1087;07/06/2023;13:01:29;36.94;Synchronized;;;
1088;08/06/2023;12:33:15;37.51;;;;1088;08/06/2023;12:35:56;30.59;Synchronized;;;1088;07/06/2023;13:01:44;36.95;Synchronized;;;
1089;08/06/2023;12:34:15;37.5;;;;1089;08/06/2023;12:36:56;30.77;Synchronized;;;1089;07/06/2023;13:01:59;36.96;Synchronized;;;
1090;08/06/2023;12:35:15;37.52;Synchronized;;;1090;08/06/2023;12:37:56;30.96;Synchronized;;;1090;07/06/2023;13:02:13;36.98;Synchronized;;;
1091;08/06/2023;12:36:15;37.36;Synchronized;;;1091;08/06/2023;12:38:56;30.9;Synchronized;;;1091;07/06/2023;13:02:28;36.98;Synchronized;;;
1092;08/06/2023;12:37:15;37.38;Synchronized;;;1092;08/06/2023;12:39:56;30.66;Synchronized;;;1092;07/06/2023;13:02:43;36.99;Synchronized;;;
1093;08/06/2023;12:38:15;37.39;Synchronized;;;1093;08/06/2023;12:40:56;30.59;Synchronized;;;1093;07/06/2023;13:02:58;36.98;Synchronized;;;
1094;08/06/2023;12:39:15;37.38;Synchronized;;;1094;08/06/2023;12:41:56;30.49;Synchronized;;;1094;07/06/2023;13:03:13;37.02;Synchronized;;;
1095;08/06/2023;12:40:14;37.27;Synchronized;;;1095;08/06/2023;12:42:55;30.4;Synchronized;;;1095;07/06/2023;13:03:28;37.01;Synchronized;;;
1096;08/06/2023;12:41:14;37.28;Synchronized;;;1096;08/06/2023;12:43:55;30.68;Synchronized;;;1096;07/06/2023;13:03:43;37.02;Synchronized;;;
1097;08/06/2023;12:42:14;37.33;Synchronized;;;1097;08/06/2023;12:44:55;30.86;Synchronized;;;1097;07/06/2023;13:03:58;37.02;Synchronized;;;
1098;08/06/2023;12:43:14;37.35;Synchronized;;;1098;08/06/2023;12:45:55;30.84;Synchronized;;;1098;07/06/2023;13:04:13;37.05;Synchronized;;;
1099;08/06/2023;12:44:14;37.4;Synchronized;;;1099;08/06/2023;12:46:55;30.84;Synchronized;;;1099;07/06/2023;13:04:28;37.03;Synchronized;;;
1100;08/06/2023;12:45:14;37.44;Synchronized;;;1100;08/06/2023;12:47:55;30.86;Synchronized;;;1100;07/06/2023;13:04:43;37.05;Synchronized;;;
1101;08/06/2023;12:46:14;37.43;Synchronized;;;1101;08/06/2023;12:48:55;30.79;Synchronized;;;1101;07/06/2023;13:04:58;37.05;Synchronized;;;
1102;08/06/2023;12:47:14;37.47;Synchronized;;;1102;08/06/2023;12:49:55;30.93;Synchronized;;;1102;07/06/2023;13:05:13;37.05;Synchronized;;;
1103;08/06/2023;12:48:14;37.5;Synchronized;;;1103;08/06/2023;12:50:55;30.91;Synchronized;;;1103;07/06/2023;13:05:28;37.02;Synchronized;;;
1104;08/06/2023;12:49:14;37.52;Synchronized;;;1104;08/06/2023;12:51:55;30.84;Synchronized;;;1104;07/06/2023;13:05:43;37.05;Synchronized;;;
1105;08/06/2023;12:50:13;37.55;Synchronized;;;1105;08/06/2023;12:52:55;30.76;Synchronized;;;1105;07/06/2023;13:05:58;37.07;Synchronized;;;
1106;08/06/2023;12:51:13;37.58;Synchronized;;;1106;08/06/2023;12:53:55;30.93;Synchronized;;;1106;07/06/2023;13:06:13;37.06;Synchronized;;;
1107;08/06/2023;12:52:13;37.57;Synchronized;;;1107;08/06/2023;12:54:55;30.95;Synchronized;;;1107;07/06/2023;13:06:28;37.05;Synchronized;;;
1108;08/06/2023;12:53:13;37.61;Synchronized;;;1108;08/06/2023;12:55:55;30.93;Synchronized;;;1108;07/06/2023;13:06:43;37.03;Synchronized;;;
1109;08/06/2023;12:54:13;37.63;Synchronized;;;1109;08/06/2023;12:56:55;31.05;Synchronized;;;1109;07/06/2023;13:06:58;37.03;Synchronized;;;
1110;08/06/2023;12:55:13;37.63;Synchronized;;;1110;08/06/2023;12:57:55;31;Synchronized;;;1110;07/06/2023;13:07:13;37.02;Synchronized;;;
1111;08/06/2023;12:56:13;37.61;Synchronized;;;1111;08/06/2023;12:58:55;31;Synchronized;;;1111;07/06/2023;13:07:28;37.02;Synchronized;;;
1112;08/06/2023;12:57:13;37.58;Synchronized;;;1112;08/06/2023;12:59:55;30.93;Synchronized;;;1112;07/06/2023;13:07:43;37.03;Synchronized;;;
1113;08/06/2023;12:58:13;37.52;Synchronized;;;1113;08/06/2023;13:00:55;30.73;Synchronized;;;1113;07/06/2023;13:07:58;37.06;Synchronized;;;
1114;08/06/2023;12:59:13;37.52;Synchronized;;;1114;08/06/2023;13:01:55;30.63;Synchronized;;;1114;07/06/2023;13:08:13;37.06;Synchronized;;;
1115;08/06/2023;13:00:12;37.51;Synchronized;;;1115;08/06/2023;13:02:55;30.53;Synchronized;;;1115;07/06/2023;13:08:28;37.09;Synchronized;;;
1116;08/06/2023;13:01:12;37.5;Synchronized;;;1116;08/06/2023;13:03:55;30.45;Synchronized;;;1116;07/06/2023;13:08:43;37.1;Synchronized;;;
1117;08/06/2023;13:02:12;37.49;Synchronized;;;1117;08/06/2023;13:04:55;30.56;Synchronized;;;1117;07/06/2023;13:08:58;37.13;Synchronized;;;
1118;08/06/2023;13:03:12;37.52;Synchronized;;;1118;08/06/2023;13:05:55;30.76;Synchronized;;;1118;07/06/2023;13:09:13;37.13;Synchronized;;;
1119;08/06/2023;13:04:12;37.52;Synchronized;;;1119;08/06/2023;13:06:55;30.81;Synchronized;;;1119;07/06/2023;13:09:28;37.15;Synchronized;;;
1120;08/06/2023;13:05:12;37.4;Synchronized;;;1120;08/06/2023;13:07:55;30.63;Synchronized;;;1120;07/06/2023;13:09:43;37.14;Synchronized;;;
1121;08/06/2023;13:06:12;37.38;Synchronized;;;1121;08/06/2023;13:08:55;30.41;Synchronized;;;1121;07/06/2023;13:09:58;37.15;Synchronized;;;
1122;08/06/2023;13:07:12;37.44;Synchronized;;;1122;08/06/2023;13:09:55;30.38;Synchronized;;;1122;07/06/2023;13:10:13;37.15;Synchronized;;;
1123;08/06/2023;13:08:12;37.44;Synchronized;;;1123;08/06/2023;13:10:55;30.48;Synchronized;;;1123;07/06/2023;13:10:28;37.16;Synchronized;;;
1124;08/06/2023;13:09:12;37.41;Synchronized;;;1124;08/06/2023;13:11:55;30.58;Synchronized;;;1124;07/06/2023;13:10:43;37.18;Synchronized;;;
1125;08/06/2023;13:10:11;37.41;Synchronized;;;1125;08/06/2023;13:12:55;30.72;Synchronized;;;1125;07/06/2023;13:10:58;37.18;Synchronized;;;
1126;08/06/2023;13:11:11;37.37;Synchronized;;;1126;08/06/2023;13:13:55;31.01;Synchronized;;;1126;07/06/2023;13:11:13;37.17;Synchronized;;;
1127;08/06/2023;13:12:11;37.43;Synchronized;;;1127;08/06/2023;13:14:55;30.73;Synchronized;;;1127;07/06/2023;13:11:28;37.17;Synchronized;;;
1128;08/06/2023;13:13:11;37.45;Synchronized;;;1128;08/06/2023;13:15:55;30.47;Synchronized;;;1128;07/06/2023;13:11:43;37.17;Synchronized;;;
1129;08/06/2023;13:14:11;37.45;Synchronized;;;1129;08/06/2023;13:16:55;30.38;Synchronized;;;1129;07/06/2023;13:11:58;37.18;Synchronized;;;
1130;08/06/2023;13:15:11;37.45;Synchronized;;;1130;08/06/2023;13:17:55;30.34;Synchronized;;;1130;07/06/2023;13:12:13;37.17;Synchronized;;;
1131;08/06/2023;13:16:11;37.45;Synchronized;;;1131;08/06/2023;13:18:55;30.27;Synchronized;;;1131;07/06/2023;13:12:28;37.2;Synchronized;;;
1132;08/06/2023;13:17:11;37.47;Synchronized;;;1132;08/06/2023;13:19:55;30.13;Synchronized;;;1132;07/06/2023;13:12:43;37.2;Synchronized;;;
1133;08/06/2023;13:18:11;37.48;Synchronized;;;1133;08/06/2023;13:20:54;29.91;Synchronized;;;1133;07/06/2023;13:12:58;37.2;Synchronized;;;
1134;08/06/2023;13:19:11;37.47;Synchronized;;;1134;08/06/2023;13:21:54;29.66;Synchronized;;;1134;07/06/2023;13:13:13;37.2;Synchronized;;;
1135;08/06/2023;13:20:10;37.46;Synchronized;;;1135;08/06/2023;13:22:54;29.64;Synchronized;;;1135;07/06/2023;13:13:28;37.17;Synchronized;;;
1136;08/06/2023;13:21:10;37.41;Synchronized;;;1136;08/06/2023;13:23:54;29.66;Synchronized;;;1136;07/06/2023;13:13:43;37.2;Synchronized;;;
1137;08/06/2023;13:22:10;37.38;Synchronized;;;1137;08/06/2023;13:24:54;29.73;Synchronized;;;1137;07/06/2023;13:13:58;37.2;Synchronized;;;
1138;08/06/2023;13:23:10;37.41;Synchronized;;;1138;08/06/2023;13:25:54;29.77;Synchronized;;;1138;07/06/2023;13:14:13;37.21;Synchronized;;;
1139;08/06/2023;13:24:10;37.43;Synchronized;;;1139;08/06/2023;13:26:54;30.09;Synchronized;;;1139;07/06/2023;13:14:28;37.19;Synchronized;;;
1140;08/06/2023;13:25:10;37.38;Synchronized;;;1140;08/06/2023;13:27:54;30.4;Synchronized;;;1140;07/06/2023;13:14:43;37.19;Synchronized;;;
1141;08/06/2023;13:26:10;37.41;Synchronized;;;1141;08/06/2023;13:28:54;30.5;Synchronized;;;1141;07/06/2023;13:14:58;37.19;Synchronized;;;
1142;08/06/2023;13:27:10;37.48;Synchronized;;;1142;08/06/2023;13:29:54;30.35;Synchronized;;;1142;07/06/2023;13:15:13;37.15;Synchronized;;;
1143;08/06/2023;13:28:10;37.52;Synchronized;;;1143;08/06/2023;13:30:54;30.27;Synchronized;;;1143;07/06/2023;13:15:28;37.16;Synchronized;;;
1144;08/06/2023;13:29:10;37.51;Synchronized;;;1144;08/06/2023;13:31:54;30.27;Synchronized;;;1144;07/06/2023;13:15:43;37.18;Synchronized;;;
1145;08/06/2023;13:30:09;37.49;Synchronized;;;1145;08/06/2023;13:32:54;30.16;Synchronized;;;1145;07/06/2023;13:15:58;37.2;Synchronized;;;
1146;08/06/2023;13:31:09;37.41;Synchronized;;;1146;08/06/2023;13:33:54;29.93;Synchronized;;;1146;07/06/2023;13:16:13;37.19;Synchronized;;;
1147;08/06/2023;13:32:09;37.4;Synchronized;;;1147;08/06/2023;13:34:54;30.03;Synchronized;;;1147;07/06/2023;13:16:28;37.2;Synchronized;;;
1148;08/06/2023;13:33:09;37.41;Synchronized;;;1148;08/06/2023;13:35:54;29.98;Synchronized;;;1148;07/06/2023;13:16:43;37.21;Synchronized;;;
1149;08/06/2023;13:34:09;37.45;;;;1149;08/06/2023;13:36:54;29.91;Synchronized;;;1149;07/06/2023;13:16:58;37.23;Synchronized;;;
1150;08/06/2023;13:35:09;37.39;Synchronized;;;1150;08/06/2023;13:37:54;29.88;Synchronized;;;1150;07/06/2023;13:17:13;37.23;Synchronized;;;
1151;08/06/2023;13:36:09;37.35;;;;1151;08/06/2023;13:38:54;29.91;;;;1151;07/06/2023;13:17:28;37.23;Synchronized;;;
1152;08/06/2023;13:37:09;37.41;;;;1152;08/06/2023;13:39:54;29.91;Synchronized;;;1152;07/06/2023;13:17:43;37.24;Synchronized;;;
1153;08/06/2023;13:38:09;37.48;;;;1153;08/06/2023;13:40:54;29.88;Synchronized;;;1153;07/06/2023;13:17:58;37.24;Synchronized;;;
1154;08/06/2023;13:39:09;37.5;;;;1154;08/06/2023;13:41:54;30.03;Synchronized;;;1154;07/06/2023;13:18:13;37.27;Synchronized;;;
1155;08/06/2023;13:40:09;37.49;;;;1155;08/06/2023;13:42:54;30.25;Synchronized;;;1155;07/06/2023;13:18:28;37.27;Synchronized;;;
1156;08/06/2023;13:41:09;37.47;;;;1156;08/06/2023;13:43:54;30.36;Synchronized;;;1156;07/06/2023;13:18:43;37.31;Synchronized;;;
1157;08/06/2023;13:42:09;37.48;;;;1157;08/06/2023;13:44:54;30.08;Synchronized;;;1157;07/06/2023;13:18:58;37.3;Synchronized;;;
1158;08/06/2023;13:43:09;37.51;;;;1158;08/06/2023;13:45:54;29.79;Synchronized;;;1158;07/06/2023;13:19:13;37.32;Synchronized;;;
1159;08/06/2023;13:44:09;37.49;;;;1159;08/06/2023;13:46:54;29.65;Synchronized;;;1159;07/06/2023;13:19:28;37.32;Synchronized;;;
1160;08/06/2023;13:45:08;37.45;;;;1160;08/06/2023;13:47:54;29.66;Synchronized;;;1160;07/06/2023;13:19:43;37.33;Synchronized;;;
1161;08/06/2023;13:46:08;37.37;;;;1161;08/06/2023;13:48:54;29.66;Synchronized;;;1161;07/06/2023;13:19:58;37.33;Synchronized;;;
1162;08/06/2023;13:47:08;37.32;Synchronized;;;1162;08/06/2023;13:49:54;29.77;Synchronized;;;1162;07/06/2023;13:20:13;37.35;Synchronized;;;
1163;08/06/2023;13:48:08;37.3;;;;1163;08/06/2023;13:50:54;29.95;Synchronized;;;1163;07/06/2023;13:20:28;37.34;Synchronized;;;
1164;08/06/2023;13:49:08;37.33;Synchronized;;;1164;08/06/2023;13:51:54;30.09;Synchronized;;;1164;07/06/2023;13:20:43;37.36;Synchronized;;;
1165;08/06/2023;13:50:08;37.35;Synchronized;;;1165;08/06/2023;13:52:54;30.16;Synchronized;;;1165;07/06/2023;13:20:58;37.37;Synchronized;;;
1166;08/06/2023;13:51:08;37.36;;;;1166;08/06/2023;13:53:54;30.21;Synchronized;;;1166;07/06/2023;13:21:13;37.36;Synchronized;;;
1167;08/06/2023;13:52:08;37.38;;;;1167;08/06/2023;13:54:54;30.27;Synchronized;;;1167;07/06/2023;13:21:28;37.36;Synchronized;;;
1168;08/06/2023;13:53:08;37.48;;;;1168;08/06/2023;13:55:54;30.41;Synchronized;;;1168;07/06/2023;13:21:43;37.38;Synchronized;;;
1169;08/06/2023;13:54:08;37.55;;;;1169;08/06/2023;13:56:54;30.51;Synchronized;;;1169;07/06/2023;13:21:58;37.35;Synchronized;;;
1170;08/06/2023;13:55:08;37.55;Synchronized;;;1170;08/06/2023;13:57:54;30.64;Synchronized;;;1170;07/06/2023;13:22:13;37.4;Synchronized;;;
1171;08/06/2023;13:56:08;37.55;Synchronized;;;1171;08/06/2023;13:58:54;30.78;Synchronized;;;1171;07/06/2023;13:22:28;37.38;Synchronized;;;
1172;08/06/2023;13:57:07;37.57;Synchronized;;;1172;08/06/2023;13:59:54;30.82;Synchronized;;;1172;07/06/2023;13:22:43;37.41;Synchronized;;;
1173;08/06/2023;13:58:07;37.6;;;;1173;08/06/2023;14:00:54;30.7;Synchronized;;;1173;07/06/2023;13:22:58;37.4;Synchronized;;;
1174;08/06/2023;13:59:07;37.55;;;;1174;08/06/2023;14:01:54;30.7;Synchronized;;;1174;07/06/2023;13:23:13;37.43;Synchronized;;;
1175;08/06/2023;14:00:07;37.49;;;;1175;08/06/2023;14:02:54;30.65;Synchronized;;;1175;07/06/2023;13:23:28;37.42;Synchronized;;;
1176;08/06/2023;14:01:07;37.46;;;;1176;08/06/2023;14:03:53;30.59;Synchronized;;;1176;07/06/2023;13:23:43;37.43;Synchronized;;;
1177;08/06/2023;14:02:07;37.44;;;;1177;08/06/2023;14:04:53;30.57;Synchronized;;;1177;07/06/2023;13:23:58;37.45;Synchronized;;;
1178;08/06/2023;14:03:07;37.47;;;;1178;08/06/2023;14:05:53;30.57;Synchronized;;;1178;07/06/2023;13:24:13;37.45;Synchronized;;;
1179;08/06/2023;14:04:07;37.52;;;;1179;08/06/2023;14:06:53;30.58;Synchronized;;;1179;07/06/2023;13:24:28;37.47;Synchronized;;;
1180;08/06/2023;14:05:07;37.53;Synchronized;;;1180;08/06/2023;14:07:53;30.58;Synchronized;;;1180;07/06/2023;13:24:43;37.48;Synchronized;;;
1181;08/06/2023;14:06:07;37.55;Synchronized;;;1181;08/06/2023;14:08:53;30.56;Synchronized;;;1181;07/06/2023;13:24:58;37.48;;;;
1182;08/06/2023;14:07:06;37.52;Synchronized;;;1182;08/06/2023;14:09:53;30.52;Synchronized;;;1182;07/06/2023;13:25:13;37.49;Synchronized;;;
1183;08/06/2023;14:08:06;37.52;Synchronized;;;1183;08/06/2023;14:10:53;30.47;Synchronized;;;1183;07/06/2023;13:25:28;37.49;;;;
1184;08/06/2023;14:09:06;37.51;Synchronized;;;1184;08/06/2023;14:11:53;30.45;Synchronized;;;1184;07/06/2023;13:25:43;37.5;Synchronized;;;
1185;08/06/2023;14:10:06;37.51;;;;1185;08/06/2023;14:12:53;30.55;Synchronized;;;1185;07/06/2023;13:25:58;37.54;Synchronized;;;
1186;08/06/2023;14:11:06;37.52;Synchronized;;;1186;08/06/2023;14:13:53;30.66;Synchronized;;;1186;07/06/2023;13:26:13;37.55;;;;
1187;08/06/2023;14:12:06;37.51;Synchronized;;;1187;08/06/2023;14:14:53;30.66;Synchronized;;;1187;07/06/2023;13:26:28;37.56;;;;
1188;08/06/2023;14:13:06;37.53;Synchronized;;;1188;08/06/2023;14:15:53;30.63;Synchronized;;;1188;07/06/2023;13:26:43;37.6;;;;
1189;08/06/2023;14:14:06;37.48;;;;1189;08/06/2023;14:16:53;30.57;Synchronized;;;1189;07/06/2023;13:26:58;37.61;;;;
1190;08/06/2023;14:15:06;37.45;Synchronized;;;1190;08/06/2023;14:17:53;30.56;Synchronized;;;1190;07/06/2023;13:27:13;37.63;;;;
1191;08/06/2023;14:16:06;37.45;Synchronized;;;1191;08/06/2023;14:18:53;30.52;Synchronized;;;1191;07/06/2023;13:27:28;37.64;;;;
1192;08/06/2023;14:17:06;37.44;Synchronized;;;1192;08/06/2023;14:19:53;30.51;Synchronized;;;1192;07/06/2023;13:27:43;37.64;;;;
1193;08/06/2023;14:18:05;37.55;Synchronized;;;1193;08/06/2023;14:20:53;30.63;Synchronized;;;1193;07/06/2023;13:27:58;37.66;;;;
1194;08/06/2023;14:19:05;37.59;Synchronized;;;1194;08/06/2023;14:21:53;30.74;Synchronized;;;1194;07/06/2023;13:28:13;37.67;Synchronized;;;
1195;08/06/2023;14:20:05;37.52;Synchronized;;;1195;08/06/2023;14:22:53;30.85;Synchronized;;;1195;07/06/2023;13:28:28;37.67;;;;
1196;08/06/2023;14:21:05;37.48;Synchronized;;;1196;08/06/2023;14:23:53;30.95;Synchronized;;;1196;07/06/2023;13:28:43;37.69;;;;
1197;08/06/2023;14:22:05;37.51;Synchronized;;;1197;08/06/2023;14:24:53;30.95;Synchronized;;;1197;07/06/2023;13:28:58;37.69;;;;
1198;08/06/2023;14:23:05;37.5;Synchronized;;;1198;08/06/2023;14:25:53;30.88;Synchronized;;;1198;07/06/2023;13:29:13;37.71;;;;
1199;08/06/2023;14:24:05;37.41;Synchronized;;;1199;08/06/2023;14:26:53;30.84;Synchronized;;;1199;07/06/2023;13:29:28;37.69;;;;
1200;08/06/2023;14:25:04;37.51;Synchronized;;;1200;08/06/2023;14:27:53;30.74;Synchronized;;;1200;07/06/2023;13:29:43;37.7;;;;
1201;08/06/2023;14:26:04;37.51;Synchronized;;;1201;08/06/2023;14:28:53;30.74;Synchronized;;;1201;07/06/2023;13:29:58;37.7;;;;
1202;08/06/2023;14:27:04;37.51;Synchronized;;;1202;08/06/2023;14:29:53;30.8;Synchronized;;;1202;07/06/2023;13:30:13;37.71;;;;
1203;08/06/2023;14:28:04;37.52;;;;1203;08/06/2023;14:30:53;30.88;Synchronized;;;1203;07/06/2023;13:30:28;37.71;;;;
1204;08/06/2023;14:29:04;37.51;;;;1204;08/06/2023;14:31:53;30.98;Synchronized;;;1204;07/06/2023;13:30:43;37.71;Synchronized;;;
1205;08/06/2023;14:30:04;37.49;;;;1205;08/06/2023;14:32:53;31.02;Synchronized;;;1205;07/06/2023;13:30:58;37.73;Synchronized;;;
1206;08/06/2023;14:31:04;37.49;;;;1206;08/06/2023;14:33:53;31;Synchronized;;;1206;07/06/2023;13:31:13;37.7;Synchronized;;;
1207;08/06/2023;14:32:04;37.51;Synchronized;;;1207;08/06/2023;14:34:53;31.02;Synchronized;;;1207;07/06/2023;13:31:28;37.71;Synchronized;;;
1208;08/06/2023;14:33:04;37.52;Synchronized;;;1208;08/06/2023;14:35:53;30.75;Synchronized;;;1208;07/06/2023;13:31:43;37.72;Synchronized;;;
1209;08/06/2023;14:34:04;37.52;;;;1209;08/06/2023;14:36:53;30.66;Synchronized;;;1209;07/06/2023;13:31:58;37.73;Synchronized;;;
1210;08/06/2023;14:35:04;37.55;Synchronized;;;1210;08/06/2023;14:37:53;30.82;Synchronized;;;1210;07/06/2023;13:32:13;37.72;Synchronized;;;
1211;08/06/2023;14:36:04;37.53;Synchronized;;;1211;08/06/2023;14:38:53;30.77;Synchronized;;;1211;07/06/2023;13:32:28;37.72;Synchronized;;;
1212;08/06/2023;14:37:04;37.52;;;;1212;08/06/2023;14:39:53;30.79;Synchronized;;;1212;07/06/2023;13:32:43;37.73;Synchronized;;;
1213;08/06/2023;14:38:04;37.55;Synchronized;;;1213;08/06/2023;14:40:53;30.76;Synchronized;;;1213;07/06/2023;13:32:58;37.72;Synchronized;;;
1214;08/06/2023;14:39:03;37.52;;;;1214;08/06/2023;14:41:53;30.8;Synchronized;;;1214;07/06/2023;13:33:13;37.72;Synchronized;;;
1215;08/06/2023;14:40:03;37.52;;;;1215;08/06/2023;14:42:53;30.89;Synchronized;;;1215;07/06/2023;13:33:28;37.72;Synchronized;;;
1216;08/06/2023;14:41:03;37.52;Synchronized;;;1216;08/06/2023;14:43:53;30.88;Synchronized;;;1216;07/06/2023;13:33:43;37.72;Synchronized;;;
1217;08/06/2023;14:42:03;37.53;Synchronized;;;1217;08/06/2023;14:44:53;30.89;Synchronized;;;1217;07/06/2023;13:33:58;37.73;Synchronized;;;
1218;08/06/2023;14:43:03;37.53;Synchronized;;;1218;08/06/2023;14:45:53;30.87;Synchronized;;;1218;07/06/2023;13:34:13;37.73;Synchronized;;;
1219;08/06/2023;14:44:03;37.5;Synchronized;;;1219;08/06/2023;14:46:53;30.9;Synchronized;;;1219;07/06/2023;13:34:28;37.7;Synchronized;;;
1220;08/06/2023;14:45:03;37.52;;;;1220;08/06/2023;14:47:53;30.85;Synchronized;;;1220;07/06/2023;13:34:43;37.7;Synchronized;;;
1221;08/06/2023;14:46:03;37.49;Synchronized;;;1221;08/06/2023;14:48:53;30.84;Synchronized;;;1221;07/06/2023;13:34:58;37.7;Synchronized;;;
1222;08/06/2023;14:47:03;37.52;;;;1222;08/06/2023;14:49:53;30.91;Synchronized;;;1222;07/06/2023;13:35:13;37.7;Synchronized;;;
1223;08/06/2023;14:48:03;37.51;Synchronized;;;1223;08/06/2023;14:50:53;30.84;Synchronized;;;1223;07/06/2023;13:35:28;37.71;Synchronized;;;
1224;08/06/2023;14:49:03;37.51;Synchronized;;;1224;08/06/2023;14:51:53;30.94;Synchronized;;;1224;07/06/2023;13:35:43;37.72;Synchronized;;;
1225;08/06/2023;14:50:02;37.52;Synchronized;;;1225;08/06/2023;14:52:53;31.04;Synchronized;;;1225;07/06/2023;13:35:58;37.7;Synchronized;;;
1226;08/06/2023;14:51:02;37.53;;;;1226;08/06/2023;14:53:52;31.38;Synchronized;;;1226;07/06/2023;13:36:13;37.71;Synchronized;;;
1227;08/06/2023;14:52:02;37.55;Synchronized;;;1227;08/06/2023;14:54:52;31.47;Synchronized;;;1227;07/06/2023;13:36:28;37.69;Synchronized;;;
1228;08/06/2023;14:53:02;37.52;Synchronized;;;1228;08/06/2023;14:55:52;31.49;Synchronized;;;1228;07/06/2023;13:36:43;37.7;;;;
1229;08/06/2023;14:54:02;37.55;Synchronized;;;1229;08/06/2023;14:56:52;31.6;Synchronized;;;1229;07/06/2023;13:36:58;37.69;;;;
1230;08/06/2023;14:55:02;37.55;Synchronized;;;1230;08/06/2023;14:57:52;32.21;Synchronized;;;1230;07/06/2023;13:37:13;37.69;Synchronized;;;
1231;08/06/2023;14:56:02;37.55;Synchronized;;;1231;08/06/2023;14:58:52;31.75;Synchronized;;;1231;07/06/2023;13:37:28;37.68;Synchronized;;;
1232;08/06/2023;14:57:02;37.55;Synchronized;;;1232;08/06/2023;14:59:52;31.58;Synchronized;;;1232;07/06/2023;13:37:43;37.7;;;;
1233;08/06/2023;14:58:02;37.57;Synchronized;;;1233;08/06/2023;15:00:52;31.52;Synchronized;;;1233;07/06/2023;13:37:58;37.69;;;;
1234;08/06/2023;14:59:01;37.52;Synchronized;;;1234;08/06/2023;15:01:52;31.57;Synchronized;;;1234;07/06/2023;13:38:13;37.7;;;;
1235;08/06/2023;15:00:01;37.52;Synchronized;;;1235;08/06/2023;15:02:52;31.63;Synchronized;;;1235;07/06/2023;13:38:28;37.7;;;;
1236;08/06/2023;15:01:01;37.55;Synchronized;;;1236;08/06/2023;15:03:52;31.67;Synchronized;;;1236;07/06/2023;13:38:43;37.69;;;;
1237;08/06/2023;15:02:01;37.53;Synchronized;;;1237;08/06/2023;15:04:52;31.71;Synchronized;;;1237;07/06/2023;13:38:58;37.69;;;;
1238;08/06/2023;15:03:01;37.58;Synchronized;;;1238;08/06/2023;15:05:52;31.86;Synchronized;;;1238;07/06/2023;13:39:13;37.68;;;;
1239;08/06/2023;15:04:01;37.61;Synchronized;;;1239;08/06/2023;15:06:52;31.89;Synchronized;;;1239;07/06/2023;13:39:28;37.69;;;;
1240;08/06/2023;15:05:01;37.62;;;;1240;08/06/2023;15:07:52;31.84;Synchronized;;;1240;07/06/2023;13:39:43;37.7;;;;
1241;08/06/2023;15:06:01;37.62;Synchronized;;;1241;08/06/2023;15:08:52;32.08;Synchronized;;;1241;07/06/2023;13:39:58;37.7;;;;
1242;08/06/2023;15:07:01;37.65;;;;1242;08/06/2023;15:09:52;32.18;Synchronized;;;1242;07/06/2023;13:40:13;37.7;;;;
1243;08/06/2023;15:08:01;37.62;;;;1243;08/06/2023;15:10:52;32.08;Synchronized;;;1243;07/06/2023;13:40:28;37.7;;;;
1244;08/06/2023;15:09:01;37.63;;;;1244;08/06/2023;15:11:52;31.93;Synchronized;;;1244;07/06/2023;13:40:43;37.7;;;;
1245;08/06/2023;15:10:01;37.64;;;;1245;08/06/2023;15:12:52;31.73;Synchronized;;;1245;07/06/2023;13:40:58;37.66;;;;
1246;08/06/2023;15:11:01;37.66;;;;1246;08/06/2023;15:13:52;31.63;Synchronized;;;1246;07/06/2023;13:41:13;37.7;;;;
1247;08/06/2023;15:12:01;37.67;Synchronized;;;1247;08/06/2023;15:14:52;31.61;Synchronized;;;1247;07/06/2023;13:41:28;37.71;;;;
1248;08/06/2023;15:13:01;37.69;;;;1248;08/06/2023;15:15:52;31.63;Synchronized;;;1248;07/06/2023;13:41:43;37.7;;;;
1249;08/06/2023;15:14:01;37.69;;;;1249;08/06/2023;15:16:52;31.63;Synchronized;;;1249;07/06/2023;13:41:58;37.71;;;;
1250;08/06/2023;15:15:01;37.71;Synchronized;;;1250;08/06/2023;15:17:52;31.59;Synchronized;;;1250;07/06/2023;13:42:13;37.7;;;;
1251;08/06/2023;15:16:01;37.71;Synchronized;;;1251;08/06/2023;15:18:52;31.54;Synchronized;;;1251;07/06/2023;13:42:28;37.69;;;;
1252;08/06/2023;15:17:01;37.7;Synchronized;;;1252;08/06/2023;15:19:52;31.41;Synchronized;;;1252;07/06/2023;13:42:43;37.7;;;;
1253;08/06/2023;15:18:00;37.7;Synchronized;;;1253;08/06/2023;15:20:52;31.2;Synchronized;;;1253;07/06/2023;13:42:58;37.69;;;;
1254;08/06/2023;15:19:00;37.71;Synchronized;;;1254;08/06/2023;15:21:52;31.16;Synchronized;;;1254;07/06/2023;13:43:13;37.7;;;;
1255;08/06/2023;15:20:00;37.7;Synchronized;;;1255;08/06/2023;15:22:52;31.35;Synchronized;;;1255;07/06/2023;13:43:28;37.7;;;;
1256;08/06/2023;15:21:00;37.68;;;;1256;08/06/2023;15:23:52;31.48;Synchronized;;;1256;07/06/2023;13:43:43;37.68;;;;
1257;08/06/2023;15:22:00;37.71;;;;1257;08/06/2023;15:24:52;31.58;Synchronized;;;1257;07/06/2023;13:43:58;37.7;Synchronized;;;
1258;08/06/2023;15:23:00;37.74;;;;1258;08/06/2023;15:25:52;31.65;Synchronized;;;1258;07/06/2023;13:44:13;37.64;Synchronized;;;
1259;08/06/2023;15:24:00;37.75;;;;1259;08/06/2023;15:26:52;31.7;Synchronized;;;1259;07/06/2023;13:44:28;37.63;;;;
1260;08/06/2023;15:25:00;37.75;;;;1260;08/06/2023;15:27:52;31.72;Synchronized;;;1260;07/06/2023;13:44:43;37.66;Synchronized;;;
1261;08/06/2023;15:26:00;37.77;;;;1261;08/06/2023;15:28:52;31.35;Synchronized;;;1261;07/06/2023;13:44:58;37.61;;;;
1262;08/06/2023;15:27:00;37.76;;;;1262;08/06/2023;15:29:52;31.21;Synchronized;;;1262;07/06/2023;13:45:13;37.6;Synchronized;;;
1263;08/06/2023;15:28:00;37.75;;;;1263;08/06/2023;15:30:52;31.23;Synchronized;;;1263;07/06/2023;13:45:28;37.58;Synchronized;;;
1264;08/06/2023;15:29:00;37.77;Synchronized;;;1264;08/06/2023;15:31:52;31.19;Synchronized;;;1264;07/06/2023;13:45:43;37.57;Synchronized;;;
1265;08/06/2023;15:30:00;37.8;Synchronized;;;1265;08/06/2023;15:32:52;31.32;Synchronized;;;1265;07/06/2023;13:45:58;37.58;Synchronized;;;
1266;08/06/2023;15:31:00;37.8;;;;1266;08/06/2023;15:33:52;31.52;Synchronized;;;1266;07/06/2023;13:46:13;37.54;Synchronized;;;
1267;08/06/2023;15:31:59;37.77;;;;1267;08/06/2023;15:34:52;31.69;Synchronized;;;1267;07/06/2023;13:46:28;37.55;Synchronized;;;
1268;08/06/2023;15:32:59;37.78;;;;1268;08/06/2023;15:35:52;31.82;Synchronized;;;1268;07/06/2023;13:46:43;37.52;;;;
1269;08/06/2023;15:33:59;37.78;;;;1269;08/06/2023;15:36:52;32.18;Synchronized;;;1269;07/06/2023;13:46:58;37.5;;;;
1270;08/06/2023;15:34:59;37.77;;;;1270;08/06/2023;15:37:52;32.34;Synchronized;;;1270;07/06/2023;13:47:13;37.51;;;;
1271;08/06/2023;15:35:59;37.74;;;;1271;08/06/2023;15:38:52;32.01;Synchronized;;;1271;07/06/2023;13:47:28;37.47;;;;
1272;08/06/2023;15:36:59;37.72;Synchronized;;;1272;08/06/2023;15:39:52;31.5;Synchronized;;;1272;07/06/2023;13:47:43;37.46;;;;
1273;08/06/2023;15:37:59;37.73;;;;1273;08/06/2023;15:40:52;31.22;Synchronized;;;1273;07/06/2023;13:47:58;37.45;;;;
1274;08/06/2023;15:38:59;37.73;Synchronized;;;1274;08/06/2023;15:41:52;31.14;Synchronized;;;1274;07/06/2023;13:48:13;37.48;;;;
1275;08/06/2023;15:39:59;37.72;Synchronized;;;1275;08/06/2023;15:42:51;31.23;Synchronized;;;1275;07/06/2023;13:48:28;37.45;;;;
1276;08/06/2023;15:40:59;37.74;Synchronized;;;1276;08/06/2023;15:43:51;31.19;Synchronized;;;1276;07/06/2023;13:48:43;37.46;Synchronized;;;
1277;08/06/2023;15:41:59;37.76;;;;1277;08/06/2023;15:44:51;31.13;Synchronized;;;1277;07/06/2023;13:48:58;37.45;Synchronized;;;
1278;08/06/2023;15:42:59;37.77;;;;1278;08/06/2023;15:45:51;31.16;Synchronized;;;1278;07/06/2023;13:49:13;37.45;Synchronized;;;
1279;08/06/2023;15:43:58;37.78;;;;1279;08/06/2023;15:46:51;31.16;Synchronized;;;1279;07/06/2023;13:49:28;37.46;;;;
1280;08/06/2023;15:44:58;37.77;Synchronized;;;1280;08/06/2023;15:47:51;31.07;Synchronized;;;1280;07/06/2023;13:49:43;37.48;;;;
1281;08/06/2023;15:45:58;37.75;Synchronized;;;1281;08/06/2023;15:48:51;30.98;Synchronized;;;1281;07/06/2023;13:49:59;37.48;;;;
1282;08/06/2023;15:46:58;37.75;;;;1282;08/06/2023;15:49:51;31;Synchronized;;;1282;07/06/2023;13:50:14;37.48;;;;
1283;08/06/2023;15:47:58;37.78;;;;1283;08/06/2023;15:50:51;30.95;Synchronized;;;1283;07/06/2023;13:50:29;37.45;;;;
1284;08/06/2023;15:48:58;37.78;;;;1284;08/06/2023;15:51:51;30.93;Synchronized;;;1284;07/06/2023;13:50:44;37.46;Synchronized;;;
1285;08/06/2023;15:49:58;37.78;Synchronized;;;1285;08/06/2023;15:52:51;30.74;Synchronized;;;1285;07/06/2023;13:50:59;37.45;;;;
1286;08/06/2023;15:50:58;37.8;;;;1286;08/06/2023;15:53:51;30.63;Synchronized;;;1286;07/06/2023;13:51:14;37.48;;;;
1287;08/06/2023;15:51:58;37.74;;;;1287;08/06/2023;15:54:51;30.52;Synchronized;;;1287;07/06/2023;13:51:29;37.46;;;;
1288;08/06/2023;15:52:58;37.74;Synchronized;;;1288;08/06/2023;15:55:51;30.48;Synchronized;;;1288;07/06/2023;13:51:44;37.48;Synchronized;;;
1289;08/06/2023;15:53:58;37.74;Synchronized;;;1289;08/06/2023;15:56:51;30.52;Synchronized;;;1289;07/06/2023;13:51:59;37.48;Synchronized;;;
1290;08/06/2023;15:54:58;37.74;;;;1290;08/06/2023;15:57:51;30.53;Synchronized;;;1290;07/06/2023;13:52:14;37.48;Synchronized;;;
1291;08/06/2023;15:55:57;37.76;;;;1291;08/06/2023;15:58:51;30.84;Synchronized;;;1291;07/06/2023;13:52:29;37.48;Synchronized;;;
1292;08/06/2023;15:56:57;37.77;Synchronized;;;1292;08/06/2023;15:59:51;31.02;Synchronized;;;1292;07/06/2023;13:52:44;37.47;Synchronized;;;
1293;08/06/2023;15:57:57;37.73;Synchronized;;;1293;08/06/2023;16:00:51;30.82;Synchronized;;;1293;07/06/2023;13:52:59;37.48;Synchronized;;;
1294;08/06/2023;15:58:57;37.73;Synchronized;;;1294;08/06/2023;16:01:51;30.63;Synchronized;;;1294;07/06/2023;13:53:14;37.46;;;;
1295;08/06/2023;15:59:57;37.75;Synchronized;;;1295;08/06/2023;16:02:51;30.47;Synchronized;;;1295;07/06/2023;13:53:29;37.46;;;;
1296;08/06/2023;16:00:57;37.73;Synchronized;;;1296;08/06/2023;16:03:51;30.44;Synchronized;;;1296;07/06/2023;13:53:44;37.47;;;;
1297;08/06/2023;16:01:57;37.73;Synchronized;;;1297;08/06/2023;16:04:51;30.45;Synchronized;;;1297;07/06/2023;13:53:59;37.46;Synchronized;;;
1298;08/06/2023;16:02:57;37.74;Synchronized;;;1298;08/06/2023;16:05:51;30.39;Synchronized;;;1298;07/06/2023;13:54:14;37.47;Synchronized;;;
1299;08/06/2023;16:03:57;37.77;Synchronized;;;1299;08/06/2023;16:06:51;30.4;Synchronized;;;1299;07/06/2023;13:54:29;37.45;;;;
1300;08/06/2023;16:04:57;37.75;Synchronized;;;1300;08/06/2023;16:07:51;30.41;Synchronized;;;1300;07/06/2023;13:54:44;37.46;;;;
1301;08/06/2023;16:05:57;37.73;Synchronized;;;1301;08/06/2023;16:08:51;30.55;Synchronized;;;1301;07/06/2023;13:54:59;37.48;Synchronized;;;
1302;08/06/2023;16:06:57;37.68;;;;1302;08/06/2023;16:09:51;30.77;Synchronized;;;1302;07/06/2023;13:55:14;37.44;Synchronized;;;
1303;08/06/2023;16:07:57;37.7;;;;1303;08/06/2023;16:10:51;31.01;Synchronized;;;1303;07/06/2023;13:55:29;37.47;;;;
1304;08/06/2023;16:08:56;37.68;;;;1304;08/06/2023;16:11:51;31.3;Synchronized;;;1304;07/06/2023;13:55:44;37.46;;;;
1305;08/06/2023;16:09:56;37.63;Synchronized;;;1305;08/06/2023;16:12:51;31.55;Synchronized;;;1305;07/06/2023;13:55:59;37.45;;;;
1306;08/06/2023;16:10:56;37.6;Synchronized;;;1306;08/06/2023;16:13:51;31.71;Synchronized;;;1306;07/06/2023;13:56:14;37.48;;;;
1307;08/06/2023;16:11:56;37.6;Synchronized;;;1307;08/06/2023;16:14:51;31.8;Synchronized;;;1307;07/06/2023;13:56:29;37.48;;;;
1308;08/06/2023;16:12:56;37.59;Synchronized;;;1308;08/06/2023;16:15:51;31.82;Synchronized;;;1308;07/06/2023;13:56:44;37.47;;;;
1309;08/06/2023;16:13:56;37.68;;;;1309;08/06/2023;16:16:51;31.86;Synchronized;;;1309;07/06/2023;13:56:59;37.45;Synchronized;;;
1310;08/06/2023;16:14:56;37.75;;;;1310;08/06/2023;16:17:51;31.89;Synchronized;;;1310;07/06/2023;13:57:14;37.47;Synchronized;;;
1311;08/06/2023;16:15:56;37.76;;;;1311;08/06/2023;16:18:51;31.95;Synchronized;;;1311;07/06/2023;13:57:29;37.45;Synchronized;;;
1312;08/06/2023;16:16:56;37.73;;;;1312;08/06/2023;16:19:51;32.25;Synchronized;;;1312;07/06/2023;13:57:44;37.45;Synchronized;;;
1313;08/06/2023;16:17:56;37.7;;;;1313;08/06/2023;16:20:51;32.47;Synchronized;;;1313;07/06/2023;13:57:59;37.44;Synchronized;;;
1314;08/06/2023;16:18:56;37.7;;;;1314;08/06/2023;16:21:51;32.37;Synchronized;;;1314;07/06/2023;13:58:14;37.45;Synchronized;;;
1315;08/06/2023;16:19:56;37.68;Synchronized;;;1315;08/06/2023;16:22:51;32.44;Synchronized;;;1315;07/06/2023;13:58:29;37.45;Synchronized;;;
1316;08/06/2023;16:20:56;37.7;Synchronized;;;1316;08/06/2023;16:23:51;32.16;Synchronized;;;1316;07/06/2023;13:58:44;37.45;Synchronized;;;
1317;08/06/2023;16:21:55;37.7;Synchronized;;;1317;08/06/2023;16:24:51;31.7;Synchronized;;;1317;07/06/2023;13:58:59;37.45;Synchronized;;;
1318;08/06/2023;16:22:55;37.7;Synchronized;;;1318;08/06/2023;16:25:51;31.27;Synchronized;;;1318;07/06/2023;13:59:14;37.45;Synchronized;;;
1319;08/06/2023;16:23:55;37.7;Synchronized;;;1319;08/06/2023;16:26:51;31.04;Synchronized;;;1319;07/06/2023;13:59:29;37.43;Synchronized;;;
1320;08/06/2023;16:24:55;37.68;;;;1320;08/06/2023;16:27:51;30.94;Synchronized;;;1320;07/06/2023;13:59:44;37.44;Synchronized;;;
1321;08/06/2023;16:25:55;37.69;;;;1321;08/06/2023;16:28:51;30.91;Synchronized;;;1321;07/06/2023;13:59:59;37.4;Synchronized;;;
1322;08/06/2023;16:26:55;37.7;Synchronized;;;1322;08/06/2023;16:29:51;30.94;Synchronized;;;1322;07/06/2023;14:00:14;37.41;Synchronized;;;
1323;08/06/2023;16:27:55;37.7;Synchronized;;;1323;08/06/2023;16:30:51;31;Synchronized;;;1323;07/06/2023;14:00:29;37.4;;;;
1324;08/06/2023;16:28:55;37.68;;;;1324;08/06/2023;16:31:51;31.04;Synchronized;;;1324;07/06/2023;14:00:44;37.38;Synchronized;;;
1325;08/06/2023;16:29:55;;Missing data;;;1325;08/06/2023;16:32:50;31.2;Synchronized;;;1325;07/06/2023;14:00:59;37.36;Synchronized;;;
1326;08/06/2023;16:30:55;;Missing data;;;1326;08/06/2023;16:33:50;31.45;Synchronized;;;1326;07/06/2023;14:01:14;37.35;Synchronized;;;
1327;08/06/2023;16:31:54;;Missing data;;;1327;08/06/2023;16:34:50;31.32;Synchronized;;;1327;07/06/2023;14:01:29;37.34;Synchronized;;;
1328;08/06/2023;16:32:54;37.67;;;;1328;08/06/2023;16:35:50;31.19;Synchronized;;;1328;07/06/2023;14:01:44;37.31;Synchronized;;;
1329;08/06/2023;16:33:54;37.69;;;;1329;08/06/2023;16:36:50;31.17;Synchronized;;;1329;07/06/2023;14:01:59;37.33;Synchronized;;;
1330;08/06/2023;16:34:54;;Missing data;;;1330;08/06/2023;16:37:50;31.3;Synchronized;;;1330;07/06/2023;14:02:14;37.32;Synchronized;;;
1331;08/06/2023;16:35:54;37.66;;;;1331;08/06/2023;16:38:50;31.27;Synchronized;;;1331;07/06/2023;14:02:29;37.3;Synchronized;;;
1332;08/06/2023;16:36:54;37.7;;;;1332;08/06/2023;16:39:50;31.27;Synchronized;;;1332;07/06/2023;14:02:44;37.3;Synchronized;;;
1333;08/06/2023;16:37:54;37.71;;;;1333;08/06/2023;16:40:50;31.2;Synchronized;;;1333;07/06/2023;14:02:59;37.3;Synchronized;;;
1334;08/06/2023;16:38:54;37.7;;;;1334;08/06/2023;16:41:50;31.06;Synchronized;;;1334;07/06/2023;14:03:14;37.3;Synchronized;;;
1335;08/06/2023;16:39:54;37.71;;;;1335;08/06/2023;16:42:50;30.95;Synchronized;;;1335;07/06/2023;14:03:29;37.31;Synchronized;;;
1336;08/06/2023;16:40:54;;Missing data;;;1336;08/06/2023;16:43:50;31.07;Synchronized;;;1336;07/06/2023;14:03:44;37.33;Synchronized;;;
1337;08/06/2023;16:41:54;37.71;;;;1337;08/06/2023;16:44:50;30.93;Synchronized;;;1337;07/06/2023;14:03:59;37.32;;;;
;;;;;;;1338;08/06/2023;16:45:50;30.97;Synchronized;;;1338;07/06/2023;14:04:14;37.3;Synchronized;;;
;;;;;;;1339;08/06/2023;16:46:50;31.01;Synchronized;;;1339;07/06/2023;14:04:29;37.28;Synchronized;;;
;;;;;;;1340;08/06/2023;16:47:50;31.06;Synchronized;;;1340;07/06/2023;14:04:44;37.24;Synchronized;;;
;;;;;;;1341;08/06/2023;16:48:50;31.1;Synchronized;;;1341;07/06/2023;14:04:59;37.27;Synchronized;;;
;;;;;;;1342;08/06/2023;16:49:50;31.27;Synchronized;;;1342;07/06/2023;14:05:14;37.26;Synchronized;;;
;;;;;;;1343;08/06/2023;16:50:50;31.19;Synchronized;;;1343;07/06/2023;14:05:29;37.27;Synchronized;;;
;;;;;;;1344;08/06/2023;16:51:50;31.17;Synchronized;;;1344;07/06/2023;14:05:44;37.3;;;;
;;;;;;;1345;08/06/2023;16:52:50;31.11;Synchronized;;;1345;07/06/2023;14:05:59;37.27;Synchronized;;;
;;;;;;;1346;08/06/2023;16:53:50;31.09;Synchronized;;;1346;07/06/2023;14:06:14;37.3;Synchronized;;;
;;;;;;;1347;08/06/2023;16:54:50;31.07;Synchronized;;;1347;07/06/2023;14:06:29;37.3;Synchronized;;;
;;;;;;;1348;08/06/2023;16:55:50;31.06;Synchronized;;;1348;07/06/2023;14:06:44;37.28;;;;
;;;;;;;1349;08/06/2023;16:56:50;30.88;;;;1349;07/06/2023;14:06:59;37.28;Synchronized;;;
;;;;;;;1350;08/06/2023;16:57:50;30.52;;;;1350;07/06/2023;14:07:14;37.3;Synchronized;;;
;;;;;;;1351;08/06/2023;16:58:50;29.77;;;;1351;07/06/2023;14:07:29;37.27;;;;
;;;;;;;1352;08/06/2023;16:59:50;29.17;;;;1352;07/06/2023;14:07:44;37.26;;;;
;;;;;;;1353;08/06/2023;17:00:50;28.76;;;;1353;07/06/2023;14:07:59;37.25;Synchronized;;;
;;;;;;;1354;08/06/2023;17:01:50;28.41;;;;1354;07/06/2023;14:08:14;37.26;Synchronized;;;
;;;;;;;1355;08/06/2023;17:02:50;28.14;;;;1355;07/06/2023;14:08:29;37.27;Synchronized;;;
;;;;;;;1356;08/06/2023;17:03:50;27.96;;;;1356;07/06/2023;14:08:44;37.26;Synchronized;;;
;;;;;;;1357;08/06/2023;17:04:50;27.8;;;;1357;07/06/2023;14:08:59;37.23;Synchronized;;;
;;;;;;;1358;08/06/2023;17:05:50;27.68;;;;1358;07/06/2023;14:09:14;37.23;;;;
;;;;;;;1359;08/06/2023;17:06:50;27.63;;;;1359;07/06/2023;14:09:29;37.25;Synchronized;;;
;;;;;;;1360;08/06/2023;17:07:50;27.55;;;;1360;07/06/2023;14:09:44;37.25;;;;
;;;;;;;1361;08/06/2023;17:08:50;27.54;;;;1361;07/06/2023;14:09:59;37.24;;;;
;;;;;;;1362;08/06/2023;17:09:50;27.5;;;;1362;07/06/2023;14:10:14;37.23;;;;
;;;;;;;1363;08/06/2023;17:10:50;27.46;;;;1363;07/06/2023;14:10:29;37.23;Synchronized;;;
;;;;;;;1364;08/06/2023;17:11:50;27.46;;;;1364;07/06/2023;14:10:44;37.21;;;;
;;;;;;;1365;08/06/2023;17:12:50;27.42;;;;1365;07/06/2023;14:10:59;37.19;;;;
;;;;;;;1366;08/06/2023;17:13:50;27.41;;;;1366;07/06/2023;14:11:14;37.2;;;;
;;;;;;;1367;08/06/2023;17:14:50;27.4;;;;1367;07/06/2023;14:11:29;37.16;Synchronized;;;
;;;;;;;1368;08/06/2023;17:15:50;27.36;;;;1368;07/06/2023;14:11:44;37.18;;;;
;;;;;;;1369;08/06/2023;17:16:50;27.34;;;;1369;07/06/2023;14:11:59;37.2;;;;
;;;;;;;1370;08/06/2023;17:17:50;27.38;;;;1370;07/06/2023;14:12:14;37.15;Synchronized;;;
;;;;;;;1371;08/06/2023;17:18:50;27.4;;;;1371;07/06/2023;14:12:29;37.15;Synchronized;;;
;;;;;;;1372;08/06/2023;17:19:50;27.39;;;;1372;07/06/2023;14:12:44;37.17;Synchronized;;;
;;;;;;;1373;08/06/2023;17:20:50;27.4;;;;1373;07/06/2023;14:12:59;37.2;Synchronized;;;
;;;;;;;1374;08/06/2023;17:21:50;27.42;;;;1374;07/06/2023;14:13:14;37.2;Synchronized;;;
;;;;;;;1375;08/06/2023;17:22:50;27.41;;;;1375;07/06/2023;14:13:29;37.2;Synchronized;;;
;;;;;;;1376;08/06/2023;17:23:50;27.41;;;;1376;07/06/2023;14:13:44;37.2;;;;
;;;;;;;1377;08/06/2023;17:24:50;27.4;;;;1377;07/06/2023;14:13:59;37.2;;;;
;;;;;;;1378;08/06/2023;17:25:50;27.44;;;;1378;07/06/2023;14:14:14;37.22;Synchronized;;;
;;;;;;;1379;08/06/2023;17:26:50;27.52;;;;1379;07/06/2023;14:14:29;37.22;;;;
;;;;;;;;;;;;;;1380;07/06/2023;14:14:44;37.21;Synchronized;;;
;;;;;;;;;;;;;;1381;07/06/2023;14:14:59;37.19;Synchronized;;;
;;;;;;;;;;;;;;1382;07/06/2023;14:15:14;37.2;Synchronized;;;
;;;;;;;;;;;;;;1383;07/06/2023;14:15:29;37.21;;;;
;;;;;;;;;;;;;;1384;07/06/2023;14:15:44;37.2;;;;
;;;;;;;;;;;;;;1385;07/06/2023;14:15:59;37.23;;;;
;;;;;;;;;;;;;;1386;07/06/2023;14:16:14;37.2;;;;
;;;;;;;;;;;;;;1387;07/06/2023;14:16:29;37.19;;;;
;;;;;;;;;;;;;;1388;07/06/2023;14:16:44;37.2;Synchronized;;;
;;;;;;;;;;;;;;1389;07/06/2023;14:16:59;37.19;Synchronized;;;
;;;;;;;;;;;;;;1390;07/06/2023;14:17:14;37.2;Synchronized;;;
;;;;;;;;;;;;;;1391;07/06/2023;14:17:29;37.18;;;;
;;;;;;;;;;;;;;1392;07/06/2023;14:17:44;37.2;;;;
;;;;;;;;;;;;;;1393;07/06/2023;14:17:59;37.2;;;;
;;;;;;;;;;;;;;1394;07/06/2023;14:18:14;37.2;;;;
;;;;;;;;;;;;;;1395;07/06/2023;14:18:29;37.2;Synchronized;;;
;;;;;;;;;;;;;;1396;07/06/2023;14:18:44;37.2;Synchronized;;;
;;;;;;;;;;;;;;1397;07/06/2023;14:18:59;37.2;;;;
;;;;;;;;;;;;;;1398;07/06/2023;14:19:14;37.2;Synchronized;;;
;;;;;;;;;;;;;;1399;07/06/2023;14:19:29;37.18;;;;
;;;;;;;;;;;;;;1400;07/06/2023;14:19:44;37.17;Synchronized;;;
;;;;;;;;;;;;;;1401;07/06/2023;14:19:59;37.19;Synchronized;;;
;;;;;;;;;;;;;;1402;07/06/2023;14:20:14;37.15;Synchronized;;;
;;;;;;;;;;;;;;1403;07/06/2023;14:20:29;37.15;;;;
;;;;;;;;;;;;;;1404;07/06/2023;14:20:44;37.16;;;;
;;;;;;;;;;;;;;1405;07/06/2023;14:20:59;37.16;;;;
;;;;;;;;;;;;;;1406;07/06/2023;14:21:14;37.18;;;;
;;;;;;;;;;;;;;1407;07/06/2023;14:21:29;37.16;Synchronized;;;
;;;;;;;;;;;;;;1408;07/06/2023;14:21:44;37.18;Synchronized;;;
;;;;;;;;;;;;;;1409;07/06/2023;14:21:59;37.18;Synchronized;;;
;;;;;;;;;;;;;;1410;07/06/2023;14:22:15;37.15;Synchronized;;;
;;;;;;;;;;;;;;1411;07/06/2023;14:22:30;37.16;Synchronized;;;
;;;;;;;;;;;;;;1412;07/06/2023;14:22:45;37.15;Synchronized;;;
;;;;;;;;;;;;;;1413;07/06/2023;14:23:00;37.15;;;;
;;;;;;;;;;;;;;1414;07/06/2023;14:23:15;37.15;;;;
;;;;;;;;;;;;;;1415;07/06/2023;14:23:30;37.16;Synchronized;;;
;;;;;;;;;;;;;;1416;07/06/2023;14:23:45;37.15;Synchronized;;;
;;;;;;;;;;;;;;1417;07/06/2023;14:24:00;37.18;Synchronized;;;
;;;;;;;;;;;;;;1418;07/06/2023;14:24:15;37.18;Synchronized;;;
;;;;;;;;;;;;;;1419;07/06/2023;14:24:30;37.18;Synchronized;;;
;;;;;;;;;;;;;;1420;07/06/2023;14:24:45;37.17;Synchronized;;;
;;;;;;;;;;;;;;1421;07/06/2023;14:25:00;37.17;Synchronized;;;
;;;;;;;;;;;;;;1422;07/06/2023;14:25:15;37.19;Synchronized;;;
;;;;;;;;;;;;;;1423;07/06/2023;14:25:30;37.18;Synchronized;;;
;;;;;;;;;;;;;;1424;07/06/2023;14:25:45;37.18;Synchronized;;;
;;;;;;;;;;;;;;1425;07/06/2023;14:26:00;37.18;Synchronized;;;
;;;;;;;;;;;;;;1426;07/06/2023;14:26:15;37.17;Synchronized;;;
;;;;;;;;;;;;;;1427;07/06/2023;14:26:30;37.19;Synchronized;;;
;;;;;;;;;;;;;;1428;07/06/2023;14:26:45;37.17;Synchronized;;;
;;;;;;;;;;;;;;1429;07/06/2023;14:27:00;37.16;Synchronized;;;
;;;;;;;;;;;;;;1430;07/06/2023;14:27:15;37.17;;;;
;;;;;;;;;;;;;;1431;07/06/2023;14:27:30;37.16;;;;
;;;;;;;;;;;;;;1432;07/06/2023;14:27:45;37.18;Synchronized;;;
;;;;;;;;;;;;;;1433;07/06/2023;14:28:00;37.16;Synchronized;;;
;;;;;;;;;;;;;;1434;07/06/2023;14:28:15;37.17;Synchronized;;;
;;;;;;;;;;;;;;1435;07/06/2023;14:28:30;37.15;Synchronized;;;
;;;;;;;;;;;;;;1436;07/06/2023;14:28:45;37.17;Synchronized;;;
;;;;;;;;;;;;;;1437;07/06/2023;14:29:00;37.15;Synchronized;;;
;;;;;;;;;;;;;;1438;07/06/2023;14:29:15;37.16;Synchronized;;;
;;;;;;;;;;;;;;1439;07/06/2023;14:29:30;37.15;Synchronized;;;
;;;;;;;;;;;;;;1440;07/06/2023;14:29:45;37.14;;;;
;;;;;;;;;;;;;;1441;07/06/2023;14:30:00;37.15;Synchronized;;;
;;;;;;;;;;;;;;1442;07/06/2023;14:30:15;37.15;Synchronized;;;
;;;;;;;;;;;;;;1443;07/06/2023;14:30:30;37.14;Synchronized;;;
;;;;;;;;;;;;;;1444;07/06/2023;14:30:45;37.14;Synchronized;;;
;;;;;;;;;;;;;;1445;07/06/2023;14:31:00;37.16;Synchronized;;;
;;;;;;;;;;;;;;1446;07/06/2023;14:31:15;37.13;;;;
;;;;;;;;;;;;;;1447;07/06/2023;14:31:30;37.14;Synchronized;;;
;;;;;;;;;;;;;;1448;07/06/2023;14:31:45;37.13;Synchronized;;;
;;;;;;;;;;;;;;1449;07/06/2023;14:32:00;37.13;Synchronized;;;
;;;;;;;;;;;;;;1450;07/06/2023;14:32:15;37.15;Synchronized;;;
;;;;;;;;;;;;;;1451;07/06/2023;14:32:30;37.13;Synchronized;;;
;;;;;;;;;;;;;;1452;07/06/2023;14:32:45;37.13;;;;
;;;;;;;;;;;;;;1453;07/06/2023;14:33:00;37.12;;;;
;;;;;;;;;;;;;;1454;07/06/2023;14:33:15;37.12;Synchronized;;;
;;;;;;;;;;;;;;1455;07/06/2023;14:33:30;37.13;;;;
;;;;;;;;;;;;;;1456;07/06/2023;14:33:45;37.11;;;;
;;;;;;;;;;;;;;1457;07/06/2023;14:34:00;37.1;Synchronized;;;
;;;;;;;;;;;;;;1458;07/06/2023;14:34:15;37.14;Synchronized;;;
;;;;;;;;;;;;;;1459;07/06/2023;14:34:30;37.11;Synchronized;;;
;;;;;;;;;;;;;;1460;07/06/2023;14:34:45;37.11;Synchronized;;;
;;;;;;;;;;;;;;1461;07/06/2023;14:35:00;37.12;Synchronized;;;
;;;;;;;;;;;;;;1462;07/06/2023;14:35:15;37.12;Synchronized;;;
;;;;;;;;;;;;;;1463;07/06/2023;14:35:30;37.12;Synchronized;;;
;;;;;;;;;;;;;;1464;07/06/2023;14:35:45;37.11;Synchronized;;;
;;;;;;;;;;;;;;1465;07/06/2023;14:36:00;37.11;;;;
;;;;;;;;;;;;;;1466;07/06/2023;14:36:15;37.11;Synchronized;;;
;;;;;;;;;;;;;;1467;07/06/2023;14:36:30;37.08;Synchronized;;;
;;;;;;;;;;;;;;1468;07/06/2023;14:36:45;37.11;Synchronized;;;
;;;;;;;;;;;;;;1469;07/06/2023;14:37:00;37.09;Synchronized;;;
;;;;;;;;;;;;;;1470;07/06/2023;14:37:15;37.09;Synchronized;;;
;;;;;;;;;;;;;;1471;07/06/2023;14:37:30;37.09;Synchronized;;;
;;;;;;;;;;;;;;1472;07/06/2023;14:37:45;37.08;Synchronized;;;
;;;;;;;;;;;;;;1473;07/06/2023;14:38:00;37.1;Synchronized;;;
;;;;;;;;;;;;;;1474;07/06/2023;14:38:15;37.1;Synchronized;;;
;;;;;;;;;;;;;;1475;07/06/2023;14:38:30;37.1;;;;
;;;;;;;;;;;;;;1476;07/06/2023;14:38:45;37.09;Synchronized;;;
;;;;;;;;;;;;;;1477;07/06/2023;14:39:00;37.09;Synchronized;;;
;;;;;;;;;;;;;;1478;07/06/2023;14:39:15;37.08;Synchronized;;;
;;;;;;;;;;;;;;1479;07/06/2023;14:39:30;37.08;Synchronized;;;
;;;;;;;;;;;;;;1480;07/06/2023;14:39:45;37.07;;;;
;;;;;;;;;;;;;;1481;07/06/2023;14:40:00;37.07;;;;
;;;;;;;;;;;;;;1482;07/06/2023;14:40:15;37.07;;;;
;;;;;;;;;;;;;;1483;07/06/2023;14:40:30;37.07;Synchronized;;;
;;;;;;;;;;;;;;1484;07/06/2023;14:40:45;37.08;Synchronized;;;
;;;;;;;;;;;;;;1485;07/06/2023;14:41:00;37.08;Synchronized;;;
;;;;;;;;;;;;;;1486;07/06/2023;14:41:15;37.07;;;;
;;;;;;;;;;;;;;1487;07/06/2023;14:41:30;37.07;;;;
;;;;;;;;;;;;;;1488;07/06/2023;14:41:45;37.06;Synchronized;;;
;;;;;;;;;;;;;;1489;07/06/2023;14:42:00;37.06;Synchronized;;;
;;;;;;;;;;;;;;1490;07/06/2023;14:42:15;37.05;Synchronized;;;
;;;;;;;;;;;;;;1491;07/06/2023;14:42:30;37.06;;;;
;;;;;;;;;;;;;;1492;07/06/2023;14:42:45;37.05;Synchronized;;;
;;;;;;;;;;;;;;1493;07/06/2023;14:43:00;37.06;Synchronized;;;
;;;;;;;;;;;;;;1494;07/06/2023;14:43:15;37.09;;;;
;;;;;;;;;;;;;;1495;07/06/2023;14:43:30;37.08;;;;
;;;;;;;;;;;;;;1496;07/06/2023;14:43:45;37.08;;;;
;;;;;;;;;;;;;;1497;07/06/2023;14:44:00;37.07;Synchronized;;;
;;;;;;;;;;;;;;1498;07/06/2023;14:44:15;37.08;Synchronized;;;
;;;;;;;;;;;;;;1499;07/06/2023;14:44:30;37.1;;;;
;;;;;;;;;;;;;;1500;07/06/2023;14:44:45;37.09;;;;
;;;;;;;;;;;;;;1501;07/06/2023;14:45:00;37.09;Synchronized;;;
;;;;;;;;;;;;;;1502;07/06/2023;14:45:15;37.07;;;;
;;;;;;;;;;;;;;1503;07/06/2023;14:45:30;37.11;Synchronized;;;
;;;;;;;;;;;;;;1504;07/06/2023;14:45:45;37.09;;;;
;;;;;;;;;;;;;;1505;07/06/2023;14:46:00;37.09;;;;
;;;;;;;;;;;;;;1506;07/06/2023;14:46:15;37.08;Synchronized;;;
;;;;;;;;;;;;;;1507;07/06/2023;14:46:30;37.1;;;;
;;;;;;;;;;;;;;1508;07/06/2023;14:46:46;37.1;;;;
;;;;;;;;;;;;;;1509;07/06/2023;14:47:01;37.09;Synchronized;;;
;;;;;;;;;;;;;;1510;07/06/2023;14:47:16;37.1;Synchronized;;;
;;;;;;;;;;;;;;1511;07/06/2023;14:47:31;37.09;;;;
;;;;;;;;;;;;;;1512;07/06/2023;14:47:46;37.09;Synchronized;;;
;;;;;;;;;;;;;;1513;07/06/2023;14:48:01;37.09;Synchronized;;;
;;;;;;;;;;;;;;1514;07/06/2023;14:48:16;37.09;Synchronized;;;
;;;;;;;;;;;;;;1515;07/06/2023;14:48:31;37.09;Synchronized;;;
;;;;;;;;;;;;;;1516;07/06/2023;14:48:46;37.07;Synchronized;;;
;;;;;;;;;;;;;;1517;07/06/2023;14:49:01;37.1;Synchronized;;;
;;;;;;;;;;;;;;1518;07/06/2023;14:49:16;37.09;Synchronized;;;
;;;;;;;;;;;;;;1519;07/06/2023;14:49:31;37.08;Synchronized;;;
;;;;;;;;;;;;;;1520;07/06/2023;14:49:46;37.09;Synchronized;;;
;;;;;;;;;;;;;;1521;07/06/2023;14:50:01;37.08;Synchronized;;;
;;;;;;;;;;;;;;1522;07/06/2023;14:50:16;37.1;Synchronized;;;
;;;;;;;;;;;;;;1523;07/06/2023;14:50:31;37.1;Synchronized;;;
;;;;;;;;;;;;;;1524;07/06/2023;14:50:46;37.09;Synchronized;;;
;;;;;;;;;;;;;;1525;07/06/2023;14:51:01;37.08;Synchronized;;;
;;;;;;;;;;;;;;1526;07/06/2023;14:51:16;37.09;Synchronized;;;
;;;;;;;;;;;;;;1527;07/06/2023;14:51:31;37.11;Synchronized;;;
;;;;;;;;;;;;;;1528;07/06/2023;14:51:46;37.09;Synchronized;;;
;;;;;;;;;;;;;;1529;07/06/2023;14:52:01;37.09;Synchronized;;;
;;;;;;;;;;;;;;1530;07/06/2023;14:52:16;37.1;Synchronized;;;
;;;;;;;;;;;;;;1531;07/06/2023;14:52:31;37.09;Synchronized;;;
;;;;;;;;;;;;;;1532;07/06/2023;14:52:46;37.07;Synchronized;;;
;;;;;;;;;;;;;;1533;07/06/2023;14:53:01;37.08;Synchronized;;;
;;;;;;;;;;;;;;1534;07/06/2023;14:53:16;37.07;Synchronized;;;
;;;;;;;;;;;;;;1535;07/06/2023;14:53:31;37.08;Synchronized;;;
;;;;;;;;;;;;;;1536;07/06/2023;14:53:46;37.06;;;;
;;;;;;;;;;;;;;1537;07/06/2023;14:54:01;37.07;Synchronized;;;
;;;;;;;;;;;;;;1538;07/06/2023;14:54:16;37.08;Synchronized;;;
;;;;;;;;;;;;;;1539;07/06/2023;14:54:31;37.05;Synchronized;;;
;;;;;;;;;;;;;;1540;07/06/2023;14:54:46;37.06;;;;
;;;;;;;;;;;;;;1541;07/06/2023;14:55:01;37.05;;;;
;;;;;;;;;;;;;;1542;07/06/2023;14:55:16;37.06;Synchronized;;;
;;;;;;;;;;;;;;1543;07/06/2023;14:55:31;37.06;Synchronized;;;
;;;;;;;;;;;;;;1544;07/06/2023;14:55:46;37.06;Synchronized;;;
;;;;;;;;;;;;;;1545;07/06/2023;14:56:01;37.06;Synchronized;;;
;;;;;;;;;;;;;;1546;07/06/2023;14:56:16;37.05;Synchronized;;;
;;;;;;;;;;;;;;1547;07/06/2023;14:56:31;37.03;Synchronized;;;
;;;;;;;;;;;;;;1548;07/06/2023;14:56:46;37.08;Synchronized;;;
;;;;;;;;;;;;;;1549;07/06/2023;14:57:01;37.05;Synchronized;;;
;;;;;;;;;;;;;;1550;07/06/2023;14:57:16;37.07;Synchronized;;;
;;;;;;;;;;;;;;1551;07/06/2023;14:57:31;37.05;Synchronized;;;
;;;;;;;;;;;;;;1552;07/06/2023;14:57:46;37.05;Synchronized;;;
;;;;;;;;;;;;;;1553;07/06/2023;14:58:01;37.05;Synchronized;;;
;;;;;;;;;;;;;;1554;07/06/2023;14:58:16;37.07;Synchronized;;;
;;;;;;;;;;;;;;1555;07/06/2023;14:58:31;37.06;Synchronized;;;
;;;;;;;;;;;;;;1556;07/06/2023;14:58:46;37.05;Synchronized;;;
;;;;;;;;;;;;;;1557;07/06/2023;14:59:01;37.03;Synchronized;;;
;;;;;;;;;;;;;;1558;07/06/2023;14:59:16;37.05;Synchronized;;;
;;;;;;;;;;;;;;1559;07/06/2023;14:59:31;37.05;Synchronized;;;
;;;;;;;;;;;;;;1560;07/06/2023;14:59:46;37.03;Synchronized;;;
;;;;;;;;;;;;;;1561;07/06/2023;15:00:01;37.03;;;;
;;;;;;;;;;;;;;1562;07/06/2023;15:00:16;37.06;Synchronized;;;
;;;;;;;;;;;;;;1563;07/06/2023;15:00:31;37.03;Synchronized;;;
;;;;;;;;;;;;;;1564;07/06/2023;15:00:46;37.05;Synchronized;;;
;;;;;;;;;;;;;;1565;07/06/2023;15:01:01;37.05;Synchronized;;;
;;;;;;;;;;;;;;1566;07/06/2023;15:01:16;37.05;Synchronized;;;
;;;;;;;;;;;;;;1567;07/06/2023;15:01:31;37.05;Synchronized;;;
;;;;;;;;;;;;;;1568;07/06/2023;15:01:46;37.05;Synchronized;;;
;;;;;;;;;;;;;;1569;07/06/2023;15:02:01;37.05;Synchronized;;;
;;;;;;;;;;;;;;1570;07/06/2023;15:02:16;37.02;Synchronized;;;
;;;;;;;;;;;;;;1571;07/06/2023;15:02:31;37.05;Synchronized;;;
;;;;;;;;;;;;;;1572;07/06/2023;15:02:46;37.03;Synchronized;;;
;;;;;;;;;;;;;;1573;07/06/2023;15:03:01;37.02;Synchronized;;;
;;;;;;;;;;;;;;1574;07/06/2023;15:03:16;37.02;Synchronized;;;
;;;;;;;;;;;;;;1575;07/06/2023;15:03:31;37.03;Synchronized;;;
;;;;;;;;;;;;;;1576;07/06/2023;15:03:46;37.05;Synchronized;;;
;;;;;;;;;;;;;;1577;07/06/2023;15:04:01;37.05;Synchronized;;;
;;;;;;;;;;;;;;1578;07/06/2023;15:04:16;37.03;Synchronized;;;
;;;;;;;;;;;;;;1579;07/06/2023;15:04:31;37.01;Synchronized;;;
;;;;;;;;;;;;;;1580;07/06/2023;15:04:47;37.02;Synchronized;;;
;;;;;;;;;;;;;;1581;07/06/2023;15:05:02;37.03;Synchronized;;;
;;;;;;;;;;;;;;1582;07/06/2023;15:05:17;37.02;Synchronized;;;
;;;;;;;;;;;;;;1583;07/06/2023;15:05:32;37.03;Synchronized;;;
;;;;;;;;;;;;;;1584;07/06/2023;15:05:47;37.02;Synchronized;;;
;;;;;;;;;;;;;;1585;07/06/2023;15:06:02;37.01;Synchronized;;;
;;;;;;;;;;;;;;1586;07/06/2023;15:06:17;37.02;Synchronized;;;
;;;;;;;;;;;;;;1587;07/06/2023;15:06:32;37.05;Synchronized;;;
;;;;;;;;;;;;;;1588;07/06/2023;15:06:47;37.02;Synchronized;;;
;;;;;;;;;;;;;;1589;07/06/2023;15:07:02;37.02;Synchronized;;;
;;;;;;;;;;;;;;1590;07/06/2023;15:07:17;37.03;Synchronized;;;
;;;;;;;;;;;;;;1591;07/06/2023;15:07:32;37.05;Synchronized;;;
;;;;;;;;;;;;;;1592;07/06/2023;15:07:47;37.05;Synchronized;;;
;;;;;;;;;;;;;;1593;07/06/2023;15:08:02;37.03;Synchronized;;;
;;;;;;;;;;;;;;1594;07/06/2023;15:08:17;37.05;Synchronized;;;
;;;;;;;;;;;;;;1595;07/06/2023;15:08:32;37.05;Synchronized;;;
;;;;;;;;;;;;;;1596;07/06/2023;15:08:47;37.05;Synchronized;;;
;;;;;;;;;;;;;;1597;07/06/2023;15:09:02;37.07;;;;
;;;;;;;;;;;;;;1598;07/06/2023;15:09:17;37.08;Synchronized;;;
;;;;;;;;;;;;;;1599;07/06/2023;15:09:32;37.09;Synchronized;;;
;;;;;;;;;;;;;;1600;07/06/2023;15:09:47;37.08;Synchronized;;;
;;;;;;;;;;;;;;1601;07/06/2023;15:10:02;37.09;Synchronized;;;
;;;;;;;;;;;;;;1602;07/06/2023;15:10:17;37.09;Synchronized;;;
;;;;;;;;;;;;;;1603;07/06/2023;15:10:32;37.09;Synchronized;;;
;;;;;;;;;;;;;;1604;07/06/2023;15:10:47;37.1;Synchronized;;;
;;;;;;;;;;;;;;1605;07/06/2023;15:11:02;37.1;Synchronized;;;
;;;;;;;;;;;;;;1606;07/06/2023;15:11:17;37.11;Synchronized;;;
;;;;;;;;;;;;;;1607;07/06/2023;15:11:32;37.12;Synchronized;;;
;;;;;;;;;;;;;;1608;07/06/2023;15:11:47;37.13;Synchronized;;;
;;;;;;;;;;;;;;1609;07/06/2023;15:12:02;37.12;Synchronized;;;
;;;;;;;;;;;;;;1610;07/06/2023;15:12:17;37.13;Synchronized;;;
;;;;;;;;;;;;;;1611;07/06/2023;15:12:32;37.12;Synchronized;;;
;;;;;;;;;;;;;;1612;07/06/2023;15:12:47;37.12;Synchronized;;;
;;;;;;;;;;;;;;1613;07/06/2023;15:13:02;37.13;Synchronized;;;
;;;;;;;;;;;;;;1614;07/06/2023;15:13:17;37.13;Synchronized;;;
;;;;;;;;;;;;;;1615;07/06/2023;15:13:32;37.12;;;;
;;;;;;;;;;;;;;1616;07/06/2023;15:13:47;37.12;Synchronized;;;
;;;;;;;;;;;;;;1617;07/06/2023;15:14:02;37.13;Synchronized;;;
;;;;;;;;;;;;;;1618;07/06/2023;15:14:17;37.12;Synchronized;;;
;;;;;;;;;;;;;;1619;07/06/2023;15:14:32;37.11;Synchronized;;;
;;;;;;;;;;;;;;1620;07/06/2023;15:14:47;37.11;;;;
;;;;;;;;;;;;;;1621;07/06/2023;15:15:02;37.13;Synchronized;;;
;;;;;;;;;;;;;;1622;07/06/2023;15:15:17;37.13;Synchronized;;;
;;;;;;;;;;;;;;1623;07/06/2023;15:15:32;37.1;Synchronized;;;
;;;;;;;;;;;;;;1624;07/06/2023;15:15:47;37.14;Synchronized;;;
;;;;;;;;;;;;;;1625;07/06/2023;15:16:02;37.12;Synchronized;;;
;;;;;;;;;;;;;;1626;07/06/2023;15:16:17;37.13;Synchronized;;;
;;;;;;;;;;;;;;1627;07/06/2023;15:16:32;37.11;Synchronized;;;
;;;;;;;;;;;;;;1628;07/06/2023;15:16:47;37.13;Synchronized;;;
;;;;;;;;;;;;;;1629;07/06/2023;15:17:02;37.14;Synchronized;;;
;;;;;;;;;;;;;;1630;07/06/2023;15:17:17;37.14;;;;
;;;;;;;;;;;;;;1631;07/06/2023;15:17:32;37.13;;;;
;;;;;;;;;;;;;;1632;07/06/2023;15:17:47;37.14;;;;
;;;;;;;;;;;;;;1633;07/06/2023;15:18:02;37.13;Synchronized;;;
;;;;;;;;;;;;;;1634;07/06/2023;15:18:17;37.13;Synchronized;;;
;;;;;;;;;;;;;;1635;07/06/2023;15:18:32;37.14;Synchronized;;;
;;;;;;;;;;;;;;1636;07/06/2023;15:18:47;37.13;Synchronized;;;
;;;;;;;;;;;;;;1637;07/06/2023;15:19:02;37.12;Synchronized;;;
;;;;;;;;;;;;;;1638;07/06/2023;15:19:17;37.13;Synchronized;;;
;;;;;;;;;;;;;;1639;07/06/2023;15:19:32;37.13;Synchronized;;;
;;;;;;;;;;;;;;1640;07/06/2023;15:19:47;37.12;Synchronized;;;
;;;;;;;;;;;;;;1641;07/06/2023;15:20:02;37.13;Synchronized;;;
;;;;;;;;;;;;;;1642;07/06/2023;15:20:17;37.13;Synchronized;;;
;;;;;;;;;;;;;;1643;07/06/2023;15:20:32;37.13;Synchronized;;;
;;;;;;;;;;;;;;1644;07/06/2023;15:20:47;37.13;Synchronized;;;
;;;;;;;;;;;;;;1645;07/06/2023;15:21:02;37.14;Synchronized;;;
;;;;;;;;;;;;;;1646;07/06/2023;15:21:17;37.13;Synchronized;;;
;;;;;;;;;;;;;;1647;07/06/2023;15:21:32;37.15;Synchronized;;;
;;;;;;;;;;;;;;1648;07/06/2023;15:21:47;37.13;Synchronized;;;
;;;;;;;;;;;;;;1649;07/06/2023;15:22:02;37.13;Synchronized;;;
;;;;;;;;;;;;;;1650;07/06/2023;15:22:17;37.13;Synchronized;;;
;;;;;;;;;;;;;;1651;07/06/2023;15:22:32;37.13;Synchronized;;;
;;;;;;;;;;;;;;1652;07/06/2023;15:22:47;37.11;Synchronized;;;
;;;;;;;;;;;;;;1653;07/06/2023;15:23:02;37.11;Synchronized;;;
;;;;;;;;;;;;;;1654;07/06/2023;15:23:17;37.12;Synchronized;;;
;;;;;;;;;;;;;;1655;07/06/2023;15:23:32;37.13;Synchronized;;;
;;;;;;;;;;;;;;1656;07/06/2023;15:23:47;37.11;Synchronized;;;
;;;;;;;;;;;;;;1657;07/06/2023;15:24:02;37.09;Synchronized;;;
;;;;;;;;;;;;;;1658;07/06/2023;15:24:17;37.11;Synchronized;;;
;;;;;;;;;;;;;;1659;07/06/2023;15:24:32;37.1;Synchronized;;;
;;;;;;;;;;;;;;1660;07/06/2023;15:24:47;37.1;Synchronized;;;
;;;;;;;;;;;;;;1661;07/06/2023;15:25:02;37.1;Synchronized;;;
;;;;;;;;;;;;;;1662;07/06/2023;15:25:17;37.1;Synchronized;;;
;;;;;;;;;;;;;;1663;07/06/2023;15:25:32;37.1;Synchronized;;;
;;;;;;;;;;;;;;1664;07/06/2023;15:25:47;37.09;Synchronized;;;
;;;;;;;;;;;;;;1665;07/06/2023;15:26:02;37.1;Synchronized;;;
;;;;;;;;;;;;;;1666;07/06/2023;15:26:17;37.1;Synchronized;;;
;;;;;;;;;;;;;;1667;07/06/2023;15:26:32;37.08;Synchronized;;;
;;;;;;;;;;;;;;1668;07/06/2023;15:26:47;37.09;Synchronized;;;
;;;;;;;;;;;;;;1669;07/06/2023;15:27:02;37.09;Synchronized;;;
;;;;;;;;;;;;;;1670;07/06/2023;15:27:17;37.09;Synchronized;;;
;;;;;;;;;;;;;;1671;07/06/2023;15:27:32;37.09;Synchronized;;;
;;;;;;;;;;;;;;1672;07/06/2023;15:27:47;37.09;Synchronized;;;
;;;;;;;;;;;;;;1673;07/06/2023;15:28:02;37.07;Synchronized;;;
;;;;;;;;;;;;;;1674;07/06/2023;15:28:17;37.08;Synchronized;;;
;;;;;;;;;;;;;;1675;07/06/2023;15:28:32;37.07;Synchronized;;;
;;;;;;;;;;;;;;1676;07/06/2023;15:28:47;37.08;Synchronized;;;
;;;;;;;;;;;;;;1677;07/06/2023;15:29:02;37.08;Synchronized;;;
;;;;;;;;;;;;;;1678;07/06/2023;15:29:17;37.09;Synchronized;;;
;;;;;;;;;;;;;;1679;07/06/2023;15:29:32;37.08;Synchronized;;;
;;;;;;;;;;;;;;1680;07/06/2023;15:29:47;37.07;Synchronized;;;
;;;;;;;;;;;;;;1681;07/06/2023;15:30:02;37.09;;;;
;;;;;;;;;;;;;;1682;07/06/2023;15:30:17;37.08;;;;
;;;;;;;;;;;;;;1683;07/06/2023;15:30:32;37.07;Synchronized;;;
;;;;;;;;;;;;;;1684;07/06/2023;15:30:47;37.08;Synchronized;;;
;;;;;;;;;;;;;;1685;07/06/2023;15:31:02;37.07;Synchronized;;;
;;;;;;;;;;;;;;1686;07/06/2023;15:31:17;37.07;Synchronized;;;
;;;;;;;;;;;;;;1687;07/06/2023;15:31:32;37.09;Synchronized;;;
;;;;;;;;;;;;;;1688;07/06/2023;15:31:47;37.07;Synchronized;;;
;;;;;;;;;;;;;;1689;07/06/2023;15:32:02;37.06;Synchronized;;;
;;;;;;;;;;;;;;1690;07/06/2023;15:32:17;37.06;;;;
;;;;;;;;;;;;;;1691;07/06/2023;15:32:32;37.05;;;;
;;;;;;;;;;;;;;1692;07/06/2023;15:32:47;37.05;;;;
;;;;;;;;;;;;;;1693;07/06/2023;15:33:02;37.05;Synchronized;;;
;;;;;;;;;;;;;;1694;07/06/2023;15:33:17;37.05;;;;
;;;;;;;;;;;;;;1695;07/06/2023;15:33:32;37.07;;;;
;;;;;;;;;;;;;;1696;07/06/2023;15:33:47;37.05;Synchronized;;;
;;;;;;;;;;;;;;1697;07/06/2023;15:34:02;37.08;Synchronized;;;
;;;;;;;;;;;;;;1698;07/06/2023;15:34:17;37.07;Synchronized;;;
;;;;;;;;;;;;;;1699;07/06/2023;15:34:32;37.05;Synchronized;;;
;;;;;;;;;;;;;;1700;07/06/2023;15:34:47;37.05;;;;
;;;;;;;;;;;;;;1701;07/06/2023;15:35:02;37.09;Synchronized;;;
;;;;;;;;;;;;;;1702;07/06/2023;15:35:17;37.09;Synchronized;;;
;;;;;;;;;;;;;;1703;07/06/2023;15:35:32;37.09;Synchronized;;;
;;;;;;;;;;;;;;1704;07/06/2023;15:35:47;37.09;;;;
;;;;;;;;;;;;;;1705;07/06/2023;15:36:02;37.09;Synchronized;;;
;;;;;;;;;;;;;;1706;07/06/2023;15:36:17;37.09;Synchronized;;;
;;;;;;;;;;;;;;1707;07/06/2023;15:36:32;37.09;Synchronized;;;
;;;;;;;;;;;;;;1708;07/06/2023;15:36:48;37.09;Synchronized;;;
;;;;;;;;;;;;;;1709;07/06/2023;15:37:03;37.08;Synchronized;;;
;;;;;;;;;;;;;;1710;07/06/2023;15:37:18;37.09;Synchronized;;;
;;;;;;;;;;;;;;1711;07/06/2023;15:37:33;37.09;;;;
;;;;;;;;;;;;;;1712;07/06/2023;15:37:48;37.1;;;;
;;;;;;;;;;;;;;1713;07/06/2023;15:38:03;37.09;Synchronized;;;
;;;;;;;;;;;;;;1714;07/06/2023;15:38:18;37.08;;;;
;;;;;;;;;;;;;;1715;07/06/2023;15:38:33;37.11;Synchronized;;;
;;;;;;;;;;;;;;1716;07/06/2023;15:38:48;37.09;Synchronized;;;
;;;;;;;;;;;;;;1717;07/06/2023;15:39:03;37.1;;;;
;;;;;;;;;;;;;;1718;07/06/2023;15:39:18;37.09;;;;
;;;;;;;;;;;;;;1719;07/06/2023;15:39:33;37.09;;;;
;;;;;;;;;;;;;;1720;07/06/2023;15:39:48;37.09;;;;
;;;;;;;;;;;;;;1721;07/06/2023;15:40:03;37.1;Synchronized;;;
;;;;;;;;;;;;;;1722;07/06/2023;15:40:18;37.09;Synchronized;;;
;;;;;;;;;;;;;;1723;07/06/2023;15:40:33;37.07;;;;
;;;;;;;;;;;;;;1724;07/06/2023;15:40:48;37.1;Synchronized;;;
;;;;;;;;;;;;;;1725;07/06/2023;15:41:03;37.09;Synchronized;;;
;;;;;;;;;;;;;;1726;07/06/2023;15:41:18;37.1;;;;
;;;;;;;;;;;;;;1727;07/06/2023;15:41:33;37.1;;;;
;;;;;;;;;;;;;;1728;07/06/2023;15:41:48;37.08;;;;
;;;;;;;;;;;;;;1729;07/06/2023;15:42:03;37.09;Synchronized;;;
;;;;;;;;;;;;;;1730;07/06/2023;15:42:18;37.08;Synchronized;;;
;;;;;;;;;;;;;;1731;07/06/2023;15:42:33;37.11;Synchronized;;;
;;;;;;;;;;;;;;1732;07/06/2023;15:42:48;37.09;Synchronized;;;
;;;;;;;;;;;;;;1733;07/06/2023;15:43:03;37.11;Synchronized;;;
;;;;;;;;;;;;;;1734;07/06/2023;15:43:18;37.11;Synchronized;;;
;;;;;;;;;;;;;;1735;07/06/2023;15:43:33;37.1;Synchronized;;;
;;;;;;;;;;;;;;1736;07/06/2023;15:43:48;37.09;;;;
;;;;;;;;;;;;;;1737;07/06/2023;15:44:03;37.09;Synchronized;;;
;;;;;;;;;;;;;;1738;07/06/2023;15:44:18;37.09;;;;
;;;;;;;;;;;;;;1739;07/06/2023;15:44:33;37.1;;;;
;;;;;;;;;;;;;;1740;07/06/2023;15:44:48;37.1;;;;
;;;;;;;;;;;;;;1741;07/06/2023;15:45:03;37.12;;;;
;;;;;;;;;;;;;;1742;07/06/2023;15:45:18;37.11;;;;
;;;;;;;;;;;;;;1743;07/06/2023;15:45:33;37.1;Synchronized;;;
;;;;;;;;;;;;;;1744;07/06/2023;15:45:48;37.1;Synchronized;;;
;;;;;;;;;;;;;;1745;07/06/2023;15:46:03;37.1;;;;
;;;;;;;;;;;;;;1746;07/06/2023;15:46:18;37.09;;;;
;;;;;;;;;;;;;;1747;07/06/2023;15:46:33;37.09;;;;
;;;;;;;;;;;;;;1748;07/06/2023;15:46:48;37.1;;;;
;;;;;;;;;;;;;;1749;07/06/2023;15:47:03;37.1;;;;
;;;;;;;;;;;;;;1750;07/06/2023;15:47:18;37.1;;;;
;;;;;;;;;;;;;;1751;07/06/2023;15:47:33;37.09;Synchronized;;;
;;;;;;;;;;;;;;1752;07/06/2023;15:47:48;37.12;;;;
;;;;;;;;;;;;;;1753;07/06/2023;15:48:03;37.09;;;;
;;;;;;;;;;;;;;1754;07/06/2023;15:48:18;37.11;Synchronized;;;
;;;;;;;;;;;;;;1755;07/06/2023;15:48:33;37.13;Synchronized;;;
;;;;;;;;;;;;;;1756;07/06/2023;15:48:48;37.11;Synchronized;;;
;;;;;;;;;;;;;;1757;07/06/2023;15:49:03;37.12;Synchronized;;;
;;;;;;;;;;;;;;1758;07/06/2023;15:49:18;37.13;Synchronized;;;
;;;;;;;;;;;;;;1759;07/06/2023;15:49:33;37.12;Synchronized;;;
;;;;;;;;;;;;;;1760;07/06/2023;15:49:48;37.1;Synchronized;;;
;;;;;;;;;;;;;;1761;07/06/2023;15:50:03;37.12;Synchronized;;;
;;;;;;;;;;;;;;1762;07/06/2023;15:50:18;37.13;Synchronized;;;
;;;;;;;;;;;;;;1763;07/06/2023;15:50:33;37.12;Synchronized;;;
;;;;;;;;;;;;;;1764;07/06/2023;15:50:48;37.13;Synchronized;;;
;;;;;;;;;;;;;;1765;07/06/2023;15:51:03;37.11;Synchronized;;;
;;;;;;;;;;;;;;1766;07/06/2023;15:51:18;37.13;Synchronized;;;
;;;;;;;;;;;;;;1767;07/06/2023;15:51:33;37.13;Synchronized;;;
;;;;;;;;;;;;;;1768;07/06/2023;15:51:48;37.13;Synchronized;;;
;;;;;;;;;;;;;;1769;07/06/2023;15:52:03;37.13;Synchronized;;;
;;;;;;;;;;;;;;1770;07/06/2023;15:52:18;37.13;Synchronized;;;
;;;;;;;;;;;;;;1771;07/06/2023;15:52:33;37.13;Synchronized;;;
;;;;;;;;;;;;;;1772;07/06/2023;15:52:48;37.13;Synchronized;;;
;;;;;;;;;;;;;;1773;07/06/2023;15:53:03;37.13;Synchronized;;;
;;;;;;;;;;;;;;1774;07/06/2023;15:53:18;37.13;Synchronized;;;
;;;;;;;;;;;;;;1775;07/06/2023;15:53:33;37.13;;;;
;;;;;;;;;;;;;;1776;07/06/2023;15:53:48;37.13;;;;
;;;;;;;;;;;;;;1777;07/06/2023;15:54:03;37.13;;;;
;;;;;;;;;;;;;;1778;07/06/2023;15:54:18;37.13;;;;
;;;;;;;;;;;;;;1779;07/06/2023;15:54:33;37.13;;;;
;;;;;;;;;;;;;;1780;07/06/2023;15:54:48;37.14;;;;
;;;;;;;;;;;;;;1781;07/06/2023;15:55:03;37.13;Synchronized;;;
;;;;;;;;;;;;;;1782;07/06/2023;15:55:18;37.13;;;;
;;;;;;;;;;;;;;1783;07/06/2023;15:55:33;37.13;;;;
;;;;;;;;;;;;;;1784;07/06/2023;15:55:48;37.14;;;;
;;;;;;;;;;;;;;1785;07/06/2023;15:56:03;37.12;;;;
;;;;;;;;;;;;;;1786;07/06/2023;15:56:18;37.13;;;;
;;;;;;;;;;;;;;1787;07/06/2023;15:56:33;37.13;Synchronized;;;
;;;;;;;;;;;;;;1788;07/06/2023;15:56:48;37.11;;;;
;;;;;;;;;;;;;;1789;07/06/2023;15:57:03;37.13;;;;
;;;;;;;;;;;;;;1790;07/06/2023;15:57:18;37.12;;;;
;;;;;;;;;;;;;;1791;07/06/2023;15:57:33;37.13;Synchronized;;;
;;;;;;;;;;;;;;1792;07/06/2023;15:57:48;37.13;;;;
;;;;;;;;;;;;;;1793;07/06/2023;15:58:03;37.13;;;;
;;;;;;;;;;;;;;1794;07/06/2023;15:58:18;37.13;;;;
;;;;;;;;;;;;;;1795;07/06/2023;15:58:33;37.13;;;;
;;;;;;;;;;;;;;1796;07/06/2023;15:58:48;37.11;;;;
;;;;;;;;;;;;;;1797;07/06/2023;15:59:03;37.13;;;;
;;;;;;;;;;;;;;1798;07/06/2023;15:59:18;37.11;;;;
;;;;;;;;;;;;;;1799;07/06/2023;15:59:33;37.14;;;;
;;;;;;;;;;;;;;1800;07/06/2023;15:59:48;37.13;;;;
;;;;;;;;;;;;;;1801;07/06/2023;16:00:03;37.13;;;;
;;;;;;;;;;;;;;1802;07/06/2023;16:00:18;37.13;;;;
;;;;;;;;;;;;;;1803;07/06/2023;16:00:33;37.13;;;;
;;;;;;;;;;;;;;1804;07/06/2023;16:00:48;37.13;;;;
;;;;;;;;;;;;;;1805;07/06/2023;16:01:03;37.12;Synchronized;;;
;;;;;;;;;;;;;;1806;07/06/2023;16:01:18;37.13;;;;
;;;;;;;;;;;;;;1807;07/06/2023;16:01:33;37.13;;;;
;;;;;;;;;;;;;;1808;07/06/2023;16:01:48;37.14;;;;
;;;;;;;;;;;;;;1809;07/06/2023;16:02:03;37.13;;;;
;;;;;;;;;;;;;;1810;07/06/2023;16:02:18;37.13;;;;
;;;;;;;;;;;;;;1811;07/06/2023;16:02:33;37.13;Synchronized;;;
;;;;;;;;;;;;;;1812;07/06/2023;16:02:48;37.12;;;;
;;;;;;;;;;;;;;1813;07/06/2023;16:03:03;37.13;;;;
;;;;;;;;;;;;;;1814;07/06/2023;16:03:18;37.13;;;;
;;;;;;;;;;;;;;1815;07/06/2023;16:03:33;37.13;Synchronized;;;
;;;;;;;;;;;;;;1816;07/06/2023;16:03:48;37.15;;;;
;;;;;;;;;;;;;;1817;07/06/2023;16:04:03;37.13;;;;
;;;;;;;;;;;;;;1818;07/06/2023;16:04:18;37.13;;;;
;;;;;;;;;;;;;;1819;07/06/2023;16:04:33;37.16;;;;
;;;;;;;;;;;;;;1820;07/06/2023;16:04:49;37.13;;;;
;;;;;;;;;;;;;;1821;07/06/2023;16:05:04;37.13;;;;
;;;;;;;;;;;;;;1822;07/06/2023;16:05:19;37.14;Synchronized;;;
;;;;;;;;;;;;;;1823;07/06/2023;16:05:34;37.14;;;;
;;;;;;;;;;;;;;1824;07/06/2023;16:05:49;37.13;Synchronized;;;
;;;;;;;;;;;;;;1825;07/06/2023;16:06:04;37.14;;;;
;;;;;;;;;;;;;;1826;07/06/2023;16:06:19;37.15;;;;
;;;;;;;;;;;;;;1827;07/06/2023;16:06:34;37.13;Synchronized;;;
;;;;;;;;;;;;;;1828;07/06/2023;16:06:49;37.13;;;;
;;;;;;;;;;;;;;1829;07/06/2023;16:07:04;37.13;;;;
;;;;;;;;;;;;;;1830;07/06/2023;16:07:19;37.13;;;;
;;;;;;;;;;;;;;1831;07/06/2023;16:07:34;37.12;;;;
;;;;;;;;;;;;;;1832;07/06/2023;16:07:49;37.14;;;;
;;;;;;;;;;;;;;1833;07/06/2023;16:08:04;37.15;;;;
;;;;;;;;;;;;;;1834;07/06/2023;16:08:19;37.13;;;;
;;;;;;;;;;;;;;1835;07/06/2023;16:08:34;37.13;;;;
;;;;;;;;;;;;;;1836;07/06/2023;16:08:49;37.14;;;;
;;;;;;;;;;;;;;1837;07/06/2023;16:09:04;37.13;;;;
;;;;;;;;;;;;;;1838;07/06/2023;16:09:19;37.14;;;;
;;;;;;;;;;;;;;1839;07/06/2023;16:09:34;37.14;;;;
;;;;;;;;;;;;;;1840;07/06/2023;16:09:49;37.14;;;;
;;;;;;;;;;;;;;1841;07/06/2023;16:10:04;37.14;;;;
;;;;;;;;;;;;;;1842;07/06/2023;16:10:19;37.14;;;;
;;;;;;;;;;;;;;1843;07/06/2023;16:10:34;37.14;;;;
;;;;;;;;;;;;;;1844;07/06/2023;16:10:49;37.16;;;;
;;;;;;;;;;;;;;1845;07/06/2023;16:11:04;37.17;;;;
;;;;;;;;;;;;;;1846;07/06/2023;16:11:19;37.19;;;;
;;;;;;;;;;;;;;1847;07/06/2023;16:11:34;37.19;;;;
;;;;;;;;;;;;;;1848;07/06/2023;16:11:49;37.15;;;;
;;;;;;;;;;;;;;1849;07/06/2023;16:12:04;37.11;;;;
;;;;;;;;;;;;;;1850;07/06/2023;16:12:19;37.11;;;;
;;;;;;;;;;;;;;1851;07/06/2023;16:12:34;37.09;;;;
;;;;;;;;;;;;;;1852;07/06/2023;16:12:49;37.05;;;;
;;;;;;;;;;;;;;1853;07/06/2023;16:13:04;37.05;;;;
;;;;;;;;;;;;;;1854;07/06/2023;16:13:19;37.03;;;;
;;;;;;;;;;;;;;1855;07/06/2023;16:13:34;37.02;;;;
;;;;;;;;;;;;;;1856;07/06/2023;16:13:49;37.01;;;;
;;;;;;;;;;;;;;1857;07/06/2023;16:14:04;36.99;;;;
;;;;;;;;;;;;;;1858;07/06/2023;16:14:19;36.98;Synchronized;;;
;;;;;;;;;;;;;;1859;07/06/2023;16:14:34;37;Synchronized;;;
;;;;;;;;;;;;;;1860;07/06/2023;16:14:49;36.95;Synchronized;;;
;;;;;;;;;;;;;;1861;07/06/2023;16:15:04;36.97;;;;
;;;;;;;;;;;;;;1862;07/06/2023;16:15:19;36.96;Synchronized;;;
;;;;;;;;;;;;;;1863;07/06/2023;16:15:34;36.97;;;;
;;;;;;;;;;;;;;1864;07/06/2023;16:15:49;36.96;Synchronized;;;
;;;;;;;;;;;;;;1865;07/06/2023;16:16:04;36.95;Synchronized;;;
;;;;;;;;;;;;;;1866;07/06/2023;16:16:19;36.93;Synchronized;;;
;;;;;;;;;;;;;;1867;07/06/2023;16:16:34;36.95;Synchronized;;;
;;;;;;;;;;;;;;1868;07/06/2023;16:16:49;36.92;Synchronized;;;
;;;;;;;;;;;;;;1869;07/06/2023;16:17:04;36.93;Synchronized;;;
;;;;;;;;;;;;;;1870;07/06/2023;16:17:19;36.92;Synchronized;;;
;;;;;;;;;;;;;;1871;07/06/2023;16:17:34;36.88;Synchronized;;;
;;;;;;;;;;;;;;1872;07/06/2023;16:17:49;36.87;Synchronized;;;
;;;;;;;;;;;;;;1873;07/06/2023;16:18:04;36.88;Synchronized;;;
;;;;;;;;;;;;;;1874;07/06/2023;16:18:19;36.87;Synchronized;;;
;;;;;;;;;;;;;;1875;07/06/2023;16:18:34;36.84;Synchronized;;;
;;;;;;;;;;;;;;1876;07/06/2023;16:18:49;36.85;Synchronized;;;
;;;;;;;;;;;;;;1877;07/06/2023;16:19:04;36.86;;;;
;;;;;;;;;;;;;;1878;07/06/2023;16:19:19;36.85;;;;
;;;;;;;;;;;;;;1879;07/06/2023;16:19:34;36.85;Synchronized;;;
;;;;;;;;;;;;;;1880;07/06/2023;16:19:49;36.84;;;;
;;;;;;;;;;;;;;1881;07/06/2023;16:20:04;36.85;;;;
;;;;;;;;;;;;;;1882;07/06/2023;16:20:19;36.84;;;;
;;;;;;;;;;;;;;1883;07/06/2023;16:20:34;36.86;;;;
;;;;;;;;;;;;;;1884;07/06/2023;16:20:49;36.84;;;;
;;;;;;;;;;;;;;1885;07/06/2023;16:21:04;36.85;;;;
;;;;;;;;;;;;;;1886;07/06/2023;16:21:19;36.85;;;;
;;;;;;;;;;;;;;1887;07/06/2023;16:21:34;36.85;;;;
;;;;;;;;;;;;;;1888;07/06/2023;16:21:49;36.85;Synchronized;;;
;;;;;;;;;;;;;;1889;07/06/2023;16:22:04;36.87;;;;
;;;;;;;;;;;;;;1890;07/06/2023;16:22:19;36.84;;;;
;;;;;;;;;;;;;;1891;07/06/2023;16:22:34;36.86;;;;
;;;;;;;;;;;;;;1892;07/06/2023;16:22:49;36.88;;;;
;;;;;;;;;;;;;;1893;07/06/2023;16:23:04;36.88;Synchronized;;;
;;;;;;;;;;;;;;1894;07/06/2023;16:23:19;36.89;;;;
;;;;;;;;;;;;;;1895;07/06/2023;16:23:34;36.88;;;;
;;;;;;;;;;;;;;1896;07/06/2023;16:23:49;36.88;;;;
;;;;;;;;;;;;;;1897;07/06/2023;16:24:04;36.86;;;;
;;;;;;;;;;;;;;1898;07/06/2023;16:24:19;36.88;;;;
;;;;;;;;;;;;;;1899;07/06/2023;16:24:34;36.88;;;;
;;;;;;;;;;;;;;1900;07/06/2023;16:24:49;36.86;;;;
;;;;;;;;;;;;;;1901;07/06/2023;16:25:04;36.86;;;;
;;;;;;;;;;;;;;1902;07/06/2023;16:25:19;36.86;Synchronized;;;
;;;;;;;;;;;;;;1903;07/06/2023;16:25:34;36.86;;;;
;;;;;;;;;;;;;;1904;07/06/2023;16:25:49;36.88;;;;
;;;;;;;;;;;;;;1905;07/06/2023;16:26:04;36.86;;;;
;;;;;;;;;;;;;;1906;07/06/2023;16:26:19;36.88;;;;
;;;;;;;;;;;;;;1907;07/06/2023;16:26:34;36.88;Synchronized;;;
;;;;;;;;;;;;;;1908;07/06/2023;16:26:49;36.88;Synchronized;;;
;;;;;;;;;;;;;;1909;07/06/2023;16:27:04;36.88;Synchronized;;;
;;;;;;;;;;;;;;1910;07/06/2023;16:27:19;36.88;;;;
;;;;;;;;;;;;;;1911;07/06/2023;16:27:34;36.88;;;;
;;;;;;;;;;;;;;1912;07/06/2023;16:27:49;36.88;Synchronized;;;
;;;;;;;;;;;;;;1913;07/06/2023;16:28:04;36.89;Synchronized;;;
;;;;;;;;;;;;;;1914;07/06/2023;16:28:19;36.89;Synchronized;;;
;;;;;;;;;;;;;;1915;07/06/2023;16:28:34;36.91;Synchronized;;;
;;;;;;;;;;;;;;1916;07/06/2023;16:28:49;36.9;Synchronized;;;
;;;;;;;;;;;;;;1917;07/06/2023;16:29:04;36.89;;;;
;;;;;;;;;;;;;;1918;07/06/2023;16:29:19;36.9;;;;
;;;;;;;;;;;;;;1919;07/06/2023;16:29:34;36.88;;;;
;;;;;;;;;;;;;;1920;07/06/2023;16:29:49;36.89;;;;
;;;;;;;;;;;;;;1921;07/06/2023;16:30:04;36.88;Synchronized;;;
;;;;;;;;;;;;;;1922;07/06/2023;16:30:19;36.88;;;;
;;;;;;;;;;;;;;1923;07/06/2023;16:30:34;36.9;Synchronized;;;
;;;;;;;;;;;;;;1924;07/06/2023;16:30:49;36.9;;;;
;;;;;;;;;;;;;;1925;07/06/2023;16:31:05;36.89;;;;
;;;;;;;;;;;;;;1926;07/06/2023;16:31:20;36.88;Synchronized;;;
;;;;;;;;;;;;;;1927;07/06/2023;16:31:35;36.88;Synchronized;;;
;;;;;;;;;;;;;;1928;07/06/2023;16:31:50;36.9;;;;
;;;;;;;;;;;;;;1929;07/06/2023;16:32:05;36.89;Synchronized;;;
;;;;;;;;;;;;;;1930;07/06/2023;16:32:20;36.88;;;;
;;;;;;;;;;;;;;1931;07/06/2023;16:32:35;36.88;;;;
;;;;;;;;;;;;;;1932;07/06/2023;16:32:50;36.88;;;;
;;;;;;;;;;;;;;1933;07/06/2023;16:33:05;36.88;;;;
;;;;;;;;;;;;;;1934;07/06/2023;16:33:20;36.88;Synchronized;;;
;;;;;;;;;;;;;;1935;07/06/2023;16:33:35;36.88;Synchronized;;;
;;;;;;;;;;;;;;1936;07/06/2023;16:33:50;36.88;;;;
;;;;;;;;;;;;;;1937;07/06/2023;16:34:05;36.88;Synchronized;;;
;;;;;;;;;;;;;;1938;07/06/2023;16:34:20;36.89;Synchronized;;;
;;;;;;;;;;;;;;1939;07/06/2023;16:34:35;36.9;Synchronized;;;
;;;;;;;;;;;;;;1940;07/06/2023;16:34:50;36.89;Synchronized;;;
;;;;;;;;;;;;;;1941;07/06/2023;16:35:05;36.88;;;;
;;;;;;;;;;;;;;1942;07/06/2023;16:35:20;36.89;Synchronized;;;
;;;;;;;;;;;;;;1943;07/06/2023;16:35:35;36.9;;;;
;;;;;;;;;;;;;;1944;07/06/2023;16:35:50;36.9;Synchronized;;;
;;;;;;;;;;;;;;1945;07/06/2023;16:36:05;36.9;Synchronized;;;
;;;;;;;;;;;;;;1946;07/06/2023;16:36:20;36.91;Synchronized;;;
;;;;;;;;;;;;;;1947;07/06/2023;16:36:35;36.92;;;;
;;;;;;;;;;;;;;1948;07/06/2023;16:36:50;36.91;Synchronized;;;
;;;;;;;;;;;;;;1949;07/06/2023;16:37:05;36.88;Synchronized;;;
;;;;;;;;;;;;;;1950;07/06/2023;16:37:20;36.9;Synchronized;;;
;;;;;;;;;;;;;;1951;07/06/2023;16:37:35;36.94;Synchronized;;;
;;;;;;;;;;;;;;1952;07/06/2023;16:37:50;36.89;Synchronized;;;
;;;;;;;;;;;;;;1953;07/06/2023;16:38:05;36.92;Synchronized;;;
;;;;;;;;;;;;;;1954;07/06/2023;16:38:20;36.93;Synchronized;;;
;;;;;;;;;;;;;;1955;07/06/2023;16:38:35;36.93;Synchronized;;;
;;;;;;;;;;;;;;1956;07/06/2023;16:38:50;36.92;Synchronized;;;
;;;;;;;;;;;;;;1957;07/06/2023;16:39:05;36.94;Synchronized;;;
;;;;;;;;;;;;;;1958;07/06/2023;16:39:20;36.91;Synchronized;;;
;;;;;;;;;;;;;;1959;07/06/2023;16:39:35;36.92;Synchronized;;;
;;;;;;;;;;;;;;1960;07/06/2023;16:39:50;36.92;Synchronized;;;
;;;;;;;;;;;;;;1961;07/06/2023;16:40:05;36.95;Synchronized;;;
;;;;;;;;;;;;;;1962;07/06/2023;16:40:20;36.93;Synchronized;;;
;;;;;;;;;;;;;;1963;07/06/2023;16:40:35;36.95;;;;
;;;;;;;;;;;;;;1964;07/06/2023;16:40:50;36.95;Synchronized;;;
;;;;;;;;;;;;;;1965;07/06/2023;16:41:05;36.95;Synchronized;;;
;;;;;;;;;;;;;;1966;07/06/2023;16:41:20;36.97;Synchronized;;;
;;;;;;;;;;;;;;1967;07/06/2023;16:41:35;36.95;Synchronized;;;
;;;;;;;;;;;;;;1968;07/06/2023;16:41:50;36.95;Synchronized;;;
;;;;;;;;;;;;;;1969;07/06/2023;16:42:05;36.96;Synchronized;;;
;;;;;;;;;;;;;;1970;07/06/2023;16:42:20;36.95;;;;
;;;;;;;;;;;;;;1971;07/06/2023;16:42:35;36.96;;;;
;;;;;;;;;;;;;;1972;07/06/2023;16:42:50;36.95;;;;
;;;;;;;;;;;;;;1973;07/06/2023;16:43:05;36.95;Synchronized;;;
;;;;;;;;;;;;;;1974;07/06/2023;16:43:20;36.96;Synchronized;;;
;;;;;;;;;;;;;;1975;07/06/2023;16:43:35;36.94;;;;
;;;;;;;;;;;;;;1976;07/06/2023;16:43:50;36.98;;;;
;;;;;;;;;;;;;;1977;07/06/2023;16:44:05;36.96;Synchronized;;;
;;;;;;;;;;;;;;1978;07/06/2023;16:44:20;36.95;;;;
;;;;;;;;;;;;;;1979;07/06/2023;16:44:35;36.95;;;;
;;;;;;;;;;;;;;1980;07/06/2023;16:44:50;;Missing data;;;
;;;;;;;;;;;;;;1981;07/06/2023;16:45:05;;Missing data;;;
;;;;;;;;;;;;;;1982;07/06/2023;16:45:20;36.96;;;;
;;;;;;;;;;;;;;1983;07/06/2023;16:45:35;36.97;;;;
;;;;;;;;;;;;;;1984;07/06/2023;16:45:50;37.02;;;;
;;;;;;;;;;;;;;1985;07/06/2023;16:46:05;36.99;;;;
;;;;;;;;;;;;;;1986;07/06/2023;16:46:20;37;;;;
;;;;;;;;;;;;;;1987;07/06/2023;16:47:20;37.06;;;;
;
;