SenseLab_M02;
Time Zone;UTC+2:00;
Monitor;80.80.10.3E;
;
Pill n°1;24.00.1B.E6;;;;;;Pill n°2;24.00.1B.83;;;;;;Pill n°3;24.00.1D.33;;;;;;
Sample number;Date (dd/mm/yyyy);Hour;Temperature (°C);Status;;;Sample number;Date (dd/mm/yyyy);Hour;Temperature (°C);Status;;;Sample number;Date (dd/mm/yyyy);Hour;Temperature (°C);Status;;;
1;04/06/2023;16:39:59;28.3;;;;1;04/06/2023;16:41:08;26.23;;;;1;04/06/2023;16:42:15;25.98;;;;
2;04/06/2023;16:40:14;28.78;;;;2;04/06/2023;16:41:23;26.98;;;;2;04/06/2023;16:42:30;26.7;;;;
3;04/06/2023;16:40:29;28.77;;;;3;04/06/2023;16:41:38;27.22;;;;3;04/06/2023;16:42:45;26.99;;;;
4;04/06/2023;16:40:44;28.64;;;;4;04/06/2023;16:41:53;27.36;;;;4;04/06/2023;16:43:00;27.13;;;;
5;04/06/2023;16:41:03;28.44;;;;5;04/06/2023;16:42:09;27.33;;;;5;04/06/2023;16:43:15;27.1;;;;
6;04/06/2023;16:41:15;28.23;;;;6;04/06/2023;16:42:23;27.18;;;;6;04/06/2023;16:43:30;27;;;;
7;04/06/2023;16:41:30;28.03;;;;7;04/06/2023;16:42:38;27.06;;;;7;04/06/2023;16:43:45;26.89;;;;
8;04/06/2023;16:41:45;27.86;;;;8;04/06/2023;16:42:53;26.95;;;;8;04/06/2023;16:44:00;26.78;;;;
9;04/06/2023;16:42:00;27.68;;;;9;04/06/2023;16:43:08;26.84;;;;9;04/06/2023;16:44:15;26.69;;;;
10;04/06/2023;16:42:15;27.52;;;;10;04/06/2023;16:43:23;26.73;;;;10;04/06/2023;16:44:30;26.57;;;;
11;04/06/2023;16:42:30;27.36;;;;11;04/06/2023;16:43:38;26.63;;;;11;04/06/2023;16:44:45;26.48;;;;
12;04/06/2023;16:42:45;27.23;;;;12;04/06/2023;16:43:53;26.56;;;;12;04/06/2023;16:45:00;26.39;;;;
13;04/06/2023;16:43:00;27.1;;;;13;04/06/2023;16:44:08;26.45;;;;13;04/06/2023;16:45:15;26.3;;;;
14;04/06/2023;16:43:15;26.99;;;;14;04/06/2023;16:44:23;26.38;;;;14;04/06/2023;16:45:30;26.22;Synchronized;;;
15;04/06/2023;16:43:30;26.9;;;;15;04/06/2023;16:44:38;26.28;;;;15;04/06/2023;16:45:45;26.13;Synchronized;;;
16;04/06/2023;16:43:45;26.77;;;;16;04/06/2023;16:44:53;26.23;;;;16;04/06/2023;16:46:00;26.07;Synchronized;;;
17;04/06/2023;16:44:00;26.67;;;;17;04/06/2023;16:45:08;26.15;;;;17;04/06/2023;16:46:15;26.01;Synchronized;;;
18;04/06/2023;16:44:15;26.59;;;;18;04/06/2023;16:45:23;26.09;;;;18;04/06/2023;16:46:30;25.94;;;;
19;04/06/2023;16:44:30;26.51;;;;19;04/06/2023;16:45:38;26.01;;;;19;04/06/2023;16:46:45;25.88;;;;
20;04/06/2023;16:44:45;26.42;;;;20;04/06/2023;16:45:53;25.96;;;;20;04/06/2023;16:47:00;25.82;;;;
21;04/06/2023;16:45:00;26.34;;;;21;04/06/2023;16:46:08;25.91;;;;21;04/06/2023;16:47:15;25.78;;;;
22;04/06/2023;16:45:15;26.27;;;;22;04/06/2023;16:46:23;25.85;;;;22;04/06/2023;16:47:30;25.72;;;;
23;04/06/2023;16:45:30;26.21;Synchronized;;;23;04/06/2023;16:46:38;25.8;;;;23;04/06/2023;16:47:45;25.68;;;;
24;04/06/2023;16:45:45;26.14;Synchronized;;;24;04/06/2023;16:46:53;25.77;;;;24;04/06/2023;16:48:00;25.61;;;;
25;04/06/2023;16:46:00;26.06;Synchronized;;;25;04/06/2023;16:47:08;25.74;;;;25;04/06/2023;16:48:15;25.58;;;;
26;04/06/2023;16:46:15;26.01;Synchronized;;;26;04/06/2023;16:47:23;25.66;;;;26;04/06/2023;16:48:30;25.53;;;;
27;04/06/2023;16:46:30;25.95;;;;27;04/06/2023;16:47:39;25.63;;;;27;04/06/2023;16:48:45;25.52;;;;
28;04/06/2023;16:46:45;25.91;;;;28;04/06/2023;16:47:54;25.59;;;;28;04/06/2023;16:49:00;25.45;;;;
29;04/06/2023;16:47:00;25.84;;;;29;04/06/2023;16:48:09;25.55;;;;29;04/06/2023;16:49:15;25.42;;;;
30;04/06/2023;16:47:15;25.81;;;;30;04/06/2023;16:48:24;25.55;;;;30;04/06/2023;16:49:30;25.41;;;;
31;04/06/2023;16:47:30;25.79;;;;31;04/06/2023;16:48:39;25.52;;;;31;04/06/2023;16:49:45;25.37;;;;
32;04/06/2023;16:47:45;25.75;;;;32;04/06/2023;16:48:54;25.47;;;;32;04/06/2023;16:50:00;25.33;;;;
33;04/06/2023;16:48:00;25.7;;;;33;04/06/2023;16:49:09;25.44;;;;33;04/06/2023;16:50:15;25.3;;;;
34;04/06/2023;16:48:15;25.68;;;;34;04/06/2023;16:49:24;25.41;;;;34;04/06/2023;16:50:30;25.28;;;;
35;04/06/2023;16:48:30;25.66;;;;35;04/06/2023;16:49:39;25.38;;;;35;04/06/2023;16:50:45;25.27;;;;
36;04/06/2023;16:48:45;25.61;;;;36;04/06/2023;16:49:54;25.35;;;;36;04/06/2023;16:51:00;25.23;;;;
37;04/06/2023;16:49:00;25.59;;;;37;04/06/2023;16:50:09;25.34;;;;37;04/06/2023;16:51:15;25.21;;;;
38;04/06/2023;16:49:15;25.56;;;;38;04/06/2023;16:50:24;25.34;;;;38;04/06/2023;16:51:30;25.19;;;;
39;04/06/2023;16:49:30;25.54;;;;39;04/06/2023;16:50:39;25.29;;;;39;04/06/2023;16:51:45;25.16;;;;
40;04/06/2023;16:49:45;25.52;;;;40;04/06/2023;16:50:54;25.27;;;;40;04/06/2023;16:52:00;25.16;;;;
41;04/06/2023;16:50:00;25.48;;;;41;04/06/2023;16:51:09;25.24;;;;41;04/06/2023;16:52:15;25.13;;;;
42;04/06/2023;16:50:15;25.45;;;;42;04/06/2023;16:51:24;25.24;;;;42;04/06/2023;16:52:30;25.1;;;;
43;04/06/2023;16:50:30;25.44;;;;43;04/06/2023;16:51:39;25.23;;;;43;04/06/2023;16:52:45;25.1;;;;
44;04/06/2023;16:50:45;25.43;;;;44;04/06/2023;16:51:54;25.23;;;;44;04/06/2023;16:53:00;25.06;;;;
45;04/06/2023;16:51:00;25.43;;;;45;04/06/2023;16:52:09;25.21;;;;45;04/06/2023;16:53:15;25.06;;;;
46;04/06/2023;16:51:15;25.38;;;;46;04/06/2023;16:52:24;25.17;;;;46;04/06/2023;16:53:30;25.06;Synchronized;;;
47;04/06/2023;16:51:30;25.37;;;;47;04/06/2023;16:52:39;25.16;;;;47;04/06/2023;16:53:45;25.05;;;;
48;04/06/2023;16:51:45;25.36;;;;48;04/06/2023;16:52:54;25.15;Synchronized;;;48;04/06/2023;16:54:00;25.02;;;;
49;04/06/2023;16:52:00;25.33;;;;49;04/06/2023;16:53:09;25.14;;;;49;04/06/2023;16:54:15;25.04;;;;
50;04/06/2023;16:52:16;25.31;;;;50;04/06/2023;16:53:24;25.14;;;;50;04/06/2023;16:54:30;24.98;;;;
51;04/06/2023;16:52:31;25.33;;;;51;04/06/2023;16:53:39;25.14;;;;51;04/06/2023;16:54:45;25.01;;;;
52;04/06/2023;16:52:46;25.31;;;;52;04/06/2023;16:53:54;25.1;;;;52;04/06/2023;16:55:00;24.99;;;;
53;04/06/2023;16:53:01;25.31;;;;53;04/06/2023;16:54:09;25.1;;;;53;04/06/2023;16:55:15;24.98;;;;
54;04/06/2023;16:53:16;25.28;;;;54;04/06/2023;16:54:24;25.08;;;;54;04/06/2023;16:55:30;24.97;;;;
55;04/06/2023;16:53:31;25.28;;;;55;04/06/2023;16:54:39;25.09;;;;55;04/06/2023;16:55:45;24.95;;;;
56;04/06/2023;16:53:46;25.27;;;;56;04/06/2023;16:54:54;25.07;;;;56;04/06/2023;16:56:00;24.96;;;;
57;04/06/2023;16:54:01;25.27;;;;57;04/06/2023;16:55:09;25.06;;;;57;04/06/2023;16:56:15;24.94;;;;
58;04/06/2023;16:54:16;25.27;;;;58;04/06/2023;16:55:24;25.05;;;;58;04/06/2023;16:56:30;24.94;;;;
59;04/06/2023;16:54:31;25.23;;;;59;04/06/2023;16:55:39;25.06;;;;59;04/06/2023;16:56:45;24.94;;;;
60;04/06/2023;16:54:46;25.27;;;;60;04/06/2023;16:55:54;25.03;;;;60;04/06/2023;16:57:00;24.92;;;;
61;04/06/2023;16:55:01;25.23;;;;61;04/06/2023;16:56:09;25.03;;;;61;04/06/2023;16:57:15;24.91;;;;
62;04/06/2023;16:55:16;25.23;;;;62;04/06/2023;16:56:24;25.04;;;;62;04/06/2023;16:57:29;24.91;;;;
63;04/06/2023;16:55:31;25.22;;;;63;04/06/2023;16:56:40;25.02;;;;63;04/06/2023;16:57:44;24.91;;;;
64;04/06/2023;16:55:46;25.22;;;;64;04/06/2023;16:56:55;25.02;;;;64;04/06/2023;16:57:59;24.88;;;;
65;04/06/2023;16:56:01;25.19;;;;65;04/06/2023;16:57:10;24.99;;;;65;04/06/2023;16:58:14;24.87;;;;
66;04/06/2023;16:56:16;25.18;;;;66;04/06/2023;16:57:25;25;;;;66;04/06/2023;16:58:29;24.88;;;;
67;04/06/2023;16:56:31;25.18;;;;67;04/06/2023;16:57:40;25;;;;67;04/06/2023;16:58:44;24.88;;;;
68;04/06/2023;16:56:46;25.15;;;;68;04/06/2023;16:57:55;24.98;;;;68;04/06/2023;16:58:59;24.87;;;;
69;04/06/2023;16:57:01;25.16;;;;69;04/06/2023;16:58:10;25;;;;69;04/06/2023;16:59:14;24.87;;;;
70;04/06/2023;16:57:16;25.2;;;;70;04/06/2023;16:58:25;25;;;;70;04/06/2023;16:59:29;24.9;;;;
71;04/06/2023;16:57:31;25.16;;;;71;04/06/2023;16:58:40;24.99;;;;71;04/06/2023;16:59:44;24.87;;;;
72;04/06/2023;16:57:46;25.16;;;;72;04/06/2023;16:58:55;24.98;;;;72;04/06/2023;16:59:59;24.85;;;;
73;04/06/2023;16:58:01;25.14;;;;73;04/06/2023;16:59:10;24.99;;;;73;04/06/2023;17:00:14;24.86;;;;
74;04/06/2023;16:58:16;25.17;;;;74;04/06/2023;16:59:25;24.98;;;;74;04/06/2023;17:00:29;24.85;;;;
75;04/06/2023;16:58:31;25.17;;;;75;04/06/2023;16:59:40;24.98;;;;75;04/06/2023;17:00:44;24.84;Synchronized;;;
76;04/06/2023;16:58:46;25.16;;;;76;04/06/2023;16:59:55;24.98;;;;76;04/06/2023;17:00:59;24.86;;;;
77;04/06/2023;16:59:01;25.19;;;;77;04/06/2023;17:00:10;24.98;;;;77;04/06/2023;17:01:14;24.84;;;;
78;04/06/2023;16:59:16;25.16;;;;78;04/06/2023;17:00:25;24.98;;;;78;04/06/2023;17:01:29;24.85;;;;
79;04/06/2023;16:59:32;25.17;;;;79;04/06/2023;17:00:40;24.97;;;;79;04/06/2023;17:01:44;24.86;;;;
80;04/06/2023;16:59:47;25.16;;;;80;04/06/2023;17:00:55;24.97;;;;80;04/06/2023;17:01:59;24.85;;;;
81;04/06/2023;17:00:02;25.15;;;;81;04/06/2023;17:01:10;24.95;;;;81;04/06/2023;17:02:14;24.84;;;;
82;04/06/2023;17:00:17;25.14;;;;82;04/06/2023;17:01:25;24.95;;;;82;04/06/2023;17:02:29;24.86;;;;
83;04/06/2023;17:00:32;25.13;;;;83;04/06/2023;17:01:40;24.95;;;;83;04/06/2023;17:02:44;24.85;;;;
84;04/06/2023;17:00:47;25.12;;;;84;04/06/2023;17:01:55;24.98;;;;84;04/06/2023;17:02:59;24.84;;;;
85;04/06/2023;17:01:02;25.14;;;;85;04/06/2023;17:02:10;24.97;;;;85;04/06/2023;17:03:14;24.84;;;;
86;04/06/2023;17:01:17;25.12;;;;86;04/06/2023;17:02:25;24.95;;;;86;04/06/2023;17:03:29;24.84;;;;
87;04/06/2023;17:01:32;25.12;;;;87;04/06/2023;17:02:40;24.94;;;;87;04/06/2023;17:03:44;24.84;;;;
88;04/06/2023;17:01:47;25.12;;;;88;04/06/2023;17:02:55;24.98;;;;88;04/06/2023;17:03:59;24.82;;;;
89;04/06/2023;17:02:02;25.15;;;;89;04/06/2023;17:03:10;24.94;;;;89;04/06/2023;17:04:14;24.82;;;;
90;04/06/2023;17:02:17;25.11;;;;90;04/06/2023;17:03:25;24.95;;;;90;04/06/2023;17:04:29;24.82;;;;
91;04/06/2023;17:02:32;25.11;;;;91;04/06/2023;17:03:41;24.95;;;;91;04/06/2023;17:04:44;24.81;;;;
92;04/06/2023;17:02:47;25.12;;;;92;04/06/2023;17:03:56;24.95;;;;92;04/06/2023;17:04:59;24.82;;;;
93;04/06/2023;17:03:02;25.1;;;;93;04/06/2023;17:04:11;24.95;;;;93;04/06/2023;17:05:14;24.82;;;;
94;04/06/2023;17:03:17;25.1;;;;94;04/06/2023;17:04:26;24.93;;;;94;04/06/2023;17:05:29;24.82;;;;
95;04/06/2023;17:03:32;25.1;;;;95;04/06/2023;17:04:41;24.93;;;;95;04/06/2023;17:05:44;24.84;;;;
96;04/06/2023;17:03:47;25.12;;;;96;04/06/2023;17:04:56;24.93;;;;96;04/06/2023;17:05:59;24.83;;;;
97;04/06/2023;17:04:02;25.1;;;;97;04/06/2023;17:05:11;24.94;;;;97;04/06/2023;17:06:14;24.81;;;;
98;04/06/2023;17:04:17;25.09;;;;98;04/06/2023;17:05:26;24.94;;;;98;04/06/2023;17:06:29;24.8;;;;
99;04/06/2023;17:04:32;25.09;;;;99;04/06/2023;17:05:41;24.95;;;;99;04/06/2023;17:06:44;24.81;;;;
100;04/06/2023;17:04:47;25.08;;;;100;04/06/2023;17:05:56;24.91;;;;100;04/06/2023;17:06:59;24.8;;;;
101;04/06/2023;17:05:02;25.08;;;;101;04/06/2023;17:06:11;24.93;;;;101;04/06/2023;17:07:14;24.82;;;;
102;04/06/2023;17:05:17;25.08;;;;102;04/06/2023;17:06:26;24.91;;;;102;04/06/2023;17:07:29;24.84;;;;
103;04/06/2023;17:05:32;25.09;;;;103;04/06/2023;17:06:41;24.92;;;;103;04/06/2023;17:07:44;24.83;;;;
104;04/06/2023;17:05:47;25.09;;;;104;04/06/2023;17:06:56;24.95;;;;104;04/06/2023;17:07:59;24.87;;;;
105;04/06/2023;17:06:02;25.09;;;;105;04/06/2023;17:07:11;24.95;;;;105;04/06/2023;17:08:14;24.85;;;;
106;04/06/2023;17:06:17;25.08;;;;106;04/06/2023;17:07:26;24.95;;;;106;04/06/2023;17:08:29;24.87;;;;
107;04/06/2023;17:06:33;25.09;;;;107;04/06/2023;17:07:41;24.94;;;;107;04/06/2023;17:08:44;24.88;;;;
108;04/06/2023;17:06:48;25.09;;;;108;04/06/2023;17:07:56;24.95;;;;108;04/06/2023;17:08:59;24.88;;;;
109;04/06/2023;17:07:03;25.09;;;;109;04/06/2023;17:08:11;24.99;;;;109;04/06/2023;17:09:14;24.9;;;;
110;04/06/2023;17:07:18;25.1;;;;110;04/06/2023;17:08:26;24.98;;;;110;04/06/2023;17:09:29;24.86;;;;
111;04/06/2023;17:07:33;25.1;;;;111;04/06/2023;17:08:41;25.01;;;;111;04/06/2023;17:09:44;24.86;;;;
112;04/06/2023;17:07:48;25.13;;;;112;04/06/2023;17:08:56;24.99;;;;112;04/06/2023;17:09:59;24.88;;;;
113;04/06/2023;17:08:03;25.1;;;;113;04/06/2023;17:09:11;25;;;;113;04/06/2023;17:10:14;24.87;;;;
114;04/06/2023;17:08:18;25.14;;;;114;04/06/2023;17:09:26;25.02;;;;114;04/06/2023;17:10:29;24.88;;;;
115;04/06/2023;17:08:33;25.14;;;;115;04/06/2023;17:09:41;25.02;;;;115;04/06/2023;17:10:44;24.85;;;;
116;04/06/2023;17:08:48;25.14;;;;116;04/06/2023;17:09:56;25.01;;;;116;04/06/2023;17:10:59;24.87;;;;
117;04/06/2023;17:09:03;25.16;;;;117;04/06/2023;17:10:11;25.01;;;;117;04/06/2023;17:11:14;24.85;;;;
118;04/06/2023;17:09:18;25.16;;;;118;04/06/2023;17:10:27;25;;;;118;04/06/2023;17:11:29;24.86;;;;
119;04/06/2023;17:09:33;25.13;;;;119;04/06/2023;17:10:42;24.98;;;;119;04/06/2023;17:11:44;24.85;;;;
120;04/06/2023;17:09:48;25.16;;;;120;04/06/2023;17:10:57;24.99;;;;120;04/06/2023;17:11:59;24.86;;;;
121;04/06/2023;17:10:03;25.16;;;;121;04/06/2023;17:11:12;25.01;;;;121;04/06/2023;17:12:14;24.86;;;;
122;04/06/2023;17:10:18;25.12;;;;122;04/06/2023;17:11:27;24.99;;;;122;04/06/2023;17:12:29;24.85;;;;
123;04/06/2023;17:10:33;25.15;;;;123;04/06/2023;17:11:42;24.98;;;;123;04/06/2023;17:12:44;24.87;;;;
124;04/06/2023;17:10:48;25.14;;;;124;04/06/2023;17:11:57;24.97;;;;124;04/06/2023;17:12:59;24.83;;;;
125;04/06/2023;17:11:03;25.13;;;;125;04/06/2023;17:12:12;24.98;;;;125;04/06/2023;17:13:14;24.83;;;;
126;04/06/2023;17:11:18;25.15;;;;126;04/06/2023;17:12:27;24.95;;;;126;04/06/2023;17:13:29;24.83;;;;
127;04/06/2023;17:11:33;25.14;;;;127;04/06/2023;17:12:42;24.95;;;;127;04/06/2023;17:13:44;24.82;;;;
128;04/06/2023;17:11:48;25.16;;;;128;04/06/2023;17:12:57;24.95;;;;128;04/06/2023;17:13:59;24.8;;;;
129;04/06/2023;17:12:03;25.15;;;;129;04/06/2023;17:13:12;24.95;;;;129;04/06/2023;17:14:14;24.81;;;;
130;04/06/2023;17:12:18;25.11;;;;130;04/06/2023;17:13:27;24.94;;;;130;04/06/2023;17:14:29;24.8;;;;
131;04/06/2023;17:12:33;25.1;;;;131;04/06/2023;17:13:42;24.93;;;;131;04/06/2023;17:14:44;24.8;;;;
132;04/06/2023;17:12:48;25.11;;;;132;04/06/2023;17:13:57;24.94;;;;132;04/06/2023;17:14:59;24.8;;;;
133;04/06/2023;17:13:03;25.09;;;;133;04/06/2023;17:14:12;24.93;;;;133;04/06/2023;17:15:14;24.8;;;;
134;04/06/2023;17:13:18;25.09;;;;134;04/06/2023;17:14:27;24.91;;;;134;04/06/2023;17:15:29;24.8;;;;
135;04/06/2023;17:13:34;25.09;;;;135;04/06/2023;17:14:42;24.92;;;;135;04/06/2023;17:15:44;24.79;;;;
136;04/06/2023;17:13:49;25.09;;;;136;04/06/2023;17:14:57;24.9;;;;136;04/06/2023;17:15:59;24.79;;;;
137;04/06/2023;17:14:04;25.07;;;;137;04/06/2023;17:15:12;24.91;;;;137;04/06/2023;17:16:14;24.78;;;;
138;04/06/2023;17:14:19;25.08;;;;138;04/06/2023;17:15:27;24.91;;;;138;04/06/2023;17:16:29;24.79;;;;
139;04/06/2023;17:14:34;25.05;;;;139;04/06/2023;17:15:42;24.91;;;;139;04/06/2023;17:16:44;24.78;;;;
140;04/06/2023;17:14:49;25.05;;;;140;04/06/2023;17:15:57;24.91;;;;140;04/06/2023;17:16:59;24.8;;;;
141;04/06/2023;17:15:04;25.04;;;;141;04/06/2023;17:16:12;24.9;;;;141;04/06/2023;17:17:14;24.79;;;;
142;04/06/2023;17:15:19;25.04;;;;142;04/06/2023;17:16:28;24.91;;;;142;04/06/2023;17:17:29;24.8;;;;
143;04/06/2023;17:15:34;25.04;;;;143;04/06/2023;17:16:43;24.9;;;;143;04/06/2023;17:17:44;24.79;;;;
144;04/06/2023;17:15:49;25.05;;;;144;04/06/2023;17:16:58;24.91;;;;144;04/06/2023;17:17:59;24.79;;;;
145;04/06/2023;17:16:04;25.04;;;;145;04/06/2023;17:17:13;24.91;;;;145;04/06/2023;17:18:14;24.78;;;;
146;04/06/2023;17:16:19;25.05;;;;146;04/06/2023;17:17:28;24.9;;;;146;04/06/2023;17:18:29;24.79;;;;
147;04/06/2023;17:16:34;25.05;;;;147;04/06/2023;17:17:43;24.91;;;;147;04/06/2023;17:18:44;24.79;;;;
148;04/06/2023;17:16:49;25.05;;;;148;04/06/2023;17:17:58;24.91;;;;148;04/06/2023;17:18:59;24.79;;;;
149;04/06/2023;17:17:04;25.03;;;;149;04/06/2023;17:18:13;24.9;;;;149;04/06/2023;17:19:14;24.79;;;;
150;04/06/2023;17:17:19;25.02;;;;150;04/06/2023;17:18:28;24.9;;;;150;04/06/2023;17:19:29;24.78;;;;
151;04/06/2023;17:17:34;25.04;;;;151;04/06/2023;17:18:43;24.91;;;;151;04/06/2023;17:19:44;24.78;;;;
152;04/06/2023;17:17:49;25.02;;;;152;04/06/2023;17:18:58;24.89;;;;152;04/06/2023;17:19:59;24.76;;;;
153;04/06/2023;17:18:04;25.02;;;;153;04/06/2023;17:19:13;24.89;;;;153;04/06/2023;17:20:14;24.79;;;;
154;04/06/2023;17:18:19;25.01;;;;154;04/06/2023;17:19:28;24.91;;;;154;04/06/2023;17:20:29;24.8;;;;
155;04/06/2023;17:18:34;24.99;;;;155;04/06/2023;17:19:43;24.88;;;;155;04/06/2023;17:20:44;24.8;;;;
156;04/06/2023;17:18:49;25.02;;;;156;04/06/2023;17:19:58;24.9;;;;156;04/06/2023;17:20:59;24.8;;;;
157;04/06/2023;17:19:04;24.99;;;;157;04/06/2023;17:20:13;24.9;;;;157;04/06/2023;17:21:14;24.8;;;;
158;04/06/2023;17:19:19;25.02;;;;158;04/06/2023;17:20:28;24.91;;;;158;04/06/2023;17:21:29;24.82;;;;
159;04/06/2023;17:19:34;25.02;;;;159;04/06/2023;17:20:43;24.91;;;;159;04/06/2023;17:21:44;24.81;;;;
160;04/06/2023;17:19:49;25.02;;;;160;04/06/2023;17:20:58;24.92;;;;160;04/06/2023;17:21:59;24.8;;;;
161;04/06/2023;17:20:05;25.01;;;;161;04/06/2023;17:21:13;24.93;Synchronized;;;161;04/06/2023;17:22:14;24.81;;;;
162;04/06/2023;17:20:20;25.01;;;;162;04/06/2023;17:21:28;24.93;;;;162;04/06/2023;17:22:29;24.81;;;;
163;04/06/2023;17:20:35;25.02;;;;163;04/06/2023;17:21:43;24.92;;;;163;04/06/2023;17:22:44;24.82;;;;
164;04/06/2023;17:20:50;25.02;;;;164;04/06/2023;17:21:58;24.93;;;;164;04/06/2023;17:22:59;24.8;;;;
165;04/06/2023;17:21:05;25.02;;;;165;04/06/2023;17:22:13;24.94;;;;165;04/06/2023;17:23:14;24.8;;;;
166;04/06/2023;17:21:20;25.04;;;;166;04/06/2023;17:22:29;24.95;;;;166;04/06/2023;17:23:29;24.83;;;;
167;04/06/2023;17:21:35;25.02;;;;167;04/06/2023;17:22:44;24.94;;;;167;04/06/2023;17:23:44;24.8;;;;
168;04/06/2023;17:21:50;25.05;;;;168;04/06/2023;17:22:59;24.91;;;;168;04/06/2023;17:23:59;24.83;;;;
169;04/06/2023;17:22:05;25.05;;;;169;04/06/2023;17:23:14;24.93;;;;169;04/06/2023;17:24:14;24.81;;;;
170;04/06/2023;17:22:20;25.05;;;;170;04/06/2023;17:23:29;24.92;;;;170;04/06/2023;17:24:29;24.82;;;;
171;04/06/2023;17:22:35;25.04;;;;171;04/06/2023;17:23:44;24.91;;;;171;04/06/2023;17:24:44;24.81;;;;
172;04/06/2023;17:22:50;25.05;;;;172;04/06/2023;17:23:59;24.94;;;;172;04/06/2023;17:24:59;24.82;;;;
173;04/06/2023;17:23:05;25.05;;;;173;04/06/2023;17:24:14;24.91;;;;173;04/06/2023;17:25:14;24.8;;;;
174;04/06/2023;17:23:20;25.05;;;;174;04/06/2023;17:24:29;24.93;;;;174;04/06/2023;17:25:29;24.8;;;;
175;04/06/2023;17:23:35;25.03;;;;175;04/06/2023;17:24:44;24.94;;;;175;04/06/2023;17:25:44;24.79;;;;
176;04/06/2023;17:23:50;25.04;;;;176;04/06/2023;17:24:59;24.91;;;;176;04/06/2023;17:25:59;24.8;;;;
177;04/06/2023;17:24:05;25.03;;;;177;04/06/2023;17:25:14;24.89;;;;177;04/06/2023;17:26:14;24.78;;;;
178;04/06/2023;17:24:20;25.03;;;;178;04/06/2023;17:25:29;24.92;;;;178;04/06/2023;17:26:29;24.76;;;;
179;04/06/2023;17:24:35;25.03;;;;179;04/06/2023;17:25:44;24.91;;;;179;04/06/2023;17:26:44;24.79;;;;
180;04/06/2023;17:24:50;25.02;;;;180;04/06/2023;17:25:59;24.9;;;;180;04/06/2023;17:26:59;24.77;;;;
181;04/06/2023;17:25:05;25.02;;;;181;04/06/2023;17:26:14;24.89;;;;181;04/06/2023;17:27:14;24.78;;;;
182;04/06/2023;17:25:20;25.02;;;;182;04/06/2023;17:26:29;24.91;;;;182;04/06/2023;17:27:29;24.79;;;;
183;04/06/2023;17:25:35;;Missing data;;;183;04/06/2023;17:26:44;24.91;;;;183;04/06/2023;17:27:44;24.77;;;;
184;04/06/2023;17:25:50;25.02;;;;184;04/06/2023;17:26:59;24.91;;;;184;04/06/2023;17:27:59;24.78;;;;
185;04/06/2023;17:26:05;25.02;;;;185;04/06/2023;17:27:14;24.9;;;;185;04/06/2023;17:28:14;24.77;;;;
186;04/06/2023;17:26:21;;Missing data;;;186;04/06/2023;17:27:29;24.89;;;;186;04/06/2023;17:28:29;24.76;;;;
187;04/06/2023;17:26:36;25.01;;;;187;04/06/2023;17:27:44;24.9;;;;187;04/06/2023;17:28:43;24.77;;;;
188;04/06/2023;17:26:51;24.98;;;;188;04/06/2023;17:27:59;24.91;;;;188;04/06/2023;17:28:58;24.75;;;;
189;04/06/2023;17:27:06;24.98;;;;189;04/06/2023;17:28:15;24.89;;;;189;04/06/2023;17:29:13;24.75;;;;
190;04/06/2023;17:27:21;25.01;;;;190;04/06/2023;17:28:30;24.91;;;;190;04/06/2023;17:29:28;24.74;;;;
191;04/06/2023;17:27:36;24.98;;;;191;04/06/2023;17:28:45;24.89;;;;191;04/06/2023;17:29:43;24.73;;;;
192;04/06/2023;17:27:51;24.97;;;;192;04/06/2023;17:29:00;24.89;;;;192;04/06/2023;17:29:58;24.74;;;;
193;04/06/2023;17:28:06;24.98;;;;193;04/06/2023;17:29:15;24.88;;;;193;04/06/2023;17:30:13;24.74;;;;
194;04/06/2023;17:28:21;24.97;;;;194;04/06/2023;17:29:30;24.88;;;;194;04/06/2023;17:30:28;24.74;;;;
195;04/06/2023;17:28:36;24.96;;;;195;04/06/2023;17:29:45;24.86;;;;195;04/06/2023;17:30:43;24.73;;;;
196;04/06/2023;17:28:51;24.95;;;;196;04/06/2023;17:30:00;24.88;;;;196;04/06/2023;17:30:58;24.73;;;;
197;04/06/2023;17:29:06;24.97;;;;197;04/06/2023;17:30:15;24.86;;;;197;04/06/2023;17:31:13;24.73;;;;
198;04/06/2023;17:29:21;24.95;;;;198;04/06/2023;17:30:30;24.88;;;;198;04/06/2023;17:31:28;24.72;;;;
199;04/06/2023;17:29:36;24.95;;;;199;04/06/2023;17:30:45;24.86;;;;199;04/06/2023;17:31:43;24.72;;;;
200;04/06/2023;17:29:51;24.95;;;;200;04/06/2023;17:31:00;24.86;;;;200;04/06/2023;17:31:58;24.73;;;;
201;04/06/2023;17:30:06;24.95;;;;201;04/06/2023;17:31:15;24.85;;;;201;04/06/2023;17:32:13;24.71;;;;
202;04/06/2023;17:30:21;24.95;;;;202;04/06/2023;17:31:30;24.86;;;;202;04/06/2023;17:32:28;24.72;;;;
203;04/06/2023;17:30:36;24.96;;;;203;04/06/2023;17:31:45;24.86;;;;203;04/06/2023;17:32:43;24.7;;;;
204;04/06/2023;17:30:51;24.94;;;;204;04/06/2023;17:32:00;24.84;;;;204;04/06/2023;17:32:58;24.7;;;;
205;04/06/2023;17:31:06;24.95;;;;205;04/06/2023;17:32:15;24.84;;;;205;04/06/2023;17:33:13;24.71;;;;
206;04/06/2023;17:31:21;24.93;;;;206;04/06/2023;17:32:30;24.85;;;;206;04/06/2023;17:33:28;24.71;;;;
207;04/06/2023;17:31:36;24.91;;;;207;04/06/2023;17:32:45;24.83;;;;207;04/06/2023;17:33:43;24.71;;;;
208;04/06/2023;17:31:51;24.9;;;;208;04/06/2023;17:33:00;24.83;;;;208;04/06/2023;17:33:58;24.7;;;;
209;04/06/2023;17:32:06;24.91;;;;209;04/06/2023;17:33:15;24.84;;;;209;04/06/2023;17:34:13;24.7;;;;
210;04/06/2023;17:32:21;24.92;;;;210;04/06/2023;17:33:30;24.83;;;;210;04/06/2023;17:34:28;24.7;;;;
211;04/06/2023;17:32:36;24.91;;;;211;04/06/2023;17:33:45;24.85;;;;211;04/06/2023;17:34:43;24.72;;;;
212;04/06/2023;17:32:51;24.91;;;;212;04/06/2023;17:34:01;24.84;;;;212;04/06/2023;17:34:58;24.7;;;;
213;04/06/2023;17:33:06;24.91;;;;213;04/06/2023;17:34:16;24.83;;;;213;04/06/2023;17:35:13;24.7;;;;
214;04/06/2023;17:33:21;24.91;;;;214;04/06/2023;17:34:31;24.86;;;;214;04/06/2023;17:35:28;24.69;;;;
215;04/06/2023;17:33:37;24.91;;;;215;04/06/2023;17:34:46;24.84;;;;215;04/06/2023;17:35:43;24.69;;;;
216;04/06/2023;17:33:52;24.9;;;;216;04/06/2023;17:35:01;24.8;;;;216;04/06/2023;17:35:58;24.68;;;;
217;04/06/2023;17:34:07;24.92;;;;217;04/06/2023;17:35:16;24.8;;;;217;04/06/2023;17:36:13;24.67;;;;
218;04/06/2023;17:34:22;24.91;;;;218;04/06/2023;17:35:31;24.82;;;;218;04/06/2023;17:36:28;24.69;;;;
219;04/06/2023;17:34:37;24.9;;;;219;04/06/2023;17:35:46;24.82;;;;219;04/06/2023;17:36:43;24.68;;;;
220;04/06/2023;17:34:52;24.91;;;;220;04/06/2023;17:36:01;24.8;;;;220;04/06/2023;17:36:58;24.7;;;;
221;04/06/2023;17:35:07;24.89;;;;221;04/06/2023;17:36:16;24.82;;;;221;04/06/2023;17:37:13;24.7;;;;
222;04/06/2023;17:35:22;24.89;;;;222;04/06/2023;17:36:31;24.85;;;;222;04/06/2023;17:37:28;24.69;;;;
223;04/06/2023;17:35:37;24.9;;;;223;04/06/2023;17:36:46;24.79;;;;223;04/06/2023;17:37:43;24.69;;;;
224;04/06/2023;17:35:52;24.89;;;;224;04/06/2023;17:37:01;24.8;;;;224;04/06/2023;17:37:58;24.69;;;;
225;04/06/2023;17:36:07;24.9;;;;225;04/06/2023;17:37:16;24.81;;;;225;04/06/2023;17:38:13;24.68;;;;
226;04/06/2023;17:36:22;24.88;;;;226;04/06/2023;17:37:31;24.8;;;;226;04/06/2023;17:38:28;24.7;;;;
227;04/06/2023;17:36:37;24.89;;;;227;04/06/2023;17:37:46;24.82;;;;227;04/06/2023;17:38:43;24.68;;;;
228;04/06/2023;17:36:52;24.89;;;;228;04/06/2023;17:38:01;24.8;;;;228;04/06/2023;17:38:58;24.69;;;;
229;04/06/2023;17:37:07;24.91;;;;229;04/06/2023;17:38:16;24.81;;;;229;04/06/2023;17:39:13;24.68;;;;
230;04/06/2023;17:37:22;24.88;;;;230;04/06/2023;17:38:31;24.79;;;;230;04/06/2023;17:39:28;24.68;;;;
231;04/06/2023;17:37:37;24.88;;;;231;04/06/2023;17:38:46;24.8;;;;231;04/06/2023;17:39:43;24.67;;;;
232;04/06/2023;17:37:52;24.89;;;;232;04/06/2023;17:39:01;24.8;;;;232;04/06/2023;17:39:58;24.69;;;;
233;04/06/2023;17:38:07;24.89;;;;233;04/06/2023;17:39:16;24.77;;;;233;04/06/2023;17:40:13;24.68;;;;
234;04/06/2023;17:38:22;24.87;;;;234;04/06/2023;17:39:32;24.79;;;;234;04/06/2023;17:40:28;24.68;;;;
235;04/06/2023;17:38:37;24.87;;;;235;04/06/2023;17:39:47;24.8;;;;235;04/06/2023;17:40:43;24.67;;;;
236;04/06/2023;17:38:52;24.88;;;;236;04/06/2023;17:40:02;24.8;;;;236;04/06/2023;17:40:58;24.67;;;;
237;04/06/2023;17:39:07;24.88;;;;237;04/06/2023;17:40:17;24.79;;;;237;04/06/2023;17:41:13;24.63;;;;
238;04/06/2023;17:39:22;24.87;;;;238;04/06/2023;17:40:32;24.79;;;;238;04/06/2023;17:41:28;24.68;;;;
239;04/06/2023;17:39:38;24.87;;;;239;04/06/2023;17:40:47;24.79;;;;239;04/06/2023;17:41:43;24.66;;;;
240;04/06/2023;17:39:53;24.87;;;;240;04/06/2023;17:41:02;24.78;;;;240;04/06/2023;17:41:58;24.66;;;;
241;04/06/2023;17:40:08;24.86;;;;241;04/06/2023;17:41:17;24.78;;;;241;04/06/2023;17:42:13;24.66;;;;
242;04/06/2023;17:40:23;24.87;;;;242;04/06/2023;17:41:32;24.76;;;;242;04/06/2023;17:42:28;24.66;;;;
243;04/06/2023;17:40:38;24.84;;;;243;04/06/2023;17:41:47;24.78;;;;243;04/06/2023;17:42:43;24.66;;;;
244;04/06/2023;17:40:53;24.85;;;;244;04/06/2023;17:42:02;24.78;;;;244;04/06/2023;17:42:58;24.68;;;;
245;04/06/2023;17:41:08;24.84;;;;245;04/06/2023;17:42:17;24.77;;;;245;04/06/2023;17:43:13;24.68;;;;
246;04/06/2023;17:41:23;24.85;;;;246;04/06/2023;17:42:32;24.78;;;;246;04/06/2023;17:43:28;24.67;Synchronized;;;
247;04/06/2023;17:41:38;24.84;;;;247;04/06/2023;17:42:47;24.76;;;;247;04/06/2023;17:43:43;24.67;;;;
248;04/06/2023;17:41:53;24.84;;;;248;04/06/2023;17:43:02;24.76;;;;248;04/06/2023;17:43:58;24.66;;;;
249;04/06/2023;17:42:08;24.85;;;;249;04/06/2023;17:43:17;24.77;;;;249;04/06/2023;17:44:13;24.64;;;;
250;04/06/2023;17:42:23;24.84;;;;250;04/06/2023;17:43:32;24.77;;;;250;04/06/2023;17:44:28;24.67;;;;
251;04/06/2023;17:42:38;24.84;;;;251;04/06/2023;17:43:47;24.77;;;;251;04/06/2023;17:44:43;24.66;;;;
252;04/06/2023;17:42:53;24.84;;;;252;04/06/2023;17:44:02;24.76;;;;252;04/06/2023;17:44:58;24.66;;;;
253;04/06/2023;17:43:08;24.84;;;;253;04/06/2023;17:44:17;24.77;;;;253;04/06/2023;17:45:13;24.64;;;;
254;04/06/2023;17:43:23;24.84;;;;254;04/06/2023;17:44:32;24.75;;;;254;04/06/2023;17:45:28;24.67;;;;
255;04/06/2023;17:43:38;24.84;;;;255;04/06/2023;17:44:47;24.76;;;;255;04/06/2023;17:45:43;24.67;;;;
256;04/06/2023;17:43:53;24.84;;;;256;04/06/2023;17:45:03;24.76;;;;256;04/06/2023;17:45:58;24.66;;;;
257;04/06/2023;17:44:08;24.84;;;;257;04/06/2023;17:45:18;24.76;;;;257;04/06/2023;17:46:13;24.63;;;;
258;04/06/2023;17:44:23;24.83;;;;258;04/06/2023;17:45:33;24.77;;;;258;04/06/2023;17:46:28;24.64;Synchronized;;;
259;04/06/2023;17:44:38;24.84;;;;259;04/06/2023;17:45:48;24.77;;;;259;04/06/2023;17:46:43;24.66;;;;
260;04/06/2023;17:44:53;24.82;;;;260;04/06/2023;17:46:03;24.77;;;;260;04/06/2023;17:46:58;24.66;;;;
261;04/06/2023;17:45:08;24.84;;;;261;04/06/2023;17:46:18;24.76;;;;261;04/06/2023;17:47:13;24.64;;;;
262;04/06/2023;17:45:23;24.82;;;;262;04/06/2023;17:46:33;24.75;;;;262;04/06/2023;17:47:28;24.66;;;;
263;04/06/2023;17:45:38;24.83;;;;263;04/06/2023;17:46:48;24.76;;;;263;04/06/2023;17:47:43;24.64;;;;
264;04/06/2023;17:45:53;24.83;;;;264;04/06/2023;17:47:03;24.74;;;;264;04/06/2023;17:47:58;24.66;;;;
265;04/06/2023;17:46:08;24.83;;;;265;04/06/2023;17:47:18;24.76;;;;265;04/06/2023;17:48:13;24.66;;;;
266;04/06/2023;17:46:24;24.84;;;;266;04/06/2023;17:47:33;24.76;;;;266;04/06/2023;17:48:28;24.64;;;;
267;04/06/2023;17:46:39;24.81;;;;267;04/06/2023;17:47:48;24.74;;;;267;04/06/2023;17:48:43;24.66;;;;
268;04/06/2023;17:46:54;24.81;;;;268;04/06/2023;17:48:03;24.75;;;;268;04/06/2023;17:48:58;24.66;;;;
269;04/06/2023;17:47:09;24.8;;;;269;04/06/2023;17:48:18;24.76;;;;269;04/06/2023;17:49:13;24.66;;;;
270;04/06/2023;17:47:24;24.81;;;;270;04/06/2023;17:48:33;24.75;;;;270;04/06/2023;17:49:28;24.64;;;;
271;04/06/2023;17:47:39;24.82;;;;271;04/06/2023;17:48:48;24.75;;;;271;04/06/2023;17:49:43;24.66;;;;
272;04/06/2023;17:47:54;24.82;;;;272;04/06/2023;17:49:03;24.76;;;;272;04/06/2023;17:49:58;24.66;;;;
273;04/06/2023;17:48:09;24.82;;;;273;04/06/2023;17:49:18;24.75;;;;273;04/06/2023;17:50:13;24.64;;;;
274;04/06/2023;17:48:24;24.8;;;;274;04/06/2023;17:49:33;24.75;;;;274;04/06/2023;17:50:28;24.66;;;;
275;04/06/2023;17:48:39;24.83;;;;275;04/06/2023;17:49:48;24.76;;;;275;04/06/2023;17:50:43;24.66;;;;
276;04/06/2023;17:48:54;24.82;;;;276;04/06/2023;17:50:03;24.74;;;;276;04/06/2023;17:50:58;24.66;;;;
277;04/06/2023;17:49:09;24.82;;;;277;04/06/2023;17:50:19;24.75;;;;277;04/06/2023;17:51:13;24.66;;;;
278;04/06/2023;17:49:24;24.81;;;;278;04/06/2023;17:50:34;24.74;;;;278;04/06/2023;17:51:28;24.63;;;;
279;04/06/2023;17:49:39;24.8;;;;279;04/06/2023;17:50:49;24.73;;;;279;04/06/2023;17:51:43;24.63;;;;
280;04/06/2023;17:49:54;24.8;;;;280;04/06/2023;17:51:04;24.74;;;;280;04/06/2023;17:51:58;24.63;;;;
281;04/06/2023;17:50:09;24.8;;;;281;04/06/2023;17:51:19;24.73;;;;281;04/06/2023;17:52:13;24.62;;;;
282;04/06/2023;17:50:24;24.8;;;;282;04/06/2023;17:51:34;24.75;;;;282;04/06/2023;17:52:28;24.63;;;;
283;04/06/2023;17:50:39;24.8;;;;283;04/06/2023;17:51:49;24.73;;;;283;04/06/2023;17:52:43;24.63;;;;
284;04/06/2023;17:50:54;24.81;;;;284;04/06/2023;17:52:04;24.7;;;;284;04/06/2023;17:52:58;24.63;;;;
285;04/06/2023;17:51:09;24.8;;;;285;04/06/2023;17:52:19;24.73;;;;285;04/06/2023;17:53:13;24.63;;;;
286;04/06/2023;17:51:24;24.8;;;;286;04/06/2023;17:52:34;24.7;;;;286;04/06/2023;17:53:28;24.62;;;;
287;04/06/2023;17:51:39;24.8;;;;287;04/06/2023;17:52:49;24.73;;;;287;04/06/2023;17:53:43;24.61;;;;
288;04/06/2023;17:51:54;24.8;;;;288;04/06/2023;17:53:04;24.71;;;;288;04/06/2023;17:53:58;24.62;;;;
289;04/06/2023;17:52:09;24.79;;;;289;04/06/2023;17:53:19;24.71;;;;289;04/06/2023;17:54:13;24.62;;;;
290;04/06/2023;17:52:25;24.8;;;;290;04/06/2023;17:53:34;24.73;;;;290;04/06/2023;17:54:28;24.62;;;;
291;04/06/2023;17:52:40;24.79;;;;291;04/06/2023;17:53:49;24.73;;;;291;04/06/2023;17:54:43;24.61;;;;
292;04/06/2023;17:52:55;24.79;;;;292;04/06/2023;17:54:04;24.73;;;;292;04/06/2023;17:54:58;24.62;;;;
293;04/06/2023;17:53:10;24.8;;;;293;04/06/2023;17:54:19;24.73;;;;293;04/06/2023;17:55:13;24.62;;;;
294;04/06/2023;17:53:25;24.79;;;;294;04/06/2023;17:54:34;24.73;;;;294;04/06/2023;17:55:28;24.63;;;;
295;04/06/2023;17:53:40;24.8;;;;295;04/06/2023;17:54:49;24.71;;;;295;04/06/2023;17:55:43;24.61;;;;
296;04/06/2023;17:53:55;24.79;;;;296;04/06/2023;17:55:04;24.71;;;;296;04/06/2023;17:55:58;24.63;;;;
297;04/06/2023;17:54:10;24.78;;;;297;04/06/2023;17:55:19;24.71;;;;297;04/06/2023;17:56:13;24.6;;;;
298;04/06/2023;17:54:25;24.78;;;;298;04/06/2023;17:55:35;24.73;;;;298;04/06/2023;17:56:28;24.61;;;;
299;04/06/2023;17:54:40;24.77;;;;299;04/06/2023;17:55:50;24.73;;;;299;04/06/2023;17:56:43;24.63;;;;
300;04/06/2023;17:54:55;24.79;;;;300;04/06/2023;17:56:05;24.71;;;;300;04/06/2023;17:56:58;24.63;;;;
301;04/06/2023;17:55:10;24.77;;;;301;04/06/2023;17:56:20;24.73;;;;301;04/06/2023;17:57:13;24.63;;;;
302;04/06/2023;17:55:25;24.79;;;;302;04/06/2023;17:56:35;24.7;;;;302;04/06/2023;17:57:28;24.63;;;;
303;04/06/2023;17:55:40;24.78;;;;303;04/06/2023;17:56:50;24.7;;;;303;04/06/2023;17:57:43;24.63;;;;
304;04/06/2023;17:55:55;24.8;;;;304;04/06/2023;17:57:05;24.71;;;;304;04/06/2023;17:57:58;24.63;;;;
305;04/06/2023;17:56:10;24.78;;;;305;04/06/2023;17:57:20;24.71;;;;305;04/06/2023;17:58:13;24.63;;;;
306;04/06/2023;17:56:25;24.77;;;;306;04/06/2023;17:57:35;24.71;;;;306;04/06/2023;17:58:28;24.63;;;;
307;04/06/2023;17:56:40;24.8;;;;307;04/06/2023;17:57:50;24.73;;;;307;04/06/2023;17:58:43;24.63;;;;
308;04/06/2023;17:56:55;24.8;;;;308;04/06/2023;17:58:05;24.71;;;;308;04/06/2023;17:58:58;24.63;;;;
309;04/06/2023;17:57:10;24.79;;;;309;04/06/2023;17:58:20;24.7;;;;309;04/06/2023;17:59:13;24.64;;;;
310;04/06/2023;17:57:25;24.77;;;;310;04/06/2023;17:58:35;24.71;;;;310;04/06/2023;17:59:28;24.63;;;;
311;04/06/2023;17:57:40;24.78;;;;311;04/06/2023;17:58:50;24.71;;;;311;04/06/2023;17:59:43;24.62;;;;
312;04/06/2023;17:57:55;24.79;;;;312;04/06/2023;17:59:05;24.71;;;;312;04/06/2023;17:59:58;24.61;;;;
313;04/06/2023;17:58:10;24.78;;;;313;04/06/2023;17:59:20;24.73;;;;313;04/06/2023;18:00:13;24.62;;;;
314;04/06/2023;17:58:25;24.75;;;;314;04/06/2023;17:59:35;24.7;;;;314;04/06/2023;18:00:28;24.62;Synchronized;;;
315;04/06/2023;17:58:40;24.75;;;;315;04/06/2023;17:59:50;24.71;;;;315;04/06/2023;18:00:43;24.63;;;;
316;04/06/2023;17:58:55;24.75;;;;316;04/06/2023;18:00:05;24.73;;;;316;04/06/2023;18:00:58;24.6;;;;
317;04/06/2023;17:59:10;24.78;;;;317;04/06/2023;18:00:20;24.74;;;;317;04/06/2023;18:01:13;24.61;;;;
318;04/06/2023;17:59:25;24.77;;;;318;04/06/2023;18:00:35;24.7;;;;318;04/06/2023;18:01:28;24.6;;;;
319;04/06/2023;17:59:40;24.77;;;;319;04/06/2023;18:00:51;24.71;;;;319;04/06/2023;18:01:43;24.61;;;;
320;04/06/2023;17:59:55;24.77;;;;320;04/06/2023;18:01:06;24.69;;;;320;04/06/2023;18:01:58;24.63;;;;
321;04/06/2023;18:00:10;24.75;;;;321;04/06/2023;18:01:21;24.7;;;;321;04/06/2023;18:02:13;24.63;;;;
322;04/06/2023;18:00:25;24.77;;;;322;04/06/2023;18:01:36;24.71;;;;322;04/06/2023;18:02:28;24.62;;;;
323;04/06/2023;18:00:40;24.77;;;;323;04/06/2023;18:01:51;24.71;;;;323;04/06/2023;18:02:43;24.61;;;;
324;04/06/2023;18:00:55;24.78;;;;324;04/06/2023;18:02:06;24.7;;;;324;04/06/2023;18:02:58;24.6;;;;
325;04/06/2023;18:01:10;24.77;;;;325;04/06/2023;18:02:21;24.7;;;;325;04/06/2023;18:03:13;24.59;;;;
326;04/06/2023;18:01:26;24.77;;;;326;04/06/2023;18:02:36;24.7;;;;326;04/06/2023;18:03:28;24.6;;;;
327;04/06/2023;18:01:41;24.77;;;;327;04/06/2023;18:02:51;24.73;;;;327;04/06/2023;18:03:43;24.61;;;;
328;04/06/2023;18:01:56;24.75;;;;328;04/06/2023;18:03:06;24.73;;;;328;04/06/2023;18:03:58;24.59;;;;
329;04/06/2023;18:02:11;24.77;;;;329;04/06/2023;18:03:21;24.7;;;;329;04/06/2023;18:04:13;24.62;;;;
330;04/06/2023;18:02:26;24.74;;;;330;04/06/2023;18:03:36;24.69;;;;330;04/06/2023;18:04:28;24.59;;;;
331;04/06/2023;18:02:41;24.78;;;;331;04/06/2023;18:03:51;24.7;;;;331;04/06/2023;18:04:43;24.59;;;;
332;04/06/2023;18:02:56;24.77;;;;332;04/06/2023;18:04:06;24.69;;;;332;04/06/2023;18:04:58;24.61;;;;
333;04/06/2023;18:03:11;24.74;;;;333;04/06/2023;18:04:21;24.7;;;;333;04/06/2023;18:05:13;24.6;;;;
334;04/06/2023;18:03:26;24.75;;;;334;04/06/2023;18:04:36;24.7;;;;334;04/06/2023;18:05:28;24.6;;;;
335;04/06/2023;18:03:41;24.75;;;;335;04/06/2023;18:04:51;24.67;;;;335;04/06/2023;18:05:43;24.59;;;;
336;04/06/2023;18:03:56;24.75;;;;336;04/06/2023;18:05:06;24.69;;;;336;04/06/2023;18:05:58;24.6;;;;
337;04/06/2023;18:04:11;24.75;;;;337;04/06/2023;18:05:21;24.68;;;;337;04/06/2023;18:06:13;24.59;;;;
338;04/06/2023;18:04:26;24.73;;;;338;04/06/2023;18:05:36;24.69;;;;338;04/06/2023;18:06:28;24.59;;;;
339;04/06/2023;18:04:41;24.74;;;;339;04/06/2023;18:05:51;24.67;;;;339;04/06/2023;18:06:43;24.59;;;;
340;04/06/2023;18:04:56;24.73;;;;340;04/06/2023;18:06:07;24.67;;;;340;04/06/2023;18:06:58;24.61;;;;
341;04/06/2023;18:05:11;24.73;;;;341;04/06/2023;18:06:22;24.66;;;;341;04/06/2023;18:07:13;24.58;;;;
342;04/06/2023;18:05:26;24.74;;;;342;04/06/2023;18:06:37;24.69;;;;342;04/06/2023;18:07:28;24.59;;;;
343;04/06/2023;18:05:41;24.74;;;;343;04/06/2023;18:06:52;24.68;;;;343;04/06/2023;18:07:43;24.59;;;;
344;04/06/2023;18:05:56;24.73;;;;344;04/06/2023;18:07:07;24.67;;;;344;04/06/2023;18:07:58;24.58;;;;
345;04/06/2023;18:06:11;24.74;;;;345;04/06/2023;18:07:22;24.67;;;;345;04/06/2023;18:08:13;24.6;;;;
346;04/06/2023;18:06:26;24.72;;;;346;04/06/2023;18:07:37;24.68;;;;346;04/06/2023;18:08:28;24.59;;;;
347;04/06/2023;18:06:41;24.74;;;;347;04/06/2023;18:07:52;24.65;;;;347;04/06/2023;18:08:43;24.57;;;;
348;04/06/2023;18:06:56;24.73;;;;348;04/06/2023;18:08:07;24.67;;;;348;04/06/2023;18:08:58;24.59;;;;
349;04/06/2023;18:07:11;24.73;;;;349;04/06/2023;18:08:22;24.66;;;;349;04/06/2023;18:09:13;24.58;;;;
350;04/06/2023;18:07:26;24.73;;;;350;04/06/2023;18:08:37;24.68;;;;350;04/06/2023;18:09:28;24.6;;;;
351;04/06/2023;18:07:41;24.71;;;;351;04/06/2023;18:08:52;24.66;;;;351;04/06/2023;18:09:43;24.6;;;;
352;04/06/2023;18:07:56;24.7;;;;352;04/06/2023;18:09:07;24.66;;;;352;04/06/2023;18:09:58;24.56;;;;
353;04/06/2023;18:08:11;24.7;;;;353;04/06/2023;18:09:22;24.66;;;;353;04/06/2023;18:10:13;24.59;;;;
354;04/06/2023;18:08:26;24.72;;;;354;04/06/2023;18:09:37;24.68;;;;354;04/06/2023;18:10:28;24.59;;;;
355;04/06/2023;18:08:41;24.71;;;;355;04/06/2023;18:09:52;24.69;;;;355;04/06/2023;18:10:43;24.59;;;;
356;04/06/2023;18:08:56;24.7;;;;356;04/06/2023;18:10:07;24.67;;;;356;04/06/2023;18:10:58;24.58;;;;
357;04/06/2023;18:09:11;24.73;;;;357;04/06/2023;18:10:22;24.67;;;;357;04/06/2023;18:11:13;24.59;;;;
358;04/06/2023;18:09:26;24.73;;;;358;04/06/2023;18:10:37;24.69;;;;358;04/06/2023;18:11:28;24.59;;;;
359;04/06/2023;18:09:41;24.7;;;;359;04/06/2023;18:10:52;24.66;;;;359;04/06/2023;18:11:43;24.59;;;;
360;04/06/2023;18:09:56;24.72;;;;360;04/06/2023;18:11:07;24.66;;;;360;04/06/2023;18:11:58;24.6;;;;
361;04/06/2023;18:10:11;24.7;;;;361;04/06/2023;18:11:22;24.69;;;;361;04/06/2023;18:12:13;24.59;;;;
362;04/06/2023;18:10:26;24.71;;;;362;04/06/2023;18:11:37;24.67;;;;362;04/06/2023;18:12:28;24.59;;;;
363;04/06/2023;18:10:41;24.71;;;;363;04/06/2023;18:11:52;24.68;;;;363;04/06/2023;18:12:43;24.6;;;;
364;04/06/2023;18:10:56;24.72;;;;364;04/06/2023;18:12:07;24.66;;;;364;04/06/2023;18:12:58;24.61;;;;
365;04/06/2023;18:11:11;24.72;;;;365;04/06/2023;18:12:22;24.67;;;;365;04/06/2023;18:13:13;24.6;;;;
366;04/06/2023;18:11:26;24.7;;;;366;04/06/2023;18:12:37;24.69;;;;366;04/06/2023;18:13:28;24.58;;;;
367;04/06/2023;18:11:41;24.7;;;;367;04/06/2023;18:12:53;24.67;;;;367;04/06/2023;18:13:43;24.61;;;;
368;04/06/2023;18:11:56;24.71;;;;368;04/06/2023;18:13:08;24.66;;;;368;04/06/2023;18:13:58;24.6;;;;
369;04/06/2023;18:12:11;24.71;;;;369;04/06/2023;18:13:23;24.66;;;;369;04/06/2023;18:14:13;24.59;;;;
370;04/06/2023;18:12:26;24.7;;;;370;04/06/2023;18:13:38;24.68;;;;370;04/06/2023;18:14:28;24.59;;;;
371;04/06/2023;18:12:41;24.71;;;;371;04/06/2023;18:13:53;24.66;Synchronized;;;371;04/06/2023;18:14:43;24.6;;;;
372;04/06/2023;18:12:56;24.71;;;;372;04/06/2023;18:14:08;24.67;;;;372;04/06/2023;18:14:58;24.59;;;;
373;04/06/2023;18:13:11;24.71;;;;373;04/06/2023;18:14:23;24.66;;;;373;04/06/2023;18:15:13;24.59;;;;
374;04/06/2023;18:13:26;24.7;;;;374;04/06/2023;18:14:38;24.66;;;;374;04/06/2023;18:15:28;24.59;;;;
375;04/06/2023;18:13:42;24.71;;;;375;04/06/2023;18:14:53;24.67;;;;375;04/06/2023;18:15:43;24.6;;;;
376;04/06/2023;18:13:57;24.7;;;;376;04/06/2023;18:15:08;24.69;;;;376;04/06/2023;18:15:58;24.59;;;;
377;04/06/2023;18:14:12;24.73;;;;377;04/06/2023;18:15:23;24.69;;;;377;04/06/2023;18:16:13;24.59;;;;
378;04/06/2023;18:14:27;24.7;;;;378;04/06/2023;18:15:38;24.69;;;;378;04/06/2023;18:16:28;24.59;;;;
379;04/06/2023;18:14:42;24.7;;;;379;04/06/2023;18:15:53;24.67;;;;379;04/06/2023;18:16:43;24.59;;;;
380;04/06/2023;18:14:57;24.72;;;;380;04/06/2023;18:16:08;24.67;;;;380;04/06/2023;18:16:58;24.61;;;;
381;04/06/2023;18:15:12;24.7;;;;381;04/06/2023;18:16:23;24.68;;;;381;04/06/2023;18:17:13;24.59;;;;
382;04/06/2023;18:15:27;;Missing data;;;382;04/06/2023;18:16:38;24.65;;;;382;04/06/2023;18:17:28;24.6;;;;
383;04/06/2023;18:15:42;24.7;;;;383;04/06/2023;18:16:53;24.67;;;;383;04/06/2023;18:17:43;24.61;;;;
384;04/06/2023;18:15:57;24.71;;;;384;04/06/2023;18:17:08;24.66;;;;384;04/06/2023;18:17:58;24.59;;;;
385;04/06/2023;18:16:12;24.7;;;;385;04/06/2023;18:17:23;24.68;;;;385;04/06/2023;18:18:13;24.59;;;;
386;04/06/2023;18:16:27;24.7;;;;386;04/06/2023;18:17:38;24.67;;;;386;04/06/2023;18:18:28;24.59;;;;
387;04/06/2023;18:16:42;24.71;;;;387;04/06/2023;18:17:53;24.67;;;;387;04/06/2023;18:18:43;24.6;;;;
388;04/06/2023;18:16:57;24.7;;;;388;04/06/2023;18:18:08;24.67;;;;388;04/06/2023;18:18:58;24.59;;;;
389;04/06/2023;18:17:12;24.68;;;;389;04/06/2023;18:18:23;24.67;;;;389;04/06/2023;18:19:13;24.57;;;;
390;04/06/2023;18:17:27;24.71;;;;390;04/06/2023;18:18:38;24.69;;;;390;04/06/2023;18:19:28;24.6;;;;
391;04/06/2023;18:17:42;24.7;;;;391;04/06/2023;18:18:53;24.66;;;;391;04/06/2023;18:19:43;24.6;;;;
392;04/06/2023;18:17:57;24.7;;;;392;04/06/2023;18:19:08;24.66;;;;392;04/06/2023;18:19:58;24.62;;;;
393;04/06/2023;18:18:12;24.69;;;;393;04/06/2023;18:19:24;24.67;;;;393;04/06/2023;18:20:13;24.61;;;;
394;04/06/2023;18:18:27;24.7;;;;394;04/06/2023;18:19:39;24.66;;;;394;04/06/2023;18:20:28;24.6;;;;
395;04/06/2023;18:18:42;24.7;;;;395;04/06/2023;18:19:54;24.68;;;;395;04/06/2023;18:20:43;24.6;;;;
396;04/06/2023;18:18:57;24.68;;;;396;04/06/2023;18:20:09;24.66;;;;396;04/06/2023;18:20:58;24.59;;;;
397;04/06/2023;18:19:12;24.7;;;;397;04/06/2023;18:20:24;24.67;;;;397;04/06/2023;18:21:13;24.59;;;;
398;04/06/2023;18:19:27;24.7;;;;398;04/06/2023;18:20:39;24.69;;;;398;04/06/2023;18:21:28;24.59;;;;
399;04/06/2023;18:19:42;24.7;;;;399;04/06/2023;18:20:54;24.66;;;;399;04/06/2023;18:21:43;24.59;;;;
400;04/06/2023;18:19:57;24.7;;;;400;04/06/2023;18:21:09;24.67;;;;400;04/06/2023;18:21:58;24.6;;;;
401;04/06/2023;18:20:12;24.68;;;;401;04/06/2023;18:21:24;24.66;;;;401;04/06/2023;18:22:13;24.59;;;;
402;04/06/2023;18:20:27;24.7;;;;402;04/06/2023;18:21:39;24.68;;;;402;04/06/2023;18:22:28;24.61;;;;
403;04/06/2023;18:20:42;24.7;;;;403;04/06/2023;18:21:54;24.67;;;;403;04/06/2023;18:22:43;24.59;;;;
404;04/06/2023;18:20:57;;Missing data;;;404;04/06/2023;18:22:09;24.66;;;;404;04/06/2023;18:22:58;24.59;;;;
405;04/06/2023;18:21:12;24.7;;;;405;04/06/2023;18:22:24;24.66;;;;405;04/06/2023;18:23:13;24.59;;;;
406;04/06/2023;18:21:27;24.69;;;;406;04/06/2023;18:22:39;24.66;;;;406;04/06/2023;18:23:28;24.6;;;;
407;04/06/2023;18:21:42;24.7;;;;407;04/06/2023;18:22:54;24.68;;;;407;04/06/2023;18:23:43;24.59;;;;
408;04/06/2023;18:21:57;24.69;;;;408;04/06/2023;18:23:09;24.66;;;;408;04/06/2023;18:23:58;24.59;;;;
409;04/06/2023;18:22:12;24.68;;;;409;04/06/2023;18:23:24;24.66;;;;409;04/06/2023;18:24:13;24.59;;;;
410;04/06/2023;18:22:27;24.69;;;;410;04/06/2023;18:23:39;24.66;;;;410;04/06/2023;18:24:28;24.59;;;;
411;04/06/2023;18:22:42;24.7;;;;411;04/06/2023;18:23:54;24.66;;;;411;04/06/2023;18:24:43;24.59;;;;
412;04/06/2023;18:22:57;24.68;;;;412;04/06/2023;18:24:09;24.66;;;;412;04/06/2023;18:24:58;24.59;;;;
413;04/06/2023;18:23:12;24.69;;;;413;04/06/2023;18:24:24;24.66;;;;413;04/06/2023;18:25:13;24.59;;;;
414;04/06/2023;18:23:27;24.69;;;;414;04/06/2023;18:24:40;24.66;;;;414;04/06/2023;18:25:28;24.59;;;;
415;04/06/2023;18:23:42;24.68;;;;415;04/06/2023;18:24:55;24.66;;;;415;04/06/2023;18:25:43;24.58;;;;
416;04/06/2023;18:23:57;24.68;;;;416;04/06/2023;18:25:10;24.66;;;;416;04/06/2023;18:25:58;24.59;;;;
417;04/06/2023;18:24:12;24.7;;;;417;04/06/2023;18:25:25;24.66;;;;417;04/06/2023;18:26:13;24.58;;;;
418;04/06/2023;18:24:27;24.68;;;;418;04/06/2023;18:25:40;24.66;;;;418;04/06/2023;18:26:28;24.59;;;;
419;04/06/2023;18:24:42;24.69;;;;419;04/06/2023;18:25:55;24.66;;;;419;04/06/2023;18:26:43;24.6;;;;
420;04/06/2023;18:24:57;24.66;;;;420;04/06/2023;18:26:10;24.66;;;;420;04/06/2023;18:26:58;24.6;;;;
421;04/06/2023;18:25:12;24.66;;;;421;04/06/2023;18:26:25;24.65;;;;421;04/06/2023;18:27:12;24.58;;;;
422;04/06/2023;18:25:27;24.65;;;;422;04/06/2023;18:26:40;24.63;;;;422;04/06/2023;18:27:27;24.59;;;;
423;04/06/2023;18:25:42;24.67;;;;423;04/06/2023;18:26:55;24.64;;;;423;04/06/2023;18:27:42;24.57;;;;
424;04/06/2023;18:25:57;24.68;;;;424;04/06/2023;18:27:10;24.67;;;;424;04/06/2023;18:27:57;24.58;;;;
425;04/06/2023;18:26:12;24.67;;;;425;04/06/2023;18:27:25;24.64;;;;425;04/06/2023;18:28:12;24.58;;;;
426;04/06/2023;18:26:27;24.67;;;;426;04/06/2023;18:27:40;24.65;;;;426;04/06/2023;18:28:27;24.57;;;;
427;04/06/2023;18:26:42;;Missing data;;;427;04/06/2023;18:27:55;24.63;;;;427;04/06/2023;18:28:42;24.58;;;;
428;04/06/2023;18:26:57;24.66;;;;428;04/06/2023;18:28:10;24.64;;;;428;04/06/2023;18:28:57;24.58;;;;
429;04/06/2023;18:27:13;;Missing data;;;429;04/06/2023;18:28:25;24.64;;;;429;04/06/2023;18:29:12;24.58;;;;
430;04/06/2023;18:27:28;24.66;;;;430;04/06/2023;18:28:40;24.65;;;;430;04/06/2023;18:29:27;24.57;;;;
431;04/06/2023;18:27:43;24.66;;;;431;04/06/2023;18:28:55;24.66;;;;431;04/06/2023;18:29:42;24.57;;;;
432;04/06/2023;18:27:58;24.66;;;;432;04/06/2023;18:29:10;24.63;;;;432;04/06/2023;18:29:57;24.58;;;;
433;04/06/2023;18:28:13;24.66;;;;433;04/06/2023;18:29:25;24.65;;;;433;04/06/2023;18:30:12;24.58;;;;
434;04/06/2023;18:28:28;24.66;;;;434;04/06/2023;18:29:40;24.65;;;;434;04/06/2023;18:30:27;24.56;;;;
435;04/06/2023;18:28:43;24.66;;;;435;04/06/2023;18:29:56;24.64;;;;435;04/06/2023;18:30:42;24.57;;;;
436;04/06/2023;18:28:58;24.66;;;;436;04/06/2023;18:30:11;24.63;;;;436;04/06/2023;18:30:57;24.57;Synchronized;;;
437;04/06/2023;18:29:12;24.67;;;;437;04/06/2023;18:30:26;24.63;;;;437;04/06/2023;18:31:12;24.57;;;;
438;04/06/2023;18:29:27;24.66;;;;438;04/06/2023;18:30:41;24.63;;;;438;04/06/2023;18:31:27;24.57;;;;
439;04/06/2023;18:29:42;24.66;;;;439;04/06/2023;18:30:56;24.63;;;;439;04/06/2023;18:31:42;24.55;;;;
440;04/06/2023;18:29:58;24.64;;;;440;04/06/2023;18:31:11;24.64;;;;440;04/06/2023;18:31:57;24.57;;;;
441;04/06/2023;18:30:13;24.65;;;;441;04/06/2023;18:31:26;24.63;;;;441;04/06/2023;18:32:12;24.55;;;;
442;04/06/2023;18:30:28;;Missing data;;;442;04/06/2023;18:31:41;24.63;;;;442;04/06/2023;18:32:27;24.55;;;;
443;04/06/2023;18:30:43;24.64;;;;443;04/06/2023;18:31:56;24.65;;;;443;04/06/2023;18:32:42;24.55;;;;
444;04/06/2023;18:30:57;24.64;;;;444;04/06/2023;18:32:11;24.64;;;;444;04/06/2023;18:32:57;24.55;;;;
445;04/06/2023;18:31:12;24.63;;;;445;04/06/2023;18:32:26;24.63;;;;445;04/06/2023;18:33:12;24.57;;;;
446;04/06/2023;18:31:28;24.65;;;;446;04/06/2023;18:32:41;24.62;;;;446;04/06/2023;18:33:27;24.56;;;;
447;04/06/2023;18:31:43;24.65;;;;447;04/06/2023;18:32:56;24.62;;;;447;04/06/2023;18:33:42;24.57;;;;
448;04/06/2023;18:31:58;24.64;;;;448;04/06/2023;18:33:11;24.63;;;;448;04/06/2023;18:33:57;24.55;;;;
449;04/06/2023;18:32:13;24.65;;;;449;04/06/2023;18:33:26;24.63;;;;449;04/06/2023;18:34:12;24.55;;;;
450;04/06/2023;18:32:28;24.62;;;;450;04/06/2023;18:33:41;24.63;Synchronized;;;450;04/06/2023;18:34:27;24.56;;;;
451;04/06/2023;18:32:43;24.63;;;;451;04/06/2023;18:33:56;24.63;;;;451;04/06/2023;18:34:42;24.56;;;;
452;04/06/2023;18:32:58;24.64;;;;452;04/06/2023;18:34:11;24.62;;;;452;04/06/2023;18:34:57;24.56;;;;
453;04/06/2023;18:33:13;24.64;;;;453;04/06/2023;18:34:26;24.62;;;;453;04/06/2023;18:35:12;24.55;;;;
454;04/06/2023;18:33:28;24.64;;;;454;04/06/2023;18:34:41;24.63;;;;454;04/06/2023;18:35:27;24.55;;;;
455;04/06/2023;18:33:43;24.63;;;;455;04/06/2023;18:34:57;24.63;Synchronized;;;455;04/06/2023;18:35:42;24.57;;;;
456;04/06/2023;18:33:58;24.62;;;;456;04/06/2023;18:35:12;24.63;;;;456;04/06/2023;18:35:57;24.55;;;;
457;04/06/2023;18:34:13;24.62;;;;457;04/06/2023;18:35:27;24.58;;;;457;04/06/2023;18:36:12;24.55;;;;
458;04/06/2023;18:34:28;24.6;;;;458;04/06/2023;18:35:42;24.62;;;;458;04/06/2023;18:36:27;24.55;;;;
459;04/06/2023;18:34:43;24.62;;;;459;04/06/2023;18:35:57;24.62;;;;459;04/06/2023;18:36:42;24.56;;;;
460;04/06/2023;18:34:58;24.63;;;;460;04/06/2023;18:36:12;24.64;;;;460;04/06/2023;18:36:57;24.55;;;;
461;04/06/2023;18:35:13;;Missing data;;;461;04/06/2023;18:36:27;24.63;;;;461;04/06/2023;18:37:12;24.55;;;;
462;04/06/2023;18:35:28;24.63;;;;462;04/06/2023;18:36:42;24.62;;;;462;04/06/2023;18:37:27;24.57;;;;
463;04/06/2023;18:35:43;24.63;;;;463;04/06/2023;18:36:57;24.63;;;;463;04/06/2023;18:37:42;24.55;;;;
464;04/06/2023;18:35:58;24.63;;;;464;04/06/2023;18:37:12;24.63;;;;464;04/06/2023;18:37:57;24.55;;;;
465;04/06/2023;18:36:13;24.64;;;;465;04/06/2023;18:37:27;24.62;;;;465;04/06/2023;18:38:12;24.56;;;;
466;04/06/2023;18:36:28;24.63;;;;466;04/06/2023;18:37:42;24.63;;;;466;04/06/2023;18:38:27;24.57;;;;
467;04/06/2023;18:36:43;24.65;;;;467;04/06/2023;18:37:57;24.61;;;;467;04/06/2023;18:38:42;24.55;;;;
468;04/06/2023;18:36:58;24.62;;;;468;04/06/2023;18:38:12;24.61;;;;468;04/06/2023;18:38:57;24.55;;;;
469;04/06/2023;18:37:13;24.63;;;;469;04/06/2023;18:38:27;24.62;;;;469;04/06/2023;18:39:12;24.57;;;;
470;04/06/2023;18:37:28;24.63;;;;470;04/06/2023;18:38:42;24.62;;;;470;04/06/2023;18:39:27;24.57;;;;
471;04/06/2023;18:37:43;24.63;;;;471;04/06/2023;18:38:57;24.61;;;;471;04/06/2023;18:39:42;24.56;;;;
472;04/06/2023;18:37:58;24.61;;;;472;04/06/2023;18:39:12;24.6;;;;472;04/06/2023;18:39:57;24.56;;;;
473;04/06/2023;18:38:13;24.63;;;;473;04/06/2023;18:39:27;24.63;;;;473;04/06/2023;18:40:12;24.56;;;;
474;04/06/2023;18:38:28;24.61;;;;474;04/06/2023;18:39:42;24.62;;;;474;04/06/2023;18:40:27;24.55;;;;
475;04/06/2023;18:38:43;24.6;;;;475;04/06/2023;18:39:57;24.61;;;;475;04/06/2023;18:40:42;24.56;;;;
476;04/06/2023;18:38:58;24.63;;;;476;04/06/2023;18:40:12;24.61;;;;476;04/06/2023;18:40:57;24.57;;;;
477;04/06/2023;18:39:13;24.63;;;;477;04/06/2023;18:40:27;24.63;;;;477;04/06/2023;18:41:12;24.56;;;;
478;04/06/2023;18:39:28;24.65;;;;478;04/06/2023;18:40:42;24.62;;;;478;04/06/2023;18:41:27;24.56;;;;
479;04/06/2023;18:39:43;24.63;;;;479;04/06/2023;18:40:57;24.62;;;;479;04/06/2023;18:41:42;24.55;;;;
480;04/06/2023;18:39:58;24.63;;;;480;04/06/2023;18:41:12;24.63;;;;480;04/06/2023;18:41:57;24.57;;;;
481;04/06/2023;18:40:13;24.63;;;;481;04/06/2023;18:41:28;24.6;;;;481;04/06/2023;18:42:12;24.56;;;;
482;04/06/2023;18:40:28;24.64;;;;482;04/06/2023;18:41:43;24.63;;;;482;04/06/2023;18:42:27;24.56;;;;
483;04/06/2023;18:40:43;24.62;;;;483;04/06/2023;18:41:58;24.6;;;;483;04/06/2023;18:42:42;24.55;;;;
484;04/06/2023;18:40:58;24.65;;;;484;04/06/2023;18:42:13;24.63;;;;484;04/06/2023;18:42:57;24.56;;;;
485;04/06/2023;18:41:13;24.64;;;;485;04/06/2023;18:42:28;24.61;;;;485;04/06/2023;18:43:12;24.57;;;;
486;04/06/2023;18:41:28;24.61;;;;486;04/06/2023;18:42:43;24.6;;;;486;04/06/2023;18:43:27;24.56;;;;
487;04/06/2023;18:41:43;24.62;;;;487;04/06/2023;18:42:58;24.62;;;;487;04/06/2023;18:43:42;24.56;;;;
488;04/06/2023;18:41:59;24.61;;;;488;04/06/2023;18:43:13;24.62;;;;488;04/06/2023;18:43:57;24.56;;;;
489;04/06/2023;18:42:13;24.62;;;;489;04/06/2023;18:43:28;24.63;;;;489;04/06/2023;18:44:12;24.55;;;;
490;04/06/2023;18:42:28;24.62;;;;490;04/06/2023;18:43:43;24.62;;;;490;04/06/2023;18:44:27;24.56;;;;
491;04/06/2023;18:42:44;24.62;;;;491;04/06/2023;18:43:58;24.62;;;;491;04/06/2023;18:44:42;24.55;;;;
492;04/06/2023;18:42:59;24.62;;;;492;04/06/2023;18:44:13;24.62;;;;492;04/06/2023;18:44:57;24.57;;;;
493;04/06/2023;18:43:14;24.62;;;;493;04/06/2023;18:44:28;24.63;;;;493;04/06/2023;18:45:12;24.56;;;;
494;04/06/2023;18:43:29;24.62;;;;494;04/06/2023;18:44:43;24.61;;;;494;04/06/2023;18:45:27;24.55;;;;
495;04/06/2023;18:43:44;24.63;;;;495;04/06/2023;18:44:58;24.63;;;;495;04/06/2023;18:45:42;24.55;;;;
496;04/06/2023;18:43:59;24.64;;;;496;04/06/2023;18:45:13;24.65;;;;496;04/06/2023;18:45:57;24.55;;;;
497;04/06/2023;18:44:14;24.62;;;;497;04/06/2023;18:45:28;24.6;;;;497;04/06/2023;18:46:12;24.56;;;;
498;04/06/2023;18:44:29;24.62;;;;498;04/06/2023;18:45:43;24.61;;;;498;04/06/2023;18:46:27;24.56;;;;
499;04/06/2023;18:44:44;24.64;;;;499;04/06/2023;18:45:58;24.63;;;;499;04/06/2023;18:46:42;24.54;;;;
500;04/06/2023;18:44:59;24.61;;;;500;04/06/2023;18:46:13;24.63;;;;500;04/06/2023;18:46:57;24.55;;;;
501;04/06/2023;18:45:14;24.62;;;;501;04/06/2023;18:46:28;24.6;;;;501;04/06/2023;18:47:12;24.56;;;;
502;04/06/2023;18:45:29;24.62;;;;502;04/06/2023;18:46:43;24.61;;;;502;04/06/2023;18:47:27;24.55;;;;
503;04/06/2023;18:45:44;24.63;;;;503;04/06/2023;18:46:58;24.61;;;;503;04/06/2023;18:47:42;24.55;;;;
504;04/06/2023;18:45:59;24.62;;;;504;04/06/2023;18:47:13;24.6;;;;504;04/06/2023;18:47:57;24.55;;;;
505;04/06/2023;18:46:14;24.6;;;;505;04/06/2023;18:47:29;24.63;;;;505;04/06/2023;18:48:12;24.55;;;;
506;04/06/2023;18:46:29;24.63;;;;506;04/06/2023;18:47:44;24.6;;;;506;04/06/2023;18:48:27;24.56;;;;
507;04/06/2023;18:46:44;24.62;;;;507;04/06/2023;18:47:59;24.61;;;;507;04/06/2023;18:48:42;24.55;;;;
508;04/06/2023;18:46:59;24.62;;;;508;04/06/2023;18:48:14;24.63;;;;508;04/06/2023;18:48:57;24.55;Synchronized;;;
509;04/06/2023;18:47:14;24.61;;;;509;04/06/2023;18:48:29;24.6;;;;509;04/06/2023;18:49:12;24.56;;;;
510;04/06/2023;18:47:29;24.62;;;;510;04/06/2023;18:48:44;24.61;;;;510;04/06/2023;18:49:27;24.55;;;;
511;04/06/2023;18:47:44;24.61;;;;511;04/06/2023;18:48:59;24.62;;;;511;04/06/2023;18:49:42;24.56;;;;
512;04/06/2023;18:47:59;24.6;;;;512;04/06/2023;18:49:14;24.61;;;;512;04/06/2023;18:49:57;24.56;;;;
513;04/06/2023;18:48:14;24.61;;;;513;04/06/2023;18:49:29;24.62;;;;513;04/06/2023;18:50:12;24.55;;;;
514;04/06/2023;18:48:29;24.61;;;;514;04/06/2023;18:49:44;24.59;;;;514;04/06/2023;18:50:27;24.55;;;;
515;04/06/2023;18:48:44;24.61;;;;515;04/06/2023;18:49:59;24.63;;;;515;04/06/2023;18:50:42;24.55;;;;
516;04/06/2023;18:48:59;24.6;;;;516;04/06/2023;18:50:14;24.62;;;;516;04/06/2023;18:50:57;24.55;;;;
517;04/06/2023;18:49:14;24.63;;;;517;04/06/2023;18:50:29;24.62;Synchronized;;;517;04/06/2023;18:51:12;24.55;;;;
518;04/06/2023;18:49:29;24.61;;;;518;04/06/2023;18:50:44;24.63;;;;518;04/06/2023;18:51:27;24.55;;;;
519;04/06/2023;18:49:44;24.59;;;;519;04/06/2023;18:50:59;24.61;;;;519;04/06/2023;18:51:42;24.56;;;;
520;04/06/2023;18:49:59;24.62;;;;520;04/06/2023;18:51:14;24.62;;;;520;04/06/2023;18:51:57;24.53;Synchronized;;;
521;04/06/2023;18:50:14;24.59;;;;521;04/06/2023;18:51:29;24.63;;;;521;04/06/2023;18:52:12;24.56;;;;
522;04/06/2023;18:50:29;24.61;;;;522;04/06/2023;18:51:44;24.6;;;;522;04/06/2023;18:52:27;24.58;;;;
523;04/06/2023;18:50:44;24.61;;;;523;04/06/2023;18:51:59;24.62;;;;523;04/06/2023;18:52:42;24.55;Synchronized;;;
524;04/06/2023;18:50:59;24.6;;;;524;04/06/2023;18:52:14;24.6;;;;524;04/06/2023;18:52:57;24.54;;;;
525;04/06/2023;18:51:14;24.6;;;;525;04/06/2023;18:52:30;24.6;;;;525;04/06/2023;18:53:12;24.55;;;;
526;04/06/2023;18:51:29;24.61;;;;526;04/06/2023;18:52:45;24.61;;;;526;04/06/2023;18:53:27;24.57;;;;
527;04/06/2023;18:51:44;24.6;;;;527;04/06/2023;18:53:00;24.63;;;;527;04/06/2023;18:53:42;24.55;;;;
528;04/06/2023;18:51:59;24.6;;;;528;04/06/2023;18:53:15;24.59;;;;528;04/06/2023;18:53:57;24.55;;;;
529;04/06/2023;18:52:14;24.6;;;;529;04/06/2023;18:53:30;24.61;Synchronized;;;529;04/06/2023;18:54:12;24.55;;;;
530;04/06/2023;18:52:29;24.59;;;;530;04/06/2023;18:53:45;24.62;;;;530;04/06/2023;18:54:27;24.55;;;;
531;04/06/2023;18:52:44;24.61;;;;531;04/06/2023;18:54:00;24.63;;;;531;04/06/2023;18:54:42;24.55;;;;
532;04/06/2023;18:52:59;24.59;;;;532;04/06/2023;18:54:15;24.59;;;;532;04/06/2023;18:54:57;24.55;;;;
533;04/06/2023;18:53:14;24.61;;;;533;04/06/2023;18:54:30;24.6;;;;533;04/06/2023;18:55:12;24.58;;;;
534;04/06/2023;18:53:29;24.59;;;;534;04/06/2023;18:54:45;24.62;;;;534;04/06/2023;18:55:27;24.55;;;;
535;04/06/2023;18:53:44;24.61;;;;535;04/06/2023;18:55:00;24.6;;;;535;04/06/2023;18:55:42;24.55;;;;
536;04/06/2023;18:53:59;24.6;;;;536;04/06/2023;18:55:15;24.61;;;;536;04/06/2023;18:55:57;24.55;;;;
537;04/06/2023;18:54:14;24.6;;;;537;04/06/2023;18:55:30;24.61;;;;537;04/06/2023;18:56:12;24.55;;;;
538;04/06/2023;18:54:29;24.61;;;;538;04/06/2023;18:55:45;24.62;;;;538;04/06/2023;18:56:27;24.55;;;;
539;04/06/2023;18:54:44;24.61;;;;539;04/06/2023;18:56:00;24.6;;;;539;04/06/2023;18:56:42;24.55;;;;
540;04/06/2023;18:54:59;24.61;;;;540;04/06/2023;18:56:15;24.61;;;;540;04/06/2023;18:56:57;24.56;;;;
541;04/06/2023;18:55:14;24.59;;;;541;04/06/2023;18:56:30;24.62;;;;541;04/06/2023;18:57:12;24.56;;;;
542;04/06/2023;18:55:29;24.61;;;;542;04/06/2023;18:56:45;24.61;;;;542;04/06/2023;18:57:27;24.55;;;;
543;04/06/2023;18:55:44;24.59;;;;543;04/06/2023;18:57:00;24.62;;;;543;04/06/2023;18:57:42;24.54;;;;
544;04/06/2023;18:55:59;24.62;;;;544;04/06/2023;18:57:15;24.6;;;;544;04/06/2023;18:57:57;24.55;;;;
545;04/06/2023;18:56:14;24.6;;;;545;04/06/2023;18:57:30;24.6;;;;545;04/06/2023;18:58:12;24.55;;;;
546;04/06/2023;18:56:29;24.61;;;;546;04/06/2023;18:57:45;24.61;;;;546;04/06/2023;18:58:27;24.54;;;;
547;04/06/2023;18:56:44;24.6;;;;547;04/06/2023;18:58:00;24.6;;;;547;04/06/2023;18:58:42;24.55;;;;
548;04/06/2023;18:56:59;24.6;;;;548;04/06/2023;18:58:16;24.6;;;;548;04/06/2023;18:58:57;24.55;;;;
549;04/06/2023;18:57:14;24.59;;;;549;04/06/2023;18:58:31;24.62;;;;549;04/06/2023;18:59:12;24.54;;;;
550;04/06/2023;18:57:29;24.59;;;;550;04/06/2023;18:58:46;24.6;;;;550;04/06/2023;18:59:27;24.54;;;;
551;04/06/2023;18:57:44;24.58;;;;551;04/06/2023;18:59:01;24.62;;;;551;04/06/2023;18:59:42;24.56;;;;
552;04/06/2023;18:57:59;;Missing data;;;552;04/06/2023;18:59:16;24.61;;;;552;04/06/2023;18:59:57;24.55;;;;
553;04/06/2023;18:58:14;24.59;;;;553;04/06/2023;18:59:31;24.6;;;;553;04/06/2023;19:00:12;24.54;;;;
554;04/06/2023;18:58:29;24.58;;;;554;04/06/2023;18:59:46;24.59;;;;554;04/06/2023;19:00:27;24.54;;;;
555;04/06/2023;18:58:44;24.59;;;;555;04/06/2023;19:00:01;24.59;;;;555;04/06/2023;19:00:42;24.55;;;;
556;04/06/2023;18:58:59;24.59;;;;556;04/06/2023;19:00:16;24.6;;;;556;04/06/2023;19:00:57;24.56;;;;
557;04/06/2023;18:59:14;24.6;;;;557;04/06/2023;19:00:31;24.6;;;;557;04/06/2023;19:01:12;24.52;;;;
558;04/06/2023;18:59:29;24.58;;;;558;04/06/2023;19:00:46;24.61;;;;558;04/06/2023;19:01:27;24.55;;;;
559;04/06/2023;18:59:44;24.59;;;;559;04/06/2023;19:01:01;24.6;;;;559;04/06/2023;19:01:42;24.53;;;;
560;04/06/2023;18:59:59;24.59;;;;560;04/06/2023;19:01:16;24.6;;;;560;04/06/2023;19:01:57;24.54;;;;
561;04/06/2023;19:00:14;24.59;;;;561;04/06/2023;19:01:31;24.59;;;;561;04/06/2023;19:02:12;24.53;;;;
562;04/06/2023;19:00:29;24.59;;;;562;04/06/2023;19:01:46;24.59;;;;562;04/06/2023;19:02:27;24.54;;;;
563;04/06/2023;19:00:44;24.59;;;;563;04/06/2023;19:02:01;24.59;;;;563;04/06/2023;19:02:42;24.54;;;;
564;04/06/2023;19:00:59;24.59;;;;564;04/06/2023;19:02:16;24.58;;;;564;04/06/2023;19:02:57;24.55;;;;
565;04/06/2023;19:01:14;24.58;;;;565;04/06/2023;19:02:31;24.59;;;;565;04/06/2023;19:03:12;24.54;;;;
566;04/06/2023;19:01:29;24.59;;;;566;04/06/2023;19:02:46;24.59;;;;566;04/06/2023;19:03:27;24.55;;;;
567;04/06/2023;19:01:44;24.59;;;;567;04/06/2023;19:03:01;24.6;;;;567;04/06/2023;19:03:42;24.54;;;;
568;04/06/2023;19:01:59;24.59;;;;568;04/06/2023;19:03:16;24.58;;;;568;04/06/2023;19:03:57;24.54;;;;
569;04/06/2023;19:02:14;24.56;;;;569;04/06/2023;19:03:31;24.58;;;;569;04/06/2023;19:04:12;24.53;;;;
570;04/06/2023;19:02:29;24.58;;;;570;04/06/2023;19:03:47;24.59;;;;570;04/06/2023;19:04:27;24.54;;;;
571;04/06/2023;19:02:44;24.59;;;;571;04/06/2023;19:04:02;24.59;;;;571;04/06/2023;19:04:42;24.55;;;;
572;04/06/2023;19:02:59;24.59;;;;572;04/06/2023;19:04:17;24.58;;;;572;04/06/2023;19:04:57;24.52;;;;
573;04/06/2023;19:03:14;24.58;;;;573;04/06/2023;19:04:32;24.57;;;;573;04/06/2023;19:05:12;24.53;;;;
574;04/06/2023;19:03:29;24.56;;;;574;04/06/2023;19:04:47;24.58;;;;574;04/06/2023;19:05:27;24.53;;;;
575;04/06/2023;19:03:44;24.58;;;;575;04/06/2023;19:05:02;24.58;;;;575;04/06/2023;19:05:42;24.53;;;;
576;04/06/2023;19:03:59;24.58;;;;576;04/06/2023;19:05:17;24.58;;;;576;04/06/2023;19:05:57;24.55;;;;
577;04/06/2023;19:04:14;24.56;;;;577;04/06/2023;19:05:32;24.61;;;;577;04/06/2023;19:06:12;24.55;;;;
578;04/06/2023;19:04:29;24.57;;;;578;04/06/2023;19:05:47;24.59;;;;578;04/06/2023;19:06:27;24.52;;;;
579;04/06/2023;19:04:44;24.57;;;;579;04/06/2023;19:06:02;24.58;;;;579;04/06/2023;19:06:42;24.53;;;;
580;04/06/2023;19:04:59;24.58;;;;580;04/06/2023;19:06:17;24.56;;;;580;04/06/2023;19:06:57;24.52;;;;
581;04/06/2023;19:05:14;24.57;;;;581;04/06/2023;19:06:32;24.6;;;;581;04/06/2023;19:07:12;24.52;;;;
582;04/06/2023;19:05:29;24.56;;;;582;04/06/2023;19:06:47;24.57;;;;582;04/06/2023;19:07:27;24.53;;;;
583;04/06/2023;19:05:44;24.57;;;;583;04/06/2023;19:07:02;24.56;;;;583;04/06/2023;19:07:42;24.53;;;;
584;04/06/2023;19:05:59;24.58;;;;584;04/06/2023;19:07:17;24.57;;;;584;04/06/2023;19:07:57;24.5;;;;
585;04/06/2023;19:06:14;24.56;;;;585;04/06/2023;19:07:32;24.57;;;;585;04/06/2023;19:08:12;24.52;;;;
586;04/06/2023;19:06:29;24.56;;;;586;04/06/2023;19:07:47;24.57;;;;586;04/06/2023;19:08:27;24.53;;;;
587;04/06/2023;19:06:44;24.58;;;;587;04/06/2023;19:08:02;24.58;;;;587;04/06/2023;19:08:42;24.5;;;;
588;04/06/2023;19:06:59;24.58;;;;588;04/06/2023;19:08:17;24.57;;;;588;04/06/2023;19:08:57;24.51;;;;
589;04/06/2023;19:07:14;24.58;;;;589;04/06/2023;19:08:32;24.56;;;;589;04/06/2023;19:09:12;24.51;;;;
590;04/06/2023;19:07:29;24.57;;;;590;04/06/2023;19:08:47;24.55;;;;590;04/06/2023;19:09:27;24.51;;;;
591;04/06/2023;19:07:44;24.58;;;;591;04/06/2023;19:09:02;24.56;;;;591;04/06/2023;19:09:42;24.52;;;;
592;04/06/2023;19:07:59;24.56;;;;592;04/06/2023;19:09:17;24.57;;;;592;04/06/2023;19:09:57;24.52;;;;
593;04/06/2023;19:08:14;24.56;;;;593;04/06/2023;19:09:32;24.56;;;;593;04/06/2023;19:10:12;24.52;;;;
594;04/06/2023;19:08:29;24.55;;;;594;04/06/2023;19:09:47;24.57;;;;594;04/06/2023;19:10:27;24.52;;;;
595;04/06/2023;19:08:44;24.55;;;;595;04/06/2023;19:10:02;24.55;;;;595;04/06/2023;19:10:42;24.5;;;;
596;04/06/2023;19:08:59;24.55;;;;596;04/06/2023;19:10:18;24.55;;;;596;04/06/2023;19:10:57;24.51;;;;
597;04/06/2023;19:09:14;24.54;;;;597;04/06/2023;19:10:33;24.56;;;;597;04/06/2023;19:11:12;24.51;;;;
598;04/06/2023;19:09:29;24.56;;;;598;04/06/2023;19:10:48;24.57;;;;598;04/06/2023;19:11:27;24.51;;;;
599;04/06/2023;19:09:44;24.56;;;;599;04/06/2023;19:11:03;24.56;;;;599;04/06/2023;19:11:42;24.52;;;;
600;04/06/2023;19:09:59;24.55;;;;600;04/06/2023;19:11:18;24.56;;;;600;04/06/2023;19:11:57;24.5;;;;
601;04/06/2023;19:10:14;24.55;;;;601;04/06/2023;19:11:33;24.55;;;;601;04/06/2023;19:12:12;24.52;;;;
602;04/06/2023;19:10:29;24.55;;;;602;04/06/2023;19:11:48;24.55;;;;602;04/06/2023;19:12:27;24.5;;;;
603;04/06/2023;19:10:44;24.55;;;;603;04/06/2023;19:12:03;24.57;;;;603;04/06/2023;19:12:42;24.51;;;;
604;04/06/2023;19:10:59;24.55;;;;604;04/06/2023;19:12:18;24.58;;;;604;04/06/2023;19:12:57;24.52;;;;
605;04/06/2023;19:11:14;24.56;;;;605;04/06/2023;19:12:33;24.55;;;;605;04/06/2023;19:13:12;24.49;;;;
606;04/06/2023;19:11:29;24.54;;;;606;04/06/2023;19:12:48;24.57;;;;606;04/06/2023;19:13:27;24.49;;;;
607;04/06/2023;19:11:44;24.56;;;;607;04/06/2023;19:13:03;24.58;;;;607;04/06/2023;19:13:42;24.51;;;;
608;04/06/2023;19:11:59;24.55;;;;608;04/06/2023;19:13:18;24.55;;;;608;04/06/2023;19:13:57;24.51;;;;
609;04/06/2023;19:12:14;24.56;;;;609;04/06/2023;19:13:33;24.57;;;;609;04/06/2023;19:14:12;24.51;;;;
610;04/06/2023;19:12:29;24.55;;;;610;04/06/2023;19:13:48;24.55;;;;610;04/06/2023;19:14:27;24.51;;;;
611;04/06/2023;19:12:44;24.55;;;;611;04/06/2023;19:14:03;24.58;;;;611;04/06/2023;19:14:42;24.51;;;;
612;04/06/2023;19:12:59;24.55;;;;612;04/06/2023;19:14:18;24.56;;;;612;04/06/2023;19:14:57;24.51;;;;
613;04/06/2023;19:13:14;24.55;;;;613;04/06/2023;19:14:33;24.55;;;;613;04/06/2023;19:15:12;24.52;;;;
614;04/06/2023;19:13:29;24.55;;;;614;04/06/2023;19:14:48;24.56;Synchronized;;;614;04/06/2023;19:15:27;24.5;;;;
615;04/06/2023;19:13:44;24.54;;;;615;04/06/2023;19:15:03;24.55;;;;615;04/06/2023;19:15:42;24.49;;;;
616;04/06/2023;19:13:59;24.55;;;;616;04/06/2023;19:15:18;24.57;;;;616;04/06/2023;19:15:57;24.49;;;;
617;04/06/2023;19:14:15;24.55;;;;617;04/06/2023;19:15:33;24.56;;;;617;04/06/2023;19:16:12;24.5;;;;
618;04/06/2023;19:14:30;24.55;;;;618;04/06/2023;19:15:48;24.55;;;;618;04/06/2023;19:16:27;24.5;;;;
619;04/06/2023;19:14:45;24.54;;;;619;04/06/2023;19:16:04;24.55;;;;619;04/06/2023;19:16:42;24.51;;;;
620;04/06/2023;19:15:00;24.55;;;;620;04/06/2023;19:16:19;24.54;;;;620;04/06/2023;19:16:57;24.52;;;;
621;04/06/2023;19:15:15;24.55;;;;621;04/06/2023;19:16:34;24.55;;;;621;04/06/2023;19:17:12;24.5;;;;
622;04/06/2023;19:15:30;24.55;;;;622;04/06/2023;19:16:49;24.55;;;;622;04/06/2023;19:17:27;24.49;;;;
623;04/06/2023;19:15:45;24.56;;;;623;04/06/2023;19:17:04;24.55;;;;623;04/06/2023;19:17:42;24.49;;;;
624;04/06/2023;19:16:00;24.55;;;;624;04/06/2023;19:17:19;24.56;;;;624;04/06/2023;19:17:57;24.5;;;;
625;04/06/2023;19:16:15;24.54;;;;625;04/06/2023;19:17:34;24.56;;;;625;04/06/2023;19:18:12;24.5;;;;
626;04/06/2023;19:16:30;24.54;;;;626;04/06/2023;19:17:49;24.56;;;;626;04/06/2023;19:18:27;24.51;;;;
627;04/06/2023;19:16:45;24.55;;;;627;04/06/2023;19:18:04;24.55;;;;627;04/06/2023;19:18:42;24.5;Synchronized;;;
628;04/06/2023;19:17:00;24.55;;;;628;04/06/2023;19:18:19;24.56;;;;628;04/06/2023;19:18:57;24.5;;;;
629;04/06/2023;19:17:15;24.55;;;;629;04/06/2023;19:18:34;24.55;;;;629;04/06/2023;19:19:12;24.48;;;;
630;04/06/2023;19:17:30;24.54;;;;630;04/06/2023;19:18:49;24.55;;;;630;04/06/2023;19:19:27;24.52;;;;
631;04/06/2023;19:17:45;24.53;;;;631;04/06/2023;19:19:04;24.55;;;;631;04/06/2023;19:19:42;24.51;;;;
632;04/06/2023;19:18:00;24.55;;;;632;04/06/2023;19:19:19;24.55;;;;632;04/06/2023;19:19:57;24.49;;;;
633;04/06/2023;19:18:15;24.54;;;;633;04/06/2023;19:19:34;24.55;;;;633;04/06/2023;19:20:12;24.5;;;;
634;04/06/2023;19:18:30;24.55;;;;634;04/06/2023;19:19:49;24.55;;;;634;04/06/2023;19:20:27;24.51;;;;
635;04/06/2023;19:18:45;24.53;;;;635;04/06/2023;19:20:04;24.56;;;;635;04/06/2023;19:20:42;24.5;;;;
636;04/06/2023;19:19:00;24.55;;;;636;04/06/2023;19:20:19;24.55;;;;636;04/06/2023;19:20:57;24.49;;;;
637;04/06/2023;19:19:15;24.54;;;;637;04/06/2023;19:20:34;24.55;;;;637;04/06/2023;19:21:12;24.48;;;;
638;04/06/2023;19:19:30;24.53;;;;638;04/06/2023;19:20:49;24.55;;;;638;04/06/2023;19:21:27;24.49;Synchronized;;;
639;04/06/2023;19:19:45;24.55;;;;639;04/06/2023;19:21:04;24.54;;;;639;04/06/2023;19:21:42;24.51;;;;
640;04/06/2023;19:20:00;24.55;;;;640;04/06/2023;19:21:19;24.55;;;;640;04/06/2023;19:21:57;24.53;;;;
641;04/06/2023;19:20:15;24.54;;;;641;04/06/2023;19:21:34;24.55;;;;641;04/06/2023;19:22:12;24.49;;;;
642;04/06/2023;19:20:30;24.52;;;;642;04/06/2023;19:21:50;24.54;;;;642;04/06/2023;19:22:27;24.51;;;;
643;04/06/2023;19:20:45;24.53;;;;643;04/06/2023;19:22:05;24.54;;;;643;04/06/2023;19:22:42;24.51;;;;
644;04/06/2023;19:21:00;24.55;;;;644;04/06/2023;19:22:20;24.54;;;;644;04/06/2023;19:22:57;24.52;;;;
645;04/06/2023;19:21:15;24.53;;;;645;04/06/2023;19:22:35;24.54;;;;645;04/06/2023;19:23:11;24.52;;;;
646;04/06/2023;19:21:30;24.55;;;;646;04/06/2023;19:22:50;24.56;;;;646;04/06/2023;19:23:26;24.51;;;;
647;04/06/2023;19:21:45;24.53;;;;647;04/06/2023;19:23:05;24.55;;;;647;04/06/2023;19:23:42;24.51;;;;
648;04/06/2023;19:22:00;24.54;;;;648;04/06/2023;19:23:20;24.55;;;;648;04/06/2023;19:23:57;24.5;;;;
649;04/06/2023;19:22:15;24.54;;;;649;04/06/2023;19:23:35;24.54;;;;649;04/06/2023;19:24:12;24.52;;;;
650;04/06/2023;19:22:30;24.55;;;;650;04/06/2023;19:23:50;24.56;;;;650;04/06/2023;19:24:27;24.5;;;;
651;04/06/2023;19:22:45;24.53;;;;651;04/06/2023;19:24:05;24.54;;;;651;04/06/2023;19:24:42;24.53;;;;
652;04/06/2023;19:23:00;24.55;;;;652;04/06/2023;19:24:20;24.55;;;;652;04/06/2023;19:24:56;24.5;;;;
653;04/06/2023;19:23:15;24.55;;;;653;04/06/2023;19:24:35;24.55;;;;653;04/06/2023;19:25:11;24.51;;;;
654;04/06/2023;19:23:30;24.54;;;;654;04/06/2023;19:24:50;24.55;;;;654;04/06/2023;19:25:26;24.51;;;;
655;04/06/2023;19:23:45;24.52;;;;655;04/06/2023;19:25:05;24.55;;;;655;04/06/2023;19:25:41;24.5;Synchronized;;;
656;04/06/2023;19:24:00;24.53;;;;656;04/06/2023;19:25:20;24.55;;;;656;04/06/2023;19:25:56;24.51;;;;
657;04/06/2023;19:24:15;24.53;;;;657;04/06/2023;19:25:35;24.54;;;;657;04/06/2023;19:26:11;24.5;;;;
658;04/06/2023;19:24:30;24.54;;;;658;04/06/2023;19:25:50;24.55;;;;658;04/06/2023;19:26:26;24.52;;;;
659;04/06/2023;19:24:45;24.55;;;;659;04/06/2023;19:26:05;24.55;;;;659;04/06/2023;19:26:41;24.5;;;;
660;04/06/2023;19:25:00;24.54;;;;660;04/06/2023;19:26:20;24.55;;;;660;04/06/2023;19:26:56;24.52;;;;
661;04/06/2023;19:25:15;24.54;;;;661;04/06/2023;19:26:35;24.54;;;;661;04/06/2023;19:27:11;24.49;;;;
662;04/06/2023;19:25:30;24.53;;;;662;04/06/2023;19:26:50;24.54;;;;662;04/06/2023;19:27:26;24.51;;;;
663;04/06/2023;19:25:45;24.5;;;;663;04/06/2023;19:27:05;24.54;;;;663;04/06/2023;19:27:41;24.5;;;;
664;04/06/2023;19:26:00;24.53;;;;664;04/06/2023;19:27:21;24.54;;;;664;04/06/2023;19:27:56;24.49;;;;
665;04/06/2023;19:26:15;24.53;;;;665;04/06/2023;19:27:36;24.55;;;;665;04/06/2023;19:28:11;24.49;;;;
666;04/06/2023;19:26:30;24.52;;;;666;04/06/2023;19:27:51;24.55;;;;666;04/06/2023;19:28:26;24.49;;;;
667;04/06/2023;19:26:45;24.54;;;;667;04/06/2023;19:28:06;24.55;;;;667;04/06/2023;19:28:41;24.49;;;;
668;04/06/2023;19:27:00;24.54;;;;668;04/06/2023;19:28:21;24.56;;;;668;04/06/2023;19:28:56;24.5;;;;
669;04/06/2023;19:27:15;24.53;;;;669;04/06/2023;19:28:36;24.53;;;;669;04/06/2023;19:29:11;24.49;;;;
670;04/06/2023;19:27:30;24.52;;;;670;04/06/2023;19:28:51;24.54;;;;670;04/06/2023;19:29:26;24.49;;;;
671;04/06/2023;19:27:45;24.53;;;;671;04/06/2023;19:29:06;24.55;;;;671;04/06/2023;19:29:41;24.49;;;;
672;04/06/2023;19:28:00;24.52;;;;672;04/06/2023;19:29:21;24.55;;;;672;04/06/2023;19:29:56;24.48;;;;
673;04/06/2023;19:28:15;24.55;;;;673;04/06/2023;19:29:36;24.52;;;;673;04/06/2023;19:30:11;24.49;;;;
674;04/06/2023;19:28:30;24.53;;;;674;04/06/2023;19:29:51;24.54;;;;674;04/06/2023;19:30:26;24.48;;;;
675;04/06/2023;19:28:45;24.52;;;;675;04/06/2023;19:30:06;24.54;;;;675;04/06/2023;19:30:41;24.48;;;;
676;04/06/2023;19:29:00;24.52;;;;676;04/06/2023;19:30:21;24.54;;;;676;04/06/2023;19:30:56;24.49;;;;
677;04/06/2023;19:29:15;24.52;;;;677;04/06/2023;19:30:36;24.55;;;;677;04/06/2023;19:31:11;24.48;;;;
678;04/06/2023;19:29:30;24.52;;;;678;04/06/2023;19:30:51;24.52;;;;678;04/06/2023;19:31:26;24.48;;;;
679;04/06/2023;19:29:45;24.54;;;;679;04/06/2023;19:31:06;24.52;;;;679;04/06/2023;19:31:41;24.52;;;;
680;04/06/2023;19:30:00;24.52;;;;680;04/06/2023;19:31:21;24.53;;;;680;04/06/2023;19:31:56;24.48;;;;
681;04/06/2023;19:30:15;24.52;;;;681;04/06/2023;19:31:36;24.53;;;;681;04/06/2023;19:32:11;24.48;;;;
682;04/06/2023;19:30:30;24.52;;;;682;04/06/2023;19:31:51;24.54;;;;682;04/06/2023;19:32:26;24.48;;;;
683;04/06/2023;19:30:45;24.52;;;;683;04/06/2023;19:32:06;24.54;;;;683;04/06/2023;19:32:41;24.48;;;;
684;04/06/2023;19:31:00;24.54;;;;684;04/06/2023;19:32:21;24.54;;;;684;04/06/2023;19:32:56;24.48;;;;
685;04/06/2023;19:31:15;24.52;;;;685;04/06/2023;19:32:37;24.52;;;;685;04/06/2023;19:33:11;24.48;;;;
686;04/06/2023;19:31:30;24.52;;;;686;04/06/2023;19:32:52;24.53;;;;686;04/06/2023;19:33:26;24.48;;;;
687;04/06/2023;19:31:45;24.55;;;;687;04/06/2023;19:33:07;24.52;;;;687;04/06/2023;19:33:41;24.48;;;;
688;04/06/2023;19:32:00;24.49;;;;688;04/06/2023;19:33:22;24.51;;;;688;04/06/2023;19:33:56;24.47;;;;
689;04/06/2023;19:32:15;24.5;;;;689;04/06/2023;19:33:37;24.53;;;;689;04/06/2023;19:34:11;24.47;;;;
690;04/06/2023;19:32:30;24.49;;;;690;04/06/2023;19:33:52;24.52;;;;690;04/06/2023;19:34:26;24.46;;;;
691;04/06/2023;19:32:45;24.53;;;;691;04/06/2023;19:34:07;24.52;;;;691;04/06/2023;19:34:41;24.48;;;;
692;04/06/2023;19:33:00;24.52;;;;692;04/06/2023;19:34:22;24.55;;;;692;04/06/2023;19:34:56;24.46;;;;
693;04/06/2023;19:33:15;24.52;;;;693;04/06/2023;19:34:37;24.51;;;;693;04/06/2023;19:35:11;24.47;;;;
694;04/06/2023;19:33:30;24.5;;;;694;04/06/2023;19:34:52;24.51;;;;694;04/06/2023;19:35:26;24.49;;;;
695;04/06/2023;19:33:45;24.49;;;;695;04/06/2023;19:35:07;24.52;;;;695;04/06/2023;19:35:41;24.48;;;;
696;04/06/2023;19:34:00;24.5;;;;696;04/06/2023;19:35:22;24.52;;;;696;04/06/2023;19:35:56;24.46;;;;
697;04/06/2023;19:34:15;24.48;;;;697;04/06/2023;19:35:37;24.54;;;;697;04/06/2023;19:36:11;24.48;;;;
698;04/06/2023;19:34:30;24.49;;;;698;04/06/2023;19:35:52;24.52;;;;698;04/06/2023;19:36:26;24.48;;;;
699;04/06/2023;19:34:45;24.5;;;;699;04/06/2023;19:36:07;24.53;;;;699;04/06/2023;19:36:41;24.48;;;;
700;04/06/2023;19:35:00;24.5;;;;700;04/06/2023;19:36:22;24.52;;;;700;04/06/2023;19:36:56;24.48;;;;
701;04/06/2023;19:35:15;24.49;;;;701;04/06/2023;19:36:37;24.52;;;;701;04/06/2023;19:37:11;24.47;;;;
702;04/06/2023;19:35:30;24.48;;;;702;04/06/2023;19:36:52;24.52;;;;702;04/06/2023;19:37:26;24.49;;;;
703;04/06/2023;19:35:45;24.52;;;;703;04/06/2023;19:37:07;24.52;;;;703;04/06/2023;19:37:41;24.48;;;;
704;04/06/2023;19:36:00;24.49;;;;704;04/06/2023;19:37:22;24.49;;;;704;04/06/2023;19:37:56;24.47;;;;
705;04/06/2023;19:36:15;24.5;;;;705;04/06/2023;19:37:37;24.53;;;;705;04/06/2023;19:38:11;24.47;;;;
706;04/06/2023;19:36:30;24.5;;;;706;04/06/2023;19:37:52;24.52;;;;706;04/06/2023;19:38:26;24.47;;;;
707;04/06/2023;19:36:45;24.49;;;;707;04/06/2023;19:38:08;24.51;;;;707;04/06/2023;19:38:41;24.45;;;;
708;04/06/2023;19:37:00;24.5;;;;708;04/06/2023;19:38:23;24.52;;;;708;04/06/2023;19:38:56;24.48;;;;
709;04/06/2023;19:37:15;24.52;;;;709;04/06/2023;19:38:38;24.52;;;;709;04/06/2023;19:39:11;24.47;;;;
710;04/06/2023;19:37:30;24.49;;;;710;04/06/2023;19:38:53;24.53;;;;710;04/06/2023;19:39:26;24.48;;;;
711;04/06/2023;19:37:45;24.48;;;;711;04/06/2023;19:39:08;24.52;;;;711;04/06/2023;19:39:41;24.47;;;;
712;04/06/2023;19:38:00;24.48;;;;712;04/06/2023;19:39:23;24.52;;;;712;04/06/2023;19:39:56;24.45;;;;
713;04/06/2023;19:38:15;24.48;;;;713;04/06/2023;19:39:38;24.52;;;;713;04/06/2023;19:40:11;24.47;;;;
714;04/06/2023;19:38:30;24.49;;;;714;04/06/2023;19:39:53;24.5;;;;714;04/06/2023;19:40:26;24.46;;;;
715;04/06/2023;19:38:45;24.52;;;;715;04/06/2023;19:40:08;24.51;;;;715;04/06/2023;19:40:41;24.45;;;;
716;04/06/2023;19:39:00;24.49;;;;716;04/06/2023;19:40:23;24.53;;;;716;04/06/2023;19:40:56;24.46;Synchronized;;;
717;04/06/2023;19:39:15;24.49;;;;717;04/06/2023;19:40:38;24.52;;;;717;04/06/2023;19:41:11;24.46;;;;
718;04/06/2023;19:39:30;24.48;;;;718;04/06/2023;19:40:53;24.5;;;;718;04/06/2023;19:41:26;24.46;;;;
719;04/06/2023;19:39:45;24.49;;;;719;04/06/2023;19:41:08;24.52;;;;719;04/06/2023;19:41:41;24.47;;;;
720;04/06/2023;19:40:00;24.49;;;;720;04/06/2023;19:41:23;24.49;;;;720;04/06/2023;19:41:56;24.46;;;;
721;04/06/2023;19:40:15;24.48;;;;721;04/06/2023;19:41:38;24.52;;;;721;04/06/2023;19:42:11;24.46;;;;
722;04/06/2023;19:40:30;24.48;;;;722;04/06/2023;19:41:53;24.51;;;;722;04/06/2023;19:42:26;24.47;;;;
723;04/06/2023;19:40:45;24.48;;;;723;04/06/2023;19:42:08;24.5;;;;723;04/06/2023;19:42:41;24.46;;;;
724;04/06/2023;19:41:00;24.48;;;;724;04/06/2023;19:42:23;24.52;;;;724;04/06/2023;19:42:56;24.48;;;;
725;04/06/2023;19:41:15;24.5;;;;725;04/06/2023;19:42:38;24.49;;;;725;04/06/2023;19:43:11;24.46;;;;
726;04/06/2023;19:41:30;24.49;;;;726;04/06/2023;19:42:53;24.51;;;;726;04/06/2023;19:43:26;24.45;;;;
727;04/06/2023;19:41:45;24.5;;;;727;04/06/2023;19:43:08;24.5;;;;727;04/06/2023;19:43:41;24.46;;;;
728;04/06/2023;19:42:00;24.49;;;;728;04/06/2023;19:43:23;24.52;;;;728;04/06/2023;19:43:56;24.45;;;;
729;04/06/2023;19:42:15;24.48;;;;729;04/06/2023;19:43:38;24.52;;;;729;04/06/2023;19:44:11;24.46;;;;
730;04/06/2023;19:42:30;24.48;;;;730;04/06/2023;19:43:53;24.51;;;;730;04/06/2023;19:44:26;24.47;;;;
731;04/06/2023;19:42:45;24.48;;;;731;04/06/2023;19:44:08;24.51;;;;731;04/06/2023;19:44:41;24.46;;;;
732;04/06/2023;19:43:00;24.49;;;;732;04/06/2023;19:44:24;24.5;;;;732;04/06/2023;19:44:56;24.45;;;;
733;04/06/2023;19:43:15;24.47;;;;733;04/06/2023;19:44:39;24.49;;;;733;04/06/2023;19:45:11;24.47;;;;
734;04/06/2023;19:43:30;24.49;;;;734;04/06/2023;19:44:54;24.5;;;;734;04/06/2023;19:45:26;24.45;;;;
735;04/06/2023;19:43:45;24.48;;;;735;04/06/2023;19:45:09;24.5;;;;735;04/06/2023;19:45:41;24.46;;;;
736;04/06/2023;19:44:00;24.49;;;;736;04/06/2023;19:45:24;24.5;;;;736;04/06/2023;19:45:56;24.45;;;;
737;04/06/2023;19:44:15;24.47;;;;737;04/06/2023;19:45:39;24.5;;;;737;04/06/2023;19:46:11;24.45;;;;
738;04/06/2023;19:44:30;24.49;;;;738;04/06/2023;19:45:54;24.51;;;;738;04/06/2023;19:46:26;24.45;;;;
739;04/06/2023;19:44:45;24.48;;;;739;04/06/2023;19:46:09;24.52;;;;739;04/06/2023;19:46:41;24.46;;;;
740;04/06/2023;19:45:00;24.45;;;;740;04/06/2023;19:46:24;24.51;Synchronized;;;740;04/06/2023;19:46:56;24.45;;;;
741;04/06/2023;19:45:15;24.47;;;;741;04/06/2023;19:46:39;24.5;;;;741;04/06/2023;19:47:11;24.45;;;;
742;04/06/2023;19:45:30;24.48;;;;742;04/06/2023;19:46:54;24.5;;;;742;04/06/2023;19:47:26;24.45;;;;
743;04/06/2023;19:45:45;24.47;;;;743;04/06/2023;19:47:09;24.49;;;;743;04/06/2023;19:47:41;24.45;;;;
744;04/06/2023;19:46:00;24.46;;;;744;04/06/2023;19:47:24;24.47;;;;744;04/06/2023;19:47:56;24.46;;;;
745;04/06/2023;19:46:15;24.47;;;;745;04/06/2023;19:47:39;24.47;;;;745;04/06/2023;19:48:11;24.45;;;;
746;04/06/2023;19:46:30;24.47;;;;746;04/06/2023;19:47:54;24.52;;;;746;04/06/2023;19:48:26;24.45;;;;
747;04/06/2023;19:46:45;24.46;;;;747;04/06/2023;19:48:09;24.49;;;;747;04/06/2023;19:48:41;24.45;;;;
748;04/06/2023;19:47:00;24.46;;;;748;04/06/2023;19:48:24;24.5;;;;748;04/06/2023;19:48:56;24.45;;;;
749;04/06/2023;19:47:15;24.47;;;;749;04/06/2023;19:48:39;24.5;;;;749;04/06/2023;19:49:11;24.45;;;;
750;04/06/2023;19:47:30;24.48;;;;750;04/06/2023;19:48:54;24.5;;;;750;04/06/2023;19:49:26;24.45;;;;
751;04/06/2023;19:47:45;24.48;;;;751;04/06/2023;19:49:09;24.5;;;;751;04/06/2023;19:49:41;24.47;;;;
752;04/06/2023;19:48:00;24.47;;;;752;04/06/2023;19:49:24;24.49;;;;752;04/06/2023;19:49:56;24.45;;;;
753;04/06/2023;19:48:15;24.47;;;;753;04/06/2023;19:49:39;24.5;;;;753;04/06/2023;19:50:11;24.44;Synchronized;;;
754;04/06/2023;19:48:30;;Missing data;;;754;04/06/2023;19:49:54;24.49;;;;754;04/06/2023;19:50:26;24.45;;;;
755;04/06/2023;19:48:45;24.46;;;;755;04/06/2023;19:50:09;24.5;;;;755;04/06/2023;19:50:41;24.44;;;;
756;04/06/2023;19:49:00;24.46;;;;756;04/06/2023;19:50:24;24.48;;;;756;04/06/2023;19:50:56;24.45;;;;
757;04/06/2023;19:49:15;24.45;;;;757;04/06/2023;19:50:39;24.49;;;;757;04/06/2023;19:51:11;24.44;;;;
758;04/06/2023;19:49:30;24.48;;;;758;04/06/2023;19:50:54;24.47;;;;758;04/06/2023;19:51:26;24.44;;;;
759;04/06/2023;19:49:45;24.48;;;;759;04/06/2023;19:51:09;24.49;;;;759;04/06/2023;19:51:41;24.43;;;;
760;04/06/2023;19:50:00;24.47;;;;760;04/06/2023;19:51:24;24.49;;;;760;04/06/2023;19:51:56;24.45;;;;
761;04/06/2023;19:50:15;24.48;;;;761;04/06/2023;19:51:39;24.49;;;;761;04/06/2023;19:52:11;24.45;;;;
762;04/06/2023;19:50:30;24.46;;;;762;04/06/2023;19:51:55;24.5;;;;762;04/06/2023;19:52:26;24.44;;;;
763;04/06/2023;19:50:45;24.46;;;;763;04/06/2023;19:52:10;24.48;;;;763;04/06/2023;19:52:41;24.45;;;;
764;04/06/2023;19:51:00;24.45;;;;764;04/06/2023;19:52:25;24.48;;;;764;04/06/2023;19:52:56;24.45;;;;
765;04/06/2023;19:51:15;24.47;;;;765;04/06/2023;19:52:40;24.47;;;;765;04/06/2023;19:53:11;24.43;;;;
766;04/06/2023;19:51:30;24.48;;;;766;04/06/2023;19:52:55;24.49;;;;766;04/06/2023;19:53:26;24.44;;;;
767;04/06/2023;19:51:45;24.47;;;;767;04/06/2023;19:53:10;24.5;;;;767;04/06/2023;19:53:41;24.45;;;;
768;04/06/2023;19:52:00;24.46;;;;768;04/06/2023;19:53:25;24.48;;;;768;04/06/2023;19:53:56;24.45;;;;
769;04/06/2023;19:52:15;24.45;;;;769;04/06/2023;19:53:40;24.49;;;;769;04/06/2023;19:54:11;24.45;;;;
770;04/06/2023;19:52:30;;Missing data;;;770;04/06/2023;19:53:55;24.49;;;;770;04/06/2023;19:54:26;24.44;;;;
771;04/06/2023;19:52:45;24.46;;;;771;04/06/2023;19:54:10;24.48;;;;771;04/06/2023;19:54:41;24.43;;;;
772;04/06/2023;19:53:00;24.45;;;;772;04/06/2023;19:54:25;24.47;;;;772;04/06/2023;19:54:56;24.44;;;;
773;04/06/2023;19:53:15;24.43;;;;773;04/06/2023;19:54:40;24.49;;;;773;04/06/2023;19:55:11;24.42;;;;
774;04/06/2023;19:53:30;24.45;;;;774;04/06/2023;19:54:55;24.48;;;;774;04/06/2023;19:55:26;24.43;;;;
775;04/06/2023;19:53:45;24.45;;;;775;04/06/2023;19:55:10;24.48;;;;775;04/06/2023;19:55:41;24.44;;;;
776;04/06/2023;19:54:00;24.47;;;;776;04/06/2023;19:55:25;24.48;;;;776;04/06/2023;19:55:56;24.45;;;;
777;04/06/2023;19:54:15;24.45;;;;777;04/06/2023;19:55:40;24.5;;;;777;04/06/2023;19:56:11;24.44;;;;
778;04/06/2023;19:54:30;24.47;;;;778;04/06/2023;19:55:55;24.46;;;;778;04/06/2023;19:56:26;24.45;;;;
779;04/06/2023;19:54:45;24.48;;;;779;04/06/2023;19:56:10;24.48;;;;779;04/06/2023;19:56:41;24.45;;;;
780;04/06/2023;19:55:00;24.45;;;;780;04/06/2023;19:56:25;24.47;;;;780;04/06/2023;19:56:56;24.44;;;;
781;04/06/2023;19:55:15;24.45;;;;781;04/06/2023;19:56:40;24.46;;;;781;04/06/2023;19:57:11;24.43;;;;
782;04/06/2023;19:55:30;24.45;;;;782;04/06/2023;19:56:55;24.46;;;;782;04/06/2023;19:57:26;24.44;;;;
783;04/06/2023;19:55:45;24.45;;;;783;04/06/2023;19:57:10;24.48;;;;783;04/06/2023;19:57:41;24.43;;;;
784;04/06/2023;19:56:00;24.44;;;;784;04/06/2023;19:57:26;24.46;;;;784;04/06/2023;19:57:56;24.43;;;;
785;04/06/2023;19:56:15;24.45;;;;785;04/06/2023;19:57:41;24.49;;;;785;04/06/2023;19:58:11;24.43;;;;
786;04/06/2023;19:56:30;24.45;;;;786;04/06/2023;19:57:56;24.48;;;;786;04/06/2023;19:58:26;24.43;;;;
787;04/06/2023;19:56:45;24.43;;;;787;04/06/2023;19:58:11;24.47;;;;787;04/06/2023;19:58:41;24.44;;;;
788;04/06/2023;19:57:00;24.46;;;;788;04/06/2023;19:58:26;24.47;;;;788;04/06/2023;19:58:56;24.44;;;;
789;04/06/2023;19:57:15;24.45;;;;789;04/06/2023;19:58:41;24.47;;;;789;04/06/2023;19:59:11;24.44;;;;
790;04/06/2023;19:57:30;24.44;;;;790;04/06/2023;19:58:56;24.48;;;;790;04/06/2023;19:59:26;24.42;;;;
791;04/06/2023;19:57:45;24.45;;;;791;04/06/2023;19:59:11;24.45;;;;791;04/06/2023;19:59:41;24.44;;;;
792;04/06/2023;19:58:00;24.45;;;;792;04/06/2023;19:59:26;24.46;;;;792;04/06/2023;19:59:56;24.42;;;;
793;04/06/2023;19:58:15;24.44;;;;793;04/06/2023;19:59:41;24.47;;;;793;04/06/2023;20:00:11;24.42;;;;
794;04/06/2023;19:58:30;24.44;;;;794;04/06/2023;19:59:56;24.45;;;;794;04/06/2023;20:00:26;24.41;;;;
795;04/06/2023;19:58:45;24.45;;;;795;04/06/2023;20:00:11;24.46;;;;795;04/06/2023;20:00:41;24.43;;;;
796;04/06/2023;19:59:00;24.44;;;;796;04/06/2023;20:00:26;24.49;;;;796;04/06/2023;20:00:56;24.41;;;;
797;04/06/2023;19:59:15;24.43;;;;797;04/06/2023;20:00:41;24.48;;;;797;04/06/2023;20:01:11;24.41;;;;
798;04/06/2023;19:59:30;24.44;;;;798;04/06/2023;20:00:56;24.46;;;;798;04/06/2023;20:01:26;24.41;;;;
799;04/06/2023;19:59:45;24.45;;;;799;04/06/2023;20:01:11;24.45;;;;799;04/06/2023;20:01:41;24.43;;;;
800;04/06/2023;20:00:00;24.43;;;;800;04/06/2023;20:01:26;24.47;;;;800;04/06/2023;20:01:56;24.43;;;;
801;04/06/2023;20:00:15;24.42;;;;801;04/06/2023;20:01:41;24.45;;;;801;04/06/2023;20:02:11;24.42;;;;
802;04/06/2023;20:00:30;24.43;;;;802;04/06/2023;20:01:56;24.46;;;;802;04/06/2023;20:02:26;24.42;;;;
803;04/06/2023;20:00:45;24.44;;;;803;04/06/2023;20:02:11;24.47;;;;803;04/06/2023;20:02:41;24.44;;;;
804;04/06/2023;20:01:00;24.45;;;;804;04/06/2023;20:02:26;24.45;;;;804;04/06/2023;20:02:56;24.42;;;;
805;04/06/2023;20:01:15;24.45;;;;805;04/06/2023;20:02:41;24.46;;;;805;04/06/2023;20:03:11;24.43;;;;
806;04/06/2023;20:01:30;24.42;;;;806;04/06/2023;20:02:56;24.47;;;;806;04/06/2023;20:03:26;24.41;;;;
807;04/06/2023;20:01:45;24.43;;;;807;04/06/2023;20:03:11;24.47;;;;807;04/06/2023;20:03:41;24.41;;;;
808;04/06/2023;20:02:00;24.42;;;;808;04/06/2023;20:03:26;24.47;;;;808;04/06/2023;20:03:56;24.42;;;;
809;04/06/2023;20:02:15;24.45;;;;809;04/06/2023;20:03:41;24.45;;;;809;04/06/2023;20:04:11;24.41;;;;
810;04/06/2023;20:02:30;24.42;;;;810;04/06/2023;20:03:57;24.48;;;;810;04/06/2023;20:04:26;24.42;;;;
811;04/06/2023;20:02:45;24.43;;;;811;04/06/2023;20:04:12;24.48;;;;811;04/06/2023;20:04:41;24.43;;;;
812;04/06/2023;20:03:00;24.45;;;;812;04/06/2023;20:04:27;24.45;;;;812;04/06/2023;20:04:56;24.42;;;;
813;04/06/2023;20:03:15;24.44;;;;813;04/06/2023;20:04:42;24.45;;;;813;04/06/2023;20:05:11;24.42;;;;
814;04/06/2023;20:03:30;24.42;;;;814;04/06/2023;20:04:57;24.44;;;;814;04/06/2023;20:05:26;24.43;;;;
815;04/06/2023;20:03:45;24.43;;;;815;04/06/2023;20:05:12;24.45;;;;815;04/06/2023;20:05:41;24.42;;;;
816;04/06/2023;20:04:00;24.42;;;;816;04/06/2023;20:05:27;24.45;;;;816;04/06/2023;20:05:56;24.41;;;;
817;04/06/2023;20:04:15;24.45;;;;817;04/06/2023;20:05:42;24.45;;;;817;04/06/2023;20:06:11;24.42;;;;
818;04/06/2023;20:04:30;24.43;;;;818;04/06/2023;20:05:57;24.47;;;;818;04/06/2023;20:06:26;24.41;;;;
819;04/06/2023;20:04:45;24.44;;;;819;04/06/2023;20:06:12;24.47;;;;819;04/06/2023;20:06:41;24.43;;;;
820;04/06/2023;20:05:00;24.43;;;;820;04/06/2023;20:06:27;24.45;;;;820;04/06/2023;20:06:56;24.42;;;;
821;04/06/2023;20:05:15;24.45;;;;821;04/06/2023;20:06:42;24.47;;;;821;04/06/2023;20:07:11;24.42;Synchronized;;;
822;04/06/2023;20:05:30;24.44;;;;822;04/06/2023;20:06:57;24.45;;;;822;04/06/2023;20:07:26;24.41;;;;
823;04/06/2023;20:05:45;24.41;;;;823;04/06/2023;20:07:12;24.47;;;;823;04/06/2023;20:07:41;24.4;;;;
824;04/06/2023;20:06:00;24.41;;;;824;04/06/2023;20:07:27;24.45;;;;824;04/06/2023;20:07:56;24.42;;;;
825;04/06/2023;20:06:15;24.44;;;;825;04/06/2023;20:07:42;24.45;;;;825;04/06/2023;20:08:11;24.42;;;;
826;04/06/2023;20:06:30;24.41;;;;826;04/06/2023;20:07:57;24.45;;;;826;04/06/2023;20:08:26;24.41;;;;
827;04/06/2023;20:06:45;;Missing data;;;827;04/06/2023;20:08:12;24.45;;;;827;04/06/2023;20:08:41;24.41;;;;
828;04/06/2023;20:07:00;24.45;;;;828;04/06/2023;20:08:27;24.45;;;;828;04/06/2023;20:08:56;24.41;;;;
829;04/06/2023;20:07:15;24.44;;;;829;04/06/2023;20:08:42;24.45;;;;829;04/06/2023;20:09:11;24.42;;;;
830;04/06/2023;20:07:30;24.42;;;;830;04/06/2023;20:08:57;24.45;;;;830;04/06/2023;20:09:26;24.4;;;;
831;04/06/2023;20:07:45;24.43;;;;831;04/06/2023;20:09:12;24.45;;;;831;04/06/2023;20:09:41;24.4;;;;
832;04/06/2023;20:08:00;24.43;;;;832;04/06/2023;20:09:27;24.45;;;;832;04/06/2023;20:09:56;24.41;;;;
833;04/06/2023;20:08:15;24.42;;;;833;04/06/2023;20:09:42;24.45;;;;833;04/06/2023;20:10:11;24.4;;;;
834;04/06/2023;20:08:30;24.41;;;;834;04/06/2023;20:09:57;24.44;;;;834;04/06/2023;20:10:26;24.4;;;;
835;04/06/2023;20:08:45;24.41;;;;835;04/06/2023;20:10:12;24.45;;;;835;04/06/2023;20:10:41;24.41;;;;
836;04/06/2023;20:09:00;24.42;;;;836;04/06/2023;20:10:27;24.45;;;;836;04/06/2023;20:10:56;24.4;;;;
837;04/06/2023;20:09:15;24.42;;;;837;04/06/2023;20:10:42;24.45;;;;837;04/06/2023;20:11:11;24.41;;;;
838;04/06/2023;20:09:30;24.43;;;;838;04/06/2023;20:10:57;24.48;;;;838;04/06/2023;20:11:26;24.39;;;;
839;04/06/2023;20:09:45;24.43;;;;839;04/06/2023;20:11:12;24.45;;;;839;04/06/2023;20:11:41;24.42;;;;
840;04/06/2023;20:10:00;24.41;;;;840;04/06/2023;20:11:28;24.45;;;;840;04/06/2023;20:11:56;24.41;;;;
841;04/06/2023;20:10:15;24.42;;;;841;04/06/2023;20:11:43;24.45;;;;841;04/06/2023;20:12:11;24.4;;;;
842;04/06/2023;20:10:30;24.44;;;;842;04/06/2023;20:11:58;24.44;;;;842;04/06/2023;20:12:26;24.39;;;;
843;04/06/2023;20:10:45;24.41;;;;843;04/06/2023;20:12:13;24.45;;;;843;04/06/2023;20:12:41;24.41;;;;
844;04/06/2023;20:11:00;24.41;;;;844;04/06/2023;20:12:28;24.44;;;;844;04/06/2023;20:12:56;24.4;;;;
845;04/06/2023;20:11:15;24.43;;;;845;04/06/2023;20:12:43;24.45;;;;845;04/06/2023;20:13:11;24.4;;;;
846;04/06/2023;20:11:30;24.43;;;;846;04/06/2023;20:12:58;24.44;;;;846;04/06/2023;20:13:26;24.4;;;;
847;04/06/2023;20:11:45;24.42;;;;847;04/06/2023;20:13:13;24.45;;;;847;04/06/2023;20:13:41;24.42;Synchronized;;;
848;04/06/2023;20:12:00;24.4;;;;848;04/06/2023;20:13:28;24.44;Synchronized;;;848;04/06/2023;20:13:56;24.41;;;;
849;04/06/2023;20:12:15;24.42;;;;849;04/06/2023;20:13:43;24.44;;;;849;04/06/2023;20:14:11;24.41;;;;
850;04/06/2023;20:12:30;24.41;;;;850;04/06/2023;20:13:58;24.45;;;;850;04/06/2023;20:14:26;24.4;;;;
851;04/06/2023;20:12:45;24.45;;;;851;04/06/2023;20:14:13;24.43;;;;851;04/06/2023;20:14:41;24.39;;;;
852;04/06/2023;20:13:00;24.41;;;;852;04/06/2023;20:14:28;24.42;;;;852;04/06/2023;20:14:56;24.41;;;;
853;04/06/2023;20:13:15;24.41;;;;853;04/06/2023;20:14:43;24.43;;;;853;04/06/2023;20:15:11;24.41;;;;
854;04/06/2023;20:13:30;24.41;;;;854;04/06/2023;20:14:58;24.45;;;;854;04/06/2023;20:15:26;24.41;;;;
855;04/06/2023;20:13:45;24.42;;;;855;04/06/2023;20:15:13;24.44;;;;855;04/06/2023;20:15:41;24.43;;;;
856;04/06/2023;20:14:00;24.43;;;;856;04/06/2023;20:15:28;24.44;;;;856;04/06/2023;20:15:56;24.39;;;;
857;04/06/2023;20:14:15;24.42;;;;857;04/06/2023;20:15:43;24.43;;;;857;04/06/2023;20:16:11;24.41;;;;
858;04/06/2023;20:14:30;24.42;;;;858;04/06/2023;20:15:58;24.43;;;;858;04/06/2023;20:16:26;24.4;;;;
859;04/06/2023;20:14:45;24.41;;;;859;04/06/2023;20:16:13;24.44;;;;859;04/06/2023;20:16:41;24.4;;;;
860;04/06/2023;20:15:00;24.41;;;;860;04/06/2023;20:16:28;24.45;;;;860;04/06/2023;20:16:56;24.39;;;;
861;04/06/2023;20:15:15;24.42;;;;861;04/06/2023;20:16:43;24.45;Synchronized;;;861;04/06/2023;20:17:11;24.38;;;;
862;04/06/2023;20:15:30;24.41;;;;862;04/06/2023;20:16:58;24.43;;;;862;04/06/2023;20:17:26;24.39;;;;
863;04/06/2023;20:15:45;24.41;;;;863;04/06/2023;20:17:13;24.43;;;;863;04/06/2023;20:17:41;24.41;;;;
864;04/06/2023;20:16:00;24.41;;;;864;04/06/2023;20:17:28;24.43;;;;864;04/06/2023;20:17:56;24.38;Synchronized;;;
865;04/06/2023;20:16:15;24.41;;;;865;04/06/2023;20:17:43;24.45;;;;865;04/06/2023;20:18:11;24.38;;;;
866;04/06/2023;20:16:30;24.41;;;;866;04/06/2023;20:17:58;24.44;;;;866;04/06/2023;20:18:26;24.37;;;;
867;04/06/2023;20:16:45;24.41;;;;867;04/06/2023;20:18:13;24.45;;;;867;04/06/2023;20:18:41;24.4;;;;
868;04/06/2023;20:17:00;24.41;;;;868;04/06/2023;20:18:28;24.42;;;;868;04/06/2023;20:18:56;24.38;;;;
869;04/06/2023;20:17:15;24.41;;;;869;04/06/2023;20:18:43;24.42;;;;869;04/06/2023;20:19:11;24.38;;;;
870;04/06/2023;20:17:30;24.41;;;;870;04/06/2023;20:18:58;24.44;;;;870;04/06/2023;20:19:26;24.39;;;;
871;04/06/2023;20:17:45;24.41;;;;871;04/06/2023;20:19:13;24.44;;;;871;04/06/2023;20:19:41;24.4;;;;
872;04/06/2023;20:18:00;24.4;;;;872;04/06/2023;20:19:29;24.44;;;;872;04/06/2023;20:19:56;24.4;;;;
873;04/06/2023;20:18:15;24.41;;;;873;04/06/2023;20:19:44;24.44;;;;873;04/06/2023;20:20:11;24.4;;;;
874;04/06/2023;20:18:30;24.42;;;;874;04/06/2023;20:19:59;24.43;;;;874;04/06/2023;20:20:26;24.4;;;;
875;04/06/2023;20:18:45;24.41;;;;875;04/06/2023;20:20:14;24.41;;;;875;04/06/2023;20:20:41;24.38;;;;
876;04/06/2023;20:19:00;24.39;;;;876;04/06/2023;20:20:29;24.41;;;;876;04/06/2023;20:20:56;24.4;;;;
877;04/06/2023;20:19:15;24.4;;;;877;04/06/2023;20:20:44;24.43;;;;877;04/06/2023;20:21:11;24.4;;;;
878;04/06/2023;20:19:30;24.41;;;;878;04/06/2023;20:20:59;24.43;;;;878;04/06/2023;20:21:26;24.38;;;;
879;04/06/2023;20:19:45;24.41;;;;879;04/06/2023;20:21:14;24.44;;;;879;04/06/2023;20:21:41;24.39;;;;
880;04/06/2023;20:20:00;24.41;;;;880;04/06/2023;20:21:29;24.43;;;;880;04/06/2023;20:21:56;24.39;;;;
881;04/06/2023;20:20:15;24.39;;;;881;04/06/2023;20:21:44;24.45;;;;881;04/06/2023;20:22:11;24.39;;;;
882;04/06/2023;20:20:30;24.41;;;;882;04/06/2023;20:21:59;24.44;;;;882;04/06/2023;20:22:26;24.38;;;;
883;04/06/2023;20:20:45;24.4;;;;883;04/06/2023;20:22:14;24.43;;;;883;04/06/2023;20:22:41;24.39;;;;
884;04/06/2023;20:21:00;24.41;;;;884;04/06/2023;20:22:29;24.43;;;;884;04/06/2023;20:22:56;24.38;;;;
885;04/06/2023;20:21:15;24.39;;;;885;04/06/2023;20:22:44;24.42;;;;885;04/06/2023;20:23:11;24.4;;;;
886;04/06/2023;20:21:30;24.41;;;;886;04/06/2023;20:22:59;24.42;;;;886;04/06/2023;20:23:26;24.38;;;;
887;04/06/2023;20:21:45;24.4;;;;887;04/06/2023;20:23:14;24.44;;;;887;04/06/2023;20:23:41;24.38;;;;
888;04/06/2023;20:22:00;24.4;;;;888;04/06/2023;20:23:29;24.44;;;;888;04/06/2023;20:23:56;24.38;;;;
889;04/06/2023;20:22:15;24.39;;;;889;04/06/2023;20:23:44;24.43;;;;889;04/06/2023;20:24:11;24.38;;;;
890;04/06/2023;20:22:30;24.38;;;;890;04/06/2023;20:23:59;24.43;;;;890;04/06/2023;20:24:26;24.38;;;;
891;04/06/2023;20:22:45;24.4;;;;891;04/06/2023;20:24:14;24.43;;;;891;04/06/2023;20:24:41;24.38;;;;
892;04/06/2023;20:23:00;24.39;;;;892;04/06/2023;20:24:29;24.43;;;;892;04/06/2023;20:24:56;24.39;;;;
893;04/06/2023;20:23:15;24.38;;;;893;04/06/2023;20:24:44;24.41;;;;893;04/06/2023;20:25:11;24.4;;;;
894;04/06/2023;20:23:30;24.39;;;;894;04/06/2023;20:24:59;24.41;;;;894;04/06/2023;20:25:26;24.39;;;;
895;04/06/2023;20:23:45;24.4;;;;895;04/06/2023;20:25:14;24.41;Synchronized;;;895;04/06/2023;20:25:41;24.38;;;;
896;04/06/2023;20:24:00;24.4;;;;896;04/06/2023;20:25:29;24.41;;;;896;04/06/2023;20:25:56;24.38;;;;
897;04/06/2023;20:24:15;24.39;;;;897;04/06/2023;20:25:44;24.43;;;;897;04/06/2023;20:26:11;24.39;;;;
898;04/06/2023;20:24:30;24.38;;;;898;04/06/2023;20:25:59;24.43;;;;898;04/06/2023;20:26:26;24.37;;;;
899;04/06/2023;20:24:45;24.39;;;;899;04/06/2023;20:26:14;24.41;;;;899;04/06/2023;20:26:41;24.39;;;;
900;04/06/2023;20:25:00;24.4;;;;900;04/06/2023;20:26:29;24.42;;;;900;04/06/2023;20:26:56;24.38;;;;
901;04/06/2023;20:25:15;24.4;;;;901;04/06/2023;20:26:44;24.42;;;;901;04/06/2023;20:27:11;24.38;;;;
902;04/06/2023;20:25:30;24.4;;;;902;04/06/2023;20:26:59;24.42;;;;902;04/06/2023;20:27:26;24.38;;;;
903;04/06/2023;20:25:45;24.4;;;;903;04/06/2023;20:27:14;24.42;;;;903;04/06/2023;20:27:41;24.38;;;;
904;04/06/2023;20:26:00;24.37;;;;904;04/06/2023;20:27:29;24.43;;;;904;04/06/2023;20:27:56;24.38;;;;
905;04/06/2023;20:26:15;24.4;;;;905;04/06/2023;20:27:44;24.42;;;;905;04/06/2023;20:28:11;24.38;;;;
906;04/06/2023;20:26:30;24.39;;;;906;04/06/2023;20:27:59;24.4;;;;906;04/06/2023;20:28:26;24.38;;;;
907;04/06/2023;20:26:45;24.39;;;;907;04/06/2023;20:28:14;24.43;;;;907;04/06/2023;20:28:41;24.38;;;;
908;04/06/2023;20:27:00;24.39;;;;908;04/06/2023;20:28:29;24.41;;;;908;04/06/2023;20:28:56;24.38;;;;
909;04/06/2023;20:27:15;24.36;;;;909;04/06/2023;20:28:45;24.42;;;;909;04/06/2023;20:29:11;24.38;;;;
910;04/06/2023;20:27:30;24.39;;;;910;04/06/2023;20:29:00;24.41;;;;910;04/06/2023;20:29:26;24.38;;;;
911;04/06/2023;20:27:45;24.38;;;;911;04/06/2023;20:29:15;24.41;;;;911;04/06/2023;20:29:41;24.38;;;;
912;04/06/2023;20:28:00;24.39;;;;912;04/06/2023;20:29:30;24.42;;;;912;04/06/2023;20:29:56;24.38;;;;
913;04/06/2023;20:28:15;24.36;;;;913;04/06/2023;20:29:45;24.41;;;;913;04/06/2023;20:30:11;24.38;Synchronized;;;
914;04/06/2023;20:28:30;24.4;;;;914;04/06/2023;20:30:00;24.43;;;;914;04/06/2023;20:30:26;24.37;;;;
915;04/06/2023;20:28:45;24.4;;;;915;04/06/2023;20:30:15;24.41;;;;915;04/06/2023;20:30:41;24.38;;;;
916;04/06/2023;20:29:00;24.37;;;;916;04/06/2023;20:30:30;24.41;;;;916;04/06/2023;20:30:56;24.38;;;;
917;04/06/2023;20:29:15;24.39;;;;917;04/06/2023;20:30:45;24.41;;;;917;04/06/2023;20:31:11;24.37;;;;
918;04/06/2023;20:29:30;24.41;;;;918;04/06/2023;20:31:00;24.43;;;;918;04/06/2023;20:31:26;24.38;;;;
919;04/06/2023;20:29:45;24.39;;;;919;04/06/2023;20:31:15;24.43;;;;919;04/06/2023;20:31:41;24.38;;;;
920;04/06/2023;20:30:00;24.39;;;;920;04/06/2023;20:31:30;24.41;;;;920;04/06/2023;20:31:56;24.38;;;;
921;04/06/2023;20:30:15;24.39;;;;921;04/06/2023;20:31:45;24.43;;;;921;04/06/2023;20:32:11;24.36;;;;
922;04/06/2023;20:30:30;24.39;;;;922;04/06/2023;20:32:00;24.42;;;;922;04/06/2023;20:32:26;24.36;;;;
923;04/06/2023;20:30:45;24.4;;;;923;04/06/2023;20:32:15;24.38;;;;923;04/06/2023;20:32:41;24.38;;;;
924;04/06/2023;20:31:00;24.37;;;;924;04/06/2023;20:32:30;24.41;;;;924;04/06/2023;20:32:56;24.38;;;;
925;04/06/2023;20:31:15;24.38;;;;925;04/06/2023;20:32:45;24.4;;;;925;04/06/2023;20:33:11;24.37;;;;
926;04/06/2023;20:31:30;24.37;;;;926;04/06/2023;20:33:00;24.42;;;;926;04/06/2023;20:33:26;24.38;;;;
927;04/06/2023;20:31:45;24.4;;;;927;04/06/2023;20:33:15;24.41;;;;927;04/06/2023;20:33:41;24.37;;;;
928;04/06/2023;20:32:00;24.38;;;;928;04/06/2023;20:33:30;24.41;;;;928;04/06/2023;20:33:56;24.38;;;;
929;04/06/2023;20:32:15;24.37;;;;929;04/06/2023;20:33:45;24.41;;;;929;04/06/2023;20:34:11;24.38;;;;
930;04/06/2023;20:32:30;24.39;;;;930;04/06/2023;20:34:00;24.41;;;;930;04/06/2023;20:34:26;24.38;;;;
931;04/06/2023;20:32:45;24.36;;;;931;04/06/2023;20:34:16;24.41;;;;931;04/06/2023;20:34:41;24.38;;;;
932;04/06/2023;20:33:00;24.38;;;;932;04/06/2023;20:34:31;24.41;;;;932;04/06/2023;20:34:56;24.38;;;;
933;04/06/2023;20:33:15;24.37;;;;933;04/06/2023;20:34:46;24.41;;;;933;04/06/2023;20:35:11;24.36;;;;
934;04/06/2023;20:33:30;24.35;;;;934;04/06/2023;20:35:01;24.41;;;;934;04/06/2023;20:35:26;24.36;Synchronized;;;
935;04/06/2023;20:33:45;24.38;;;;935;04/06/2023;20:35:16;24.4;Synchronized;;;935;04/06/2023;20:35:41;24.36;;;;
936;04/06/2023;20:34:00;24.37;;;;936;04/06/2023;20:35:31;24.39;;;;936;04/06/2023;20:35:56;24.38;;;;
937;04/06/2023;20:34:15;24.36;;;;937;04/06/2023;20:35:46;24.42;Synchronized;;;937;04/06/2023;20:36:11;24.37;;;;
938;04/06/2023;20:34:30;24.38;;;;938;04/06/2023;20:36:01;24.41;;;;938;04/06/2023;20:36:26;24.38;;;;
939;04/06/2023;20:34:45;24.36;;;;939;04/06/2023;20:36:16;24.41;;;;939;04/06/2023;20:36:41;24.37;;;;
940;04/06/2023;20:35:00;24.37;;;;940;04/06/2023;20:36:31;24.4;;;;940;04/06/2023;20:36:56;24.37;;;;
941;04/06/2023;20:35:15;24.37;;;;941;04/06/2023;20:36:46;24.41;;;;941;04/06/2023;20:37:11;24.35;;;;
942;04/06/2023;20:35:30;24.39;;;;942;04/06/2023;20:37:01;24.42;;;;942;04/06/2023;20:37:26;24.38;;;;
943;04/06/2023;20:35:45;24.37;;;;943;04/06/2023;20:37:16;24.4;;;;943;04/06/2023;20:37:41;24.38;;;;
944;04/06/2023;20:36:00;24.37;;;;944;04/06/2023;20:37:31;24.41;;;;944;04/06/2023;20:37:56;24.38;;;;
945;04/06/2023;20:36:15;24.37;;;;945;04/06/2023;20:37:46;24.41;;;;945;04/06/2023;20:38:11;24.37;;;;
946;04/06/2023;20:36:30;24.34;;;;946;04/06/2023;20:38:01;24.4;;;;946;04/06/2023;20:38:26;24.35;;;;
947;04/06/2023;20:36:45;24.36;;;;947;04/06/2023;20:38:16;24.39;;;;947;04/06/2023;20:38:41;24.37;;;;
948;04/06/2023;20:37:00;24.36;;;;948;04/06/2023;20:38:31;24.39;;;;948;04/06/2023;20:38:56;24.38;;;;
949;04/06/2023;20:37:15;24.38;;;;949;04/06/2023;20:38:46;24.41;;;;949;04/06/2023;20:39:11;24.38;;;;
950;04/06/2023;20:37:30;24.36;;;;950;04/06/2023;20:39:01;24.41;;;;950;04/06/2023;20:39:26;24.34;;;;
951;04/06/2023;20:37:45;24.34;;;;951;04/06/2023;20:39:16;24.39;;;;951;04/06/2023;20:39:41;24.37;;;;
952;04/06/2023;20:38:00;24.35;;;;952;04/06/2023;20:39:31;24.4;;;;952;04/06/2023;20:39:56;24.38;;;;
953;04/06/2023;20:38:15;24.35;;;;953;04/06/2023;20:39:46;24.4;;;;953;04/06/2023;20:40:11;24.36;;;;
954;04/06/2023;20:38:30;24.36;;;;954;04/06/2023;20:40:01;24.39;;;;954;04/06/2023;20:40:26;24.35;;;;
955;04/06/2023;20:38:45;24.36;;;;955;04/06/2023;20:40:16;24.39;;;;955;04/06/2023;20:40:41;24.36;;;;
956;04/06/2023;20:39:00;24.37;;;;956;04/06/2023;20:40:31;24.4;;;;956;04/06/2023;20:40:56;24.36;;;;
957;04/06/2023;20:39:15;24.36;;;;957;04/06/2023;20:40:46;24.41;;;;957;04/06/2023;20:41:11;24.37;;;;
958;04/06/2023;20:39:30;24.34;;;;958;04/06/2023;20:41:01;24.4;;;;958;04/06/2023;20:41:26;24.38;;;;
959;04/06/2023;20:39:45;24.36;;;;959;04/06/2023;20:41:16;24.39;;;;959;04/06/2023;20:41:41;24.36;;;;
960;04/06/2023;20:40:00;24.37;;;;960;04/06/2023;20:41:31;24.4;;;;960;04/06/2023;20:41:56;24.35;;;;
961;04/06/2023;20:40:15;24.37;;;;961;04/06/2023;20:41:46;24.39;;;;961;04/06/2023;20:42:11;24.34;;;;
962;04/06/2023;20:40:30;24.35;;;;962;04/06/2023;20:42:01;24.4;;;;962;04/06/2023;20:42:26;24.37;;;;
963;04/06/2023;20:40:45;24.34;;;;963;04/06/2023;20:42:16;24.4;;;;963;04/06/2023;20:42:41;24.38;;;;
964;04/06/2023;20:41:00;24.35;;;;964;04/06/2023;20:42:31;24.41;;;;964;04/06/2023;20:42:56;24.38;;;;
965;04/06/2023;20:41:15;24.35;;;;965;04/06/2023;20:42:46;24.39;;;;965;04/06/2023;20:43:11;24.38;;;;
966;04/06/2023;20:41:30;24.36;;;;966;04/06/2023;20:43:01;24.41;;;;966;04/06/2023;20:43:26;24.38;;;;
967;04/06/2023;20:41:45;24.34;;;;967;04/06/2023;20:43:16;24.4;;;;967;04/06/2023;20:43:41;24.37;;;;
968;04/06/2023;20:42:00;24.36;;;;968;04/06/2023;20:43:31;24.41;;;;968;04/06/2023;20:43:56;24.37;;;;
969;04/06/2023;20:42:15;24.35;;;;969;04/06/2023;20:43:46;24.39;;;;969;04/06/2023;20:44:11;24.36;;;;
970;04/06/2023;20:42:30;24.34;;;;970;04/06/2023;20:44:01;24.41;;;;970;04/06/2023;20:44:26;24.36;;;;
971;04/06/2023;20:42:45;24.36;;;;971;04/06/2023;20:44:16;24.39;;;;971;04/06/2023;20:44:41;24.36;;;;
972;04/06/2023;20:43:00;24.36;;;;972;04/06/2023;20:44:31;24.4;;;;972;04/06/2023;20:44:56;24.37;;;;
973;04/06/2023;20:43:15;24.35;;;;973;04/06/2023;20:44:47;24.41;;;;973;04/06/2023;20:45:11;24.35;;;;
974;04/06/2023;20:43:30;24.36;;;;974;04/06/2023;20:45:02;24.39;;;;974;04/06/2023;20:45:26;24.37;Synchronized;;;
975;04/06/2023;20:43:45;24.35;;;;975;04/06/2023;20:45:17;24.38;;;;975;04/06/2023;20:45:41;24.36;;;;
976;04/06/2023;20:44:00;24.36;;;;976;04/06/2023;20:45:32;24.41;;;;976;04/06/2023;20:45:56;24.36;;;;
977;04/06/2023;20:44:15;24.34;;;;977;04/06/2023;20:45:47;24.38;;;;977;04/06/2023;20:46:11;24.36;;;;
978;04/06/2023;20:44:30;24.34;;;;978;04/06/2023;20:46:02;24.39;;;;978;04/06/2023;20:46:26;24.35;;;;
979;04/06/2023;20:44:45;24.35;;;;979;04/06/2023;20:46:17;24.41;;;;979;04/06/2023;20:46:41;24.36;;;;
980;04/06/2023;20:45:00;24.35;;;;980;04/06/2023;20:46:32;24.4;;;;980;04/06/2023;20:46:56;24.34;;;;
981;04/06/2023;20:45:15;24.33;;;;981;04/06/2023;20:46:47;24.39;;;;981;04/06/2023;20:47:11;24.36;;;;
982;04/06/2023;20:45:30;24.35;;;;982;04/06/2023;20:47:02;24.41;;;;982;04/06/2023;20:47:26;24.35;;;;
983;04/06/2023;20:45:45;24.35;;;;983;04/06/2023;20:47:17;24.4;;;;983;04/06/2023;20:47:41;24.35;;;;
984;04/06/2023;20:46:00;24.34;;;;984;04/06/2023;20:47:32;24.38;;;;984;04/06/2023;20:47:56;24.37;;;;
985;04/06/2023;20:46:15;24.34;;;;985;04/06/2023;20:47:47;24.4;;;;985;04/06/2023;20:48:11;24.36;;;;
986;04/06/2023;20:46:30;24.35;;;;986;04/06/2023;20:48:02;24.4;;;;986;04/06/2023;20:48:26;24.38;;;;
987;04/06/2023;20:46:45;24.36;;;;987;04/06/2023;20:48:17;24.39;Synchronized;;;987;04/06/2023;20:48:41;24.35;;;;
988;04/06/2023;20:47:00;24.35;;;;988;04/06/2023;20:48:32;24.38;;;;988;04/06/2023;20:48:56;24.37;;;;
989;04/06/2023;20:47:15;24.34;;;;989;04/06/2023;20:48:47;24.4;;;;989;04/06/2023;20:49:11;24.35;;;;
990;04/06/2023;20:47:30;24.34;;;;990;04/06/2023;20:49:02;24.38;;;;990;04/06/2023;20:49:26;24.34;;;;
991;04/06/2023;20:47:45;24.36;;;;991;04/06/2023;20:49:17;24.38;;;;991;04/06/2023;20:49:41;24.35;;;;
992;04/06/2023;20:48:00;24.35;;;;992;04/06/2023;20:49:32;24.41;;;;992;04/06/2023;20:49:56;24.36;;;;
993;04/06/2023;20:48:15;24.35;;;;993;04/06/2023;20:49:47;24.41;;;;993;04/06/2023;20:50:11;24.36;;;;
994;04/06/2023;20:48:30;24.36;;;;994;04/06/2023;20:50:02;24.39;;;;994;04/06/2023;20:50:26;24.34;;;;
995;04/06/2023;20:48:45;24.35;;;;995;04/06/2023;20:50:17;24.41;;;;995;04/06/2023;20:50:41;24.35;;;;
996;04/06/2023;20:49:00;24.34;;;;996;04/06/2023;20:50:32;24.4;;;;996;04/06/2023;20:50:56;24.36;;;;
997;04/06/2023;20:49:15;24.37;;;;997;04/06/2023;20:50:47;24.38;;;;997;04/06/2023;20:51:11;24.34;;;;
998;04/06/2023;20:49:30;24.34;;;;998;04/06/2023;20:51:02;24.41;;;;998;04/06/2023;20:51:26;24.34;;;;
999;04/06/2023;20:49:45;24.35;;;;999;04/06/2023;20:51:17;24.4;;;;999;04/06/2023;20:51:41;24.36;;;;
1000;04/06/2023;20:50:00;24.34;;;;1000;04/06/2023;20:51:32;24.39;;;;1000;04/06/2023;20:51:56;24.35;;;;
1001;04/06/2023;20:50:15;24.35;;;;1001;04/06/2023;20:51:47;24.38;;;;1001;04/06/2023;20:52:11;24.35;;;;
1002;04/06/2023;20:50:30;24.34;;;;1002;04/06/2023;20:52:02;24.4;;;;1002;04/06/2023;20:52:26;24.34;;;;
1003;04/06/2023;20:50:45;24.34;;;;1003;04/06/2023;20:52:17;24.37;;;;1003;04/06/2023;20:52:41;24.35;;;;
1004;04/06/2023;20:51:00;24.34;;;;1004;04/06/2023;20:52:32;24.39;;;;1004;04/06/2023;20:52:56;24.33;;;;
1005;04/06/2023;20:51:15;24.36;;;;1005;04/06/2023;20:52:47;24.39;;;;1005;04/06/2023;20:53:11;24.34;;;;
1006;04/06/2023;20:51:30;24.32;;;;1006;04/06/2023;20:53:02;24.39;;;;1006;04/06/2023;20:53:26;24.33;;;;
1007;04/06/2023;20:51:45;24.35;;;;1007;04/06/2023;20:53:17;24.38;;;;1007;04/06/2023;20:53:41;24.34;;;;
1008;04/06/2023;20:52:00;24.36;;;;1008;04/06/2023;20:53:32;24.39;;;;1008;04/06/2023;20:53:56;24.34;;;;
1009;04/06/2023;20:52:15;24.34;;;;1009;04/06/2023;20:53:47;24.38;Synchronized;;;1009;04/06/2023;20:54:11;24.35;;;;
1010;04/06/2023;20:52:30;24.33;;;;1010;04/06/2023;20:54:02;24.38;;;;1010;04/06/2023;20:54:26;24.34;;;;
1011;04/06/2023;20:52:45;24.33;;;;1011;04/06/2023;20:54:17;24.38;;;;1011;04/06/2023;20:54:41;24.35;;;;
1012;04/06/2023;20:53:00;24.34;;;;1012;04/06/2023;20:54:32;24.41;;;;1012;04/06/2023;20:54:56;24.34;;;;
1013;04/06/2023;20:53:15;24.34;;;;1013;04/06/2023;20:54:47;24.4;;;;1013;04/06/2023;20:55:11;24.34;;;;
1014;04/06/2023;20:53:30;24.34;;;;1014;04/06/2023;20:55:03;24.38;;;;1014;04/06/2023;20:55:26;24.34;;;;
1015;04/06/2023;20:53:45;24.33;;;;1015;04/06/2023;20:55:18;24.4;;;;1015;04/06/2023;20:55:41;24.34;;;;
1016;04/06/2023;20:54:00;24.33;;;;1016;04/06/2023;20:55:33;24.39;;;;1016;04/06/2023;20:55:56;24.34;;;;
1017;04/06/2023;20:54:15;24.34;;;;1017;04/06/2023;20:55:48;24.38;;;;1017;04/06/2023;20:56:11;24.35;;;;
1018;04/06/2023;20:54:30;24.34;;;;1018;04/06/2023;20:56:03;24.38;;;;1018;04/06/2023;20:56:26;24.34;;;;
1019;04/06/2023;20:54:45;24.34;;;;1019;04/06/2023;20:56:18;24.39;;;;1019;04/06/2023;20:56:41;24.35;;;;
1020;04/06/2023;20:55:00;24.34;;;;1020;04/06/2023;20:56:33;24.39;;;;1020;04/06/2023;20:56:56;24.34;;;;
1021;04/06/2023;20:55:15;24.33;;;;1021;04/06/2023;20:56:48;24.39;;;;1021;04/06/2023;20:57:11;24.36;;;;
1022;04/06/2023;20:55:30;24.33;;;;1022;04/06/2023;20:57:03;24.37;;;;1022;04/06/2023;20:57:26;24.34;;;;
1023;04/06/2023;20:55:45;24.34;;;;1023;04/06/2023;20:57:18;24.38;;;;1023;04/06/2023;20:57:41;24.34;;;;
1024;04/06/2023;20:56:00;24.34;;;;1024;04/06/2023;20:57:33;24.39;;;;1024;04/06/2023;20:57:56;24.35;;;;
1025;04/06/2023;20:56:15;24.33;;;;1025;04/06/2023;20:57:48;24.38;;;;1025;04/06/2023;20:58:11;24.33;;;;
1026;04/06/2023;20:56:30;24.34;;;;1026;04/06/2023;20:58:03;24.38;;;;1026;04/06/2023;20:58:26;24.36;;;;
1027;04/06/2023;20:56:45;24.34;;;;1027;04/06/2023;20:58:18;24.39;;;;1027;04/06/2023;20:58:41;24.34;;;;
1028;04/06/2023;20:57:00;24.35;;;;1028;04/06/2023;20:58:33;24.38;;;;1028;04/06/2023;20:58:56;24.34;;;;
1029;04/06/2023;20:57:15;;Missing data;;;1029;04/06/2023;20:58:48;24.38;;;;1029;04/06/2023;20:59:11;24.34;;;;
1030;04/06/2023;20:57:30;24.34;;;;1030;04/06/2023;20:59:03;24.38;;;;1030;04/06/2023;20:59:26;24.34;;;;
1031;04/06/2023;20:57:45;24.33;;;;1031;04/06/2023;20:59:18;24.39;;;;1031;04/06/2023;20:59:41;24.32;;;;
1032;04/06/2023;20:58:00;24.32;;;;1032;04/06/2023;20:59:33;24.38;;;;1032;04/06/2023;20:59:56;24.34;;;;
1033;04/06/2023;20:58:15;24.35;;;;1033;04/06/2023;20:59:48;24.37;;;;1033;04/06/2023;21:00:11;24.34;;;;
1034;04/06/2023;20:58:30;24.35;;;;1034;04/06/2023;21:00:03;24.38;;;;1034;04/06/2023;21:00:26;24.35;;;;
1035;04/06/2023;20:58:45;24.34;;;;1035;04/06/2023;21:00:18;24.36;;;;1035;04/06/2023;21:00:41;24.33;;;;
1036;04/06/2023;20:59:00;24.34;;;;1036;04/06/2023;21:00:33;24.37;;;;1036;04/06/2023;21:00:56;24.34;;;;
1037;04/06/2023;20:59:15;24.33;;;;1037;04/06/2023;21:00:48;24.39;;;;1037;04/06/2023;21:01:11;24.34;;;;
1038;04/06/2023;20:59:30;24.31;;;;1038;04/06/2023;21:01:03;24.39;;;;1038;04/06/2023;21:01:26;24.33;;;;
1039;04/06/2023;20:59:45;24.34;;;;1039;04/06/2023;21:01:18;24.39;;;;1039;04/06/2023;21:01:41;24.33;;;;
1040;04/06/2023;21:00:00;;Missing data;;;1040;04/06/2023;21:01:33;24.39;;;;1040;04/06/2023;21:01:56;24.35;;;;
1041;04/06/2023;21:00:15;24.32;;;;1041;04/06/2023;21:01:48;24.38;;;;1041;04/06/2023;21:02:11;24.34;;;;
1042;04/06/2023;21:00:30;24.34;;;;1042;04/06/2023;21:02:03;24.37;;;;1042;04/06/2023;21:02:26;24.34;;;;
1043;04/06/2023;21:00:45;24.35;;;;1043;04/06/2023;21:02:18;24.37;;;;1043;04/06/2023;21:02:41;24.34;;;;
1044;04/06/2023;21:01:00;24.33;;;;1044;04/06/2023;21:02:33;24.36;;;;1044;04/06/2023;21:02:56;24.34;;;;
1045;04/06/2023;21:01:15;24.34;;;;1045;04/06/2023;21:02:49;24.38;;;;1045;04/06/2023;21:03:11;24.34;;;;
1046;04/06/2023;21:01:30;24.33;;;;1046;04/06/2023;21:03:04;24.38;;;;1046;04/06/2023;21:03:26;24.33;;;;
1047;04/06/2023;21:01:45;24.3;;;;1047;04/06/2023;21:03:19;24.38;;;;1047;04/06/2023;21:03:41;24.34;;;;
1048;04/06/2023;21:02:00;24.34;;;;1048;04/06/2023;21:03:34;24.38;;;;1048;04/06/2023;21:03:56;24.33;;;;
1049;04/06/2023;21:02:15;24.33;;;;1049;04/06/2023;21:03:49;24.38;;;;1049;04/06/2023;21:04:11;24.34;;;;
1050;04/06/2023;21:02:30;24.34;;;;1050;04/06/2023;21:04:04;24.39;;;;1050;04/06/2023;21:04:26;24.34;;;;
1051;04/06/2023;21:02:45;24.33;;;;1051;04/06/2023;21:04:19;24.36;;;;1051;04/06/2023;21:04:41;24.36;;;;
1052;04/06/2023;21:03:00;24.34;;;;1052;04/06/2023;21:04:34;24.38;;;;1052;04/06/2023;21:04:56;24.33;;;;
1053;04/06/2023;21:03:15;24.32;;;;1053;04/06/2023;21:04:49;24.38;;;;1053;04/06/2023;21:05:11;24.34;;;;
1054;04/06/2023;21:03:30;24.32;;;;1054;04/06/2023;21:05:04;24.38;;;;1054;04/06/2023;21:05:26;24.34;;;;
1055;04/06/2023;21:03:45;24.34;;;;1055;04/06/2023;21:05:19;24.38;;;;1055;04/06/2023;21:05:41;24.35;;;;
1056;04/06/2023;21:04:00;24.32;;;;1056;04/06/2023;21:05:34;24.36;;;;1056;04/06/2023;21:05:56;24.33;;;;
1057;04/06/2023;21:04:15;24.34;;;;1057;04/06/2023;21:05:49;24.38;;;;1057;04/06/2023;21:06:11;24.34;;;;
1058;04/06/2023;21:04:30;24.33;;;;1058;04/06/2023;21:06:04;24.38;;;;1058;04/06/2023;21:06:26;24.34;;;;
1059;04/06/2023;21:04:45;24.34;;;;1059;04/06/2023;21:06:19;24.39;;;;1059;04/06/2023;21:06:41;24.33;;;;
1060;04/06/2023;21:05:00;24.31;;;;1060;04/06/2023;21:06:34;24.37;;;;1060;04/06/2023;21:06:56;24.34;;;;
1061;04/06/2023;21:05:15;24.32;;;;1061;04/06/2023;21:06:49;24.38;;;;1061;04/06/2023;21:07:11;24.34;;;;
1062;04/06/2023;21:05:30;24.32;;;;1062;04/06/2023;21:07:04;24.38;;;;1062;04/06/2023;21:07:26;24.34;;;;
1063;04/06/2023;21:05:45;24.32;;;;1063;04/06/2023;21:07:19;24.4;;;;1063;04/06/2023;21:07:41;24.35;;;;
1064;04/06/2023;21:06:00;24.33;;;;1064;04/06/2023;21:07:34;24.38;;;;1064;04/06/2023;21:07:56;24.36;;;;
1065;04/06/2023;21:06:15;24.34;;;;1065;04/06/2023;21:07:49;24.38;;;;1065;04/06/2023;21:08:11;24.34;;;;
1066;04/06/2023;21:06:30;24.33;;;;1066;04/06/2023;21:08:04;24.38;;;;1066;04/06/2023;21:08:26;24.35;;;;
1067;04/06/2023;21:06:45;24.31;;;;1067;04/06/2023;21:08:19;24.38;;;;1067;04/06/2023;21:08:41;24.34;;;;
1068;04/06/2023;21:07:00;24.32;;;;1068;04/06/2023;21:08:34;24.39;;;;1068;04/06/2023;21:08:56;24.34;;;;
1069;04/06/2023;21:07:15;24.33;;;;1069;04/06/2023;21:08:49;24.37;;;;1069;04/06/2023;21:09:11;24.33;;;;
1070;04/06/2023;21:07:30;24.33;;;;1070;04/06/2023;21:09:04;24.38;;;;1070;04/06/2023;21:09:26;24.36;;;;
1071;04/06/2023;21:07:45;24.32;;;;1071;04/06/2023;21:09:19;24.38;;;;1071;04/06/2023;21:09:41;24.33;;;;
1072;04/06/2023;21:08:00;24.31;;;;1072;04/06/2023;21:09:34;24.38;;;;1072;04/06/2023;21:09:56;24.34;;;;
1073;04/06/2023;21:08:15;24.33;;;;1073;04/06/2023;21:09:49;24.38;Synchronized;;;1073;04/06/2023;21:10:11;24.33;;;;
1074;04/06/2023;21:08:30;24.33;;;;1074;04/06/2023;21:10:04;24.38;;;;1074;04/06/2023;21:10:26;24.34;;;;
1075;04/06/2023;21:08:45;24.32;;;;1075;04/06/2023;21:10:19;24.37;;;;1075;04/06/2023;21:10:41;24.34;;;;
1076;04/06/2023;21:09:00;24.32;;;;1076;04/06/2023;21:10:34;24.38;;;;1076;04/06/2023;21:10:56;24.33;;;;
1077;04/06/2023;21:09:15;24.32;;;;1077;04/06/2023;21:10:49;24.36;;;;1077;04/06/2023;21:11:11;24.33;;;;
1078;04/06/2023;21:09:30;24.33;;;;1078;04/06/2023;21:11:04;24.38;;;;1078;04/06/2023;21:11:26;24.34;;;;
1079;04/06/2023;21:09:45;24.3;;;;1079;04/06/2023;21:11:20;24.37;;;;1079;04/06/2023;21:11:41;24.33;;;;
1080;04/06/2023;21:10:00;24.31;;;;1080;04/06/2023;21:11:35;24.37;;;;1080;04/06/2023;21:11:56;24.34;;;;
1081;04/06/2023;21:10:15;24.34;;;;1081;04/06/2023;21:11:50;24.37;;;;1081;04/06/2023;21:12:11;24.34;;;;
1082;04/06/2023;21:10:30;24.3;;;;1082;04/06/2023;21:12:05;24.4;;;;1082;04/06/2023;21:12:26;24.34;;;;
1083;04/06/2023;21:10:45;24.34;;;;1083;04/06/2023;21:12:20;24.37;;;;1083;04/06/2023;21:12:41;24.34;;;;
1084;04/06/2023;21:11:00;24.31;;;;1084;04/06/2023;21:12:35;24.36;;;;1084;04/06/2023;21:12:56;24.33;;;;
1085;04/06/2023;21:11:15;24.33;;;;1085;04/06/2023;21:12:50;24.38;;;;1085;04/06/2023;21:13:11;24.34;;;;
1086;04/06/2023;21:11:30;24.33;;;;1086;04/06/2023;21:13:05;24.37;;;;1086;04/06/2023;21:13:26;24.32;;;;
1087;04/06/2023;21:11:45;24.33;;;;1087;04/06/2023;21:13:20;24.4;;;;1087;04/06/2023;21:13:41;24.34;;;;
1088;04/06/2023;21:12:00;24.32;;;;1088;04/06/2023;21:13:35;24.38;;;;1088;04/06/2023;21:13:56;24.34;;;;
1089;04/06/2023;21:12:15;24.3;;;;1089;04/06/2023;21:13:50;24.36;;;;1089;04/06/2023;21:14:11;24.33;;;;
1090;04/06/2023;21:12:30;24.33;;;;1090;04/06/2023;21:14:05;24.38;;;;1090;04/06/2023;21:14:26;24.33;;;;
1091;04/06/2023;21:12:45;24.33;;;;1091;04/06/2023;21:14:20;24.37;;;;1091;04/06/2023;21:14:41;24.34;;;;
1092;04/06/2023;21:13:00;24.34;;;;1092;04/06/2023;21:14:35;24.38;;;;1092;04/06/2023;21:14:56;24.34;;;;
1093;04/06/2023;21:13:15;24.31;;;;1093;04/06/2023;21:14:50;24.38;;;;1093;04/06/2023;21:15:11;24.33;;;;
1094;04/06/2023;21:13:30;24.33;;;;1094;04/06/2023;21:15:05;24.37;;;;1094;04/06/2023;21:15:26;24.33;;;;
1095;04/06/2023;21:13:45;24.34;;;;1095;04/06/2023;21:15:20;24.36;;;;1095;04/06/2023;21:15:41;24.33;;;;
1096;04/06/2023;21:14:00;24.32;;;;1096;04/06/2023;21:15:35;24.38;;;;1096;04/06/2023;21:15:56;24.34;;;;
1097;04/06/2023;21:14:15;24.34;;;;1097;04/06/2023;21:15:50;24.37;;;;1097;04/06/2023;21:16:11;24.34;;;;
1098;04/06/2023;21:14:30;24.3;;;;1098;04/06/2023;21:16:05;24.34;;;;1098;04/06/2023;21:16:26;24.34;;;;
1099;04/06/2023;21:14:45;;Missing data;;;1099;04/06/2023;21:16:20;24.37;;;;1099;04/06/2023;21:16:41;24.33;;;;
1100;04/06/2023;21:15:00;24.32;;;;1100;04/06/2023;21:16:35;24.38;;;;1100;04/06/2023;21:16:56;24.34;;;;
1101;04/06/2023;21:15:15;24.31;;;;1101;04/06/2023;21:16:50;24.36;;;;1101;04/06/2023;21:17:11;24.33;;;;
1102;04/06/2023;21:15:30;24.33;;;;1102;04/06/2023;21:17:05;24.34;;;;1102;04/06/2023;21:17:26;24.34;;;;
1103;04/06/2023;21:15:45;24.32;;;;1103;04/06/2023;21:17:20;24.36;;;;1103;04/06/2023;21:17:41;24.32;;;;
1104;04/06/2023;21:16:00;24.31;;;;1104;04/06/2023;21:17:35;24.37;;;;1104;04/06/2023;21:17:56;24.34;;;;
1105;04/06/2023;21:16:15;24.32;;;;1105;04/06/2023;21:17:50;24.38;;;;1105;04/06/2023;21:18:11;24.34;;;;
1106;04/06/2023;21:16:30;24.3;;;;1106;04/06/2023;21:18:05;24.38;;;;1106;04/06/2023;21:18:26;24.32;;;;
1107;04/06/2023;21:16:45;24.32;;;;1107;04/06/2023;21:18:20;24.37;;;;1107;04/06/2023;21:18:41;24.34;;;;
1108;04/06/2023;21:17:00;24.32;;;;1108;04/06/2023;21:18:35;24.34;;;;1108;04/06/2023;21:18:56;24.34;;;;
1109;04/06/2023;21:17:15;24.3;;;;1109;04/06/2023;21:18:50;24.34;;;;1109;04/06/2023;21:19:11;24.31;;;;
1110;04/06/2023;21:17:30;24.31;;;;1110;04/06/2023;21:19:05;24.36;;;;1110;04/06/2023;21:19:26;24.34;;;;
1111;04/06/2023;21:17:45;24.31;;;;1111;04/06/2023;21:19:20;24.36;;;;1111;04/06/2023;21:19:41;24.32;;;;
1112;04/06/2023;21:18:00;24.31;;;;1112;04/06/2023;21:19:35;24.34;;;;1112;04/06/2023;21:19:56;24.33;;;;
1113;04/06/2023;21:18:15;24.31;;;;1113;04/06/2023;21:19:50;24.36;;;;1113;04/06/2023;21:20:11;24.33;;;;
1114;04/06/2023;21:18:30;24.3;;;;1114;04/06/2023;21:20:05;24.37;;;;1114;04/06/2023;21:20:26;24.34;;;;
1115;04/06/2023;21:18:45;24.32;;;;1115;04/06/2023;21:20:20;24.37;;;;1115;04/06/2023;21:20:41;24.32;;;;
1116;04/06/2023;21:19:00;24.31;;;;1116;04/06/2023;21:20:35;24.34;;;;1116;04/06/2023;21:20:56;24.32;;;;
1117;04/06/2023;21:19:15;24.33;;;;1117;04/06/2023;21:20:50;24.36;;;;1117;04/06/2023;21:21:11;24.34;;;;
1118;04/06/2023;21:19:30;24.32;;;;1118;04/06/2023;21:21:05;24.34;;;;1118;04/06/2023;21:21:26;24.32;;;;
1119;04/06/2023;21:19:45;24.32;;;;1119;04/06/2023;21:21:20;24.38;;;;1119;04/06/2023;21:21:41;24.32;;;;
1120;04/06/2023;21:20:00;24.31;;;;1120;04/06/2023;21:21:35;24.38;;;;1120;04/06/2023;21:21:56;24.31;;;;
1121;04/06/2023;21:20:15;24.32;;;;1121;04/06/2023;21:21:50;24.37;;;;1121;04/06/2023;21:22:11;24.34;;;;
1122;04/06/2023;21:20:30;24.31;;;;1122;04/06/2023;21:22:05;24.38;;;;1122;04/06/2023;21:22:26;24.33;;;;
1123;04/06/2023;21:20:45;24.3;;;;1123;04/06/2023;21:22:20;24.36;;;;1123;04/06/2023;21:22:41;24.32;Synchronized;;;
1124;04/06/2023;21:21:00;24.31;;;;1124;04/06/2023;21:22:36;24.38;;;;1124;04/06/2023;21:22:56;24.33;;;;
1125;04/06/2023;21:21:15;24.32;;;;1125;04/06/2023;21:22:51;24.38;;;;1125;04/06/2023;21:23:11;24.33;;;;
1126;04/06/2023;21:21:30;24.31;;;;1126;04/06/2023;21:23:06;24.39;;;;1126;04/06/2023;21:23:26;24.34;;;;
1127;04/06/2023;21:21:45;24.3;;;;1127;04/06/2023;21:23:21;24.34;;;;1127;04/06/2023;21:23:41;24.34;;;;
1128;04/06/2023;21:22:00;24.32;;;;1128;04/06/2023;21:23:36;24.36;;;;1128;04/06/2023;21:23:56;24.33;;;;
1129;04/06/2023;21:22:15;24.31;;;;1129;04/06/2023;21:23:51;24.37;;;;1129;04/06/2023;21:24:11;24.32;;;;
1130;04/06/2023;21:22:30;24.33;;;;1130;04/06/2023;21:24:06;24.37;;;;1130;04/06/2023;21:24:26;24.34;;;;
1131;04/06/2023;21:22:45;24.29;;;;1131;04/06/2023;21:24:21;24.37;;;;1131;04/06/2023;21:24:41;24.33;;;;
1132;04/06/2023;21:23:00;24.3;;;;1132;04/06/2023;21:24:36;24.36;;;;1132;04/06/2023;21:24:56;24.32;;;;
1133;04/06/2023;21:23:15;24.3;;;;1133;04/06/2023;21:24:51;24.37;;;;1133;04/06/2023;21:25:11;24.34;;;;
1134;04/06/2023;21:23:30;24.3;;;;1134;04/06/2023;21:25:06;24.38;;;;1134;04/06/2023;21:25:26;24.33;;;;
1135;04/06/2023;21:23:45;24.29;;;;1135;04/06/2023;21:25:21;24.34;;;;1135;04/06/2023;21:25:41;24.34;;;;
1136;04/06/2023;21:24:00;24.3;;;;1136;04/06/2023;21:25:36;24.34;;;;1136;04/06/2023;21:25:56;24.34;;;;
1137;04/06/2023;21:24:15;24.3;;;;1137;04/06/2023;21:25:51;24.38;;;;1137;04/06/2023;21:26:11;24.31;;;;
1138;04/06/2023;21:24:30;24.3;;;;1138;04/06/2023;21:26:06;24.34;;;;1138;04/06/2023;21:26:26;24.33;;;;
1139;04/06/2023;21:24:45;24.31;;;;1139;04/06/2023;21:26:21;24.36;;;;1139;04/06/2023;21:26:41;24.34;;;;
1140;04/06/2023;21:25:00;24.31;;;;1140;04/06/2023;21:26:36;24.34;;;;1140;04/06/2023;21:26:56;24.33;;;;
1141;04/06/2023;21:25:15;24.31;;;;1141;04/06/2023;21:26:51;24.34;;;;1141;04/06/2023;21:27:11;24.33;;;;
1142;04/06/2023;21:25:30;24.3;;;;1142;04/06/2023;21:27:06;24.34;;;;1142;04/06/2023;21:27:26;24.3;;;;
1143;04/06/2023;21:25:45;24.3;;;;1143;04/06/2023;21:27:21;24.34;;;;1143;04/06/2023;21:27:41;24.32;;;;
1144;04/06/2023;21:26:00;24.3;;;;1144;04/06/2023;21:27:36;24.34;;;;1144;04/06/2023;21:27:56;24.3;;;;
1145;04/06/2023;21:26:15;24.32;;;;1145;04/06/2023;21:27:51;24.36;;;;1145;04/06/2023;21:28:11;24.32;;;;
1146;04/06/2023;21:26:30;24.31;;;;1146;04/06/2023;21:28:06;24.37;;;;1146;04/06/2023;21:28:26;24.3;;;;
1147;04/06/2023;21:26:45;24.31;;;;1147;04/06/2023;21:28:21;24.34;;;;1147;04/06/2023;21:28:41;24.32;;;;
1148;04/06/2023;21:27:00;24.3;;;;1148;04/06/2023;21:28:37;24.38;;;;1148;04/06/2023;21:28:56;24.32;;;;
1149;04/06/2023;21:27:15;24.32;;;;1149;04/06/2023;21:28:52;24.34;;;;1149;04/06/2023;21:29:11;24.32;;;;
1150;04/06/2023;21:27:30;24.3;;;;1150;04/06/2023;21:29:07;24.34;;;;1150;04/06/2023;21:29:26;24.33;;;;
1151;04/06/2023;21:27:45;24.3;;;;1151;04/06/2023;21:29:22;24.34;;;;1151;04/06/2023;21:29:41;24.31;;;;
1152;04/06/2023;21:28:00;24.3;;;;1152;04/06/2023;21:29:37;24.37;;;;1152;04/06/2023;21:29:56;24.32;;;;
1153;04/06/2023;21:28:15;24.31;;;;1153;04/06/2023;21:29:52;24.36;;;;1153;04/06/2023;21:30:11;24.32;;;;
1154;04/06/2023;21:28:30;24.3;;;;1154;04/06/2023;21:30:07;24.37;;;;1154;04/06/2023;21:30:26;24.34;;;;
1155;04/06/2023;21:28:45;24.3;;;;1155;04/06/2023;21:30:22;24.36;;;;1155;04/06/2023;21:30:41;24.3;;;;
1156;04/06/2023;21:29:00;24.32;;;;1156;04/06/2023;21:30:37;24.34;;;;1156;04/06/2023;21:30:56;24.31;;;;
1157;04/06/2023;21:29:15;24.3;;;;1157;04/06/2023;21:30:52;24.34;;;;1157;04/06/2023;21:31:11;24.33;;;;
1158;04/06/2023;21:29:30;24.32;;;;1158;04/06/2023;21:31:07;24.34;;;;1158;04/06/2023;21:31:26;24.31;;;;
1159;04/06/2023;21:29:45;24.29;;;;1159;04/06/2023;21:31:22;24.34;;;;1159;04/06/2023;21:31:41;24.3;;;;
1160;04/06/2023;21:30:00;24.29;;;;1160;04/06/2023;21:31:37;24.34;;;;1160;04/06/2023;21:31:56;24.31;;;;
1161;04/06/2023;21:30:15;24.29;;;;1161;04/06/2023;21:31:52;24.37;;;;1161;04/06/2023;21:32:10;24.32;;;;
1162;04/06/2023;21:30:30;24.3;;;;1162;04/06/2023;21:32:07;24.34;Synchronized;;;1162;04/06/2023;21:32:25;24.31;;;;
1163;04/06/2023;21:30:45;24.3;;;;1163;04/06/2023;21:32:22;24.37;;;;1163;04/06/2023;21:32:40;24.3;;;;
1164;04/06/2023;21:31:00;24.29;;;;1164;04/06/2023;21:32:37;24.33;;;;1164;04/06/2023;21:32:55;24.31;;;;
1165;04/06/2023;21:31:15;24.31;;;;1165;04/06/2023;21:32:52;24.37;;;;1165;04/06/2023;21:33:10;24.32;;;;
1166;04/06/2023;21:31:30;24.29;;;;1166;04/06/2023;21:33:07;24.34;;;;1166;04/06/2023;21:33:25;24.34;;;;
1167;04/06/2023;21:31:45;24.3;;;;1167;04/06/2023;21:33:22;24.34;;;;1167;04/06/2023;21:33:40;24.31;;;;
1168;04/06/2023;21:32:00;24.3;;;;1168;04/06/2023;21:33:37;24.34;;;;1168;04/06/2023;21:33:55;24.3;;;;
1169;04/06/2023;21:32:15;24.3;;;;1169;04/06/2023;21:33:52;24.38;;;;1169;04/06/2023;21:34:10;24.31;;;;
1170;04/06/2023;21:32:30;24.3;;;;1170;04/06/2023;21:34:07;24.36;;;;1170;04/06/2023;21:34:25;24.3;;;;
1171;04/06/2023;21:32:45;24.3;;;;1171;04/06/2023;21:34:22;24.34;;;;1171;04/06/2023;21:34:40;24.31;;;;
1172;04/06/2023;21:33:00;24.3;;;;1172;04/06/2023;21:34:37;24.34;;;;1172;04/06/2023;21:34:55;24.32;;;;
1173;04/06/2023;21:33:15;24.29;;;;1173;04/06/2023;21:34:52;24.34;;;;1173;04/06/2023;21:35:10;24.3;;;;
1174;04/06/2023;21:33:30;24.3;;;;1174;04/06/2023;21:35:07;24.34;;;;1174;04/06/2023;21:35:25;24.3;;;;
1175;04/06/2023;21:33:45;24.3;;;;1175;04/06/2023;21:35:23;24.34;;;;1175;04/06/2023;21:35:40;24.33;;;;
1176;04/06/2023;21:34:00;24.28;;;;1176;04/06/2023;21:35:38;24.36;;;;1176;04/06/2023;21:35:55;24.31;;;;
1177;04/06/2023;21:34:15;24.3;;;;1177;04/06/2023;21:35:53;24.36;;;;1177;04/06/2023;21:36:10;24.31;;;;
1178;04/06/2023;21:34:30;24.32;;;;1178;04/06/2023;21:36:08;24.34;;;;1178;04/06/2023;21:36:25;24.3;;;;
1179;04/06/2023;21:34:45;24.3;;;;1179;04/06/2023;21:36:23;24.37;Synchronized;;;1179;04/06/2023;21:36:40;24.3;Synchronized;;;
1180;04/06/2023;21:35:00;24.3;;;;1180;04/06/2023;21:36:38;24.36;;;;1180;04/06/2023;21:36:55;24.3;;;;
1181;04/06/2023;21:35:15;24.29;;;;1181;04/06/2023;21:36:53;24.34;;;;1181;04/06/2023;21:37:10;24.31;;;;
1182;04/06/2023;21:35:30;24.3;;;;1182;04/06/2023;21:37:08;24.33;;;;1182;04/06/2023;21:37:25;24.31;;;;
1183;04/06/2023;21:35:45;24.29;;;;1183;04/06/2023;21:37:23;24.34;;;;1183;04/06/2023;21:37:40;24.31;;;;
1184;04/06/2023;21:36:00;24.29;;;;1184;04/06/2023;21:37:38;24.34;;;;1184;04/06/2023;21:37:55;24.3;;;;
1185;04/06/2023;21:36:15;24.29;;;;1185;04/06/2023;21:37:53;24.34;;;;1185;04/06/2023;21:38:10;24.32;;;;
1186;04/06/2023;21:36:30;24.31;;;;1186;04/06/2023;21:38:08;24.36;;;;1186;04/06/2023;21:38:25;24.3;;;;
1187;04/06/2023;21:36:45;24.28;;;;1187;04/06/2023;21:38:23;24.34;;;;1187;04/06/2023;21:38:40;24.3;;;;
1188;04/06/2023;21:37:00;24.29;;;;1188;04/06/2023;21:38:38;24.33;;;;1188;04/06/2023;21:38:56;24.3;;;;
1189;04/06/2023;21:37:15;24.3;;;;1189;04/06/2023;21:38:53;24.34;;;;1189;04/06/2023;21:39:11;24.3;;;;
1190;04/06/2023;21:37:30;24.29;;;;1190;04/06/2023;21:39:08;24.34;;;;1190;04/06/2023;21:39:26;24.32;;;;
1191;04/06/2023;21:37:45;24.3;;;;1191;04/06/2023;21:39:23;24.34;;;;1191;04/06/2023;21:39:41;24.3;;;;
1192;04/06/2023;21:38:00;24.28;;;;1192;04/06/2023;21:39:38;24.34;;;;1192;04/06/2023;21:39:56;24.29;;;;
1193;04/06/2023;21:38:15;24.3;;;;1193;04/06/2023;21:39:53;24.34;;;;1193;04/06/2023;21:40:11;24.3;Synchronized;;;
1194;04/06/2023;21:38:30;24.29;;;;1194;04/06/2023;21:40:08;24.34;;;;1194;04/06/2023;21:40:26;24.3;;;;
1195;04/06/2023;21:38:45;24.29;;;;1195;04/06/2023;21:40:23;24.34;;;;1195;04/06/2023;21:40:41;24.29;;;;
1196;04/06/2023;21:39:00;24.29;;;;1196;04/06/2023;21:40:38;24.34;;;;1196;04/06/2023;21:40:55;24.3;;;;
1197;04/06/2023;21:39:15;24.27;;;;1197;04/06/2023;21:40:53;24.33;;;;1197;04/06/2023;21:41:10;24.3;;;;
1198;04/06/2023;21:39:30;24.28;;;;1198;04/06/2023;21:41:08;24.33;;;;1198;04/06/2023;21:41:25;24.3;;;;
1199;04/06/2023;21:39:45;24.3;;;;1199;04/06/2023;21:41:23;24.36;;;;1199;04/06/2023;21:41:40;24.3;;;;
1200;04/06/2023;21:40:00;24.27;;;;1200;04/06/2023;21:41:38;24.34;;;;1200;04/06/2023;21:41:55;24.27;;;;
1201;04/06/2023;21:40:15;24.3;;;;1201;04/06/2023;21:41:53;24.36;;;;1201;04/06/2023;21:42:10;24.3;;;;
1202;04/06/2023;21:40:30;24.28;;;;1202;04/06/2023;21:42:08;24.34;;;;1202;04/06/2023;21:42:26;24.31;;;;
1203;04/06/2023;21:40:45;24.28;;;;1203;04/06/2023;21:42:23;24.32;;;;1203;04/06/2023;21:42:41;24.29;;;;
1204;04/06/2023;21:41:00;24.28;;;;1204;04/06/2023;21:42:38;24.33;;;;1204;04/06/2023;21:42:56;24.3;;;;
1205;04/06/2023;21:41:15;24.3;;;;1205;04/06/2023;21:42:53;24.34;;;;1205;04/06/2023;21:43:11;24.3;;;;
1206;04/06/2023;21:41:30;24.29;;;;1206;04/06/2023;21:43:08;24.33;;;;1206;04/06/2023;21:43:26;24.3;;;;
1207;04/06/2023;21:41:45;24.29;;;;1207;04/06/2023;21:43:23;24.34;;;;1207;04/06/2023;21:43:41;24.3;;;;
1208;04/06/2023;21:42:00;24.28;;;;1208;04/06/2023;21:43:38;24.34;;;;1208;04/06/2023;21:43:56;24.3;;;;
1209;04/06/2023;21:42:15;24.28;;;;1209;04/06/2023;21:43:53;24.32;;;;1209;04/06/2023;21:44:11;24.3;;;;
1210;04/06/2023;21:42:30;24.28;;;;1210;04/06/2023;21:44:08;24.34;;;;1210;04/06/2023;21:44:26;24.29;;;;
1211;04/06/2023;21:42:45;24.26;;;;1211;04/06/2023;21:44:23;24.34;;;;1211;04/06/2023;21:44:41;24.29;;;;
1212;04/06/2023;21:43:00;24.27;;;;1212;04/06/2023;21:44:38;24.34;;;;1212;04/06/2023;21:44:56;24.27;;;;
1213;04/06/2023;21:43:15;24.29;;;;1213;04/06/2023;21:44:53;24.34;;;;1213;04/06/2023;21:45:11;24.3;;;;
1214;04/06/2023;21:43:30;24.3;;;;1214;04/06/2023;21:45:08;24.32;;;;1214;04/06/2023;21:45:26;24.3;;;;
1215;04/06/2023;21:43:45;24.26;;;;1215;04/06/2023;21:45:23;24.32;;;;1215;04/06/2023;21:45:41;24.3;;;;
1216;04/06/2023;21:44:00;24.28;;;;1216;04/06/2023;21:45:38;24.32;;;;1216;04/06/2023;21:45:56;24.31;;;;
1217;04/06/2023;21:44:15;24.29;;;;1217;04/06/2023;21:45:53;24.32;;;;1217;04/06/2023;21:46:11;24.29;;;;
1218;04/06/2023;21:44:30;24.29;;;;1218;04/06/2023;21:46:08;24.34;;;;1218;04/06/2023;21:46:26;24.3;Synchronized;;;
1219;04/06/2023;21:44:45;24.28;;;;1219;04/06/2023;21:46:23;24.33;;;;1219;04/06/2023;21:46:40;24.3;;;;
1220;04/06/2023;21:45:00;24.28;;;;1220;04/06/2023;21:46:38;24.32;;;;1220;04/06/2023;21:46:55;24.31;;;;
1221;04/06/2023;21:45:15;24.27;;;;1221;04/06/2023;21:46:53;24.34;;;;1221;04/06/2023;21:47:10;24.26;;;;
1222;04/06/2023;21:45:30;24.27;;;;1222;04/06/2023;21:47:09;24.34;;;;1222;04/06/2023;21:47:25;24.27;;;;
1223;04/06/2023;21:45:45;24.28;;;;1223;04/06/2023;21:47:24;24.36;;;;1223;04/06/2023;21:47:40;24.27;;;;
1224;04/06/2023;21:46:00;24.27;;;;1224;04/06/2023;21:47:39;24.34;;;;1224;04/06/2023;21:47:55;24.3;;;;
1225;04/06/2023;21:46:15;24.27;;;;1225;04/06/2023;21:47:54;24.32;;;;1225;04/06/2023;21:48:10;24.29;;;;
1226;04/06/2023;21:46:30;24.27;;;;1226;04/06/2023;21:48:09;24.34;;;;1226;04/06/2023;21:48:25;24.29;;;;
1227;04/06/2023;21:46:45;24.29;;;;1227;04/06/2023;21:48:24;24.32;;;;1227;04/06/2023;21:48:41;24.29;;;;
1228;04/06/2023;21:47:00;24.28;;;;1228;04/06/2023;21:48:39;24.33;;;;1228;04/06/2023;21:48:56;24.3;;;;
1229;04/06/2023;21:47:15;24.28;;;;1229;04/06/2023;21:48:54;24.33;;;;1229;04/06/2023;21:49:11;24.3;;;;
1230;04/06/2023;21:47:30;24.28;;;;1230;04/06/2023;21:49:09;24.33;;;;1230;04/06/2023;21:49:26;24.27;;;;
1231;04/06/2023;21:47:45;24.27;;;;1231;04/06/2023;21:49:24;24.36;;;;1231;04/06/2023;21:49:41;24.29;;;;
1232;04/06/2023;21:48:00;24.28;;;;1232;04/06/2023;21:49:39;24.32;;;;1232;04/06/2023;21:49:56;24.29;;;;
1233;04/06/2023;21:48:15;24.27;;;;1233;04/06/2023;21:49:54;24.34;;;;1233;04/06/2023;21:50:11;24.29;;;;
1234;04/06/2023;21:48:30;24.26;;;;1234;04/06/2023;21:50:09;24.31;;;;1234;04/06/2023;21:50:26;24.29;;;;
1235;04/06/2023;21:48:45;24.26;;;;1235;04/06/2023;21:50:24;24.34;;;;1235;04/06/2023;21:50:41;24.29;;;;
1236;04/06/2023;21:49:00;24.26;;;;1236;04/06/2023;21:50:39;24.33;;;;1236;04/06/2023;21:50:56;24.29;;;;
1237;04/06/2023;21:49:15;24.29;;;;1237;04/06/2023;21:50:54;24.33;;;;1237;04/06/2023;21:51:10;24.29;;;;
1238;04/06/2023;21:49:30;24.27;;;;1238;04/06/2023;21:51:09;24.34;;;;1238;04/06/2023;21:51:25;24.27;;;;
1239;04/06/2023;21:49:45;24.24;;;;1239;04/06/2023;21:51:24;24.31;;;;1239;04/06/2023;21:51:40;24.27;;;;
1240;04/06/2023;21:50:00;24.27;;;;1240;04/06/2023;21:51:39;24.34;;;;1240;04/06/2023;21:51:55;24.27;;;;
1241;04/06/2023;21:50:15;24.27;;;;1241;04/06/2023;21:51:54;24.33;;;;1241;04/06/2023;21:52:10;24.27;;;;
1242;04/06/2023;21:50:30;24.27;;;;1242;04/06/2023;21:52:09;24.33;;;;1242;04/06/2023;21:52:25;24.29;;;;
1243;04/06/2023;21:50:45;24.26;;;;1243;04/06/2023;21:52:24;24.31;;;;1243;04/06/2023;21:52:40;24.27;;;;
1244;04/06/2023;21:51:00;24.26;;;;1244;04/06/2023;21:52:39;24.33;;;;1244;04/06/2023;21:52:55;24.3;;;;
1245;04/06/2023;21:51:15;24.27;;;;1245;04/06/2023;21:52:54;24.33;;;;1245;04/06/2023;21:53:10;24.3;;;;
1246;04/06/2023;21:51:30;24.26;;;;1246;04/06/2023;21:53:09;24.33;;;;1246;04/06/2023;21:53:25;24.29;;;;
1247;04/06/2023;21:51:45;24.27;;;;1247;04/06/2023;21:53:24;24.32;;;;1247;04/06/2023;21:53:40;24.29;;;;
1248;04/06/2023;21:52:00;24.28;;;;1248;04/06/2023;21:53:39;24.3;;;;1248;04/06/2023;21:53:55;24.27;;;;
1249;04/06/2023;21:52:15;24.26;;;;1249;04/06/2023;21:53:54;24.32;;;;1249;04/06/2023;21:54:10;24.27;;;;
1250;04/06/2023;21:52:30;24.26;;;;1250;04/06/2023;21:54:09;24.34;;;;1250;04/06/2023;21:54:25;24.27;;;;
1251;04/06/2023;21:52:45;24.26;;;;1251;04/06/2023;21:54:24;24.33;;;;1251;04/06/2023;21:54:40;24.27;Synchronized;;;
1252;04/06/2023;21:53:00;24.25;;;;1252;04/06/2023;21:54:39;24.32;;;;1252;04/06/2023;21:54:55;24.27;;;;
1253;04/06/2023;21:53:15;24.25;;;;1253;04/06/2023;21:54:54;24.31;;;;1253;04/06/2023;21:55:10;24.26;;;;
1254;04/06/2023;21:53:30;24.28;;;;1254;04/06/2023;21:55:09;24.31;;;;1254;04/06/2023;21:55:25;24.29;;;;
1255;04/06/2023;21:53:45;24.25;;;;1255;04/06/2023;21:55:24;24.32;;;;1255;04/06/2023;21:55:40;24.27;;;;
1256;04/06/2023;21:54:00;24.29;;;;1256;04/06/2023;21:55:39;24.31;;;;1256;04/06/2023;21:55:55;24.27;Synchronized;;;
1257;04/06/2023;21:54:15;24.23;;;;1257;04/06/2023;21:55:54;24.32;Synchronized;;;1257;04/06/2023;21:56:10;24.27;;;;
1258;04/06/2023;21:54:30;24.25;;;;1258;04/06/2023;21:56:09;24.31;;;;1258;04/06/2023;21:56:25;24.27;;;;
1259;04/06/2023;21:54:45;24.26;;;;1259;04/06/2023;21:56:24;24.3;;;;1259;04/06/2023;21:56:40;24.27;;;;
1260;04/06/2023;21:55:00;24.26;;;;1260;04/06/2023;21:56:39;24.31;;;;1260;04/06/2023;21:56:55;24.29;;;;
1261;04/06/2023;21:55:15;;Missing data;;;1261;04/06/2023;21:56:54;24.33;;;;1261;04/06/2023;21:57:10;24.27;;;;
1262;04/06/2023;21:55:30;24.27;;;;1262;04/06/2023;21:57:09;24.32;;;;1262;04/06/2023;21:57:25;24.26;;;;
1263;04/06/2023;21:55:45;24.26;;;;1263;04/06/2023;21:57:24;24.32;;;;1263;04/06/2023;21:57:40;24.27;;;;
1264;04/06/2023;21:56:00;24.27;;;;1264;04/06/2023;21:57:39;24.3;;;;1264;04/06/2023;21:57:55;24.26;;;;
1265;04/06/2023;21:56:15;24.27;;;;1265;04/06/2023;21:57:54;24.3;;;;1265;04/06/2023;21:58:10;24.27;;;;
1266;04/06/2023;21:56:30;24.25;;;;1266;04/06/2023;21:58:09;24.3;;;;1266;04/06/2023;21:58:25;24.29;;;;
1267;04/06/2023;21:56:45;24.25;;;;1267;04/06/2023;21:58:24;24.3;;;;1267;04/06/2023;21:58:40;24.27;;;;
1268;04/06/2023;21:57:00;24.25;;;;1268;04/06/2023;21:58:39;24.32;;;;1268;04/06/2023;21:58:55;24.27;;;;
1269;04/06/2023;21:57:15;24.27;;;;1269;04/06/2023;21:58:54;24.32;;;;1269;04/06/2023;21:59:10;24.25;;;;
1270;04/06/2023;21:57:30;24.26;;;;1270;04/06/2023;21:59:09;24.32;;;;1270;04/06/2023;21:59:25;24.27;;;;
1271;04/06/2023;21:57:45;24.26;;;;1271;04/06/2023;21:59:24;24.31;;;;1271;04/06/2023;21:59:40;24.27;;;;
1272;04/06/2023;21:58:00;24.26;;;;1272;04/06/2023;21:59:39;24.3;;;;1272;04/06/2023;21:59:55;24.27;;;;
1273;04/06/2023;21:58:15;24.27;;;;1273;04/06/2023;21:59:54;24.33;;;;1273;04/06/2023;22:00:10;24.26;;;;
1274;04/06/2023;21:58:30;24.25;;;;1274;04/06/2023;22:00:10;24.32;;;;1274;04/06/2023;22:00:25;24.27;;;;
1275;04/06/2023;21:58:45;24.26;;;;1275;04/06/2023;22:00:25;24.31;;;;1275;04/06/2023;22:00:40;24.27;;;;
1276;04/06/2023;21:59:00;24.26;;;;1276;04/06/2023;22:00:40;24.31;;;;1276;04/06/2023;22:00:55;24.25;;;;
1277;04/06/2023;21:59:15;24.25;;;;1277;04/06/2023;22:00:55;24.31;;;;1277;04/06/2023;22:01:10;24.27;;;;
1278;04/06/2023;21:59:30;24.27;;;;1278;04/06/2023;22:01:10;24.3;;;;1278;04/06/2023;22:01:25;24.27;;;;
1279;04/06/2023;21:59:45;24.26;;;;1279;04/06/2023;22:01:25;24.32;;;;1279;04/06/2023;22:01:40;24.27;;;;
1280;04/06/2023;22:00:00;24.26;;;;1280;04/06/2023;22:01:40;24.3;;;;1280;04/06/2023;22:01:55;24.3;;;;
1281;04/06/2023;22:00:15;24.27;;;;1281;04/06/2023;22:01:55;24.31;;;;1281;04/06/2023;22:02:11;24.27;;;;
1282;04/06/2023;22:00:30;24.27;;;;1282;04/06/2023;22:02:10;24.3;;;;1282;04/06/2023;22:02:26;24.27;;;;
1283;04/06/2023;22:00:45;24.26;;;;1283;04/06/2023;22:02:25;24.31;;;;1283;04/06/2023;22:02:41;24.27;;;;
1284;04/06/2023;22:01:00;24.25;;;;1284;04/06/2023;22:02:40;24.31;;;;1284;04/06/2023;22:02:56;24.29;;;;
1285;04/06/2023;22:01:15;24.25;;;;1285;04/06/2023;22:02:55;24.3;;;;1285;04/06/2023;22:03:11;24.27;;;;
1286;04/06/2023;22:01:30;24.26;;;;1286;04/06/2023;22:03:10;24.33;;;;1286;04/06/2023;22:03:26;24.27;;;;
1287;04/06/2023;22:01:45;24.25;;;;1287;04/06/2023;22:03:25;24.33;;;;1287;04/06/2023;22:03:41;24.27;;;;
1288;04/06/2023;22:02:00;24.26;;;;1288;04/06/2023;22:03:40;24.33;;;;1288;04/06/2023;22:03:56;24.3;;;;
1289;04/06/2023;22:02:15;24.25;;;;1289;04/06/2023;22:03:55;24.31;;;;1289;04/06/2023;22:04:11;24.27;;;;
1290;04/06/2023;22:02:30;24.25;;;;1290;04/06/2023;22:04:10;24.3;;;;1290;04/06/2023;22:04:26;24.27;;;;
1291;04/06/2023;22:02:45;24.24;;;;1291;04/06/2023;22:04:25;24.32;;;;1291;04/06/2023;22:04:41;24.27;;;;
1292;04/06/2023;22:03:00;24.26;;;;1292;04/06/2023;22:04:40;24.32;;;;1292;04/06/2023;22:04:56;24.27;;;;
1293;04/06/2023;22:03:15;24.25;;;;1293;04/06/2023;22:04:55;24.31;;;;1293;04/06/2023;22:05:11;24.27;;;;
1294;04/06/2023;22:03:30;24.26;;;;1294;04/06/2023;22:05:10;24.28;;;;1294;04/06/2023;22:05:26;24.26;;;;
1295;04/06/2023;22:03:45;24.25;;;;1295;04/06/2023;22:05:25;24.33;;;;1295;04/06/2023;22:05:41;24.27;;;;
1296;04/06/2023;22:04:00;24.27;;;;1296;04/06/2023;22:05:40;24.32;;;;1296;04/06/2023;22:05:56;24.27;;;;
1297;04/06/2023;22:04:15;24.24;;;;1297;04/06/2023;22:05:55;24.31;;;;1297;04/06/2023;22:06:11;24.26;;;;
1298;04/06/2023;22:04:30;24.24;;;;1298;04/06/2023;22:06:10;24.33;;;;1298;04/06/2023;22:06:26;24.27;Synchronized;;;
1299;04/06/2023;22:04:45;24.28;;;;1299;04/06/2023;22:06:25;24.3;;;;1299;04/06/2023;22:06:41;24.27;;;;
1300;04/06/2023;22:05:00;;Missing data;;;1300;04/06/2023;22:06:40;24.31;;;;1300;04/06/2023;22:06:56;24.25;;;;
1301;04/06/2023;22:05:15;24.25;;;;1301;04/06/2023;22:06:55;24.3;;;;1301;04/06/2023;22:07:11;24.27;;;;
1302;04/06/2023;22:05:30;24.25;;;;1302;04/06/2023;22:07:10;24.3;;;;1302;04/06/2023;22:07:26;24.25;;;;
1303;04/06/2023;22:05:45;24.26;;;;1303;04/06/2023;22:07:25;24.33;;;;1303;04/06/2023;22:07:41;24.26;;;;
1304;04/06/2023;22:06:00;24.23;;;;1304;04/06/2023;22:07:40;24.3;;;;1304;04/06/2023;22:07:56;24.27;;;;
1305;04/06/2023;22:06:15;24.25;;;;1305;04/06/2023;22:07:55;24.3;;;;1305;04/06/2023;22:08:11;24.25;;;;
1306;04/06/2023;22:06:30;24.23;;;;1306;04/06/2023;22:08:10;24.31;;;;1306;04/06/2023;22:08:26;24.27;;;;
1307;04/06/2023;22:06:45;24.25;;;;1307;04/06/2023;22:08:25;24.3;;;;1307;04/06/2023;22:08:41;24.27;;;;
1308;04/06/2023;22:07:00;24.26;;;;1308;04/06/2023;22:08:40;24.3;;;;1308;04/06/2023;22:08:56;24.27;;;;
1309;04/06/2023;22:07:15;24.24;;;;1309;04/06/2023;22:08:55;24.31;;;;1309;04/06/2023;22:09:11;24.27;;;;
1310;04/06/2023;22:07:30;24.24;;;;1310;04/06/2023;22:09:10;24.3;;;;1310;04/06/2023;22:09:26;24.24;;;;
1311;04/06/2023;22:07:45;24.26;;;;1311;04/06/2023;22:09:25;24.31;;;;1311;04/06/2023;22:09:41;24.27;;;;
1312;04/06/2023;22:08:00;24.26;;;;1312;04/06/2023;22:09:40;24.31;;;;1312;04/06/2023;22:09:56;24.27;;;;
1313;04/06/2023;22:08:15;24.23;;;;1313;04/06/2023;22:09:56;24.32;;;;1313;04/06/2023;22:10:11;24.27;;;;
1314;04/06/2023;22:08:30;24.23;;;;1314;04/06/2023;22:10:11;24.3;;;;1314;04/06/2023;22:10:26;24.25;;;;
1315;04/06/2023;22:08:45;24.25;;;;1315;04/06/2023;22:10:26;24.31;;;;1315;04/06/2023;22:10:41;24.27;;;;
1316;04/06/2023;22:09:00;24.23;;;;1316;04/06/2023;22:10:41;24.3;;;;1316;04/06/2023;22:10:56;24.26;;;;
1317;04/06/2023;22:09:15;24.26;;;;1317;04/06/2023;22:10:56;24.31;;;;1317;04/06/2023;22:11:11;24.26;;;;
1318;04/06/2023;22:09:30;24.25;;;;1318;04/06/2023;22:11:11;24.31;;;;1318;04/06/2023;22:11:26;24.27;;;;
1319;04/06/2023;22:09:45;24.24;;;;1319;04/06/2023;22:11:26;24.3;;;;1319;04/06/2023;22:11:41;24.25;;;;
1320;04/06/2023;22:10:00;24.23;;;;1320;04/06/2023;22:11:41;24.3;;;;1320;04/06/2023;22:11:56;24.25;;;;
1321;04/06/2023;22:10:15;24.24;;;;1321;04/06/2023;22:11:56;24.29;;;;1321;04/06/2023;22:12:11;24.26;;;;
1322;04/06/2023;22:10:30;24.25;;;;1322;04/06/2023;22:12:11;24.3;;;;1322;04/06/2023;22:12:26;24.25;;;;
1323;04/06/2023;22:10:45;24.24;;;;1323;04/06/2023;22:12:26;24.31;;;;1323;04/06/2023;22:12:41;24.23;Synchronized;;;
1324;04/06/2023;22:11:00;24.23;;;;1324;04/06/2023;22:12:41;24.3;;;;1324;04/06/2023;22:12:56;24.26;;;;
1325;04/06/2023;22:11:15;24.24;;;;1325;04/06/2023;22:12:56;24.3;;;;1325;04/06/2023;22:13:11;24.26;;;;
1326;04/06/2023;22:11:30;24.25;;;;1326;04/06/2023;22:13:11;24.31;;;;1326;04/06/2023;22:13:26;24.26;;;;
1327;04/06/2023;22:11:45;24.23;;;;1327;04/06/2023;22:13:26;24.31;;;;1327;04/06/2023;22:13:41;24.27;;;;
1328;04/06/2023;22:12:00;24.25;;;;1328;04/06/2023;22:13:41;24.3;;;;1328;04/06/2023;22:13:56;24.27;;;;
1329;04/06/2023;22:12:15;24.26;;;;1329;04/06/2023;22:13:56;24.3;;;;1329;04/06/2023;22:14:11;24.26;;;;
1330;04/06/2023;22:12:30;24.23;;;;1330;04/06/2023;22:14:11;24.31;;;;1330;04/06/2023;22:14:26;24.27;;;;
1331;04/06/2023;22:12:45;24.25;;;;1331;04/06/2023;22:14:26;24.3;;;;1331;04/06/2023;22:14:41;24.27;;;;
1332;04/06/2023;22:13:00;24.27;;;;1332;04/06/2023;22:14:41;24.3;;;;1332;04/06/2023;22:14:56;24.26;;;;
1333;04/06/2023;22:13:15;24.24;;;;1333;04/06/2023;22:14:56;24.31;;;;1333;04/06/2023;22:15:11;24.27;;;;
1334;04/06/2023;22:13:30;24.23;;;;1334;04/06/2023;22:15:11;24.3;;;;1334;04/06/2023;22:15:26;24.26;;;;
1335;04/06/2023;22:13:45;;Missing data;;;1335;04/06/2023;22:15:26;24.3;;;;1335;04/06/2023;22:15:41;24.27;;;;
1336;04/06/2023;22:14:00;24.23;;;;1336;04/06/2023;22:15:41;24.3;;;;1336;04/06/2023;22:15:56;24.25;;;;
1337;04/06/2023;22:14:15;24.22;;;;1337;04/06/2023;22:15:56;24.29;;;;1337;04/06/2023;22:16:11;24.24;;;;
1338;04/06/2023;22:14:30;24.24;;;;1338;04/06/2023;22:16:11;24.3;;;;1338;04/06/2023;22:16:26;24.27;;;;
1339;04/06/2023;22:14:45;24.24;;;;1339;04/06/2023;22:16:26;24.31;;;;1339;04/06/2023;22:16:41;24.25;;;;
1340;04/06/2023;22:15:00;24.23;;;;1340;04/06/2023;22:16:41;24.3;;;;1340;04/06/2023;22:16:56;24.24;;;;
1341;04/06/2023;22:15:15;24.23;;;;1341;04/06/2023;22:16:56;24.32;;;;1341;04/06/2023;22:17:11;24.27;;;;
1342;04/06/2023;22:15:30;24.23;;;;1342;04/06/2023;22:17:11;24.29;;;;1342;04/06/2023;22:17:26;24.27;;;;
1343;04/06/2023;22:15:45;24.23;;;;1343;04/06/2023;22:17:26;24.3;;;;1343;04/06/2023;22:17:41;24.26;;;;
1344;04/06/2023;22:16:00;24.23;;;;1344;04/06/2023;22:17:41;24.3;;;;1344;04/06/2023;22:17:56;24.24;;;;
1345;04/06/2023;22:16:15;24.24;;;;1345;04/06/2023;22:17:56;24.3;;;;1345;04/06/2023;22:18:11;24.26;;;;
1346;04/06/2023;22:16:30;24.23;;;;1346;04/06/2023;22:18:11;24.3;;;;1346;04/06/2023;22:18:26;24.27;;;;
1347;04/06/2023;22:16:45;24.24;;;;1347;04/06/2023;22:18:27;24.28;;;;1347;04/06/2023;22:18:41;24.24;;;;
1348;04/06/2023;22:17:00;24.24;;;;1348;04/06/2023;22:18:42;24.3;;;;1348;04/06/2023;22:18:56;24.26;;;;
1349;04/06/2023;22:17:15;24.23;;;;1349;04/06/2023;22:18:57;24.3;Synchronized;;;1349;04/06/2023;22:19:11;24.27;Synchronized;;;
1350;04/06/2023;22:17:30;24.23;;;;1350;04/06/2023;22:19:12;24.3;;;;1350;04/06/2023;22:19:26;24.25;;;;
1351;04/06/2023;22:17:45;24.25;;;;1351;04/06/2023;22:19:27;24.29;;;;1351;04/06/2023;22:19:41;24.25;;;;
1352;04/06/2023;22:18:00;24.23;;;;1352;04/06/2023;22:19:42;24.3;;;;1352;04/06/2023;22:19:56;24.24;;;;
1353;04/06/2023;22:18:15;24.25;;;;1353;04/06/2023;22:19:57;24.3;;;;1353;04/06/2023;22:20:11;24.24;;;;
1354;04/06/2023;22:18:30;24.23;;;;1354;04/06/2023;22:20:12;24.3;;;;1354;04/06/2023;22:20:26;24.27;;;;
1355;04/06/2023;22:18:45;24.23;;;;1355;04/06/2023;22:20:27;24.29;;;;1355;04/06/2023;22:20:41;24.23;;;;
1356;04/06/2023;22:19:00;24.22;;;;1356;04/06/2023;22:20:42;24.29;;;;1356;04/06/2023;22:20:56;24.24;;;;
1357;04/06/2023;22:19:15;24.23;;;;1357;04/06/2023;22:20:57;24.3;;;;1357;04/06/2023;22:21:11;24.24;;;;
1358;04/06/2023;22:19:30;24.23;;;;1358;04/06/2023;22:21:12;24.29;;;;1358;04/06/2023;22:21:26;24.26;;;;
1359;04/06/2023;22:19:45;24.23;;;;1359;04/06/2023;22:21:27;24.29;;;;1359;04/06/2023;22:21:41;24.26;;;;
1360;04/06/2023;22:20:00;24.22;;;;1360;04/06/2023;22:21:42;24.28;;;;1360;04/06/2023;22:21:56;24.24;;;;
1361;04/06/2023;22:20:15;24.23;;;;1361;04/06/2023;22:21:57;24.3;;;;1361;04/06/2023;22:22:11;24.24;Synchronized;;;
1362;04/06/2023;22:20:30;24.22;;;;1362;04/06/2023;22:22:12;24.3;;;;1362;04/06/2023;22:22:26;24.27;;;;
1363;04/06/2023;22:20:45;24.23;;;;1363;04/06/2023;22:22:27;24.3;;;;1363;04/06/2023;22:22:41;24.26;;;;
1364;04/06/2023;22:21:00;24.22;;;;1364;04/06/2023;22:22:42;24.3;;;;1364;04/06/2023;22:22:56;24.24;;;;
1365;04/06/2023;22:21:15;24.23;;;;1365;04/06/2023;22:22:57;24.29;;;;1365;04/06/2023;22:23:11;24.26;;;;
1366;04/06/2023;22:21:30;24.22;;;;1366;04/06/2023;22:23:12;24.29;;;;1366;04/06/2023;22:23:26;24.27;;;;
1367;04/06/2023;22:21:45;24.23;;;;1367;04/06/2023;22:23:27;24.29;;;;1367;04/06/2023;22:23:41;24.24;;;;
1368;04/06/2023;22:22:00;24.23;;;;1368;04/06/2023;22:23:42;24.3;;;;1368;04/06/2023;22:23:56;24.27;;;;
1369;04/06/2023;22:22:15;24.21;;;;1369;04/06/2023;22:23:57;24.29;;;;1369;04/06/2023;22:24:11;24.27;;;;
1370;04/06/2023;22:22:30;24.21;;;;1370;04/06/2023;22:24:12;24.3;;;;1370;04/06/2023;22:24:26;24.26;;;;
1371;04/06/2023;22:22:45;24.23;;;;1371;04/06/2023;22:24:27;24.3;;;;1371;04/06/2023;22:24:41;24.25;;;;
1372;04/06/2023;22:23:00;24.24;;;;1372;04/06/2023;22:24:42;24.28;;;;1372;04/06/2023;22:24:56;24.24;;;;
1373;04/06/2023;22:23:15;24.23;;;;1373;04/06/2023;22:24:57;24.29;;;;1373;04/06/2023;22:25:11;24.25;;;;
1374;04/06/2023;22:23:30;24.23;;;;1374;04/06/2023;22:25:12;24.28;Synchronized;;;1374;04/06/2023;22:25:26;24.25;;;;
1375;04/06/2023;22:23:45;24.24;;;;1375;04/06/2023;22:25:27;24.3;;;;1375;04/06/2023;22:25:41;24.26;;;;
1376;04/06/2023;22:24:00;24.23;;;;1376;04/06/2023;22:25:42;24.28;;;;1376;04/06/2023;22:25:56;24.24;;;;
1377;04/06/2023;22:24:15;24.24;;;;1377;04/06/2023;22:25:57;24.3;;;;1377;04/06/2023;22:26:11;24.25;;;;
1378;04/06/2023;22:24:30;24.22;;;;1378;04/06/2023;22:26:12;24.3;;;;1378;04/06/2023;22:26:26;24.25;;;;
1379;04/06/2023;22:24:45;24.23;;;;1379;04/06/2023;22:26:27;24.3;;;;1379;04/06/2023;22:26:41;24.25;;;;
1380;04/06/2023;22:25:00;24.23;;;;1380;04/06/2023;22:26:43;24.3;;;;1380;04/06/2023;22:26:56;24.26;;;;
1381;04/06/2023;22:25:15;24.22;;;;1381;04/06/2023;22:26:58;24.29;;;;1381;04/06/2023;22:27:11;24.25;;;;
1382;04/06/2023;22:25:30;24.23;;;;1382;04/06/2023;22:27:13;24.3;;;;1382;04/06/2023;22:27:26;24.25;;;;
1383;04/06/2023;22:25:45;24.24;;;;1383;04/06/2023;22:27:28;24.29;;;;1383;04/06/2023;22:27:41;24.25;;;;
1384;04/06/2023;22:26:00;24.23;;;;1384;04/06/2023;22:27:43;24.3;;;;1384;04/06/2023;22:27:56;24.26;;;;
1385;04/06/2023;22:26:15;24.24;;;;1385;04/06/2023;22:27:58;24.29;;;;1385;04/06/2023;22:28:11;24.25;;;;
1386;04/06/2023;22:26:30;24.22;;;;1386;04/06/2023;22:28:13;24.27;;;;1386;04/06/2023;22:28:26;24.24;;;;
1387;04/06/2023;22:26:45;24.22;;;;1387;04/06/2023;22:28:28;24.29;;;;1387;04/06/2023;22:28:41;24.26;;;;
1388;04/06/2023;22:27:00;24.24;;;;1388;04/06/2023;22:28:43;24.3;;;;1388;04/06/2023;22:28:56;24.26;;;;
1389;04/06/2023;22:27:15;24.23;;;;1389;04/06/2023;22:28:58;24.29;;;;1389;04/06/2023;22:29:11;24.24;;;;
1390;04/06/2023;22:27:30;24.24;;;;1390;04/06/2023;22:29:13;24.3;;;;1390;04/06/2023;22:29:26;24.24;;;;
1391;04/06/2023;22:27:45;24.22;;;;1391;04/06/2023;22:29:28;24.28;;;;1391;04/06/2023;22:29:41;24.25;;;;
1392;04/06/2023;22:28:00;24.23;;;;1392;04/06/2023;22:29:43;24.29;;;;1392;04/06/2023;22:29:56;24.25;;;;
1393;04/06/2023;22:28:15;24.21;;;;1393;04/06/2023;22:29:58;24.3;;;;1393;04/06/2023;22:30:11;24.24;;;;
1394;04/06/2023;22:28:30;24.21;;;;1394;04/06/2023;22:30:13;24.29;;;;1394;04/06/2023;22:30:26;24.23;;;;
1395;04/06/2023;22:28:45;24.23;;;;1395;04/06/2023;22:30:28;24.29;;;;1395;04/06/2023;22:30:41;24.23;;;;
1396;04/06/2023;22:29:00;24.22;;;;1396;04/06/2023;22:30:43;24.3;;;;1396;04/06/2023;22:30:56;24.24;;;;
1397;04/06/2023;22:29:15;24.23;;;;1397;04/06/2023;22:30:58;24.3;;;;1397;04/06/2023;22:31:11;24.25;;;;
1398;04/06/2023;22:29:30;24.21;;;;1398;04/06/2023;22:31:13;24.29;;;;1398;04/06/2023;22:31:26;24.23;;;;
1399;04/06/2023;22:29:45;24.22;;;;1399;04/06/2023;22:31:28;24.3;;;;1399;04/06/2023;22:31:41;24.24;;;;
1400;04/06/2023;22:30:00;24.23;;;;1400;04/06/2023;22:31:43;24.3;;;;1400;04/06/2023;22:31:56;24.23;;;;
1401;04/06/2023;22:30:15;24.23;;;;1401;04/06/2023;22:31:58;24.28;;;;1401;04/06/2023;22:32:11;24.24;;;;
1402;04/06/2023;22:30:30;24.23;;;;1402;04/06/2023;22:32:13;24.27;;;;1402;04/06/2023;22:32:26;24.23;;;;
1403;04/06/2023;22:30:45;24.22;;;;1403;04/06/2023;22:32:28;24.28;;;;1403;04/06/2023;22:32:41;24.23;;;;
1404;04/06/2023;22:31:00;24.22;;;;1404;04/06/2023;22:32:43;24.28;;;;1404;04/06/2023;22:32:56;24.25;;;;
1405;04/06/2023;22:31:15;24.22;;;;1405;04/06/2023;22:32:58;24.28;;;;1405;04/06/2023;22:33:11;24.25;;;;
1406;04/06/2023;22:31:30;24.2;;;;1406;04/06/2023;22:33:13;24.3;;;;1406;04/06/2023;22:33:26;24.25;;;;
1407;04/06/2023;22:31:45;24.23;;;;1407;04/06/2023;22:33:28;24.28;;;;1407;04/06/2023;22:33:41;24.23;;;;
1408;04/06/2023;22:32:00;24.23;;;;1408;04/06/2023;22:33:43;24.3;;;;1408;04/06/2023;22:33:56;24.26;;;;
1409;04/06/2023;22:32:15;24.23;;;;1409;04/06/2023;22:33:58;24.28;;;;1409;04/06/2023;22:34:11;24.25;;;;
1410;04/06/2023;22:32:30;24.23;;;;1410;04/06/2023;22:34:13;24.28;Synchronized;;;1410;04/06/2023;22:34:26;24.23;;;;
1411;04/06/2023;22:32:45;24.22;;;;1411;04/06/2023;22:34:28;24.3;;;;1411;04/06/2023;22:34:41;24.23;;;;
1412;04/06/2023;22:33:00;;Missing data;;;1412;04/06/2023;22:34:43;24.3;;;;1412;04/06/2023;22:34:56;24.24;;;;
1413;04/06/2023;22:33:15;24.21;;;;1413;04/06/2023;22:34:58;24.28;;;;1413;04/06/2023;22:35:11;24.23;;;;
1414;04/06/2023;22:33:30;24.22;;;;1414;04/06/2023;22:35:13;24.29;;;;1414;04/06/2023;22:35:26;24.24;;;;
1415;04/06/2023;22:33:45;24.21;;;;1415;04/06/2023;22:35:28;24.27;;;;1415;04/06/2023;22:35:41;24.25;;;;
1416;04/06/2023;22:34:00;24.21;;;;1416;04/06/2023;22:35:43;24.3;;;;1416;04/06/2023;22:35:56;24.25;;;;
1417;04/06/2023;22:34:15;24.21;;;;1417;04/06/2023;22:35:58;24.27;;;;1417;04/06/2023;22:36:11;24.23;;;;
1418;04/06/2023;22:34:30;24.22;;;;1418;04/06/2023;22:36:13;24.28;;;;1418;04/06/2023;22:36:26;24.23;;;;
1419;04/06/2023;22:34:45;24.23;;;;1419;04/06/2023;22:36:29;24.29;;;;1419;04/06/2023;22:36:41;24.24;;;;
1420;04/06/2023;22:35:00;24.22;;;;1420;04/06/2023;22:36:44;24.28;;;;1420;04/06/2023;22:36:56;24.25;;;;
1421;04/06/2023;22:35:15;24.21;;;;1421;04/06/2023;22:36:59;24.28;;;;1421;04/06/2023;22:37:11;24.25;;;;
1422;04/06/2023;22:35:30;24.22;;;;1422;04/06/2023;22:37:14;24.28;;;;1422;04/06/2023;22:37:26;24.24;;;;
1423;04/06/2023;22:35:45;24.21;;;;1423;04/06/2023;22:37:29;24.27;;;;1423;04/06/2023;22:37:41;24.24;;;;
1424;04/06/2023;22:36:00;24.21;;;;1424;04/06/2023;22:37:44;24.27;;;;1424;04/06/2023;22:37:56;24.23;;;;
1425;04/06/2023;22:36:15;24.22;;;;1425;04/06/2023;22:37:59;24.27;;;;1425;04/06/2023;22:38:11;24.23;;;;
1426;04/06/2023;22:36:30;24.2;;;;1426;04/06/2023;22:38:14;24.27;;;;1426;04/06/2023;22:38:26;24.24;;;;
1427;04/06/2023;22:36:45;24.2;;;;1427;04/06/2023;22:38:29;24.29;;;;1427;04/06/2023;22:38:41;24.23;;;;
1428;04/06/2023;22:37:00;24.2;;;;1428;04/06/2023;22:38:44;24.28;;;;1428;04/06/2023;22:38:56;24.23;;;;
1429;04/06/2023;22:37:15;24.23;;;;1429;04/06/2023;22:38:59;24.29;;;;1429;04/06/2023;22:39:11;24.23;;;;
1430;04/06/2023;22:37:30;24.2;;;;1430;04/06/2023;22:39:14;24.28;;;;1430;04/06/2023;22:39:26;24.23;;;;
1431;04/06/2023;22:37:45;24.22;;;;1431;04/06/2023;22:39:29;24.27;;;;1431;04/06/2023;22:39:41;24.24;;;;
1432;04/06/2023;22:38:00;24.21;;;;1432;04/06/2023;22:39:44;24.27;;;;1432;04/06/2023;22:39:56;24.23;;;;
1433;04/06/2023;22:38:15;24.21;;;;1433;04/06/2023;22:39:59;24.27;;;;1433;04/06/2023;22:40:11;24.23;;;;
1434;04/06/2023;22:38:30;24.21;;;;1434;04/06/2023;22:40:14;24.28;;;;1434;04/06/2023;22:40:26;24.23;;;;
1435;04/06/2023;22:38:45;24.21;;;;1435;04/06/2023;22:40:29;24.27;;;;1435;04/06/2023;22:40:41;24.23;;;;
1436;04/06/2023;22:39:00;24.2;;;;1436;04/06/2023;22:40:44;24.27;Synchronized;;;1436;04/06/2023;22:40:56;24.21;;;;
1437;04/06/2023;22:39:15;24.23;;;;1437;04/06/2023;22:40:59;24.27;;;;1437;04/06/2023;22:41:11;24.23;;;;
1438;04/06/2023;22:39:30;24.19;;;;1438;04/06/2023;22:41:14;24.29;;;;1438;04/06/2023;22:41:26;24.23;;;;
1439;04/06/2023;22:39:45;24.22;;;;1439;04/06/2023;22:41:29;24.28;;;;1439;04/06/2023;22:41:41;24.24;;;;
1440;04/06/2023;22:40:00;24.21;;;;1440;04/06/2023;22:41:44;24.28;;;;1440;04/06/2023;22:41:56;24.23;;;;
1441;04/06/2023;22:40:15;24.22;;;;1441;04/06/2023;22:41:59;24.29;;;;1441;04/06/2023;22:42:11;24.23;;;;
1442;04/06/2023;22:40:30;24.22;;;;1442;04/06/2023;22:42:14;24.27;;;;1442;04/06/2023;22:42:26;24.22;;;;
1443;04/06/2023;22:40:45;24.21;;;;1443;04/06/2023;22:42:29;24.29;;;;1443;04/06/2023;22:42:41;24.23;;;;
1444;04/06/2023;22:41:00;24.2;;;;1444;04/06/2023;22:42:44;24.28;;;;1444;04/06/2023;22:42:56;24.23;;;;
1445;04/06/2023;22:41:15;24.21;;;;1445;04/06/2023;22:42:59;24.29;;;;1445;04/06/2023;22:43:11;24.23;;;;
1446;04/06/2023;22:41:30;24.2;;;;1446;04/06/2023;22:43:14;24.28;;;;1446;04/06/2023;22:43:26;24.24;;;;
1447;04/06/2023;22:41:45;24.2;;;;1447;04/06/2023;22:43:29;24.28;;;;1447;04/06/2023;22:43:41;24.23;;;;
1448;04/06/2023;22:42:00;24.22;;;;1448;04/06/2023;22:43:44;24.28;;;;1448;04/06/2023;22:43:56;24.23;;;;
1449;04/06/2023;22:42:15;24.21;;;;1449;04/06/2023;22:43:59;24.27;;;;1449;04/06/2023;22:44:11;24.23;;;;
1450;04/06/2023;22:42:30;24.21;;;;1450;04/06/2023;22:44:14;24.26;;;;1450;04/06/2023;22:44:26;24.25;;;;
1451;04/06/2023;22:42:45;24.21;;;;1451;04/06/2023;22:44:29;24.27;;;;1451;04/06/2023;22:44:41;24.23;;;;
1452;04/06/2023;22:43:00;24.2;;;;1452;04/06/2023;22:44:44;24.27;;;;1452;04/06/2023;22:44:56;24.22;;;;
1453;04/06/2023;22:43:15;24.2;;;;1453;04/06/2023;22:44:59;24.27;;;;1453;04/06/2023;22:45:11;24.23;;;;
1454;04/06/2023;22:43:30;24.21;;;;1454;04/06/2023;22:45:14;24.27;;;;1454;04/06/2023;22:45:26;24.23;;;;
1455;04/06/2023;22:43:45;24.2;;;;1455;04/06/2023;22:45:30;24.27;;;;1455;04/06/2023;22:45:41;24.22;;;;
1456;04/06/2023;22:44:00;24.21;;;;1456;04/06/2023;22:45:45;24.27;;;;1456;04/06/2023;22:45:56;24.23;;;;
1457;04/06/2023;22:44:15;24.2;;;;1457;04/06/2023;22:46:00;24.27;;;;1457;04/06/2023;22:46:11;24.23;;;;
1458;04/06/2023;22:44:30;24.2;;;;1458;04/06/2023;22:46:15;24.28;;;;1458;04/06/2023;22:46:26;24.23;;;;
1459;04/06/2023;22:44:45;24.19;;;;1459;04/06/2023;22:46:30;24.27;;;;1459;04/06/2023;22:46:41;24.24;;;;
1460;04/06/2023;22:45:00;24.2;;;;1460;04/06/2023;22:46:45;24.27;;;;1460;04/06/2023;22:46:56;24.22;;;;
1461;04/06/2023;22:45:15;24.19;;;;1461;04/06/2023;22:47:00;24.27;;;;1461;04/06/2023;22:47:11;24.23;;;;
1462;04/06/2023;22:45:30;24.2;;;;1462;04/06/2023;22:47:15;24.27;;;;1462;04/06/2023;22:47:26;24.23;;;;
1463;04/06/2023;22:45:45;24.19;;;;1463;04/06/2023;22:47:30;24.27;;;;1463;04/06/2023;22:47:41;24.21;;;;
1464;04/06/2023;22:46:00;24.2;;;;1464;04/06/2023;22:47:45;24.27;;;;1464;04/06/2023;22:47:56;24.22;;;;
1465;04/06/2023;22:46:15;24.18;;;;1465;04/06/2023;22:48:00;24.27;;;;1465;04/06/2023;22:48:11;24.23;;;;
1466;04/06/2023;22:46:30;24.2;;;;1466;04/06/2023;22:48:15;24.27;;;;1466;04/06/2023;22:48:26;24.23;;;;
1467;04/06/2023;22:46:45;24.2;;;;1467;04/06/2023;22:48:30;24.27;;;;1467;04/06/2023;22:48:41;24.2;;;;
1468;04/06/2023;22:47:00;24.2;;;;1468;04/06/2023;22:48:45;24.27;Synchronized;;;1468;04/06/2023;22:48:56;24.23;;;;
1469;04/06/2023;22:47:15;;Missing data;;;1469;04/06/2023;22:49:00;24.28;;;;1469;04/06/2023;22:49:11;24.22;;;;
1470;04/06/2023;22:47:30;24.2;;;;1470;04/06/2023;22:49:15;24.26;;;;1470;04/06/2023;22:49:26;24.23;;;;
1471;04/06/2023;22:47:45;24.2;;;;1471;04/06/2023;22:49:30;24.26;;;;1471;04/06/2023;22:49:41;24.23;;;;
1472;04/06/2023;22:48:00;24.21;;;;1472;04/06/2023;22:49:45;24.26;;;;1472;04/06/2023;22:49:56;24.22;;;;
1473;04/06/2023;22:48:15;24.19;;;;1473;04/06/2023;22:50:00;24.26;;;;1473;04/06/2023;22:50:11;24.23;;;;
1474;04/06/2023;22:48:30;24.2;;;;1474;04/06/2023;22:50:15;24.26;;;;1474;04/06/2023;22:50:26;24.23;;;;
1475;04/06/2023;22:48:45;24.18;;;;1475;04/06/2023;22:50:30;24.26;;;;1475;04/06/2023;22:50:41;24.2;Synchronized;;;
1476;04/06/2023;22:49:00;24.2;;;;1476;04/06/2023;22:50:45;24.26;;;;1476;04/06/2023;22:50:56;24.23;;;;
1477;04/06/2023;22:49:15;24.19;;;;1477;04/06/2023;22:51:00;24.27;;;;1477;04/06/2023;22:51:11;24.22;;;;
1478;04/06/2023;22:49:30;24.2;;;;1478;04/06/2023;22:51:15;24.27;;;;1478;04/06/2023;22:51:26;24.23;;;;
1479;04/06/2023;22:49:45;24.2;;;;1479;04/06/2023;22:51:30;24.26;;;;1479;04/06/2023;22:51:41;24.21;;;;
1480;04/06/2023;22:50:00;24.19;;;;1480;04/06/2023;22:51:45;24.27;;;;1480;04/06/2023;22:51:56;24.21;;;;
1481;04/06/2023;22:50:15;24.19;;;;1481;04/06/2023;22:52:00;24.27;;;;1481;04/06/2023;22:52:11;24.22;;;;
1482;04/06/2023;22:50:30;24.2;;;;1482;04/06/2023;22:52:15;24.26;;;;1482;04/06/2023;22:52:26;24.23;;;;
1483;04/06/2023;22:50:45;24.21;;;;1483;04/06/2023;22:52:30;24.28;;;;1483;04/06/2023;22:52:41;24.23;;;;
1484;04/06/2023;22:51:00;24.2;;;;1484;04/06/2023;22:52:45;24.27;;;;1484;04/06/2023;22:52:56;24.23;;;;
1485;04/06/2023;22:51:15;24.2;;;;1485;04/06/2023;22:53:00;24.27;;;;1485;04/06/2023;22:53:11;24.22;;;;
1486;04/06/2023;22:51:30;24.19;;;;1486;04/06/2023;22:53:15;24.26;;;;1486;04/06/2023;22:53:26;24.23;;;;
1487;04/06/2023;22:51:45;24.2;;;;1487;04/06/2023;22:53:30;24.25;;;;1487;04/06/2023;22:53:41;24.22;;;;
1488;04/06/2023;22:52:00;24.22;;;;1488;04/06/2023;22:53:45;24.25;;;;1488;04/06/2023;22:53:56;24.21;;;;
1489;04/06/2023;22:52:15;24.2;;;;1489;04/06/2023;22:54:00;24.27;;;;1489;04/06/2023;22:54:11;24.21;;;;
1490;04/06/2023;22:52:30;24.18;;;;1490;04/06/2023;22:54:15;24.25;;;;1490;04/06/2023;22:54:26;24.22;;;;
1491;04/06/2023;22:52:45;24.2;;;;1491;04/06/2023;22:54:30;24.27;;;;1491;04/06/2023;22:54:41;24.21;;;;
1492;04/06/2023;22:53:00;;Missing data;;;1492;04/06/2023;22:54:46;24.27;;;;1492;04/06/2023;22:54:56;24.23;;;;
1493;04/06/2023;22:53:15;24.2;;;;1493;04/06/2023;22:55:01;24.25;;;;1493;04/06/2023;22:55:11;24.21;;;;
1494;04/06/2023;22:53:30;24.19;;;;1494;04/06/2023;22:55:16;24.26;;;;1494;04/06/2023;22:55:26;24.23;;;;
1495;04/06/2023;22:53:45;24.2;;;;1495;04/06/2023;22:55:31;24.25;;;;1495;04/06/2023;22:55:41;24.22;;;;
1496;04/06/2023;22:54:00;24.21;;;;1496;04/06/2023;22:55:46;24.27;;;;1496;04/06/2023;22:55:56;24.2;;;;
1497;04/06/2023;22:54:15;24.2;;;;1497;04/06/2023;22:56:01;24.26;;;;1497;04/06/2023;22:56:11;24.21;;;;
1498;04/06/2023;22:54:30;24.19;;;;1498;04/06/2023;22:56:16;24.25;;;;1498;04/06/2023;22:56:26;24.22;;;;
1499;04/06/2023;22:54:45;24.19;;;;1499;04/06/2023;22:56:31;24.26;;;;1499;04/06/2023;22:56:41;24.21;;;;
1500;04/06/2023;22:55:00;24.2;;;;1500;04/06/2023;22:56:46;24.27;;;;1500;04/06/2023;22:56:56;24.2;Synchronized;;;
1501;04/06/2023;22:55:15;24.2;;;;1501;04/06/2023;22:57:01;24.25;;;;1501;04/06/2023;22:57:11;24.23;;;;
1502;04/06/2023;22:55:30;24.19;;;;1502;04/06/2023;22:57:16;24.26;;;;1502;04/06/2023;22:57:25;24.22;;;;
1503;04/06/2023;22:55:45;24.19;;;;1503;04/06/2023;22:57:31;24.25;;;;1503;04/06/2023;22:57:40;24.22;;;;
1504;04/06/2023;22:56:00;24.2;;;;1504;04/06/2023;22:57:46;24.25;;;;1504;04/06/2023;22:57:55;24.23;;;;
1505;04/06/2023;22:56:15;24.2;;;;1505;04/06/2023;22:58:01;24.26;;;;1505;04/06/2023;22:58:10;24.21;;;;
1506;04/06/2023;22:56:30;24.19;;;;1506;04/06/2023;22:58:16;24.27;;;;1506;04/06/2023;22:58:25;24.23;;;;
1507;04/06/2023;22:56:45;24.19;;;;1507;04/06/2023;22:58:31;24.27;;;;1507;04/06/2023;22:58:40;24.22;;;;
1508;04/06/2023;22:57:00;24.2;;;;1508;04/06/2023;22:58:46;24.25;;;;1508;04/06/2023;22:58:55;24.23;;;;
1509;04/06/2023;22:57:15;24.18;;;;1509;04/06/2023;22:59:01;24.25;;;;1509;04/06/2023;22:59:11;24.22;;;;
1510;04/06/2023;22:57:30;24.19;;;;1510;04/06/2023;22:59:16;24.25;;;;1510;04/06/2023;22:59:26;24.22;;;;
1511;04/06/2023;22:57:45;24.19;;;;1511;04/06/2023;22:59:31;24.25;;;;1511;04/06/2023;22:59:41;24.21;;;;
1512;04/06/2023;22:58:00;24.2;;;;1512;04/06/2023;22:59:46;24.26;;;;1512;04/06/2023;22:59:56;24.22;;;;
1513;04/06/2023;22:58:15;24.2;;;;1513;04/06/2023;23:00:01;24.25;;;;1513;04/06/2023;23:00:11;24.23;;;;
1514;04/06/2023;22:58:30;24.19;;;;1514;04/06/2023;23:00:16;24.27;;;;1514;04/06/2023;23:00:26;24.23;;;;
1515;04/06/2023;22:58:45;24.18;;;;1515;04/06/2023;23:00:31;24.26;;;;1515;04/06/2023;23:00:41;24.21;;;;
1516;04/06/2023;22:59:00;24.19;;;;1516;04/06/2023;23:00:46;24.25;;;;1516;04/06/2023;23:00:56;24.22;;;;
1517;04/06/2023;22:59:15;24.19;;;;1517;04/06/2023;23:01:01;24.26;;;;1517;04/06/2023;23:01:11;24.2;;;;
1518;04/06/2023;22:59:30;24.18;;;;1518;04/06/2023;23:01:16;24.26;;;;1518;04/06/2023;23:01:26;24.21;;;;
1519;04/06/2023;22:59:45;24.2;;;;1519;04/06/2023;23:01:31;24.25;;;;1519;04/06/2023;23:01:41;24.21;;;;
1520;04/06/2023;23:00:00;24.19;;;;1520;04/06/2023;23:01:46;24.24;;;;1520;04/06/2023;23:01:56;24.21;;;;
1521;04/06/2023;23:00:15;24.18;;;;1521;04/06/2023;23:02:01;24.27;;;;1521;04/06/2023;23:02:11;24.2;;;;
1522;04/06/2023;23:00:30;24.18;;;;1522;04/06/2023;23:02:16;24.25;;;;1522;04/06/2023;23:02:26;24.2;;;;
1523;04/06/2023;23:00:45;24.2;;;;1523;04/06/2023;23:02:31;24.27;;;;1523;04/06/2023;23:02:41;24.21;;;;
1524;04/06/2023;23:01:00;24.19;;;;1524;04/06/2023;23:02:46;24.25;;;;1524;04/06/2023;23:02:56;24.2;;;;
1525;04/06/2023;23:01:15;24.2;;;;1525;04/06/2023;23:03:01;24.25;;;;1525;04/06/2023;23:03:11;24.22;;;;
1526;04/06/2023;23:01:30;24.2;;;;1526;04/06/2023;23:03:16;24.26;;;;1526;04/06/2023;23:03:26;24.2;;;;
1527;04/06/2023;23:01:45;24.18;;;;1527;04/06/2023;23:03:31;24.25;;;;1527;04/06/2023;23:03:41;24.21;;;;
1528;04/06/2023;23:02:00;24.18;;;;1528;04/06/2023;23:03:46;24.27;;;;1528;04/06/2023;23:03:56;24.21;;;;
1529;04/06/2023;23:02:15;24.2;;;;1529;04/06/2023;23:04:01;24.27;;;;1529;04/06/2023;23:04:11;24.22;;;;
1530;04/06/2023;23:02:30;24.2;;;;1530;04/06/2023;23:04:16;24.26;;;;1530;04/06/2023;23:04:26;24.2;;;;
1531;04/06/2023;23:02:45;24.19;;;;1531;04/06/2023;23:04:31;24.25;;;;1531;04/06/2023;23:04:41;24.2;Synchronized;;;
1532;04/06/2023;23:03:00;24.17;;;;1532;04/06/2023;23:04:46;24.26;;;;1532;04/06/2023;23:04:56;24.21;;;;
1533;04/06/2023;23:03:15;24.2;;;;1533;04/06/2023;23:05:01;24.27;;;;1533;04/06/2023;23:05:11;24.22;;;;
1534;04/06/2023;23:03:30;24.2;;;;1534;04/06/2023;23:05:16;24.27;;;;1534;04/06/2023;23:05:26;24.2;;;;
1535;04/06/2023;23:03:45;24.19;;;;1535;04/06/2023;23:05:31;24.26;;;;1535;04/06/2023;23:05:41;24.21;;;;
1536;04/06/2023;23:04:00;24.18;;;;1536;04/06/2023;23:05:47;24.26;;;;1536;04/06/2023;23:05:56;24.2;;;;
1537;04/06/2023;23:04:15;24.17;;;;1537;04/06/2023;23:06:02;24.25;Synchronized;;;1537;04/06/2023;23:06:11;24.2;;;;
1538;04/06/2023;23:04:30;24.19;;;;1538;04/06/2023;23:06:17;24.25;;;;1538;04/06/2023;23:06:26;24.22;;;;
1539;04/06/2023;23:04:45;24.2;;;;1539;04/06/2023;23:06:32;24.24;;;;1539;04/06/2023;23:06:41;24.2;;;;
1540;04/06/2023;23:05:00;24.2;;;;1540;04/06/2023;23:06:47;24.25;;;;1540;04/06/2023;23:06:56;24.2;;;;
1541;04/06/2023;23:05:15;;Missing data;;;1541;04/06/2023;23:07:02;24.24;;;;1541;04/06/2023;23:07:11;24.2;;;;
1542;04/06/2023;23:05:30;24.19;;;;1542;04/06/2023;23:07:17;24.26;;;;1542;04/06/2023;23:07:26;24.21;;;;
1543;04/06/2023;23:05:45;24.2;;;;1543;04/06/2023;23:07:32;24.24;;;;1543;04/06/2023;23:07:41;24.2;;;;
1544;04/06/2023;23:06:00;24.18;;;;1544;04/06/2023;23:07:47;24.24;;;;1544;04/06/2023;23:07:56;24.2;;;;
1545;04/06/2023;23:06:15;24.17;;;;1545;04/06/2023;23:08:02;24.23;;;;1545;04/06/2023;23:08:11;24.22;;;;
1546;04/06/2023;23:06:30;24.18;;;;1546;04/06/2023;23:08:17;24.24;;;;1546;04/06/2023;23:08:26;24.2;;;;
1547;04/06/2023;23:06:45;24.2;;;;1547;04/06/2023;23:08:32;24.26;;;;1547;04/06/2023;23:08:41;24.2;;;;
1548;04/06/2023;23:07:00;24.19;;;;1548;04/06/2023;23:08:47;24.25;;;;1548;04/06/2023;23:08:56;24.21;;;;
1549;04/06/2023;23:07:15;24.16;;;;1549;04/06/2023;23:09:02;24.24;;;;1549;04/06/2023;23:09:11;24.2;;;;
1550;04/06/2023;23:07:30;24.17;;;;1550;04/06/2023;23:09:17;24.24;;;;1550;04/06/2023;23:09:26;24.2;;;;
1551;04/06/2023;23:07:45;24.18;;;;1551;04/06/2023;23:09:32;24.25;;;;1551;04/06/2023;23:09:41;24.2;;;;
1552;04/06/2023;23:08:00;24.19;;;;1552;04/06/2023;23:09:47;24.26;;;;1552;04/06/2023;23:09:56;24.22;;;;
1553;04/06/2023;23:08:15;24.17;;;;1553;04/06/2023;23:10:02;24.25;;;;1553;04/06/2023;23:10:11;24.2;;;;
1554;04/06/2023;23:08:30;24.18;;;;1554;04/06/2023;23:10:17;24.25;;;;1554;04/06/2023;23:10:26;24.2;;;;
1555;04/06/2023;23:08:45;24.18;;;;1555;04/06/2023;23:10:32;24.24;;;;1555;04/06/2023;23:10:41;24.2;;;;
1556;04/06/2023;23:09:00;24.18;;;;1556;04/06/2023;23:10:47;24.24;;;;1556;04/06/2023;23:10:56;24.2;;;;
1557;04/06/2023;23:09:15;24.19;;;;1557;04/06/2023;23:11:02;24.25;;;;1557;04/06/2023;23:11:11;24.2;;;;
1558;04/06/2023;23:09:30;24.17;;;;1558;04/06/2023;23:11:17;24.25;;;;1558;04/06/2023;23:11:26;24.21;;;;
1559;04/06/2023;23:09:45;24.16;;;;1559;04/06/2023;23:11:32;24.24;;;;1559;04/06/2023;23:11:41;24.2;;;;
1560;04/06/2023;23:10:00;24.16;;;;1560;04/06/2023;23:11:47;24.24;;;;1560;04/06/2023;23:11:56;24.18;;;;
1561;04/06/2023;23:10:15;24.17;;;;1561;04/06/2023;23:12:02;24.25;;;;1561;04/06/2023;23:12:11;24.2;;;;
1562;04/06/2023;23:10:30;24.16;;;;1562;04/06/2023;23:12:17;24.25;;;;1562;04/06/2023;23:12:26;24.19;;;;
1563;04/06/2023;23:10:45;24.19;;;;1563;04/06/2023;23:12:32;24.26;;;;1563;04/06/2023;23:12:41;24.2;;;;
1564;04/06/2023;23:11:00;24.16;;;;1564;04/06/2023;23:12:47;24.25;;;;1564;04/06/2023;23:12:56;24.2;;;;
1565;04/06/2023;23:11:15;24.16;;;;1565;04/06/2023;23:13:02;24.24;;;;1565;04/06/2023;23:13:11;24.21;;;;
1566;04/06/2023;23:11:30;24.18;;;;1566;04/06/2023;23:13:17;24.23;;;;1566;04/06/2023;23:13:26;24.2;;;;
1567;04/06/2023;23:11:45;24.19;;;;1567;04/06/2023;23:13:32;24.23;;;;1567;04/06/2023;23:13:41;24.18;;;;
1568;04/06/2023;23:12:00;24.17;;;;1568;04/06/2023;23:13:47;24.23;;;;1568;04/06/2023;23:13:56;24.19;;;;
1569;04/06/2023;23:12:15;24.2;;;;1569;04/06/2023;23:14:02;24.23;;;;1569;04/06/2023;23:14:11;24.2;;;;
1570;04/06/2023;23:12:30;24.16;;;;1570;04/06/2023;23:14:17;24.22;;;;1570;04/06/2023;23:14:26;24.18;;;;
1571;04/06/2023;23:12:45;24.18;;;;1571;04/06/2023;23:14:32;24.25;;;;1571;04/06/2023;23:14:41;24.18;;;;
1572;04/06/2023;23:13:00;24.17;;;;1572;04/06/2023;23:14:47;24.22;;;;1572;04/06/2023;23:14:56;24.19;;;;
1573;04/06/2023;23:13:15;24.16;;;;1573;04/06/2023;23:15:02;24.24;;;;1573;04/06/2023;23:15:11;24.18;;;;
1574;04/06/2023;23:13:30;24.16;;;;1574;04/06/2023;23:15:17;24.21;;;;1574;04/06/2023;23:15:26;24.19;;;;
1575;04/06/2023;23:13:45;24.17;;;;1575;04/06/2023;23:15:32;24.21;;;;1575;04/06/2023;23:15:41;24.19;;;;
1576;04/06/2023;23:14:00;24.16;;;;1576;04/06/2023;23:15:47;24.22;;;;1576;04/06/2023;23:15:56;24.18;;;;
1577;04/06/2023;23:14:15;24.17;;;;1577;04/06/2023;23:16:02;24.23;;;;1577;04/06/2023;23:16:11;24.19;;;;
1578;04/06/2023;23:14:30;24.16;;;;1578;04/06/2023;23:16:17;24.22;;;;1578;04/06/2023;23:16:26;24.18;;;;
1579;04/06/2023;23:14:45;24.17;;;;1579;04/06/2023;23:16:32;24.22;;;;1579;04/06/2023;23:16:41;24.19;;;;
1580;04/06/2023;23:15:00;24.16;;;;1580;04/06/2023;23:16:47;24.22;;;;1580;04/06/2023;23:16:56;24.19;;;;
1581;04/06/2023;23:15:15;24.16;;;;1581;04/06/2023;23:17:02;24.22;;;;1581;04/06/2023;23:17:11;24.18;;;;
1582;04/06/2023;23:15:30;24.16;;;;1582;04/06/2023;23:17:17;24.24;;;;1582;04/06/2023;23:17:26;24.19;;;;
1583;04/06/2023;23:15:45;24.18;;;;1583;04/06/2023;23:17:32;24.22;;;;1583;04/06/2023;23:17:41;24.17;;;;
1584;04/06/2023;23:16:00;24.15;;;;1584;04/06/2023;23:17:47;24.21;;;;1584;04/06/2023;23:17:56;24.19;;;;
1585;04/06/2023;23:16:15;24.16;;;;1585;04/06/2023;23:18:03;24.23;;;;1585;04/06/2023;23:18:11;24.17;;;;
1586;04/06/2023;23:16:30;24.16;;;;1586;04/06/2023;23:18:18;24.21;;;;1586;04/06/2023;23:18:26;24.18;;;;
1587;04/06/2023;23:16:45;24.16;;;;1587;04/06/2023;23:18:33;24.22;;;;1587;04/06/2023;23:18:41;24.18;;;;
1588;04/06/2023;23:17:00;24.15;;;;1588;04/06/2023;23:18:48;24.21;;;;1588;04/06/2023;23:18:56;24.17;;;;
1589;04/06/2023;23:17:15;24.16;;;;1589;04/06/2023;23:19:03;24.23;;;;1589;04/06/2023;23:19:11;24.17;;;;
1590;04/06/2023;23:17:30;;Missing data;;;1590;04/06/2023;23:19:18;24.23;;;;1590;04/06/2023;23:19:26;24.18;;;;
1591;04/06/2023;23:17:45;24.17;;;;1591;04/06/2023;23:19:33;24.23;;;;1591;04/06/2023;23:19:41;24.16;;;;
1592;04/06/2023;23:18:00;24.16;;;;1592;04/06/2023;23:19:48;24.22;;;;1592;04/06/2023;23:19:56;24.19;;;;
1593;04/06/2023;23:18:15;24.16;;;;1593;04/06/2023;23:20:03;24.2;;;;1593;04/06/2023;23:20:11;24.17;;;;
1594;04/06/2023;23:18:30;24.16;;;;1594;04/06/2023;23:20:18;24.21;;;;1594;04/06/2023;23:20:26;24.2;;;;
1595;04/06/2023;23:18:45;24.16;;;;1595;04/06/2023;23:20:33;24.23;;;;1595;04/06/2023;23:20:41;24.19;;;;
1596;04/06/2023;23:19:00;24.15;;;;1596;04/06/2023;23:20:48;24.21;;;;1596;04/06/2023;23:20:56;24.19;;;;
1597;04/06/2023;23:19:15;24.16;;;;1597;04/06/2023;23:21:03;24.21;;;;1597;04/06/2023;23:21:11;24.17;;;;
1598;04/06/2023;23:19:30;24.16;;;;1598;04/06/2023;23:21:18;24.22;;;;1598;04/06/2023;23:21:26;24.18;;;;
1599;04/06/2023;23:19:45;24.16;;;;1599;04/06/2023;23:21:33;24.2;;;;1599;04/06/2023;23:21:41;24.19;;;;
1600;04/06/2023;23:20:00;24.15;;;;1600;04/06/2023;23:21:48;24.23;;;;1600;04/06/2023;23:21:56;24.18;;;;
1601;04/06/2023;23:20:15;24.16;;;;1601;04/06/2023;23:22:03;24.2;;;;1601;04/06/2023;23:22:11;24.17;;;;
1602;04/06/2023;23:20:30;24.15;;;;1602;04/06/2023;23:22:18;24.24;;;;1602;04/06/2023;23:22:26;24.17;;;;
1603;04/06/2023;23:20:45;24.16;;;;1603;04/06/2023;23:22:33;24.24;;;;1603;04/06/2023;23:22:41;24.19;;;;
1604;04/06/2023;23:21:00;24.15;;;;1604;04/06/2023;23:22:48;24.21;;;;1604;04/06/2023;23:22:56;24.2;;;;
1605;04/06/2023;23:21:15;24.16;;;;1605;04/06/2023;23:23:03;24.21;;;;1605;04/06/2023;23:23:11;24.18;;;;
1606;04/06/2023;23:21:30;24.13;;;;1606;04/06/2023;23:23:18;24.21;;;;1606;04/06/2023;23:23:26;24.17;;;;
1607;04/06/2023;23:21:45;24.16;;;;1607;04/06/2023;23:23:33;24.22;;;;1607;04/06/2023;23:23:41;24.18;;;;
1608;04/06/2023;23:22:00;24.15;;;;1608;04/06/2023;23:23:48;24.22;;;;1608;04/06/2023;23:23:56;24.17;;;;
1609;04/06/2023;23:22:15;24.16;;;;1609;04/06/2023;23:24:03;24.21;;;;1609;04/06/2023;23:24:11;24.17;;;;
1610;04/06/2023;23:22:30;24.13;;;;1610;04/06/2023;23:24:18;24.2;;;;1610;04/06/2023;23:24:26;24.16;;;;
1611;04/06/2023;23:22:45;24.16;;;;1611;04/06/2023;23:24:33;24.2;;;;1611;04/06/2023;23:24:41;24.19;;;;
1612;04/06/2023;23:23:00;24.15;;;;1612;04/06/2023;23:24:48;24.22;;;;1612;04/06/2023;23:24:56;24.17;;;;
1613;04/06/2023;23:23:15;24.16;;;;1613;04/06/2023;23:25:03;24.22;;;;1613;04/06/2023;23:25:11;24.16;;;;
1614;04/06/2023;23:23:30;24.16;;;;1614;04/06/2023;23:25:18;24.2;;;;1614;04/06/2023;23:25:26;24.17;;;;
1615;04/06/2023;23:23:45;24.15;;;;1615;04/06/2023;23:25:33;24.21;;;;1615;04/06/2023;23:25:41;24.18;;;;
1616;04/06/2023;23:24:00;24.15;;;;1616;04/06/2023;23:25:48;24.2;;;;1616;04/06/2023;23:25:56;24.17;;;;
1617;04/06/2023;23:24:15;24.16;;;;1617;04/06/2023;23:26:03;24.21;;;;1617;04/06/2023;23:26:11;24.16;;;;
1618;04/06/2023;23:24:30;24.16;;;;1618;04/06/2023;23:26:18;24.2;;;;1618;04/06/2023;23:26:26;24.15;;;;
1619;04/06/2023;23:24:45;24.13;;;;1619;04/06/2023;23:26:33;24.2;;;;1619;04/06/2023;23:26:41;24.19;;;;
1620;04/06/2023;23:25:00;24.16;;;;1620;04/06/2023;23:26:48;24.22;;;;1620;04/06/2023;23:26:56;24.19;;;;
1621;04/06/2023;23:25:15;24.13;;;;1621;04/06/2023;23:27:03;24.2;;;;1621;04/06/2023;23:27:11;24.17;;;;
1622;04/06/2023;23:25:30;24.15;;;;1622;04/06/2023;23:27:18;24.21;;;;1622;04/06/2023;23:27:26;24.16;;;;
1623;04/06/2023;23:25:45;24.15;;;;1623;04/06/2023;23:27:33;24.21;;;;1623;04/06/2023;23:27:41;24.19;;;;
1624;04/06/2023;23:26:00;24.13;;;;1624;04/06/2023;23:27:49;24.21;;;;1624;04/06/2023;23:27:56;24.17;;;;
1625;04/06/2023;23:26:15;24.13;;;;1625;04/06/2023;23:28:04;24.2;;;;1625;04/06/2023;23:28:11;24.2;;;;
1626;04/06/2023;23:26:30;24.15;;;;1626;04/06/2023;23:28:19;24.21;;;;1626;04/06/2023;23:28:26;24.15;;;;
1627;04/06/2023;23:26:45;24.15;;;;1627;04/06/2023;23:28:34;24.2;;;;1627;04/06/2023;23:28:41;24.18;;;;
1628;04/06/2023;23:27:00;24.13;;;;1628;04/06/2023;23:28:49;24.2;;;;1628;04/06/2023;23:28:56;24.16;;;;
1629;04/06/2023;23:27:15;24.15;;;;1629;04/06/2023;23:29:04;24.21;;;;1629;04/06/2023;23:29:11;24.17;;;;
1630;04/06/2023;23:27:30;24.13;;;;1630;04/06/2023;23:29:19;24.21;;;;1630;04/06/2023;23:29:26;24.16;;;;
1631;04/06/2023;23:27:45;24.16;;;;1631;04/06/2023;23:29:34;24.22;;;;1631;04/06/2023;23:29:41;24.17;;;;
1632;04/06/2023;23:28:00;24.15;;;;1632;04/06/2023;23:29:49;24.21;;;;1632;04/06/2023;23:29:56;24.16;;;;
1633;04/06/2023;23:28:15;24.13;;;;1633;04/06/2023;23:30:04;24.21;;;;1633;04/06/2023;23:30:11;24.16;;;;
1634;04/06/2023;23:28:30;24.15;;;;1634;04/06/2023;23:30:19;24.2;;;;1634;04/06/2023;23:30:26;24.17;;;;
1635;04/06/2023;23:28:45;24.15;;;;1635;04/06/2023;23:30:34;24.21;;;;1635;04/06/2023;23:30:41;24.15;;;;
1636;04/06/2023;23:29:00;24.13;;;;1636;04/06/2023;23:30:49;24.21;;;;1636;04/06/2023;23:30:55;24.16;;;;
1637;04/06/2023;23:29:15;24.15;;;;1637;04/06/2023;23:31:04;24.2;;;;1637;04/06/2023;23:31:10;24.16;Synchronized;;;
1638;04/06/2023;23:29:30;24.13;;;;1638;04/06/2023;23:31:19;24.2;;;;1638;04/06/2023;23:31:25;24.15;;;;
1639;04/06/2023;23:29:45;24.13;;;;1639;04/06/2023;23:31:34;24.22;;;;1639;04/06/2023;23:31:40;24.15;;;;
1640;04/06/2023;23:30:00;24.13;;;;1640;04/06/2023;23:31:49;24.22;;;;1640;04/06/2023;23:31:55;24.19;;;;
1641;04/06/2023;23:30:15;24.16;;;;1641;04/06/2023;23:32:04;24.2;;;;1641;04/06/2023;23:32:10;24.16;;;;
1642;04/06/2023;23:30:30;24.13;;;;1642;04/06/2023;23:32:19;24.2;;;;1642;04/06/2023;23:32:25;24.15;;;;
1643;04/06/2023;23:30:45;24.13;;;;1643;04/06/2023;23:32:34;24.21;;;;1643;04/06/2023;23:32:40;24.17;;;;
1644;04/06/2023;23:31:00;24.15;;;;1644;04/06/2023;23:32:49;24.19;;;;1644;04/06/2023;23:32:55;24.15;;;;
1645;04/06/2023;23:31:15;24.15;;;;1645;04/06/2023;23:33:04;24.22;;;;1645;04/06/2023;23:33:10;24.17;;;;
1646;04/06/2023;23:31:30;24.13;;;;1646;04/06/2023;23:33:19;24.2;;;;1646;04/06/2023;23:33:25;24.19;;;;
1647;04/06/2023;23:31:45;24.13;;;;1647;04/06/2023;23:33:34;24.2;;;;1647;04/06/2023;23:33:40;24.18;;;;
1648;04/06/2023;23:32:00;24.13;;;;1648;04/06/2023;23:33:49;24.19;;;;1648;04/06/2023;23:33:55;24.18;;;;
1649;04/06/2023;23:32:15;24.13;;;;1649;04/06/2023;23:34:04;24.21;;;;1649;04/06/2023;23:34:10;24.15;;;;
1650;04/06/2023;23:32:30;24.13;;;;1650;04/06/2023;23:34:19;24.2;;;;1650;04/06/2023;23:34:25;24.15;;;;
1651;04/06/2023;23:32:45;24.13;;;;1651;04/06/2023;23:34:34;24.2;;;;1651;04/06/2023;23:34:40;24.15;;;;
1652;04/06/2023;23:33:00;24.15;;;;1652;04/06/2023;23:34:49;24.2;;;;1652;04/06/2023;23:34:55;24.17;;;;
1653;04/06/2023;23:33:15;24.13;;;;1653;04/06/2023;23:35:04;24.2;;;;1653;04/06/2023;23:35:10;24.16;;;;
1654;04/06/2023;23:33:30;24.13;;;;1654;04/06/2023;23:35:19;24.2;;;;1654;04/06/2023;23:35:25;24.17;;;;
1655;04/06/2023;23:33:45;24.13;;;;1655;04/06/2023;23:35:34;24.21;;;;1655;04/06/2023;23:35:40;24.14;;;;
1656;04/06/2023;23:34:00;24.15;;;;1656;04/06/2023;23:35:49;24.2;;;;1656;04/06/2023;23:35:55;24.17;;;;
1657;04/06/2023;23:34:15;24.15;;;;1657;04/06/2023;23:36:04;24.2;;;;1657;04/06/2023;23:36:10;24.15;;;;
1658;04/06/2023;23:34:30;24.12;;;;1658;04/06/2023;23:36:19;24.2;;;;1658;04/06/2023;23:36:25;24.18;;;;
1659;04/06/2023;23:34:45;24.13;;;;1659;04/06/2023;23:36:34;24.2;;;;1659;04/06/2023;23:36:40;24.15;;;;
1660;04/06/2023;23:35:00;24.13;;;;1660;04/06/2023;23:36:49;24.22;;;;1660;04/06/2023;23:36:55;24.16;;;;
1661;04/06/2023;23:35:15;24.12;;;;1661;04/06/2023;23:37:04;24.2;;;;1661;04/06/2023;23:37:10;24.15;;;;
1662;04/06/2023;23:35:30;24.13;;;;1662;04/06/2023;23:37:19;24.2;;;;1662;04/06/2023;23:37:25;24.15;;;;
1663;04/06/2023;23:35:45;24.12;;;;1663;04/06/2023;23:37:34;24.21;;;;1663;04/06/2023;23:37:40;24.14;;;;
1664;04/06/2023;23:36:00;24.12;;;;1664;04/06/2023;23:37:49;24.19;;;;1664;04/06/2023;23:37:55;24.18;;;;
1665;04/06/2023;23:36:15;24.12;;;;1665;04/06/2023;23:38:04;24.19;;;;1665;04/06/2023;23:38:10;24.17;;;;
1666;04/06/2023;23:36:30;24.13;;;;1666;04/06/2023;23:38:19;24.19;;;;1666;04/06/2023;23:38:25;24.16;;;;
1667;04/06/2023;23:36:45;24.12;;;;1667;04/06/2023;23:38:34;24.2;;;;1667;04/06/2023;23:38:40;24.15;;;;
1668;04/06/2023;23:37:00;24.13;;;;1668;04/06/2023;23:38:49;24.2;;;;1668;04/06/2023;23:38:55;24.14;;;;
1669;04/06/2023;23:37:15;24.11;;;;1669;04/06/2023;23:39:04;24.2;;;;1669;04/06/2023;23:39:10;24.15;;;;
1670;04/06/2023;23:37:30;24.13;;;;1670;04/06/2023;23:39:19;24.18;;;;1670;04/06/2023;23:39:25;24.18;;;;
1671;04/06/2023;23:37:45;24.12;;;;1671;04/06/2023;23:39:35;24.2;;;;1671;04/06/2023;23:39:40;24.15;;;;
1672;04/06/2023;23:38:00;24.13;;;;1672;04/06/2023;23:39:50;24.19;;;;1672;04/06/2023;23:39:55;24.18;;;;
1673;04/06/2023;23:38:15;24.15;;;;1673;04/06/2023;23:40:05;24.19;;;;1673;04/06/2023;23:40:10;24.14;Synchronized;;;
1674;04/06/2023;23:38:30;24.13;;;;1674;04/06/2023;23:40:20;24.2;;;;1674;04/06/2023;23:40:25;24.15;;;;
1675;04/06/2023;23:38:45;24.13;;;;1675;04/06/2023;23:40:35;24.2;;;;1675;04/06/2023;23:40:40;24.15;;;;
1676;04/06/2023;23:39:00;24.13;;;;1676;04/06/2023;23:40:50;24.19;;;;1676;04/06/2023;23:40:55;24.15;;;;
1677;04/06/2023;23:39:15;24.13;;;;1677;04/06/2023;23:41:05;24.2;;;;1677;04/06/2023;23:41:10;24.15;;;;
1678;04/06/2023;23:39:30;24.13;;;;1678;04/06/2023;23:41:20;24.2;;;;1678;04/06/2023;23:41:25;24.16;;;;
1679;04/06/2023;23:39:45;24.13;;;;1679;04/06/2023;23:41:35;24.2;;;;1679;04/06/2023;23:41:40;24.16;;;;
1680;04/06/2023;23:40:00;24.11;;;;1680;04/06/2023;23:41:50;24.19;;;;1680;04/06/2023;23:41:55;24.17;;;;
1681;04/06/2023;23:40:15;24.13;;;;1681;04/06/2023;23:42:05;24.2;;;;1681;04/06/2023;23:42:10;24.16;;;;
1682;04/06/2023;23:40:30;24.13;;;;1682;04/06/2023;23:42:20;24.2;;;;1682;04/06/2023;23:42:26;24.16;;;;
1683;04/06/2023;23:40:45;24.12;;;;1683;04/06/2023;23:42:35;24.2;;;;1683;04/06/2023;23:42:41;24.14;;;;
1684;04/06/2023;23:41:00;24.12;;;;1684;04/06/2023;23:42:50;24.17;;;;1684;04/06/2023;23:42:56;24.14;;;;
1685;04/06/2023;23:41:15;24.12;;;;1685;04/06/2023;23:43:05;24.19;;;;1685;04/06/2023;23:43:11;24.14;;;;
1686;04/06/2023;23:41:30;24.12;;;;1686;04/06/2023;23:43:20;24.19;Synchronized;;;1686;04/06/2023;23:43:26;24.14;;;;
1687;04/06/2023;23:41:45;24.12;;;;1687;04/06/2023;23:43:35;24.19;;;;1687;04/06/2023;23:43:41;24.15;;;;
1688;04/06/2023;23:42:00;24.12;;;;1688;04/06/2023;23:43:50;24.19;;;;1688;04/06/2023;23:43:56;24.17;;;;
1689;04/06/2023;23:42:15;24.13;;;;1689;04/06/2023;23:44:05;24.19;;;;1689;04/06/2023;23:44:11;24.16;;;;
1690;04/06/2023;23:42:30;24.12;;;;1690;04/06/2023;23:44:20;24.2;;;;1690;04/06/2023;23:44:26;24.15;;;;
1691;04/06/2023;23:42:45;24.13;;;;1691;04/06/2023;23:44:35;24.2;;;;1691;04/06/2023;23:44:41;24.16;;;;
1692;04/06/2023;23:43:00;24.11;;;;1692;04/06/2023;23:44:50;24.2;;;;1692;04/06/2023;23:44:56;24.14;;;;
1693;04/06/2023;23:43:15;24.11;;;;1693;04/06/2023;23:45:05;24.19;;;;1693;04/06/2023;23:45:11;24.15;;;;
1694;04/06/2023;23:43:30;24.11;;;;1694;04/06/2023;23:45:20;24.19;;;;1694;04/06/2023;23:45:26;24.16;;;;
1695;04/06/2023;23:43:45;24.12;;;;1695;04/06/2023;23:45:35;24.2;;;;1695;04/06/2023;23:45:41;24.13;;;;
1696;04/06/2023;23:44:00;24.12;;;;1696;04/06/2023;23:45:50;24.2;;;;1696;04/06/2023;23:45:56;24.14;;;;
1697;04/06/2023;23:44:15;24.12;;;;1697;04/06/2023;23:46:05;24.2;;;;1697;04/06/2023;23:46:11;24.13;;;;
1698;04/06/2023;23:44:30;24.12;;;;1698;04/06/2023;23:46:20;24.18;;;;1698;04/06/2023;23:46:26;24.15;;;;
1699;04/06/2023;23:44:45;24.1;;;;1699;04/06/2023;23:46:35;24.17;;;;1699;04/06/2023;23:46:41;24.13;;;;
1700;04/06/2023;23:45:00;24.13;;;;1700;04/06/2023;23:46:50;24.2;;;;1700;04/06/2023;23:46:56;24.13;;;;
1701;04/06/2023;23:45:15;24.1;;;;1701;04/06/2023;23:47:05;24.19;;;;1701;04/06/2023;23:47:11;24.14;;;;
1702;04/06/2023;23:45:30;24.12;;;;1702;04/06/2023;23:47:20;24.19;;;;1702;04/06/2023;23:47:26;24.15;;;;
1703;04/06/2023;23:45:45;24.12;;;;1703;04/06/2023;23:47:35;24.19;;;;1703;04/06/2023;23:47:41;24.13;;;;
1704;04/06/2023;23:46:00;24.12;;;;1704;04/06/2023;23:47:50;24.19;;;;1704;04/06/2023;23:47:56;24.15;;;;
1705;04/06/2023;23:46:15;24.11;;;;1705;04/06/2023;23:48:05;24.2;;;;1705;04/06/2023;23:48:11;24.14;;;;
1706;04/06/2023;23:46:30;24.1;;;;1706;04/06/2023;23:48:20;24.18;;;;1706;04/06/2023;23:48:26;24.14;;;;
1707;04/06/2023;23:46:45;24.11;;;;1707;04/06/2023;23:48:35;24.18;;;;1707;04/06/2023;23:48:41;24.15;;;;
1708;04/06/2023;23:47:00;24.11;;;;1708;04/06/2023;23:48:50;24.18;;;;1708;04/06/2023;23:48:56;24.14;Synchronized;;;
1709;04/06/2023;23:47:15;24.13;;;;1709;04/06/2023;23:49:05;24.19;;;;1709;04/06/2023;23:49:11;24.13;;;;
1710;04/06/2023;23:47:30;24.1;;;;1710;04/06/2023;23:49:20;24.18;;;;1710;04/06/2023;23:49:26;24.15;;;;
1711;04/06/2023;23:47:45;24.12;;;;1711;04/06/2023;23:49:35;24.16;;;;1711;04/06/2023;23:49:41;24.15;;;;
1712;04/06/2023;23:48:00;24.11;;;;1712;04/06/2023;23:49:50;24.18;;;;1712;04/06/2023;23:49:56;24.13;;;;
1713;04/06/2023;23:48:15;24.09;;;;1713;04/06/2023;23:50:05;24.18;;;;1713;04/06/2023;23:50:11;24.13;;;;
1714;04/06/2023;23:48:30;24.1;;;;1714;04/06/2023;23:50:20;24.18;;;;1714;04/06/2023;23:50:26;24.16;;;;
1715;04/06/2023;23:48:45;24.09;;;;1715;04/06/2023;23:50:35;24.18;;;;1715;04/06/2023;23:50:41;24.14;;;;
1716;04/06/2023;23:49:00;24.11;;;;1716;04/06/2023;23:50:50;24.18;;;;1716;04/06/2023;23:50:56;24.13;;;;
1717;04/06/2023;23:49:15;24.1;;;;1717;04/06/2023;23:51:05;24.18;;;;1717;04/06/2023;23:51:11;24.13;;;;
1718;04/06/2023;23:49:30;24.12;;;;1718;04/06/2023;23:51:20;24.18;;;;1718;04/06/2023;23:51:26;24.15;;;;
1719;04/06/2023;23:49:45;24.1;;;;1719;04/06/2023;23:51:35;24.19;;;;1719;04/06/2023;23:51:41;24.15;;;;
1720;04/06/2023;23:50:00;24.09;;;;1720;04/06/2023;23:51:50;24.18;;;;1720;04/06/2023;23:51:56;24.15;;;;
1721;04/06/2023;23:50:15;24.12;;;;1721;04/06/2023;23:52:05;24.16;;;;1721;04/06/2023;23:52:11;24.12;;;;
1722;04/06/2023;23:50:30;24.1;;;;1722;04/06/2023;23:52:20;24.17;;;;1722;04/06/2023;23:52:26;24.14;;;;
1723;04/06/2023;23:50:45;24.09;;;;1723;04/06/2023;23:52:35;24.19;;;;1723;04/06/2023;23:52:41;24.13;;;;
1724;04/06/2023;23:51:00;24.09;;;;1724;04/06/2023;23:52:50;24.17;;;;1724;04/06/2023;23:52:56;24.13;;;;
1725;04/06/2023;23:51:15;24.12;;;;1725;04/06/2023;23:53:06;24.18;;;;1725;04/06/2023;23:53:11;24.14;;;;
1726;04/06/2023;23:51:30;24.09;;;;1726;04/06/2023;23:53:21;24.19;;;;1726;04/06/2023;23:53:26;24.13;;;;
1727;04/06/2023;23:51:45;24.11;;;;1727;04/06/2023;23:53:36;24.18;;;;1727;04/06/2023;23:53:41;24.12;;;;
1728;04/06/2023;23:52:00;24.11;;;;1728;04/06/2023;23:53:51;24.17;;;;1728;04/06/2023;23:53:56;24.14;;;;
1729;04/06/2023;23:52:15;24.1;;;;1729;04/06/2023;23:54:06;24.19;;;;1729;04/06/2023;23:54:11;24.13;;;;
1730;04/06/2023;23:52:30;24.09;;;;1730;04/06/2023;23:54:21;24.16;;;;1730;04/06/2023;23:54:26;24.12;;;;
1731;04/06/2023;23:52:45;24.11;;;;1731;04/06/2023;23:54:36;24.18;;;;1731;04/06/2023;23:54:41;24.13;;;;
1732;04/06/2023;23:53:00;24.09;;;;1732;04/06/2023;23:54:51;24.17;;;;1732;04/06/2023;23:54:56;24.13;;;;
1733;04/06/2023;23:53:15;24.09;;;;1733;04/06/2023;23:55:06;24.16;;;;1733;04/06/2023;23:55:11;24.12;;;;
1734;04/06/2023;23:53:30;24.1;;;;1734;04/06/2023;23:55:21;24.16;;;;1734;04/06/2023;23:55:26;24.12;;;;
1735;04/06/2023;23:53:45;24.09;;;;1735;04/06/2023;23:55:36;24.18;;;;1735;04/06/2023;23:55:41;24.13;;;;
1736;04/06/2023;23:54:00;24.11;;;;1736;04/06/2023;23:55:51;24.16;;;;1736;04/06/2023;23:55:56;24.12;;;;
1737;04/06/2023;23:54:15;24.1;;;;1737;04/06/2023;23:56:06;24.17;;;;1737;04/06/2023;23:56:11;24.14;;;;
1738;04/06/2023;23:54:30;24.09;;;;1738;04/06/2023;23:56:21;24.16;;;;1738;04/06/2023;23:56:26;24.12;;;;
1739;04/06/2023;23:54:45;24.09;;;;1739;04/06/2023;23:56:36;24.18;;;;1739;04/06/2023;23:56:41;24.13;;;;
1740;04/06/2023;23:55:00;24.09;;;;1740;04/06/2023;23:56:51;24.19;;;;1740;04/06/2023;23:56:56;24.13;;;;
1741;04/06/2023;23:55:15;24.11;;;;1741;04/06/2023;23:57:06;24.18;;;;1741;04/06/2023;23:57:11;24.15;;;;
1742;04/06/2023;23:55:30;24.1;;;;1742;04/06/2023;23:57:21;24.16;;;;1742;04/06/2023;23:57:26;24.13;;;;
1743;04/06/2023;23:55:45;24.09;;;;1743;04/06/2023;23:57:36;24.18;;;;1743;04/06/2023;23:57:41;24.13;;;;
1744;04/06/2023;23:56:00;24.09;;;;1744;04/06/2023;23:57:51;24.18;;;;1744;04/06/2023;23:57:56;24.15;;;;
1745;04/06/2023;23:56:15;24.09;;;;1745;04/06/2023;23:58:06;24.16;;;;1745;04/06/2023;23:58:11;24.11;;;;
1746;04/06/2023;23:56:30;24.1;;;;1746;04/06/2023;23:58:21;24.17;;;;1746;04/06/2023;23:58:26;24.13;;;;
1747;04/06/2023;23:56:45;24.09;;;;1747;04/06/2023;23:58:36;24.17;;;;1747;04/06/2023;23:58:41;24.11;;;;
1748;04/06/2023;23:57:00;24.1;;;;1748;04/06/2023;23:58:51;24.17;;;;1748;04/06/2023;23:58:56;24.12;;;;
1749;04/06/2023;23:57:15;24.11;;;;1749;04/06/2023;23:59:06;24.18;;;;1749;04/06/2023;23:59:11;24.12;;;;
1750;04/06/2023;23:57:30;24.1;;;;1750;04/06/2023;23:59:21;24.17;;;;1750;04/06/2023;23:59:26;24.11;;;;
1751;04/06/2023;23:57:45;24.08;;;;1751;04/06/2023;23:59:36;24.16;;;;1751;04/06/2023;23:59:41;24.13;;;;
1752;04/06/2023;23:58:00;24.09;;;;1752;04/06/2023;23:59:51;24.17;;;;1752;04/06/2023;23:59:56;24.13;;;;
1753;04/06/2023;23:58:15;24.11;;;;1753;05/06/2023;00:00:06;24.17;;;;1753;05/06/2023;00:00:11;24.13;;;;
1754;04/06/2023;23:58:30;24.09;;;;1754;05/06/2023;00:00:21;24.16;;;;1754;05/06/2023;00:00:26;24.13;;;;
1755;04/06/2023;23:58:45;24.09;;;;1755;05/06/2023;00:00:36;24.17;;;;1755;05/06/2023;00:00:41;24.13;;;;
1756;04/06/2023;23:59:00;24.1;;;;1756;05/06/2023;00:00:51;24.18;;;;1756;05/06/2023;00:00:56;24.12;;;;
1757;04/06/2023;23:59:15;24.09;;;;1757;05/06/2023;00:01:06;24.18;;;;1757;05/06/2023;00:01:11;24.13;;;;
1758;04/06/2023;23:59:30;24.09;;;;1758;05/06/2023;00:01:21;24.17;;;;1758;05/06/2023;00:01:26;24.13;;;;
1759;04/06/2023;23:59:45;24.1;;;;1759;05/06/2023;00:01:36;24.16;;;;1759;05/06/2023;00:01:41;24.13;;;;
1760;05/06/2023;00:00:00;24.1;;;;1760;05/06/2023;00:01:51;24.16;;;;1760;05/06/2023;00:01:56;24.13;;;;
1761;05/06/2023;00:00:15;24.09;;;;1761;05/06/2023;00:02:06;24.17;;;;1761;05/06/2023;00:02:11;24.13;;;;
1762;05/06/2023;00:00:30;24.08;;;;1762;05/06/2023;00:02:21;24.16;;;;1762;05/06/2023;00:02:26;24.13;;;;
1763;05/06/2023;00:00:45;24.11;;;;1763;05/06/2023;00:02:36;24.15;;;;1763;05/06/2023;00:02:41;24.13;;;;
1764;05/06/2023;00:01:00;24.09;;;;1764;05/06/2023;00:02:51;24.16;;;;1764;05/06/2023;00:02:56;24.14;;;;
1765;05/06/2023;00:01:15;24.09;;;;1765;05/06/2023;00:03:06;24.16;;;;1765;05/06/2023;00:03:11;24.13;;;;
1766;05/06/2023;00:01:30;24.09;;;;1766;05/06/2023;00:03:21;24.18;;;;1766;05/06/2023;00:03:26;24.13;;;;
1767;05/06/2023;00:01:45;24.1;;;;1767;05/06/2023;00:03:36;24.16;;;;1767;05/06/2023;00:03:41;24.12;;;;
1768;05/06/2023;00:02:00;24.08;;;;1768;05/06/2023;00:03:51;24.16;;;;1768;05/06/2023;00:03:56;24.13;;;;
1769;05/06/2023;00:02:15;24.1;;;;1769;05/06/2023;00:04:06;24.16;;;;1769;05/06/2023;00:04:11;24.11;;;;
1770;05/06/2023;00:02:30;24.08;;;;1770;05/06/2023;00:04:21;24.15;;;;1770;05/06/2023;00:04:26;24.12;;;;
1771;05/06/2023;00:02:45;24.08;;;;1771;05/06/2023;00:04:36;24.16;;;;1771;05/06/2023;00:04:41;24.11;;;;
1772;05/06/2023;00:03:00;24.09;;;;1772;05/06/2023;00:04:51;24.17;;;;1772;05/06/2023;00:04:56;24.13;;;;
1773;05/06/2023;00:03:15;24.09;;;;1773;05/06/2023;00:05:06;24.19;;;;1773;05/06/2023;00:05:11;24.13;;;;
1774;05/06/2023;00:03:30;24.08;;;;1774;05/06/2023;00:05:21;24.16;;;;1774;05/06/2023;00:05:26;24.12;;;;
1775;05/06/2023;00:03:45;24.09;;;;1775;05/06/2023;00:05:36;24.15;;;;1775;05/06/2023;00:05:41;24.13;;;;
1776;05/06/2023;00:04:00;24.09;;;;1776;05/06/2023;00:05:51;24.17;;;;1776;05/06/2023;00:05:56;24.13;;;;
1777;05/06/2023;00:04:15;24.08;;;;1777;05/06/2023;00:06:06;24.16;;;;1777;05/06/2023;00:06:11;24.11;;;;
1778;05/06/2023;00:04:30;24.08;;;;1778;05/06/2023;00:06:21;24.16;;;;1778;05/06/2023;00:06:26;24.12;;;;
1779;05/06/2023;00:04:45;24.09;;;;1779;05/06/2023;00:06:36;24.16;;;;1779;05/06/2023;00:06:41;24.11;;;;
1780;05/06/2023;00:05:00;24.08;;;;1780;05/06/2023;00:06:51;24.15;;;;1780;05/06/2023;00:06:56;24.11;;;;
1781;05/06/2023;00:05:15;24.09;;;;1781;05/06/2023;00:07:06;24.16;;;;1781;05/06/2023;00:07:11;24.12;;;;
1782;05/06/2023;00:05:30;24.09;;;;1782;05/06/2023;00:07:21;24.16;;;;1782;05/06/2023;00:07:26;24.11;;;;
1783;05/06/2023;00:05:45;24.08;;;;1783;05/06/2023;00:07:37;24.16;;;;1783;05/06/2023;00:07:41;24.1;;;;
1784;05/06/2023;00:06:00;24.09;;;;1784;05/06/2023;00:07:52;24.15;;;;1784;05/06/2023;00:07:56;24.1;;;;
1785;05/06/2023;00:06:15;24.09;;;;1785;05/06/2023;00:08:07;24.14;;;;1785;05/06/2023;00:08:11;24.11;;;;
1786;05/06/2023;00:06:30;24.09;;;;1786;05/06/2023;00:08:22;24.15;;;;1786;05/06/2023;00:08:26;24.11;;;;
1787;05/06/2023;00:06:45;24.08;;;;1787;05/06/2023;00:08:37;24.16;;;;1787;05/06/2023;00:08:41;24.1;;;;
1788;05/06/2023;00:07:00;24.07;;;;1788;05/06/2023;00:08:52;24.16;;;;1788;05/06/2023;00:08:56;24.1;;;;
1789;05/06/2023;00:07:15;24.08;;;;1789;05/06/2023;00:09:07;24.15;;;;1789;05/06/2023;00:09:11;24.11;;;;
1790;05/06/2023;00:07:30;24.08;;;;1790;05/06/2023;00:09:22;24.16;;;;1790;05/06/2023;00:09:26;24.1;;;;
1791;05/06/2023;00:07:45;24.07;;;;1791;05/06/2023;00:09:37;24.16;;;;1791;05/06/2023;00:09:41;24.1;;;;
1792;05/06/2023;00:08:00;24.09;;;;1792;05/06/2023;00:09:52;24.16;;;;1792;05/06/2023;00:09:56;24.11;;;;
1793;05/06/2023;00:08:15;24.08;;;;1793;05/06/2023;00:10:07;24.16;;;;1793;05/06/2023;00:10:11;24.12;;;;
1794;05/06/2023;00:08:30;24.09;;;;1794;05/06/2023;00:10:22;24.16;;;;1794;05/06/2023;00:10:26;24.12;;;;
1795;05/06/2023;00:08:45;24.08;;;;1795;05/06/2023;00:10:37;24.16;;;;1795;05/06/2023;00:10:41;24.11;;;;
1796;05/06/2023;00:09:00;24.09;;;;1796;05/06/2023;00:10:52;24.16;;;;1796;05/06/2023;00:10:56;24.1;;;;
1797;05/06/2023;00:09:15;24.06;;;;1797;05/06/2023;00:11:07;24.15;;;;1797;05/06/2023;00:11:11;24.09;;;;
1798;05/06/2023;00:09:30;24.07;;;;1798;05/06/2023;00:11:22;24.16;;;;1798;05/06/2023;00:11:26;24.12;;;;
1799;05/06/2023;00:09:45;24.09;;;;1799;05/06/2023;00:11:37;24.16;;;;1799;05/06/2023;00:11:41;24.09;;;;
1800;05/06/2023;00:10:00;24.08;;;;1800;05/06/2023;00:11:52;24.15;;;;1800;05/06/2023;00:11:56;24.11;;;;
1801;05/06/2023;00:10:15;24.07;;;;1801;05/06/2023;00:12:07;24.15;;;;1801;05/06/2023;00:12:11;24.09;;;;
1802;05/06/2023;00:10:30;24.07;;;;1802;05/06/2023;00:12:22;24.15;;;;1802;05/06/2023;00:12:26;24.09;;;;
1803;05/06/2023;00:10:45;24.08;;;;1803;05/06/2023;00:12:37;24.16;;;;1803;05/06/2023;00:12:41;24.09;;;;
1804;05/06/2023;00:11:00;24.08;;;;1804;05/06/2023;00:12:52;24.16;;;;1804;05/06/2023;00:12:56;24.11;;;;
1805;05/06/2023;00:11:15;24.07;;;;1805;05/06/2023;00:13:07;24.15;;;;1805;05/06/2023;00:13:11;24.09;;;;
1806;05/06/2023;00:11:30;24.08;;;;1806;05/06/2023;00:13:22;24.16;;;;1806;05/06/2023;00:13:26;24.11;;;;
1807;05/06/2023;00:11:45;24.07;Synchronized;;;1807;05/06/2023;00:13:37;24.15;;;;1807;05/06/2023;00:13:41;24.11;;;;
1808;05/06/2023;00:12:00;24.08;;;;1808;05/06/2023;00:13:52;24.15;;;;1808;05/06/2023;00:13:56;24.1;;;;
1809;05/06/2023;00:12:15;24.06;;;;1809;05/06/2023;00:14:07;24.16;;;;1809;05/06/2023;00:14:11;24.11;;;;
1810;05/06/2023;00:12:30;24.08;;;;1810;05/06/2023;00:14:22;24.16;;;;1810;05/06/2023;00:14:26;24.1;;;;
1811;05/06/2023;00:12:45;24.06;;;;1811;05/06/2023;00:14:37;24.15;;;;1811;05/06/2023;00:14:41;24.09;;;;
1812;05/06/2023;00:13:00;24.07;;;;1812;05/06/2023;00:14:52;24.15;;;;1812;05/06/2023;00:14:56;24.1;;;;
1813;05/06/2023;00:13:15;24.07;;;;1813;05/06/2023;00:15:07;24.16;;;;1813;05/06/2023;00:15:11;24.1;;;;
1814;05/06/2023;00:13:30;24.07;;;;1814;05/06/2023;00:15:22;24.14;;;;1814;05/06/2023;00:15:26;24.1;;;;
1815;05/06/2023;00:13:45;24.09;;;;1815;05/06/2023;00:15:37;24.16;;;;1815;05/06/2023;00:15:41;24.08;;;;
1816;05/06/2023;00:14:00;24.08;;;;1816;05/06/2023;00:15:52;24.14;;;;1816;05/06/2023;00:15:56;24.09;;;;
1817;05/06/2023;00:14:15;24.08;;;;1817;05/06/2023;00:16:07;24.14;;;;1817;05/06/2023;00:16:11;24.12;;;;
1818;05/06/2023;00:14:30;24.06;;;;1818;05/06/2023;00:16:22;24.14;;;;1818;05/06/2023;00:16:26;24.1;;;;
1819;05/06/2023;00:14:45;24.05;;;;1819;05/06/2023;00:16:37;24.16;;;;1819;05/06/2023;00:16:41;24.09;;;;
1820;05/06/2023;00:15:00;24.07;Synchronized;;;1820;05/06/2023;00:16:52;24.14;;;;1820;05/06/2023;00:16:56;24.09;;;;
1821;05/06/2023;00:15:15;24.06;;;;1821;05/06/2023;00:17:07;24.14;;;;1821;05/06/2023;00:17:11;24.09;;;;
1822;05/06/2023;00:15:30;24.06;;;;1822;05/06/2023;00:17:22;24.14;;;;1822;05/06/2023;00:17:26;24.09;;;;
1823;05/06/2023;00:15:45;24.06;;;;1823;05/06/2023;00:17:37;24.13;;;;1823;05/06/2023;00:17:41;24.09;;;;
1824;05/06/2023;00:16:00;24.07;;;;1824;05/06/2023;00:17:52;24.14;;;;1824;05/06/2023;00:17:56;24.09;;;;
1825;05/06/2023;00:16:15;24.05;;;;1825;05/06/2023;00:18:07;24.14;;;;1825;05/06/2023;00:18:11;24.09;;;;
1826;05/06/2023;00:16:30;24.07;;;;1826;05/06/2023;00:18:22;24.14;;;;1826;05/06/2023;00:18:26;24.11;;;;
1827;05/06/2023;00:16:45;24.07;;;;1827;05/06/2023;00:18:37;24.14;;;;1827;05/06/2023;00:18:41;24.09;;;;
1828;05/06/2023;00:17:00;24.06;;;;1828;05/06/2023;00:18:52;24.13;;;;1828;05/06/2023;00:18:56;24.09;;;;
1829;05/06/2023;00:17:15;24.08;;;;1829;05/06/2023;00:19:07;24.15;;;;1829;05/06/2023;00:19:11;24.08;;;;
1830;05/06/2023;00:17:30;24.07;;;;1830;05/06/2023;00:19:22;24.15;;;;1830;05/06/2023;00:19:26;24.09;;;;
1831;05/06/2023;00:17:45;24.08;;;;1831;05/06/2023;00:19:37;24.14;;;;1831;05/06/2023;00:19:41;24.1;;;;
1832;05/06/2023;00:18:00;24.05;;;;1832;05/06/2023;00:19:52;24.16;;;;1832;05/06/2023;00:19:56;24.09;;;;
1833;05/06/2023;00:18:15;24.06;;;;1833;05/06/2023;00:20:07;24.13;;;;1833;05/06/2023;00:20:11;24.11;;;;
1834;05/06/2023;00:18:30;24.06;;;;1834;05/06/2023;00:20:22;24.16;;;;1834;05/06/2023;00:20:26;24.1;;;;
1835;05/06/2023;00:18:45;24.06;;;;1835;05/06/2023;00:20:38;24.15;;;;1835;05/06/2023;00:20:41;24.09;;;;
1836;05/06/2023;00:19:00;24.07;;;;1836;05/06/2023;00:20:53;24.13;;;;1836;05/06/2023;00:20:56;24.09;;;;
1837;05/06/2023;00:19:15;24.05;;;;1837;05/06/2023;00:21:08;24.15;;;;1837;05/06/2023;00:21:11;24.09;;;;
1838;05/06/2023;00:19:30;24.08;;;;1838;05/06/2023;00:21:23;24.13;;;;1838;05/06/2023;00:21:26;24.12;;;;
1839;05/06/2023;00:19:45;24.05;;;;1839;05/06/2023;00:21:38;24.13;;;;1839;05/06/2023;00:21:41;24.09;;;;
1840;05/06/2023;00:20:00;24.05;;;;1840;05/06/2023;00:21:53;24.15;;;;1840;05/06/2023;00:21:56;24.1;;;;
1841;05/06/2023;00:20:15;24.05;;;;1841;05/06/2023;00:22:08;24.16;;;;1841;05/06/2023;00:22:11;24.08;;;;
1842;05/06/2023;00:20:30;24.04;;;;1842;05/06/2023;00:22:23;24.14;;;;1842;05/06/2023;00:22:26;24.09;;;;
1843;05/06/2023;00:20:45;24.06;;;;1843;05/06/2023;00:22:38;24.14;;;;1843;05/06/2023;00:22:41;24.08;;;;
1844;05/06/2023;00:21:00;24.05;;;;1844;05/06/2023;00:22:53;24.16;;;;1844;05/06/2023;00:22:56;24.09;;;;
1845;05/06/2023;00:21:15;24.05;;;;1845;05/06/2023;00:23:08;24.13;;;;1845;05/06/2023;00:23:11;24.09;;;;
1846;05/06/2023;00:21:30;24.05;;;;1846;05/06/2023;00:23:23;24.13;;;;1846;05/06/2023;00:23:26;24.09;;;;
1847;05/06/2023;00:21:45;24.07;;;;1847;05/06/2023;00:23:38;24.13;;;;1847;05/06/2023;00:23:41;24.09;;;;
1848;05/06/2023;00:22:00;24.05;;;;1848;05/06/2023;00:23:53;24.14;;;;1848;05/06/2023;00:23:56;24.09;;;;
1849;05/06/2023;00:22:15;24.06;;;;1849;05/06/2023;00:24:08;24.13;;;;1849;05/06/2023;00:24:11;24.09;;;;
1850;05/06/2023;00:22:30;24.05;;;;1850;05/06/2023;00:24:23;24.14;;;;1850;05/06/2023;00:24:26;24.09;;;;
1851;05/06/2023;00:22:45;24.05;;;;1851;05/06/2023;00:24:38;24.12;;;;1851;05/06/2023;00:24:41;24.09;;;;
1852;05/06/2023;00:23:00;24.05;;;;1852;05/06/2023;00:24:53;24.15;;;;1852;05/06/2023;00:24:56;24.09;;;;
1853;05/06/2023;00:23:15;24.07;;;;1853;05/06/2023;00:25:08;24.15;;;;1853;05/06/2023;00:25:11;24.09;;;;
1854;05/06/2023;00:23:30;24.05;;;;1854;05/06/2023;00:25:23;24.15;;;;1854;05/06/2023;00:25:26;24.08;;;;
1855;05/06/2023;00:23:45;24.08;;;;1855;05/06/2023;00:25:38;24.13;;;;1855;05/06/2023;00:25:41;24.07;;;;
1856;05/06/2023;00:24:00;24.05;;;;1856;05/06/2023;00:25:53;24.14;;;;1856;05/06/2023;00:25:56;24.07;;;;
1857;05/06/2023;00:24:15;24.05;;;;1857;05/06/2023;00:26:08;24.15;;;;1857;05/06/2023;00:26:11;24.08;;;;
1858;05/06/2023;00:24:30;24.05;;;;1858;05/06/2023;00:26:23;24.13;;;;1858;05/06/2023;00:26:26;24.09;;;;
1859;05/06/2023;00:24:45;24.05;;;;1859;05/06/2023;00:26:38;24.12;;;;1859;05/06/2023;00:26:41;24.08;;;;
1860;05/06/2023;00:25:00;24.05;;;;1860;05/06/2023;00:26:53;24.14;;;;1860;05/06/2023;00:26:56;24.09;;;;
1861;05/06/2023;00:25:15;24.05;;;;1861;05/06/2023;00:27:08;24.12;;;;1861;05/06/2023;00:27:11;24.09;;;;
1862;05/06/2023;00:25:30;24.05;;;;1862;05/06/2023;00:27:23;24.13;;;;1862;05/06/2023;00:27:26;24.09;;;;
1863;05/06/2023;00:25:45;24.04;;;;1863;05/06/2023;00:27:38;24.12;;;;1863;05/06/2023;00:27:41;24.09;;;;
1864;05/06/2023;00:26:00;24.05;;;;1864;05/06/2023;00:27:53;24.13;;;;1864;05/06/2023;00:27:56;24.09;;;;
1865;05/06/2023;00:26:15;24.03;;;;1865;05/06/2023;00:28:08;24.13;;;;1865;05/06/2023;00:28:11;24.08;;;;
1866;05/06/2023;00:26:30;24.03;;;;1866;05/06/2023;00:28:23;24.12;;;;1866;05/06/2023;00:28:26;24.09;;;;
1867;05/06/2023;00:26:45;24.05;;;;1867;05/06/2023;00:28:38;24.14;;;;1867;05/06/2023;00:28:41;24.09;;;;
1868;05/06/2023;00:27:00;24.07;;;;1868;05/06/2023;00:28:53;24.13;;;;1868;05/06/2023;00:28:56;24.09;;;;
1869;05/06/2023;00:27:15;24.05;;;;1869;05/06/2023;00:29:08;24.14;;;;1869;05/06/2023;00:29:11;24.09;;;;
1870;05/06/2023;00:27:30;24.05;;;;1870;05/06/2023;00:29:23;24.1;;;;1870;05/06/2023;00:29:26;24.06;;;;
1871;05/06/2023;00:27:45;24.05;;;;1871;05/06/2023;00:29:38;24.13;;;;1871;05/06/2023;00:29:41;24.09;;;;
1872;05/06/2023;00:28:00;24.05;;;;1872;05/06/2023;00:29:53;24.13;;;;1872;05/06/2023;00:29:56;24.09;;;;
1873;05/06/2023;00:28:15;24.06;;;;1873;05/06/2023;00:30:08;24.15;;;;1873;05/06/2023;00:30:11;24.07;;;;
1874;05/06/2023;00:28:30;24.03;;;;1874;05/06/2023;00:30:23;24.13;;;;1874;05/06/2023;00:30:26;24.05;;;;
1875;05/06/2023;00:28:45;24.05;;;;1875;05/06/2023;00:30:38;24.12;;;;1875;05/06/2023;00:30:41;24.08;;;;
1876;05/06/2023;00:29:01;24.05;;;;1876;05/06/2023;00:30:53;24.13;;;;1876;05/06/2023;00:30:56;24.05;;;;
1877;05/06/2023;00:29:16;24.05;;;;1877;05/06/2023;00:31:08;24.12;;;;1877;05/06/2023;00:31:11;24.08;;;;
1878;05/06/2023;00:29:31;24.05;;;;1878;05/06/2023;00:31:23;24.14;;;;1878;05/06/2023;00:31:26;24.06;;;;
1879;05/06/2023;00:29:46;24.02;;;;1879;05/06/2023;00:31:38;24.12;;;;1879;05/06/2023;00:31:41;24.06;;;;
1880;05/06/2023;00:30:01;24.03;;;;1880;05/06/2023;00:31:53;24.12;;;;1880;05/06/2023;00:31:56;24.09;Synchronized;;;
1881;05/06/2023;00:30:16;24.04;;;;1881;05/06/2023;00:32:08;24.12;;;;1881;05/06/2023;00:32:11;24.08;;;;
1882;05/06/2023;00:30:31;24.05;;;;1882;05/06/2023;00:32:23;24.13;;;;1882;05/06/2023;00:32:26;24.08;;;;
1883;05/06/2023;00:30:46;24.02;;;;1883;05/06/2023;00:32:38;24.12;;;;1883;05/06/2023;00:32:41;24.09;;;;
1884;05/06/2023;00:31:01;24.03;;;;1884;05/06/2023;00:32:53;24.1;;;;1884;05/06/2023;00:32:56;24.08;;;;
1885;05/06/2023;00:31:16;24.05;;;;1885;05/06/2023;00:33:08;24.12;;;;1885;05/06/2023;00:33:11;24.08;;;;
1886;05/06/2023;00:31:31;24.04;;;;1886;05/06/2023;00:33:23;24.13;;;;1886;05/06/2023;00:33:26;24.07;;;;
1887;05/06/2023;00:31:46;24.04;;;;1887;05/06/2023;00:33:38;24.13;;;;1887;05/06/2023;00:33:41;24.08;;;;
1888;05/06/2023;00:32:01;24.04;;;;1888;05/06/2023;00:33:53;24.14;;;;1888;05/06/2023;00:33:56;24.07;;;;
1889;05/06/2023;00:32:16;24.05;;;;1889;05/06/2023;00:34:08;24.13;;;;1889;05/06/2023;00:34:11;24.08;;;;
1890;05/06/2023;00:32:31;24.03;;;;1890;05/06/2023;00:34:23;24.14;;;;1890;05/06/2023;00:34:26;24.08;;;;
1891;05/06/2023;00:32:46;24.04;;;;1891;05/06/2023;00:34:38;24.1;;;;1891;05/06/2023;00:34:41;24.06;;;;
1892;05/06/2023;00:33:01;24.01;;;;1892;05/06/2023;00:34:53;24.12;;;;1892;05/06/2023;00:34:56;24.07;;;;
1893;05/06/2023;00:33:16;24.03;;;;1893;05/06/2023;00:35:08;24.13;;;;1893;05/06/2023;00:35:11;24.07;;;;
1894;05/06/2023;00:33:31;24.05;;;;1894;05/06/2023;00:35:23;24.12;;;;1894;05/06/2023;00:35:26;24.05;;;;
1895;05/06/2023;00:33:46;24.03;;;;1895;05/06/2023;00:35:38;24.1;;;;1895;05/06/2023;00:35:41;24.06;;;;
1896;05/06/2023;00:34:01;24.04;;;;1896;05/06/2023;00:35:53;24.1;;;;1896;05/06/2023;00:35:56;24.07;;;;
1897;05/06/2023;00:34:16;24.05;;;;1897;05/06/2023;00:36:08;24.13;;;;1897;05/06/2023;00:36:11;24.07;;;;
1898;05/06/2023;00:34:31;24.03;;;;1898;05/06/2023;00:36:23;24.12;;;;1898;05/06/2023;00:36:26;24.06;;;;
1899;05/06/2023;00:34:46;24.03;;;;1899;05/06/2023;00:36:39;24.14;;;;1899;05/06/2023;00:36:41;24.06;;;;
1900;05/06/2023;00:35:01;24.04;;;;1900;05/06/2023;00:36:54;24.12;;;;1900;05/06/2023;00:36:56;24.07;;;;
1901;05/06/2023;00:35:16;24.04;;;;1901;05/06/2023;00:37:09;24.1;;;;1901;05/06/2023;00:37:11;24.07;;;;
1902;05/06/2023;00:35:31;24.04;;;;1902;05/06/2023;00:37:24;24.12;;;;1902;05/06/2023;00:37:26;24.05;;;;
1903;05/06/2023;00:35:46;24.04;;;;1903;05/06/2023;00:37:39;24.09;;;;1903;05/06/2023;00:37:41;24.07;Synchronized;;;
1904;05/06/2023;00:36:01;24.02;;;;1904;05/06/2023;00:37:54;24.12;;;;1904;05/06/2023;00:37:56;24.07;;;;
1905;05/06/2023;00:36:16;24.04;;;;1905;05/06/2023;00:38:09;24.1;;;;1905;05/06/2023;00:38:11;24.06;;;;
1906;05/06/2023;00:36:31;24.04;;;;1906;05/06/2023;00:38:24;24.1;;;;1906;05/06/2023;00:38:26;24.08;;;;
1907;05/06/2023;00:36:46;24.03;;;;1907;05/06/2023;00:38:39;24.12;;;;1907;05/06/2023;00:38:41;24.05;;;;
1908;05/06/2023;00:37:01;24.02;;;;1908;05/06/2023;00:38:54;24.09;;;;1908;05/06/2023;00:38:56;24.06;Synchronized;;;
1909;05/06/2023;00:37:16;24.04;;;;1909;05/06/2023;00:39:09;24.12;;;;1909;05/06/2023;00:39:11;24.06;;;;
1910;05/06/2023;00:37:31;24.05;;;;1910;05/06/2023;00:39:24;24.12;;;;1910;05/06/2023;00:39:26;24.07;;;;
1911;05/06/2023;00:37:46;24.04;;;;1911;05/06/2023;00:39:39;24.12;;;;1911;05/06/2023;00:39:41;24.05;;;;
1912;05/06/2023;00:38:01;24.03;;;;1912;05/06/2023;00:39:54;24.13;;;;1912;05/06/2023;00:39:56;24.05;;;;
1913;05/06/2023;00:38:16;24.03;;;;1913;05/06/2023;00:40:09;24.12;;;;1913;05/06/2023;00:40:11;24.06;;;;
1914;05/06/2023;00:38:31;24.02;;;;1914;05/06/2023;00:40:24;24.12;;;;1914;05/06/2023;00:40:26;24.05;;;;
1915;05/06/2023;00:38:46;24.05;;;;1915;05/06/2023;00:40:39;24.12;;;;1915;05/06/2023;00:40:41;24.06;;;;
1916;05/06/2023;00:39:01;24.01;;;;1916;05/06/2023;00:40:54;24.12;;;;1916;05/06/2023;00:40:56;24.07;;;;
1917;05/06/2023;00:39:16;24.04;;;;1917;05/06/2023;00:41:09;24.12;;;;1917;05/06/2023;00:41:11;24.05;;;;
1918;05/06/2023;00:39:31;24.02;;;;1918;05/06/2023;00:41:24;24.09;;;;1918;05/06/2023;00:41:26;24.06;;;;
1919;05/06/2023;00:39:46;24.02;;;;1919;05/06/2023;00:41:39;24.12;;;;1919;05/06/2023;00:41:41;24.05;;;;
1920;05/06/2023;00:40:01;24.04;;;;1920;05/06/2023;00:41:54;24.12;;;;1920;05/06/2023;00:41:56;24.05;;;;
1921;05/06/2023;00:40:16;24.02;;;;1921;05/06/2023;00:42:09;24.1;;;;1921;05/06/2023;00:42:11;24.05;;;;
1922;05/06/2023;00:40:31;24.03;;;;1922;05/06/2023;00:42:24;24.1;;;;1922;05/06/2023;00:42:26;24.06;;;;
1923;05/06/2023;00:40:46;24.03;;;;1923;05/06/2023;00:42:39;24.12;;;;1923;05/06/2023;00:42:41;24.06;;;;
1924;05/06/2023;00:41:01;24.04;;;;1924;05/06/2023;00:42:54;24.09;;;;1924;05/06/2023;00:42:56;24.05;;;;
1925;05/06/2023;00:41:16;24.01;;;;1925;05/06/2023;00:43:09;24.1;;;;1925;05/06/2023;00:43:11;24.05;;;;
1926;05/06/2023;00:41:31;24.01;;;;1926;05/06/2023;00:43:24;24.13;;;;1926;05/06/2023;00:43:26;24.07;;;;
1927;05/06/2023;00:41:46;24;;;;1927;05/06/2023;00:43:39;24.12;;;;1927;05/06/2023;00:43:41;24.05;;;;
1928;05/06/2023;00:42:01;24.02;;;;1928;05/06/2023;00:43:54;24.1;;;;1928;05/06/2023;00:43:56;24.06;;;;
1929;05/06/2023;00:42:16;24.02;;;;1929;05/06/2023;00:44:09;24.09;;;;1929;05/06/2023;00:44:11;24.06;;;;
1930;05/06/2023;00:42:31;24.04;;;;1930;05/06/2023;00:44:24;24.12;;;;1930;05/06/2023;00:44:26;24.07;;;;
1931;05/06/2023;00:42:46;24.03;;;;1931;05/06/2023;00:44:39;24.09;;;;1931;05/06/2023;00:44:41;24.05;;;;
1932;05/06/2023;00:43:01;24.01;;;;1932;05/06/2023;00:44:54;24.1;;;;1932;05/06/2023;00:44:56;24.05;;;;
1933;05/06/2023;00:43:16;24.02;;;;1933;05/06/2023;00:45:09;24.1;;;;1933;05/06/2023;00:45:11;24.06;;;;
1934;05/06/2023;00:43:31;24.03;;;;1934;05/06/2023;00:45:24;24.1;;;;1934;05/06/2023;00:45:26;24.06;;;;
1935;05/06/2023;00:43:46;24.01;;;;1935;05/06/2023;00:45:39;24.09;;;;1935;05/06/2023;00:45:41;24.05;;;;
1936;05/06/2023;00:44:01;24.03;;;;1936;05/06/2023;00:45:54;24.09;;;;1936;05/06/2023;00:45:56;24.05;;;;
1937;05/06/2023;00:44:16;24.02;;;;1937;05/06/2023;00:46:09;24.09;;;;1937;05/06/2023;00:46:11;24.05;;;;
1938;05/06/2023;00:44:31;24;;;;1938;05/06/2023;00:46:24;24.09;;;;1938;05/06/2023;00:46:26;24.05;Synchronized;;;
1939;05/06/2023;00:44:46;24.01;;;;1939;05/06/2023;00:46:39;24.1;;;;1939;05/06/2023;00:46:41;24.05;;;;
1940;05/06/2023;00:45:01;24.01;;;;1940;05/06/2023;00:46:54;24.13;;;;1940;05/06/2023;00:46:56;24.05;;;;
1941;05/06/2023;00:45:16;24;;;;1941;05/06/2023;00:47:09;24.12;;;;1941;05/06/2023;00:47:11;24.05;;;;
1942;05/06/2023;00:45:31;24.02;;;;1942;05/06/2023;00:47:24;24.09;;;;1942;05/06/2023;00:47:26;24.06;;;;
1943;05/06/2023;00:45:46;23.99;;;;1943;05/06/2023;00:47:39;24.12;;;;1943;05/06/2023;00:47:41;24.03;;;;
1944;05/06/2023;00:46:01;24.02;Synchronized;;;1944;05/06/2023;00:47:54;24.09;;;;1944;05/06/2023;00:47:56;24.05;;;;
1945;05/06/2023;00:46:16;24.03;;;;1945;05/06/2023;00:48:09;24.08;;;;1945;05/06/2023;00:48:11;24.06;;;;
1946;05/06/2023;00:46:31;24;;;;1946;05/06/2023;00:48:24;24.08;;;;1946;05/06/2023;00:48:26;24.05;;;;
1947;05/06/2023;00:46:46;24.03;;;;1947;05/06/2023;00:48:39;24.09;;;;1947;05/06/2023;00:48:41;24.06;;;;
1948;05/06/2023;00:47:01;24.02;;;;1948;05/06/2023;00:48:54;24.12;Synchronized;;;1948;05/06/2023;00:48:56;24.06;;;;
1949;05/06/2023;00:47:16;24;;;;1949;05/06/2023;00:49:09;24.09;;;;1949;05/06/2023;00:49:11;24.05;;;;
1950;05/06/2023;00:47:31;24.01;;;;1950;05/06/2023;00:49:24;24.1;;;;1950;05/06/2023;00:49:26;24.07;;;;
1951;05/06/2023;00:47:46;24.01;;;;1951;05/06/2023;00:49:39;24.09;;;;1951;05/06/2023;00:49:41;24.05;;;;
1952;05/06/2023;00:48:01;23.99;;;;1952;05/06/2023;00:49:54;24.09;;;;1952;05/06/2023;00:49:56;24.05;;;;
1953;05/06/2023;00:48:16;24.02;;;;1953;05/06/2023;00:50:09;24.1;;;;1953;05/06/2023;00:50:11;24.05;;;;
1954;05/06/2023;00:48:31;24.02;;;;1954;05/06/2023;00:50:24;24.1;;;;1954;05/06/2023;00:50:26;24.05;;;;
1955;05/06/2023;00:48:46;24.02;;;;1955;05/06/2023;00:50:39;24.08;;;;1955;05/06/2023;00:50:41;24.05;;;;
1956;05/06/2023;00:49:01;24.01;;;;1956;05/06/2023;00:50:54;24.09;;;;1956;05/06/2023;00:50:56;24.05;Synchronized;;;
1957;05/06/2023;00:49:16;24.01;;;;1957;05/06/2023;00:51:09;24.09;;;;1957;05/06/2023;00:51:11;24.05;;;;
1958;05/06/2023;00:49:31;24.02;;;;1958;05/06/2023;00:51:24;24.09;;;;1958;05/06/2023;00:51:26;24.07;;;;
1959;05/06/2023;00:49:46;24;;;;1959;05/06/2023;00:51:39;24.09;;;;1959;05/06/2023;00:51:41;24.05;;;;
1960;05/06/2023;00:50:01;24.01;;;;1960;05/06/2023;00:51:54;24.08;;;;1960;05/06/2023;00:51:56;24.05;;;;
1961;05/06/2023;00:50:16;24.01;;;;1961;05/06/2023;00:52:09;24.09;;;;1961;05/06/2023;00:52:11;24.03;;;;
1962;05/06/2023;00:50:31;24.04;;;;1962;05/06/2023;00:52:24;24.1;;;;1962;05/06/2023;00:52:26;24.05;;;;
1963;05/06/2023;00:50:46;23.99;;;;1963;05/06/2023;00:52:39;24.09;;;;1963;05/06/2023;00:52:41;24.03;;;;
1964;05/06/2023;00:51:01;24;;;;1964;05/06/2023;00:52:54;24.09;;;;1964;05/06/2023;00:52:56;24.05;;;;
1965;05/06/2023;00:51:16;24.01;;;;1965;05/06/2023;00:53:09;24.07;;;;1965;05/06/2023;00:53:11;24.05;;;;
1966;05/06/2023;00:51:31;24.02;;;;1966;05/06/2023;00:53:24;24.09;;;;1966;05/06/2023;00:53:26;24.05;;;;
1967;05/06/2023;00:51:46;23.99;;;;1967;05/06/2023;00:53:39;24.09;;;;1967;05/06/2023;00:53:41;24.05;;;;
1968;05/06/2023;00:52:01;24;;;;1968;05/06/2023;00:53:54;24.1;;;;1968;05/06/2023;00:53:56;24.05;;;;
1969;05/06/2023;00:52:16;24.02;;;;1969;05/06/2023;00:54:09;24.09;;;;1969;05/06/2023;00:54:11;24.06;;;;
1970;05/06/2023;00:52:31;23.99;;;;1970;05/06/2023;00:54:24;24.12;;;;1970;05/06/2023;00:54:26;24.03;;;;
1971;05/06/2023;00:52:46;23.99;;;;1971;05/06/2023;00:54:39;24.1;;;;1971;05/06/2023;00:54:41;24.03;;;;
1972;05/06/2023;00:53:01;24.01;;;;1972;05/06/2023;00:54:54;24.09;;;;1972;05/06/2023;00:54:56;24.03;;;;
1973;05/06/2023;00:53:16;24;;;;1973;05/06/2023;00:55:09;24.1;;;;1973;05/06/2023;00:55:11;24.05;;;;
1974;05/06/2023;00:53:31;23.98;;;;1974;05/06/2023;00:55:24;24.09;;;;1974;05/06/2023;00:55:26;24.02;;;;
1975;05/06/2023;00:53:46;23.98;;;;1975;05/06/2023;00:55:39;24.09;;;;1975;05/06/2023;00:55:41;24.05;;;;
1976;05/06/2023;00:54:01;23.99;;;;1976;05/06/2023;00:55:54;24.09;;;;1976;05/06/2023;00:55:56;24.05;;;;
1977;05/06/2023;00:54:16;23.99;;;;1977;05/06/2023;00:56:09;24.08;;;;1977;05/06/2023;00:56:11;24.05;;;;
1978;05/06/2023;00:54:31;24.01;;;;1978;05/06/2023;00:56:24;24.09;;;;1978;05/06/2023;00:56:26;24.05;;;;
1979;05/06/2023;00:54:46;24.01;;;;1979;05/06/2023;00:56:39;24.09;;;;1979;05/06/2023;00:56:41;24.06;;;;
1980;05/06/2023;00:55:01;23.98;;;;1980;05/06/2023;00:56:54;24.06;;;;1980;05/06/2023;00:56:56;24.06;;;;
1981;05/06/2023;00:55:16;23.99;;;;1981;05/06/2023;00:57:09;24.09;;;;1981;05/06/2023;00:57:11;24.02;;;;
1982;05/06/2023;00:55:31;23.99;;;;1982;05/06/2023;00:57:24;24.07;;;;1982;05/06/2023;00:57:26;24.02;;;;
1983;05/06/2023;00:55:46;23.99;;;;1983;05/06/2023;00:57:39;24.08;;;;1983;05/06/2023;00:57:41;24.05;;;;
1984;05/06/2023;00:56:01;23.99;;;;1984;05/06/2023;00:57:54;24.09;;;;1984;05/06/2023;00:57:56;24.05;;;;
1985;05/06/2023;00:56:16;23.99;;;;1985;05/06/2023;00:58:09;24.09;;;;1985;05/06/2023;00:58:11;24.05;;;;
1986;05/06/2023;00:56:31;23.99;;;;1986;05/06/2023;00:58:24;24.09;;;;1986;05/06/2023;00:58:26;24.03;;;;
1987;05/06/2023;00:56:46;24;;;;1987;05/06/2023;00:58:39;24.09;Synchronized;;;1987;05/06/2023;00:58:41;24.03;;;;
1988;05/06/2023;00:57:01;23.99;;;;1988;05/06/2023;00:58:54;24.08;;;;1988;05/06/2023;00:58:56;24.02;;;;
1989;05/06/2023;00:57:16;23.99;;;;1989;05/06/2023;00:59:09;24.07;;;;1989;05/06/2023;00:59:11;24.05;Synchronized;;;
1990;05/06/2023;00:57:31;23.98;;;;1990;05/06/2023;00:59:24;24.07;;;;1990;05/06/2023;00:59:26;24.03;;;;
1991;05/06/2023;00:57:46;24;;;;1991;05/06/2023;00:59:39;24.07;;;;1991;05/06/2023;00:59:41;24.05;;;;
1992;05/06/2023;00:58:01;23.99;;;;1992;05/06/2023;00:59:54;24.09;;;;1992;05/06/2023;00:59:56;24.03;;;;
1993;05/06/2023;00:58:16;24;;;;1993;05/06/2023;01:00:09;24.08;;;;1993;05/06/2023;01:00:11;24.03;;;;
1994;05/06/2023;00:58:31;23.99;;;;1994;05/06/2023;01:00:24;24.06;;;;1994;05/06/2023;01:00:26;24.03;;;;
1995;05/06/2023;00:58:46;23.98;;;;1995;05/06/2023;01:00:39;24.07;;;;1995;05/06/2023;01:00:41;24.03;;;;
1996;05/06/2023;00:59:01;24;;;;1996;05/06/2023;01:00:54;24.08;;;;1996;05/06/2023;01:00:56;24.02;;;;
1997;05/06/2023;00:59:16;23.98;;;;1997;05/06/2023;01:01:09;24.08;;;;1997;05/06/2023;01:01:11;24.03;;;;
1998;05/06/2023;00:59:31;23.99;;;;1998;05/06/2023;01:01:24;24.09;;;;1998;05/06/2023;01:01:26;24.02;;;;
1999;05/06/2023;00:59:46;23.98;;;;1999;05/06/2023;01:01:39;24.07;;;;1999;05/06/2023;01:01:41;24.05;;;;
2000;05/06/2023;01:00:01;23.99;;;;2000;05/06/2023;01:01:55;24.06;;;;2000;05/06/2023;01:01:56;24.05;;;;
2001;05/06/2023;01:00:16;24;;;;2001;05/06/2023;01:02:10;24.06;;;;2001;05/06/2023;01:02:11;24.05;;;;
2002;05/06/2023;01:00:31;23.99;;;;2002;05/06/2023;01:02:25;24.08;;;;2002;05/06/2023;01:02:26;24.02;Synchronized;;;
2003;05/06/2023;01:00:46;23.98;;;;2003;05/06/2023;01:02:40;24.07;;;;2003;05/06/2023;01:02:41;24.05;;;;
2004;05/06/2023;01:01:01;24;;;;2004;05/06/2023;01:02:55;24.05;;;;2004;05/06/2023;01:02:56;24.03;;;;
2005;05/06/2023;01:01:16;23.98;;;;2005;05/06/2023;01:03:10;24.07;;;;2005;05/06/2023;01:03:11;24.02;;;;
2006;05/06/2023;01:01:31;23.98;;;;2006;05/06/2023;01:03:25;24.07;;;;2006;05/06/2023;01:03:26;24.02;;;;
2007;05/06/2023;01:01:46;23.98;;;;2007;05/06/2023;01:03:40;24.08;;;;2007;05/06/2023;01:03:41;24.03;;;;
2008;05/06/2023;01:02:01;24;;;;2008;05/06/2023;01:03:55;24.08;;;;2008;05/06/2023;01:03:56;24.02;;;;
2009;05/06/2023;01:02:16;23.96;;;;2009;05/06/2023;01:04:10;24.08;;;;2009;05/06/2023;01:04:11;24.02;;;;
2010;05/06/2023;01:02:31;23.98;;;;2010;05/06/2023;01:04:25;24.09;;;;2010;05/06/2023;01:04:26;24.02;;;;
2011;05/06/2023;01:02:46;24;;;;2011;05/06/2023;01:04:40;24.06;;;;2011;05/06/2023;01:04:41;24.03;;;;
2012;05/06/2023;01:03:01;23.98;;;;2012;05/06/2023;01:04:55;24.05;;;;2012;05/06/2023;01:04:56;24.03;;;;
2013;05/06/2023;01:03:16;23.98;;;;2013;05/06/2023;01:05:10;24.06;;;;2013;05/06/2023;01:05:11;24.02;;;;
2014;05/06/2023;01:03:31;23.97;;;;2014;05/06/2023;01:05:25;24.05;;;;2014;05/06/2023;01:05:26;24.02;;;;
2015;05/06/2023;01:03:46;23.97;;;;2015;05/06/2023;01:05:40;24.06;;;;2015;05/06/2023;01:05:41;24.02;;;;
2016;05/06/2023;01:04:01;23.97;;;;2016;05/06/2023;01:05:55;24.05;;;;2016;05/06/2023;01:05:56;24.02;;;;
2017;05/06/2023;01:04:16;23.97;;;;2017;05/06/2023;01:06:10;24.07;;;;2017;05/06/2023;01:06:11;24.01;;;;
2018;05/06/2023;01:04:31;23.98;;;;2018;05/06/2023;01:06:25;24.06;;;;2018;05/06/2023;01:06:26;24.03;;;;
2019;05/06/2023;01:04:46;23.98;;;;2019;05/06/2023;01:06:40;24.05;;;;2019;05/06/2023;01:06:41;24.02;;;;
2020;05/06/2023;01:05:01;23.98;;;;2020;05/06/2023;01:06:55;24.09;;;;2020;05/06/2023;01:06:56;24.03;;;;
2021;05/06/2023;01:05:16;23.97;;;;2021;05/06/2023;01:07:10;24.08;;;;2021;05/06/2023;01:07:11;24.02;;;;
2022;05/06/2023;01:05:31;23.98;;;;2022;05/06/2023;01:07:25;24.09;;;;2022;05/06/2023;01:07:26;24.05;;;;
2023;05/06/2023;01:05:46;23.97;;;;2023;05/06/2023;01:07:40;24.06;;;;2023;05/06/2023;01:07:41;24.02;;;;
2024;05/06/2023;01:06:01;23.98;;;;2024;05/06/2023;01:07:55;24.05;;;;2024;05/06/2023;01:07:56;24.02;;;;
2025;05/06/2023;01:06:16;23.98;;;;2025;05/06/2023;01:08:10;24.06;;;;2025;05/06/2023;01:08:11;24.02;;;;
2026;05/06/2023;01:06:31;23.97;;;;2026;05/06/2023;01:08:25;24.08;;;;2026;05/06/2023;01:08:26;24.05;;;;
2027;05/06/2023;01:06:46;23.98;;;;2027;05/06/2023;01:08:40;24.07;;;;2027;05/06/2023;01:08:41;24.02;;;;
2028;05/06/2023;01:07:01;23.98;;;;2028;05/06/2023;01:08:55;24.05;;;;2028;05/06/2023;01:08:56;24.02;;;;
2029;05/06/2023;01:07:16;23.98;;;;2029;05/06/2023;01:09:10;24.06;;;;2029;05/06/2023;01:09:11;24.02;;;;
2030;05/06/2023;01:07:31;23.97;;;;2030;05/06/2023;01:09:25;24.08;;;;2030;05/06/2023;01:09:26;24.02;;;;
2031;05/06/2023;01:07:46;23.99;Synchronized;;;2031;05/06/2023;01:09:40;24.09;;;;2031;05/06/2023;01:09:41;24;;;;
2032;05/06/2023;01:08:01;23.99;;;;2032;05/06/2023;01:09:55;24.08;;;;2032;05/06/2023;01:09:56;24.03;;;;
2033;05/06/2023;01:08:16;23.98;;;;2033;05/06/2023;01:10:10;24.06;;;;2033;05/06/2023;01:10:11;24.02;;;;
2034;05/06/2023;01:08:31;23.96;;;;2034;05/06/2023;01:10:25;24.06;;;;2034;05/06/2023;01:10:26;24.02;;;;
2035;05/06/2023;01:08:46;23.98;;;;2035;05/06/2023;01:10:40;24.05;;;;2035;05/06/2023;01:10:41;24.05;;;;
2036;05/06/2023;01:09:01;23.98;;;;2036;05/06/2023;01:10:55;24.07;;;;2036;05/06/2023;01:10:56;24.02;;;;
2037;05/06/2023;01:09:16;23.98;;;;2037;05/06/2023;01:11:10;24.04;;;;2037;05/06/2023;01:11:11;24.02;;;;
2038;05/06/2023;01:09:31;23.98;;;;2038;05/06/2023;01:11:25;24.05;;;;2038;05/06/2023;01:11:26;24.01;;;;
2039;05/06/2023;01:09:46;23.99;Synchronized;;;2039;05/06/2023;01:11:40;24.06;;;;2039;05/06/2023;01:11:41;24.02;;;;
2040;05/06/2023;01:10:01;24;;;;2040;05/06/2023;01:11:55;24.03;;;;2040;05/06/2023;01:11:56;24.01;;;;
2041;05/06/2023;01:10:16;23.97;;;;2041;05/06/2023;01:12:10;24.05;;;;2041;05/06/2023;01:12:11;24.01;;;;
2042;05/06/2023;01:10:31;23.97;;;;2042;05/06/2023;01:12:25;24.06;;;;2042;05/06/2023;01:12:26;24.02;;;;
2043;05/06/2023;01:10:46;23.98;;;;2043;05/06/2023;01:12:40;24.07;;;;2043;05/06/2023;01:12:41;24.01;;;;
2044;05/06/2023;01:11:01;23.95;;;;2044;05/06/2023;01:12:55;24.07;;;;2044;05/06/2023;01:12:56;24.02;;;;
2045;05/06/2023;01:11:16;23.97;;;;2045;05/06/2023;01:13:10;24.05;;;;2045;05/06/2023;01:13:11;24.02;;;;
2046;05/06/2023;01:11:31;23.98;;;;2046;05/06/2023;01:13:25;24.05;;;;2046;05/06/2023;01:13:26;24.02;;;;
2047;05/06/2023;01:11:46;23.98;;;;2047;05/06/2023;01:13:40;24.07;;;;2047;05/06/2023;01:13:41;24.02;;;;
2048;05/06/2023;01:12:01;23.97;;;;2048;05/06/2023;01:13:55;24.05;;;;2048;05/06/2023;01:13:56;24.02;;;;
2049;05/06/2023;01:12:16;23.98;;;;2049;05/06/2023;01:14:10;24.04;;;;2049;05/06/2023;01:14:12;24.03;;;;
2050;05/06/2023;01:12:31;23.96;;;;2050;05/06/2023;01:14:25;24.06;;;;2050;05/06/2023;01:14:27;24.02;;;;
2051;05/06/2023;01:12:46;23.97;;;;2051;05/06/2023;01:14:40;24.05;;;;2051;05/06/2023;01:14:42;24.02;;;;
2052;05/06/2023;01:13:01;23.98;;;;2052;05/06/2023;01:14:55;24.05;;;;2052;05/06/2023;01:14:57;24.02;;;;
2053;05/06/2023;01:13:16;23.97;;;;2053;05/06/2023;01:15:10;24.06;;;;2053;05/06/2023;01:15:12;24;;;;
2054;05/06/2023;01:13:31;23.98;;;;2054;05/06/2023;01:15:25;24.07;;;;2054;05/06/2023;01:15:27;24.03;;;;
2055;05/06/2023;01:13:46;23.98;;;;2055;05/06/2023;01:15:40;24.05;;;;2055;05/06/2023;01:15:42;24.02;;;;
2056;05/06/2023;01:14:01;23.98;;;;2056;05/06/2023;01:15:55;24.05;;;;2056;05/06/2023;01:15:57;24;;;;
2057;05/06/2023;01:14:16;23.96;;;;2057;05/06/2023;01:16:10;24.07;;;;2057;05/06/2023;01:16:12;24.02;;;;
2058;05/06/2023;01:14:31;23.96;;;;2058;05/06/2023;01:16:25;24.05;;;;2058;05/06/2023;01:16:27;24.02;;;;
2059;05/06/2023;01:14:46;23.97;;;;2059;05/06/2023;01:16:40;24.05;;;;2059;05/06/2023;01:16:42;24.01;;;;
2060;05/06/2023;01:15:01;23.95;;;;2060;05/06/2023;01:16:55;24.04;;;;2060;05/06/2023;01:16:57;24.02;;;;
2061;05/06/2023;01:15:16;23.95;;;;2061;05/06/2023;01:17:11;24.06;;;;2061;05/06/2023;01:17:12;24.02;;;;
2062;05/06/2023;01:15:31;23.98;;;;2062;05/06/2023;01:17:26;24.07;;;;2062;05/06/2023;01:17:27;24.02;;;;
2063;05/06/2023;01:15:46;23.96;;;;2063;05/06/2023;01:17:41;24.05;;;;2063;05/06/2023;01:17:42;24.01;;;;
2064;05/06/2023;01:16:01;23.98;;;;2064;05/06/2023;01:17:56;24.07;;;;2064;05/06/2023;01:17:57;24.01;;;;
2065;05/06/2023;01:16:16;23.98;;;;2065;05/06/2023;01:18:11;24.05;;;;2065;05/06/2023;01:18:12;24.02;;;;
2066;05/06/2023;01:16:31;23.97;;;;2066;05/06/2023;01:18:26;24.05;;;;2066;05/06/2023;01:18:27;24.03;;;;
2067;05/06/2023;01:16:46;23.97;;;;2067;05/06/2023;01:18:41;24.05;;;;2067;05/06/2023;01:18:42;24.02;;;;
2068;05/06/2023;01:17:01;23.96;;;;2068;05/06/2023;01:18:56;24.06;;;;2068;05/06/2023;01:18:57;24.01;;;;
2069;05/06/2023;01:17:16;23.96;;;;2069;05/06/2023;01:19:11;24.05;;;;2069;05/06/2023;01:19:12;24;;;;
2070;05/06/2023;01:17:31;23.98;;;;2070;05/06/2023;01:19:26;24.05;;;;2070;05/06/2023;01:19:27;24;;;;
2071;05/06/2023;01:17:46;23.98;;;;2071;05/06/2023;01:19:41;24.03;;;;2071;05/06/2023;01:19:42;24;;;;
2072;05/06/2023;01:18:01;23.95;;;;2072;05/06/2023;01:19:56;24.04;;;;2072;05/06/2023;01:19:57;24.01;;;;
2073;05/06/2023;01:18:16;23.96;;;;2073;05/06/2023;01:20:11;24.04;;;;2073;05/06/2023;01:20:12;24.01;;;;
2074;05/06/2023;01:18:31;23.95;;;;2074;05/06/2023;01:20:26;24.06;;;;2074;05/06/2023;01:20:27;24;;;;
2075;05/06/2023;01:18:46;23.98;;;;2075;05/06/2023;01:20:41;24.06;;;;2075;05/06/2023;01:20:42;24.02;;;;
2076;05/06/2023;01:19:01;23.96;;;;2076;05/06/2023;01:20:56;24.05;;;;2076;05/06/2023;01:20:57;24;;;;
2077;05/06/2023;01:19:16;23.96;;;;2077;05/06/2023;01:21:11;24.04;;;;2077;05/06/2023;01:21:12;24;;;;
2078;05/06/2023;01:19:31;23.97;;;;2078;05/06/2023;01:21:26;24.05;;;;2078;05/06/2023;01:21:27;23.99;;;;
2079;05/06/2023;01:19:46;23.98;;;;2079;05/06/2023;01:21:41;24.04;;;;2079;05/06/2023;01:21:42;24;;;;
2080;05/06/2023;01:20:01;23.96;;;;2080;05/06/2023;01:21:56;24.05;;;;2080;05/06/2023;01:21:57;24;;;;
2081;05/06/2023;01:20:16;23.96;;;;2081;05/06/2023;01:22:11;24.05;;;;2081;05/06/2023;01:22:12;24.02;;;;
2082;05/06/2023;01:20:31;23.97;;;;2082;05/06/2023;01:22:26;24.05;;;;2082;05/06/2023;01:22:27;23.99;;;;
2083;05/06/2023;01:20:46;23.96;;;;2083;05/06/2023;01:22:41;24.04;;;;2083;05/06/2023;01:22:42;24.01;;;;
2084;05/06/2023;01:21:01;23.97;;;;2084;05/06/2023;01:22:56;24.05;;;;2084;05/06/2023;01:22:57;24.02;;;;
2085;05/06/2023;01:21:16;23.95;;;;2085;05/06/2023;01:23:11;24.05;;;;2085;05/06/2023;01:23:12;23.99;;;;
2086;05/06/2023;01:21:31;23.95;;;;2086;05/06/2023;01:23:26;24.05;;;;2086;05/06/2023;01:23:27;24.01;;;;
2087;05/06/2023;01:21:46;23.96;;;;2087;05/06/2023;01:23:41;24.04;;;;2087;05/06/2023;01:23:42;23.99;;;;
2088;05/06/2023;01:22:01;23.96;;;;2088;05/06/2023;01:23:56;24.03;;;;2088;05/06/2023;01:23:57;23.99;;;;
2089;05/06/2023;01:22:16;23.98;;;;2089;05/06/2023;01:24:11;24.05;;;;2089;05/06/2023;01:24:12;24.01;;;;
2090;05/06/2023;01:22:31;23.95;;;;2090;05/06/2023;01:24:26;24.05;;;;2090;05/06/2023;01:24:27;24;;;;
2091;05/06/2023;01:22:46;23.95;;;;2091;05/06/2023;01:24:41;24.03;;;;2091;05/06/2023;01:24:42;24.01;;;;
2092;05/06/2023;01:23:01;23.96;;;;2092;05/06/2023;01:24:56;24.05;;;;2092;05/06/2023;01:24:57;23.99;;;;
2093;05/06/2023;01:23:16;23.96;;;;2093;05/06/2023;01:25:11;24.05;;;;2093;05/06/2023;01:25:12;24.02;;;;
2094;05/06/2023;01:23:31;23.96;;;;2094;05/06/2023;01:25:26;24.04;;;;2094;05/06/2023;01:25:27;24.02;;;;
2095;05/06/2023;01:23:46;23.96;;;;2095;05/06/2023;01:25:41;24.04;;;;2095;05/06/2023;01:25:42;24;;;;
2096;05/06/2023;01:24:01;23.95;;;;2096;05/06/2023;01:25:56;24.05;;;;2096;05/06/2023;01:25:57;24;;;;
2097;05/06/2023;01:24:16;23.95;;;;2097;05/06/2023;01:26:11;24.04;;;;2097;05/06/2023;01:26:12;24;;;;
2098;05/06/2023;01:24:31;23.95;;;;2098;05/06/2023;01:26:26;24.05;;;;2098;05/06/2023;01:26:27;23.99;;;;
2099;05/06/2023;01:24:46;23.97;;;;2099;05/06/2023;01:26:41;24.05;;;;2099;05/06/2023;01:26:42;24;;;;
2100;05/06/2023;01:25:01;23.95;;;;2100;05/06/2023;01:26:56;24.04;;;;2100;05/06/2023;01:26:57;24;;;;
2101;05/06/2023;01:25:16;23.95;;;;2101;05/06/2023;01:27:11;24.02;;;;2101;05/06/2023;01:27:12;24.02;;;;
2102;05/06/2023;01:25:31;23.95;;;;2102;05/06/2023;01:27:26;24.05;;;;2102;05/06/2023;01:27:27;24;;;;
2103;05/06/2023;01:25:46;23.95;;;;2103;05/06/2023;01:27:41;24.03;;;;2103;05/06/2023;01:27:42;24;;;;
2104;05/06/2023;01:26:01;23.95;;;;2104;05/06/2023;01:27:56;24.05;;;;2104;05/06/2023;01:27:57;24;;;;
2105;05/06/2023;01:26:16;23.96;;;;2105;05/06/2023;01:28:11;24.05;;;;2105;05/06/2023;01:28:12;24;;;;
2106;05/06/2023;01:26:31;23.95;;;;2106;05/06/2023;01:28:26;24.04;;;;2106;05/06/2023;01:28:27;23.98;;;;
2107;05/06/2023;01:26:46;23.95;;;;2107;05/06/2023;01:28:41;24.04;;;;2107;05/06/2023;01:28:42;24.01;;;;
2108;05/06/2023;01:27:01;23.95;;;;2108;05/06/2023;01:28:56;24.04;;;;2108;05/06/2023;01:28:57;23.98;;;;
2109;05/06/2023;01:27:16;23.97;;;;2109;05/06/2023;01:29:11;24.05;;;;2109;05/06/2023;01:29:12;24.01;;;;
2110;05/06/2023;01:27:31;23.97;;;;2110;05/06/2023;01:29:26;24.05;;;;2110;05/06/2023;01:29:27;24;;;;
2111;05/06/2023;01:27:46;23.97;;;;2111;05/06/2023;01:29:41;24.04;;;;2111;05/06/2023;01:29:42;23.98;;;;
2112;05/06/2023;01:28:01;23.95;;;;2112;05/06/2023;01:29:56;24.05;;;;2112;05/06/2023;01:29:57;24;;;;
2113;05/06/2023;01:28:17;23.98;;;;2113;05/06/2023;01:30:11;24.05;;;;2113;05/06/2023;01:30:12;23.99;;;;
2114;05/06/2023;01:28:32;23.96;;;;2114;05/06/2023;01:30:26;24.05;;;;2114;05/06/2023;01:30:27;24.02;;;;
2115;05/06/2023;01:28:47;23.92;;;;2115;05/06/2023;01:30:41;24.03;;;;2115;05/06/2023;01:30:42;24;;;;
2116;05/06/2023;01:29:02;23.97;Synchronized;;;2116;05/06/2023;01:30:56;24.05;;;;2116;05/06/2023;01:30:57;23.99;;;;
2117;05/06/2023;01:29:17;23.96;;;;2117;05/06/2023;01:31:11;24.03;;;;2117;05/06/2023;01:31:12;23.98;;;;
2118;05/06/2023;01:29:32;23.95;;;;2118;05/06/2023;01:31:26;24.05;;;;2118;05/06/2023;01:31:27;23.99;;;;
2119;05/06/2023;01:29:47;23.95;;;;2119;05/06/2023;01:31:41;24.04;;;;2119;05/06/2023;01:31:42;23.99;;;;
2120;05/06/2023;01:30:02;23.95;;;;2120;05/06/2023;01:31:56;24.04;;;;2120;05/06/2023;01:31:57;23.99;;;;
2121;05/06/2023;01:30:17;23.95;;;;2121;05/06/2023;01:32:11;24.02;;;;2121;05/06/2023;01:32:12;24;;;;
2122;05/06/2023;01:30:32;23.95;;;;2122;05/06/2023;01:32:26;24.02;;;;2122;05/06/2023;01:32:27;24.01;Synchronized;;;
2123;05/06/2023;01:30:47;23.96;;;;2123;05/06/2023;01:32:41;24.04;;;;2123;05/06/2023;01:32:42;24.01;;;;
2124;05/06/2023;01:31:02;23.96;;;;2124;05/06/2023;01:32:56;24.03;;;;2124;05/06/2023;01:32:57;24;;;;
2125;05/06/2023;01:31:17;23.94;;;;2125;05/06/2023;01:33:11;24.04;;;;2125;05/06/2023;01:33:12;23.99;;;;
2126;05/06/2023;01:31:32;23.96;;;;2126;05/06/2023;01:33:26;24.04;;;;2126;05/06/2023;01:33:27;23.98;;;;
2127;05/06/2023;01:31:47;23.97;;;;2127;05/06/2023;01:33:41;24.05;;;;2127;05/06/2023;01:33:42;24.01;;;;
2128;05/06/2023;01:32:02;23.95;;;;2128;05/06/2023;01:33:56;24.04;;;;2128;05/06/2023;01:33:57;23.99;;;;
2129;05/06/2023;01:32:17;23.95;;;;2129;05/06/2023;01:34:11;24.03;;;;2129;05/06/2023;01:34:12;23.99;;;;
2130;05/06/2023;01:32:32;23.95;;;;2130;05/06/2023;01:34:26;24.02;;;;2130;05/06/2023;01:34:27;23.98;;;;
2131;05/06/2023;01:32:47;23.95;;;;2131;05/06/2023;01:34:41;24.03;;;;2131;05/06/2023;01:34:42;23.99;;;;
2132;05/06/2023;01:33:02;23.95;;;;2132;05/06/2023;01:34:56;24.03;;;;2132;05/06/2023;01:34:57;23.99;;;;
2133;05/06/2023;01:33:17;23.97;;;;2133;05/06/2023;01:35:11;24.05;;;;2133;05/06/2023;01:35:12;24;;;;
2134;05/06/2023;01:33:32;23.94;;;;2134;05/06/2023;01:35:26;24.03;;;;2134;05/06/2023;01:35:27;23.98;;;;
2135;05/06/2023;01:33:47;23.95;;;;2135;05/06/2023;01:35:41;24.03;;;;2135;05/06/2023;01:35:42;23.99;;;;
2136;05/06/2023;01:34:02;23.95;;;;2136;05/06/2023;01:35:56;24.04;;;;2136;05/06/2023;01:35:57;24;;;;
2137;05/06/2023;01:34:17;23.95;;;;2137;05/06/2023;01:36:11;24.03;;;;2137;05/06/2023;01:36:12;23.98;;;;
2138;05/06/2023;01:34:32;23.95;;;;2138;05/06/2023;01:36:26;24.03;;;;2138;05/06/2023;01:36:27;23.99;;;;
2139;05/06/2023;01:34:47;23.95;;;;2139;05/06/2023;01:36:41;24.02;;;;2139;05/06/2023;01:36:42;24;;;;
2140;05/06/2023;01:35:02;23.95;;;;2140;05/06/2023;01:36:56;24.03;;;;2140;05/06/2023;01:36:57;23.98;;;;
2141;05/06/2023;01:35:17;23.93;;;;2141;05/06/2023;01:37:11;24.02;;;;2141;05/06/2023;01:37:12;23.98;;;;
2142;05/06/2023;01:35:32;23.95;;;;2142;05/06/2023;01:37:26;24.03;;;;2142;05/06/2023;01:37:27;23.99;;;;
2143;05/06/2023;01:35:47;23.95;;;;2143;05/06/2023;01:37:41;24.02;;;;2143;05/06/2023;01:37:42;23.99;;;;
2144;05/06/2023;01:36:02;23.94;;;;2144;05/06/2023;01:37:56;24.04;;;;2144;05/06/2023;01:37:57;24.01;;;;
2145;05/06/2023;01:36:17;23.94;;;;2145;05/06/2023;01:38:11;24.04;;;;2145;05/06/2023;01:38:12;23.99;;;;
2146;05/06/2023;01:36:32;23.96;;;;2146;05/06/2023;01:38:26;24.02;;;;2146;05/06/2023;01:38:27;23.99;;;;
2147;05/06/2023;01:36:47;23.95;;;;2147;05/06/2023;01:38:41;24.04;;;;2147;05/06/2023;01:38:42;23.98;;;;
2148;05/06/2023;01:37:02;23.96;;;;2148;05/06/2023;01:38:56;24.04;;;;2148;05/06/2023;01:38:57;24.01;;;;
2149;05/06/2023;01:37:17;23.95;;;;2149;05/06/2023;01:39:11;24.04;;;;2149;05/06/2023;01:39:12;24;;;;
2150;05/06/2023;01:37:32;23.95;;;;2150;05/06/2023;01:39:26;24.02;;;;2150;05/06/2023;01:39:27;23.98;;;;
2151;05/06/2023;01:37:47;23.95;;;;2151;05/06/2023;01:39:41;24.02;;;;2151;05/06/2023;01:39:42;23.99;;;;
2152;05/06/2023;01:38:02;23.96;;;;2152;05/06/2023;01:39:56;24.02;;;;2152;05/06/2023;01:39:57;23.98;;;;
2153;05/06/2023;01:38:17;23.94;;;;2153;05/06/2023;01:40:11;24.04;;;;2153;05/06/2023;01:40:12;23.99;;;;
2154;05/06/2023;01:38:32;23.95;;;;2154;05/06/2023;01:40:26;24.03;;;;2154;05/06/2023;01:40:27;23.98;;;;
2155;05/06/2023;01:38:47;23.95;;;;2155;05/06/2023;01:40:41;24.04;;;;2155;05/06/2023;01:40:42;23.98;;;;
2156;05/06/2023;01:39:02;23.95;;;;2156;05/06/2023;01:40:56;24.02;;;;2156;05/06/2023;01:40:57;24;;;;
2157;05/06/2023;01:39:17;23.94;;;;2157;05/06/2023;01:41:11;24.02;;;;2157;05/06/2023;01:41:12;23.99;;;;
2158;05/06/2023;01:39:32;23.93;;;;2158;05/06/2023;01:41:26;24.02;;;;2158;05/06/2023;01:41:27;23.98;;;;
2159;05/06/2023;01:39:47;23.95;;;;2159;05/06/2023;01:41:41;24.02;;;;2159;05/06/2023;01:41:42;23.98;;;;
2160;05/06/2023;01:40:02;23.94;;;;2160;05/06/2023;01:41:56;24.03;;;;2160;05/06/2023;01:41:57;23.99;;;;
2161;05/06/2023;01:40:17;23.94;;;;2161;05/06/2023;01:42:11;24.02;;;;2161;05/06/2023;01:42:12;23.98;;;;
2162;05/06/2023;01:40:32;23.93;;;;2162;05/06/2023;01:42:26;24.03;;;;2162;05/06/2023;01:42:27;24.01;;;;
2163;05/06/2023;01:40:47;23.95;;;;2163;05/06/2023;01:42:41;24.02;;;;2163;05/06/2023;01:42:42;23.98;;;;
2164;05/06/2023;01:41:02;23.93;;;;2164;05/06/2023;01:42:56;24.03;;;;2164;05/06/2023;01:42:57;24;;;;
2165;05/06/2023;01:41:17;23.94;;;;2165;05/06/2023;01:43:11;24.02;;;;2165;05/06/2023;01:43:12;23.99;;;;
2166;05/06/2023;01:41:32;23.94;;;;2166;05/06/2023;01:43:26;24;;;;2166;05/06/2023;01:43:27;23.99;;;;
2167;05/06/2023;01:41:47;23.92;;;;2167;05/06/2023;01:43:41;24.05;;;;2167;05/06/2023;01:43:42;23.98;;;;
2168;05/06/2023;01:42:02;23.93;;;;2168;05/06/2023;01:43:56;24.02;;;;2168;05/06/2023;01:43:57;23.98;;;;
2169;05/06/2023;01:42:17;23.95;;;;2169;05/06/2023;01:44:12;24.02;;;;2169;05/06/2023;01:44:12;23.99;;;;
2170;05/06/2023;01:42:32;23.94;;;;2170;05/06/2023;01:44:27;24.02;;;;2170;05/06/2023;01:44:27;24;;;;
2171;05/06/2023;01:42:47;23.95;;;;2171;05/06/2023;01:44:42;24.02;;;;2171;05/06/2023;01:44:42;23.98;;;;
2172;05/06/2023;01:43:02;23.93;Synchronized;;;2172;05/06/2023;01:44:57;24.03;;;;2172;05/06/2023;01:44:57;23.99;;;;
2173;05/06/2023;01:43:17;23.94;;;;2173;05/06/2023;01:45:12;24.02;;;;2173;05/06/2023;01:45:12;23.99;;;;
2174;05/06/2023;01:43:32;23.95;;;;2174;05/06/2023;01:45:27;24.03;;;;2174;05/06/2023;01:45:27;23.98;;;;
2175;05/06/2023;01:43:47;23.94;;;;2175;05/06/2023;01:45:42;24.02;;;;2175;05/06/2023;01:45:42;23.99;;;;
2176;05/06/2023;01:44:02;23.95;;;;2176;05/06/2023;01:45:57;24.02;;;;2176;05/06/2023;01:45:57;23.99;;;;
2177;05/06/2023;01:44:17;23.93;;;;2177;05/06/2023;01:46:12;24.01;;;;2177;05/06/2023;01:46:12;23.99;;;;
2178;05/06/2023;01:44:32;23.94;;;;2178;05/06/2023;01:46:27;24.02;;;;2178;05/06/2023;01:46:27;23.97;;;;
2179;05/06/2023;01:44:47;23.94;Synchronized;;;2179;05/06/2023;01:46:42;24.05;;;;2179;05/06/2023;01:46:42;23.98;;;;
2180;05/06/2023;01:45:02;23.95;;;;2180;05/06/2023;01:46:57;24.03;;;;2180;05/06/2023;01:46:57;23.98;;;;
2181;05/06/2023;01:45:17;23.95;Synchronized;;;2181;05/06/2023;01:47:12;24.02;;;;2181;05/06/2023;01:47:12;23.98;;;;
2182;05/06/2023;01:45:32;23.95;;;;2182;05/06/2023;01:47:27;24.02;;;;2182;05/06/2023;01:47:27;23.99;;;;
2183;05/06/2023;01:45:47;23.95;;;;2183;05/06/2023;01:47:42;24.02;;;;2183;05/06/2023;01:47:42;24;;;;
2184;05/06/2023;01:46:02;23.94;;;;2184;05/06/2023;01:47:57;24.02;;;;2184;05/06/2023;01:47:57;23.99;;;;
2185;05/06/2023;01:46:17;23.94;;;;2185;05/06/2023;01:48:12;24.02;;;;2185;05/06/2023;01:48:12;24.01;;;;
2186;05/06/2023;01:46:32;23.95;;;;2186;05/06/2023;01:48:27;24.01;;;;2186;05/06/2023;01:48:27;24;;;;
2187;05/06/2023;01:46:47;23.95;;;;2187;05/06/2023;01:48:42;24.02;;;;2187;05/06/2023;01:48:42;23.98;;;;
2188;05/06/2023;01:47:02;23.95;;;;2188;05/06/2023;01:48:57;24.02;;;;2188;05/06/2023;01:48:57;23.98;;;;
2189;05/06/2023;01:47:17;23.92;;;;2189;05/06/2023;01:49:12;24.04;;;;2189;05/06/2023;01:49:12;23.99;;;;
2190;05/06/2023;01:47:32;23.95;;;;2190;05/06/2023;01:49:27;24.01;;;;2190;05/06/2023;01:49:27;23.99;;;;
2191;05/06/2023;01:47:47;23.93;;;;2191;05/06/2023;01:49:42;24.02;;;;2191;05/06/2023;01:49:42;23.98;;;;
2192;05/06/2023;01:48:02;23.91;;;;2192;05/06/2023;01:49:57;24.03;;;;2192;05/06/2023;01:49:57;23.98;;;;
2193;05/06/2023;01:48:17;23.94;;;;2193;05/06/2023;01:50:12;24.02;;;;2193;05/06/2023;01:50:12;24.01;;;;
2194;05/06/2023;01:48:32;23.93;;;;2194;05/06/2023;01:50:27;24.02;;;;2194;05/06/2023;01:50:27;24.01;;;;
2195;05/06/2023;01:48:47;23.94;;;;2195;05/06/2023;01:50:42;24.02;Synchronized;;;2195;05/06/2023;01:50:42;23.99;;;;
2196;05/06/2023;01:49:02;23.94;;;;2196;05/06/2023;01:50:57;24.02;;;;2196;05/06/2023;01:50:57;23.97;;;;
2197;05/06/2023;01:49:17;23.93;;;;2197;05/06/2023;01:51:12;24.03;;;;2197;05/06/2023;01:51:12;23.98;;;;
2198;05/06/2023;01:49:32;23.95;;;;2198;05/06/2023;01:51:27;24.01;;;;2198;05/06/2023;01:51:27;23.99;;;;
2199;05/06/2023;01:49:47;23.95;;;;2199;05/06/2023;01:51:42;24.02;;;;2199;05/06/2023;01:51:42;24;;;;
2200;05/06/2023;01:50:02;23.94;;;;2200;05/06/2023;01:51:57;24.02;;;;2200;05/06/2023;01:51:57;23.98;;;;
2201;05/06/2023;01:50:17;23.91;;;;2201;05/06/2023;01:52:12;24.02;;;;2201;05/06/2023;01:52:12;23.98;;;;
2202;05/06/2023;01:50:32;23.94;;;;2202;05/06/2023;01:52:27;24.02;;;;2202;05/06/2023;01:52:27;23.98;;;;
2203;05/06/2023;01:50:47;23.95;;;;2203;05/06/2023;01:52:42;24.02;;;;2203;05/06/2023;01:52:42;23.98;;;;
2204;05/06/2023;01:51:02;23.92;;;;2204;05/06/2023;01:52:57;24;;;;2204;05/06/2023;01:52:57;23.98;;;;
2205;05/06/2023;01:51:17;23.94;;;;2205;05/06/2023;01:53:12;24.03;;;;2205;05/06/2023;01:53:12;23.98;;;;
2206;05/06/2023;01:51:32;23.94;;;;2206;05/06/2023;01:53:27;24.02;;;;2206;05/06/2023;01:53:27;23.98;;;;
2207;05/06/2023;01:51:47;23.93;;;;2207;05/06/2023;01:53:42;24.02;;;;2207;05/06/2023;01:53:42;24;;;;
2208;05/06/2023;01:52:02;23.95;;;;2208;05/06/2023;01:53:57;24.03;;;;2208;05/06/2023;01:53:57;23.98;;;;
2209;05/06/2023;01:52:17;23.93;;;;2209;05/06/2023;01:54:12;24;;;;2209;05/06/2023;01:54:12;23.98;;;;
2210;05/06/2023;01:52:32;23.92;Synchronized;;;2210;05/06/2023;01:54:27;24.02;;;;2210;05/06/2023;01:54:27;23.98;;;;
2211;05/06/2023;01:52:47;23.95;;;;2211;05/06/2023;01:54:42;24.02;;;;2211;05/06/2023;01:54:42;23.98;;;;
2212;05/06/2023;01:53:02;23.92;;;;2212;05/06/2023;01:54:57;24.02;;;;2212;05/06/2023;01:54:57;23.98;;;;
2213;05/06/2023;01:53:17;23.94;;;;2213;05/06/2023;01:55:12;24.02;;;;2213;05/06/2023;01:55:12;23.98;;;;
2214;05/06/2023;01:53:32;23.91;;;;2214;05/06/2023;01:55:27;24;;;;2214;05/06/2023;01:55:27;23.98;;;;
2215;05/06/2023;01:53:47;23.91;;;;2215;05/06/2023;01:55:42;24.02;;;;2215;05/06/2023;01:55:42;23.98;;;;
2216;05/06/2023;01:54:02;23.95;;;;2216;05/06/2023;01:55:57;24.02;Synchronized;;;2216;05/06/2023;01:55:57;23.98;Synchronized;;;
2217;05/06/2023;01:54:17;23.94;;;;2217;05/06/2023;01:56:12;24.02;;;;2217;05/06/2023;01:56:12;23.99;;;;
2218;05/06/2023;01:54:32;23.94;;;;2218;05/06/2023;01:56:27;24.01;;;;2218;05/06/2023;01:56:27;23.98;;;;
2219;05/06/2023;01:54:47;23.94;;;;2219;05/06/2023;01:56:42;24.02;;;;2219;05/06/2023;01:56:42;23.98;Synchronized;;;
2220;05/06/2023;01:55:02;23.93;;;;2220;05/06/2023;01:56:57;24.01;;;;2220;05/06/2023;01:56:57;23.99;;;;
2221;05/06/2023;01:55:17;23.93;;;;2221;05/06/2023;01:57:12;24.01;;;;2221;05/06/2023;01:57:12;23.99;;;;
2222;05/06/2023;01:55:32;23.93;;;;2222;05/06/2023;01:57:27;24.01;;;;2222;05/06/2023;01:57:27;23.97;;;;
2223;05/06/2023;01:55:47;23.93;;;;2223;05/06/2023;01:57:42;24.01;;;;2223;05/06/2023;01:57:42;23.98;;;;
2224;05/06/2023;01:56:02;23.92;;;;2224;05/06/2023;01:57:57;24.02;;;;2224;05/06/2023;01:57:57;23.98;;;;
2225;05/06/2023;01:56:17;23.92;;;;2225;05/06/2023;01:58:12;24.02;;;;2225;05/06/2023;01:58:12;23.98;;;;
2226;05/06/2023;01:56:32;23.92;;;;2226;05/06/2023;01:58:27;24.02;;;;2226;05/06/2023;01:58:27;23.98;;;;
2227;05/06/2023;01:56:47;23.93;;;;2227;05/06/2023;01:58:42;24.01;;;;2227;05/06/2023;01:58:42;23.98;;;;
2228;05/06/2023;01:57:02;23.92;;;;2228;05/06/2023;01:58:57;24.02;;;;2228;05/06/2023;01:58:57;23.96;;;;
2229;05/06/2023;01:57:17;23.91;;;;2229;05/06/2023;01:59:12;24.02;;;;2229;05/06/2023;01:59:12;23.98;;;;
2230;05/06/2023;01:57:32;23.93;;;;2230;05/06/2023;01:59:27;24.02;;;;2230;05/06/2023;01:59:27;23.98;;;;
2231;05/06/2023;01:57:47;23.94;;;;2231;05/06/2023;01:59:42;23.99;;;;2231;05/06/2023;01:59:42;23.97;;;;
2232;05/06/2023;01:58:02;23.92;;;;2232;05/06/2023;01:59:57;24.02;;;;2232;05/06/2023;01:59:57;23.96;;;;
2233;05/06/2023;01:58:17;23.94;;;;2233;05/06/2023;02:00:12;24.01;;;;2233;05/06/2023;02:00:12;23.97;;;;
2234;05/06/2023;01:58:32;23.93;;;;2234;05/06/2023;02:00:27;24.01;;;;2234;05/06/2023;02:00:27;23.98;;;;
2235;05/06/2023;01:58:47;23.91;;;;2235;05/06/2023;02:00:42;24.01;;;;2235;05/06/2023;02:00:42;23.97;;;;
2236;05/06/2023;01:59:02;23.93;;;;2236;05/06/2023;02:00:57;24.02;;;;2236;05/06/2023;02:00:57;24;;;;
2237;05/06/2023;01:59:17;23.94;;;;2237;05/06/2023;02:01:12;24.02;;;;2237;05/06/2023;02:01:12;23.98;;;;
2238;05/06/2023;01:59:32;23.96;;;;2238;05/06/2023;02:01:27;23.99;;;;2238;05/06/2023;02:01:27;23.96;;;;
2239;05/06/2023;01:59:47;23.95;;;;2239;05/06/2023;02:01:42;24.02;;;;2239;05/06/2023;02:01:42;23.98;;;;
2240;05/06/2023;02:00:02;23.93;;;;2240;05/06/2023;02:01:57;24.01;;;;2240;05/06/2023;02:01:57;23.98;;;;
2241;05/06/2023;02:00:17;23.93;;;;2241;05/06/2023;02:02:12;24;;;;2241;05/06/2023;02:02:12;23.98;;;;
2242;05/06/2023;02:00:32;23.92;;;;2242;05/06/2023;02:02:27;24.02;;;;2242;05/06/2023;02:02:27;23.98;;;;
2243;05/06/2023;02:00:47;23.95;;;;2243;05/06/2023;02:02:42;24.02;;;;2243;05/06/2023;02:02:42;23.98;;;;
2244;05/06/2023;02:01:02;23.93;;;;2244;05/06/2023;02:02:57;24.02;;;;2244;05/06/2023;02:02:57;23.97;;;;
2245;05/06/2023;02:01:17;23.92;;;;2245;05/06/2023;02:03:12;24.01;;;;2245;05/06/2023;02:03:12;23.98;;;;
2246;05/06/2023;02:01:32;23.93;;;;2246;05/06/2023;02:03:27;24.02;;;;2246;05/06/2023;02:03:27;23.95;;;;
2247;05/06/2023;02:01:47;23.92;;;;2247;05/06/2023;02:03:42;24.02;;;;2247;05/06/2023;02:03:42;23.97;Synchronized;;;
2248;05/06/2023;02:02:02;23.93;;;;2248;05/06/2023;02:03:57;24.01;;;;2248;05/06/2023;02:03:57;23.98;;;;
2249;05/06/2023;02:02:17;23.91;;;;2249;05/06/2023;02:04:12;24.02;;;;2249;05/06/2023;02:04:12;23.99;;;;
2250;05/06/2023;02:02:32;23.92;;;;2250;05/06/2023;02:04:27;24.01;;;;2250;05/06/2023;02:04:27;23.98;;;;
2251;05/06/2023;02:02:47;23.93;;;;2251;05/06/2023;02:04:42;24;;;;2251;05/06/2023;02:04:42;23.96;;;;
2252;05/06/2023;02:03:02;23.92;;;;2252;05/06/2023;02:04:57;24;;;;2252;05/06/2023;02:04:57;23.96;;;;
2253;05/06/2023;02:03:17;23.91;Synchronized;;;2253;05/06/2023;02:05:12;24;;;;2253;05/06/2023;02:05:12;23.97;;;;
2254;05/06/2023;02:03:32;23.94;;;;2254;05/06/2023;02:05:27;24.02;;;;2254;05/06/2023;02:05:27;23.95;;;;
2255;05/06/2023;02:03:47;23.92;;;;2255;05/06/2023;02:05:42;24.02;;;;2255;05/06/2023;02:05:42;23.96;;;;
2256;05/06/2023;02:04:02;23.91;;;;2256;05/06/2023;02:05:57;24.02;;;;2256;05/06/2023;02:05:57;23.96;;;;
2257;05/06/2023;02:04:17;23.93;;;;2257;05/06/2023;02:06:12;24.02;;;;2257;05/06/2023;02:06:12;23.98;;;;
2258;05/06/2023;02:04:32;23.91;;;;2258;05/06/2023;02:06:27;24.01;;;;2258;05/06/2023;02:06:27;23.97;;;;
2259;05/06/2023;02:04:47;23.92;;;;2259;05/06/2023;02:06:42;24.01;;;;2259;05/06/2023;02:06:42;23.96;;;;
2260;05/06/2023;02:05:02;23.92;;;;2260;05/06/2023;02:06:57;23.99;;;;2260;05/06/2023;02:06:57;23.99;;;;
2261;05/06/2023;02:05:17;23.92;;;;2261;05/06/2023;02:07:12;24.01;;;;2261;05/06/2023;02:07:12;23.96;;;;
2262;05/06/2023;02:05:32;23.93;;;;2262;05/06/2023;02:07:27;24;;;;2262;05/06/2023;02:07:27;23.96;;;;
2263;05/06/2023;02:05:47;23.94;;;;2263;05/06/2023;02:07:42;23.99;;;;2263;05/06/2023;02:07:42;23.98;;;;
2264;05/06/2023;02:06:02;23.92;;;;2264;05/06/2023;02:07:57;23.99;;;;2264;05/06/2023;02:07:57;23.96;;;;
2265;05/06/2023;02:06:17;23.93;;;;2265;05/06/2023;02:08:12;24.02;;;;2265;05/06/2023;02:08:12;23.95;;;;
2266;05/06/2023;02:06:32;23.9;;;;2266;05/06/2023;02:08:27;24.01;;;;2266;05/06/2023;02:08:27;23.96;;;;
2267;05/06/2023;02:06:47;23.92;;;;2267;05/06/2023;02:08:42;23.99;;;;2267;05/06/2023;02:08:42;23.95;;;;
2268;05/06/2023;02:07:02;23.92;;;;2268;05/06/2023;02:08:57;23.99;;;;2268;05/06/2023;02:08:57;23.97;;;;
2269;05/06/2023;02:07:17;23.94;;;;2269;05/06/2023;02:09:12;23.99;;;;2269;05/06/2023;02:09:12;23.95;;;;
2270;05/06/2023;02:07:32;23.92;;;;2270;05/06/2023;02:09:27;24.02;;;;2270;05/06/2023;02:09:27;23.95;;;;
2271;05/06/2023;02:07:47;23.92;;;;2271;05/06/2023;02:09:42;24;;;;2271;05/06/2023;02:09:42;23.97;;;;
2272;05/06/2023;02:08:02;23.92;;;;2272;05/06/2023;02:09:57;23.98;;;;2272;05/06/2023;02:09:57;23.97;;;;
2273;05/06/2023;02:08:17;23.93;;;;2273;05/06/2023;02:10:12;24.01;;;;2273;05/06/2023;02:10:12;23.96;;;;
2274;05/06/2023;02:08:32;23.91;;;;2274;05/06/2023;02:10:27;24.01;;;;2274;05/06/2023;02:10:27;23.97;;;;
2275;05/06/2023;02:08:47;23.91;;;;2275;05/06/2023;02:10:42;23.99;;;;2275;05/06/2023;02:10:42;23.96;;;;
2276;05/06/2023;02:09:02;23.91;;;;2276;05/06/2023;02:10:57;24;;;;2276;05/06/2023;02:10:57;23.98;;;;
2277;05/06/2023;02:09:17;23.91;;;;2277;05/06/2023;02:11:12;24.02;;;;2277;05/06/2023;02:11:12;23.95;;;;
2278;05/06/2023;02:09:32;23.91;;;;2278;05/06/2023;02:11:27;24.02;;;;2278;05/06/2023;02:11:27;23.95;;;;
2279;05/06/2023;02:09:47;23.92;;;;2279;05/06/2023;02:11:42;24;;;;2279;05/06/2023;02:11:42;23.98;;;;
2280;05/06/2023;02:10:03;23.91;;;;2280;05/06/2023;02:11:57;24;;;;2280;05/06/2023;02:11:57;23.97;;;;
2281;05/06/2023;02:10:18;23.92;;;;2281;05/06/2023;02:12:12;24.01;;;;2281;05/06/2023;02:12:12;23.97;;;;
2282;05/06/2023;02:10:33;23.91;;;;2282;05/06/2023;02:12:27;24.02;;;;2282;05/06/2023;02:12:27;23.97;;;;
2283;05/06/2023;02:10:48;23.91;;;;2283;05/06/2023;02:12:42;24;;;;2283;05/06/2023;02:12:42;23.97;;;;
2284;05/06/2023;02:11:03;23.91;;;;2284;05/06/2023;02:12:57;24.01;;;;2284;05/06/2023;02:12:57;23.95;;;;
2285;05/06/2023;02:11:18;23.92;;;;2285;05/06/2023;02:13:12;24;;;;2285;05/06/2023;02:13:12;23.96;;;;
2286;05/06/2023;02:11:33;23.92;;;;2286;05/06/2023;02:13:27;23.98;;;;2286;05/06/2023;02:13:27;23.95;;;;
2287;05/06/2023;02:11:48;23.93;;;;2287;05/06/2023;02:13:42;23.98;;;;2287;05/06/2023;02:13:42;23.97;;;;
2288;05/06/2023;02:12:03;23.91;;;;2288;05/06/2023;02:13:57;24.01;;;;2288;05/06/2023;02:13:57;23.97;;;;
2289;05/06/2023;02:12:18;23.91;;;;2289;05/06/2023;02:14:13;24.02;;;;2289;05/06/2023;02:14:12;23.96;;;;
2290;05/06/2023;02:12:33;23.92;Synchronized;;;2290;05/06/2023;02:14:28;24.01;;;;2290;05/06/2023;02:14:27;23.96;;;;
2291;05/06/2023;02:12:48;23.91;;;;2291;05/06/2023;02:14:43;23.99;;;;2291;05/06/2023;02:14:42;23.95;;;;
2292;05/06/2023;02:13:03;23.91;;;;2292;05/06/2023;02:14:58;23.98;;;;2292;05/06/2023;02:14:57;23.95;;;;
2293;05/06/2023;02:13:18;23.91;;;;2293;05/06/2023;02:15:13;24;;;;2293;05/06/2023;02:15:12;23.95;;;;
2294;05/06/2023;02:13:33;23.92;;;;2294;05/06/2023;02:15:28;24.01;;;;2294;05/06/2023;02:15:27;23.96;;;;
2295;05/06/2023;02:13:48;23.92;;;;2295;05/06/2023;02:15:43;24;;;;2295;05/06/2023;02:15:42;23.97;;;;
2296;05/06/2023;02:14:03;23.91;;;;2296;05/06/2023;02:15:58;24.01;;;;2296;05/06/2023;02:15:57;23.94;;;;
2297;05/06/2023;02:14:18;23.92;;;;2297;05/06/2023;02:16:13;24;;;;2297;05/06/2023;02:16:12;23.98;;;;
2298;05/06/2023;02:14:33;23.91;;;;2298;05/06/2023;02:16:28;23.98;;;;2298;05/06/2023;02:16:27;23.95;;;;
2299;05/06/2023;02:14:48;23.9;;;;2299;05/06/2023;02:16:43;24;;;;2299;05/06/2023;02:16:42;23.95;;;;
2300;05/06/2023;02:15:03;23.91;;;;2300;05/06/2023;02:16:58;24;;;;2300;05/06/2023;02:16:57;23.96;;;;
2301;05/06/2023;02:15:18;23.91;;;;2301;05/06/2023;02:17:13;24.01;;;;2301;05/06/2023;02:17:12;23.95;;;;
2302;05/06/2023;02:15:33;23.91;;;;2302;05/06/2023;02:17:28;23.97;;;;2302;05/06/2023;02:17:27;23.95;;;;
2303;05/06/2023;02:15:48;23.92;;;;2303;05/06/2023;02:17:43;23.97;;;;2303;05/06/2023;02:17:42;23.97;;;;
2304;05/06/2023;02:16:03;23.92;;;;2304;05/06/2023;02:17:58;24;;;;2304;05/06/2023;02:17:57;23.96;;;;
2305;05/06/2023;02:16:18;23.9;;;;2305;05/06/2023;02:18:13;23.98;;;;2305;05/06/2023;02:18:12;23.96;;;;
2306;05/06/2023;02:16:33;23.91;Synchronized;;;2306;05/06/2023;02:18:28;24.01;Synchronized;;;2306;05/06/2023;02:18:27;23.96;;;;
2307;05/06/2023;02:16:48;23.9;;;;2307;05/06/2023;02:18:43;24;;;;2307;05/06/2023;02:18:42;23.94;;;;
2308;05/06/2023;02:17:03;23.91;;;;2308;05/06/2023;02:18:58;23.99;;;;2308;05/06/2023;02:18:57;23.94;;;;
2309;05/06/2023;02:17:18;23.91;;;;2309;05/06/2023;02:19:13;23.99;;;;2309;05/06/2023;02:19:12;23.95;;;;
2310;05/06/2023;02:17:33;23.91;;;;2310;05/06/2023;02:19:28;24;;;;2310;05/06/2023;02:19:27;23.95;;;;
2311;05/06/2023;02:17:48;23.91;;;;2311;05/06/2023;02:19:43;23.98;;;;2311;05/06/2023;02:19:42;23.95;;;;
2312;05/06/2023;02:18:03;23.9;;;;2312;05/06/2023;02:19:58;23.95;;;;2312;05/06/2023;02:19:57;23.95;;;;
2313;05/06/2023;02:18:18;23.91;;;;2313;05/06/2023;02:20:13;23.97;;;;2313;05/06/2023;02:20:12;23.95;;;;
2314;05/06/2023;02:18:33;23.91;;;;2314;05/06/2023;02:20:28;23.99;;;;2314;05/06/2023;02:20:27;23.97;;;;
2315;05/06/2023;02:18:48;23.91;;;;2315;05/06/2023;02:20:43;23.98;;;;2315;05/06/2023;02:20:42;23.95;;;;
2316;05/06/2023;02:19:03;23.9;;;;2316;05/06/2023;02:20:58;23.99;;;;2316;05/06/2023;02:20:57;23.95;;;;
2317;05/06/2023;02:19:18;23.91;;;;2317;05/06/2023;02:21:13;24;;;;2317;05/06/2023;02:21:12;23.95;;;;
2318;05/06/2023;02:19:33;23.9;;;;2318;05/06/2023;02:21:28;23.98;;;;2318;05/06/2023;02:21:27;23.96;;;;
2319;05/06/2023;02:19:48;23.92;;;;2319;05/06/2023;02:21:43;23.97;;;;2319;05/06/2023;02:21:42;23.95;;;;
2320;05/06/2023;02:20:03;23.91;;;;2320;05/06/2023;02:21:58;23.98;;;;2320;05/06/2023;02:21:57;23.94;;;;
2321;05/06/2023;02:20:18;23.9;;;;2321;05/06/2023;02:22:13;24;;;;2321;05/06/2023;02:22:12;23.95;;;;
2322;05/06/2023;02:20:33;23.9;;;;2322;05/06/2023;02:22:28;23.98;;;;2322;05/06/2023;02:22:27;23.95;;;;
2323;05/06/2023;02:20:48;23.91;;;;2323;05/06/2023;02:22:43;23.98;;;;2323;05/06/2023;02:22:42;23.95;;;;
2324;05/06/2023;02:21:03;23.91;;;;2324;05/06/2023;02:22:58;24;;;;2324;05/06/2023;02:22:57;23.95;;;;
2325;05/06/2023;02:21:18;23.88;;;;2325;05/06/2023;02:23:13;24;;;;2325;05/06/2023;02:23:12;23.92;;;;
2326;05/06/2023;02:21:33;23.91;;;;2326;05/06/2023;02:23:28;23.97;;;;2326;05/06/2023;02:23:27;23.95;;;;
2327;05/06/2023;02:21:48;23.91;;;;2327;05/06/2023;02:23:43;23.99;;;;2327;05/06/2023;02:23:42;23.95;;;;
2328;05/06/2023;02:22:03;23.91;;;;2328;05/06/2023;02:23:58;23.97;;;;2328;05/06/2023;02:23:57;23.93;;;;
2329;05/06/2023;02:22:18;23.9;;;;2329;05/06/2023;02:24:13;23.99;;;;2329;05/06/2023;02:24:12;23.95;;;;
2330;05/06/2023;02:22:33;23.9;;;;2330;05/06/2023;02:24:28;23.96;;;;2330;05/06/2023;02:24:27;23.94;;;;
2331;05/06/2023;02:22:48;23.88;;;;2331;05/06/2023;02:24:43;23.97;;;;2331;05/06/2023;02:24:42;23.95;;;;
2332;05/06/2023;02:23:03;23.91;;;;2332;05/06/2023;02:24:58;23.98;;;;2332;05/06/2023;02:24:57;23.95;;;;
2333;05/06/2023;02:23:18;23.88;;;;2333;05/06/2023;02:25:13;23.96;;;;2333;05/06/2023;02:25:12;23.95;;;;
2334;05/06/2023;02:23:33;23.91;;;;2334;05/06/2023;02:25:28;24;;;;2334;05/06/2023;02:25:27;23.95;;;;
2335;05/06/2023;02:23:48;23.9;;;;2335;05/06/2023;02:25:43;23.96;;;;2335;05/06/2023;02:25:42;23.96;;;;
2336;05/06/2023;02:24:03;23.91;;;;2336;05/06/2023;02:25:58;23.98;;;;2336;05/06/2023;02:25:57;23.96;;;;
2337;05/06/2023;02:24:18;23.91;;;;2337;05/06/2023;02:26:13;23.99;;;;2337;05/06/2023;02:26:12;23.95;;;;
2338;05/06/2023;02:24:33;23.9;;;;2338;05/06/2023;02:26:28;23.98;;;;2338;05/06/2023;02:26:27;23.96;;;;
2339;05/06/2023;02:24:48;23.88;;;;2339;05/06/2023;02:26:43;23.98;;;;2339;05/06/2023;02:26:42;23.93;;;;
2340;05/06/2023;02:25:03;23.9;;;;2340;05/06/2023;02:26:58;23.97;;;;2340;05/06/2023;02:26:57;23.95;;;;
2341;05/06/2023;02:25:18;23.88;;;;2341;05/06/2023;02:27:13;24;;;;2341;05/06/2023;02:27:12;23.95;;;;
2342;05/06/2023;02:25:33;23.9;;;;2342;05/06/2023;02:27:28;23.98;;;;2342;05/06/2023;02:27:27;23.96;;;;
2343;05/06/2023;02:25:48;23.9;;;;2343;05/06/2023;02:27:43;23.97;;;;2343;05/06/2023;02:27:42;23.94;;;;
2344;05/06/2023;02:26:03;23.91;;;;2344;05/06/2023;02:27:58;23.98;;;;2344;05/06/2023;02:27:57;23.95;;;;
2345;05/06/2023;02:26:18;23.9;;;;2345;05/06/2023;02:28:13;23.98;;;;2345;05/06/2023;02:28:12;23.94;;;;
2346;05/06/2023;02:26:33;23.91;;;;2346;05/06/2023;02:28:28;23.99;;;;2346;05/06/2023;02:28:27;23.95;;;;
2347;05/06/2023;02:26:48;23.88;;;;2347;05/06/2023;02:28:43;23.98;;;;2347;05/06/2023;02:28:42;23.94;;;;
2348;05/06/2023;02:27:03;23.91;;;;2348;05/06/2023;02:28:58;24;;;;2348;05/06/2023;02:28:57;23.94;;;;
2349;05/06/2023;02:27:18;23.88;;;;2349;05/06/2023;02:29:13;23.98;;;;2349;05/06/2023;02:29:12;23.93;;;;
2350;05/06/2023;02:27:33;23.88;;;;2350;05/06/2023;02:29:28;23.96;;;;2350;05/06/2023;02:29:27;23.95;;;;
2351;05/06/2023;02:27:48;23.9;;;;2351;05/06/2023;02:29:43;23.99;;;;2351;05/06/2023;02:29:42;23.95;;;;
2352;05/06/2023;02:28:03;23.88;;;;2352;05/06/2023;02:29:58;23.97;;;;2352;05/06/2023;02:29:57;23.95;;;;
2353;05/06/2023;02:28:18;23.9;;;;2353;05/06/2023;02:30:13;23.98;;;;2353;05/06/2023;02:30:12;23.95;;;;
2354;05/06/2023;02:28:33;23.91;;;;2354;05/06/2023;02:30:28;23.97;;;;2354;05/06/2023;02:30:27;23.94;;;;
2355;05/06/2023;02:28:48;23.9;;;;2355;05/06/2023;02:30:43;23.98;;;;2355;05/06/2023;02:30:42;23.93;;;;
2356;05/06/2023;02:29:03;23.88;;;;2356;05/06/2023;02:30:58;23.97;;;;2356;05/06/2023;02:30:57;23.93;;;;
2357;05/06/2023;02:29:18;23.88;;;;2357;05/06/2023;02:31:13;23.96;;;;2357;05/06/2023;02:31:12;23.94;Synchronized;;;
2358;05/06/2023;02:29:33;23.9;;;;2358;05/06/2023;02:31:28;23.98;;;;2358;05/06/2023;02:31:27;23.95;;;;
2359;05/06/2023;02:29:48;23.87;;;;2359;05/06/2023;02:31:43;24;;;;2359;05/06/2023;02:31:42;23.95;;;;
2360;05/06/2023;02:30:03;23.9;;;;2360;05/06/2023;02:31:58;23.98;;;;2360;05/06/2023;02:31:57;23.95;;;;
2361;05/06/2023;02:30:18;23.9;;;;2361;05/06/2023;02:32:13;23.98;;;;2361;05/06/2023;02:32:12;23.94;;;;
2362;05/06/2023;02:30:33;23.88;;;;2362;05/06/2023;02:32:28;23.98;;;;2362;05/06/2023;02:32:27;23.93;;;;
2363;05/06/2023;02:30:48;23.9;;;;2363;05/06/2023;02:32:43;23.96;;;;2363;05/06/2023;02:32:42;23.93;;;;
2364;05/06/2023;02:31:03;23.88;;;;2364;05/06/2023;02:32:58;23.98;;;;2364;05/06/2023;02:32:57;23.93;;;;
2365;05/06/2023;02:31:18;23.9;;;;2365;05/06/2023;02:33:13;23.98;;;;2365;05/06/2023;02:33:12;23.93;;;;
2366;05/06/2023;02:31:33;23.9;;;;2366;05/06/2023;02:33:28;23.97;;;;2366;05/06/2023;02:33:27;23.95;;;;
2367;05/06/2023;02:31:48;23.9;;;;2367;05/06/2023;02:33:43;23.95;;;;2367;05/06/2023;02:33:42;23.94;;;;
2368;05/06/2023;02:32:03;23.91;;;;2368;05/06/2023;02:33:58;23.97;;;;2368;05/06/2023;02:33:57;23.92;;;;
2369;05/06/2023;02:32:18;23.9;;;;2369;05/06/2023;02:34:13;23.97;;;;2369;05/06/2023;02:34:12;23.95;;;;
2370;05/06/2023;02:32:33;23.88;;;;2370;05/06/2023;02:34:28;23.96;;;;2370;05/06/2023;02:34:27;23.93;;;;
2371;05/06/2023;02:32:48;23.88;Synchronized;;;2371;05/06/2023;02:34:43;23.98;;;;2371;05/06/2023;02:34:42;23.94;;;;
2372;05/06/2023;02:33:03;23.88;;;;2372;05/06/2023;02:34:58;23.96;;;;2372;05/06/2023;02:34:57;23.95;;;;
2373;05/06/2023;02:33:18;23.9;;;;2373;05/06/2023;02:35:13;23.96;;;;2373;05/06/2023;02:35:12;23.95;;;;
2374;05/06/2023;02:33:33;23.91;;;;2374;05/06/2023;02:35:28;23.95;;;;2374;05/06/2023;02:35:27;23.95;;;;
2375;05/06/2023;02:33:48;23.87;;;;2375;05/06/2023;02:35:43;23.95;;;;2375;05/06/2023;02:35:42;23.93;;;;
2376;05/06/2023;02:34:03;23.88;;;;2376;05/06/2023;02:35:58;23.96;;;;2376;05/06/2023;02:35:57;23.95;;;;
2377;05/06/2023;02:34:18;23.88;;;;2377;05/06/2023;02:36:13;23.96;;;;2377;05/06/2023;02:36:12;23.97;;;;
2378;05/06/2023;02:34:33;23.88;;;;2378;05/06/2023;02:36:28;23.98;;;;2378;05/06/2023;02:36:27;23.95;;;;
2379;05/06/2023;02:34:48;23.9;;;;2379;05/06/2023;02:36:43;23.96;;;;2379;05/06/2023;02:36:42;23.93;;;;
2380;05/06/2023;02:35:03;23.9;;;;2380;05/06/2023;02:36:58;23.97;;;;2380;05/06/2023;02:36:57;23.94;;;;
2381;05/06/2023;02:35:18;23.87;Synchronized;;;2381;05/06/2023;02:37:13;23.96;;;;2381;05/06/2023;02:37:12;23.94;;;;
2382;05/06/2023;02:35:33;23.88;;;;2382;05/06/2023;02:37:28;23.98;;;;2382;05/06/2023;02:37:27;23.94;;;;
2383;05/06/2023;02:35:48;23.88;;;;2383;05/06/2023;02:37:43;23.97;;;;2383;05/06/2023;02:37:42;23.94;;;;
2384;05/06/2023;02:36:03;23.88;;;;2384;05/06/2023;02:37:58;23.96;;;;2384;05/06/2023;02:37:57;23.93;;;;
2385;05/06/2023;02:36:18;23.87;;;;2385;05/06/2023;02:38:13;23.98;;;;2385;05/06/2023;02:38:12;23.95;Synchronized;;;
2386;05/06/2023;02:36:33;23.9;;;;2386;05/06/2023;02:38:28;23.95;;;;2386;05/06/2023;02:38:27;23.94;;;;
2387;05/06/2023;02:36:48;23.88;;;;2387;05/06/2023;02:38:43;23.96;;;;2387;05/06/2023;02:38:42;23.93;;;;
2388;05/06/2023;02:37:03;23.87;;;;2388;05/06/2023;02:38:58;23.96;;;;2388;05/06/2023;02:38:57;23.95;;;;
2389;05/06/2023;02:37:18;23.9;;;;2389;05/06/2023;02:39:13;23.95;;;;2389;05/06/2023;02:39:12;23.93;;;;
2390;05/06/2023;02:37:33;23.88;;;;2390;05/06/2023;02:39:28;23.95;;;;2390;05/06/2023;02:39:27;23.92;;;;
2391;05/06/2023;02:37:48;23.88;;;;2391;05/06/2023;02:39:43;23.96;;;;2391;05/06/2023;02:39:42;23.92;;;;
2392;05/06/2023;02:38:03;23.87;;;;2392;05/06/2023;02:39:58;23.98;;;;2392;05/06/2023;02:39:57;23.94;;;;
2393;05/06/2023;02:38:18;23.88;;;;2393;05/06/2023;02:40:13;23.98;;;;2393;05/06/2023;02:40:12;23.93;;;;
2394;05/06/2023;02:38:33;23.88;;;;2394;05/06/2023;02:40:28;23.98;;;;2394;05/06/2023;02:40:27;23.95;;;;
2395;05/06/2023;02:38:48;23.88;;;;2395;05/06/2023;02:40:43;23.95;;;;2395;05/06/2023;02:40:42;23.93;;;;
2396;05/06/2023;02:39:03;23.88;;;;2396;05/06/2023;02:40:58;23.96;;;;2396;05/06/2023;02:40:57;23.95;;;;
2397;05/06/2023;02:39:18;23.88;;;;2397;05/06/2023;02:41:13;23.96;;;;2397;05/06/2023;02:41:12;23.92;;;;
2398;05/06/2023;02:39:33;23.88;;;;2398;05/06/2023;02:41:28;23.95;;;;2398;05/06/2023;02:41:27;23.93;;;;
2399;05/06/2023;02:39:48;23.88;;;;2399;05/06/2023;02:41:43;23.96;;;;2399;05/06/2023;02:41:42;23.93;;;;
2400;05/06/2023;02:40:03;23.88;;;;2400;05/06/2023;02:41:58;23.95;;;;2400;05/06/2023;02:41:57;23.93;;;;
2401;05/06/2023;02:40:18;23.88;;;;2401;05/06/2023;02:42:13;23.97;;;;2401;05/06/2023;02:42:12;23.93;;;;
2402;05/06/2023;02:40:33;23.87;;;;2402;05/06/2023;02:42:28;23.95;;;;2402;05/06/2023;02:42:27;23.92;Synchronized;;;
2403;05/06/2023;02:40:48;23.88;;;;2403;05/06/2023;02:42:43;23.98;;;;2403;05/06/2023;02:42:42;23.92;;;;
2404;05/06/2023;02:41:03;23.88;;;;2404;05/06/2023;02:42:58;23.96;;;;2404;05/06/2023;02:42:57;23.94;;;;
2405;05/06/2023;02:41:18;23.88;;;;2405;05/06/2023;02:43:13;23.95;;;;2405;05/06/2023;02:43:12;23.93;;;;
2406;05/06/2023;02:41:33;23.87;;;;2406;05/06/2023;02:43:28;23.95;;;;2406;05/06/2023;02:43:27;23.92;;;;
2407;05/06/2023;02:41:48;23.88;;;;2407;05/06/2023;02:43:43;23.95;;;;2407;05/06/2023;02:43:42;23.9;;;;
2408;05/06/2023;02:42:03;23.88;;;;2408;05/06/2023;02:43:58;23.94;;;;2408;05/06/2023;02:43:57;23.9;;;;
2409;05/06/2023;02:42:18;23.88;;;;2409;05/06/2023;02:44:13;23.96;;;;2409;05/06/2023;02:44:12;23.93;;;;
2410;05/06/2023;02:42:33;23.87;;;;2410;05/06/2023;02:44:28;23.95;;;;2410;05/06/2023;02:44:27;23.93;;;;
2411;05/06/2023;02:42:48;23.85;;;;2411;05/06/2023;02:44:44;23.95;;;;2411;05/06/2023;02:44:42;23.93;;;;
2412;05/06/2023;02:43:03;23.87;;;;2412;05/06/2023;02:44:59;23.95;;;;2412;05/06/2023;02:44:57;23.93;Synchronized;;;
2413;05/06/2023;02:43:18;23.87;;;;2413;05/06/2023;02:45:14;23.95;;;;2413;05/06/2023;02:45:12;23.93;;;;
2414;05/06/2023;02:43:33;23.88;;;;2414;05/06/2023;02:45:29;23.96;;;;2414;05/06/2023;02:45:27;23.92;;;;
2415;05/06/2023;02:43:48;23.86;;;;2415;05/06/2023;02:45:44;23.95;;;;2415;05/06/2023;02:45:42;23.93;;;;
2416;05/06/2023;02:44:03;23.88;;;;2416;05/06/2023;02:45:59;23.97;;;;2416;05/06/2023;02:45:57;23.91;;;;
2417;05/06/2023;02:44:18;23.86;;;;2417;05/06/2023;02:46:14;23.95;;;;2417;05/06/2023;02:46:12;23.91;;;;
2418;05/06/2023;02:44:33;23.85;;;;2418;05/06/2023;02:46:29;23.97;;;;2418;05/06/2023;02:46:27;23.91;;;;
2419;05/06/2023;02:44:48;23.86;;;;2419;05/06/2023;02:46:44;23.94;;;;2419;05/06/2023;02:46:42;23.9;;;;
2420;05/06/2023;02:45:03;23.86;;;;2420;05/06/2023;02:46:59;23.95;;;;2420;05/06/2023;02:46:57;23.89;;;;
2421;05/06/2023;02:45:18;23.88;;;;2421;05/06/2023;02:47:14;23.96;;;;2421;05/06/2023;02:47:12;23.92;;;;
2422;05/06/2023;02:45:33;23.88;;;;2422;05/06/2023;02:47:29;23.94;;;;2422;05/06/2023;02:47:27;23.93;;;;
2423;05/06/2023;02:45:48;23.87;;;;2423;05/06/2023;02:47:44;23.95;;;;2423;05/06/2023;02:47:42;23.9;;;;
2424;05/06/2023;02:46:03;23.86;;;;2424;05/06/2023;02:47:59;23.95;;;;2424;05/06/2023;02:47:57;23.89;;;;
2425;05/06/2023;02:46:18;23.84;;;;2425;05/06/2023;02:48:14;23.95;;;;2425;05/06/2023;02:48:12;23.92;;;;
2426;05/06/2023;02:46:33;23.88;;;;2426;05/06/2023;02:48:29;23.95;;;;2426;05/06/2023;02:48:27;23.95;;;;
2427;05/06/2023;02:46:48;23.87;;;;2427;05/06/2023;02:48:44;23.93;;;;2427;05/06/2023;02:48:42;23.9;;;;
2428;05/06/2023;02:47:03;23.88;;;;2428;05/06/2023;02:48:59;23.95;;;;2428;05/06/2023;02:48:57;23.92;;;;
2429;05/06/2023;02:47:18;23.85;;;;2429;05/06/2023;02:49:14;23.96;;;;2429;05/06/2023;02:49:12;23.89;;;;
2430;05/06/2023;02:47:33;23.87;;;;2430;05/06/2023;02:49:29;23.96;;;;2430;05/06/2023;02:49:27;23.9;;;;
2431;05/06/2023;02:47:48;23.86;;;;2431;05/06/2023;02:49:44;23.95;;;;2431;05/06/2023;02:49:42;23.9;;;;
2432;05/06/2023;02:48:03;23.86;;;;2432;05/06/2023;02:49:59;23.95;;;;2432;05/06/2023;02:49:57;23.9;;;;
2433;05/06/2023;02:48:18;23.86;;;;2433;05/06/2023;02:50:14;23.94;;;;2433;05/06/2023;02:50:12;23.88;;;;
2434;05/06/2023;02:48:33;23.87;;;;2434;05/06/2023;02:50:29;23.95;;;;2434;05/06/2023;02:50:27;23.89;;;;
2435;05/06/2023;02:48:48;23.86;;;;2435;05/06/2023;02:50:44;23.95;;;;2435;05/06/2023;02:50:42;23.9;;;;
2436;05/06/2023;02:49:03;23.87;;;;2436;05/06/2023;02:50:59;23.95;;;;2436;05/06/2023;02:50:57;23.88;;;;
2437;05/06/2023;02:49:18;23.85;;;;2437;05/06/2023;02:51:14;23.95;;;;2437;05/06/2023;02:51:12;23.92;;;;
2438;05/06/2023;02:49:33;23.85;;;;2438;05/06/2023;02:51:29;23.95;;;;2438;05/06/2023;02:51:27;23.89;;;;
2439;05/06/2023;02:49:48;23.86;Synchronized;;;2439;05/06/2023;02:51:44;23.94;;;;2439;05/06/2023;02:51:42;23.9;;;;
2440;05/06/2023;02:50:03;23.86;;;;2440;05/06/2023;02:51:59;23.95;;;;2440;05/06/2023;02:51:57;23.91;;;;
2441;05/06/2023;02:50:18;23.85;;;;2441;05/06/2023;02:52:14;23.95;;;;2441;05/06/2023;02:52:12;23.92;;;;
2442;05/06/2023;02:50:33;23.86;;;;2442;05/06/2023;02:52:29;23.95;;;;2442;05/06/2023;02:52:27;23.89;;;;
2443;05/06/2023;02:50:48;23.86;;;;2443;05/06/2023;02:52:44;23.92;;;;2443;05/06/2023;02:52:42;23.88;Synchronized;;;
2444;05/06/2023;02:51:04;23.85;;;;2444;05/06/2023;02:52:59;23.93;;;;2444;05/06/2023;02:52:57;23.88;;;;
2445;05/06/2023;02:51:19;23.84;;;;2445;05/06/2023;02:53:14;23.91;;;;2445;05/06/2023;02:53:12;23.9;;;;
2446;05/06/2023;02:51:34;23.85;;;;2446;05/06/2023;02:53:29;23.95;;;;2446;05/06/2023;02:53:27;23.91;;;;
2447;05/06/2023;02:51:49;23.86;;;;2447;05/06/2023;02:53:44;23.94;;;;2447;05/06/2023;02:53:42;23.9;;;;
2448;05/06/2023;02:52:04;23.85;;;;2448;05/06/2023;02:53:59;23.93;;;;2448;05/06/2023;02:53:57;23.9;;;;
2449;05/06/2023;02:52:19;23.85;;;;2449;05/06/2023;02:54:14;23.94;;;;2449;05/06/2023;02:54:12;23.9;;;;
2450;05/06/2023;02:52:34;23.85;;;;2450;05/06/2023;02:54:29;23.94;;;;2450;05/06/2023;02:54:27;23.88;;;;
2451;05/06/2023;02:52:49;23.86;;;;2451;05/06/2023;02:54:44;23.93;;;;2451;05/06/2023;02:54:42;23.89;;;;
2452;05/06/2023;02:53:04;23.84;;;;2452;05/06/2023;02:54:59;23.94;;;;2452;05/06/2023;02:54:57;23.92;;;;
2453;05/06/2023;02:53:19;23.84;;;;2453;05/06/2023;02:55:14;23.94;;;;2453;05/06/2023;02:55:13;23.89;;;;
2454;05/06/2023;02:53:34;23.85;;;;2454;05/06/2023;02:55:29;23.95;;;;2454;05/06/2023;02:55:28;23.88;;;;
2455;05/06/2023;02:53:49;23.84;;;;2455;05/06/2023;02:55:44;23.95;;;;2455;05/06/2023;02:55:43;23.88;;;;
2456;05/06/2023;02:54:04;23.82;;;;2456;05/06/2023;02:55:59;23.94;;;;2456;05/06/2023;02:55:58;23.89;;;;
2457;05/06/2023;02:54:19;23.85;;;;2457;05/06/2023;02:56:14;23.93;;;;2457;05/06/2023;02:56:13;23.88;;;;
2458;05/06/2023;02:54:34;23.85;;;;2458;05/06/2023;02:56:29;23.93;;;;2458;05/06/2023;02:56:28;23.89;;;;
2459;05/06/2023;02:54:49;23.85;Synchronized;;;2459;05/06/2023;02:56:44;23.93;;;;2459;05/06/2023;02:56:43;23.91;;;;
2460;05/06/2023;02:55:04;23.83;;;;2460;05/06/2023;02:56:59;23.93;;;;2460;05/06/2023;02:56:58;23.88;;;;
2461;05/06/2023;02:55:19;23.84;;;;2461;05/06/2023;02:57:14;23.93;;;;2461;05/06/2023;02:57:13;23.89;;;;
2462;05/06/2023;02:55:34;23.85;;;;2462;05/06/2023;02:57:29;23.94;;;;2462;05/06/2023;02:57:28;23.88;;;;
2463;05/06/2023;02:55:49;23.84;;;;2463;05/06/2023;02:57:44;23.94;;;;2463;05/06/2023;02:57:43;23.89;;;;
2464;05/06/2023;02:56:04;23.84;;;;2464;05/06/2023;02:57:59;23.94;;;;2464;05/06/2023;02:57:58;23.88;;;;
2465;05/06/2023;02:56:19;23.82;;;;2465;05/06/2023;02:58:14;23.93;;;;2465;05/06/2023;02:58:13;23.88;;;;
2466;05/06/2023;02:56:34;23.84;;;;2466;05/06/2023;02:58:29;23.92;;;;2466;05/06/2023;02:58:28;23.89;;;;
2467;05/06/2023;02:56:49;23.84;;;;2467;05/06/2023;02:58:44;23.94;;;;2467;05/06/2023;02:58:43;23.88;;;;
2468;05/06/2023;02:57:04;23.83;;;;2468;05/06/2023;02:58:59;23.92;;;;2468;05/06/2023;02:58:58;23.88;;;;
2469;05/06/2023;02:57:19;23.83;;;;2469;05/06/2023;02:59:14;23.92;;;;2469;05/06/2023;02:59:13;23.88;;;;
2470;05/06/2023;02:57:34;23.84;;;;2470;05/06/2023;02:59:29;23.93;;;;2470;05/06/2023;02:59:28;23.87;;;;
2471;05/06/2023;02:57:49;23.84;;;;2471;05/06/2023;02:59:44;23.92;;;;2471;05/06/2023;02:59:43;23.88;;;;
2472;05/06/2023;02:58:04;23.83;;;;2472;05/06/2023;02:59:59;23.93;;;;2472;05/06/2023;02:59:58;23.89;;;;
2473;05/06/2023;02:58:19;23.84;;;;2473;05/06/2023;03:00:14;23.92;;;;2473;05/06/2023;03:00:13;23.87;;;;
2474;05/06/2023;02:58:34;23.84;;;;2474;05/06/2023;03:00:29;23.94;;;;2474;05/06/2023;03:00:28;23.87;;;;
2475;05/06/2023;02:58:49;23.84;;;;2475;05/06/2023;03:00:44;23.94;;;;2475;05/06/2023;03:00:43;23.88;;;;
2476;05/06/2023;02:59:04;23.83;;;;2476;05/06/2023;03:00:59;23.93;;;;2476;05/06/2023;03:00:58;23.88;;;;
2477;05/06/2023;02:59:19;23.82;Synchronized;;;2477;05/06/2023;03:01:14;23.91;;;;2477;05/06/2023;03:01:13;23.88;;;;
2478;05/06/2023;02:59:34;23.83;;;;2478;05/06/2023;03:01:29;23.93;;;;2478;05/06/2023;03:01:28;23.88;;;;
2479;05/06/2023;02:59:49;23.84;;;;2479;05/06/2023;03:01:44;23.91;;;;2479;05/06/2023;03:01:43;23.86;;;;
2480;05/06/2023;03:00:04;23.84;;;;2480;05/06/2023;03:01:59;23.91;;;;2480;05/06/2023;03:01:58;23.87;;;;
2481;05/06/2023;03:00:19;23.82;;;;2481;05/06/2023;03:02:14;23.92;;;;2481;05/06/2023;03:02:13;23.88;;;;
2482;05/06/2023;03:00:34;23.83;;;;2482;05/06/2023;03:02:29;23.91;;;;2482;05/06/2023;03:02:28;23.87;;;;
2483;05/06/2023;03:00:49;23.84;;;;2483;05/06/2023;03:02:44;23.94;;;;2483;05/06/2023;03:02:43;23.89;;;;
2484;05/06/2023;03:01:04;23.84;;;;2484;05/06/2023;03:02:59;23.92;;;;2484;05/06/2023;03:02:58;23.85;;;;
2485;05/06/2023;03:01:19;23.83;;;;2485;05/06/2023;03:03:14;23.91;;;;2485;05/06/2023;03:03:13;23.88;;;;
2486;05/06/2023;03:01:34;23.82;;;;2486;05/06/2023;03:03:29;23.91;;;;2486;05/06/2023;03:03:28;23.87;;;;
2487;05/06/2023;03:01:49;23.83;;;;2487;05/06/2023;03:03:44;23.93;;;;2487;05/06/2023;03:03:43;23.87;;;;
2488;05/06/2023;03:02:04;23.84;;;;2488;05/06/2023;03:03:59;23.91;;;;2488;05/06/2023;03:03:58;23.87;;;;
2489;05/06/2023;03:02:19;23.82;;;;2489;05/06/2023;03:04:14;23.92;;;;2489;05/06/2023;03:04:13;23.87;;;;
2490;05/06/2023;03:02:34;23.84;;;;2490;05/06/2023;03:04:29;23.92;;;;2490;05/06/2023;03:04:28;23.87;;;;
2491;05/06/2023;03:02:49;23.83;;;;2491;05/06/2023;03:04:44;23.93;;;;2491;05/06/2023;03:04:43;23.88;;;;
2492;05/06/2023;03:03:04;23.83;;;;2492;05/06/2023;03:04:59;23.93;;;;2492;05/06/2023;03:04:58;23.88;;;;
2493;05/06/2023;03:03:19;23.82;Synchronized;;;2493;05/06/2023;03:05:14;23.92;;;;2493;05/06/2023;03:05:13;23.88;;;;
2494;05/06/2023;03:03:34;23.83;;;;2494;05/06/2023;03:05:29;23.91;;;;2494;05/06/2023;03:05:28;23.85;;;;
2495;05/06/2023;03:03:49;23.83;;;;2495;05/06/2023;03:05:44;23.92;;;;2495;05/06/2023;03:05:43;23.88;;;;
2496;05/06/2023;03:04:04;23.83;;;;2496;05/06/2023;03:05:59;23.9;;;;2496;05/06/2023;03:05:58;23.87;;;;
2497;05/06/2023;03:04:19;23.82;Synchronized;;;2497;05/06/2023;03:06:14;23.91;;;;2497;05/06/2023;03:06:13;23.88;Synchronized;;;
2498;05/06/2023;03:04:34;23.82;;;;2498;05/06/2023;03:06:29;23.91;;;;2498;05/06/2023;03:06:28;23.88;;;;
2499;05/06/2023;03:04:49;23.82;;;;2499;05/06/2023;03:06:44;23.92;;;;2499;05/06/2023;03:06:43;23.87;;;;
2500;05/06/2023;03:05:04;23.84;;;;2500;05/06/2023;03:06:59;23.89;;;;2500;05/06/2023;03:06:58;23.86;;;;
2501;05/06/2023;03:05:19;23.81;;;;2501;05/06/2023;03:07:14;23.95;;;;2501;05/06/2023;03:07:13;23.85;;;;
2502;05/06/2023;03:05:34;23.82;;;;2502;05/06/2023;03:07:29;23.91;;;;2502;05/06/2023;03:07:28;23.88;;;;
2503;05/06/2023;03:05:49;23.82;;;;2503;05/06/2023;03:07:44;23.92;;;;2503;05/06/2023;03:07:43;23.86;;;;
2504;05/06/2023;03:06:04;23.82;;;;2504;05/06/2023;03:07:59;23.91;;;;2504;05/06/2023;03:07:58;23.85;;;;
2505;05/06/2023;03:06:19;23.81;;;;2505;05/06/2023;03:08:14;23.91;;;;2505;05/06/2023;03:08:13;23.87;;;;
2506;05/06/2023;03:06:34;23.81;;;;2506;05/06/2023;03:08:29;23.93;;;;2506;05/06/2023;03:08:28;23.87;;;;
2507;05/06/2023;03:06:49;23.84;;;;2507;05/06/2023;03:08:44;23.92;;;;2507;05/06/2023;03:08:43;23.88;;;;
2508;05/06/2023;03:07:04;23.8;;;;2508;05/06/2023;03:08:59;23.91;;;;2508;05/06/2023;03:08:58;23.86;;;;
2509;05/06/2023;03:07:19;23.82;;;;2509;05/06/2023;03:09:14;23.91;;;;2509;05/06/2023;03:09:13;23.87;;;;
2510;05/06/2023;03:07:34;23.81;;;;2510;05/06/2023;03:09:29;23.9;;;;2510;05/06/2023;03:09:28;23.87;;;;
2511;05/06/2023;03:07:49;23.81;;;;2511;05/06/2023;03:09:44;23.91;;;;2511;05/06/2023;03:09:43;23.85;;;;
2512;05/06/2023;03:08:04;23.81;;;;2512;05/06/2023;03:09:59;23.91;;;;2512;05/06/2023;03:09:58;23.85;;;;
2513;05/06/2023;03:08:19;23.81;;;;2513;05/06/2023;03:10:14;23.91;;;;2513;05/06/2023;03:10:13;23.86;;;;
2514;05/06/2023;03:08:34;23.81;;;;2514;05/06/2023;03:10:29;23.9;;;;2514;05/06/2023;03:10:28;23.88;;;;
2515;05/06/2023;03:08:49;23.82;;;;2515;05/06/2023;03:10:44;23.92;;;;2515;05/06/2023;03:10:43;23.86;;;;
2516;05/06/2023;03:09:04;23.82;;;;2516;05/06/2023;03:10:59;23.91;;;;2516;05/06/2023;03:10:58;23.86;;;;
2517;05/06/2023;03:09:19;23.8;;;;2517;05/06/2023;03:11:14;23.91;;;;2517;05/06/2023;03:11:13;23.85;;;;
2518;05/06/2023;03:09:34;23.83;;;;2518;05/06/2023;03:11:29;23.91;;;;2518;05/06/2023;03:11:28;23.86;;;;
2519;05/06/2023;03:09:49;23.81;;;;2519;05/06/2023;03:11:44;23.91;;;;2519;05/06/2023;03:11:43;23.85;;;;
2520;05/06/2023;03:10:04;23.81;;;;2520;05/06/2023;03:11:59;23.91;;;;2520;05/06/2023;03:11:58;23.87;;;;
2521;05/06/2023;03:10:19;23.82;;;;2521;05/06/2023;03:12:14;23.91;;;;2521;05/06/2023;03:12:13;23.85;;;;
2522;05/06/2023;03:10:34;23.81;;;;2522;05/06/2023;03:12:29;23.91;;;;2522;05/06/2023;03:12:28;23.85;;;;
2523;05/06/2023;03:10:49;23.83;;;;2523;05/06/2023;03:12:44;23.91;;;;2523;05/06/2023;03:12:43;23.84;;;;
2524;05/06/2023;03:11:04;23.81;;;;2524;05/06/2023;03:12:59;23.9;;;;2524;05/06/2023;03:12:58;23.87;;;;
2525;05/06/2023;03:11:19;23.8;;;;2525;05/06/2023;03:13:14;23.9;;;;2525;05/06/2023;03:13:13;23.85;;;;
2526;05/06/2023;03:11:34;23.82;;;;2526;05/06/2023;03:13:29;23.9;;;;2526;05/06/2023;03:13:28;23.85;;;;
2527;05/06/2023;03:11:49;23.82;;;;2527;05/06/2023;03:13:44;23.91;;;;2527;05/06/2023;03:13:43;23.85;;;;
2528;05/06/2023;03:12:04;23.8;;;;2528;05/06/2023;03:13:59;23.89;;;;2528;05/06/2023;03:13:58;23.86;;;;
2529;05/06/2023;03:12:19;23.8;;;;2529;05/06/2023;03:14:14;23.88;;;;2529;05/06/2023;03:14:13;23.84;;;;
2530;05/06/2023;03:12:34;23.8;;;;2530;05/06/2023;03:14:29;23.9;;;;2530;05/06/2023;03:14:28;23.83;;;;
2531;05/06/2023;03:12:49;23.82;;;;2531;05/06/2023;03:14:44;23.89;;;;2531;05/06/2023;03:14:43;23.85;;;;
2532;05/06/2023;03:13:04;23.79;;;;2532;05/06/2023;03:14:59;23.89;;;;2532;05/06/2023;03:14:58;23.84;;;;
2533;05/06/2023;03:13:19;23.8;;;;2533;05/06/2023;03:15:14;23.9;;;;2533;05/06/2023;03:15:13;23.84;;;;
2534;05/06/2023;03:13:34;23.81;;;;2534;05/06/2023;03:15:29;23.89;;;;2534;05/06/2023;03:15:28;23.85;;;;
2535;05/06/2023;03:13:49;23.82;;;;2535;05/06/2023;03:15:44;23.88;;;;2535;05/06/2023;03:15:43;23.84;;;;
2536;05/06/2023;03:14:05;23.8;;;;2536;05/06/2023;03:15:59;23.89;;;;2536;05/06/2023;03:15:58;23.86;;;;
2537;05/06/2023;03:14:20;23.8;;;;2537;05/06/2023;03:16:14;23.9;;;;2537;05/06/2023;03:16:13;23.85;;;;
2538;05/06/2023;03:14:35;23.81;;;;2538;05/06/2023;03:16:29;23.88;;;;2538;05/06/2023;03:16:28;23.83;;;;
2539;05/06/2023;03:14:50;23.8;;;;2539;05/06/2023;03:16:44;23.9;;;;2539;05/06/2023;03:16:43;23.84;;;;
2540;05/06/2023;03:15:05;23.8;;;;2540;05/06/2023;03:16:59;23.89;;;;2540;05/06/2023;03:16:58;23.82;;;;
2541;05/06/2023;03:15:20;23.8;;;;2541;05/06/2023;03:17:14;23.89;;;;2541;05/06/2023;03:17:13;23.84;;;;
2542;05/06/2023;03:15:35;23.81;;;;2542;05/06/2023;03:17:29;23.91;;;;2542;05/06/2023;03:17:28;23.84;;;;
2543;05/06/2023;03:15:50;23.81;;;;2543;05/06/2023;03:17:44;23.89;;;;2543;05/06/2023;03:17:43;23.84;;;;
2544;05/06/2023;03:16:05;23.8;;;;2544;05/06/2023;03:17:59;23.88;;;;2544;05/06/2023;03:17:58;23.83;;;;
2545;05/06/2023;03:16:20;23.79;;;;2545;05/06/2023;03:18:14;23.9;;;;2545;05/06/2023;03:18:13;23.83;;;;
2546;05/06/2023;03:16:35;23.79;;;;2546;05/06/2023;03:18:29;23.88;;;;2546;05/06/2023;03:18:28;23.84;;;;
2547;05/06/2023;03:16:50;23.8;;;;2547;05/06/2023;03:18:44;23.88;;;;2547;05/06/2023;03:18:43;23.84;;;;
2548;05/06/2023;03:17:05;23.79;;;;2548;05/06/2023;03:18:59;23.87;;;;2548;05/06/2023;03:18:58;23.86;;;;
2549;05/06/2023;03:17:20;23.78;;;;2549;05/06/2023;03:19:14;23.9;;;;2549;05/06/2023;03:19:13;23.84;;;;
2550;05/06/2023;03:17:35;23.78;;;;2550;05/06/2023;03:19:29;23.88;;;;2550;05/06/2023;03:19:28;23.84;;;;
2551;05/06/2023;03:17:50;23.81;;;;2551;05/06/2023;03:19:44;23.89;;;;2551;05/06/2023;03:19:43;23.83;;;;
2552;05/06/2023;03:18:05;23.76;;;;2552;05/06/2023;03:19:59;23.85;;;;2552;05/06/2023;03:19:58;23.84;;;;
2553;05/06/2023;03:18:20;23.79;;;;2553;05/06/2023;03:20:15;23.9;;;;2553;05/06/2023;03:20:13;23.84;;;;
2554;05/06/2023;03:18:35;23.79;;;;2554;05/06/2023;03:20:30;23.89;;;;2554;05/06/2023;03:20:28;23.84;;;;
2555;05/06/2023;03:18:50;23.79;;;;2555;05/06/2023;03:20:45;23.89;;;;2555;05/06/2023;03:20:43;23.83;;;;
2556;05/06/2023;03:19:05;23.78;;;;2556;05/06/2023;03:21:00;23.88;;;;2556;05/06/2023;03:20:58;23.83;;;;
2557;05/06/2023;03:19:20;23.79;;;;2557;05/06/2023;03:21:15;23.88;;;;2557;05/06/2023;03:21:13;23.81;;;;
2558;05/06/2023;03:19:35;23.79;;;;2558;05/06/2023;03:21:30;23.88;;;;2558;05/06/2023;03:21:28;23.84;;;;
2559;05/06/2023;03:19:50;23.76;;;;2559;05/06/2023;03:21:45;23.87;;;;2559;05/06/2023;03:21:43;23.8;;;;
2560;05/06/2023;03:20:05;23.77;;;;2560;05/06/2023;03:22:00;23.87;;;;2560;05/06/2023;03:21:58;23.83;;;;
2561;05/06/2023;03:20:20;23.79;;;;2561;05/06/2023;03:22:15;23.88;;;;2561;05/06/2023;03:22:13;23.84;;;;
2562;05/06/2023;03:20:35;23.78;;;;2562;05/06/2023;03:22:30;23.88;;;;2562;05/06/2023;03:22:28;23.82;;;;
2563;05/06/2023;03:20:50;23.75;;;;2563;05/06/2023;03:22:45;23.87;;;;2563;05/06/2023;03:22:43;23.82;;;;
2564;05/06/2023;03:21:05;23.77;;;;2564;05/06/2023;03:23:00;23.87;;;;2564;05/06/2023;03:22:58;23.83;;;;
2565;05/06/2023;03:21:20;23.77;;;;2565;05/06/2023;03:23:15;23.88;;;;2565;05/06/2023;03:23:13;23.82;;;;
2566;05/06/2023;03:21:35;23.76;;;;2566;05/06/2023;03:23:30;23.84;;;;2566;05/06/2023;03:23:28;23.83;;;;
2567;05/06/2023;03:21:50;23.78;;;;2567;05/06/2023;03:23:45;23.88;;;;2567;05/06/2023;03:23:43;23.84;;;;
2568;05/06/2023;03:22:05;23.76;;;;2568;05/06/2023;03:24:00;23.87;;;;2568;05/06/2023;03:23:58;23.81;;;;
2569;05/06/2023;03:22:20;23.76;;;;2569;05/06/2023;03:24:15;23.88;;;;2569;05/06/2023;03:24:13;23.81;;;;
2570;05/06/2023;03:22:35;23.75;;;;2570;05/06/2023;03:24:30;23.85;;;;2570;05/06/2023;03:24:28;23.81;;;;
2571;05/06/2023;03:22:50;23.76;;;;2571;05/06/2023;03:24:45;23.88;;;;2571;05/06/2023;03:24:43;23.8;;;;
2572;05/06/2023;03:23:05;23.77;;;;2572;05/06/2023;03:25:00;23.87;;;;2572;05/06/2023;03:24:58;23.82;;;;
2573;05/06/2023;03:23:20;23.78;;;;2573;05/06/2023;03:25:15;23.85;;;;2573;05/06/2023;03:25:13;23.82;;;;
2574;05/06/2023;03:23:35;23.77;;;;2574;05/06/2023;03:25:30;23.88;;;;2574;05/06/2023;03:25:28;23.83;;;;
2575;05/06/2023;03:23:50;23.74;;;;2575;05/06/2023;03:25:45;23.84;;;;2575;05/06/2023;03:25:43;23.8;;;;
2576;05/06/2023;03:24:05;23.77;;;;2576;05/06/2023;03:26:00;23.84;;;;2576;05/06/2023;03:25:58;23.82;;;;
2577;05/06/2023;03:24:20;23.74;;;;2577;05/06/2023;03:26:15;23.85;;;;2577;05/06/2023;03:26:13;23.82;;;;
2578;05/06/2023;03:24:35;23.77;;;;2578;05/06/2023;03:26:30;23.85;;;;2578;05/06/2023;03:26:28;23.81;;;;
2579;05/06/2023;03:24:50;23.75;;;;2579;05/06/2023;03:26:45;23.84;;;;2579;05/06/2023;03:26:43;23.81;;;;
2580;05/06/2023;03:25:05;23.75;;;;2580;05/06/2023;03:27:00;23.84;;;;2580;05/06/2023;03:26:58;23.83;;;;
2581;05/06/2023;03:25:20;23.76;;;;2581;05/06/2023;03:27:15;23.85;;;;2581;05/06/2023;03:27:13;23.82;;;;
2582;05/06/2023;03:25:35;23.77;;;;2582;05/06/2023;03:27:30;23.84;;;;2582;05/06/2023;03:27:28;23.81;;;;
2583;05/06/2023;03:25:50;23.76;;;;2583;05/06/2023;03:27:45;23.85;;;;2583;05/06/2023;03:27:43;23.8;;;;
2584;05/06/2023;03:26:05;23.75;;;;2584;05/06/2023;03:28:00;23.85;;;;2584;05/06/2023;03:27:58;23.8;;;;
2585;05/06/2023;03:26:20;23.76;;;;2585;05/06/2023;03:28:15;23.85;;;;2585;05/06/2023;03:28:13;23.81;;;;
2586;05/06/2023;03:26:35;23.75;;;;2586;05/06/2023;03:28:30;23.84;;;;2586;05/06/2023;03:28:28;23.81;;;;
2587;05/06/2023;03:26:50;23.76;Synchronized;;;2587;05/06/2023;03:28:45;23.84;;;;2587;05/06/2023;03:28:43;23.8;;;;
2588;05/06/2023;03:27:05;23.74;;;;2588;05/06/2023;03:29:00;23.85;;;;2588;05/06/2023;03:28:58;23.78;;;;
2589;05/06/2023;03:27:20;23.75;;;;2589;05/06/2023;03:29:15;23.84;;;;2589;05/06/2023;03:29:13;23.78;;;;
2590;05/06/2023;03:27:35;23.73;;;;2590;05/06/2023;03:29:30;23.85;;;;2590;05/06/2023;03:29:28;23.8;;;;
2591;05/06/2023;03:27:50;23.73;;;;2591;05/06/2023;03:29:45;23.84;;;;2591;05/06/2023;03:29:43;23.81;;;;
2592;05/06/2023;03:28:05;23.75;;;;2592;05/06/2023;03:30:00;23.85;;;;2592;05/06/2023;03:29:58;23.82;;;;
2593;05/06/2023;03:28:20;23.75;;;;2593;05/06/2023;03:30:15;23.87;;;;2593;05/06/2023;03:30:13;23.81;;;;
2594;05/06/2023;03:28:35;23.74;;;;2594;05/06/2023;03:30:30;23.83;;;;2594;05/06/2023;03:30:28;23.8;;;;
2595;05/06/2023;03:28:50;23.75;;;;2595;05/06/2023;03:30:45;23.84;;;;2595;05/06/2023;03:30:43;23.81;;;;
2596;05/06/2023;03:29:05;23.74;;;;2596;05/06/2023;03:31:00;23.84;;;;2596;05/06/2023;03:30:58;23.79;;;;
2597;05/06/2023;03:29:20;23.74;;;;2597;05/06/2023;03:31:15;23.85;;;;2597;05/06/2023;03:31:13;23.79;;;;
2598;05/06/2023;03:29:35;23.74;;;;2598;05/06/2023;03:31:30;23.83;;;;2598;05/06/2023;03:31:28;23.81;;;;
2599;05/06/2023;03:29:50;23.72;;;;2599;05/06/2023;03:31:45;23.84;;;;2599;05/06/2023;03:31:43;23.79;;;;
2600;05/06/2023;03:30:05;23.74;;;;2600;05/06/2023;03:32:00;23.84;Synchronized;;;2600;05/06/2023;03:31:58;23.8;;;;
2601;05/06/2023;03:30:20;23.73;;;;2601;05/06/2023;03:32:15;23.83;;;;2601;05/06/2023;03:32:13;23.79;;;;
2602;05/06/2023;03:30:35;23.76;;;;2602;05/06/2023;03:32:30;23.84;;;;2602;05/06/2023;03:32:28;23.79;;;;
2603;05/06/2023;03:30:50;23.74;;;;2603;05/06/2023;03:32:45;23.85;;;;2603;05/06/2023;03:32:43;23.8;;;;
2604;05/06/2023;03:31:05;23.73;;;;2604;05/06/2023;03:33:00;23.83;;;;2604;05/06/2023;03:32:58;23.77;;;;
2605;05/06/2023;03:31:20;23.73;;;;2605;05/06/2023;03:33:15;23.84;;;;2605;05/06/2023;03:33:13;23.8;;;;
2606;05/06/2023;03:31:35;23.73;;;;2606;05/06/2023;03:33:30;23.83;;;;2606;05/06/2023;03:33:28;23.78;;;;
2607;05/06/2023;03:31:50;23.74;;;;2607;05/06/2023;03:33:45;23.84;;;;2607;05/06/2023;03:33:43;23.78;;;;
2608;05/06/2023;03:32:05;23.73;;;;2608;05/06/2023;03:34:00;23.84;;;;2608;05/06/2023;03:33:58;23.79;;;;
2609;05/06/2023;03:32:20;23.73;;;;2609;05/06/2023;03:34:15;23.84;;;;2609;05/06/2023;03:34:13;23.8;;;;
2610;05/06/2023;03:32:35;23.74;;;;2610;05/06/2023;03:34:30;23.84;;;;2610;05/06/2023;03:34:28;23.8;;;;
2611;05/06/2023;03:32:50;23.75;;;;2611;05/06/2023;03:34:45;23.85;;;;2611;05/06/2023;03:34:43;23.78;;;;
2612;05/06/2023;03:33:05;23.73;;;;2612;05/06/2023;03:35:00;23.82;;;;2612;05/06/2023;03:34:58;23.79;;;;
2613;05/06/2023;03:33:20;23.73;;;;2613;05/06/2023;03:35:15;23.84;;;;2613;05/06/2023;03:35:13;23.79;;;;
2614;05/06/2023;03:33:35;23.74;;;;2614;05/06/2023;03:35:30;23.85;;;;2614;05/06/2023;03:35:28;23.77;;;;
2615;05/06/2023;03:33:50;23.73;;;;2615;05/06/2023;03:35:45;23.83;Synchronized;;;2615;05/06/2023;03:35:43;23.79;;;;
2616;05/06/2023;03:34:05;23.73;;;;2616;05/06/2023;03:36:00;23.84;;;;2616;05/06/2023;03:35:58;23.81;;;;
2617;05/06/2023;03:34:20;23.73;;;;2617;05/06/2023;03:36:15;23.84;;;;2617;05/06/2023;03:36:13;23.78;;;;
2618;05/06/2023;03:34:35;23.73;;;;2618;05/06/2023;03:36:30;23.81;;;;2618;05/06/2023;03:36:28;23.79;;;;
2619;05/06/2023;03:34:50;23.73;;;;2619;05/06/2023;03:36:45;23.83;;;;2619;05/06/2023;03:36:43;23.78;;;;
2620;05/06/2023;03:35:06;23.73;;;;2620;05/06/2023;03:37:00;23.83;;;;2620;05/06/2023;03:36:58;23.78;;;;
2621;05/06/2023;03:35:21;23.73;;;;2621;05/06/2023;03:37:15;23.82;;;;2621;05/06/2023;03:37:13;23.77;;;;
2622;05/06/2023;03:35:36;23.72;;;;2622;05/06/2023;03:37:30;23.83;;;;2622;05/06/2023;03:37:28;23.79;;;;
2623;05/06/2023;03:35:51;23.73;;;;2623;05/06/2023;03:37:45;23.83;;;;2623;05/06/2023;03:37:43;23.77;;;;
2624;05/06/2023;03:36:06;23.73;;;;2624;05/06/2023;03:38:00;23.82;;;;2624;05/06/2023;03:37:58;23.77;;;;
2625;05/06/2023;03:36:21;23.72;;;;2625;05/06/2023;03:38:15;23.84;;;;2625;05/06/2023;03:38:13;23.78;;;;
2626;05/06/2023;03:36:36;23.73;;;;2626;05/06/2023;03:38:30;23.83;;;;2626;05/06/2023;03:38:28;23.78;;;;
2627;05/06/2023;03:36:51;23.72;Synchronized;;;2627;05/06/2023;03:38:45;23.84;;;;2627;05/06/2023;03:38:43;23.77;;;;
2628;05/06/2023;03:37:06;23.73;;;;2628;05/06/2023;03:39:00;23.83;;;;2628;05/06/2023;03:38:58;23.77;;;;
2629;05/06/2023;03:37:21;23.73;;;;2629;05/06/2023;03:39:15;23.81;;;;2629;05/06/2023;03:39:13;23.76;;;;
2630;05/06/2023;03:37:36;23.73;;;;2630;05/06/2023;03:39:30;23.81;;;;2630;05/06/2023;03:39:28;23.76;;;;
2631;05/06/2023;03:37:51;23.73;;;;2631;05/06/2023;03:39:45;23.81;;;;2631;05/06/2023;03:39:43;23.78;;;;
2632;05/06/2023;03:38:06;23.71;;;;2632;05/06/2023;03:40:00;23.82;;;;2632;05/06/2023;03:39:58;23.77;;;;
2633;05/06/2023;03:38:21;23.71;;;;2633;05/06/2023;03:40:15;23.81;;;;2633;05/06/2023;03:40:13;23.77;;;;
2634;05/06/2023;03:38:36;23.71;;;;2634;05/06/2023;03:40:30;23.82;;;;2634;05/06/2023;03:40:28;23.77;;;;
2635;05/06/2023;03:38:51;23.71;;;;2635;05/06/2023;03:40:45;23.81;;;;2635;05/06/2023;03:40:43;23.76;;;;
2636;05/06/2023;03:39:06;23.72;;;;2636;05/06/2023;03:41:00;23.8;;;;2636;05/06/2023;03:40:58;23.8;;;;
2637;05/06/2023;03:39:21;23.71;;;;2637;05/06/2023;03:41:15;23.81;;;;2637;05/06/2023;03:41:13;23.78;Synchronized;;;
2638;05/06/2023;03:39:36;23.7;;;;2638;05/06/2023;03:41:30;23.82;;;;2638;05/06/2023;03:41:28;23.76;;;;
2639;05/06/2023;03:39:51;23.71;;;;2639;05/06/2023;03:41:45;23.82;;;;2639;05/06/2023;03:41:43;23.77;;;;
2640;05/06/2023;03:40:06;23.71;;;;2640;05/06/2023;03:42:00;23.82;;;;2640;05/06/2023;03:41:58;23.79;;;;
2641;05/06/2023;03:40:21;23.7;;;;2641;05/06/2023;03:42:15;23.83;;;;2641;05/06/2023;03:42:13;23.77;;;;
2642;05/06/2023;03:40:36;23.7;;;;2642;05/06/2023;03:42:30;23.82;;;;2642;05/06/2023;03:42:28;23.77;;;;
2643;05/06/2023;03:40:51;23.7;;;;2643;05/06/2023;03:42:45;23.8;;;;2643;05/06/2023;03:42:43;23.77;;;;
2644;05/06/2023;03:41:06;23.7;;;;2644;05/06/2023;03:43:00;23.81;;;;2644;05/06/2023;03:42:58;23.77;;;;
2645;05/06/2023;03:41:21;23.73;;;;2645;05/06/2023;03:43:15;23.79;;;;2645;05/06/2023;03:43:13;23.77;;;;
2646;05/06/2023;03:41:36;23.7;;;;2646;05/06/2023;03:43:30;23.8;;;;2646;05/06/2023;03:43:28;23.77;;;;
2647;05/06/2023;03:41:51;23.71;;;;2647;05/06/2023;03:43:45;23.81;;;;2647;05/06/2023;03:43:43;23.75;;;;
2648;05/06/2023;03:42:06;23.71;;;;2648;05/06/2023;03:44:00;23.83;;;;2648;05/06/2023;03:43:58;23.75;;;;
2649;05/06/2023;03:42:21;23.71;;;;2649;05/06/2023;03:44:15;23.82;;;;2649;05/06/2023;03:44:13;23.75;;;;
2650;05/06/2023;03:42:36;23.71;;;;2650;05/06/2023;03:44:30;23.8;;;;2650;05/06/2023;03:44:28;23.75;;;;
2651;05/06/2023;03:42:51;23.69;;;;2651;05/06/2023;03:44:45;23.81;;;;2651;05/06/2023;03:44:43;23.77;;;;
2652;05/06/2023;03:43:06;23.7;;;;2652;05/06/2023;03:45:00;23.8;;;;2652;05/06/2023;03:44:58;23.77;;;;
2653;05/06/2023;03:43:21;23.69;;;;2653;05/06/2023;03:45:15;23.8;;;;2653;05/06/2023;03:45:13;23.76;;;;
2654;05/06/2023;03:43:36;23.7;;;;2654;05/06/2023;03:45:30;23.8;;;;2654;05/06/2023;03:45:28;23.76;;;;
2655;05/06/2023;03:43:51;23.68;;;;2655;05/06/2023;03:45:45;23.8;;;;2655;05/06/2023;03:45:43;23.75;;;;
2656;05/06/2023;03:44:06;23.7;;;;2656;05/06/2023;03:46:00;23.8;;;;2656;05/06/2023;03:45:58;23.75;;;;
2657;05/06/2023;03:44:21;23.69;;;;2657;05/06/2023;03:46:15;23.79;;;;2657;05/06/2023;03:46:13;23.76;;;;
2658;05/06/2023;03:44:36;23.7;;;;2658;05/06/2023;03:46:30;23.8;;;;2658;05/06/2023;03:46:28;23.74;;;;
2659;05/06/2023;03:44:51;23.7;;;;2659;05/06/2023;03:46:45;23.8;;;;2659;05/06/2023;03:46:43;23.77;;;;
2660;05/06/2023;03:45:06;23.7;;;;2660;05/06/2023;03:47:00;23.8;;;;2660;05/06/2023;03:46:58;23.75;;;;
2661;05/06/2023;03:45:21;23.7;;;;2661;05/06/2023;03:47:15;23.8;;;;2661;05/06/2023;03:47:13;23.77;;;;
2662;05/06/2023;03:45:36;23.71;;;;2662;05/06/2023;03:47:30;23.8;;;;2662;05/06/2023;03:47:28;23.76;;;;
2663;05/06/2023;03:45:51;23.69;;;;2663;05/06/2023;03:47:46;23.8;;;;2663;05/06/2023;03:47:43;23.77;;;;
2664;05/06/2023;03:46:06;23.7;;;;2664;05/06/2023;03:48:01;23.8;;;;2664;05/06/2023;03:47:58;23.76;;;;
2665;05/06/2023;03:46:21;23.7;;;;2665;05/06/2023;03:48:16;23.8;;;;2665;05/06/2023;03:48:13;23.76;;;;
2666;05/06/2023;03:46:36;23.7;;;;2666;05/06/2023;03:48:31;23.78;;;;2666;05/06/2023;03:48:28;23.76;;;;
2667;05/06/2023;03:46:51;23.7;;;;2667;05/06/2023;03:48:46;23.8;;;;2667;05/06/2023;03:48:43;23.75;;;;
2668;05/06/2023;03:47:06;23.7;;;;2668;05/06/2023;03:49:01;23.79;;;;2668;05/06/2023;03:48:58;23.75;;;;
2669;05/06/2023;03:47:21;23.69;;;;2669;05/06/2023;03:49:16;23.81;;;;2669;05/06/2023;03:49:13;23.75;;;;
2670;05/06/2023;03:47:36;23.69;;;;2670;05/06/2023;03:49:31;23.79;;;;2670;05/06/2023;03:49:28;23.75;;;;
2671;05/06/2023;03:47:51;23.7;;;;2671;05/06/2023;03:49:46;23.8;;;;2671;05/06/2023;03:49:43;23.76;;;;
2672;05/06/2023;03:48:06;23.69;;;;2672;05/06/2023;03:50:01;23.8;;;;2672;05/06/2023;03:49:58;23.74;;;;
2673;05/06/2023;03:48:21;23.68;;;;2673;05/06/2023;03:50:16;23.79;;;;2673;05/06/2023;03:50:13;23.73;;;;
2674;05/06/2023;03:48:36;23.69;;;;2674;05/06/2023;03:50:31;23.8;;;;2674;05/06/2023;03:50:28;23.75;;;;
2675;05/06/2023;03:48:51;23.68;;;;2675;05/06/2023;03:50:46;23.79;;;;2675;05/06/2023;03:50:43;23.75;;;;
2676;05/06/2023;03:49:06;23.7;;;;2676;05/06/2023;03:51:01;23.79;;;;2676;05/06/2023;03:50:58;23.74;;;;
2677;05/06/2023;03:49:21;23.68;;;;2677;05/06/2023;03:51:16;23.79;;;;2677;05/06/2023;03:51:13;23.75;;;;
2678;05/06/2023;03:49:36;23.69;;;;2678;05/06/2023;03:51:31;23.8;;;;2678;05/06/2023;03:51:28;23.74;;;;
2679;05/06/2023;03:49:51;23.68;;;;2679;05/06/2023;03:51:46;23.78;;;;2679;05/06/2023;03:51:43;23.76;;;;
2680;05/06/2023;03:50:06;23.68;;;;2680;05/06/2023;03:52:01;23.8;;;;2680;05/06/2023;03:51:58;23.76;;;;
2681;05/06/2023;03:50:21;23.7;;;;2681;05/06/2023;03:52:16;23.78;;;;2681;05/06/2023;03:52:13;23.76;;;;
2682;05/06/2023;03:50:36;23.68;;;;2682;05/06/2023;03:52:31;23.78;;;;2682;05/06/2023;03:52:28;23.74;;;;
2683;05/06/2023;03:50:51;23.69;;;;2683;05/06/2023;03:52:46;23.77;;;;2683;05/06/2023;03:52:43;23.74;;;;
2684;05/06/2023;03:51:06;23.7;;;;2684;05/06/2023;03:53:01;23.77;;;;2684;05/06/2023;03:52:58;23.75;;;;
2685;05/06/2023;03:51:21;23.68;;;;2685;05/06/2023;03:53:16;23.78;;;;2685;05/06/2023;03:53:13;23.76;;;;
2686;05/06/2023;03:51:36;23.67;;;;2686;05/06/2023;03:53:31;23.79;;;;2686;05/06/2023;03:53:28;23.74;;;;
2687;05/06/2023;03:51:51;23.68;;;;2687;05/06/2023;03:53:46;23.78;;;;2687;05/06/2023;03:53:43;23.75;;;;
2688;05/06/2023;03:52:06;23.69;;;;2688;05/06/2023;03:54:01;23.8;;;;2688;05/06/2023;03:53:58;23.74;;;;
2689;05/06/2023;03:52:21;23.67;;;;2689;05/06/2023;03:54:16;23.79;;;;2689;05/06/2023;03:54:13;23.75;;;;
2690;05/06/2023;03:52:36;23.68;;;;2690;05/06/2023;03:54:31;23.8;;;;2690;05/06/2023;03:54:28;23.77;;;;
2691;05/06/2023;03:52:51;23.69;Synchronized;;;2691;05/06/2023;03:54:46;23.77;;;;2691;05/06/2023;03:54:43;23.75;;;;
2692;05/06/2023;03:53:06;23.69;;;;2692;05/06/2023;03:55:01;23.78;;;;2692;05/06/2023;03:54:58;23.75;;;;
2693;05/06/2023;03:53:21;23.68;;;;2693;05/06/2023;03:55:16;23.79;;;;2693;05/06/2023;03:55:13;23.73;;;;
2694;05/06/2023;03:53:36;23.68;;;;2694;05/06/2023;03:55:31;23.8;;;;2694;05/06/2023;03:55:28;23.74;;;;
2695;05/06/2023;03:53:51;23.67;;;;2695;05/06/2023;03:55:46;23.78;;;;2695;05/06/2023;03:55:43;23.74;;;;
2696;05/06/2023;03:54:06;23.68;;;;2696;05/06/2023;03:56:01;23.78;;;;2696;05/06/2023;03:55:58;23.76;;;;
2697;05/06/2023;03:54:21;23.66;;;;2697;05/06/2023;03:56:16;23.78;;;;2697;05/06/2023;03:56:13;23.75;;;;
2698;05/06/2023;03:54:36;23.68;;;;2698;05/06/2023;03:56:31;23.79;;;;2698;05/06/2023;03:56:28;23.73;;;;
2699;05/06/2023;03:54:51;23.7;;;;2699;05/06/2023;03:56:46;23.78;Synchronized;;;2699;05/06/2023;03:56:43;23.75;;;;
2700;05/06/2023;03:55:06;23.67;;;;2700;05/06/2023;03:57:01;23.79;;;;2700;05/06/2023;03:56:58;23.75;;;;
2701;05/06/2023;03:55:21;23.67;;;;2701;05/06/2023;03:57:16;23.77;;;;2701;05/06/2023;03:57:13;23.73;;;;
2702;05/06/2023;03:55:36;23.68;;;;2702;05/06/2023;03:57:31;23.79;;;;2702;05/06/2023;03:57:28;23.74;;;;
2703;05/06/2023;03:55:51;23.67;;;;2703;05/06/2023;03:57:46;23.77;;;;2703;05/06/2023;03:57:43;23.73;;;;
2704;05/06/2023;03:56:06;23.67;;;;2704;05/06/2023;03:58:01;23.78;;;;2704;05/06/2023;03:57:58;23.73;;;;
2705;05/06/2023;03:56:21;23.67;;;;2705;05/06/2023;03:58:16;23.79;;;;2705;05/06/2023;03:58:13;23.74;;;;
2706;05/06/2023;03:56:36;23.69;;;;2706;05/06/2023;03:58:31;23.78;;;;2706;05/06/2023;03:58:28;23.73;;;;
2707;05/06/2023;03:56:51;23.69;;;;2707;05/06/2023;03:58:46;23.77;;;;2707;05/06/2023;03:58:43;23.73;;;;
2708;05/06/2023;03:57:06;23.66;;;;2708;05/06/2023;03:59:01;23.78;;;;2708;05/06/2023;03:58:58;23.73;;;;
2709;05/06/2023;03:57:21;23.67;;;;2709;05/06/2023;03:59:16;23.77;;;;2709;05/06/2023;03:59:13;23.74;;;;
2710;05/06/2023;03:57:36;23.67;;;;2710;05/06/2023;03:59:31;23.78;;;;2710;05/06/2023;03:59:28;23.73;;;;
2711;05/06/2023;03:57:51;23.66;;;;2711;05/06/2023;03:59:46;23.77;;;;2711;05/06/2023;03:59:43;23.73;;;;
2712;05/06/2023;03:58:06;23.67;;;;2712;05/06/2023;04:00:01;23.77;;;;2712;05/06/2023;03:59:58;23.74;;;;
2713;05/06/2023;03:58:21;23.69;;;;2713;05/06/2023;04:00:16;23.76;;;;2713;05/06/2023;04:00:13;23.75;;;;
2714;05/06/2023;03:58:36;23.66;;;;2714;05/06/2023;04:00:31;23.76;;;;2714;05/06/2023;04:00:28;23.74;;;;
2715;05/06/2023;03:58:51;23.67;;;;2715;05/06/2023;04:00:46;23.77;;;;2715;05/06/2023;04:00:43;23.72;;;;
2716;05/06/2023;03:59:06;23.66;;;;2716;05/06/2023;04:01:01;23.77;;;;2716;05/06/2023;04:00:58;23.71;;;;
2717;05/06/2023;03:59:21;23.66;;;;2717;05/06/2023;04:01:16;23.77;;;;2717;05/06/2023;04:01:13;23.74;;;;
2718;05/06/2023;03:59:36;23.67;;;;2718;05/06/2023;04:01:31;23.77;;;;2718;05/06/2023;04:01:28;23.73;;;;
2719;05/06/2023;03:59:51;23.66;;;;2719;05/06/2023;04:01:46;23.77;;;;2719;05/06/2023;04:01:43;23.73;;;;
2720;05/06/2023;04:00:06;23.67;;;;2720;05/06/2023;04:02:01;23.76;;;;2720;05/06/2023;04:01:58;23.73;;;;
2721;05/06/2023;04:00:21;23.67;;;;2721;05/06/2023;04:02:16;23.77;;;;2721;05/06/2023;04:02:13;23.73;;;;
2722;05/06/2023;04:00:36;23.66;;;;2722;05/06/2023;04:02:31;23.77;;;;2722;05/06/2023;04:02:28;23.73;;;;
2723;05/06/2023;04:00:51;23.66;;;;2723;05/06/2023;04:02:46;23.78;;;;2723;05/06/2023;04:02:43;23.73;;;;
2724;05/06/2023;04:01:06;23.67;;;;2724;05/06/2023;04:03:01;23.78;;;;2724;05/06/2023;04:02:58;23.73;;;;
2725;05/06/2023;04:01:21;23.66;;;;2725;05/06/2023;04:03:16;23.77;;;;2725;05/06/2023;04:03:13;23.73;;;;
2726;05/06/2023;04:01:36;23.67;;;;2726;05/06/2023;04:03:31;23.77;;;;2726;05/06/2023;04:03:28;23.73;;;;
2727;05/06/2023;04:01:51;23.66;;;;2727;05/06/2023;04:03:46;23.77;;;;2727;05/06/2023;04:03:43;23.71;;;;
2728;05/06/2023;04:02:06;23.66;;;;2728;05/06/2023;04:04:01;23.77;;;;2728;05/06/2023;04:03:58;23.73;;;;
2729;05/06/2023;04:02:21;23.66;;;;2729;05/06/2023;04:04:16;23.75;;;;2729;05/06/2023;04:04:13;23.72;;;;
2730;05/06/2023;04:02:36;23.66;;;;2730;05/06/2023;04:04:31;23.77;;;;2730;05/06/2023;04:04:28;23.73;;;;
2731;05/06/2023;04:02:51;23.66;;;;2731;05/06/2023;04:04:46;23.75;;;;2731;05/06/2023;04:04:43;23.73;;;;
2732;05/06/2023;04:03:06;23.66;;;;2732;05/06/2023;04:05:01;23.75;;;;2732;05/06/2023;04:04:58;23.73;;;;
2733;05/06/2023;04:03:21;23.66;;;;2733;05/06/2023;04:05:16;23.76;;;;2733;05/06/2023;04:05:13;23.73;;;;
2734;05/06/2023;04:03:36;23.66;;;;2734;05/06/2023;04:05:31;23.77;;;;2734;05/06/2023;04:05:28;23.73;;;;
2735;05/06/2023;04:03:51;23.66;;;;2735;05/06/2023;04:05:46;23.76;;;;2735;05/06/2023;04:05:43;23.71;;;;
2736;05/06/2023;04:04:06;23.66;;;;2736;05/06/2023;04:06:01;23.77;;;;2736;05/06/2023;04:05:58;23.71;;;;
2737;05/06/2023;04:04:21;23.68;;;;2737;05/06/2023;04:06:16;23.73;;;;2737;05/06/2023;04:06:13;23.72;;;;
2738;05/06/2023;04:04:36;23.66;;;;2738;05/06/2023;04:06:31;23.77;;;;2738;05/06/2023;04:06:28;23.72;;;;
2739;05/06/2023;04:04:51;23.64;;;;2739;05/06/2023;04:06:46;23.78;;;;2739;05/06/2023;04:06:43;23.72;;;;
2740;05/06/2023;04:05:06;23.66;;;;2740;05/06/2023;04:07:01;23.75;;;;2740;05/06/2023;04:06:58;23.71;;;;
2741;05/06/2023;04:05:21;23.66;;;;2741;05/06/2023;04:07:16;23.76;;;;2741;05/06/2023;04:07:13;23.71;;;;
2742;05/06/2023;04:05:37;23.66;;;;2742;05/06/2023;04:07:31;23.76;Synchronized;;;2742;05/06/2023;04:07:28;23.71;;;;
2743;05/06/2023;04:05:52;23.62;;;;2743;05/06/2023;04:07:46;23.76;;;;2743;05/06/2023;04:07:43;23.71;;;;
2744;05/06/2023;04:06:07;23.66;;;;2744;05/06/2023;04:08:01;23.77;;;;2744;05/06/2023;04:07:58;23.72;;;;
2745;05/06/2023;04:06:22;23.66;;;;2745;05/06/2023;04:08:16;23.75;;;;2745;05/06/2023;04:08:13;23.71;;;;
2746;05/06/2023;04:06:37;23.64;;;;2746;05/06/2023;04:08:31;23.77;;;;2746;05/06/2023;04:08:28;23.73;;;;
2747;05/06/2023;04:06:52;23.66;;;;2747;05/06/2023;04:08:46;23.76;;;;2747;05/06/2023;04:08:43;23.72;;;;
2748;05/06/2023;04:07:07;23.66;;;;2748;05/06/2023;04:09:01;23.77;;;;2748;05/06/2023;04:08:58;23.71;;;;
2749;05/06/2023;04:07:22;23.67;;;;2749;05/06/2023;04:09:16;23.77;;;;2749;05/06/2023;04:09:13;23.72;;;;
2750;05/06/2023;04:07:37;23.66;;;;2750;05/06/2023;04:09:31;23.76;;;;2750;05/06/2023;04:09:28;23.73;;;;
2751;05/06/2023;04:07:52;23.64;;;;2751;05/06/2023;04:09:46;23.73;;;;2751;05/06/2023;04:09:43;23.72;;;;
2752;05/06/2023;04:08:07;23.63;;;;2752;05/06/2023;04:10:01;23.75;;;;2752;05/06/2023;04:09:58;23.71;;;;
2753;05/06/2023;04:08:22;23.63;;;;2753;05/06/2023;04:10:16;23.77;;;;2753;05/06/2023;04:10:13;23.72;;;;
2754;05/06/2023;04:08:37;23.64;;;;2754;05/06/2023;04:10:31;23.76;;;;2754;05/06/2023;04:10:28;23.73;;;;
2755;05/06/2023;04:08:52;23.66;;;;2755;05/06/2023;04:10:46;23.76;;;;2755;05/06/2023;04:10:43;23.73;;;;
2756;05/06/2023;04:09:07;23.64;;;;2756;05/06/2023;04:11:01;23.75;;;;2756;05/06/2023;04:10:58;23.71;;;;
2757;05/06/2023;04:09:22;23.63;;;;2757;05/06/2023;04:11:16;23.76;;;;2757;05/06/2023;04:11:13;23.73;;;;
2758;05/06/2023;04:09:37;23.63;;;;2758;05/06/2023;04:11:31;23.76;;;;2758;05/06/2023;04:11:28;23.7;;;;
2759;05/06/2023;04:09:52;23.64;;;;2759;05/06/2023;04:11:46;23.75;;;;2759;05/06/2023;04:11:43;23.7;;;;
2760;05/06/2023;04:10:07;23.63;;;;2760;05/06/2023;04:12:01;23.76;;;;2760;05/06/2023;04:11:58;23.72;;;;
2761;05/06/2023;04:10:22;23.62;;;;2761;05/06/2023;04:12:16;23.73;;;;2761;05/06/2023;04:12:13;23.7;;;;
2762;05/06/2023;04:10:37;23.66;;;;2762;05/06/2023;04:12:31;23.73;;;;2762;05/06/2023;04:12:28;23.72;;;;
2763;05/06/2023;04:10:52;23.63;;;;2763;05/06/2023;04:12:46;23.76;;;;2763;05/06/2023;04:12:43;23.71;;;;
2764;05/06/2023;04:11:07;23.64;;;;2764;05/06/2023;04:13:01;23.73;;;;2764;05/06/2023;04:12:58;23.71;;;;
2765;05/06/2023;04:11:22;23.66;;;;2765;05/06/2023;04:13:16;23.76;;;;2765;05/06/2023;04:13:13;23.72;;;;
2766;05/06/2023;04:11:37;23.63;;;;2766;05/06/2023;04:13:31;23.73;;;;2766;05/06/2023;04:13:28;23.7;;;;
2767;05/06/2023;04:11:52;23.63;;;;2767;05/06/2023;04:13:46;23.73;;;;2767;05/06/2023;04:13:43;23.72;;;;
2768;05/06/2023;04:12:07;23.62;;;;2768;05/06/2023;04:14:01;23.75;;;;2768;05/06/2023;04:13:58;23.7;;;;
2769;05/06/2023;04:12:22;23.63;;;;2769;05/06/2023;04:14:16;23.75;;;;2769;05/06/2023;04:14:13;23.7;;;;
2770;05/06/2023;04:12:37;23.62;;;;2770;05/06/2023;04:14:31;23.75;;;;2770;05/06/2023;04:14:28;23.7;;;;
2771;05/06/2023;04:12:52;23.62;;;;2771;05/06/2023;04:14:46;23.73;;;;2771;05/06/2023;04:14:43;23.71;;;;
2772;05/06/2023;04:13:07;23.64;Synchronized;;;2772;05/06/2023;04:15:01;23.75;;;;2772;05/06/2023;04:14:58;23.7;;;;
2773;05/06/2023;04:13:22;23.63;;;;2773;05/06/2023;04:15:16;23.73;;;;2773;05/06/2023;04:15:13;23.71;;;;
2774;05/06/2023;04:13:37;23.64;;;;2774;05/06/2023;04:15:31;23.73;;;;2774;05/06/2023;04:15:28;23.7;;;;
2775;05/06/2023;04:13:52;23.64;;;;2775;05/06/2023;04:15:46;23.75;;;;2775;05/06/2023;04:15:43;23.69;;;;
2776;05/06/2023;04:14:07;23.63;;;;2776;05/06/2023;04:16:02;23.73;;;;2776;05/06/2023;04:15:58;23.71;;;;
2777;05/06/2023;04:14:22;23.62;;;;2777;05/06/2023;04:16:17;23.73;;;;2777;05/06/2023;04:16:13;23.7;;;;
2778;05/06/2023;04:14:37;23.63;;;;2778;05/06/2023;04:16:32;23.71;;;;2778;05/06/2023;04:16:28;23.7;;;;
2779;05/06/2023;04:14:52;23.64;;;;2779;05/06/2023;04:16:47;23.75;;;;2779;05/06/2023;04:16:43;23.7;;;;
2780;05/06/2023;04:15:07;23.63;;;;2780;05/06/2023;04:17:02;23.73;;;;2780;05/06/2023;04:16:58;23.71;;;;
2781;05/06/2023;04:15:22;23.63;;;;2781;05/06/2023;04:17:17;23.73;;;;2781;05/06/2023;04:17:13;23.7;;;;
2782;05/06/2023;04:15:37;23.63;;;;2782;05/06/2023;04:17:32;23.75;;;;2782;05/06/2023;04:17:28;23.7;;;;
2783;05/06/2023;04:15:52;23.63;;;;2783;05/06/2023;04:17:47;23.73;;;;2783;05/06/2023;04:17:43;23.7;;;;
2784;05/06/2023;04:16:07;23.63;;;;2784;05/06/2023;04:18:02;23.73;;;;2784;05/06/2023;04:17:58;23.7;;;;
2785;05/06/2023;04:16:22;23.63;;;;2785;05/06/2023;04:18:17;23.76;;;;2785;05/06/2023;04:18:13;23.7;;;;
2786;05/06/2023;04:16:37;23.62;;;;2786;05/06/2023;04:18:32;23.73;;;;2786;05/06/2023;04:18:28;23.7;;;;
2787;05/06/2023;04:16:52;23.63;;;;2787;05/06/2023;04:18:47;23.73;;;;2787;05/06/2023;04:18:43;23.7;;;;
2788;05/06/2023;04:17:07;23.62;;;;2788;05/06/2023;04:19:02;23.72;;;;2788;05/06/2023;04:18:58;23.69;;;;
2789;05/06/2023;04:17:22;23.62;;;;2789;05/06/2023;04:19:17;23.72;;;;2789;05/06/2023;04:19:13;23.69;;;;
2790;05/06/2023;04:17:37;23.63;;;;2790;05/06/2023;04:19:32;23.73;;;;2790;05/06/2023;04:19:28;23.7;;;;
2791;05/06/2023;04:17:52;23.61;;;;2791;05/06/2023;04:19:47;23.73;;;;2791;05/06/2023;04:19:43;23.7;;;;
2792;05/06/2023;04:18:07;23.63;;;;2792;05/06/2023;04:20:02;23.73;;;;2792;05/06/2023;04:19:58;23.7;;;;
2793;05/06/2023;04:18:22;23.62;;;;2793;05/06/2023;04:20:17;23.72;;;;2793;05/06/2023;04:20:13;23.7;;;;
2794;05/06/2023;04:18:37;23.62;;;;2794;05/06/2023;04:20:32;23.72;;;;2794;05/06/2023;04:20:28;23.7;;;;
2795;05/06/2023;04:18:52;23.64;;;;2795;05/06/2023;04:20:47;23.72;;;;2795;05/06/2023;04:20:43;23.7;;;;
2796;05/06/2023;04:19:07;23.63;;;;2796;05/06/2023;04:21:02;23.73;;;;2796;05/06/2023;04:20:58;23.7;;;;
2797;05/06/2023;04:19:22;23.63;;;;2797;05/06/2023;04:21:17;23.73;;;;2797;05/06/2023;04:21:13;23.68;;;;
2798;05/06/2023;04:19:37;23.63;;;;2798;05/06/2023;04:21:32;23.75;;;;2798;05/06/2023;04:21:28;23.68;;;;
2799;05/06/2023;04:19:52;23.61;;;;2799;05/06/2023;04:21:47;23.71;;;;2799;05/06/2023;04:21:43;23.7;;;;
2800;05/06/2023;04:20:07;23.62;;;;2800;05/06/2023;04:22:02;23.73;;;;2800;05/06/2023;04:21:58;23.69;;;;
2801;05/06/2023;04:20:22;23.62;;;;2801;05/06/2023;04:22:17;23.73;;;;2801;05/06/2023;04:22:13;23.71;;;;
2802;05/06/2023;04:20:37;23.62;;;;2802;05/06/2023;04:22:32;23.73;;;;2802;05/06/2023;04:22:28;23.7;;;;
2803;05/06/2023;04:20:52;23.62;;;;2803;05/06/2023;04:22:47;23.73;;;;2803;05/06/2023;04:22:43;23.72;;;;
2804;05/06/2023;04:21:07;23.63;;;;2804;05/06/2023;04:23:02;23.72;;;;2804;05/06/2023;04:22:58;23.71;;;;
2805;05/06/2023;04:21:22;23.63;;;;2805;05/06/2023;04:23:17;23.75;;;;2805;05/06/2023;04:23:13;23.7;;;;
2806;05/06/2023;04:21:37;23.62;;;;2806;05/06/2023;04:23:32;23.73;;;;2806;05/06/2023;04:23:28;23.71;;;;
2807;05/06/2023;04:21:52;23.62;;;;2807;05/06/2023;04:23:47;23.73;;;;2807;05/06/2023;04:23:43;23.7;;;;
2808;05/06/2023;04:22:07;23.63;;;;2808;05/06/2023;04:24:02;23.73;;;;2808;05/06/2023;04:23:58;23.7;;;;
2809;05/06/2023;04:22:22;23.63;;;;2809;05/06/2023;04:24:17;23.72;;;;2809;05/06/2023;04:24:13;23.7;;;;
2810;05/06/2023;04:22:37;23.63;;;;2810;05/06/2023;04:24:32;23.72;;;;2810;05/06/2023;04:24:28;23.7;;;;
2811;05/06/2023;04:22:52;23.61;;;;2811;05/06/2023;04:24:47;23.72;;;;2811;05/06/2023;04:24:43;23.7;;;;
2812;05/06/2023;04:23:07;23.62;;;;2812;05/06/2023;04:25:02;23.73;;;;2812;05/06/2023;04:24:58;23.69;;;;
2813;05/06/2023;04:23:22;23.61;;;;2813;05/06/2023;04:25:17;23.72;;;;2813;05/06/2023;04:25:13;23.7;;;;
2814;05/06/2023;04:23:37;23.62;;;;2814;05/06/2023;04:25:32;23.72;;;;2814;05/06/2023;04:25:28;23.69;;;;
2815;05/06/2023;04:23:52;23.63;;;;2815;05/06/2023;04:25:47;23.72;;;;2815;05/06/2023;04:25:43;23.7;;;;
2816;05/06/2023;04:24:07;23.61;;;;2816;05/06/2023;04:26:02;23.73;;;;2816;05/06/2023;04:25:58;23.7;;;;
2817;05/06/2023;04:24:22;23.63;;;;2817;05/06/2023;04:26:17;23.73;;;;2817;05/06/2023;04:26:13;23.7;;;;
2818;05/06/2023;04:24:37;23.61;;;;2818;05/06/2023;04:26:32;23.73;;;;2818;05/06/2023;04:26:28;23.69;;;;
2819;05/06/2023;04:24:52;23.63;;;;2819;05/06/2023;04:26:47;23.7;;;;2819;05/06/2023;04:26:43;23.68;;;;
2820;05/06/2023;04:25:07;23.6;Synchronized;;;2820;05/06/2023;04:27:02;23.71;;;;2820;05/06/2023;04:26:58;23.7;;;;
2821;05/06/2023;04:25:22;23.63;;;;2821;05/06/2023;04:27:17;23.7;;;;2821;05/06/2023;04:27:13;23.69;;;;
2822;05/06/2023;04:25:37;23.62;;;;2822;05/06/2023;04:27:32;23.73;;;;2822;05/06/2023;04:27:28;23.69;;;;
2823;05/06/2023;04:25:52;23.63;;;;2823;05/06/2023;04:27:47;23.7;;;;2823;05/06/2023;04:27:43;23.7;;;;
2824;05/06/2023;04:26:07;23.62;;;;2824;05/06/2023;04:28:02;23.71;Synchronized;;;2824;05/06/2023;04:27:58;23.69;;;;
2825;05/06/2023;04:26:22;23.62;;;;2825;05/06/2023;04:28:17;23.71;;;;2825;05/06/2023;04:28:13;23.69;;;;
2826;05/06/2023;04:26:37;23.61;;;;2826;05/06/2023;04:28:32;23.72;;;;2826;05/06/2023;04:28:28;23.69;;;;
2827;05/06/2023;04:26:52;23.62;;;;2827;05/06/2023;04:28:47;23.73;;;;2827;05/06/2023;04:28:43;23.7;;;;
2828;05/06/2023;04:27:07;23.61;;;;2828;05/06/2023;04:29:02;23.7;;;;2828;05/06/2023;04:28:58;23.66;;;;
2829;05/06/2023;04:27:22;23.61;;;;2829;05/06/2023;04:29:17;23.7;;;;2829;05/06/2023;04:29:13;23.66;;;;
2830;05/06/2023;04:27:37;23.6;;;;2830;05/06/2023;04:29:32;23.7;;;;2830;05/06/2023;04:29:28;23.69;;;;
2831;05/06/2023;04:27:52;23.6;;;;2831;05/06/2023;04:29:47;23.72;;;;2831;05/06/2023;04:29:43;23.69;;;;
2832;05/06/2023;04:28:07;23.63;;;;2832;05/06/2023;04:30:02;23.71;;;;2832;05/06/2023;04:29:58;23.69;;;;
2833;05/06/2023;04:28:22;23.61;;;;2833;05/06/2023;04:30:17;23.71;;;;2833;05/06/2023;04:30:13;23.7;;;;
2834;05/06/2023;04:28:37;23.61;;;;2834;05/06/2023;04:30:32;23.71;;;;2834;05/06/2023;04:30:28;23.7;;;;
2835;05/06/2023;04:28:52;23.59;;;;2835;05/06/2023;04:30:47;23.7;;;;2835;05/06/2023;04:30:43;23.68;;;;
2836;05/06/2023;04:29:07;23.6;;;;2836;05/06/2023;04:31:02;23.73;;;;2836;05/06/2023;04:30:58;23.68;;;;
2837;05/06/2023;04:29:22;23.61;;;;2837;05/06/2023;04:31:17;23.72;;;;2837;05/06/2023;04:31:13;23.66;;;;
2838;05/06/2023;04:29:37;23.6;;;;2838;05/06/2023;04:31:32;23.71;;;;2838;05/06/2023;04:31:28;23.68;;;;
2839;05/06/2023;04:29:52;23.6;;;;2839;05/06/2023;04:31:47;23.7;;;;2839;05/06/2023;04:31:43;23.66;;;;
2840;05/06/2023;04:30:07;23.6;;;;2840;05/06/2023;04:32:02;23.7;;;;2840;05/06/2023;04:31:58;23.68;;;;
2841;05/06/2023;04:30:22;23.6;;;;2841;05/06/2023;04:32:17;23.7;;;;2841;05/06/2023;04:32:13;23.7;;;;
2842;05/06/2023;04:30:37;23.59;;;;2842;05/06/2023;04:32:32;23.7;;;;2842;05/06/2023;04:32:28;23.7;;;;
2843;05/06/2023;04:30:52;23.61;;;;2843;05/06/2023;04:32:47;23.7;;;;2843;05/06/2023;04:32:43;23.68;;;;
2844;05/06/2023;04:31:07;23.61;;;;2844;05/06/2023;04:33:02;23.7;;;;2844;05/06/2023;04:32:58;23.7;;;;
2845;05/06/2023;04:31:22;23.62;;;;2845;05/06/2023;04:33:17;23.7;;;;2845;05/06/2023;04:33:13;23.66;;;;
2846;05/06/2023;04:31:37;23.6;;;;2846;05/06/2023;04:33:32;23.7;;;;2846;05/06/2023;04:33:28;23.69;;;;
2847;05/06/2023;04:31:52;23.6;;;;2847;05/06/2023;04:33:47;23.7;;;;2847;05/06/2023;04:33:43;23.69;;;;
2848;05/06/2023;04:32:07;23.6;;;;2848;05/06/2023;04:34:02;23.7;;;;2848;05/06/2023;04:33:58;23.7;;;;
2849;05/06/2023;04:32:22;23.59;;;;2849;05/06/2023;04:34:17;23.7;;;;2849;05/06/2023;04:34:13;23.69;;;;
2850;05/06/2023;04:32:37;23.59;;;;2850;05/06/2023;04:34:32;23.7;;;;2850;05/06/2023;04:34:28;23.66;;;;
2851;05/06/2023;04:32:53;23.6;;;;2851;05/06/2023;04:34:47;23.7;;;;2851;05/06/2023;04:34:43;23.68;;;;
2852;05/06/2023;04:33:08;23.6;Synchronized;;;2852;05/06/2023;04:35:02;23.7;;;;2852;05/06/2023;04:34:58;23.69;;;;
2853;05/06/2023;04:33:23;23.6;;;;2853;05/06/2023;04:35:17;23.7;;;;2853;05/06/2023;04:35:13;23.7;;;;
2854;05/06/2023;04:33:38;23.61;;;;2854;05/06/2023;04:35:32;23.71;;;;2854;05/06/2023;04:35:28;23.66;;;;
2855;05/06/2023;04:33:53;23.6;;;;2855;05/06/2023;04:35:47;23.71;;;;2855;05/06/2023;04:35:43;23.69;;;;
2856;05/06/2023;04:34:08;23.61;;;;2856;05/06/2023;04:36:02;23.7;;;;2856;05/06/2023;04:35:58;23.69;;;;
2857;05/06/2023;04:34:23;23.61;;;;2857;05/06/2023;04:36:17;23.72;;;;2857;05/06/2023;04:36:13;23.68;;;;
2858;05/06/2023;04:34:38;23.61;;;;2858;05/06/2023;04:36:32;23.7;;;;2858;05/06/2023;04:36:28;23.65;;;;
2859;05/06/2023;04:34:53;23.62;;;;2859;05/06/2023;04:36:47;23.71;;;;2859;05/06/2023;04:36:43;23.69;;;;
2860;05/06/2023;04:35:08;23.59;;;;2860;05/06/2023;04:37:02;23.7;;;;2860;05/06/2023;04:36:58;23.69;;;;
2861;05/06/2023;04:35:23;23.6;;;;2861;05/06/2023;04:37:17;23.68;;;;2861;05/06/2023;04:37:12;23.66;;;;
2862;05/06/2023;04:35:38;23.6;;;;2862;05/06/2023;04:37:32;23.71;;;;2862;05/06/2023;04:37:28;23.68;;;;
2863;05/06/2023;04:35:53;23.6;;;;2863;05/06/2023;04:37:47;23.71;;;;2863;05/06/2023;04:37:43;23.69;;;;
2864;05/06/2023;04:36:08;23.61;;;;2864;05/06/2023;04:38:02;23.7;;;;2864;05/06/2023;04:37:58;23.69;;;;
2865;05/06/2023;04:36:23;23.61;;;;2865;05/06/2023;04:38:17;23.7;;;;2865;05/06/2023;04:38:13;23.66;;;;
2866;05/06/2023;04:36:38;23.6;;;;2866;05/06/2023;04:38:32;23.7;;;;2866;05/06/2023;04:38:28;23.66;;;;
2867;05/06/2023;04:36:53;23.61;;;;2867;05/06/2023;04:38:47;23.71;;;;2867;05/06/2023;04:38:43;23.69;;;;
2868;05/06/2023;04:37:08;23.6;;;;2868;05/06/2023;04:39:02;23.71;;;;2868;05/06/2023;04:38:58;23.7;;;;
2869;05/06/2023;04:37:23;23.62;;;;2869;05/06/2023;04:39:17;23.7;;;;2869;05/06/2023;04:39:13;23.66;;;;
2870;05/06/2023;04:37:38;23.59;;;;2870;05/06/2023;04:39:32;23.68;;;;2870;05/06/2023;04:39:28;23.66;;;;
2871;05/06/2023;04:37:53;23.59;;;;2871;05/06/2023;04:39:47;23.7;;;;2871;05/06/2023;04:39:43;23.66;;;;
2872;05/06/2023;04:38:08;23.6;;;;2872;05/06/2023;04:40:02;23.71;;;;2872;05/06/2023;04:39:58;23.68;;;;
2873;05/06/2023;04:38:23;23.62;;;;2873;05/06/2023;04:40:17;23.71;;;;2873;05/06/2023;04:40:12;23.68;;;;
2874;05/06/2023;04:38:38;23.62;;;;2874;05/06/2023;04:40:32;23.7;;;;2874;05/06/2023;04:40:27;23.66;;;;
2875;05/06/2023;04:38:53;23.6;;;;2875;05/06/2023;04:40:47;23.69;;;;2875;05/06/2023;04:40:42;23.68;;;;
2876;05/06/2023;04:39:08;23.59;;;;2876;05/06/2023;04:41:02;23.71;;;;2876;05/06/2023;04:40:57;23.68;;;;
2877;05/06/2023;04:39:23;23.61;;;;2877;05/06/2023;04:41:17;23.7;;;;2877;05/06/2023;04:41:12;23.66;;;;
2878;05/06/2023;04:39:38;23.6;;;;2878;05/06/2023;04:41:32;23.7;;;;2878;05/06/2023;04:41:27;23.69;;;;
2879;05/06/2023;04:39:53;23.6;;;;2879;05/06/2023;04:41:47;23.71;;;;2879;05/06/2023;04:41:42;23.68;Synchronized;;;
2880;05/06/2023;04:40:08;23.59;;;;2880;05/06/2023;04:42:02;23.7;;;;2880;05/06/2023;04:41:57;23.68;;;;
2881;05/06/2023;04:40:23;23.61;;;;2881;05/06/2023;04:42:17;23.7;;;;2881;05/06/2023;04:42:12;23.69;;;;
2882;05/06/2023;04:40:38;23.62;;;;2882;05/06/2023;04:42:32;23.7;;;;2882;05/06/2023;04:42:27;23.69;;;;
2883;05/06/2023;04:40:53;23.6;;;;2883;05/06/2023;04:42:47;23.7;;;;2883;05/06/2023;04:42:42;23.66;;;;
2884;05/06/2023;04:41:08;23.59;Synchronized;;;2884;05/06/2023;04:43:03;23.7;Synchronized;;;2884;05/06/2023;04:42:57;23.69;;;;
2885;05/06/2023;04:41:23;23.62;;;;2885;05/06/2023;04:43:18;23.7;;;;2885;05/06/2023;04:43:12;23.68;;;;
2886;05/06/2023;04:41:38;23.59;Synchronized;;;2886;05/06/2023;04:43:33;23.7;;;;2886;05/06/2023;04:43:27;23.66;;;;
2887;05/06/2023;04:41:53;23.6;;;;2887;05/06/2023;04:43:48;23.68;;;;2887;05/06/2023;04:43:42;23.68;;;;
2888;05/06/2023;04:42:08;23.59;;;;2888;05/06/2023;04:44:03;23.69;;;;2888;05/06/2023;04:43:57;23.68;;;;
2889;05/06/2023;04:42:23;23.63;;;;2889;05/06/2023;04:44:18;23.68;;;;2889;05/06/2023;04:44:12;23.66;;;;
2890;05/06/2023;04:42:38;23.61;;;;2890;05/06/2023;04:44:33;23.7;;;;2890;05/06/2023;04:44:27;23.66;;;;
2891;05/06/2023;04:42:53;23.59;;;;2891;05/06/2023;04:44:48;23.7;;;;2891;05/06/2023;04:44:42;23.68;;;;
2892;05/06/2023;04:43:08;23.61;;;;2892;05/06/2023;04:45:03;23.7;;;;2892;05/06/2023;04:44:57;23.66;;;;
2893;05/06/2023;04:43:23;23.6;;;;2893;05/06/2023;04:45:18;23.7;;;;2893;05/06/2023;04:45:12;23.69;;;;
2894;05/06/2023;04:43:38;23.6;;;;2894;05/06/2023;04:45:33;23.7;;;;2894;05/06/2023;04:45:27;23.68;;;;
2895;05/06/2023;04:43:53;23.59;;;;2895;05/06/2023;04:45:48;23.69;;;;2895;05/06/2023;04:45:42;23.68;;;;
2896;05/06/2023;04:44:08;23.6;;;;2896;05/06/2023;04:46:03;23.7;;;;2896;05/06/2023;04:45:57;23.7;;;;
2897;05/06/2023;04:44:23;23.59;;;;2897;05/06/2023;04:46:18;23.7;;;;2897;05/06/2023;04:46:12;23.7;;;;
2898;05/06/2023;04:44:38;23.59;;;;2898;05/06/2023;04:46:33;23.68;;;;2898;05/06/2023;04:46:27;23.66;;;;
2899;05/06/2023;04:44:53;23.59;;;;2899;05/06/2023;04:46:48;23.7;;;;2899;05/06/2023;04:46:42;23.68;;;;
2900;05/06/2023;04:45:08;23.61;;;;2900;05/06/2023;04:47:03;23.71;;;;2900;05/06/2023;04:46:57;23.66;;;;
2901;05/06/2023;04:45:23;23.59;;;;2901;05/06/2023;04:47:18;23.7;;;;2901;05/06/2023;04:47:12;23.68;;;;
2902;05/06/2023;04:45:38;23.59;;;;2902;05/06/2023;04:47:33;23.72;;;;2902;05/06/2023;04:47:27;23.69;;;;
2903;05/06/2023;04:45:53;23.59;;;;2903;05/06/2023;04:47:48;23.7;;;;2903;05/06/2023;04:47:42;23.68;;;;
2904;05/06/2023;04:46:08;23.6;;;;2904;05/06/2023;04:48:03;23.69;;;;2904;05/06/2023;04:47:57;23.68;;;;
2905;05/06/2023;04:46:23;23.59;;;;2905;05/06/2023;04:48:18;23.71;;;;2905;05/06/2023;04:48:12;23.68;;;;
2906;05/06/2023;04:46:38;23.59;;;;2906;05/06/2023;04:48:33;23.7;;;;2906;05/06/2023;04:48:27;23.66;;;;
2907;05/06/2023;04:46:53;23.59;;;;2907;05/06/2023;04:48:48;23.7;;;;2907;05/06/2023;04:48:42;23.69;;;;
2908;05/06/2023;04:47:08;23.6;;;;2908;05/06/2023;04:49:03;23.68;;;;2908;05/06/2023;04:48:57;23.66;;;;
2909;05/06/2023;04:47:23;23.59;;;;2909;05/06/2023;04:49:18;23.7;;;;2909;05/06/2023;04:49:12;23.66;;;;
2910;05/06/2023;04:47:38;23.6;;;;2910;05/06/2023;04:49:33;23.69;;;;2910;05/06/2023;04:49:27;23.66;;;;
2911;05/06/2023;04:47:53;23.6;;;;2911;05/06/2023;04:49:48;23.7;Synchronized;;;2911;05/06/2023;04:49:42;23.66;;;;
2912;05/06/2023;04:48:08;23.59;;;;2912;05/06/2023;04:50:03;23.71;Synchronized;;;2912;05/06/2023;04:49:57;23.68;;;;
2913;05/06/2023;04:48:23;23.59;;;;2913;05/06/2023;04:50:18;23.7;;;;2913;05/06/2023;04:50:12;23.66;;;;
2914;05/06/2023;04:48:38;23.6;;;;2914;05/06/2023;04:50:33;23.69;;;;2914;05/06/2023;04:50:27;23.66;;;;
2915;05/06/2023;04:48:53;23.6;;;;2915;05/06/2023;04:50:48;23.71;;;;2915;05/06/2023;04:50:42;23.66;;;;
2916;05/06/2023;04:49:08;23.59;;;;2916;05/06/2023;04:51:03;23.71;;;;2916;05/06/2023;04:50:57;23.66;;;;
2917;05/06/2023;04:49:23;23.59;;;;2917;05/06/2023;04:51:18;23.7;;;;2917;05/06/2023;04:51:12;23.66;;;;
2918;05/06/2023;04:49:38;23.59;Synchronized;;;2918;05/06/2023;04:51:33;23.69;;;;2918;05/06/2023;04:51:27;23.66;;;;
2919;05/06/2023;04:49:53;23.6;;;;2919;05/06/2023;04:51:48;23.71;;;;2919;05/06/2023;04:51:42;23.66;;;;
2920;05/06/2023;04:50:08;23.59;;;;2920;05/06/2023;04:52:03;23.7;;;;2920;05/06/2023;04:51:57;23.66;;;;
2921;05/06/2023;04:50:23;23.6;;;;2921;05/06/2023;04:52:18;23.7;;;;2921;05/06/2023;04:52:12;23.66;;;;
2922;05/06/2023;04:50:38;23.59;;;;2922;05/06/2023;04:52:33;23.71;;;;2922;05/06/2023;04:52:27;23.66;;;;
2923;05/06/2023;04:50:53;23.59;;;;2923;05/06/2023;04:52:48;23.69;;;;2923;05/06/2023;04:52:42;23.66;;;;
2924;05/06/2023;04:51:08;23.6;;;;2924;05/06/2023;04:53:03;23.7;;;;2924;05/06/2023;04:52:57;23.66;;;;
2925;05/06/2023;04:51:23;23.59;;;;2925;05/06/2023;04:53:18;23.68;;;;2925;05/06/2023;04:53:12;23.7;;;;
2926;05/06/2023;04:51:38;23.59;;;;2926;05/06/2023;04:53:33;23.7;;;;2926;05/06/2023;04:53:27;23.68;;;;
2927;05/06/2023;04:51:53;23.61;;;;2927;05/06/2023;04:53:48;23.69;;;;2927;05/06/2023;04:53:42;23.66;;;;
2928;05/06/2023;04:52:08;23.59;;;;2928;05/06/2023;04:54:03;23.7;;;;2928;05/06/2023;04:53:57;23.66;;;;
2929;05/06/2023;04:52:23;23.61;;;;2929;05/06/2023;04:54:18;23.7;;;;2929;05/06/2023;04:54:12;23.66;;;;
2930;05/06/2023;04:52:38;23.59;;;;2930;05/06/2023;04:54:33;23.7;;;;2930;05/06/2023;04:54:27;23.66;;;;
2931;05/06/2023;04:52:53;23.59;;;;2931;05/06/2023;04:54:48;23.68;Synchronized;;;2931;05/06/2023;04:54:42;23.66;;;;
2932;05/06/2023;04:53:08;23.59;;;;2932;05/06/2023;04:55:03;23.69;;;;2932;05/06/2023;04:54:57;23.66;;;;
2933;05/06/2023;04:53:23;23.59;;;;2933;05/06/2023;04:55:18;23.7;;;;2933;05/06/2023;04:55:12;23.68;;;;
2934;05/06/2023;04:53:38;23.59;;;;2934;05/06/2023;04:55:33;23.7;;;;2934;05/06/2023;04:55:27;23.66;;;;
2935;05/06/2023;04:53:53;23.6;;;;2935;05/06/2023;04:55:48;23.7;;;;2935;05/06/2023;04:55:42;23.66;;;;
2936;05/06/2023;04:54:08;23.6;;;;2936;05/06/2023;04:56:03;23.7;;;;2936;05/06/2023;04:55:57;23.65;;;;
2937;05/06/2023;04:54:23;23.61;;;;2937;05/06/2023;04:56:18;23.71;;;;2937;05/06/2023;04:56:12;23.68;;;;
2938;05/06/2023;04:54:38;23.6;;;;2938;05/06/2023;04:56:33;23.68;;;;2938;05/06/2023;04:56:27;23.66;;;;
2939;05/06/2023;04:54:53;23.6;;;;2939;05/06/2023;04:56:48;23.7;;;;2939;05/06/2023;04:56:42;23.68;;;;
2940;05/06/2023;04:55:08;23.59;;;;2940;05/06/2023;04:57:03;23.71;;;;2940;05/06/2023;04:56:57;23.68;;;;
2941;05/06/2023;04:55:23;23.62;;;;2941;05/06/2023;04:57:18;23.71;;;;2941;05/06/2023;04:57:12;23.66;;;;
2942;05/06/2023;04:55:38;23.62;;;;2942;05/06/2023;04:57:33;23.68;;;;2942;05/06/2023;04:57:27;23.66;;;;
2943;05/06/2023;04:55:53;23.6;;;;2943;05/06/2023;04:57:48;23.71;;;;2943;05/06/2023;04:57:42;23.66;;;;
2944;05/06/2023;04:56:08;23.6;;;;2944;05/06/2023;04:58:03;23.7;;;;2944;05/06/2023;04:57:57;23.66;;;;
2945;05/06/2023;04:56:23;23.62;;;;2945;05/06/2023;04:58:18;23.7;;;;2945;05/06/2023;04:58:12;23.66;;;;
2946;05/06/2023;04:56:38;23.59;;;;2946;05/06/2023;04:58:33;23.67;;;;2946;05/06/2023;04:58:27;23.66;;;;
2947;05/06/2023;04:56:53;23.6;;;;2947;05/06/2023;04:58:48;23.7;;;;2947;05/06/2023;04:58:42;23.69;;;;
2948;05/06/2023;04:57:08;23.6;;;;2948;05/06/2023;04:59:03;23.69;;;;2948;05/06/2023;04:58:57;23.66;;;;
2949;05/06/2023;04:57:23;23.59;;;;2949;05/06/2023;04:59:18;23.7;;;;2949;05/06/2023;04:59:12;23.68;;;;
2950;05/06/2023;04:57:38;23.58;;;;2950;05/06/2023;04:59:33;23.69;;;;2950;05/06/2023;04:59:27;23.66;;;;
2951;05/06/2023;04:57:53;23.62;;;;2951;05/06/2023;04:59:48;23.7;;;;2951;05/06/2023;04:59:42;23.66;;;;
2952;05/06/2023;04:58:08;23.6;;;;2952;05/06/2023;05:00:03;23.7;;;;2952;05/06/2023;04:59:57;23.68;;;;
2953;05/06/2023;04:58:23;23.6;;;;2953;05/06/2023;05:00:18;23.71;;;;2953;05/06/2023;05:00:12;23.66;;;;
2954;05/06/2023;04:58:38;23.6;;;;2954;05/06/2023;05:00:33;23.7;;;;2954;05/06/2023;05:00:27;23.66;;;;
2955;05/06/2023;04:58:53;23.59;;;;2955;05/06/2023;05:00:48;23.69;;;;2955;05/06/2023;05:00:42;23.68;;;;
2956;05/06/2023;04:59:08;23.6;;;;2956;05/06/2023;05:01:03;23.69;;;;2956;05/06/2023;05:00:57;23.68;;;;
2957;05/06/2023;04:59:24;23.59;;;;2957;05/06/2023;05:01:18;23.69;;;;2957;05/06/2023;05:01:12;23.66;;;;
2958;05/06/2023;04:59:39;23.6;;;;2958;05/06/2023;05:01:33;23.68;;;;2958;05/06/2023;05:01:27;23.68;;;;
2959;05/06/2023;04:59:54;23.59;;;;2959;05/06/2023;05:01:48;23.7;;;;2959;05/06/2023;05:01:42;23.66;;;;
2960;05/06/2023;05:00:09;23.6;;;;2960;05/06/2023;05:02:03;23.7;;;;2960;05/06/2023;05:01:57;23.66;;;;
2961;05/06/2023;05:00:24;23.59;;;;2961;05/06/2023;05:02:18;23.66;;;;2961;05/06/2023;05:02:12;23.68;;;;
2962;05/06/2023;05:00:39;23.6;;;;2962;05/06/2023;05:02:33;23.7;;;;2962;05/06/2023;05:02:27;23.66;;;;
2963;05/06/2023;05:00:54;23.6;;;;2963;05/06/2023;05:02:48;23.69;;;;2963;05/06/2023;05:02:42;23.66;;;;
2964;05/06/2023;05:01:09;23.6;;;;2964;05/06/2023;05:03:03;23.7;;;;2964;05/06/2023;05:02:57;23.66;;;;
2965;05/06/2023;05:01:24;23.59;;;;2965;05/06/2023;05:03:18;23.69;;;;2965;05/06/2023;05:03:12;23.66;;;;
2966;05/06/2023;05:01:39;23.59;;;;2966;05/06/2023;05:03:33;23.7;;;;2966;05/06/2023;05:03:27;23.66;;;;
2967;05/06/2023;05:01:54;23.61;;;;2967;05/06/2023;05:03:48;23.71;;;;2967;05/06/2023;05:03:42;23.66;;;;
2968;05/06/2023;05:02:09;23.59;;;;2968;05/06/2023;05:04:03;23.69;;;;2968;05/06/2023;05:03:57;23.66;;;;
2969;05/06/2023;05:02:24;23.6;;;;2969;05/06/2023;05:04:18;23.7;;;;2969;05/06/2023;05:04:12;23.66;;;;
2970;05/06/2023;05:02:39;23.61;;;;2970;05/06/2023;05:04:33;23.7;;;;2970;05/06/2023;05:04:27;23.66;;;;
2971;05/06/2023;05:02:54;23.59;;;;2971;05/06/2023;05:04:48;23.7;;;;2971;05/06/2023;05:04:42;23.66;;;;
2972;05/06/2023;05:03:09;23.59;;;;2972;05/06/2023;05:05:03;23.68;;;;2972;05/06/2023;05:04:57;23.66;;;;
2973;05/06/2023;05:03:24;23.59;;;;2973;05/06/2023;05:05:18;23.69;;;;2973;05/06/2023;05:05:12;23.66;;;;
2974;05/06/2023;05:03:39;23.58;;;;2974;05/06/2023;05:05:33;23.68;;;;2974;05/06/2023;05:05:27;23.66;;;;
2975;05/06/2023;05:03:54;23.61;;;;2975;05/06/2023;05:05:48;23.68;;;;2975;05/06/2023;05:05:42;23.68;;;;
2976;05/06/2023;05:04:09;23.6;;;;2976;05/06/2023;05:06:03;23.7;;;;2976;05/06/2023;05:05:57;23.68;;;;
2977;05/06/2023;05:04:24;23.6;;;;2977;05/06/2023;05:06:18;23.69;;;;2977;05/06/2023;05:06:12;23.65;;;;
2978;05/06/2023;05:04:39;23.61;;;;2978;05/06/2023;05:06:33;23.71;;;;2978;05/06/2023;05:06:27;23.66;;;;
2979;05/06/2023;05:04:54;23.59;;;;2979;05/06/2023;05:06:48;23.69;;;;2979;05/06/2023;05:06:42;23.66;;;;
2980;05/06/2023;05:05:09;23.58;;;;2980;05/06/2023;05:07:03;23.7;;;;2980;05/06/2023;05:06:57;23.66;;;;
2981;05/06/2023;05:05:24;23.61;;;;2981;05/06/2023;05:07:18;23.69;;;;2981;05/06/2023;05:07:12;23.68;;;;
2982;05/06/2023;05:05:39;23.59;;;;2982;05/06/2023;05:07:33;23.68;;;;2982;05/06/2023;05:07:27;23.66;;;;
2983;05/06/2023;05:05:54;23.59;;;;2983;05/06/2023;05:07:48;23.69;;;;2983;05/06/2023;05:07:42;23.66;;;;
2984;05/06/2023;05:06:09;23.6;;;;2984;05/06/2023;05:08:03;23.7;;;;2984;05/06/2023;05:07:57;23.68;;;;
2985;05/06/2023;05:06:24;23.6;;;;2985;05/06/2023;05:08:18;23.66;;;;2985;05/06/2023;05:08:12;23.66;;;;
2986;05/06/2023;05:06:39;23.6;;;;2986;05/06/2023;05:08:33;23.7;;;;2986;05/06/2023;05:08:27;23.69;;;;
2987;05/06/2023;05:06:54;23.59;;;;2987;05/06/2023;05:08:48;23.7;;;;2987;05/06/2023;05:08:42;23.66;;;;
2988;05/06/2023;05:07:09;23.62;;;;2988;05/06/2023;05:09:03;23.7;;;;2988;05/06/2023;05:08:57;23.66;;;;
2989;05/06/2023;05:07:24;23.6;;;;2989;05/06/2023;05:09:18;23.7;;;;2989;05/06/2023;05:09:12;23.68;;;;
2990;05/06/2023;05:07:39;23.59;;;;2990;05/06/2023;05:09:33;23.69;;;;2990;05/06/2023;05:09:27;23.66;;;;
2991;05/06/2023;05:07:54;23.63;;;;2991;05/06/2023;05:09:48;23.68;;;;2991;05/06/2023;05:09:42;23.66;;;;
2992;05/06/2023;05:08:09;23.61;;;;2992;05/06/2023;05:10:03;23.7;;;;2992;05/06/2023;05:09:57;23.66;;;;
2993;05/06/2023;05:08:24;23.59;;;;2993;05/06/2023;05:10:18;23.7;;;;2993;05/06/2023;05:10:12;23.66;;;;
2994;05/06/2023;05:08:39;23.62;;;;2994;05/06/2023;05:10:33;23.7;;;;2994;05/06/2023;05:10:27;23.66;;;;
2995;05/06/2023;05:08:54;23.6;;;;2995;05/06/2023;05:10:48;23.69;;;;2995;05/06/2023;05:10:42;23.68;;;;
2996;05/06/2023;05:09:09;23.61;;;;2996;05/06/2023;05:11:03;23.69;;;;2996;05/06/2023;05:10:57;23.66;;;;
2997;05/06/2023;05:09:24;23.59;;;;2997;05/06/2023;05:11:18;23.7;;;;2997;05/06/2023;05:11:12;23.65;;;;
2998;05/06/2023;05:09:39;23.59;;;;2998;05/06/2023;05:11:34;23.68;;;;2998;05/06/2023;05:11:27;23.66;;;;
2999;05/06/2023;05:09:54;23.6;;;;2999;05/06/2023;05:11:49;23.7;;;;2999;05/06/2023;05:11:42;23.65;;;;
3000;05/06/2023;05:10:09;23.61;;;;3000;05/06/2023;05:12:04;23.7;;;;3000;05/06/2023;05:11:57;23.66;;;;
3001;05/06/2023;05:10:24;23.6;;;;3001;05/06/2023;05:12:19;23.68;;;;3001;05/06/2023;05:12:12;23.66;;;;
3002;05/06/2023;05:10:39;23.62;;;;3002;05/06/2023;05:12:34;23.7;;;;3002;05/06/2023;05:12:27;23.68;;;;
3003;05/06/2023;05:10:54;23.6;;;;3003;05/06/2023;05:12:49;23.69;;;;3003;05/06/2023;05:12:42;23.68;;;;
3004;05/06/2023;05:11:09;23.59;;;;3004;05/06/2023;05:13:04;23.69;;;;3004;05/06/2023;05:12:57;23.66;;;;
3005;05/06/2023;05:11:24;23.6;;;;3005;05/06/2023;05:13:19;23.68;;;;3005;05/06/2023;05:13:12;23.65;;;;
3006;05/06/2023;05:11:39;23.61;;;;3006;05/06/2023;05:13:34;23.68;;;;3006;05/06/2023;05:13:27;23.65;;;;
3007;05/06/2023;05:11:54;23.62;;;;3007;05/06/2023;05:13:49;23.7;;;;3007;05/06/2023;05:13:42;23.66;;;;
3008;05/06/2023;05:12:09;23.59;;;;3008;05/06/2023;05:14:04;23.69;;;;3008;05/06/2023;05:13:57;23.66;;;;
3009;05/06/2023;05:12:24;23.6;;;;3009;05/06/2023;05:14:19;23.71;;;;3009;05/06/2023;05:14:12;23.66;;;;
3010;05/06/2023;05:12:39;23.61;;;;3010;05/06/2023;05:14:34;23.69;;;;3010;05/06/2023;05:14:27;23.68;;;;
3011;05/06/2023;05:12:54;23.6;;;;3011;05/06/2023;05:14:49;23.7;;;;3011;05/06/2023;05:14:42;23.66;;;;
3012;05/06/2023;05:13:09;23.6;;;;3012;05/06/2023;05:15:04;23.68;;;;3012;05/06/2023;05:14:57;23.65;;;;
3013;05/06/2023;05:13:24;23.63;;;;3013;05/06/2023;05:15:19;23.7;;;;3013;05/06/2023;05:15:12;23.66;;;;
3014;05/06/2023;05:13:39;23.6;;;;3014;05/06/2023;05:15:34;23.7;;;;3014;05/06/2023;05:15:27;23.66;;;;
3015;05/06/2023;05:13:54;23.61;;;;3015;05/06/2023;05:15:49;23.7;;;;3015;05/06/2023;05:15:42;23.68;;;;
3016;05/06/2023;05:14:09;23.59;;;;3016;05/06/2023;05:16:04;23.68;;;;3016;05/06/2023;05:15:57;23.66;;;;
3017;05/06/2023;05:14:24;23.6;;;;3017;05/06/2023;05:16:19;23.7;;;;3017;05/06/2023;05:16:12;23.66;;;;
3018;05/06/2023;05:14:39;23.59;;;;3018;05/06/2023;05:16:34;23.69;;;;3018;05/06/2023;05:16:27;23.66;;;;
3019;05/06/2023;05:14:54;23.62;;;;3019;05/06/2023;05:16:49;23.69;;;;3019;05/06/2023;05:16:42;23.66;;;;
3020;05/06/2023;05:15:09;23.62;;;;3020;05/06/2023;05:17:04;23.69;;;;3020;05/06/2023;05:16:57;23.66;;;;
3021;05/06/2023;05:15:24;23.58;;;;3021;05/06/2023;05:17:19;23.69;;;;3021;05/06/2023;05:17:12;23.66;;;;
3022;05/06/2023;05:15:39;23.6;;;;3022;05/06/2023;05:17:34;23.7;;;;3022;05/06/2023;05:17:27;23.65;;;;
3023;05/06/2023;05:15:54;23.59;;;;3023;05/06/2023;05:17:49;23.7;;;;3023;05/06/2023;05:17:42;23.66;;;;
3024;05/06/2023;05:16:09;23.59;Synchronized;;;3024;05/06/2023;05:18:04;23.69;;;;3024;05/06/2023;05:17:57;23.66;;;;
3025;05/06/2023;05:16:24;23.59;;;;3025;05/06/2023;05:18:19;23.7;;;;3025;05/06/2023;05:18:12;23.66;;;;
3026;05/06/2023;05:16:39;23.59;;;;3026;05/06/2023;05:18:34;23.7;;;;3026;05/06/2023;05:18:27;23.64;;;;
3027;05/06/2023;05:16:54;23.59;;;;3027;05/06/2023;05:18:49;23.69;;;;3027;05/06/2023;05:18:42;23.66;;;;
3028;05/06/2023;05:17:09;23.6;;;;3028;05/06/2023;05:19:04;23.68;;;;3028;05/06/2023;05:18:57;23.66;;;;
3029;05/06/2023;05:17:24;23.6;;;;3029;05/06/2023;05:19:19;23.68;;;;3029;05/06/2023;05:19:12;23.66;;;;
3030;05/06/2023;05:17:39;23.59;;;;3030;05/06/2023;05:19:34;23.68;;;;3030;05/06/2023;05:19:27;23.65;;;;
3031;05/06/2023;05:17:54;23.6;;;;3031;05/06/2023;05:19:49;23.69;;;;3031;05/06/2023;05:19:42;23.66;;;;
3032;05/06/2023;05:18:09;23.6;;;;3032;05/06/2023;05:20:04;23.7;;;;3032;05/06/2023;05:19:57;23.66;;;;
3033;05/06/2023;05:18:24;23.59;;;;3033;05/06/2023;05:20:19;23.7;;;;3033;05/06/2023;05:20:12;23.66;;;;
3034;05/06/2023;05:18:39;23.59;;;;3034;05/06/2023;05:20:34;23.68;;;;3034;05/06/2023;05:20:27;23.66;;;;
3035;05/06/2023;05:18:54;23.6;;;;3035;05/06/2023;05:20:49;23.69;;;;3035;05/06/2023;05:20:42;23.68;;;;
3036;05/06/2023;05:19:09;23.59;;;;3036;05/06/2023;05:21:04;23.69;;;;3036;05/06/2023;05:20:57;23.66;;;;
3037;05/06/2023;05:19:24;23.6;;;;3037;05/06/2023;05:21:19;23.68;;;;3037;05/06/2023;05:21:12;23.65;;;;
3038;05/06/2023;05:19:39;23.59;;;;3038;05/06/2023;05:21:34;23.67;;;;3038;05/06/2023;05:21:27;23.66;;;;
3039;05/06/2023;05:19:54;23.61;;;;3039;05/06/2023;05:21:49;23.7;;;;3039;05/06/2023;05:21:42;23.66;;;;
3040;05/06/2023;05:20:09;23.59;;;;3040;05/06/2023;05:22:04;23.69;;;;3040;05/06/2023;05:21:57;23.66;;;;
3041;05/06/2023;05:20:24;23.59;;;;3041;05/06/2023;05:22:19;23.68;;;;3041;05/06/2023;05:22:12;23.66;Synchronized;;;
3042;05/06/2023;05:20:39;23.59;;;;3042;05/06/2023;05:22:34;23.69;;;;3042;05/06/2023;05:22:27;23.66;;;;
3043;05/06/2023;05:20:54;23.6;;;;3043;05/06/2023;05:22:49;23.67;;;;3043;05/06/2023;05:22:42;23.66;;;;
3044;05/06/2023;05:21:09;23.59;;;;3044;05/06/2023;05:23:04;23.68;;;;3044;05/06/2023;05:22:57;23.66;;;;
3045;05/06/2023;05:21:24;23.6;;;;3045;05/06/2023;05:23:19;23.68;;;;3045;05/06/2023;05:23:12;23.66;;;;
3046;05/06/2023;05:21:39;23.6;;;;3046;05/06/2023;05:23:34;23.69;;;;3046;05/06/2023;05:23:27;23.64;;;;
3047;05/06/2023;05:21:54;23.6;;;;3047;05/06/2023;05:23:49;23.68;;;;3047;05/06/2023;05:23:42;23.66;;;;
3048;05/06/2023;05:22:09;23.59;;;;3048;05/06/2023;05:24:04;23.69;;;;3048;05/06/2023;05:23:57;23.66;;;;
3049;05/06/2023;05:22:24;23.59;;;;3049;05/06/2023;05:24:19;23.68;;;;3049;05/06/2023;05:24:12;23.66;;;;
3050;05/06/2023;05:22:39;23.59;;;;3050;05/06/2023;05:24:34;23.7;;;;3050;05/06/2023;05:24:27;23.66;;;;
3051;05/06/2023;05:22:54;23.59;;;;3051;05/06/2023;05:24:49;23.66;;;;3051;05/06/2023;05:24:42;23.65;;;;
3052;05/06/2023;05:23:09;23.59;;;;3052;05/06/2023;05:25:04;23.7;;;;3052;05/06/2023;05:24:57;23.66;;;;
3053;05/06/2023;05:23:25;23.59;;;;3053;05/06/2023;05:25:19;23.7;;;;3053;05/06/2023;05:25:12;23.65;;;;
3054;05/06/2023;05:23:40;23.59;;;;3054;05/06/2023;05:25:34;23.69;;;;3054;05/06/2023;05:25:27;23.63;;;;
3055;05/06/2023;05:23:55;23.6;;;;3055;05/06/2023;05:25:49;23.68;;;;3055;05/06/2023;05:25:42;23.65;;;;
3056;05/06/2023;05:24:10;23.6;;;;3056;05/06/2023;05:26:04;23.68;;;;3056;05/06/2023;05:25:57;23.63;;;;
3057;05/06/2023;05:24:25;23.59;;;;3057;05/06/2023;05:26:19;23.69;;;;3057;05/06/2023;05:26:12;23.66;;;;
3058;05/06/2023;05:24:40;23.59;;;;3058;05/06/2023;05:26:34;23.66;;;;3058;05/06/2023;05:26:27;23.64;;;;
3059;05/06/2023;05:24:55;23.61;;;;3059;05/06/2023;05:26:49;23.68;;;;3059;05/06/2023;05:26:42;23.66;;;;
3060;05/06/2023;05:25:10;23.59;;;;3060;05/06/2023;05:27:04;23.68;;;;3060;05/06/2023;05:26:57;23.65;;;;
3061;05/06/2023;05:25:25;23.59;;;;3061;05/06/2023;05:27:19;23.69;;;;3061;05/06/2023;05:27:12;23.65;;;;
3062;05/06/2023;05:25:40;23.59;;;;3062;05/06/2023;05:27:34;23.69;;;;3062;05/06/2023;05:27:27;23.65;;;;
3063;05/06/2023;05:25:55;23.59;;;;3063;05/06/2023;05:27:49;23.67;;;;3063;05/06/2023;05:27:42;23.66;;;;
3064;05/06/2023;05:26:10;23.59;;;;3064;05/06/2023;05:28:04;23.69;;;;3064;05/06/2023;05:27:57;23.64;;;;
3065;05/06/2023;05:26:25;23.61;;;;3065;05/06/2023;05:28:19;23.69;;;;3065;05/06/2023;05:28:12;23.64;;;;
3066;05/06/2023;05:26:40;23.59;;;;3066;05/06/2023;05:28:34;23.68;;;;3066;05/06/2023;05:28:27;23.66;;;;
3067;05/06/2023;05:26:55;23.6;;;;3067;05/06/2023;05:28:49;23.69;;;;3067;05/06/2023;05:28:42;23.66;;;;
3068;05/06/2023;05:27:10;23.59;;;;3068;05/06/2023;05:29:04;23.68;;;;3068;05/06/2023;05:28:57;23.63;;;;
3069;05/06/2023;05:27:25;23.59;;;;3069;05/06/2023;05:29:19;23.7;;;;3069;05/06/2023;05:29:12;23.65;;;;
3070;05/06/2023;05:27:40;23.59;;;;3070;05/06/2023;05:29:34;23.7;;;;3070;05/06/2023;05:29:27;23.66;;;;
3071;05/06/2023;05:27:55;23.58;;;;3071;05/06/2023;05:29:49;23.67;;;;3071;05/06/2023;05:29:42;23.66;;;;
3072;05/06/2023;05:28:10;23.59;;;;3072;05/06/2023;05:30:04;23.7;;;;3072;05/06/2023;05:29:57;23.65;;;;
3073;05/06/2023;05:28:25;23.59;;;;3073;05/06/2023;05:30:19;23.68;;;;3073;05/06/2023;05:30:12;23.66;;;;
3074;05/06/2023;05:28:40;23.61;;;;3074;05/06/2023;05:30:34;23.67;;;;3074;05/06/2023;05:30:27;23.65;;;;
3075;05/06/2023;05:28:55;23.6;;;;3075;05/06/2023;05:30:49;23.69;;;;3075;05/06/2023;05:30:42;23.66;Synchronized;;;
3076;05/06/2023;05:29:10;23.58;;;;3076;05/06/2023;05:31:04;23.69;;;;3076;05/06/2023;05:30:57;23.65;;;;
3077;05/06/2023;05:29:25;23.59;;;;3077;05/06/2023;05:31:19;23.7;;;;3077;05/06/2023;05:31:12;23.66;;;;
3078;05/06/2023;05:29:40;23.59;;;;3078;05/06/2023;05:31:34;23.7;;;;3078;05/06/2023;05:31:27;23.66;;;;
3079;05/06/2023;05:29:55;23.6;;;;3079;05/06/2023;05:31:49;23.66;;;;3079;05/06/2023;05:31:42;23.65;;;;
3080;05/06/2023;05:30:10;23.6;;;;3080;05/06/2023;05:32:04;23.7;;;;3080;05/06/2023;05:31:57;23.65;;;;
3081;05/06/2023;05:30:25;23.58;;;;3081;05/06/2023;05:32:19;23.7;;;;3081;05/06/2023;05:32:12;23.64;;;;
3082;05/06/2023;05:30:40;23.59;;;;3082;05/06/2023;05:32:34;23.69;;;;3082;05/06/2023;05:32:27;23.65;;;;
3083;05/06/2023;05:30:55;23.59;;;;3083;05/06/2023;05:32:49;23.69;;;;3083;05/06/2023;05:32:42;23.63;;;;
3084;05/06/2023;05:31:10;23.59;;;;3084;05/06/2023;05:33:04;23.68;;;;3084;05/06/2023;05:32:57;23.66;;;;
3085;05/06/2023;05:31:25;23.59;;;;3085;05/06/2023;05:33:19;23.7;;;;3085;05/06/2023;05:33:12;23.63;;;;
3086;05/06/2023;05:31:40;23.59;;;;3086;05/06/2023;05:33:34;23.69;;;;3086;05/06/2023;05:33:27;23.63;;;;
3087;05/06/2023;05:31:55;23.59;;;;3087;05/06/2023;05:33:49;23.67;;;;3087;05/06/2023;05:33:42;23.66;;;;
3088;05/06/2023;05:32:10;23.58;;;;3088;05/06/2023;05:34:04;23.67;;;;3088;05/06/2023;05:33:57;23.66;;;;
3089;05/06/2023;05:32:25;23.59;;;;3089;05/06/2023;05:34:19;23.67;;;;3089;05/06/2023;05:34:12;23.65;;;;
3090;05/06/2023;05:32:40;23.59;;;;3090;05/06/2023;05:34:34;23.68;;;;3090;05/06/2023;05:34:27;23.63;;;;
3091;05/06/2023;05:32:55;23.59;;;;3091;05/06/2023;05:34:49;23.69;Synchronized;;;3091;05/06/2023;05:34:42;23.64;;;;
3092;05/06/2023;05:33:10;23.59;;;;3092;05/06/2023;05:35:04;23.67;;;;3092;05/06/2023;05:34:57;23.64;;;;
3093;05/06/2023;05:33:25;23.59;;;;3093;05/06/2023;05:35:19;23.68;;;;3093;05/06/2023;05:35:12;23.66;Synchronized;;;
3094;05/06/2023;05:33:40;23.59;;;;3094;05/06/2023;05:35:34;23.69;;;;3094;05/06/2023;05:35:27;23.66;;;;
3095;05/06/2023;05:33:55;23.59;;;;3095;05/06/2023;05:35:49;23.67;;;;3095;05/06/2023;05:35:42;23.65;;;;
3096;05/06/2023;05:34:10;23.6;;;;3096;05/06/2023;05:36:04;23.67;;;;3096;05/06/2023;05:35:57;23.66;;;;
3097;05/06/2023;05:34:25;23.6;;;;3097;05/06/2023;05:36:19;23.68;;;;3097;05/06/2023;05:36:12;23.66;;;;
3098;05/06/2023;05:34:40;23.58;;;;3098;05/06/2023;05:36:34;23.68;;;;3098;05/06/2023;05:36:27;23.65;;;;
3099;05/06/2023;05:34:55;23.59;;;;3099;05/06/2023;05:36:49;23.69;;;;3099;05/06/2023;05:36:42;23.65;;;;
3100;05/06/2023;05:35:10;23.59;;;;3100;05/06/2023;05:37:04;23.68;;;;3100;05/06/2023;05:36:57;23.63;;;;
3101;05/06/2023;05:35:25;23.58;;;;3101;05/06/2023;05:37:19;23.69;;;;3101;05/06/2023;05:37:12;23.63;;;;
3102;05/06/2023;05:35:40;23.56;;;;3102;05/06/2023;05:37:34;23.68;;;;3102;05/06/2023;05:37:27;23.64;;;;
3103;05/06/2023;05:35:55;23.59;;;;3103;05/06/2023;05:37:49;23.69;;;;3103;05/06/2023;05:37:42;23.64;;;;
3104;05/06/2023;05:36:10;23.59;;;;3104;05/06/2023;05:38:04;23.66;;;;3104;05/06/2023;05:37:57;23.63;;;;
3105;05/06/2023;05:36:25;23.6;;;;3105;05/06/2023;05:38:20;23.68;;;;3105;05/06/2023;05:38:12;23.65;;;;
3106;05/06/2023;05:36:40;23.59;;;;3106;05/06/2023;05:38:35;23.67;;;;3106;05/06/2023;05:38:27;23.66;;;;
3107;05/06/2023;05:36:55;23.59;;;;3107;05/06/2023;05:38:50;23.68;;;;3107;05/06/2023;05:38:42;23.63;;;;
3108;05/06/2023;05:37:10;23.59;;;;3108;05/06/2023;05:39:05;23.67;;;;3108;05/06/2023;05:38:57;23.63;;;;
3109;05/06/2023;05:37:25;23.59;;;;3109;05/06/2023;05:39:20;23.66;;;;3109;05/06/2023;05:39:12;23.65;;;;
3110;05/06/2023;05:37:40;23.57;;;;3110;05/06/2023;05:39:35;23.66;;;;3110;05/06/2023;05:39:27;23.64;;;;
3111;05/06/2023;05:37:55;23.59;;;;3111;05/06/2023;05:39:50;23.68;;;;3111;05/06/2023;05:39:42;23.64;;;;
3112;05/06/2023;05:38:10;23.56;;;;3112;05/06/2023;05:40:05;23.67;;;;3112;05/06/2023;05:39:57;23.65;;;;
3113;05/06/2023;05:38:25;23.58;;;;3113;05/06/2023;05:40:20;23.68;;;;3113;05/06/2023;05:40:12;23.64;;;;
3114;05/06/2023;05:38:40;23.58;;;;3114;05/06/2023;05:40:35;23.67;;;;3114;05/06/2023;05:40:27;23.66;;;;
3115;05/06/2023;05:38:55;23.58;;;;3115;05/06/2023;05:40:50;23.7;;;;3115;05/06/2023;05:40:42;23.64;;;;
3116;05/06/2023;05:39:10;23.59;;;;3116;05/06/2023;05:41:05;23.68;;;;3116;05/06/2023;05:40:57;23.63;;;;
3117;05/06/2023;05:39:25;23.58;;;;3117;05/06/2023;05:41:20;23.66;;;;3117;05/06/2023;05:41:12;23.65;;;;
3118;05/06/2023;05:39:40;23.59;;;;3118;05/06/2023;05:41:35;23.67;;;;3118;05/06/2023;05:41:27;23.64;;;;
3119;05/06/2023;05:39:55;23.58;;;;3119;05/06/2023;05:41:50;23.67;;;;3119;05/06/2023;05:41:42;23.63;;;;
3120;05/06/2023;05:40:10;23.6;;;;3120;05/06/2023;05:42:05;23.66;;;;3120;05/06/2023;05:41:57;23.63;;;;
3121;05/06/2023;05:40:25;23.58;;;;3121;05/06/2023;05:42:20;23.66;;;;3121;05/06/2023;05:42:12;23.63;;;;
3122;05/06/2023;05:40:40;23.56;;;;3122;05/06/2023;05:42:35;23.68;;;;3122;05/06/2023;05:42:27;23.64;;;;
3123;05/06/2023;05:40:55;23.58;;;;3123;05/06/2023;05:42:50;23.66;;;;3123;05/06/2023;05:42:42;23.63;;;;
3124;05/06/2023;05:41:10;23.57;;;;3124;05/06/2023;05:43:05;23.66;;;;3124;05/06/2023;05:42:57;23.64;;;;
3125;05/06/2023;05:41:25;23.57;;;;3125;05/06/2023;05:43:20;23.67;;;;3125;05/06/2023;05:43:12;23.63;;;;
3126;05/06/2023;05:41:40;23.58;;;;3126;05/06/2023;05:43:35;23.66;;;;3126;05/06/2023;05:43:27;23.65;;;;
3127;05/06/2023;05:41:55;23.57;;;;3127;05/06/2023;05:43:50;23.66;;;;3127;05/06/2023;05:43:42;23.63;;;;
3128;05/06/2023;05:42:10;23.59;;;;3128;05/06/2023;05:44:05;23.67;;;;3128;05/06/2023;05:43:57;23.64;;;;
3129;05/06/2023;05:42:25;23.59;;;;3129;05/06/2023;05:44:20;23.7;;;;3129;05/06/2023;05:44:12;23.64;;;;
3130;05/06/2023;05:42:40;23.59;;;;3130;05/06/2023;05:44:35;23.68;;;;3130;05/06/2023;05:44:27;23.63;;;;
3131;05/06/2023;05:42:55;23.56;;;;3131;05/06/2023;05:44:50;23.67;;;;3131;05/06/2023;05:44:42;23.65;;;;
3132;05/06/2023;05:43:10;23.59;;;;3132;05/06/2023;05:45:05;23.66;;;;3132;05/06/2023;05:44:57;23.63;;;;
3133;05/06/2023;05:43:25;23.59;;;;3133;05/06/2023;05:45:20;23.66;;;;3133;05/06/2023;05:45:12;23.63;;;;
3134;05/06/2023;05:43:40;23.59;;;;3134;05/06/2023;05:45:35;23.66;;;;3134;05/06/2023;05:45:27;23.63;;;;
3135;05/06/2023;05:43:55;23.56;;;;3135;05/06/2023;05:45:50;23.66;;;;3135;05/06/2023;05:45:42;23.63;;;;
3136;05/06/2023;05:44:10;23.55;;;;3136;05/06/2023;05:46:05;23.67;;;;3136;05/06/2023;05:45:56;23.64;;;;
3137;05/06/2023;05:44:25;23.56;;;;3137;05/06/2023;05:46:20;23.67;;;;3137;05/06/2023;05:46:12;23.64;;;;
3138;05/06/2023;05:44:40;23.57;;;;3138;05/06/2023;05:46:35;23.66;;;;3138;05/06/2023;05:46:27;23.64;;;;
3139;05/06/2023;05:44:55;23.58;;;;3139;05/06/2023;05:46:50;23.67;;;;3139;05/06/2023;05:46:42;23.63;;;;
3140;05/06/2023;05:45:10;23.58;;;;3140;05/06/2023;05:47:05;23.66;;;;3140;05/06/2023;05:46:56;23.62;;;;
3141;05/06/2023;05:45:25;23.55;;;;3141;05/06/2023;05:47:20;23.66;;;;3141;05/06/2023;05:47:11;23.63;;;;
3142;05/06/2023;05:45:40;23.59;;;;3142;05/06/2023;05:47:35;23.68;;;;3142;05/06/2023;05:47:26;23.63;;;;
3143;05/06/2023;05:45:55;23.57;;;;3143;05/06/2023;05:47:50;23.68;;;;3143;05/06/2023;05:47:41;23.62;;;;
3144;05/06/2023;05:46:10;23.58;;;;3144;05/06/2023;05:48:05;23.66;;;;3144;05/06/2023;05:47:56;23.63;;;;
3145;05/06/2023;05:46:25;23.58;;;;3145;05/06/2023;05:48:20;23.66;;;;3145;05/06/2023;05:48:11;23.63;;;;
3146;05/06/2023;05:46:40;23.57;;;;3146;05/06/2023;05:48:35;23.67;;;;3146;05/06/2023;05:48:26;23.63;;;;
3147;05/06/2023;05:46:55;23.59;;;;3147;05/06/2023;05:48:50;23.67;;;;3147;05/06/2023;05:48:41;23.63;;;;
3148;05/06/2023;05:47:10;23.55;;;;3148;05/06/2023;05:49:05;23.68;;;;3148;05/06/2023;05:48:56;23.63;;;;
3149;05/06/2023;05:47:26;23.58;;;;3149;05/06/2023;05:49:20;23.67;;;;3149;05/06/2023;05:49:11;23.63;;;;
3150;05/06/2023;05:47:41;23.57;;;;3150;05/06/2023;05:49:35;23.66;;;;3150;05/06/2023;05:49:26;23.63;;;;
3151;05/06/2023;05:47:56;23.57;;;;3151;05/06/2023;05:49:50;23.66;;;;3151;05/06/2023;05:49:41;23.63;;;;
3152;05/06/2023;05:48:11;23.56;;;;3152;05/06/2023;05:50:05;23.66;Synchronized;;;3152;05/06/2023;05:49:56;23.62;;;;
3153;05/06/2023;05:48:26;23.55;;;;3153;05/06/2023;05:50:20;23.64;;;;3153;05/06/2023;05:50:11;23.63;;;;
3154;05/06/2023;05:48:41;23.56;;;;3154;05/06/2023;05:50:35;23.67;;;;3154;05/06/2023;05:50:26;23.62;;;;
3155;05/06/2023;05:48:56;23.57;;;;3155;05/06/2023;05:50:50;23.68;;;;3155;05/06/2023;05:50:41;23.64;;;;
3156;05/06/2023;05:49:11;23.59;;;;3156;05/06/2023;05:51:05;23.66;;;;3156;05/06/2023;05:50:56;23.63;;;;
3157;05/06/2023;05:49:26;23.56;;;;3157;05/06/2023;05:51:20;23.66;;;;3157;05/06/2023;05:51:11;23.63;;;;
3158;05/06/2023;05:49:41;23.55;;;;3158;05/06/2023;05:51:35;23.65;;;;3158;05/06/2023;05:51:26;23.63;;;;
3159;05/06/2023;05:49:56;23.57;;;;3159;05/06/2023;05:51:50;23.66;;;;3159;05/06/2023;05:51:41;23.6;;;;
3160;05/06/2023;05:50:11;23.57;;;;3160;05/06/2023;05:52:05;23.67;;;;3160;05/06/2023;05:51:56;23.62;;;;
3161;05/06/2023;05:50:26;23.56;;;;3161;05/06/2023;05:52:20;23.67;;;;3161;05/06/2023;05:52:11;23.62;;;;
3162;05/06/2023;05:50:41;23.55;;;;3162;05/06/2023;05:52:35;23.68;;;;3162;05/06/2023;05:52:26;23.63;;;;
3163;05/06/2023;05:50:56;23.56;;;;3163;05/06/2023;05:52:50;23.67;;;;3163;05/06/2023;05:52:41;23.63;;;;
3164;05/06/2023;05:51:11;23.57;;;;3164;05/06/2023;05:53:05;23.64;;;;3164;05/06/2023;05:52:56;23.62;;;;
3165;05/06/2023;05:51:26;23.57;;;;3165;05/06/2023;05:53:20;23.66;;;;3165;05/06/2023;05:53:11;23.62;;;;
3166;05/06/2023;05:51:41;23.55;;;;3166;05/06/2023;05:53:35;23.67;;;;3166;05/06/2023;05:53:26;23.63;;;;
3167;05/06/2023;05:51:56;23.56;;;;3167;05/06/2023;05:53:50;23.66;;;;3167;05/06/2023;05:53:41;23.62;;;;
3168;05/06/2023;05:52:11;23.56;;;;3168;05/06/2023;05:54:05;23.66;;;;3168;05/06/2023;05:53:56;23.61;;;;
3169;05/06/2023;05:52:26;23.55;;;;3169;05/06/2023;05:54:20;23.66;;;;3169;05/06/2023;05:54:11;23.62;;;;
3170;05/06/2023;05:52:41;23.56;;;;3170;05/06/2023;05:54:35;23.66;;;;3170;05/06/2023;05:54:26;23.61;;;;
3171;05/06/2023;05:52:56;23.56;;;;3171;05/06/2023;05:54:50;23.67;;;;3171;05/06/2023;05:54:41;23.6;;;;
3172;05/06/2023;05:53:11;23.57;;;;3172;05/06/2023;05:55:05;23.68;;;;3172;05/06/2023;05:54:56;23.62;;;;
3173;05/06/2023;05:53:26;23.56;;;;3173;05/06/2023;05:55:20;23.66;;;;3173;05/06/2023;05:55:11;23.63;;;;
3174;05/06/2023;05:53:41;23.56;;;;3174;05/06/2023;05:55:35;23.66;;;;3174;05/06/2023;05:55:26;23.61;;;;
3175;05/06/2023;05:53:56;23.55;;;;3175;05/06/2023;05:55:50;23.66;;;;3175;05/06/2023;05:55:41;23.63;;;;
3176;05/06/2023;05:54:11;23.55;;;;3176;05/06/2023;05:56:05;23.66;;;;3176;05/06/2023;05:55:56;23.63;;;;
3177;05/06/2023;05:54:26;23.55;;;;3177;05/06/2023;05:56:20;23.66;;;;3177;05/06/2023;05:56:11;23.63;;;;
3178;05/06/2023;05:54:41;23.56;;;;3178;05/06/2023;05:56:35;23.65;;;;3178;05/06/2023;05:56:26;23.6;;;;
3179;05/06/2023;05:54:56;23.58;;;;3179;05/06/2023;05:56:50;23.65;;;;3179;05/06/2023;05:56:41;23.61;;;;
3180;05/06/2023;05:55:11;23.53;;;;3180;05/06/2023;05:57:05;23.65;;;;3180;05/06/2023;05:56:56;23.63;;;;
3181;05/06/2023;05:55:26;23.56;;;;3181;05/06/2023;05:57:20;23.66;;;;3181;05/06/2023;05:57:11;23.61;;;;
3182;05/06/2023;05:55:41;23.55;Synchronized;;;3182;05/06/2023;05:57:35;23.65;;;;3182;05/06/2023;05:57:26;23.62;;;;
3183;05/06/2023;05:55:56;23.58;;;;3183;05/06/2023;05:57:50;23.66;;;;3183;05/06/2023;05:57:41;23.61;;;;
3184;05/06/2023;05:56:11;23.57;;;;3184;05/06/2023;05:58:05;23.64;;;;3184;05/06/2023;05:57:56;23.63;;;;
3185;05/06/2023;05:56:26;23.57;;;;3185;05/06/2023;05:58:20;23.65;;;;3185;05/06/2023;05:58:11;23.62;;;;
3186;05/06/2023;05:56:41;23.57;;;;3186;05/06/2023;05:58:35;23.65;;;;3186;05/06/2023;05:58:26;23.62;;;;
3187;05/06/2023;05:56:56;23.56;;;;3187;05/06/2023;05:58:50;23.66;;;;3187;05/06/2023;05:58:41;23.63;;;;
3188;05/06/2023;05:57:11;23.56;;;;3188;05/06/2023;05:59:05;23.66;;;;3188;05/06/2023;05:58:56;23.61;;;;
3189;05/06/2023;05:57:26;23.56;;;;3189;05/06/2023;05:59:20;23.66;;;;3189;05/06/2023;05:59:11;23.6;;;;
3190;05/06/2023;05:57:41;23.56;;;;3190;05/06/2023;05:59:35;23.65;;;;3190;05/06/2023;05:59:26;23.59;;;;
3191;05/06/2023;05:57:56;23.57;;;;3191;05/06/2023;05:59:50;23.66;;;;3191;05/06/2023;05:59:41;23.62;;;;
3192;05/06/2023;05:58:11;23.55;;;;3192;05/06/2023;06:00:05;23.66;;;;3192;05/06/2023;05:59:56;23.6;;;;
3193;05/06/2023;05:58:26;23.56;;;;3193;05/06/2023;06:00:20;23.67;;;;3193;05/06/2023;06:00:11;23.6;;;;
3194;05/06/2023;05:58:41;23.55;;;;3194;05/06/2023;06:00:35;23.66;;;;3194;05/06/2023;06:00:26;23.61;;;;
3195;05/06/2023;05:58:56;23.56;;;;3195;05/06/2023;06:00:50;23.65;;;;3195;05/06/2023;06:00:41;23.6;;;;
3196;05/06/2023;05:59:11;23.55;;;;3196;05/06/2023;06:01:05;23.65;;;;3196;05/06/2023;06:00:56;23.62;;;;
3197;05/06/2023;05:59:26;23.56;;;;3197;05/06/2023;06:01:21;23.65;;;;3197;05/06/2023;06:01:11;23.63;;;;
3198;05/06/2023;05:59:41;23.55;;;;3198;05/06/2023;06:01:36;23.65;;;;3198;05/06/2023;06:01:26;23.63;;;;
3199;05/06/2023;05:59:56;23.55;;;;3199;05/06/2023;06:01:51;23.66;;;;3199;05/06/2023;06:01:41;23.62;;;;
3200;05/06/2023;06:00:11;23.56;;;;3200;05/06/2023;06:02:06;23.66;;;;3200;05/06/2023;06:01:56;23.61;;;;
3201;05/06/2023;06:00:26;23.57;;;;3201;05/06/2023;06:02:21;23.64;;;;3201;05/06/2023;06:02:11;23.61;;;;
3202;05/06/2023;06:00:41;23.58;;;;3202;05/06/2023;06:02:36;23.66;;;;3202;05/06/2023;06:02:26;23.6;;;;
3203;05/06/2023;06:00:56;23.57;;;;3203;05/06/2023;06:02:51;23.66;;;;3203;05/06/2023;06:02:41;23.61;;;;
3204;05/06/2023;06:01:11;23.57;;;;3204;05/06/2023;06:03:06;23.66;;;;3204;05/06/2023;06:02:56;23.6;;;;
3205;05/06/2023;06:01:26;23.56;;;;3205;05/06/2023;06:03:21;23.66;;;;3205;05/06/2023;06:03:11;23.61;;;;
3206;05/06/2023;06:01:41;23.57;;;;3206;05/06/2023;06:03:36;23.66;;;;3206;05/06/2023;06:03:26;23.61;;;;
3207;05/06/2023;06:01:56;23.56;;;;3207;05/06/2023;06:03:51;23.65;;;;3207;05/06/2023;06:03:41;23.63;;;;
3208;05/06/2023;06:02:11;23.55;;;;3208;05/06/2023;06:04:06;23.65;;;;3208;05/06/2023;06:03:56;23.62;;;;
3209;05/06/2023;06:02:26;23.55;;;;3209;05/06/2023;06:04:21;23.65;;;;3209;05/06/2023;06:04:11;23.61;;;;
3210;05/06/2023;06:02:41;23.55;;;;3210;05/06/2023;06:04:36;23.66;;;;3210;05/06/2023;06:04:26;23.6;;;;
3211;05/06/2023;06:02:56;23.56;;;;3211;05/06/2023;06:04:51;23.65;;;;3211;05/06/2023;06:04:41;23.62;;;;
3212;05/06/2023;06:03:11;23.56;;;;3212;05/06/2023;06:05:06;23.65;;;;3212;05/06/2023;06:04:56;23.6;;;;
3213;05/06/2023;06:03:26;23.55;Synchronized;;;3213;05/06/2023;06:05:21;23.65;;;;3213;05/06/2023;06:05:11;23.6;;;;
3214;05/06/2023;06:03:41;23.55;;;;3214;05/06/2023;06:05:36;23.66;;;;3214;05/06/2023;06:05:26;23.61;;;;
3215;05/06/2023;06:03:56;23.56;;;;3215;05/06/2023;06:05:51;23.63;;;;3215;05/06/2023;06:05:41;23.6;;;;
3216;05/06/2023;06:04:11;23.55;;;;3216;05/06/2023;06:06:06;23.65;;;;3216;05/06/2023;06:05:56;23.62;;;;
3217;05/06/2023;06:04:26;23.56;;;;3217;05/06/2023;06:06:21;23.64;;;;3217;05/06/2023;06:06:11;23.6;;;;
3218;05/06/2023;06:04:41;23.55;;;;3218;05/06/2023;06:06:36;23.64;;;;3218;05/06/2023;06:06:26;23.62;;;;
3219;05/06/2023;06:04:56;23.55;;;;3219;05/06/2023;06:06:51;23.66;;;;3219;05/06/2023;06:06:41;23.63;;;;
3220;05/06/2023;06:05:11;23.55;;;;3220;05/06/2023;06:07:06;23.66;;;;3220;05/06/2023;06:06:56;23.62;;;;
3221;05/06/2023;06:05:26;23.55;;;;3221;05/06/2023;06:07:21;23.67;;;;3221;05/06/2023;06:07:11;23.6;;;;
3222;05/06/2023;06:05:41;23.55;;;;3222;05/06/2023;06:07:36;23.66;;;;3222;05/06/2023;06:07:26;23.63;;;;
3223;05/06/2023;06:05:56;23.55;;;;3223;05/06/2023;06:07:51;23.65;;;;3223;05/06/2023;06:07:41;23.61;;;;
3224;05/06/2023;06:06:11;23.57;;;;3224;05/06/2023;06:08:06;23.63;;;;3224;05/06/2023;06:07:56;23.62;;;;
3225;05/06/2023;06:06:26;23.54;;;;3225;05/06/2023;06:08:21;23.63;;;;3225;05/06/2023;06:08:11;23.6;;;;
3226;05/06/2023;06:06:41;23.55;;;;3226;05/06/2023;06:08:36;23.64;;;;3226;05/06/2023;06:08:26;23.61;;;;
3227;05/06/2023;06:06:56;23.54;;;;3227;05/06/2023;06:08:51;23.63;;;;3227;05/06/2023;06:08:41;23.6;;;;
3228;05/06/2023;06:07:11;23.55;;;;3228;05/06/2023;06:09:06;23.65;;;;3228;05/06/2023;06:08:56;23.62;;;;
3229;05/06/2023;06:07:26;23.57;;;;3229;05/06/2023;06:09:21;23.65;;;;3229;05/06/2023;06:09:11;23.61;Synchronized;;;
3230;05/06/2023;06:07:41;23.55;;;;3230;05/06/2023;06:09:36;23.64;;;;3230;05/06/2023;06:09:26;23.61;;;;
3231;05/06/2023;06:07:56;23.54;;;;3231;05/06/2023;06:09:51;23.64;;;;3231;05/06/2023;06:09:41;23.61;;;;
3232;05/06/2023;06:08:11;23.58;;;;3232;05/06/2023;06:10:06;23.66;;;;3232;05/06/2023;06:09:56;23.6;;;;
3233;05/06/2023;06:08:26;23.55;;;;3233;05/06/2023;06:10:21;23.63;;;;3233;05/06/2023;06:10:11;23.6;;;;
3234;05/06/2023;06:08:41;23.57;;;;3234;05/06/2023;06:10:36;23.65;;;;3234;05/06/2023;06:10:26;23.61;;;;
3235;05/06/2023;06:08:56;23.56;;;;3235;05/06/2023;06:10:51;23.65;;;;3235;05/06/2023;06:10:41;23.62;;;;
3236;05/06/2023;06:09:11;23.55;;;;3236;05/06/2023;06:11:06;23.65;;;;3236;05/06/2023;06:10:56;23.6;Synchronized;;;
3237;05/06/2023;06:09:26;23.54;;;;3237;05/06/2023;06:11:21;23.64;;;;3237;05/06/2023;06:11:11;23.63;;;;
3238;05/06/2023;06:09:41;23.56;Synchronized;;;3238;05/06/2023;06:11:36;23.64;;;;3238;05/06/2023;06:11:26;23.62;;;;
3239;05/06/2023;06:09:56;23.56;;;;3239;05/06/2023;06:11:51;23.64;;;;3239;05/06/2023;06:11:41;23.61;;;;
3240;05/06/2023;06:10:12;23.55;;;;3240;05/06/2023;06:12:06;23.63;;;;3240;05/06/2023;06:11:56;23.59;;;;
3241;05/06/2023;06:10:27;23.53;;;;3241;05/06/2023;06:12:21;23.66;;;;3241;05/06/2023;06:12:11;23.6;;;;
3242;05/06/2023;06:10:42;23.55;;;;3242;05/06/2023;06:12:36;23.63;;;;3242;05/06/2023;06:12:26;23.59;;;;
3243;05/06/2023;06:10:57;23.56;;;;3243;05/06/2023;06:12:51;23.64;;;;3243;05/06/2023;06:12:41;23.6;;;;
3244;05/06/2023;06:11:12;23.55;;;;3244;05/06/2023;06:13:06;23.61;;;;3244;05/06/2023;06:12:56;23.63;;;;
3245;05/06/2023;06:11:27;23.55;;;;3245;05/06/2023;06:13:21;23.64;;;;3245;05/06/2023;06:13:11;23.61;;;;
3246;05/06/2023;06:11:42;23.55;Synchronized;;;3246;05/06/2023;06:13:36;23.63;;;;3246;05/06/2023;06:13:26;23.62;;;;
3247;05/06/2023;06:11:57;23.54;;;;3247;05/06/2023;06:13:51;23.64;;;;3247;05/06/2023;06:13:41;23.61;;;;
3248;05/06/2023;06:12:12;23.56;;;;3248;05/06/2023;06:14:06;23.65;;;;3248;05/06/2023;06:13:56;23.61;;;;
3249;05/06/2023;06:12:27;23.55;;;;3249;05/06/2023;06:14:21;23.64;;;;3249;05/06/2023;06:14:11;23.62;;;;
3250;05/06/2023;06:12:42;23.55;;;;3250;05/06/2023;06:14:36;23.63;;;;3250;05/06/2023;06:14:26;23.61;;;;
3251;05/06/2023;06:12:57;23.55;;;;3251;05/06/2023;06:14:51;23.66;;;;3251;05/06/2023;06:14:41;23.62;;;;
3252;05/06/2023;06:13:12;23.55;;;;3252;05/06/2023;06:15:06;23.65;;;;3252;05/06/2023;06:14:56;23.6;;;;
3253;05/06/2023;06:13:27;23.56;;;;3253;05/06/2023;06:15:21;23.63;;;;3253;05/06/2023;06:15:11;23.61;;;;
3254;05/06/2023;06:13:42;23.55;;;;3254;05/06/2023;06:15:36;23.64;;;;3254;05/06/2023;06:15:26;23.61;;;;
3255;05/06/2023;06:13:57;23.55;;;;3255;05/06/2023;06:15:51;23.64;;;;3255;05/06/2023;06:15:41;23.61;;;;
3256;05/06/2023;06:14:12;23.55;;;;3256;05/06/2023;06:16:06;23.65;;;;3256;05/06/2023;06:15:56;23.6;;;;
3257;05/06/2023;06:14:27;23.55;;;;3257;05/06/2023;06:16:21;23.61;;;;3257;05/06/2023;06:16:11;23.62;;;;
3258;05/06/2023;06:14:42;23.55;;;;3258;05/06/2023;06:16:36;23.64;;;;3258;05/06/2023;06:16:26;23.62;;;;
3259;05/06/2023;06:14:57;23.55;;;;3259;05/06/2023;06:16:51;23.63;;;;3259;05/06/2023;06:16:41;23.62;;;;
3260;05/06/2023;06:15:12;23.55;;;;3260;05/06/2023;06:17:06;23.63;;;;3260;05/06/2023;06:16:56;23.62;;;;
3261;05/06/2023;06:15:27;23.55;;;;3261;05/06/2023;06:17:21;23.63;;;;3261;05/06/2023;06:17:11;23.62;;;;
3262;05/06/2023;06:15:42;23.55;;;;3262;05/06/2023;06:17:36;23.65;;;;3262;05/06/2023;06:17:26;23.62;;;;
3263;05/06/2023;06:15:57;23.55;;;;3263;05/06/2023;06:17:51;23.65;;;;3263;05/06/2023;06:17:41;23.59;;;;
3264;05/06/2023;06:16:12;23.54;;;;3264;05/06/2023;06:18:06;23.64;;;;3264;05/06/2023;06:17:56;23.6;;;;
3265;05/06/2023;06:16:27;23.56;;;;3265;05/06/2023;06:18:21;23.64;;;;3265;05/06/2023;06:18:11;23.62;;;;
3266;05/06/2023;06:16:42;23.55;;;;3266;05/06/2023;06:18:36;23.64;;;;3266;05/06/2023;06:18:26;23.6;;;;
3267;05/06/2023;06:16:57;23.55;;;;3267;05/06/2023;06:18:51;23.63;;;;3267;05/06/2023;06:18:41;23.61;;;;
3268;05/06/2023;06:17:12;23.55;;;;3268;05/06/2023;06:19:06;23.66;;;;3268;05/06/2023;06:18:56;23.6;;;;
3269;05/06/2023;06:17:27;23.54;;;;3269;05/06/2023;06:19:21;23.64;;;;3269;05/06/2023;06:19:11;23.61;;;;
3270;05/06/2023;06:17:42;23.55;;;;3270;05/06/2023;06:19:36;23.65;;;;3270;05/06/2023;06:19:26;23.62;Synchronized;;;
3271;05/06/2023;06:17:57;23.55;;;;3271;05/06/2023;06:19:51;23.63;;;;3271;05/06/2023;06:19:41;23.61;;;;
3272;05/06/2023;06:18:12;23.54;;;;3272;05/06/2023;06:20:06;23.63;;;;3272;05/06/2023;06:19:56;23.61;;;;
3273;05/06/2023;06:18:27;23.55;;;;3273;05/06/2023;06:20:21;23.65;;;;3273;05/06/2023;06:20:11;23.61;;;;
3274;05/06/2023;06:18:42;23.55;;;;3274;05/06/2023;06:20:36;23.63;;;;3274;05/06/2023;06:20:26;23.61;;;;
3275;05/06/2023;06:18:57;23.55;;;;3275;05/06/2023;06:20:51;23.64;;;;3275;05/06/2023;06:20:41;23.6;;;;
3276;05/06/2023;06:19:12;23.55;;;;3276;05/06/2023;06:21:06;23.65;;;;3276;05/06/2023;06:20:56;23.61;;;;
3277;05/06/2023;06:19:27;23.55;;;;3277;05/06/2023;06:21:21;23.65;;;;3277;05/06/2023;06:21:11;23.61;;;;
3278;05/06/2023;06:19:42;23.54;;;;3278;05/06/2023;06:21:36;23.64;;;;3278;05/06/2023;06:21:26;23.6;;;;
3279;05/06/2023;06:19:57;23.56;;;;3279;05/06/2023;06:21:51;23.65;;;;3279;05/06/2023;06:21:41;23.61;;;;
3280;05/06/2023;06:20:12;23.55;;;;3280;05/06/2023;06:22:06;23.66;;;;3280;05/06/2023;06:21:56;23.6;;;;
3281;05/06/2023;06:20:27;23.54;;;;3281;05/06/2023;06:22:21;23.64;;;;3281;05/06/2023;06:22:11;23.61;;;;
3282;05/06/2023;06:20:42;23.55;;;;3282;05/06/2023;06:22:36;23.66;;;;3282;05/06/2023;06:22:26;23.62;;;;
3283;05/06/2023;06:20:57;23.55;;;;3283;05/06/2023;06:22:51;23.63;;;;3283;05/06/2023;06:22:41;23.61;;;;
3284;05/06/2023;06:21:12;23.55;;;;3284;05/06/2023;06:23:06;23.65;;;;3284;05/06/2023;06:22:56;23.59;;;;
3285;05/06/2023;06:21:27;23.54;;;;3285;05/06/2023;06:23:22;23.65;;;;3285;05/06/2023;06:23:11;23.61;;;;
3286;05/06/2023;06:21:42;23.55;;;;3286;05/06/2023;06:23:37;23.63;;;;3286;05/06/2023;06:23:26;23.61;;;;
3287;05/06/2023;06:21:57;23.54;;;;3287;05/06/2023;06:23:52;23.64;;;;3287;05/06/2023;06:23:41;23.61;;;;
3288;05/06/2023;06:22:12;23.57;;;;3288;05/06/2023;06:24:07;23.66;;;;3288;05/06/2023;06:23:56;23.61;;;;
3289;05/06/2023;06:22:27;23.55;;;;3289;05/06/2023;06:24:22;23.63;;;;3289;05/06/2023;06:24:11;23.63;;;;
3290;05/06/2023;06:22:42;23.55;;;;3290;05/06/2023;06:24:37;23.63;;;;3290;05/06/2023;06:24:26;23.6;;;;
3291;05/06/2023;06:22:57;23.54;;;;3291;05/06/2023;06:24:52;23.64;;;;3291;05/06/2023;06:24:41;23.62;;;;
3292;05/06/2023;06:23:12;23.54;;;;3292;05/06/2023;06:25:07;23.63;;;;3292;05/06/2023;06:24:56;23.61;;;;
3293;05/06/2023;06:23:27;23.55;;;;3293;05/06/2023;06:25:22;23.63;;;;3293;05/06/2023;06:25:11;23.61;;;;
3294;05/06/2023;06:23:42;23.54;;;;3294;05/06/2023;06:25:37;23.65;;;;3294;05/06/2023;06:25:26;23.61;;;;
3295;05/06/2023;06:23:57;23.55;;;;3295;05/06/2023;06:25:52;23.65;;;;3295;05/06/2023;06:25:41;23.61;;;;
3296;05/06/2023;06:24:12;23.52;;;;3296;05/06/2023;06:26:07;23.63;;;;3296;05/06/2023;06:25:56;23.61;;;;
3297;05/06/2023;06:24:27;23.56;;;;3297;05/06/2023;06:26:22;23.63;;;;3297;05/06/2023;06:26:11;23.59;;;;
3298;05/06/2023;06:24:42;23.56;;;;3298;05/06/2023;06:26:37;23.66;;;;3298;05/06/2023;06:26:26;23.62;;;;
3299;05/06/2023;06:24:57;23.55;;;;3299;05/06/2023;06:26:52;23.65;;;;3299;05/06/2023;06:26:41;23.61;;;;
3300;05/06/2023;06:25:12;23.55;;;;3300;05/06/2023;06:27:07;23.63;;;;3300;05/06/2023;06:26:56;23.61;;;;
3301;05/06/2023;06:25:27;23.55;;;;3301;05/06/2023;06:27:22;23.63;;;;3301;05/06/2023;06:27:11;23.62;;;;
3302;05/06/2023;06:25:42;23.55;;;;3302;05/06/2023;06:27:37;23.63;;;;3302;05/06/2023;06:27:26;23.61;;;;
3303;05/06/2023;06:25:57;23.55;;;;3303;05/06/2023;06:27:52;23.63;;;;3303;05/06/2023;06:27:41;23.62;;;;
3304;05/06/2023;06:26:12;23.55;;;;3304;05/06/2023;06:28:07;23.65;;;;3304;05/06/2023;06:27:56;23.6;;;;
3305;05/06/2023;06:26:27;23.55;;;;3305;05/06/2023;06:28:22;23.63;;;;3305;05/06/2023;06:28:11;23.63;;;;
3306;05/06/2023;06:26:42;23.55;;;;3306;05/06/2023;06:28:37;23.63;;;;3306;05/06/2023;06:28:26;23.61;;;;
3307;05/06/2023;06:26:57;23.54;;;;3307;05/06/2023;06:28:52;23.65;;;;3307;05/06/2023;06:28:41;23.61;;;;
3308;05/06/2023;06:27:12;23.55;;;;3308;05/06/2023;06:29:07;23.64;;;;3308;05/06/2023;06:28:56;23.62;;;;
3309;05/06/2023;06:27:27;23.57;;;;3309;05/06/2023;06:29:22;23.64;;;;3309;05/06/2023;06:29:11;23.61;;;;
3310;05/06/2023;06:27:42;23.53;;;;3310;05/06/2023;06:29:37;23.64;;;;3310;05/06/2023;06:29:26;23.6;;;;
3311;05/06/2023;06:27:57;23.53;;;;3311;05/06/2023;06:29:52;23.64;;;;3311;05/06/2023;06:29:41;23.59;;;;
3312;05/06/2023;06:28:12;23.56;;;;3312;05/06/2023;06:30:07;23.63;;;;3312;05/06/2023;06:29:56;23.62;;;;
3313;05/06/2023;06:28:27;23.55;;;;3313;05/06/2023;06:30:22;23.63;;;;3313;05/06/2023;06:30:11;23.61;;;;
3314;05/06/2023;06:28:42;23.55;;;;3314;05/06/2023;06:30:37;23.64;;;;3314;05/06/2023;06:30:26;23.6;;;;
3315;05/06/2023;06:28:57;23.54;;;;3315;05/06/2023;06:30:52;23.64;;;;3315;05/06/2023;06:30:41;23.62;;;;
3316;05/06/2023;06:29:12;23.55;;;;3316;05/06/2023;06:31:07;23.63;;;;3316;05/06/2023;06:30:56;23.61;;;;
3317;05/06/2023;06:29:27;23.57;;;;3317;05/06/2023;06:31:22;23.66;;;;3317;05/06/2023;06:31:11;23.6;;;;
3318;05/06/2023;06:29:42;23.55;;;;3318;05/06/2023;06:31:37;23.65;;;;3318;05/06/2023;06:31:26;23.6;;;;
3319;05/06/2023;06:29:57;23.55;;;;3319;05/06/2023;06:31:52;23.64;;;;3319;05/06/2023;06:31:41;23.63;;;;
3320;05/06/2023;06:30:12;23.55;;;;3320;05/06/2023;06:32:07;23.63;;;;3320;05/06/2023;06:31:56;23.61;Synchronized;;;
3321;05/06/2023;06:30:27;23.55;;;;3321;05/06/2023;06:32:22;23.6;;;;3321;05/06/2023;06:32:11;23.59;;;;
3322;05/06/2023;06:30:42;23.55;;;;3322;05/06/2023;06:32:37;23.64;;;;3322;05/06/2023;06:32:26;23.61;;;;
3323;05/06/2023;06:30:57;23.55;;;;3323;05/06/2023;06:32:52;23.65;;;;3323;05/06/2023;06:32:41;23.62;;;;
3324;05/06/2023;06:31:12;23.54;;;;3324;05/06/2023;06:33:07;23.64;;;;3324;05/06/2023;06:32:56;23.62;;;;
3325;05/06/2023;06:31:27;23.54;;;;3325;05/06/2023;06:33:22;23.63;;;;3325;05/06/2023;06:33:11;23.62;;;;
3326;05/06/2023;06:31:42;23.55;;;;3326;05/06/2023;06:33:37;23.64;;;;3326;05/06/2023;06:33:26;23.6;;;;
3327;05/06/2023;06:31:57;23.57;;;;3327;05/06/2023;06:33:52;23.66;;;;3327;05/06/2023;06:33:41;23.62;;;;
3328;05/06/2023;06:32:12;23.56;;;;3328;05/06/2023;06:34:07;23.63;;;;3328;05/06/2023;06:33:56;23.6;;;;
3329;05/06/2023;06:32:27;23.55;;;;3329;05/06/2023;06:34:22;23.63;;;;3329;05/06/2023;06:34:11;23.62;;;;
3330;05/06/2023;06:32:42;23.55;;;;3330;05/06/2023;06:34:37;23.63;;;;3330;05/06/2023;06:34:26;23.6;;;;
3331;05/06/2023;06:32:58;23.55;;;;3331;05/06/2023;06:34:52;23.63;;;;3331;05/06/2023;06:34:41;23.59;;;;
3332;05/06/2023;06:33:13;23.54;;;;3332;05/06/2023;06:35:07;23.63;;;;3332;05/06/2023;06:34:56;23.63;;;;
3333;05/06/2023;06:33:28;23.55;;;;3333;05/06/2023;06:35:22;23.64;;;;3333;05/06/2023;06:35:11;23.61;;;;
3334;05/06/2023;06:33:43;23.54;;;;3334;05/06/2023;06:35:37;23.64;;;;3334;05/06/2023;06:35:26;23.61;;;;
3335;05/06/2023;06:33:58;23.54;;;;3335;05/06/2023;06:35:52;23.63;;;;3335;05/06/2023;06:35:41;23.6;;;;
3336;05/06/2023;06:34:13;23.56;;;;3336;05/06/2023;06:36:07;23.63;;;;3336;05/06/2023;06:35:56;23.6;;;;
3337;05/06/2023;06:34:28;23.55;;;;3337;05/06/2023;06:36:22;23.64;;;;3337;05/06/2023;06:36:11;23.61;;;;
3338;05/06/2023;06:34:43;23.55;;;;3338;05/06/2023;06:36:37;23.63;;;;3338;05/06/2023;06:36:26;23.6;;;;
3339;05/06/2023;06:34:58;23.55;;;;3339;05/06/2023;06:36:52;23.63;Synchronized;;;3339;05/06/2023;06:36:41;23.63;;;;
3340;05/06/2023;06:35:13;23.55;;;;3340;05/06/2023;06:37:07;23.64;;;;3340;05/06/2023;06:36:56;23.61;;;;
3341;05/06/2023;06:35:28;23.52;;;;3341;05/06/2023;06:37:22;23.63;;;;3341;05/06/2023;06:37:11;23.59;;;;
3342;05/06/2023;06:35:43;23.55;;;;3342;05/06/2023;06:37:37;23.64;;;;3342;05/06/2023;06:37:26;23.59;;;;
3343;05/06/2023;06:35:58;23.55;;;;3343;05/06/2023;06:37:52;23.64;;;;3343;05/06/2023;06:37:41;23.61;;;;
3344;05/06/2023;06:36:13;23.55;;;;3344;05/06/2023;06:38:07;23.65;;;;3344;05/06/2023;06:37:56;23.62;;;;
3345;05/06/2023;06:36:28;23.56;;;;3345;05/06/2023;06:38:22;23.66;;;;3345;05/06/2023;06:38:11;23.61;;;;
3346;05/06/2023;06:36:43;23.55;;;;3346;05/06/2023;06:38:37;23.63;;;;3346;05/06/2023;06:38:26;23.58;;;;
3347;05/06/2023;06:36:58;23.54;;;;3347;05/06/2023;06:38:52;23.64;;;;3347;05/06/2023;06:38:41;23.59;;;;
3348;05/06/2023;06:37:13;23.54;;;;3348;05/06/2023;06:39:07;23.65;;;;3348;05/06/2023;06:38:56;23.61;;;;
3349;05/06/2023;06:37:28;23.53;;;;3349;05/06/2023;06:39:22;23.63;;;;3349;05/06/2023;06:39:11;23.6;;;;
3350;05/06/2023;06:37:43;23.55;;;;3350;05/06/2023;06:39:37;23.64;;;;3350;05/06/2023;06:39:26;23.6;;;;
3351;05/06/2023;06:37:58;23.55;;;;3351;05/06/2023;06:39:52;23.64;;;;3351;05/06/2023;06:39:41;23.6;;;;
3352;05/06/2023;06:38:13;23.56;;;;3352;05/06/2023;06:40:07;23.63;;;;3352;05/06/2023;06:39:56;23.59;;;;
3353;05/06/2023;06:38:28;23.55;;;;3353;05/06/2023;06:40:22;23.63;;;;3353;05/06/2023;06:40:11;23.59;;;;
3354;05/06/2023;06:38:43;23.54;;;;3354;05/06/2023;06:40:37;23.64;;;;3354;05/06/2023;06:40:26;23.61;;;;
3355;05/06/2023;06:38:58;23.55;;;;3355;05/06/2023;06:40:52;23.65;;;;3355;05/06/2023;06:40:41;23.6;;;;
3356;05/06/2023;06:39:13;23.54;;;;3356;05/06/2023;06:41:07;23.63;;;;3356;05/06/2023;06:40:56;23.61;;;;
3357;05/06/2023;06:39:28;23.55;;;;3357;05/06/2023;06:41:22;23.63;;;;3357;05/06/2023;06:41:11;23.59;;;;
3358;05/06/2023;06:39:43;23.55;;;;3358;05/06/2023;06:41:37;23.63;;;;3358;05/06/2023;06:41:26;23.59;;;;
3359;05/06/2023;06:39:58;23.55;;;;3359;05/06/2023;06:41:52;23.65;;;;3359;05/06/2023;06:41:41;23.61;;;;
3360;05/06/2023;06:40:13;23.53;;;;3360;05/06/2023;06:42:07;23.63;;;;3360;05/06/2023;06:41:56;23.59;;;;
3361;05/06/2023;06:40:28;23.53;;;;3361;05/06/2023;06:42:22;23.64;;;;3361;05/06/2023;06:42:11;23.59;;;;
3362;05/06/2023;06:40:43;23.54;;;;3362;05/06/2023;06:42:37;23.63;;;;3362;05/06/2023;06:42:26;23.58;;;;
3363;05/06/2023;06:40:58;23.55;;;;3363;05/06/2023;06:42:52;23.63;Synchronized;;;3363;05/06/2023;06:42:41;23.6;;;;
3364;05/06/2023;06:41:13;23.54;;;;3364;05/06/2023;06:43:07;23.63;;;;3364;05/06/2023;06:42:56;23.58;;;;
3365;05/06/2023;06:41:28;23.55;;;;3365;05/06/2023;06:43:22;23.63;;;;3365;05/06/2023;06:43:11;23.59;;;;
3366;05/06/2023;06:41:43;23.52;;;;3366;05/06/2023;06:43:37;23.64;;;;3366;05/06/2023;06:43:26;23.59;;;;
3367;05/06/2023;06:41:58;23.55;;;;3367;05/06/2023;06:43:52;23.64;;;;3367;05/06/2023;06:43:41;23.59;;;;
3368;05/06/2023;06:42:13;23.51;;;;3368;05/06/2023;06:44:07;23.61;;;;3368;05/06/2023;06:43:56;23.6;;;;
3369;05/06/2023;06:42:28;23.53;;;;3369;05/06/2023;06:44:23;23.61;;;;3369;05/06/2023;06:44:11;23.59;;;;
3370;05/06/2023;06:42:43;23.55;;;;3370;05/06/2023;06:44:38;23.63;;;;3370;05/06/2023;06:44:26;23.58;;;;
3371;05/06/2023;06:42:58;23.53;Synchronized;;;3371;05/06/2023;06:44:53;23.6;;;;3371;05/06/2023;06:44:41;23.59;;;;
3372;05/06/2023;06:43:13;23.53;;;;3372;05/06/2023;06:45:08;23.63;Synchronized;;;3372;05/06/2023;06:44:56;23.59;;;;
3373;05/06/2023;06:43:28;23.55;;;;3373;05/06/2023;06:45:23;23.61;;;;3373;05/06/2023;06:45:11;23.57;;;;
3374;05/06/2023;06:43:43;23.54;;;;3374;05/06/2023;06:45:38;23.6;;;;3374;05/06/2023;06:45:26;23.59;;;;
3375;05/06/2023;06:43:58;23.53;;;;3375;05/06/2023;06:45:53;23.63;;;;3375;05/06/2023;06:45:41;23.59;;;;
3376;05/06/2023;06:44:13;23.54;;;;3376;05/06/2023;06:46:08;23.63;;;;3376;05/06/2023;06:45:56;23.57;;;;
3377;05/06/2023;06:44:28;23.53;;;;3377;05/06/2023;06:46:23;23.6;;;;3377;05/06/2023;06:46:11;23.57;;;;
3378;05/06/2023;06:44:43;23.51;;;;3378;05/06/2023;06:46:38;23.63;;;;3378;05/06/2023;06:46:26;23.58;;;;
3379;05/06/2023;06:44:58;23.53;;;;3379;05/06/2023;06:46:53;23.59;;;;3379;05/06/2023;06:46:41;23.57;Synchronized;;;
3380;05/06/2023;06:45:13;23.53;;;;3380;05/06/2023;06:47:08;23.61;;;;3380;05/06/2023;06:46:56;23.57;;;;
3381;05/06/2023;06:45:28;23.5;;;;3381;05/06/2023;06:47:23;23.59;;;;3381;05/06/2023;06:47:11;23.59;;;;
3382;05/06/2023;06:45:43;23.53;;;;3382;05/06/2023;06:47:38;23.6;;;;3382;05/06/2023;06:47:26;23.57;;;;
3383;05/06/2023;06:45:58;23.53;;;;3383;05/06/2023;06:47:53;23.61;;;;3383;05/06/2023;06:47:41;23.59;;;;
3384;05/06/2023;06:46:13;23.54;;;;3384;05/06/2023;06:48:08;23.63;;;;3384;05/06/2023;06:47:56;23.58;;;;
3385;05/06/2023;06:46:28;23.52;;;;3385;05/06/2023;06:48:23;23.6;;;;3385;05/06/2023;06:48:11;23.58;;;;
3386;05/06/2023;06:46:43;23.52;;;;3386;05/06/2023;06:48:38;23.6;;;;3386;05/06/2023;06:48:26;23.57;;;;
3387;05/06/2023;06:46:58;23.51;;;;3387;05/06/2023;06:48:53;23.6;;;;3387;05/06/2023;06:48:41;23.56;;;;
3388;05/06/2023;06:47:13;23.51;;;;3388;05/06/2023;06:49:08;23.61;;;;3388;05/06/2023;06:48:56;23.58;;;;
3389;05/06/2023;06:47:28;23.5;;;;3389;05/06/2023;06:49:23;23.63;;;;3389;05/06/2023;06:49:11;23.56;;;;
3390;05/06/2023;06:47:43;23.51;;;;3390;05/06/2023;06:49:38;23.61;;;;3390;05/06/2023;06:49:26;23.57;;;;
3391;05/06/2023;06:47:58;23.52;;;;3391;05/06/2023;06:49:53;23.6;;;;3391;05/06/2023;06:49:41;23.56;;;;
3392;05/06/2023;06:48:13;23.52;;;;3392;05/06/2023;06:50:08;23.63;;;;3392;05/06/2023;06:49:56;23.56;;;;
3393;05/06/2023;06:48:28;23.51;;;;3393;05/06/2023;06:50:23;23.63;;;;3393;05/06/2023;06:50:11;23.56;;;;
3394;05/06/2023;06:48:43;23.51;;;;3394;05/06/2023;06:50:38;23.59;;;;3394;05/06/2023;06:50:26;23.57;;;;
3395;05/06/2023;06:48:58;23.48;;;;3395;05/06/2023;06:50:53;23.59;;;;3395;05/06/2023;06:50:41;23.57;;;;
3396;05/06/2023;06:49:13;23.49;;;;3396;05/06/2023;06:51:08;23.59;;;;3396;05/06/2023;06:50:56;23.56;;;;
3397;05/06/2023;06:49:28;23.51;;;;3397;05/06/2023;06:51:23;23.59;;;;3397;05/06/2023;06:51:11;23.58;;;;
3398;05/06/2023;06:49:43;23.53;;;;3398;05/06/2023;06:51:38;23.59;;;;3398;05/06/2023;06:51:26;23.57;;;;
3399;05/06/2023;06:49:58;23.51;;;;3399;05/06/2023;06:51:53;23.6;;;;3399;05/06/2023;06:51:41;23.57;;;;
3400;05/06/2023;06:50:13;23.49;;;;3400;05/06/2023;06:52:08;23.59;;;;3400;05/06/2023;06:51:56;23.58;;;;
3401;05/06/2023;06:50:28;23.5;;;;3401;05/06/2023;06:52:23;23.59;;;;3401;05/06/2023;06:52:11;23.56;;;;
3402;05/06/2023;06:50:43;23.51;;;;3402;05/06/2023;06:52:38;23.59;;;;3402;05/06/2023;06:52:26;23.57;;;;
3403;05/06/2023;06:50:58;23.49;;;;3403;05/06/2023;06:52:53;23.59;;;;3403;05/06/2023;06:52:41;23.57;;;;
3404;05/06/2023;06:51:13;23.49;;;;3404;05/06/2023;06:53:08;23.59;;;;3404;05/06/2023;06:52:56;23.57;;;;
3405;05/06/2023;06:51:28;23.5;;;;3405;05/06/2023;06:53:23;23.61;;;;3405;05/06/2023;06:53:11;23.55;;;;
3406;05/06/2023;06:51:43;23.51;;;;3406;05/06/2023;06:53:38;23.6;;;;3406;05/06/2023;06:53:26;23.57;;;;
3407;05/06/2023;06:51:58;23.51;;;;3407;05/06/2023;06:53:53;23.59;;;;3407;05/06/2023;06:53:41;23.56;;;;
3408;05/06/2023;06:52:13;23.5;;;;3408;05/06/2023;06:54:08;23.59;;;;3408;05/06/2023;06:53:56;23.57;;;;
3409;05/06/2023;06:52:28;23.48;;;;3409;05/06/2023;06:54:23;23.59;;;;3409;05/06/2023;06:54:11;23.56;;;;
3410;05/06/2023;06:52:43;23.5;;;;3410;05/06/2023;06:54:38;23.6;;;;3410;05/06/2023;06:54:26;23.58;;;;
3411;05/06/2023;06:52:58;23.51;;;;3411;05/06/2023;06:54:53;23.59;;;;3411;05/06/2023;06:54:41;23.57;;;;
3412;05/06/2023;06:53:13;23.51;;;;3412;05/06/2023;06:55:08;23.59;;;;3412;05/06/2023;06:54:56;23.55;;;;
3413;05/06/2023;06:53:28;23.48;;;;3413;05/06/2023;06:55:23;23.59;;;;3413;05/06/2023;06:55:11;23.56;;;;
3414;05/06/2023;06:53:43;23.5;;;;3414;05/06/2023;06:55:38;23.59;;;;3414;05/06/2023;06:55:26;23.56;Synchronized;;;
3415;05/06/2023;06:53:58;23.5;;;;3415;05/06/2023;06:55:53;23.6;;;;3415;05/06/2023;06:55:41;23.55;;;;
3416;05/06/2023;06:54:13;23.49;;;;3416;05/06/2023;06:56:08;23.61;;;;3416;05/06/2023;06:55:56;23.55;;;;
3417;05/06/2023;06:54:28;23.5;;;;3417;05/06/2023;06:56:23;23.6;;;;3417;05/06/2023;06:56:11;23.55;;;;
3418;05/06/2023;06:54:44;23.52;Synchronized;;;3418;05/06/2023;06:56:38;23.59;;;;3418;05/06/2023;06:56:26;23.54;;;;
3419;05/06/2023;06:54:59;23.49;;;;3419;05/06/2023;06:56:53;23.59;;;;3419;05/06/2023;06:56:41;23.57;;;;
3420;05/06/2023;06:55:14;23.48;;;;3420;05/06/2023;06:57:08;23.6;;;;3420;05/06/2023;06:56:56;23.55;;;;
3421;05/06/2023;06:55:29;23.48;;;;3421;05/06/2023;06:57:23;23.59;;;;3421;05/06/2023;06:57:11;23.54;;;;
3422;05/06/2023;06:55:44;23.49;;;;3422;05/06/2023;06:57:38;23.61;;;;3422;05/06/2023;06:57:26;23.55;;;;
3423;05/06/2023;06:55:59;23.49;Synchronized;;;3423;05/06/2023;06:57:53;23.59;;;;3423;05/06/2023;06:57:41;23.54;;;;
3424;05/06/2023;06:56:14;23.49;;;;3424;05/06/2023;06:58:08;23.6;;;;3424;05/06/2023;06:57:56;23.55;;;;
3425;05/06/2023;06:56:29;23.5;;;;3425;05/06/2023;06:58:23;23.59;;;;3425;05/06/2023;06:58:11;23.57;;;;
3426;05/06/2023;06:56:44;23.49;;;;3426;05/06/2023;06:58:38;23.6;;;;3426;05/06/2023;06:58:26;23.55;;;;
3427;05/06/2023;06:56:59;23.49;;;;3427;05/06/2023;06:58:53;23.59;;;;3427;05/06/2023;06:58:41;23.55;;;;
3428;05/06/2023;06:57:14;23.48;;;;3428;05/06/2023;06:59:08;23.59;;;;3428;05/06/2023;06:58:56;23.55;;;;
3429;05/06/2023;06:57:29;23.47;;;;3429;05/06/2023;06:59:23;23.6;;;;3429;05/06/2023;06:59:11;23.52;;;;
3430;05/06/2023;06:57:44;23.48;;;;3430;05/06/2023;06:59:38;23.58;;;;3430;05/06/2023;06:59:26;23.55;;;;
3431;05/06/2023;06:57:59;23.49;;;;3431;05/06/2023;06:59:53;23.58;;;;3431;05/06/2023;06:59:41;23.54;;;;
3432;05/06/2023;06:58:14;23.49;;;;3432;05/06/2023;07:00:08;23.59;;;;3432;05/06/2023;06:59:56;23.54;;;;
3433;05/06/2023;06:58:29;23.49;;;;3433;05/06/2023;07:00:23;23.59;;;;3433;05/06/2023;07:00:11;23.55;;;;
3434;05/06/2023;06:58:44;23.49;;;;3434;05/06/2023;07:00:38;23.58;;;;3434;05/06/2023;07:00:26;23.54;;;;
3435;05/06/2023;06:58:59;23.48;;;;3435;05/06/2023;07:00:53;23.59;;;;3435;05/06/2023;07:00:41;23.55;;;;
3436;05/06/2023;06:59:14;23.48;;;;3436;05/06/2023;07:01:08;23.59;;;;3436;05/06/2023;07:00:56;23.52;;;;
3437;05/06/2023;06:59:29;23.48;;;;3437;05/06/2023;07:01:23;23.59;;;;3437;05/06/2023;07:01:11;23.55;;;;
3438;05/06/2023;06:59:44;23.46;;;;3438;05/06/2023;07:01:38;23.59;;;;3438;05/06/2023;07:01:26;23.55;;;;
3439;05/06/2023;06:59:59;23.48;;;;3439;05/06/2023;07:01:53;23.58;Synchronized;;;3439;05/06/2023;07:01:41;23.54;;;;
3440;05/06/2023;07:00:14;23.48;;;;3440;05/06/2023;07:02:08;23.59;;;;3440;05/06/2023;07:01:56;23.54;;;;
3441;05/06/2023;07:00:29;23.49;;;;3441;05/06/2023;07:02:23;23.57;;;;3441;05/06/2023;07:02:11;23.54;;;;
3442;05/06/2023;07:00:44;23.48;;;;3442;05/06/2023;07:02:38;23.59;;;;3442;05/06/2023;07:02:26;23.53;;;;
3443;05/06/2023;07:00:59;23.49;;;;3443;05/06/2023;07:02:53;23.59;;;;3443;05/06/2023;07:02:41;23.55;;;;
3444;05/06/2023;07:01:14;23.47;;;;3444;05/06/2023;07:03:08;23.58;;;;3444;05/06/2023;07:02:56;23.54;;;;
3445;05/06/2023;07:01:29;23.48;;;;3445;05/06/2023;07:03:23;23.59;;;;3445;05/06/2023;07:03:11;23.53;;;;
3446;05/06/2023;07:01:44;23.47;;;;3446;05/06/2023;07:03:38;23.58;;;;3446;05/06/2023;07:03:26;23.55;;;;
3447;05/06/2023;07:01:59;23.47;;;;3447;05/06/2023;07:03:53;23.56;;;;3447;05/06/2023;07:03:41;23.55;;;;
3448;05/06/2023;07:02:14;23.48;;;;3448;05/06/2023;07:04:08;23.57;;;;3448;05/06/2023;07:03:56;23.53;;;;
3449;05/06/2023;07:02:29;23.48;;;;3449;05/06/2023;07:04:24;23.58;;;;3449;05/06/2023;07:04:11;23.56;;;;
3450;05/06/2023;07:02:44;23.47;;;;3450;05/06/2023;07:04:39;23.58;;;;3450;05/06/2023;07:04:26;23.53;;;;
3451;05/06/2023;07:02:59;23.49;;;;3451;05/06/2023;07:04:54;23.58;;;;3451;05/06/2023;07:04:41;23.54;;;;
3452;05/06/2023;07:03:14;23.48;;;;3452;05/06/2023;07:05:09;23.57;;;;3452;05/06/2023;07:04:56;23.54;;;;
3453;05/06/2023;07:03:29;23.47;;;;3453;05/06/2023;07:05:24;23.56;Synchronized;;;3453;05/06/2023;07:05:11;23.52;;;;
3454;05/06/2023;07:03:44;23.47;;;;3454;05/06/2023;07:05:39;23.59;;;;3454;05/06/2023;07:05:26;23.51;;;;
3455;05/06/2023;07:03:59;23.48;;;;3455;05/06/2023;07:05:54;23.58;;;;3455;05/06/2023;07:05:41;23.53;;;;
3456;05/06/2023;07:04:14;23.49;;;;3456;05/06/2023;07:06:09;23.57;;;;3456;05/06/2023;07:05:56;23.52;Synchronized;;;
3457;05/06/2023;07:04:29;23.47;;;;3457;05/06/2023;07:06:24;23.57;;;;3457;05/06/2023;07:06:11;23.52;;;;
3458;05/06/2023;07:04:44;23.48;;;;3458;05/06/2023;07:06:39;23.57;;;;3458;05/06/2023;07:06:26;23.53;;;;
3459;05/06/2023;07:04:59;23.47;;;;3459;05/06/2023;07:06:54;23.55;;;;3459;05/06/2023;07:06:41;23.53;;;;
3460;05/06/2023;07:05:14;23.48;;;;3460;05/06/2023;07:07:09;23.57;;;;3460;05/06/2023;07:06:56;23.54;;;;
3461;05/06/2023;07:05:29;23.48;;;;3461;05/06/2023;07:07:24;23.56;;;;3461;05/06/2023;07:07:11;23.53;;;;
3462;05/06/2023;07:05:44;23.46;Synchronized;;;3462;05/06/2023;07:07:39;23.56;;;;3462;05/06/2023;07:07:26;23.52;;;;
3463;05/06/2023;07:05:59;23.48;;;;3463;05/06/2023;07:07:54;23.56;;;;3463;05/06/2023;07:07:41;23.52;Synchronized;;;
3464;05/06/2023;07:06:14;23.46;;;;3464;05/06/2023;07:08:09;23.56;;;;3464;05/06/2023;07:07:56;23.51;;;;
3465;05/06/2023;07:06:29;23.48;;;;3465;05/06/2023;07:08:24;23.56;Synchronized;;;3465;05/06/2023;07:08:11;23.52;;;;
3466;05/06/2023;07:06:44;23.48;;;;3466;05/06/2023;07:08:39;23.56;;;;3466;05/06/2023;07:08:26;23.54;;;;
3467;05/06/2023;07:06:59;23.45;;;;3467;05/06/2023;07:08:54;23.56;;;;3467;05/06/2023;07:08:41;23.53;;;;
3468;05/06/2023;07:07:14;23.46;;;;3468;05/06/2023;07:09:09;23.58;;;;3468;05/06/2023;07:08:56;23.53;;;;
3469;05/06/2023;07:07:29;23.47;;;;3469;05/06/2023;07:09:24;23.56;;;;3469;05/06/2023;07:09:11;23.53;;;;
3470;05/06/2023;07:07:44;23.45;;;;3470;05/06/2023;07:09:39;23.57;;;;3470;05/06/2023;07:09:26;23.52;;;;
3471;05/06/2023;07:07:59;23.47;;;;3471;05/06/2023;07:09:54;23.57;;;;3471;05/06/2023;07:09:41;23.54;;;;
3472;05/06/2023;07:08:14;23.48;;;;3472;05/06/2023;07:10:09;23.58;;;;3472;05/06/2023;07:09:56;23.52;;;;
3473;05/06/2023;07:08:29;23.47;;;;3473;05/06/2023;07:10:24;23.57;;;;3473;05/06/2023;07:10:11;23.52;;;;
3474;05/06/2023;07:08:44;23.48;;;;3474;05/06/2023;07:10:39;23.56;;;;3474;05/06/2023;07:10:26;23.53;;;;
3475;05/06/2023;07:08:59;23.46;;;;3475;05/06/2023;07:10:54;23.57;;;;3475;05/06/2023;07:10:41;23.54;;;;
3476;05/06/2023;07:09:14;23.47;;;;3476;05/06/2023;07:11:09;23.57;;;;3476;05/06/2023;07:10:56;23.52;;;;
3477;05/06/2023;07:09:29;23.47;;;;3477;05/06/2023;07:11:24;23.57;;;;3477;05/06/2023;07:11:11;23.54;;;;
3478;05/06/2023;07:09:44;23.48;;;;3478;05/06/2023;07:11:39;23.58;;;;3478;05/06/2023;07:11:26;23.55;;;;
3479;05/06/2023;07:09:59;23.45;;;;3479;05/06/2023;07:11:54;23.57;;;;3479;05/06/2023;07:11:41;23.51;;;;
3480;05/06/2023;07:10:14;23.48;;;;3480;05/06/2023;07:12:09;23.57;;;;3480;05/06/2023;07:11:56;23.52;;;;
3481;05/06/2023;07:10:29;23.45;;;;3481;05/06/2023;07:12:24;23.56;;;;3481;05/06/2023;07:12:11;23.52;;;;
3482;05/06/2023;07:10:44;23.45;;;;3482;05/06/2023;07:12:39;23.55;;;;3482;05/06/2023;07:12:26;23.52;;;;
3483;05/06/2023;07:10:59;23.47;;;;3483;05/06/2023;07:12:54;23.57;;;;3483;05/06/2023;07:12:41;23.51;;;;
3484;05/06/2023;07:11:14;23.46;;;;3484;05/06/2023;07:13:09;23.56;;;;3484;05/06/2023;07:12:56;23.53;;;;
3485;05/06/2023;07:11:29;23.47;;;;3485;05/06/2023;07:13:24;23.59;;;;3485;05/06/2023;07:13:11;23.52;;;;
3486;05/06/2023;07:11:44;23.46;;;;3486;05/06/2023;07:13:39;23.56;;;;3486;05/06/2023;07:13:26;23.53;;;;
3487;05/06/2023;07:11:59;23.46;;;;3487;05/06/2023;07:13:54;23.54;;;;3487;05/06/2023;07:13:41;23.52;;;;
3488;05/06/2023;07:12:14;23.46;;;;3488;05/06/2023;07:14:09;23.55;;;;3488;05/06/2023;07:13:56;23.52;;;;
3489;05/06/2023;07:12:29;23.46;;;;3489;05/06/2023;07:14:24;23.56;;;;3489;05/06/2023;07:14:11;23.52;;;;
3490;05/06/2023;07:12:44;23.45;;;;3490;05/06/2023;07:14:39;23.56;;;;3490;05/06/2023;07:14:26;23.54;;;;
3491;05/06/2023;07:12:59;23.45;;;;3491;05/06/2023;07:14:54;23.56;;;;3491;05/06/2023;07:14:41;23.49;;;;
3492;05/06/2023;07:13:14;23.46;;;;3492;05/06/2023;07:15:09;23.55;;;;3492;05/06/2023;07:14:56;23.51;;;;
3493;05/06/2023;07:13:29;23.45;;;;3493;05/06/2023;07:15:24;23.56;;;;3493;05/06/2023;07:15:11;23.52;;;;
3494;05/06/2023;07:13:44;23.45;;;;3494;05/06/2023;07:15:39;23.55;;;;3494;05/06/2023;07:15:26;23.52;;;;
3495;05/06/2023;07:13:59;23.45;;;;3495;05/06/2023;07:15:54;23.55;;;;3495;05/06/2023;07:15:41;23.52;;;;
3496;05/06/2023;07:14:14;23.45;;;;3496;05/06/2023;07:16:09;23.56;;;;3496;05/06/2023;07:15:56;23.52;;;;
3497;05/06/2023;07:14:29;23.45;;;;3497;05/06/2023;07:16:24;23.55;;;;3497;05/06/2023;07:16:11;23.51;;;;
3498;05/06/2023;07:14:44;23.45;;;;3498;05/06/2023;07:16:39;23.55;;;;3498;05/06/2023;07:16:25;23.53;;;;
3499;05/06/2023;07:14:59;23.45;;;;3499;05/06/2023;07:16:54;23.55;;;;3499;05/06/2023;07:16:40;23.51;;;;
3500;05/06/2023;07:15:14;23.46;;;;3500;05/06/2023;07:17:09;23.54;;;;3500;05/06/2023;07:16:55;23.5;;;;
3501;05/06/2023;07:15:30;23.45;;;;3501;05/06/2023;07:17:24;23.55;;;;3501;05/06/2023;07:17:10;23.52;;;;
3502;05/06/2023;07:15:45;23.46;;;;3502;05/06/2023;07:17:39;23.55;;;;3502;05/06/2023;07:17:25;23.52;;;;
3503;05/06/2023;07:16:00;23.46;;;;3503;05/06/2023;07:17:54;23.55;;;;3503;05/06/2023;07:17:40;23.52;;;;
3504;05/06/2023;07:16:15;23.45;;;;3504;05/06/2023;07:18:09;23.55;;;;3504;05/06/2023;07:17:55;23.52;Synchronized;;;
3505;05/06/2023;07:16:30;23.46;;;;3505;05/06/2023;07:18:24;23.55;;;;3505;05/06/2023;07:18:10;23.51;;;;
3506;05/06/2023;07:16:45;23.46;;;;3506;05/06/2023;07:18:39;23.56;;;;3506;05/06/2023;07:18:25;23.52;;;;
3507;05/06/2023;07:17:00;23.45;;;;3507;05/06/2023;07:18:54;23.55;;;;3507;05/06/2023;07:18:40;23.52;;;;
3508;05/06/2023;07:17:15;23.46;;;;3508;05/06/2023;07:19:09;23.55;;;;3508;05/06/2023;07:18:55;23.51;;;;
3509;05/06/2023;07:17:30;23.45;;;;3509;05/06/2023;07:19:24;23.55;;;;3509;05/06/2023;07:19:10;23.52;;;;
3510;05/06/2023;07:17:45;23.45;;;;3510;05/06/2023;07:19:39;23.56;;;;3510;05/06/2023;07:19:25;23.52;;;;
3511;05/06/2023;07:18:00;23.46;;;;3511;05/06/2023;07:19:54;23.56;;;;3511;05/06/2023;07:19:40;23.52;;;;
3512;05/06/2023;07:18:15;23.45;;;;3512;05/06/2023;07:20:09;23.54;Synchronized;;;3512;05/06/2023;07:19:55;23.51;;;;
3513;05/06/2023;07:18:30;23.45;;;;3513;05/06/2023;07:20:24;23.55;;;;3513;05/06/2023;07:20:10;23.5;;;;
3514;05/06/2023;07:18:45;23.45;;;;3514;05/06/2023;07:20:39;23.55;;;;3514;05/06/2023;07:20:25;23.51;;;;
3515;05/06/2023;07:19:00;23.45;;;;3515;05/06/2023;07:20:54;23.54;;;;3515;05/06/2023;07:20:40;23.52;;;;
3516;05/06/2023;07:19:15;23.46;;;;3516;05/06/2023;07:21:09;23.54;;;;3516;05/06/2023;07:20:55;23.51;;;;
3517;05/06/2023;07:19:30;23.44;;;;3517;05/06/2023;07:21:24;23.53;;;;3517;05/06/2023;07:21:10;23.51;;;;
3518;05/06/2023;07:19:45;23.45;;;;3518;05/06/2023;07:21:39;23.55;;;;3518;05/06/2023;07:21:25;23.52;;;;
3519;05/06/2023;07:20:00;23.45;;;;3519;05/06/2023;07:21:54;23.54;;;;3519;05/06/2023;07:21:40;23.51;;;;
3520;05/06/2023;07:20:15;23.45;;;;3520;05/06/2023;07:22:09;23.55;;;;3520;05/06/2023;07:21:55;23.52;;;;
3521;05/06/2023;07:20:30;23.45;;;;3521;05/06/2023;07:22:24;23.53;;;;3521;05/06/2023;07:22:10;23.52;;;;
3522;05/06/2023;07:20:45;23.44;;;;3522;05/06/2023;07:22:39;23.53;;;;3522;05/06/2023;07:22:25;23.52;;;;
3523;05/06/2023;07:21:00;23.44;;;;3523;05/06/2023;07:22:54;23.54;;;;3523;05/06/2023;07:22:40;23.49;;;;
3524;05/06/2023;07:21:15;23.45;;;;3524;05/06/2023;07:23:09;23.54;;;;3524;05/06/2023;07:22:55;23.52;;;;
3525;05/06/2023;07:21:30;23.47;;;;3525;05/06/2023;07:23:24;23.55;;;;3525;05/06/2023;07:23:10;23.49;;;;
3526;05/06/2023;07:21:45;23.43;;;;3526;05/06/2023;07:23:39;23.55;;;;3526;05/06/2023;07:23:25;23.49;;;;
3527;05/06/2023;07:22:00;23.45;;;;3527;05/06/2023;07:23:54;23.53;;;;3527;05/06/2023;07:23:40;23.52;;;;
3528;05/06/2023;07:22:15;23.43;;;;3528;05/06/2023;07:24:09;23.55;Synchronized;;;3528;05/06/2023;07:23:55;23.5;;;;
3529;05/06/2023;07:22:30;23.44;;;;3529;05/06/2023;07:24:24;23.53;;;;3529;05/06/2023;07:24:10;23.5;;;;
3530;05/06/2023;07:22:45;23.44;;;;3530;05/06/2023;07:24:39;23.53;;;;3530;05/06/2023;07:24:25;23.51;;;;
3531;05/06/2023;07:23:00;23.44;;;;3531;05/06/2023;07:24:54;23.55;;;;3531;05/06/2023;07:24:40;23.5;;;;
3532;05/06/2023;07:23:15;23.44;;;;3532;05/06/2023;07:25:09;23.54;;;;3532;05/06/2023;07:24:55;23.5;;;;
3533;05/06/2023;07:23:30;23.44;;;;3533;05/06/2023;07:25:24;23.54;;;;3533;05/06/2023;07:25:10;23.49;;;;
3534;05/06/2023;07:23:45;23.44;;;;3534;05/06/2023;07:25:39;23.53;;;;3534;05/06/2023;07:25:25;23.52;;;;
3535;05/06/2023;07:24:00;23.45;Synchronized;;;3535;05/06/2023;07:25:54;23.53;;;;3535;05/06/2023;07:25:40;23.49;;;;
3536;05/06/2023;07:24:15;23.44;;;;3536;05/06/2023;07:26:09;23.54;;;;3536;05/06/2023;07:25:55;23.51;;;;
3537;05/06/2023;07:24:30;23.45;;;;3537;05/06/2023;07:26:24;23.54;;;;3537;05/06/2023;07:26:10;23.49;;;;
3538;05/06/2023;07:24:45;23.44;;;;3538;05/06/2023;07:26:40;23.54;;;;3538;05/06/2023;07:26:25;23.49;;;;
3539;05/06/2023;07:25:00;23.41;;;;3539;05/06/2023;07:26:55;23.52;;;;3539;05/06/2023;07:26:40;23.5;;;;
3540;05/06/2023;07:25:15;23.43;;;;3540;05/06/2023;07:27:10;23.54;;;;3540;05/06/2023;07:26:55;23.5;;;;
3541;05/06/2023;07:25:30;23.44;;;;3541;05/06/2023;07:27:25;23.53;;;;3541;05/06/2023;07:27:10;23.51;;;;
3542;05/06/2023;07:25:45;23.44;;;;3542;05/06/2023;07:27:40;23.54;;;;3542;05/06/2023;07:27:25;23.5;;;;
3543;05/06/2023;07:26:00;23.44;;;;3543;05/06/2023;07:27:55;23.52;;;;3543;05/06/2023;07:27:40;23.48;;;;
3544;05/06/2023;07:26:15;23.44;;;;3544;05/06/2023;07:28:10;23.52;;;;3544;05/06/2023;07:27:55;23.51;;;;
3545;05/06/2023;07:26:30;23.42;;;;3545;05/06/2023;07:28:25;23.52;;;;3545;05/06/2023;07:28:10;23.5;;;;
3546;05/06/2023;07:26:45;23.44;;;;3546;05/06/2023;07:28:40;23.54;;;;3546;05/06/2023;07:28:25;23.51;;;;
3547;05/06/2023;07:27:00;23.42;;;;3547;05/06/2023;07:28:55;23.52;;;;3547;05/06/2023;07:28:40;23.48;;;;
3548;05/06/2023;07:27:15;23.43;;;;3548;05/06/2023;07:29:10;23.54;;;;3548;05/06/2023;07:28:55;23.48;;;;
3549;05/06/2023;07:27:30;23.44;;;;3549;05/06/2023;07:29:25;23.54;;;;3549;05/06/2023;07:29:10;23.48;;;;
3550;05/06/2023;07:27:45;23.44;;;;3550;05/06/2023;07:29:40;23.52;;;;3550;05/06/2023;07:29:25;23.48;;;;
3551;05/06/2023;07:28:00;23.42;;;;3551;05/06/2023;07:29:55;23.52;;;;3551;05/06/2023;07:29:40;23.5;;;;
3552;05/06/2023;07:28:15;23.42;;;;3552;05/06/2023;07:30:10;23.48;;;;3552;05/06/2023;07:29:55;23.48;;;;
3553;05/06/2023;07:28:30;23.43;;;;3553;05/06/2023;07:30:25;23.52;;;;3553;05/06/2023;07:30:10;23.5;;;;
3554;05/06/2023;07:28:45;23.43;;;;3554;05/06/2023;07:30:40;23.52;;;;3554;05/06/2023;07:30:25;23.51;;;;
3555;05/06/2023;07:29:00;23.41;;;;3555;05/06/2023;07:30:55;23.52;;;;3555;05/06/2023;07:30:40;23.48;;;;
3556;05/06/2023;07:29:15;23.43;;;;3556;05/06/2023;07:31:10;23.49;;;;3556;05/06/2023;07:30:55;23.5;;;;
3557;05/06/2023;07:29:30;23.44;;;;3557;05/06/2023;07:31:25;23.51;;;;3557;05/06/2023;07:31:10;23.5;;;;
3558;05/06/2023;07:29:45;23.43;;;;3558;05/06/2023;07:31:40;23.52;;;;3558;05/06/2023;07:31:25;23.49;Synchronized;;;
3559;05/06/2023;07:30:00;23.42;;;;3559;05/06/2023;07:31:55;23.52;;;;3559;05/06/2023;07:31:40;23.49;;;;
3560;05/06/2023;07:30:15;23.42;;;;3560;05/06/2023;07:32:10;23.52;;;;3560;05/06/2023;07:31:55;23.5;;;;
3561;05/06/2023;07:30:30;23.44;;;;3561;05/06/2023;07:32:25;23.52;;;;3561;05/06/2023;07:32:10;23.49;;;;
3562;05/06/2023;07:30:45;23.42;;;;3562;05/06/2023;07:32:40;23.52;;;;3562;05/06/2023;07:32:25;23.49;;;;
3563;05/06/2023;07:31:00;23.43;;;;3563;05/06/2023;07:32:55;23.52;;;;3563;05/06/2023;07:32:40;23.48;;;;
3564;05/06/2023;07:31:15;23.42;;;;3564;05/06/2023;07:33:10;23.52;;;;3564;05/06/2023;07:32:55;23.49;;;;
3565;05/06/2023;07:31:30;23.44;;;;3565;05/06/2023;07:33:25;23.51;;;;3565;05/06/2023;07:33:10;23.49;;;;
3566;05/06/2023;07:31:45;23.44;;;;3566;05/06/2023;07:33:40;23.52;;;;3566;05/06/2023;07:33:25;23.48;;;;
3567;05/06/2023;07:32:00;23.42;;;;3567;05/06/2023;07:33:55;23.52;;;;3567;05/06/2023;07:33:40;23.51;;;;
3568;05/06/2023;07:32:16;23.42;;;;3568;05/06/2023;07:34:10;23.52;;;;3568;05/06/2023;07:33:55;23.51;;;;
3569;05/06/2023;07:32:31;23.41;;;;3569;05/06/2023;07:34:25;23.51;;;;3569;05/06/2023;07:34:10;23.49;;;;
3570;05/06/2023;07:32:46;23.42;;;;3570;05/06/2023;07:34:40;23.52;;;;3570;05/06/2023;07:34:25;23.49;;;;
3571;05/06/2023;07:33:01;23.42;;;;3571;05/06/2023;07:34:55;23.52;;;;3571;05/06/2023;07:34:40;23.5;;;;
3572;05/06/2023;07:33:16;23.42;;;;3572;05/06/2023;07:35:10;23.53;;;;3572;05/06/2023;07:34:55;23.48;;;;
3573;05/06/2023;07:33:31;23.42;;;;3573;05/06/2023;07:35:25;23.54;;;;3573;05/06/2023;07:35:10;23.48;;;;
3574;05/06/2023;07:33:46;23.42;;;;3574;05/06/2023;07:35:40;23.52;;;;3574;05/06/2023;07:35:25;23.49;;;;
3575;05/06/2023;07:34:01;23.41;;;;3575;05/06/2023;07:35:55;23.52;;;;3575;05/06/2023;07:35:40;23.46;;;;
3576;05/06/2023;07:34:16;23.42;;;;3576;05/06/2023;07:36:10;23.52;;;;3576;05/06/2023;07:35:55;23.48;;;;
3577;05/06/2023;07:34:31;23.43;;;;3577;05/06/2023;07:36:25;23.51;;;;3577;05/06/2023;07:36:10;23.48;;;;
3578;05/06/2023;07:34:46;23.42;;;;3578;05/06/2023;07:36:40;23.49;;;;3578;05/06/2023;07:36:25;23.49;;;;
3579;05/06/2023;07:35:01;23.43;;;;3579;05/06/2023;07:36:55;23.49;;;;3579;05/06/2023;07:36:40;23.49;;;;
3580;05/06/2023;07:35:16;23.42;;;;3580;05/06/2023;07:37:10;23.51;;;;3580;05/06/2023;07:36:55;23.47;;;;
3581;05/06/2023;07:35:31;23.41;;;;3581;05/06/2023;07:37:25;23.52;;;;3581;05/06/2023;07:37:10;23.49;;;;
3582;05/06/2023;07:35:46;23.41;;;;3582;05/06/2023;07:37:40;23.51;;;;3582;05/06/2023;07:37:25;23.49;;;;
3583;05/06/2023;07:36:01;23.41;;;;3583;05/06/2023;07:37:55;23.49;;;;3583;05/06/2023;07:37:40;23.48;;;;
3584;05/06/2023;07:36:16;23.42;;;;3584;05/06/2023;07:38:10;23.52;;;;3584;05/06/2023;07:37:55;23.48;;;;
3585;05/06/2023;07:36:31;23.41;;;;3585;05/06/2023;07:38:25;23.53;;;;3585;05/06/2023;07:38:10;23.48;;;;
3586;05/06/2023;07:36:46;23.43;;;;3586;05/06/2023;07:38:40;23.51;;;;3586;05/06/2023;07:38:25;23.5;;;;
3587;05/06/2023;07:37:01;23.42;;;;3587;05/06/2023;07:38:55;23.53;;;;3587;05/06/2023;07:38:40;23.49;;;;
3588;05/06/2023;07:37:16;23.42;;;;3588;05/06/2023;07:39:10;23.52;;;;3588;05/06/2023;07:38:55;23.48;;;;
3589;05/06/2023;07:37:31;23.42;;;;3589;05/06/2023;07:39:25;23.51;;;;3589;05/06/2023;07:39:10;23.48;;;;
3590;05/06/2023;07:37:46;23.42;;;;3590;05/06/2023;07:39:40;23.52;;;;3590;05/06/2023;07:39:25;23.48;;;;
3591;05/06/2023;07:38:01;23.39;;;;3591;05/06/2023;07:39:55;23.52;;;;3591;05/06/2023;07:39:40;23.48;;;;
3592;05/06/2023;07:38:16;23.43;;;;3592;05/06/2023;07:40:10;23.52;;;;3592;05/06/2023;07:39:55;23.48;;;;
3593;05/06/2023;07:38:31;23.42;;;;3593;05/06/2023;07:40:25;23.52;;;;3593;05/06/2023;07:40:10;23.48;;;;
3594;05/06/2023;07:38:46;23.41;;;;3594;05/06/2023;07:40:40;23.52;;;;3594;05/06/2023;07:40:25;23.49;;;;
3595;05/06/2023;07:39:01;23.42;;;;3595;05/06/2023;07:40:55;23.52;;;;3595;05/06/2023;07:40:40;23.48;;;;
3596;05/06/2023;07:39:16;23.41;;;;3596;05/06/2023;07:41:10;23.52;;;;3596;05/06/2023;07:40:55;23.49;;;;
3597;05/06/2023;07:39:31;23.43;;;;3597;05/06/2023;07:41:25;23.51;;;;3597;05/06/2023;07:41:10;23.49;;;;
3598;05/06/2023;07:39:46;23.41;;;;3598;05/06/2023;07:41:40;23.48;;;;3598;05/06/2023;07:41:25;23.47;;;;
3599;05/06/2023;07:40:01;23.41;;;;3599;05/06/2023;07:41:55;23.51;;;;3599;05/06/2023;07:41:40;23.48;;;;
3600;05/06/2023;07:40:16;23.41;;;;3600;05/06/2023;07:42:10;23.52;;;;3600;05/06/2023;07:41:55;23.49;;;;
3601;05/06/2023;07:40:31;23.42;;;;3601;05/06/2023;07:42:25;23.49;;;;3601;05/06/2023;07:42:10;23.49;;;;
3602;05/06/2023;07:40:46;23.41;;;;3602;05/06/2023;07:42:40;23.53;;;;3602;05/06/2023;07:42:25;23.48;;;;
3603;05/06/2023;07:41:01;23.42;;;;3603;05/06/2023;07:42:55;23.52;;;;3603;05/06/2023;07:42:40;23.48;;;;
3604;05/06/2023;07:41:16;23.41;;;;3604;05/06/2023;07:43:10;23.49;;;;3604;05/06/2023;07:42:55;23.48;;;;
3605;05/06/2023;07:41:31;23.41;;;;3605;05/06/2023;07:43:25;23.49;;;;3605;05/06/2023;07:43:10;23.48;;;;
3606;05/06/2023;07:41:46;23.43;;;;3606;05/06/2023;07:43:40;23.52;;;;3606;05/06/2023;07:43:25;23.48;;;;
3607;05/06/2023;07:42:01;23.39;;;;3607;05/06/2023;07:43:55;23.48;;;;3607;05/06/2023;07:43:40;23.48;;;;
3608;05/06/2023;07:42:16;23.41;;;;3608;05/06/2023;07:44:10;23.52;;;;3608;05/06/2023;07:43:55;23.48;;;;
3609;05/06/2023;07:42:31;23.41;;;;3609;05/06/2023;07:44:25;23.51;;;;3609;05/06/2023;07:44:10;23.48;;;;
3610;05/06/2023;07:42:46;23.41;;;;3610;05/06/2023;07:44:40;23.51;;;;3610;05/06/2023;07:44:25;23.49;;;;
3611;05/06/2023;07:43:01;23.41;;;;3611;05/06/2023;07:44:55;23.51;;;;3611;05/06/2023;07:44:40;23.51;;;;
3612;05/06/2023;07:43:16;23.41;;;;3612;05/06/2023;07:45:10;23.48;;;;3612;05/06/2023;07:44:55;23.48;;;;
3613;05/06/2023;07:43:31;23.42;;;;3613;05/06/2023;07:45:25;23.52;;;;3613;05/06/2023;07:45:10;23.48;;;;
3614;05/06/2023;07:43:46;23.41;;;;3614;05/06/2023;07:45:40;23.52;;;;3614;05/06/2023;07:45:25;23.48;;;;
3615;05/06/2023;07:44:01;23.41;;;;3615;05/06/2023;07:45:56;23.51;;;;3615;05/06/2023;07:45:40;23.51;;;;
3616;05/06/2023;07:44:16;23.42;;;;3616;05/06/2023;07:46:11;23.49;;;;3616;05/06/2023;07:45:55;23.51;;;;
3617;05/06/2023;07:44:31;23.43;;;;3617;05/06/2023;07:46:26;23.52;;;;3617;05/06/2023;07:46:10;23.48;;;;
3618;05/06/2023;07:44:46;23.41;;;;3618;05/06/2023;07:46:41;23.51;;;;3618;05/06/2023;07:46:25;23.5;;;;
3619;05/06/2023;07:45:01;23.42;;;;3619;05/06/2023;07:46:56;23.51;;;;3619;05/06/2023;07:46:40;23.5;;;;
3620;05/06/2023;07:45:16;23.41;;;;3620;05/06/2023;07:47:11;23.49;;;;3620;05/06/2023;07:46:55;23.49;;;;
3621;05/06/2023;07:45:31;23.41;;;;3621;05/06/2023;07:47:26;23.52;;;;3621;05/06/2023;07:47:10;23.49;;;;
3622;05/06/2023;07:45:46;23.42;;;;3622;05/06/2023;07:47:41;23.53;;;;3622;05/06/2023;07:47:25;23.48;;;;
3623;05/06/2023;07:46:01;23.42;;;;3623;05/06/2023;07:47:56;23.52;;;;3623;05/06/2023;07:47:40;23.49;;;;
3624;05/06/2023;07:46:16;23.43;;;;3624;05/06/2023;07:48:11;23.52;;;;3624;05/06/2023;07:47:55;23.48;;;;
3625;05/06/2023;07:46:31;23.42;;;;3625;05/06/2023;07:48:26;23.48;;;;3625;05/06/2023;07:48:10;23.49;;;;
3626;05/06/2023;07:46:46;23.42;;;;3626;05/06/2023;07:48:41;23.51;;;;3626;05/06/2023;07:48:25;23.49;;;;
3627;05/06/2023;07:47:01;23.42;;;;3627;05/06/2023;07:48:56;23.49;;;;3627;05/06/2023;07:48:40;23.49;;;;
3628;05/06/2023;07:47:16;23.43;;;;3628;05/06/2023;07:49:11;23.52;;;;3628;05/06/2023;07:48:55;23.49;;;;
3629;05/06/2023;07:47:31;23.44;;;;3629;05/06/2023;07:49:26;23.52;;;;3629;05/06/2023;07:49:10;23.5;;;;
3630;05/06/2023;07:47:46;23.44;;;;3630;05/06/2023;07:49:41;23.52;;;;3630;05/06/2023;07:49:25;23.49;;;;
3631;05/06/2023;07:48:01;23.42;;;;3631;05/06/2023;07:49:56;23.51;;;;3631;05/06/2023;07:49:40;23.5;;;;
3632;05/06/2023;07:48:16;23.42;;;;3632;05/06/2023;07:50:11;23.52;;;;3632;05/06/2023;07:49:55;23.49;;;;
3633;05/06/2023;07:48:31;23.44;;;;3633;05/06/2023;07:50:26;23.51;;;;3633;05/06/2023;07:50:10;23.48;;;;
3634;05/06/2023;07:48:46;23.42;;;;3634;05/06/2023;07:50:41;23.51;;;;3634;05/06/2023;07:50:25;23.49;;;;
3635;05/06/2023;07:49:01;23.43;;;;3635;05/06/2023;07:50:56;23.49;;;;3635;05/06/2023;07:50:40;23.47;;;;
3636;05/06/2023;07:49:16;23.44;;;;3636;05/06/2023;07:51:11;23.52;;;;3636;05/06/2023;07:50:55;23.48;;;;
3637;05/06/2023;07:49:31;23.41;;;;3637;05/06/2023;07:51:26;23.49;;;;3637;05/06/2023;07:51:10;23.49;;;;
3638;05/06/2023;07:49:47;23.44;;;;3638;05/06/2023;07:51:41;23.52;;;;3638;05/06/2023;07:51:25;23.49;;;;
3639;05/06/2023;07:50:02;23.43;;;;3639;05/06/2023;07:51:56;23.53;;;;3639;05/06/2023;07:51:40;23.48;;;;
3640;05/06/2023;07:50:17;23.43;;;;3640;05/06/2023;07:52:11;23.55;;;;3640;05/06/2023;07:51:55;23.49;;;;
3641;05/06/2023;07:50:32;23.45;;;;3641;05/06/2023;07:52:26;23.54;;;;3641;05/06/2023;07:52:10;23.52;;;;
3642;05/06/2023;07:50:47;23.44;;;;3642;05/06/2023;07:52:41;23.57;;;;3642;05/06/2023;07:52:25;23.55;;;;
3643;05/06/2023;07:51:02;23.44;;;;3643;05/06/2023;07:52:56;23.59;;;;3643;05/06/2023;07:52:40;23.54;;;;
3644;05/06/2023;07:51:17;23.44;;;;3644;05/06/2023;07:53:11;23.58;;;;3644;05/06/2023;07:52:55;23.55;;;;
3645;05/06/2023;07:51:32;23.45;;;;3645;05/06/2023;07:53:26;23.59;;;;3645;05/06/2023;07:53:10;23.57;;;;
3646;05/06/2023;07:51:47;23.45;;;;3646;05/06/2023;07:53:41;23.98;;;;3646;05/06/2023;07:53:25;23.58;;;;
3647;05/06/2023;07:52:02;23.47;;;;3647;05/06/2023;07:53:56;24.47;;;;3647;05/06/2023;07:53:40;23.82;;;;
3648;05/06/2023;07:52:17;23.48;;;;3648;05/06/2023;07:54:11;24.73;Synchronized;;;3648;05/06/2023;07:53:55;24.17;Synchronized;;;
3649;05/06/2023;07:52:32;23.5;;;;3649;05/06/2023;07:54:26;24.98;Synchronized;;;3649;05/06/2023;07:54:10;24.58;Synchronized;;;
3650;05/06/2023;07:52:47;23.48;;;;3650;05/06/2023;07:54:41;25.59;Synchronized;;;3650;05/06/2023;07:54:25;24.96;Synchronized;;;
3651;05/06/2023;07:53:02;23.49;;;;3651;05/06/2023;07:54:56;25.81;Synchronized;;;3651;05/06/2023;07:54:40;25.36;Synchronized;;;
3652;05/06/2023;07:53:17;23.5;;;;3652;05/06/2023;07:55:11;25.81;Synchronized;;;3652;05/06/2023;07:54:55;25.64;Synchronized;;;
3653;05/06/2023;07:53:32;23.53;;;;3653;05/06/2023;07:55:26;25.78;Synchronized;;;3653;05/06/2023;07:55:10;25.69;Synchronized;;;
3654;05/06/2023;07:53:47;23.69;Synchronized;;;3654;05/06/2023;07:55:41;25.74;Synchronized;;;3654;05/06/2023;07:55:25;25.66;Synchronized;;;
3655;05/06/2023;07:54:02;23.87;;;;3655;05/06/2023;07:55:56;25.66;Synchronized;;;3655;05/06/2023;07:55:40;25.6;Synchronized;;;
3656;05/06/2023;07:54:17;24.09;Synchronized;;;3656;05/06/2023;07:56:11;25.63;Synchronized;;;3656;05/06/2023;07:55:55;25.57;Synchronized;;;
3657;05/06/2023;07:54:32;24.32;Synchronized;;;3657;05/06/2023;07:56:26;25.55;Synchronized;;;3657;05/06/2023;07:56:10;25.54;Synchronized;;;
3658;05/06/2023;07:54:47;24.68;Synchronized;;;3658;05/06/2023;07:56:41;25.52;Synchronized;;;3658;05/06/2023;07:56:25;25.48;Synchronized;;;
3659;05/06/2023;07:55:02;24.73;Synchronized;;;3659;05/06/2023;07:56:56;25.46;Synchronized;;;3659;05/06/2023;07:56:40;25.45;Synchronized;;;
3660;05/06/2023;07:55:17;24.77;Synchronized;;;3660;05/06/2023;07:57:12;25.41;Synchronized;;;3660;05/06/2023;07:56:55;25.39;Synchronized;;;
3661;05/06/2023;07:55:32;24.73;Synchronized;;;3661;05/06/2023;07:57:27;25.35;Synchronized;;;3661;05/06/2023;07:57:10;25.37;Synchronized;;;
3662;05/06/2023;07:55:47;24.73;Synchronized;;;3662;05/06/2023;07:57:42;25.34;Synchronized;;;3662;05/06/2023;07:57:25;25.33;Synchronized;;;
3663;05/06/2023;07:56:02;24.72;Synchronized;;;3663;05/06/2023;07:57:57;25.29;Synchronized;;;3663;05/06/2023;07:57:40;25.3;Synchronized;;;
3664;05/06/2023;07:56:17;24.7;Synchronized;;;3664;05/06/2023;07:58:12;25.23;Synchronized;;;3664;05/06/2023;07:57:55;25.23;Synchronized;;;
3665;05/06/2023;07:56:32;24.7;Synchronized;;;3665;05/06/2023;07:58:27;25.2;Synchronized;;;3665;05/06/2023;07:58:10;25.22;Synchronized;;;
3666;05/06/2023;07:56:47;24.68;Synchronized;;;3666;05/06/2023;07:58:42;25.15;Synchronized;;;3666;05/06/2023;07:58:25;25.2;Synchronized;;;
3667;05/06/2023;07:57:02;24.66;Synchronized;;;3667;05/06/2023;07:58:57;25.15;Synchronized;;;3667;05/06/2023;07:58:40;25.15;Synchronized;;;
3668;05/06/2023;07:57:17;24.66;Synchronized;;;3668;05/06/2023;07:59:12;25.1;Synchronized;;;3668;05/06/2023;07:58:55;25.12;Synchronized;;;
3669;05/06/2023;07:57:32;24.65;Synchronized;;;3669;05/06/2023;07:59:27;25.08;Synchronized;;;3669;05/06/2023;07:59:10;25.09;Synchronized;;;
3670;05/06/2023;07:57:47;24.64;Synchronized;;;3670;05/06/2023;07:59:42;25.06;Synchronized;;;3670;05/06/2023;07:59:25;25.09;Synchronized;;;
3671;05/06/2023;07:58:02;24.64;Synchronized;;;3671;05/06/2023;07:59:57;24.98;Synchronized;;;3671;05/06/2023;07:59:40;25.05;Synchronized;;;
3672;05/06/2023;07:58:17;24.6;Synchronized;;;3672;05/06/2023;08:00:12;24.99;Synchronized;;;3672;05/06/2023;07:59:55;25.05;Synchronized;;;
3673;05/06/2023;07:58:32;24.58;Synchronized;;;3673;05/06/2023;08:00:27;24.95;Synchronized;;;3673;05/06/2023;08:00:10;25.02;Synchronized;;;
3674;05/06/2023;07:58:47;24.58;Synchronized;;;3674;05/06/2023;08:00:42;24.94;Synchronized;;;3674;05/06/2023;08:00:25;25;Synchronized;;;
3675;05/06/2023;07:59:02;24.58;Synchronized;;;3675;05/06/2023;08:00:57;24.92;Synchronized;;;3675;05/06/2023;08:00:40;24.98;Synchronized;;;
3676;05/06/2023;07:59:17;24.58;Synchronized;;;3676;05/06/2023;08:01:12;24.88;Synchronized;;;3676;05/06/2023;08:00:55;24.95;Synchronized;;;
3677;05/06/2023;07:59:32;24.57;Synchronized;;;3677;05/06/2023;08:01:27;24.88;Synchronized;;;3677;05/06/2023;08:01:10;24.94;Synchronized;;;
3678;05/06/2023;07:59:47;24.57;Synchronized;;;3678;05/06/2023;08:01:42;24.86;Synchronized;;;3678;05/06/2023;08:01:25;24.91;Synchronized;;;
3679;05/06/2023;08:00:02;24.55;Synchronized;;;3679;05/06/2023;08:01:57;24.82;Synchronized;;;3679;05/06/2023;08:01:40;24.88;Synchronized;;;
3680;05/06/2023;08:00:17;24.53;Synchronized;;;3680;05/06/2023;08:02:12;24.81;Synchronized;;;3680;05/06/2023;08:01:55;24.88;Synchronized;;;
3681;05/06/2023;08:00:32;24.52;Synchronized;;;3681;05/06/2023;08:02:27;24.78;Synchronized;;;3681;05/06/2023;08:02:10;24.85;Synchronized;;;
3682;05/06/2023;08:00:47;24.5;Synchronized;;;3682;05/06/2023;08:02:42;24.79;Synchronized;;;3682;05/06/2023;08:02:25;24.84;Synchronized;;;
3683;05/06/2023;08:01:02;24.5;Synchronized;;;3683;05/06/2023;08:02:57;24.76;Synchronized;;;3683;05/06/2023;08:02:40;24.83;Synchronized;;;
3684;05/06/2023;08:01:17;24.5;Synchronized;;;3684;05/06/2023;08:03:13;24.74;Synchronized;;;3684;05/06/2023;08:02:55;24.82;Synchronized;;;
3685;05/06/2023;08:01:32;24.49;Synchronized;;;3685;05/06/2023;08:03:28;24.74;Synchronized;;;3685;05/06/2023;08:03:10;24.8;Synchronized;;;
3686;05/06/2023;08:01:47;24.48;Synchronized;;;3686;05/06/2023;08:03:43;24.71;Synchronized;;;3686;05/06/2023;08:03:25;24.79;Synchronized;;;
3687;05/06/2023;08:02:02;24.48;Synchronized;;;3687;05/06/2023;08:03:58;24.7;Synchronized;;;3687;05/06/2023;08:03:40;24.74;Synchronized;;;
3688;05/06/2023;08:02:17;24.48;Synchronized;;;3688;05/06/2023;08:04:13;24.7;Synchronized;;;3688;05/06/2023;08:03:55;24.75;Synchronized;;;
3689;05/06/2023;08:02:32;24.47;Synchronized;;;3689;05/06/2023;08:04:28;24.66;Synchronized;;;3689;05/06/2023;08:04:10;24.72;Synchronized;;;
3690;05/06/2023;08:02:47;24.47;Synchronized;;;3690;05/06/2023;08:04:43;24.67;Synchronized;;;3690;05/06/2023;08:04:25;24.72;Synchronized;;;
3691;05/06/2023;08:03:02;24.47;Synchronized;;;3691;05/06/2023;08:04:58;24.66;Synchronized;;;3691;05/06/2023;08:04:40;24.7;Synchronized;;;
3692;05/06/2023;08:03:17;24.45;Synchronized;;;3692;05/06/2023;08:05:13;24.65;Synchronized;;;3692;05/06/2023;08:04:55;24.7;Synchronized;;;
3693;05/06/2023;08:03:32;24.45;Synchronized;;;3693;05/06/2023;08:05:28;24.65;Synchronized;;;3693;05/06/2023;08:05:10;24.7;Synchronized;;;
3694;05/06/2023;08:03:47;24.45;Synchronized;;;3694;05/06/2023;08:05:43;24.63;Synchronized;;;3694;05/06/2023;08:05:25;24.68;Synchronized;;;
3695;05/06/2023;08:04:02;24.41;Synchronized;;;3695;05/06/2023;08:05:58;24.63;Synchronized;;;3695;05/06/2023;08:05:40;24.68;Synchronized;;;
3696;05/06/2023;08:04:17;24.43;Synchronized;;;3696;05/06/2023;08:06:13;24.63;Synchronized;;;3696;05/06/2023;08:05:55;24.66;Synchronized;;;
3697;05/06/2023;08:04:32;24.41;Synchronized;;;3697;05/06/2023;08:06:28;24.61;Synchronized;;;3697;05/06/2023;08:06:10;24.66;Synchronized;;;
3698;05/06/2023;08:04:47;24.4;Synchronized;;;3698;05/06/2023;08:06:43;24.58;Synchronized;;;3698;05/06/2023;08:06:25;24.63;Synchronized;;;
3699;05/06/2023;08:05:02;24.39;Synchronized;;;3699;05/06/2023;08:06:58;24.58;Synchronized;;;3699;05/06/2023;08:06:40;24.62;Synchronized;;;
3700;05/06/2023;08:05:17;24.41;Synchronized;;;3700;05/06/2023;08:07:13;24.59;Synchronized;;;3700;05/06/2023;08:06:55;24.63;Synchronized;;;
3701;05/06/2023;08:05:32;24.39;Synchronized;;;3701;05/06/2023;08:07:28;24.6;Synchronized;;;3701;05/06/2023;08:07:10;24.59;Synchronized;;;
3702;05/06/2023;08:05:47;24.41;Synchronized;;;3702;05/06/2023;08:07:43;24.57;Synchronized;;;3702;05/06/2023;08:07:25;24.63;Synchronized;;;
3703;05/06/2023;08:06:02;24.4;Synchronized;;;3703;05/06/2023;08:07:58;24.57;Synchronized;;;3703;05/06/2023;08:07:40;24.6;Synchronized;;;
3704;05/06/2023;08:06:17;24.39;Synchronized;;;3704;05/06/2023;08:08:13;24.59;Synchronized;;;3704;05/06/2023;08:07:55;24.59;Synchronized;;;
3705;05/06/2023;08:06:32;24.39;Synchronized;;;3705;05/06/2023;08:08:28;24.55;Synchronized;;;3705;05/06/2023;08:08:10;24.59;Synchronized;;;
3706;05/06/2023;08:06:47;24.37;Synchronized;;;3706;05/06/2023;08:08:43;24.6;Synchronized;;;3706;05/06/2023;08:08:25;24.6;Synchronized;;;
3707;05/06/2023;08:07:03;24.36;Synchronized;;;3707;05/06/2023;08:08:58;24.57;Synchronized;;;3707;05/06/2023;08:08:40;24.59;Synchronized;;;
3708;05/06/2023;08:07:18;24.36;Synchronized;;;3708;05/06/2023;08:09:13;24.58;Synchronized;;;3708;05/06/2023;08:08:55;24.61;Synchronized;;;
3709;05/06/2023;08:07:33;24.37;Synchronized;;;3709;05/06/2023;08:09:29;24.58;Synchronized;;;3709;05/06/2023;08:09:10;24.62;Synchronized;;;
3710;05/06/2023;08:07:48;24.36;Synchronized;;;3710;05/06/2023;08:09:44;24.59;Synchronized;;;3710;05/06/2023;08:09:24;24.61;Synchronized;;;
3711;05/06/2023;08:08:03;24.36;Synchronized;;;3711;05/06/2023;08:09:59;24.6;Synchronized;;;3711;05/06/2023;08:09:39;24.63;Synchronized;;;
3712;05/06/2023;08:08:18;24.37;Synchronized;;;3712;05/06/2023;08:10:14;24.57;Synchronized;;;3712;05/06/2023;08:09:54;24.63;Synchronized;;;
3713;05/06/2023;08:08:33;24.38;Synchronized;;;3713;05/06/2023;08:10:29;24.57;Synchronized;;;3713;05/06/2023;08:10:09;24.62;Synchronized;;;
3714;05/06/2023;08:08:48;24.37;Synchronized;;;3714;05/06/2023;08:10:44;24.59;Synchronized;;;3714;05/06/2023;08:10:24;24.63;Synchronized;;;
3715;05/06/2023;08:09:03;24.39;Synchronized;;;3715;05/06/2023;08:10:59;24.57;Synchronized;;;3715;05/06/2023;08:10:39;24.63;Synchronized;;;
3716;05/06/2023;08:09:18;24.41;Synchronized;;;3716;05/06/2023;08:11:14;24.57;Synchronized;;;3716;05/06/2023;08:10:54;24.63;Synchronized;;;
3717;05/06/2023;08:09:33;24.41;Synchronized;;;3717;05/06/2023;08:11:29;24.58;Synchronized;;;3717;05/06/2023;08:11:09;24.61;Synchronized;;;
3718;05/06/2023;08:09:48;24.41;Synchronized;;;3718;05/06/2023;08:11:44;24.55;Synchronized;;;3718;05/06/2023;08:11:24;24.63;Synchronized;;;
3719;05/06/2023;08:10:03;24.42;Synchronized;;;3719;05/06/2023;08:11:59;24.57;Synchronized;;;3719;05/06/2023;08:11:39;24.62;Synchronized;;;
3720;05/06/2023;08:10:18;24.42;Synchronized;;;3720;05/06/2023;08:12:14;24.61;Synchronized;;;3720;05/06/2023;08:11:54;24.63;Synchronized;;;
3721;05/06/2023;08:10:33;24.41;Synchronized;;;3721;05/06/2023;08:12:29;24.59;Synchronized;;;3721;05/06/2023;08:12:09;24.63;Synchronized;;;
3722;05/06/2023;08:10:48;24.4;Synchronized;;;3722;05/06/2023;08:12:44;24.61;Synchronized;;;3722;05/06/2023;08:12:24;24.63;Synchronized;;;
3723;05/06/2023;08:11:03;24.41;Synchronized;;;3723;05/06/2023;08:12:59;24.61;Synchronized;;;3723;05/06/2023;08:12:39;24.64;Synchronized;;;
3724;05/06/2023;08:11:18;24.39;Synchronized;;;3724;05/06/2023;08:13:14;24.61;Synchronized;;;3724;05/06/2023;08:12:54;24.64;Synchronized;;;
3725;05/06/2023;08:11:33;24.41;Synchronized;;;3725;05/06/2023;08:13:29;24.61;Synchronized;;;3725;05/06/2023;08:13:09;24.66;Synchronized;;;
3726;05/06/2023;08:11:48;24.41;Synchronized;;;3726;05/06/2023;08:13:44;24.63;Synchronized;;;3726;05/06/2023;08:13:24;24.69;Synchronized;;;
3727;05/06/2023;08:12:03;24.43;Synchronized;;;3727;05/06/2023;08:13:59;24.63;Synchronized;;;3727;05/06/2023;08:13:39;24.66;Synchronized;;;
3728;05/06/2023;08:12:18;24.43;Synchronized;;;3728;05/06/2023;08:14:14;24.64;Synchronized;;;3728;05/06/2023;08:13:54;24.67;Synchronized;;;
3729;05/06/2023;08:12:33;24.45;Synchronized;;;3729;05/06/2023;08:14:29;24.64;Synchronized;;;3729;05/06/2023;08:14:09;24.66;Synchronized;;;
3730;05/06/2023;08:12:48;24.47;Synchronized;;;3730;05/06/2023;08:14:44;24.64;Synchronized;;;3730;05/06/2023;08:14:24;24.69;Synchronized;;;
3731;05/06/2023;08:13:03;24.48;Synchronized;;;3731;05/06/2023;08:14:59;24.63;Synchronized;;;3731;05/06/2023;08:14:39;24.68;Synchronized;;;
3732;05/06/2023;08:13:18;24.48;Synchronized;;;3732;05/06/2023;08:15:14;24.63;Synchronized;;;3732;05/06/2023;08:14:54;24.68;Synchronized;;;
3733;05/06/2023;08:13:33;24.48;Synchronized;;;3733;05/06/2023;08:15:29;24.64;Synchronized;;;3733;05/06/2023;08:15:09;24.68;Synchronized;;;
3734;05/06/2023;08:13:48;24.48;Synchronized;;;3734;05/06/2023;08:15:45;24.63;Synchronized;;;3734;05/06/2023;08:15:24;24.66;Synchronized;;;
3735;05/06/2023;08:14:03;24.49;Synchronized;;;3735;05/06/2023;08:16:00;24.63;Synchronized;;;3735;05/06/2023;08:15:39;24.67;Synchronized;;;
3736;05/06/2023;08:14:18;24.47;Synchronized;;;3736;05/06/2023;08:16:15;24.63;Synchronized;;;3736;05/06/2023;08:15:54;24.66;Synchronized;;;
3737;05/06/2023;08:14:33;24.49;Synchronized;;;3737;05/06/2023;08:16:30;24.63;Synchronized;;;3737;05/06/2023;08:16:09;24.66;Synchronized;;;
3738;05/06/2023;08:14:48;24.49;Synchronized;;;3738;05/06/2023;08:16:45;24.62;Synchronized;;;3738;05/06/2023;08:16:24;24.67;Synchronized;;;
3739;05/06/2023;08:15:03;24.49;Synchronized;;;3739;05/06/2023;08:17:00;24.63;Synchronized;;;3739;05/06/2023;08:16:39;24.67;Synchronized;;;
3740;05/06/2023;08:15:18;24.5;Synchronized;;;3740;05/06/2023;08:17:15;24.63;Synchronized;;;3740;05/06/2023;08:16:54;24.66;Synchronized;;;
3741;05/06/2023;08:15:33;24.52;Synchronized;;;3741;05/06/2023;08:17:30;24.63;Synchronized;;;3741;05/06/2023;08:17:09;24.66;Synchronized;;;
3742;05/06/2023;08:15:48;24.52;Synchronized;;;3742;05/06/2023;08:17:45;24.63;Synchronized;;;3742;05/06/2023;08:17:24;24.63;Synchronized;;;
3743;05/06/2023;08:16:03;24.49;Synchronized;;;3743;05/06/2023;08:18:00;24.66;Synchronized;;;3743;05/06/2023;08:17:39;24.68;Synchronized;;;
3744;05/06/2023;08:16:18;24.48;Synchronized;;;3744;05/06/2023;08:18:15;24.66;Synchronized;;;3744;05/06/2023;08:17:54;24.7;Synchronized;;;
3745;05/06/2023;08:16:33;24.47;Synchronized;;;3745;05/06/2023;08:18:30;24.66;Synchronized;;;3745;05/06/2023;08:18:09;24.69;Synchronized;;;
3746;05/06/2023;08:16:48;24.48;Synchronized;;;3746;05/06/2023;08:18:45;24.66;Synchronized;;;3746;05/06/2023;08:18:24;24.69;Synchronized;;;
3747;05/06/2023;08:17:03;24.5;Synchronized;;;3747;05/06/2023;08:19:00;24.65;Synchronized;;;3747;05/06/2023;08:18:39;24.66;Synchronized;;;
3748;05/06/2023;08:17:18;24.49;Synchronized;;;3748;05/06/2023;08:19:15;24.67;Synchronized;;;3748;05/06/2023;08:18:54;24.68;Synchronized;;;
3749;05/06/2023;08:17:33;24.49;Synchronized;;;3749;05/06/2023;08:19:30;24.66;Synchronized;;;3749;05/06/2023;08:19:09;24.68;Synchronized;;;
3750;05/06/2023;08:17:48;24.5;Synchronized;;;3750;05/06/2023;08:19:45;24.66;Synchronized;;;3750;05/06/2023;08:19:24;24.7;Synchronized;;;
3751;05/06/2023;08:18:03;24.53;Synchronized;;;3751;05/06/2023;08:20:00;24.67;Synchronized;;;3751;05/06/2023;08:19:39;24.7;Synchronized;;;
3752;05/06/2023;08:18:18;24.52;Synchronized;;;3752;05/06/2023;08:20:15;24.66;Synchronized;;;3752;05/06/2023;08:19:54;24.67;Synchronized;;;
3753;05/06/2023;08:18:33;24.54;Synchronized;;;3753;05/06/2023;08:20:30;24.66;Synchronized;;;3753;05/06/2023;08:20:09;24.71;Synchronized;;;
3754;05/06/2023;08:18:48;24.53;Synchronized;;;3754;05/06/2023;08:20:45;24.66;Synchronized;;;3754;05/06/2023;08:20:24;24.71;Synchronized;;;
3755;05/06/2023;08:19:03;24.54;Synchronized;;;3755;05/06/2023;08:21:00;24.65;Synchronized;;;3755;05/06/2023;08:20:39;24.7;Synchronized;;;
3756;05/06/2023;08:19:18;24.55;Synchronized;;;3756;05/06/2023;08:21:15;24.66;Synchronized;;;3756;05/06/2023;08:20:54;24.7;Synchronized;;;
3757;05/06/2023;08:19:33;24.56;Synchronized;;;3757;05/06/2023;08:21:30;24.66;Synchronized;;;3757;05/06/2023;08:21:09;24.71;Synchronized;;;
3758;05/06/2023;08:19:48;24.53;Synchronized;;;3758;05/06/2023;08:21:46;24.66;Synchronized;;;3758;05/06/2023;08:21:24;24.72;Synchronized;;;
3759;05/06/2023;08:20:03;24.56;;;;3759;05/06/2023;08:22:01;24.64;Synchronized;;;3759;05/06/2023;08:21:39;24.71;Synchronized;;;
3760;05/06/2023;08:20:18;24.55;Synchronized;;;3760;05/06/2023;08:22:16;24.65;Synchronized;;;3760;05/06/2023;08:21:54;24.72;Synchronized;;;
3761;05/06/2023;08:20:33;24.55;Synchronized;;;3761;05/06/2023;08:22:31;24.66;Synchronized;;;3761;05/06/2023;08:22:09;24.73;Synchronized;;;
3762;05/06/2023;08:20:48;24.54;Synchronized;;;3762;05/06/2023;08:22:46;24.65;Synchronized;;;3762;05/06/2023;08:22:24;;Missing data;;;
3763;05/06/2023;08:21:03;24.55;Synchronized;;;3763;05/06/2023;08:23:01;24.64;Synchronized;;;3763;05/06/2023;08:22:39;;Missing data;;;
3764;05/06/2023;08:21:18;24.55;Synchronized;;;3764;05/06/2023;08:23:16;24.63;Synchronized;;;3764;05/06/2023;08:22:54;;Missing data;;;
3765;05/06/2023;08:21:33;24.53;Synchronized;;;3765;05/06/2023;08:23:31;24.63;Synchronized;;;3765;05/06/2023;08:23:09;;Missing data;;;
3766;05/06/2023;08:21:48;24.55;Synchronized;;;3766;05/06/2023;08:23:46;24.64;Synchronized;;;3766;05/06/2023;08:23:24;;Missing data;;;
3767;05/06/2023;08:22:03;24.54;Synchronized;;;3767;05/06/2023;08:24:01;24.63;Synchronized;;;3767;05/06/2023;08:23:39;;Missing data;;;
3768;05/06/2023;08:22:18;24.55;Synchronized;;;3768;05/06/2023;08:24:16;24.61;Synchronized;;;3768;05/06/2023;08:23:54;;Missing data;;;
3769;05/06/2023;08:22:33;24.55;Synchronized;;;3769;05/06/2023;08:24:31;24.61;Synchronized;;;3769;05/06/2023;08:24:09;;Missing data;;;
3770;05/06/2023;08:22:48;24.54;Synchronized;;;3770;05/06/2023;08:24:46;24.6;;;;3770;05/06/2023;08:24:24;;Missing data;;;
3771;05/06/2023;08:23:03;24.55;Synchronized;;;3771;05/06/2023;08:25:01;24.61;;;;3771;05/06/2023;08:24:39;;Missing data;;;
3772;05/06/2023;08:23:18;24.52;Synchronized;;;3772;05/06/2023;08:25:16;24.64;;;;3772;05/06/2023;08:24:54;24.67;;;;
3773;05/06/2023;08:23:33;24.52;Synchronized;;;3773;05/06/2023;08:25:31;24.63;;;;3773;05/06/2023;08:25:09;24.69;;;;
3774;05/06/2023;08:23:48;24.48;Synchronized;;;3774;05/06/2023;08:25:46;24.63;;;;3774;05/06/2023;08:25:24;24.67;;;;
3775;05/06/2023;08:24:03;24.48;Synchronized;;;3775;05/06/2023;08:26:01;24.68;;;;3775;05/06/2023;08:25:39;24.69;;;;
3776;05/06/2023;08:24:18;24.47;Synchronized;;;3776;05/06/2023;08:26:16;24.66;;;;3776;05/06/2023;08:25:54;24.68;;;;
3777;05/06/2023;08:24:33;24.46;Synchronized;;;3777;05/06/2023;08:26:31;24.67;;;;3777;05/06/2023;08:26:09;24.7;;;;
3778;05/06/2023;08:24:48;24.47;;;;3778;05/06/2023;08:26:47;24.66;;;;3778;05/06/2023;08:26:24;24.68;;;;
3779;05/06/2023;08:25:03;24.46;;;;3779;05/06/2023;08:27:02;24.65;;;;3779;05/06/2023;08:26:39;24.66;;;;
3780;05/06/2023;08:25:18;24.47;;;;3780;05/06/2023;08:27:17;24.65;;;;3780;05/06/2023;08:26:54;24.68;;;;
3781;05/06/2023;08:25:33;24.48;;;;3781;05/06/2023;08:27:32;24.66;;;;3781;05/06/2023;08:27:09;24.7;;;;
3782;05/06/2023;08:25:48;24.48;;;;3782;05/06/2023;08:27:47;24.66;;;;3782;05/06/2023;08:27:24;24.69;;;;
3783;05/06/2023;08:26:03;24.52;;;;3783;05/06/2023;08:28:02;24.66;;;;3783;05/06/2023;08:27:39;24.67;;;;
3784;05/06/2023;08:26:18;24.53;;;;3784;05/06/2023;08:28:17;24.66;;;;3784;05/06/2023;08:27:54;24.7;;;;
3785;05/06/2023;08:26:33;24.5;;;;3785;05/06/2023;08:28:32;24.66;;;;3785;05/06/2023;08:28:09;24.7;;;;
3786;05/06/2023;08:26:49;24.53;;;;3786;05/06/2023;08:28:47;24.65;;;;3786;05/06/2023;08:28:24;24.68;;;;
3787;05/06/2023;08:27:04;24.52;;;;3787;05/06/2023;08:29:02;24.65;;;;3787;05/06/2023;08:28:39;24.69;;;;
3788;05/06/2023;08:27:19;24.52;;;;3788;05/06/2023;08:29:17;24.65;;;;3788;05/06/2023;08:28:54;24.69;;;;
3789;05/06/2023;08:27:34;24.52;;;;3789;05/06/2023;08:29:32;24.64;;;;3789;05/06/2023;08:29:09;24.67;;;;
3790;05/06/2023;08:27:49;24.52;;;;3790;05/06/2023;08:29:47;24.63;;;;3790;05/06/2023;08:29:24;24.7;;;;
3791;05/06/2023;08:28:04;24.5;;;;3791;05/06/2023;08:30:02;24.62;;;;3791;05/06/2023;08:29:39;24.7;;;;
3792;05/06/2023;08:28:19;24.55;;;;3792;05/06/2023;08:30:17;24.63;;;;3792;05/06/2023;08:29:54;24.7;;;;
3793;05/06/2023;08:28:34;24.52;;;;3793;05/06/2023;08:30:32;24.64;;;;3793;05/06/2023;08:30:09;24.68;;;;
3794;05/06/2023;08:28:49;24.53;;;;3794;05/06/2023;08:30:47;24.63;;;;3794;05/06/2023;08:30:24;24.7;;;;
3795;05/06/2023;08:29:04;24.54;;;;3795;05/06/2023;08:31:02;24.61;;;;3795;05/06/2023;08:30:39;24.67;;;;
3796;05/06/2023;08:29:19;24.52;;;;3796;05/06/2023;08:31:17;24.63;;;;3796;05/06/2023;08:30:54;24.7;;;;
3797;05/06/2023;08:29:34;24.52;;;;3797;05/06/2023;08:31:32;24.62;;;;3797;05/06/2023;08:31:09;24.69;;;;
3798;05/06/2023;08:29:49;24.5;;;;3798;05/06/2023;08:31:47;24.63;;;;3798;05/06/2023;08:31:23;24.7;;;;
3799;05/06/2023;08:30:04;24.5;;;;3799;05/06/2023;08:32:03;24.62;;;;3799;05/06/2023;08:31:38;24.7;;;;
3800;05/06/2023;08:30:19;24.5;;;;3800;05/06/2023;08:32:18;24.63;;;;3800;05/06/2023;08:31:53;24.7;;;;
3801;05/06/2023;08:30:34;24.5;;;;3801;05/06/2023;08:32:33;24.63;;;;3801;05/06/2023;08:32:08;24.7;;;;
3802;05/06/2023;08:30:49;24.49;;;;3802;05/06/2023;08:32:48;24.64;;;;3802;05/06/2023;08:32:23;24.72;;;;
3803;05/06/2023;08:31:04;24.52;;;;3803;05/06/2023;08:33:03;24.63;;;;3803;05/06/2023;08:32:38;24.72;;;;
3804;05/06/2023;08:31:19;24.52;;;;3804;05/06/2023;08:33:18;24.61;;;;3804;05/06/2023;08:32:53;24.71;;;;
3805;05/06/2023;08:31:34;24.49;;;;3805;05/06/2023;08:33:33;24.62;;;;3805;05/06/2023;08:33:08;24.73;;;;
3806;05/06/2023;08:31:49;24.52;;;;3806;05/06/2023;08:33:48;24.59;;;;3806;05/06/2023;08:33:23;24.73;;;;
3807;05/06/2023;08:32:04;24.5;;;;3807;05/06/2023;08:34:03;24.63;;;;3807;05/06/2023;08:33:38;24.71;;;;
3808;05/06/2023;08:32:19;24.52;;;;3808;05/06/2023;08:34:18;24.62;;;;3808;05/06/2023;08:33:53;;Missing data;;;
3809;05/06/2023;08:32:34;;Missing data;;;3809;05/06/2023;08:34:33;24.63;;;;3809;05/06/2023;08:34:08;24.72;;;;
3810;05/06/2023;08:32:49;24.49;;;;3810;05/06/2023;08:34:48;24.61;;;;3810;05/06/2023;08:34:23;24.73;;;;
3811;05/06/2023;08:33:04;24.5;;;;3811;05/06/2023;08:35:03;24.61;;;;3811;05/06/2023;08:34:38;24.71;;;;
3812;05/06/2023;08:33:19;24.52;;;;3812;05/06/2023;08:35:18;24.59;;;;3812;05/06/2023;08:34:53;24.69;;;;
3813;05/06/2023;08:33:34;24.52;;;;3813;05/06/2023;08:35:33;24.59;;;;3813;05/06/2023;08:35:08;24.72;;;;
3814;05/06/2023;08:33:49;24.48;;;;3814;05/06/2023;08:35:48;24.57;;;;3814;05/06/2023;08:35:23;24.7;;;;
3815;05/06/2023;08:34:04;24.49;;;;3815;05/06/2023;08:36:03;24.58;;;;3815;05/06/2023;08:35:38;24.7;;;;
3816;05/06/2023;08:34:19;24.49;;;;3816;05/06/2023;08:36:18;24.58;;;;3816;05/06/2023;08:35:53;24.7;;;;
3817;05/06/2023;08:34:34;24.49;;;;3817;05/06/2023;08:36:33;24.57;;;;3817;05/06/2023;08:36:08;24.71;;;;
3818;05/06/2023;08:34:49;;Missing data;;;3818;05/06/2023;08:36:48;24.57;;;;3818;05/06/2023;08:36:23;24.71;;;;
3819;05/06/2023;08:35:04;24.48;;;;3819;05/06/2023;08:37:03;24.57;;;;3819;05/06/2023;08:36:38;24.71;;;;
3820;05/06/2023;08:35:19;24.47;;;;3820;05/06/2023;08:37:18;24.56;;;;3820;05/06/2023;08:36:53;24.71;;;;
3821;05/06/2023;08:35:34;24.47;;;;3821;05/06/2023;08:37:33;24.57;;;;3821;05/06/2023;08:37:08;24.7;;;;
3822;05/06/2023;08:35:49;24.47;;;;3822;05/06/2023;08:37:49;24.57;;;;3822;05/06/2023;08:37:23;24.69;;;;
3823;05/06/2023;08:36:04;24.46;;;;3823;05/06/2023;08:38:04;24.58;;;;3823;05/06/2023;08:37:38;24.7;;;;
3824;05/06/2023;08:36:19;24.47;;;;3824;05/06/2023;08:38:19;24.6;;;;3824;05/06/2023;08:37:53;24.71;;;;
3825;05/06/2023;08:36:34;24.45;;;;3825;05/06/2023;08:38:34;24.59;;;;3825;05/06/2023;08:38:08;24.73;;;;
3826;05/06/2023;08:36:49;24.45;;;;3826;05/06/2023;08:38:49;24.6;;;;3826;05/06/2023;08:38:23;24.72;;;;
3827;05/06/2023;08:37:04;24.42;;;;3827;05/06/2023;08:39:04;24.6;;;;3827;05/06/2023;08:38:38;24.74;;;;
3828;05/06/2023;08:37:19;24.43;;;;3828;05/06/2023;08:39:19;24.59;;;;3828;05/06/2023;08:38:53;24.72;;;;
3829;05/06/2023;08:37:34;24.46;;;;3829;05/06/2023;08:39:34;24.6;;;;3829;05/06/2023;08:39:08;24.73;;;;
3830;05/06/2023;08:37:49;24.45;;;;3830;05/06/2023;08:39:49;24.62;;;;3830;05/06/2023;08:39:23;24.73;;;;
3831;05/06/2023;08:38:04;24.47;;;;3831;05/06/2023;08:40:04;24.6;;;;3831;05/06/2023;08:39:38;24.73;;;;
3832;05/06/2023;08:38:19;24.48;;;;3832;05/06/2023;08:40:19;24.61;;;;3832;05/06/2023;08:39:53;;Missing data;;;
3833;05/06/2023;08:38:34;24.48;;;;3833;05/06/2023;08:40:34;24.62;;;;3833;05/06/2023;08:40:08;24.75;;;;
3834;05/06/2023;08:38:49;24.49;;;;3834;05/06/2023;08:40:49;24.61;;;;3834;05/06/2023;08:40:23;24.75;;;;
3835;05/06/2023;08:39:04;24.5;;;;3835;05/06/2023;08:41:04;24.62;;;;3835;05/06/2023;08:40:38;24.74;;;;
3836;05/06/2023;08:39:19;24.52;;;;3836;05/06/2023;08:41:19;24.61;;;;3836;05/06/2023;08:40:53;24.76;;;;
3837;05/06/2023;08:39:34;24.5;;;;3837;05/06/2023;08:41:34;24.6;;;;3837;05/06/2023;08:41:08;24.74;;;;
3838;05/06/2023;08:39:49;24.49;;;;3838;05/06/2023;08:41:49;24.63;;;;3838;05/06/2023;08:41:23;24.73;;;;
3839;05/06/2023;08:40:04;24.49;;;;3839;05/06/2023;08:42:04;24.63;;;;3839;05/06/2023;08:41:38;24.74;;;;
3840;05/06/2023;08:40:19;24.49;;;;3840;05/06/2023;08:42:19;24.64;Synchronized;;;3840;05/06/2023;08:41:53;24.73;;;;
3841;05/06/2023;08:40:34;24.48;;;;3841;05/06/2023;08:42:34;24.7;;;;3841;05/06/2023;08:42:08;24.74;;;;
3842;05/06/2023;08:40:49;24.5;;;;3842;05/06/2023;08:42:50;26.11;;;;3842;05/06/2023;08:42:23;24.79;;;;
3843;05/06/2023;08:41:04;24.49;;;;3843;05/06/2023;08:43:05;30.73;;;;3843;05/06/2023;08:42:38;24.79;;;;
3844;05/06/2023;08:41:19;24.48;;;;3844;05/06/2023;08:43:20;33.31;;;;3844;05/06/2023;08:42:53;24.81;;;;
3845;05/06/2023;08:41:34;24.5;;;;3845;05/06/2023;08:43:35;34.69;;;;3845;05/06/2023;08:43:08;24.85;;;;
3846;05/06/2023;08:41:49;24.5;;;;3846;05/06/2023;08:43:50;35.55;Synchronized;;;3846;05/06/2023;08:43:23;24.86;;;;
3847;05/06/2023;08:42:04;24.52;;;;3847;05/06/2023;08:44:05;36.06;Synchronized;;;3847;05/06/2023;08:43:38;24.86;;;;
3848;05/06/2023;08:42:19;;Missing data;;;3848;05/06/2023;08:44:20;36.41;Synchronized;;;3848;05/06/2023;08:43:53;24.87;;;;
3849;05/06/2023;08:42:34;;Missing data;;;3849;05/06/2023;08:44:35;36.67;Synchronized;;;3849;05/06/2023;08:44:08;24.91;;;;
3850;05/06/2023;08:42:49;24.56;;;;3850;05/06/2023;08:44:50;36.84;Synchronized;;;3850;05/06/2023;08:44:23;24.91;;;;
3851;05/06/2023;08:43:04;24.58;;;;3851;05/06/2023;08:45:05;36.98;Synchronized;;;3851;05/06/2023;08:44:38;24.9;;;;
3852;05/06/2023;08:43:20;24.62;;;;3852;05/06/2023;08:45:20;37.09;Synchronized;;;3852;05/06/2023;08:44:53;24.92;;;;
3853;05/06/2023;08:43:35;24.61;;;;3853;05/06/2023;08:45:35;37.17;Synchronized;;;3853;05/06/2023;08:45:08;24.93;;;;
3854;05/06/2023;08:43:50;24.65;;;;3854;05/06/2023;08:45:50;37.29;Synchronized;;;3854;05/06/2023;08:45:23;24.94;;;;
3855;05/06/2023;08:44:05;24.66;;;;3855;05/06/2023;08:46:05;37.34;Synchronized;;;3855;05/06/2023;08:45:38;24.95;;;;
3856;05/06/2023;08:44:20;24.67;;;;3856;05/06/2023;08:46:20;37.4;Synchronized;;;3856;05/06/2023;08:45:53;24.95;;;;
3857;05/06/2023;08:44:35;24.67;;;;3857;05/06/2023;08:46:35;37.4;Synchronized;;;3857;05/06/2023;08:46:08;24.98;;;;
3858;05/06/2023;08:44:50;;Missing data;;;3858;05/06/2023;08:46:50;37.4;Synchronized;;;3858;05/06/2023;08:46:23;24.98;;;;
3859;05/06/2023;08:45:05;24.7;;;;3859;05/06/2023;08:47:05;37.39;Synchronized;;;3859;05/06/2023;08:46:38;24.98;;;;
3860;05/06/2023;08:45:20;24.68;;;;3860;05/06/2023;08:47:20;37.38;Synchronized;;;3860;05/06/2023;08:46:53;25;;;;
3861;05/06/2023;08:45:35;24.71;;;;3861;05/06/2023;08:47:35;37.38;Synchronized;;;3861;05/06/2023;08:47:08;25.03;;;;
3862;05/06/2023;08:45:50;24.71;;;;3862;05/06/2023;08:47:50;37.38;Synchronized;;;3862;05/06/2023;08:47:23;25.03;;;;
3863;05/06/2023;08:46:05;24.71;;;;3863;05/06/2023;08:48:05;37.38;Synchronized;;;3863;05/06/2023;08:47:38;25.04;;;;
3864;05/06/2023;08:46:20;24.71;;;;3864;05/06/2023;08:48:20;37.38;Synchronized;;;3864;05/06/2023;08:47:53;25.07;;;;
3865;05/06/2023;08:46:35;;Missing data;;;3865;05/06/2023;08:48:35;37.35;Synchronized;;;3865;05/06/2023;08:48:08;25.05;;;;
3866;05/06/2023;08:46:50;24.74;;;;3866;05/06/2023;08:48:50;37.34;Synchronized;;;3866;05/06/2023;08:48:23;25.05;;;;
3867;05/06/2023;08:47:05;24.78;;;;3867;05/06/2023;08:49:05;37.32;Synchronized;;;3867;05/06/2023;08:48:38;25.06;;;;
3868;05/06/2023;08:47:20;24.75;;;;3868;05/06/2023;08:49:20;37.3;Synchronized;;;3868;05/06/2023;08:48:53;25.07;;;;
3869;05/06/2023;08:47:35;24.73;;;;3869;05/06/2023;08:49:35;37.29;Synchronized;;;3869;05/06/2023;08:49:08;25.05;;;;
3870;05/06/2023;08:47:50;24.73;;;;3870;05/06/2023;08:49:50;37.28;Synchronized;;;3870;05/06/2023;08:49:23;25.05;;;;
3871;05/06/2023;08:48:05;24.73;;;;3871;05/06/2023;08:50:05;37.27;Synchronized;;;3871;05/06/2023;08:49:38;25.08;;;;
3872;05/06/2023;08:48:20;24.73;;;;3872;05/06/2023;08:50:20;37.23;Synchronized;;;3872;05/06/2023;08:49:52;25.06;;;;
3873;05/06/2023;08:48:35;24.73;;;;3873;05/06/2023;08:50:35;37.22;Synchronized;;;3873;05/06/2023;08:50:07;25.06;;;;
3874;05/06/2023;08:48:50;24.7;;;;3874;05/06/2023;08:50:49;37.23;Synchronized;;;3874;05/06/2023;08:50:22;;Missing data;;;
3875;05/06/2023;08:49:05;24.73;;;;3875;05/06/2023;08:51:04;37.21;Synchronized;;;3875;05/06/2023;08:50:37;25.07;;;;
3876;05/06/2023;08:49:21;24.71;;;;3876;05/06/2023;08:51:19;37.21;Synchronized;;;3876;05/06/2023;08:50:52;25.09;;;;
3877;05/06/2023;08:49:36;24.7;;;;3877;05/06/2023;08:51:34;37.2;Synchronized;;;3877;05/06/2023;08:51:07;25.09;;;;
3878;05/06/2023;08:49:51;24.7;;;;3878;05/06/2023;08:51:49;37.2;Synchronized;;;3878;05/06/2023;08:51:22;25.1;;;;
3879;05/06/2023;08:50:06;24.7;;;;3879;05/06/2023;08:52:04;37.2;Synchronized;;;3879;05/06/2023;08:51:37;25.13;;;;
3880;05/06/2023;08:50:21;24.69;;;;3880;05/06/2023;08:52:19;37.19;Synchronized;;;3880;05/06/2023;08:51:52;25.12;;;;
3881;05/06/2023;08:50:36;24.7;;;;3881;05/06/2023;08:52:34;37.2;Synchronized;;;3881;05/06/2023;08:52:07;25.14;;;;
3882;05/06/2023;08:50:51;24.68;;;;3882;05/06/2023;08:52:49;37.21;Synchronized;;;3882;05/06/2023;08:52:22;25.13;;;;
3883;05/06/2023;08:51:06;24.67;;;;3883;05/06/2023;08:53:04;37.17;Synchronized;;;3883;05/06/2023;08:52:37;25.11;;;;
3884;05/06/2023;08:51:21;24.69;;;;3884;05/06/2023;08:53:19;37.16;Synchronized;;;3884;05/06/2023;08:52:52;25.12;;;;
3885;05/06/2023;08:51:36;24.7;;;;3885;05/06/2023;08:53:34;37.15;Synchronized;;;3885;05/06/2023;08:53:07;25.09;;;;
3886;05/06/2023;08:51:51;24.7;;;;3886;05/06/2023;08:53:49;37.16;Synchronized;;;3886;05/06/2023;08:53:22;25.08;;;;
3887;05/06/2023;08:52:06;24.7;;;;3887;05/06/2023;08:54:04;37.16;Synchronized;;;3887;05/06/2023;08:53:37;25.07;;;;
3888;05/06/2023;08:52:21;24.7;;;;3888;05/06/2023;08:54:19;37.17;Synchronized;;;3888;05/06/2023;08:53:52;25.05;;;;
3889;05/06/2023;08:52:36;24.69;;;;3889;05/06/2023;08:54:34;37.16;Synchronized;;;3889;05/06/2023;08:54:07;25.05;;;;
3890;05/06/2023;08:52:51;24.69;;;;3890;05/06/2023;08:54:49;37.16;Synchronized;;;3890;05/06/2023;08:54:22;25.05;;;;
3891;05/06/2023;08:53:06;24.67;;;;3891;05/06/2023;08:55:04;37.19;Synchronized;;;3891;05/06/2023;08:54:37;25.05;;;;
3892;05/06/2023;08:53:21;24.66;;;;3892;05/06/2023;08:55:19;37.17;Synchronized;;;3892;05/06/2023;08:54:52;25.05;;;;
3893;05/06/2023;08:53:36;;Missing data;;;3893;05/06/2023;08:55:34;37.2;Synchronized;;;3893;05/06/2023;08:55:07;25.01;;;;
3894;05/06/2023;08:53:51;24.66;;;;3894;05/06/2023;08:55:49;37.2;Synchronized;;;3894;05/06/2023;08:55:22;25.04;;;;
3895;05/06/2023;08:54:06;24.69;;;;3895;05/06/2023;08:56:04;37.2;Synchronized;;;3895;05/06/2023;08:55:37;25;;;;
3896;05/06/2023;08:54:21;24.66;;;;3896;05/06/2023;08:56:19;37.23;Synchronized;;;3896;05/06/2023;08:55:52;25;;;;
3897;05/06/2023;08:54:36;24.66;;;;3897;05/06/2023;08:56:34;37.23;Synchronized;;;3897;05/06/2023;08:56:07;25;;;;
3898;05/06/2023;08:54:51;24.64;;;;3898;05/06/2023;08:56:49;37.23;Synchronized;;;3898;05/06/2023;08:56:22;25;;;;
3899;05/06/2023;08:55:06;24.66;;;;3899;05/06/2023;08:57:04;37.22;Synchronized;;;3899;05/06/2023;08:56:37;;Missing data;;;
3900;05/06/2023;08:55:21;24.67;;;;3900;05/06/2023;08:57:19;37.22;Synchronized;;;3900;05/06/2023;08:56:52;25.01;;;;
3901;05/06/2023;08:55:37;24.66;;;;3901;05/06/2023;08:57:34;37.26;Synchronized;;;3901;05/06/2023;08:57:07;24.99;;;;
3902;05/06/2023;08:55:52;24.66;;;;3902;05/06/2023;08:57:49;37.23;Synchronized;;;3902;05/06/2023;08:57:22;24.98;;;;
3903;05/06/2023;08:56:07;24.68;;;;3903;05/06/2023;08:58:04;37.26;Synchronized;;;3903;05/06/2023;08:57:37;25;;;;
3904;05/06/2023;08:56:22;24.66;;;;3904;05/06/2023;08:58:19;37.25;Synchronized;;;3904;05/06/2023;08:57:52;24.96;;;;
3905;05/06/2023;08:56:37;24.68;;;;3905;05/06/2023;08:58:34;37.24;Synchronized;;;3905;05/06/2023;08:58:07;24.96;;;;
3906;05/06/2023;08:56:52;24.66;;;;3906;05/06/2023;08:58:49;37.24;Synchronized;;;3906;05/06/2023;08:58:22;24.96;;;;
3907;05/06/2023;08:57:07;24.66;;;;3907;05/06/2023;08:59:04;37.23;Synchronized;;;3907;05/06/2023;08:58:37;24.95;;;;
3908;05/06/2023;08:57:22;24.65;;;;3908;05/06/2023;08:59:19;37.26;Synchronized;;;3908;05/06/2023;08:58:52;24.94;;;;
3909;05/06/2023;08:57:37;24.64;;;;3909;05/06/2023;08:59:34;37.25;Synchronized;;;3909;05/06/2023;08:59:07;24.93;;;;
3910;05/06/2023;08:57:52;;Missing data;;;3910;05/06/2023;08:59:49;37.24;Synchronized;;;3910;05/06/2023;08:59:22;24.95;;;;
3911;05/06/2023;08:58:07;24.62;;;;3911;05/06/2023;09:00:04;37.25;Synchronized;;;3911;05/06/2023;08:59:37;24.91;;;;
3912;05/06/2023;08:58:22;24.63;;;;3912;05/06/2023;09:00:19;37.25;Synchronized;;;3912;05/06/2023;08:59:52;24.91;;;;
3913;05/06/2023;08:58:37;24.62;;;;3913;05/06/2023;09:00:34;37.25;Synchronized;;;3913;05/06/2023;09:00:07;24.91;;;;
3914;05/06/2023;08:58:52;24.62;;;;3914;05/06/2023;09:00:49;37.23;Synchronized;;;3914;05/06/2023;09:00:22;24.91;;;;
3915;05/06/2023;08:59:07;24.61;;;;3915;05/06/2023;09:01:04;37.23;Synchronized;;;3915;05/06/2023;09:00:37;24.88;;;;
3916;05/06/2023;08:59:22;24.61;;;;3916;05/06/2023;09:01:19;37.23;Synchronized;;;3916;05/06/2023;09:00:52;24.88;;;;
3917;05/06/2023;08:59:37;24.59;;;;3917;05/06/2023;09:01:34;37.26;Synchronized;;;3917;05/06/2023;09:01:07;24.88;;;;
3918;05/06/2023;08:59:52;24.58;;;;3918;05/06/2023;09:01:49;37.25;Synchronized;;;3918;05/06/2023;09:01:22;24.87;;;;
3919;05/06/2023;09:00:07;24.57;;;;3919;05/06/2023;09:02:04;37.27;Synchronized;;;3919;05/06/2023;09:01:37;24.86;;;;
3920;05/06/2023;09:00:22;24.58;;;;3920;05/06/2023;09:02:19;37.27;Synchronized;;;3920;05/06/2023;09:01:52;24.86;;;;
3921;05/06/2023;09:00:37;24.58;;;;3921;05/06/2023;09:02:34;37.27;Synchronized;;;3921;05/06/2023;09:02:07;24.84;;;;
3922;05/06/2023;09:00:52;24.59;;;;3922;05/06/2023;09:02:49;37.27;Synchronized;;;3922;05/06/2023;09:02:22;24.84;;;;
3923;05/06/2023;09:01:07;24.57;;;;3923;05/06/2023;09:03:04;37.3;Synchronized;;;3923;05/06/2023;09:02:37;24.84;;;;
3924;05/06/2023;09:01:22;24.56;;;;3924;05/06/2023;09:03:19;37.28;Synchronized;;;3924;05/06/2023;09:02:52;24.88;;;;
3925;05/06/2023;09:01:37;24.55;;;;3925;05/06/2023;09:03:34;37.32;Synchronized;;;3925;05/06/2023;09:03:07;24.91;;;;
3926;05/06/2023;09:01:52;24.53;;;;3926;05/06/2023;09:03:49;37.31;Synchronized;;;3926;05/06/2023;09:03:21;24.91;;;;
3927;05/06/2023;09:02:07;24.55;;;;3927;05/06/2023;09:04:04;37.31;Synchronized;;;3927;05/06/2023;09:03:36;24.97;;;;
3928;05/06/2023;09:02:22;24.53;;;;3928;05/06/2023;09:04:19;37.31;Synchronized;;;3928;05/06/2023;09:03:51;25;;;;
3929;05/06/2023;09:02:38;24.52;;;;3929;05/06/2023;09:04:34;37.33;Synchronized;;;3929;05/06/2023;09:04:06;25.02;;;;
3930;05/06/2023;09:02:53;24.53;;;;3930;05/06/2023;09:04:49;37.34;Synchronized;;;3930;05/06/2023;09:04:21;;Missing data;;;
3931;05/06/2023;09:03:08;24.52;;;;3931;05/06/2023;09:05:03;37.34;Synchronized;;;3931;05/06/2023;09:04:36;25.03;;;;
3932;05/06/2023;09:03:23;24.56;;;;3932;05/06/2023;09:05:18;37.34;Synchronized;;;3932;05/06/2023;09:04:51;25.03;;;;
3933;05/06/2023;09:03:38;24.53;;;;3933;05/06/2023;09:05:33;37.34;Synchronized;;;3933;05/06/2023;09:05:06;25.03;;;;
3934;05/06/2023;09:03:53;24.55;;;;3934;05/06/2023;09:05:48;37.35;Synchronized;;;3934;05/06/2023;09:05:21;25.01;;;;
3935;05/06/2023;09:04:08;24.55;;;;3935;05/06/2023;09:06:03;37.36;Synchronized;;;3935;05/06/2023;09:05:36;25;;;;
3936;05/06/2023;09:04:23;;Missing data;;;3936;05/06/2023;09:06:18;37.37;Synchronized;;;3936;05/06/2023;09:05:51;25.02;;;;
3937;05/06/2023;09:04:38;;Missing data;;;3937;05/06/2023;09:06:33;37.35;Synchronized;;;3937;05/06/2023;09:06:06;24.99;;;;
3938;05/06/2023;09:04:53;24.55;;;;3938;05/06/2023;09:06:48;37.37;Synchronized;;;3938;05/06/2023;09:06:21;25;;;;
3939;05/06/2023;09:05:08;;Missing data;;;3939;05/06/2023;09:07:03;37.35;Synchronized;;;3939;05/06/2023;09:06:36;25.02;;;;
3940;05/06/2023;09:05:23;24.59;;;;3940;05/06/2023;09:07:18;37.35;Synchronized;;;3940;05/06/2023;09:06:51;;Missing data;;;
3941;05/06/2023;09:05:38;24.58;;;;3941;05/06/2023;09:07:33;37.39;Synchronized;;;3941;05/06/2023;09:07:06;25.02;;;;
3942;05/06/2023;09:05:53;24.61;;;;3942;05/06/2023;09:07:48;37.38;Synchronized;;;3942;05/06/2023;09:07:21;25.01;;;;
3943;05/06/2023;09:06:08;24.59;;;;3943;05/06/2023;09:08:03;37.38;Synchronized;;;3943;05/06/2023;09:07:36;24.98;;;;
3944;05/06/2023;09:06:23;24.59;;;;3944;05/06/2023;09:08:18;37.38;Synchronized;;;3944;05/06/2023;09:07:51;24.99;;;;
3945;05/06/2023;09:06:38;24.59;;;;3945;05/06/2023;09:08:33;37.38;Synchronized;;;3945;05/06/2023;09:08:06;24.98;;;;
3946;05/06/2023;09:06:53;24.58;;;;3946;05/06/2023;09:08:48;37.38;Synchronized;;;3946;05/06/2023;09:08:21;24.98;;;;
3947;05/06/2023;09:07:08;24.59;;;;3947;05/06/2023;09:09:03;37.4;Synchronized;;;3947;05/06/2023;09:08:36;24.98;;;;
3948;05/06/2023;09:07:23;24.61;;;;3948;05/06/2023;09:09:18;37.38;Synchronized;;;3948;05/06/2023;09:08:51;24.98;;;;
3949;05/06/2023;09:07:38;24.59;;;;3949;05/06/2023;09:09:33;37.41;Synchronized;;;3949;05/06/2023;09:09:06;24.99;;;;
3950;05/06/2023;09:07:53;24.62;;;;3950;05/06/2023;09:09:48;37.41;Synchronized;;;3950;05/06/2023;09:09:21;24.97;;;;
3951;05/06/2023;09:08:08;24.63;;;;3951;05/06/2023;09:10:03;37.41;Synchronized;;;3951;05/06/2023;09:09:36;24.98;;;;
3952;05/06/2023;09:08:23;24.63;;;;3952;05/06/2023;09:10:18;37.41;Synchronized;;;3952;05/06/2023;09:09:51;24.98;;;;
3953;05/06/2023;09:08:38;24.62;;;;3953;05/06/2023;09:10:33;37.41;Synchronized;;;3953;05/06/2023;09:10:06;24.97;;;;
3954;05/06/2023;09:08:53;24.66;;;;3954;05/06/2023;09:10:48;37.39;Synchronized;;;3954;05/06/2023;09:10:21;24.96;;;;
3955;05/06/2023;09:09:09;24.65;;;;3955;05/06/2023;09:11:03;37.38;Synchronized;;;3955;05/06/2023;09:10:36;24.98;;;;
3956;05/06/2023;09:09:24;24.65;;;;3956;05/06/2023;09:11:18;37.41;Synchronized;;;3956;05/06/2023;09:10:51;24.96;;;;
3957;05/06/2023;09:09:39;24.66;;;;3957;05/06/2023;09:11:33;37.41;Synchronized;;;3957;05/06/2023;09:11:06;24.95;;;;
3958;05/06/2023;09:09:54;24.66;;;;3958;05/06/2023;09:11:48;37.39;Synchronized;;;3958;05/06/2023;09:11:21;24.94;;;;
3959;05/06/2023;09:10:09;24.65;;;;3959;05/06/2023;09:12:03;37.38;Synchronized;;;3959;05/06/2023;09:11:36;24.95;;;;
3960;05/06/2023;09:10:24;24.65;;;;3960;05/06/2023;09:12:18;37.41;Synchronized;;;3960;05/06/2023;09:11:51;24.95;;;;
3961;05/06/2023;09:10:39;24.61;;;;3961;05/06/2023;09:12:33;37.4;Synchronized;;;3961;05/06/2023;09:12:06;24.93;;;;
3962;05/06/2023;09:10:54;24.63;;;;3962;05/06/2023;09:12:48;37.4;Synchronized;;;3962;05/06/2023;09:12:21;24.93;;;;
3963;05/06/2023;09:11:09;24.62;;;;3963;05/06/2023;09:13:03;37.39;Synchronized;;;3963;05/06/2023;09:12:36;24.94;;;;
3964;05/06/2023;09:11:24;24.63;;;;3964;05/06/2023;09:13:18;37.4;Synchronized;;;3964;05/06/2023;09:12:51;24.92;;;;
3965;05/06/2023;09:11:39;24.63;;;;3965;05/06/2023;09:13:33;37.41;Synchronized;;;3965;05/06/2023;09:13:06;24.88;;;;
3966;05/06/2023;09:11:54;24.61;;;;3966;05/06/2023;09:13:48;37.41;Synchronized;;;3966;05/06/2023;09:13:21;24.91;;;;
3967;05/06/2023;09:12:09;24.62;;;;3967;05/06/2023;09:14:03;37.41;Synchronized;;;3967;05/06/2023;09:13:36;24.88;;;;
3968;05/06/2023;09:12:24;24.64;;;;3968;05/06/2023;09:14:18;37.41;Synchronized;;;3968;05/06/2023;09:13:51;24.9;;;;
3969;05/06/2023;09:12:39;24.62;;;;3969;05/06/2023;09:14:33;37.44;Synchronized;;;3969;05/06/2023;09:14:06;24.88;;;;
3970;05/06/2023;09:12:54;24.59;;;;3970;05/06/2023;09:14:48;37.43;Synchronized;;;3970;05/06/2023;09:14:21;24.91;;;;
3971;05/06/2023;09:13:09;24.59;;;;3971;05/06/2023;09:15:03;37.45;Synchronized;;;3971;05/06/2023;09:14:36;24.91;;;;
3972;05/06/2023;09:13:24;24.59;;;;3972;05/06/2023;09:15:18;37.44;Synchronized;;;3972;05/06/2023;09:14:51;24.9;;;;
3973;05/06/2023;09:13:39;24.6;;;;3973;05/06/2023;09:15:33;37.45;Synchronized;;;3973;05/06/2023;09:15:06;24.9;;;;
3974;05/06/2023;09:13:54;24.58;;;;3974;05/06/2023;09:15:48;37.44;Synchronized;;;3974;05/06/2023;09:15:21;24.91;;;;
3975;05/06/2023;09:14:09;24.59;;;;3975;05/06/2023;09:16:03;37.43;Synchronized;;;3975;05/06/2023;09:15:36;24.88;;;;
3976;05/06/2023;09:14:24;24.56;;;;3976;05/06/2023;09:16:18;37.46;Synchronized;;;3976;05/06/2023;09:15:51;24.88;;;;
3977;05/06/2023;09:14:39;24.58;;;;3977;05/06/2023;09:16:33;37.41;Synchronized;;;3977;05/06/2023;09:16:05;24.9;;;;
3978;05/06/2023;09:14:54;24.58;;;;3978;05/06/2023;09:16:48;37.43;Synchronized;;;3978;05/06/2023;09:16:20;24.88;;;;
3979;05/06/2023;09:15:09;24.59;;;;3979;05/06/2023;09:17:03;37.45;Synchronized;;;3979;05/06/2023;09:16:35;24.88;;;;
3980;05/06/2023;09:15:24;24.58;;;;3980;05/06/2023;09:17:18;37.44;Synchronized;;;3980;05/06/2023;09:16:50;24.88;;;;
3981;05/06/2023;09:15:39;24.59;;;;3981;05/06/2023;09:17:33;37.45;Synchronized;;;3981;05/06/2023;09:17:05;24.88;;;;
3982;05/06/2023;09:15:54;24.59;;;;3982;05/06/2023;09:17:48;37.43;Synchronized;;;3982;05/06/2023;09:17:20;24.86;;;;
3983;05/06/2023;09:16:09;24.59;;;;3983;05/06/2023;09:18:03;37.45;Synchronized;;;3983;05/06/2023;09:17:35;24.86;;;;
3984;05/06/2023;09:16:25;24.61;;;;3984;05/06/2023;09:18:18;37.44;Synchronized;;;3984;05/06/2023;09:17:50;24.86;;;;
3985;05/06/2023;09:16:40;24.6;;;;3985;05/06/2023;09:18:33;37.44;Synchronized;;;3985;05/06/2023;09:18:05;24.85;;;;
3986;05/06/2023;09:16:55;24.61;;;;3986;05/06/2023;09:18:48;37.44;Synchronized;;;3986;05/06/2023;09:18:20;24.87;;;;
3987;05/06/2023;09:17:10;24.61;;;;3987;05/06/2023;09:19:02;37.44;Synchronized;;;3987;05/06/2023;09:18:35;24.87;;;;
3988;05/06/2023;09:17:25;24.61;;;;3988;05/06/2023;09:19:17;37.43;Synchronized;;;3988;05/06/2023;09:18:50;24.85;;;;
3989;05/06/2023;09:17:40;24.6;;;;3989;05/06/2023;09:19:32;37.41;Synchronized;;;3989;05/06/2023;09:19:05;24.86;;;;
3990;05/06/2023;09:17:55;24.6;;;;3990;05/06/2023;09:19:47;37.43;Synchronized;;;3990;05/06/2023;09:19:20;24.86;;;;
3991;05/06/2023;09:18:10;24.59;;;;3991;05/06/2023;09:20:02;37.44;Synchronized;;;3991;05/06/2023;09:19:35;24.88;;;;
3992;05/06/2023;09:18:25;24.57;;;;3992;05/06/2023;09:20:17;37.41;Synchronized;;;3992;05/06/2023;09:19:50;24.87;;;;
3993;05/06/2023;09:18:40;24.58;;;;3993;05/06/2023;09:20:32;37.43;Synchronized;;;3993;05/06/2023;09:20:05;24.91;;;;
3994;05/06/2023;09:18:55;24.6;;;;3994;05/06/2023;09:20:47;37.45;Synchronized;;;3994;05/06/2023;09:20:20;24.91;;;;
3995;05/06/2023;09:19:10;24.58;;;;3995;05/06/2023;09:21:02;37.41;Synchronized;;;3995;05/06/2023;09:20:35;24.94;;;;
3996;05/06/2023;09:19:25;24.6;;;;3996;05/06/2023;09:21:17;37.41;Synchronized;;;3996;05/06/2023;09:20:50;24.94;;;;
3997;05/06/2023;09:19:40;24.59;;;;3997;05/06/2023;09:21:32;37.41;Synchronized;;;3997;05/06/2023;09:21:05;24.97;;;;
3998;05/06/2023;09:19:55;;Missing data;;;3998;05/06/2023;09:21:47;37.43;Synchronized;;;3998;05/06/2023;09:21:20;24.95;;;;
3999;05/06/2023;09:20:10;24.66;;;;3999;05/06/2023;09:22:02;37.45;Synchronized;;;3999;05/06/2023;09:21:35;24.97;;;;
4000;05/06/2023;09:20:25;24.68;;;;4000;05/06/2023;09:22:17;37.4;Synchronized;;;4000;05/06/2023;09:21:50;24.98;;;;
4001;05/06/2023;09:20:40;24.71;;;;4001;05/06/2023;09:22:32;37.41;Synchronized;;;4001;05/06/2023;09:22:05;24.98;;;;
4002;05/06/2023;09:20:55;24.72;;;;4002;05/06/2023;09:22:47;37.44;Synchronized;;;4002;05/06/2023;09:22:20;24.98;;;;
4003;05/06/2023;09:21:10;24.75;;;;4003;05/06/2023;09:23:02;37.41;Synchronized;;;4003;05/06/2023;09:22:35;24.99;;;;
4004;05/06/2023;09:21:25;24.77;;;;4004;05/06/2023;09:23:17;37.4;Synchronized;;;4004;05/06/2023;09:22:50;25;;;;
4005;05/06/2023;09:21:40;24.77;;;;4005;05/06/2023;09:23:32;37.41;Synchronized;;;4005;05/06/2023;09:23:05;24.99;;;;
4006;05/06/2023;09:21:55;24.77;;;;4006;05/06/2023;09:23:47;37.4;Synchronized;;;4006;05/06/2023;09:23:20;25.02;;;;
4007;05/06/2023;09:22:10;24.79;;;;4007;05/06/2023;09:24:02;37.41;Synchronized;;;4007;05/06/2023;09:23:35;25.01;;;;
4008;05/06/2023;09:22:25;24.77;;;;4008;05/06/2023;09:24:17;37.4;Synchronized;;;4008;05/06/2023;09:23:50;25.03;;;;
4009;05/06/2023;09:22:40;24.8;;;;4009;05/06/2023;09:24:32;37.41;Synchronized;;;4009;05/06/2023;09:24:05;25.05;;;;
4010;05/06/2023;09:22:56;24.8;;;;4010;05/06/2023;09:24:47;37.4;Synchronized;;;4010;05/06/2023;09:24:20;25.03;;;;
4011;05/06/2023;09:23:11;24.81;;;;4011;05/06/2023;09:25:02;37.41;Synchronized;;;4011;05/06/2023;09:24:35;25.05;;;;
4012;05/06/2023;09:23:26;24.81;;;;4012;05/06/2023;09:25:17;37.41;Synchronized;;;4012;05/06/2023;09:24:50;25.05;;;;
4013;05/06/2023;09:23:41;24.81;;;;4013;05/06/2023;09:25:32;37.41;Synchronized;;;4013;05/06/2023;09:25:05;25.05;;;;
4014;05/06/2023;09:23:56;24.84;;;;4014;05/06/2023;09:25:47;37.4;Synchronized;;;4014;05/06/2023;09:25:20;25.05;;;;
4015;05/06/2023;09:24:11;24.84;;;;4015;05/06/2023;09:26:02;37.41;Synchronized;;;4015;05/06/2023;09:25:35;25.08;;;;
4016;05/06/2023;09:24:26;24.84;;;;4016;05/06/2023;09:26:17;37.39;Synchronized;;;4016;05/06/2023;09:25:50;25.07;;;;
4017;05/06/2023;09:24:41;24.84;;;;4017;05/06/2023;09:26:32;37.41;Synchronized;;;4017;05/06/2023;09:26:05;25.06;;;;
4018;05/06/2023;09:24:56;24.83;;;;4018;05/06/2023;09:26:47;37.41;Synchronized;;;4018;05/06/2023;09:26:20;25.08;;;;
4019;05/06/2023;09:25:11;24.84;;;;4019;05/06/2023;09:27:02;37.4;Synchronized;;;4019;05/06/2023;09:26:35;25.07;;;;
4020;05/06/2023;09:25:26;24.86;;;;4020;05/06/2023;09:27:17;37.4;Synchronized;;;4020;05/06/2023;09:26:50;25.06;;;;
4021;05/06/2023;09:25:41;24.84;;;;4021;05/06/2023;09:27:32;37.41;Synchronized;;;4021;05/06/2023;09:27:05;25.05;;;;
4022;05/06/2023;09:25:56;24.84;;;;4022;05/06/2023;09:27:47;37.39;Synchronized;;;4022;05/06/2023;09:27:20;25.05;;;;
4023;05/06/2023;09:26:11;24.85;;;;4023;05/06/2023;09:28:02;37.39;Synchronized;;;4023;05/06/2023;09:27:35;25.04;;;;
4024;05/06/2023;09:26:26;24.84;;;;4024;05/06/2023;09:28:17;37.39;Synchronized;;;4024;05/06/2023;09:27:50;25.03;;;;
4025;05/06/2023;09:26:41;24.84;;;;4025;05/06/2023;09:28:32;37.39;Synchronized;;;4025;05/06/2023;09:28:05;25.03;;;;
4026;05/06/2023;09:26:56;24.83;;;;4026;05/06/2023;09:28:47;37.39;Synchronized;;;4026;05/06/2023;09:28:20;25.05;;;;
4027;05/06/2023;09:27:11;24.83;;;;4027;05/06/2023;09:29:02;37.38;Synchronized;;;4027;05/06/2023;09:28:35;25.03;;;;
4028;05/06/2023;09:27:26;24.82;;;;4028;05/06/2023;09:29:17;37.38;Synchronized;;;4028;05/06/2023;09:28:49;25.02;;;;
4029;05/06/2023;09:27:41;24.83;;;;4029;05/06/2023;09:29:32;37.38;Synchronized;;;4029;05/06/2023;09:29:04;25.01;;;;
4030;05/06/2023;09:27:56;24.84;;;;4030;05/06/2023;09:29:47;37.37;Synchronized;;;4030;05/06/2023;09:29:19;25.04;;;;
4031;05/06/2023;09:28:11;24.83;;;;4031;05/06/2023;09:30:02;37.38;Synchronized;;;4031;05/06/2023;09:29:34;25;;;;
4032;05/06/2023;09:28:26;24.84;;;;4032;05/06/2023;09:30:17;37.38;Synchronized;;;4032;05/06/2023;09:29:49;24.98;;;;
4033;05/06/2023;09:28:41;;Missing data;;;4033;05/06/2023;09:30:32;37.38;Synchronized;;;4033;05/06/2023;09:30:04;24.98;;;;
4034;05/06/2023;09:28:56;24.81;;;;4034;05/06/2023;09:30:47;37.38;Synchronized;;;4034;05/06/2023;09:30:19;25;;;;
4035;05/06/2023;09:29:11;24.82;;;;4035;05/06/2023;09:31:02;37.38;Synchronized;;;4035;05/06/2023;09:30:34;24.98;;;;
4036;05/06/2023;09:29:27;24.79;;;;4036;05/06/2023;09:31:17;37.38;Synchronized;;;4036;05/06/2023;09:30:49;24.98;;;;
4037;05/06/2023;09:29:42;24.8;;;;4037;05/06/2023;09:31:32;37.38;Synchronized;;;4037;05/06/2023;09:31:04;24.96;;;;
4038;05/06/2023;09:29:57;24.8;;;;4038;05/06/2023;09:31:47;37.38;Synchronized;;;4038;05/06/2023;09:31:19;24.95;;;;
4039;05/06/2023;09:30:12;24.78;;;;4039;05/06/2023;09:32:02;37.37;Synchronized;;;4039;05/06/2023;09:31:34;24.96;;;;
4040;05/06/2023;09:30:27;24.79;;;;4040;05/06/2023;09:32:17;37.37;Synchronized;;;4040;05/06/2023;09:31:49;24.96;;;;
4041;05/06/2023;09:30:42;24.79;;;;4041;05/06/2023;09:32:32;37.38;Synchronized;;;4041;05/06/2023;09:32:04;24.97;;;;
4042;05/06/2023;09:30:57;24.8;;;;4042;05/06/2023;09:32:47;37.38;Synchronized;;;4042;05/06/2023;09:32:19;24.96;;;;
4043;05/06/2023;09:31:12;24.8;;;;4043;05/06/2023;09:33:02;37.37;Synchronized;;;4043;05/06/2023;09:32:34;24.95;;;;
4044;05/06/2023;09:31:27;24.78;;;;4044;05/06/2023;09:33:16;37.37;Synchronized;;;4044;05/06/2023;09:32:49;24.96;;;;
4045;05/06/2023;09:31:42;24.8;;;;4045;05/06/2023;09:33:31;37.35;Synchronized;;;4045;05/06/2023;09:33:04;24.94;;;;
4046;05/06/2023;09:31:57;24.77;;;;4046;05/06/2023;09:33:46;37.36;Synchronized;;;4046;05/06/2023;09:33:19;24.95;;;;
4047;05/06/2023;09:32:12;24.79;;;;4047;05/06/2023;09:34:01;37.36;Synchronized;;;4047;05/06/2023;09:33:34;24.95;;;;
4048;05/06/2023;09:32:27;24.77;;;;4048;05/06/2023;09:34:16;37.34;Synchronized;;;4048;05/06/2023;09:33:49;24.95;;;;
4049;05/06/2023;09:32:42;24.77;;;;4049;05/06/2023;09:34:31;37.34;Synchronized;;;4049;05/06/2023;09:34:04;24.95;;;;
4050;05/06/2023;09:32:57;24.77;;;;4050;05/06/2023;09:34:46;37.34;Synchronized;;;4050;05/06/2023;09:34:19;24.97;;;;
4051;05/06/2023;09:33:12;24.77;;;;4051;05/06/2023;09:35:01;37.36;Synchronized;;;4051;05/06/2023;09:34:34;24.98;;;;
4052;05/06/2023;09:33:27;;Missing data;;;4052;05/06/2023;09:35:16;37.36;Synchronized;;;4052;05/06/2023;09:34:49;24.95;;;;
4053;05/06/2023;09:33:42;24.79;;;;4053;05/06/2023;09:35:31;37.33;Synchronized;;;4053;05/06/2023;09:35:04;24.97;;;;
4054;05/06/2023;09:33:57;;Missing data;;;4054;05/06/2023;09:35:46;37.34;Synchronized;;;4054;05/06/2023;09:35:19;24.98;;;;
4055;05/06/2023;09:34:12;24.79;;;;4055;05/06/2023;09:36:01;37.33;Synchronized;;;4055;05/06/2023;09:35:34;24.96;;;;
4056;05/06/2023;09:34:27;24.8;;;;4056;05/06/2023;09:36:16;37.34;Synchronized;;;4056;05/06/2023;09:35:49;24.97;;;;
4057;05/06/2023;09:34:42;24.81;;;;4057;05/06/2023;09:36:31;37.34;Synchronized;;;4057;05/06/2023;09:36:04;24.96;;;;
4058;05/06/2023;09:34:57;24.81;;;;4058;05/06/2023;09:36:46;37.34;Synchronized;;;4058;05/06/2023;09:36:19;24.97;;;;
4059;05/06/2023;09:35:12;;Missing data;;;4059;05/06/2023;09:37:01;37.32;Synchronized;;;4059;05/06/2023;09:36:34;24.95;;;;
4060;05/06/2023;09:35:27;24.79;;;;4060;05/06/2023;09:37:16;37.35;Synchronized;;;4060;05/06/2023;09:36:49;24.98;;;;
4061;05/06/2023;09:35:43;24.8;;;;4061;05/06/2023;09:37:31;37.31;Synchronized;;;4061;05/06/2023;09:37:04;24.98;;;;
4062;05/06/2023;09:35:58;24.81;;;;4062;05/06/2023;09:37:46;37.31;Synchronized;;;4062;05/06/2023;09:37:19;24.98;;;;
4063;05/06/2023;09:36:13;24.81;;;;4063;05/06/2023;09:38:01;37.32;Synchronized;;;4063;05/06/2023;09:37:34;24.98;;;;
4064;05/06/2023;09:36:28;24.8;;;;4064;05/06/2023;09:38:16;37.32;Synchronized;;;4064;05/06/2023;09:37:49;24.98;;;;
4065;05/06/2023;09:36:43;24.8;;;;4065;05/06/2023;09:38:31;37.31;Synchronized;;;4065;05/06/2023;09:38:04;24.98;;;;
4066;05/06/2023;09:36:58;24.8;;;;4066;05/06/2023;09:38:46;37.31;Synchronized;;;4066;05/06/2023;09:38:19;24.98;;;;
4067;05/06/2023;09:37:13;24.8;;;;4067;05/06/2023;09:39:01;37.3;Synchronized;;;4067;05/06/2023;09:38:34;24.97;;;;
4068;05/06/2023;09:37:28;24.8;;;;4068;05/06/2023;09:39:16;37.32;Synchronized;;;4068;05/06/2023;09:38:49;24.98;;;;
4069;05/06/2023;09:37:43;24.8;;;;4069;05/06/2023;09:39:31;37.33;Synchronized;;;4069;05/06/2023;09:39:04;25;;;;
4070;05/06/2023;09:37:58;24.78;;;;4070;05/06/2023;09:39:46;37.32;Synchronized;;;4070;05/06/2023;09:39:19;25;;;;
4071;05/06/2023;09:38:13;24.8;;;;4071;05/06/2023;09:40:01;37.31;Synchronized;;;4071;05/06/2023;09:39:34;25;;;;
4072;05/06/2023;09:38:28;24.79;;;;4072;05/06/2023;09:40:16;37.31;Synchronized;;;4072;05/06/2023;09:39:49;25.01;;;;
4073;05/06/2023;09:38:43;24.8;;;;4073;05/06/2023;09:40:31;37.32;Synchronized;;;4073;05/06/2023;09:40:04;25.02;;;;
4074;05/06/2023;09:38:58;24.79;;;;4074;05/06/2023;09:40:46;37.3;Synchronized;;;4074;05/06/2023;09:40:19;24.99;;;;
4075;05/06/2023;09:39:13;24.81;;;;4075;05/06/2023;09:41:01;37.29;Synchronized;;;4075;05/06/2023;09:40:34;25.03;;;;
;;;;;;;4076;05/06/2023;09:41:16;37.31;Synchronized;;;4076;05/06/2023;09:40:49;25.04;;;;
;;;;;;;4077;05/06/2023;09:41:31;37.34;Synchronized;;;4077;05/06/2023;09:41:03;24.99;;;;
;;;;;;;4078;05/06/2023;09:41:46;37.29;Synchronized;;;4078;05/06/2023;09:41:18;25.01;;;;
;;;;;;;4079;05/06/2023;09:42:01;37.33;Synchronized;;;4079;05/06/2023;09:41:33;25.03;;;;
;;;;;;;4080;05/06/2023;09:42:16;37.3;Synchronized;;;4080;05/06/2023;09:41:48;25.03;;;;
;;;;;;;4081;05/06/2023;09:42:31;37.29;Synchronized;;;4081;05/06/2023;09:42:03;25.02;;;;
;;;;;;;4082;05/06/2023;09:42:46;37.28;Synchronized;;;4082;05/06/2023;09:42:18;25.01;;;;
;;;;;;;4083;05/06/2023;09:43:01;37.29;Synchronized;;;4083;05/06/2023;09:42:33;25;;;;
;;;;;;;4084;05/06/2023;09:43:16;37.27;Synchronized;;;4084;05/06/2023;09:42:48;25;;;;
;;;;;;;4085;05/06/2023;09:43:31;37.28;Synchronized;;;4085;05/06/2023;09:43:03;25;;;;
;;;;;;;4086;05/06/2023;09:43:46;37.28;Synchronized;;;4086;05/06/2023;09:43:18;25;;;;
;;;;;;;4087;05/06/2023;09:44:01;37.27;Synchronized;;;4087;05/06/2023;09:43:33;25.03;;;;
;;;;;;;4088;05/06/2023;09:44:16;37.27;Synchronized;;;4088;05/06/2023;09:43:48;25.02;;;;
;;;;;;;4089;05/06/2023;09:44:31;37.27;Synchronized;;;4089;05/06/2023;09:44:03;25.01;;;;
;;;;;;;4090;05/06/2023;09:44:46;37.27;Synchronized;;;4090;05/06/2023;09:44:18;25.05;;;;
;;;;;;;4091;05/06/2023;09:45:01;37.27;Synchronized;;;4091;05/06/2023;09:44:33;25.03;;;;
;;;;;;;4092;05/06/2023;09:45:16;37.25;Synchronized;;;4092;05/06/2023;09:44:48;25.06;;;;
;;;;;;;4093;05/06/2023;09:45:31;37.24;Synchronized;;;4093;05/06/2023;09:45:03;25.05;;;;
;;;;;;;4094;05/06/2023;09:45:46;37.24;Synchronized;;;4094;05/06/2023;09:45:18;25.03;;;;
;;;;;;;4095;05/06/2023;09:46:01;37.25;Synchronized;;;4095;05/06/2023;09:45:33;25.05;;;;
;;;;;;;4096;05/06/2023;09:46:16;37.24;Synchronized;;;4096;05/06/2023;09:45:48;25.05;;;;
;;;;;;;4097;05/06/2023;09:46:31;37.24;Synchronized;;;4097;05/06/2023;09:46:03;25.04;;;;
;;;;;;;4098;05/06/2023;09:46:46;37.23;Synchronized;;;4098;05/06/2023;09:46:18;25.02;;;;
;;;;;;;4099;05/06/2023;09:47:01;37.23;Synchronized;;;4099;05/06/2023;09:46:33;25.04;;;;
;;;;;;;4100;05/06/2023;09:47:16;37.23;Synchronized;;;4100;05/06/2023;09:46:48;25.04;;;;
;;;;;;;4101;05/06/2023;09:47:30;37.23;Synchronized;;;4101;05/06/2023;09:47:03;25.05;;;;
;;;;;;;4102;05/06/2023;09:47:45;37.24;Synchronized;;;;;;;;;;
;;;;;;;4103;05/06/2023;09:48:00;37.23;Synchronized;;;;;;;;;;
;;;;;;;4104;05/06/2023;09:48:15;37.24;Synchronized;;;;;;;;;;
;;;;;;;4105;05/06/2023;09:48:30;37.24;Synchronized;;;;;;;;;;
;;;;;;;4106;05/06/2023;09:48:45;37.23;Synchronized;;;;;;;;;;
;;;;;;;4107;05/06/2023;09:49:00;37.25;Synchronized;;;;;;;;;;
;;;;;;;4108;05/06/2023;09:49:15;37.24;Synchronized;;;;;;;;;;
;;;;;;;4109;05/06/2023;09:49:30;37.26;Synchronized;;;;;;;;;;
;;;;;;;4110;05/06/2023;09:49:45;37.24;Synchronized;;;;;;;;;;
;;;;;;;4111;05/06/2023;09:50:00;37.25;Synchronized;;;;;;;;;;
;;;;;;;4112;05/06/2023;09:50:15;37.24;Synchronized;;;;;;;;;;
;;;;;;;4113;05/06/2023;09:50:30;37.24;Synchronized;;;;;;;;;;
;;;;;;;4114;05/06/2023;09:50:45;37.25;Synchronized;;;;;;;;;;
;;;;;;;4115;05/06/2023;09:51:00;37.25;Synchronized;;;;;;;;;;
;;;;;;;4116;05/06/2023;09:51:15;37.23;Synchronized;;;;;;;;;;
;;;;;;;4117;05/06/2023;09:51:30;37.26;Synchronized;;;;;;;;;;
;;;;;;;4118;05/06/2023;09:51:45;37.24;Synchronized;;;;;;;;;;
;;;;;;;4119;05/06/2023;09:52:00;37.24;Synchronized;;;;;;;;;;
;;;;;;;4120;05/06/2023;09:52:15;37.23;Synchronized;;;;;;;;;;
;;;;;;;4121;05/06/2023;09:52:30;37.23;Synchronized;;;;;;;;;;
;;;;;;;4122;05/06/2023;09:52:45;37.23;Synchronized;;;;;;;;;;
;;;;;;;4123;05/06/2023;09:53:00;37.24;Synchronized;;;;;;;;;;
;;;;;;;4124;05/06/2023;09:53:15;37.25;Synchronized;;;;;;;;;;
;;;;;;;4125;05/06/2023;09:53:30;37.24;Synchronized;;;;;;;;;;
;;;;;;;4126;05/06/2023;09:53:45;37.24;Synchronized;;;;;;;;;;
;;;;;;;4127;05/06/2023;09:54:00;37.24;Synchronized;;;;;;;;;;
;;;;;;;4128;05/06/2023;09:54:15;37.24;Synchronized;;;;;;;;;;
;;;;;;;4129;05/06/2023;09:54:30;37.25;Synchronized;;;;;;;;;;
;;;;;;;4130;05/06/2023;09:54:45;37.24;Synchronized;;;;;;;;;;
;;;;;;;4131;05/06/2023;09:55:00;37.23;Synchronized;;;;;;;;;;
;;;;;;;4132;05/06/2023;09:55:15;37.27;Synchronized;;;;;;;;;;
;;;;;;;4133;05/06/2023;09:55:30;37.25;Synchronized;;;;;;;;;;
;;;;;;;4134;05/06/2023;09:55:45;37.23;Synchronized;;;;;;;;;;
;;;;;;;4135;05/06/2023;09:56:00;37.24;Synchronized;;;;;;;;;;
;;;;;;;4136;05/06/2023;09:56:15;37.25;Synchronized;;;;;;;;;;
;;;;;;;4137;05/06/2023;09:56:30;37.21;Synchronized;;;;;;;;;;
;;;;;;;4138;05/06/2023;09:56:45;37.21;Synchronized;;;;;;;;;;
;;;;;;;4139;05/06/2023;09:57:00;37.23;Synchronized;;;;;;;;;;
;;;;;;;4140;05/06/2023;09:57:15;37.23;Synchronized;;;;;;;;;;
;;;;;;;4141;05/06/2023;09:57:30;37.22;Synchronized;;;;;;;;;;
;;;;;;;4142;05/06/2023;09:57:45;37.22;Synchronized;;;;;;;;;;
;;;;;;;4143;05/06/2023;09:58:00;37.22;Synchronized;;;;;;;;;;
;;;;;;;4144;05/06/2023;09:58:15;37.21;Synchronized;;;;;;;;;;
;;;;;;;4145;05/06/2023;09:58:30;37.2;Synchronized;;;;;;;;;;
;;;;;;;4146;05/06/2023;09:58:45;37.21;Synchronized;;;;;;;;;;
;;;;;;;4147;05/06/2023;09:59:00;37.23;Synchronized;;;;;;;;;;
;;;;;;;4148;05/06/2023;09:59:15;37.21;Synchronized;;;;;;;;;;
;;;;;;;4149;05/06/2023;09:59:30;37.21;Synchronized;;;;;;;;;;
;;;;;;;4150;05/06/2023;09:59:45;37.21;Synchronized;;;;;;;;;;
;;;;;;;4151;05/06/2023;10:00:00;37.2;Synchronized;;;;;;;;;;
;;;;;;;4152;05/06/2023;10:00:15;37.2;Synchronized;;;;;;;;;;
;;;;;;;4153;05/06/2023;10:00:30;37.2;Synchronized;;;;;;;;;;
;;;;;;;4154;05/06/2023;10:00:45;37.2;Synchronized;;;;;;;;;;
;;;;;;;4155;05/06/2023;10:01:00;37.19;Synchronized;;;;;;;;;;
;;;;;;;4156;05/06/2023;10:01:15;37.19;Synchronized;;;;;;;;;;
;;;;;;;4157;05/06/2023;10:01:29;37.2;Synchronized;;;;;;;;;;
;;;;;;;4158;05/06/2023;10:01:44;37.2;Synchronized;;;;;;;;;;
;;;;;;;4159;05/06/2023;10:01:59;37.17;Synchronized;;;;;;;;;;
;;;;;;;4160;05/06/2023;10:02:14;37.2;Synchronized;;;;;;;;;;
;;;;;;;4161;05/06/2023;10:02:29;37.2;Synchronized;;;;;;;;;;
;;;;;;;4162;05/06/2023;10:02:44;37.2;Synchronized;;;;;;;;;;
;;;;;;;4163;05/06/2023;10:02:59;37.17;Synchronized;;;;;;;;;;
;;;;;;;4164;05/06/2023;10:03:14;37.19;Synchronized;;;;;;;;;;
;;;;;;;4165;05/06/2023;10:03:29;37.19;Synchronized;;;;;;;;;;
;;;;;;;4166;05/06/2023;10:03:44;37.16;Synchronized;;;;;;;;;;
;;;;;;;4167;05/06/2023;10:03:59;37.16;Synchronized;;;;;;;;;;
;;;;;;;4168;05/06/2023;10:04:14;37.15;Synchronized;;;;;;;;;;
;;;;;;;4169;05/06/2023;10:04:29;37.17;Synchronized;;;;;;;;;;
;;;;;;;4170;05/06/2023;10:04:44;37.16;Synchronized;;;;;;;;;;
;;;;;;;4171;05/06/2023;10:04:59;37.16;Synchronized;;;;;;;;;;
;;;;;;;4172;05/06/2023;10:05:14;37.19;Synchronized;;;;;;;;;;
;;;;;;;4173;05/06/2023;10:05:29;37.16;Synchronized;;;;;;;;;;
;;;;;;;4174;05/06/2023;10:05:44;37.15;Synchronized;;;;;;;;;;
;;;;;;;4175;05/06/2023;10:05:59;37.16;Synchronized;;;;;;;;;;
;;;;;;;4176;05/06/2023;10:06:14;37.16;Synchronized;;;;;;;;;;
;;;;;;;4177;05/06/2023;10:06:29;37.16;Synchronized;;;;;;;;;;
;;;;;;;4178;05/06/2023;10:06:44;37.15;Synchronized;;;;;;;;;;
;;;;;;;4179;05/06/2023;10:06:59;37.16;Synchronized;;;;;;;;;;
;;;;;;;4180;05/06/2023;10:07:14;37.16;Synchronized;;;;;;;;;;
;;;;;;;4181;05/06/2023;10:07:29;37.16;Synchronized;;;;;;;;;;
;;;;;;;4182;05/06/2023;10:07:44;37.16;Synchronized;;;;;;;;;;
;;;;;;;4183;05/06/2023;10:07:59;37.17;Synchronized;;;;;;;;;;
;;;;;;;4184;05/06/2023;10:08:14;37.17;Synchronized;;;;;;;;;;
;;;;;;;4185;05/06/2023;10:08:29;37.16;Synchronized;;;;;;;;;;
;;;;;;;4186;05/06/2023;10:08:44;37.17;Synchronized;;;;;;;;;;
;;;;;;;4187;05/06/2023;10:08:59;37.16;Synchronized;;;;;;;;;;
;;;;;;;4188;05/06/2023;10:09:14;37.16;Synchronized;;;;;;;;;;
;;;;;;;4189;05/06/2023;10:09:29;37.17;Synchronized;;;;;;;;;;
;;;;;;;4190;05/06/2023;10:09:44;37.15;Synchronized;;;;;;;;;;
;;;;;;;4191;05/06/2023;10:09:59;37.16;Synchronized;;;;;;;;;;
;;;;;;;4192;05/06/2023;10:10:14;37.16;Synchronized;;;;;;;;;;
;;;;;;;4193;05/06/2023;10:10:29;37.15;Synchronized;;;;;;;;;;
;;;;;;;4194;05/06/2023;10:10:44;37.16;Synchronized;;;;;;;;;;
;;;;;;;4195;05/06/2023;10:10:59;37.15;Synchronized;;;;;;;;;;
;;;;;;;4196;05/06/2023;10:11:14;37.15;Synchronized;;;;;;;;;;
;;;;;;;4197;05/06/2023;10:11:29;37.16;Synchronized;;;;;;;;;;
;;;;;;;4198;05/06/2023;10:11:44;37.15;Synchronized;;;;;;;;;;
;;;;;;;4199;05/06/2023;10:11:59;37.17;Synchronized;;;;;;;;;;
;;;;;;;4200;05/06/2023;10:12:14;37.15;Synchronized;;;;;;;;;;
;;;;;;;4201;05/06/2023;10:12:29;37.15;Synchronized;;;;;;;;;;
;;;;;;;4202;05/06/2023;10:12:44;37.16;Synchronized;;;;;;;;;;
;;;;;;;4203;05/06/2023;10:12:59;37.16;Synchronized;;;;;;;;;;
;;;;;;;4204;05/06/2023;10:13:14;37.13;Synchronized;;;;;;;;;;
;;;;;;;4205;05/06/2023;10:13:29;37.15;Synchronized;;;;;;;;;;
;;;;;;;4206;05/06/2023;10:13:44;37.15;Synchronized;;;;;;;;;;
;;;;;;;4207;05/06/2023;10:13:59;37.16;Synchronized;;;;;;;;;;
;;;;;;;4208;05/06/2023;10:14:14;37.17;Synchronized;;;;;;;;;;
;;;;;;;4209;05/06/2023;10:14:29;37.15;Synchronized;;;;;;;;;;
;;;;;;;4210;05/06/2023;10:14:44;37.14;Synchronized;;;;;;;;;;
;;;;;;;4211;05/06/2023;10:14:59;37.16;Synchronized;;;;;;;;;;
;;;;;;;4212;05/06/2023;10:15:14;37.15;Synchronized;;;;;;;;;;
;;;;;;;4213;05/06/2023;10:15:29;37.16;Synchronized;;;;;;;;;;
;;;;;;;4214;05/06/2023;10:15:43;37.16;Synchronized;;;;;;;;;;
;;;;;;;4215;05/06/2023;10:15:58;37.15;Synchronized;;;;;;;;;;
;;;;;;;4216;05/06/2023;10:16:13;37.16;Synchronized;;;;;;;;;;
;;;;;;;4217;05/06/2023;10:16:28;37.16;Synchronized;;;;;;;;;;
;;;;;;;4218;05/06/2023;10:16:43;37.16;Synchronized;;;;;;;;;;
;;;;;;;4219;05/06/2023;10:16:58;37.16;Synchronized;;;;;;;;;;
;;;;;;;4220;05/06/2023;10:17:13;37.16;Synchronized;;;;;;;;;;
;;;;;;;4221;05/06/2023;10:17:28;37.15;Synchronized;;;;;;;;;;
;;;;;;;4222;05/06/2023;10:17:43;37.16;Synchronized;;;;;;;;;;
;;;;;;;4223;05/06/2023;10:17:58;37.15;Synchronized;;;;;;;;;;
;;;;;;;4224;05/06/2023;10:18:13;37.16;Synchronized;;;;;;;;;;
;;;;;;;4225;05/06/2023;10:18:28;37.14;Synchronized;;;;;;;;;;
;;;;;;;4226;05/06/2023;10:18:43;37.14;Synchronized;;;;;;;;;;
;;;;;;;4227;05/06/2023;10:18:58;37.15;Synchronized;;;;;;;;;;
;;;;;;;4228;05/06/2023;10:19:13;37.16;Synchronized;;;;;;;;;;
;;;;;;;4229;05/06/2023;10:19:28;37.17;Synchronized;;;;;;;;;;
;;;;;;;4230;05/06/2023;10:19:43;37.17;Synchronized;;;;;;;;;;
;;;;;;;4231;05/06/2023;10:19:58;37.14;Synchronized;;;;;;;;;;
;;;;;;;4232;05/06/2023;10:20:13;37.16;Synchronized;;;;;;;;;;
;;;;;;;4233;05/06/2023;10:20:28;37.16;Synchronized;;;;;;;;;;
;;;;;;;4234;05/06/2023;10:20:43;37.16;Synchronized;;;;;;;;;;
;;;;;;;4235;05/06/2023;10:20:58;37.16;Synchronized;;;;;;;;;;
;;;;;;;4236;05/06/2023;10:21:13;37.16;Synchronized;;;;;;;;;;
;;;;;;;4237;05/06/2023;10:21:28;37.15;Synchronized;;;;;;;;;;
;;;;;;;4238;05/06/2023;10:21:43;37.16;Synchronized;;;;;;;;;;
;;;;;;;4239;05/06/2023;10:21:58;37.13;Synchronized;;;;;;;;;;
;;;;;;;4240;05/06/2023;10:22:13;37.16;Synchronized;;;;;;;;;;
;;;;;;;4241;05/06/2023;10:22:28;37.17;Synchronized;;;;;;;;;;
;;;;;;;4242;05/06/2023;10:22:43;37.13;;;;;;;;;;;
;;;;;;;4243;05/06/2023;10:22:58;37.13;;;;;;;;;;;
;;;;;;;4244;05/06/2023;10:23:13;37.15;;;;;;;;;;;
;;;;;;;4245;05/06/2023;10:23:28;37.13;Synchronized;;;;;;;;;;
;;;;;;;4246;05/06/2023;10:23:43;37.15;Synchronized;;;;;;;;;;
;;;;;;;4247;05/06/2023;10:23:58;37.13;Synchronized;;;;;;;;;;
;;;;;;;4248;05/06/2023;10:24:13;37.1;Synchronized;;;;;;;;;;
;;;;;;;4249;05/06/2023;10:24:28;37.12;;;;;;;;;;;
;;;;;;;4250;05/06/2023;10:24:43;37.09;Synchronized;;;;;;;;;;
;;;;;;;4251;05/06/2023;10:24:58;37.11;;;;;;;;;;;
;;;;;;;4252;05/06/2023;10:25:13;37.11;;;;;;;;;;;
;;;;;;;4253;05/06/2023;10:25:28;37.13;;;;;;;;;;;
;;;;;;;4254;05/06/2023;10:25:43;37.11;Synchronized;;;;;;;;;;
;;;;;;;4255;05/06/2023;10:25:58;37.12;Synchronized;;;;;;;;;;
;;;;;;;4256;05/06/2023;10:26:13;37.11;Synchronized;;;;;;;;;;
;;;;;;;4257;05/06/2023;10:26:28;37.09;;;;;;;;;;;
;;;;;;;4258;05/06/2023;10:26:43;37.11;;;;;;;;;;;
;;;;;;;4259;05/06/2023;10:26:58;37.08;;;;;;;;;;;
;;;;;;;4260;05/06/2023;10:27:13;37.07;;;;;;;;;;;
;;;;;;;4261;05/06/2023;10:27:28;37.09;;;;;;;;;;;
;;;;;;;4262;05/06/2023;10:27:43;37.05;;;;;;;;;;;
;;;;;;;4263;05/06/2023;10:27:58;37.06;;;;;;;;;;;
;;;;;;;4264;05/06/2023;10:28:13;37.08;;;;;;;;;;;
;;;;;;;4265;05/06/2023;10:28:28;37.08;;;;;;;;;;;
;;;;;;;4266;05/06/2023;10:28:43;37.1;;;;;;;;;;;
;;;;;;;4267;05/06/2023;10:28:58;37.1;;;;;;;;;;;
;;;;;;;4268;05/06/2023;10:29:13;37.1;Synchronized;;;;;;;;;;
;;;;;;;4269;05/06/2023;10:29:27;37.11;Synchronized;;;;;;;;;;
;;;;;;;4270;05/06/2023;10:29:42;37.11;;;;;;;;;;;
;;;;;;;4271;05/06/2023;10:29:57;37.09;;;;;;;;;;;
;;;;;;;4272;05/06/2023;10:30:12;36.71;;;;;;;;;;;
;;;;;;;4273;05/06/2023;10:30:27;35.75;;;;;;;;;;;
;;;;;;;4274;05/06/2023;10:30:42;35.98;;;;;;;;;;;
;;;;;;;4275;05/06/2023;10:30:57;36.09;;;;;;;;;;;
;;;;;;;4276;05/06/2023;10:31:12;36.18;;;;;;;;;;;
;;;;;;;4277;05/06/2023;10:31:27;36.36;Synchronized;;;;;;;;;;
;;;;;;;4278;05/06/2023;10:31:42;36.48;Synchronized;;;;;;;;;;
;;;;;;;4279;05/06/2023;10:31:57;36.51;;;;;;;;;;;
;;;;;;;4280;05/06/2023;10:32:12;36.54;Synchronized;;;;;;;;;;
;;;;;;;4281;05/06/2023;10:32:27;36.59;;;;;;;;;;;
;;;;;;;4282;05/06/2023;10:32:42;36.62;;;;;;;;;;;
;;;;;;;4283;05/06/2023;10:32:57;36.7;;;;;;;;;;;
;;;;;;;4284;05/06/2023;10:33:12;36.7;;;;;;;;;;;
;;;;;;;4285;05/06/2023;10:33:27;36.73;;;;;;;;;;;
;;;;;;;4286;05/06/2023;10:33:42;36.78;;;;;;;;;;;
;;;;;;;4287;05/06/2023;10:33:57;36.86;;;;;;;;;;;
;;;;;;;4288;05/06/2023;10:34:12;36.88;;;;;;;;;;;
;;;;;;;4289;05/06/2023;10:34:27;36.87;;;;;;;;;;;
;;;;;;;4290;05/06/2023;10:34:42;36.91;;;;;;;;;;;
;;;;;;;4291;05/06/2023;10:34:57;37.02;;;;;;;;;;;
;;;;;;;4292;05/06/2023;10:35:12;37.12;Synchronized;;;;;;;;;;
;;;;;;;4293;05/06/2023;10:35:27;37.16;;;;;;;;;;;
;;;;;;;4294;05/06/2023;10:35:42;37.22;;;;;;;;;;;
;;;;;;;4295;05/06/2023;10:35:57;37.27;;;;;;;;;;;
;;;;;;;4296;05/06/2023;10:36:12;37.28;;;;;;;;;;;
;;;;;;;4297;05/06/2023;10:36:27;37.29;;;;;;;;;;;
;;;;;;;4298;05/06/2023;10:36:42;37.32;;;;;;;;;;;
;;;;;;;4299;05/06/2023;10:36:57;37.34;;;;;;;;;;;
;;;;;;;4300;05/06/2023;10:37:12;37.33;Synchronized;;;;;;;;;;
;;;;;;;4301;05/06/2023;10:37:27;37.34;Synchronized;;;;;;;;;;
;;;;;;;4302;05/06/2023;10:37:42;37.35;Synchronized;;;;;;;;;;
;;;;;;;4303;05/06/2023;10:37:57;37.36;Synchronized;;;;;;;;;;
;;;;;;;4304;05/06/2023;10:38:12;37.34;;;;;;;;;;;
;;;;;;;4305;05/06/2023;10:38:27;37.33;Synchronized;;;;;;;;;;
;;;;;;;4306;05/06/2023;10:38:42;37.33;Synchronized;;;;;;;;;;
;;;;;;;4307;05/06/2023;10:38:57;37.32;Synchronized;;;;;;;;;;
;;;;;;;4308;05/06/2023;10:39:12;37.3;;;;;;;;;;;
;;;;;;;4309;05/06/2023;10:39:27;37.34;;;;;;;;;;;
;;;;;;;4310;05/06/2023;10:39:42;37.33;Synchronized;;;;;;;;;;
;;;;;;;4311;05/06/2023;10:39:57;37.32;Synchronized;;;;;;;;;;
;;;;;;;4312;05/06/2023;10:40:12;37.33;;;;;;;;;;;
;;;;;;;4313;05/06/2023;10:40:27;37.32;;;;;;;;;;;
;;;;;;;4314;05/06/2023;10:40:42;37.33;;;;;;;;;;;
;;;;;;;4315;05/06/2023;10:40:57;37.36;;;;;;;;;;;
;;;;;;;4316;05/06/2023;10:41:12;37.33;Synchronized;;;;;;;;;;
;;;;;;;4317;05/06/2023;10:41:27;37.23;;;;;;;;;;;
;;;;;;;4318;05/06/2023;10:41:42;37.2;;;;;;;;;;;
;;;;;;;4319;05/06/2023;10:41:57;37.22;Synchronized;;;;;;;;;;
;;;;;;;4320;05/06/2023;10:42:12;37.23;;;;;;;;;;;
;;;;;;;4321;05/06/2023;10:42:27;37.25;;;;;;;;;;;
;;;;;;;4322;05/06/2023;10:42:42;37.27;;;;;;;;;;;
;;;;;;;4323;05/06/2023;10:42:57;37.27;;;;;;;;;;;
;;;;;;;4324;05/06/2023;10:43:12;37.29;;;;;;;;;;;
;;;;;;;4325;05/06/2023;10:43:27;37.29;;;;;;;;;;;
;;;;;;;4326;05/06/2023;10:43:42;37.29;Synchronized;;;;;;;;;;
;;;;;;;4327;05/06/2023;10:43:57;37.27;;;;;;;;;;;
;;;;;;;4328;05/06/2023;10:44:11;37.28;;;;;;;;;;;
;;;;;;;4329;05/06/2023;10:44:26;36.95;;;;;;;;;;;
;;;;;;;4330;05/06/2023;10:44:41;36.84;Synchronized;;;;;;;;;;
;;;;;;;4331;05/06/2023;10:44:56;36.86;Synchronized;;;;;;;;;;
;;;;;;;4332;05/06/2023;10:45:11;36.89;Synchronized;;;;;;;;;;
;;;;;;;4333;05/06/2023;10:45:26;36.91;Synchronized;;;;;;;;;;
;;;;;;;4334;05/06/2023;10:45:41;36.76;Synchronized;;;;;;;;;;
;;;;;;;4335;05/06/2023;10:45:56;36.56;Synchronized;;;;;;;;;;
;;;;;;;4336;05/06/2023;10:46:11;36.48;Synchronized;;;;;;;;;;
;;;;;;;4337;05/06/2023;10:46:26;36.45;;;;;;;;;;;
;;;;;;;4338;05/06/2023;10:46:41;36.34;Synchronized;;;;;;;;;;
;;;;;;;4339;05/06/2023;10:46:56;36.23;;;;;;;;;;;
;;;;;;;4340;05/06/2023;10:47:11;36.24;;;;;;;;;;;
;;;;;;;4341;05/06/2023;10:47:26;36.3;;;;;;;;;;;
;;;;;;;4342;05/06/2023;10:47:41;36.38;Synchronized;;;;;;;;;;
;;;;;;;4343;05/06/2023;10:47:56;36.47;Synchronized;;;;;;;;;;
;;;;;;;4344;05/06/2023;10:48:11;36.52;;;;;;;;;;;
;;;;;;;4345;05/06/2023;10:48:26;36.61;Synchronized;;;;;;;;;;
;;;;;;;4346;05/06/2023;10:48:41;36.68;Synchronized;;;;;;;;;;
;;;;;;;4347;05/06/2023;10:48:56;36.74;;;;;;;;;;;
;;;;;;;4348;05/06/2023;10:49:11;36.82;Synchronized;;;;;;;;;;
;;;;;;;4349;05/06/2023;10:49:26;36.84;;;;;;;;;;;
;;;;;;;4350;05/06/2023;10:49:41;36.88;Synchronized;;;;;;;;;;
;;;;;;;4351;05/06/2023;10:49:56;36.91;Synchronized;;;;;;;;;;
;;;;;;;4352;05/06/2023;10:50:11;36.95;Synchronized;;;;;;;;;;
;;;;;;;4353;05/06/2023;10:50:26;36.97;;;;;;;;;;;
;;;;;;;4354;05/06/2023;10:50:41;36.92;Synchronized;;;;;;;;;;
;;;;;;;4355;05/06/2023;10:50:56;36.92;Synchronized;;;;;;;;;;
;;;;;;;4356;05/06/2023;10:51:11;36.97;Synchronized;;;;;;;;;;
;;;;;;;4357;05/06/2023;10:51:26;37;Synchronized;;;;;;;;;;
;;;;;;;4358;05/06/2023;10:51:41;37.01;Synchronized;;;;;;;;;;
;;;;;;;4359;05/06/2023;10:51:56;37.02;;;;;;;;;;;
;;;;;;;4360;05/06/2023;10:52:11;37.05;;;;;;;;;;;
;;;;;;;4361;05/06/2023;10:52:26;37.05;;;;;;;;;;;
;;;;;;;4362;05/06/2023;10:52:41;37.06;;;;;;;;;;;
;;;;;;;4363;05/06/2023;10:52:56;37.07;Synchronized;;;;;;;;;;
;;;;;;;4364;05/06/2023;10:53:11;37.09;;;;;;;;;;;
;;;;;;;4365;05/06/2023;10:53:26;37.09;;;;;;;;;;;
;;;;;;;4366;05/06/2023;10:53:41;37.08;;;;;;;;;;;
;;;;;;;4367;05/06/2023;10:53:56;37.09;;;;;;;;;;;
;;;;;;;4368;05/06/2023;10:54:11;37.12;Synchronized;;;;;;;;;;
;;;;;;;4369;05/06/2023;10:54:26;37.12;;;;;;;;;;;
;;;;;;;4370;05/06/2023;10:54:41;37.13;Synchronized;;;;;;;;;;
;;;;;;;4371;05/06/2023;10:54:56;37.13;;;;;;;;;;;
;;;;;;;4372;05/06/2023;10:55:11;37.14;Synchronized;;;;;;;;;;
;;;;;;;4373;05/06/2023;10:55:26;37.14;;;;;;;;;;;
;;;;;;;4374;05/06/2023;10:55:41;37.15;Synchronized;;;;;;;;;;
;;;;;;;4375;05/06/2023;10:55:56;37.15;;;;;;;;;;;
;;;;;;;4376;05/06/2023;10:56:11;37.16;Synchronized;;;;;;;;;;
;;;;;;;4377;05/06/2023;10:56:26;37.19;Synchronized;;;;;;;;;;
;;;;;;;4378;05/06/2023;10:56:41;37.17;;;;;;;;;;;
;;;;;;;4379;05/06/2023;10:56:56;37.21;Synchronized;;;;;;;;;;
;;;;;;;4380;05/06/2023;10:57:11;37.24;Synchronized;;;;;;;;;;
;;;;;;;4381;05/06/2023;10:57:26;37.23;Synchronized;;;;;;;;;;
;;;;;;;4382;05/06/2023;10:57:41;37.24;Synchronized;;;;;;;;;;
;;;;;;;4383;05/06/2023;10:57:56;37.23;Synchronized;;;;;;;;;;
;;;;;;;4384;05/06/2023;10:58:11;37.24;Synchronized;;;;;;;;;;
;;;;;;;4385;05/06/2023;10:58:26;37.25;Synchronized;;;;;;;;;;
;;;;;;;4386;05/06/2023;10:58:41;37.23;Synchronized;;;;;;;;;;
;;;;;;;4387;05/06/2023;10:58:56;37.27;Synchronized;;;;;;;;;;
;;;;;;;4388;05/06/2023;10:59:11;37.27;Synchronized;;;;;;;;;;
;;;;;;;4389;05/06/2023;10:59:26;37.27;Synchronized;;;;;;;;;;
;;;;;;;4390;05/06/2023;10:59:41;37.25;;;;;;;;;;;
;;;;;;;4391;05/06/2023;10:59:56;37.27;Synchronized;;;;;;;;;;
;;;;;;;4392;05/06/2023;11:00:11;37.26;Synchronized;;;;;;;;;;
;;;;;;;4393;05/06/2023;11:00:25;37.26;Synchronized;;;;;;;;;;
;;;;;;;4394;05/06/2023;11:00:40;37.28;Synchronized;;;;;;;;;;
;;;;;;;4395;05/06/2023;11:00:55;37.27;;;;;;;;;;;
;;;;;;;4396;05/06/2023;11:01:10;37.29;Synchronized;;;;;;;;;;
;;;;;;;4397;05/06/2023;11:01:25;37.27;;;;;;;;;;;
;;;;;;;4398;05/06/2023;11:01:40;37.27;;;;;;;;;;;
;;;;;;;4399;05/06/2023;11:01:55;37.22;;;;;;;;;;;
;;;;;;;4400;05/06/2023;11:02:10;37.19;;;;;;;;;;;
;;;;;;;4401;05/06/2023;11:02:25;37.2;;;;;;;;;;;
;;;;;;;4402;05/06/2023;11:02:40;37.15;;;;;;;;;;;
;;;;;;;4403;05/06/2023;11:02:55;37.16;;;;;;;;;;;
;;;;;;;4404;05/06/2023;11:03:10;37.2;;;;;;;;;;;
;;;;;;;4405;05/06/2023;11:03:25;37.2;;;;;;;;;;;
;;;;;;;4406;05/06/2023;11:03:40;37.2;Synchronized;;;;;;;;;;
;;;;;;;4407;05/06/2023;11:03:55;37.2;Synchronized;;;;;;;;;;
;;;;;;;4408;05/06/2023;11:04:10;37.2;Synchronized;;;;;;;;;;
;;;;;;;4409;05/06/2023;11:04:25;37.16;Synchronized;;;;;;;;;;
;;;;;;;4410;05/06/2023;11:04:40;37.16;Synchronized;;;;;;;;;;
;;;;;;;4411;05/06/2023;11:04:55;37.17;Synchronized;;;;;;;;;;
;;;;;;;4412;05/06/2023;11:05:10;37.16;Synchronized;;;;;;;;;;
;;;;;;;4413;05/06/2023;11:05:25;37.16;Synchronized;;;;;;;;;;
;;;;;;;4414;05/06/2023;11:05:40;37.16;;;;;;;;;;;
;;;;;;;4415;05/06/2023;11:05:55;37.16;;;;;;;;;;;
;;;;;;;4416;05/06/2023;11:06:10;37.17;;;;;;;;;;;
;;;;;;;4417;05/06/2023;11:06:25;37.16;;;;;;;;;;;
;;;;;;;4418;05/06/2023;11:06:40;37.2;;;;;;;;;;;
;;;;;;;4419;05/06/2023;11:06:55;37.16;Synchronized;;;;;;;;;;
;;;;;;;4420;05/06/2023;11:07:10;37.2;Synchronized;;;;;;;;;;
;;;;;;;4421;05/06/2023;11:07:25;37.21;Synchronized;;;;;;;;;;
;;;;;;;4422;05/06/2023;11:07:40;37.2;Synchronized;;;;;;;;;;
;;;;;;;4423;05/06/2023;11:07:55;37.22;;;;;;;;;;;
;;;;;;;4424;05/06/2023;11:08:10;37.22;Synchronized;;;;;;;;;;
;;;;;;;4425;05/06/2023;11:08:25;37.21;Synchronized;;;;;;;;;;
;;;;;;;4426;05/06/2023;11:08:40;37.22;Synchronized;;;;;;;;;;
;;;;;;;4427;05/06/2023;11:08:55;37.19;Synchronized;;;;;;;;;;
;;;;;;;4428;05/06/2023;11:09:10;37.17;Synchronized;;;;;;;;;;
;;;;;;;4429;05/06/2023;11:09:25;37.19;;;;;;;;;;;
;;;;;;;4430;05/06/2023;11:09:40;37.17;;;;;;;;;;;
;;;;;;;4431;05/06/2023;11:09:55;37.2;;;;;;;;;;;
;;;;;;;4432;05/06/2023;11:10:10;37.23;;;;;;;;;;;
;;;;;;;4433;05/06/2023;11:10:25;37.23;Synchronized;;;;;;;;;;
;;;;;;;4434;05/06/2023;11:10:40;37.23;Synchronized;;;;;;;;;;
;;;;;;;4435;05/06/2023;11:10:55;37.26;Synchronized;;;;;;;;;;
;;;;;;;4436;05/06/2023;11:11:10;37.27;;;;;;;;;;;
;;;;;;;4437;05/06/2023;11:11:25;37.28;Synchronized;;;;;;;;;;
;;;;;;;4438;05/06/2023;11:11:40;37.27;Synchronized;;;;;;;;;;
;;;;;;;4439;05/06/2023;11:11:55;37.24;Synchronized;;;;;;;;;;
;;;;;;;4440;05/06/2023;11:12:10;37.25;Synchronized;;;;;;;;;;
;;;;;;;4441;05/06/2023;11:12:25;37.23;Synchronized;;;;;;;;;;
;;;;;;;4442;05/06/2023;11:12:40;37.23;Synchronized;;;;;;;;;;
;;;;;;;4443;05/06/2023;11:12:55;37.23;Synchronized;;;;;;;;;;
;;;;;;;4444;05/06/2023;11:13:10;37.23;Synchronized;;;;;;;;;;
;;;;;;;4445;05/06/2023;11:13:24;37.22;Synchronized;;;;;;;;;;
;;;;;;;4446;05/06/2023;11:13:39;37.21;Synchronized;;;;;;;;;;
;;;;;;;4447;05/06/2023;11:13:54;37.2;Synchronized;;;;;;;;;;
;;;;;;;4448;05/06/2023;11:14:09;37.2;Synchronized;;;;;;;;;;
;;;;;;;4449;05/06/2023;11:14:24;37.22;Synchronized;;;;;;;;;;
;;;;;;;4450;05/06/2023;11:14:39;37.19;Synchronized;;;;;;;;;;
;;;;;;;4451;05/06/2023;11:14:54;37.2;Synchronized;;;;;;;;;;
;;;;;;;4452;05/06/2023;11:15:09;37.21;;;;;;;;;;;
;;;;;;;4453;05/06/2023;11:15:24;37.19;Synchronized;;;;;;;;;;
;;;;;;;4454;05/06/2023;11:15:39;37.13;;;;;;;;;;;
;;;;;;;4455;05/06/2023;11:15:54;37.16;Synchronized;;;;;;;;;;
;;;;;;;4456;05/06/2023;11:16:09;37.16;Synchronized;;;;;;;;;;
;;;;;;;4457;05/06/2023;11:16:24;37.19;Synchronized;;;;;;;;;;
;;;;;;;4458;05/06/2023;11:16:39;37.19;;;;;;;;;;;
;;;;;;;4459;05/06/2023;11:16:54;37.19;;;;;;;;;;;
;;;;;;;4460;05/06/2023;11:17:09;37.2;Synchronized;;;;;;;;;;
;;;;;;;4461;05/06/2023;11:17:24;37.22;Synchronized;;;;;;;;;;
;;;;;;;4462;05/06/2023;11:17:39;37.2;Synchronized;;;;;;;;;;
;;;;;;;4463;05/06/2023;11:17:54;37.2;Synchronized;;;;;;;;;;
;;;;;;;4464;05/06/2023;11:18:09;37.21;Synchronized;;;;;;;;;;
;;;;;;;4465;05/06/2023;11:18:24;37.27;Synchronized;;;;;;;;;;
;;;;;;;4466;05/06/2023;11:18:39;37.26;Synchronized;;;;;;;;;;
;;;;;;;4467;05/06/2023;11:18:54;37.29;Synchronized;;;;;;;;;;
;;;;;;;4468;05/06/2023;11:19:09;37.28;Synchronized;;;;;;;;;;
;;;;;;;4469;05/06/2023;11:19:24;37.27;Synchronized;;;;;;;;;;
;;;;;;;4470;05/06/2023;11:19:39;37.27;Synchronized;;;;;;;;;;
;;;;;;;4471;05/06/2023;11:19:54;37.23;Synchronized;;;;;;;;;;
;;;;;;;4472;05/06/2023;11:20:09;37.23;Synchronized;;;;;;;;;;
;;;;;;;4473;05/06/2023;11:20:24;37.22;Synchronized;;;;;;;;;;
;;;;;;;4474;05/06/2023;11:20:39;37.2;;;;;;;;;;;
;;;;;;;4475;05/06/2023;11:20:54;37.2;Synchronized;;;;;;;;;;
;;;;;;;4476;05/06/2023;11:21:09;37.19;Synchronized;;;;;;;;;;
;;;;;;;4477;05/06/2023;11:21:24;37.19;Synchronized;;;;;;;;;;
;;;;;;;4478;05/06/2023;11:21:39;37.2;Synchronized;;;;;;;;;;
;;;;;;;4479;05/06/2023;11:21:54;37.19;Synchronized;;;;;;;;;;
;;;;;;;4480;05/06/2023;11:22:09;37.21;Synchronized;;;;;;;;;;
;;;;;;;4481;05/06/2023;11:22:24;37.2;;;;;;;;;;;
;;;;;;;4482;05/06/2023;11:22:39;37.2;Synchronized;;;;;;;;;;
;;;;;;;4483;05/06/2023;11:22:54;37.23;;;;;;;;;;;
;;;;;;;4484;05/06/2023;11:23:08;37.23;;;;;;;;;;;
;;;;;;;4485;05/06/2023;11:23:23;37.23;;;;;;;;;;;
;;;;;;;4486;05/06/2023;11:23:38;37.23;;;;;;;;;;;
;;;;;;;4487;05/06/2023;11:23:53;37.2;Synchronized;;;;;;;;;;
;;;;;;;4488;05/06/2023;11:24:08;37.23;;;;;;;;;;;
;;;;;;;4489;05/06/2023;11:24:23;37.21;Synchronized;;;;;;;;;;
;;;;;;;4490;05/06/2023;11:24:38;37.23;;;;;;;;;;;
;;;;;;;4491;05/06/2023;11:24:53;37.23;;;;;;;;;;;
;;;;;;;4492;05/06/2023;11:25:08;37.22;;;;;;;;;;;
;;;;;;;4493;05/06/2023;11:25:23;37.21;;;;;;;;;;;
;;;;;;;4494;05/06/2023;11:25:38;37.23;;;;;;;;;;;
;;;;;;;4495;05/06/2023;11:25:53;37.22;;;;;;;;;;;
;;;;;;;4496;05/06/2023;11:26:08;37.21;Synchronized;;;;;;;;;;
;;;;;;;4497;05/06/2023;11:26:23;37.23;Synchronized;;;;;;;;;;
;;;;;;;4498;05/06/2023;11:26:38;37.21;;;;;;;;;;;
;;;;;;;4499;05/06/2023;11:26:53;37.23;Synchronized;;;;;;;;;;
;;;;;;;4500;05/06/2023;11:27:08;37.21;Synchronized;;;;;;;;;;
;;;;;;;4501;05/06/2023;11:27:23;37.2;Synchronized;;;;;;;;;;
;;;;;;;4502;05/06/2023;11:27:38;37.2;;;;;;;;;;;
;;;;;;;4503;05/06/2023;11:27:53;37.22;Synchronized;;;;;;;;;;
;;;;;;;4504;05/06/2023;11:28:08;37.23;;;;;;;;;;;
;;;;;;;4505;05/06/2023;11:28:23;37.21;Synchronized;;;;;;;;;;
;;;;;;;4506;05/06/2023;11:28:38;37.23;Synchronized;;;;;;;;;;
;;;;;;;4507;05/06/2023;11:28:53;37.22;;;;;;;;;;;
;;;;;;;4508;05/06/2023;11:29:08;37.21;;;;;;;;;;;
;;;;;;;4509;05/06/2023;11:29:23;37.23;;;;;;;;;;;
;;;;;;;4510;05/06/2023;11:29:38;37.24;;;;;;;;;;;
;;;;;;;4511;05/06/2023;11:29:53;37.23;;;;;;;;;;;
;;;;;;;4512;05/06/2023;11:30:08;37.23;Synchronized;;;;;;;;;;
;;;;;;;4513;05/06/2023;11:30:23;37.24;;;;;;;;;;;
;;;;;;;4514;05/06/2023;11:30:38;37.24;;;;;;;;;;;
;;;;;;;4515;05/06/2023;11:30:53;37.23;Synchronized;;;;;;;;;;
;;;;;;;4516;05/06/2023;11:31:08;37.25;Synchronized;;;;;;;;;;
;;;;;;;4517;05/06/2023;11:31:23;37.24;Synchronized;;;;;;;;;;
;;;;;;;4518;05/06/2023;11:31:38;37.25;;;;;;;;;;;
;;;;;;;4519;05/06/2023;11:31:53;37.26;Synchronized;;;;;;;;;;
;;;;;;;4520;05/06/2023;11:32:08;37.22;Synchronized;;;;;;;;;;
;;;;;;;4521;05/06/2023;11:32:23;37.24;Synchronized;;;;;;;;;;
;;;;;;;4522;05/06/2023;11:32:38;37.23;;;;;;;;;;;
;;;;;;;4523;05/06/2023;11:32:53;37.25;;;;;;;;;;;
;;;;;;;4524;05/06/2023;11:33:08;37.23;;;;;;;;;;;
;;;;;;;4525;05/06/2023;11:33:23;37.24;;;;;;;;;;;
;;;;;;;4526;05/06/2023;11:33:37;37.22;;;;;;;;;;;
;;;;;;;4527;05/06/2023;11:33:52;37.24;Synchronized;;;;;;;;;;
;;;;;;;4528;05/06/2023;11:34:07;37.25;;;;;;;;;;;
;;;;;;;4529;05/06/2023;11:34:22;37.23;;;;;;;;;;;
;;;;;;;4530;05/06/2023;11:34:37;37.24;;;;;;;;;;;
;;;;;;;4531;05/06/2023;11:34:52;37.23;Synchronized;;;;;;;;;;
;;;;;;;4532;05/06/2023;11:35:07;37.23;;;;;;;;;;;
;;;;;;;4533;05/06/2023;11:35:22;37.24;;;;;;;;;;;
;;;;;;;4534;05/06/2023;11:35:37;37.23;Synchronized;;;;;;;;;;
;;;;;;;4535;05/06/2023;11:35:52;37.23;;;;;;;;;;;
;;;;;;;4536;05/06/2023;11:36:07;37.24;;;;;;;;;;;
;;;;;;;4537;05/06/2023;11:36:22;37.22;;;;;;;;;;;
;;;;;;;4538;05/06/2023;11:36:37;37.2;;;;;;;;;;;
;;;;;;;4539;05/06/2023;11:36:52;37.22;;;;;;;;;;;
;;;;;;;4540;05/06/2023;11:37:07;37.22;;;;;;;;;;;
;;;;;;;4541;05/06/2023;11:37:22;37.21;;;;;;;;;;;
;;;;;;;4542;05/06/2023;11:37:37;37.21;;;;;;;;;;;
;;;;;;;4543;05/06/2023;11:37:52;37.22;;;;;;;;;;;
;;;;;;;4544;05/06/2023;11:38:07;37.21;;;;;;;;;;;
;;;;;;;4545;05/06/2023;11:38:22;37.23;;;;;;;;;;;
;;;;;;;4546;05/06/2023;11:38:37;37.23;;;;;;;;;;;
;;;;;;;4547;05/06/2023;11:38:52;37.21;;;;;;;;;;;
;;;;;;;4548;05/06/2023;11:39:07;37.2;;;;;;;;;;;
;;;;;;;4549;05/06/2023;11:39:22;37.22;;;;;;;;;;;
;;;;;;;4550;05/06/2023;11:39:37;37.2;;;;;;;;;;;
;;;;;;;4551;05/06/2023;11:39:52;37.19;;;;;;;;;;;
;;;;;;;4552;05/06/2023;11:40:07;37.2;;;;;;;;;;;
;;;;;;;4553;05/06/2023;11:40:22;37.2;;;;;;;;;;;
;;;;;;;4554;05/06/2023;11:40:37;37.2;;;;;;;;;;;
;;;;;;;4555;05/06/2023;11:40:52;37.2;;;;;;;;;;;
;;;;;;;4556;05/06/2023;11:41:07;37.19;;;;;;;;;;;
;;;;;;;4557;05/06/2023;11:41:22;37.17;;;;;;;;;;;
;;;;;;;4558;05/06/2023;11:41:37;37.19;;;;;;;;;;;
;;;;;;;4559;05/06/2023;11:41:52;37.19;;;;;;;;;;;
;;;;;;;4560;05/06/2023;11:42:07;37.2;;;;;;;;;;;
;;;;;;;4561;05/06/2023;11:42:22;37.2;;;;;;;;;;;
;;;;;;;4562;05/06/2023;11:42:37;37.2;;;;;;;;;;;
;;;;;;;4563;05/06/2023;11:42:52;37.19;;;;;;;;;;;
;;;;;;;4564;05/06/2023;11:43:07;37.2;;;;;;;;;;;
;;;;;;;4565;05/06/2023;11:43:22;37.19;;;;;;;;;;;
;;;;;;;4566;05/06/2023;11:43:37;37.2;;;;;;;;;;;
;;;;;;;4567;05/06/2023;11:43:51;37.2;;;;;;;;;;;
;;;;;;;4568;05/06/2023;11:44:06;37.2;;;;;;;;;;;
;;;;;;;4569;05/06/2023;11:44:21;37.2;Synchronized;;;;;;;;;;
;;;;;;;4570;05/06/2023;11:44:36;37.21;;;;;;;;;;;
;;;;;;;4571;05/06/2023;11:44:51;37.21;;;;;;;;;;;
;;;;;;;4572;05/06/2023;11:45:06;37.2;Synchronized;;;;;;;;;;
;;;;;;;4573;05/06/2023;11:45:21;37.19;;;;;;;;;;;
;;;;;;;4574;05/06/2023;11:45:36;37.22;Synchronized;;;;;;;;;;
;;;;;;;4575;05/06/2023;11:45:51;37.22;;;;;;;;;;;
;;;;;;;4576;05/06/2023;11:46:06;37.2;;;;;;;;;;;
;;;;;;;4577;05/06/2023;11:46:21;37.21;;;;;;;;;;;
;;;;;;;4578;05/06/2023;11:46:36;37.22;;;;;;;;;;;
;;;;;;;4579;05/06/2023;11:46:51;37.22;;;;;;;;;;;
;;;;;;;4580;05/06/2023;11:47:06;37.22;;;;;;;;;;;
;;;;;;;4581;05/06/2023;11:47:21;37.23;;;;;;;;;;;
;;;;;;;4582;05/06/2023;11:47:36;37.21;;;;;;;;;;;
;;;;;;;4583;05/06/2023;11:47:51;37.23;Synchronized;;;;;;;;;;
;;;;;;;4584;05/06/2023;11:48:06;37.23;;;;;;;;;;;
;;;;;;;4585;05/06/2023;11:48:21;37.2;;;;;;;;;;;
;;;;;;;4586;05/06/2023;11:48:36;37.24;;;;;;;;;;;
;;;;;;;4587;05/06/2023;11:48:51;37.22;;;;;;;;;;;
;;;;;;;4588;05/06/2023;11:49:06;37.22;;;;;;;;;;;
;;;;;;;4589;05/06/2023;11:49:21;37.23;;;;;;;;;;;
;;;;;;;4590;05/06/2023;11:49:36;37.23;Synchronized;;;;;;;;;;
;;;;;;;4591;05/06/2023;11:49:51;37.23;Synchronized;;;;;;;;;;
;;;;;;;4592;05/06/2023;11:50:06;37.22;;;;;;;;;;;
;;;;;;;4593;05/06/2023;11:50:21;37.22;Synchronized;;;;;;;;;;
;;;;;;;4594;05/06/2023;11:50:36;37.2;Synchronized;;;;;;;;;;
;;;;;;;4595;05/06/2023;11:50:51;37.22;;;;;;;;;;;
;;;;;;;4596;05/06/2023;11:51:06;37.22;;;;;;;;;;;
;;;;;;;4597;05/06/2023;11:51:21;37.24;;;;;;;;;;;
;;;;;;;4598;05/06/2023;11:51:36;37.22;;;;;;;;;;;
;;;;;;;4599;05/06/2023;11:51:51;37.23;;;;;;;;;;;
;;;;;;;4600;05/06/2023;11:52:06;37.23;;;;;;;;;;;
;;;;;;;4601;05/06/2023;11:52:21;37.23;;;;;;;;;;;
;;;;;;;4602;05/06/2023;11:52:36;37.23;;;;;;;;;;;
;;;;;;;4603;05/06/2023;11:52:51;37.24;;;;;;;;;;;
;;;;;;;4604;05/06/2023;11:53:06;37.25;;;;;;;;;;;
;;;;;;;4605;05/06/2023;11:53:21;37.23;;;;;;;;;;;
;;;;;;;4606;05/06/2023;11:53:36;37.24;;;;;;;;;;;
;;;;;;;4607;05/06/2023;11:53:51;37.23;;;;;;;;;;;
;;;;;;;4608;05/06/2023;11:54:06;37.25;;;;;;;;;;;
;;;;;;;4609;05/06/2023;11:54:21;37.24;;;;;;;;;;;
;;;;;;;4610;05/06/2023;11:54:36;37.27;Synchronized;;;;;;;;;;
;;;;;;;4611;05/06/2023;11:54:50;37.26;;;;;;;;;;;
;;;;;;;4612;05/06/2023;11:55:05;37.29;;;;;;;;;;;
;;;;;;;4613;05/06/2023;11:55:20;37.28;;;;;;;;;;;
;;;;;;;4614;05/06/2023;11:55:35;37.3;;;;;;;;;;;
;;;;;;;4615;05/06/2023;11:55:50;37.29;Synchronized;;;;;;;;;;
;;;;;;;4616;05/06/2023;11:56:05;37.27;Synchronized;;;;;;;;;;
;;;;;;;4617;05/06/2023;11:56:20;37.31;;;;;;;;;;;
;;;;;;;4618;05/06/2023;11:56:35;37.3;;;;;;;;;;;
;;;;;;;4619;05/06/2023;11:56:50;37.3;Synchronized;;;;;;;;;;
;;;;;;;4620;05/06/2023;11:57:05;37.3;Synchronized;;;;;;;;;;
;;;;;;;4621;05/06/2023;11:57:20;37.31;Synchronized;;;;;;;;;;
;;;;;;;4622;05/06/2023;11:57:35;37.28;Synchronized;;;;;;;;;;
;;;;;;;4623;05/06/2023;11:57:50;37.31;;;;;;;;;;;
;;;;;;;4624;05/06/2023;11:58:05;37.28;Synchronized;;;;;;;;;;
;;;;;;;4625;05/06/2023;11:58:20;37.29;Synchronized;;;;;;;;;;
;;;;;;;4626;05/06/2023;11:58:35;37.31;Synchronized;;;;;;;;;;
;;;;;;;4627;05/06/2023;11:58:50;37.28;Synchronized;;;;;;;;;;
;;;;;;;4628;05/06/2023;11:59:05;37.28;Synchronized;;;;;;;;;;
;;;;;;;4629;05/06/2023;11:59:20;37.3;Synchronized;;;;;;;;;;
;;;;;;;4630;05/06/2023;11:59:35;37.28;Synchronized;;;;;;;;;;
;;;;;;;4631;05/06/2023;11:59:50;37.27;Synchronized;;;;;;;;;;
;;;;;;;4632;05/06/2023;12:00:05;37.27;Synchronized;;;;;;;;;;
;;;;;;;4633;05/06/2023;12:00:20;37.26;Synchronized;;;;;;;;;;
;;;;;;;4634;05/06/2023;12:00:35;37.25;Synchronized;;;;;;;;;;
;;;;;;;4635;05/06/2023;12:00:50;37.23;Synchronized;;;;;;;;;;
;;;;;;;4636;05/06/2023;12:01:05;37.25;Synchronized;;;;;;;;;;
;;;;;;;4637;05/06/2023;12:01:20;37.23;Synchronized;;;;;;;;;;
;;;;;;;4638;05/06/2023;12:01:35;37.22;Synchronized;;;;;;;;;;
;;;;;;;4639;05/06/2023;12:01:50;37.21;Synchronized;;;;;;;;;;
;;;;;;;4640;05/06/2023;12:02:05;37.2;Synchronized;;;;;;;;;;
;;;;;;;4641;05/06/2023;12:02:20;37.22;Synchronized;;;;;;;;;;
;;;;;;;4642;05/06/2023;12:02:35;37.22;Synchronized;;;;;;;;;;
;;;;;;;4643;05/06/2023;12:02:50;37.22;Synchronized;;;;;;;;;;
;;;;;;;4644;05/06/2023;12:03:05;37.22;Synchronized;;;;;;;;;;
;;;;;;;4645;05/06/2023;12:03:20;37.22;Synchronized;;;;;;;;;;
;;;;;;;4646;05/06/2023;12:03:35;37.21;;;;;;;;;;;
;;;;;;;4647;05/06/2023;12:03:50;37.23;;;;;;;;;;;
;;;;;;;4648;05/06/2023;12:04:05;37.21;;;;;;;;;;;
;;;;;;;4649;05/06/2023;12:04:20;37.22;;;;;;;;;;;
;;;;;;;4650;05/06/2023;12:04:35;37.21;Synchronized;;;;;;;;;;
;;;;;;;4651;05/06/2023;12:04:49;37.23;;;;;;;;;;;
;;;;;;;4652;05/06/2023;12:05:04;37.23;;;;;;;;;;;
;;;;;;;4653;05/06/2023;12:05:19;37.23;Synchronized;;;;;;;;;;
;;;;;;;4654;05/06/2023;12:05:34;37.23;;;;;;;;;;;
;;;;;;;4655;05/06/2023;12:05:49;37.26;Synchronized;;;;;;;;;;
;;;;;;;4656;05/06/2023;12:06:04;37.26;Synchronized;;;;;;;;;;
;;;;;;;4657;05/06/2023;12:06:19;37.25;Synchronized;;;;;;;;;;
;;;;;;;4658;05/06/2023;12:06:34;37.27;;;;;;;;;;;
;;;;;;;4659;05/06/2023;12:06:49;37.27;;;;;;;;;;;
;;;;;;;4660;05/06/2023;12:07:04;37.27;Synchronized;;;;;;;;;;
;;;;;;;4661;05/06/2023;12:07:19;37.26;Synchronized;;;;;;;;;;
;;;;;;;4662;05/06/2023;12:07:34;37.27;Synchronized;;;;;;;;;;
;;;;;;;4663;05/06/2023;12:07:49;37.27;Synchronized;;;;;;;;;;
;;;;;;;4664;05/06/2023;12:08:04;37.26;Synchronized;;;;;;;;;;
;;;;;;;4665;05/06/2023;12:08:19;37.31;Synchronized;;;;;;;;;;
;;;;;;;4666;05/06/2023;12:08:34;37.29;Synchronized;;;;;;;;;;
;;;;;;;4667;05/06/2023;12:08:49;37.31;;;;;;;;;;;
;;;;;;;4668;05/06/2023;12:09:04;37.32;;;;;;;;;;;
;;;;;;;4669;05/06/2023;12:09:19;37.31;;;;;;;;;;;
;;;;;;;4670;05/06/2023;12:09:34;37.33;Synchronized;;;;;;;;;;
;;;;;;;4671;05/06/2023;12:09:49;37.34;;;;;;;;;;;
;;;;;;;4672;05/06/2023;12:10:04;37.35;;;;;;;;;;;
;;;;;;;4673;05/06/2023;12:10:19;37.34;;;;;;;;;;;
;;;;;;;4674;05/06/2023;12:10:34;37.34;Synchronized;;;;;;;;;;
;;;;;;;4675;05/06/2023;12:10:49;37.34;;;;;;;;;;;
;;;;;;;4676;05/06/2023;12:11:04;37.32;;;;;;;;;;;
;;;;;;;4677;05/06/2023;12:11:19;37.33;;;;;;;;;;;
;;;;;;;4678;05/06/2023;12:11:34;37.34;Synchronized;;;;;;;;;;
;;;;;;;4679;05/06/2023;12:11:49;37.35;;;;;;;;;;;
;;;;;;;4680;05/06/2023;12:12:04;37.33;;;;;;;;;;;
;;;;;;;4681;05/06/2023;12:12:19;37.34;;;;;;;;;;;
;;;;;;;4682;05/06/2023;12:12:34;37.35;Synchronized;;;;;;;;;;
;;;;;;;4683;05/06/2023;12:12:49;37.36;Synchronized;;;;;;;;;;
;;;;;;;4684;05/06/2023;12:13:04;37.35;Synchronized;;;;;;;;;;
;;;;;;;4685;05/06/2023;12:13:19;37.34;;;;;;;;;;;
;;;;;;;4686;05/06/2023;12:13:34;37.35;Synchronized;;;;;;;;;;
;;;;;;;4687;05/06/2023;12:13:49;37.36;;;;;;;;;;;
;;;;;;;4688;05/06/2023;12:14:04;37.36;;;;;;;;;;;
;;;;;;;4689;05/06/2023;12:14:19;37.35;;;;;;;;;;;
;;;;;;;4690;05/06/2023;12:14:34;37.34;Synchronized;;;;;;;;;;
;;;;;;;4691;05/06/2023;12:14:48;37.38;Synchronized;;;;;;;;;;
;;;;;;;4692;05/06/2023;12:15:03;37.37;;;;;;;;;;;
;;;;;;;4693;05/06/2023;12:15:18;37.37;Synchronized;;;;;;;;;;
;;;;;;;4694;05/06/2023;12:15:33;37.37;;;;;;;;;;;
;;;;;;;4695;05/06/2023;12:15:48;37.37;;;;;;;;;;;
;;;;;;;4696;05/06/2023;12:16:03;37.36;;;;;;;;;;;
;;;;;;;4697;05/06/2023;12:16:18;37.37;;;;;;;;;;;
;;;;;;;4698;05/06/2023;12:16:33;37.36;;;;;;;;;;;
;;;;;;;4699;05/06/2023;12:16:48;37.36;Synchronized;;;;;;;;;;
;;;;;;;4700;05/06/2023;12:17:03;37.35;;;;;;;;;;;
;;;;;;;4701;05/06/2023;12:17:18;37.38;;;;;;;;;;;
;;;;;;;4702;05/06/2023;12:17:33;37.38;;;;;;;;;;;
;;;;;;;4703;05/06/2023;12:17:48;37.36;;;;;;;;;;;
;;;;;;;4704;05/06/2023;12:18:03;37.38;Synchronized;;;;;;;;;;
;;;;;;;4705;05/06/2023;12:18:18;37.37;Synchronized;;;;;;;;;;
;;;;;;;4706;05/06/2023;12:18:33;37.38;Synchronized;;;;;;;;;;
;;;;;;;4707;05/06/2023;12:18:48;37.36;Synchronized;;;;;;;;;;
;;;;;;;4708;05/06/2023;12:19:03;37.36;Synchronized;;;;;;;;;;
;;;;;;;4709;05/06/2023;12:19:18;37.37;;;;;;;;;;;
;;;;;;;4710;05/06/2023;12:19:33;37.36;;;;;;;;;;;
;;;;;;;4711;05/06/2023;12:19:48;37.37;;;;;;;;;;;
;;;;;;;4712;05/06/2023;12:20:03;37.37;;;;;;;;;;;
;;;;;;;4713;05/06/2023;12:20:18;37.38;;;;;;;;;;;
;;;;;;;4714;05/06/2023;12:20:33;37.34;;;;;;;;;;;
;;;;;;;4715;05/06/2023;12:20:48;37.38;Synchronized;;;;;;;;;;
;;;;;;;4716;05/06/2023;12:21:03;37.35;;;;;;;;;;;
;;;;;;;4717;05/06/2023;12:21:18;37.38;;;;;;;;;;;
;;;;;;;4718;05/06/2023;12:21:33;37.36;;;;;;;;;;;
;;;;;;;4719;05/06/2023;12:21:48;37.37;;;;;;;;;;;
;;;;;;;4720;05/06/2023;12:22:03;37.37;;;;;;;;;;;
;;;;;;;4721;05/06/2023;12:22:18;37.38;Synchronized;;;;;;;;;;
;;;;;;;4722;05/06/2023;12:22:33;37.38;Synchronized;;;;;;;;;;
;;;;;;;4723;05/06/2023;12:22:48;37.38;Synchronized;;;;;;;;;;
;;;;;;;4724;05/06/2023;12:23:03;37.41;;;;;;;;;;;
;;;;;;;4725;05/06/2023;12:23:18;37.38;Synchronized;;;;;;;;;;
;;;;;;;4726;05/06/2023;12:23:33;37.38;;;;;;;;;;;
;;;;;;;4727;05/06/2023;12:23:48;37.38;;;;;;;;;;;
;;;;;;;4728;05/06/2023;12:24:03;37.36;;;;;;;;;;;
;;;;;;;4729;05/06/2023;12:24:18;37.38;Synchronized;;;;;;;;;;
;;;;;;;4730;05/06/2023;12:24:33;37.36;Synchronized;;;;;;;;;;
;;;;;;;4731;05/06/2023;12:24:48;37.37;;;;;;;;;;;
;;;;;;;4732;05/06/2023;12:25:02;37.37;;;;;;;;;;;
;;;;;;;4733;05/06/2023;12:25:17;37.39;;;;;;;;;;;
;;;;;;;4734;05/06/2023;12:25:32;37.39;;;;;;;;;;;
;;;;;;;4735;05/06/2023;12:25:47;37.38;;;;;;;;;;;
;;;;;;;4736;05/06/2023;12:26:02;37.36;;;;;;;;;;;
;;;;;;;4737;05/06/2023;12:26:17;37.38;;;;;;;;;;;
;;;;;;;4738;05/06/2023;12:26:32;37.38;;;;;;;;;;;
;;;;;;;4739;05/06/2023;12:26:47;37.39;Synchronized;;;;;;;;;;
;;;;;;;4740;05/06/2023;12:27:02;37.38;Synchronized;;;;;;;;;;
;;;;;;;4741;05/06/2023;12:27:17;37.37;Synchronized;;;;;;;;;;
;;;;;;;4742;05/06/2023;12:27:32;37.39;Synchronized;;;;;;;;;;
;;;;;;;4743;05/06/2023;12:27:47;37.4;;;;;;;;;;;
;;;;;;;4744;05/06/2023;12:28:02;37.39;Synchronized;;;;;;;;;;
;;;;;;;4745;05/06/2023;12:28:17;37.41;;;;;;;;;;;
;;;;;;;4746;05/06/2023;12:28:32;37.41;;;;;;;;;;;
;;;;;;;4747;05/06/2023;12:28:47;37.41;;;;;;;;;;;
;;;;;;;4748;05/06/2023;12:29:02;37.39;;;;;;;;;;;
;;;;;;;4749;05/06/2023;12:29:17;37.39;;;;;;;;;;;
;;;;;;;4750;05/06/2023;12:29:32;37.4;Synchronized;;;;;;;;;;
;;;;;;;4751;05/06/2023;12:29:47;37.39;;;;;;;;;;;
;;;;;;;4752;05/06/2023;12:30:02;37.4;;;;;;;;;;;
;;;;;;;4753;05/06/2023;12:30:17;37.38;;;;;;;;;;;
;;;;;;;4754;05/06/2023;12:30:32;37.41;;;;;;;;;;;
;;;;;;;4755;05/06/2023;12:30:47;37.41;;;;;;;;;;;
;;;;;;;4756;05/06/2023;12:31:02;37.43;Synchronized;;;;;;;;;;
;;;;;;;4757;05/06/2023;12:31:17;37.45;;;;;;;;;;;
;;;;;;;4758;05/06/2023;12:31:32;37.45;Synchronized;;;;;;;;;;
;;;;;;;4759;05/06/2023;12:31:47;37.46;Synchronized;;;;;;;;;;
;;;;;;;4760;05/06/2023;12:32:02;37.46;;;;;;;;;;;
;;;;;;;4761;05/06/2023;12:32:17;37.48;Synchronized;;;;;;;;;;
;;;;;;;4762;05/06/2023;12:32:32;37.45;Synchronized;;;;;;;;;;
;;;;;;;4763;05/06/2023;12:32:47;37.47;Synchronized;;;;;;;;;;
;;;;;;;4764;05/06/2023;12:33:02;37.45;Synchronized;;;;;;;;;;
;;;;;;;4765;05/06/2023;12:33:17;37.45;Synchronized;;;;;;;;;;
;;;;;;;4766;05/06/2023;12:33:32;37.45;Synchronized;;;;;;;;;;
;;;;;;;4767;05/06/2023;12:33:47;37.41;Synchronized;;;;;;;;;;
;;;;;;;4768;05/06/2023;12:34:02;37.45;Synchronized;;;;;;;;;;
;;;;;;;4769;05/06/2023;12:34:17;37.45;Synchronized;;;;;;;;;;
;;;;;;;4770;05/06/2023;12:34:32;37.44;Synchronized;;;;;;;;;;
;;;;;;;4771;05/06/2023;12:34:47;37.41;Synchronized;;;;;;;;;;
;;;;;;;4772;05/06/2023;12:35:02;37.45;Synchronized;;;;;;;;;;
;;;;;;;4773;05/06/2023;12:35:17;37.45;Synchronized;;;;;;;;;;
;;;;;;;4774;05/06/2023;12:35:32;37.44;Synchronized;;;;;;;;;;
;;;;;;;4775;05/06/2023;12:35:47;37.44;Synchronized;;;;;;;;;;
;;;;;;;4776;05/06/2023;12:36:02;37.44;Synchronized;;;;;;;;;;
;;;;;;;4777;05/06/2023;12:36:17;37.45;;;;;;;;;;;
;;;;;;;4778;05/06/2023;12:36:32;37.46;Synchronized;;;;;;;;;;
;;;;;;;4779;05/06/2023;12:36:47;37.45;Synchronized;;;;;;;;;;
;;;;;;;4780;05/06/2023;12:37:02;37.45;Synchronized;;;;;;;;;;
;;;;;;;4781;05/06/2023;12:37:17;37.44;Synchronized;;;;;;;;;;
;;;;;;;4782;05/06/2023;12:37:32;37.45;Synchronized;;;;;;;;;;
;;;;;;;4783;05/06/2023;12:37:47;37.45;Synchronized;;;;;;;;;;
;;;;;;;4784;05/06/2023;12:38:02;37.45;Synchronized;;;;;;;;;;
;;;;;;;4785;05/06/2023;12:38:17;37.44;Synchronized;;;;;;;;;;
;;;;;;;4786;05/06/2023;12:38:32;37.45;Synchronized;;;;;;;;;;
;;;;;;;4787;05/06/2023;12:38:47;37.44;Synchronized;;;;;;;;;;
;;;;;;;4788;05/06/2023;12:39:02;37.41;Synchronized;;;;;;;;;;
;;;;;;;4789;05/06/2023;12:39:17;37.44;Synchronized;;;;;;;;;;
;;;;;;;4790;05/06/2023;12:39:32;37.43;Synchronized;;;;;;;;;;
;;;;;;;4791;05/06/2023;12:39:47;37.45;Synchronized;;;;;;;;;;
;;;;;;;4792;05/06/2023;12:40:02;37.45;Synchronized;;;;;;;;;;
;;;;;;;4793;05/06/2023;12:40:17;37.45;Synchronized;;;;;;;;;;
;;;;;;;4794;05/06/2023;12:40:31;37.45;Synchronized;;;;;;;;;;
;;;;;;;4795;05/06/2023;12:40:46;37.45;Synchronized;;;;;;;;;;
;;;;;;;4796;05/06/2023;12:41:01;37.45;Synchronized;;;;;;;;;;
;;;;;;;4797;05/06/2023;12:41:16;37.45;Synchronized;;;;;;;;;;
;;;;;;;4798;05/06/2023;12:41:31;37.45;Synchronized;;;;;;;;;;
;;;;;;;4799;05/06/2023;12:41:46;37.45;Synchronized;;;;;;;;;;
;;;;;;;4800;05/06/2023;12:42:01;37.41;Synchronized;;;;;;;;;;
;;;;;;;4801;05/06/2023;12:42:16;37.44;Synchronized;;;;;;;;;;
;;;;;;;4802;05/06/2023;12:42:31;37.44;Synchronized;;;;;;;;;;
;;;;;;;4803;05/06/2023;12:42:46;37.41;Synchronized;;;;;;;;;;
;;;;;;;4804;05/06/2023;12:43:01;37.4;Synchronized;;;;;;;;;;
;;;;;;;4805;05/06/2023;12:43:16;37.4;Synchronized;;;;;;;;;;
;;;;;;;4806;05/06/2023;12:43:31;37.38;Synchronized;;;;;;;;;;
;;;;;;;4807;05/06/2023;12:43:46;37.38;Synchronized;;;;;;;;;;
;;;;;;;4808;05/06/2023;12:44:01;37.38;Synchronized;;;;;;;;;;
;;;;;;;4809;05/06/2023;12:44:16;37.39;;;;;;;;;;;
;;;;;;;4810;05/06/2023;12:44:31;37.41;;;;;;;;;;;
;;;;;;;4811;05/06/2023;12:44:46;37.41;;;;;;;;;;;
;;;;;;;4812;05/06/2023;12:45:01;37.41;;;;;;;;;;;
;;;;;;;4813;05/06/2023;12:45:16;37.43;Synchronized;;;;;;;;;;
;;;;;;;4814;05/06/2023;12:45:31;37.43;;;;;;;;;;;
;;;;;;;4815;05/06/2023;12:45:46;37.41;;;;;;;;;;;
;;;;;;;4816;05/06/2023;12:46:01;37.38;Synchronized;;;;;;;;;;
;;;;;;;4817;05/06/2023;12:46:16;37.38;Synchronized;;;;;;;;;;
;;;;;;;4818;05/06/2023;12:46:31;37.36;Synchronized;;;;;;;;;;
;;;;;;;4819;05/06/2023;12:46:46;37.38;;;;;;;;;;;
;;;;;;;4820;05/06/2023;12:47:01;37.41;Synchronized;;;;;;;;;;
;;;;;;;4821;05/06/2023;12:47:16;37.38;Synchronized;;;;;;;;;;
;;;;;;;4822;05/06/2023;12:47:31;37.41;Synchronized;;;;;;;;;;
;;;;;;;4823;05/06/2023;12:47:46;37.45;Synchronized;;;;;;;;;;
;;;;;;;4824;05/06/2023;12:48:01;37.41;Synchronized;;;;;;;;;;
;;;;;;;4825;05/06/2023;12:48:16;37.4;Synchronized;;;;;;;;;;
;;;;;;;4826;05/06/2023;12:48:31;37.4;Synchronized;;;;;;;;;;
;;;;;;;4827;05/06/2023;12:48:46;37.39;Synchronized;;;;;;;;;;
;;;;;;;4828;05/06/2023;12:49:01;37.41;Synchronized;;;;;;;;;;
;;;;;;;4829;05/06/2023;12:49:16;37.4;Synchronized;;;;;;;;;;
;;;;;;;4830;05/06/2023;12:49:31;37.41;Synchronized;;;;;;;;;;
;;;;;;;4831;05/06/2023;12:49:46;37.38;Synchronized;;;;;;;;;;
;;;;;;;4832;05/06/2023;12:50:01;37.39;Synchronized;;;;;;;;;;
;;;;;;;4833;05/06/2023;12:50:16;37.35;Synchronized;;;;;;;;;;
;;;;;;;4834;05/06/2023;12:50:31;37.34;Synchronized;;;;;;;;;;
;;;;;;;4835;05/06/2023;12:50:46;37.35;Synchronized;;;;;;;;;;
;;;;;;;4836;05/06/2023;12:51:01;37.34;Synchronized;;;;;;;;;;
;;;;;;;4837;05/06/2023;12:51:16;37.38;Synchronized;;;;;;;;;;
;;;;;;;4838;05/06/2023;12:51:31;37.38;Synchronized;;;;;;;;;;
;;;;;;;4839;05/06/2023;12:51:46;37.37;Synchronized;;;;;;;;;;
;;;;;;;4840;05/06/2023;12:52:01;37.38;Synchronized;;;;;;;;;;
;;;;;;;4841;05/06/2023;12:52:16;37.41;Synchronized;;;;;;;;;;
;;;;;;;4842;05/06/2023;12:52:31;37.39;Synchronized;;;;;;;;;;
;;;;;;;4843;05/06/2023;12:52:46;37.44;Synchronized;;;;;;;;;;
;;;;;;;4844;05/06/2023;12:53:01;37.41;Synchronized;;;;;;;;;;
;;;;;;;4845;05/06/2023;12:53:16;37.44;Synchronized;;;;;;;;;;
;;;;;;;4846;05/06/2023;12:53:31;37.43;Synchronized;;;;;;;;;;
;;;;;;;4847;05/06/2023;12:53:46;37.47;Synchronized;;;;;;;;;;
;;;;;;;4848;05/06/2023;12:54:01;37.45;Synchronized;;;;;;;;;;
;;;;;;;4849;05/06/2023;12:54:16;37.47;Synchronized;;;;;;;;;;
;;;;;;;4850;05/06/2023;12:54:31;37.48;Synchronized;;;;;;;;;;
;;;;;;;4851;05/06/2023;12:54:46;37.48;Synchronized;;;;;;;;;;
;;;;;;;4852;05/06/2023;12:55:01;37.49;Synchronized;;;;;;;;;;
;;;;;;;4853;05/06/2023;12:55:16;37.49;Synchronized;;;;;;;;;;
;;;;;;;4854;05/06/2023;12:55:31;37.5;Synchronized;;;;;;;;;;
;;;;;;;4855;05/06/2023;12:55:45;37.49;Synchronized;;;;;;;;;;
;;;;;;;4856;05/06/2023;12:56:00;37.49;Synchronized;;;;;;;;;;
;;;;;;;4857;05/06/2023;12:56:15;37.51;Synchronized;;;;;;;;;;
;;;;;;;4858;05/06/2023;12:56:30;37.5;Synchronized;;;;;;;;;;
;;;;;;;4859;05/06/2023;12:56:45;37.48;Synchronized;;;;;;;;;;
;;;;;;;4860;05/06/2023;12:57:00;37.49;Synchronized;;;;;;;;;;
;;;;;;;4861;05/06/2023;12:57:15;37.51;Synchronized;;;;;;;;;;
;;;;;;;4862;05/06/2023;12:57:30;37.52;Synchronized;;;;;;;;;;
;;;;;;;4863;05/06/2023;12:57:45;37.53;Synchronized;;;;;;;;;;
;;;;;;;4864;05/06/2023;12:58:00;37.55;Synchronized;;;;;;;;;;
;;;;;;;4865;05/06/2023;12:58:15;37.54;Synchronized;;;;;;;;;;
;;;;;;;4866;05/06/2023;12:58:30;37.56;Synchronized;;;;;;;;;;
;;;;;;;4867;05/06/2023;12:58:45;37.54;Synchronized;;;;;;;;;;
;;;;;;;4868;05/06/2023;12:59:00;37.55;Synchronized;;;;;;;;;;
;;;;;;;4869;05/06/2023;12:59:15;37.54;Synchronized;;;;;;;;;;
;;;;;;;4870;05/06/2023;12:59:30;37.57;Synchronized;;;;;;;;;;
;;;;;;;4871;05/06/2023;12:59:45;37.55;Synchronized;;;;;;;;;;
;;;;;;;4872;05/06/2023;13:00:00;37.54;Synchronized;;;;;;;;;;
;;;;;;;4873;05/06/2023;13:00:15;37.52;Synchronized;;;;;;;;;;
;;;;;;;4874;05/06/2023;13:00:30;37.52;Synchronized;;;;;;;;;;
;;;;;;;4875;05/06/2023;13:00:45;37.52;Synchronized;;;;;;;;;;
;;;;;;;4876;05/06/2023;13:01:00;37.5;Synchronized;;;;;;;;;;
;;;;;;;4877;05/06/2023;13:01:15;37.5;Synchronized;;;;;;;;;;
;;;;;;;4878;05/06/2023;13:01:30;37.49;Synchronized;;;;;;;;;;
;;;;;;;4879;05/06/2023;13:01:45;37.5;Synchronized;;;;;;;;;;
;;;;;;;4880;05/06/2023;13:02:00;37.49;Synchronized;;;;;;;;;;
;;;;;;;4881;05/06/2023;13:02:15;37.49;Synchronized;;;;;;;;;;
;;;;;;;4882;05/06/2023;13:02:30;37.51;Synchronized;;;;;;;;;;
;;;;;;;4883;05/06/2023;13:02:45;37.52;Synchronized;;;;;;;;;;
;;;;;;;4884;05/06/2023;13:03:00;37.52;Synchronized;;;;;;;;;;
;;;;;;;4885;05/06/2023;13:03:15;37.51;Synchronized;;;;;;;;;;
;;;;;;;4886;05/06/2023;13:03:30;37.53;Synchronized;;;;;;;;;;
;;;;;;;4887;05/06/2023;13:03:45;37.51;Synchronized;;;;;;;;;;
;;;;;;;4888;05/06/2023;13:04:00;37.48;Synchronized;;;;;;;;;;
;;;;;;;4889;05/06/2023;13:04:15;37.49;Synchronized;;;;;;;;;;
;;;;;;;4890;05/06/2023;13:04:30;37.49;Synchronized;;;;;;;;;;
;;;;;;;4891;05/06/2023;13:04:45;37.48;Synchronized;;;;;;;;;;
;;;;;;;4892;05/06/2023;13:05:00;37.48;Synchronized;;;;;;;;;;
;;;;;;;4893;05/06/2023;13:05:15;37.52;Synchronized;;;;;;;;;;
;;;;;;;4894;05/06/2023;13:05:30;37.53;Synchronized;;;;;;;;;;
;;;;;;;4895;05/06/2023;13:05:45;37.52;Synchronized;;;;;;;;;;
;;;;;;;4896;05/06/2023;13:06:00;37.53;Synchronized;;;;;;;;;;
;;;;;;;4897;05/06/2023;13:06:15;37.54;Synchronized;;;;;;;;;;
;;;;;;;4898;05/06/2023;13:06:30;37.52;Synchronized;;;;;;;;;;
;;;;;;;4899;05/06/2023;13:06:45;37.52;Synchronized;;;;;;;;;;
;;;;;;;4900;05/06/2023;13:07:00;37.55;Synchronized;;;;;;;;;;
;;;;;;;4901;05/06/2023;13:07:15;37.55;Synchronized;;;;;;;;;;
;;;;;;;4902;05/06/2023;13:07:30;37.52;Synchronized;;;;;;;;;;
;;;;;;;4903;05/06/2023;13:07:45;37.54;Synchronized;;;;;;;;;;
;;;;;;;4904;05/06/2023;13:08:00;37.52;Synchronized;;;;;;;;;;
;;;;;;;4905;05/06/2023;13:08:15;37.54;Synchronized;;;;;;;;;;
;;;;;;;4906;05/06/2023;13:08:30;37.55;Synchronized;;;;;;;;;;
;;;;;;;4907;05/06/2023;13:08:45;37.56;Synchronized;;;;;;;;;;
;;;;;;;4908;05/06/2023;13:09:00;37.56;Synchronized;;;;;;;;;;
;;;;;;;4909;05/06/2023;13:09:15;37.58;Synchronized;;;;;;;;;;
;;;;;;;4910;05/06/2023;13:09:30;37.55;Synchronized;;;;;;;;;;
;;;;;;;4911;05/06/2023;13:09:45;37.54;Synchronized;;;;;;;;;;
;;;;;;;4912;05/06/2023;13:10:00;37.56;Synchronized;;;;;;;;;;
;;;;;;;4913;05/06/2023;13:10:15;37.57;Synchronized;;;;;;;;;;
;;;;;;;4914;05/06/2023;13:10:30;37.58;Synchronized;;;;;;;;;;
;;;;;;;4915;05/06/2023;13:10:45;37.56;Synchronized;;;;;;;;;;
;;;;;;;4916;05/06/2023;13:11:00;37.56;Synchronized;;;;;;;;;;
;;;;;;;4917;05/06/2023;13:11:15;37.57;Synchronized;;;;;;;;;;
;;;;;;;4918;05/06/2023;13:11:30;37.56;Synchronized;;;;;;;;;;
;;;;;;;4919;05/06/2023;13:11:45;37.55;Synchronized;;;;;;;;;;
;;;;;;;4920;05/06/2023;13:12:00;37.54;Synchronized;;;;;;;;;;
;;;;;;;4921;05/06/2023;13:12:15;37.56;Synchronized;;;;;;;;;;
;;;;;;;4922;05/06/2023;13:12:30;37.57;Synchronized;;;;;;;;;;
;;;;;;;4923;05/06/2023;13:12:45;37.57;Synchronized;;;;;;;;;;
;;;;;;;4924;05/06/2023;13:13:00;37.55;Synchronized;;;;;;;;;;
;;;;;;;4925;05/06/2023;13:13:15;37.53;Synchronized;;;;;;;;;;
;;;;;;;4926;05/06/2023;13:13:30;37.52;Synchronized;;;;;;;;;;
;;;;;;;4927;05/06/2023;13:13:44;37.5;Synchronized;;;;;;;;;;
;;;;;;;4928;05/06/2023;13:13:59;37.51;Synchronized;;;;;;;;;;
;;;;;;;4929;05/06/2023;13:14:14;37.51;Synchronized;;;;;;;;;;
;;;;;;;4930;05/06/2023;13:14:29;37.5;Synchronized;;;;;;;;;;
;;;;;;;4931;05/06/2023;13:14:44;37.52;Synchronized;;;;;;;;;;
;;;;;;;4932;05/06/2023;13:14:59;37.53;Synchronized;;;;;;;;;;
;;;;;;;4933;05/06/2023;13:15:14;37.51;Synchronized;;;;;;;;;;
;;;;;;;4934;05/06/2023;13:15:29;37.5;Synchronized;;;;;;;;;;
;;;;;;;4935;05/06/2023;13:15:44;37.53;Synchronized;;;;;;;;;;
;;;;;;;4936;05/06/2023;13:15:59;37.53;Synchronized;;;;;;;;;;
;;;;;;;4937;05/06/2023;13:16:14;37.55;Synchronized;;;;;;;;;;
;;;;;;;4938;05/06/2023;13:16:29;37.53;Synchronized;;;;;;;;;;
;;;;;;;4939;05/06/2023;13:16:44;37.52;Synchronized;;;;;;;;;;
;;;;;;;4940;05/06/2023;13:16:59;37.52;Synchronized;;;;;;;;;;
;;;;;;;4941;05/06/2023;13:17:14;37.54;Synchronized;;;;;;;;;;
;;;;;;;4942;05/06/2023;13:17:29;37.51;Synchronized;;;;;;;;;;
;;;;;;;4943;05/06/2023;13:17:44;37.52;Synchronized;;;;;;;;;;
;;;;;;;4944;05/06/2023;13:17:59;37.54;Synchronized;;;;;;;;;;
;;;;;;;4945;05/06/2023;13:18:14;37.53;Synchronized;;;;;;;;;;
;;;;;;;4946;05/06/2023;13:18:29;37.54;Synchronized;;;;;;;;;;
;;;;;;;4947;05/06/2023;13:18:44;37.56;Synchronized;;;;;;;;;;
;;;;;;;4948;05/06/2023;13:18:59;37.58;Synchronized;;;;;;;;;;
;;;;;;;4949;05/06/2023;13:19:14;37.58;Synchronized;;;;;;;;;;
;;;;;;;4950;05/06/2023;13:19:29;37.59;Synchronized;;;;;;;;;;
;;;;;;;4951;05/06/2023;13:19:44;37.57;Synchronized;;;;;;;;;;
;;;;;;;4952;05/06/2023;13:19:59;37.59;Synchronized;;;;;;;;;;
;;;;;;;4953;05/06/2023;13:20:14;37.59;Synchronized;;;;;;;;;;
;;;;;;;4954;05/06/2023;13:20:29;37.6;Synchronized;;;;;;;;;;
;;;;;;;4955;05/06/2023;13:20:44;37.6;Synchronized;;;;;;;;;;
;;;;;;;4956;05/06/2023;13:20:59;37.58;Synchronized;;;;;;;;;;
;;;;;;;4957;05/06/2023;13:21:14;37.59;Synchronized;;;;;;;;;;
;;;;;;;4958;05/06/2023;13:21:29;37.59;Synchronized;;;;;;;;;;
;;;;;;;4959;05/06/2023;13:21:44;37.6;Synchronized;;;;;;;;;;
;;;;;;;4960;05/06/2023;13:21:59;37.61;Synchronized;;;;;;;;;;
;;;;;;;4961;05/06/2023;13:22:14;37.62;Synchronized;;;;;;;;;;
;;;;;;;4962;05/06/2023;13:22:29;37.63;;;;;;;;;;;
;;;;;;;4963;05/06/2023;13:22:44;37.62;Synchronized;;;;;;;;;;
;;;;;;;4964;05/06/2023;13:22:59;37.6;Synchronized;;;;;;;;;;
;;;;;;;4965;05/06/2023;13:23:14;37.62;Synchronized;;;;;;;;;;
;;;;;;;4966;05/06/2023;13:23:29;37.62;Synchronized;;;;;;;;;;
;;;;;;;4967;05/06/2023;13:23:44;37.6;Synchronized;;;;;;;;;;
;;;;;;;4968;05/06/2023;13:23:59;37.61;Synchronized;;;;;;;;;;
;;;;;;;4969;05/06/2023;13:24:14;37.59;Synchronized;;;;;;;;;;
;;;;;;;4970;05/06/2023;13:24:29;37.59;Synchronized;;;;;;;;;;
;;;;;;;4971;05/06/2023;13:24:44;37.59;Synchronized;;;;;;;;;;
;;;;;;;4972;05/06/2023;13:24:59;37.59;Synchronized;;;;;;;;;;
;;;;;;;4973;05/06/2023;13:25:14;37.56;Synchronized;;;;;;;;;;
;;;;;;;4974;05/06/2023;13:25:29;37.57;Synchronized;;;;;;;;;;
;;;;;;;4975;05/06/2023;13:25:44;37.59;Synchronized;;;;;;;;;;
;;;;;;;4976;05/06/2023;13:25:59;37.58;Synchronized;;;;;;;;;;
;;;;;;;4977;05/06/2023;13:26:14;37.59;Synchronized;;;;;;;;;;
;;;;;;;4978;05/06/2023;13:26:29;37.56;Synchronized;;;;;;;;;;
;;;;;;;4979;05/06/2023;13:26:44;37.55;Synchronized;;;;;;;;;;
;;;;;;;4980;05/06/2023;13:26:59;37.53;Synchronized;;;;;;;;;;
;;;;;;;4981;05/06/2023;13:27:14;37.53;Synchronized;;;;;;;;;;
;;;;;;;4982;05/06/2023;13:27:29;37.52;Synchronized;;;;;;;;;;
;;;;;;;4983;05/06/2023;13:27:44;37.53;Synchronized;;;;;;;;;;
;;;;;;;4984;05/06/2023;13:27:59;37.55;Synchronized;;;;;;;;;;
;;;;;;;4985;05/06/2023;13:28:14;37.55;Synchronized;;;;;;;;;;
;;;;;;;4986;05/06/2023;13:28:29;37.53;;;;;;;;;;;
;;;;;;;4987;05/06/2023;13:28:44;37.57;Synchronized;;;;;;;;;;
;;;;;;;4988;05/06/2023;13:29:00;37.53;Synchronized;;;;;;;;;;
;;;;;;;4989;05/06/2023;13:29:15;37.54;;;;;;;;;;;
;;;;;;;4990;05/06/2023;13:29:29;37.56;;;;;;;;;;;
;;;;;;;4991;05/06/2023;13:29:44;37.56;;;;;;;;;;;
;;;;;;;4992;05/06/2023;13:29:59;37.55;;;;;;;;;;;
;;;;;;;4993;05/06/2023;13:30:14;37.57;;;;;;;;;;;
;;;;;;;4994;05/06/2023;13:30:29;37.59;Synchronized;;;;;;;;;;
;;;;;;;4995;05/06/2023;13:30:44;37.55;Synchronized;;;;;;;;;;
;;;;;;;4996;05/06/2023;13:31:00;37.53;Synchronized;;;;;;;;;;
;;;;;;;4997;05/06/2023;13:31:15;37.55;Synchronized;;;;;;;;;;
;;;;;;;4998;05/06/2023;13:31:30;37.54;Synchronized;;;;;;;;;;
;;;;;;;4999;05/06/2023;13:31:45;37.55;;;;;;;;;;;
;;;;;;;5000;05/06/2023;13:32:00;37.53;Synchronized;;;;;;;;;;
;;;;;;;5001;05/06/2023;13:32:15;37.55;;;;;;;;;;;
;;;;;;;5002;05/06/2023;13:32:30;37.53;Synchronized;;;;;;;;;;
;;;;;;;5003;05/06/2023;13:32:45;37.52;Synchronized;;;;;;;;;;
;;;;;;;5004;05/06/2023;13:33:00;37.52;;;;;;;;;;;
;;;;;;;5005;05/06/2023;13:33:15;37.54;;;;;;;;;;;
;;;;;;;5006;05/06/2023;13:33:30;37.52;Synchronized;;;;;;;;;;
;;;;;;;5007;05/06/2023;13:33:45;37.49;;;;;;;;;;;
;;;;;;;5008;05/06/2023;13:34:00;37.53;;;;;;;;;;;
;;;;;;;5009;05/06/2023;13:34:15;37.5;;;;;;;;;;;
;;;;;;;5010;05/06/2023;13:34:30;37.49;;;;;;;;;;;
;;;;;;;5011;05/06/2023;13:34:44;37.52;;;;;;;;;;;
;;;;;;;5012;05/06/2023;13:34:59;37.5;;;;;;;;;;;
;;;;;;;5013;05/06/2023;13:35:14;37.51;;;;;;;;;;;
;;;;;;;5014;05/06/2023;13:35:29;37.52;;;;;;;;;;;
;;;;;;;5015;05/06/2023;13:35:44;37.5;;;;;;;;;;;
;;;;;;;5016;05/06/2023;13:35:59;37.51;;;;;;;;;;;
;;;;;;;5017;05/06/2023;13:36:14;37.5;;;;;;;;;;;
;;;;;;;5018;05/06/2023;13:36:29;37.5;;;;;;;;;;;
;;;;;;;5019;05/06/2023;13:36:44;37.49;;;;;;;;;;;
;;;;;;;5020;05/06/2023;13:36:59;37.51;;;;;;;;;;;
;;;;;;;5021;05/06/2023;13:37:14;37.51;;;;;;;;;;;
;;;;;;;5022;05/06/2023;13:37:30;37.49;;;;;;;;;;;
;;;;;;;5023;05/06/2023;13:37:45;37.49;;;;;;;;;;;
;;;;;;;5024;05/06/2023;13:37:59;37.45;;;;;;;;;;;
;;;;;;;5025;05/06/2023;13:38:15;37.47;;;;;;;;;;;
;;;;;;;5026;05/06/2023;13:38:30;37.46;;;;;;;;;;;
;;;;;;;5027;05/06/2023;13:38:44;37.46;;;;;;;;;;;
;;;;;;;5028;05/06/2023;13:39:00;37.46;;;;;;;;;;;
;;;;;;;5029;05/06/2023;13:39:14;37.46;;;;;;;;;;;
;;;;;;;5030;05/06/2023;13:39:29;37.45;;;;;;;;;;;
;;;;;;;5031;05/06/2023;13:39:44;37.46;;;;;;;;;;;
;;;;;;;5032;05/06/2023;13:39:59;37.45;;;;;;;;;;;
;;;;;;;5033;05/06/2023;13:40:14;37.45;;;;;;;;;;;
;;;;;;;5034;05/06/2023;13:40:30;37.46;;;;;;;;;;;
;;;;;;;5035;05/06/2023;13:40:45;37.46;;;;;;;;;;;
;;;;;;;5036;05/06/2023;13:41:00;37.44;;;;;;;;;;;
;;;;;;;5037;05/06/2023;13:41:15;37.46;;;;;;;;;;;
;;;;;;;5038;05/06/2023;13:41:30;37.46;;;;;;;;;;;
;;;;;;;5039;05/06/2023;13:41:45;37.45;;;;;;;;;;;
;;;;;;;5040;05/06/2023;13:42:00;37.45;;;;;;;;;;;
;;;;;;;5041;05/06/2023;13:42:15;37.44;;;;;;;;;;;
;;;;;;;5042;05/06/2023;13:42:30;37.46;;;;;;;;;;;
;;;;;;;5043;05/06/2023;13:42:45;37.45;;;;;;;;;;;
;;;;;;;5044;05/06/2023;13:43:00;37.44;;;;;;;;;;;
;;;;;;;5045;05/06/2023;13:43:15;37.45;;;;;;;;;;;
;;;;;;;5046;05/06/2023;13:43:29;37.45;;;;;;;;;;;
;;;;;;;5047;05/06/2023;13:43:44;37.45;;;;;;;;;;;
;;;;;;;5048;05/06/2023;13:43:59;37.43;;;;;;;;;;;
;;;;;;;5049;05/06/2023;13:44:14;37.41;;;;;;;;;;;
;;;;;;;5050;05/06/2023;13:44:29;37.43;;;;;;;;;;;
;;;;;;;5051;05/06/2023;13:44:44;37.44;;;;;;;;;;;
;;;;;;;5052;05/06/2023;13:44:59;37.41;;;;;;;;;;;
;;;;;;;5053;05/06/2023;13:45:14;37.4;;;;;;;;;;;
;;;;;;;5054;05/06/2023;13:45:29;37.41;;;;;;;;;;;
;;;;;;;5055;05/06/2023;13:45:44;37.4;;;;;;;;;;;
;;;;;;;5056;05/06/2023;13:45:59;37.37;;;;;;;;;;;
;;;;;;;5057;05/06/2023;13:46:14;37.38;;;;;;;;;;;
;;;;;;;5058;05/06/2023;13:46:29;37.34;;;;;;;;;;;
;;;;;;;5059;05/06/2023;13:46:44;37.34;;;;;;;;;;;
;;;;;;;5060;05/06/2023;13:46:59;37.32;;;;;;;;;;;
;;;;;;;5061;05/06/2023;13:47:14;37.34;;;;;;;;;;;
;;;;;;;5062;05/06/2023;13:47:29;37.33;;;;;;;;;;;
;;;;;;;5063;05/06/2023;13:47:44;37.33;;;;;;;;;;;
;;;;;;;5064;05/06/2023;13:47:59;37.31;Synchronized;;;;;;;;;;
;;;;;;;5065;05/06/2023;13:48:14;37.33;;;;;;;;;;;
;;;;;;;5066;05/06/2023;13:48:29;37.33;;;;;;;;;;;
;;;;;;;5067;05/06/2023;13:48:44;37.33;;;;;;;;;;;
;;;;;;;5068;05/06/2023;13:48:59;37.3;;;;;;;;;;;
;;;;;;;5069;05/06/2023;13:49:14;37.33;;;;;;;;;;;
;;;;;;;5070;05/06/2023;13:49:29;37.32;;;;;;;;;;;
;;;;;;;5071;05/06/2023;13:49:44;37.32;;;;;;;;;;;
;;;;;;;5072;05/06/2023;13:49:59;37.32;;;;;;;;;;;
;;;;;;;5073;05/06/2023;13:50:14;37.34;;;;;;;;;;;
;;;;;;;5074;05/06/2023;13:50:29;37.34;;;;;;;;;;;
;;;;;;;5075;05/06/2023;13:50:44;37.31;;;;;;;;;;;
;;;;;;;5076;05/06/2023;13:50:59;37.34;;;;;;;;;;;
;;;;;;;5077;05/06/2023;13:51:14;37.32;;;;;;;;;;;
;;;;;;;5078;05/06/2023;13:51:29;37.31;;;;;;;;;;;
;;;;;;;5079;05/06/2023;13:51:44;37.33;;;;;;;;;;;
;;;;;;;5080;05/06/2023;13:51:59;37.33;;;;;;;;;;;
;;;;;;;5081;05/06/2023;13:52:14;37.32;;;;;;;;;;;
;;;;;;;5082;05/06/2023;13:52:29;37.31;;;;;;;;;;;
;;;;;;;5083;05/06/2023;13:52:44;37.34;;;;;;;;;;;
;;;;;;;5084;05/06/2023;13:52:59;37.33;Synchronized;;;;;;;;;;
;;;;;;;5085;05/06/2023;13:53:14;37.32;;;;;;;;;;;
;;;;;;;5086;05/06/2023;13:53:29;37.33;;;;;;;;;;;
;;;;;;;5087;05/06/2023;13:53:44;37.32;;;;;;;;;;;
;;;;;;;5088;05/06/2023;13:53:59;37.3;;;;;;;;;;;
;;;;;;;5089;05/06/2023;13:54:14;37.32;;;;;;;;;;;
;;;;;;;5090;05/06/2023;13:54:29;37.28;;;;;;;;;;;
;;;;;;;5091;05/06/2023;13:54:44;37.3;;;;;;;;;;;
;;;;;;;5092;05/06/2023;13:54:59;37.34;;;;;;;;;;;
;;;;;;;5093;05/06/2023;13:55:14;37.31;;;;;;;;;;;
;;;;;;;5094;05/06/2023;13:55:29;37.34;;;;;;;;;;;
;;;;;;;5095;05/06/2023;13:55:44;37.32;;;;;;;;;;;
;;;;;;;5096;05/06/2023;13:55:59;37.32;;;;;;;;;;;
;;;;;;;5097;05/06/2023;13:56:14;37.31;;;;;;;;;;;
;;;;;;;5098;05/06/2023;13:56:28;37.31;;;;;;;;;;;
;;;;;;;5099;05/06/2023;13:56:43;37.31;;;;;;;;;;;
;;;;;;;5100;05/06/2023;13:56:58;37.31;;;;;;;;;;;
;;;;;;;5101;05/06/2023;13:57:13;37.29;;;;;;;;;;;
;;;;;;;5102;05/06/2023;13:57:28;37.3;;;;;;;;;;;
;;;;;;;5103;05/06/2023;13:57:43;37.31;;;;;;;;;;;
;;;;;;;5104;05/06/2023;13:57:58;37.29;;;;;;;;;;;
;;;;;;;5105;05/06/2023;13:58:13;37.28;;;;;;;;;;;
;;;;;;;5106;05/06/2023;13:58:28;37.29;;;;;;;;;;;
;;;;;;;5107;05/06/2023;13:58:43;37.3;;;;;;;;;;;
;;;;;;;5108;05/06/2023;13:58:58;37.3;;;;;;;;;;;
;;;;;;;5109;05/06/2023;13:59:13;37.31;;;;;;;;;;;
;;;;;;;5110;05/06/2023;13:59:28;37.3;;;;;;;;;;;
;;;;;;;5111;05/06/2023;13:59:43;37.32;;;;;;;;;;;
;;;;;;;5112;05/06/2023;13:59:58;37.31;;;;;;;;;;;
;;;;;;;5113;05/06/2023;14:00:13;37.31;;;;;;;;;;;
;;;;;;;5114;05/06/2023;14:00:28;37.33;Synchronized;;;;;;;;;;
;;;;;;;5115;05/06/2023;14:00:43;37.3;;;;;;;;;;;
;;;;;;;5116;05/06/2023;14:00:58;37.3;;;;;;;;;;;
;;;;;;;5117;05/06/2023;14:01:13;37.27;;;;;;;;;;;
;;;;;;;5118;05/06/2023;14:01:28;37.28;;;;;;;;;;;
;;;;;;;5119;05/06/2023;14:01:43;37.29;Synchronized;;;;;;;;;;
;;;;;;;5120;05/06/2023;14:01:58;37.27;;;;;;;;;;;
;;;;;;;5121;05/06/2023;14:02:13;37.3;Synchronized;;;;;;;;;;
;;;;;;;5122;05/06/2023;14:02:28;37.29;;;;;;;;;;;
;;;;;;;5123;05/06/2023;14:02:43;37.29;;;;;;;;;;;
;;;;;;;5124;05/06/2023;14:02:58;37.3;Synchronized;;;;;;;;;;
;;;;;;;5125;05/06/2023;14:03:13;37.29;Synchronized;;;;;;;;;;
;;;;;;;5126;05/06/2023;14:03:28;37.29;;;;;;;;;;;
;;;;;;;5127;05/06/2023;14:03:43;37.3;;;;;;;;;;;
;;;;;;;5128;05/06/2023;14:03:58;37.3;;;;;;;;;;;
;;;;;;;5129;05/06/2023;14:04:13;37.27;;;;;;;;;;;
;;;;;;;5130;05/06/2023;14:04:28;37.29;;;;;;;;;;;
;;;;;;;5131;05/06/2023;14:04:43;37.27;Synchronized;;;;;;;;;;
;;;;;;;5132;05/06/2023;14:04:58;37.29;;;;;;;;;;;
;;;;;;;5133;05/06/2023;14:05:13;37.27;Synchronized;;;;;;;;;;
;;;;;;;5134;05/06/2023;14:05:28;37.29;Synchronized;;;;;;;;;;
;;;;;;;5135;05/06/2023;14:05:43;37.29;;;;;;;;;;;
;;;;;;;5136;05/06/2023;14:05:58;37.29;;;;;;;;;;;
;;;;;;;5137;05/06/2023;14:06:13;37.3;Synchronized;;;;;;;;;;
;;;;;;;5138;05/06/2023;14:06:28;37.27;;;;;;;;;;;
;;;;;;;5139;05/06/2023;14:06:43;37.27;Synchronized;;;;;;;;;;
;;;;;;;5140;05/06/2023;14:06:58;37.32;Synchronized;;;;;;;;;;
;;;;;;;5141;05/06/2023;14:07:13;37.29;;;;;;;;;;;
;;;;;;;5142;05/06/2023;14:07:28;37.27;;;;;;;;;;;
;;;;;;;5143;05/06/2023;14:07:43;37.28;;;;;;;;;;;
;;;;;;;5144;05/06/2023;14:07:58;37.27;;;;;;;;;;;
;;;;;;;5145;05/06/2023;14:08:13;37.27;;;;;;;;;;;
;;;;;;;5146;05/06/2023;14:08:28;37.27;;;;;;;;;;;
;;;;;;;5147;05/06/2023;14:08:43;37.27;;;;;;;;;;;
;;;;;;;5148;05/06/2023;14:08:58;37.25;;;;;;;;;;;
;;;;;;;5149;05/06/2023;14:09:13;37.24;;;;;;;;;;;
;;;;;;;5150;05/06/2023;14:09:28;37.25;;;;;;;;;;;
;;;;;;;5151;05/06/2023;14:09:43;37.25;;;;;;;;;;;
;;;;;;;5152;05/06/2023;14:09:58;37.23;;;;;;;;;;;
;;;;;;;5153;05/06/2023;14:10:13;37.25;;;;;;;;;;;
;;;;;;;5154;05/06/2023;14:10:28;37.24;;;;;;;;;;;
;;;;;;;5155;05/06/2023;14:10:43;37.25;;;;;;;;;;;
;;;;;;;5156;05/06/2023;14:10:58;37.25;;;;;;;;;;;
;;;;;;;5157;05/06/2023;14:11:13;37.25;;;;;;;;;;;
;;;;;;;5158;05/06/2023;14:11:28;37.24;;;;;;;;;;;
;;;;;;;5159;05/06/2023;14:11:43;37.25;;;;;;;;;;;
;;;;;;;5160;05/06/2023;14:11:58;37.27;;;;;;;;;;;
;;;;;;;5161;05/06/2023;14:12:13;37.27;;;;;;;;;;;
;;;;;;;5162;05/06/2023;14:12:28;37.25;;;;;;;;;;;
;;;;;;;5163;05/06/2023;14:12:43;37.25;;;;;;;;;;;
;;;;;;;5164;05/06/2023;14:12:58;37.26;;;;;;;;;;;
;;;;;;;5165;05/06/2023;14:13:13;37.28;;;;;;;;;;;
;;;;;;;5166;05/06/2023;14:13:28;37.27;;;;;;;;;;;
;;;;;;;5167;05/06/2023;14:13:43;37.31;;;;;;;;;;;
;;;;;;;5168;05/06/2023;14:13:58;37.29;Synchronized;;;;;;;;;;
;;;;;;;5169;05/06/2023;14:14:13;37.31;;;;;;;;;;;
;;;;;;;5170;05/06/2023;14:14:28;37.31;Synchronized;;;;;;;;;;
;;;;;;;5171;05/06/2023;14:14:43;37.29;;;;;;;;;;;
;;;;;;;5172;05/06/2023;14:14:58;37.27;;;;;;;;;;;
;;;;;;;5173;05/06/2023;14:15:13;37.3;;;;;;;;;;;
;;;;;;;5174;05/06/2023;14:15:28;37.27;;;;;;;;;;;
;;;;;;;5175;05/06/2023;14:15:43;37.27;;;;;;;;;;;
;;;;;;;5176;05/06/2023;14:15:58;37.24;;;;;;;;;;;
;;;;;;;5177;05/06/2023;14:16:13;37.24;Synchronized;;;;;;;;;;
;;;;;;;5178;05/06/2023;14:16:28;37.24;Synchronized;;;;;;;;;;
;;;;;;;5179;05/06/2023;14:16:43;37.23;Synchronized;;;;;;;;;;
;;;;;;;5180;05/06/2023;14:16:58;37.23;Synchronized;;;;;;;;;;
;;;;;;;5181;05/06/2023;14:17:13;37.23;Synchronized;;;;;;;;;;
;;;;;;;5182;05/06/2023;14:17:28;37.22;;;;;;;;;;;
;;;;;;;5183;05/06/2023;14:17:43;37.21;;;;;;;;;;;
;;;;;;;5184;05/06/2023;14:17:58;37.23;;;;;;;;;;;
;;;;;;;5185;05/06/2023;14:18:13;37.2;;;;;;;;;;;
;;;;;;;5186;05/06/2023;14:18:28;37.22;;;;;;;;;;;
;;;;;;;5187;05/06/2023;14:18:42;37.2;;;;;;;;;;;
;;;;;;;5188;05/06/2023;14:18:57;37.2;;;;;;;;;;;
;;;;;;;5189;05/06/2023;14:19:12;37.2;;;;;;;;;;;
;;;;;;;5190;05/06/2023;14:19:27;37.17;Synchronized;;;;;;;;;;
;;;;;;;5191;05/06/2023;14:19:42;37.19;;;;;;;;;;;
;;;;;;;5192;05/06/2023;14:19:57;37.17;;;;;;;;;;;
;;;;;;;5193;05/06/2023;14:20:12;37.19;;;;;;;;;;;
;;;;;;;5194;05/06/2023;14:20:27;37.19;Synchronized;;;;;;;;;;
;;;;;;;5195;05/06/2023;14:20:42;37.16;;;;;;;;;;;
;;;;;;;5196;05/06/2023;14:20:57;37.2;;;;;;;;;;;
;;;;;;;5197;05/06/2023;14:21:12;37.19;;;;;;;;;;;
;;;;;;;5198;05/06/2023;14:21:27;37.17;;;;;;;;;;;
;;;;;;;5199;05/06/2023;14:21:42;37.14;;;;;;;;;;;
;;;;;;;5200;05/06/2023;14:21:57;37.16;;;;;;;;;;;
;;;;;;;5201;05/06/2023;14:22:12;37.16;;;;;;;;;;;
;;;;;;;5202;05/06/2023;14:22:27;37.16;Synchronized;;;;;;;;;;
;;;;;;;5203;05/06/2023;14:22:42;37.16;;;;;;;;;;;
;;;;;;;5204;05/06/2023;14:22:57;37.16;;;;;;;;;;;
;;;;;;;5205;05/06/2023;14:23:12;37.16;;;;;;;;;;;
;;;;;;;5206;05/06/2023;14:23:27;37.16;;;;;;;;;;;
;;;;;;;5207;05/06/2023;14:23:42;37.16;;;;;;;;;;;
;;;;;;;5208;05/06/2023;14:23:57;37.16;;;;;;;;;;;
;;;;;;;5209;05/06/2023;14:24:12;37.16;;;;;;;;;;;
;;;;;;;5210;05/06/2023;14:24:27;37.16;;;;;;;;;;;
;;;;;;;5211;05/06/2023;14:24:42;37.16;;;;;;;;;;;
;;;;;;;5212;05/06/2023;14:24:57;37.15;;;;;;;;;;;
;;;;;;;5213;05/06/2023;14:25:12;37.13;;;;;;;;;;;
;;;;;;;5214;05/06/2023;14:25:27;37.15;;;;;;;;;;;
;;;;;;;5215;05/06/2023;14:25:42;37.13;;;;;;;;;;;
;;;;;;;5216;05/06/2023;14:25:57;37.13;;;;;;;;;;;
;;;;;;;5217;05/06/2023;14:26:12;37.13;;;;;;;;;;;
;;;;;;;5218;05/06/2023;14:26:27;37.12;;;;;;;;;;;
;;;;;;;5219;05/06/2023;14:26:42;37.13;;;;;;;;;;;
;;;;;;;5220;05/06/2023;14:26:57;37.12;;;;;;;;;;;
;;;;;;;5221;05/06/2023;14:27:12;37.13;;;;;;;;;;;
;;;;;;;5222;05/06/2023;14:27:27;37.13;;;;;;;;;;;
;;;;;;;5223;05/06/2023;14:27:42;37.14;;;;;;;;;;;
;;;;;;;5224;05/06/2023;14:27:56;37.12;;;;;;;;;;;
;;;;;;;5225;05/06/2023;14:28:11;37.13;;;;;;;;;;;
;;;;;;;5226;05/06/2023;14:28:26;37.13;;;;;;;;;;;
;;;;;;;5227;05/06/2023;14:28:41;37.13;;;;;;;;;;;
;;;;;;;5228;05/06/2023;14:28:56;37.13;;;;;;;;;;;
;;;;;;;5229;05/06/2023;14:29:11;37.13;;;;;;;;;;;
;;;;;;;5230;05/06/2023;14:29:26;37.13;;;;;;;;;;;
;;;;;;;5231;05/06/2023;14:29:41;37.12;;;;;;;;;;;
;;;;;;;5232;05/06/2023;14:29:56;37.12;;;;;;;;;;;
;;;;;;;5233;05/06/2023;14:30:11;37.12;Synchronized;;;;;;;;;;
;;;;;;;5234;05/06/2023;14:30:26;37.13;;;;;;;;;;;
;;;;;;;5235;05/06/2023;14:30:41;37.11;;;;;;;;;;;
;;;;;;;5236;05/06/2023;14:30:56;37.12;Synchronized;;;;;;;;;;
;;;;;;;5237;05/06/2023;14:31:11;37.13;Synchronized;;;;;;;;;;
;;;;;;;5238;05/06/2023;14:31:26;37.11;;;;;;;;;;;
;;;;;;;5239;05/06/2023;14:31:41;37.13;Synchronized;;;;;;;;;;
;;;;;;;5240;05/06/2023;14:31:56;37.12;;;;;;;;;;;
;;;;;;;5241;05/06/2023;14:32:11;37.12;;;;;;;;;;;
;;;;;;;5242;05/06/2023;14:32:26;37.12;;;;;;;;;;;
;;;;;;;5243;05/06/2023;14:32:41;37.14;;;;;;;;;;;
;;;;;;;5244;05/06/2023;14:32:56;37.13;;;;;;;;;;;
;;;;;;;5245;05/06/2023;14:33:11;37.14;Synchronized;;;;;;;;;;
;;;;;;;5246;05/06/2023;14:33:26;37.13;;;;;;;;;;;
;;;;;;;5247;05/06/2023;14:33:41;37.13;;;;;;;;;;;
;;;;;;;5248;05/06/2023;14:33:56;37.13;;;;;;;;;;;
;;;;;;;5249;05/06/2023;14:34:11;37.12;;;;;;;;;;;
;;;;;;;5250;05/06/2023;14:34:26;37.12;;;;;;;;;;;
;;;;;;;5251;05/06/2023;14:34:41;37.13;;;;;;;;;;;
;;;;;;;5252;05/06/2023;14:34:56;37.13;;;;;;;;;;;
;;;;;;;5253;05/06/2023;14:35:11;37.11;;;;;;;;;;;
;;;;;;;5254;05/06/2023;14:35:26;37.12;;;;;;;;;;;
;;;;;;;5255;05/06/2023;14:35:41;37.12;;;;;;;;;;;
;;;;;;;5256;05/06/2023;14:35:56;37.12;;;;;;;;;;;
;;;;;;;5257;05/06/2023;14:36:11;37.12;Synchronized;;;;;;;;;;
;;;;;;;5258;05/06/2023;14:36:26;37.13;Synchronized;;;;;;;;;;
;;;;;;;5259;05/06/2023;14:36:41;37.14;;;;;;;;;;;
;;;;;;;5260;05/06/2023;14:36:56;37.12;;;;;;;;;;;
;;;;;;;5261;05/06/2023;14:37:11;37.12;;;;;;;;;;;
;;;;;;;5262;05/06/2023;14:37:25;37.13;;;;;;;;;;;
;;;;;;;5263;05/06/2023;14:37:40;37.13;;;;;;;;;;;
;;;;;;;5264;05/06/2023;14:37:55;37.13;;;;;;;;;;;
;;;;;;;5265;05/06/2023;14:38:10;37.13;Synchronized;;;;;;;;;;
;;;;;;;5266;05/06/2023;14:38:25;37.13;;;;;;;;;;;
;;;;;;;5267;05/06/2023;14:38:40;37.13;;;;;;;;;;;
;;;;;;;5268;05/06/2023;14:38:55;37.12;;;;;;;;;;;
;;;;;;;5269;05/06/2023;14:39:10;37.12;;;;;;;;;;;
;;;;;;;5270;05/06/2023;14:39:25;37.13;;;;;;;;;;;
;;;;;;;5271;05/06/2023;14:39:40;37.13;Synchronized;;;;;;;;;;
;;;;;;;5272;05/06/2023;14:39:55;37.13;;;;;;;;;;;
;;;;;;;5273;05/06/2023;14:40:10;37.13;;;;;;;;;;;
;;;;;;;5274;05/06/2023;14:40:25;37.12;;;;;;;;;;;
;;;;;;;5275;05/06/2023;14:40:40;37.13;;;;;;;;;;;
;;;;;;;5276;05/06/2023;14:40:55;37.13;;;;;;;;;;;
;;;;;;;5277;05/06/2023;14:41:10;37.13;;;;;;;;;;;
;;;;;;;5278;05/06/2023;14:41:25;37.14;;;;;;;;;;;
;;;;;;;5279;05/06/2023;14:41:40;37.14;;;;;;;;;;;
;;;;;;;5280;05/06/2023;14:41:55;37.13;;;;;;;;;;;
;;;;;;;5281;05/06/2023;14:42:10;37.15;;;;;;;;;;;
;;;;;;;5282;05/06/2023;14:42:25;37.12;;;;;;;;;;;
;;;;;;;5283;05/06/2023;14:42:40;37.13;;;;;;;;;;;
;;;;;;;5284;05/06/2023;14:42:55;37.13;;;;;;;;;;;
;;;;;;;5285;05/06/2023;14:43:10;37.13;;;;;;;;;;;
;;;;;;;5286;05/06/2023;14:43:25;37.11;;;;;;;;;;;
;;;;;;;5287;05/06/2023;14:43:40;37.13;;;;;;;;;;;
;;;;;;;5288;05/06/2023;14:43:55;37.09;;;;;;;;;;;
;;;;;;;5289;05/06/2023;14:44:10;37.09;;;;;;;;;;;
;;;;;;;5290;05/06/2023;14:44:25;37.12;;;;;;;;;;;
;;;;;;;5291;05/06/2023;14:44:40;37.09;;;;;;;;;;;
;;;;;;;5292;05/06/2023;14:44:55;37.12;;;;;;;;;;;
;;;;;;;5293;05/06/2023;14:45:10;37.1;;;;;;;;;;;
;;;;;;;5294;05/06/2023;14:45:25;37.13;Synchronized;;;;;;;;;;
;;;;;;;5295;05/06/2023;14:45:40;37.12;;;;;;;;;;;
;;;;;;;5296;05/06/2023;14:45:55;37.12;;;;;;;;;;;
;;;;;;;5297;05/06/2023;14:46:10;37.09;;;;;;;;;;;
;;;;;;;5298;05/06/2023;14:46:25;37.12;;;;;;;;;;;
;;;;;;;5299;05/06/2023;14:46:40;37.11;;;;;;;;;;;
;;;;;;;5300;05/06/2023;14:46:55;37.13;;;;;;;;;;;
;;;;;;;5301;05/06/2023;14:47:10;37.13;;;;;;;;;;;
;;;;;;;5302;05/06/2023;14:47:25;37.13;Synchronized;;;;;;;;;;
;;;;;;;5303;05/06/2023;14:47:40;37.13;Synchronized;;;;;;;;;;
;;;;;;;5304;05/06/2023;14:47:54;37.13;Synchronized;;;;;;;;;;
;;;;;;;5305;05/06/2023;14:48:09;37.13;;;;;;;;;;;
;;;;;;;5306;05/06/2023;14:48:24;37.16;Synchronized;;;;;;;;;;
;;;;;;;5307;05/06/2023;14:48:39;37.16;Synchronized;;;;;;;;;;
;;;;;;;5308;05/06/2023;14:48:54;37.16;;;;;;;;;;;
;;;;;;;5309;05/06/2023;14:49:09;37.16;;;;;;;;;;;
;;;;;;;5310;05/06/2023;14:49:24;37.2;;;;;;;;;;;
;;;;;;;5311;05/06/2023;14:49:39;37.19;;;;;;;;;;;
;;;;;;;5312;05/06/2023;14:49:54;37.16;;;;;;;;;;;
;;;;;;;5313;05/06/2023;14:50:09;37.19;Synchronized;;;;;;;;;;
;;;;;;;5314;05/06/2023;14:50:24;37.2;;;;;;;;;;;
;;;;;;;5315;05/06/2023;14:50:39;37.19;;;;;;;;;;;
;;;;;;;5316;05/06/2023;14:50:54;37.19;;;;;;;;;;;
;;;;;;;5317;05/06/2023;14:51:09;37.19;;;;;;;;;;;
;;;;;;;5318;05/06/2023;14:51:24;37.2;;;;;;;;;;;
;;;;;;;5319;05/06/2023;14:51:39;37.2;;;;;;;;;;;
;;;;;;;5320;05/06/2023;14:51:54;37.17;;;;;;;;;;;
;;;;;;;5321;05/06/2023;14:52:09;37.2;;;;;;;;;;;
;;;;;;;5322;05/06/2023;14:52:24;37.22;;;;;;;;;;;
;;;;;;;5323;05/06/2023;14:52:39;37.2;;;;;;;;;;;
;;;;;;;5324;05/06/2023;14:52:54;37.2;Synchronized;;;;;;;;;;
;;;;;;;5325;05/06/2023;14:53:09;37.21;;;;;;;;;;;
;;;;;;;5326;05/06/2023;14:53:24;37.21;Synchronized;;;;;;;;;;
;;;;;;;5327;05/06/2023;14:53:39;37.23;;;;;;;;;;;
;;;;;;;5328;05/06/2023;14:53:54;37.23;;;;;;;;;;;
;;;;;;;5329;05/06/2023;14:54:09;37.23;;;;;;;;;;;
;;;;;;;5330;05/06/2023;14:54:24;37.21;;;;;;;;;;;
;;;;;;;5331;05/06/2023;14:54:39;37.23;;;;;;;;;;;
;;;;;;;5332;05/06/2023;14:54:54;37.23;;;;;;;;;;;
;;;;;;;5333;05/06/2023;14:55:09;37.25;;;;;;;;;;;
;;;;;;;5334;05/06/2023;14:55:24;37.25;;;;;;;;;;;
;;;;;;;5335;05/06/2023;14:55:39;37.24;;;;;;;;;;;
;;;;;;;5336;05/06/2023;14:55:54;37.23;;;;;;;;;;;
;;;;;;;5337;05/06/2023;14:56:09;37.23;;;;;;;;;;;
;;;;;;;5338;05/06/2023;14:56:24;37.22;;;;;;;;;;;
;;;;;;;5339;05/06/2023;14:56:39;37.23;;;;;;;;;;;
;;;;;;;5340;05/06/2023;14:56:54;37.23;;;;;;;;;;;
;;;;;;;5341;05/06/2023;14:57:09;37.23;;;;;;;;;;;
;;;;;;;5342;05/06/2023;14:57:24;37.23;;;;;;;;;;;
;;;;;;;5343;05/06/2023;14:57:39;37.23;;;;;;;;;;;
;;;;;;;5344;05/06/2023;14:57:54;37.23;Synchronized;;;;;;;;;;
;;;;;;;5345;05/06/2023;14:58:09;37.23;;;;;;;;;;;
;;;;;;;5346;05/06/2023;14:58:24;37.22;;;;;;;;;;;
;;;;;;;5347;05/06/2023;14:58:39;37.22;;;;;;;;;;;
;;;;;;;5348;05/06/2023;14:58:54;37.23;;;;;;;;;;;
;;;;;;;5349;05/06/2023;14:59:08;37.21;;;;;;;;;;;
;;;;;;;5350;05/06/2023;14:59:23;37.23;;;;;;;;;;;
;;;;;;;5351;05/06/2023;14:59:38;37.21;;;;;;;;;;;
;;;;;;;5352;05/06/2023;14:59:53;37.23;;;;;;;;;;;
;;;;;;;5353;05/06/2023;15:00:08;37.23;;;;;;;;;;;
;;;;;;;5354;05/06/2023;15:00:23;37.22;;;;;;;;;;;
;;;;;;;5355;05/06/2023;15:00:38;37.2;;;;;;;;;;;
;;;;;;;5356;05/06/2023;15:00:53;37.24;;;;;;;;;;;
;;;;;;;5357;05/06/2023;15:01:08;37.23;;;;;;;;;;;
;;;;;;;5358;05/06/2023;15:01:23;37.22;;;;;;;;;;;
;;;;;;;5359;05/06/2023;15:01:38;37.23;;;;;;;;;;;
;;;;;;;5360;05/06/2023;15:01:53;37.22;;;;;;;;;;;
;;;;;;;5361;05/06/2023;15:02:08;37.22;;;;;;;;;;;
;;;;;;;5362;05/06/2023;15:02:23;37.23;Synchronized;;;;;;;;;;
;;;;;;;5363;05/06/2023;15:02:38;37.23;;;;;;;;;;;
;;;;;;;5364;05/06/2023;15:02:53;37.23;;;;;;;;;;;
;;;;;;;5365;05/06/2023;15:03:08;37.22;;;;;;;;;;;
;;;;;;;5366;05/06/2023;15:03:23;37.23;;;;;;;;;;;
;;;;;;;5367;05/06/2023;15:03:38;37.23;;;;;;;;;;;
;;;;;;;5368;05/06/2023;15:03:53;37.23;;;;;;;;;;;
;;;;;;;5369;05/06/2023;15:04:08;37.23;Synchronized;;;;;;;;;;
;;;;;;;5370;05/06/2023;15:04:23;37.23;Synchronized;;;;;;;;;;
;;;;;;;5371;05/06/2023;15:04:38;37.23;;;;;;;;;;;
;;;;;;;5372;05/06/2023;15:04:53;37.23;;;;;;;;;;;
;;;;;;;5373;05/06/2023;15:05:08;37.23;;;;;;;;;;;
;;;;;;;5374;05/06/2023;15:05:23;37.22;Synchronized;;;;;;;;;;
;;;;;;;5375;05/06/2023;15:05:38;37.23;;;;;;;;;;;
;;;;;;;5376;05/06/2023;15:05:53;37.25;Synchronized;;;;;;;;;;
;;;;;;;5377;05/06/2023;15:06:08;37.23;Synchronized;;;;;;;;;;
;;;;;;;5378;05/06/2023;15:06:23;37.24;;;;;;;;;;;
;;;;;;;5379;05/06/2023;15:06:38;37.24;;;;;;;;;;;
;;;;;;;5380;05/06/2023;15:06:53;37.25;;;;;;;;;;;
;;;;;;;5381;05/06/2023;15:07:08;37.24;;;;;;;;;;;
;;;;;;;5382;05/06/2023;15:07:23;37.23;;;;;;;;;;;
;;;;;;;5383;05/06/2023;15:07:38;37.23;;;;;;;;;;;
;;;;;;;5384;05/06/2023;15:07:53;37.23;;;;;;;;;;;
;;;;;;;5385;05/06/2023;15:08:08;37.24;;;;;;;;;;;
;;;;;;;5386;05/06/2023;15:08:23;37.26;;;;;;;;;;;
;;;;;;;5387;05/06/2023;15:08:38;37.26;;;;;;;;;;;
;;;;;;;5388;05/06/2023;15:08:53;37.26;;;;;;;;;;;
;;;;;;;5389;05/06/2023;15:09:08;37.27;;;;;;;;;;;
;;;;;;;5390;05/06/2023;15:09:23;37.27;;;;;;;;;;;
;;;;;;;5391;05/06/2023;15:09:38;37.27;;;;;;;;;;;
;;;;;;;5392;05/06/2023;15:09:53;37.27;;;;;;;;;;;
;;;;;;;5393;05/06/2023;15:10:08;37.26;;;;;;;;;;;
;;;;;;;5394;05/06/2023;15:10:23;37.25;;;;;;;;;;;
;;;;;;;5395;05/06/2023;15:10:38;37.27;;;;;;;;;;;
;;;;;;;5396;05/06/2023;15:10:53;37.26;;;;;;;;;;;
;;;;;;;5397;05/06/2023;15:11:08;37.23;;;;;;;;;;;
;;;;;;;5398;05/06/2023;15:11:22;37.24;;;;;;;;;;;
;;;;;;;5399;05/06/2023;15:11:38;37.24;;;;;;;;;;;
;;;;;;;5400;05/06/2023;15:11:53;37.27;;;;;;;;;;;
;;;;;;;5401;05/06/2023;15:12:08;37.27;;;;;;;;;;;
;;;;;;;5402;05/06/2023;15:12:22;37.27;;;;;;;;;;;
;;;;;;;5403;05/06/2023;15:12:37;37.29;;;;;;;;;;;
;;;;;;;5404;05/06/2023;15:12:52;37.3;Synchronized;;;;;;;;;;
;;;;;;;5405;05/06/2023;15:13:07;37.29;;;;;;;;;;;
;;;;;;;5406;05/06/2023;15:13:22;37.3;Synchronized;;;;;;;;;;
;;;;;;;5407;05/06/2023;15:13:37;37.3;;;;;;;;;;;
;;;;;;;5408;05/06/2023;15:13:52;37.3;Synchronized;;;;;;;;;;
;;;;;;;5409;05/06/2023;15:14:07;37.34;Synchronized;;;;;;;;;;
;;;;;;;5410;05/06/2023;15:14:22;37.31;Synchronized;;;;;;;;;;
;;;;;;;5411;05/06/2023;15:14:37;37.29;Synchronized;;;;;;;;;;
;;;;;;;5412;05/06/2023;15:14:52;37.3;Synchronized;;;;;;;;;;
;;;;;;;5413;05/06/2023;15:15:07;37.3;Synchronized;;;;;;;;;;
;;;;;;;5414;05/06/2023;15:15:22;37.29;Synchronized;;;;;;;;;;
;;;;;;;5415;05/06/2023;15:15:37;37.27;Synchronized;;;;;;;;;;
;;;;;;;5416;05/06/2023;15:15:52;37.26;;;;;;;;;;;
;;;;;;;5417;05/06/2023;15:16:07;37.26;Synchronized;;;;;;;;;;
;;;;;;;5418;05/06/2023;15:16:22;37.28;Synchronized;;;;;;;;;;
;;;;;;;5419;05/06/2023;15:16:37;37.28;;;;;;;;;;;
;;;;;;;5420;05/06/2023;15:16:52;37.28;Synchronized;;;;;;;;;;
;;;;;;;5421;05/06/2023;15:17:07;37.29;;;;;;;;;;;
;;;;;;;5422;05/06/2023;15:17:22;37.3;Synchronized;;;;;;;;;;
;;;;;;;5423;05/06/2023;15:17:37;37.28;Synchronized;;;;;;;;;;
;;;;;;;5424;05/06/2023;15:17:52;37.29;Synchronized;;;;;;;;;;
;;;;;;;5425;05/06/2023;15:18:07;37.28;Synchronized;;;;;;;;;;
;;;;;;;5426;05/06/2023;15:18:22;37.29;Synchronized;;;;;;;;;;
;;;;;;;5427;05/06/2023;15:18:37;37.28;;;;;;;;;;;
;;;;;;;5428;05/06/2023;15:18:52;37.28;;;;;;;;;;;
;;;;;;;5429;05/06/2023;15:19:07;37.28;Synchronized;;;;;;;;;;
;;;;;;;5430;05/06/2023;15:19:22;37.28;;;;;;;;;;;
;;;;;;;5431;05/06/2023;15:19:37;37.29;Synchronized;;;;;;;;;;
;;;;;;;5432;05/06/2023;15:19:52;37.27;Synchronized;;;;;;;;;;
;;;;;;;5433;05/06/2023;15:20:07;37.28;;;;;;;;;;;
;;;;;;;5434;05/06/2023;15:20:22;37.28;Synchronized;;;;;;;;;;
;;;;;;;5435;05/06/2023;15:20:37;37.29;Synchronized;;;;;;;;;;
;;;;;;;5436;05/06/2023;15:20:52;37.26;Synchronized;;;;;;;;;;
;;;;;;;5437;05/06/2023;15:21:07;37.27;Synchronized;;;;;;;;;;
;;;;;;;5438;05/06/2023;15:21:22;37.27;Synchronized;;;;;;;;;;
;;;;;;;5439;05/06/2023;15:21:37;37.28;;;;;;;;;;;
;;;;;;;5440;05/06/2023;15:21:52;37.27;;;;;;;;;;;
;;;;;;;5441;05/06/2023;15:22:07;37.27;;;;;;;;;;;
;;;;;;;5442;05/06/2023;15:22:22;37.27;;;;;;;;;;;
;;;;;;;5443;05/06/2023;15:22:37;37.27;;;;;;;;;;;
;;;;;;;5444;05/06/2023;15:22:52;37.27;;;;;;;;;;;
;;;;;;;5445;05/06/2023;15:23:07;37.27;;;;;;;;;;;
;;;;;;;5446;05/06/2023;15:23:22;37.28;;;;;;;;;;;
;;;;;;;5447;05/06/2023;15:23:37;37.27;;;;;;;;;;;
;;;;;;;5448;05/06/2023;15:23:52;37.27;;;;;;;;;;;
;;;;;;;5449;05/06/2023;15:24:07;37.27;;;;;;;;;;;
;;;;;;;5450;05/06/2023;15:24:22;37.26;;;;;;;;;;;
;;;;;;;5451;05/06/2023;15:24:37;37.28;;;;;;;;;;;
;;;;;;;5452;05/06/2023;15:24:52;37.27;;;;;;;;;;;
;;;;;;;5453;05/06/2023;15:25:07;37.3;;;;;;;;;;;
;;;;;;;5454;05/06/2023;15:25:22;37.28;;;;;;;;;;;
;;;;;;;5455;05/06/2023;15:25:37;37.29;;;;;;;;;;;
;;;;;;;5456;05/06/2023;15:25:52;37.27;;;;;;;;;;;
;;;;;;;5457;05/06/2023;15:26:07;37.29;;;;;;;;;;;
;;;;;;;5458;05/06/2023;15:26:22;37.28;;;;;;;;;;;
;;;;;;;5459;05/06/2023;15:26:37;37.27;;;;;;;;;;;
;;;;;;;5460;05/06/2023;15:26:52;37.3;;;;;;;;;;;
;;;;;;;5461;05/06/2023;15:27:07;37.28;;;;;;;;;;;
;;;;;;;5462;05/06/2023;15:27:22;37.28;;;;;;;;;;;
;;;;;;;5463;05/06/2023;15:27:37;37.29;Synchronized;;;;;;;;;;
;;;;;;;5464;05/06/2023;15:27:52;37.28;Synchronized;;;;;;;;;;
;;;;;;;5465;05/06/2023;15:28:07;37.28;Synchronized;;;;;;;;;;
;;;;;;;5466;05/06/2023;15:28:22;37.29;;;;;;;;;;;
;;;;;;;5467;05/06/2023;15:28:37;37.27;;;;;;;;;;;
;;;;;;;5468;05/06/2023;15:28:52;37.29;;;;;;;;;;;
;;;;;;;5469;05/06/2023;15:29:06;37.28;;;;;;;;;;;
;;;;;;;5470;05/06/2023;15:29:22;37.28;;;;;;;;;;;
;;;;;;;5471;05/06/2023;15:29:37;37.27;Synchronized;;;;;;;;;;
;;;;;;;5472;05/06/2023;15:29:52;37.31;Synchronized;;;;;;;;;;
;;;;;;;5473;05/06/2023;15:30:07;37.29;Synchronized;;;;;;;;;;
;;;;;;;5474;05/06/2023;15:30:22;37.28;Synchronized;;;;;;;;;;
;;;;;;;5475;05/06/2023;15:30:37;37.29;Synchronized;;;;;;;;;;
;;;;;;;5476;05/06/2023;15:30:52;37.28;Synchronized;;;;;;;;;;
;;;;;;;5477;05/06/2023;15:31:07;37.29;Synchronized;;;;;;;;;;
;;;;;;;5478;05/06/2023;15:31:22;37.3;Synchronized;;;;;;;;;;
;;;;;;;5479;05/06/2023;15:31:37;37.28;Synchronized;;;;;;;;;;
;;;;;;;5480;05/06/2023;15:31:52;37.29;Synchronized;;;;;;;;;;
;;;;;;;5481;05/06/2023;15:32:07;37.28;Synchronized;;;;;;;;;;
;;;;;;;5482;05/06/2023;15:32:21;37.29;Synchronized;;;;;;;;;;
;;;;;;;5483;05/06/2023;15:32:36;37.29;Synchronized;;;;;;;;;;
;;;;;;;5484;05/06/2023;15:32:51;37.3;Synchronized;;;;;;;;;;
;;;;;;;5485;05/06/2023;15:33:06;37.34;Synchronized;;;;;;;;;;
;;;;;;;5486;05/06/2023;15:33:21;37.34;Synchronized;;;;;;;;;;
;;;;;;;5487;05/06/2023;15:33:36;37.33;Synchronized;;;;;;;;;;
;;;;;;;5488;05/06/2023;15:33:51;37.34;Synchronized;;;;;;;;;;
;;;;;;;5489;05/06/2023;15:34:06;37.35;Synchronized;;;;;;;;;;
;;;;;;;5490;05/06/2023;15:34:21;37.34;Synchronized;;;;;;;;;;
;;;;;;;5491;05/06/2023;15:34:36;37.34;Synchronized;;;;;;;;;;
;;;;;;;5492;05/06/2023;15:34:51;37.36;Synchronized;;;;;;;;;;
;;;;;;;5493;05/06/2023;15:35:06;37.37;Synchronized;;;;;;;;;;
;;;;;;;5494;05/06/2023;15:35:21;37.39;;;;;;;;;;;
;;;;;;;5495;05/06/2023;15:35:36;37.39;;;;;;;;;;;
;;;;;;;5496;05/06/2023;15:35:51;37.38;;;;;;;;;;;
;;;;;;;5497;05/06/2023;15:36:06;37.4;;;;;;;;;;;
;;;;;;;5498;05/06/2023;15:36:21;37.38;;;;;;;;;;;
;;;;;;;5499;05/06/2023;15:36:36;37.4;;;;;;;;;;;
;;;;;;;5500;05/06/2023;15:36:51;37.37;;;;;;;;;;;
;;;;;;;5501;05/06/2023;15:37:06;37.38;;;;;;;;;;;
;;;;;;;5502;05/06/2023;15:37:21;37.38;;;;;;;;;;;
;;;;;;;5503;05/06/2023;15:37:36;37.37;;;;;;;;;;;
;;;;;;;5504;05/06/2023;15:37:51;37.38;;;;;;;;;;;
;;;;;;;5505;05/06/2023;15:38:06;37.38;;;;;;;;;;;
;;;;;;;5506;05/06/2023;15:38:21;37.36;;;;;;;;;;;
;;;;;;;5507;05/06/2023;15:38:36;37.38;Synchronized;;;;;;;;;;
;;;;;;;5508;05/06/2023;15:38:51;37.39;;;;;;;;;;;
;;;;;;;5509;05/06/2023;15:39:06;37.38;;;;;;;;;;;
;;;;;;;5510;05/06/2023;15:39:21;37.38;;;;;;;;;;;
;;;;;;;5511;05/06/2023;15:39:36;37.38;Synchronized;;;;;;;;;;
;;;;;;;5512;05/06/2023;15:39:51;37.39;;;;;;;;;;;
;;;;;;;5513;05/06/2023;15:40:07;37.38;;;;;;;;;;;
;;;;;;;5514;05/06/2023;15:40:21;37.37;;;;;;;;;;;
;;;;;;;5515;05/06/2023;15:40:36;37.37;;;;;;;;;;;
;;;;;;;5516;05/06/2023;15:40:51;37.37;;;;;;;;;;;
;;;;;;;5517;05/06/2023;15:41:06;37.38;;;;;;;;;;;
;;;;;;;5518;05/06/2023;15:41:21;37.35;;;;;;;;;;;
;;;;;;;5519;05/06/2023;15:41:36;37.36;;;;;;;;;;;
;;;;;;;5520;05/06/2023;15:41:51;37.36;;;;;;;;;;;
;;;;;;;5521;05/06/2023;15:42:06;37.36;;;;;;;;;;;
;;;;;;;5522;05/06/2023;15:42:21;37.34;;;;;;;;;;;
;;;;;;;5523;05/06/2023;15:42:36;37.37;;;;;;;;;;;
;;;;;;;5524;05/06/2023;15:42:51;37.37;;;;;;;;;;;
;;;;;;;5525;05/06/2023;15:43:06;37.36;;;;;;;;;;;
;;;;;;;5526;05/06/2023;15:43:21;37.36;;;;;;;;;;;
;;;;;;;5527;05/06/2023;15:43:36;37.37;;;;;;;;;;;
;;;;;;;5528;05/06/2023;15:43:51;37.38;;;;;;;;;;;
;;;;;;;5529;05/06/2023;15:44:06;37.37;;;;;;;;;;;
;;;;;;;5530;05/06/2023;15:44:21;37.36;;;;;;;;;;;
;;;;;;;5531;05/06/2023;15:44:36;37.37;;;;;;;;;;;
;;;;;;;5532;05/06/2023;15:44:51;37.36;;;;;;;;;;;
;;;;;;;5533;05/06/2023;15:45:06;37.36;;;;;;;;;;;
;;;;;;;5534;05/06/2023;15:45:21;37.36;;;;;;;;;;;
;;;;;;;5535;05/06/2023;15:45:36;37.38;;;;;;;;;;;
;;;;;;;5536;05/06/2023;15:45:51;37.36;;;;;;;;;;;
;;;;;;;5537;05/06/2023;15:46:06;37.35;;;;;;;;;;;
;;;;;;;5538;05/06/2023;15:46:21;37.38;;;;;;;;;;;
;;;;;;;5539;05/06/2023;15:46:36;37.38;;;;;;;;;;;
;;;;;;;5540;05/06/2023;15:46:51;37.35;;;;;;;;;;;
;;;;;;;5541;05/06/2023;15:47:06;37.36;;;;;;;;;;;
;;;;;;;5542;05/06/2023;15:47:21;37.34;;;;;;;;;;;
;;;;;;;5543;05/06/2023;15:47:36;37.36;;;;;;;;;;;
;;;;;;;5544;05/06/2023;15:47:51;37.36;;;;;;;;;;;
;;;;;;;5545;05/06/2023;15:48:06;37.37;;;;;;;;;;;
;;;;;;;5546;05/06/2023;15:48:21;37.37;;;;;;;;;;;
;;;;;;;5547;05/06/2023;15:48:36;37.37;;;;;;;;;;;
;;;;;;;5548;05/06/2023;15:48:51;37.37;;;;;;;;;;;
;;;;;;;5549;05/06/2023;15:49:06;37.36;;;;;;;;;;;
;;;;;;;5550;05/06/2023;15:49:21;37.35;;;;;;;;;;;
;;;;;;;5551;05/06/2023;15:49:36;37.39;;;;;;;;;;;
;;;;;;;5552;05/06/2023;15:49:51;37.35;;;;;;;;;;;
;;;;;;;5553;05/06/2023;15:50:06;37.36;;;;;;;;;;;
;;;;;;;5554;05/06/2023;15:50:21;37.37;;;;;;;;;;;
;;;;;;;5555;05/06/2023;15:50:36;37.36;Synchronized;;;;;;;;;;
;;;;;;;5556;05/06/2023;15:50:51;37.36;;;;;;;;;;;
;;;;;;;5557;05/06/2023;15:51:06;37.38;;;;;;;;;;;
;;;;;;;5558;05/06/2023;15:51:21;37.36;;;;;;;;;;;
;;;;;;;5559;05/06/2023;15:51:36;37.34;;;;;;;;;;;
;;;;;;;5560;05/06/2023;15:51:51;37.38;;;;;;;;;;;
;;;;;;;5561;05/06/2023;15:52:06;37.36;;;;;;;;;;;
;;;;;;;5562;05/06/2023;15:52:21;37.37;;;;;;;;;;;
;;;;;;;5563;05/06/2023;15:52:36;37.34;;;;;;;;;;;
;;;;;;;5564;05/06/2023;15:52:51;37.35;;;;;;;;;;;
;;;;;;;5565;05/06/2023;15:53:06;37.36;;;;;;;;;;;
;;;;;;;5566;05/06/2023;15:53:21;37.34;;;;;;;;;;;
;;;;;;;5567;05/06/2023;15:53:36;37.34;;;;;;;;;;;
;;;;;;;5568;05/06/2023;15:53:51;37.35;;;;;;;;;;;
;;;;;;;5569;05/06/2023;15:54:06;37.31;;;;;;;;;;;
;;;;;;;5570;05/06/2023;15:54:21;37.34;Synchronized;;;;;;;;;;
;;;;;;;5571;05/06/2023;15:54:36;37.35;;;;;;;;;;;
;;;;;;;5572;05/06/2023;15:54:51;37.33;;;;;;;;;;;
;;;;;;;5573;05/06/2023;15:55:06;37.34;;;;;;;;;;;
;;;;;;;5574;05/06/2023;15:55:21;37.33;;;;;;;;;;;
;;;;;;;5575;05/06/2023;15:55:36;37.36;;;;;;;;;;;
;;;;;;;5576;05/06/2023;15:55:51;37.35;;;;;;;;;;;
;;;;;;;5577;05/06/2023;15:56:06;37.34;;;;;;;;;;;
;;;;;;;5578;05/06/2023;15:56:21;37.33;;;;;;;;;;;
;;;;;;;5579;05/06/2023;15:56:36;37.34;;;;;;;;;;;
;;;;;;;5580;05/06/2023;15:56:51;37.34;;;;;;;;;;;
;;;;;;;5581;05/06/2023;15:57:06;37.34;;;;;;;;;;;
;;;;;;;5582;05/06/2023;15:57:21;37.34;;;;;;;;;;;
;;;;;;;5583;05/06/2023;15:57:36;37.34;;;;;;;;;;;
;;;;;;;5584;05/06/2023;15:57:51;37.34;;;;;;;;;;;
;;;;;;;5585;05/06/2023;15:58:06;37.34;;;;;;;;;;;
;;;;;;;5586;05/06/2023;15:58:21;37.36;;;;;;;;;;;
;;;;;;;5587;05/06/2023;15:58:36;37.35;;;;;;;;;;;
;;;;;;;5588;05/06/2023;15:58:51;37.37;;;;;;;;;;;
;;;;;;;5589;05/06/2023;15:59:06;37.37;;;;;;;;;;;
;;;;;;;5590;05/06/2023;15:59:21;37.36;;;;;;;;;;;
;;;;;;;5591;05/06/2023;15:59:36;37.36;;;;;;;;;;;
;;;;;;;5592;05/06/2023;15:59:51;37.37;;;;;;;;;;;
;;;;;;;5593;05/06/2023;16:00:05;37.36;;;;;;;;;;;
;;;;;;;5594;05/06/2023;16:00:21;37.36;;;;;;;;;;;
;;;;;;;5595;05/06/2023;16:00:36;37.36;;;;;;;;;;;
;;;;;;;5596;05/06/2023;16:00:51;37.34;;;;;;;;;;;
;;;;;;;5597;05/06/2023;16:01:06;37.35;;;;;;;;;;;
;;;;;;;5598;05/06/2023;16:01:20;37.35;;;;;;;;;;;
;;;;;;;5599;05/06/2023;16:01:35;37.37;;;;;;;;;;;
;;;;;;;5600;05/06/2023;16:01:50;37.37;;;;;;;;;;;
;;;;;;;5601;05/06/2023;16:02:05;37.36;;;;;;;;;;;
;;;;;;;5602;05/06/2023;16:02:20;37.34;;;;;;;;;;;
;;;;;;;5603;05/06/2023;16:02:35;37.35;;;;;;;;;;;
;;;;;;;5604;05/06/2023;16:02:50;37.36;;;;;;;;;;;
;;;;;;;5605;05/06/2023;16:03:05;37.34;;;;;;;;;;;
;;;;;;;5606;05/06/2023;16:03:20;37.34;;;;;;;;;;;
;;;;;;;5607;05/06/2023;16:03:35;37.32;;;;;;;;;;;
;;;;;;;5608;05/06/2023;16:04:35;37.32;;;;;;;;;;;
;;;;;;;5609;05/06/2023;16:05:35;37.34;;;;;;;;;;;
;;;;;;;5610;05/06/2023;16:06:35;37.34;;;;;;;;;;;
;;;;;;;5611;05/06/2023;16:07:35;37.32;;;;;;;;;;;
;;;;;;;5612;05/06/2023;16:08:35;37.32;;;;;;;;;;;
;;;;;;;5613;05/06/2023;16:09:35;37.32;;;;;;;;;;;
;;;;;;;5614;05/06/2023;16:10:35;37.34;;;;;;;;;;;
;;;;;;;5615;05/06/2023;16:11:35;37.34;;;;;;;;;;;
;;;;;;;5616;05/06/2023;16:12:35;37.38;;;;;;;;;;;
;;;;;;;5617;05/06/2023;16:13:34;37.36;;;;;;;;;;;
;;;;;;;5618;05/06/2023;16:14:34;37.36;;;;;;;;;;;
;;;;;;;5619;05/06/2023;16:15:34;37.37;Synchronized;;;;;;;;;;
;;;;;;;5620;05/06/2023;16:16:34;37.37;;;;;;;;;;;
;;;;;;;5621;05/06/2023;16:17:34;37.35;;;;;;;;;;;
;;;;;;;5622;05/06/2023;16:18:34;37.36;;;;;;;;;;;
;;;;;;;5623;05/06/2023;16:19:34;37.35;;;;;;;;;;;
;;;;;;;5624;05/06/2023;16:20:34;37.34;Synchronized;;;;;;;;;;
;;;;;;;5625;05/06/2023;16:21:33;37.35;;;;;;;;;;;
;;;;;;;5626;05/06/2023;16:22:33;37.37;;;;;;;;;;;
;;;;;;;5627;05/06/2023;16:23:33;37.34;;;;;;;;;;;
;;;;;;;5628;05/06/2023;16:24:33;37.35;;;;;;;;;;;
;;;;;;;5629;05/06/2023;16:25:33;37.38;;;;;;;;;;;
;;;;;;;5630;05/06/2023;16:26:32;37.35;;;;;;;;;;;
;;;;;;;5631;05/06/2023;16:27:32;37.34;Synchronized;;;;;;;;;;
;;;;;;;5632;05/06/2023;16:28:32;37.34;;;;;;;;;;;
;;;;;;;5633;05/06/2023;16:29:32;37.34;Synchronized;;;;;;;;;;
;;;;;;;5634;05/06/2023;16:30:32;37.35;;;;;;;;;;;
;;;;;;;5635;05/06/2023;16:31:32;37.35;;;;;;;;;;;
;;;;;;;5636;05/06/2023;16:32:32;37.34;;;;;;;;;;;
;;;;;;;5637;05/06/2023;16:33:31;37.34;;;;;;;;;;;
;;;;;;;5638;05/06/2023;16:34:31;37.34;;;;;;;;;;;
;;;;;;;5639;05/06/2023;16:35:31;37.33;;;;;;;;;;;
;;;;;;;5640;05/06/2023;16:36:31;37.34;;;;;;;;;;;
;;;;;;;5641;05/06/2023;16:37:31;37.33;;;;;;;;;;;
;;;;;;;5642;05/06/2023;16:38:31;37.29;;;;;;;;;;;
;;;;;;;5643;05/06/2023;16:39:31;;Missing data;;;;;;;;;;
;;;;;;;5644;05/06/2023;16:40:30;37.27;;;;;;;;;;;
;;;;;;;5645;05/06/2023;16:41:30;37.28;;;;;;;;;;;
;;;;;;;5646;05/06/2023;16:42:30;37.28;;;;;;;;;;;
;;;;;;;5647;05/06/2023;16:43:30;37.33;;;;;;;;;;;
;;;;;;;5648;05/06/2023;16:44:30;37.28;;;;;;;;;;;
;;;;;;;5649;05/06/2023;16:45:30;37.26;;;;;;;;;;;
;
;
05/06/2023;09:35:41;SAMPLING PERIOD CHANGED (1min);