SenseLab_M03;
Time Zone;UTC+2:00;
Monitor;80.80.10.EA;
;
Pill n°1;24.00.1A.9B;;;;;;Pill n°2;24.00.1C.D6;;;;;;Pill n°3;24.00.1C.AF;;;;;;
Sample number;Date (dd/mm/yyyy);Hour;Temperature (°C);Status;;;Sample number;Date (dd/mm/yyyy);Hour;Temperature (°C);Status;;;Sample number;Date (dd/mm/yyyy);Hour;Temperature (°C);Status;;;
1;04/06/2023;16:29:30;26.86;;;;1;04/06/2023;16:30:48;26.88;;;;1;04/06/2023;16:33:21;26.83;;;;
2;04/06/2023;16:29:45;27.3;;;;2;04/06/2023;16:31:03;27.32;;;;2;04/06/2023;16:33:36;27.42;;;;
3;04/06/2023;16:30:00;27.41;;;;3;04/06/2023;16:31:18;27.44;;;;3;04/06/2023;16:33:51;27.62;;;;
4;04/06/2023;16:30:15;27.46;;;;4;04/06/2023;16:31:33;27.5;;;;4;04/06/2023;16:34:06;27.7;;;;
5;04/06/2023;16:30:30;27.35;;;;5;04/06/2023;16:31:48;27.46;;;;5;04/06/2023;16:34:21;27.67;;;;
6;04/06/2023;16:30:45;27.18;Synchronized;;;6;04/06/2023;16:32:03;27.31;;;;6;04/06/2023;16:34:36;27.48;;;;
7;04/06/2023;16:31:00;27.02;;;;7;04/06/2023;16:32:18;27.17;;;;7;04/06/2023;16:34:51;27.34;;;;
8;04/06/2023;16:31:15;26.9;;;;8;04/06/2023;16:32:33;27.02;Synchronized;;;8;04/06/2023;16:35:06;27.19;;;;
9;04/06/2023;16:31:31;26.75;;;;9;04/06/2023;16:32:48;26.88;;;;9;04/06/2023;16:35:21;27.05;;;;
10;04/06/2023;16:31:46;26.65;;;;10;04/06/2023;16:33:03;26.77;;;;10;04/06/2023;16:35:36;26.92;;;;
11;04/06/2023;16:32:01;26.55;;;;11;04/06/2023;16:33:18;26.65;Synchronized;;;11;04/06/2023;16:35:51;26.8;;;;
12;04/06/2023;16:32:18;26.43;;;;12;04/06/2023;16:33:33;26.54;;;;12;04/06/2023;16:36:06;26.71;Synchronized;;;
13;04/06/2023;16:32:32;26.33;Synchronized;;;13;04/06/2023;16:33:48;26.44;;;;13;04/06/2023;16:36:21;26.58;;;;
14;04/06/2023;16:32:46;26.21;;;;14;04/06/2023;16:34:03;26.33;;;;14;04/06/2023;16:36:36;26.49;;;;
15;04/06/2023;16:33:01;26.13;;;;15;04/06/2023;16:34:18;26.25;;;;15;04/06/2023;16:36:51;26.38;;;;
16;04/06/2023;16:33:16;26.08;;;;16;04/06/2023;16:34:33;26.16;;;;16;04/06/2023;16:37:06;26.3;;;;
17;04/06/2023;16:33:31;25.98;;;;17;04/06/2023;16:34:48;26.11;;;;17;04/06/2023;16:37:21;26.21;;;;
18;04/06/2023;16:33:46;25.91;;;;18;04/06/2023;16:35:03;26.02;;;;18;04/06/2023;16:37:36;26.13;;;;
19;04/06/2023;16:34:01;25.85;;;;19;04/06/2023;16:35:18;25.98;;;;19;04/06/2023;16:37:51;26.05;;;;
20;04/06/2023;16:34:16;25.79;;;;20;04/06/2023;16:35:33;25.9;;;;20;04/06/2023;16:38:06;26.02;;;;
21;04/06/2023;16:34:31;25.72;;;;21;04/06/2023;16:35:48;25.84;;;;21;04/06/2023;16:38:21;25.93;;;;
22;04/06/2023;16:34:46;25.68;;;;22;04/06/2023;16:36:03;25.78;;;;22;04/06/2023;16:38:36;25.86;;;;
23;04/06/2023;16:35:01;25.59;;;;23;04/06/2023;16:36:18;25.74;;;;23;04/06/2023;16:38:51;25.84;;;;
24;04/06/2023;16:35:16;25.57;;;;24;04/06/2023;16:36:33;25.7;;;;24;04/06/2023;16:39:06;25.76;;;;
25;04/06/2023;16:35:31;25.53;;;;25;04/06/2023;16:36:48;25.63;;;;25;04/06/2023;16:39:21;25.68;;;;
26;04/06/2023;16:35:46;25.48;;;;26;04/06/2023;16:37:03;25.59;;;;26;04/06/2023;16:39:36;25.65;;;;
27;04/06/2023;16:36:01;25.44;;;;27;04/06/2023;16:37:18;25.55;Synchronized;;;27;04/06/2023;16:39:51;25.59;;;;
28;04/06/2023;16:36:16;25.42;;;;28;04/06/2023;16:37:33;25.5;;;;28;04/06/2023;16:40:07;25.55;;;;
29;04/06/2023;16:36:31;25.39;;;;29;04/06/2023;16:37:48;25.46;;;;29;04/06/2023;16:40:22;25.52;;;;
30;04/06/2023;16:36:46;25.34;;;;30;04/06/2023;16:38:03;25.41;;;;30;04/06/2023;16:40:37;25.48;;;;
31;04/06/2023;16:37:01;25.3;;;;31;04/06/2023;16:38:18;25.39;;;;31;04/06/2023;16:40:52;25.43;;;;
32;04/06/2023;16:37:16;25.29;;;;32;04/06/2023;16:38:33;25.35;;;;32;04/06/2023;16:41:07;25.38;;;;
33;04/06/2023;16:37:31;25.24;;;;33;04/06/2023;16:38:48;25.34;;;;33;04/06/2023;16:41:22;25.35;;;;
34;04/06/2023;16:37:46;25.23;;;;34;04/06/2023;16:39:03;25.3;;;;34;04/06/2023;16:41:37;;Missing data;;;
35;04/06/2023;16:38:01;25.19;;;;35;04/06/2023;16:39:18;25.27;;;;35;04/06/2023;16:41:52;25.3;;;;
36;04/06/2023;16:38:16;25.18;;;;36;04/06/2023;16:39:33;25.23;;;;36;04/06/2023;16:42:07;25.27;;;;
37;04/06/2023;16:38:31;25.15;;;;37;04/06/2023;16:39:48;25.21;;;;37;04/06/2023;16:42:22;25.25;;;;
38;04/06/2023;16:38:46;25.13;;;;38;04/06/2023;16:40:03;25.18;;;;38;04/06/2023;16:42:37;25.21;;;;
39;04/06/2023;16:39:01;25.1;;;;39;04/06/2023;16:40:18;25.17;;;;39;04/06/2023;16:42:52;25.18;;;;
40;04/06/2023;16:39:16;25.1;;;;40;04/06/2023;16:40:33;25.14;;;;40;04/06/2023;16:43:07;25.16;;;;
41;04/06/2023;16:39:31;25.08;;;;41;04/06/2023;16:40:48;25.09;;;;41;04/06/2023;16:43:22;25.14;;;;
42;04/06/2023;16:39:46;25.05;;;;42;04/06/2023;16:41:03;25.08;;;;42;04/06/2023;16:43:37;25.13;;;;
43;04/06/2023;16:40:01;25.05;;;;43;04/06/2023;16:41:18;25.06;;;;43;04/06/2023;16:43:52;25.11;;;;
44;04/06/2023;16:40:16;25.04;;;;44;04/06/2023;16:41:33;25.05;;;;44;04/06/2023;16:44:07;25.08;;;;
45;04/06/2023;16:40:31;25.01;;;;45;04/06/2023;16:41:48;25.02;;;;45;04/06/2023;16:44:22;25.06;;;;
46;04/06/2023;16:40:46;25;;;;46;04/06/2023;16:42:03;25.02;;;;46;04/06/2023;16:44:37;25.06;;;;
47;04/06/2023;16:41:01;24.97;;;;47;04/06/2023;16:42:18;24.98;;;;47;04/06/2023;16:44:52;25.05;;;;
48;04/06/2023;16:41:16;24.96;;;;48;04/06/2023;16:42:33;24.98;;;;48;04/06/2023;16:45:07;25.02;;;;
49;04/06/2023;16:41:31;24.95;;;;49;04/06/2023;16:42:48;24.96;;;;49;04/06/2023;16:45:22;;Missing data;;;
50;04/06/2023;16:41:46;24.94;;;;50;04/06/2023;16:43:03;24.96;;;;50;04/06/2023;16:45:37;25.02;;;;
51;04/06/2023;16:42:01;24.93;;;;51;04/06/2023;16:43:18;24.91;;;;51;04/06/2023;16:45:52;24.98;;;;
52;04/06/2023;16:42:16;24.91;;;;52;04/06/2023;16:43:33;24.91;;;;52;04/06/2023;16:46:07;24.99;;;;
53;04/06/2023;16:42:31;24.91;;;;53;04/06/2023;16:43:48;24.93;;;;53;04/06/2023;16:46:22;24.98;;;;
54;04/06/2023;16:42:46;24.89;;;;54;04/06/2023;16:44:03;24.91;;;;54;04/06/2023;16:46:37;24.95;;;;
55;04/06/2023;16:43:01;24.88;;;;55;04/06/2023;16:44:18;24.88;;;;55;04/06/2023;16:46:52;24.96;;;;
56;04/06/2023;16:43:16;24.88;;;;56;04/06/2023;16:44:33;24.9;;;;56;04/06/2023;16:47:07;24.93;;;;
57;04/06/2023;16:43:31;24.86;;;;57;04/06/2023;16:44:48;24.88;;;;57;04/06/2023;16:47:22;24.92;;;;
58;04/06/2023;16:43:46;24.85;;;;58;04/06/2023;16:45:03;24.88;;;;58;04/06/2023;16:47:37;24.91;;;;
59;04/06/2023;16:44:01;24.84;;;;59;04/06/2023;16:45:18;24.87;;;;59;04/06/2023;16:47:52;24.91;;;;
60;04/06/2023;16:44:16;24.84;;;;60;04/06/2023;16:45:33;24.85;;;;60;04/06/2023;16:48:07;24.89;;;;
61;04/06/2023;16:44:31;24.84;;;;61;04/06/2023;16:45:48;24.83;;;;61;04/06/2023;16:48:22;24.89;;;;
62;04/06/2023;16:44:46;24.84;;;;62;04/06/2023;16:46:03;24.86;;;;62;04/06/2023;16:48:37;24.88;;;;
63;04/06/2023;16:45:01;24.84;;;;63;04/06/2023;16:46:18;24.84;;;;63;04/06/2023;16:48:53;24.87;;;;
64;04/06/2023;16:45:16;24.82;;;;64;04/06/2023;16:46:33;24.84;;;;64;04/06/2023;16:49:08;24.84;;;;
65;04/06/2023;16:45:31;24.83;;;;65;04/06/2023;16:46:48;24.82;;;;65;04/06/2023;16:49:23;24.88;;;;
66;04/06/2023;16:45:46;24.81;;;;66;04/06/2023;16:47:03;24.8;;;;66;04/06/2023;16:49:38;24.84;;;;
67;04/06/2023;16:46:01;24.82;;;;67;04/06/2023;16:47:18;24.78;;;;67;04/06/2023;16:49:53;24.83;;;;
68;04/06/2023;16:46:16;24.81;;;;68;04/06/2023;16:47:33;24.8;;;;68;04/06/2023;16:50:08;24.83;;;;
69;04/06/2023;16:46:31;24.81;;;;69;04/06/2023;16:47:48;24.79;;;;69;04/06/2023;16:50:23;;Missing data;;;
70;04/06/2023;16:46:46;24.8;;;;70;04/06/2023;16:48:03;24.78;;;;70;04/06/2023;16:50:38;24.8;;;;
71;04/06/2023;16:47:01;24.8;;;;71;04/06/2023;16:48:18;24.78;;;;71;04/06/2023;16:50:53;24.8;;;;
72;04/06/2023;16:47:16;24.76;;;;72;04/06/2023;16:48:33;24.78;;;;72;04/06/2023;16:51:08;24.81;;;;
73;04/06/2023;16:47:31;24.77;;;;73;04/06/2023;16:48:48;24.77;;;;73;04/06/2023;16:51:23;24.81;;;;
74;04/06/2023;16:47:46;24.76;;;;74;04/06/2023;16:49:03;24.77;;;;74;04/06/2023;16:51:38;24.8;;;;
75;04/06/2023;16:48:01;24.75;;;;75;04/06/2023;16:49:18;24.75;;;;75;04/06/2023;16:51:53;24.81;;;;
76;04/06/2023;16:48:16;24.74;;;;76;04/06/2023;16:49:33;24.75;;;;76;04/06/2023;16:52:08;24.78;;;;
77;04/06/2023;16:48:31;24.76;;;;77;04/06/2023;16:49:48;24.73;;;;77;04/06/2023;16:52:23;24.8;;;;
78;04/06/2023;16:48:46;24.75;;;;78;04/06/2023;16:50:03;24.73;;;;78;04/06/2023;16:52:38;24.8;;;;
79;04/06/2023;16:49:01;24.74;;;;79;04/06/2023;16:50:18;24.73;;;;79;04/06/2023;16:52:53;24.78;;;;
80;04/06/2023;16:49:16;24.73;;;;80;04/06/2023;16:50:34;24.72;;;;80;04/06/2023;16:53:08;24.79;;;;
81;04/06/2023;16:49:31;24.73;;;;81;04/06/2023;16:50:49;24.72;;;;81;04/06/2023;16:53:23;24.78;;;;
82;04/06/2023;16:49:47;24.72;;;;82;04/06/2023;16:51:04;24.71;;;;82;04/06/2023;16:53:38;24.79;;;;
83;04/06/2023;16:50:02;24.72;;;;83;04/06/2023;16:51:19;24.73;;;;83;04/06/2023;16:53:53;;Missing data;;;
84;04/06/2023;16:50:17;24.73;;;;84;04/06/2023;16:51:34;24.7;;;;84;04/06/2023;16:54:08;24.77;;;;
85;04/06/2023;16:50:32;24.72;;;;85;04/06/2023;16:51:49;24.7;;;;85;04/06/2023;16:54:23;24.8;;;;
86;04/06/2023;16:50:47;24.7;;;;86;04/06/2023;16:52:04;24.7;;;;86;04/06/2023;16:54:38;24.76;;;;
87;04/06/2023;16:51:02;24.7;;;;87;04/06/2023;16:52:19;24.72;Synchronized;;;87;04/06/2023;16:54:53;24.77;;;;
88;04/06/2023;16:51:17;24.73;;;;88;04/06/2023;16:52:34;24.7;;;;88;04/06/2023;16:55:08;24.77;;;;
89;04/06/2023;16:51:32;24.69;;;;89;04/06/2023;16:52:49;24.69;;;;89;04/06/2023;16:55:23;24.77;;;;
90;04/06/2023;16:51:47;24.7;;;;90;04/06/2023;16:53:04;24.7;;;;90;04/06/2023;16:55:38;24.76;;;;
91;04/06/2023;16:52:02;24.7;;;;91;04/06/2023;16:53:19;24.68;;;;91;04/06/2023;16:55:54;24.75;;;;
92;04/06/2023;16:52:17;24.71;;;;92;04/06/2023;16:53:34;24.7;;;;92;04/06/2023;16:56:09;24.76;;;;
93;04/06/2023;16:52:32;24.69;;;;93;04/06/2023;16:53:49;24.7;;;;93;04/06/2023;16:56:24;24.75;;;;
94;04/06/2023;16:52:47;24.67;;;;94;04/06/2023;16:54:04;24.67;;;;94;04/06/2023;16:56:39;24.77;;;;
95;04/06/2023;16:53:02;24.67;;;;95;04/06/2023;16:54:19;24.66;;;;95;04/06/2023;16:56:54;24.74;;;;
96;04/06/2023;16:53:17;24.7;;;;96;04/06/2023;16:54:34;24.7;;;;96;04/06/2023;16:57:09;24.77;;;;
97;04/06/2023;16:53:32;24.69;;;;97;04/06/2023;16:54:49;24.69;;;;97;04/06/2023;16:57:24;24.74;;;;
98;04/06/2023;16:53:47;24.68;;;;98;04/06/2023;16:55:04;24.67;;;;98;04/06/2023;16:57:39;24.75;;;;
99;04/06/2023;16:54:02;24.66;;;;99;04/06/2023;16:55:19;24.68;;;;99;04/06/2023;16:57:54;24.75;;;;
100;04/06/2023;16:54:17;24.68;;;;100;04/06/2023;16:55:34;24.67;;;;100;04/06/2023;16:58:09;24.74;;;;
101;04/06/2023;16:54:32;24.67;;;;101;04/06/2023;16:55:49;24.66;;;;101;04/06/2023;16:58:24;24.73;;;;
102;04/06/2023;16:54:47;24.69;;;;102;04/06/2023;16:56:04;24.66;;;;102;04/06/2023;16:58:39;24.76;;;;
103;04/06/2023;16:55:02;24.66;;;;103;04/06/2023;16:56:19;24.66;;;;103;04/06/2023;16:58:54;;Missing data;;;
104;04/06/2023;16:55:17;24.67;;;;104;04/06/2023;16:56:34;24.68;;;;104;04/06/2023;16:59:09;24.75;;;;
105;04/06/2023;16:55:32;24.67;;;;105;04/06/2023;16:56:49;24.66;;;;105;04/06/2023;16:59:24;24.74;;;;
106;04/06/2023;16:55:47;24.67;;;;106;04/06/2023;16:57:04;24.66;;;;106;04/06/2023;16:59:39;24.75;;;;
107;04/06/2023;16:56:02;24.65;;;;107;04/06/2023;16:57:19;24.67;;;;107;04/06/2023;16:59:54;24.76;;;;
108;04/06/2023;16:56:17;24.66;;;;108;04/06/2023;16:57:34;24.65;;;;108;04/06/2023;17:00:09;24.71;;;;
109;04/06/2023;16:56:32;24.68;;;;109;04/06/2023;16:57:49;24.66;;;;109;04/06/2023;17:00:24;24.77;;;;
110;04/06/2023;16:56:47;24.66;Synchronized;;;110;04/06/2023;16:58:04;24.66;;;;110;04/06/2023;17:00:39;24.73;;;;
111;04/06/2023;16:57:02;24.64;;;;111;04/06/2023;16:58:19;24.65;;;;111;04/06/2023;17:00:54;24.73;;;;
112;04/06/2023;16:57:17;24.67;;;;112;04/06/2023;16:58:34;24.65;;;;112;04/06/2023;17:01:09;24.73;;;;
113;04/06/2023;16:57:32;24.67;;;;113;04/06/2023;16:58:49;24.66;;;;113;04/06/2023;17:01:24;24.73;;;;
114;04/06/2023;16:57:47;24.67;;;;114;04/06/2023;16:59:04;24.65;;;;114;04/06/2023;17:01:39;;Missing data;;;
115;04/06/2023;16:58:02;24.67;;;;115;04/06/2023;16:59:19;24.67;;;;115;04/06/2023;17:01:54;24.75;;;;
116;04/06/2023;16:58:17;24.63;;;;116;04/06/2023;16:59:34;24.65;;;;116;04/06/2023;17:02:09;24.73;;;;
117;04/06/2023;16:58:32;24.65;;;;117;04/06/2023;16:59:49;24.63;;;;117;04/06/2023;17:02:24;24.73;;;;
118;04/06/2023;16:58:47;24.66;;;;118;04/06/2023;17:00:04;24.66;;;;118;04/06/2023;17:02:40;24.74;;;;
119;04/06/2023;16:59:02;24.67;;;;119;04/06/2023;17:00:19;24.63;;;;119;04/06/2023;17:02:55;24.75;;;;
120;04/06/2023;16:59:17;24.65;;;;120;04/06/2023;17:00:34;24.63;;;;120;04/06/2023;17:03:10;24.73;;;;
121;04/06/2023;16:59:32;24.65;;;;121;04/06/2023;17:00:49;24.65;;;;121;04/06/2023;17:03:25;24.75;;;;
122;04/06/2023;16:59:47;24.66;;;;122;04/06/2023;17:01:04;24.63;;;;122;04/06/2023;17:03:40;24.74;;;;
123;04/06/2023;17:00:03;24.65;;;;123;04/06/2023;17:01:19;24.63;;;;123;04/06/2023;17:03:55;24.74;;;;
124;04/06/2023;17:00:18;24.63;;;;124;04/06/2023;17:01:34;24.63;Synchronized;;;124;04/06/2023;17:04:10;24.72;;;;
125;04/06/2023;17:00:33;24.63;;;;125;04/06/2023;17:01:49;24.63;;;;125;04/06/2023;17:04:25;24.74;;;;
126;04/06/2023;17:00:48;24.63;;;;126;04/06/2023;17:02:04;24.66;;;;126;04/06/2023;17:04:40;24.72;;;;
127;04/06/2023;17:01:03;24.63;;;;127;04/06/2023;17:02:19;24.66;;;;127;04/06/2023;17:04:55;24.73;;;;
128;04/06/2023;17:01:18;24.66;;;;128;04/06/2023;17:02:34;24.66;;;;128;04/06/2023;17:05:10;24.72;;;;
129;04/06/2023;17:01:33;24.65;;;;129;04/06/2023;17:02:49;24.66;;;;129;04/06/2023;17:05:25;24.74;;;;
130;04/06/2023;17:01:48;24.64;;;;130;04/06/2023;17:03:04;24.66;;;;130;04/06/2023;17:05:40;24.71;;;;
131;04/06/2023;17:02:03;24.65;;;;131;04/06/2023;17:03:19;24.65;;;;131;04/06/2023;17:05:55;24.71;;;;
132;04/06/2023;17:02:18;24.65;;;;132;04/06/2023;17:03:34;24.66;;;;132;04/06/2023;17:06:10;24.73;;;;
133;04/06/2023;17:02:33;24.64;;;;133;04/06/2023;17:03:49;24.66;;;;133;04/06/2023;17:06:25;24.74;;;;
134;04/06/2023;17:02:48;24.64;;;;134;04/06/2023;17:04:04;24.63;;;;134;04/06/2023;17:06:40;24.71;;;;
135;04/06/2023;17:03:03;24.62;;;;135;04/06/2023;17:04:19;24.65;;;;135;04/06/2023;17:06:55;24.7;;;;
136;04/06/2023;17:03:18;24.64;;;;136;04/06/2023;17:04:34;24.65;;;;136;04/06/2023;17:07:10;24.72;;;;
137;04/06/2023;17:03:33;24.64;;;;137;04/06/2023;17:04:49;24.62;;;;137;04/06/2023;17:07:25;24.7;;;;
138;04/06/2023;17:03:48;24.65;;;;138;04/06/2023;17:05:05;24.65;;;;138;04/06/2023;17:07:40;24.71;;;;
139;04/06/2023;17:04:03;24.63;;;;139;04/06/2023;17:05:20;24.65;;;;139;04/06/2023;17:07:55;24.73;;;;
140;04/06/2023;17:04:18;24.63;Synchronized;;;140;04/06/2023;17:05:35;24.63;;;;140;04/06/2023;17:08:10;;Missing data;;;
141;04/06/2023;17:04:33;24.64;;;;141;04/06/2023;17:05:50;24.65;;;;141;04/06/2023;17:08:25;24.73;;;;
142;04/06/2023;17:04:48;24.63;;;;142;04/06/2023;17:06:05;24.63;;;;142;04/06/2023;17:08:40;24.74;;;;
143;04/06/2023;17:05:03;24.63;;;;143;04/06/2023;17:06:20;24.63;;;;143;04/06/2023;17:08:55;24.73;;;;
144;04/06/2023;17:05:18;24.63;;;;144;04/06/2023;17:06:35;24.65;;;;144;04/06/2023;17:09:10;24.76;;;;
145;04/06/2023;17:05:33;24.65;;;;145;04/06/2023;17:06:50;24.63;;;;145;04/06/2023;17:09:25;24.77;;;;
146;04/06/2023;17:05:48;24.64;;;;146;04/06/2023;17:07:05;24.66;;;;146;04/06/2023;17:09:41;24.74;;;;
147;04/06/2023;17:06:03;24.64;;;;147;04/06/2023;17:07:20;24.65;;;;147;04/06/2023;17:09:56;24.73;;;;
148;04/06/2023;17:06:18;24.63;;;;148;04/06/2023;17:07:35;24.63;;;;148;04/06/2023;17:10:11;24.73;;;;
149;04/06/2023;17:06:33;24.62;;;;149;04/06/2023;17:07:50;24.63;;;;149;04/06/2023;17:10:26;24.73;;;;
150;04/06/2023;17:06:48;24.63;;;;150;04/06/2023;17:08:05;24.63;;;;150;04/06/2023;17:10:41;24.73;;;;
151;04/06/2023;17:07:03;24.65;;;;151;04/06/2023;17:08:20;24.63;;;;151;04/06/2023;17:10:56;24.75;;;;
152;04/06/2023;17:07:18;24.63;;;;152;04/06/2023;17:08:35;24.66;;;;152;04/06/2023;17:11:11;24.75;;;;
153;04/06/2023;17:07:33;24.65;;;;153;04/06/2023;17:08:50;24.65;;;;153;04/06/2023;17:11:26;24.73;;;;
154;04/06/2023;17:07:48;24.64;;;;154;04/06/2023;17:09:05;24.65;;;;154;04/06/2023;17:11:41;24.74;;;;
155;04/06/2023;17:08:03;24.65;;;;155;04/06/2023;17:09:20;24.65;;;;155;04/06/2023;17:11:56;;Missing data;;;
156;04/06/2023;17:08:18;24.64;;;;156;04/06/2023;17:09:35;24.63;;;;156;04/06/2023;17:12:11;24.74;;;;
157;04/06/2023;17:08:33;24.68;;;;157;04/06/2023;17:09:50;24.66;;;;157;04/06/2023;17:12:26;24.73;;;;
158;04/06/2023;17:08:48;24.64;;;;158;04/06/2023;17:10:05;24.66;;;;158;04/06/2023;17:12:41;24.76;;;;
159;04/06/2023;17:09:03;24.66;;;;159;04/06/2023;17:10:20;24.63;;;;159;04/06/2023;17:12:56;;Missing data;;;
160;04/06/2023;17:09:18;24.65;;;;160;04/06/2023;17:10:35;24.66;;;;160;04/06/2023;17:13:11;24.74;;;;
161;04/06/2023;17:09:33;24.64;;;;161;04/06/2023;17:10:50;24.66;;;;161;04/06/2023;17:13:26;24.74;;;;
162;04/06/2023;17:09:48;24.64;;;;162;04/06/2023;17:11:05;24.63;;;;162;04/06/2023;17:13:41;24.72;;;;
163;04/06/2023;17:10:03;24.64;;;;163;04/06/2023;17:11:20;24.66;;;;163;04/06/2023;17:13:56;24.74;;;;
164;04/06/2023;17:10:18;24.66;;;;164;04/06/2023;17:11:35;24.66;;;;164;04/06/2023;17:14:11;24.74;;;;
165;04/06/2023;17:10:33;24.65;;;;165;04/06/2023;17:11:50;24.65;;;;165;04/06/2023;17:14:26;24.72;;;;
166;04/06/2023;17:10:49;24.65;;;;166;04/06/2023;17:12:05;24.66;;;;166;04/06/2023;17:14:41;24.74;;;;
167;04/06/2023;17:11:04;24.64;;;;167;04/06/2023;17:12:20;24.66;;;;167;04/06/2023;17:14:56;24.73;;;;
168;04/06/2023;17:11:19;24.65;Synchronized;;;168;04/06/2023;17:12:35;24.66;;;;168;04/06/2023;17:15:11;24.72;;;;
169;04/06/2023;17:11:34;24.64;;;;169;04/06/2023;17:12:50;24.65;;;;169;04/06/2023;17:15:26;;Missing data;;;
170;04/06/2023;17:11:49;24.66;;;;170;04/06/2023;17:13:05;24.63;;;;170;04/06/2023;17:15:41;24.7;;;;
171;04/06/2023;17:12:04;24.63;;;;171;04/06/2023;17:13:20;24.66;;;;171;04/06/2023;17:15:56;24.72;;;;
172;04/06/2023;17:12:19;24.65;;;;172;04/06/2023;17:13:35;24.66;;;;172;04/06/2023;17:16:11;24.72;;;;
173;04/06/2023;17:12:34;24.63;;;;173;04/06/2023;17:13:50;24.63;;;;173;04/06/2023;17:16:26;24.7;;;;
174;04/06/2023;17:12:49;24.64;;;;174;04/06/2023;17:14:05;24.63;;;;174;04/06/2023;17:16:42;24.7;;;;
175;04/06/2023;17:13:04;24.64;;;;175;04/06/2023;17:14:20;24.66;;;;175;04/06/2023;17:16:57;24.7;;;;
176;04/06/2023;17:13:19;24.65;;;;176;04/06/2023;17:14:35;24.66;;;;176;04/06/2023;17:17:12;24.7;;;;
177;04/06/2023;17:13:34;24.65;;;;177;04/06/2023;17:14:50;24.65;;;;177;04/06/2023;17:17:27;24.7;;;;
178;04/06/2023;17:13:49;24.63;;;;178;04/06/2023;17:15:05;24.66;;;;178;04/06/2023;17:17:42;24.7;;;;
179;04/06/2023;17:14:04;24.64;;;;179;04/06/2023;17:15:20;24.63;;;;179;04/06/2023;17:17:57;24.7;;;;
180;04/06/2023;17:14:19;24.63;;;;180;04/06/2023;17:15:35;24.65;;;;180;04/06/2023;17:18:12;24.7;;;;
181;04/06/2023;17:14:34;24.63;;;;181;04/06/2023;17:15:50;24.63;;;;181;04/06/2023;17:18:27;24.69;;;;
182;04/06/2023;17:14:49;24.64;;;;182;04/06/2023;17:16:05;24.63;;;;182;04/06/2023;17:18:42;24.67;;;;
183;04/06/2023;17:15:04;24.63;;;;183;04/06/2023;17:16:20;24.61;;;;183;04/06/2023;17:18:57;24.69;;;;
184;04/06/2023;17:15:19;24.66;;;;184;04/06/2023;17:16:35;24.63;;;;184;04/06/2023;17:19:12;24.69;;;;
185;04/06/2023;17:15:34;24.64;;;;185;04/06/2023;17:16:50;24.63;;;;185;04/06/2023;17:19:27;24.69;;;;
186;04/06/2023;17:15:49;24.63;;;;186;04/06/2023;17:17:05;24.65;;;;186;04/06/2023;17:19:42;24.68;;;;
187;04/06/2023;17:16:04;24.64;;;;187;04/06/2023;17:17:20;24.63;;;;187;04/06/2023;17:19:57;24.69;;;;
188;04/06/2023;17:16:19;24.64;;;;188;04/06/2023;17:17:35;24.65;;;;188;04/06/2023;17:20:12;24.69;;;;
189;04/06/2023;17:16:34;24.61;;;;189;04/06/2023;17:17:50;24.63;;;;189;04/06/2023;17:20:27;24.68;;;;
190;04/06/2023;17:16:49;24.63;;;;190;04/06/2023;17:18:05;24.66;Synchronized;;;190;04/06/2023;17:20:42;24.7;;;;
191;04/06/2023;17:17:04;24.63;;;;191;04/06/2023;17:18:20;24.63;;;;191;04/06/2023;17:20:57;24.69;;;;
192;04/06/2023;17:17:19;24.64;;;;192;04/06/2023;17:18:35;24.63;;;;192;04/06/2023;17:21:12;24.68;;;;
193;04/06/2023;17:17:34;24.64;;;;193;04/06/2023;17:18:50;24.63;;;;193;04/06/2023;17:21:27;24.68;;;;
194;04/06/2023;17:17:49;24.63;;;;194;04/06/2023;17:19:05;24.63;;;;194;04/06/2023;17:21:42;24.7;;;;
195;04/06/2023;17:18:04;24.64;;;;195;04/06/2023;17:19:20;24.63;;;;195;04/06/2023;17:21:57;24.71;;;;
196;04/06/2023;17:18:19;24.64;;;;196;04/06/2023;17:19:35;24.65;;;;196;04/06/2023;17:22:12;24.69;;;;
197;04/06/2023;17:18:34;24.63;;;;197;04/06/2023;17:19:50;24.63;;;;197;04/06/2023;17:22:27;;Missing data;;;
198;04/06/2023;17:18:49;24.63;;;;198;04/06/2023;17:20:05;24.63;;;;198;04/06/2023;17:22:42;24.69;;;;
199;04/06/2023;17:19:04;24.63;;;;199;04/06/2023;17:20:20;24.63;;;;199;04/06/2023;17:22:57;24.69;;;;
200;04/06/2023;17:19:19;24.62;;;;200;04/06/2023;17:20:35;24.65;;;;200;04/06/2023;17:23:12;24.69;;;;
201;04/06/2023;17:19:34;24.65;;;;201;04/06/2023;17:20:51;24.65;;;;201;04/06/2023;17:23:27;24.66;;;;
202;04/06/2023;17:19:49;24.63;;;;202;04/06/2023;17:21:06;24.65;;;;202;04/06/2023;17:23:42;24.68;;;;
203;04/06/2023;17:20:04;24.62;;;;203;04/06/2023;17:21:21;24.63;;;;203;04/06/2023;17:23:58;24.68;;;;
204;04/06/2023;17:20:19;24.63;;;;204;04/06/2023;17:21:36;24.65;;;;204;04/06/2023;17:24:13;24.67;;;;
205;04/06/2023;17:20:34;24.63;;;;205;04/06/2023;17:21:51;24.63;;;;205;04/06/2023;17:24:28;24.68;;;;
206;04/06/2023;17:20:49;24.63;;;;206;04/06/2023;17:22:06;24.65;;;;206;04/06/2023;17:24:43;24.68;;;;
207;04/06/2023;17:21:04;24.63;;;;207;04/06/2023;17:22:21;24.62;Synchronized;;;207;04/06/2023;17:24:58;24.67;;;;
208;04/06/2023;17:21:19;24.63;;;;208;04/06/2023;17:22:36;24.63;;;;208;04/06/2023;17:25:13;24.69;;;;
209;04/06/2023;17:21:34;24.63;;;;209;04/06/2023;17:22:51;24.65;;;;209;04/06/2023;17:25:28;24.69;;;;
210;04/06/2023;17:21:50;24.61;;;;210;04/06/2023;17:23:06;24.63;;;;210;04/06/2023;17:25:43;24.67;;;;
211;04/06/2023;17:22:05;24.62;;;;211;04/06/2023;17:23:21;24.65;;;;211;04/06/2023;17:25:58;24.7;;;;
212;04/06/2023;17:22:20;24.63;;;;212;04/06/2023;17:23:36;24.63;;;;212;04/06/2023;17:26:13;24.67;;;;
213;04/06/2023;17:22:35;24.63;;;;213;04/06/2023;17:23:51;24.62;;;;213;04/06/2023;17:26:28;24.66;;;;
214;04/06/2023;17:22:50;24.64;;;;214;04/06/2023;17:24:06;24.63;;;;214;04/06/2023;17:26:43;24.67;;;;
215;04/06/2023;17:23:05;24.64;;;;215;04/06/2023;17:24:21;24.63;;;;215;04/06/2023;17:26:58;24.69;;;;
216;04/06/2023;17:23:20;24.63;;;;216;04/06/2023;17:24:36;24.63;;;;216;04/06/2023;17:27:13;24.67;;;;
217;04/06/2023;17:23:35;24.65;;;;217;04/06/2023;17:24:51;24.65;;;;217;04/06/2023;17:27:28;24.68;;;;
218;04/06/2023;17:23:50;24.64;;;;218;04/06/2023;17:25:06;24.65;;;;218;04/06/2023;17:27:43;24.67;;;;
219;04/06/2023;17:24:05;24.65;;;;219;04/06/2023;17:25:21;24.65;;;;219;04/06/2023;17:27:58;24.67;;;;
220;04/06/2023;17:24:20;24.62;;;;220;04/06/2023;17:25:36;24.63;;;;220;04/06/2023;17:28:13;24.66;;;;
221;04/06/2023;17:24:35;24.64;;;;221;04/06/2023;17:25:51;24.66;;;;221;04/06/2023;17:28:28;24.66;;;;
222;04/06/2023;17:24:50;24.63;;;;222;04/06/2023;17:26:06;24.63;;;;222;04/06/2023;17:28:43;24.65;;;;
223;04/06/2023;17:25:05;24.63;;;;223;04/06/2023;17:26:21;24.63;;;;223;04/06/2023;17:28:58;24.69;;;;
224;04/06/2023;17:25:20;24.63;;;;224;04/06/2023;17:26:36;24.63;;;;224;04/06/2023;17:29:13;24.66;;;;
225;04/06/2023;17:25:35;24.62;;;;225;04/06/2023;17:26:51;24.65;;;;225;04/06/2023;17:29:28;24.67;;;;
226;04/06/2023;17:25:50;24.64;;;;226;04/06/2023;17:27:06;24.66;;;;226;04/06/2023;17:29:43;24.65;;;;
227;04/06/2023;17:26:05;24.64;;;;227;04/06/2023;17:27:21;24.65;;;;227;04/06/2023;17:29:58;24.66;;;;
228;04/06/2023;17:26:20;24.63;;;;228;04/06/2023;17:27:36;24.65;;;;228;04/06/2023;17:30:13;24.64;;;;
229;04/06/2023;17:26:35;24.64;;;;229;04/06/2023;17:27:51;24.63;;;;229;04/06/2023;17:30:28;24.66;;;;
230;04/06/2023;17:26:50;24.63;;;;230;04/06/2023;17:28:06;24.65;;;;230;04/06/2023;17:30:44;;Missing data;;;
231;04/06/2023;17:27:05;24.63;;;;231;04/06/2023;17:28:21;24.65;;;;231;04/06/2023;17:30:59;24.66;;;;
232;04/06/2023;17:27:20;24.63;;;;232;04/06/2023;17:28:36;24.63;;;;232;04/06/2023;17:31:14;24.65;;;;
233;04/06/2023;17:27:35;24.63;;;;233;04/06/2023;17:28:51;24.63;;;;233;04/06/2023;17:31:29;24.65;;;;
234;04/06/2023;17:27:50;24.63;;;;234;04/06/2023;17:29:06;24.63;;;;234;04/06/2023;17:31:44;24.66;;;;
235;04/06/2023;17:28:05;24.65;;;;235;04/06/2023;17:29:21;24.66;;;;235;04/06/2023;17:31:59;24.66;;;;
236;04/06/2023;17:28:20;24.62;;;;236;04/06/2023;17:29:36;24.66;;;;236;04/06/2023;17:32:14;24.66;;;;
237;04/06/2023;17:28:35;24.63;;;;237;04/06/2023;17:29:51;24.63;;;;237;04/06/2023;17:32:29;24.64;;;;
238;04/06/2023;17:28:50;24.62;;;;238;04/06/2023;17:30:06;24.65;;;;238;04/06/2023;17:32:44;24.65;;;;
239;04/06/2023;17:29:05;24.63;;;;239;04/06/2023;17:30:21;24.63;;;;239;04/06/2023;17:32:59;24.65;;;;
240;04/06/2023;17:29:20;24.63;;;;240;04/06/2023;17:30:36;24.63;;;;240;04/06/2023;17:33:14;24.64;;;;
241;04/06/2023;17:29:35;24.63;;;;241;04/06/2023;17:30:51;24.63;;;;241;04/06/2023;17:33:29;24.66;;;;
242;04/06/2023;17:29:50;24.63;;;;242;04/06/2023;17:31:06;24.63;;;;242;04/06/2023;17:33:44;24.64;;;;
243;04/06/2023;17:30:05;24.62;;;;243;04/06/2023;17:31:21;24.62;;;;243;04/06/2023;17:33:59;24.65;;;;
244;04/06/2023;17:30:20;24.62;;;;244;04/06/2023;17:31:36;24.65;;;;244;04/06/2023;17:34:14;24.65;;;;
245;04/06/2023;17:30:35;24.62;;;;245;04/06/2023;17:31:51;24.61;;;;245;04/06/2023;17:34:29;24.65;;;;
246;04/06/2023;17:30:50;24.63;;;;246;04/06/2023;17:32:06;24.63;;;;246;04/06/2023;17:34:44;24.67;;;;
247;04/06/2023;17:31:05;24.62;;;;247;04/06/2023;17:32:21;24.63;;;;247;04/06/2023;17:34:59;24.66;;;;
248;04/06/2023;17:31:20;24.63;;;;248;04/06/2023;17:32:36;24.63;;;;248;04/06/2023;17:35:14;24.66;;;;
249;04/06/2023;17:31:35;24.62;;;;249;04/06/2023;17:32:51;24.63;;;;249;04/06/2023;17:35:29;24.66;;;;
250;04/06/2023;17:31:50;24.63;;;;250;04/06/2023;17:33:06;24.66;;;;250;04/06/2023;17:35:44;24.64;;;;
251;04/06/2023;17:32:05;24.63;;;;251;04/06/2023;17:33:21;24.62;;;;251;04/06/2023;17:35:59;24.66;;;;
252;04/06/2023;17:32:20;24.62;;;;252;04/06/2023;17:33:36;24.63;;;;252;04/06/2023;17:36:14;24.66;;;;
253;04/06/2023;17:32:36;24.63;;;;253;04/06/2023;17:33:51;24.63;;;;253;04/06/2023;17:36:29;24.66;;;;
254;04/06/2023;17:32:51;24.62;;;;254;04/06/2023;17:34:06;24.63;;;;254;04/06/2023;17:36:44;24.64;;;;
255;04/06/2023;17:33:06;24.61;;;;255;04/06/2023;17:34:21;24.63;;;;255;04/06/2023;17:36:59;24.65;;;;
256;04/06/2023;17:33:21;24.61;;;;256;04/06/2023;17:34:36;24.65;;;;256;04/06/2023;17:37:14;24.63;;;;
257;04/06/2023;17:33:36;24.61;;;;257;04/06/2023;17:34:51;24.63;;;;257;04/06/2023;17:37:29;24.63;;;;
258;04/06/2023;17:33:51;24.62;Synchronized;;;258;04/06/2023;17:35:06;24.63;;;;258;04/06/2023;17:37:45;24.64;;;;
259;04/06/2023;17:34:06;24.63;;;;259;04/06/2023;17:35:22;24.62;;;;259;04/06/2023;17:38:00;24.64;;;;
260;04/06/2023;17:34:21;24.61;;;;260;04/06/2023;17:35:37;24.66;;;;260;04/06/2023;17:38:15;24.66;;;;
261;04/06/2023;17:34:36;24.61;;;;261;04/06/2023;17:35:52;24.63;;;;261;04/06/2023;17:38:30;24.65;;;;
262;04/06/2023;17:34:51;24.61;;;;262;04/06/2023;17:36:07;24.63;;;;262;04/06/2023;17:38:45;24.65;;;;
263;04/06/2023;17:35:06;24.63;;;;263;04/06/2023;17:36:22;24.63;;;;263;04/06/2023;17:39:00;24.63;;;;
264;04/06/2023;17:35:21;24.63;;;;264;04/06/2023;17:36:37;24.63;;;;264;04/06/2023;17:39:15;24.63;;;;
265;04/06/2023;17:35:36;24.63;;;;265;04/06/2023;17:36:52;24.65;;;;265;04/06/2023;17:39:30;24.64;;;;
266;04/06/2023;17:35:51;24.62;;;;266;04/06/2023;17:37:07;24.63;;;;266;04/06/2023;17:39:45;24.65;;;;
267;04/06/2023;17:36:06;24.6;;;;267;04/06/2023;17:37:22;24.63;;;;267;04/06/2023;17:40:00;24.63;;;;
268;04/06/2023;17:36:21;24.59;;;;268;04/06/2023;17:37:37;24.63;;;;268;04/06/2023;17:40:15;24.63;;;;
269;04/06/2023;17:36:36;24.63;;;;269;04/06/2023;17:37:52;24.63;;;;269;04/06/2023;17:40:30;24.64;;;;
270;04/06/2023;17:36:51;24.6;;;;270;04/06/2023;17:38:07;24.6;;;;270;04/06/2023;17:40:45;24.64;;;;
271;04/06/2023;17:37:06;24.63;;;;271;04/06/2023;17:38:22;24.62;;;;271;04/06/2023;17:41:00;24.63;;;;
272;04/06/2023;17:37:21;24.61;;;;272;04/06/2023;17:38:37;24.61;;;;272;04/06/2023;17:41:15;24.61;;;;
273;04/06/2023;17:37:36;24.61;;;;273;04/06/2023;17:38:52;24.59;;;;273;04/06/2023;17:41:30;24.63;;;;
274;04/06/2023;17:37:51;24.62;;;;274;04/06/2023;17:39:07;24.61;;;;274;04/06/2023;17:41:45;24.61;;;;
275;04/06/2023;17:38:06;24.61;;;;275;04/06/2023;17:39:22;24.62;;;;275;04/06/2023;17:42:00;;Missing data;;;
276;04/06/2023;17:38:21;24.61;;;;276;04/06/2023;17:39:37;24.61;;;;276;04/06/2023;17:42:15;24.63;;;;
277;04/06/2023;17:38:36;24.63;;;;277;04/06/2023;17:39:52;24.63;;;;277;04/06/2023;17:42:30;24.64;;;;
278;04/06/2023;17:38:51;24.61;;;;278;04/06/2023;17:40:07;24.62;;;;278;04/06/2023;17:42:45;24.63;;;;
279;04/06/2023;17:39:06;24.62;;;;279;04/06/2023;17:40:22;24.61;;;;279;04/06/2023;17:43:00;24.63;;;;
280;04/06/2023;17:39:21;24.59;;;;280;04/06/2023;17:40:37;24.63;;;;280;04/06/2023;17:43:15;24.63;;;;
281;04/06/2023;17:39:36;24.59;;;;281;04/06/2023;17:40:52;24.59;;;;281;04/06/2023;17:43:30;24.61;;;;
282;04/06/2023;17:39:51;24.59;;;;282;04/06/2023;17:41:07;24.62;;;;282;04/06/2023;17:43:45;24.61;;;;
283;04/06/2023;17:40:06;24.59;;;;283;04/06/2023;17:41:22;24.61;;;;283;04/06/2023;17:44:00;24.63;;;;
284;04/06/2023;17:40:21;24.6;;;;284;04/06/2023;17:41:37;24.59;;;;284;04/06/2023;17:44:15;24.63;;;;
285;04/06/2023;17:40:36;24.61;;;;285;04/06/2023;17:41:52;24.62;;;;285;04/06/2023;17:44:30;24.63;;;;
286;04/06/2023;17:40:51;24.6;;;;286;04/06/2023;17:42:07;24.62;;;;286;04/06/2023;17:44:46;24.63;;;;
287;04/06/2023;17:41:06;24.6;;;;287;04/06/2023;17:42:22;24.59;;;;287;04/06/2023;17:45:01;24.63;;;;
288;04/06/2023;17:41:21;24.58;;;;288;04/06/2023;17:42:37;24.59;;;;288;04/06/2023;17:45:16;24.63;;;;
289;04/06/2023;17:41:36;24.59;Synchronized;;;289;04/06/2023;17:42:52;24.62;;;;289;04/06/2023;17:45:31;24.6;;;;
290;04/06/2023;17:41:51;24.6;;;;290;04/06/2023;17:43:07;24.61;;;;290;04/06/2023;17:45:46;24.63;;;;
291;04/06/2023;17:42:06;24.59;;;;291;04/06/2023;17:43:22;24.61;;;;291;04/06/2023;17:46:01;24.63;;;;
292;04/06/2023;17:42:21;24.58;;;;292;04/06/2023;17:43:37;24.61;;;;292;04/06/2023;17:46:16;24.63;;;;
293;04/06/2023;17:42:36;24.6;;;;293;04/06/2023;17:43:52;24.61;;;;293;04/06/2023;17:46:31;24.59;;;;
294;04/06/2023;17:42:51;24.59;;;;294;04/06/2023;17:44:07;24.61;;;;294;04/06/2023;17:46:46;24.6;;;;
295;04/06/2023;17:43:06;24.59;;;;295;04/06/2023;17:44:22;24.59;;;;295;04/06/2023;17:47:01;24.64;;;;
296;04/06/2023;17:43:21;24.6;;;;296;04/06/2023;17:44:37;24.62;;;;296;04/06/2023;17:47:16;24.64;;;;
297;04/06/2023;17:43:37;24.59;;;;297;04/06/2023;17:44:52;24.61;;;;297;04/06/2023;17:47:31;24.63;;;;
298;04/06/2023;17:43:52;24.58;;;;298;04/06/2023;17:45:07;24.6;;;;298;04/06/2023;17:47:46;24.6;;;;
299;04/06/2023;17:44:07;24.59;;;;299;04/06/2023;17:45:22;24.59;;;;299;04/06/2023;17:48:01;;Missing data;;;
300;04/06/2023;17:44:22;24.58;;;;300;04/06/2023;17:45:37;24.62;;;;300;04/06/2023;17:48:16;24.63;;;;
301;04/06/2023;17:44:37;24.58;;;;301;04/06/2023;17:45:52;24.59;;;;301;04/06/2023;17:48:31;24.63;;;;
302;04/06/2023;17:44:52;24.6;;;;302;04/06/2023;17:46:07;24.59;;;;302;04/06/2023;17:48:46;24.63;;;;
303;04/06/2023;17:45:07;24.57;;;;303;04/06/2023;17:46:22;24.61;;;;303;04/06/2023;17:49:01;24.63;;;;
304;04/06/2023;17:45:22;24.61;;;;304;04/06/2023;17:46:37;24.59;;;;304;04/06/2023;17:49:16;24.61;;;;
305;04/06/2023;17:45:37;24.59;;;;305;04/06/2023;17:46:52;24.59;;;;305;04/06/2023;17:49:31;24.6;;;;
306;04/06/2023;17:45:52;24.57;;;;306;04/06/2023;17:47:07;24.6;;;;306;04/06/2023;17:49:46;24.63;;;;
307;04/06/2023;17:46:07;24.59;;;;307;04/06/2023;17:47:22;24.6;;;;307;04/06/2023;17:50:01;24.61;;;;
308;04/06/2023;17:46:22;24.58;;;;308;04/06/2023;17:47:37;24.6;;;;308;04/06/2023;17:50:16;24.6;;;;
309;04/06/2023;17:46:37;24.59;;;;309;04/06/2023;17:47:52;24.59;;;;309;04/06/2023;17:50:31;24.63;;;;
310;04/06/2023;17:46:52;24.59;;;;310;04/06/2023;17:48:07;24.6;;;;310;04/06/2023;17:50:46;24.61;;;;
311;04/06/2023;17:47:07;24.57;;;;311;04/06/2023;17:48:22;24.6;;;;311;04/06/2023;17:51:01;24.6;;;;
312;04/06/2023;17:47:22;24.56;;;;312;04/06/2023;17:48:37;24.61;;;;312;04/06/2023;17:51:16;24.61;;;;
313;04/06/2023;17:47:37;24.59;;;;313;04/06/2023;17:48:52;24.59;;;;313;04/06/2023;17:51:32;24.6;;;;
314;04/06/2023;17:47:52;24.59;;;;314;04/06/2023;17:49:07;24.6;;;;314;04/06/2023;17:51:47;24.61;;;;
315;04/06/2023;17:48:07;24.58;;;;315;04/06/2023;17:49:22;24.59;;;;315;04/06/2023;17:52:02;24.63;;;;
316;04/06/2023;17:48:22;24.59;;;;316;04/06/2023;17:49:37;24.61;;;;316;04/06/2023;17:52:17;24.6;;;;
317;04/06/2023;17:48:37;24.56;;;;317;04/06/2023;17:49:52;24.59;;;;317;04/06/2023;17:52:32;24.59;;;;
318;04/06/2023;17:48:52;24.59;;;;318;04/06/2023;17:50:07;24.59;;;;318;04/06/2023;17:52:47;24.6;;;;
319;04/06/2023;17:49:07;24.59;;;;319;04/06/2023;17:50:22;24.59;;;;319;04/06/2023;17:53:02;24.58;;;;
320;04/06/2023;17:49:22;24.58;;;;320;04/06/2023;17:50:37;24.59;;;;320;04/06/2023;17:53:17;24.6;;;;
321;04/06/2023;17:49:37;24.59;;;;321;04/06/2023;17:50:52;24.59;;;;321;04/06/2023;17:53:32;24.6;;;;
322;04/06/2023;17:49:52;24.59;;;;322;04/06/2023;17:51:07;24.59;;;;322;04/06/2023;17:53:47;24.6;;;;
323;04/06/2023;17:50:07;24.59;;;;323;04/06/2023;17:51:22;24.58;;;;323;04/06/2023;17:54:02;24.59;;;;
324;04/06/2023;17:50:22;24.59;;;;324;04/06/2023;17:51:37;24.61;;;;324;04/06/2023;17:54:17;24.59;;;;
325;04/06/2023;17:50:37;24.59;;;;325;04/06/2023;17:51:53;24.59;;;;325;04/06/2023;17:54:32;24.59;;;;
326;04/06/2023;17:50:52;24.59;;;;326;04/06/2023;17:52:07;24.58;;;;326;04/06/2023;17:54:47;24.6;;;;
327;04/06/2023;17:51:07;24.58;;;;327;04/06/2023;17:52:22;24.59;;;;327;04/06/2023;17:55:02;24.6;;;;
328;04/06/2023;17:51:22;24.57;;;;328;04/06/2023;17:52:38;24.59;;;;328;04/06/2023;17:55:17;24.6;;;;
329;04/06/2023;17:51:37;24.57;;;;329;04/06/2023;17:52:53;24.58;;;;329;04/06/2023;17:55:32;24.59;;;;
330;04/06/2023;17:51:52;24.57;;;;330;04/06/2023;17:53:08;24.56;;;;330;04/06/2023;17:55:47;24.59;;;;
331;04/06/2023;17:52:07;24.58;;;;331;04/06/2023;17:53:23;24.57;;;;331;04/06/2023;17:56:02;24.58;;;;
332;04/06/2023;17:52:22;24.57;;;;332;04/06/2023;17:53:38;24.56;;;;332;04/06/2023;17:56:17;24.61;;;;
333;04/06/2023;17:52:37;24.57;;;;333;04/06/2023;17:53:53;24.57;;;;333;04/06/2023;17:56:32;24.6;;;;
334;04/06/2023;17:52:52;24.57;;;;334;04/06/2023;17:54:08;24.6;;;;334;04/06/2023;17:56:47;24.6;;;;
335;04/06/2023;17:53:07;24.57;;;;335;04/06/2023;17:54:23;24.59;;;;335;04/06/2023;17:57:02;24.59;;;;
336;04/06/2023;17:53:22;24.57;;;;336;04/06/2023;17:54:38;24.57;;;;336;04/06/2023;17:57:17;24.6;;;;
337;04/06/2023;17:53:38;24.57;;;;337;04/06/2023;17:54:53;24.59;;;;337;04/06/2023;17:57:32;24.6;;;;
338;04/06/2023;17:53:53;24.59;;;;338;04/06/2023;17:55:08;24.58;;;;338;04/06/2023;17:57:47;24.59;;;;
339;04/06/2023;17:54:08;24.57;;;;339;04/06/2023;17:55:23;24.55;;;;339;04/06/2023;17:58:03;24.59;;;;
340;04/06/2023;17:54:23;24.57;;;;340;04/06/2023;17:55:38;24.59;;;;340;04/06/2023;17:58:18;24.59;;;;
341;04/06/2023;17:54:38;24.57;;;;341;04/06/2023;17:55:53;24.59;;;;341;04/06/2023;17:58:33;24.58;;;;
342;04/06/2023;17:54:53;24.57;;;;342;04/06/2023;17:56:08;24.58;;;;342;04/06/2023;17:58:48;24.6;;;;
343;04/06/2023;17:55:08;24.59;;;;343;04/06/2023;17:56:23;24.59;;;;343;04/06/2023;17:59:03;24.59;;;;
344;04/06/2023;17:55:23;24.58;;;;344;04/06/2023;17:56:38;24.59;;;;344;04/06/2023;17:59:18;24.59;;;;
345;04/06/2023;17:55:38;24.57;;;;345;04/06/2023;17:56:53;24.59;;;;345;04/06/2023;17:59:33;24.59;;;;
346;04/06/2023;17:55:53;24.57;;;;346;04/06/2023;17:57:08;24.57;;;;346;04/06/2023;17:59:48;24.61;;;;
347;04/06/2023;17:56:08;24.55;;;;347;04/06/2023;17:57:23;24.59;;;;347;04/06/2023;18:00:03;24.61;;;;
348;04/06/2023;17:56:23;24.56;;;;348;04/06/2023;17:57:38;24.6;;;;348;04/06/2023;18:00:18;24.59;;;;
349;04/06/2023;17:56:38;24.56;;;;349;04/06/2023;17:57:53;24.59;;;;349;04/06/2023;18:00:33;24.58;;;;
350;04/06/2023;17:56:53;24.58;;;;350;04/06/2023;17:58:08;24.59;;;;350;04/06/2023;18:00:48;;Missing data;;;
351;04/06/2023;17:57:08;24.58;;;;351;04/06/2023;17:58:23;24.56;;;;351;04/06/2023;18:01:03;24.61;;;;
352;04/06/2023;17:57:23;24.56;;;;352;04/06/2023;17:58:38;24.58;;;;352;04/06/2023;18:01:18;24.59;;;;
353;04/06/2023;17:57:38;24.55;;;;353;04/06/2023;17:58:53;24.58;Synchronized;;;353;04/06/2023;18:01:33;24.59;;;;
354;04/06/2023;17:57:53;24.57;;;;354;04/06/2023;17:59:08;24.58;;;;354;04/06/2023;18:01:48;24.59;;;;
355;04/06/2023;17:58:08;24.56;;;;355;04/06/2023;17:59:23;24.59;;;;355;04/06/2023;18:02:03;24.59;;;;
356;04/06/2023;17:58:23;24.57;;;;356;04/06/2023;17:59:38;24.58;;;;356;04/06/2023;18:02:18;24.58;;;;
357;04/06/2023;17:58:38;24.58;;;;357;04/06/2023;17:59:53;24.58;;;;357;04/06/2023;18:02:33;24.57;;;;
358;04/06/2023;17:58:53;24.58;;;;358;04/06/2023;18:00:08;24.57;;;;358;04/06/2023;18:02:48;24.6;;;;
359;04/06/2023;17:59:08;24.58;;;;359;04/06/2023;18:00:23;24.58;;;;359;04/06/2023;18:03:03;24.59;;;;
360;04/06/2023;17:59:23;24.59;;;;360;04/06/2023;18:00:38;24.58;;;;360;04/06/2023;18:03:18;24.56;;;;
361;04/06/2023;17:59:38;24.56;;;;361;04/06/2023;18:00:53;24.57;;;;361;04/06/2023;18:03:33;24.58;;;;
362;04/06/2023;17:59:53;24.55;;;;362;04/06/2023;18:01:08;24.59;;;;362;04/06/2023;18:03:48;24.58;;;;
363;04/06/2023;18:00:08;24.56;;;;363;04/06/2023;18:01:23;24.59;;;;363;04/06/2023;18:04:03;24.57;;;;
364;04/06/2023;18:00:23;24.57;;;;364;04/06/2023;18:01:38;24.57;;;;364;04/06/2023;18:04:18;24.57;;;;
365;04/06/2023;18:00:38;24.56;;;;365;04/06/2023;18:01:53;24.57;;;;365;04/06/2023;18:04:33;24.57;;;;
366;04/06/2023;18:00:53;24.57;;;;366;04/06/2023;18:02:08;24.58;;;;366;04/06/2023;18:04:49;24.57;;;;
367;04/06/2023;18:01:08;24.56;;;;367;04/06/2023;18:02:23;24.57;;;;367;04/06/2023;18:05:04;24.57;;;;
368;04/06/2023;18:01:23;24.58;;;;368;04/06/2023;18:02:38;24.55;;;;368;04/06/2023;18:05:19;24.57;;;;
369;04/06/2023;18:01:38;24.55;;;;369;04/06/2023;18:02:53;24.56;;;;369;04/06/2023;18:05:34;24.57;;;;
370;04/06/2023;18:01:53;24.55;;;;370;04/06/2023;18:03:08;24.55;;;;370;04/06/2023;18:05:49;24.56;;;;
371;04/06/2023;18:02:08;24.53;;;;371;04/06/2023;18:03:23;24.56;;;;371;04/06/2023;18:06:04;24.59;;;;
372;04/06/2023;18:02:23;24.57;;;;372;04/06/2023;18:03:38;24.55;;;;372;04/06/2023;18:06:19;24.55;;;;
373;04/06/2023;18:02:38;24.55;;;;373;04/06/2023;18:03:53;24.57;;;;373;04/06/2023;18:06:34;24.57;;;;
374;04/06/2023;18:02:53;24.55;;;;374;04/06/2023;18:04:08;24.56;;;;374;04/06/2023;18:06:49;24.58;;;;
375;04/06/2023;18:03:09;24.55;;;;375;04/06/2023;18:04:23;24.56;;;;375;04/06/2023;18:07:04;24.56;;;;
376;04/06/2023;18:03:24;24.55;;;;376;04/06/2023;18:04:38;24.57;;;;376;04/06/2023;18:07:19;24.56;;;;
377;04/06/2023;18:03:39;24.53;;;;377;04/06/2023;18:04:53;24.55;;;;377;04/06/2023;18:07:34;24.58;;;;
378;04/06/2023;18:03:54;24.55;;;;378;04/06/2023;18:05:08;24.55;;;;378;04/06/2023;18:07:49;24.59;;;;
379;04/06/2023;18:04:09;24.55;;;;379;04/06/2023;18:05:23;24.55;;;;379;04/06/2023;18:08:04;24.57;;;;
380;04/06/2023;18:04:24;24.55;;;;380;04/06/2023;18:05:38;24.54;;;;380;04/06/2023;18:08:19;24.57;;;;
381;04/06/2023;18:04:39;24.55;;;;381;04/06/2023;18:05:53;24.55;;;;381;04/06/2023;18:08:34;24.57;;;;
382;04/06/2023;18:04:54;24.55;;;;382;04/06/2023;18:06:08;24.55;;;;382;04/06/2023;18:08:49;24.57;;;;
383;04/06/2023;18:05:09;24.52;;;;383;04/06/2023;18:06:23;24.57;;;;383;04/06/2023;18:09:04;24.58;;;;
384;04/06/2023;18:05:24;24.55;;;;384;04/06/2023;18:06:38;24.55;;;;384;04/06/2023;18:09:19;24.56;;;;
385;04/06/2023;18:05:39;24.55;;;;385;04/06/2023;18:06:53;24.55;;;;385;04/06/2023;18:09:34;24.57;;;;
386;04/06/2023;18:05:54;24.53;;;;386;04/06/2023;18:07:08;24.56;;;;386;04/06/2023;18:09:49;24.54;;;;
387;04/06/2023;18:06:09;24.53;;;;387;04/06/2023;18:07:23;24.55;;;;387;04/06/2023;18:10:04;24.58;;;;
388;04/06/2023;18:06:24;24.56;;;;388;04/06/2023;18:07:38;24.55;;;;388;04/06/2023;18:10:19;24.56;;;;
389;04/06/2023;18:06:39;24.53;;;;389;04/06/2023;18:07:53;24.56;;;;389;04/06/2023;18:10:34;24.55;;;;
390;04/06/2023;18:06:54;24.52;;;;390;04/06/2023;18:08:08;24.57;;;;390;04/06/2023;18:10:49;24.57;;;;
391;04/06/2023;18:07:09;24.55;;;;391;04/06/2023;18:08:23;24.54;;;;391;04/06/2023;18:11:04;24.56;;;;
392;04/06/2023;18:07:24;24.52;;;;392;04/06/2023;18:08:38;24.55;;;;392;04/06/2023;18:11:19;24.57;;;;
393;04/06/2023;18:07:39;24.55;;;;393;04/06/2023;18:08:53;24.55;Synchronized;;;393;04/06/2023;18:11:34;24.56;;;;
394;04/06/2023;18:07:54;24.52;;;;394;04/06/2023;18:09:08;24.57;;;;394;04/06/2023;18:11:50;24.57;;;;
395;04/06/2023;18:08:09;24.53;;;;395;04/06/2023;18:09:23;24.56;;;;395;04/06/2023;18:12:05;24.57;;;;
396;04/06/2023;18:08:24;24.53;;;;396;04/06/2023;18:09:38;24.56;Synchronized;;;396;04/06/2023;18:12:20;24.55;;;;
397;04/06/2023;18:08:39;24.52;;;;397;04/06/2023;18:09:53;24.56;Synchronized;;;397;04/06/2023;18:12:35;24.57;;;;
398;04/06/2023;18:08:54;24.52;Synchronized;;;398;04/06/2023;18:10:08;24.54;;;;398;04/06/2023;18:12:50;24.55;;;;
399;04/06/2023;18:09:09;24.53;;;;399;04/06/2023;18:10:23;24.56;;;;399;04/06/2023;18:13:05;24.55;;;;
400;04/06/2023;18:09:24;24.53;;;;400;04/06/2023;18:10:38;24.54;;;;400;04/06/2023;18:13:20;24.55;;;;
401;04/06/2023;18:09:39;24.55;;;;401;04/06/2023;18:10:53;24.57;;;;401;04/06/2023;18:13:35;24.55;;;;
402;04/06/2023;18:09:54;24.55;;;;402;04/06/2023;18:11:08;24.56;;;;402;04/06/2023;18:13:50;24.57;;;;
403;04/06/2023;18:10:09;24.53;;;;403;04/06/2023;18:11:23;24.55;;;;403;04/06/2023;18:14:05;24.56;;;;
404;04/06/2023;18:10:24;24.55;;;;404;04/06/2023;18:11:38;24.55;;;;404;04/06/2023;18:14:20;24.58;;;;
405;04/06/2023;18:10:39;24.57;;;;405;04/06/2023;18:11:53;24.55;;;;405;04/06/2023;18:14:35;24.56;;;;
406;04/06/2023;18:10:54;24.53;;;;406;04/06/2023;18:12:08;24.55;;;;406;04/06/2023;18:14:50;24.59;;;;
407;04/06/2023;18:11:09;24.52;;;;407;04/06/2023;18:12:23;24.55;;;;407;04/06/2023;18:15:05;24.55;;;;
408;04/06/2023;18:11:24;24.55;;;;408;04/06/2023;18:12:38;24.55;;;;408;04/06/2023;18:15:20;24.57;;;;
409;04/06/2023;18:11:39;24.53;;;;409;04/06/2023;18:12:53;24.55;;;;409;04/06/2023;18:15:35;24.55;;;;
410;04/06/2023;18:11:54;24.52;;;;410;04/06/2023;18:13:08;24.56;;;;410;04/06/2023;18:15:50;24.56;;;;
411;04/06/2023;18:12:09;24.55;;;;411;04/06/2023;18:13:23;24.55;;;;411;04/06/2023;18:16:05;24.55;;;;
412;04/06/2023;18:12:24;24.55;;;;412;04/06/2023;18:13:38;24.53;;;;412;04/06/2023;18:16:20;24.56;;;;
413;04/06/2023;18:12:39;24.53;;;;413;04/06/2023;18:13:53;24.55;;;;413;04/06/2023;18:16:35;24.56;;;;
414;04/06/2023;18:12:54;24.53;;;;414;04/06/2023;18:14:08;24.55;;;;414;04/06/2023;18:16:50;24.55;;;;
415;04/06/2023;18:13:09;24.55;;;;415;04/06/2023;18:14:23;24.56;;;;415;04/06/2023;18:17:05;24.57;;;;
416;04/06/2023;18:13:25;24.52;;;;416;04/06/2023;18:14:38;24.56;;;;416;04/06/2023;18:17:20;24.56;;;;
417;04/06/2023;18:13:40;24.52;;;;417;04/06/2023;18:14:53;24.55;;;;417;04/06/2023;18:17:35;24.56;;;;
418;04/06/2023;18:13:55;24.55;;;;418;04/06/2023;18:15:08;24.55;;;;418;04/06/2023;18:17:50;24.57;;;;
419;04/06/2023;18:14:10;24.52;;;;419;04/06/2023;18:15:24;24.55;;;;419;04/06/2023;18:18:06;24.58;;;;
420;04/06/2023;18:14:25;24.53;;;;420;04/06/2023;18:15:39;24.55;;;;420;04/06/2023;18:18:21;24.55;;;;
421;04/06/2023;18:14:40;24.53;Synchronized;;;421;04/06/2023;18:15:54;24.56;;;;421;04/06/2023;18:18:36;24.55;;;;
422;04/06/2023;18:14:55;24.53;;;;422;04/06/2023;18:16:09;24.56;;;;422;04/06/2023;18:18:51;24.55;;;;
423;04/06/2023;18:15:10;24.53;;;;423;04/06/2023;18:16:24;24.55;;;;423;04/06/2023;18:19:06;24.55;;;;
424;04/06/2023;18:15:25;24.53;;;;424;04/06/2023;18:16:39;24.55;;;;424;04/06/2023;18:19:21;24.56;;;;
425;04/06/2023;18:15:40;24.55;;;;425;04/06/2023;18:16:54;24.54;;;;425;04/06/2023;18:19:36;24.55;;;;
426;04/06/2023;18:15:55;24.52;;;;426;04/06/2023;18:17:09;24.55;;;;426;04/06/2023;18:19:51;24.57;;;;
427;04/06/2023;18:16:10;24.52;;;;427;04/06/2023;18:17:24;24.55;;;;427;04/06/2023;18:20:06;24.57;;;;
428;04/06/2023;18:16:25;24.53;;;;428;04/06/2023;18:17:39;24.55;;;;428;04/06/2023;18:20:21;24.56;;;;
429;04/06/2023;18:16:40;24.52;;;;429;04/06/2023;18:17:54;24.56;;;;429;04/06/2023;18:20:36;24.56;;;;
430;04/06/2023;18:16:55;24.55;;;;430;04/06/2023;18:18:09;24.55;;;;430;04/06/2023;18:20:51;24.55;;;;
431;04/06/2023;18:17:10;24.53;;;;431;04/06/2023;18:18:24;24.55;;;;431;04/06/2023;18:21:06;24.56;;;;
432;04/06/2023;18:17:25;24.53;;;;432;04/06/2023;18:18:39;24.54;;;;432;04/06/2023;18:21:21;24.56;;;;
433;04/06/2023;18:17:40;24.53;;;;433;04/06/2023;18:18:54;24.54;;;;433;04/06/2023;18:21:36;24.57;;;;
434;04/06/2023;18:17:55;24.53;;;;434;04/06/2023;18:19:09;24.55;;;;434;04/06/2023;18:21:51;;Missing data;;;
435;04/06/2023;18:18:10;24.52;;;;435;04/06/2023;18:19:24;24.57;;;;435;04/06/2023;18:22:06;24.56;;;;
436;04/06/2023;18:18:25;24.55;;;;436;04/06/2023;18:19:39;24.55;;;;436;04/06/2023;18:22:21;24.55;;;;
437;04/06/2023;18:18:40;24.53;;;;437;04/06/2023;18:19:54;24.55;;;;437;04/06/2023;18:22:36;24.55;;;;
438;04/06/2023;18:18:55;24.52;;;;438;04/06/2023;18:20:09;24.55;;;;438;04/06/2023;18:22:51;;Missing data;;;
439;04/06/2023;18:19:10;24.52;;;;439;04/06/2023;18:20:24;24.55;;;;439;04/06/2023;18:23:06;24.55;;;;
440;04/06/2023;18:19:25;24.55;;;;440;04/06/2023;18:20:39;24.55;;;;440;04/06/2023;18:23:21;24.54;;;;
441;04/06/2023;18:19:40;24.52;;;;441;04/06/2023;18:20:54;24.54;;;;441;04/06/2023;18:23:36;24.55;;;;
442;04/06/2023;18:19:55;24.52;;;;442;04/06/2023;18:21:09;24.55;;;;442;04/06/2023;18:23:51;24.55;;;;
443;04/06/2023;18:20:10;24.52;;;;443;04/06/2023;18:21:24;24.55;;;;443;04/06/2023;18:24:06;24.56;;;;
444;04/06/2023;18:20:25;24.52;;;;444;04/06/2023;18:21:39;24.55;;;;444;04/06/2023;18:24:21;24.55;;;;
445;04/06/2023;18:20:40;24.53;;;;445;04/06/2023;18:21:54;24.55;;;;445;04/06/2023;18:24:36;24.56;;;;
446;04/06/2023;18:20:55;24.52;;;;446;04/06/2023;18:22:09;24.54;;;;446;04/06/2023;18:24:51;24.57;;;;
447;04/06/2023;18:21:10;24.53;;;;447;04/06/2023;18:22:24;24.56;;;;447;04/06/2023;18:25:06;24.54;;;;
448;04/06/2023;18:21:25;24.52;;;;448;04/06/2023;18:22:39;24.55;;;;448;04/06/2023;18:25:22;24.55;;;;
449;04/06/2023;18:21:40;24.52;;;;449;04/06/2023;18:22:54;24.54;;;;449;04/06/2023;18:25:37;24.55;;;;
450;04/06/2023;18:21:55;24.52;;;;450;04/06/2023;18:23:09;24.54;;;;450;04/06/2023;18:25:52;24.53;;;;
451;04/06/2023;18:22:10;24.51;;;;451;04/06/2023;18:23:24;24.55;;;;451;04/06/2023;18:26:07;24.53;;;;
452;04/06/2023;18:22:25;24.52;;;;452;04/06/2023;18:23:39;24.55;;;;452;04/06/2023;18:26:22;24.55;;;;
453;04/06/2023;18:22:40;24.52;;;;453;04/06/2023;18:23:54;24.55;;;;453;04/06/2023;18:26:37;24.55;;;;
454;04/06/2023;18:22:55;24.52;;;;454;04/06/2023;18:24:09;24.53;;;;454;04/06/2023;18:26:52;24.56;;;;
455;04/06/2023;18:23:10;24.52;;;;455;04/06/2023;18:24:24;24.55;;;;455;04/06/2023;18:27:07;24.57;;;;
456;04/06/2023;18:23:25;24.51;;;;456;04/06/2023;18:24:39;24.55;;;;456;04/06/2023;18:27:22;;Missing data;;;
457;04/06/2023;18:23:40;24.52;;;;457;04/06/2023;18:24:54;24.54;;;;457;04/06/2023;18:27:37;24.54;;;;
458;04/06/2023;18:23:56;24.52;;;;458;04/06/2023;18:25:09;24.54;;;;458;04/06/2023;18:27:52;24.54;;;;
459;04/06/2023;18:24:11;24.52;;;;459;04/06/2023;18:25:24;24.53;;;;459;04/06/2023;18:28:07;24.53;;;;
460;04/06/2023;18:24:26;24.53;;;;460;04/06/2023;18:25:39;24.55;;;;460;04/06/2023;18:28:22;24.54;;;;
461;04/06/2023;18:24:41;24.57;;;;461;04/06/2023;18:25:54;24.52;;;;461;04/06/2023;18:28:37;24.55;;;;
462;04/06/2023;18:24:56;24.51;;;;462;04/06/2023;18:26:09;24.52;;;;462;04/06/2023;18:28:52;24.54;;;;
463;04/06/2023;18:25:11;24.52;;;;463;04/06/2023;18:26:24;24.53;;;;463;04/06/2023;18:29:07;24.55;;;;
464;04/06/2023;18:25:26;24.53;;;;464;04/06/2023;18:26:39;24.53;;;;464;04/06/2023;18:29:22;24.53;;;;
465;04/06/2023;18:25:41;24.5;;;;465;04/06/2023;18:26:54;24.54;;;;465;04/06/2023;18:29:37;24.54;;;;
466;04/06/2023;18:25:56;24.52;;;;466;04/06/2023;18:27:09;24.53;;;;466;04/06/2023;18:29:52;24.54;;;;
467;04/06/2023;18:26:11;24.5;;;;467;04/06/2023;18:27:24;24.53;;;;467;04/06/2023;18:30:07;24.53;;;;
468;04/06/2023;18:26:26;24.52;;;;468;04/06/2023;18:27:39;24.53;;;;468;04/06/2023;18:30:22;24.54;;;;
469;04/06/2023;18:26:41;24.52;;;;469;04/06/2023;18:27:54;24.54;;;;469;04/06/2023;18:30:37;24.52;;;;
470;04/06/2023;18:26:56;24.49;;;;470;04/06/2023;18:28:09;24.54;;;;470;04/06/2023;18:30:52;24.54;;;;
471;04/06/2023;18:27:11;24.52;;;;471;04/06/2023;18:28:25;24.54;;;;471;04/06/2023;18:31:07;24.53;;;;
472;04/06/2023;18:27:26;24.51;;;;472;04/06/2023;18:28:40;24.52;;;;472;04/06/2023;18:31:22;24.52;;;;
473;04/06/2023;18:27:41;24.52;;;;473;04/06/2023;18:28:55;24.53;;;;473;04/06/2023;18:31:37;24.53;;;;
474;04/06/2023;18:27:56;24.51;;;;474;04/06/2023;18:29:10;24.53;;;;474;04/06/2023;18:31:52;24.52;;;;
475;04/06/2023;18:28:11;24.5;;;;475;04/06/2023;18:29:25;24.54;;;;475;04/06/2023;18:32:07;24.52;;;;
476;04/06/2023;18:28:26;24.49;;;;476;04/06/2023;18:29:40;24.52;;;;476;04/06/2023;18:32:23;24.53;;;;
477;04/06/2023;18:28:41;24.51;;;;477;04/06/2023;18:29:55;24.54;;;;477;04/06/2023;18:32:38;24.52;;;;
478;04/06/2023;18:28:56;24.51;;;;478;04/06/2023;18:30:10;24.52;;;;478;04/06/2023;18:32:53;24.55;;;;
479;04/06/2023;18:29:11;24.52;;;;479;04/06/2023;18:30:25;24.51;;;;479;04/06/2023;18:33:08;24.53;;;;
480;04/06/2023;18:29:26;24.5;;;;480;04/06/2023;18:30:40;24.52;;;;480;04/06/2023;18:33:23;24.53;;;;
481;04/06/2023;18:29:41;24.49;;;;481;04/06/2023;18:30:55;24.52;;;;481;04/06/2023;18:33:38;24.52;;;;
482;04/06/2023;18:29:56;24.5;;;;482;04/06/2023;18:31:10;24.51;;;;482;04/06/2023;18:33:53;24.53;;;;
483;04/06/2023;18:30:11;24.49;;;;483;04/06/2023;18:31:25;24.54;;;;483;04/06/2023;18:34:08;24.52;;;;
484;04/06/2023;18:30:26;24.51;;;;484;04/06/2023;18:31:40;24.52;;;;484;04/06/2023;18:34:23;24.52;;;;
485;04/06/2023;18:30:41;24.5;;;;485;04/06/2023;18:31:55;24.53;;;;485;04/06/2023;18:34:38;24.53;;;;
486;04/06/2023;18:30:56;24.49;;;;486;04/06/2023;18:32:10;24.52;;;;486;04/06/2023;18:34:53;24.52;;;;
487;04/06/2023;18:31:11;24.52;Synchronized;;;487;04/06/2023;18:32:25;24.52;;;;487;04/06/2023;18:35:08;24.52;;;;
488;04/06/2023;18:31:26;24.5;;;;488;04/06/2023;18:32:40;24.51;;;;488;04/06/2023;18:35:23;24.53;;;;
489;04/06/2023;18:31:41;24.5;;;;489;04/06/2023;18:32:55;24.51;;;;489;04/06/2023;18:35:38;24.52;;;;
490;04/06/2023;18:31:56;24.49;;;;490;04/06/2023;18:33:10;24.52;;;;490;04/06/2023;18:35:53;24.53;;;;
491;04/06/2023;18:32:11;24.5;;;;491;04/06/2023;18:33:25;24.52;;;;491;04/06/2023;18:36:08;24.52;;;;
492;04/06/2023;18:32:26;24.49;;;;492;04/06/2023;18:33:40;24.51;;;;492;04/06/2023;18:36:23;24.53;;;;
493;04/06/2023;18:32:41;24.49;;;;493;04/06/2023;18:33:55;24.54;;;;493;04/06/2023;18:36:38;24.52;;;;
494;04/06/2023;18:32:56;24.51;;;;494;04/06/2023;18:34:10;24.52;;;;494;04/06/2023;18:36:53;;Missing data;;;
495;04/06/2023;18:33:11;24.5;;;;495;04/06/2023;18:34:25;24.53;;;;495;04/06/2023;18:37:08;24.5;;;;
496;04/06/2023;18:33:26;24.51;;;;496;04/06/2023;18:34:40;24.52;Synchronized;;;496;04/06/2023;18:37:23;;Missing data;;;
497;04/06/2023;18:33:41;24.5;;;;497;04/06/2023;18:34:55;24.52;;;;497;04/06/2023;18:37:38;24.52;;;;
498;04/06/2023;18:33:56;24.52;;;;498;04/06/2023;18:35:10;24.52;;;;498;04/06/2023;18:37:53;24.54;;;;
499;04/06/2023;18:34:11;24.51;;;;499;04/06/2023;18:35:25;24.52;;;;499;04/06/2023;18:38:08;24.52;;;;
500;04/06/2023;18:34:27;24.49;;;;500;04/06/2023;18:35:40;24.52;;;;500;04/06/2023;18:38:23;24.53;;;;
501;04/06/2023;18:34:42;24.48;;;;501;04/06/2023;18:35:55;24.52;;;;501;04/06/2023;18:38:38;24.52;;;;
502;04/06/2023;18:34:57;24.48;;;;502;04/06/2023;18:36:10;24.54;;;;502;04/06/2023;18:38:53;24.52;;;;
503;04/06/2023;18:35:12;24.51;;;;503;04/06/2023;18:36:25;24.52;;;;503;04/06/2023;18:39:08;24.51;;;;
504;04/06/2023;18:35:27;24.49;;;;504;04/06/2023;18:36:40;24.51;;;;504;04/06/2023;18:39:23;24.53;;;;
505;04/06/2023;18:35:42;24.52;;;;505;04/06/2023;18:36:55;24.52;;;;505;04/06/2023;18:39:39;24.52;;;;
506;04/06/2023;18:35:57;24.5;;;;506;04/06/2023;18:37:10;24.51;;;;506;04/06/2023;18:39:54;24.52;;;;
507;04/06/2023;18:36:12;24.48;;;;507;04/06/2023;18:37:25;24.5;;;;507;04/06/2023;18:40:09;24.54;;;;
508;04/06/2023;18:36:27;24.49;;;;508;04/06/2023;18:37:40;24.53;;;;508;04/06/2023;18:40:24;24.51;;;;
509;04/06/2023;18:36:42;24.49;;;;509;04/06/2023;18:37:55;24.51;;;;509;04/06/2023;18:40:39;24.53;;;;
510;04/06/2023;18:36:57;24.51;;;;510;04/06/2023;18:38:10;24.51;;;;510;04/06/2023;18:40:54;24.52;;;;
511;04/06/2023;18:37:12;24.49;;;;511;04/06/2023;18:38:25;24.51;;;;511;04/06/2023;18:41:09;24.52;;;;
512;04/06/2023;18:37:27;24.48;;;;512;04/06/2023;18:38:40;24.52;;;;512;04/06/2023;18:41:24;24.51;;;;
513;04/06/2023;18:37:42;24.49;;;;513;04/06/2023;18:38:55;24.52;;;;513;04/06/2023;18:41:39;24.53;;;;
514;04/06/2023;18:37:57;24.49;;;;514;04/06/2023;18:39:10;24.52;;;;514;04/06/2023;18:41:54;24.52;;;;
515;04/06/2023;18:38:12;24.49;;;;515;04/06/2023;18:39:25;24.5;;;;515;04/06/2023;18:42:09;24.51;;;;
516;04/06/2023;18:38:27;24.5;;;;516;04/06/2023;18:39:40;24.53;;;;516;04/06/2023;18:42:24;24.54;;;;
517;04/06/2023;18:38:42;24.49;;;;517;04/06/2023;18:39:55;24.5;;;;517;04/06/2023;18:42:39;24.53;;;;
518;04/06/2023;18:38:57;24.48;;;;518;04/06/2023;18:40:10;24.51;;;;518;04/06/2023;18:42:54;24.51;;;;
519;04/06/2023;18:39:12;24.49;;;;519;04/06/2023;18:40:25;24.52;;;;519;04/06/2023;18:43:09;24.52;;;;
520;04/06/2023;18:39:27;24.5;;;;520;04/06/2023;18:40:40;24.52;;;;520;04/06/2023;18:43:24;24.54;;;;
521;04/06/2023;18:39:42;24.49;;;;521;04/06/2023;18:40:55;24.5;;;;521;04/06/2023;18:43:39;24.52;;;;
522;04/06/2023;18:39:57;24.46;;;;522;04/06/2023;18:41:10;24.51;;;;522;04/06/2023;18:43:54;24.52;;;;
523;04/06/2023;18:40:12;24.48;;;;523;04/06/2023;18:41:25;24.52;;;;523;04/06/2023;18:44:09;24.5;;;;
524;04/06/2023;18:40:27;24.48;;;;524;04/06/2023;18:41:40;24.52;;;;524;04/06/2023;18:44:24;24.52;;;;
525;04/06/2023;18:40:42;24.49;;;;525;04/06/2023;18:41:55;24.51;;;;525;04/06/2023;18:44:39;;Missing data;;;
526;04/06/2023;18:40:57;24.49;;;;526;04/06/2023;18:42:11;24.51;;;;526;04/06/2023;18:44:54;24.51;;;;
527;04/06/2023;18:41:12;24.48;;;;527;04/06/2023;18:42:26;24.49;;;;527;04/06/2023;18:45:09;24.52;;;;
528;04/06/2023;18:41:27;24.49;;;;528;04/06/2023;18:42:41;24.52;;;;528;04/06/2023;18:45:24;24.53;;;;
529;04/06/2023;18:41:42;24.48;;;;529;04/06/2023;18:42:56;24.52;;;;529;04/06/2023;18:45:39;24.52;;;;
530;04/06/2023;18:41:57;24.48;;;;530;04/06/2023;18:43:11;24.52;;;;530;04/06/2023;18:45:54;24.52;;;;
531;04/06/2023;18:42:12;24.48;;;;531;04/06/2023;18:43:26;24.51;;;;531;04/06/2023;18:46:09;24.52;;;;
532;04/06/2023;18:42:27;24.49;;;;532;04/06/2023;18:43:41;24.53;;;;532;04/06/2023;18:46:25;24.52;;;;
533;04/06/2023;18:42:42;24.49;;;;533;04/06/2023;18:43:56;24.53;;;;533;04/06/2023;18:46:40;24.52;;;;
534;04/06/2023;18:42:57;24.49;;;;534;04/06/2023;18:44:11;24.52;;;;534;04/06/2023;18:46:55;24.52;;;;
535;04/06/2023;18:43:12;24.5;;;;535;04/06/2023;18:44:26;24.49;;;;535;04/06/2023;18:47:10;24.5;;;;
536;04/06/2023;18:43:27;24.5;;;;536;04/06/2023;18:44:41;24.51;;;;536;04/06/2023;18:47:25;24.52;;;;
537;04/06/2023;18:43:42;24.49;;;;537;04/06/2023;18:44:56;24.51;;;;537;04/06/2023;18:47:40;24.52;;;;
538;04/06/2023;18:43:57;24.49;;;;538;04/06/2023;18:45:11;24.5;;;;538;04/06/2023;18:47:55;24.52;;;;
539;04/06/2023;18:44:12;24.49;;;;539;04/06/2023;18:45:26;24.52;;;;539;04/06/2023;18:48:10;24.52;;;;
540;04/06/2023;18:44:27;24.5;;;;540;04/06/2023;18:45:41;24.48;;;;540;04/06/2023;18:48:25;24.51;;;;
541;04/06/2023;18:44:43;24.49;;;;541;04/06/2023;18:45:56;24.49;;;;541;04/06/2023;18:48:40;24.52;;;;
542;04/06/2023;18:44:58;24.5;;;;542;04/06/2023;18:46:11;24.5;;;;542;04/06/2023;18:48:55;24.52;;;;
543;04/06/2023;18:45:13;24.48;;;;543;04/06/2023;18:46:26;24.51;;;;543;04/06/2023;18:49:10;24.52;;;;
544;04/06/2023;18:45:28;24.48;;;;544;04/06/2023;18:46:41;24.5;;;;544;04/06/2023;18:49:25;24.5;;;;
545;04/06/2023;18:45:43;24.49;;;;545;04/06/2023;18:46:56;24.51;;;;545;04/06/2023;18:49:40;24.48;;;;
546;04/06/2023;18:45:58;24.48;;;;546;04/06/2023;18:47:11;24.52;;;;546;04/06/2023;18:49:55;24.52;;;;
547;04/06/2023;18:46:13;24.49;;;;547;04/06/2023;18:47:26;24.53;;;;547;04/06/2023;18:50:10;24.5;;;;
548;04/06/2023;18:46:28;24.48;;;;548;04/06/2023;18:47:41;24.5;;;;548;04/06/2023;18:50:25;24.5;;;;
549;04/06/2023;18:46:43;24.48;;;;549;04/06/2023;18:47:56;24.53;;;;549;04/06/2023;18:50:40;24.51;;;;
550;04/06/2023;18:46:58;24.49;;;;550;04/06/2023;18:48:11;24.5;;;;550;04/06/2023;18:50:55;24.5;;;;
551;04/06/2023;18:47:13;24.48;;;;551;04/06/2023;18:48:26;24.5;;;;551;04/06/2023;18:51:10;24.51;;;;
552;04/06/2023;18:47:28;24.5;;;;552;04/06/2023;18:48:41;24.52;;;;552;04/06/2023;18:51:25;24.51;;;;
553;04/06/2023;18:47:43;24.48;;;;553;04/06/2023;18:48:56;24.49;;;;553;04/06/2023;18:51:40;;Missing data;;;
554;04/06/2023;18:47:58;24.5;;;;554;04/06/2023;18:49:11;24.5;;;;554;04/06/2023;18:51:55;24.51;;;;
555;04/06/2023;18:48:13;24.48;;;;555;04/06/2023;18:49:26;24.51;;;;555;04/06/2023;18:52:10;24.51;;;;
556;04/06/2023;18:48:28;24.48;;;;556;04/06/2023;18:49:41;24.5;;;;556;04/06/2023;18:52:25;24.51;;;;
557;04/06/2023;18:48:43;24.5;;;;557;04/06/2023;18:49:56;24.52;;;;557;04/06/2023;18:52:40;24.52;;;;
558;04/06/2023;18:48:58;24.48;;;;558;04/06/2023;18:50:11;24.51;;;;558;04/06/2023;18:52:55;24.53;;;;
559;04/06/2023;18:49:13;24.46;;;;559;04/06/2023;18:50:26;24.49;;;;559;04/06/2023;18:53:10;24.48;;;;
560;04/06/2023;18:49:28;24.48;;;;560;04/06/2023;18:50:41;24.5;;;;560;04/06/2023;18:53:25;24.51;;;;
561;04/06/2023;18:49:43;24.48;;;;561;04/06/2023;18:50:56;24.5;;;;561;04/06/2023;18:53:40;24.51;;;;
562;04/06/2023;18:49:58;24.48;;;;562;04/06/2023;18:51:11;24.5;;;;562;04/06/2023;18:53:56;24.48;;;;
563;04/06/2023;18:50:13;24.48;;;;563;04/06/2023;18:51:26;24.49;;;;563;04/06/2023;18:54:11;24.51;;;;
564;04/06/2023;18:50:28;24.47;;;;564;04/06/2023;18:51:41;24.5;;;;564;04/06/2023;18:54:26;24.51;;;;
565;04/06/2023;18:50:43;24.48;;;;565;04/06/2023;18:51:56;24.5;;;;565;04/06/2023;18:54:41;24.51;;;;
566;04/06/2023;18:50:58;24.48;;;;566;04/06/2023;18:52:11;24.5;;;;566;04/06/2023;18:54:56;24.51;;;;
567;04/06/2023;18:51:13;24.48;;;;567;04/06/2023;18:52:26;24.51;;;;567;04/06/2023;18:55:11;24.48;;;;
568;04/06/2023;18:51:28;24.48;;;;568;04/06/2023;18:52:41;24.5;;;;568;04/06/2023;18:55:26;24.5;;;;
569;04/06/2023;18:51:43;24.48;;;;569;04/06/2023;18:52:56;24.53;;;;569;04/06/2023;18:55:41;24.52;;;;
570;04/06/2023;18:51:58;24.46;;;;570;04/06/2023;18:53:11;24.51;;;;570;04/06/2023;18:55:56;24.51;;;;
571;04/06/2023;18:52:13;24.48;;;;571;04/06/2023;18:53:26;24.48;;;;571;04/06/2023;18:56:11;24.5;;;;
572;04/06/2023;18:52:28;24.48;;;;572;04/06/2023;18:53:41;24.5;;;;572;04/06/2023;18:56:26;24.51;;;;
573;04/06/2023;18:52:43;24.48;;;;573;04/06/2023;18:53:56;24.51;;;;573;04/06/2023;18:56:41;24.51;;;;
574;04/06/2023;18:52:58;24.49;;;;574;04/06/2023;18:54:11;24.5;;;;574;04/06/2023;18:56:56;24.52;;;;
575;04/06/2023;18:53:13;24.48;;;;575;04/06/2023;18:54:26;24.52;;;;575;04/06/2023;18:57:11;24.5;;;;
576;04/06/2023;18:53:28;24.48;;;;576;04/06/2023;18:54:41;24.5;;;;576;04/06/2023;18:57:26;24.52;;;;
577;04/06/2023;18:53:43;24.49;;;;577;04/06/2023;18:54:56;24.49;;;;577;04/06/2023;18:57:41;24.5;;;;
578;04/06/2023;18:53:58;24.47;;;;578;04/06/2023;18:55:11;24.5;;;;578;04/06/2023;18:57:56;24.51;;;;
579;04/06/2023;18:54:13;24.5;;;;579;04/06/2023;18:55:26;24.5;;;;579;04/06/2023;18:58:11;24.51;;;;
580;04/06/2023;18:54:28;24.48;;;;580;04/06/2023;18:55:41;24.51;;;;580;04/06/2023;18:58:26;24.52;;;;
581;04/06/2023;18:54:43;24.48;;;;581;04/06/2023;18:55:56;24.53;;;;581;04/06/2023;18:58:41;24.5;;;;
582;04/06/2023;18:54:59;24.47;;;;582;04/06/2023;18:56:11;24.49;;;;582;04/06/2023;18:58:56;24.5;;;;
583;04/06/2023;18:55:14;24.48;;;;583;04/06/2023;18:56:26;24.49;;;;583;04/06/2023;18:59:11;24.48;;;;
584;04/06/2023;18:55:29;24.48;;;;584;04/06/2023;18:56:41;24.52;;;;584;04/06/2023;18:59:26;24.48;;;;
585;04/06/2023;18:55:44;24.46;;;;585;04/06/2023;18:56:56;24.5;;;;585;04/06/2023;18:59:41;24.51;;;;
586;04/06/2023;18:55:59;24.49;;;;586;04/06/2023;18:57:11;24.48;;;;586;04/06/2023;18:59:56;24.48;;;;
587;04/06/2023;18:56:14;24.47;;;;587;04/06/2023;18:57:26;24.5;;;;587;04/06/2023;19:00:11;24.52;;;;
588;04/06/2023;18:56:29;24.47;;;;588;04/06/2023;18:57:41;24.48;;;;588;04/06/2023;19:00:26;24.48;;;;
589;04/06/2023;18:56:44;24.49;;;;589;04/06/2023;18:57:56;24.5;;;;589;04/06/2023;19:00:41;24.52;;;;
590;04/06/2023;18:56:59;24.48;;;;590;04/06/2023;18:58:12;24.51;;;;590;04/06/2023;19:00:56;24.48;;;;
591;04/06/2023;18:57:14;24.48;;;;591;04/06/2023;18:58:27;24.49;;;;591;04/06/2023;19:01:11;;Missing data;;;
592;04/06/2023;18:57:29;24.48;;;;592;04/06/2023;18:58:42;24.5;;;;592;04/06/2023;19:01:26;24.51;;;;
593;04/06/2023;18:57:44;24.48;;;;593;04/06/2023;18:58:57;24.51;;;;593;04/06/2023;19:01:41;24.5;;;;
594;04/06/2023;18:57:59;24.46;;;;594;04/06/2023;18:59:12;24.5;;;;594;04/06/2023;19:01:56;24.47;;;;
595;04/06/2023;18:58:14;24.47;;;;595;04/06/2023;18:59:27;24.5;;;;595;04/06/2023;19:02:11;24.48;;;;
596;04/06/2023;18:58:29;24.47;;;;596;04/06/2023;18:59:42;24.49;;;;596;04/06/2023;19:02:26;24.5;;;;
597;04/06/2023;18:58:44;24.49;;;;597;04/06/2023;18:59:57;24.51;;;;597;04/06/2023;19:02:41;24.5;;;;
598;04/06/2023;18:58:59;24.48;;;;598;04/06/2023;19:00:12;24.5;;;;598;04/06/2023;19:02:56;24.5;;;;
599;04/06/2023;18:59:14;24.48;;;;599;04/06/2023;19:00:27;24.48;;;;599;04/06/2023;19:03:12;;Missing data;;;
600;04/06/2023;18:59:29;24.48;;;;600;04/06/2023;19:00:42;24.49;;;;600;04/06/2023;19:03:27;24.48;;;;
601;04/06/2023;18:59:44;24.47;;;;601;04/06/2023;19:00:57;24.51;;;;601;04/06/2023;19:03:42;24.52;;;;
602;04/06/2023;18:59:59;24.48;;;;602;04/06/2023;19:01:12;24.48;;;;602;04/06/2023;19:03:57;24.5;;;;
603;04/06/2023;19:00:14;24.48;;;;603;04/06/2023;19:01:27;24.48;;;;603;04/06/2023;19:04:12;24.48;;;;
604;04/06/2023;19:00:29;24.48;;;;604;04/06/2023;19:01:42;24.5;;;;604;04/06/2023;19:04:27;24.48;;;;
605;04/06/2023;19:00:44;24.48;;;;605;04/06/2023;19:01:57;24.48;;;;605;04/06/2023;19:04:42;;Missing data;;;
606;04/06/2023;19:00:59;24.47;;;;606;04/06/2023;19:02:12;24.49;;;;606;04/06/2023;19:04:57;;Missing data;;;
607;04/06/2023;19:01:14;24.47;;;;607;04/06/2023;19:02:27;24.5;;;;607;04/06/2023;19:05:12;24.46;;;;
608;04/06/2023;19:01:29;24.48;;;;608;04/06/2023;19:02:42;24.49;;;;608;04/06/2023;19:05:27;24.5;;;;
609;04/06/2023;19:01:44;24.47;;;;609;04/06/2023;19:02:57;24.5;;;;609;04/06/2023;19:05:42;24.47;;;;
610;04/06/2023;19:01:59;24.46;;;;610;04/06/2023;19:03:12;24.5;;;;610;04/06/2023;19:05:57;24.48;;;;
611;04/06/2023;19:02:14;24.46;;;;611;04/06/2023;19:03:27;24.49;;;;611;04/06/2023;19:06:12;24.48;;;;
612;04/06/2023;19:02:29;24.47;;;;612;04/06/2023;19:03:42;24.49;;;;612;04/06/2023;19:06:27;24.51;;;;
613;04/06/2023;19:02:44;24.46;;;;613;04/06/2023;19:03:57;24.48;;;;613;04/06/2023;19:06:42;24.47;;;;
614;04/06/2023;19:02:59;24.46;;;;614;04/06/2023;19:04:12;24.48;;;;614;04/06/2023;19:06:57;24.48;;;;
615;04/06/2023;19:03:14;24.45;;;;615;04/06/2023;19:04:27;24.49;;;;615;04/06/2023;19:07:12;24.48;;;;
616;04/06/2023;19:03:29;24.47;;;;616;04/06/2023;19:04:42;24.48;;;;616;04/06/2023;19:07:27;24.48;;;;
617;04/06/2023;19:03:44;24.45;;;;617;04/06/2023;19:04:57;24.5;;;;617;04/06/2023;19:07:42;24.46;;;;
618;04/06/2023;19:03:59;24.48;;;;618;04/06/2023;19:05:12;24.49;;;;618;04/06/2023;19:07:57;24.48;;;;
619;04/06/2023;19:04:14;24.47;;;;619;04/06/2023;19:05:27;24.48;;;;619;04/06/2023;19:08:12;24.48;;;;
620;04/06/2023;19:04:29;24.47;;;;620;04/06/2023;19:05:42;24.48;Synchronized;;;620;04/06/2023;19:08:27;24.5;;;;
621;04/06/2023;19:04:45;24.46;;;;621;04/06/2023;19:05:57;24.5;;;;621;04/06/2023;19:08:42;24.5;;;;
622;04/06/2023;19:05:00;24.47;;;;622;04/06/2023;19:06:12;24.47;;;;622;04/06/2023;19:08:57;24.48;;;;
623;04/06/2023;19:05:15;24.45;;;;623;04/06/2023;19:06:27;24.49;;;;623;04/06/2023;19:09:12;24.46;;;;
624;04/06/2023;19:05:30;24.47;;;;624;04/06/2023;19:06:42;24.48;;;;624;04/06/2023;19:09:27;24.47;;;;
625;04/06/2023;19:05:45;24.46;;;;625;04/06/2023;19:06:57;24.48;;;;625;04/06/2023;19:09:42;24.48;;;;
626;04/06/2023;19:06:00;24.48;;;;626;04/06/2023;19:07:12;24.48;;;;626;04/06/2023;19:09:57;24.48;;;;
627;04/06/2023;19:06:15;24.48;;;;627;04/06/2023;19:07:27;24.5;;;;627;04/06/2023;19:10:12;;Missing data;;;
628;04/06/2023;19:06:30;24.47;;;;628;04/06/2023;19:07:42;24.49;;;;628;04/06/2023;19:10:27;24.47;;;;
629;04/06/2023;19:06:45;24.47;;;;629;04/06/2023;19:07:57;24.48;;;;629;04/06/2023;19:10:42;24.46;;;;
630;04/06/2023;19:07:00;24.48;;;;630;04/06/2023;19:08:12;24.48;;;;630;04/06/2023;19:10:57;;Missing data;;;
631;04/06/2023;19:07:15;24.46;;;;631;04/06/2023;19:08:27;24.48;;;;631;04/06/2023;19:11:12;24.47;;;;
632;04/06/2023;19:07:30;24.45;;;;632;04/06/2023;19:08:42;24.48;;;;632;04/06/2023;19:11:27;24.47;;;;
633;04/06/2023;19:07:45;24.45;;;;633;04/06/2023;19:08:57;24.48;;;;633;04/06/2023;19:11:42;24.47;;;;
634;04/06/2023;19:08:00;24.45;;;;634;04/06/2023;19:09:12;24.47;;;;634;04/06/2023;19:11:57;24.48;;;;
635;04/06/2023;19:08:15;24.47;;;;635;04/06/2023;19:09:27;24.49;;;;635;04/06/2023;19:12:12;24.48;;;;
636;04/06/2023;19:08:30;24.47;;;;636;04/06/2023;19:09:42;24.48;;;;636;04/06/2023;19:12:27;24.48;;;;
637;04/06/2023;19:08:45;24.46;;;;637;04/06/2023;19:09:57;24.48;;;;637;04/06/2023;19:12:42;24.48;;;;
638;04/06/2023;19:09:00;24.46;;;;638;04/06/2023;19:10:12;24.49;;;;638;04/06/2023;19:12:58;24.48;;;;
639;04/06/2023;19:09:15;24.46;;;;639;04/06/2023;19:10:27;24.48;;;;639;04/06/2023;19:13:13;24.47;;;;
640;04/06/2023;19:09:30;24.45;;;;640;04/06/2023;19:10:42;24.49;;;;640;04/06/2023;19:13:28;24.47;;;;
641;04/06/2023;19:09:45;24.45;;;;641;04/06/2023;19:10:57;24.48;;;;641;04/06/2023;19:13:43;24.48;;;;
642;04/06/2023;19:10:00;24.46;;;;642;04/06/2023;19:11:12;24.48;;;;642;04/06/2023;19:13:58;24.47;;;;
643;04/06/2023;19:10:15;24.45;;;;643;04/06/2023;19:11:27;24.48;;;;643;04/06/2023;19:14:13;24.47;;;;
644;04/06/2023;19:10:30;24.46;;;;644;04/06/2023;19:11:42;24.48;;;;644;04/06/2023;19:14:28;24.47;;;;
645;04/06/2023;19:10:45;24.45;;;;645;04/06/2023;19:11:57;24.47;;;;645;04/06/2023;19:14:43;;Missing data;;;
646;04/06/2023;19:11:00;24.45;;;;646;04/06/2023;19:12:12;24.46;;;;646;04/06/2023;19:14:58;24.47;;;;
647;04/06/2023;19:11:15;24.46;;;;647;04/06/2023;19:12:27;24.49;;;;647;04/06/2023;19:15:13;24.46;;;;
648;04/06/2023;19:11:30;24.45;;;;648;04/06/2023;19:12:42;24.48;;;;648;04/06/2023;19:15:28;24.45;;;;
649;04/06/2023;19:11:45;24.45;;;;649;04/06/2023;19:12:57;24.48;;;;649;04/06/2023;19:15:43;24.48;;;;
650;04/06/2023;19:12:00;24.46;;;;650;04/06/2023;19:13:12;24.48;;;;650;04/06/2023;19:15:58;24.48;;;;
651;04/06/2023;19:12:15;24.45;;;;651;04/06/2023;19:13:27;24.48;;;;651;04/06/2023;19:16:13;24.47;;;;
652;04/06/2023;19:12:30;24.46;;;;652;04/06/2023;19:13:42;24.47;;;;652;04/06/2023;19:16:28;24.46;;;;
653;04/06/2023;19:12:45;24.47;;;;653;04/06/2023;19:13:57;24.47;;;;653;04/06/2023;19:16:43;24.47;;;;
654;04/06/2023;19:13:00;24.46;;;;654;04/06/2023;19:14:12;24.46;;;;654;04/06/2023;19:16:58;24.46;;;;
655;04/06/2023;19:13:15;24.46;;;;655;04/06/2023;19:14:27;24.49;;;;655;04/06/2023;19:17:13;24.45;;;;
656;04/06/2023;19:13:30;24.46;;;;656;04/06/2023;19:14:42;24.48;;;;656;04/06/2023;19:17:28;24.46;;;;
657;04/06/2023;19:13:45;24.47;;;;657;04/06/2023;19:14:57;24.48;;;;657;04/06/2023;19:17:43;24.45;;;;
658;04/06/2023;19:14:00;24.46;;;;658;04/06/2023;19:15:12;24.46;;;;658;04/06/2023;19:17:58;24.46;;;;
659;04/06/2023;19:14:15;24.47;;;;659;04/06/2023;19:15:27;24.48;;;;659;04/06/2023;19:18:13;24.46;;;;
660;04/06/2023;19:14:30;24.45;Synchronized;;;660;04/06/2023;19:15:42;24.46;;;;660;04/06/2023;19:18:28;24.46;;;;
661;04/06/2023;19:14:45;24.45;;;;661;04/06/2023;19:15:57;24.47;;;;661;04/06/2023;19:18:43;24.45;;;;
662;04/06/2023;19:15:00;24.46;;;;662;04/06/2023;19:16:12;24.47;;;;662;04/06/2023;19:18:58;24.47;;;;
663;04/06/2023;19:15:15;24.47;;;;663;04/06/2023;19:16:27;24.46;;;;663;04/06/2023;19:19:13;24.47;;;;
664;04/06/2023;19:15:30;24.46;;;;664;04/06/2023;19:16:42;24.48;;;;664;04/06/2023;19:19:28;24.45;;;;
665;04/06/2023;19:15:46;24.45;;;;665;04/06/2023;19:16:57;24.45;;;;665;04/06/2023;19:19:43;24.45;;;;
666;04/06/2023;19:16:01;24.46;;;;666;04/06/2023;19:17:12;24.46;;;;666;04/06/2023;19:19:58;24.45;;;;
667;04/06/2023;19:16:16;24.45;;;;667;04/06/2023;19:17:27;24.48;;;;667;04/06/2023;19:20:13;24.45;;;;
668;04/06/2023;19:16:31;24.46;;;;668;04/06/2023;19:17:42;24.48;;;;668;04/06/2023;19:20:28;24.46;;;;
669;04/06/2023;19:16:46;24.46;;;;669;04/06/2023;19:17:57;24.48;;;;669;04/06/2023;19:20:43;24.45;;;;
670;04/06/2023;19:17:01;24.45;;;;670;04/06/2023;19:18:12;24.48;;;;670;04/06/2023;19:20:58;24.46;;;;
671;04/06/2023;19:17:16;24.45;;;;671;04/06/2023;19:18:27;24.45;;;;671;04/06/2023;19:21:13;;Missing data;;;
672;04/06/2023;19:17:31;24.45;;;;672;04/06/2023;19:18:42;24.46;;;;672;04/06/2023;19:21:28;24.44;;;;
673;04/06/2023;19:17:46;24.44;;;;673;04/06/2023;19:18:57;24.48;;;;673;04/06/2023;19:21:43;24.46;;;;
674;04/06/2023;19:18:01;24.45;;;;674;04/06/2023;19:19:12;24.47;;;;674;04/06/2023;19:21:58;24.45;;;;
675;04/06/2023;19:18:16;24.45;;;;675;04/06/2023;19:19:27;24.47;;;;675;04/06/2023;19:22:13;24.47;;;;
676;04/06/2023;19:18:31;24.45;;;;676;04/06/2023;19:19:42;24.46;;;;676;04/06/2023;19:22:28;24.46;;;;
677;04/06/2023;19:18:46;24.46;;;;677;04/06/2023;19:19:57;24.47;;;;677;04/06/2023;19:22:43;24.46;;;;
678;04/06/2023;19:19:01;24.45;;;;678;04/06/2023;19:20:12;24.46;;;;678;04/06/2023;19:22:58;24.48;;;;
679;04/06/2023;19:19:16;24.44;;;;679;04/06/2023;19:20:28;24.47;;;;679;04/06/2023;19:23:13;24.45;;;;
680;04/06/2023;19:19:31;24.45;;;;680;04/06/2023;19:20:42;24.47;;;;680;04/06/2023;19:23:28;24.45;;;;
681;04/06/2023;19:19:46;24.45;;;;681;04/06/2023;19:20:57;24.47;;;;681;04/06/2023;19:23:43;24.45;;;;
682;04/06/2023;19:20:01;24.46;;;;682;04/06/2023;19:21:12;24.47;;;;682;04/06/2023;19:23:58;24.47;;;;
683;04/06/2023;19:20:16;24.45;;;;683;04/06/2023;19:21:27;24.47;;;;683;04/06/2023;19:24:13;24.45;;;;
684;04/06/2023;19:20:31;24.45;;;;684;04/06/2023;19:21:42;24.47;;;;684;04/06/2023;19:24:28;24.46;;;;
685;04/06/2023;19:20:46;24.45;;;;685;04/06/2023;19:21:57;24.47;;;;685;04/06/2023;19:24:43;24.44;;;;
686;04/06/2023;19:21:01;24.45;;;;686;04/06/2023;19:22:13;24.45;;;;686;04/06/2023;19:24:59;24.46;;;;
687;04/06/2023;19:21:16;24.45;;;;687;04/06/2023;19:22:28;24.47;;;;687;04/06/2023;19:25:14;24.46;;;;
688;04/06/2023;19:21:31;24.45;;;;688;04/06/2023;19:22:43;24.45;;;;688;04/06/2023;19:25:28;24.46;;;;
689;04/06/2023;19:21:46;24.48;;;;689;04/06/2023;19:22:58;24.46;Synchronized;;;689;04/06/2023;19:25:44;24.48;;;;
690;04/06/2023;19:22:01;24.47;;;;690;04/06/2023;19:23:13;24.49;;;;690;04/06/2023;19:25:59;24.45;;;;
691;04/06/2023;19:22:16;24.45;;;;691;04/06/2023;19:23:28;24.47;;;;691;04/06/2023;19:26:14;24.44;;;;
692;04/06/2023;19:22:31;24.45;;;;692;04/06/2023;19:23:43;24.47;;;;692;04/06/2023;19:26:29;24.45;;;;
693;04/06/2023;19:22:46;24.45;;;;693;04/06/2023;19:23:58;24.46;;;;693;04/06/2023;19:26:44;;Missing data;;;
694;04/06/2023;19:23:01;24.46;;;;694;04/06/2023;19:24:13;24.46;;;;694;04/06/2023;19:26:59;24.46;;;;
695;04/06/2023;19:23:16;24.45;;;;695;04/06/2023;19:24:28;24.47;;;;695;04/06/2023;19:27:14;24.45;;;;
696;04/06/2023;19:23:31;24.44;;;;696;04/06/2023;19:24:43;24.45;;;;696;04/06/2023;19:27:29;24.45;;;;
697;04/06/2023;19:23:46;24.46;;;;697;04/06/2023;19:24:58;24.46;;;;697;04/06/2023;19:27:44;24.46;;;;
698;04/06/2023;19:24:01;24.44;Synchronized;;;698;04/06/2023;19:25:13;24.46;;;;698;04/06/2023;19:27:59;24.46;;;;
699;04/06/2023;19:24:16;24.46;;;;699;04/06/2023;19:25:28;24.47;;;;699;04/06/2023;19:28:14;24.44;;;;
700;04/06/2023;19:24:31;24.45;;;;700;04/06/2023;19:25:43;24.46;;;;700;04/06/2023;19:28:29;24.45;;;;
701;04/06/2023;19:24:46;24.45;;;;701;04/06/2023;19:25:58;24.48;;;;701;04/06/2023;19:28:44;24.45;;;;
702;04/06/2023;19:25:01;24.45;;;;702;04/06/2023;19:26:13;24.45;;;;702;04/06/2023;19:28:59;24.45;;;;
703;04/06/2023;19:25:16;24.45;;;;703;04/06/2023;19:26:28;24.46;;;;703;04/06/2023;19:29:14;24.45;;;;
704;04/06/2023;19:25:31;24.43;;;;704;04/06/2023;19:26:43;24.48;;;;704;04/06/2023;19:29:29;24.44;;;;
705;04/06/2023;19:25:46;24.45;;;;705;04/06/2023;19:26:58;24.47;;;;705;04/06/2023;19:29:44;24.44;;;;
706;04/06/2023;19:26:02;24.45;;;;706;04/06/2023;19:27:13;24.46;;;;706;04/06/2023;19:29:59;24.45;;;;
707;04/06/2023;19:26:17;24.45;;;;707;04/06/2023;19:27:28;24.45;Synchronized;;;707;04/06/2023;19:30:14;24.43;;;;
708;04/06/2023;19:26:32;24.44;;;;708;04/06/2023;19:27:43;24.47;;;;708;04/06/2023;19:30:29;24.46;;;;
709;04/06/2023;19:26:47;24.45;;;;709;04/06/2023;19:27:58;24.48;;;;709;04/06/2023;19:30:44;24.41;;;;
710;04/06/2023;19:27:02;24.45;;;;710;04/06/2023;19:28:13;24.47;;;;710;04/06/2023;19:30:59;24.45;;;;
711;04/06/2023;19:27:17;24.44;;;;711;04/06/2023;19:28:28;24.48;;;;711;04/06/2023;19:31:14;24.45;;;;
712;04/06/2023;19:27:32;24.44;;;;712;04/06/2023;19:28:43;24.45;;;;712;04/06/2023;19:31:29;24.44;;;;
713;04/06/2023;19:27:47;24.44;;;;713;04/06/2023;19:28:58;24.46;;;;713;04/06/2023;19:31:44;24.45;;;;
714;04/06/2023;19:28:02;24.44;;;;714;04/06/2023;19:29:13;24.46;;;;714;04/06/2023;19:31:59;24.45;;;;
715;04/06/2023;19:28:17;24.45;;;;715;04/06/2023;19:29:28;24.47;;;;715;04/06/2023;19:32:14;24.45;;;;
716;04/06/2023;19:28:32;24.44;;;;716;04/06/2023;19:29:43;24.47;;;;716;04/06/2023;19:32:29;24.44;;;;
717;04/06/2023;19:28:47;24.43;;;;717;04/06/2023;19:29:58;24.45;;;;717;04/06/2023;19:32:44;24.44;;;;
718;04/06/2023;19:29:02;24.42;;;;718;04/06/2023;19:30:13;24.45;;;;718;04/06/2023;19:32:59;24.43;;;;
719;04/06/2023;19:29:17;24.45;;;;719;04/06/2023;19:30:28;24.46;;;;719;04/06/2023;19:33:14;24.44;;;;
720;04/06/2023;19:29:32;24.44;;;;720;04/06/2023;19:30:43;24.47;;;;720;04/06/2023;19:33:29;24.43;;;;
721;04/06/2023;19:29:47;24.45;;;;721;04/06/2023;19:30:58;24.45;;;;721;04/06/2023;19:33:44;24.45;;;;
722;04/06/2023;19:30:02;24.45;;;;722;04/06/2023;19:31:13;24.45;;;;722;04/06/2023;19:33:59;24.44;;;;
723;04/06/2023;19:30:17;24.45;;;;723;04/06/2023;19:31:28;24.45;;;;723;04/06/2023;19:34:14;24.43;;;;
724;04/06/2023;19:30:32;24.44;;;;724;04/06/2023;19:31:43;24.46;;;;724;04/06/2023;19:34:29;24.45;;;;
725;04/06/2023;19:30:47;24.44;Synchronized;;;725;04/06/2023;19:31:58;24.45;;;;725;04/06/2023;19:34:44;24.44;;;;
726;04/06/2023;19:31:02;24.44;;;;726;04/06/2023;19:32:13;24.45;;;;726;04/06/2023;19:34:59;24.42;;;;
727;04/06/2023;19:31:17;24.44;;;;727;04/06/2023;19:32:28;24.46;;;;727;04/06/2023;19:35:14;24.45;;;;
728;04/06/2023;19:31:32;24.42;;;;728;04/06/2023;19:32:43;24.46;;;;728;04/06/2023;19:35:29;24.42;;;;
729;04/06/2023;19:31:47;24.43;;;;729;04/06/2023;19:32:58;24.46;;;;729;04/06/2023;19:35:44;24.42;;;;
730;04/06/2023;19:32:02;24.43;;;;730;04/06/2023;19:33:13;24.45;;;;730;04/06/2023;19:35:59;24.42;;;;
731;04/06/2023;19:32:17;24.43;;;;731;04/06/2023;19:33:28;24.43;;;;731;04/06/2023;19:36:14;24.45;;;;
732;04/06/2023;19:32:32;24.42;;;;732;04/06/2023;19:33:43;24.45;;;;732;04/06/2023;19:36:29;24.44;;;;
733;04/06/2023;19:32:47;24.44;;;;733;04/06/2023;19:33:58;24.44;;;;733;04/06/2023;19:36:44;24.42;;;;
734;04/06/2023;19:33:02;24.43;;;;734;04/06/2023;19:34:13;24.45;;;;734;04/06/2023;19:36:59;24.44;;;;
735;04/06/2023;19:33:17;24.42;;;;735;04/06/2023;19:34:28;24.45;;;;735;04/06/2023;19:37:14;24.41;;;;
736;04/06/2023;19:33:32;24.43;;;;736;04/06/2023;19:34:43;24.44;;;;736;04/06/2023;19:37:29;24.44;;;;
737;04/06/2023;19:33:47;24.45;;;;737;04/06/2023;19:34:58;24.45;;;;737;04/06/2023;19:37:44;24.42;;;;
738;04/06/2023;19:34:02;24.41;;;;738;04/06/2023;19:35:13;24.45;;;;738;04/06/2023;19:37:59;24.43;;;;
739;04/06/2023;19:34:17;24.45;;;;739;04/06/2023;19:35:28;24.44;;;;739;04/06/2023;19:38:14;24.42;;;;
740;04/06/2023;19:34:32;24.42;;;;740;04/06/2023;19:35:43;24.45;;;;740;04/06/2023;19:38:29;24.43;;;;
741;04/06/2023;19:34:47;24.42;;;;741;04/06/2023;19:35:58;24.45;;;;741;04/06/2023;19:38:44;24.43;;;;
742;04/06/2023;19:35:02;24.41;;;;742;04/06/2023;19:36:13;24.45;;;;742;04/06/2023;19:38:59;24.44;;;;
743;04/06/2023;19:35:17;24.45;;;;743;04/06/2023;19:36:28;24.45;;;;743;04/06/2023;19:39:14;;Missing data;;;
744;04/06/2023;19:35:33;24.43;;;;744;04/06/2023;19:36:43;24.43;;;;744;04/06/2023;19:39:29;24.42;;;;
745;04/06/2023;19:35:48;24.43;;;;745;04/06/2023;19:36:58;24.45;;;;745;04/06/2023;19:39:44;24.43;;;;
746;04/06/2023;19:36:03;24.43;;;;746;04/06/2023;19:37:13;24.45;;;;746;04/06/2023;19:39:59;24.41;;;;
747;04/06/2023;19:36:18;24.44;;;;747;04/06/2023;19:37:28;24.44;;;;747;04/06/2023;19:40:14;24.42;;;;
748;04/06/2023;19:36:33;24.42;;;;748;04/06/2023;19:37:43;24.44;;;;748;04/06/2023;19:40:29;24.43;;;;
749;04/06/2023;19:36:48;24.44;;;;749;04/06/2023;19:37:58;24.46;;;;749;04/06/2023;19:40:44;24.43;;;;
750;04/06/2023;19:37:03;24.42;;;;750;04/06/2023;19:38:13;24.43;;;;750;04/06/2023;19:40:59;24.41;;;;
751;04/06/2023;19:37:18;24.45;;;;751;04/06/2023;19:38:28;24.45;;;;751;04/06/2023;19:41:15;24.44;;;;
752;04/06/2023;19:37:33;24.4;;;;752;04/06/2023;19:38:43;24.42;;;;752;04/06/2023;19:41:30;24.41;;;;
753;04/06/2023;19:37:48;24.43;;;;753;04/06/2023;19:38:58;24.44;;;;753;04/06/2023;19:41:45;24.42;;;;
754;04/06/2023;19:38:03;24.41;;;;754;04/06/2023;19:39:13;24.43;;;;754;04/06/2023;19:42:00;24.41;;;;
755;04/06/2023;19:38:18;24.43;;;;755;04/06/2023;19:39:28;24.45;;;;755;04/06/2023;19:42:15;24.41;;;;
756;04/06/2023;19:38:33;24.42;;;;756;04/06/2023;19:39:43;24.45;;;;756;04/06/2023;19:42:30;24.42;;;;
757;04/06/2023;19:38:48;24.43;;;;757;04/06/2023;19:39:58;24.45;;;;757;04/06/2023;19:42:45;24.42;;;;
758;04/06/2023;19:39:03;24.42;;;;758;04/06/2023;19:40:13;24.45;;;;758;04/06/2023;19:43:00;24.43;;;;
759;04/06/2023;19:39:18;24.42;Synchronized;;;759;04/06/2023;19:40:28;24.45;;;;759;04/06/2023;19:43:15;24.42;;;;
760;04/06/2023;19:39:33;24.42;;;;760;04/06/2023;19:40:43;24.45;;;;760;04/06/2023;19:43:30;24.42;;;;
761;04/06/2023;19:39:48;24.42;;;;761;04/06/2023;19:40:58;24.44;;;;761;04/06/2023;19:43:45;24.43;;;;
762;04/06/2023;19:40:03;24.42;;;;762;04/06/2023;19:41:13;24.45;;;;762;04/06/2023;19:44:00;24.42;;;;
763;04/06/2023;19:40:18;24.42;;;;763;04/06/2023;19:41:28;24.45;;;;763;04/06/2023;19:44:15;24.43;;;;
764;04/06/2023;19:40:33;24.4;;;;764;04/06/2023;19:41:43;24.45;;;;764;04/06/2023;19:44:30;24.4;;;;
765;04/06/2023;19:40:48;24.41;;;;765;04/06/2023;19:41:58;24.45;;;;765;04/06/2023;19:44:45;24.41;;;;
766;04/06/2023;19:41:03;24.42;;;;766;04/06/2023;19:42:13;24.44;;;;766;04/06/2023;19:45:00;24.42;;;;
767;04/06/2023;19:41:18;24.42;;;;767;04/06/2023;19:42:28;24.44;Synchronized;;;767;04/06/2023;19:45:15;24.42;;;;
768;04/06/2023;19:41:33;24.44;;;;768;04/06/2023;19:42:43;24.45;;;;768;04/06/2023;19:45:30;24.42;;;;
769;04/06/2023;19:41:48;24.41;;;;769;04/06/2023;19:42:58;24.42;;;;769;04/06/2023;19:45:45;24.41;;;;
770;04/06/2023;19:42:03;24.42;;;;770;04/06/2023;19:43:13;24.43;;;;770;04/06/2023;19:46:00;24.41;;;;
771;04/06/2023;19:42:18;24.42;;;;771;04/06/2023;19:43:28;24.43;;;;771;04/06/2023;19:46:15;24.41;;;;
772;04/06/2023;19:42:33;24.42;;;;772;04/06/2023;19:43:43;24.43;;;;772;04/06/2023;19:46:30;24.42;;;;
773;04/06/2023;19:42:48;24.4;;;;773;04/06/2023;19:43:58;24.45;Synchronized;;;773;04/06/2023;19:46:45;24.41;;;;
774;04/06/2023;19:43:03;24.43;;;;774;04/06/2023;19:44:13;24.44;;;;774;04/06/2023;19:47:00;24.41;;;;
775;04/06/2023;19:43:18;24.42;;;;775;04/06/2023;19:44:28;24.45;;;;775;04/06/2023;19:47:15;24.39;;;;
776;04/06/2023;19:43:33;24.41;;;;776;04/06/2023;19:44:43;24.43;;;;776;04/06/2023;19:47:30;24.41;;;;
777;04/06/2023;19:43:48;24.41;;;;777;04/06/2023;19:44:58;24.43;;;;777;04/06/2023;19:47:45;24.41;;;;
778;04/06/2023;19:44:03;24.42;;;;778;04/06/2023;19:45:13;24.43;;;;778;04/06/2023;19:48:00;24.42;;;;
779;04/06/2023;19:44:18;24.41;;;;779;04/06/2023;19:45:28;24.43;;;;779;04/06/2023;19:48:15;24.41;;;;
780;04/06/2023;19:44:34;24.4;;;;780;04/06/2023;19:45:43;24.44;;;;780;04/06/2023;19:48:30;24.41;;;;
781;04/06/2023;19:44:49;24.39;;;;781;04/06/2023;19:45:58;24.44;;;;781;04/06/2023;19:48:45;24.42;;;;
782;04/06/2023;19:45:04;24.41;;;;782;04/06/2023;19:46:13;24.43;;;;782;04/06/2023;19:49:00;24.41;;;;
783;04/06/2023;19:45:19;24.41;;;;783;04/06/2023;19:46:28;24.43;;;;783;04/06/2023;19:49:15;24.41;;;;
784;04/06/2023;19:45:34;24.39;;;;784;04/06/2023;19:46:43;24.44;;;;784;04/06/2023;19:49:30;24.43;;;;
785;04/06/2023;19:45:49;24.42;;;;785;04/06/2023;19:46:58;24.44;;;;785;04/06/2023;19:49:45;24.41;;;;
786;04/06/2023;19:46:04;24.4;;;;786;04/06/2023;19:47:13;24.44;;;;786;04/06/2023;19:50:00;24.41;;;;
787;04/06/2023;19:46:19;24.41;;;;787;04/06/2023;19:47:28;24.44;;;;787;04/06/2023;19:50:15;24.41;;;;
788;04/06/2023;19:46:34;24.41;;;;788;04/06/2023;19:47:43;24.43;;;;788;04/06/2023;19:50:30;24.41;;;;
789;04/06/2023;19:46:49;24.41;;;;789;04/06/2023;19:47:58;24.45;;;;789;04/06/2023;19:50:45;24.42;;;;
790;04/06/2023;19:47:04;24.4;;;;790;04/06/2023;19:48:13;24.41;;;;790;04/06/2023;19:51:00;24.4;;;;
791;04/06/2023;19:47:19;24.4;;;;791;04/06/2023;19:48:28;24.42;;;;791;04/06/2023;19:51:15;24.41;;;;
792;04/06/2023;19:47:34;24.4;;;;792;04/06/2023;19:48:43;24.43;;;;792;04/06/2023;19:51:30;24.38;;;;
793;04/06/2023;19:47:49;24.4;;;;793;04/06/2023;19:48:58;24.44;Synchronized;;;793;04/06/2023;19:51:45;24.41;;;;
794;04/06/2023;19:48:04;24.44;;;;794;04/06/2023;19:49:13;24.42;;;;794;04/06/2023;19:52:00;24.4;;;;
795;04/06/2023;19:48:19;24.41;;;;795;04/06/2023;19:49:28;24.45;;;;795;04/06/2023;19:52:15;24.41;;;;
796;04/06/2023;19:48:34;24.41;;;;796;04/06/2023;19:49:43;24.41;;;;796;04/06/2023;19:52:30;24.41;;;;
797;04/06/2023;19:48:49;24.38;Synchronized;;;797;04/06/2023;19:49:58;24.42;;;;797;04/06/2023;19:52:45;24.4;;;;
798;04/06/2023;19:49:04;24.41;;;;798;04/06/2023;19:50:13;24.43;;;;798;04/06/2023;19:53:00;24.41;;;;
799;04/06/2023;19:49:19;24.4;;;;799;04/06/2023;19:50:28;24.44;;;;799;04/06/2023;19:53:15;24.41;;;;
800;04/06/2023;19:49:34;24.41;;;;800;04/06/2023;19:50:43;24.42;;;;800;04/06/2023;19:53:30;24.41;;;;
801;04/06/2023;19:49:49;24.42;Synchronized;;;801;04/06/2023;19:50:58;24.41;;;;801;04/06/2023;19:53:45;24.38;;;;
802;04/06/2023;19:50:04;24.4;;;;802;04/06/2023;19:51:13;24.41;;;;802;04/06/2023;19:54:00;24.4;;;;
803;04/06/2023;19:50:19;24.39;;;;803;04/06/2023;19:51:28;24.43;;;;803;04/06/2023;19:54:15;24.4;;;;
804;04/06/2023;19:50:34;24.41;;;;804;04/06/2023;19:51:43;24.43;;;;804;04/06/2023;19:54:30;24.4;;;;
805;04/06/2023;19:50:49;24.38;;;;805;04/06/2023;19:51:58;24.43;;;;805;04/06/2023;19:54:45;24.4;;;;
806;04/06/2023;19:51:04;24.41;;;;806;04/06/2023;19:52:13;24.42;;;;806;04/06/2023;19:55:00;24.41;;;;
807;04/06/2023;19:51:19;24.39;;;;807;04/06/2023;19:52:28;24.42;;;;807;04/06/2023;19:55:15;24.39;;;;
808;04/06/2023;19:51:34;24.41;;;;808;04/06/2023;19:52:43;24.43;;;;808;04/06/2023;19:55:30;24.39;;;;
809;04/06/2023;19:51:49;24.38;;;;809;04/06/2023;19:52:58;24.41;;;;809;04/06/2023;19:55:45;24.41;;;;
810;04/06/2023;19:52:04;24.38;;;;810;04/06/2023;19:53:13;24.42;;;;810;04/06/2023;19:56:00;24.39;;;;
811;04/06/2023;19:52:19;24.4;;;;811;04/06/2023;19:53:28;24.41;;;;811;04/06/2023;19:56:15;24.41;;;;
812;04/06/2023;19:52:34;24.39;;;;812;04/06/2023;19:53:43;24.41;;;;812;04/06/2023;19:56:30;24.4;;;;
813;04/06/2023;19:52:49;24.4;;;;813;04/06/2023;19:53:58;24.42;;;;813;04/06/2023;19:56:45;24.39;;;;
814;04/06/2023;19:53:04;24.38;;;;814;04/06/2023;19:54:13;24.41;;;;814;04/06/2023;19:57:00;24.41;;;;
815;04/06/2023;19:53:19;24.41;;;;815;04/06/2023;19:54:28;24.42;;;;815;04/06/2023;19:57:15;24.4;;;;
816;04/06/2023;19:53:34;24.38;;;;816;04/06/2023;19:54:43;24.41;Synchronized;;;816;04/06/2023;19:57:30;24.38;;;;
817;04/06/2023;19:53:49;24.41;;;;817;04/06/2023;19:54:58;24.42;;;;817;04/06/2023;19:57:45;24.4;;;;
818;04/06/2023;19:54:04;24.41;;;;818;04/06/2023;19:55:13;24.41;;;;818;04/06/2023;19:58:00;24.4;;;;
819;04/06/2023;19:54:19;24.39;;;;819;04/06/2023;19:55:28;24.41;;;;819;04/06/2023;19:58:15;24.4;;;;
820;04/06/2023;19:54:35;24.39;;;;820;04/06/2023;19:55:43;24.43;;;;820;04/06/2023;19:58:30;24.38;;;;
821;04/06/2023;19:54:50;24.39;;;;821;04/06/2023;19:55:58;24.41;;;;821;04/06/2023;19:58:45;24.37;;;;
822;04/06/2023;19:55:05;24.38;;;;822;04/06/2023;19:56:13;24.39;;;;822;04/06/2023;19:59:00;24.4;;;;
823;04/06/2023;19:55:20;24.38;;;;823;04/06/2023;19:56:28;24.42;;;;823;04/06/2023;19:59:15;24.39;;;;
824;04/06/2023;19:55:35;24.39;;;;824;04/06/2023;19:56:43;24.42;;;;824;04/06/2023;19:59:30;24.39;;;;
825;04/06/2023;19:55:50;24.41;;;;825;04/06/2023;19:56:58;24.42;;;;825;04/06/2023;19:59:45;24.39;;;;
826;04/06/2023;19:56:05;24.39;;;;826;04/06/2023;19:57:13;24.39;;;;826;04/06/2023;20:00:00;24.37;;;;
827;04/06/2023;19:56:20;24.41;;;;827;04/06/2023;19:57:28;24.41;;;;827;04/06/2023;20:00:15;24.39;;;;
828;04/06/2023;19:56:35;24.39;;;;828;04/06/2023;19:57:43;24.41;;;;828;04/06/2023;20:00:30;24.39;;;;
829;04/06/2023;19:56:50;24.39;;;;829;04/06/2023;19:57:58;24.41;;;;829;04/06/2023;20:00:45;24.38;;;;
830;04/06/2023;19:57:05;24.38;;;;830;04/06/2023;19:58:13;24.39;;;;830;04/06/2023;20:01:00;24.39;;;;
831;04/06/2023;19:57:20;24.39;;;;831;04/06/2023;19:58:28;24.41;;;;831;04/06/2023;20:01:15;24.4;;;;
832;04/06/2023;19:57:35;24.38;;;;832;04/06/2023;19:58:43;24.41;;;;832;04/06/2023;20:01:30;24.4;;;;
833;04/06/2023;19:57:50;24.39;;;;833;04/06/2023;19:58:58;24.41;;;;833;04/06/2023;20:01:45;24.4;;;;
834;04/06/2023;19:58:05;24.39;;;;834;04/06/2023;19:59:13;24.42;;;;834;04/06/2023;20:02:00;24.4;;;;
835;04/06/2023;19:58:20;24.37;;;;835;04/06/2023;19:59:28;24.41;Synchronized;;;835;04/06/2023;20:02:15;24.38;;;;
836;04/06/2023;19:58:35;24.39;;;;836;04/06/2023;19:59:43;24.41;;;;836;04/06/2023;20:02:30;24.4;;;;
837;04/06/2023;19:58:50;24.39;;;;837;04/06/2023;19:59:58;24.42;;;;837;04/06/2023;20:02:45;24.39;;;;
838;04/06/2023;19:59:05;24.4;;;;838;04/06/2023;20:00:13;24.43;;;;838;04/06/2023;20:03:00;24.4;;;;
839;04/06/2023;19:59:20;24.38;;;;839;04/06/2023;20:00:28;24.41;;;;839;04/06/2023;20:03:15;24.37;;;;
840;04/06/2023;19:59:35;24.38;;;;840;04/06/2023;20:00:43;24.41;;;;840;04/06/2023;20:03:30;24.39;;;;
841;04/06/2023;19:59:50;24.4;;;;841;04/06/2023;20:00:58;24.41;;;;841;04/06/2023;20:03:45;24.39;;;;
842;04/06/2023;20:00:05;24.38;;;;842;04/06/2023;20:01:13;24.41;;;;842;04/06/2023;20:04:00;24.38;;;;
843;04/06/2023;20:00:20;24.39;;;;843;04/06/2023;20:01:28;24.39;;;;843;04/06/2023;20:04:15;24.36;;;;
844;04/06/2023;20:00:35;24.4;;;;844;04/06/2023;20:01:43;24.38;;;;844;04/06/2023;20:04:30;24.4;;;;
845;04/06/2023;20:00:50;24.37;;;;845;04/06/2023;20:01:58;24.38;;;;845;04/06/2023;20:04:45;24.39;;;;
846;04/06/2023;20:01:05;24.38;;;;846;04/06/2023;20:02:13;24.42;;;;846;04/06/2023;20:05:00;24.38;;;;
847;04/06/2023;20:01:20;24.41;;;;847;04/06/2023;20:02:28;24.41;;;;847;04/06/2023;20:05:15;24.37;;;;
848;04/06/2023;20:01:35;24.38;;;;848;04/06/2023;20:02:43;24.39;;;;848;04/06/2023;20:05:30;24.36;;;;
849;04/06/2023;20:01:50;24.37;;;;849;04/06/2023;20:02:58;24.41;;;;849;04/06/2023;20:05:45;24.37;;;;
850;04/06/2023;20:02:05;24.38;;;;850;04/06/2023;20:03:13;24.39;;;;850;04/06/2023;20:06:00;24.39;;;;
851;04/06/2023;20:02:20;24.38;;;;851;04/06/2023;20:03:28;24.38;;;;851;04/06/2023;20:06:15;24.37;;;;
852;04/06/2023;20:02:35;24.4;;;;852;04/06/2023;20:03:43;24.39;;;;852;04/06/2023;20:06:30;24.37;;;;
853;04/06/2023;20:02:50;24.38;;;;853;04/06/2023;20:03:58;24.41;;;;853;04/06/2023;20:06:45;24.39;;;;
854;04/06/2023;20:03:05;24.37;;;;854;04/06/2023;20:04:13;24.41;;;;854;04/06/2023;20:07:00;24.38;;;;
855;04/06/2023;20:03:20;24.38;;;;855;04/06/2023;20:04:28;24.39;;;;855;04/06/2023;20:07:15;24.39;;;;
856;04/06/2023;20:03:35;24.38;;;;856;04/06/2023;20:04:43;24.39;;;;856;04/06/2023;20:07:30;24.36;;;;
857;04/06/2023;20:03:50;24.37;;;;857;04/06/2023;20:04:58;24.38;;;;857;04/06/2023;20:07:45;24.38;;;;
858;04/06/2023;20:04:05;24.38;;;;858;04/06/2023;20:05:13;24.39;;;;858;04/06/2023;20:08:00;24.35;;;;
859;04/06/2023;20:04:20;24.37;;;;859;04/06/2023;20:05:28;24.38;;;;859;04/06/2023;20:08:15;24.38;;;;
860;04/06/2023;20:04:35;24.37;;;;860;04/06/2023;20:05:43;24.41;;;;860;04/06/2023;20:08:30;24.36;;;;
861;04/06/2023;20:04:50;24.37;;;;861;04/06/2023;20:05:59;24.39;;;;861;04/06/2023;20:08:45;24.36;;;;
862;04/06/2023;20:05:05;24.38;;;;862;04/06/2023;20:06:14;24.41;;;;862;04/06/2023;20:09:00;24.36;;;;
863;04/06/2023;20:05:20;24.38;;;;863;04/06/2023;20:06:29;24.38;;;;863;04/06/2023;20:09:15;24.38;;;;
864;04/06/2023;20:05:36;24.37;;;;864;04/06/2023;20:06:44;24.41;;;;864;04/06/2023;20:09:30;24.36;;;;
865;04/06/2023;20:05:51;24.38;;;;865;04/06/2023;20:06:59;24.38;;;;865;04/06/2023;20:09:45;24.38;;;;
866;04/06/2023;20:06:06;24.36;;;;866;04/06/2023;20:07:14;24.38;;;;866;04/06/2023;20:10:00;24.38;;;;
867;04/06/2023;20:06:21;24.38;;;;867;04/06/2023;20:07:29;24.41;;;;867;04/06/2023;20:10:15;24.36;;;;
868;04/06/2023;20:06:36;24.36;;;;868;04/06/2023;20:07:44;24.39;;;;868;04/06/2023;20:10:30;24.37;;;;
869;04/06/2023;20:06:51;24.37;;;;869;04/06/2023;20:07:59;24.41;;;;869;04/06/2023;20:10:45;24.38;;;;
870;04/06/2023;20:07:06;24.38;;;;870;04/06/2023;20:08:14;24.38;;;;870;04/06/2023;20:11:00;24.37;;;;
871;04/06/2023;20:07:21;24.36;;;;871;04/06/2023;20:08:29;24.41;;;;871;04/06/2023;20:11:15;24.35;;;;
872;04/06/2023;20:07:36;24.36;;;;872;04/06/2023;20:08:44;24.38;;;;872;04/06/2023;20:11:30;24.38;;;;
873;04/06/2023;20:07:51;24.37;;;;873;04/06/2023;20:08:59;24.38;;;;873;04/06/2023;20:11:45;24.37;;;;
874;04/06/2023;20:08:06;24.38;;;;874;04/06/2023;20:09:14;24.38;;;;874;04/06/2023;20:12:00;24.37;;;;
875;04/06/2023;20:08:21;24.38;;;;875;04/06/2023;20:09:29;24.39;;;;875;04/06/2023;20:12:15;;Missing data;;;
876;04/06/2023;20:08:36;24.36;;;;876;04/06/2023;20:09:44;24.39;;;;876;04/06/2023;20:12:30;24.38;;;;
877;04/06/2023;20:08:51;24.37;;;;877;04/06/2023;20:09:59;24.38;;;;877;04/06/2023;20:12:45;24.39;;;;
878;04/06/2023;20:09:06;24.38;;;;878;04/06/2023;20:10:14;24.38;;;;878;04/06/2023;20:13:00;24.38;;;;
879;04/06/2023;20:09:21;24.37;;;;879;04/06/2023;20:10:29;24.39;;;;879;04/06/2023;20:13:15;24.38;;;;
880;04/06/2023;20:09:36;24.38;;;;880;04/06/2023;20:10:44;24.38;;;;880;04/06/2023;20:13:30;24.35;;;;
881;04/06/2023;20:09:51;24.36;;;;881;04/06/2023;20:10:59;24.39;;;;881;04/06/2023;20:13:45;24.38;;;;
882;04/06/2023;20:10:06;24.37;;;;882;04/06/2023;20:11:14;24.41;;;;882;04/06/2023;20:14:00;24.36;;;;
883;04/06/2023;20:10:21;24.37;;;;883;04/06/2023;20:11:29;24.41;;;;883;04/06/2023;20:14:15;24.36;;;;
884;04/06/2023;20:10:36;24.38;;;;884;04/06/2023;20:11:44;24.38;;;;884;04/06/2023;20:14:31;24.37;;;;
885;04/06/2023;20:10:51;24.38;;;;885;04/06/2023;20:11:59;24.38;;;;885;04/06/2023;20:14:46;24.39;;;;
886;04/06/2023;20:11:06;24.38;;;;886;04/06/2023;20:12:14;24.39;;;;886;04/06/2023;20:15:01;24.36;;;;
887;04/06/2023;20:11:21;24.37;;;;887;04/06/2023;20:12:29;24.37;;;;887;04/06/2023;20:15:16;24.37;;;;
888;04/06/2023;20:11:36;24.37;;;;888;04/06/2023;20:12:44;24.39;;;;888;04/06/2023;20:15:31;24.36;;;;
889;04/06/2023;20:11:51;24.36;;;;889;04/06/2023;20:12:59;24.38;;;;889;04/06/2023;20:15:46;24.38;;;;
890;04/06/2023;20:12:06;24.36;;;;890;04/06/2023;20:13:14;24.39;;;;890;04/06/2023;20:16:01;24.38;;;;
891;04/06/2023;20:12:21;24.38;;;;891;04/06/2023;20:13:29;24.38;;;;891;04/06/2023;20:16:16;24.37;;;;
892;04/06/2023;20:12:36;24.38;;;;892;04/06/2023;20:13:44;24.38;;;;892;04/06/2023;20:16:31;24.38;;;;
893;04/06/2023;20:12:51;24.36;;;;893;04/06/2023;20:13:59;24.38;;;;893;04/06/2023;20:16:46;24.35;;;;
894;04/06/2023;20:13:06;24.38;;;;894;04/06/2023;20:14:14;24.39;;;;894;04/06/2023;20:17:01;24.36;;;;
895;04/06/2023;20:13:21;24.37;;;;895;04/06/2023;20:14:29;24.38;;;;895;04/06/2023;20:17:16;24.36;;;;
896;04/06/2023;20:13:36;24.36;;;;896;04/06/2023;20:14:44;24.37;;;;896;04/06/2023;20:17:31;24.36;;;;
897;04/06/2023;20:13:51;24.37;;;;897;04/06/2023;20:14:59;24.38;;;;897;04/06/2023;20:17:46;24.37;;;;
898;04/06/2023;20:14:06;24.35;;;;898;04/06/2023;20:15:14;24.36;;;;898;04/06/2023;20:18:01;24.36;;;;
899;04/06/2023;20:14:21;24.36;;;;899;04/06/2023;20:15:29;24.41;;;;899;04/06/2023;20:18:16;24.36;;;;
900;04/06/2023;20:14:36;24.37;;;;900;04/06/2023;20:15:44;24.41;;;;900;04/06/2023;20:18:31;;Missing data;;;
901;04/06/2023;20:14:51;24.36;;;;901;04/06/2023;20:15:59;24.38;;;;901;04/06/2023;20:18:46;24.36;;;;
902;04/06/2023;20:15:06;24.37;;;;902;04/06/2023;20:16:14;24.38;;;;902;04/06/2023;20:19:01;24.35;;;;
903;04/06/2023;20:15:22;24.35;;;;903;04/06/2023;20:16:28;24.38;;;;903;04/06/2023;20:19:16;24.35;;;;
904;04/06/2023;20:15:37;24.35;;;;904;04/06/2023;20:16:43;24.39;;;;904;04/06/2023;20:19:31;24.37;;;;
905;04/06/2023;20:15:52;24.36;;;;905;04/06/2023;20:16:58;24.38;;;;905;04/06/2023;20:19:46;24.34;;;;
906;04/06/2023;20:16:07;24.36;;;;906;04/06/2023;20:17:13;24.38;;;;906;04/06/2023;20:20:01;24.34;;;;
907;04/06/2023;20:16:22;24.34;;;;907;04/06/2023;20:17:28;24.38;Synchronized;;;907;04/06/2023;20:20:16;24.35;;;;
908;04/06/2023;20:16:37;24.34;;;;908;04/06/2023;20:17:43;24.37;;;;908;04/06/2023;20:20:31;24.34;;;;
909;04/06/2023;20:16:52;24.36;;;;909;04/06/2023;20:17:58;24.37;;;;909;04/06/2023;20:20:46;24.35;;;;
910;04/06/2023;20:17:07;24.36;Synchronized;;;910;04/06/2023;20:18:13;24.38;;;;910;04/06/2023;20:21:01;24.34;;;;
911;04/06/2023;20:17:22;24.36;;;;911;04/06/2023;20:18:28;24.38;;;;911;04/06/2023;20:21:16;24.34;;;;
912;04/06/2023;20:17:37;24.36;;;;912;04/06/2023;20:18:43;24.37;;;;912;04/06/2023;20:21:31;24.35;;;;
913;04/06/2023;20:17:52;24.36;;;;913;04/06/2023;20:18:58;24.37;;;;913;04/06/2023;20:21:46;24.34;;;;
914;04/06/2023;20:18:07;24.37;;;;914;04/06/2023;20:19:13;24.38;;;;914;04/06/2023;20:22:01;;Missing data;;;
915;04/06/2023;20:18:22;24.37;;;;915;04/06/2023;20:19:28;24.37;;;;915;04/06/2023;20:22:16;24.34;;;;
916;04/06/2023;20:18:37;24.35;;;;916;04/06/2023;20:19:43;24.38;;;;916;04/06/2023;20:22:31;24.34;;;;
917;04/06/2023;20:18:52;24.36;;;;917;04/06/2023;20:19:58;24.38;;;;917;04/06/2023;20:22:46;24.35;;;;
918;04/06/2023;20:19:07;24.34;;;;918;04/06/2023;20:20:13;24.37;;;;918;04/06/2023;20:23:01;24.35;;;;
919;04/06/2023;20:19:22;24.34;;;;919;04/06/2023;20:20:28;24.38;;;;919;04/06/2023;20:23:16;24.34;;;;
920;04/06/2023;20:19:37;24.36;;;;920;04/06/2023;20:20:43;24.37;;;;920;04/06/2023;20:23:31;24.34;;;;
921;04/06/2023;20:19:52;24.35;;;;921;04/06/2023;20:20:58;24.38;;;;921;04/06/2023;20:23:46;24.35;;;;
922;04/06/2023;20:20:07;24.35;;;;922;04/06/2023;20:21:13;24.38;;;;922;04/06/2023;20:24:01;24.35;;;;
923;04/06/2023;20:20:22;24.36;;;;923;04/06/2023;20:21:28;24.37;;;;923;04/06/2023;20:24:16;24.34;;;;
924;04/06/2023;20:20:37;24.34;;;;924;04/06/2023;20:21:43;24.36;;;;924;04/06/2023;20:24:31;24.34;;;;
925;04/06/2023;20:20:52;24.35;;;;925;04/06/2023;20:21:58;24.36;;;;925;04/06/2023;20:24:46;24.34;;;;
926;04/06/2023;20:21:07;24.35;;;;926;04/06/2023;20:22:13;24.36;;;;926;04/06/2023;20:25:01;24.35;;;;
927;04/06/2023;20:21:22;24.34;;;;927;04/06/2023;20:22:28;24.36;;;;927;04/06/2023;20:25:16;24.34;;;;
928;04/06/2023;20:21:37;24.36;;;;928;04/06/2023;20:22:43;24.36;Synchronized;;;928;04/06/2023;20:25:31;24.34;;;;
929;04/06/2023;20:21:52;24.36;;;;929;04/06/2023;20:22:58;24.35;;;;929;04/06/2023;20:25:46;24.36;;;;
930;04/06/2023;20:22:07;24.38;;;;930;04/06/2023;20:23:13;24.36;;;;930;04/06/2023;20:26:01;24.34;;;;
931;04/06/2023;20:22:22;24.34;;;;931;04/06/2023;20:23:28;24.38;;;;931;04/06/2023;20:26:16;24.36;;;;
932;04/06/2023;20:22:37;24.36;;;;932;04/06/2023;20:23:43;24.35;;;;932;04/06/2023;20:26:31;;Missing data;;;
933;04/06/2023;20:22:52;24.36;;;;933;04/06/2023;20:23:58;24.37;;;;933;04/06/2023;20:26:46;24.34;;;;
934;04/06/2023;20:23:07;24.36;;;;934;04/06/2023;20:24:13;24.36;;;;934;04/06/2023;20:27:01;24.33;;;;
935;04/06/2023;20:23:22;24.36;;;;935;04/06/2023;20:24:28;24.38;;;;935;04/06/2023;20:27:16;24.35;;;;
936;04/06/2023;20:23:37;24.33;;;;936;04/06/2023;20:24:43;24.38;;;;936;04/06/2023;20:27:31;24.34;;;;
937;04/06/2023;20:23:52;24.35;;;;937;04/06/2023;20:24:58;24.36;;;;937;04/06/2023;20:27:46;24.32;;;;
938;04/06/2023;20:24:07;24.34;;;;938;04/06/2023;20:25:13;24.35;;;;938;04/06/2023;20:28:01;24.33;;;;
939;04/06/2023;20:24:22;24.34;;;;939;04/06/2023;20:25:28;24.37;;;;939;04/06/2023;20:28:16;24.34;;;;
940;04/06/2023;20:24:37;24.35;;;;940;04/06/2023;20:25:43;24.36;;;;940;04/06/2023;20:28:31;24.33;;;;
941;04/06/2023;20:24:53;24.35;;;;941;04/06/2023;20:25:58;24.37;;;;941;04/06/2023;20:28:46;24.35;;;;
942;04/06/2023;20:25:08;24.34;;;;942;04/06/2023;20:26:13;24.38;;;;942;04/06/2023;20:29:01;24.33;;;;
943;04/06/2023;20:25:23;24.37;;;;943;04/06/2023;20:26:28;24.37;;;;943;04/06/2023;20:29:16;24.34;;;;
944;04/06/2023;20:25:38;24.35;;;;944;04/06/2023;20:26:44;24.35;;;;944;04/06/2023;20:29:31;24.35;;;;
945;04/06/2023;20:25:53;24.34;;;;945;04/06/2023;20:26:59;24.36;;;;945;04/06/2023;20:29:46;24.34;;;;
946;04/06/2023;20:26:08;24.35;;;;946;04/06/2023;20:27:14;24.37;;;;946;04/06/2023;20:30:01;24.34;;;;
947;04/06/2023;20:26:23;24.34;;;;947;04/06/2023;20:27:29;24.36;;;;947;04/06/2023;20:30:16;24.32;;;;
948;04/06/2023;20:26:38;24.34;;;;948;04/06/2023;20:27:44;24.36;;;;948;04/06/2023;20:30:31;24.34;;;;
949;04/06/2023;20:26:53;24.34;;;;949;04/06/2023;20:27:59;24.37;;;;949;04/06/2023;20:30:46;24.34;;;;
950;04/06/2023;20:27:08;24.35;;;;950;04/06/2023;20:28:14;24.36;;;;950;04/06/2023;20:31:01;24.34;;;;
951;04/06/2023;20:27:23;24.36;;;;951;04/06/2023;20:28:29;24.35;Synchronized;;;951;04/06/2023;20:31:16;24.34;;;;
952;04/06/2023;20:27:38;24.35;;;;952;04/06/2023;20:28:44;24.36;;;;952;04/06/2023;20:31:31;;Missing data;;;
953;04/06/2023;20:27:53;24.34;;;;953;04/06/2023;20:28:59;24.38;;;;953;04/06/2023;20:31:46;24.34;;;;
954;04/06/2023;20:28:08;24.34;;;;954;04/06/2023;20:29:14;24.36;;;;954;04/06/2023;20:32:01;24.34;;;;
955;04/06/2023;20:28:23;24.34;;;;955;04/06/2023;20:29:29;24.37;;;;955;04/06/2023;20:32:16;24.33;;;;
956;04/06/2023;20:28:38;24.32;;;;956;04/06/2023;20:29:44;24.34;;;;956;04/06/2023;20:32:31;24.35;;;;
957;04/06/2023;20:28:53;24.34;;;;957;04/06/2023;20:29:59;24.36;;;;957;04/06/2023;20:32:46;24.33;;;;
958;04/06/2023;20:29:08;24.34;;;;958;04/06/2023;20:30:14;24.37;;;;958;04/06/2023;20:33:01;24.32;;;;
959;04/06/2023;20:29:23;24.34;;;;959;04/06/2023;20:30:29;24.36;;;;959;04/06/2023;20:33:16;;Missing data;;;
960;04/06/2023;20:29:38;24.32;;;;960;04/06/2023;20:30:44;24.34;;;;960;04/06/2023;20:33:31;24.34;;;;
961;04/06/2023;20:29:53;24.34;;;;961;04/06/2023;20:30:59;24.36;;;;961;04/06/2023;20:33:46;24.34;;;;
962;04/06/2023;20:30:08;24.33;;;;962;04/06/2023;20:31:14;24.36;;;;962;04/06/2023;20:34:01;24.34;;;;
963;04/06/2023;20:30:23;24.34;;;;963;04/06/2023;20:31:29;24.35;;;;963;04/06/2023;20:34:16;24.34;;;;
964;04/06/2023;20:30:38;24.33;;;;964;04/06/2023;20:31:44;24.35;;;;964;04/06/2023;20:34:31;24.34;;;;
965;04/06/2023;20:30:53;24.35;;;;965;04/06/2023;20:31:59;24.37;;;;965;04/06/2023;20:34:46;24.33;;;;
966;04/06/2023;20:31:08;24.34;;;;966;04/06/2023;20:32:14;24.35;;;;966;04/06/2023;20:35:01;24.32;;;;
967;04/06/2023;20:31:23;24.34;;;;967;04/06/2023;20:32:29;24.34;;;;967;04/06/2023;20:35:16;24.34;;;;
968;04/06/2023;20:31:38;24.34;;;;968;04/06/2023;20:32:44;24.34;;;;968;04/06/2023;20:35:31;24.34;;;;
969;04/06/2023;20:31:53;24.34;;;;969;04/06/2023;20:32:59;24.37;;;;969;04/06/2023;20:35:46;24.33;;;;
970;04/06/2023;20:32:08;24.36;;;;970;04/06/2023;20:33:14;24.35;;;;970;04/06/2023;20:36:01;24.33;;;;
971;04/06/2023;20:32:23;24.34;;;;971;04/06/2023;20:33:29;24.35;;;;971;04/06/2023;20:36:16;24.33;;;;
972;04/06/2023;20:32:38;24.34;;;;972;04/06/2023;20:33:44;24.35;;;;972;04/06/2023;20:36:31;24.33;;;;
973;04/06/2023;20:32:53;24.34;;;;973;04/06/2023;20:33:59;24.36;;;;973;04/06/2023;20:36:46;24.33;;;;
974;04/06/2023;20:33:08;24.35;;;;974;04/06/2023;20:34:14;24.36;;;;974;04/06/2023;20:37:01;24.32;;;;
975;04/06/2023;20:33:23;24.33;;;;975;04/06/2023;20:34:29;24.34;;;;975;04/06/2023;20:37:16;24.34;;;;
976;04/06/2023;20:33:38;24.34;;;;976;04/06/2023;20:34:44;24.35;;;;976;04/06/2023;20:37:31;24.33;;;;
977;04/06/2023;20:33:53;24.35;;;;977;04/06/2023;20:34:59;24.35;;;;977;04/06/2023;20:37:46;24.32;;;;
978;04/06/2023;20:34:09;24.35;;;;978;04/06/2023;20:35:14;24.34;;;;978;04/06/2023;20:38:01;24.34;;;;
979;04/06/2023;20:34:24;24.32;;;;979;04/06/2023;20:35:29;24.35;;;;979;04/06/2023;20:38:16;24.33;;;;
980;04/06/2023;20:34:39;24.34;;;;980;04/06/2023;20:35:44;24.34;;;;980;04/06/2023;20:38:31;24.32;;;;
981;04/06/2023;20:34:54;24.33;;;;981;04/06/2023;20:35:59;24.35;;;;981;04/06/2023;20:38:46;24.34;;;;
982;04/06/2023;20:35:09;24.34;;;;982;04/06/2023;20:36:14;24.34;;;;982;04/06/2023;20:39:01;24.32;;;;
983;04/06/2023;20:35:24;24.32;;;;983;04/06/2023;20:36:29;24.34;;;;983;04/06/2023;20:39:16;24.33;;;;
984;04/06/2023;20:35:39;24.34;;;;984;04/06/2023;20:36:44;24.35;;;;984;04/06/2023;20:39:31;24.32;;;;
985;04/06/2023;20:35:54;24.33;;;;985;04/06/2023;20:36:59;24.34;;;;985;04/06/2023;20:39:46;24.32;;;;
986;04/06/2023;20:36:09;24.31;;;;986;04/06/2023;20:37:14;24.35;;;;986;04/06/2023;20:40:01;24.33;;;;
987;04/06/2023;20:36:24;24.34;;;;987;04/06/2023;20:37:29;24.35;;;;987;04/06/2023;20:40:16;24.33;;;;
988;04/06/2023;20:36:39;24.35;;;;988;04/06/2023;20:37:44;24.34;;;;988;04/06/2023;20:40:31;24.34;;;;
989;04/06/2023;20:36:54;24.33;;;;989;04/06/2023;20:37:59;24.35;;;;989;04/06/2023;20:40:46;24.32;;;;
990;04/06/2023;20:37:09;24.34;;;;990;04/06/2023;20:38:14;24.35;;;;990;04/06/2023;20:41:01;24.31;;;;
991;04/06/2023;20:37:24;24.32;;;;991;04/06/2023;20:38:29;24.37;;;;991;04/06/2023;20:41:16;24.32;;;;
992;04/06/2023;20:37:39;24.34;;;;992;04/06/2023;20:38:44;24.34;;;;992;04/06/2023;20:41:31;24.34;;;;
993;04/06/2023;20:37:54;24.32;;;;993;04/06/2023;20:38:59;24.35;Synchronized;;;993;04/06/2023;20:41:46;24.31;;;;
994;04/06/2023;20:38:09;24.34;;;;994;04/06/2023;20:39:14;24.36;;;;994;04/06/2023;20:42:01;24.34;;;;
995;04/06/2023;20:38:24;24.34;;;;995;04/06/2023;20:39:29;24.34;;;;995;04/06/2023;20:42:16;24.31;;;;
996;04/06/2023;20:38:39;24.32;;;;996;04/06/2023;20:39:44;24.36;;;;996;04/06/2023;20:42:31;24.33;;;;
997;04/06/2023;20:38:54;24.33;;;;997;04/06/2023;20:39:59;24.34;;;;997;04/06/2023;20:42:46;24.32;;;;
998;04/06/2023;20:39:09;24.34;;;;998;04/06/2023;20:40:14;24.34;;;;998;04/06/2023;20:43:01;24.32;;;;
999;04/06/2023;20:39:24;24.33;;;;999;04/06/2023;20:40:29;24.35;;;;999;04/06/2023;20:43:16;24.31;;;;
1000;04/06/2023;20:39:39;24.32;Synchronized;;;1000;04/06/2023;20:40:44;24.34;;;;1000;04/06/2023;20:43:31;24.34;;;;
1001;04/06/2023;20:39:54;24.32;;;;1001;04/06/2023;20:40:59;24.34;;;;1001;04/06/2023;20:43:46;24.32;;;;
1002;04/06/2023;20:40:09;24.34;;;;1002;04/06/2023;20:41:14;24.35;;;;1002;04/06/2023;20:44:01;24.33;;;;
1003;04/06/2023;20:40:24;24.32;;;;1003;04/06/2023;20:41:29;24.34;;;;1003;04/06/2023;20:44:16;24.32;;;;
1004;04/06/2023;20:40:39;24.34;;;;1004;04/06/2023;20:41:44;24.34;;;;1004;04/06/2023;20:44:31;24.31;;;;
1005;04/06/2023;20:40:54;24.34;;;;1005;04/06/2023;20:41:59;24.32;;;;1005;04/06/2023;20:44:46;24.32;;;;
1006;04/06/2023;20:41:09;24.34;;;;1006;04/06/2023;20:42:14;24.35;;;;1006;04/06/2023;20:45:01;24.32;;;;
1007;04/06/2023;20:41:24;24.34;;;;1007;04/06/2023;20:42:29;24.36;;;;1007;04/06/2023;20:45:16;;Missing data;;;
1008;04/06/2023;20:41:39;24.33;;;;1008;04/06/2023;20:42:44;24.35;;;;1008;04/06/2023;20:45:31;24.32;;;;
1009;04/06/2023;20:41:54;24.34;;;;1009;04/06/2023;20:42:59;24.36;;;;1009;04/06/2023;20:45:46;24.31;;;;
1010;04/06/2023;20:42:09;24.34;;;;1010;04/06/2023;20:43:14;24.34;;;;1010;04/06/2023;20:46:01;24.31;;;;
1011;04/06/2023;20:42:24;24.33;;;;1011;04/06/2023;20:43:29;24.34;;;;1011;04/06/2023;20:46:16;24.3;;;;
1012;04/06/2023;20:42:39;24.34;;;;1012;04/06/2023;20:43:44;24.34;;;;1012;04/06/2023;20:46:31;24.33;;;;
1013;04/06/2023;20:42:55;24.31;;;;1013;04/06/2023;20:43:59;24.34;;;;1013;04/06/2023;20:46:46;24.33;;;;
1014;04/06/2023;20:43:10;24.34;;;;1014;04/06/2023;20:44:14;24.34;;;;1014;04/06/2023;20:47:01;24.3;;;;
1015;04/06/2023;20:43:25;24.34;;;;1015;04/06/2023;20:44:29;24.34;;;;1015;04/06/2023;20:47:16;24.33;;;;
1016;04/06/2023;20:43:40;24.34;;;;1016;04/06/2023;20:44:44;24.34;;;;1016;04/06/2023;20:47:31;24.31;;;;
1017;04/06/2023;20:43:55;24.34;Synchronized;;;1017;04/06/2023;20:44:59;24.33;;;;1017;04/06/2023;20:47:46;24.31;;;;
1018;04/06/2023;20:44:10;24.33;;;;1018;04/06/2023;20:45:14;24.34;;;;1018;04/06/2023;20:48:01;24.31;;;;
1019;04/06/2023;20:44:25;24.32;;;;1019;04/06/2023;20:45:29;24.34;;;;1019;04/06/2023;20:48:17;24.31;;;;
1020;04/06/2023;20:44:40;24.34;;;;1020;04/06/2023;20:45:44;24.34;;;;1020;04/06/2023;20:48:32;24.31;;;;
1021;04/06/2023;20:44:55;24.31;;;;1021;04/06/2023;20:45:59;24.34;;;;1021;04/06/2023;20:48:47;24.31;;;;
1022;04/06/2023;20:45:10;24.31;;;;1022;04/06/2023;20:46:14;24.34;;;;1022;04/06/2023;20:49:01;24.32;;;;
1023;04/06/2023;20:45:25;24.31;;;;1023;04/06/2023;20:46:29;24.35;;;;1023;04/06/2023;20:49:16;24.32;;;;
1024;04/06/2023;20:45:40;24.32;;;;1024;04/06/2023;20:46:44;24.32;;;;1024;04/06/2023;20:49:31;24.31;;;;
1025;04/06/2023;20:45:55;24.33;;;;1025;04/06/2023;20:46:59;24.34;;;;1025;04/06/2023;20:49:47;24.32;;;;
1026;04/06/2023;20:46:10;24.3;;;;1026;04/06/2023;20:47:14;24.34;;;;1026;04/06/2023;20:50:02;24.3;;;;
1027;04/06/2023;20:46:25;24.31;;;;1027;04/06/2023;20:47:29;24.34;;;;1027;04/06/2023;20:50:17;24.33;;;;
1028;04/06/2023;20:46:40;24.3;;;;1028;04/06/2023;20:47:44;24.34;;;;1028;04/06/2023;20:50:32;24.32;;;;
1029;04/06/2023;20:46:55;24.32;;;;1029;04/06/2023;20:47:59;24.34;;;;1029;04/06/2023;20:50:47;24.3;;;;
1030;04/06/2023;20:47:10;24.34;;;;1030;04/06/2023;20:48:14;24.33;;;;1030;04/06/2023;20:51:02;24.31;;;;
1031;04/06/2023;20:47:25;24.3;;;;1031;04/06/2023;20:48:29;24.33;;;;1031;04/06/2023;20:51:17;;Missing data;;;
1032;04/06/2023;20:47:40;24.34;;;;1032;04/06/2023;20:48:44;24.32;;;;1032;04/06/2023;20:51:32;24.3;;;;
1033;04/06/2023;20:47:55;24.34;;;;1033;04/06/2023;20:48:59;24.33;;;;1033;04/06/2023;20:51:47;24.29;;;;
1034;04/06/2023;20:48:10;24.33;;;;1034;04/06/2023;20:49:14;24.34;;;;1034;04/06/2023;20:52:02;24.3;;;;
1035;04/06/2023;20:48:25;24.32;;;;1035;04/06/2023;20:49:29;24.34;;;;1035;04/06/2023;20:52:17;24.3;;;;
1036;04/06/2023;20:48:40;24.33;;;;1036;04/06/2023;20:49:44;24.34;;;;1036;04/06/2023;20:52:32;24.3;;;;
1037;04/06/2023;20:48:55;24.33;;;;1037;04/06/2023;20:49:59;24.33;;;;1037;04/06/2023;20:52:47;24.3;;;;
1038;04/06/2023;20:49:10;24.31;;;;1038;04/06/2023;20:50:14;24.34;;;;1038;04/06/2023;20:53:02;24.32;;;;
1039;04/06/2023;20:49:25;24.33;Synchronized;;;1039;04/06/2023;20:50:29;24.34;;;;1039;04/06/2023;20:53:17;24.3;;;;
1040;04/06/2023;20:49:40;24.3;;;;1040;04/06/2023;20:50:44;24.34;;;;1040;04/06/2023;20:53:32;24.32;;;;
1041;04/06/2023;20:49:55;24.32;;;;1041;04/06/2023;20:50:59;24.34;;;;1041;04/06/2023;20:53:47;24.33;;;;
1042;04/06/2023;20:50:10;24.32;;;;1042;04/06/2023;20:51:14;24.34;;;;1042;04/06/2023;20:54:02;24.31;;;;
1043;04/06/2023;20:50:25;24.3;;;;1043;04/06/2023;20:51:29;24.33;;;;1043;04/06/2023;20:54:17;24.33;;;;
1044;04/06/2023;20:50:40;24.32;;;;1044;04/06/2023;20:51:44;24.32;;;;1044;04/06/2023;20:54:32;24.3;;;;
1045;04/06/2023;20:50:55;24.32;;;;1045;04/06/2023;20:51:59;24.34;;;;1045;04/06/2023;20:54:47;24.3;;;;
1046;04/06/2023;20:51:10;24.3;;;;1046;04/06/2023;20:52:14;24.33;;;;1046;04/06/2023;20:55:02;24.3;;;;
1047;04/06/2023;20:51:25;24.31;;;;1047;04/06/2023;20:52:29;24.34;;;;1047;04/06/2023;20:55:17;24.3;;;;
1048;04/06/2023;20:51:40;24.33;;;;1048;04/06/2023;20:52:44;24.32;;;;1048;04/06/2023;20:55:32;24.3;;;;
1049;04/06/2023;20:51:55;24.33;;;;1049;04/06/2023;20:52:59;24.31;;;;1049;04/06/2023;20:55:47;24.3;;;;
1050;04/06/2023;20:52:11;24.3;;;;1050;04/06/2023;20:53:14;24.34;;;;1050;04/06/2023;20:56:02;24.3;;;;
1051;04/06/2023;20:52:26;24.34;;;;1051;04/06/2023;20:53:29;24.33;;;;1051;04/06/2023;20:56:17;24.31;;;;
1052;04/06/2023;20:52:41;24.33;;;;1052;04/06/2023;20:53:44;24.33;;;;1052;04/06/2023;20:56:32;24.3;;;;
1053;04/06/2023;20:52:56;24.33;;;;1053;04/06/2023;20:53:59;24.34;;;;1053;04/06/2023;20:56:47;24.3;;;;
1054;04/06/2023;20:53:11;24.3;;;;1054;04/06/2023;20:54:14;24.32;;;;1054;04/06/2023;20:57:02;24.31;;;;
1055;04/06/2023;20:53:26;24.3;;;;1055;04/06/2023;20:54:29;24.32;;;;1055;04/06/2023;20:57:17;24.3;;;;
1056;04/06/2023;20:53:41;24.3;;;;1056;04/06/2023;20:54:44;24.33;;;;1056;04/06/2023;20:57:32;24.31;;;;
1057;04/06/2023;20:53:56;24.3;;;;1057;04/06/2023;20:54:59;24.33;;;;1057;04/06/2023;20:57:47;24.3;;;;
1058;04/06/2023;20:54:11;24.31;;;;1058;04/06/2023;20:55:14;24.33;;;;1058;04/06/2023;20:58:02;24.32;;;;
1059;04/06/2023;20:54:26;24.33;;;;1059;04/06/2023;20:55:29;24.32;;;;1059;04/06/2023;20:58:17;24.31;;;;
1060;04/06/2023;20:54:41;24.3;;;;1060;04/06/2023;20:55:44;24.33;;;;1060;04/06/2023;20:58:32;24.31;;;;
1061;04/06/2023;20:54:56;24.31;;;;1061;04/06/2023;20:55:59;24.32;;;;1061;04/06/2023;20:58:47;24.3;;;;
1062;04/06/2023;20:55:11;24.33;;;;1062;04/06/2023;20:56:14;24.32;;;;1062;04/06/2023;20:59:02;24.3;;;;
1063;04/06/2023;20:55:26;24.32;;;;1063;04/06/2023;20:56:29;24.34;;;;1063;04/06/2023;20:59:17;24.31;;;;
1064;04/06/2023;20:55:41;24.31;;;;1064;04/06/2023;20:56:44;24.3;;;;1064;04/06/2023;20:59:32;24.3;;;;
1065;04/06/2023;20:55:56;24.32;;;;1065;04/06/2023;20:56:59;24.34;;;;1065;04/06/2023;20:59:47;24.3;;;;
1066;04/06/2023;20:56:11;24.32;;;;1066;04/06/2023;20:57:14;24.32;;;;1066;04/06/2023;21:00:02;24.3;;;;
1067;04/06/2023;20:56:26;24.3;;;;1067;04/06/2023;20:57:29;24.32;;;;1067;04/06/2023;21:00:17;24.3;;;;
1068;04/06/2023;20:56:41;24.32;;;;1068;04/06/2023;20:57:44;24.31;;;;1068;04/06/2023;21:00:32;24.29;;;;
1069;04/06/2023;20:56:56;24.3;;;;1069;04/06/2023;20:57:59;24.33;;;;1069;04/06/2023;21:00:47;24.29;;;;
1070;04/06/2023;20:57:11;24.32;;;;1070;04/06/2023;20:58:14;24.33;;;;1070;04/06/2023;21:01:02;24.3;;;;
1071;04/06/2023;20:57:26;24.3;;;;1071;04/06/2023;20:58:29;24.33;;;;1071;04/06/2023;21:01:17;24.3;;;;
1072;04/06/2023;20:57:41;24.31;;;;1072;04/06/2023;20:58:44;24.33;;;;1072;04/06/2023;21:01:32;24.3;;;;
1073;04/06/2023;20:57:56;24.32;;;;1073;04/06/2023;20:58:59;24.33;Synchronized;;;1073;04/06/2023;21:01:47;24.29;;;;
1074;04/06/2023;20:58:11;24.31;;;;1074;04/06/2023;20:59:14;24.32;;;;1074;04/06/2023;21:02:02;24.3;;;;
1075;04/06/2023;20:58:26;24.28;;;;1075;04/06/2023;20:59:29;24.32;;;;1075;04/06/2023;21:02:17;24.3;;;;
1076;04/06/2023;20:58:41;24.28;;;;1076;04/06/2023;20:59:44;24.32;;;;1076;04/06/2023;21:02:32;24.3;;;;
1077;04/06/2023;20:58:56;24.28;;;;1077;04/06/2023;20:59:59;24.33;;;;1077;04/06/2023;21:02:47;24.29;;;;
1078;04/06/2023;20:59:11;24.3;;;;1078;04/06/2023;21:00:14;24.34;;;;1078;04/06/2023;21:03:02;24.32;;;;
1079;04/06/2023;20:59:26;24.33;;;;1079;04/06/2023;21:00:29;24.34;;;;1079;04/06/2023;21:03:17;24.3;;;;
1080;04/06/2023;20:59:41;24.3;;;;1080;04/06/2023;21:00:44;24.31;;;;1080;04/06/2023;21:03:32;24.28;;;;
1081;04/06/2023;20:59:56;24.3;;;;1081;04/06/2023;21:00:59;24.33;;;;1081;04/06/2023;21:03:47;24.31;;;;
1082;04/06/2023;21:00:11;24.31;;;;1082;04/06/2023;21:01:14;24.34;;;;1082;04/06/2023;21:04:02;;Missing data;;;
1083;04/06/2023;21:00:26;24.31;;;;1083;04/06/2023;21:01:29;24.34;;;;1083;04/06/2023;21:04:17;24.3;;;;
1084;04/06/2023;21:00:41;24.28;;;;1084;04/06/2023;21:01:44;24.32;;;;1084;04/06/2023;21:04:32;24.31;;;;
1085;04/06/2023;21:00:56;24.28;;;;1085;04/06/2023;21:01:59;24.34;;;;1085;04/06/2023;21:04:47;24.3;;;;
1086;04/06/2023;21:01:11;24.3;;;;1086;04/06/2023;21:02:14;24.31;;;;1086;04/06/2023;21:05:02;24.3;;;;
1087;04/06/2023;21:01:26;24.3;;;;1087;04/06/2023;21:02:29;24.33;;;;1087;04/06/2023;21:05:17;24.3;;;;
1088;04/06/2023;21:01:41;24.31;;;;1088;04/06/2023;21:02:44;24.31;;;;1088;04/06/2023;21:05:32;24.3;;;;
1089;04/06/2023;21:01:56;24.3;;;;1089;04/06/2023;21:02:59;24.31;;;;1089;04/06/2023;21:05:47;24.3;;;;
1090;04/06/2023;21:02:11;24.3;;;;1090;04/06/2023;21:03:14;24.31;;;;1090;04/06/2023;21:06:02;24.31;;;;
1091;04/06/2023;21:02:27;24.3;;;;1091;04/06/2023;21:03:29;24.33;;;;1091;04/06/2023;21:06:17;24.3;;;;
1092;04/06/2023;21:02:41;24.3;;;;1092;04/06/2023;21:03:44;24.33;;;;1092;04/06/2023;21:06:32;24.3;;;;
1093;04/06/2023;21:02:57;24.31;;;;1093;04/06/2023;21:03:59;24.34;;;;1093;04/06/2023;21:06:47;24.29;;;;
1094;04/06/2023;21:03:12;24.3;;;;1094;04/06/2023;21:04:14;24.32;;;;1094;04/06/2023;21:07:02;24.3;;;;
1095;04/06/2023;21:03:27;24.31;;;;1095;04/06/2023;21:04:29;24.33;;;;1095;04/06/2023;21:07:17;24.3;;;;
1096;04/06/2023;21:03:42;24.3;;;;1096;04/06/2023;21:04:44;24.32;;;;1096;04/06/2023;21:07:32;24.31;;;;
1097;04/06/2023;21:03:57;24.3;;;;1097;04/06/2023;21:04:59;24.32;;;;1097;04/06/2023;21:07:47;24.3;;;;
1098;04/06/2023;21:04:12;24.3;;;;1098;04/06/2023;21:05:14;24.32;;;;1098;04/06/2023;21:08:02;24.29;;;;
1099;04/06/2023;21:04:27;24.31;;;;1099;04/06/2023;21:05:29;24.31;;;;1099;04/06/2023;21:08:17;24.3;;;;
1100;04/06/2023;21:04:42;24.3;;;;1100;04/06/2023;21:05:44;24.3;;;;1100;04/06/2023;21:08:32;24.3;;;;
1101;04/06/2023;21:04:57;24.31;;;;1101;04/06/2023;21:05:59;24.33;;;;1101;04/06/2023;21:08:47;24.3;;;;
1102;04/06/2023;21:05:12;24.3;;;;1102;04/06/2023;21:06:14;24.31;;;;1102;04/06/2023;21:09:02;24.29;;;;
1103;04/06/2023;21:05:27;24.28;;;;1103;04/06/2023;21:06:29;24.32;;;;1103;04/06/2023;21:09:17;24.29;;;;
1104;04/06/2023;21:05:42;24.3;;;;1104;04/06/2023;21:06:44;24.33;;;;1104;04/06/2023;21:09:32;24.31;;;;
1105;04/06/2023;21:05:57;24.3;;;;1105;04/06/2023;21:06:59;24.32;;;;1105;04/06/2023;21:09:47;24.3;;;;
1106;04/06/2023;21:06:12;24.31;;;;1106;04/06/2023;21:07:14;24.32;;;;1106;04/06/2023;21:10:02;24.3;;;;
1107;04/06/2023;21:06:27;24.3;;;;1107;04/06/2023;21:07:29;24.33;;;;1107;04/06/2023;21:10:17;24.3;;;;
1108;04/06/2023;21:06:42;24.3;;;;1108;04/06/2023;21:07:44;24.3;;;;1108;04/06/2023;21:10:32;24.28;;;;
1109;04/06/2023;21:06:57;24.3;;;;1109;04/06/2023;21:07:59;24.32;;;;1109;04/06/2023;21:10:47;24.27;;;;
1110;04/06/2023;21:07:12;24.28;;;;1110;04/06/2023;21:08:14;24.33;;;;1110;04/06/2023;21:11:02;24.3;;;;
1111;04/06/2023;21:07:27;24.31;;;;1111;04/06/2023;21:08:29;24.29;;;;1111;04/06/2023;21:11:17;24.29;;;;
1112;04/06/2023;21:07:42;24.3;;;;1112;04/06/2023;21:08:44;24.31;;;;1112;04/06/2023;21:11:32;24.29;;;;
1113;04/06/2023;21:07:57;24.3;;;;1113;04/06/2023;21:08:59;24.31;;;;1113;04/06/2023;21:11:47;24.3;;;;
1114;04/06/2023;21:08:12;24.3;;;;1114;04/06/2023;21:09:14;24.3;;;;1114;04/06/2023;21:12:02;24.3;;;;
1115;04/06/2023;21:08:27;24.3;;;;1115;04/06/2023;21:09:29;24.3;;;;1115;04/06/2023;21:12:17;24.3;;;;
1116;04/06/2023;21:08:42;24.3;;;;1116;04/06/2023;21:09:44;24.32;;;;1116;04/06/2023;21:12:32;24.29;;;;
1117;04/06/2023;21:08:57;24.3;;;;1117;04/06/2023;21:09:59;24.31;;;;1117;04/06/2023;21:12:47;24.31;;;;
1118;04/06/2023;21:09:12;24.27;;;;1118;04/06/2023;21:10:14;24.32;;;;1118;04/06/2023;21:13:02;24.28;;;;
1119;04/06/2023;21:09:27;24.28;;;;1119;04/06/2023;21:10:29;24.32;;;;1119;04/06/2023;21:13:17;24.3;;;;
1120;04/06/2023;21:09:42;24.3;;;;1120;04/06/2023;21:10:44;24.3;;;;1120;04/06/2023;21:13:32;24.28;;;;
1121;04/06/2023;21:09:57;24.3;;;;1121;04/06/2023;21:10:59;24.32;;;;1121;04/06/2023;21:13:47;24.3;;;;
1122;04/06/2023;21:10:12;24.28;;;;1122;04/06/2023;21:11:14;24.32;;;;1122;04/06/2023;21:14:02;24.28;;;;
1123;04/06/2023;21:10:27;24.3;;;;1123;04/06/2023;21:11:29;24.31;;;;1123;04/06/2023;21:14:17;24.29;;;;
1124;04/06/2023;21:10:42;24.27;;;;1124;04/06/2023;21:11:44;24.3;;;;1124;04/06/2023;21:14:32;24.3;;;;
1125;04/06/2023;21:10:57;24.27;;;;1125;04/06/2023;21:11:59;24.3;;;;1125;04/06/2023;21:14:47;24.29;;;;
1126;04/06/2023;21:11:12;24.3;;;;1126;04/06/2023;21:12:14;24.31;;;;1126;04/06/2023;21:15:02;24.3;;;;
1127;04/06/2023;21:11:27;24.3;;;;1127;04/06/2023;21:12:29;24.3;;;;1127;04/06/2023;21:15:17;24.29;;;;
1128;04/06/2023;21:11:42;24.3;;;;1128;04/06/2023;21:12:44;24.3;;;;1128;04/06/2023;21:15:32;24.3;;;;
1129;04/06/2023;21:11:58;24.28;;;;1129;04/06/2023;21:12:59;24.3;;;;1129;04/06/2023;21:15:47;24.27;;;;
1130;04/06/2023;21:12:13;24.3;;;;1130;04/06/2023;21:13:14;24.3;;;;1130;04/06/2023;21:16:02;24.29;;;;
1131;04/06/2023;21:12:28;24.3;;;;1131;04/06/2023;21:13:29;24.31;;;;1131;04/06/2023;21:16:17;24.3;;;;
1132;04/06/2023;21:12:43;24.3;;;;1132;04/06/2023;21:13:44;24.33;;;;1132;04/06/2023;21:16:32;24.28;;;;
1133;04/06/2023;21:12:58;24.3;;;;1133;04/06/2023;21:13:59;24.32;;;;1133;04/06/2023;21:16:47;24.3;;;;
1134;04/06/2023;21:13:13;24.27;;;;1134;04/06/2023;21:14:14;24.34;;;;1134;04/06/2023;21:17:02;24.27;;;;
1135;04/06/2023;21:13:28;24.28;;;;1135;04/06/2023;21:14:29;24.3;;;;1135;04/06/2023;21:17:17;24.29;;;;
1136;04/06/2023;21:13:43;24.31;;;;1136;04/06/2023;21:14:44;24.33;;;;1136;04/06/2023;21:17:32;24.3;;;;
1137;04/06/2023;21:13:58;24.3;Synchronized;;;1137;04/06/2023;21:14:59;24.32;;;;1137;04/06/2023;21:17:47;24.3;;;;
1138;04/06/2023;21:14:13;24.28;;;;1138;04/06/2023;21:15:14;24.29;;;;1138;04/06/2023;21:18:02;24.32;;;;
1139;04/06/2023;21:14:28;24.27;;;;1139;04/06/2023;21:15:29;24.32;;;;1139;04/06/2023;21:18:17;24.29;;;;
1140;04/06/2023;21:14:43;24.3;;;;1140;04/06/2023;21:15:44;24.31;;;;1140;04/06/2023;21:18:32;24.29;;;;
1141;04/06/2023;21:14:58;24.28;;;;1141;04/06/2023;21:15:59;24.32;;;;1141;04/06/2023;21:18:47;24.28;;;;
1142;04/06/2023;21:15:13;24.27;;;;1142;04/06/2023;21:16:14;24.31;;;;1142;04/06/2023;21:19:02;24.29;;;;
1143;04/06/2023;21:15:28;24.3;;;;1143;04/06/2023;21:16:29;24.32;;;;1143;04/06/2023;21:19:17;24.28;;;;
1144;04/06/2023;21:15:43;24.28;;;;1144;04/06/2023;21:16:44;24.31;;;;1144;04/06/2023;21:19:32;24.3;;;;
1145;04/06/2023;21:15:58;24.3;;;;1145;04/06/2023;21:16:59;24.31;;;;1145;04/06/2023;21:19:47;24.29;;;;
1146;04/06/2023;21:16:13;24.27;;;;1146;04/06/2023;21:17:14;24.31;;;;1146;04/06/2023;21:20:02;24.28;;;;
1147;04/06/2023;21:16:28;24.31;;;;1147;04/06/2023;21:17:29;24.3;;;;1147;04/06/2023;21:20:17;24.3;;;;
1148;04/06/2023;21:16:43;24.31;;;;1148;04/06/2023;21:17:44;24.31;;;;1148;04/06/2023;21:20:32;24.27;;;;
1149;04/06/2023;21:16:58;24.3;;;;1149;04/06/2023;21:17:59;24.3;;;;1149;04/06/2023;21:20:47;24.27;;;;
1150;04/06/2023;21:17:13;24.27;;;;1150;04/06/2023;21:18:14;24.31;;;;1150;04/06/2023;21:21:02;24.29;;;;
1151;04/06/2023;21:17:28;24.3;;;;1151;04/06/2023;21:18:29;24.29;;;;1151;04/06/2023;21:21:17;24.3;;;;
1152;04/06/2023;21:17:43;24.3;;;;1152;04/06/2023;21:18:44;24.31;;;;1152;04/06/2023;21:21:32;24.29;;;;
1153;04/06/2023;21:17:58;24.27;;;;1153;04/06/2023;21:18:59;24.3;;;;1153;04/06/2023;21:21:47;24.29;;;;
1154;04/06/2023;21:18:13;24.3;;;;1154;04/06/2023;21:19:14;24.3;;;;1154;04/06/2023;21:22:02;24.28;;;;
1155;04/06/2023;21:18:28;24.3;;;;1155;04/06/2023;21:19:29;24.3;;;;1155;04/06/2023;21:22:17;24.28;;;;
1156;04/06/2023;21:18:43;24.28;;;;1156;04/06/2023;21:19:44;24.3;;;;1156;04/06/2023;21:22:32;24.29;;;;
1157;04/06/2023;21:18:58;24.27;;;;1157;04/06/2023;21:19:59;24.3;;;;1157;04/06/2023;21:22:47;24.28;;;;
1158;04/06/2023;21:19:13;24.3;;;;1158;04/06/2023;21:20:14;24.3;;;;1158;04/06/2023;21:23:02;24.29;;;;
1159;04/06/2023;21:19:28;24.28;;;;1159;04/06/2023;21:20:29;24.3;;;;1159;04/06/2023;21:23:17;24.27;;;;
1160;04/06/2023;21:19:43;24.3;Synchronized;;;1160;04/06/2023;21:20:44;24.31;;;;1160;04/06/2023;21:23:32;24.3;;;;
1161;04/06/2023;21:19:58;24.27;;;;1161;04/06/2023;21:20:59;24.3;;;;1161;04/06/2023;21:23:47;24.29;;;;
1162;04/06/2023;21:20:13;24.28;;;;1162;04/06/2023;21:21:14;24.31;;;;1162;04/06/2023;21:24:02;24.29;;;;
1163;04/06/2023;21:20:28;24.27;;;;1163;04/06/2023;21:21:29;24.3;;;;1163;04/06/2023;21:24:17;24.27;;;;
1164;04/06/2023;21:20:43;24.3;;;;1164;04/06/2023;21:21:44;24.28;;;;1164;04/06/2023;21:24:32;24.28;;;;
1165;04/06/2023;21:20:58;24.27;;;;1165;04/06/2023;21:21:59;24.3;;;;1165;04/06/2023;21:24:47;24.3;;;;
1166;04/06/2023;21:21:14;24.27;;;;1166;04/06/2023;21:22:14;24.3;;;;1166;04/06/2023;21:25:02;24.3;;;;
1167;04/06/2023;21:21:29;24.27;;;;1167;04/06/2023;21:22:29;24.3;;;;1167;04/06/2023;21:25:17;24.29;;;;
1168;04/06/2023;21:21:44;24.3;;;;1168;04/06/2023;21:22:44;24.3;;;;1168;04/06/2023;21:25:32;24.29;;;;
1169;04/06/2023;21:21:59;24.3;;;;1169;04/06/2023;21:22:59;24.3;;;;1169;04/06/2023;21:25:47;24.28;;;;
1170;04/06/2023;21:22:14;24.27;;;;1170;04/06/2023;21:23:14;24.29;;;;1170;04/06/2023;21:26:02;24.29;;;;
1171;04/06/2023;21:22:29;24.27;;;;1171;04/06/2023;21:23:29;24.3;;;;1171;04/06/2023;21:26:17;24.28;;;;
1172;04/06/2023;21:22:44;24.27;;;;1172;04/06/2023;21:23:44;24.31;Synchronized;;;1172;04/06/2023;21:26:32;24.27;;;;
1173;04/06/2023;21:22:59;24.28;;;;1173;04/06/2023;21:23:59;24.3;Synchronized;;;1173;04/06/2023;21:26:47;24.3;;;;
1174;04/06/2023;21:23:14;24.27;;;;1174;04/06/2023;21:24:14;24.3;;;;1174;04/06/2023;21:27:02;24.28;;;;
1175;04/06/2023;21:23:29;24.28;;;;1175;04/06/2023;21:24:29;24.3;;;;1175;04/06/2023;21:27:17;24.28;;;;
1176;04/06/2023;21:23:44;24.28;;;;1176;04/06/2023;21:24:44;24.31;;;;1176;04/06/2023;21:27:32;24.27;;;;
1177;04/06/2023;21:23:59;24.27;;;;1177;04/06/2023;21:24:59;24.32;;;;1177;04/06/2023;21:27:47;24.3;;;;
1178;04/06/2023;21:24:14;24.26;;;;1178;04/06/2023;21:25:14;24.3;;;;1178;04/06/2023;21:28:02;24.29;;;;
1179;04/06/2023;21:24:29;24.3;;;;1179;04/06/2023;21:25:29;24.29;;;;1179;04/06/2023;21:28:17;24.27;;;;
1180;04/06/2023;21:24:44;24.27;;;;1180;04/06/2023;21:25:44;24.31;;;;1180;04/06/2023;21:28:32;24.27;;;;
1181;04/06/2023;21:24:59;24.28;;;;1181;04/06/2023;21:25:59;24.3;;;;1181;04/06/2023;21:28:47;24.27;;;;
1182;04/06/2023;21:25:14;24.3;;;;1182;04/06/2023;21:26:14;24.28;;;;1182;04/06/2023;21:29:02;24.29;;;;
1183;04/06/2023;21:25:29;24.3;;;;1183;04/06/2023;21:26:29;24.31;;;;1183;04/06/2023;21:29:17;24.28;;;;
1184;04/06/2023;21:25:44;24.3;;;;1184;04/06/2023;21:26:44;24.31;;;;1184;04/06/2023;21:29:32;24.28;;;;
1185;04/06/2023;21:25:59;24.27;;;;1185;04/06/2023;21:26:59;24.29;;;;1185;04/06/2023;21:29:47;24.29;;;;
1186;04/06/2023;21:26:14;24.28;;;;1186;04/06/2023;21:27:14;24.3;;;;1186;04/06/2023;21:30:02;24.28;;;;
1187;04/06/2023;21:26:29;24.27;;;;1187;04/06/2023;21:27:29;24.3;;;;1187;04/06/2023;21:30:17;24.28;;;;
1188;04/06/2023;21:26:44;24.3;;;;1188;04/06/2023;21:27:44;24.3;;;;1188;04/06/2023;21:30:32;24.27;;;;
1189;04/06/2023;21:26:59;24.27;;;;1189;04/06/2023;21:27:59;24.32;;;;1189;04/06/2023;21:30:47;24.27;;;;
1190;04/06/2023;21:27:14;24.28;;;;1190;04/06/2023;21:28:14;24.31;;;;1190;04/06/2023;21:31:02;24.27;;;;
1191;04/06/2023;21:27:29;24.27;;;;1191;04/06/2023;21:28:29;24.3;;;;1191;04/06/2023;21:31:17;24.27;;;;
1192;04/06/2023;21:27:44;24.28;;;;1192;04/06/2023;21:28:44;24.3;;;;1192;04/06/2023;21:31:32;24.29;;;;
1193;04/06/2023;21:27:59;24.27;;;;1193;04/06/2023;21:28:59;24.29;;;;1193;04/06/2023;21:31:47;24.27;;;;
1194;04/06/2023;21:28:14;24.27;;;;1194;04/06/2023;21:29:14;24.3;;;;1194;04/06/2023;21:32:02;24.28;;;;
1195;04/06/2023;21:28:29;24.28;;;;1195;04/06/2023;21:29:29;24.3;;;;1195;04/06/2023;21:32:17;24.27;;;;
1196;04/06/2023;21:28:44;24.27;;;;1196;04/06/2023;21:29:44;24.31;;;;1196;04/06/2023;21:32:32;24.26;;;;
1197;04/06/2023;21:28:59;24.27;;;;1197;04/06/2023;21:29:59;24.3;;;;1197;04/06/2023;21:32:47;24.28;;;;
1198;04/06/2023;21:29:14;24.27;;;;1198;04/06/2023;21:30:14;24.3;;;;1198;04/06/2023;21:33:02;24.27;;;;
1199;04/06/2023;21:29:29;24.28;;;;1199;04/06/2023;21:30:29;24.3;;;;1199;04/06/2023;21:33:17;24.27;;;;
1200;04/06/2023;21:29:44;24.27;;;;1200;04/06/2023;21:30:44;24.3;;;;1200;04/06/2023;21:33:32;24.27;;;;
1201;04/06/2023;21:30:00;24.27;;;;1201;04/06/2023;21:30:59;24.29;;;;1201;04/06/2023;21:33:47;24.27;;;;
1202;04/06/2023;21:30:15;24.27;;;;1202;04/06/2023;21:31:14;24.3;;;;1202;04/06/2023;21:34:02;24.27;;;;
1203;04/06/2023;21:30:30;24.27;;;;1203;04/06/2023;21:31:29;24.3;;;;1203;04/06/2023;21:34:17;24.27;;;;
1204;04/06/2023;21:30:45;24.27;;;;1204;04/06/2023;21:31:44;24.3;;;;1204;04/06/2023;21:34:32;24.28;;;;
1205;04/06/2023;21:31:00;24.27;;;;1205;04/06/2023;21:31:59;24.3;;;;1205;04/06/2023;21:34:47;24.27;;;;
1206;04/06/2023;21:31:15;24.26;;;;1206;04/06/2023;21:32:14;24.3;;;;1206;04/06/2023;21:35:02;24.27;;;;
1207;04/06/2023;21:31:30;24.27;;;;1207;04/06/2023;21:32:29;24.31;;;;1207;04/06/2023;21:35:17;24.27;;;;
1208;04/06/2023;21:31:45;24.27;;;;1208;04/06/2023;21:32:44;24.28;;;;1208;04/06/2023;21:35:32;24.27;;;;
1209;04/06/2023;21:32:00;24.28;;;;1209;04/06/2023;21:32:59;24.29;;;;1209;04/06/2023;21:35:47;24.28;;;;
1210;04/06/2023;21:32:15;24.27;Synchronized;;;1210;04/06/2023;21:33:14;24.3;;;;1210;04/06/2023;21:36:02;24.28;;;;
1211;04/06/2023;21:32:30;24.28;;;;1211;04/06/2023;21:33:29;24.29;;;;1211;04/06/2023;21:36:17;24.27;;;;
1212;04/06/2023;21:32:45;24.27;;;;1212;04/06/2023;21:33:44;24.3;;;;1212;04/06/2023;21:36:32;24.27;;;;
1213;04/06/2023;21:33:00;24.28;;;;1213;04/06/2023;21:33:59;24.3;;;;1213;04/06/2023;21:36:47;24.27;;;;
1214;04/06/2023;21:33:15;24.27;;;;1214;04/06/2023;21:34:14;24.3;;;;1214;04/06/2023;21:37:02;24.28;;;;
1215;04/06/2023;21:33:30;24.27;;;;1215;04/06/2023;21:34:29;24.31;;;;1215;04/06/2023;21:37:17;24.27;;;;
1216;04/06/2023;21:33:45;24.27;;;;1216;04/06/2023;21:34:44;24.3;;;;1216;04/06/2023;21:37:32;24.27;;;;
1217;04/06/2023;21:34:00;24.3;;;;1217;04/06/2023;21:34:59;24.3;;;;1217;04/06/2023;21:37:47;24.28;;;;
1218;04/06/2023;21:34:15;24.28;;;;1218;04/06/2023;21:35:14;24.28;;;;1218;04/06/2023;21:38:02;24.26;;;;
1219;04/06/2023;21:34:30;24.3;;;;1219;04/06/2023;21:35:29;24.3;;;;1219;04/06/2023;21:38:17;24.27;;;;
1220;04/06/2023;21:34:45;24.26;Synchronized;;;1220;04/06/2023;21:35:44;24.3;;;;1220;04/06/2023;21:38:32;24.27;;;;
1221;04/06/2023;21:35:00;24.27;;;;1221;04/06/2023;21:35:59;24.3;;;;1221;04/06/2023;21:38:47;24.3;;;;
1222;04/06/2023;21:35:15;24.28;;;;1222;04/06/2023;21:36:14;24.28;;;;1222;04/06/2023;21:39:02;24.27;;;;
1223;04/06/2023;21:35:30;24.27;;;;1223;04/06/2023;21:36:29;24.29;;;;1223;04/06/2023;21:39:17;24.26;;;;
1224;04/06/2023;21:35:45;24.27;;;;1224;04/06/2023;21:36:44;24.3;;;;1224;04/06/2023;21:39:32;24.27;;;;
1225;04/06/2023;21:36:00;24.26;;;;1225;04/06/2023;21:36:59;24.28;;;;1225;04/06/2023;21:39:47;24.24;;;;
1226;04/06/2023;21:36:15;24.3;;;;1226;04/06/2023;21:37:14;24.28;;;;1226;04/06/2023;21:40:02;24.28;;;;
1227;04/06/2023;21:36:30;24.28;;;;1227;04/06/2023;21:37:29;24.29;;;;1227;04/06/2023;21:40:17;24.26;;;;
1228;04/06/2023;21:36:45;24.27;;;;1228;04/06/2023;21:37:44;24.29;;;;1228;04/06/2023;21:40:32;24.27;;;;
1229;04/06/2023;21:37:00;24.27;;;;1229;04/06/2023;21:37:59;24.28;;;;1229;04/06/2023;21:40:47;24.27;;;;
1230;04/06/2023;21:37:15;24.27;;;;1230;04/06/2023;21:38:14;24.28;;;;1230;04/06/2023;21:41:02;24.27;;;;
1231;04/06/2023;21:37:30;24.28;;;;1231;04/06/2023;21:38:29;24.31;;;;1231;04/06/2023;21:41:17;24.26;;;;
1232;04/06/2023;21:37:45;24.27;;;;1232;04/06/2023;21:38:44;24.3;;;;1232;04/06/2023;21:41:32;24.23;;;;
1233;04/06/2023;21:38:00;24.28;;;;1233;04/06/2023;21:38:59;24.3;;;;1233;04/06/2023;21:41:47;24.26;;;;
1234;04/06/2023;21:38:15;24.26;;;;1234;04/06/2023;21:39:14;24.27;;;;1234;04/06/2023;21:42:02;24.27;;;;
1235;04/06/2023;21:38:30;24.28;;;;1235;04/06/2023;21:39:29;24.28;;;;1235;04/06/2023;21:42:17;24.27;;;;
1236;04/06/2023;21:38:45;24.28;;;;1236;04/06/2023;21:39:44;24.3;;;;1236;04/06/2023;21:42:32;24.27;;;;
1237;04/06/2023;21:39:01;24.27;;;;1237;04/06/2023;21:39:59;24.27;Synchronized;;;1237;04/06/2023;21:42:47;24.27;;;;
1238;04/06/2023;21:39:16;24.28;;;;1238;04/06/2023;21:40:14;24.28;;;;1238;04/06/2023;21:43:02;24.24;;;;
1239;04/06/2023;21:39:31;24.27;;;;1239;04/06/2023;21:40:29;24.29;;;;1239;04/06/2023;21:43:17;24.27;;;;
1240;04/06/2023;21:39:46;24.27;;;;1240;04/06/2023;21:40:44;24.29;Synchronized;;;1240;04/06/2023;21:43:32;24.23;;;;
1241;04/06/2023;21:40:01;24.27;;;;1241;04/06/2023;21:40:59;24.3;;;;1241;04/06/2023;21:43:47;24.27;;;;
1242;04/06/2023;21:40:16;24.27;;;;1242;04/06/2023;21:41:14;24.26;;;;1242;04/06/2023;21:44:02;24.27;;;;
1243;04/06/2023;21:40:31;24.27;Synchronized;;;1243;04/06/2023;21:41:29;24.27;;;;1243;04/06/2023;21:44:17;24.26;;;;
1244;04/06/2023;21:40:46;24.27;;;;1244;04/06/2023;21:41:44;24.3;;;;1244;04/06/2023;21:44:32;24.26;;;;
1245;04/06/2023;21:41:01;24.25;;;;1245;04/06/2023;21:41:59;24.3;;;;1245;04/06/2023;21:44:47;24.27;;;;
1246;04/06/2023;21:41:16;24.27;;;;1246;04/06/2023;21:42:14;24.29;;;;1246;04/06/2023;21:45:02;24.26;;;;
1247;04/06/2023;21:41:31;24.28;;;;1247;04/06/2023;21:42:29;24.27;;;;1247;04/06/2023;21:45:17;24.27;;;;
1248;04/06/2023;21:41:46;24.27;;;;1248;04/06/2023;21:42:44;24.29;;;;1248;04/06/2023;21:45:32;24.24;;;;
1249;04/06/2023;21:42:01;24.27;;;;1249;04/06/2023;21:42:59;24.28;;;;1249;04/06/2023;21:45:47;24.26;;;;
1250;04/06/2023;21:42:16;24.27;;;;1250;04/06/2023;21:43:14;24.3;;;;1250;04/06/2023;21:46:02;24.23;;;;
1251;04/06/2023;21:42:31;24.26;;;;1251;04/06/2023;21:43:29;24.28;;;;1251;04/06/2023;21:46:17;24.27;;;;
1252;04/06/2023;21:42:46;24.26;;;;1252;04/06/2023;21:43:44;24.29;;;;1252;04/06/2023;21:46:32;24.28;;;;
1253;04/06/2023;21:43:01;24.26;;;;1253;04/06/2023;21:43:59;24.3;;;;1253;04/06/2023;21:46:47;24.24;;;;
1254;04/06/2023;21:43:16;24.27;;;;1254;04/06/2023;21:44:14;24.29;;;;1254;04/06/2023;21:47:02;;Missing data;;;
1255;04/06/2023;21:43:31;24.27;;;;1255;04/06/2023;21:44:29;24.28;;;;1255;04/06/2023;21:47:17;24.26;;;;
1256;04/06/2023;21:43:46;24.27;;;;1256;04/06/2023;21:44:44;24.29;;;;1256;04/06/2023;21:47:32;24.24;;;;
1257;04/06/2023;21:44:01;24.27;;;;1257;04/06/2023;21:44:59;24.29;;;;1257;04/06/2023;21:47:47;24.24;;;;
1258;04/06/2023;21:44:16;24.28;;;;1258;04/06/2023;21:45:14;24.3;;;;1258;04/06/2023;21:48:02;24.27;;;;
1259;04/06/2023;21:44:31;24.27;;;;1259;04/06/2023;21:45:29;24.29;;;;1259;04/06/2023;21:48:17;24.24;;;;
1260;04/06/2023;21:44:46;24.26;;;;1260;04/06/2023;21:45:44;24.3;;;;1260;04/06/2023;21:48:32;24.26;;;;
1261;04/06/2023;21:45:01;24.27;;;;1261;04/06/2023;21:45:59;24.28;;;;1261;04/06/2023;21:48:47;24.27;;;;
1262;04/06/2023;21:45:16;24.27;;;;1262;04/06/2023;21:46:14;24.29;;;;1262;04/06/2023;21:49:02;24.26;;;;
1263;04/06/2023;21:45:31;24.26;;;;1263;04/06/2023;21:46:29;24.28;;;;1263;04/06/2023;21:49:17;24.27;;;;
1264;04/06/2023;21:45:46;24.27;;;;1264;04/06/2023;21:46:44;24.28;;;;1264;04/06/2023;21:49:32;24.27;;;;
1265;04/06/2023;21:46:01;24.25;;;;1265;04/06/2023;21:46:59;24.29;;;;1265;04/06/2023;21:49:47;24.26;;;;
1266;04/06/2023;21:46:16;24.27;;;;1266;04/06/2023;21:47:14;24.27;;;;1266;04/06/2023;21:50:02;24.27;;;;
1267;04/06/2023;21:46:31;24.27;;;;1267;04/06/2023;21:47:29;24.28;;;;1267;04/06/2023;21:50:17;24.23;;;;
1268;04/06/2023;21:46:46;24.26;;;;1268;04/06/2023;21:47:44;24.29;;;;1268;04/06/2023;21:50:32;24.27;;;;
1269;04/06/2023;21:47:01;24.25;;;;1269;04/06/2023;21:47:59;24.29;;;;1269;04/06/2023;21:50:47;24.24;;;;
1270;04/06/2023;21:47:16;24.27;;;;1270;04/06/2023;21:48:14;24.28;;;;1270;04/06/2023;21:51:03;24.24;;;;
1271;04/06/2023;21:47:31;24.27;;;;1271;04/06/2023;21:48:29;24.28;;;;1271;04/06/2023;21:51:17;24.27;;;;
1272;04/06/2023;21:47:46;24.27;;;;1272;04/06/2023;21:48:44;24.28;;;;1272;04/06/2023;21:51:32;24.24;;;;
1273;04/06/2023;21:48:01;24.26;;;;1273;04/06/2023;21:48:59;24.3;;;;1273;04/06/2023;21:51:47;24.24;;;;
1274;04/06/2023;21:48:17;24.26;;;;1274;04/06/2023;21:49:14;24.3;;;;1274;04/06/2023;21:52:02;24.27;;;;
1275;04/06/2023;21:48:32;24.26;;;;1275;04/06/2023;21:49:29;24.27;;;;1275;04/06/2023;21:52:17;24.24;;;;
1276;04/06/2023;21:48:47;24.27;;;;1276;04/06/2023;21:49:44;24.29;;;;1276;04/06/2023;21:52:32;24.27;;;;
1277;04/06/2023;21:49:02;24.27;;;;1277;04/06/2023;21:49:59;24.29;;;;1277;04/06/2023;21:52:47;24.24;;;;
1278;04/06/2023;21:49:17;24.27;;;;1278;04/06/2023;21:50:14;24.27;;;;1278;04/06/2023;21:53:02;24.26;;;;
1279;04/06/2023;21:49:32;24.26;;;;1279;04/06/2023;21:50:29;24.28;;;;1279;04/06/2023;21:53:17;24.23;;;;
1280;04/06/2023;21:49:47;24.27;;;;1280;04/06/2023;21:50:44;24.29;;;;1280;04/06/2023;21:53:32;24.26;;;;
1281;04/06/2023;21:50:02;24.25;;;;1281;04/06/2023;21:50:59;24.28;;;;1281;04/06/2023;21:53:48;24.26;;;;
1282;04/06/2023;21:50:17;24.24;;;;1282;04/06/2023;21:51:14;24.25;;;;1282;04/06/2023;21:54:03;24.24;;;;
1283;04/06/2023;21:50:32;24.25;;;;1283;04/06/2023;21:51:29;24.28;;;;1283;04/06/2023;21:54:18;24.24;;;;
1284;04/06/2023;21:50:47;24.27;;;;1284;04/06/2023;21:51:44;24.26;;;;1284;04/06/2023;21:54:33;24.24;;;;
1285;04/06/2023;21:51:02;24.24;;;;1285;04/06/2023;21:51:59;24.26;Synchronized;;;1285;04/06/2023;21:54:48;24.23;;;;
1286;04/06/2023;21:51:17;24.27;;;;1286;04/06/2023;21:52:14;24.27;;;;1286;04/06/2023;21:55:03;24.24;;;;
1287;04/06/2023;21:51:32;24.25;;;;1287;04/06/2023;21:52:29;24.27;;;;1287;04/06/2023;21:55:18;24.24;;;;
1288;04/06/2023;21:51:47;24.27;;;;1288;04/06/2023;21:52:44;24.25;Synchronized;;;1288;04/06/2023;21:55:33;24.24;;;;
1289;04/06/2023;21:52:02;24.26;;;;1289;04/06/2023;21:52:59;24.28;;;;1289;04/06/2023;21:55:48;24.24;;;;
1290;04/06/2023;21:52:17;24.27;;;;1290;04/06/2023;21:53:14;24.26;;;;1290;04/06/2023;21:56:03;24.26;;;;
1291;04/06/2023;21:52:32;24.26;;;;1291;04/06/2023;21:53:29;24.28;;;;1291;04/06/2023;21:56:18;24.24;;;;
1292;04/06/2023;21:52:47;24.27;;;;1292;04/06/2023;21:53:44;24.25;;;;1292;04/06/2023;21:56:33;24.24;;;;
1293;04/06/2023;21:53:02;24.27;;;;1293;04/06/2023;21:53:59;24.27;;;;1293;04/06/2023;21:56:48;24.23;;;;
1294;04/06/2023;21:53:17;24.24;;;;1294;04/06/2023;21:54:14;24.27;;;;1294;04/06/2023;21:57:03;24.24;;;;
1295;04/06/2023;21:53:32;24.25;;;;1295;04/06/2023;21:54:29;24.27;;;;1295;04/06/2023;21:57:18;24.23;;;;
1296;04/06/2023;21:53:47;24.23;;;;1296;04/06/2023;21:54:44;24.27;;;;1296;04/06/2023;21:57:33;24.27;;;;
1297;04/06/2023;21:54:02;24.24;;;;1297;04/06/2023;21:54:59;24.27;;;;1297;04/06/2023;21:57:48;24.23;;;;
1298;04/06/2023;21:54:17;24.27;;;;1298;04/06/2023;21:55:14;24.28;;;;1298;04/06/2023;21:58:03;24.26;;;;
1299;04/06/2023;21:54:32;24.25;;;;1299;04/06/2023;21:55:29;24.27;;;;1299;04/06/2023;21:58:18;24.26;;;;
1300;04/06/2023;21:54:47;24.25;;;;1300;04/06/2023;21:55:44;24.26;;;;1300;04/06/2023;21:58:33;24.26;;;;
1301;04/06/2023;21:55:02;24.27;;;;1301;04/06/2023;21:56:00;24.26;;;;1301;04/06/2023;21:58:48;24.26;;;;
1302;04/06/2023;21:55:17;24.25;;;;1302;04/06/2023;21:56:14;24.28;;;;1302;04/06/2023;21:59:03;24.26;;;;
1303;04/06/2023;21:55:32;24.26;;;;1303;04/06/2023;21:56:29;24.26;;;;1303;04/06/2023;21:59:18;24.23;;;;
1304;04/06/2023;21:55:47;24.27;;;;1304;04/06/2023;21:56:44;24.29;;;;1304;04/06/2023;21:59:33;24.23;;;;
1305;04/06/2023;21:56:02;24.24;;;;1305;04/06/2023;21:56:59;24.28;;;;1305;04/06/2023;21:59:48;24.22;;;;
1306;04/06/2023;21:56:17;24.26;;;;1306;04/06/2023;21:57:15;24.25;;;;1306;04/06/2023;22:00:03;24.23;;;;
1307;04/06/2023;21:56:32;24.24;;;;1307;04/06/2023;21:57:30;24.27;;;;1307;04/06/2023;22:00:18;24.23;;;;
1308;04/06/2023;21:56:48;24.23;;;;1308;04/06/2023;21:57:45;24.27;;;;1308;04/06/2023;22:00:33;;Missing data;;;
1309;04/06/2023;21:57:03;24.25;;;;1309;04/06/2023;21:58:00;24.26;;;;1309;04/06/2023;22:00:48;24.24;;;;
1310;04/06/2023;21:57:18;24.23;;;;1310;04/06/2023;21:58:15;24.26;;;;1310;04/06/2023;22:01:03;24.21;;;;
1311;04/06/2023;21:57:33;24.24;;;;1311;04/06/2023;21:58:29;24.27;;;;1311;04/06/2023;22:01:18;24.23;;;;
1312;04/06/2023;21:57:48;24.24;;;;1312;04/06/2023;21:58:44;24.24;;;;1312;04/06/2023;22:01:33;24.24;;;;
1313;04/06/2023;21:58:03;24.24;;;;1313;04/06/2023;21:58:59;24.26;;;;1313;04/06/2023;22:01:48;24.23;;;;
1314;04/06/2023;21:58:18;24.26;;;;1314;04/06/2023;21:59:14;24.26;;;;1314;04/06/2023;22:02:03;24.23;;;;
1315;04/06/2023;21:58:33;24.27;;;;1315;04/06/2023;21:59:29;24.25;;;;1315;04/06/2023;22:02:18;24.23;;;;
1316;04/06/2023;21:58:48;24.25;;;;1316;04/06/2023;21:59:44;24.28;Synchronized;;;1316;04/06/2023;22:02:33;24.23;;;;
1317;04/06/2023;21:59:03;24.26;;;;1317;04/06/2023;21:59:59;24.26;;;;1317;04/06/2023;22:02:48;24.24;;;;
1318;04/06/2023;21:59:18;24.24;;;;1318;04/06/2023;22:00:15;24.26;;;;1318;04/06/2023;22:03:03;24.23;;;;
1319;04/06/2023;21:59:33;24.26;;;;1319;04/06/2023;22:00:29;24.24;;;;1319;04/06/2023;22:03:18;24.24;;;;
1320;04/06/2023;21:59:48;24.25;;;;1320;04/06/2023;22:00:45;24.26;;;;1320;04/06/2023;22:03:33;24.22;;;;
1321;04/06/2023;22:00:03;24.26;Synchronized;;;1321;04/06/2023;22:01:00;24.25;;;;1321;04/06/2023;22:03:48;24.22;;;;
1322;04/06/2023;22:00:18;24.25;;;;1322;04/06/2023;22:01:15;24.25;;;;1322;04/06/2023;22:04:03;24.22;;;;
1323;04/06/2023;22:00:33;24.25;;;;1323;04/06/2023;22:01:30;24.25;;;;1323;04/06/2023;22:04:18;24.22;;;;
1324;04/06/2023;22:00:48;24.23;;;;1324;04/06/2023;22:01:45;24.25;;;;1324;04/06/2023;22:04:33;24.23;;;;
1325;04/06/2023;22:01:03;24.23;;;;1325;04/06/2023;22:02:00;24.26;;;;1325;04/06/2023;22:04:48;24.22;;;;
1326;04/06/2023;22:01:18;24.24;Synchronized;;;1326;04/06/2023;22:02:15;24.27;;;;1326;04/06/2023;22:05:03;24.23;;;;
1327;04/06/2023;22:01:33;24.25;;;;1327;04/06/2023;22:02:30;24.27;;;;1327;04/06/2023;22:05:18;24.24;;;;
1328;04/06/2023;22:01:48;24.25;;;;1328;04/06/2023;22:02:45;24.26;;;;1328;04/06/2023;22:05:33;24.24;;;;
1329;04/06/2023;22:02:03;24.24;;;;1329;04/06/2023;22:03:00;24.25;;;;1329;04/06/2023;22:05:48;;Missing data;;;
1330;04/06/2023;22:02:18;24.24;;;;1330;04/06/2023;22:03:15;24.26;;;;1330;04/06/2023;22:06:03;24.26;;;;
1331;04/06/2023;22:02:33;24.24;;;;1331;04/06/2023;22:03:30;24.25;;;;1331;04/06/2023;22:06:18;24.23;;;;
1332;04/06/2023;22:02:48;24.24;;;;1332;04/06/2023;22:03:45;24.25;;;;1332;04/06/2023;22:06:33;24.23;;;;
1333;04/06/2023;22:03:03;24.24;;;;1333;04/06/2023;22:04:00;24.25;;;;1333;04/06/2023;22:06:48;24.23;;;;
1334;04/06/2023;22:03:18;24.25;;;;1334;04/06/2023;22:04:15;24.27;;;;1334;04/06/2023;22:07:04;24.23;;;;
1335;04/06/2023;22:03:33;24.27;;;;1335;04/06/2023;22:04:30;24.28;;;;1335;04/06/2023;22:07:19;24.27;;;;
1336;04/06/2023;22:03:48;24.23;;;;1336;04/06/2023;22:04:45;24.25;;;;1336;04/06/2023;22:07:34;24.24;;;;
1337;04/06/2023;22:04:03;24.23;;;;1337;04/06/2023;22:05:00;24.25;;;;1337;04/06/2023;22:07:49;24.23;;;;
1338;04/06/2023;22:04:18;24.25;Synchronized;;;1338;04/06/2023;22:05:15;24.25;;;;1338;04/06/2023;22:08:04;24.23;;;;
1339;04/06/2023;22:04:33;24.24;;;;1339;04/06/2023;22:05:30;24.26;;;;1339;04/06/2023;22:08:19;;Missing data;;;
1340;04/06/2023;22:04:48;24.24;;;;1340;04/06/2023;22:05:45;24.27;;;;1340;04/06/2023;22:08:34;24.22;;;;
1341;04/06/2023;22:05:03;24.26;;;;1341;04/06/2023;22:06:00;24.25;;;;1341;04/06/2023;22:08:49;24.23;;;;
1342;04/06/2023;22:05:18;24.23;;;;1342;04/06/2023;22:06:15;24.25;;;;1342;04/06/2023;22:09:04;24.23;;;;
1343;04/06/2023;22:05:33;24.23;;;;1343;04/06/2023;22:06:30;24.26;;;;1343;04/06/2023;22:09:19;24.26;;;;
1344;04/06/2023;22:05:49;24.27;;;;1344;04/06/2023;22:06:45;24.25;;;;1344;04/06/2023;22:09:34;24.23;;;;
1345;04/06/2023;22:06:04;24.25;;;;1345;04/06/2023;22:07:00;24.25;;;;1345;04/06/2023;22:09:49;24.23;;;;
1346;04/06/2023;22:06:19;24.26;;;;1346;04/06/2023;22:07:15;24.25;;;;1346;04/06/2023;22:10:04;24.22;;;;
1347;04/06/2023;22:06:34;24.24;;;;1347;04/06/2023;22:07:30;24.26;;;;1347;04/06/2023;22:10:19;24.23;;;;
1348;04/06/2023;22:06:49;24.26;;;;1348;04/06/2023;22:07:45;24.26;;;;1348;04/06/2023;22:10:34;24.23;;;;
1349;04/06/2023;22:07:04;24.25;;;;1349;04/06/2023;22:08:00;24.24;;;;1349;04/06/2023;22:10:49;24.23;;;;
1350;04/06/2023;22:07:19;24.26;;;;1350;04/06/2023;22:08:15;24.27;;;;1350;04/06/2023;22:11:04;24.23;;;;
1351;04/06/2023;22:07:34;24.23;;;;1351;04/06/2023;22:08:30;24.26;;;;1351;04/06/2023;22:11:19;24.21;;;;
1352;04/06/2023;22:07:49;24.24;;;;1352;04/06/2023;22:08:45;24.25;;;;1352;04/06/2023;22:11:34;24.22;;;;
1353;04/06/2023;22:08:04;24.24;;;;1353;04/06/2023;22:09:00;24.27;;;;1353;04/06/2023;22:11:49;24.24;;;;
1354;04/06/2023;22:08:19;24.26;;;;1354;04/06/2023;22:09:15;24.25;;;;1354;04/06/2023;22:12:04;24.22;;;;
1355;04/06/2023;22:08:34;24.25;;;;1355;04/06/2023;22:09:30;24.26;;;;1355;04/06/2023;22:12:19;24.23;;;;
1356;04/06/2023;22:08:49;24.25;Synchronized;;;1356;04/06/2023;22:09:45;24.26;;;;1356;04/06/2023;22:12:34;24.23;;;;
1357;04/06/2023;22:09:04;24.25;;;;1357;04/06/2023;22:10:00;24.25;;;;1357;04/06/2023;22:12:49;24.23;;;;
1358;04/06/2023;22:09:19;24.23;;;;1358;04/06/2023;22:10:15;24.25;;;;1358;04/06/2023;22:13:04;24.22;;;;
1359;04/06/2023;22:09:34;24.23;;;;1359;04/06/2023;22:10:30;24.24;;;;1359;04/06/2023;22:13:19;24.22;;;;
1360;04/06/2023;22:09:49;24.24;;;;1360;04/06/2023;22:10:45;24.24;;;;1360;04/06/2023;22:13:34;24.22;;;;
1361;04/06/2023;22:10:04;24.23;;;;1361;04/06/2023;22:11:00;24.26;;;;1361;04/06/2023;22:13:49;24.22;;;;
1362;04/06/2023;22:10:19;24.25;;;;1362;04/06/2023;22:11:15;24.26;;;;1362;04/06/2023;22:14:04;24.23;;;;
1363;04/06/2023;22:10:34;24.23;;;;1363;04/06/2023;22:11:30;24.25;;;;1363;04/06/2023;22:14:19;;Missing data;;;
1364;04/06/2023;22:10:49;24.23;;;;1364;04/06/2023;22:11:45;24.25;;;;1364;04/06/2023;22:14:34;24.24;;;;
1365;04/06/2023;22:11:04;24.25;;;;1365;04/06/2023;22:12:00;24.25;;;;1365;04/06/2023;22:14:49;24.22;;;;
1366;04/06/2023;22:11:19;24.25;;;;1366;04/06/2023;22:12:14;24.26;;;;1366;04/06/2023;22:15:04;24.23;;;;
1367;04/06/2023;22:11:34;24.24;;;;1367;04/06/2023;22:12:30;24.25;;;;1367;04/06/2023;22:15:19;24.22;;;;
1368;04/06/2023;22:11:49;24.25;;;;1368;04/06/2023;22:12:44;24.24;;;;1368;04/06/2023;22:15:34;24.22;;;;
1369;04/06/2023;22:12:04;24.23;;;;1369;04/06/2023;22:12:59;24.26;;;;1369;04/06/2023;22:15:49;;Missing data;;;
1370;04/06/2023;22:12:19;24.25;;;;1370;04/06/2023;22:13:14;24.25;;;;1370;04/06/2023;22:16:04;24.23;;;;
1371;04/06/2023;22:12:34;24.23;;;;1371;04/06/2023;22:13:29;24.25;;;;1371;04/06/2023;22:16:19;24.23;;;;
1372;04/06/2023;22:12:49;24.24;;;;1372;04/06/2023;22:13:44;24.26;;;;1372;04/06/2023;22:16:34;24.24;;;;
1373;04/06/2023;22:13:04;24.23;;;;1373;04/06/2023;22:13:59;24.25;;;;1373;04/06/2023;22:16:49;24.23;;;;
1374;04/06/2023;22:13:19;24.24;;;;1374;04/06/2023;22:14:14;24.25;;;;1374;04/06/2023;22:17:04;24.22;;;;
1375;04/06/2023;22:13:34;24.24;;;;1375;04/06/2023;22:14:29;24.25;;;;1375;04/06/2023;22:17:19;24.23;;;;
1376;04/06/2023;22:13:49;24.24;;;;1376;04/06/2023;22:14:44;24.26;;;;1376;04/06/2023;22:17:34;24.22;;;;
1377;04/06/2023;22:14:04;24.23;;;;1377;04/06/2023;22:14:59;24.26;;;;1377;04/06/2023;22:17:49;24.23;;;;
1378;04/06/2023;22:14:19;24.24;;;;1378;04/06/2023;22:15:14;24.25;;;;1378;04/06/2023;22:18:04;24.21;;;;
1379;04/06/2023;22:14:35;24.23;;;;1379;04/06/2023;22:15:29;24.26;;;;1379;04/06/2023;22:18:19;24.23;;;;
1380;04/06/2023;22:14:50;24.24;;;;1380;04/06/2023;22:15:44;24.25;;;;1380;04/06/2023;22:18:34;24.21;;;;
1381;04/06/2023;22:15:05;24.23;;;;1381;04/06/2023;22:15:59;24.26;;;;1381;04/06/2023;22:18:49;24.21;;;;
1382;04/06/2023;22:15:20;24.24;;;;1382;04/06/2023;22:16:14;24.24;;;;1382;04/06/2023;22:19:04;24.21;;;;
1383;04/06/2023;22:15:35;24.24;;;;1383;04/06/2023;22:16:29;24.24;;;;1383;04/06/2023;22:19:19;24.2;;;;
1384;04/06/2023;22:15:50;24.23;;;;1384;04/06/2023;22:16:44;24.25;;;;1384;04/06/2023;22:19:34;24.23;;;;
1385;04/06/2023;22:16:05;24.23;;;;1385;04/06/2023;22:16:59;24.25;;;;1385;04/06/2023;22:19:49;24.23;;;;
1386;04/06/2023;22:16:20;24.23;;;;1386;04/06/2023;22:17:14;24.24;;;;1386;04/06/2023;22:20:04;24.23;;;;
1387;04/06/2023;22:16:35;24.23;;;;1387;04/06/2023;22:17:29;24.25;;;;1387;04/06/2023;22:20:19;24.22;;;;
1388;04/06/2023;22:16:50;24.24;;;;1388;04/06/2023;22:17:44;24.27;;;;1388;04/06/2023;22:20:34;24.23;;;;
1389;04/06/2023;22:17:05;24.23;;;;1389;04/06/2023;22:17:59;24.24;;;;1389;04/06/2023;22:20:49;24.22;;;;
1390;04/06/2023;22:17:20;24.24;;;;1390;04/06/2023;22:18:14;24.24;;;;1390;04/06/2023;22:21:04;24.22;;;;
1391;04/06/2023;22:17:35;24.24;;;;1391;04/06/2023;22:18:29;24.24;;;;1391;04/06/2023;22:21:19;24.22;;;;
1392;04/06/2023;22:17:50;24.24;;;;1392;04/06/2023;22:18:44;24.25;;;;1392;04/06/2023;22:21:34;24.22;;;;
1393;04/06/2023;22:18:05;24.23;;;;1393;04/06/2023;22:18:59;24.24;;;;1393;04/06/2023;22:21:49;24.2;;;;
1394;04/06/2023;22:18:20;24.23;;;;1394;04/06/2023;22:19:14;24.23;;;;1394;04/06/2023;22:22:04;24.22;;;;
1395;04/06/2023;22:18:35;24.25;;;;1395;04/06/2023;22:19:29;24.25;;;;1395;04/06/2023;22:22:19;24.21;;;;
1396;04/06/2023;22:18:50;24.25;;;;1396;04/06/2023;22:19:44;24.25;;;;1396;04/06/2023;22:22:34;24.22;;;;
1397;04/06/2023;22:19:05;24.23;;;;1397;04/06/2023;22:19:59;24.24;;;;1397;04/06/2023;22:22:49;24.21;;;;
1398;04/06/2023;22:19:20;24.24;;;;1398;04/06/2023;22:20:14;24.24;;;;1398;04/06/2023;22:23:04;24.21;;;;
1399;04/06/2023;22:19:35;24.23;;;;1399;04/06/2023;22:20:29;24.23;;;;1399;04/06/2023;22:23:19;24.23;;;;
1400;04/06/2023;22:19:50;24.23;;;;1400;04/06/2023;22:20:44;24.25;;;;1400;04/06/2023;22:23:34;24.23;;;;
1401;04/06/2023;22:20:05;24.23;;;;1401;04/06/2023;22:20:59;24.25;;;;1401;04/06/2023;22:23:49;24.21;;;;
1402;04/06/2023;22:20:20;24.22;;;;1402;04/06/2023;22:21:14;24.23;;;;1402;04/06/2023;22:24:04;24.21;;;;
1403;04/06/2023;22:20:35;24.23;;;;1403;04/06/2023;22:21:29;24.23;;;;1403;04/06/2023;22:24:19;24.22;;;;
1404;04/06/2023;22:20:50;24.22;;;;1404;04/06/2023;22:21:44;24.25;;;;1404;04/06/2023;22:24:34;24.23;;;;
1405;04/06/2023;22:21:05;24.23;;;;1405;04/06/2023;22:21:59;24.24;;;;1405;04/06/2023;22:24:49;24.22;;;;
1406;04/06/2023;22:21:20;24.23;;;;1406;04/06/2023;22:22:14;24.24;;;;1406;04/06/2023;22:25:04;;Missing data;;;
1407;04/06/2023;22:21:35;24.23;;;;1407;04/06/2023;22:22:29;24.22;;;;1407;04/06/2023;22:25:19;24.23;;;;
1408;04/06/2023;22:21:50;24.23;;;;1408;04/06/2023;22:22:44;24.25;;;;1408;04/06/2023;22:25:34;24.21;;;;
1409;04/06/2023;22:22:05;24.24;;;;1409;04/06/2023;22:22:59;24.24;;;;1409;04/06/2023;22:25:49;24.21;;;;
1410;04/06/2023;22:22:20;24.23;;;;1410;04/06/2023;22:23:14;24.23;;;;1410;04/06/2023;22:26:04;24.2;;;;
1411;04/06/2023;22:22:35;24.22;;;;1411;04/06/2023;22:23:29;24.25;;;;1411;04/06/2023;22:26:19;24.23;;;;
1412;04/06/2023;22:22:50;24.22;;;;1412;04/06/2023;22:23:44;24.23;;;;1412;04/06/2023;22:26:34;24.22;;;;
1413;04/06/2023;22:23:05;24.23;;;;1413;04/06/2023;22:23:59;24.23;;;;1413;04/06/2023;22:26:49;24.21;;;;
1414;04/06/2023;22:23:20;24.23;;;;1414;04/06/2023;22:24:14;24.25;;;;1414;04/06/2023;22:27:04;24.2;;;;
1415;04/06/2023;22:23:36;24.23;;;;1415;04/06/2023;22:24:29;24.26;;;;1415;04/06/2023;22:27:19;24.23;;;;
1416;04/06/2023;22:23:51;24.23;Synchronized;;;1416;04/06/2023;22:24:44;24.25;;;;1416;04/06/2023;22:27:34;24.22;;;;
1417;04/06/2023;22:24:06;24.23;;;;1417;04/06/2023;22:24:59;24.23;;;;1417;04/06/2023;22:27:49;24.22;;;;
1418;04/06/2023;22:24:21;24.23;;;;1418;04/06/2023;22:25:14;24.24;;;;1418;04/06/2023;22:28:04;24.22;;;;
1419;04/06/2023;22:24:36;24.23;;;;1419;04/06/2023;22:25:29;24.25;;;;1419;04/06/2023;22:28:19;24.21;;;;
1420;04/06/2023;22:24:51;24.22;;;;1420;04/06/2023;22:25:44;24.24;;;;1420;04/06/2023;22:28:34;24.23;;;;
1421;04/06/2023;22:25:06;24.23;;;;1421;04/06/2023;22:25:59;24.23;;;;1421;04/06/2023;22:28:49;24.22;;;;
1422;04/06/2023;22:25:21;24.23;;;;1422;04/06/2023;22:26:14;24.23;;;;1422;04/06/2023;22:29:04;24.2;;;;
1423;04/06/2023;22:25:36;24.23;;;;1423;04/06/2023;22:26:29;24.25;;;;1423;04/06/2023;22:29:19;24.21;;;;
1424;04/06/2023;22:25:51;24.23;;;;1424;04/06/2023;22:26:44;24.23;;;;1424;04/06/2023;22:29:34;24.22;;;;
1425;04/06/2023;22:26:06;24.21;;;;1425;04/06/2023;22:26:59;24.25;;;;1425;04/06/2023;22:29:49;24.2;;;;
1426;04/06/2023;22:26:21;24.23;;;;1426;04/06/2023;22:27:14;24.24;;;;1426;04/06/2023;22:30:04;24.23;;;;
1427;04/06/2023;22:26:36;24.22;;;;1427;04/06/2023;22:27:29;24.23;;;;1427;04/06/2023;22:30:19;24.22;;;;
1428;04/06/2023;22:26:51;24.25;;;;1428;04/06/2023;22:27:44;24.24;;;;1428;04/06/2023;22:30:34;24.22;;;;
1429;04/06/2023;22:27:06;24.23;;;;1429;04/06/2023;22:27:59;24.24;;;;1429;04/06/2023;22:30:49;24.22;;;;
1430;04/06/2023;22:27:21;24.24;;;;1430;04/06/2023;22:28:14;24.24;;;;1430;04/06/2023;22:31:04;24.23;;;;
1431;04/06/2023;22:27:36;24.23;;;;1431;04/06/2023;22:28:29;24.24;;;;1431;04/06/2023;22:31:19;24.19;;;;
1432;04/06/2023;22:27:51;24.23;;;;1432;04/06/2023;22:28:44;24.25;;;;1432;04/06/2023;22:31:34;24.19;;;;
1433;04/06/2023;22:28:06;24.22;;;;1433;04/06/2023;22:28:59;24.24;;;;1433;04/06/2023;22:31:49;24.22;;;;
1434;04/06/2023;22:28:21;24.21;;;;1434;04/06/2023;22:29:14;24.25;;;;1434;04/06/2023;22:32:04;24.2;;;;
1435;04/06/2023;22:28:36;24.22;;;;1435;04/06/2023;22:29:29;24.23;;;;1435;04/06/2023;22:32:19;24.2;;;;
1436;04/06/2023;22:28:51;24.21;;;;1436;04/06/2023;22:29:44;24.23;;;;1436;04/06/2023;22:32:34;24.21;;;;
1437;04/06/2023;22:29:06;24.23;;;;1437;04/06/2023;22:29:59;24.25;;;;1437;04/06/2023;22:32:49;24.2;;;;
1438;04/06/2023;22:29:21;24.23;;;;1438;04/06/2023;22:30:14;24.23;;;;1438;04/06/2023;22:33:04;24.2;;;;
1439;04/06/2023;22:29:36;24.26;;;;1439;04/06/2023;22:30:29;24.23;;;;1439;04/06/2023;22:33:19;24.21;;;;
1440;04/06/2023;22:29:51;24.23;;;;1440;04/06/2023;22:30:44;24.23;;;;1440;04/06/2023;22:33:34;24.23;;;;
1441;04/06/2023;22:30:06;24.23;;;;1441;04/06/2023;22:30:59;24.23;;;;1441;04/06/2023;22:33:49;24.21;;;;
1442;04/06/2023;22:30:21;24.21;;;;1442;04/06/2023;22:31:14;24.23;;;;1442;04/06/2023;22:34:04;24.22;;;;
1443;04/06/2023;22:30:36;24.23;;;;1443;04/06/2023;22:31:29;24.24;;;;1443;04/06/2023;22:34:19;24.21;;;;
1444;04/06/2023;22:30:51;24.24;;;;1444;04/06/2023;22:31:44;24.26;;;;1444;04/06/2023;22:34:34;24.2;;;;
1445;04/06/2023;22:31:06;24.23;;;;1445;04/06/2023;22:31:59;24.25;;;;1445;04/06/2023;22:34:49;24.21;;;;
1446;04/06/2023;22:31:21;24.23;;;;1446;04/06/2023;22:32:14;24.25;;;;1446;04/06/2023;22:35:04;;Missing data;;;
1447;04/06/2023;22:31:36;24.23;;;;1447;04/06/2023;22:32:29;24.24;;;;1447;04/06/2023;22:35:19;24.21;;;;
1448;04/06/2023;22:31:51;24.21;;;;1448;04/06/2023;22:32:44;24.23;;;;1448;04/06/2023;22:35:34;24.21;;;;
1449;04/06/2023;22:32:06;24.22;;;;1449;04/06/2023;22:32:59;24.23;;;;1449;04/06/2023;22:35:49;24.21;;;;
1450;04/06/2023;22:32:22;24.22;;;;1450;04/06/2023;22:33:14;24.23;;;;1450;04/06/2023;22:36:04;24.21;;;;
1451;04/06/2023;22:32:37;24.21;;;;1451;04/06/2023;22:33:29;24.23;;;;1451;04/06/2023;22:36:19;24.2;;;;
1452;04/06/2023;22:32:52;24.21;;;;1452;04/06/2023;22:33:44;24.22;;;;1452;04/06/2023;22:36:35;24.22;;;;
1453;04/06/2023;22:33:07;24.23;;;;1453;04/06/2023;22:33:59;24.25;;;;1453;04/06/2023;22:36:50;24.2;;;;
1454;04/06/2023;22:33:22;24.21;;;;1454;04/06/2023;22:34:14;24.23;;;;1454;04/06/2023;22:37:05;24.2;;;;
1455;04/06/2023;22:33:37;24.23;;;;1455;04/06/2023;22:34:29;24.23;;;;1455;04/06/2023;22:37:20;;Missing data;;;
1456;04/06/2023;22:33:52;24.23;;;;1456;04/06/2023;22:34:44;24.24;;;;1456;04/06/2023;22:37:35;24.21;;;;
1457;04/06/2023;22:34:07;24.23;;;;1457;04/06/2023;22:34:59;24.23;;;;1457;04/06/2023;22:37:50;24.22;;;;
1458;04/06/2023;22:34:22;24.23;;;;1458;04/06/2023;22:35:14;24.23;;;;1458;04/06/2023;22:38:05;24.19;;;;
1459;04/06/2023;22:34:37;24.23;;;;1459;04/06/2023;22:35:29;24.23;;;;1459;04/06/2023;22:38:20;24.2;;;;
1460;04/06/2023;22:34:52;24.23;;;;1460;04/06/2023;22:35:44;24.23;;;;1460;04/06/2023;22:38:35;24.2;;;;
1461;04/06/2023;22:35:07;24.23;;;;1461;04/06/2023;22:35:59;24.23;;;;1461;04/06/2023;22:38:50;24.22;;;;
1462;04/06/2023;22:35:22;24.22;;;;1462;04/06/2023;22:36:14;24.23;;;;1462;04/06/2023;22:39:05;24.2;;;;
1463;04/06/2023;22:35:37;24.22;;;;1463;04/06/2023;22:36:29;24.22;;;;1463;04/06/2023;22:39:20;24.21;;;;
1464;04/06/2023;22:35:52;24.23;;;;1464;04/06/2023;22:36:44;24.24;;;;1464;04/06/2023;22:39:35;24.21;;;;
1465;04/06/2023;22:36:07;24.21;;;;1465;04/06/2023;22:36:59;24.23;;;;1465;04/06/2023;22:39:50;24.21;;;;
1466;04/06/2023;22:36:22;24.23;;;;1466;04/06/2023;22:37:14;24.23;;;;1466;04/06/2023;22:40:05;24.2;;;;
1467;04/06/2023;22:36:37;24.21;;;;1467;04/06/2023;22:37:29;24.24;;;;1467;04/06/2023;22:40:20;24.21;;;;
1468;04/06/2023;22:36:52;24.21;;;;1468;04/06/2023;22:37:44;24.23;;;;1468;04/06/2023;22:40:35;24.21;;;;
1469;04/06/2023;22:37:07;24.24;;;;1469;04/06/2023;22:37:59;24.23;Synchronized;;;1469;04/06/2023;22:40:50;24.2;;;;
1470;04/06/2023;22:37:22;24.23;;;;1470;04/06/2023;22:38:14;24.21;;;;1470;04/06/2023;22:41:05;24.2;;;;
1471;04/06/2023;22:37:37;24.2;;;;1471;04/06/2023;22:38:29;24.23;;;;1471;04/06/2023;22:41:20;24.2;;;;
1472;04/06/2023;22:37:52;24.22;;;;1472;04/06/2023;22:38:44;24.23;;;;1472;04/06/2023;22:41:35;24.21;;;;
1473;04/06/2023;22:38:07;24.22;;;;1473;04/06/2023;22:38:59;24.23;;;;1473;04/06/2023;22:41:50;24.2;;;;
1474;04/06/2023;22:38:22;24.21;;;;1474;04/06/2023;22:39:14;24.24;;;;1474;04/06/2023;22:42:05;24.21;;;;
1475;04/06/2023;22:38:37;24.22;;;;1475;04/06/2023;22:39:29;24.23;;;;1475;04/06/2023;22:42:20;24.2;;;;
1476;04/06/2023;22:38:52;24.23;;;;1476;04/06/2023;22:39:44;24.23;;;;1476;04/06/2023;22:42:35;24.22;;;;
1477;04/06/2023;22:39:07;24.21;;;;1477;04/06/2023;22:39:59;24.23;;;;1477;04/06/2023;22:42:50;24.2;;;;
1478;04/06/2023;22:39:22;24.22;;;;1478;04/06/2023;22:40:14;24.23;;;;1478;04/06/2023;22:43:05;24.22;;;;
1479;04/06/2023;22:39:37;24.22;;;;1479;04/06/2023;22:40:29;24.22;;;;1479;04/06/2023;22:43:20;24.2;;;;
1480;04/06/2023;22:39:52;24.21;;;;1480;04/06/2023;22:40:44;24.23;;;;1480;04/06/2023;22:43:35;24.2;;;;
1481;04/06/2023;22:40:07;24.22;;;;1481;04/06/2023;22:40:59;24.23;;;;1481;04/06/2023;22:43:50;24.2;;;;
1482;04/06/2023;22:40:22;24.22;Synchronized;;;1482;04/06/2023;22:41:14;24.23;;;;1482;04/06/2023;22:44:05;24.2;;;;
1483;04/06/2023;22:40:37;24.22;;;;1483;04/06/2023;22:41:29;24.23;;;;1483;04/06/2023;22:44:20;24.19;;;;
1484;04/06/2023;22:40:52;24.21;;;;1484;04/06/2023;22:41:44;24.23;;;;1484;04/06/2023;22:44:35;24.18;;;;
1485;04/06/2023;22:41:07;24.22;;;;1485;04/06/2023;22:41:59;24.24;;;;1485;04/06/2023;22:44:50;24.2;;;;
1486;04/06/2023;22:41:22;24.21;;;;1486;04/06/2023;22:42:14;24.23;;;;1486;04/06/2023;22:45:05;24.2;;;;
1487;04/06/2023;22:41:37;24.2;;;;1487;04/06/2023;22:42:29;24.22;;;;1487;04/06/2023;22:45:20;24.18;;;;
1488;04/06/2023;22:41:52;24.21;;;;1488;04/06/2023;22:42:44;24.23;;;;1488;04/06/2023;22:45:35;24.17;;;;
1489;04/06/2023;22:42:07;24.22;;;;1489;04/06/2023;22:42:59;24.22;;;;1489;04/06/2023;22:45:50;24.18;;;;
1490;04/06/2023;22:42:22;24.22;;;;1490;04/06/2023;22:43:14;24.21;;;;1490;04/06/2023;22:46:05;24.2;;;;
1491;04/06/2023;22:42:37;24.22;;;;1491;04/06/2023;22:43:29;24.22;;;;1491;04/06/2023;22:46:20;24.2;;;;
1492;04/06/2023;22:42:52;24.23;;;;1492;04/06/2023;22:43:44;24.22;;;;1492;04/06/2023;22:46:35;24.17;;;;
1493;04/06/2023;22:43:08;24.2;;;;1493;04/06/2023;22:43:59;24.23;;;;1493;04/06/2023;22:46:50;24.19;;;;
1494;04/06/2023;22:43:23;24.24;;;;1494;04/06/2023;22:44:14;24.21;;;;1494;04/06/2023;22:47:05;24.19;;;;
1495;04/06/2023;22:43:38;24.21;;;;1495;04/06/2023;22:44:29;24.23;;;;1495;04/06/2023;22:47:20;;Missing data;;;
1496;04/06/2023;22:43:53;24.23;;;;1496;04/06/2023;22:44:44;24.23;;;;1496;04/06/2023;22:47:35;24.2;;;;
1497;04/06/2023;22:44:08;24.22;;;;1497;04/06/2023;22:44:59;24.21;;;;1497;04/06/2023;22:47:50;24.17;;;;
1498;04/06/2023;22:44:23;24.2;;;;1498;04/06/2023;22:45:14;24.23;;;;1498;04/06/2023;22:48:05;24.21;;;;
1499;04/06/2023;22:44:38;24.21;;;;1499;04/06/2023;22:45:29;24.21;;;;1499;04/06/2023;22:48:20;24.2;;;;
1500;04/06/2023;22:44:53;24.23;;;;1500;04/06/2023;22:45:44;24.23;;;;1500;04/06/2023;22:48:35;24.19;;;;
1501;04/06/2023;22:45:08;24.21;;;;1501;04/06/2023;22:45:59;24.23;;;;1501;04/06/2023;22:48:50;24.2;;;;
1502;04/06/2023;22:45:23;24.21;;;;1502;04/06/2023;22:46:14;24.22;;;;1502;04/06/2023;22:49:05;24.19;;;;
1503;04/06/2023;22:45:38;24.22;;;;1503;04/06/2023;22:46:29;24.2;;;;1503;04/06/2023;22:49:20;24.2;;;;
1504;04/06/2023;22:45:53;24.2;;;;1504;04/06/2023;22:46:44;24.22;;;;1504;04/06/2023;22:49:35;24.18;;;;
1505;04/06/2023;22:46:08;24.22;;;;1505;04/06/2023;22:46:59;24.21;;;;1505;04/06/2023;22:49:50;24.2;;;;
1506;04/06/2023;22:46:23;24.21;;;;1506;04/06/2023;22:47:14;24.22;;;;1506;04/06/2023;22:50:05;24.16;;;;
1507;04/06/2023;22:46:38;24.21;;;;1507;04/06/2023;22:47:29;24.22;;;;1507;04/06/2023;22:50:20;24.19;;;;
1508;04/06/2023;22:46:53;24.21;;;;1508;04/06/2023;22:47:43;24.22;;;;1508;04/06/2023;22:50:35;24.2;;;;
1509;04/06/2023;22:47:08;24.21;;;;1509;04/06/2023;22:47:58;24.22;;;;1509;04/06/2023;22:50:50;24.19;;;;
1510;04/06/2023;22:47:23;24.21;;;;1510;04/06/2023;22:48:13;24.22;;;;1510;04/06/2023;22:51:05;24.18;;;;
1511;04/06/2023;22:47:38;24.21;;;;1511;04/06/2023;22:48:28;24.23;;;;1511;04/06/2023;22:51:20;24.18;;;;
1512;04/06/2023;22:47:53;24.21;;;;1512;04/06/2023;22:48:43;24.23;;;;1512;04/06/2023;22:51:35;24.18;;;;
1513;04/06/2023;22:48:08;24.2;;;;1513;04/06/2023;22:48:58;24.21;;;;1513;04/06/2023;22:51:50;24.18;;;;
1514;04/06/2023;22:48:23;24.2;;;;1514;04/06/2023;22:49:13;24.2;;;;1514;04/06/2023;22:52:05;24.19;;;;
1515;04/06/2023;22:48:38;24.22;;;;1515;04/06/2023;22:49:28;24.23;;;;1515;04/06/2023;22:52:20;24.2;;;;
1516;04/06/2023;22:48:53;24.21;;;;1516;04/06/2023;22:49:43;24.22;;;;1516;04/06/2023;22:52:35;24.19;;;;
1517;04/06/2023;22:49:08;24.2;;;;1517;04/06/2023;22:49:58;24.22;;;;1517;04/06/2023;22:52:50;24.18;;;;
1518;04/06/2023;22:49:23;24.21;;;;1518;04/06/2023;22:50:13;24.21;;;;1518;04/06/2023;22:53:05;24.18;;;;
1519;04/06/2023;22:49:38;24.21;;;;1519;04/06/2023;22:50:28;24.21;;;;1519;04/06/2023;22:53:20;24.19;;;;
1520;04/06/2023;22:49:53;24.2;;;;1520;04/06/2023;22:50:43;24.22;;;;1520;04/06/2023;22:53:35;24.19;;;;
1521;04/06/2023;22:50:08;24.2;;;;1521;04/06/2023;22:50:58;24.21;;;;1521;04/06/2023;22:53:50;24.2;;;;
1522;04/06/2023;22:50:23;24.22;;;;1522;04/06/2023;22:51:13;24.21;;;;1522;04/06/2023;22:54:05;24.18;;;;
1523;04/06/2023;22:50:38;24.21;;;;1523;04/06/2023;22:51:28;24.23;;;;1523;04/06/2023;22:54:20;24.2;;;;
1524;04/06/2023;22:50:53;24.21;;;;1524;04/06/2023;22:51:43;24.22;;;;1524;04/06/2023;22:54:35;24.17;;;;
1525;04/06/2023;22:51:08;24.2;;;;1525;04/06/2023;22:51:58;24.21;;;;1525;04/06/2023;22:54:50;24.17;;;;
1526;04/06/2023;22:51:23;24.21;;;;1526;04/06/2023;22:52:13;24.21;;;;1526;04/06/2023;22:55:05;24.18;;;;
1527;04/06/2023;22:51:38;24.2;;;;1527;04/06/2023;22:52:28;24.21;;;;1527;04/06/2023;22:55:20;24.17;;;;
1528;04/06/2023;22:51:53;24.2;;;;1528;04/06/2023;22:52:43;24.22;;;;1528;04/06/2023;22:55:35;24.17;;;;
1529;04/06/2023;22:52:08;24.21;;;;1529;04/06/2023;22:52:58;24.2;;;;1529;04/06/2023;22:55:50;24.19;;;;
1530;04/06/2023;22:52:23;24.19;;;;1530;04/06/2023;22:53:13;24.23;;;;1530;04/06/2023;22:56:05;24.17;;;;
1531;04/06/2023;22:52:39;24.21;;;;1531;04/06/2023;22:53:28;24.21;;;;1531;04/06/2023;22:56:20;24.18;;;;
1532;04/06/2023;22:52:54;24.2;;;;1532;04/06/2023;22:53:43;24.21;;;;1532;04/06/2023;22:56:35;24.19;;;;
1533;04/06/2023;22:53:09;24.22;;;;1533;04/06/2023;22:53:58;24.22;;;;1533;04/06/2023;22:56:50;24.18;;;;
1534;04/06/2023;22:53:24;24.21;;;;1534;04/06/2023;22:54:13;24.22;;;;1534;04/06/2023;22:57:06;24.2;;;;
1535;04/06/2023;22:53:39;24.2;;;;1535;04/06/2023;22:54:28;24.21;;;;1535;04/06/2023;22:57:21;24.2;;;;
1536;04/06/2023;22:53:54;24.2;;;;1536;04/06/2023;22:54:43;24.2;;;;1536;04/06/2023;22:57:36;24.2;;;;
1537;04/06/2023;22:54:09;24.2;;;;1537;04/06/2023;22:54:58;24.23;;;;1537;04/06/2023;22:57:51;24.2;;;;
1538;04/06/2023;22:54:24;24.2;;;;1538;04/06/2023;22:55:13;24.23;;;;1538;04/06/2023;22:58:06;24.19;;;;
1539;04/06/2023;22:54:39;24.21;;;;1539;04/06/2023;22:55:28;24.2;;;;1539;04/06/2023;22:58:21;24.2;;;;
1540;04/06/2023;22:54:54;24.2;;;;1540;04/06/2023;22:55:43;24.21;;;;1540;04/06/2023;22:58:36;24.18;;;;
1541;04/06/2023;22:55:09;24.21;;;;1541;04/06/2023;22:55:58;24.21;;;;1541;04/06/2023;22:58:51;24.18;;;;
1542;04/06/2023;22:55:24;24.2;;;;1542;04/06/2023;22:56:13;24.21;;;;1542;04/06/2023;22:59:06;24.18;;;;
1543;04/06/2023;22:55:39;24.22;;;;1543;04/06/2023;22:56:28;24.19;;;;1543;04/06/2023;22:59:21;24.18;;;;
1544;04/06/2023;22:55:54;24.2;;;;1544;04/06/2023;22:56:43;24.23;;;;1544;04/06/2023;22:59:36;24.18;;;;
1545;04/06/2023;22:56:09;24.19;;;;1545;04/06/2023;22:56:58;24.22;;;;1545;04/06/2023;22:59:51;24.16;;;;
1546;04/06/2023;22:56:24;24.2;;;;1546;04/06/2023;22:57:13;24.21;;;;1546;04/06/2023;23:00:06;24.2;;;;
1547;04/06/2023;22:56:39;24.21;;;;1547;04/06/2023;22:57:28;24.22;;;;1547;04/06/2023;23:00:21;24.18;;;;
1548;04/06/2023;22:56:54;24.2;;;;1548;04/06/2023;22:57:43;24.21;;;;1548;04/06/2023;23:00:36;24.18;;;;
1549;04/06/2023;22:57:09;24.2;;;;1549;04/06/2023;22:57:58;24.22;;;;1549;04/06/2023;23:00:51;24.18;;;;
1550;04/06/2023;22:57:24;24.21;;;;1550;04/06/2023;22:58:13;24.22;;;;1550;04/06/2023;23:01:06;24.18;;;;
1551;04/06/2023;22:57:39;24.2;;;;1551;04/06/2023;22:58:28;24.21;;;;1551;04/06/2023;23:01:21;24.18;;;;
1552;04/06/2023;22:57:54;24.21;;;;1552;04/06/2023;22:58:43;24.21;;;;1552;04/06/2023;23:01:36;24.17;;;;
1553;04/06/2023;22:58:09;24.2;;;;1553;04/06/2023;22:58:58;24.22;;;;1553;04/06/2023;23:01:51;24.17;;;;
1554;04/06/2023;22:58:24;24.2;;;;1554;04/06/2023;22:59:13;24.23;;;;1554;04/06/2023;23:02:06;24.19;;;;
1555;04/06/2023;22:58:39;24.2;;;;1555;04/06/2023;22:59:28;24.2;;;;1555;04/06/2023;23:02:21;24.18;;;;
1556;04/06/2023;22:58:54;24.2;;;;1556;04/06/2023;22:59:43;24.22;;;;1556;04/06/2023;23:02:36;24.2;;;;
1557;04/06/2023;22:59:09;24.22;;;;1557;04/06/2023;22:59:58;24.23;;;;1557;04/06/2023;23:02:51;24.16;;;;
1558;04/06/2023;22:59:24;24.2;;;;1558;04/06/2023;23:00:13;24.23;;;;1558;04/06/2023;23:03:06;24.17;;;;
1559;04/06/2023;22:59:39;24.2;;;;1559;04/06/2023;23:00:28;24.22;;;;1559;04/06/2023;23:03:21;24.18;;;;
1560;04/06/2023;22:59:54;24.2;;;;1560;04/06/2023;23:00:43;24.21;;;;1560;04/06/2023;23:03:36;24.18;;;;
1561;04/06/2023;23:00:09;24.21;;;;1561;04/06/2023;23:00:58;24.2;;;;1561;04/06/2023;23:03:51;24.18;;;;
1562;04/06/2023;23:00:24;24.18;;;;1562;04/06/2023;23:01:13;24.21;;;;1562;04/06/2023;23:04:06;24.19;;;;
1563;04/06/2023;23:00:39;24.2;;;;1563;04/06/2023;23:01:28;24.23;;;;1563;04/06/2023;23:04:21;24.18;;;;
1564;04/06/2023;23:00:55;24.19;;;;1564;04/06/2023;23:01:43;24.22;;;;1564;04/06/2023;23:04:36;;Missing data;;;
1565;04/06/2023;23:01:10;24.2;;;;1565;04/06/2023;23:01:58;24.2;;;;1565;04/06/2023;23:04:51;24.19;;;;
1566;04/06/2023;23:01:25;24.2;;;;1566;04/06/2023;23:02:13;24.2;;;;1566;04/06/2023;23:05:06;24.17;;;;
1567;04/06/2023;23:01:40;24.2;;;;1567;04/06/2023;23:02:28;24.21;;;;1567;04/06/2023;23:05:21;24.18;;;;
1568;04/06/2023;23:01:55;24.2;;;;1568;04/06/2023;23:02:43;24.2;;;;1568;04/06/2023;23:05:36;24.19;;;;
1569;04/06/2023;23:02:10;24.2;;;;1569;04/06/2023;23:02:58;24.21;;;;1569;04/06/2023;23:05:51;24.16;;;;
1570;04/06/2023;23:02:25;24.2;;;;1570;04/06/2023;23:03:13;24.21;;;;1570;04/06/2023;23:06:06;24.16;;;;
1571;04/06/2023;23:02:40;24.2;;;;1571;04/06/2023;23:03:28;24.2;;;;1571;04/06/2023;23:06:21;24.17;;;;
1572;04/06/2023;23:02:55;24.2;;;;1572;04/06/2023;23:03:43;24.21;;;;1572;04/06/2023;23:06:36;24.18;;;;
1573;04/06/2023;23:03:10;24.2;;;;1573;04/06/2023;23:03:58;24.21;;;;1573;04/06/2023;23:06:51;24.16;;;;
1574;04/06/2023;23:03:25;24.18;;;;1574;04/06/2023;23:04:13;24.21;;;;1574;04/06/2023;23:07:06;24.15;;;;
1575;04/06/2023;23:03:40;24.19;;;;1575;04/06/2023;23:04:28;24.2;;;;1575;04/06/2023;23:07:21;24.18;;;;
1576;04/06/2023;23:03:55;24.2;;;;1576;04/06/2023;23:04:43;24.2;;;;1576;04/06/2023;23:07:36;24.17;;;;
1577;04/06/2023;23:04:10;24.19;;;;1577;04/06/2023;23:04:58;24.2;Synchronized;;;1577;04/06/2023;23:07:51;24.17;;;;
1578;04/06/2023;23:04:25;24.2;;;;1578;04/06/2023;23:05:13;24.21;;;;1578;04/06/2023;23:08:06;24.18;;;;
1579;04/06/2023;23:04:40;24.2;;;;1579;04/06/2023;23:05:28;24.21;;;;1579;04/06/2023;23:08:21;24.18;;;;
1580;04/06/2023;23:04:55;24.2;;;;1580;04/06/2023;23:05:43;24.19;;;;1580;04/06/2023;23:08:36;24.16;;;;
1581;04/06/2023;23:05:10;24.19;;;;1581;04/06/2023;23:05:58;24.21;;;;1581;04/06/2023;23:08:51;24.16;;;;
1582;04/06/2023;23:05:25;24.18;;;;1582;04/06/2023;23:06:13;24.23;;;;1582;04/06/2023;23:09:06;24.18;;;;
1583;04/06/2023;23:05:40;24.2;;;;1583;04/06/2023;23:06:28;24.21;;;;1583;04/06/2023;23:09:21;24.18;;;;
1584;04/06/2023;23:05:55;24.18;;;;1584;04/06/2023;23:06:43;24.21;;;;1584;04/06/2023;23:09:36;24.16;;;;
1585;04/06/2023;23:06:10;24.19;;;;1585;04/06/2023;23:06:58;24.22;;;;1585;04/06/2023;23:09:51;24.17;;;;
1586;04/06/2023;23:06:25;24.19;;;;1586;04/06/2023;23:07:13;24.2;;;;1586;04/06/2023;23:10:06;24.17;;;;
1587;04/06/2023;23:06:40;24.2;;;;1587;04/06/2023;23:07:28;24.21;;;;1587;04/06/2023;23:10:21;24.16;;;;
1588;04/06/2023;23:06:55;24.19;;;;1588;04/06/2023;23:07:43;24.21;;;;1588;04/06/2023;23:10:36;24.17;;;;
1589;04/06/2023;23:07:10;24.18;;;;1589;04/06/2023;23:07:58;24.2;;;;1589;04/06/2023;23:10:51;24.16;;;;
1590;04/06/2023;23:07:25;24.2;;;;1590;04/06/2023;23:08:13;24.2;;;;1590;04/06/2023;23:11:06;;Missing data;;;
1591;04/06/2023;23:07:40;24.19;;;;1591;04/06/2023;23:08:28;24.21;;;;1591;04/06/2023;23:11:21;24.16;;;;
1592;04/06/2023;23:07:55;24.18;;;;1592;04/06/2023;23:08:43;24.22;;;;1592;04/06/2023;23:11:36;24.16;;;;
1593;04/06/2023;23:08:10;24.19;;;;1593;04/06/2023;23:08:58;24.22;;;;1593;04/06/2023;23:11:52;24.17;;;;
1594;04/06/2023;23:08:25;24.2;;;;1594;04/06/2023;23:09:13;24.21;;;;1594;04/06/2023;23:12:07;24.17;;;;
1595;04/06/2023;23:08:40;24.2;;;;1595;04/06/2023;23:09:28;24.21;;;;1595;04/06/2023;23:12:22;24.16;;;;
1596;04/06/2023;23:08:55;24.19;;;;1596;04/06/2023;23:09:43;24.21;;;;1596;04/06/2023;23:12:37;24.15;;;;
1597;04/06/2023;23:09:10;24.2;;;;1597;04/06/2023;23:09:58;24.2;;;;1597;04/06/2023;23:12:52;24.13;;;;
1598;04/06/2023;23:09:25;24.2;;;;1598;04/06/2023;23:10:13;24.2;;;;1598;04/06/2023;23:13:07;24.17;;;;
1599;04/06/2023;23:09:40;24.19;;;;1599;04/06/2023;23:10:28;24.19;;;;1599;04/06/2023;23:13:22;24.16;;;;
1600;04/06/2023;23:09:55;24.18;;;;1600;04/06/2023;23:10:43;24.2;;;;1600;04/06/2023;23:13:37;24.17;;;;
1601;04/06/2023;23:10:10;24.21;;;;1601;04/06/2023;23:10:58;24.2;;;;1601;04/06/2023;23:13:52;24.15;;;;
1602;04/06/2023;23:10:25;24.2;;;;1602;04/06/2023;23:11:13;24.19;;;;1602;04/06/2023;23:14:07;24.16;;;;
1603;04/06/2023;23:10:40;24.2;;;;1603;04/06/2023;23:11:28;24.2;;;;1603;04/06/2023;23:14:22;24.17;;;;
1604;04/06/2023;23:10:56;24.19;;;;1604;04/06/2023;23:11:43;24.19;;;;1604;04/06/2023;23:14:37;24.16;;;;
1605;04/06/2023;23:11:11;24.19;;;;1605;04/06/2023;23:11:58;24.2;;;;1605;04/06/2023;23:14:52;24.17;;;;
1606;04/06/2023;23:11:26;24.19;;;;1606;04/06/2023;23:12:13;24.21;;;;1606;04/06/2023;23:15:07;24.16;;;;
1607;04/06/2023;23:11:41;24.19;;;;1607;04/06/2023;23:12:28;24.19;;;;1607;04/06/2023;23:15:22;24.16;;;;
1608;04/06/2023;23:11:56;24.19;;;;1608;04/06/2023;23:12:43;24.2;;;;1608;04/06/2023;23:15:37;24.16;;;;
1609;04/06/2023;23:12:11;24.16;;;;1609;04/06/2023;23:12:58;24.2;;;;1609;04/06/2023;23:15:52;24.16;;;;
1610;04/06/2023;23:12:26;24.18;;;;1610;04/06/2023;23:13:13;24.2;;;;1610;04/06/2023;23:16:07;24.16;;;;
1611;04/06/2023;23:12:41;24.16;;;;1611;04/06/2023;23:13:28;24.19;;;;1611;04/06/2023;23:16:22;24.16;;;;
1612;04/06/2023;23:12:56;24.18;;;;1612;04/06/2023;23:13:43;24.19;;;;1612;04/06/2023;23:16:37;24.16;;;;
1613;04/06/2023;23:13:11;24.19;;;;1613;04/06/2023;23:13:58;24.21;;;;1613;04/06/2023;23:16:52;24.16;;;;
1614;04/06/2023;23:13:26;24.16;;;;1614;04/06/2023;23:14:13;24.2;;;;1614;04/06/2023;23:17:07;24.16;;;;
1615;04/06/2023;23:13:41;24.18;;;;1615;04/06/2023;23:14:28;24.18;;;;1615;04/06/2023;23:17:22;24.16;;;;
1616;04/06/2023;23:13:56;24.19;;;;1616;04/06/2023;23:14:43;24.2;;;;1616;04/06/2023;23:17:37;24.17;;;;
1617;04/06/2023;23:14:11;24.18;;;;1617;04/06/2023;23:14:58;24.19;;;;1617;04/06/2023;23:17:52;24.16;;;;
1618;04/06/2023;23:14:26;24.19;;;;1618;04/06/2023;23:15:13;24.2;;;;1618;04/06/2023;23:18:07;24.13;;;;
1619;04/06/2023;23:14:41;24.19;;;;1619;04/06/2023;23:15:28;24.18;;;;1619;04/06/2023;23:18:22;24.16;;;;
1620;04/06/2023;23:14:56;24.18;;;;1620;04/06/2023;23:15:43;24.2;;;;1620;04/06/2023;23:18:37;24.16;;;;
1621;04/06/2023;23:15:11;24.2;;;;1621;04/06/2023;23:15:58;24.2;;;;1621;04/06/2023;23:18:52;24.14;;;;
1622;04/06/2023;23:15:26;24.19;;;;1622;04/06/2023;23:16:13;24.19;;;;1622;04/06/2023;23:19:07;24.15;;;;
1623;04/06/2023;23:15:41;24.19;;;;1623;04/06/2023;23:16:28;24.2;;;;1623;04/06/2023;23:19:22;24.15;;;;
1624;04/06/2023;23:15:56;24.19;;;;1624;04/06/2023;23:16:43;24.19;;;;1624;04/06/2023;23:19:37;24.14;;;;
1625;04/06/2023;23:16:11;24.16;;;;1625;04/06/2023;23:16:58;24.2;;;;1625;04/06/2023;23:19:52;24.14;;;;
1626;04/06/2023;23:16:26;24.18;;;;1626;04/06/2023;23:17:13;24.18;;;;1626;04/06/2023;23:20:07;24.15;;;;
1627;04/06/2023;23:16:41;24.19;;;;1627;04/06/2023;23:17:28;24.2;;;;1627;04/06/2023;23:20:22;24.15;;;;
1628;04/06/2023;23:16:56;24.18;;;;1628;04/06/2023;23:17:43;24.19;;;;1628;04/06/2023;23:20:37;24.14;;;;
1629;04/06/2023;23:17:11;24.18;;;;1629;04/06/2023;23:17:58;24.19;;;;1629;04/06/2023;23:20:52;24.14;;;;
1630;04/06/2023;23:17:26;24.16;;;;1630;04/06/2023;23:18:13;24.18;;;;1630;04/06/2023;23:21:07;24.15;;;;
1631;04/06/2023;23:17:41;24.18;;;;1631;04/06/2023;23:18:28;24.2;;;;1631;04/06/2023;23:21:22;24.16;;;;
1632;04/06/2023;23:17:56;24.18;;;;1632;04/06/2023;23:18:43;24.21;;;;1632;04/06/2023;23:21:37;24.17;;;;
1633;04/06/2023;23:18:11;24.16;;;;1633;04/06/2023;23:18:58;24.2;;;;1633;04/06/2023;23:21:52;24.15;;;;
1634;04/06/2023;23:18:26;24.16;;;;1634;04/06/2023;23:19:13;24.18;Synchronized;;;1634;04/06/2023;23:22:07;24.16;;;;
1635;04/06/2023;23:18:41;24.19;;;;1635;04/06/2023;23:19:28;24.18;;;;1635;04/06/2023;23:22:22;24.16;;;;
1636;04/06/2023;23:18:56;24.16;;;;1636;04/06/2023;23:19:43;24.19;;;;1636;04/06/2023;23:22:37;24.13;;;;
1637;04/06/2023;23:19:11;24.16;;;;1637;04/06/2023;23:19:58;24.18;;;;1637;04/06/2023;23:22:52;24.13;;;;
1638;04/06/2023;23:19:27;24.18;;;;1638;04/06/2023;23:20:13;24.18;;;;1638;04/06/2023;23:23:07;24.16;;;;
1639;04/06/2023;23:19:42;24.19;;;;1639;04/06/2023;23:20:28;24.19;;;;1639;04/06/2023;23:23:22;24.15;;;;
1640;04/06/2023;23:19:57;24.16;;;;1640;04/06/2023;23:20:43;24.19;;;;1640;04/06/2023;23:23:37;24.16;;;;
1641;04/06/2023;23:20:12;24.16;;;;1641;04/06/2023;23:20:58;24.17;;;;1641;04/06/2023;23:23:52;24.15;;;;
1642;04/06/2023;23:20:27;24.18;;;;1642;04/06/2023;23:21:13;24.17;;;;1642;04/06/2023;23:24:07;24.14;;;;
1643;04/06/2023;23:20:42;24.19;;;;1643;04/06/2023;23:21:28;24.17;;;;1643;04/06/2023;23:24:22;24.13;;;;
1644;04/06/2023;23:20:57;24.18;;;;1644;04/06/2023;23:21:43;24.19;;;;1644;04/06/2023;23:24:37;24.14;;;;
1645;04/06/2023;23:21:12;24.16;;;;1645;04/06/2023;23:21:58;24.18;Synchronized;;;1645;04/06/2023;23:24:52;24.16;;;;
1646;04/06/2023;23:21:27;24.16;;;;1646;04/06/2023;23:22:13;24.2;;;;1646;04/06/2023;23:25:07;24.15;;;;
1647;04/06/2023;23:21:42;24.18;;;;1647;04/06/2023;23:22:28;24.19;;;;1647;04/06/2023;23:25:22;24.13;;;;
1648;04/06/2023;23:21:57;24.16;;;;1648;04/06/2023;23:22:43;24.2;;;;1648;04/06/2023;23:25:37;24.15;;;;
1649;04/06/2023;23:22:12;24.2;;;;1649;04/06/2023;23:22:58;24.18;;;;1649;04/06/2023;23:25:52;24.16;;;;
1650;04/06/2023;23:22:27;24.19;;;;1650;04/06/2023;23:23:13;24.17;;;;1650;04/06/2023;23:26:07;24.13;;;;
1651;04/06/2023;23:22:42;24.18;Synchronized;;;1651;04/06/2023;23:23:28;24.19;;;;1651;04/06/2023;23:26:22;24.15;;;;
1652;04/06/2023;23:22:57;24.19;;;;1652;04/06/2023;23:23:43;24.19;;;;1652;04/06/2023;23:26:37;24.14;;;;
1653;04/06/2023;23:23:12;24.19;;;;1653;04/06/2023;23:23:58;24.17;;;;1653;04/06/2023;23:26:51;24.13;;;;
1654;04/06/2023;23:23:27;24.15;;;;1654;04/06/2023;23:24:13;24.17;;;;1654;04/06/2023;23:27:06;24.15;;;;
1655;04/06/2023;23:23:42;24.16;;;;1655;04/06/2023;23:24:28;24.18;;;;1655;04/06/2023;23:27:22;24.14;;;;
1656;04/06/2023;23:23:57;24.16;;;;1656;04/06/2023;23:24:43;24.17;;;;1656;04/06/2023;23:27:37;24.14;;;;
1657;04/06/2023;23:24:12;24.16;;;;1657;04/06/2023;23:24:58;24.2;;;;1657;04/06/2023;23:27:52;24.14;;;;
1658;04/06/2023;23:24:27;24.16;;;;1658;04/06/2023;23:25:13;24.18;;;;1658;04/06/2023;23:28:07;24.15;;;;
1659;04/06/2023;23:24:42;24.15;;;;1659;04/06/2023;23:25:28;24.2;;;;1659;04/06/2023;23:28:22;24.13;;;;
1660;04/06/2023;23:24:57;24.18;;;;1660;04/06/2023;23:25:43;24.18;;;;1660;04/06/2023;23:28:37;24.13;;;;
1661;04/06/2023;23:25:12;24.16;;;;1661;04/06/2023;23:25:58;24.19;;;;1661;04/06/2023;23:28:52;24.14;;;;
1662;04/06/2023;23:25:27;24.18;;;;1662;04/06/2023;23:26:13;24.16;;;;1662;04/06/2023;23:29:07;24.14;;;;
1663;04/06/2023;23:25:42;24.16;;;;1663;04/06/2023;23:26:28;24.2;;;;1663;04/06/2023;23:29:22;24.15;;;;
1664;04/06/2023;23:25:57;24.16;;;;1664;04/06/2023;23:26:43;24.16;;;;1664;04/06/2023;23:29:37;24.14;;;;
1665;04/06/2023;23:26:12;24.16;;;;1665;04/06/2023;23:26:58;24.14;;;;1665;04/06/2023;23:29:52;24.16;;;;
1666;04/06/2023;23:26:27;24.16;;;;1666;04/06/2023;23:27:13;24.16;;;;1666;04/06/2023;23:30:07;24.14;;;;
1667;04/06/2023;23:26:42;24.16;;;;1667;04/06/2023;23:27:28;24.17;;;;1667;04/06/2023;23:30:22;24.14;;;;
1668;04/06/2023;23:26:57;24.16;;;;1668;04/06/2023;23:27:43;24.16;;;;1668;04/06/2023;23:30:37;24.12;;;;
1669;04/06/2023;23:27:12;24.16;;;;1669;04/06/2023;23:27:58;24.18;;;;1669;04/06/2023;23:30:52;24.15;;;;
1670;04/06/2023;23:27:27;24.16;;;;1670;04/06/2023;23:28:13;24.17;;;;1670;04/06/2023;23:31:07;24.14;;;;
1671;04/06/2023;23:27:42;24.16;;;;1671;04/06/2023;23:28:28;24.18;;;;1671;04/06/2023;23:31:22;24.13;;;;
1672;04/06/2023;23:27:57;24.16;;;;1672;04/06/2023;23:28:43;24.19;;;;1672;04/06/2023;23:31:37;24.14;;;;
1673;04/06/2023;23:28:12;24.16;;;;1673;04/06/2023;23:28:58;24.18;;;;1673;04/06/2023;23:31:52;24.16;;;;
1674;04/06/2023;23:28:27;24.15;;;;1674;04/06/2023;23:29:13;24.17;;;;1674;04/06/2023;23:32:07;24.12;;;;
1675;04/06/2023;23:28:42;24.15;;;;1675;04/06/2023;23:29:28;24.18;;;;1675;04/06/2023;23:32:22;24.13;;;;
1676;04/06/2023;23:28:57;24.16;;;;1676;04/06/2023;23:29:43;24.16;;;;1676;04/06/2023;23:32:37;24.13;;;;
1677;04/06/2023;23:29:12;24.15;;;;1677;04/06/2023;23:29:58;24.19;;;;1677;04/06/2023;23:32:52;24.15;;;;
1678;04/06/2023;23:29:27;24.16;;;;1678;04/06/2023;23:30:13;24.16;;;;1678;04/06/2023;23:33:07;24.13;;;;
1679;04/06/2023;23:29:42;24.16;;;;1679;04/06/2023;23:30:28;24.17;;;;1679;04/06/2023;23:33:22;24.12;;;;
1680;04/06/2023;23:29:57;24.16;;;;1680;04/06/2023;23:30:43;24.16;;;;1680;04/06/2023;23:33:37;24.14;;;;
1681;04/06/2023;23:30:12;24.16;;;;1681;04/06/2023;23:30:58;24.17;;;;1681;04/06/2023;23:33:52;24.15;;;;
1682;04/06/2023;23:30:27;24.16;Synchronized;;;1682;04/06/2023;23:31:13;24.16;;;;1682;04/06/2023;23:34:07;24.11;;;;
1683;04/06/2023;23:30:42;24.18;;;;1683;04/06/2023;23:31:28;24.18;;;;1683;04/06/2023;23:34:22;24.13;;;;
1684;04/06/2023;23:30:57;24.15;;;;1684;04/06/2023;23:31:43;24.16;;;;1684;04/06/2023;23:34:37;24.13;;;;
1685;04/06/2023;23:31:13;24.16;;;;1685;04/06/2023;23:31:58;24.17;;;;1685;04/06/2023;23:34:52;24.13;;;;
1686;04/06/2023;23:31:28;24.15;;;;1686;04/06/2023;23:32:13;24.15;;;;1686;04/06/2023;23:35:07;24.12;;;;
1687;04/06/2023;23:31:43;24.16;;;;1687;04/06/2023;23:32:28;24.17;;;;1687;04/06/2023;23:35:22;24.16;;;;
1688;04/06/2023;23:31:58;24.16;;;;1688;04/06/2023;23:32:43;24.16;;;;1688;04/06/2023;23:35:37;24.13;;;;
1689;04/06/2023;23:32:13;24.14;;;;1689;04/06/2023;23:32:58;24.19;;;;1689;04/06/2023;23:35:52;24.15;;;;
1690;04/06/2023;23:32:28;24.16;Synchronized;;;1690;04/06/2023;23:33:13;24.16;;;;1690;04/06/2023;23:36:07;24.12;;;;
1691;04/06/2023;23:32:43;24.13;;;;1691;04/06/2023;23:33:28;24.17;;;;1691;04/06/2023;23:36:22;24.13;;;;
1692;04/06/2023;23:32:58;24.16;;;;1692;04/06/2023;23:33:43;24.16;Synchronized;;;1692;04/06/2023;23:36:37;24.12;;;;
1693;04/06/2023;23:33:13;24.16;;;;1693;04/06/2023;23:33:58;24.16;;;;1693;04/06/2023;23:36:52;24.12;Synchronized;;;
1694;04/06/2023;23:33:28;24.16;;;;1694;04/06/2023;23:34:13;24.16;;;;1694;04/06/2023;23:37:07;24.13;;;;
1695;04/06/2023;23:33:43;24.16;;;;1695;04/06/2023;23:34:28;24.16;;;;1695;04/06/2023;23:37:22;24.12;;;;
1696;04/06/2023;23:33:58;24.14;;;;1696;04/06/2023;23:34:43;24.16;;;;1696;04/06/2023;23:37:37;24.12;;;;
1697;04/06/2023;23:34:13;24.14;;;;1697;04/06/2023;23:34:58;24.16;;;;1697;04/06/2023;23:37:52;24.13;;;;
1698;04/06/2023;23:34:28;24.15;;;;1698;04/06/2023;23:35:13;24.16;;;;1698;04/06/2023;23:38:07;24.13;;;;
1699;04/06/2023;23:34:43;24.14;;;;1699;04/06/2023;23:35:28;24.16;;;;1699;04/06/2023;23:38:22;24.1;;;;
1700;04/06/2023;23:34:58;24.15;;;;1700;04/06/2023;23:35:43;24.16;;;;1700;04/06/2023;23:38:37;24.14;;;;
1701;04/06/2023;23:35:13;24.14;;;;1701;04/06/2023;23:35:58;24.16;;;;1701;04/06/2023;23:38:52;24.11;;;;
1702;04/06/2023;23:35:28;24.14;;;;1702;04/06/2023;23:36:13;24.18;;;;1702;04/06/2023;23:39:07;24.13;;;;
1703;04/06/2023;23:35:43;24.13;;;;1703;04/06/2023;23:36:28;24.14;;;;1703;04/06/2023;23:39:22;24.12;;;;
1704;04/06/2023;23:35:58;24.16;;;;1704;04/06/2023;23:36:43;24.15;;;;1704;04/06/2023;23:39:37;24.11;;;;
1705;04/06/2023;23:36:13;24.15;;;;1705;04/06/2023;23:36:58;24.17;;;;1705;04/06/2023;23:39:52;24.11;;;;
1706;04/06/2023;23:36:28;24.15;;;;1706;04/06/2023;23:37:13;24.15;;;;1706;04/06/2023;23:40:07;24.12;;;;
1707;04/06/2023;23:36:43;24.14;;;;1707;04/06/2023;23:37:28;24.16;;;;1707;04/06/2023;23:40:22;24.11;;;;
1708;04/06/2023;23:36:58;24.16;;;;1708;04/06/2023;23:37:43;24.16;;;;1708;04/06/2023;23:40:37;24.13;;;;
1709;04/06/2023;23:37:13;24.13;;;;1709;04/06/2023;23:37:58;24.18;;;;1709;04/06/2023;23:40:52;24.12;;;;
1710;04/06/2023;23:37:28;24.15;;;;1710;04/06/2023;23:38:13;24.15;;;;1710;04/06/2023;23:41:07;24.13;;;;
1711;04/06/2023;23:37:43;24.15;;;;1711;04/06/2023;23:38:28;24.16;;;;1711;04/06/2023;23:41:22;24.12;;;;
1712;04/06/2023;23:37:58;24.15;;;;1712;04/06/2023;23:38:43;24.16;;;;1712;04/06/2023;23:41:37;24.12;;;;
1713;04/06/2023;23:38:13;24.15;;;;1713;04/06/2023;23:38:58;24.15;;;;1713;04/06/2023;23:41:52;24.12;;;;
1714;04/06/2023;23:38:28;24.14;;;;1714;04/06/2023;23:39:13;24.16;;;;1714;04/06/2023;23:42:07;24.12;;;;
1715;04/06/2023;23:38:43;24.15;;;;1715;04/06/2023;23:39:28;24.13;;;;1715;04/06/2023;23:42:22;24.11;;;;
1716;04/06/2023;23:38:58;24.13;;;;1716;04/06/2023;23:39:43;24.15;;;;1716;04/06/2023;23:42:37;24.11;;;;
1717;04/06/2023;23:39:13;24.13;;;;1717;04/06/2023;23:39:58;24.15;;;;1717;04/06/2023;23:42:52;24.12;;;;
1718;04/06/2023;23:39:28;24.13;;;;1718;04/06/2023;23:40:13;24.17;;;;1718;04/06/2023;23:43:07;24.11;;;;
1719;04/06/2023;23:39:43;24.14;;;;1719;04/06/2023;23:40:28;24.15;;;;1719;04/06/2023;23:43:22;24.11;;;;
1720;04/06/2023;23:39:58;24.16;;;;1720;04/06/2023;23:40:43;24.16;Synchronized;;;1720;04/06/2023;23:43:37;24.12;;;;
1721;04/06/2023;23:40:13;24.13;;;;1721;04/06/2023;23:40:58;24.14;;;;1721;04/06/2023;23:43:52;24.12;;;;
1722;04/06/2023;23:40:28;24.15;;;;1722;04/06/2023;23:41:13;24.15;;;;1722;04/06/2023;23:44:07;24.14;;;;
1723;04/06/2023;23:40:43;24.14;;;;1723;04/06/2023;23:41:28;24.15;;;;1723;04/06/2023;23:44:22;24.11;;;;
1724;04/06/2023;23:40:58;24.15;;;;1724;04/06/2023;23:41:43;24.16;;;;1724;04/06/2023;23:44:37;24.11;;;;
1725;04/06/2023;23:41:13;24.15;;;;1725;04/06/2023;23:41:58;24.14;;;;1725;04/06/2023;23:44:52;24.11;;;;
1726;04/06/2023;23:41:28;24.14;;;;1726;04/06/2023;23:42:13;24.14;;;;1726;04/06/2023;23:45:07;24.11;;;;
1727;04/06/2023;23:41:43;24.12;;;;1727;04/06/2023;23:42:28;24.15;;;;1727;04/06/2023;23:45:22;24.13;;;;
1728;04/06/2023;23:41:59;24.14;;;;1728;04/06/2023;23:42:43;24.15;;;;1728;04/06/2023;23:45:37;24.1;;;;
1729;04/06/2023;23:42:14;24.14;;;;1729;04/06/2023;23:42:58;24.13;;;;1729;04/06/2023;23:45:52;24.1;;;;
1730;04/06/2023;23:42:29;24.15;;;;1730;04/06/2023;23:43:13;24.14;;;;1730;04/06/2023;23:46:07;24.13;;;;
1731;04/06/2023;23:42:44;24.13;;;;1731;04/06/2023;23:43:28;24.14;;;;1731;04/06/2023;23:46:22;24.12;;;;
1732;04/06/2023;23:42:59;24.14;;;;1732;04/06/2023;23:43:43;24.17;;;;1732;04/06/2023;23:46:37;24.12;;;;
1733;04/06/2023;23:43:14;24.14;;;;1733;04/06/2023;23:43:58;24.16;;;;1733;04/06/2023;23:46:52;24.1;;;;
1734;04/06/2023;23:43:29;24.15;;;;1734;04/06/2023;23:44:13;24.15;;;;1734;04/06/2023;23:47:07;24.11;;;;
1735;04/06/2023;23:43:44;24.13;;;;1735;04/06/2023;23:44:28;24.14;;;;1735;04/06/2023;23:47:22;24.11;;;;
1736;04/06/2023;23:43:59;24.16;;;;1736;04/06/2023;23:44:43;24.16;;;;1736;04/06/2023;23:47:37;24.1;;;;
1737;04/06/2023;23:44:14;24.14;;;;1737;04/06/2023;23:44:58;24.16;;;;1737;04/06/2023;23:47:52;24.11;;;;
1738;04/06/2023;23:44:29;24.13;;;;1738;04/06/2023;23:45:13;24.15;;;;1738;04/06/2023;23:48:07;24.12;;;;
1739;04/06/2023;23:44:44;24.13;;;;1739;04/06/2023;23:45:28;24.16;;;;1739;04/06/2023;23:48:22;24.11;;;;
1740;04/06/2023;23:44:59;24.14;;;;1740;04/06/2023;23:45:43;24.14;;;;1740;04/06/2023;23:48:37;24.09;;;;
1741;04/06/2023;23:45:14;24.13;;;;1741;04/06/2023;23:45:58;24.14;;;;1741;04/06/2023;23:48:52;24.11;;;;
1742;04/06/2023;23:45:29;24.13;;;;1742;04/06/2023;23:46:13;24.14;;;;1742;04/06/2023;23:49:08;24.11;;;;
1743;04/06/2023;23:45:44;24.13;;;;1743;04/06/2023;23:46:28;24.15;;;;1743;04/06/2023;23:49:23;24.1;;;;
1744;04/06/2023;23:45:59;24.16;;;;1744;04/06/2023;23:46:43;24.14;;;;1744;04/06/2023;23:49:38;24.12;;;;
1745;04/06/2023;23:46:14;24.14;;;;1745;04/06/2023;23:46:58;24.14;;;;1745;04/06/2023;23:49:53;24.11;;;;
1746;04/06/2023;23:46:29;24.13;;;;1746;04/06/2023;23:47:13;24.13;;;;1746;04/06/2023;23:50:08;24.12;;;;
1747;04/06/2023;23:46:44;24.14;;;;1747;04/06/2023;23:47:28;24.14;;;;1747;04/06/2023;23:50:23;24.1;;;;
1748;04/06/2023;23:46:59;24.14;;;;1748;04/06/2023;23:47:43;24.13;;;;1748;04/06/2023;23:50:38;24.12;;;;
1749;04/06/2023;23:47:14;24.15;;;;1749;04/06/2023;23:47:58;24.14;;;;1749;04/06/2023;23:50:53;24.11;;;;
1750;04/06/2023;23:47:29;24.13;;;;1750;04/06/2023;23:48:13;24.14;;;;1750;04/06/2023;23:51:08;24.1;;;;
1751;04/06/2023;23:47:44;24.13;;;;1751;04/06/2023;23:48:28;24.16;;;;1751;04/06/2023;23:51:23;24.1;;;;
1752;04/06/2023;23:47:59;24.14;;;;1752;04/06/2023;23:48:43;24.13;;;;1752;04/06/2023;23:51:38;24.1;;;;
1753;04/06/2023;23:48:14;24.14;;;;1753;04/06/2023;23:48:58;24.13;;;;1753;04/06/2023;23:51:53;24.11;;;;
1754;04/06/2023;23:48:29;24.13;;;;1754;04/06/2023;23:49:13;24.13;;;;1754;04/06/2023;23:52:08;24.11;;;;
1755;04/06/2023;23:48:44;24.14;;;;1755;04/06/2023;23:49:28;24.14;;;;1755;04/06/2023;23:52:23;24.09;;;;
1756;04/06/2023;23:48:59;24.13;;;;1756;04/06/2023;23:49:43;24.14;;;;1756;04/06/2023;23:52:38;24.1;;;;
1757;04/06/2023;23:49:14;24.13;;;;1757;04/06/2023;23:49:58;24.15;;;;1757;04/06/2023;23:52:53;24.11;;;;
1758;04/06/2023;23:49:29;24.13;;;;1758;04/06/2023;23:50:13;24.14;;;;1758;04/06/2023;23:53:08;24.1;;;;
1759;04/06/2023;23:49:44;24.15;;;;1759;04/06/2023;23:50:28;24.13;;;;1759;04/06/2023;23:53:23;24.09;;;;
1760;04/06/2023;23:49:59;24.14;;;;1760;04/06/2023;23:50:43;24.13;;;;1760;04/06/2023;23:53:38;24.1;;;;
1761;04/06/2023;23:50:14;24.13;;;;1761;04/06/2023;23:50:58;24.15;;;;1761;04/06/2023;23:53:53;24.1;;;;
1762;04/06/2023;23:50:29;24.12;;;;1762;04/06/2023;23:51:13;24.14;;;;1762;04/06/2023;23:54:08;24.09;;;;
1763;04/06/2023;23:50:44;24.13;;;;1763;04/06/2023;23:51:28;24.13;;;;1763;04/06/2023;23:54:23;24.1;;;;
1764;04/06/2023;23:50:59;24.13;;;;1764;04/06/2023;23:51:43;24.13;;;;1764;04/06/2023;23:54:38;24.09;;;;
1765;04/06/2023;23:51:14;24.12;;;;1765;04/06/2023;23:51:58;24.13;;;;1765;04/06/2023;23:54:53;24.1;;;;
1766;04/06/2023;23:51:29;24.11;;;;1766;04/06/2023;23:52:13;24.14;;;;1766;04/06/2023;23:55:08;24.1;;;;
1767;04/06/2023;23:51:44;24.13;;;;1767;04/06/2023;23:52:28;24.14;;;;1767;04/06/2023;23:55:23;24.1;;;;
1768;04/06/2023;23:51:59;24.14;;;;1768;04/06/2023;23:52:43;24.13;;;;1768;04/06/2023;23:55:38;24.09;;;;
1769;04/06/2023;23:52:14;24.13;;;;1769;04/06/2023;23:52:58;24.16;;;;1769;04/06/2023;23:55:53;24.09;;;;
1770;04/06/2023;23:52:29;24.13;;;;1770;04/06/2023;23:53:13;24.14;;;;1770;04/06/2023;23:56:08;24.09;Synchronized;;;
1771;04/06/2023;23:52:45;24.12;;;;1771;04/06/2023;23:53:28;24.13;;;;1771;04/06/2023;23:56:23;24.1;;;;
1772;04/06/2023;23:53:00;24.13;;;;1772;04/06/2023;23:53:43;24.13;;;;1772;04/06/2023;23:56:38;24.1;;;;
1773;04/06/2023;23:53:15;24.14;;;;1773;04/06/2023;23:53:58;24.12;;;;1773;04/06/2023;23:56:53;24.09;;;;
1774;04/06/2023;23:53:30;24.13;;;;1774;04/06/2023;23:54:13;24.13;;;;1774;04/06/2023;23:57:08;24.08;;;;
1775;04/06/2023;23:53:45;24.14;;;;1775;04/06/2023;23:54:28;24.15;;;;1775;04/06/2023;23:57:23;24.11;;;;
1776;04/06/2023;23:54:00;24.13;;;;1776;04/06/2023;23:54:43;24.13;;;;1776;04/06/2023;23:57:38;24.11;;;;
1777;04/06/2023;23:54:15;24.13;;;;1777;04/06/2023;23:54:58;24.14;;;;1777;04/06/2023;23:57:53;24.1;;;;
1778;04/06/2023;23:54:30;24.12;;;;1778;04/06/2023;23:55:13;24.13;;;;1778;04/06/2023;23:58:08;24.09;;;;
1779;04/06/2023;23:54:45;24.11;;;;1779;04/06/2023;23:55:28;24.15;;;;1779;04/06/2023;23:58:23;24.09;;;;
1780;04/06/2023;23:55:00;24.12;;;;1780;04/06/2023;23:55:43;24.12;;;;1780;04/06/2023;23:58:38;24.09;;;;
1781;04/06/2023;23:55:15;24.13;;;;1781;04/06/2023;23:55:58;24.13;;;;1781;04/06/2023;23:58:53;24.1;;;;
1782;04/06/2023;23:55:30;24.12;;;;1782;04/06/2023;23:56:13;24.12;;;;1782;04/06/2023;23:59:08;24.09;;;;
1783;04/06/2023;23:55:45;24.12;;;;1783;04/06/2023;23:56:28;24.13;;;;1783;04/06/2023;23:59:23;24.11;;;;
1784;04/06/2023;23:56:00;24.13;;;;1784;04/06/2023;23:56:43;24.13;;;;1784;04/06/2023;23:59:38;24.09;;;;
1785;04/06/2023;23:56:15;24.13;;;;1785;04/06/2023;23:56:58;24.14;;;;1785;04/06/2023;23:59:53;24.09;;;;
1786;04/06/2023;23:56:30;24.11;;;;1786;04/06/2023;23:57:13;24.13;;;;1786;05/06/2023;00:00:08;24.09;;;;
1787;04/06/2023;23:56:45;24.13;;;;1787;04/06/2023;23:57:28;24.14;;;;1787;05/06/2023;00:00:23;24.08;;;;
1788;04/06/2023;23:57:00;24.12;;;;1788;04/06/2023;23:57:43;24.14;;;;1788;05/06/2023;00:00:38;24.09;;;;
1789;04/06/2023;23:57:15;24.12;;;;1789;04/06/2023;23:57:58;24.13;;;;1789;05/06/2023;00:00:53;24.09;;;;
1790;04/06/2023;23:57:30;24.12;;;;1790;04/06/2023;23:58:13;24.13;;;;1790;05/06/2023;00:01:08;24.12;;;;
1791;04/06/2023;23:57:45;24.13;;;;1791;04/06/2023;23:58:28;24.13;;;;1791;05/06/2023;00:01:23;24.1;;;;
1792;04/06/2023;23:58:00;24.11;;;;1792;04/06/2023;23:58:43;24.14;;;;1792;05/06/2023;00:01:38;24.09;;;;
1793;04/06/2023;23:58:15;24.12;;;;1793;04/06/2023;23:58:58;24.13;;;;1793;05/06/2023;00:01:53;24.09;;;;
1794;04/06/2023;23:58:30;24.12;;;;1794;04/06/2023;23:59:13;24.12;;;;1794;05/06/2023;00:02:08;24.09;;;;
1795;04/06/2023;23:58:45;24.13;;;;1795;04/06/2023;23:59:28;24.14;;;;1795;05/06/2023;00:02:23;24.09;;;;
1796;04/06/2023;23:59:00;24.13;Synchronized;;;1796;04/06/2023;23:59:43;24.13;;;;1796;05/06/2023;00:02:38;24.09;Synchronized;;;
1797;04/06/2023;23:59:15;24.11;;;;1797;04/06/2023;23:59:58;24.14;;;;1797;05/06/2023;00:02:53;24.1;;;;
1798;04/06/2023;23:59:30;24.1;;;;1798;05/06/2023;00:00:13;24.13;;;;1798;05/06/2023;00:03:08;24.12;;;;
1799;04/06/2023;23:59:45;24.13;;;;1799;05/06/2023;00:00:28;24.12;;;;1799;05/06/2023;00:03:23;24.08;;;;
1800;05/06/2023;00:00:00;24.13;;;;1800;05/06/2023;00:00:43;24.12;;;;1800;05/06/2023;00:03:38;24.1;;;;
1801;05/06/2023;00:00:15;24.12;;;;1801;05/06/2023;00:00:58;24.15;;;;1801;05/06/2023;00:03:53;24.09;;;;
1802;05/06/2023;00:00:30;24.12;;;;1802;05/06/2023;00:01:13;24.13;;;;1802;05/06/2023;00:04:08;24.09;;;;
1803;05/06/2023;00:00:45;24.13;;;;1803;05/06/2023;00:01:28;24.13;;;;1803;05/06/2023;00:04:23;24.09;;;;
1804;05/06/2023;00:01:00;24.11;;;;1804;05/06/2023;00:01:43;24.13;;;;1804;05/06/2023;00:04:38;24.1;;;;
1805;05/06/2023;00:01:15;24.12;;;;1805;05/06/2023;00:01:58;24.12;;;;1805;05/06/2023;00:04:53;24.09;;;;
1806;05/06/2023;00:01:30;24.11;;;;1806;05/06/2023;00:02:13;24.13;;;;1806;05/06/2023;00:05:08;24.09;;;;
1807;05/06/2023;00:01:45;24.1;;;;1807;05/06/2023;00:02:28;24.13;;;;1807;05/06/2023;00:05:23;24.09;;;;
1808;05/06/2023;00:02:00;24.14;;;;1808;05/06/2023;00:02:43;24.13;;;;1808;05/06/2023;00:05:38;24.09;;;;
1809;05/06/2023;00:02:15;24.11;;;;1809;05/06/2023;00:02:58;24.1;;;;1809;05/06/2023;00:05:53;24.09;;;;
1810;05/06/2023;00:02:30;24.13;;;;1810;05/06/2023;00:03:13;24.13;;;;1810;05/06/2023;00:06:08;24.09;;;;
1811;05/06/2023;00:02:45;24.11;;;;1811;05/06/2023;00:03:28;24.13;;;;1811;05/06/2023;00:06:23;24.08;;;;
1812;05/06/2023;00:03:00;24.11;;;;1812;05/06/2023;00:03:43;24.12;;;;1812;05/06/2023;00:06:38;24.09;;;;
1813;05/06/2023;00:03:15;24.12;;;;1813;05/06/2023;00:03:58;24.11;;;;1813;05/06/2023;00:06:53;24.09;;;;
1814;05/06/2023;00:03:30;24.13;;;;1814;05/06/2023;00:04:13;24.11;;;;1814;05/06/2023;00:07:08;24.09;;;;
1815;05/06/2023;00:03:45;24.11;;;;1815;05/06/2023;00:04:28;24.12;;;;1815;05/06/2023;00:07:23;24.06;;;;
1816;05/06/2023;00:04:00;24.13;;;;1816;05/06/2023;00:04:43;24.1;;;;1816;05/06/2023;00:07:38;24.08;;;;
1817;05/06/2023;00:04:15;24.11;;;;1817;05/06/2023;00:04:58;24.13;;;;1817;05/06/2023;00:07:53;24.09;;;;
1818;05/06/2023;00:04:30;24.1;;;;1818;05/06/2023;00:05:13;24.12;;;;1818;05/06/2023;00:08:08;24.08;;;;
1819;05/06/2023;00:04:46;24.11;;;;1819;05/06/2023;00:05:28;24.13;;;;1819;05/06/2023;00:08:23;24.08;;;;
1820;05/06/2023;00:05:01;24.12;;;;1820;05/06/2023;00:05:43;24.12;;;;1820;05/06/2023;00:08:38;24.09;;;;
1821;05/06/2023;00:05:16;24.11;;;;1821;05/06/2023;00:05:58;24.13;;;;1821;05/06/2023;00:08:53;24.09;;;;
1822;05/06/2023;00:05:31;24.1;;;;1822;05/06/2023;00:06:13;24.13;;;;1822;05/06/2023;00:09:08;24.07;;;;
1823;05/06/2023;00:05:46;24.13;;;;1823;05/06/2023;00:06:28;24.12;;;;1823;05/06/2023;00:09:23;24.09;;;;
1824;05/06/2023;00:06:01;24.12;;;;1824;05/06/2023;00:06:42;24.13;;;;1824;05/06/2023;00:09:38;24.09;;;;
1825;05/06/2023;00:06:16;24.11;;;;1825;05/06/2023;00:06:57;24.13;;;;1825;05/06/2023;00:09:53;24.08;;;;
1826;05/06/2023;00:06:31;24.12;;;;1826;05/06/2023;00:07:12;24.1;;;;1826;05/06/2023;00:10:08;24.06;;;;
1827;05/06/2023;00:06:46;24.11;;;;1827;05/06/2023;00:07:27;24.13;;;;1827;05/06/2023;00:10:23;24.09;;;;
1828;05/06/2023;00:07:01;24.11;;;;1828;05/06/2023;00:07:42;24.13;;;;1828;05/06/2023;00:10:38;24.09;;;;
1829;05/06/2023;00:07:16;24.11;;;;1829;05/06/2023;00:07:57;24.12;;;;1829;05/06/2023;00:10:53;24.1;;;;
1830;05/06/2023;00:07:31;24.09;;;;1830;05/06/2023;00:08:12;24.1;;;;1830;05/06/2023;00:11:08;24.08;;;;
1831;05/06/2023;00:07:46;24.13;;;;1831;05/06/2023;00:08:27;24.13;;;;1831;05/06/2023;00:11:23;24.09;;;;
1832;05/06/2023;00:08:01;24.13;;;;1832;05/06/2023;00:08:42;24.11;;;;1832;05/06/2023;00:11:38;24.08;;;;
1833;05/06/2023;00:08:16;24.1;;;;1833;05/06/2023;00:08:57;24.12;;;;1833;05/06/2023;00:11:53;24.08;;;;
1834;05/06/2023;00:08:31;24.12;;;;1834;05/06/2023;00:09:12;24.12;;;;1834;05/06/2023;00:12:08;24.06;;;;
1835;05/06/2023;00:08:46;24.1;;;;1835;05/06/2023;00:09:27;24.13;;;;1835;05/06/2023;00:12:23;24.09;;;;
1836;05/06/2023;00:09:01;24.1;;;;1836;05/06/2023;00:09:42;24.11;;;;1836;05/06/2023;00:12:38;24.09;;;;
1837;05/06/2023;00:09:16;24.09;;;;1837;05/06/2023;00:09:57;24.13;;;;1837;05/06/2023;00:12:53;24.07;;;;
1838;05/06/2023;00:09:31;24.12;;;;1838;05/06/2023;00:10:12;24.13;;;;1838;05/06/2023;00:13:08;24.08;;;;
1839;05/06/2023;00:09:46;24.11;;;;1839;05/06/2023;00:10:27;24.12;;;;1839;05/06/2023;00:13:23;24.09;;;;
1840;05/06/2023;00:10:01;24.11;;;;1840;05/06/2023;00:10:42;24.12;;;;1840;05/06/2023;00:13:38;24.08;;;;
1841;05/06/2023;00:10:16;24.1;;;;1841;05/06/2023;00:10:57;24.13;;;;1841;05/06/2023;00:13:53;24.08;;;;
1842;05/06/2023;00:10:31;24.11;;;;1842;05/06/2023;00:11:12;24.1;;;;1842;05/06/2023;00:14:08;24.09;;;;
1843;05/06/2023;00:10:46;24.11;;;;1843;05/06/2023;00:11:27;24.11;;;;1843;05/06/2023;00:14:23;24.06;;;;
1844;05/06/2023;00:11:01;24.12;;;;1844;05/06/2023;00:11:42;24.12;;;;1844;05/06/2023;00:14:38;24.06;;;;
1845;05/06/2023;00:11:16;24.09;;;;1845;05/06/2023;00:11:57;24.12;;;;1845;05/06/2023;00:14:53;24.06;;;;
1846;05/06/2023;00:11:31;24.11;;;;1846;05/06/2023;00:12:12;24.09;;;;1846;05/06/2023;00:15:08;24.08;;;;
1847;05/06/2023;00:11:46;24.1;;;;1847;05/06/2023;00:12:27;24.1;;;;1847;05/06/2023;00:15:23;24.08;;;;
1848;05/06/2023;00:12:01;24.09;;;;1848;05/06/2023;00:12:42;24.1;;;;1848;05/06/2023;00:15:38;24.06;;;;
1849;05/06/2023;00:12:16;24.1;;;;1849;05/06/2023;00:12:57;24.12;;;;1849;05/06/2023;00:15:53;24.06;;;;
1850;05/06/2023;00:12:31;24.1;;;;1850;05/06/2023;00:13:12;24.11;;;;1850;05/06/2023;00:16:08;24.05;;;;
1851;05/06/2023;00:12:46;24.09;;;;1851;05/06/2023;00:13:27;24.12;;;;1851;05/06/2023;00:16:23;24.06;;;;
1852;05/06/2023;00:13:01;24.11;;;;1852;05/06/2023;00:13:42;24.11;;;;1852;05/06/2023;00:16:38;24.08;;;;
1853;05/06/2023;00:13:16;24.13;;;;1853;05/06/2023;00:13:57;24.1;;;;1853;05/06/2023;00:16:53;24.07;;;;
1854;05/06/2023;00:13:31;24.09;;;;1854;05/06/2023;00:14:12;24.12;;;;1854;05/06/2023;00:17:08;24.07;;;;
1855;05/06/2023;00:13:46;24.1;Synchronized;;;1855;05/06/2023;00:14:27;24.12;;;;1855;05/06/2023;00:17:23;24.06;;;;
1856;05/06/2023;00:14:01;24.09;;;;1856;05/06/2023;00:14:42;24.11;;;;1856;05/06/2023;00:17:38;24.07;;;;
1857;05/06/2023;00:14:16;24.11;;;;1857;05/06/2023;00:14:57;24.12;;;;1857;05/06/2023;00:17:53;24.07;;;;
1858;05/06/2023;00:14:31;24.09;;;;1858;05/06/2023;00:15:12;24.11;;;;1858;05/06/2023;00:18:08;24.05;;;;
1859;05/06/2023;00:14:46;24.13;;;;1859;05/06/2023;00:15:27;24.12;;;;1859;05/06/2023;00:18:23;24.05;;;;
1860;05/06/2023;00:15:01;24.1;;;;1860;05/06/2023;00:15:42;24.1;;;;1860;05/06/2023;00:18:38;24.06;;;;
1861;05/06/2023;00:15:16;24.1;;;;1861;05/06/2023;00:15:57;24.11;;;;1861;05/06/2023;00:18:53;24.08;;;;
1862;05/06/2023;00:15:31;24.1;;;;1862;05/06/2023;00:16:12;24.09;;;;1862;05/06/2023;00:19:08;24.06;;;;
1863;05/06/2023;00:15:46;24.09;;;;1863;05/06/2023;00:16:27;24.12;;;;1863;05/06/2023;00:19:23;24.06;;;;
1864;05/06/2023;00:16:01;24.09;;;;1864;05/06/2023;00:16:42;24.12;;;;1864;05/06/2023;00:19:38;24.06;;;;
1865;05/06/2023;00:16:16;24.1;;;;1865;05/06/2023;00:16:57;24.11;;;;1865;05/06/2023;00:19:53;24.08;;;;
1866;05/06/2023;00:16:32;24.1;;;;1866;05/06/2023;00:17:12;24.11;;;;1866;05/06/2023;00:20:08;24.06;;;;
1867;05/06/2023;00:16:47;24.09;;;;1867;05/06/2023;00:17:27;24.1;;;;1867;05/06/2023;00:20:23;24.05;;;;
1868;05/06/2023;00:17:02;24.09;;;;1868;05/06/2023;00:17:42;24.12;;;;1868;05/06/2023;00:20:38;24.05;;;;
1869;05/06/2023;00:17:17;24.09;;;;1869;05/06/2023;00:17:57;24.11;;;;1869;05/06/2023;00:20:53;24.05;;;;
1870;05/06/2023;00:17:32;24.11;;;;1870;05/06/2023;00:18:12;24.1;;;;1870;05/06/2023;00:21:08;24.06;;;;
1871;05/06/2023;00:17:47;24.11;;;;1871;05/06/2023;00:18:27;24.1;;;;1871;05/06/2023;00:21:23;24.07;;;;
1872;05/06/2023;00:18:02;24.1;;;;1872;05/06/2023;00:18:42;24.1;;;;1872;05/06/2023;00:21:38;24.07;;;;
1873;05/06/2023;00:18:17;24.09;;;;1873;05/06/2023;00:18:57;24.09;;;;1873;05/06/2023;00:21:53;24.05;;;;
1874;05/06/2023;00:18:32;24.09;;;;1874;05/06/2023;00:19:12;24.09;;;;1874;05/06/2023;00:22:08;24.05;;;;
1875;05/06/2023;00:18:47;24.1;;;;1875;05/06/2023;00:19:27;24.12;;;;1875;05/06/2023;00:22:23;24.06;;;;
1876;05/06/2023;00:19:02;24.09;;;;1876;05/06/2023;00:19:42;24.09;;;;1876;05/06/2023;00:22:38;24.05;;;;
1877;05/06/2023;00:19:17;24.1;;;;1877;05/06/2023;00:19:57;24.09;;;;1877;05/06/2023;00:22:53;24.05;;;;
1878;05/06/2023;00:19:32;24.09;;;;1878;05/06/2023;00:20:12;24.1;;;;1878;05/06/2023;00:23:08;24.05;;;;
1879;05/06/2023;00:19:47;24.11;;;;1879;05/06/2023;00:20:27;24.1;;;;1879;05/06/2023;00:23:23;24.07;;;;
1880;05/06/2023;00:20:02;24.11;;;;1880;05/06/2023;00:20:42;24.09;;;;1880;05/06/2023;00:23:38;24.05;;;;
1881;05/06/2023;00:20:17;24.08;;;;1881;05/06/2023;00:20:57;24.1;;;;1881;05/06/2023;00:23:53;24.08;;;;
1882;05/06/2023;00:20:32;24.09;;;;1882;05/06/2023;00:21:12;24.1;;;;1882;05/06/2023;00:24:08;24.08;;;;
1883;05/06/2023;00:20:47;24.08;;;;1883;05/06/2023;00:21:27;24.08;;;;1883;05/06/2023;00:24:23;24.06;;;;
1884;05/06/2023;00:21:02;24.1;;;;1884;05/06/2023;00:21:42;24.1;;;;1884;05/06/2023;00:24:38;24.06;;;;
1885;05/06/2023;00:21:17;24.09;;;;1885;05/06/2023;00:21:57;24.1;;;;1885;05/06/2023;00:24:53;24.07;;;;
1886;05/06/2023;00:21:32;24.08;;;;1886;05/06/2023;00:22:12;24.09;;;;1886;05/06/2023;00:25:08;24.06;;;;
1887;05/06/2023;00:21:47;24.09;;;;1887;05/06/2023;00:22:27;24.1;;;;1887;05/06/2023;00:25:23;24.06;;;;
1888;05/06/2023;00:22:02;24.09;;;;1888;05/06/2023;00:22:41;24.1;;;;1888;05/06/2023;00:25:38;24.05;;;;
1889;05/06/2023;00:22:17;24.09;;;;1889;05/06/2023;00:22:56;24.09;;;;1889;05/06/2023;00:25:53;24.05;;;;
1890;05/06/2023;00:22:32;24.09;;;;1890;05/06/2023;00:23:11;24.1;;;;1890;05/06/2023;00:26:08;24.05;;;;
1891;05/06/2023;00:22:47;24.09;;;;1891;05/06/2023;00:23:26;24.09;;;;1891;05/06/2023;00:26:23;24.04;;;;
1892;05/06/2023;00:23:02;24.07;;;;1892;05/06/2023;00:23:41;24.09;;;;1892;05/06/2023;00:26:38;24.06;;;;
1893;05/06/2023;00:23:17;24.11;;;;1893;05/06/2023;00:23:56;24.09;;;;1893;05/06/2023;00:26:53;24.04;;;;
1894;05/06/2023;00:23:32;24.1;;;;1894;05/06/2023;00:24:11;24.11;;;;1894;05/06/2023;00:27:08;24.05;;;;
1895;05/06/2023;00:23:47;24.09;;;;1895;05/06/2023;00:24:26;24.09;;;;1895;05/06/2023;00:27:23;24.05;;;;
1896;05/06/2023;00:24:02;24.08;;;;1896;05/06/2023;00:24:41;24.1;;;;1896;05/06/2023;00:27:38;24.05;;;;
1897;05/06/2023;00:24:17;24.09;;;;1897;05/06/2023;00:24:56;24.09;;;;1897;05/06/2023;00:27:53;24.06;;;;
1898;05/06/2023;00:24:32;24.09;;;;1898;05/06/2023;00:25:11;24.12;;;;1898;05/06/2023;00:28:08;24.05;;;;
1899;05/06/2023;00:24:47;24.1;;;;1899;05/06/2023;00:25:26;24.1;;;;1899;05/06/2023;00:28:23;24.06;;;;
1900;05/06/2023;00:25:02;24.09;;;;1900;05/06/2023;00:25:41;24.09;;;;1900;05/06/2023;00:28:38;24.05;;;;
1901;05/06/2023;00:25:17;24.09;;;;1901;05/06/2023;00:25:56;24.08;;;;1901;05/06/2023;00:28:53;24.05;;;;
1902;05/06/2023;00:25:32;24.08;;;;1902;05/06/2023;00:26:11;24.09;;;;1902;05/06/2023;00:29:08;24.06;;;;
1903;05/06/2023;00:25:47;24.09;;;;1903;05/06/2023;00:26:26;24.09;;;;1903;05/06/2023;00:29:23;24.05;;;;
1904;05/06/2023;00:26:03;24.09;;;;1904;05/06/2023;00:26:41;24.09;;;;1904;05/06/2023;00:29:38;24.05;Synchronized;;;
1905;05/06/2023;00:26:17;24.09;;;;1905;05/06/2023;00:26:56;24.11;;;;1905;05/06/2023;00:29:53;24.05;;;;
1906;05/06/2023;00:26:33;24.07;;;;1906;05/06/2023;00:27:11;24.09;;;;1906;05/06/2023;00:30:08;24.06;;;;
1907;05/06/2023;00:26:48;24.08;;;;1907;05/06/2023;00:27:26;24.1;;;;1907;05/06/2023;00:30:23;24.05;;;;
1908;05/06/2023;00:27:03;24.09;;;;1908;05/06/2023;00:27:41;24.09;;;;1908;05/06/2023;00:30:38;24.05;;;;
1909;05/06/2023;00:27:18;24.09;;;;1909;05/06/2023;00:27:56;24.09;;;;1909;05/06/2023;00:30:53;24.05;;;;
1910;05/06/2023;00:27:33;24.09;;;;1910;05/06/2023;00:28:11;24.1;;;;1910;05/06/2023;00:31:08;24.06;;;;
1911;05/06/2023;00:27:48;24.09;;;;1911;05/06/2023;00:28:26;24.09;;;;1911;05/06/2023;00:31:23;24.04;;;;
1912;05/06/2023;00:28:03;24.09;;;;1912;05/06/2023;00:28:41;24.09;;;;1912;05/06/2023;00:31:38;24.05;;;;
1913;05/06/2023;00:28:18;24.1;;;;1913;05/06/2023;00:28:56;24.1;;;;1913;05/06/2023;00:31:53;24.04;;;;
1914;05/06/2023;00:28:33;24.09;;;;1914;05/06/2023;00:29:11;24.09;;;;1914;05/06/2023;00:32:08;24.05;;;;
1915;05/06/2023;00:28:48;24.09;;;;1915;05/06/2023;00:29:26;24.1;;;;1915;05/06/2023;00:32:23;24.06;;;;
1916;05/06/2023;00:29:03;24.09;;;;1916;05/06/2023;00:29:41;24.1;;;;1916;05/06/2023;00:32:38;24.06;Synchronized;;;
1917;05/06/2023;00:29:18;24.1;;;;1917;05/06/2023;00:29:56;24.09;;;;1917;05/06/2023;00:32:53;24.05;;;;
1918;05/06/2023;00:29:33;24.08;;;;1918;05/06/2023;00:30:11;24.1;;;;1918;05/06/2023;00:33:08;24.04;;;;
1919;05/06/2023;00:29:48;24.09;;;;1919;05/06/2023;00:30:26;24.09;;;;1919;05/06/2023;00:33:23;24.05;;;;
1920;05/06/2023;00:30:03;24.09;;;;1920;05/06/2023;00:30:41;24.08;;;;1920;05/06/2023;00:33:38;24.05;;;;
1921;05/06/2023;00:30:18;24.09;;;;1921;05/06/2023;00:30:56;24.09;;;;1921;05/06/2023;00:33:53;24.04;;;;
1922;05/06/2023;00:30:33;24.08;;;;1922;05/06/2023;00:31:11;24.09;;;;1922;05/06/2023;00:34:08;24.05;;;;
1923;05/06/2023;00:30:48;24.07;;;;1923;05/06/2023;00:31:26;24.09;;;;1923;05/06/2023;00:34:23;24.06;;;;
1924;05/06/2023;00:31:03;24.09;;;;1924;05/06/2023;00:31:41;24.08;;;;1924;05/06/2023;00:34:38;24.05;;;;
1925;05/06/2023;00:31:18;24.08;;;;1925;05/06/2023;00:31:56;24.11;;;;1925;05/06/2023;00:34:53;24.05;;;;
1926;05/06/2023;00:31:33;24.09;;;;1926;05/06/2023;00:32:11;24.07;;;;1926;05/06/2023;00:35:08;24.05;;;;
1927;05/06/2023;00:31:48;24.09;;;;1927;05/06/2023;00:32:26;24.07;;;;1927;05/06/2023;00:35:23;24.04;;;;
1928;05/06/2023;00:32:03;24.07;;;;1928;05/06/2023;00:32:41;24.08;;;;1928;05/06/2023;00:35:38;24.05;;;;
1929;05/06/2023;00:32:18;24.09;;;;1929;05/06/2023;00:32:56;24.07;;;;1929;05/06/2023;00:35:53;24.05;;;;
1930;05/06/2023;00:32:33;24.07;;;;1930;05/06/2023;00:33:11;24.09;;;;1930;05/06/2023;00:36:08;24.05;;;;
1931;05/06/2023;00:32:48;24.09;Synchronized;;;1931;05/06/2023;00:33:26;24.09;Synchronized;;;1931;05/06/2023;00:36:23;24.05;;;;
1932;05/06/2023;00:33:03;24.09;;;;1932;05/06/2023;00:33:41;24.09;;;;1932;05/06/2023;00:36:38;24.04;;;;
1933;05/06/2023;00:33:18;24.06;;;;1933;05/06/2023;00:33:56;24.09;;;;1933;05/06/2023;00:36:53;24.06;;;;
1934;05/06/2023;00:33:33;24.08;;;;1934;05/06/2023;00:34:11;24.07;;;;1934;05/06/2023;00:37:08;24.03;;;;
1935;05/06/2023;00:33:48;24.08;;;;1935;05/06/2023;00:34:26;24.07;;;;1935;05/06/2023;00:37:23;24.02;;;;
1936;05/06/2023;00:34:03;24.06;;;;1936;05/06/2023;00:34:41;24.08;;;;1936;05/06/2023;00:37:38;24.05;;;;
1937;05/06/2023;00:34:18;24.09;;;;1937;05/06/2023;00:34:56;24.08;;;;1937;05/06/2023;00:37:53;24.02;;;;
1938;05/06/2023;00:34:33;24.08;;;;1938;05/06/2023;00:35:11;24.09;;;;1938;05/06/2023;00:38:08;24.04;;;;
1939;05/06/2023;00:34:48;24.07;;;;1939;05/06/2023;00:35:26;24.07;;;;1939;05/06/2023;00:38:23;24.05;;;;
1940;05/06/2023;00:35:03;24.07;;;;1940;05/06/2023;00:35:41;24.07;;;;1940;05/06/2023;00:38:38;24.05;;;;
1941;05/06/2023;00:35:18;24.07;;;;1941;05/06/2023;00:35:56;24.08;;;;1941;05/06/2023;00:38:53;24.04;Synchronized;;;
1942;05/06/2023;00:35:33;24.09;;;;1942;05/06/2023;00:36:11;24.08;;;;1942;05/06/2023;00:39:08;24.04;;;;
1943;05/06/2023;00:35:48;24.09;;;;1943;05/06/2023;00:36:26;24.09;;;;1943;05/06/2023;00:39:23;24.03;;;;
1944;05/06/2023;00:36:03;24.09;Synchronized;;;1944;05/06/2023;00:36:41;24.08;;;;1944;05/06/2023;00:39:38;24.03;;;;
1945;05/06/2023;00:36:18;24.06;;;;1945;05/06/2023;00:36:56;24.07;;;;1945;05/06/2023;00:39:53;24.04;;;;
1946;05/06/2023;00:36:33;24.07;;;;1946;05/06/2023;00:37:11;24.08;;;;1946;05/06/2023;00:40:08;24.05;Synchronized;;;
1947;05/06/2023;00:36:48;24.08;;;;1947;05/06/2023;00:37:26;24.08;;;;1947;05/06/2023;00:40:23;24.03;;;;
1948;05/06/2023;00:37:03;24.07;;;;1948;05/06/2023;00:37:41;24.09;;;;1948;05/06/2023;00:40:38;24.03;;;;
1949;05/06/2023;00:37:19;24.07;;;;1949;05/06/2023;00:37:56;24.09;;;;1949;05/06/2023;00:40:53;24.05;;;;
1950;05/06/2023;00:37:34;24.08;;;;1950;05/06/2023;00:38:11;24.09;;;;1950;05/06/2023;00:41:08;24.03;;;;
1951;05/06/2023;00:37:49;24.07;;;;1951;05/06/2023;00:38:26;24.09;;;;1951;05/06/2023;00:41:23;24.04;;;;
1952;05/06/2023;00:38:04;24.08;;;;1952;05/06/2023;00:38:41;24.08;;;;1952;05/06/2023;00:41:38;24.05;;;;
1953;05/06/2023;00:38:19;24.08;;;;1953;05/06/2023;00:38:56;24.07;;;;1953;05/06/2023;00:41:53;24.05;;;;
1954;05/06/2023;00:38:34;24.05;;;;1954;05/06/2023;00:39:11;24.07;;;;1954;05/06/2023;00:42:08;24.02;;;;
1955;05/06/2023;00:38:49;24.06;;;;1955;05/06/2023;00:39:26;24.08;;;;1955;05/06/2023;00:42:23;24.04;;;;
1956;05/06/2023;00:39:04;24.08;;;;1956;05/06/2023;00:39:41;24.05;;;;1956;05/06/2023;00:42:38;24.03;;;;
1957;05/06/2023;00:39:19;24.08;;;;1957;05/06/2023;00:39:56;24.08;;;;1957;05/06/2023;00:42:53;24.03;;;;
1958;05/06/2023;00:39:34;24.08;;;;1958;05/06/2023;00:40:11;24.09;;;;1958;05/06/2023;00:43:08;24.05;;;;
1959;05/06/2023;00:39:49;24.07;;;;1959;05/06/2023;00:40:26;24.07;;;;1959;05/06/2023;00:43:23;24.04;;;;
1960;05/06/2023;00:40:04;24.04;;;;1960;05/06/2023;00:40:41;24.06;;;;1960;05/06/2023;00:43:38;24.03;;;;
1961;05/06/2023;00:40:19;24.06;;;;1961;05/06/2023;00:40:56;24.06;;;;1961;05/06/2023;00:43:53;24.03;;;;
1962;05/06/2023;00:40:34;24.09;;;;1962;05/06/2023;00:41:11;24.06;;;;1962;05/06/2023;00:44:08;24.03;;;;
1963;05/06/2023;00:40:49;24.07;;;;1963;05/06/2023;00:41:26;24.07;;;;1963;05/06/2023;00:44:23;24.04;;;;
1964;05/06/2023;00:41:04;24.04;;;;1964;05/06/2023;00:41:41;24.07;;;;1964;05/06/2023;00:44:38;24.02;;;;
1965;05/06/2023;00:41:19;24.08;;;;1965;05/06/2023;00:41:56;24.07;;;;1965;05/06/2023;00:44:53;24.03;;;;
1966;05/06/2023;00:41:34;24.05;;;;1966;05/06/2023;00:42:10;24.08;;;;1966;05/06/2023;00:45:08;24.02;;;;
1967;05/06/2023;00:41:49;24.07;;;;1967;05/06/2023;00:42:25;24.05;;;;1967;05/06/2023;00:45:23;24.02;;;;
1968;05/06/2023;00:42:04;24.07;;;;1968;05/06/2023;00:42:40;24.06;;;;1968;05/06/2023;00:45:38;24.03;;;;
1969;05/06/2023;00:42:19;24.07;;;;1969;05/06/2023;00:42:55;24.09;;;;1969;05/06/2023;00:45:53;24.04;;;;
1970;05/06/2023;00:42:34;24.07;;;;1970;05/06/2023;00:43:10;24.08;;;;1970;05/06/2023;00:46:08;24.02;;;;
1971;05/06/2023;00:42:49;24.07;;;;1971;05/06/2023;00:43:25;24.08;;;;1971;05/06/2023;00:46:23;24.03;;;;
1972;05/06/2023;00:43:04;24.05;;;;1972;05/06/2023;00:43:40;24.07;;;;1972;05/06/2023;00:46:38;24.02;;;;
1973;05/06/2023;00:43:19;24.05;;;;1973;05/06/2023;00:43:55;24.08;;;;1973;05/06/2023;00:46:53;24.03;;;;
1974;05/06/2023;00:43:34;24.06;;;;1974;05/06/2023;00:44:10;24.08;;;;1974;05/06/2023;00:47:08;24.04;;;;
1975;05/06/2023;00:43:49;24.09;;;;1975;05/06/2023;00:44:25;24.08;;;;1975;05/06/2023;00:47:23;24.03;;;;
1976;05/06/2023;00:44:04;24.07;;;;1976;05/06/2023;00:44:40;24.05;;;;1976;05/06/2023;00:47:38;24.03;;;;
1977;05/06/2023;00:44:19;24.06;;;;1977;05/06/2023;00:44:55;24.08;;;;1977;05/06/2023;00:47:53;24.03;;;;
1978;05/06/2023;00:44:34;24.06;;;;1978;05/06/2023;00:45:10;24.08;;;;1978;05/06/2023;00:48:08;24.01;;;;
1979;05/06/2023;00:44:49;24.05;;;;1979;05/06/2023;00:45:25;24.06;;;;1979;05/06/2023;00:48:23;24.02;;;;
1980;05/06/2023;00:45:04;24.05;;;;1980;05/06/2023;00:45:40;24.05;;;;1980;05/06/2023;00:48:38;24.02;;;;
1981;05/06/2023;00:45:19;24.05;;;;1981;05/06/2023;00:45:55;24.07;;;;1981;05/06/2023;00:48:53;24.03;;;;
1982;05/06/2023;00:45:34;24.06;;;;1982;05/06/2023;00:46:10;24.06;;;;1982;05/06/2023;00:49:08;24.02;;;;
1983;05/06/2023;00:45:49;24.03;;;;1983;05/06/2023;00:46:25;24.08;;;;1983;05/06/2023;00:49:23;24;;;;
1984;05/06/2023;00:46:04;24.06;;;;1984;05/06/2023;00:46:40;24.08;;;;1984;05/06/2023;00:49:38;24.03;;;;
1985;05/06/2023;00:46:19;24.06;;;;1985;05/06/2023;00:46:55;24.06;;;;1985;05/06/2023;00:49:53;23.99;;;;
1986;05/06/2023;00:46:34;24.04;;;;1986;05/06/2023;00:47:10;24.06;;;;1986;05/06/2023;00:50:08;24.02;;;;
1987;05/06/2023;00:46:49;24.08;;;;1987;05/06/2023;00:47:25;24.07;;;;1987;05/06/2023;00:50:23;24.03;;;;
1988;05/06/2023;00:47:04;24.07;;;;1988;05/06/2023;00:47:40;24.07;;;;1988;05/06/2023;00:50:38;24.03;;;;
1989;05/06/2023;00:47:19;24.04;;;;1989;05/06/2023;00:47:55;24.05;;;;1989;05/06/2023;00:50:53;24.02;;;;
1990;05/06/2023;00:47:34;24.04;;;;1990;05/06/2023;00:48:10;24.05;;;;1990;05/06/2023;00:51:08;24.05;;;;
1991;05/06/2023;00:47:49;24.07;;;;1991;05/06/2023;00:48:25;24.05;;;;1991;05/06/2023;00:51:23;24.02;;;;
1992;05/06/2023;00:48:04;24.04;;;;1992;05/06/2023;00:48:40;24.05;;;;1992;05/06/2023;00:51:38;24.02;;;;
1993;05/06/2023;00:48:19;24.07;;;;1993;05/06/2023;00:48:55;24.06;;;;1993;05/06/2023;00:51:53;24.01;;;;
1994;05/06/2023;00:48:34;24.08;;;;1994;05/06/2023;00:49:10;24.07;;;;1994;05/06/2023;00:52:08;24.01;;;;
1995;05/06/2023;00:48:49;24.06;;;;1995;05/06/2023;00:49:25;24.06;Synchronized;;;1995;05/06/2023;00:52:23;24.03;;;;
1996;05/06/2023;00:49:04;24.07;;;;1996;05/06/2023;00:49:40;24.05;;;;1996;05/06/2023;00:52:38;24.02;;;;
1997;05/06/2023;00:49:19;24.08;;;;1997;05/06/2023;00:49:55;24.07;;;;1997;05/06/2023;00:52:53;24.04;;;;
1998;05/06/2023;00:49:34;24.03;;;;1998;05/06/2023;00:50:10;24.06;;;;1998;05/06/2023;00:53:08;24.02;;;;
1999;05/06/2023;00:49:49;24.07;;;;1999;05/06/2023;00:50:25;24.05;;;;1999;05/06/2023;00:53:23;24.01;;;;
2000;05/06/2023;00:50:04;24.04;;;;2000;05/06/2023;00:50:40;24.06;;;;2000;05/06/2023;00:53:38;24.01;;;;
2001;05/06/2023;00:50:19;24.04;;;;2001;05/06/2023;00:50:55;24.07;;;;2001;05/06/2023;00:53:53;24.03;;;;
2002;05/06/2023;00:50:34;24.03;;;;2002;05/06/2023;00:51:10;24.07;;;;2002;05/06/2023;00:54:08;24.02;;;;
2003;05/06/2023;00:50:49;24.07;;;;2003;05/06/2023;00:51:25;24.06;;;;2003;05/06/2023;00:54:23;24.01;;;;
2004;05/06/2023;00:51:04;24.07;;;;2004;05/06/2023;00:51:40;24.07;;;;2004;05/06/2023;00:54:38;24.02;;;;
2005;05/06/2023;00:51:19;24.04;;;;2005;05/06/2023;00:51:55;24.07;;;;2005;05/06/2023;00:54:53;24.02;;;;
2006;05/06/2023;00:51:34;24.04;;;;2006;05/06/2023;00:52:10;24.04;;;;2006;05/06/2023;00:55:08;24.01;;;;
2007;05/06/2023;00:51:49;24.05;;;;2007;05/06/2023;00:52:25;24.08;;;;2007;05/06/2023;00:55:23;24.01;;;;
2008;05/06/2023;00:52:04;24.04;;;;2008;05/06/2023;00:52:40;24.05;Synchronized;;;2008;05/06/2023;00:55:38;24.01;Synchronized;;;
2009;05/06/2023;00:52:19;24.06;Synchronized;;;2009;05/06/2023;00:52:55;24.07;;;;2009;05/06/2023;00:55:53;24.04;;;;
2010;05/06/2023;00:52:34;24.06;;;;2010;05/06/2023;00:53:10;24.06;;;;2010;05/06/2023;00:56:08;24;;;;
2011;05/06/2023;00:52:49;24.06;;;;2011;05/06/2023;00:53:25;24.07;;;;2011;05/06/2023;00:56:23;24.02;;;;
2012;05/06/2023;00:53:04;24.06;;;;2012;05/06/2023;00:53:40;24.07;;;;2012;05/06/2023;00:56:38;24.02;;;;
2013;05/06/2023;00:53:19;24.03;;;;2013;05/06/2023;00:53:55;24.04;;;;2013;05/06/2023;00:56:53;24.02;;;;
2014;05/06/2023;00:53:34;24.04;;;;2014;05/06/2023;00:54:10;24.05;;;;2014;05/06/2023;00:57:08;24.02;Synchronized;;;
2015;05/06/2023;00:53:49;24.05;;;;2015;05/06/2023;00:54:25;24.05;;;;2015;05/06/2023;00:57:23;24;;;;
2016;05/06/2023;00:54:04;24.06;;;;2016;05/06/2023;00:54:40;24.05;;;;2016;05/06/2023;00:57:38;24.02;Synchronized;;;
2017;05/06/2023;00:54:19;24.06;;;;2017;05/06/2023;00:54:55;24.05;;;;2017;05/06/2023;00:57:53;24.01;;;;
2018;05/06/2023;00:54:34;24.04;;;;2018;05/06/2023;00:55:10;24.05;;;;2018;05/06/2023;00:58:08;24.01;;;;
2019;05/06/2023;00:54:49;24.05;;;;2019;05/06/2023;00:55:25;24.08;;;;2019;05/06/2023;00:58:23;24;;;;
2020;05/06/2023;00:55:04;24.05;;;;2020;05/06/2023;00:55:40;24.05;;;;2020;05/06/2023;00:58:38;24.03;;;;
2021;05/06/2023;00:55:19;24.03;;;;2021;05/06/2023;00:55:55;24.05;;;;2021;05/06/2023;00:58:53;24;;;;
2022;05/06/2023;00:55:34;24.05;;;;2022;05/06/2023;00:56:10;24.06;;;;2022;05/06/2023;00:59:08;24.01;;;;
2023;05/06/2023;00:55:49;24.03;;;;2023;05/06/2023;00:56:25;24.05;;;;2023;05/06/2023;00:59:23;24;;;;
2024;05/06/2023;00:56:04;24.04;;;;2024;05/06/2023;00:56:40;24.06;;;;2024;05/06/2023;00:59:38;24.03;;;;
2025;05/06/2023;00:56:20;24.06;;;;2025;05/06/2023;00:56:55;24.06;;;;2025;05/06/2023;00:59:53;24.01;;;;
2026;05/06/2023;00:56:35;24.05;;;;2026;05/06/2023;00:57:10;24.05;;;;2026;05/06/2023;01:00:08;24;;;;
2027;05/06/2023;00:56:50;24.03;;;;2027;05/06/2023;00:57:25;24.05;;;;2027;05/06/2023;01:00:23;24;;;;
2028;05/06/2023;00:57:05;24.06;;;;2028;05/06/2023;00:57:40;24.06;;;;2028;05/06/2023;01:00:38;23.98;;;;
2029;05/06/2023;00:57:20;24.02;;;;2029;05/06/2023;00:57:55;24.02;;;;2029;05/06/2023;01:00:53;23.99;;;;
2030;05/06/2023;00:57:35;24.06;;;;2030;05/06/2023;00:58:10;24.05;;;;2030;05/06/2023;01:01:08;24.01;;;;
2031;05/06/2023;00:57:50;24.04;;;;2031;05/06/2023;00:58:25;24.04;;;;2031;05/06/2023;01:01:23;24.02;;;;
2032;05/06/2023;00:58:05;24.04;;;;2032;05/06/2023;00:58:40;24.08;;;;2032;05/06/2023;01:01:38;24.02;;;;
2033;05/06/2023;00:58:20;24.05;;;;2033;05/06/2023;00:58:55;24.04;;;;2033;05/06/2023;01:01:53;23.99;;;;
2034;05/06/2023;00:58:35;24.03;;;;2034;05/06/2023;00:59:10;24.05;;;;2034;05/06/2023;01:02:08;24.01;;;;
2035;05/06/2023;00:58:50;24.04;;;;2035;05/06/2023;00:59:25;24.04;;;;2035;05/06/2023;01:02:23;24;;;;
2036;05/06/2023;00:59:05;24.04;;;;2036;05/06/2023;00:59:40;24.05;;;;2036;05/06/2023;01:02:38;24.01;;;;
2037;05/06/2023;00:59:20;24.04;;;;2037;05/06/2023;00:59:55;24.06;;;;2037;05/06/2023;01:02:53;23.98;;;;
2038;05/06/2023;00:59:35;24.06;;;;2038;05/06/2023;01:00:10;24.05;;;;2038;05/06/2023;01:03:08;24.01;;;;
2039;05/06/2023;00:59:50;24.02;;;;2039;05/06/2023;01:00:25;24.05;;;;2039;05/06/2023;01:03:23;23.99;;;;
2040;05/06/2023;01:00:05;24.04;;;;2040;05/06/2023;01:00:40;24.05;;;;2040;05/06/2023;01:03:38;23.98;;;;
2041;05/06/2023;01:00:20;24.02;;;;2041;05/06/2023;01:00:55;24.05;;;;2041;05/06/2023;01:03:53;24.02;;;;
2042;05/06/2023;01:00:35;24.07;;;;2042;05/06/2023;01:01:10;24.04;;;;2042;05/06/2023;01:04:08;23.98;Synchronized;;;
2043;05/06/2023;01:00:50;24.05;;;;2043;05/06/2023;01:01:25;24.04;;;;2043;05/06/2023;01:04:23;23.99;;;;
2044;05/06/2023;01:01:05;24.05;;;;2044;05/06/2023;01:01:40;24.02;;;;2044;05/06/2023;01:04:38;24;;;;
2045;05/06/2023;01:01:20;24.03;;;;2045;05/06/2023;01:01:55;24.05;;;;2045;05/06/2023;01:04:53;24;;;;
2046;05/06/2023;01:01:35;24.04;;;;2046;05/06/2023;01:02:10;24.04;;;;2046;05/06/2023;01:05:08;24;;;;
2047;05/06/2023;01:01:50;24.02;;;;2047;05/06/2023;01:02:25;24.05;;;;2047;05/06/2023;01:05:23;24.02;;;;
2048;05/06/2023;01:02:05;24.02;;;;2048;05/06/2023;01:02:40;24.04;Synchronized;;;2048;05/06/2023;01:05:38;23.99;;;;
2049;05/06/2023;01:02:20;24.02;;;;2049;05/06/2023;01:02:55;24.05;;;;2049;05/06/2023;01:05:53;23.99;;;;
2050;05/06/2023;01:02:35;24.05;;;;2050;05/06/2023;01:03:10;24.06;;;;2050;05/06/2023;01:06:08;23.99;;;;
2051;05/06/2023;01:02:50;24.05;;;;2051;05/06/2023;01:03:25;24.04;;;;2051;05/06/2023;01:06:23;24;;;;
2052;05/06/2023;01:03:05;24.03;;;;2052;05/06/2023;01:03:40;24.05;;;;2052;05/06/2023;01:06:38;23.99;;;;
2053;05/06/2023;01:03:20;24.04;;;;2053;05/06/2023;01:03:55;24.04;;;;2053;05/06/2023;01:06:53;24.01;;;;
2054;05/06/2023;01:03:35;24.03;;;;2054;05/06/2023;01:04:09;24.05;;;;2054;05/06/2023;01:07:08;23.98;;;;
2055;05/06/2023;01:03:50;24.05;;;;2055;05/06/2023;01:04:25;24.02;;;;2055;05/06/2023;01:07:23;24;;;;
2056;05/06/2023;01:04:05;24.03;;;;2056;05/06/2023;01:04:39;24.06;;;;2056;05/06/2023;01:07:38;24.02;;;;
2057;05/06/2023;01:04:20;24.03;;;;2057;05/06/2023;01:04:55;24.05;;;;2057;05/06/2023;01:07:53;23.99;;;;
2058;05/06/2023;01:04:35;24.03;;;;2058;05/06/2023;01:05:10;24.05;;;;2058;05/06/2023;01:08:08;23.99;;;;
2059;05/06/2023;01:04:50;24.02;;;;2059;05/06/2023;01:05:25;24.06;;;;2059;05/06/2023;01:08:23;23.98;;;;
2060;05/06/2023;01:05:05;24.02;;;;2060;05/06/2023;01:05:40;24.05;;;;2060;05/06/2023;01:08:38;24;;;;
2061;05/06/2023;01:05:20;24.02;;;;2061;05/06/2023;01:05:55;24.06;;;;2061;05/06/2023;01:08:53;23.98;;;;
2062;05/06/2023;01:05:35;24.02;;;;2062;05/06/2023;01:06:10;24.04;;;;2062;05/06/2023;01:09:08;23.98;;;;
2063;05/06/2023;01:05:50;24.07;;;;2063;05/06/2023;01:06:25;24.05;;;;2063;05/06/2023;01:09:23;24;;;;
2064;05/06/2023;01:06:05;24.04;;;;2064;05/06/2023;01:06:40;24.05;;;;2064;05/06/2023;01:09:38;23.99;;;;
2065;05/06/2023;01:06:20;24.02;;;;2065;05/06/2023;01:06:54;24.04;;;;2065;05/06/2023;01:09:53;23.98;;;;
2066;05/06/2023;01:06:35;24.03;;;;2066;05/06/2023;01:07:10;24.02;;;;2066;05/06/2023;01:10:08;23.98;;;;
2067;05/06/2023;01:06:50;24.02;;;;2067;05/06/2023;01:07:25;24.04;;;;2067;05/06/2023;01:10:23;23.98;;;;
2068;05/06/2023;01:07:05;24.02;;;;2068;05/06/2023;01:07:40;24.05;;;;2068;05/06/2023;01:10:38;23.99;;;;
2069;05/06/2023;01:07:20;24.02;;;;2069;05/06/2023;01:07:54;24.02;;;;2069;05/06/2023;01:10:53;24;;;;
2070;05/06/2023;01:07:35;24.02;;;;2070;05/06/2023;01:08:09;24.05;;;;2070;05/06/2023;01:11:08;23.99;;;;
2071;05/06/2023;01:07:50;24.03;;;;2071;05/06/2023;01:08:24;24.05;;;;2071;05/06/2023;01:11:23;23.98;;;;
2072;05/06/2023;01:08:05;24.02;;;;2072;05/06/2023;01:08:39;24.04;;;;2072;05/06/2023;01:11:38;23.99;;;;
2073;05/06/2023;01:08:20;24.02;;;;2073;05/06/2023;01:08:54;24.05;;;;2073;05/06/2023;01:11:53;23.98;;;;
2074;05/06/2023;01:08:35;24.03;;;;2074;05/06/2023;01:09:09;24.05;;;;2074;05/06/2023;01:12:08;23.99;;;;
2075;05/06/2023;01:08:50;24.03;;;;2075;05/06/2023;01:09:24;24.04;;;;2075;05/06/2023;01:12:23;23.98;;;;
2076;05/06/2023;01:09:05;24.03;;;;2076;05/06/2023;01:09:39;24.05;;;;2076;05/06/2023;01:12:38;23.99;;;;
2077;05/06/2023;01:09:20;24.02;;;;2077;05/06/2023;01:09:54;24.02;;;;2077;05/06/2023;01:12:53;23.98;;;;
2078;05/06/2023;01:09:35;24.01;;;;2078;05/06/2023;01:10:09;24.04;;;;2078;05/06/2023;01:13:08;24;;;;
2079;05/06/2023;01:09:50;24.02;;;;2079;05/06/2023;01:10:25;24.02;;;;2079;05/06/2023;01:13:23;23.98;;;;
2080;05/06/2023;01:10:05;24.03;;;;2080;05/06/2023;01:10:40;24.04;;;;2080;05/06/2023;01:13:38;23.98;;;;
2081;05/06/2023;01:10:21;24;;;;2081;05/06/2023;01:10:55;24.02;;;;2081;05/06/2023;01:13:53;23.98;;;;
2082;05/06/2023;01:10:36;24.02;;;;2082;05/06/2023;01:11:10;24.02;;;;2082;05/06/2023;01:14:08;23.98;;;;
2083;05/06/2023;01:10:51;24.01;;;;2083;05/06/2023;01:11:25;24.02;;;;2083;05/06/2023;01:14:23;23.99;;;;
2084;05/06/2023;01:11:06;24.03;;;;2084;05/06/2023;01:11:39;24.05;;;;2084;05/06/2023;01:14:38;23.98;;;;
2085;05/06/2023;01:11:21;24.02;;;;2085;05/06/2023;01:11:54;24.04;;;;2085;05/06/2023;01:14:53;23.98;;;;
2086;05/06/2023;01:11:36;24.01;;;;2086;05/06/2023;01:12:09;24.05;;;;2086;05/06/2023;01:15:08;24;;;;
2087;05/06/2023;01:11:51;24.03;;;;2087;05/06/2023;01:12:25;24.04;;;;2087;05/06/2023;01:15:23;23.98;;;;
2088;05/06/2023;01:12:06;24.02;;;;2088;05/06/2023;01:12:39;24.02;;;;2088;05/06/2023;01:15:38;23.97;;;;
2089;05/06/2023;01:12:21;24.02;;;;2089;05/06/2023;01:12:54;24.02;;;;2089;05/06/2023;01:15:53;24;;;;
2090;05/06/2023;01:12:36;24.02;;;;2090;05/06/2023;01:13:09;24.02;;;;2090;05/06/2023;01:16:08;23.98;;;;
2091;05/06/2023;01:12:51;24.02;;;;2091;05/06/2023;01:13:24;24.02;;;;2091;05/06/2023;01:16:23;23.99;;;;
2092;05/06/2023;01:13:06;24.03;;;;2092;05/06/2023;01:13:39;24.01;;;;2092;05/06/2023;01:16:38;23.98;;;;
2093;05/06/2023;01:13:21;24.03;;;;2093;05/06/2023;01:13:54;24.05;;;;2093;05/06/2023;01:16:53;23.98;;;;
2094;05/06/2023;01:13:36;24;;;;2094;05/06/2023;01:14:09;24.01;;;;2094;05/06/2023;01:17:08;23.98;;;;
2095;05/06/2023;01:13:51;24.02;;;;2095;05/06/2023;01:14:24;24.02;;;;2095;05/06/2023;01:17:23;23.97;;;;
2096;05/06/2023;01:14:06;24.03;;;;2096;05/06/2023;01:14:39;24.04;;;;2096;05/06/2023;01:17:38;23.97;;;;
2097;05/06/2023;01:14:21;24.02;;;;2097;05/06/2023;01:14:54;24.02;;;;2097;05/06/2023;01:17:53;23.99;;;;
2098;05/06/2023;01:14:36;24.02;;;;2098;05/06/2023;01:15:09;24.02;;;;2098;05/06/2023;01:18:08;23.97;;;;
2099;05/06/2023;01:14:51;24.01;;;;2099;05/06/2023;01:15:24;24.02;;;;2099;05/06/2023;01:18:23;23.98;;;;
2100;05/06/2023;01:15:06;24.02;;;;2100;05/06/2023;01:15:39;24.02;;;;2100;05/06/2023;01:18:38;24;;;;
2101;05/06/2023;01:15:21;24.01;;;;2101;05/06/2023;01:15:54;24.04;;;;2101;05/06/2023;01:18:53;23.98;;;;
2102;05/06/2023;01:15:36;24.02;;;;2102;05/06/2023;01:16:09;24.02;;;;2102;05/06/2023;01:19:08;23.98;;;;
2103;05/06/2023;01:15:51;24.02;;;;2103;05/06/2023;01:16:24;24.02;;;;2103;05/06/2023;01:19:23;23.98;;;;
2104;05/06/2023;01:16:06;24.01;;;;2104;05/06/2023;01:16:39;24.01;;;;2104;05/06/2023;01:19:38;23.98;;;;
2105;05/06/2023;01:16:21;24.01;;;;2105;05/06/2023;01:16:54;24.01;;;;2105;05/06/2023;01:19:53;23.98;;;;
2106;05/06/2023;01:16:36;24.02;;;;2106;05/06/2023;01:17:09;24.02;;;;2106;05/06/2023;01:20:08;23.98;;;;
2107;05/06/2023;01:16:51;23.99;;;;2107;05/06/2023;01:17:24;24.02;;;;2107;05/06/2023;01:20:23;23.98;;;;
2108;05/06/2023;01:17:06;24.02;;;;2108;05/06/2023;01:17:39;24.02;;;;2108;05/06/2023;01:20:38;23.98;;;;
2109;05/06/2023;01:17:21;24.02;;;;2109;05/06/2023;01:17:54;24.04;;;;2109;05/06/2023;01:20:53;23.99;;;;
2110;05/06/2023;01:17:36;24.02;;;;2110;05/06/2023;01:18:09;24.05;;;;2110;05/06/2023;01:21:08;23.97;;;;
2111;05/06/2023;01:17:51;24.03;;;;2111;05/06/2023;01:18:24;24.04;;;;2111;05/06/2023;01:21:23;23.98;;;;
2112;05/06/2023;01:18:06;24.02;;;;2112;05/06/2023;01:18:39;24.02;;;;2112;05/06/2023;01:21:38;23.98;;;;
2113;05/06/2023;01:18:21;24.04;;;;2113;05/06/2023;01:18:54;24.02;;;;2113;05/06/2023;01:21:53;23.98;;;;
2114;05/06/2023;01:18:36;24.02;;;;2114;05/06/2023;01:19:09;24.01;Synchronized;;;2114;05/06/2023;01:22:08;23.98;;;;
2115;05/06/2023;01:18:51;24.02;;;;2115;05/06/2023;01:19:24;24.02;;;;2115;05/06/2023;01:22:23;23.98;;;;
2116;05/06/2023;01:19:06;24.02;;;;2116;05/06/2023;01:19:39;24.02;;;;2116;05/06/2023;01:22:38;23.98;;;;
2117;05/06/2023;01:19:21;24.02;;;;2117;05/06/2023;01:19:54;24.02;;;;2117;05/06/2023;01:22:53;23.98;;;;
2118;05/06/2023;01:19:36;24.02;;;;2118;05/06/2023;01:20:09;24.02;;;;2118;05/06/2023;01:23:07;23.98;;;;
2119;05/06/2023;01:19:51;24;;;;2119;05/06/2023;01:20:24;24.01;;;;2119;05/06/2023;01:23:22;23.97;;;;
2120;05/06/2023;01:20:06;24.02;;;;2120;05/06/2023;01:20:39;24.01;;;;2120;05/06/2023;01:23:37;23.98;;;;
2121;05/06/2023;01:20:21;24.01;;;;2121;05/06/2023;01:20:54;24.02;;;;2121;05/06/2023;01:23:52;23.97;;;;
2122;05/06/2023;01:20:36;24.02;;;;2122;05/06/2023;01:21:09;24.02;;;;2122;05/06/2023;01:24:07;23.97;;;;
2123;05/06/2023;01:20:51;24.02;;;;2123;05/06/2023;01:21:24;24.02;;;;2123;05/06/2023;01:24:22;23.96;;;;
2124;05/06/2023;01:21:06;24.02;;;;2124;05/06/2023;01:21:39;24.01;;;;2124;05/06/2023;01:24:37;23.97;;;;
2125;05/06/2023;01:21:21;24.02;;;;2125;05/06/2023;01:21:54;24.01;;;;2125;05/06/2023;01:24:52;23.98;;;;
2126;05/06/2023;01:21:36;24.01;;;;2126;05/06/2023;01:22:09;24;;;;2126;05/06/2023;01:25:07;23.97;;;;
2127;05/06/2023;01:21:51;24.01;;;;2127;05/06/2023;01:22:24;24.01;;;;2127;05/06/2023;01:25:22;23.98;;;;
2128;05/06/2023;01:22:06;24.02;;;;2128;05/06/2023;01:22:39;24;;;;2128;05/06/2023;01:25:37;23.97;;;;
2129;05/06/2023;01:22:21;24.03;;;;2129;05/06/2023;01:22:54;24.01;;;;2129;05/06/2023;01:25:52;23.98;;;;
2130;05/06/2023;01:22:36;24;;;;2130;05/06/2023;01:23:09;24.02;;;;2130;05/06/2023;01:26:07;23.98;;;;
2131;05/06/2023;01:22:51;23.99;;;;2131;05/06/2023;01:23:24;24.02;;;;2131;05/06/2023;01:26:22;23.95;;;;
2132;05/06/2023;01:23:06;24.01;;;;2132;05/06/2023;01:23:39;24;;;;2132;05/06/2023;01:26:37;23.98;;;;
2133;05/06/2023;01:23:21;24.02;Synchronized;;;2133;05/06/2023;01:23:54;24.02;;;;2133;05/06/2023;01:26:52;23.98;;;;
2134;05/06/2023;01:23:36;24;;;;2134;05/06/2023;01:24:09;24.02;;;;2134;05/06/2023;01:27:07;23.98;;;;
2135;05/06/2023;01:23:51;24.01;;;;2135;05/06/2023;01:24:24;24;;;;2135;05/06/2023;01:27:22;23.96;;;;
2136;05/06/2023;01:24:06;24;;;;2136;05/06/2023;01:24:39;24;;;;2136;05/06/2023;01:27:37;23.97;;;;
2137;05/06/2023;01:24:21;23.99;;;;2137;05/06/2023;01:24:54;24.02;;;;2137;05/06/2023;01:27:52;23.98;;;;
2138;05/06/2023;01:24:36;24.01;;;;2138;05/06/2023;01:25:09;24;;;;2138;05/06/2023;01:28:07;23.97;;;;
2139;05/06/2023;01:24:51;24;;;;2139;05/06/2023;01:25:24;24.04;;;;2139;05/06/2023;01:28:22;23.95;;;;
2140;05/06/2023;01:25:06;24;;;;2140;05/06/2023;01:25:39;24.02;;;;2140;05/06/2023;01:28:37;23.95;;;;
2141;05/06/2023;01:25:21;24;;;;2141;05/06/2023;01:25:54;24.02;;;;2141;05/06/2023;01:28:52;23.97;;;;
2142;05/06/2023;01:25:36;23.99;;;;2142;05/06/2023;01:26:09;24.02;;;;2142;05/06/2023;01:29:07;23.98;;;;
2143;05/06/2023;01:25:51;24;;;;2143;05/06/2023;01:26:24;23.99;;;;2143;05/06/2023;01:29:22;23.98;;;;
2144;05/06/2023;01:26:06;24.01;Synchronized;;;2144;05/06/2023;01:26:39;24.02;;;;2144;05/06/2023;01:29:37;23.97;;;;
2145;05/06/2023;01:26:21;23.98;;;;2145;05/06/2023;01:26:54;24.02;;;;2145;05/06/2023;01:29:52;23.98;;;;
2146;05/06/2023;01:26:36;24;;;;2146;05/06/2023;01:27:09;24.01;;;;2146;05/06/2023;01:30:07;23.97;;;;
2147;05/06/2023;01:26:51;24.01;;;;2147;05/06/2023;01:27:24;24.01;;;;2147;05/06/2023;01:30:22;23.97;;;;
2148;05/06/2023;01:27:06;24;;;;2148;05/06/2023;01:27:39;24.02;;;;2148;05/06/2023;01:30:37;23.98;;;;
2149;05/06/2023;01:27:21;24.01;;;;2149;05/06/2023;01:27:53;24;;;;2149;05/06/2023;01:30:52;23.98;;;;
2150;05/06/2023;01:27:36;24;;;;2150;05/06/2023;01:28:08;24.01;;;;2150;05/06/2023;01:31:07;23.95;;;;
2151;05/06/2023;01:27:51;24.01;;;;2151;05/06/2023;01:28:23;24;;;;2151;05/06/2023;01:31:22;23.96;;;;
2152;05/06/2023;01:28:07;24;;;;2152;05/06/2023;01:28:38;24.01;;;;2152;05/06/2023;01:31:37;23.96;;;;
2153;05/06/2023;01:28:22;24.02;;;;2153;05/06/2023;01:28:53;24;;;;2153;05/06/2023;01:31:52;23.98;;;;
2154;05/06/2023;01:28:37;24;;;;2154;05/06/2023;01:29:08;24;;;;2154;05/06/2023;01:32:07;23.96;;;;
2155;05/06/2023;01:28:52;23.99;;;;2155;05/06/2023;01:29:23;24.01;;;;2155;05/06/2023;01:32:22;23.98;;;;
2156;05/06/2023;01:29:07;23.99;;;;2156;05/06/2023;01:29:38;24.02;;;;2156;05/06/2023;01:32:37;23.98;;;;
2157;05/06/2023;01:29:22;24.01;;;;2157;05/06/2023;01:29:53;24.01;;;;2157;05/06/2023;01:32:52;23.97;;;;
2158;05/06/2023;01:29:37;24.01;;;;2158;05/06/2023;01:30:08;23.99;;;;2158;05/06/2023;01:33:07;23.97;;;;
2159;05/06/2023;01:29:52;24;;;;2159;05/06/2023;01:30:23;24.02;;;;2159;05/06/2023;01:33:22;23.98;;;;
2160;05/06/2023;01:30:07;24;;;;2160;05/06/2023;01:30:38;24.01;;;;2160;05/06/2023;01:33:37;23.95;;;;
2161;05/06/2023;01:30:22;24.01;;;;2161;05/06/2023;01:30:53;24.01;;;;2161;05/06/2023;01:33:52;23.97;;;;
2162;05/06/2023;01:30:37;24;;;;2162;05/06/2023;01:31:08;24;;;;2162;05/06/2023;01:34:07;23.98;;;;
2163;05/06/2023;01:30:52;23.99;;;;2163;05/06/2023;01:31:23;24.01;;;;2163;05/06/2023;01:34:22;23.95;;;;
2164;05/06/2023;01:31:07;24;;;;2164;05/06/2023;01:31:38;24.01;;;;2164;05/06/2023;01:34:37;23.97;;;;
2165;05/06/2023;01:31:22;24;;;;2165;05/06/2023;01:31:53;24.01;;;;2165;05/06/2023;01:34:52;23.98;;;;
2166;05/06/2023;01:31:37;24;;;;2166;05/06/2023;01:32:08;24.01;;;;2166;05/06/2023;01:35:07;23.97;;;;
2167;05/06/2023;01:31:52;24;;;;2167;05/06/2023;01:32:23;24.02;;;;2167;05/06/2023;01:35:22;23.98;;;;
2168;05/06/2023;01:32:07;24.01;;;;2168;05/06/2023;01:32:38;24;;;;2168;05/06/2023;01:35:37;23.95;;;;
2169;05/06/2023;01:32:22;24;Synchronized;;;2169;05/06/2023;01:32:53;24;;;;2169;05/06/2023;01:35:52;23.97;;;;
2170;05/06/2023;01:32:37;23.99;;;;2170;05/06/2023;01:33:08;24.02;;;;2170;05/06/2023;01:36:07;23.98;;;;
2171;05/06/2023;01:32:52;23.99;;;;2171;05/06/2023;01:33:23;24;;;;2171;05/06/2023;01:36:22;23.96;;;;
2172;05/06/2023;01:33:07;24.02;;;;2172;05/06/2023;01:33:38;23.99;;;;2172;05/06/2023;01:36:37;23.97;;;;
2173;05/06/2023;01:33:22;24.01;;;;2173;05/06/2023;01:33:53;23.98;;;;2173;05/06/2023;01:36:52;23.96;;;;
2174;05/06/2023;01:33:37;23.99;;;;2174;05/06/2023;01:34:08;24.02;;;;2174;05/06/2023;01:37:07;23.97;;;;
2175;05/06/2023;01:33:52;23.99;;;;2175;05/06/2023;01:34:23;24;;;;2175;05/06/2023;01:37:22;23.98;;;;
2176;05/06/2023;01:34:07;23.98;;;;2176;05/06/2023;01:34:38;24;;;;2176;05/06/2023;01:37:37;23.96;;;;
2177;05/06/2023;01:34:22;23.98;;;;2177;05/06/2023;01:34:53;24;;;;2177;05/06/2023;01:37:52;23.97;;;;
2178;05/06/2023;01:34:37;24.02;;;;2178;05/06/2023;01:35:08;23.99;;;;2178;05/06/2023;01:38:07;23.94;Synchronized;;;
2179;05/06/2023;01:34:52;23.98;;;;2179;05/06/2023;01:35:23;24.02;;;;2179;05/06/2023;01:38:22;23.95;;;;
2180;05/06/2023;01:35:07;24;;;;2180;05/06/2023;01:35:38;23.99;;;;2180;05/06/2023;01:38:37;23.96;;;;
2181;05/06/2023;01:35:22;23.98;;;;2181;05/06/2023;01:35:53;23.99;;;;2181;05/06/2023;01:38:52;23.95;;;;
2182;05/06/2023;01:35:37;24;;;;2182;05/06/2023;01:36:08;24.02;;;;2182;05/06/2023;01:39:07;23.96;;;;
2183;05/06/2023;01:35:52;24.01;;;;2183;05/06/2023;01:36:23;23.98;;;;2183;05/06/2023;01:39:22;23.96;;;;
2184;05/06/2023;01:36:07;24;Synchronized;;;2184;05/06/2023;01:36:38;24.02;;;;2184;05/06/2023;01:39:37;23.95;;;;
2185;05/06/2023;01:36:22;24.01;;;;2185;05/06/2023;01:36:53;24;;;;2185;05/06/2023;01:39:52;23.95;Synchronized;;;
2186;05/06/2023;01:36:37;24.01;;;;2186;05/06/2023;01:37:08;24;;;;2186;05/06/2023;01:40:07;23.96;;;;
2187;05/06/2023;01:36:52;24;;;;2187;05/06/2023;01:37:23;24.01;;;;2187;05/06/2023;01:40:22;23.96;;;;
2188;05/06/2023;01:37:07;23.99;;;;2188;05/06/2023;01:37:38;24;;;;2188;05/06/2023;01:40:37;23.95;;;;
2189;05/06/2023;01:37:22;24;;;;2189;05/06/2023;01:37:53;23.99;;;;2189;05/06/2023;01:40:52;23.95;;;;
2190;05/06/2023;01:37:37;24;;;;2190;05/06/2023;01:38:08;24;;;;2190;05/06/2023;01:41:07;23.96;;;;
2191;05/06/2023;01:37:52;23.99;;;;2191;05/06/2023;01:38:23;24;;;;2191;05/06/2023;01:41:22;23.96;;;;
2192;05/06/2023;01:38:07;24;;;;2192;05/06/2023;01:38:38;23.98;;;;2192;05/06/2023;01:41:37;23.96;;;;
2193;05/06/2023;01:38:22;23.99;;;;2193;05/06/2023;01:38:53;24;;;;2193;05/06/2023;01:41:52;23.96;;;;
2194;05/06/2023;01:38:37;24;;;;2194;05/06/2023;01:39:08;23.98;;;;2194;05/06/2023;01:42:07;23.97;;;;
2195;05/06/2023;01:38:52;24;;;;2195;05/06/2023;01:39:23;23.98;;;;2195;05/06/2023;01:42:22;23.95;;;;
2196;05/06/2023;01:39:07;23.99;Synchronized;;;2196;05/06/2023;01:39:38;24;;;;2196;05/06/2023;01:42:37;23.95;;;;
2197;05/06/2023;01:39:22;23.99;;;;2197;05/06/2023;01:39:53;23.98;;;;2197;05/06/2023;01:42:52;23.95;;;;
2198;05/06/2023;01:39:37;23.99;;;;2198;05/06/2023;01:40:08;24;;;;2198;05/06/2023;01:43:07;23.97;;;;
2199;05/06/2023;01:39:52;24;;;;2199;05/06/2023;01:40:23;24;;;;2199;05/06/2023;01:43:22;23.97;;;;
2200;05/06/2023;01:40:07;24;;;;2200;05/06/2023;01:40:38;24;;;;2200;05/06/2023;01:43:37;23.95;Synchronized;;;
2201;05/06/2023;01:40:22;23.98;;;;2201;05/06/2023;01:40:53;23.99;;;;2201;05/06/2023;01:43:52;23.96;;;;
2202;05/06/2023;01:40:37;23.98;;;;2202;05/06/2023;01:41:08;23.99;;;;2202;05/06/2023;01:44:07;23.94;;;;
2203;05/06/2023;01:40:52;24;;;;2203;05/06/2023;01:41:23;23.99;;;;2203;05/06/2023;01:44:22;23.95;;;;
2204;05/06/2023;01:41:07;23.99;;;;2204;05/06/2023;01:41:38;23.99;;;;2204;05/06/2023;01:44:37;23.95;;;;
2205;05/06/2023;01:41:23;23.99;;;;2205;05/06/2023;01:41:53;23.98;;;;2205;05/06/2023;01:44:52;23.97;;;;
2206;05/06/2023;01:41:37;23.99;;;;2206;05/06/2023;01:42:08;23.98;;;;2206;05/06/2023;01:45:07;23.95;;;;
2207;05/06/2023;01:41:53;23.98;;;;2207;05/06/2023;01:42:23;24;;;;2207;05/06/2023;01:45:22;23.95;;;;
2208;05/06/2023;01:42:08;23.99;;;;2208;05/06/2023;01:42:38;23.98;;;;2208;05/06/2023;01:45:37;23.97;;;;
2209;05/06/2023;01:42:23;23.99;;;;2209;05/06/2023;01:42:53;24;;;;2209;05/06/2023;01:45:52;23.96;;;;
2210;05/06/2023;01:42:38;23.99;;;;2210;05/06/2023;01:43:08;23.99;;;;2210;05/06/2023;01:46:07;23.97;;;;
2211;05/06/2023;01:42:53;24;;;;2211;05/06/2023;01:43:23;23.99;;;;2211;05/06/2023;01:46:22;23.95;;;;
2212;05/06/2023;01:43:08;23.98;;;;2212;05/06/2023;01:43:38;24.01;;;;2212;05/06/2023;01:46:37;23.96;;;;
2213;05/06/2023;01:43:23;23.98;;;;2213;05/06/2023;01:43:53;24;;;;2213;05/06/2023;01:46:52;23.95;;;;
2214;05/06/2023;01:43:38;24.01;;;;2214;05/06/2023;01:44:08;24.02;;;;2214;05/06/2023;01:47:07;23.96;;;;
2215;05/06/2023;01:43:53;23.98;;;;2215;05/06/2023;01:44:23;24;;;;2215;05/06/2023;01:47:22;23.95;;;;
2216;05/06/2023;01:44:08;24;;;;2216;05/06/2023;01:44:38;24.01;;;;2216;05/06/2023;01:47:37;23.96;;;;
2217;05/06/2023;01:44:23;23.99;;;;2217;05/06/2023;01:44:53;23.98;;;;2217;05/06/2023;01:47:52;23.96;;;;
2218;05/06/2023;01:44:38;23.99;;;;2218;05/06/2023;01:45:08;23.99;;;;2218;05/06/2023;01:48:07;23.95;Synchronized;;;
2219;05/06/2023;01:44:53;23.98;;;;2219;05/06/2023;01:45:23;23.98;;;;2219;05/06/2023;01:48:22;23.95;;;;
2220;05/06/2023;01:45:08;23.98;;;;2220;05/06/2023;01:45:38;24;;;;2220;05/06/2023;01:48:37;23.97;;;;
2221;05/06/2023;01:45:23;23.98;;;;2221;05/06/2023;01:45:53;24.01;;;;2221;05/06/2023;01:48:52;23.95;;;;
2222;05/06/2023;01:45:38;23.98;;;;2222;05/06/2023;01:46:08;23.97;;;;2222;05/06/2023;01:49:07;23.96;;;;
2223;05/06/2023;01:45:53;23.99;;;;2223;05/06/2023;01:46:23;24;;;;2223;05/06/2023;01:49:22;23.95;;;;
2224;05/06/2023;01:46:08;23.98;;;;2224;05/06/2023;01:46:37;23.99;;;;2224;05/06/2023;01:49:37;23.93;;;;
2225;05/06/2023;01:46:23;23.99;;;;2225;05/06/2023;01:46:52;23.99;;;;2225;05/06/2023;01:49:52;23.95;;;;
2226;05/06/2023;01:46:38;23.99;;;;2226;05/06/2023;01:47:07;23.99;Synchronized;;;2226;05/06/2023;01:50:07;23.95;;;;
2227;05/06/2023;01:46:53;23.98;;;;2227;05/06/2023;01:47:22;24;;;;2227;05/06/2023;01:50:22;23.95;;;;
2228;05/06/2023;01:47:08;23.98;;;;2228;05/06/2023;01:47:37;23.99;;;;2228;05/06/2023;01:50:37;23.96;;;;
2229;05/06/2023;01:47:23;24;;;;2229;05/06/2023;01:47:52;23.99;;;;2229;05/06/2023;01:50:52;23.95;;;;
2230;05/06/2023;01:47:38;23.98;;;;2230;05/06/2023;01:48:07;23.99;Synchronized;;;2230;05/06/2023;01:51:07;23.95;;;;
2231;05/06/2023;01:47:53;23.98;;;;2231;05/06/2023;01:48:22;23.99;;;;2231;05/06/2023;01:51:22;23.98;;;;
2232;05/06/2023;01:48:08;23.98;;;;2232;05/06/2023;01:48:37;24;;;;2232;05/06/2023;01:51:37;23.95;;;;
2233;05/06/2023;01:48:23;23.99;;;;2233;05/06/2023;01:48:52;24;;;;2233;05/06/2023;01:51:52;23.94;;;;
2234;05/06/2023;01:48:38;23.98;;;;2234;05/06/2023;01:49:07;23.99;;;;2234;05/06/2023;01:52:07;23.95;;;;
2235;05/06/2023;01:48:53;23.99;;;;2235;05/06/2023;01:49:22;23.98;;;;2235;05/06/2023;01:52:22;23.95;;;;
2236;05/06/2023;01:49:08;23.99;;;;2236;05/06/2023;01:49:37;23.98;;;;2236;05/06/2023;01:52:37;23.96;;;;
2237;05/06/2023;01:49:23;23.98;;;;2237;05/06/2023;01:49:52;23.99;;;;2237;05/06/2023;01:52:52;23.96;;;;
2238;05/06/2023;01:49:38;23.98;;;;2238;05/06/2023;01:50:07;23.99;;;;2238;05/06/2023;01:53:07;23.94;Synchronized;;;
2239;05/06/2023;01:49:53;23.99;;;;2239;05/06/2023;01:50:22;23.98;;;;2239;05/06/2023;01:53:22;23.95;;;;
2240;05/06/2023;01:50:08;23.99;;;;2240;05/06/2023;01:50:37;23.98;;;;2240;05/06/2023;01:53:37;23.94;;;;
2241;05/06/2023;01:50:23;23.98;;;;2241;05/06/2023;01:50:52;23.99;;;;2241;05/06/2023;01:53:52;23.94;;;;
2242;05/06/2023;01:50:38;23.98;;;;2242;05/06/2023;01:51:07;23.99;;;;2242;05/06/2023;01:54:07;23.94;;;;
2243;05/06/2023;01:50:53;23.98;;;;2243;05/06/2023;01:51:22;23.99;;;;2243;05/06/2023;01:54:22;23.95;;;;
2244;05/06/2023;01:51:08;23.98;;;;2244;05/06/2023;01:51:37;23.98;;;;2244;05/06/2023;01:54:37;23.95;;;;
2245;05/06/2023;01:51:23;23.99;;;;2245;05/06/2023;01:51:52;23.98;;;;2245;05/06/2023;01:54:52;23.94;;;;
2246;05/06/2023;01:51:38;23.99;;;;2246;05/06/2023;01:52:07;23.99;;;;2246;05/06/2023;01:55:07;23.95;;;;
2247;05/06/2023;01:51:53;23.98;;;;2247;05/06/2023;01:52:22;23.98;;;;2247;05/06/2023;01:55:22;23.92;;;;
2248;05/06/2023;01:52:08;23.98;;;;2248;05/06/2023;01:52:37;24;;;;2248;05/06/2023;01:55:37;23.95;;;;
2249;05/06/2023;01:52:23;23.98;;;;2249;05/06/2023;01:52:52;23.97;;;;2249;05/06/2023;01:55:52;23.93;;;;
2250;05/06/2023;01:52:38;23.99;;;;2250;05/06/2023;01:53:07;23.98;;;;2250;05/06/2023;01:56:07;23.95;Synchronized;;;
2251;05/06/2023;01:52:53;23.98;;;;2251;05/06/2023;01:53:22;23.99;;;;2251;05/06/2023;01:56:22;23.95;;;;
2252;05/06/2023;01:53:08;23.99;;;;2252;05/06/2023;01:53:37;24;;;;2252;05/06/2023;01:56:37;23.94;;;;
2253;05/06/2023;01:53:23;23.98;;;;2253;05/06/2023;01:53:52;23.99;;;;2253;05/06/2023;01:56:52;23.94;;;;
2254;05/06/2023;01:53:38;23.98;;;;2254;05/06/2023;01:54:07;23.98;;;;2254;05/06/2023;01:57:07;23.95;;;;
2255;05/06/2023;01:53:53;23.98;;;;2255;05/06/2023;01:54:22;23.99;;;;2255;05/06/2023;01:57:22;23.95;;;;
2256;05/06/2023;01:54:08;23.98;;;;2256;05/06/2023;01:54:37;23.97;;;;2256;05/06/2023;01:57:37;23.93;;;;
2257;05/06/2023;01:54:23;23.98;;;;2257;05/06/2023;01:54:52;23.98;;;;2257;05/06/2023;01:57:52;23.95;;;;
2258;05/06/2023;01:54:38;23.98;;;;2258;05/06/2023;01:55:07;24;;;;2258;05/06/2023;01:58:07;23.95;;;;
2259;05/06/2023;01:54:53;23.99;;;;2259;05/06/2023;01:55:22;24;;;;2259;05/06/2023;01:58:22;23.95;Synchronized;;;
2260;05/06/2023;01:55:08;23.99;;;;2260;05/06/2023;01:55:37;23.99;;;;2260;05/06/2023;01:58:37;23.94;;;;
2261;05/06/2023;01:55:23;23.96;;;;2261;05/06/2023;01:55:52;23.98;;;;2261;05/06/2023;01:58:52;23.95;Synchronized;;;
2262;05/06/2023;01:55:38;23.98;;;;2262;05/06/2023;01:56:07;23.98;;;;2262;05/06/2023;01:59:07;23.95;;;;
2263;05/06/2023;01:55:53;23.97;;;;2263;05/06/2023;01:56:22;23.98;;;;2263;05/06/2023;01:59:22;23.95;;;;
2264;05/06/2023;01:56:08;23.98;;;;2264;05/06/2023;01:56:37;23.98;;;;2264;05/06/2023;01:59:37;23.94;;;;
2265;05/06/2023;01:56:23;23.96;;;;2265;05/06/2023;01:56:52;23.98;;;;2265;05/06/2023;01:59:52;23.95;;;;
2266;05/06/2023;01:56:38;23.98;;;;2266;05/06/2023;01:57:07;23.98;;;;2266;05/06/2023;02:00:07;23.95;;;;
2267;05/06/2023;01:56:53;23.99;;;;2267;05/06/2023;01:57:22;23.99;;;;2267;05/06/2023;02:00:22;23.95;;;;
2268;05/06/2023;01:57:08;23.98;;;;2268;05/06/2023;01:57:37;23.97;;;;2268;05/06/2023;02:00:37;23.96;;;;
2269;05/06/2023;01:57:23;23.98;;;;2269;05/06/2023;01:57:52;23.98;;;;2269;05/06/2023;02:00:52;23.94;Synchronized;;;
2270;05/06/2023;01:57:38;23.99;;;;2270;05/06/2023;01:58:07;23.98;;;;2270;05/06/2023;02:01:07;23.95;Synchronized;;;
2271;05/06/2023;01:57:54;23.98;;;;2271;05/06/2023;01:58:22;23.98;;;;2271;05/06/2023;02:01:22;23.92;;;;
2272;05/06/2023;01:58:09;23.98;;;;2272;05/06/2023;01:58:37;23.98;;;;2272;05/06/2023;02:01:37;23.95;;;;
2273;05/06/2023;01:58:24;23.98;;;;2273;05/06/2023;01:58:52;23.99;;;;2273;05/06/2023;02:01:52;23.94;;;;
2274;05/06/2023;01:58:39;23.99;;;;2274;05/06/2023;01:59:07;23.98;;;;2274;05/06/2023;02:02:07;23.96;;;;
2275;05/06/2023;01:58:54;23.96;;;;2275;05/06/2023;01:59:22;23.98;;;;2275;05/06/2023;02:02:22;23.95;;;;
2276;05/06/2023;01:59:09;23.98;;;;2276;05/06/2023;01:59:37;23.99;;;;2276;05/06/2023;02:02:37;23.93;;;;
2277;05/06/2023;01:59:24;23.98;;;;2277;05/06/2023;01:59:52;23.99;;;;2277;05/06/2023;02:02:52;23.93;;;;
2278;05/06/2023;01:59:39;23.98;;;;2278;05/06/2023;02:00:07;23.98;;;;2278;05/06/2023;02:03:07;23.94;;;;
2279;05/06/2023;01:59:54;23.98;;;;2279;05/06/2023;02:00:22;23.98;;;;2279;05/06/2023;02:03:22;23.93;;;;
2280;05/06/2023;02:00:09;23.96;;;;2280;05/06/2023;02:00:37;23.98;;;;2280;05/06/2023;02:03:37;23.94;;;;
2281;05/06/2023;02:00:24;23.97;;;;2281;05/06/2023;02:00:52;23.97;;;;2281;05/06/2023;02:03:52;23.94;;;;
2282;05/06/2023;02:00:39;23.96;;;;2282;05/06/2023;02:01:07;23.98;;;;2282;05/06/2023;02:04:07;23.94;;;;
2283;05/06/2023;02:00:54;23.98;;;;2283;05/06/2023;02:01:22;23.99;;;;2283;05/06/2023;02:04:22;23.94;;;;
2284;05/06/2023;02:01:09;23.98;;;;2284;05/06/2023;02:01:37;24;;;;2284;05/06/2023;02:04:37;23.94;;;;
2285;05/06/2023;02:01:24;23.99;;;;2285;05/06/2023;02:01:52;23.98;;;;2285;05/06/2023;02:04:52;23.93;;;;
2286;05/06/2023;02:01:39;23.98;;;;2286;05/06/2023;02:02:07;23.99;;;;2286;05/06/2023;02:05:07;23.95;;;;
2287;05/06/2023;02:01:54;23.97;;;;2287;05/06/2023;02:02:22;23.98;;;;2287;05/06/2023;02:05:22;23.95;;;;
2288;05/06/2023;02:02:09;23.97;;;;2288;05/06/2023;02:02:36;23.98;;;;2288;05/06/2023;02:05:37;23.93;;;;
2289;05/06/2023;02:02:24;23.98;;;;2289;05/06/2023;02:02:51;23.98;;;;2289;05/06/2023;02:05:52;23.94;;;;
2290;05/06/2023;02:02:39;23.97;;;;2290;05/06/2023;02:03:06;23.98;;;;2290;05/06/2023;02:06:07;23.95;;;;
2291;05/06/2023;02:02:54;23.97;;;;2291;05/06/2023;02:03:21;23.97;;;;2291;05/06/2023;02:06:22;23.92;;;;
2292;05/06/2023;02:03:09;23.98;;;;2292;05/06/2023;02:03:36;23.98;;;;2292;05/06/2023;02:06:37;23.95;;;;
2293;05/06/2023;02:03:24;23.98;;;;2293;05/06/2023;02:03:51;23.99;;;;2293;05/06/2023;02:06:52;23.94;;;;
2294;05/06/2023;02:03:39;23.97;;;;2294;05/06/2023;02:04:06;23.97;;;;2294;05/06/2023;02:07:07;23.94;;;;
2295;05/06/2023;02:03:54;23.98;;;;2295;05/06/2023;02:04:21;23.98;;;;2295;05/06/2023;02:07:22;23.94;;;;
2296;05/06/2023;02:04:09;23.97;;;;2296;05/06/2023;02:04:36;23.98;;;;2296;05/06/2023;02:07:37;23.94;;;;
2297;05/06/2023;02:04:24;23.98;;;;2297;05/06/2023;02:04:51;23.98;;;;2297;05/06/2023;02:07:52;23.95;;;;
2298;05/06/2023;02:04:39;23.98;;;;2298;05/06/2023;02:05:06;23.96;;;;2298;05/06/2023;02:08:07;23.95;;;;
2299;05/06/2023;02:04:54;23.97;;;;2299;05/06/2023;02:05:21;23.97;;;;2299;05/06/2023;02:08:22;23.95;;;;
2300;05/06/2023;02:05:09;23.95;;;;2300;05/06/2023;02:05:36;23.99;;;;2300;05/06/2023;02:08:37;23.94;;;;
2301;05/06/2023;02:05:24;23.97;;;;2301;05/06/2023;02:05:51;23.97;;;;2301;05/06/2023;02:08:52;23.92;;;;
2302;05/06/2023;02:05:39;23.98;;;;2302;05/06/2023;02:06:06;23.97;;;;2302;05/06/2023;02:09:07;23.94;;;;
2303;05/06/2023;02:05:54;23.97;;;;2303;05/06/2023;02:06:21;23.97;;;;2303;05/06/2023;02:09:22;23.93;;;;
2304;05/06/2023;02:06:09;23.96;;;;2304;05/06/2023;02:06:36;23.97;;;;2304;05/06/2023;02:09:37;23.92;;;;
2305;05/06/2023;02:06:24;23.97;;;;2305;05/06/2023;02:06:51;23.97;;;;2305;05/06/2023;02:09:52;23.94;;;;
2306;05/06/2023;02:06:39;23.98;;;;2306;05/06/2023;02:07:06;23.97;;;;2306;05/06/2023;02:10:07;23.92;;;;
2307;05/06/2023;02:06:54;23.96;;;;2307;05/06/2023;02:07:21;23.97;;;;2307;05/06/2023;02:10:22;23.95;;;;
2308;05/06/2023;02:07:09;23.98;;;;2308;05/06/2023;02:07:36;23.99;;;;2308;05/06/2023;02:10:37;23.94;;;;
2309;05/06/2023;02:07:24;23.98;;;;2309;05/06/2023;02:07:51;23.98;;;;2309;05/06/2023;02:10:52;23.95;;;;
2310;05/06/2023;02:07:39;23.98;;;;2310;05/06/2023;02:08:06;23.98;;;;2310;05/06/2023;02:11:07;23.94;;;;
2311;05/06/2023;02:07:54;23.98;;;;2311;05/06/2023;02:08:21;23.97;;;;2311;05/06/2023;02:11:22;23.93;Synchronized;;;
2312;05/06/2023;02:08:09;23.98;;;;2312;05/06/2023;02:08:36;23.96;;;;2312;05/06/2023;02:11:37;23.92;;;;
2313;05/06/2023;02:08:24;23.96;Synchronized;;;2313;05/06/2023;02:08:51;23.97;;;;2313;05/06/2023;02:11:52;23.92;;;;
2314;05/06/2023;02:08:39;23.97;;;;2314;05/06/2023;02:09:06;23.97;;;;2314;05/06/2023;02:12:07;23.95;;;;
2315;05/06/2023;02:08:54;23.97;;;;2315;05/06/2023;02:09:21;23.97;;;;2315;05/06/2023;02:12:22;23.92;;;;
2316;05/06/2023;02:09:09;23.98;;;;2316;05/06/2023;02:09:36;23.98;;;;2316;05/06/2023;02:12:37;23.91;;;;
2317;05/06/2023;02:09:24;23.98;;;;2317;05/06/2023;02:09:51;23.99;;;;2317;05/06/2023;02:12:52;23.93;;;;
2318;05/06/2023;02:09:39;23.98;;;;2318;05/06/2023;02:10:06;23.98;;;;2318;05/06/2023;02:13:07;23.95;;;;
2319;05/06/2023;02:09:54;23.98;;;;2319;05/06/2023;02:10:21;23.98;;;;2319;05/06/2023;02:13:22;23.91;;;;
2320;05/06/2023;02:10:09;23.97;;;;2320;05/06/2023;02:10:36;23.98;;;;2320;05/06/2023;02:13:37;23.93;;;;
2321;05/06/2023;02:10:24;23.97;;;;2321;05/06/2023;02:10:51;23.96;;;;2321;05/06/2023;02:13:52;23.93;;;;
2322;05/06/2023;02:10:39;23.97;;;;2322;05/06/2023;02:11:06;23.98;;;;2322;05/06/2023;02:14:07;23.91;;;;
2323;05/06/2023;02:10:54;23.98;;;;2323;05/06/2023;02:11:21;23.98;;;;2323;05/06/2023;02:14:22;23.91;;;;
2324;05/06/2023;02:11:09;23.98;;;;2324;05/06/2023;02:11:36;23.98;;;;2324;05/06/2023;02:14:37;23.93;;;;
2325;05/06/2023;02:11:24;23.96;;;;2325;05/06/2023;02:11:51;23.97;;;;2325;05/06/2023;02:14:52;23.92;;;;
2326;05/06/2023;02:11:39;23.95;;;;2326;05/06/2023;02:12:06;23.95;;;;2326;05/06/2023;02:15:07;23.94;;;;
2327;05/06/2023;02:11:54;23.95;;;;2327;05/06/2023;02:12:21;23.97;;;;2327;05/06/2023;02:15:22;23.93;;;;
2328;05/06/2023;02:12:09;23.97;Synchronized;;;2328;05/06/2023;02:12:36;23.98;;;;2328;05/06/2023;02:15:37;23.94;;;;
2329;05/06/2023;02:12:24;23.98;;;;2329;05/06/2023;02:12:51;23.97;;;;2329;05/06/2023;02:15:52;23.92;;;;
2330;05/06/2023;02:12:39;23.98;;;;2330;05/06/2023;02:13:06;23.96;;;;2330;05/06/2023;02:16:07;23.93;;;;
2331;05/06/2023;02:12:54;23.96;;;;2331;05/06/2023;02:13:21;23.98;;;;2331;05/06/2023;02:16:22;23.94;;;;
2332;05/06/2023;02:13:09;23.96;;;;2332;05/06/2023;02:13:36;23.97;;;;2332;05/06/2023;02:16:37;23.93;;;;
2333;05/06/2023;02:13:24;23.97;;;;2333;05/06/2023;02:13:51;23.96;;;;2333;05/06/2023;02:16:52;23.93;;;;
2334;05/06/2023;02:13:39;23.97;;;;2334;05/06/2023;02:14:06;23.98;;;;2334;05/06/2023;02:17:07;23.93;;;;
2335;05/06/2023;02:13:54;23.97;;;;2335;05/06/2023;02:14:21;23.96;;;;2335;05/06/2023;02:17:22;23.94;;;;
2336;05/06/2023;02:14:09;23.96;;;;2336;05/06/2023;02:14:36;23.96;;;;2336;05/06/2023;02:17:37;23.92;Synchronized;;;
2337;05/06/2023;02:14:24;23.98;;;;2337;05/06/2023;02:14:51;23.98;;;;2337;05/06/2023;02:17:52;23.93;;;;
2338;05/06/2023;02:14:39;23.95;;;;2338;05/06/2023;02:15:05;23.96;;;;2338;05/06/2023;02:18:07;23.93;;;;
2339;05/06/2023;02:14:54;23.95;;;;2339;05/06/2023;02:15:20;23.95;;;;2339;05/06/2023;02:18:22;23.94;;;;
2340;05/06/2023;02:15:09;23.97;;;;2340;05/06/2023;02:15:35;23.96;;;;2340;05/06/2023;02:18:37;23.91;;;;
2341;05/06/2023;02:15:24;23.98;;;;2341;05/06/2023;02:15:50;23.95;;;;2341;05/06/2023;02:18:52;23.93;;;;
2342;05/06/2023;02:15:39;23.97;;;;2342;05/06/2023;02:16:05;23.96;;;;2342;05/06/2023;02:19:07;23.91;;;;
2343;05/06/2023;02:15:54;23.98;;;;2343;05/06/2023;02:16:20;23.97;;;;2343;05/06/2023;02:19:22;23.92;;;;
2344;05/06/2023;02:16:09;23.96;;;;2344;05/06/2023;02:16:35;23.95;;;;2344;05/06/2023;02:19:37;23.94;;;;
2345;05/06/2023;02:16:24;23.96;;;;2345;05/06/2023;02:16:50;23.95;;;;2345;05/06/2023;02:19:52;23.91;;;;
2346;05/06/2023;02:16:39;23.96;;;;2346;05/06/2023;02:17:05;23.98;;;;2346;05/06/2023;02:20:07;23.92;;;;
2347;05/06/2023;02:16:55;23.95;;;;2347;05/06/2023;02:17:20;23.96;;;;2347;05/06/2023;02:20:22;23.93;;;;
2348;05/06/2023;02:17:09;23.97;;;;2348;05/06/2023;02:17:35;23.97;;;;2348;05/06/2023;02:20:37;23.92;;;;
2349;05/06/2023;02:17:25;23.95;;;;2349;05/06/2023;02:17:50;23.98;;;;2349;05/06/2023;02:20:52;23.93;;;;
2350;05/06/2023;02:17:40;23.95;;;;2350;05/06/2023;02:18:05;23.96;;;;2350;05/06/2023;02:21:07;23.92;;;;
2351;05/06/2023;02:17:55;23.97;;;;2351;05/06/2023;02:18:20;23.97;;;;2351;05/06/2023;02:21:22;23.92;;;;
2352;05/06/2023;02:18:09;23.95;;;;2352;05/06/2023;02:18:35;23.97;;;;2352;05/06/2023;02:21:37;23.92;;;;
2353;05/06/2023;02:18:25;23.95;;;;2353;05/06/2023;02:18:50;23.96;;;;2353;05/06/2023;02:21:52;23.93;;;;
2354;05/06/2023;02:18:40;23.96;;;;2354;05/06/2023;02:19:05;23.96;;;;2354;05/06/2023;02:22:07;23.91;;;;
2355;05/06/2023;02:18:55;23.95;;;;2355;05/06/2023;02:19:20;23.95;;;;2355;05/06/2023;02:22:22;23.91;;;;
2356;05/06/2023;02:19:10;23.95;;;;2356;05/06/2023;02:19:35;23.96;;;;2356;05/06/2023;02:22:37;23.92;;;;
2357;05/06/2023;02:19:25;23.95;;;;2357;05/06/2023;02:19:50;23.98;;;;2357;05/06/2023;02:22:52;23.92;;;;
2358;05/06/2023;02:19:40;23.96;;;;2358;05/06/2023;02:20:05;23.96;;;;2358;05/06/2023;02:23:07;23.91;;;;
2359;05/06/2023;02:19:55;23.97;;;;2359;05/06/2023;02:20:20;23.96;;;;2359;05/06/2023;02:23:22;23.91;;;;
2360;05/06/2023;02:20:10;23.95;;;;2360;05/06/2023;02:20:35;23.95;;;;2360;05/06/2023;02:23:37;23.93;;;;
2361;05/06/2023;02:20:25;23.95;;;;2361;05/06/2023;02:20:50;23.95;;;;2361;05/06/2023;02:23:52;23.91;;;;
2362;05/06/2023;02:20:40;23.96;;;;2362;05/06/2023;02:21:05;23.97;;;;2362;05/06/2023;02:24:07;23.93;;;;
2363;05/06/2023;02:20:55;23.98;;;;2363;05/06/2023;02:21:20;23.97;;;;2363;05/06/2023;02:24:22;23.92;;;;
2364;05/06/2023;02:21:10;23.96;;;;2364;05/06/2023;02:21:35;23.96;;;;2364;05/06/2023;02:24:37;23.91;;;;
2365;05/06/2023;02:21:25;23.95;;;;2365;05/06/2023;02:21:50;23.96;;;;2365;05/06/2023;02:24:52;23.91;;;;
2366;05/06/2023;02:21:40;23.97;;;;2366;05/06/2023;02:22:05;23.97;Synchronized;;;2366;05/06/2023;02:25:07;23.92;;;;
2367;05/06/2023;02:21:55;23.97;Synchronized;;;2367;05/06/2023;02:22:20;23.95;;;;2367;05/06/2023;02:25:22;23.91;;;;
2368;05/06/2023;02:22:10;23.97;;;;2368;05/06/2023;02:22:35;23.96;;;;2368;05/06/2023;02:25:37;23.91;;;;
2369;05/06/2023;02:22:25;23.95;;;;2369;05/06/2023;02:22:50;23.96;;;;2369;05/06/2023;02:25:52;23.91;;;;
2370;05/06/2023;02:22:40;23.95;;;;2370;05/06/2023;02:23:05;23.95;;;;2370;05/06/2023;02:26:07;23.92;;;;
2371;05/06/2023;02:22:55;23.95;;;;2371;05/06/2023;02:23:20;23.95;;;;2371;05/06/2023;02:26:22;23.91;;;;
2372;05/06/2023;02:23:10;23.95;;;;2372;05/06/2023;02:23:35;23.96;;;;2372;05/06/2023;02:26:37;23.91;;;;
2373;05/06/2023;02:23:25;23.96;;;;2373;05/06/2023;02:23:50;23.95;;;;2373;05/06/2023;02:26:52;23.92;;;;
2374;05/06/2023;02:23:40;23.94;;;;2374;05/06/2023;02:24:05;23.95;;;;2374;05/06/2023;02:27:07;23.94;;;;
2375;05/06/2023;02:23:55;23.95;;;;2375;05/06/2023;02:24:20;23.96;;;;2375;05/06/2023;02:27:22;23.91;;;;
2376;05/06/2023;02:24:10;23.96;;;;2376;05/06/2023;02:24:35;23.98;;;;2376;05/06/2023;02:27:37;23.91;;;;
2377;05/06/2023;02:24:25;23.96;;;;2377;05/06/2023;02:24:50;23.96;;;;2377;05/06/2023;02:27:52;23.91;;;;
2378;05/06/2023;02:24:40;23.96;;;;2378;05/06/2023;02:25:05;23.95;;;;2378;05/06/2023;02:28:07;23.92;;;;
2379;05/06/2023;02:24:55;23.96;;;;2379;05/06/2023;02:25:20;23.98;;;;2379;05/06/2023;02:28:22;23.91;;;;
2380;05/06/2023;02:25:10;23.94;;;;2380;05/06/2023;02:25:35;23.97;;;;2380;05/06/2023;02:28:37;23.91;;;;
2381;05/06/2023;02:25:25;23.96;;;;2381;05/06/2023;02:25:50;23.95;;;;2381;05/06/2023;02:28:52;23.9;;;;
2382;05/06/2023;02:25:40;23.96;;;;2382;05/06/2023;02:26:05;23.97;;;;2382;05/06/2023;02:29:07;23.93;;;;
2383;05/06/2023;02:25:55;23.96;;;;2383;05/06/2023;02:26:20;23.96;;;;2383;05/06/2023;02:29:22;23.91;;;;
2384;05/06/2023;02:26:10;23.95;;;;2384;05/06/2023;02:26:35;23.95;;;;2384;05/06/2023;02:29:37;23.9;;;;
2385;05/06/2023;02:26:25;23.95;;;;2385;05/06/2023;02:26:50;23.95;;;;2385;05/06/2023;02:29:52;23.91;;;;
2386;05/06/2023;02:26:40;23.95;;;;2386;05/06/2023;02:27:05;23.95;;;;2386;05/06/2023;02:30:07;23.92;;;;
2387;05/06/2023;02:26:55;23.97;;;;2387;05/06/2023;02:27:20;23.94;;;;2387;05/06/2023;02:30:22;23.91;;;;
2388;05/06/2023;02:27:10;23.95;;;;2388;05/06/2023;02:27:35;23.96;;;;2388;05/06/2023;02:30:37;23.91;;;;
2389;05/06/2023;02:27:25;23.95;;;;2389;05/06/2023;02:27:50;23.95;;;;2389;05/06/2023;02:30:52;23.92;;;;
2390;05/06/2023;02:27:40;23.95;;;;2390;05/06/2023;02:28:05;23.95;;;;2390;05/06/2023;02:31:07;23.92;;;;
2391;05/06/2023;02:27:55;23.96;;;;2391;05/06/2023;02:28:20;23.96;;;;2391;05/06/2023;02:31:22;23.91;;;;
2392;05/06/2023;02:28:10;23.95;;;;2392;05/06/2023;02:28:35;23.95;;;;2392;05/06/2023;02:31:37;23.91;;;;
2393;05/06/2023;02:28:25;23.96;;;;2393;05/06/2023;02:28:50;23.96;;;;2393;05/06/2023;02:31:52;23.92;Synchronized;;;
2394;05/06/2023;02:28:40;23.96;;;;2394;05/06/2023;02:29:05;23.95;;;;2394;05/06/2023;02:32:07;23.91;;;;
2395;05/06/2023;02:28:55;23.95;;;;2395;05/06/2023;02:29:19;23.96;;;;2395;05/06/2023;02:32:22;23.92;;;;
2396;05/06/2023;02:29:10;23.96;;;;2396;05/06/2023;02:29:35;23.94;;;;2396;05/06/2023;02:32:37;23.92;;;;
2397;05/06/2023;02:29:25;23.95;;;;2397;05/06/2023;02:29:50;23.95;;;;2397;05/06/2023;02:32:52;23.91;;;;
2398;05/06/2023;02:29:40;23.96;;;;2398;05/06/2023;02:30:04;23.95;;;;2398;05/06/2023;02:33:07;23.93;;;;
2399;05/06/2023;02:29:55;23.95;;;;2399;05/06/2023;02:30:19;23.96;;;;2399;05/06/2023;02:33:22;23.92;;;;
2400;05/06/2023;02:30:10;23.95;Synchronized;;;2400;05/06/2023;02:30:34;23.95;;;;2400;05/06/2023;02:33:37;23.92;;;;
2401;05/06/2023;02:30:25;23.95;;;;2401;05/06/2023;02:30:49;23.95;;;;2401;05/06/2023;02:33:52;23.9;;;;
2402;05/06/2023;02:30:41;23.95;;;;2402;05/06/2023;02:31:04;23.95;;;;2402;05/06/2023;02:34:07;23.91;;;;
2403;05/06/2023;02:30:55;23.95;;;;2403;05/06/2023;02:31:19;23.95;;;;2403;05/06/2023;02:34:22;23.93;;;;
2404;05/06/2023;02:31:11;23.95;;;;2404;05/06/2023;02:31:34;23.95;;;;2404;05/06/2023;02:34:37;23.91;;;;
2405;05/06/2023;02:31:26;23.95;;;;2405;05/06/2023;02:31:49;23.95;;;;2405;05/06/2023;02:34:52;23.91;;;;
2406;05/06/2023;02:31:41;23.92;;;;2406;05/06/2023;02:32:04;23.95;;;;2406;05/06/2023;02:35:07;23.91;;;;
2407;05/06/2023;02:31:56;23.96;;;;2407;05/06/2023;02:32:19;23.94;;;;2407;05/06/2023;02:35:22;23.91;;;;
2408;05/06/2023;02:32:11;23.95;;;;2408;05/06/2023;02:32:34;23.95;Synchronized;;;2408;05/06/2023;02:35:37;23.91;;;;
2409;05/06/2023;02:32:26;23.95;;;;2409;05/06/2023;02:32:49;23.95;;;;2409;05/06/2023;02:35:52;23.88;;;;
2410;05/06/2023;02:32:41;23.95;;;;2410;05/06/2023;02:33:04;23.95;;;;2410;05/06/2023;02:36:07;23.91;;;;
2411;05/06/2023;02:32:56;23.94;;;;2411;05/06/2023;02:33:19;23.94;;;;2411;05/06/2023;02:36:22;23.88;;;;
2412;05/06/2023;02:33:11;23.94;;;;2412;05/06/2023;02:33:34;23.95;;;;2412;05/06/2023;02:36:37;23.91;;;;
2413;05/06/2023;02:33:26;23.94;;;;2413;05/06/2023;02:33:49;23.96;;;;2413;05/06/2023;02:36:52;23.93;;;;
2414;05/06/2023;02:33:41;23.95;;;;2414;05/06/2023;02:34:04;23.96;;;;2414;05/06/2023;02:37:07;23.91;;;;
2415;05/06/2023;02:33:56;23.95;;;;2415;05/06/2023;02:34:19;23.96;;;;2415;05/06/2023;02:37:22;23.91;;;;
2416;05/06/2023;02:34:11;23.95;;;;2416;05/06/2023;02:34:34;23.95;;;;2416;05/06/2023;02:37:37;23.9;;;;
2417;05/06/2023;02:34:26;23.94;;;;2417;05/06/2023;02:34:49;23.95;;;;2417;05/06/2023;02:37:52;23.9;;;;
2418;05/06/2023;02:34:41;23.92;;;;2418;05/06/2023;02:35:04;23.95;;;;2418;05/06/2023;02:38:07;23.88;;;;
2419;05/06/2023;02:34:56;23.95;;;;2419;05/06/2023;02:35:19;23.95;;;;2419;05/06/2023;02:38:22;23.91;;;;
2420;05/06/2023;02:35:11;23.95;;;;2420;05/06/2023;02:35:34;23.95;;;;2420;05/06/2023;02:38:37;23.91;;;;
2421;05/06/2023;02:35:26;23.95;;;;2421;05/06/2023;02:35:49;23.95;;;;2421;05/06/2023;02:38:52;23.91;;;;
2422;05/06/2023;02:35:41;23.94;;;;2422;05/06/2023;02:36:04;23.95;;;;2422;05/06/2023;02:39:07;23.91;;;;
2423;05/06/2023;02:35:56;23.92;;;;2423;05/06/2023;02:36:19;23.95;;;;2423;05/06/2023;02:39:22;23.91;;;;
2424;05/06/2023;02:36:11;23.95;;;;2424;05/06/2023;02:36:34;23.95;;;;2424;05/06/2023;02:39:37;23.88;;;;
2425;05/06/2023;02:36:26;23.92;;;;2425;05/06/2023;02:36:49;23.95;;;;2425;05/06/2023;02:39:52;23.91;Synchronized;;;
2426;05/06/2023;02:36:41;23.95;;;;2426;05/06/2023;02:37:04;23.94;;;;2426;05/06/2023;02:40:07;23.92;;;;
2427;05/06/2023;02:36:56;23.97;;;;2427;05/06/2023;02:37:19;23.94;;;;2427;05/06/2023;02:40:22;23.91;;;;
2428;05/06/2023;02:37:11;23.95;;;;2428;05/06/2023;02:37:34;23.95;;;;2428;05/06/2023;02:40:37;23.92;;;;
2429;05/06/2023;02:37:26;23.94;;;;2429;05/06/2023;02:37:49;23.95;;;;2429;05/06/2023;02:40:52;23.91;;;;
2430;05/06/2023;02:37:41;23.95;;;;2430;05/06/2023;02:38:04;23.95;;;;2430;05/06/2023;02:41:07;23.88;;;;
2431;05/06/2023;02:37:56;23.94;;;;2431;05/06/2023;02:38:19;23.94;;;;2431;05/06/2023;02:41:22;23.9;;;;
2432;05/06/2023;02:38:11;23.92;;;;2432;05/06/2023;02:38:34;23.95;;;;2432;05/06/2023;02:41:37;23.88;;;;
2433;05/06/2023;02:38:26;23.95;;;;2433;05/06/2023;02:38:49;23.97;;;;2433;05/06/2023;02:41:52;23.91;;;;
2434;05/06/2023;02:38:41;23.94;;;;2434;05/06/2023;02:39:04;23.94;;;;2434;05/06/2023;02:42:07;23.92;;;;
2435;05/06/2023;02:38:56;23.95;;;;2435;05/06/2023;02:39:19;23.95;;;;2435;05/06/2023;02:42:22;23.9;;;;
2436;05/06/2023;02:39:11;23.95;;;;2436;05/06/2023;02:39:34;23.93;;;;2436;05/06/2023;02:42:37;23.9;;;;
2437;05/06/2023;02:39:26;23.92;;;;2437;05/06/2023;02:39:49;23.94;;;;2437;05/06/2023;02:42:52;23.88;;;;
2438;05/06/2023;02:39:41;23.92;;;;2438;05/06/2023;02:40:04;23.95;;;;2438;05/06/2023;02:43:07;23.91;;;;
2439;05/06/2023;02:39:56;23.95;;;;2439;05/06/2023;02:40:19;23.95;;;;2439;05/06/2023;02:43:22;23.91;;;;
2440;05/06/2023;02:40:11;23.91;Synchronized;;;2440;05/06/2023;02:40:34;23.92;;;;2440;05/06/2023;02:43:37;23.91;;;;
2441;05/06/2023;02:40:26;23.95;;;;2441;05/06/2023;02:40:49;23.94;;;;2441;05/06/2023;02:43:52;23.91;;;;
2442;05/06/2023;02:40:41;23.95;;;;2442;05/06/2023;02:41:04;23.95;;;;2442;05/06/2023;02:44:07;23.9;;;;
2443;05/06/2023;02:40:56;23.92;;;;2443;05/06/2023;02:41:19;23.95;;;;2443;05/06/2023;02:44:22;23.88;;;;
2444;05/06/2023;02:41:11;23.94;;;;2444;05/06/2023;02:41:34;23.94;;;;2444;05/06/2023;02:44:37;23.9;;;;
2445;05/06/2023;02:41:26;23.94;;;;2445;05/06/2023;02:41:49;23.95;;;;2445;05/06/2023;02:44:52;23.9;;;;
2446;05/06/2023;02:41:41;23.92;;;;2446;05/06/2023;02:42:04;23.93;;;;2446;05/06/2023;02:45:07;23.88;;;;
2447;05/06/2023;02:41:56;23.94;;;;2447;05/06/2023;02:42:19;23.95;;;;2447;05/06/2023;02:45:22;23.88;;;;
2448;05/06/2023;02:42:11;23.92;;;;2448;05/06/2023;02:42:34;23.94;;;;2448;05/06/2023;02:45:37;23.88;;;;
2449;05/06/2023;02:42:26;23.94;;;;2449;05/06/2023;02:42:49;23.94;;;;2449;05/06/2023;02:45:52;23.88;;;;
2450;05/06/2023;02:42:41;23.94;;;;2450;05/06/2023;02:43:04;23.94;;;;2450;05/06/2023;02:46:07;23.91;;;;
2451;05/06/2023;02:42:56;23.95;;;;2451;05/06/2023;02:43:19;23.94;;;;2451;05/06/2023;02:46:22;23.88;;;;
2452;05/06/2023;02:43:11;23.95;;;;2452;05/06/2023;02:43:34;23.94;;;;2452;05/06/2023;02:46:37;23.91;;;;
2453;05/06/2023;02:43:26;23.92;;;;2453;05/06/2023;02:43:49;23.94;;;;2453;05/06/2023;02:46:52;23.88;;;;
2454;05/06/2023;02:43:41;23.94;;;;2454;05/06/2023;02:44:04;23.93;;;;2454;05/06/2023;02:47:07;23.88;;;;
2455;05/06/2023;02:43:56;23.92;;;;2455;05/06/2023;02:44:19;23.93;;;;2455;05/06/2023;02:47:22;23.88;;;;
2456;05/06/2023;02:44:11;23.95;;;;2456;05/06/2023;02:44:34;23.92;;;;2456;05/06/2023;02:47:37;23.88;;;;
2457;05/06/2023;02:44:26;23.94;;;;2457;05/06/2023;02:44:49;23.95;;;;2457;05/06/2023;02:47:52;23.91;;;;
2458;05/06/2023;02:44:41;23.94;;;;2458;05/06/2023;02:45:04;23.95;;;;2458;05/06/2023;02:48:07;23.88;;;;
2459;05/06/2023;02:44:56;23.92;;;;2459;05/06/2023;02:45:19;23.94;;;;2459;05/06/2023;02:48:22;23.88;;;;
2460;05/06/2023;02:45:11;23.94;;;;2460;05/06/2023;02:45:34;23.93;;;;2460;05/06/2023;02:48:37;23.88;;;;
2461;05/06/2023;02:45:26;23.95;;;;2461;05/06/2023;02:45:49;23.92;;;;2461;05/06/2023;02:48:52;23.88;;;;
2462;05/06/2023;02:45:41;23.95;;;;2462;05/06/2023;02:46:04;23.94;;;;2462;05/06/2023;02:49:07;23.91;;;;
2463;05/06/2023;02:45:56;23.94;;;;2463;05/06/2023;02:46:19;23.94;;;;2463;05/06/2023;02:49:22;23.88;;;;
2464;05/06/2023;02:46:11;23.92;;;;2464;05/06/2023;02:46:34;23.93;;;;2464;05/06/2023;02:49:37;23.9;;;;
2465;05/06/2023;02:46:26;23.95;;;;2465;05/06/2023;02:46:49;23.94;Synchronized;;;2465;05/06/2023;02:49:52;23.88;;;;
2466;05/06/2023;02:46:41;23.92;;;;2466;05/06/2023;02:47:04;23.95;;;;2466;05/06/2023;02:50:07;23.88;;;;
2467;05/06/2023;02:46:56;23.91;;;;2467;05/06/2023;02:47:19;23.95;;;;2467;05/06/2023;02:50:22;23.88;;;;
2468;05/06/2023;02:47:11;23.94;;;;2468;05/06/2023;02:47:34;23.94;;;;2468;05/06/2023;02:50:37;23.9;;;;
2469;05/06/2023;02:47:26;23.92;;;;2469;05/06/2023;02:47:49;23.92;;;;2469;05/06/2023;02:50:52;23.88;;;;
2470;05/06/2023;02:47:41;23.94;;;;2470;05/06/2023;02:48:04;23.95;;;;2470;05/06/2023;02:51:07;23.9;;;;
2471;05/06/2023;02:47:56;23.94;;;;2471;05/06/2023;02:48:19;23.91;;;;2471;05/06/2023;02:51:22;23.88;;;;
2472;05/06/2023;02:48:11;23.94;;;;2472;05/06/2023;02:48:34;23.95;;;;2472;05/06/2023;02:51:37;23.88;;;;
2473;05/06/2023;02:48:26;23.95;;;;2473;05/06/2023;02:48:49;23.93;;;;2473;05/06/2023;02:51:52;23.86;;;;
2474;05/06/2023;02:48:41;23.92;;;;2474;05/06/2023;02:49:04;23.95;;;;2474;05/06/2023;02:52:07;23.9;;;;
2475;05/06/2023;02:48:56;23.92;;;;2475;05/06/2023;02:49:19;23.94;;;;2475;05/06/2023;02:52:22;23.91;;;;
2476;05/06/2023;02:49:11;23.95;;;;2476;05/06/2023;02:49:34;23.95;;;;2476;05/06/2023;02:52:37;23.88;;;;
2477;05/06/2023;02:49:26;23.91;;;;2477;05/06/2023;02:49:49;23.92;;;;2477;05/06/2023;02:52:52;23.88;;;;
2478;05/06/2023;02:49:41;23.92;;;;2478;05/06/2023;02:50:04;23.94;;;;2478;05/06/2023;02:53:07;23.88;;;;
2479;05/06/2023;02:49:56;23.92;;;;2479;05/06/2023;02:50:19;23.91;;;;2479;05/06/2023;02:53:22;23.88;;;;
2480;05/06/2023;02:50:11;23.94;;;;2480;05/06/2023;02:50:34;23.92;;;;2480;05/06/2023;02:53:37;23.86;;;;
2481;05/06/2023;02:50:26;23.9;;;;2481;05/06/2023;02:50:49;23.94;;;;2481;05/06/2023;02:53:52;23.88;;;;
2482;05/06/2023;02:50:41;23.91;;;;2482;05/06/2023;02:51:04;23.92;;;;2482;05/06/2023;02:54:07;23.87;;;;
2483;05/06/2023;02:50:56;23.91;;;;2483;05/06/2023;02:51:19;23.95;;;;2483;05/06/2023;02:54:22;23.88;;;;
2484;05/06/2023;02:51:11;23.91;;;;2484;05/06/2023;02:51:34;23.92;;;;2484;05/06/2023;02:54:37;23.87;;;;
2485;05/06/2023;02:51:26;23.94;;;;2485;05/06/2023;02:51:48;23.93;;;;2485;05/06/2023;02:54:52;23.87;;;;
2486;05/06/2023;02:51:41;23.91;;;;2486;05/06/2023;02:52:03;23.92;;;;2486;05/06/2023;02:55:07;23.87;;;;
2487;05/06/2023;02:51:56;23.91;;;;2487;05/06/2023;02:52:18;23.92;;;;2487;05/06/2023;02:55:22;23.88;;;;
2488;05/06/2023;02:52:11;23.91;;;;2488;05/06/2023;02:52:33;23.92;;;;2488;05/06/2023;02:55:37;23.88;;;;
2489;05/06/2023;02:52:26;23.91;;;;2489;05/06/2023;02:52:48;23.93;;;;2489;05/06/2023;02:55:52;23.87;;;;
2490;05/06/2023;02:52:41;23.89;;;;2490;05/06/2023;02:53:03;23.92;;;;2490;05/06/2023;02:56:07;23.86;;;;
2491;05/06/2023;02:52:56;23.94;;;;2491;05/06/2023;02:53:18;23.91;;;;2491;05/06/2023;02:56:22;23.88;;;;
2492;05/06/2023;02:53:11;23.9;;;;2492;05/06/2023;02:53:33;23.92;;;;2492;05/06/2023;02:56:37;23.91;;;;
2493;05/06/2023;02:53:26;23.91;;;;2493;05/06/2023;02:53:48;23.92;;;;2493;05/06/2023;02:56:52;23.86;;;;
2494;05/06/2023;02:53:41;23.91;;;;2494;05/06/2023;02:54:03;23.93;;;;2494;05/06/2023;02:57:07;23.87;;;;
2495;05/06/2023;02:53:56;23.91;;;;2495;05/06/2023;02:54:18;23.91;;;;2495;05/06/2023;02:57:22;23.88;;;;
2496;05/06/2023;02:54:11;23.91;;;;2496;05/06/2023;02:54:33;23.91;;;;2496;05/06/2023;02:57:37;23.86;;;;
2497;05/06/2023;02:54:26;23.91;;;;2497;05/06/2023;02:54:48;23.92;;;;2497;05/06/2023;02:57:52;23.87;;;;
2498;05/06/2023;02:54:41;23.91;;;;2498;05/06/2023;02:55:03;23.94;;;;2498;05/06/2023;02:58:07;23.86;;;;
2499;05/06/2023;02:54:56;23.91;;;;2499;05/06/2023;02:55:18;23.9;;;;2499;05/06/2023;02:58:22;23.85;;;;
2500;05/06/2023;02:55:11;23.91;;;;2500;05/06/2023;02:55:33;23.91;;;;2500;05/06/2023;02:58:37;23.86;;;;
2501;05/06/2023;02:55:26;23.91;;;;2501;05/06/2023;02:55:48;23.91;;;;2501;05/06/2023;02:58:52;23.87;;;;
2502;05/06/2023;02:55:41;23.91;;;;2502;05/06/2023;02:56:03;23.92;;;;2502;05/06/2023;02:59:07;23.86;;;;
2503;05/06/2023;02:55:56;23.91;;;;2503;05/06/2023;02:56:18;23.92;;;;2503;05/06/2023;02:59:22;23.88;;;;
2504;05/06/2023;02:56:11;23.91;;;;2504;05/06/2023;02:56:33;23.93;;;;2504;05/06/2023;02:59:37;23.85;;;;
2505;05/06/2023;02:56:26;23.91;;;;2505;05/06/2023;02:56:48;23.89;;;;2505;05/06/2023;02:59:52;23.84;;;;
2506;05/06/2023;02:56:41;23.91;;;;2506;05/06/2023;02:57:03;23.93;;;;2506;05/06/2023;03:00:07;23.87;;;;
2507;05/06/2023;02:56:56;23.91;;;;2507;05/06/2023;02:57:18;23.92;;;;2507;05/06/2023;03:00:22;23.87;;;;
2508;05/06/2023;02:57:11;23.91;;;;2508;05/06/2023;02:57:33;23.92;;;;2508;05/06/2023;03:00:37;23.85;;;;
2509;05/06/2023;02:57:26;23.91;;;;2509;05/06/2023;02:57:48;23.9;;;;2509;05/06/2023;03:00:52;23.86;;;;
2510;05/06/2023;02:57:41;23.89;;;;2510;05/06/2023;02:58:03;23.92;;;;2510;05/06/2023;03:01:07;23.86;;;;
2511;05/06/2023;02:57:56;23.91;;;;2511;05/06/2023;02:58:18;23.92;;;;2511;05/06/2023;03:01:22;23.85;;;;
2512;05/06/2023;02:58:11;23.91;;;;2512;05/06/2023;02:58:33;23.89;;;;2512;05/06/2023;03:01:37;23.85;;;;
2513;05/06/2023;02:58:26;23.91;;;;2513;05/06/2023;02:58:48;23.88;;;;2513;05/06/2023;03:01:52;23.86;;;;
2514;05/06/2023;02:58:41;23.91;;;;2514;05/06/2023;02:59:03;23.92;;;;2514;05/06/2023;03:02:07;23.86;;;;
2515;05/06/2023;02:58:56;23.91;;;;2515;05/06/2023;02:59:18;23.9;;;;2515;05/06/2023;03:02:22;23.88;;;;
2516;05/06/2023;02:59:11;23.89;;;;2516;05/06/2023;02:59:33;23.91;;;;2516;05/06/2023;03:02:37;23.87;;;;
2517;05/06/2023;02:59:26;23.91;;;;2517;05/06/2023;02:59:48;23.89;;;;2517;05/06/2023;03:02:52;23.86;;;;
2518;05/06/2023;02:59:41;23.89;;;;2518;05/06/2023;03:00:03;23.9;;;;2518;05/06/2023;03:03:07;23.85;;;;
2519;05/06/2023;02:59:56;23.9;;;;2519;05/06/2023;03:00:18;23.9;;;;2519;05/06/2023;03:03:22;23.87;;;;
2520;05/06/2023;03:00:11;23.9;;;;2520;05/06/2023;03:00:33;23.93;;;;2520;05/06/2023;03:03:37;23.86;;;;
2521;05/06/2023;03:00:26;23.91;;;;2521;05/06/2023;03:00:48;23.9;;;;2521;05/06/2023;03:03:52;23.85;;;;
2522;05/06/2023;03:00:41;23.91;;;;2522;05/06/2023;03:01:03;23.89;;;;2522;05/06/2023;03:04:07;23.86;;;;
2523;05/06/2023;03:00:56;23.9;;;;2523;05/06/2023;03:01:18;23.91;;;;2523;05/06/2023;03:04:22;23.87;;;;
2524;05/06/2023;03:01:11;23.89;;;;2524;05/06/2023;03:01:33;23.92;;;;2524;05/06/2023;03:04:37;23.85;;;;
2525;05/06/2023;03:01:26;23.9;;;;2525;05/06/2023;03:01:48;23.92;;;;2525;05/06/2023;03:04:52;23.85;;;;
2526;05/06/2023;03:01:41;23.9;;;;2526;05/06/2023;03:02:03;23.89;;;;2526;05/06/2023;03:05:07;23.86;;;;
2527;05/06/2023;03:01:56;23.91;;;;2527;05/06/2023;03:02:18;23.9;;;;2527;05/06/2023;03:05:22;23.86;;;;
2528;05/06/2023;03:02:11;23.91;;;;2528;05/06/2023;03:02:33;23.92;;;;2528;05/06/2023;03:05:37;23.86;;;;
2529;05/06/2023;03:02:26;23.89;;;;2529;05/06/2023;03:02:48;23.92;;;;2529;05/06/2023;03:05:52;23.85;;;;
2530;05/06/2023;03:02:41;23.9;;;;2530;05/06/2023;03:03:03;23.92;;;;2530;05/06/2023;03:06:07;23.86;;;;
2531;05/06/2023;03:02:56;23.89;;;;2531;05/06/2023;03:03:18;23.94;;;;2531;05/06/2023;03:06:22;23.85;;;;
2532;05/06/2023;03:03:11;23.9;;;;2532;05/06/2023;03:03:33;23.9;;;;2532;05/06/2023;03:06:37;23.86;;;;
2533;05/06/2023;03:03:26;23.91;;;;2533;05/06/2023;03:03:48;23.91;;;;2533;05/06/2023;03:06:52;23.86;;;;
2534;05/06/2023;03:03:41;23.9;;;;2534;05/06/2023;03:04:03;23.9;;;;2534;05/06/2023;03:07:07;23.84;;;;
2535;05/06/2023;03:03:56;23.91;;;;2535;05/06/2023;03:04:18;23.9;;;;2535;05/06/2023;03:07:22;23.86;;;;
2536;05/06/2023;03:04:11;23.9;;;;2536;05/06/2023;03:04:33;23.9;;;;2536;05/06/2023;03:07:37;23.84;;;;
2537;05/06/2023;03:04:26;23.88;;;;2537;05/06/2023;03:04:48;23.89;Synchronized;;;2537;05/06/2023;03:07:52;23.85;;;;
2538;05/06/2023;03:04:41;23.89;;;;2538;05/06/2023;03:05:03;23.89;;;;2538;05/06/2023;03:08:07;23.85;;;;
2539;05/06/2023;03:04:56;23.88;;;;2539;05/06/2023;03:05:18;23.9;;;;2539;05/06/2023;03:08:22;23.85;;;;
2540;05/06/2023;03:05:11;23.89;;;;2540;05/06/2023;03:05:33;23.9;;;;2540;05/06/2023;03:08:37;23.84;;;;
2541;05/06/2023;03:05:26;23.9;;;;2541;05/06/2023;03:05:47;23.9;;;;2541;05/06/2023;03:08:52;23.86;;;;
2542;05/06/2023;03:05:41;23.88;;;;2542;05/06/2023;03:06:02;23.91;;;;2542;05/06/2023;03:09:07;23.87;;;;
2543;05/06/2023;03:05:56;23.88;;;;2543;05/06/2023;03:06:17;23.89;;;;2543;05/06/2023;03:09:22;23.84;;;;
2544;05/06/2023;03:06:11;23.9;;;;2544;05/06/2023;03:06:32;23.9;;;;2544;05/06/2023;03:09:37;23.84;;;;
2545;05/06/2023;03:06:26;23.88;;;;2545;05/06/2023;03:06:47;23.89;;;;2545;05/06/2023;03:09:52;23.86;;;;
2546;05/06/2023;03:06:41;23.87;;;;2546;05/06/2023;03:07:02;23.91;;;;2546;05/06/2023;03:10:07;23.86;;;;
2547;05/06/2023;03:06:56;23.88;;;;2547;05/06/2023;03:07:17;23.91;;;;2547;05/06/2023;03:10:22;23.84;;;;
2548;05/06/2023;03:07:11;23.88;;;;2548;05/06/2023;03:07:32;23.91;;;;2548;05/06/2023;03:10:37;23.84;;;;
2549;05/06/2023;03:07:26;23.89;;;;2549;05/06/2023;03:07:47;23.88;;;;2549;05/06/2023;03:10:52;23.86;;;;
2550;05/06/2023;03:07:41;23.88;;;;2550;05/06/2023;03:08:02;23.91;;;;2550;05/06/2023;03:11:07;23.84;;;;
2551;05/06/2023;03:07:56;23.88;;;;2551;05/06/2023;03:08:17;23.91;;;;2551;05/06/2023;03:11:22;23.84;;;;
2552;05/06/2023;03:08:11;23.88;;;;2552;05/06/2023;03:08:32;23.9;;;;2552;05/06/2023;03:11:37;23.84;;;;
2553;05/06/2023;03:08:27;23.88;;;;2553;05/06/2023;03:08:47;23.88;;;;2553;05/06/2023;03:11:52;23.84;;;;
2554;05/06/2023;03:08:42;23.91;;;;2554;05/06/2023;03:09:02;23.89;;;;2554;05/06/2023;03:12:07;23.85;;;;
2555;05/06/2023;03:08:57;23.88;;;;2555;05/06/2023;03:09:17;23.89;;;;2555;05/06/2023;03:12:22;23.83;;;;
2556;05/06/2023;03:09:12;23.88;;;;2556;05/06/2023;03:09:32;23.89;;;;2556;05/06/2023;03:12:37;23.84;;;;
2557;05/06/2023;03:09:27;23.88;;;;2557;05/06/2023;03:09:47;23.91;;;;2557;05/06/2023;03:12:52;23.83;;;;
2558;05/06/2023;03:09:42;23.9;;;;2558;05/06/2023;03:10:02;23.89;Synchronized;;;2558;05/06/2023;03:13:07;23.84;;;;
2559;05/06/2023;03:09:57;23.89;;;;2559;05/06/2023;03:10:17;23.9;;;;2559;05/06/2023;03:13:22;23.84;;;;
2560;05/06/2023;03:10:12;23.88;;;;2560;05/06/2023;03:10:32;23.91;;;;2560;05/06/2023;03:13:37;23.84;;;;
2561;05/06/2023;03:10:27;23.88;;;;2561;05/06/2023;03:10:47;23.88;;;;2561;05/06/2023;03:13:52;23.84;;;;
2562;05/06/2023;03:10:42;23.88;;;;2562;05/06/2023;03:11:02;23.89;;;;2562;05/06/2023;03:14:07;23.85;;;;
2563;05/06/2023;03:10:57;23.88;;;;2563;05/06/2023;03:11:17;23.9;;;;2563;05/06/2023;03:14:22;23.84;;;;
2564;05/06/2023;03:11:12;23.89;;;;2564;05/06/2023;03:11:32;23.9;;;;2564;05/06/2023;03:14:37;23.84;;;;
2565;05/06/2023;03:11:27;23.89;;;;2565;05/06/2023;03:11:47;23.88;;;;2565;05/06/2023;03:14:52;23.84;;;;
2566;05/06/2023;03:11:42;23.89;Synchronized;;;2566;05/06/2023;03:12:02;23.88;;;;2566;05/06/2023;03:15:07;23.85;;;;
2567;05/06/2023;03:11:57;23.88;;;;2567;05/06/2023;03:12:17;23.89;;;;2567;05/06/2023;03:15:22;23.84;;;;
2568;05/06/2023;03:12:12;23.87;;;;2568;05/06/2023;03:12:32;23.9;;;;2568;05/06/2023;03:15:37;23.83;;;;
2569;05/06/2023;03:12:27;23.88;;;;2569;05/06/2023;03:12:47;23.89;;;;2569;05/06/2023;03:15:52;23.83;;;;
2570;05/06/2023;03:12:42;23.88;;;;2570;05/06/2023;03:13:02;23.89;;;;2570;05/06/2023;03:16:07;23.83;;;;
2571;05/06/2023;03:12:57;23.89;;;;2571;05/06/2023;03:13:17;23.89;;;;2571;05/06/2023;03:16:22;23.84;;;;
2572;05/06/2023;03:13:12;23.88;;;;2572;05/06/2023;03:13:32;23.89;;;;2572;05/06/2023;03:16:37;23.84;;;;
2573;05/06/2023;03:13:27;23.88;;;;2573;05/06/2023;03:13:47;23.89;;;;2573;05/06/2023;03:16:52;23.84;;;;
2574;05/06/2023;03:13:42;23.89;;;;2574;05/06/2023;03:14:02;23.87;;;;2574;05/06/2023;03:17:07;23.83;;;;
2575;05/06/2023;03:13:57;23.88;;;;2575;05/06/2023;03:14:17;23.89;;;;2575;05/06/2023;03:17:22;23.84;;;;
2576;05/06/2023;03:14:12;23.88;;;;2576;05/06/2023;03:14:32;23.88;;;;2576;05/06/2023;03:17:37;23.82;;;;
2577;05/06/2023;03:14:27;23.88;;;;2577;05/06/2023;03:14:47;23.89;;;;2577;05/06/2023;03:17:52;23.83;;;;
2578;05/06/2023;03:14:42;23.87;;;;2578;05/06/2023;03:15:02;23.89;;;;2578;05/06/2023;03:18:07;23.84;;;;
2579;05/06/2023;03:14:57;23.88;;;;2579;05/06/2023;03:15:17;23.88;;;;2579;05/06/2023;03:18:22;23.84;;;;
2580;05/06/2023;03:15:12;23.88;;;;2580;05/06/2023;03:15:32;23.88;;;;2580;05/06/2023;03:18:37;23.85;;;;
2581;05/06/2023;03:15:27;23.88;;;;2581;05/06/2023;03:15:47;23.89;Synchronized;;;2581;05/06/2023;03:18:52;23.82;;;;
2582;05/06/2023;03:15:42;23.88;;;;2582;05/06/2023;03:16:02;23.88;;;;2582;05/06/2023;03:19:07;23.82;;;;
2583;05/06/2023;03:15:57;23.87;;;;2583;05/06/2023;03:16:17;23.9;;;;2583;05/06/2023;03:19:22;23.81;;;;
2584;05/06/2023;03:16:12;23.88;;;;2584;05/06/2023;03:16:32;23.89;;;;2584;05/06/2023;03:19:37;23.83;;;;
2585;05/06/2023;03:16:27;23.88;Synchronized;;;2585;05/06/2023;03:16:47;23.88;;;;2585;05/06/2023;03:19:52;23.8;;;;
2586;05/06/2023;03:16:42;23.88;;;;2586;05/06/2023;03:17:02;23.86;;;;2586;05/06/2023;03:20:07;23.83;;;;
2587;05/06/2023;03:16:57;23.87;;;;2587;05/06/2023;03:17:17;23.89;;;;2587;05/06/2023;03:20:22;23.83;;;;
2588;05/06/2023;03:17:12;23.86;;;;2588;05/06/2023;03:17:32;23.88;;;;2588;05/06/2023;03:20:37;23.83;;;;
2589;05/06/2023;03:17:27;23.88;;;;2589;05/06/2023;03:17:47;23.88;;;;2589;05/06/2023;03:20:52;23.83;;;;
2590;05/06/2023;03:17:42;23.87;;;;2590;05/06/2023;03:18:02;23.87;;;;2590;05/06/2023;03:21:07;23.81;;;;
2591;05/06/2023;03:17:57;23.88;;;;2591;05/06/2023;03:18:17;23.88;;;;2591;05/06/2023;03:21:22;23.81;;;;
2592;05/06/2023;03:18:12;23.88;;;;2592;05/06/2023;03:18:32;23.88;;;;2592;05/06/2023;03:21:37;23.82;;;;
2593;05/06/2023;03:18:27;23.87;;;;2593;05/06/2023;03:18:47;23.88;;;;2593;05/06/2023;03:21:52;23.82;;;;
2594;05/06/2023;03:18:42;23.88;;;;2594;05/06/2023;03:19:02;23.88;;;;2594;05/06/2023;03:22:07;23.84;;;;
2595;05/06/2023;03:18:57;23.87;Synchronized;;;2595;05/06/2023;03:19:17;23.86;;;;2595;05/06/2023;03:22:22;23.84;;;;
2596;05/06/2023;03:19:12;23.85;;;;2596;05/06/2023;03:19:32;23.9;;;;2596;05/06/2023;03:22:37;23.8;;;;
2597;05/06/2023;03:19:27;23.88;;;;2597;05/06/2023;03:19:47;23.87;;;;2597;05/06/2023;03:22:52;23.82;;;;
2598;05/06/2023;03:19:42;23.89;;;;2598;05/06/2023;03:20:02;23.88;;;;2598;05/06/2023;03:23:07;23.82;;;;
2599;05/06/2023;03:19:58;23.86;;;;2599;05/06/2023;03:20:17;23.87;;;;2599;05/06/2023;03:23:22;23.82;;;;
2600;05/06/2023;03:20:12;23.87;;;;2600;05/06/2023;03:20:32;23.87;;;;2600;05/06/2023;03:23:37;23.82;;;;
2601;05/06/2023;03:20:28;23.86;;;;2601;05/06/2023;03:20:47;23.88;;;;2601;05/06/2023;03:23:52;23.83;;;;
2602;05/06/2023;03:20:43;23.85;;;;2602;05/06/2023;03:21:02;23.86;;;;2602;05/06/2023;03:24:07;23.8;;;;
2603;05/06/2023;03:20:58;23.87;;;;2603;05/06/2023;03:21:17;23.88;;;;2603;05/06/2023;03:24:22;23.83;;;;
2604;05/06/2023;03:21:13;23.87;;;;2604;05/06/2023;03:21:32;23.87;;;;2604;05/06/2023;03:24:37;23.81;;;;
2605;05/06/2023;03:21:28;23.88;;;;2605;05/06/2023;03:21:47;23.86;;;;2605;05/06/2023;03:24:52;23.83;;;;
2606;05/06/2023;03:21:43;23.85;;;;2606;05/06/2023;03:22:02;23.86;;;;2606;05/06/2023;03:25:07;23.81;;;;
2607;05/06/2023;03:21:57;23.88;;;;2607;05/06/2023;03:22:17;23.87;;;;2607;05/06/2023;03:25:22;23.82;;;;
2608;05/06/2023;03:22:12;23.85;;;;2608;05/06/2023;03:22:32;23.88;;;;2608;05/06/2023;03:25:37;23.82;;;;
2609;05/06/2023;03:22:27;23.87;;;;2609;05/06/2023;03:22:46;23.86;;;;2609;05/06/2023;03:25:52;23.81;;;;
2610;05/06/2023;03:22:42;23.87;;;;2610;05/06/2023;03:23:01;23.85;;;;2610;05/06/2023;03:26:07;23.81;;;;
2611;05/06/2023;03:22:57;23.86;;;;2611;05/06/2023;03:23:16;23.86;;;;2611;05/06/2023;03:26:22;23.82;;;;
2612;05/06/2023;03:23:12;23.86;;;;2612;05/06/2023;03:23:31;23.88;;;;2612;05/06/2023;03:26:37;23.79;;;;
2613;05/06/2023;03:23:27;23.85;;;;2613;05/06/2023;03:23:46;23.86;;;;2613;05/06/2023;03:26:52;23.82;;;;
2614;05/06/2023;03:23:42;23.85;;;;2614;05/06/2023;03:24:01;23.87;;;;2614;05/06/2023;03:27:07;23.81;;;;
2615;05/06/2023;03:23:57;23.84;;;;2615;05/06/2023;03:24:16;23.88;;;;2615;05/06/2023;03:27:22;23.82;;;;
2616;05/06/2023;03:24:12;23.86;;;;2616;05/06/2023;03:24:31;23.87;;;;2616;05/06/2023;03:27:37;23.8;;;;
2617;05/06/2023;03:24:27;23.85;;;;2617;05/06/2023;03:24:46;23.86;;;;2617;05/06/2023;03:27:52;23.8;;;;
2618;05/06/2023;03:24:42;23.86;;;;2618;05/06/2023;03:25:01;23.86;;;;2618;05/06/2023;03:28:07;23.81;;;;
2619;05/06/2023;03:24:57;23.84;;;;2619;05/06/2023;03:25:16;23.86;;;;2619;05/06/2023;03:28:22;23.79;;;;
2620;05/06/2023;03:25:12;23.87;;;;2620;05/06/2023;03:25:31;23.88;;;;2620;05/06/2023;03:28:37;23.79;;;;
2621;05/06/2023;03:25:27;23.84;;;;2621;05/06/2023;03:25:46;23.88;;;;2621;05/06/2023;03:28:52;23.81;;;;
2622;05/06/2023;03:25:42;23.84;;;;2622;05/06/2023;03:26:01;23.86;;;;2622;05/06/2023;03:29:07;23.82;;;;
2623;05/06/2023;03:25:57;23.85;;;;2623;05/06/2023;03:26:16;23.84;;;;2623;05/06/2023;03:29:22;23.8;;;;
2624;05/06/2023;03:26:12;23.85;;;;2624;05/06/2023;03:26:31;23.87;;;;2624;05/06/2023;03:29:37;23.82;;;;
2625;05/06/2023;03:26:28;23.84;;;;2625;05/06/2023;03:26:46;23.86;;;;2625;05/06/2023;03:29:52;23.8;;;;
2626;05/06/2023;03:26:42;23.87;;;;2626;05/06/2023;03:27:01;23.87;;;;2626;05/06/2023;03:30:07;23.8;;;;
2627;05/06/2023;03:26:57;23.84;;;;2627;05/06/2023;03:27:16;23.86;;;;2627;05/06/2023;03:30:22;23.8;;;;
2628;05/06/2023;03:27:12;23.84;;;;2628;05/06/2023;03:27:31;23.87;Synchronized;;;2628;05/06/2023;03:30:37;23.8;;;;
2629;05/06/2023;03:27:27;23.86;;;;2629;05/06/2023;03:27:46;23.86;;;;2629;05/06/2023;03:30:52;23.82;;;;
2630;05/06/2023;03:27:42;23.86;;;;2630;05/06/2023;03:28:01;23.87;;;;2630;05/06/2023;03:31:07;23.8;;;;
2631;05/06/2023;03:27:57;23.85;Synchronized;;;2631;05/06/2023;03:28:16;23.85;;;;2631;05/06/2023;03:31:22;23.81;;;;
2632;05/06/2023;03:28:12;23.83;;;;2632;05/06/2023;03:28:31;23.85;;;;2632;05/06/2023;03:31:37;23.8;;;;
2633;05/06/2023;03:28:27;23.84;;;;2633;05/06/2023;03:28:46;23.84;;;;2633;05/06/2023;03:31:52;23.79;;;;
2634;05/06/2023;03:28:43;23.84;;;;2634;05/06/2023;03:29:01;23.85;;;;2634;05/06/2023;03:32:07;23.79;;;;
2635;05/06/2023;03:28:58;23.85;;;;2635;05/06/2023;03:29:16;23.86;;;;2635;05/06/2023;03:32:22;23.81;;;;
2636;05/06/2023;03:29:13;23.84;;;;2636;05/06/2023;03:29:31;23.86;;;;2636;05/06/2023;03:32:37;23.8;;;;
2637;05/06/2023;03:29:27;23.84;;;;2637;05/06/2023;03:29:46;23.87;;;;2637;05/06/2023;03:32:52;23.81;;;;
2638;05/06/2023;03:29:43;23.84;;;;2638;05/06/2023;03:30:01;23.85;;;;2638;05/06/2023;03:33:07;23.8;;;;
2639;05/06/2023;03:29:58;23.82;;;;2639;05/06/2023;03:30:16;23.85;;;;2639;05/06/2023;03:33:22;23.78;;;;
2640;05/06/2023;03:30:13;23.85;;;;2640;05/06/2023;03:30:31;23.84;;;;2640;05/06/2023;03:33:37;23.79;;;;
2641;05/06/2023;03:30:27;23.84;;;;2641;05/06/2023;03:30:46;23.83;Synchronized;;;2641;05/06/2023;03:33:52;23.78;;;;
2642;05/06/2023;03:30:42;23.86;;;;2642;05/06/2023;03:31:01;23.85;;;;2642;05/06/2023;03:34:07;23.79;;;;
2643;05/06/2023;03:30:57;23.84;;;;2643;05/06/2023;03:31:16;23.85;;;;2643;05/06/2023;03:34:22;23.77;Synchronized;;;
2644;05/06/2023;03:31:12;23.84;;;;2644;05/06/2023;03:31:31;23.85;;;;2644;05/06/2023;03:34:37;23.79;;;;
2645;05/06/2023;03:31:27;23.84;;;;2645;05/06/2023;03:31:46;23.85;;;;2645;05/06/2023;03:34:52;23.77;;;;
2646;05/06/2023;03:31:43;23.84;;;;2646;05/06/2023;03:32:01;23.87;;;;2646;05/06/2023;03:35:07;23.78;;;;
2647;05/06/2023;03:31:58;23.84;;;;2647;05/06/2023;03:32:16;23.84;;;;2647;05/06/2023;03:35:22;23.8;;;;
2648;05/06/2023;03:32:13;23.85;;;;2648;05/06/2023;03:32:31;23.84;;;;2648;05/06/2023;03:35:37;23.78;;;;
2649;05/06/2023;03:32:28;23.83;;;;2649;05/06/2023;03:32:46;23.85;;;;2649;05/06/2023;03:35:52;23.8;;;;
2650;05/06/2023;03:32:43;23.83;;;;2650;05/06/2023;03:33:01;23.84;;;;2650;05/06/2023;03:36:07;23.78;;;;
2651;05/06/2023;03:32:58;23.83;;;;2651;05/06/2023;03:33:16;23.84;;;;2651;05/06/2023;03:36:22;23.77;;;;
2652;05/06/2023;03:33:13;23.83;;;;2652;05/06/2023;03:33:31;23.85;;;;2652;05/06/2023;03:36:37;23.79;;;;
2653;05/06/2023;03:33:28;23.83;;;;2653;05/06/2023;03:33:46;23.84;;;;2653;05/06/2023;03:36:52;23.78;;;;
2654;05/06/2023;03:33:43;23.84;;;;2654;05/06/2023;03:34:01;23.85;;;;2654;05/06/2023;03:37:07;23.77;;;;
2655;05/06/2023;03:33:58;23.83;;;;2655;05/06/2023;03:34:16;23.86;;;;2655;05/06/2023;03:37:22;23.76;;;;
2656;05/06/2023;03:34:12;23.84;;;;2656;05/06/2023;03:34:31;23.84;;;;2656;05/06/2023;03:37:37;23.76;;;;
2657;05/06/2023;03:34:28;23.82;;;;2657;05/06/2023;03:34:46;23.84;;;;2657;05/06/2023;03:37:52;23.79;;;;
2658;05/06/2023;03:34:43;23.84;;;;2658;05/06/2023;03:35:01;23.86;;;;2658;05/06/2023;03:38:07;23.8;;;;
2659;05/06/2023;03:34:58;23.84;;;;2659;05/06/2023;03:35:16;23.83;;;;2659;05/06/2023;03:38:22;23.79;;;;
2660;05/06/2023;03:35:13;23.84;;;;2660;05/06/2023;03:35:31;23.84;;;;2660;05/06/2023;03:38:37;23.79;;;;
2661;05/06/2023;03:35:28;23.84;;;;2661;05/06/2023;03:35:46;23.84;;;;2661;05/06/2023;03:38:52;23.76;;;;
2662;05/06/2023;03:35:43;23.84;;;;2662;05/06/2023;03:36:01;23.84;;;;2662;05/06/2023;03:39:07;23.78;;;;
2663;05/06/2023;03:35:58;23.81;;;;2663;05/06/2023;03:36:16;23.83;;;;2663;05/06/2023;03:39:22;23.75;;;;
2664;05/06/2023;03:36:13;23.83;;;;2664;05/06/2023;03:36:31;23.83;;;;2664;05/06/2023;03:39:37;23.78;;;;
2665;05/06/2023;03:36:28;23.83;;;;2665;05/06/2023;03:36:46;23.83;;;;2665;05/06/2023;03:39:52;23.78;;;;
2666;05/06/2023;03:36:43;23.85;;;;2666;05/06/2023;03:37:01;23.83;;;;2666;05/06/2023;03:40:07;23.79;;;;
2667;05/06/2023;03:36:58;23.82;;;;2667;05/06/2023;03:37:16;23.84;;;;2667;05/06/2023;03:40:22;23.77;;;;
2668;05/06/2023;03:37:13;23.84;;;;2668;05/06/2023;03:37:31;23.84;;;;2668;05/06/2023;03:40:37;23.77;;;;
2669;05/06/2023;03:37:28;23.82;;;;2669;05/06/2023;03:37:46;23.84;;;;2669;05/06/2023;03:40:52;23.77;;;;
2670;05/06/2023;03:37:42;23.82;;;;2670;05/06/2023;03:38:01;23.84;;;;2670;05/06/2023;03:41:07;23.77;;;;
2671;05/06/2023;03:37:58;23.82;;;;2671;05/06/2023;03:38:16;23.81;;;;2671;05/06/2023;03:41:22;23.76;;;;
2672;05/06/2023;03:38:13;23.81;;;;2672;05/06/2023;03:38:30;23.83;;;;2672;05/06/2023;03:41:37;23.78;;;;
2673;05/06/2023;03:38:28;23.84;;;;2673;05/06/2023;03:38:45;23.84;;;;2673;05/06/2023;03:41:52;23.77;;;;
2674;05/06/2023;03:38:42;23.83;;;;2674;05/06/2023;03:39:00;23.83;;;;2674;05/06/2023;03:42:07;23.75;;;;
2675;05/06/2023;03:38:58;23.82;;;;2675;05/06/2023;03:39:15;23.84;;;;2675;05/06/2023;03:42:22;23.77;;;;
2676;05/06/2023;03:39:13;23.82;;;;2676;05/06/2023;03:39:30;23.81;;;;2676;05/06/2023;03:42:37;23.77;;;;
2677;05/06/2023;03:39:28;23.83;;;;2677;05/06/2023;03:39:45;23.82;;;;2677;05/06/2023;03:42:52;23.75;;;;
2678;05/06/2023;03:39:43;23.81;;;;2678;05/06/2023;03:40:00;23.84;;;;2678;05/06/2023;03:43:07;23.76;;;;
2679;05/06/2023;03:39:58;23.8;;;;2679;05/06/2023;03:40:15;23.82;;;;2679;05/06/2023;03:43:22;23.79;;;;
2680;05/06/2023;03:40:13;23.82;;;;2680;05/06/2023;03:40:30;23.84;;;;2680;05/06/2023;03:43:37;23.75;;;;
2681;05/06/2023;03:40:28;23.8;;;;2681;05/06/2023;03:40:45;23.84;;;;2681;05/06/2023;03:43:52;23.77;;;;
2682;05/06/2023;03:40:42;23.8;;;;2682;05/06/2023;03:41:00;23.83;;;;2682;05/06/2023;03:44:07;23.75;;;;
2683;05/06/2023;03:40:57;23.82;;;;2683;05/06/2023;03:41:15;23.84;;;;2683;05/06/2023;03:44:22;23.76;;;;
2684;05/06/2023;03:41:12;23.83;;;;2684;05/06/2023;03:41:30;23.83;;;;2684;05/06/2023;03:44:37;23.76;;;;
2685;05/06/2023;03:41:27;23.8;;;;2685;05/06/2023;03:41:45;23.82;;;;2685;05/06/2023;03:44:52;23.76;;;;
2686;05/06/2023;03:41:42;23.82;;;;2686;05/06/2023;03:42:00;23.84;;;;2686;05/06/2023;03:45:07;23.76;;;;
2687;05/06/2023;03:41:57;23.81;;;;2687;05/06/2023;03:42:15;23.81;;;;2687;05/06/2023;03:45:22;23.76;;;;
2688;05/06/2023;03:42:12;23.8;;;;2688;05/06/2023;03:42:30;23.81;;;;2688;05/06/2023;03:45:37;23.76;;;;
2689;05/06/2023;03:42:27;23.8;;;;2689;05/06/2023;03:42:45;23.84;;;;2689;05/06/2023;03:45:52;23.75;;;;
2690;05/06/2023;03:42:42;23.8;;;;2690;05/06/2023;03:43:00;23.81;;;;2690;05/06/2023;03:46:07;23.75;;;;
2691;05/06/2023;03:42:57;23.82;;;;2691;05/06/2023;03:43:15;23.83;;;;2691;05/06/2023;03:46:22;23.74;;;;
2692;05/06/2023;03:43:12;23.79;;;;2692;05/06/2023;03:43:30;23.8;;;;2692;05/06/2023;03:46:37;23.77;;;;
2693;05/06/2023;03:43:27;23.8;;;;2693;05/06/2023;03:43:45;23.82;;;;2693;05/06/2023;03:46:52;23.76;;;;
2694;05/06/2023;03:43:42;23.82;;;;2694;05/06/2023;03:44:00;23.81;;;;2694;05/06/2023;03:47:07;23.76;;;;
2695;05/06/2023;03:43:57;23.82;;;;2695;05/06/2023;03:44:15;23.81;;;;2695;05/06/2023;03:47:22;23.73;;;;
2696;05/06/2023;03:44:12;23.79;;;;2696;05/06/2023;03:44:30;23.81;;;;2696;05/06/2023;03:47:37;23.76;;;;
2697;05/06/2023;03:44:27;23.81;;;;2697;05/06/2023;03:44:45;23.83;;;;2697;05/06/2023;03:47:52;23.75;;;;
2698;05/06/2023;03:44:42;23.8;;;;2698;05/06/2023;03:45:00;23.81;;;;2698;05/06/2023;03:48:07;23.73;;;;
2699;05/06/2023;03:44:57;23.81;;;;2699;05/06/2023;03:45:15;23.83;;;;2699;05/06/2023;03:48:22;23.75;;;;
2700;05/06/2023;03:45:12;23.79;;;;2700;05/06/2023;03:45:30;23.8;;;;2700;05/06/2023;03:48:37;23.75;;;;
2701;05/06/2023;03:45:27;23.8;;;;2701;05/06/2023;03:45:45;23.82;;;;2701;05/06/2023;03:48:52;23.77;;;;
2702;05/06/2023;03:45:42;23.79;;;;2702;05/06/2023;03:46:00;23.82;;;;2702;05/06/2023;03:49:07;23.74;;;;
2703;05/06/2023;03:45:57;23.81;;;;2703;05/06/2023;03:46:15;23.8;;;;2703;05/06/2023;03:49:22;23.76;;;;
2704;05/06/2023;03:46:12;23.82;;;;2704;05/06/2023;03:46:30;23.81;;;;2704;05/06/2023;03:49:37;23.74;;;;
2705;05/06/2023;03:46:27;23.79;;;;2705;05/06/2023;03:46:45;23.81;;;;2705;05/06/2023;03:49:52;23.73;;;;
2706;05/06/2023;03:46:42;23.83;;;;2706;05/06/2023;03:47:00;23.8;;;;2706;05/06/2023;03:50:07;23.75;;;;
2707;05/06/2023;03:46:57;23.79;;;;2707;05/06/2023;03:47:15;23.81;;;;2707;05/06/2023;03:50:22;23.75;;;;
2708;05/06/2023;03:47:12;23.82;;;;2708;05/06/2023;03:47:30;23.81;;;;2708;05/06/2023;03:50:37;23.74;;;;
2709;05/06/2023;03:47:27;23.81;;;;2709;05/06/2023;03:47:45;23.83;;;;2709;05/06/2023;03:50:52;23.75;;;;
2710;05/06/2023;03:47:42;23.78;;;;2710;05/06/2023;03:48:00;23.81;Synchronized;;;2710;05/06/2023;03:51:07;23.75;;;;
2711;05/06/2023;03:47:57;23.79;;;;2711;05/06/2023;03:48:15;23.82;;;;2711;05/06/2023;03:51:22;23.76;;;;
2712;05/06/2023;03:48:12;23.78;;;;2712;05/06/2023;03:48:30;23.82;;;;2712;05/06/2023;03:51:37;23.73;;;;
2713;05/06/2023;03:48:27;23.8;;;;2713;05/06/2023;03:48:45;23.8;Synchronized;;;2713;05/06/2023;03:51:52;23.73;;;;
2714;05/06/2023;03:48:42;23.8;;;;2714;05/06/2023;03:49:00;23.81;;;;2714;05/06/2023;03:52:07;23.73;;;;
2715;05/06/2023;03:48:57;23.8;;;;2715;05/06/2023;03:49:15;23.8;;;;2715;05/06/2023;03:52:22;23.75;;;;
2716;05/06/2023;03:49:12;23.8;;;;2716;05/06/2023;03:49:30;23.82;;;;2716;05/06/2023;03:52:37;23.75;;;;
2717;05/06/2023;03:49:27;23.78;;;;2717;05/06/2023;03:49:45;23.8;;;;2717;05/06/2023;03:52:52;23.73;;;;
2718;05/06/2023;03:49:42;23.78;;;;2718;05/06/2023;03:50:00;23.81;;;;2718;05/06/2023;03:53:07;23.73;;;;
2719;05/06/2023;03:49:57;23.79;;;;2719;05/06/2023;03:50:15;23.8;;;;2719;05/06/2023;03:53:22;23.74;;;;
2720;05/06/2023;03:50:12;23.77;;;;2720;05/06/2023;03:50:30;23.8;;;;2720;05/06/2023;03:53:37;23.74;;;;
2721;05/06/2023;03:50:27;23.78;;;;2721;05/06/2023;03:50:45;23.8;;;;2721;05/06/2023;03:53:52;23.74;;;;
2722;05/06/2023;03:50:42;23.8;;;;2722;05/06/2023;03:51:00;23.8;;;;2722;05/06/2023;03:54:07;23.74;;;;
2723;05/06/2023;03:50:57;23.78;;;;2723;05/06/2023;03:51:15;23.81;;;;2723;05/06/2023;03:54:22;23.74;;;;
2724;05/06/2023;03:51:12;23.79;;;;2724;05/06/2023;03:51:30;23.8;;;;2724;05/06/2023;03:54:37;23.73;;;;
2725;05/06/2023;03:51:27;23.77;Synchronized;;;2725;05/06/2023;03:51:45;23.8;;;;2725;05/06/2023;03:54:52;23.73;;;;
2726;05/06/2023;03:51:42;23.78;;;;2726;05/06/2023;03:52:00;23.8;;;;2726;05/06/2023;03:55:07;23.73;;;;
2727;05/06/2023;03:51:57;23.78;;;;2727;05/06/2023;03:52:15;23.8;;;;2727;05/06/2023;03:55:22;23.74;;;;
2728;05/06/2023;03:52:12;23.79;;;;2728;05/06/2023;03:52:30;23.8;;;;2728;05/06/2023;03:55:37;23.75;;;;
2729;05/06/2023;03:52:27;23.78;;;;2729;05/06/2023;03:52:45;23.82;;;;2729;05/06/2023;03:55:52;23.74;;;;
2730;05/06/2023;03:52:42;23.78;;;;2730;05/06/2023;03:53:00;23.81;;;;2730;05/06/2023;03:56:07;23.73;;;;
2731;05/06/2023;03:52:57;23.78;;;;2731;05/06/2023;03:53:15;23.8;;;;2731;05/06/2023;03:56:22;23.74;;;;
2732;05/06/2023;03:53:12;23.8;;;;2732;05/06/2023;03:53:29;23.81;;;;2732;05/06/2023;03:56:37;23.74;;;;
2733;05/06/2023;03:53:27;23.78;;;;2733;05/06/2023;03:53:44;23.78;;;;2733;05/06/2023;03:56:52;23.74;;;;
2734;05/06/2023;03:53:42;23.78;;;;2734;05/06/2023;03:53:59;23.8;;;;2734;05/06/2023;03:57:07;23.73;;;;
2735;05/06/2023;03:53:57;23.79;;;;2735;05/06/2023;03:54:14;23.8;;;;2735;05/06/2023;03:57:22;23.73;;;;
2736;05/06/2023;03:54:12;23.78;;;;2736;05/06/2023;03:54:29;23.81;;;;2736;05/06/2023;03:57:37;23.72;;;;
2737;05/06/2023;03:54:27;23.78;;;;2737;05/06/2023;03:54:44;23.8;;;;2737;05/06/2023;03:57:52;23.73;;;;
2738;05/06/2023;03:54:42;23.77;;;;2738;05/06/2023;03:54:59;23.78;;;;2738;05/06/2023;03:58:07;23.73;;;;
2739;05/06/2023;03:54:57;23.76;;;;2739;05/06/2023;03:55:14;23.76;;;;2739;05/06/2023;03:58:22;23.73;;;;
2740;05/06/2023;03:55:12;23.77;;;;2740;05/06/2023;03:55:29;23.8;;;;2740;05/06/2023;03:58:37;23.73;;;;
2741;05/06/2023;03:55:27;23.79;;;;2741;05/06/2023;03:55:44;23.77;;;;2741;05/06/2023;03:58:52;23.73;;;;
2742;05/06/2023;03:55:42;23.78;;;;2742;05/06/2023;03:55:59;23.78;;;;2742;05/06/2023;03:59:07;23.72;;;;
2743;05/06/2023;03:55:57;23.79;;;;2743;05/06/2023;03:56:14;23.78;;;;2743;05/06/2023;03:59:22;23.72;;;;
2744;05/06/2023;03:56:12;23.77;;;;2744;05/06/2023;03:56:29;23.8;;;;2744;05/06/2023;03:59:37;23.73;;;;
2745;05/06/2023;03:56:27;23.77;;;;2745;05/06/2023;03:56:44;23.78;;;;2745;05/06/2023;03:59:52;23.73;;;;
2746;05/06/2023;03:56:42;23.77;;;;2746;05/06/2023;03:56:59;23.8;;;;2746;05/06/2023;04:00:07;23.73;;;;
2747;05/06/2023;03:56:57;23.78;;;;2747;05/06/2023;03:57:14;23.8;;;;2747;05/06/2023;04:00:22;23.72;;;;
2748;05/06/2023;03:57:12;23.78;;;;2748;05/06/2023;03:57:29;23.8;;;;2748;05/06/2023;04:00:37;23.74;;;;
2749;05/06/2023;03:57:27;23.77;;;;2749;05/06/2023;03:57:44;23.78;;;;2749;05/06/2023;04:00:52;23.72;;;;
2750;05/06/2023;03:57:42;23.78;;;;2750;05/06/2023;03:57:59;23.8;;;;2750;05/06/2023;04:01:07;23.73;;;;
2751;05/06/2023;03:57:57;23.78;;;;2751;05/06/2023;03:58:14;23.8;;;;2751;05/06/2023;04:01:22;23.72;;;;
2752;05/06/2023;03:58:12;23.77;;;;2752;05/06/2023;03:58:29;23.77;;;;2752;05/06/2023;04:01:37;23.72;;;;
2753;05/06/2023;03:58:27;23.76;;;;2753;05/06/2023;03:58:44;23.8;;;;2753;05/06/2023;04:01:52;23.71;;;;
2754;05/06/2023;03:58:42;23.77;;;;2754;05/06/2023;03:58:59;23.77;;;;2754;05/06/2023;04:02:07;23.72;;;;
2755;05/06/2023;03:58:57;23.78;;;;2755;05/06/2023;03:59:14;23.8;;;;2755;05/06/2023;04:02:22;23.7;;;;
2756;05/06/2023;03:59:12;23.79;;;;2756;05/06/2023;03:59:29;23.8;;;;2756;05/06/2023;04:02:37;23.72;;;;
2757;05/06/2023;03:59:27;23.79;;;;2757;05/06/2023;03:59:44;23.78;;;;2757;05/06/2023;04:02:52;23.72;;;;
2758;05/06/2023;03:59:42;23.79;;;;2758;05/06/2023;03:59:59;23.8;;;;2758;05/06/2023;04:03:07;23.72;;;;
2759;05/06/2023;03:59:57;23.77;;;;2759;05/06/2023;04:00:14;23.8;;;;2759;05/06/2023;04:03:22;23.7;;;;
2760;05/06/2023;04:00:12;23.75;;;;2760;05/06/2023;04:00:29;23.8;;;;2760;05/06/2023;04:03:37;23.72;;;;
2761;05/06/2023;04:00:27;23.77;;;;2761;05/06/2023;04:00:44;23.77;;;;2761;05/06/2023;04:03:52;23.73;;;;
2762;05/06/2023;04:00:42;23.78;;;;2762;05/06/2023;04:00:59;23.77;;;;2762;05/06/2023;04:04:07;23.71;;;;
2763;05/06/2023;04:00:57;23.76;;;;2763;05/06/2023;04:01:14;23.77;;;;2763;05/06/2023;04:04:22;23.71;;;;
2764;05/06/2023;04:01:12;23.76;;;;2764;05/06/2023;04:01:29;23.77;;;;2764;05/06/2023;04:04:37;23.73;;;;
2765;05/06/2023;04:01:27;23.77;;;;2765;05/06/2023;04:01:44;23.8;;;;2765;05/06/2023;04:04:52;23.72;;;;
2766;05/06/2023;04:01:42;23.77;;;;2766;05/06/2023;04:01:59;23.76;;;;2766;05/06/2023;04:05:07;23.71;;;;
2767;05/06/2023;04:01:57;23.74;;;;2767;05/06/2023;04:02:14;23.77;;;;2767;05/06/2023;04:05:22;23.72;;;;
2768;05/06/2023;04:02:12;23.77;;;;2768;05/06/2023;04:02:29;23.77;;;;2768;05/06/2023;04:05:37;23.7;;;;
2769;05/06/2023;04:02:27;23.77;;;;2769;05/06/2023;04:02:44;23.77;;;;2769;05/06/2023;04:05:52;23.7;;;;
2770;05/06/2023;04:02:42;23.75;;;;2770;05/06/2023;04:02:59;23.76;;;;2770;05/06/2023;04:06:07;23.72;;;;
2771;05/06/2023;04:02:57;23.76;;;;2771;05/06/2023;04:03:14;23.77;;;;2771;05/06/2023;04:06:22;23.72;;;;
2772;05/06/2023;04:03:12;23.78;;;;2772;05/06/2023;04:03:29;23.77;;;;2772;05/06/2023;04:06:37;23.7;;;;
2773;05/06/2023;04:03:27;23.75;;;;2773;05/06/2023;04:03:44;23.77;;;;2773;05/06/2023;04:06:52;23.72;;;;
2774;05/06/2023;04:03:42;23.76;;;;2774;05/06/2023;04:03:59;23.78;Synchronized;;;2774;05/06/2023;04:07:07;23.7;;;;
2775;05/06/2023;04:03:57;23.77;;;;2775;05/06/2023;04:04:14;23.77;;;;2775;05/06/2023;04:07:22;23.7;;;;
2776;05/06/2023;04:04:12;23.76;;;;2776;05/06/2023;04:04:29;23.76;;;;2776;05/06/2023;04:07:37;23.69;;;;
2777;05/06/2023;04:04:27;23.76;;;;2777;05/06/2023;04:04:44;23.77;;;;2777;05/06/2023;04:07:52;23.71;;;;
2778;05/06/2023;04:04:42;23.75;;;;2778;05/06/2023;04:04:59;23.76;;;;2778;05/06/2023;04:08:07;23.71;;;;
2779;05/06/2023;04:04:57;23.75;;;;2779;05/06/2023;04:05:14;23.77;;;;2779;05/06/2023;04:08:22;23.7;;;;
2780;05/06/2023;04:05:12;23.77;;;;2780;05/06/2023;04:05:29;23.76;;;;2780;05/06/2023;04:08:37;23.7;;;;
2781;05/06/2023;04:05:27;23.76;;;;2781;05/06/2023;04:05:44;23.76;;;;2781;05/06/2023;04:08:52;23.71;;;;
2782;05/06/2023;04:05:42;23.77;;;;2782;05/06/2023;04:05:59;23.77;;;;2782;05/06/2023;04:09:07;23.7;;;;
2783;05/06/2023;04:05:57;23.75;;;;2783;05/06/2023;04:06:14;23.75;;;;2783;05/06/2023;04:09:22;23.7;;;;
2784;05/06/2023;04:06:12;23.75;;;;2784;05/06/2023;04:06:29;23.76;;;;2784;05/06/2023;04:09:37;23.71;;;;
2785;05/06/2023;04:06:27;23.77;;;;2785;05/06/2023;04:06:44;23.78;;;;2785;05/06/2023;04:09:52;23.71;;;;
2786;05/06/2023;04:06:42;23.75;;;;2786;05/06/2023;04:06:59;23.78;;;;2786;05/06/2023;04:10:07;23.7;;;;
2787;05/06/2023;04:06:57;23.75;;;;2787;05/06/2023;04:07:14;23.78;;;;2787;05/06/2023;04:10:22;23.7;;;;
2788;05/06/2023;04:07:12;23.75;;;;2788;05/06/2023;04:07:29;23.77;;;;2788;05/06/2023;04:10:37;23.72;;;;
2789;05/06/2023;04:07:27;23.76;;;;2789;05/06/2023;04:07:43;23.77;;;;2789;05/06/2023;04:10:52;23.69;;;;
2790;05/06/2023;04:07:42;23.75;;;;2790;05/06/2023;04:07:58;23.78;;;;2790;05/06/2023;04:11:07;23.7;;;;
2791;05/06/2023;04:07:57;23.73;;;;2791;05/06/2023;04:08:13;23.77;;;;2791;05/06/2023;04:11:22;23.71;;;;
2792;05/06/2023;04:08:12;23.74;;;;2792;05/06/2023;04:08:28;23.77;;;;2792;05/06/2023;04:11:37;23.72;;;;
2793;05/06/2023;04:08:27;23.76;;;;2793;05/06/2023;04:08:43;23.75;;;;2793;05/06/2023;04:11:52;23.68;;;;
2794;05/06/2023;04:08:42;23.76;;;;2794;05/06/2023;04:08:58;23.77;;;;2794;05/06/2023;04:12:07;23.7;;;;
2795;05/06/2023;04:08:57;23.73;;;;2795;05/06/2023;04:09:13;23.76;;;;2795;05/06/2023;04:12:22;23.7;;;;
2796;05/06/2023;04:09:12;23.76;;;;2796;05/06/2023;04:09:28;23.77;;;;2796;05/06/2023;04:12:37;23.71;;;;
2797;05/06/2023;04:09:27;23.76;;;;2797;05/06/2023;04:09:43;23.75;;;;2797;05/06/2023;04:12:52;23.71;;;;
2798;05/06/2023;04:09:42;23.75;;;;2798;05/06/2023;04:09:58;23.76;;;;2798;05/06/2023;04:13:07;23.7;;;;
2799;05/06/2023;04:09:57;23.74;;;;2799;05/06/2023;04:10:13;23.76;;;;2799;05/06/2023;04:13:22;23.7;;;;
2800;05/06/2023;04:10:12;23.77;;;;2800;05/06/2023;04:10:28;23.77;;;;2800;05/06/2023;04:13:37;23.7;;;;
2801;05/06/2023;04:10:27;23.75;;;;2801;05/06/2023;04:10:43;23.77;;;;2801;05/06/2023;04:13:52;23.7;;;;
2802;05/06/2023;04:10:42;23.76;;;;2802;05/06/2023;04:10:58;23.76;;;;2802;05/06/2023;04:14:07;23.71;;;;
2803;05/06/2023;04:10:57;23.74;;;;2803;05/06/2023;04:11:13;23.75;;;;2803;05/06/2023;04:14:22;23.71;;;;
2804;05/06/2023;04:11:12;23.73;;;;2804;05/06/2023;04:11:28;23.75;;;;2804;05/06/2023;04:14:37;23.7;;;;
2805;05/06/2023;04:11:27;23.75;;;;2805;05/06/2023;04:11:43;23.76;;;;2805;05/06/2023;04:14:52;23.7;;;;
2806;05/06/2023;04:11:42;23.74;;;;2806;05/06/2023;04:11:58;23.77;;;;2806;05/06/2023;04:15:07;23.7;;;;
2807;05/06/2023;04:11:57;23.73;;;;2807;05/06/2023;04:12:13;23.75;;;;2807;05/06/2023;04:15:22;23.69;Synchronized;;;
2808;05/06/2023;04:12:12;23.76;;;;2808;05/06/2023;04:12:28;23.77;;;;2808;05/06/2023;04:15:37;23.7;;;;
2809;05/06/2023;04:12:27;23.76;;;;2809;05/06/2023;04:12:43;23.77;;;;2809;05/06/2023;04:15:52;23.7;;;;
2810;05/06/2023;04:12:42;23.76;;;;2810;05/06/2023;04:12:58;23.74;;;;2810;05/06/2023;04:16:07;23.7;;;;
2811;05/06/2023;04:12:57;23.74;;;;2811;05/06/2023;04:13:13;23.77;;;;2811;05/06/2023;04:16:22;23.7;;;;
2812;05/06/2023;04:13:12;23.73;;;;2812;05/06/2023;04:13:28;23.76;;;;2812;05/06/2023;04:16:37;23.71;;;;
2813;05/06/2023;04:13:27;23.75;;;;2813;05/06/2023;04:13:43;23.75;;;;2813;05/06/2023;04:16:52;23.7;;;;
2814;05/06/2023;04:13:42;23.75;;;;2814;05/06/2023;04:13:58;23.77;;;;2814;05/06/2023;04:17:07;23.7;;;;
2815;05/06/2023;04:13:57;23.75;;;;2815;05/06/2023;04:14:13;23.75;;;;2815;05/06/2023;04:17:22;23.69;;;;
2816;05/06/2023;04:14:12;23.75;;;;2816;05/06/2023;04:14:28;23.75;;;;2816;05/06/2023;04:17:37;23.7;;;;
2817;05/06/2023;04:14:27;23.76;;;;2817;05/06/2023;04:14:43;23.77;;;;2817;05/06/2023;04:17:52;23.7;;;;
2818;05/06/2023;04:14:42;23.75;;;;2818;05/06/2023;04:14:58;23.75;;;;2818;05/06/2023;04:18:07;23.69;;;;
2819;05/06/2023;04:14:57;23.75;;;;2819;05/06/2023;04:15:13;23.74;;;;2819;05/06/2023;04:18:22;23.68;;;;
2820;05/06/2023;04:15:12;23.73;;;;2820;05/06/2023;04:15:28;23.76;;;;2820;05/06/2023;04:18:37;23.69;;;;
2821;05/06/2023;04:15:27;23.75;;;;2821;05/06/2023;04:15:43;23.75;;;;2821;05/06/2023;04:18:52;23.7;;;;
2822;05/06/2023;04:15:42;23.74;;;;2822;05/06/2023;04:15:58;23.74;;;;2822;05/06/2023;04:19:07;23.7;;;;
2823;05/06/2023;04:15:57;23.76;;;;2823;05/06/2023;04:16:13;23.74;;;;2823;05/06/2023;04:19:22;23.68;;;;
2824;05/06/2023;04:16:12;23.75;;;;2824;05/06/2023;04:16:28;23.76;;;;2824;05/06/2023;04:19:37;23.69;;;;
2825;05/06/2023;04:16:26;23.73;;;;2825;05/06/2023;04:16:43;23.74;;;;2825;05/06/2023;04:19:52;23.69;;;;
2826;05/06/2023;04:16:41;23.73;;;;2826;05/06/2023;04:16:58;23.75;;;;2826;05/06/2023;04:20:07;23.7;;;;
2827;05/06/2023;04:16:56;23.74;;;;2827;05/06/2023;04:17:13;23.74;;;;2827;05/06/2023;04:20:22;23.68;;;;
2828;05/06/2023;04:17:11;23.73;;;;2828;05/06/2023;04:17:28;23.73;;;;2828;05/06/2023;04:20:37;23.7;;;;
2829;05/06/2023;04:17:26;23.74;;;;2829;05/06/2023;04:17:43;23.73;;;;2829;05/06/2023;04:20:52;23.69;;;;
2830;05/06/2023;04:17:41;23.73;;;;2830;05/06/2023;04:17:58;23.75;;;;2830;05/06/2023;04:21:07;23.68;;;;
2831;05/06/2023;04:17:56;23.73;;;;2831;05/06/2023;04:18:13;23.75;;;;2831;05/06/2023;04:21:22;23.69;;;;
2832;05/06/2023;04:18:11;23.74;;;;2832;05/06/2023;04:18:28;23.74;;;;2832;05/06/2023;04:21:37;23.69;;;;
2833;05/06/2023;04:18:26;23.73;;;;2833;05/06/2023;04:18:43;23.75;;;;2833;05/06/2023;04:21:52;23.69;;;;
2834;05/06/2023;04:18:41;23.73;;;;2834;05/06/2023;04:18:58;23.74;;;;2834;05/06/2023;04:22:07;23.68;;;;
2835;05/06/2023;04:18:56;23.73;;;;2835;05/06/2023;04:19:13;23.74;;;;2835;05/06/2023;04:22:22;23.67;;;;
2836;05/06/2023;04:19:11;23.73;;;;2836;05/06/2023;04:19:28;23.75;;;;2836;05/06/2023;04:22:37;23.68;;;;
2837;05/06/2023;04:19:26;23.74;;;;2837;05/06/2023;04:19:43;23.76;;;;2837;05/06/2023;04:22:52;23.7;;;;
2838;05/06/2023;04:19:41;23.74;;;;2838;05/06/2023;04:19:58;23.76;;;;2838;05/06/2023;04:23:07;23.68;;;;
2839;05/06/2023;04:19:56;23.74;;;;2839;05/06/2023;04:20:13;23.75;;;;2839;05/06/2023;04:23:22;23.7;;;;
2840;05/06/2023;04:20:11;23.73;;;;2840;05/06/2023;04:20:28;23.74;;;;2840;05/06/2023;04:23:37;23.69;;;;
2841;05/06/2023;04:20:26;23.73;;;;2841;05/06/2023;04:20:43;23.73;;;;2841;05/06/2023;04:23:52;23.68;;;;
2842;05/06/2023;04:20:41;23.74;;;;2842;05/06/2023;04:20:58;23.75;;;;2842;05/06/2023;04:24:07;23.67;;;;
2843;05/06/2023;04:20:56;23.73;;;;2843;05/06/2023;04:21:13;23.75;;;;2843;05/06/2023;04:24:22;23.69;;;;
2844;05/06/2023;04:21:11;23.73;;;;2844;05/06/2023;04:21:28;23.74;;;;2844;05/06/2023;04:24:37;23.69;;;;
2845;05/06/2023;04:21:26;23.72;;;;2845;05/06/2023;04:21:43;23.73;;;;2845;05/06/2023;04:24:52;23.69;;;;
2846;05/06/2023;04:21:41;23.73;;;;2846;05/06/2023;04:21:58;23.73;;;;2846;05/06/2023;04:25:07;23.68;;;;
2847;05/06/2023;04:21:56;23.73;;;;2847;05/06/2023;04:22:13;23.75;;;;2847;05/06/2023;04:25:22;23.68;;;;
2848;05/06/2023;04:22:11;23.73;;;;2848;05/06/2023;04:22:28;23.74;;;;2848;05/06/2023;04:25:37;23.67;;;;
2849;05/06/2023;04:22:26;23.73;;;;2849;05/06/2023;04:22:43;23.74;;;;2849;05/06/2023;04:25:52;23.69;;;;
2850;05/06/2023;04:22:41;23.72;;;;2850;05/06/2023;04:22:58;23.74;;;;2850;05/06/2023;04:26:07;23.69;;;;
2851;05/06/2023;04:22:56;23.73;;;;2851;05/06/2023;04:23:13;23.73;;;;2851;05/06/2023;04:26:22;23.67;;;;
2852;05/06/2023;04:23:11;23.73;;;;2852;05/06/2023;04:23:28;23.73;;;;2852;05/06/2023;04:26:37;23.7;;;;
2853;05/06/2023;04:23:26;23.72;;;;2853;05/06/2023;04:23:43;23.73;;;;2853;05/06/2023;04:26:52;23.67;;;;
2854;05/06/2023;04:23:41;23.74;;;;2854;05/06/2023;04:23:57;23.73;;;;2854;05/06/2023;04:27:07;23.69;;;;
2855;05/06/2023;04:23:56;23.73;;;;2855;05/06/2023;04:24:12;23.73;;;;2855;05/06/2023;04:27:22;23.68;Synchronized;;;
2856;05/06/2023;04:24:11;23.73;;;;2856;05/06/2023;04:24:27;23.73;;;;2856;05/06/2023;04:27:37;23.68;;;;
2857;05/06/2023;04:24:26;23.73;;;;2857;05/06/2023;04:24:42;23.73;;;;2857;05/06/2023;04:27:52;23.68;;;;
2858;05/06/2023;04:24:41;23.73;;;;2858;05/06/2023;04:24:57;23.73;;;;2858;05/06/2023;04:28:07;23.69;;;;
2859;05/06/2023;04:24:56;23.73;;;;2859;05/06/2023;04:25:12;23.72;;;;2859;05/06/2023;04:28:22;23.66;;;;
2860;05/06/2023;04:25:11;23.73;;;;2860;05/06/2023;04:25:27;23.73;;;;2860;05/06/2023;04:28:37;23.66;;;;
2861;05/06/2023;04:25:26;23.71;;;;2861;05/06/2023;04:25:42;23.74;;;;2861;05/06/2023;04:28:52;23.68;;;;
2862;05/06/2023;04:25:41;23.73;;;;2862;05/06/2023;04:25:57;23.73;;;;2862;05/06/2023;04:29:07;23.68;;;;
2863;05/06/2023;04:25:56;23.71;;;;2863;05/06/2023;04:26:12;23.73;Synchronized;;;2863;05/06/2023;04:29:22;23.68;;;;
2864;05/06/2023;04:26:11;23.73;;;;2864;05/06/2023;04:26:27;23.73;;;;2864;05/06/2023;04:29:37;23.66;;;;
2865;05/06/2023;04:26:26;23.73;;;;2865;05/06/2023;04:26:42;23.73;;;;2865;05/06/2023;04:29:52;23.66;;;;
2866;05/06/2023;04:26:41;23.73;;;;2866;05/06/2023;04:26:57;23.73;;;;2866;05/06/2023;04:30:07;23.68;;;;
2867;05/06/2023;04:26:56;23.72;;;;2867;05/06/2023;04:27:12;23.73;;;;2867;05/06/2023;04:30:22;23.68;;;;
2868;05/06/2023;04:27:11;23.73;;;;2868;05/06/2023;04:27:27;23.73;;;;2868;05/06/2023;04:30:37;23.67;;;;
2869;05/06/2023;04:27:26;23.71;;;;2869;05/06/2023;04:27:42;23.74;;;;2869;05/06/2023;04:30:52;23.68;;;;
2870;05/06/2023;04:27:41;23.73;;;;2870;05/06/2023;04:27:57;23.73;;;;2870;05/06/2023;04:31:07;23.68;;;;
2871;05/06/2023;04:27:56;23.73;;;;2871;05/06/2023;04:28:12;23.72;;;;2871;05/06/2023;04:31:22;23.67;;;;
2872;05/06/2023;04:28:11;23.73;;;;2872;05/06/2023;04:28:27;23.71;;;;2872;05/06/2023;04:31:37;23.68;;;;
2873;05/06/2023;04:28:26;23.73;;;;2873;05/06/2023;04:28:42;23.72;;;;2873;05/06/2023;04:31:52;23.67;;;;
2874;05/06/2023;04:28:41;23.7;;;;2874;05/06/2023;04:28:57;23.73;;;;2874;05/06/2023;04:32:07;23.67;;;;
2875;05/06/2023;04:28:56;23.71;;;;2875;05/06/2023;04:29:12;23.72;;;;2875;05/06/2023;04:32:22;23.66;;;;
2876;05/06/2023;04:29:11;23.72;;;;2876;05/06/2023;04:29:27;23.73;;;;2876;05/06/2023;04:32:37;23.67;;;;
2877;05/06/2023;04:29:26;23.73;;;;2877;05/06/2023;04:29:42;23.73;;;;2877;05/06/2023;04:32:52;23.66;;;;
2878;05/06/2023;04:29:41;23.72;;;;2878;05/06/2023;04:29:57;23.73;;;;2878;05/06/2023;04:33:07;23.67;;;;
2879;05/06/2023;04:29:56;23.7;;;;2879;05/06/2023;04:30:12;23.73;;;;2879;05/06/2023;04:33:22;23.67;;;;
2880;05/06/2023;04:30:11;23.73;;;;2880;05/06/2023;04:30:27;23.73;;;;2880;05/06/2023;04:33:37;23.66;;;;
2881;05/06/2023;04:30:26;23.7;;;;2881;05/06/2023;04:30:42;23.73;;;;2881;05/06/2023;04:33:52;23.67;;;;
2882;05/06/2023;04:30:41;23.71;;;;2882;05/06/2023;04:30:57;23.73;;;;2882;05/06/2023;04:34:07;23.66;;;;
2883;05/06/2023;04:30:56;23.72;;;;2883;05/06/2023;04:31:12;23.73;;;;2883;05/06/2023;04:34:22;23.66;;;;
2884;05/06/2023;04:31:11;23.72;;;;2884;05/06/2023;04:31:27;23.72;;;;2884;05/06/2023;04:34:37;23.66;;;;
2885;05/06/2023;04:31:26;23.71;Synchronized;;;2885;05/06/2023;04:31:42;23.72;;;;2885;05/06/2023;04:34:52;23.67;;;;
2886;05/06/2023;04:31:41;23.72;;;;2886;05/06/2023;04:31:57;23.73;;;;2886;05/06/2023;04:35:07;23.66;;;;
2887;05/06/2023;04:31:56;23.7;;;;2887;05/06/2023;04:32:12;23.73;;;;2887;05/06/2023;04:35:22;23.67;;;;
2888;05/06/2023;04:32:11;23.72;;;;2888;05/06/2023;04:32:27;23.72;;;;2888;05/06/2023;04:35:37;23.66;;;;
2889;05/06/2023;04:32:26;23.72;;;;2889;05/06/2023;04:32:42;23.71;;;;2889;05/06/2023;04:35:52;23.66;;;;
2890;05/06/2023;04:32:41;23.7;;;;2890;05/06/2023;04:32:57;23.73;;;;2890;05/06/2023;04:36:07;23.64;;;;
2891;05/06/2023;04:32:56;23.7;;;;2891;05/06/2023;04:33:12;23.73;;;;2891;05/06/2023;04:36:22;23.66;;;;
2892;05/06/2023;04:33:11;23.71;;;;2892;05/06/2023;04:33:27;23.72;;;;2892;05/06/2023;04:36:37;23.67;;;;
2893;05/06/2023;04:33:26;23.72;;;;2893;05/06/2023;04:33:42;23.71;;;;2893;05/06/2023;04:36:52;23.66;;;;
2894;05/06/2023;04:33:41;23.72;;;;2894;05/06/2023;04:33:57;23.71;;;;2894;05/06/2023;04:37:07;23.67;;;;
2895;05/06/2023;04:33:56;23.72;;;;2895;05/06/2023;04:34:12;23.73;;;;2895;05/06/2023;04:37:22;23.66;;;;
2896;05/06/2023;04:34:11;23.71;;;;2896;05/06/2023;04:34:27;23.71;;;;2896;05/06/2023;04:37:37;23.67;;;;
2897;05/06/2023;04:34:26;23.72;;;;2897;05/06/2023;04:34:42;23.72;;;;2897;05/06/2023;04:37:52;23.64;;;;
2898;05/06/2023;04:34:41;23.7;;;;2898;05/06/2023;04:34:57;23.71;;;;2898;05/06/2023;04:38:07;23.66;;;;
2899;05/06/2023;04:34:56;23.72;;;;2899;05/06/2023;04:35:12;23.72;;;;2899;05/06/2023;04:38:22;23.67;Synchronized;;;
2900;05/06/2023;04:35:11;23.7;;;;2900;05/06/2023;04:35:27;23.73;;;;2900;05/06/2023;04:38:37;23.68;;;;
2901;05/06/2023;04:35:26;23.72;;;;2901;05/06/2023;04:35:42;23.71;;;;2901;05/06/2023;04:38:52;23.64;;;;
2902;05/06/2023;04:35:41;23.72;;;;2902;05/06/2023;04:35:57;23.73;;;;2902;05/06/2023;04:39:07;23.66;;;;
2903;05/06/2023;04:35:56;23.7;;;;2903;05/06/2023;04:36:12;23.73;;;;2903;05/06/2023;04:39:22;23.67;Synchronized;;;
2904;05/06/2023;04:36:11;23.68;;;;2904;05/06/2023;04:36:27;23.71;;;;2904;05/06/2023;04:39:37;23.66;;;;
2905;05/06/2023;04:36:26;23.7;;;;2905;05/06/2023;04:36:42;23.71;;;;2905;05/06/2023;04:39:52;23.67;;;;
2906;05/06/2023;04:36:41;23.7;;;;2906;05/06/2023;04:36:57;23.71;;;;2906;05/06/2023;04:40:07;23.66;;;;
2907;05/06/2023;04:36:56;23.7;;;;2907;05/06/2023;04:37:12;23.7;;;;2907;05/06/2023;04:40:22;23.66;;;;
2908;05/06/2023;04:37:11;23.71;;;;2908;05/06/2023;04:37:27;23.72;;;;2908;05/06/2023;04:40:37;23.64;;;;
2909;05/06/2023;04:37:26;23.7;;;;2909;05/06/2023;04:37:42;23.71;;;;2909;05/06/2023;04:40:52;23.66;;;;
2910;05/06/2023;04:37:41;23.7;;;;2910;05/06/2023;04:37:57;23.71;;;;2910;05/06/2023;04:41:07;23.66;;;;
2911;05/06/2023;04:37:56;23.7;;;;2911;05/06/2023;04:38:12;23.71;;;;2911;05/06/2023;04:41:22;23.66;;;;
2912;05/06/2023;04:38:11;23.7;;;;2912;05/06/2023;04:38:27;23.72;;;;2912;05/06/2023;04:41:37;23.66;;;;
2913;05/06/2023;04:38:26;23.71;;;;2913;05/06/2023;04:38:42;23.73;;;;2913;05/06/2023;04:41:52;23.64;;;;
2914;05/06/2023;04:38:41;23.7;;;;2914;05/06/2023;04:38:57;23.71;;;;2914;05/06/2023;04:42:07;23.63;;;;
2915;05/06/2023;04:38:56;23.7;;;;2915;05/06/2023;04:39:12;23.71;;;;2915;05/06/2023;04:42:22;23.64;;;;
2916;05/06/2023;04:39:11;23.7;;;;2916;05/06/2023;04:39:27;23.73;;;;2916;05/06/2023;04:42:37;23.64;;;;
2917;05/06/2023;04:39:26;23.68;;;;2917;05/06/2023;04:39:42;23.7;;;;2917;05/06/2023;04:42:52;23.67;;;;
2918;05/06/2023;04:39:41;23.7;;;;2918;05/06/2023;04:39:57;23.71;;;;2918;05/06/2023;04:43:07;23.66;;;;
2919;05/06/2023;04:39:56;23.7;;;;2919;05/06/2023;04:40:12;23.72;;;;2919;05/06/2023;04:43:22;23.67;;;;
2920;05/06/2023;04:40:11;23.68;;;;2920;05/06/2023;04:40:27;23.71;;;;2920;05/06/2023;04:43:37;23.66;;;;
2921;05/06/2023;04:40:26;23.68;;;;2921;05/06/2023;04:40:42;23.7;;;;2921;05/06/2023;04:43:52;23.63;;;;
2922;05/06/2023;04:40:41;23.7;;;;2922;05/06/2023;04:40:57;23.71;;;;2922;05/06/2023;04:44:07;23.67;;;;
2923;05/06/2023;04:40:56;23.7;;;;2923;05/06/2023;04:41:12;23.71;;;;2923;05/06/2023;04:44:22;23.63;;;;
2924;05/06/2023;04:41:11;23.71;;;;2924;05/06/2023;04:41:27;23.72;;;;2924;05/06/2023;04:44:37;23.66;;;;
2925;05/06/2023;04:41:26;23.7;;;;2925;05/06/2023;04:41:41;23.7;;;;2925;05/06/2023;04:44:52;23.67;Synchronized;;;
2926;05/06/2023;04:41:41;23.7;;;;2926;05/06/2023;04:41:56;23.7;;;;2926;05/06/2023;04:45:07;23.64;;;;
2927;05/06/2023;04:41:56;23.7;;;;2927;05/06/2023;04:42:11;23.71;;;;2927;05/06/2023;04:45:22;23.66;;;;
2928;05/06/2023;04:42:11;23.7;;;;2928;05/06/2023;04:42:26;23.71;;;;2928;05/06/2023;04:45:37;23.66;;;;
2929;05/06/2023;04:42:26;23.7;;;;2929;05/06/2023;04:42:41;23.7;;;;2929;05/06/2023;04:45:52;23.66;;;;
2930;05/06/2023;04:42:41;23.7;;;;2930;05/06/2023;04:42:56;23.7;;;;2930;05/06/2023;04:46:07;23.66;;;;
2931;05/06/2023;04:42:56;23.71;;;;2931;05/06/2023;04:43:11;23.7;;;;2931;05/06/2023;04:46:22;23.64;;;;
2932;05/06/2023;04:43:10;23.7;;;;2932;05/06/2023;04:43:26;23.72;;;;2932;05/06/2023;04:46:37;23.63;;;;
2933;05/06/2023;04:43:25;23.7;;;;2933;05/06/2023;04:43:41;23.71;;;;2933;05/06/2023;04:46:52;23.66;;;;
2934;05/06/2023;04:43:40;23.72;;;;2934;05/06/2023;04:43:56;23.7;;;;2934;05/06/2023;04:47:07;23.66;;;;
2935;05/06/2023;04:43:55;23.71;;;;2935;05/06/2023;04:44:11;23.7;;;;2935;05/06/2023;04:47:22;23.63;;;;
2936;05/06/2023;04:44:10;23.7;;;;2936;05/06/2023;04:44:26;23.7;Synchronized;;;2936;05/06/2023;04:47:37;23.64;;;;
2937;05/06/2023;04:44:25;23.7;;;;2937;05/06/2023;04:44:41;23.71;;;;2937;05/06/2023;04:47:52;23.64;;;;
2938;05/06/2023;04:44:40;23.7;;;;2938;05/06/2023;04:44:56;23.7;;;;2938;05/06/2023;04:48:07;23.64;;;;
2939;05/06/2023;04:44:55;23.68;;;;2939;05/06/2023;04:45:11;23.7;Synchronized;;;2939;05/06/2023;04:48:22;23.64;;;;
2940;05/06/2023;04:45:10;23.7;;;;2940;05/06/2023;04:45:26;23.7;;;;2940;05/06/2023;04:48:37;23.66;;;;
2941;05/06/2023;04:45:25;23.67;;;;2941;05/06/2023;04:45:41;23.7;;;;2941;05/06/2023;04:48:52;23.66;;;;
2942;05/06/2023;04:45:40;23.7;;;;2942;05/06/2023;04:45:56;23.7;;;;2942;05/06/2023;04:49:07;23.66;;;;
2943;05/06/2023;04:45:55;23.7;;;;2943;05/06/2023;04:46:11;23.71;;;;2943;05/06/2023;04:49:22;23.66;;;;
2944;05/06/2023;04:46:10;23.7;;;;2944;05/06/2023;04:46:26;23.71;;;;2944;05/06/2023;04:49:37;23.66;;;;
2945;05/06/2023;04:46:25;23.7;;;;2945;05/06/2023;04:46:41;23.7;;;;2945;05/06/2023;04:49:52;23.66;;;;
2946;05/06/2023;04:46:40;23.67;;;;2946;05/06/2023;04:46:56;23.73;;;;2946;05/06/2023;04:50:07;23.63;;;;
2947;05/06/2023;04:46:55;23.71;;;;2947;05/06/2023;04:47:11;23.7;;;;2947;05/06/2023;04:50:22;23.66;;;;
2948;05/06/2023;04:47:10;23.68;;;;2948;05/06/2023;04:47:26;23.73;;;;2948;05/06/2023;04:50:37;23.63;;;;
2949;05/06/2023;04:47:25;23.7;;;;2949;05/06/2023;04:47:41;23.7;;;;2949;05/06/2023;04:50:52;23.64;;;;
2950;05/06/2023;04:47:40;23.68;;;;2950;05/06/2023;04:47:56;23.69;;;;2950;05/06/2023;04:51:08;23.64;;;;
2951;05/06/2023;04:47:55;23.68;;;;2951;05/06/2023;04:48:11;23.72;;;;2951;05/06/2023;04:51:23;23.63;;;;
2952;05/06/2023;04:48:10;23.7;;;;2952;05/06/2023;04:48:26;23.7;;;;2952;05/06/2023;04:51:38;23.64;;;;
2953;05/06/2023;04:48:25;23.67;;;;2953;05/06/2023;04:48:41;23.7;;;;2953;05/06/2023;04:51:53;23.64;;;;
2954;05/06/2023;04:48:40;23.7;;;;2954;05/06/2023;04:48:56;23.7;;;;2954;05/06/2023;04:52:08;23.64;;;;
2955;05/06/2023;04:48:55;23.7;;;;2955;05/06/2023;04:49:11;23.71;;;;2955;05/06/2023;04:52:23;23.63;;;;
2956;05/06/2023;04:49:10;23.67;;;;2956;05/06/2023;04:49:26;23.7;;;;2956;05/06/2023;04:52:38;23.66;;;;
2957;05/06/2023;04:49:25;23.71;;;;2957;05/06/2023;04:49:41;23.7;;;;2957;05/06/2023;04:52:53;23.63;;;;
2958;05/06/2023;04:49:40;23.7;;;;2958;05/06/2023;04:49:56;23.72;;;;2958;05/06/2023;04:53:08;23.66;;;;
2959;05/06/2023;04:49:55;23.67;;;;2959;05/06/2023;04:50:11;23.7;;;;2959;05/06/2023;04:53:23;23.66;Synchronized;;;
2960;05/06/2023;04:50:10;23.66;;;;2960;05/06/2023;04:50:26;23.7;;;;2960;05/06/2023;04:53:38;23.64;;;;
2961;05/06/2023;04:50:25;23.68;;;;2961;05/06/2023;04:50:41;23.7;;;;2961;05/06/2023;04:53:53;23.64;;;;
2962;05/06/2023;04:50:40;23.7;;;;2962;05/06/2023;04:50:56;23.7;;;;2962;05/06/2023;04:54:08;23.64;;;;
2963;05/06/2023;04:50:55;23.7;;;;2963;05/06/2023;04:51:11;23.7;;;;2963;05/06/2023;04:54:23;23.64;;;;
2964;05/06/2023;04:51:10;23.66;;;;2964;05/06/2023;04:51:26;23.71;;;;2964;05/06/2023;04:54:38;23.64;;;;
2965;05/06/2023;04:51:25;23.7;;;;2965;05/06/2023;04:51:41;23.7;;;;2965;05/06/2023;04:54:53;23.61;;;;
2966;05/06/2023;04:51:40;23.68;;;;2966;05/06/2023;04:51:56;23.68;;;;2966;05/06/2023;04:55:08;23.64;;;;
2967;05/06/2023;04:51:55;23.7;;;;2967;05/06/2023;04:52:11;23.71;;;;2967;05/06/2023;04:55:23;23.63;;;;
2968;05/06/2023;04:52:10;23.68;;;;2968;05/06/2023;04:52:26;23.72;;;;2968;05/06/2023;04:55:38;23.63;Synchronized;;;
2969;05/06/2023;04:52:25;23.66;;;;2969;05/06/2023;04:52:41;23.7;;;;2969;05/06/2023;04:55:53;23.64;;;;
2970;05/06/2023;04:52:40;23.7;;;;2970;05/06/2023;04:52:56;23.69;;;;2970;05/06/2023;04:56:08;23.64;;;;
2971;05/06/2023;04:52:55;23.68;;;;2971;05/06/2023;04:53:11;23.7;;;;2971;05/06/2023;04:56:23;23.64;;;;
2972;05/06/2023;04:53:10;23.7;;;;2972;05/06/2023;04:53:26;23.71;;;;2972;05/06/2023;04:56:38;23.63;;;;
2973;05/06/2023;04:53:25;23.68;;;;2973;05/06/2023;04:53:41;23.7;;;;2973;05/06/2023;04:56:53;23.64;;;;
2974;05/06/2023;04:53:40;23.7;;;;2974;05/06/2023;04:53:56;23.69;;;;2974;05/06/2023;04:57:08;23.63;;;;
2975;05/06/2023;04:53:55;23.7;;;;2975;05/06/2023;04:54:11;23.71;;;;2975;05/06/2023;04:57:23;23.64;;;;
2976;05/06/2023;04:54:10;23.66;;;;2976;05/06/2023;04:54:26;23.7;;;;2976;05/06/2023;04:57:38;23.63;;;;
2977;05/06/2023;04:54:25;23.68;;;;2977;05/06/2023;04:54:41;23.69;;;;2977;05/06/2023;04:57:53;23.64;;;;
2978;05/06/2023;04:54:40;23.68;;;;2978;05/06/2023;04:54:56;23.7;;;;2978;05/06/2023;04:58:08;23.63;;;;
2979;05/06/2023;04:54:55;23.7;;;;2979;05/06/2023;04:55:11;23.7;;;;2979;05/06/2023;04:58:23;23.66;;;;
2980;05/06/2023;04:55:10;23.68;;;;2980;05/06/2023;04:55:26;23.72;;;;2980;05/06/2023;04:58:38;23.63;;;;
2981;05/06/2023;04:55:25;23.7;;;;2981;05/06/2023;04:55:41;23.71;;;;2981;05/06/2023;04:58:53;23.63;;;;
2982;05/06/2023;04:55:40;23.68;;;;2982;05/06/2023;04:55:56;23.69;;;;2982;05/06/2023;04:59:08;23.64;;;;
2983;05/06/2023;04:55:55;23.7;;;;2983;05/06/2023;04:56:11;23.69;;;;2983;05/06/2023;04:59:23;23.62;;;;
2984;05/06/2023;04:56:10;23.68;;;;2984;05/06/2023;04:56:26;23.69;;;;2984;05/06/2023;04:59:38;23.63;;;;
2985;05/06/2023;04:56:25;23.68;;;;2985;05/06/2023;04:56:41;23.7;;;;2985;05/06/2023;04:59:53;23.64;;;;
2986;05/06/2023;04:56:40;23.7;;;;2986;05/06/2023;04:56:56;23.7;;;;2986;05/06/2023;05:00:08;23.64;;;;
2987;05/06/2023;04:56:55;23.7;;;;2987;05/06/2023;04:57:11;23.7;;;;2987;05/06/2023;05:00:23;23.64;;;;
2988;05/06/2023;04:57:10;23.68;;;;2988;05/06/2023;04:57:25;23.7;;;;2988;05/06/2023;05:00:38;23.64;Synchronized;;;
2989;05/06/2023;04:57:25;23.7;;;;2989;05/06/2023;04:57:40;23.68;;;;2989;05/06/2023;05:00:53;23.63;;;;
2990;05/06/2023;04:57:40;23.67;;;;2990;05/06/2023;04:57:55;23.7;;;;2990;05/06/2023;05:01:08;23.62;;;;
2991;05/06/2023;04:57:55;23.68;;;;2991;05/06/2023;04:58:10;23.68;;;;2991;05/06/2023;05:01:23;23.63;;;;
2992;05/06/2023;04:58:10;23.68;;;;2992;05/06/2023;04:58:25;23.7;;;;2992;05/06/2023;05:01:38;23.63;;;;
2993;05/06/2023;04:58:25;23.68;;;;2993;05/06/2023;04:58:40;23.7;;;;2993;05/06/2023;05:01:53;23.63;;;;
2994;05/06/2023;04:58:40;23.68;;;;2994;05/06/2023;04:58:55;23.69;;;;2994;05/06/2023;05:02:08;23.64;;;;
2995;05/06/2023;04:58:55;23.67;;;;2995;05/06/2023;04:59:10;23.72;;;;2995;05/06/2023;05:02:23;23.66;;;;
2996;05/06/2023;04:59:10;23.67;;;;2996;05/06/2023;04:59:25;23.7;;;;2996;05/06/2023;05:02:38;23.66;;;;
2997;05/06/2023;04:59:25;23.67;;;;2997;05/06/2023;04:59:40;23.71;;;;2997;05/06/2023;05:02:53;23.64;;;;
2998;05/06/2023;04:59:40;23.68;;;;2998;05/06/2023;04:59:55;23.7;;;;2998;05/06/2023;05:03:08;23.63;;;;
2999;05/06/2023;04:59:55;23.67;;;;2999;05/06/2023;05:00:10;23.72;;;;2999;05/06/2023;05:03:23;23.63;;;;
3000;05/06/2023;05:00:10;23.67;;;;3000;05/06/2023;05:00:25;23.7;;;;3000;05/06/2023;05:03:38;23.63;;;;
3001;05/06/2023;05:00:25;23.67;;;;3001;05/06/2023;05:00:40;23.7;;;;3001;05/06/2023;05:03:53;23.63;;;;
3002;05/06/2023;05:00:40;23.67;;;;3002;05/06/2023;05:00:55;23.7;;;;3002;05/06/2023;05:04:08;23.64;;;;
3003;05/06/2023;05:00:55;23.68;;;;3003;05/06/2023;05:01:10;23.69;;;;3003;05/06/2023;05:04:23;23.63;;;;
3004;05/06/2023;05:01:10;23.66;;;;3004;05/06/2023;05:01:25;23.68;;;;3004;05/06/2023;05:04:38;23.63;;;;
3005;05/06/2023;05:01:25;23.7;;;;3005;05/06/2023;05:01:40;23.7;;;;3005;05/06/2023;05:04:53;23.64;;;;
3006;05/06/2023;05:01:40;23.67;;;;3006;05/06/2023;05:01:55;23.69;;;;3006;05/06/2023;05:05:08;23.64;;;;
3007;05/06/2023;05:01:55;23.67;;;;3007;05/06/2023;05:02:10;23.7;;;;3007;05/06/2023;05:05:23;23.64;;;;
3008;05/06/2023;05:02:10;23.68;;;;3008;05/06/2023;05:02:25;23.7;;;;3008;05/06/2023;05:05:38;23.63;;;;
3009;05/06/2023;05:02:25;23.68;;;;3009;05/06/2023;05:02:40;23.71;;;;3009;05/06/2023;05:05:53;23.63;;;;
3010;05/06/2023;05:02:40;23.7;;;;3010;05/06/2023;05:02:55;23.7;;;;3010;05/06/2023;05:06:08;23.64;;;;
3011;05/06/2023;05:02:55;23.68;;;;3011;05/06/2023;05:03:10;23.7;;;;3011;05/06/2023;05:06:23;23.66;;;;
3012;05/06/2023;05:03:10;23.68;;;;3012;05/06/2023;05:03:25;23.7;;;;3012;05/06/2023;05:06:38;23.64;;;;
3013;05/06/2023;05:03:25;23.67;;;;3013;05/06/2023;05:03:40;23.66;;;;3013;05/06/2023;05:06:53;23.63;;;;
3014;05/06/2023;05:03:40;23.67;;;;3014;05/06/2023;05:03:55;23.69;;;;3014;05/06/2023;05:07:08;23.63;;;;
3015;05/06/2023;05:03:55;23.67;;;;3015;05/06/2023;05:04:10;23.7;;;;3015;05/06/2023;05:07:23;23.64;;;;
3016;05/06/2023;05:04:10;23.7;;;;3016;05/06/2023;05:04:25;23.69;;;;3016;05/06/2023;05:07:38;23.62;;;;
3017;05/06/2023;05:04:25;23.67;;;;3017;05/06/2023;05:04:40;23.71;;;;3017;05/06/2023;05:07:53;23.64;;;;
3018;05/06/2023;05:04:40;23.7;;;;3018;05/06/2023;05:04:55;23.69;;;;3018;05/06/2023;05:08:08;23.63;;;;
3019;05/06/2023;05:04:55;23.67;;;;3019;05/06/2023;05:05:10;23.68;;;;3019;05/06/2023;05:08:23;23.63;;;;
3020;05/06/2023;05:05:10;23.67;;;;3020;05/06/2023;05:05:25;23.7;;;;3020;05/06/2023;05:08:38;23.66;Synchronized;;;
3021;05/06/2023;05:05:25;23.67;;;;3021;05/06/2023;05:05:40;23.69;;;;3021;05/06/2023;05:08:53;23.63;;;;
3022;05/06/2023;05:05:40;23.66;;;;3022;05/06/2023;05:05:55;23.66;;;;3022;05/06/2023;05:09:08;23.64;;;;
3023;05/06/2023;05:05:55;23.65;;;;3023;05/06/2023;05:06:10;23.69;;;;3023;05/06/2023;05:09:23;23.64;;;;
3024;05/06/2023;05:06:10;23.67;;;;3024;05/06/2023;05:06:25;23.7;;;;3024;05/06/2023;05:09:38;23.63;;;;
3025;05/06/2023;05:06:25;23.68;;;;3025;05/06/2023;05:06:40;23.69;;;;3025;05/06/2023;05:09:53;23.66;;;;
3026;05/06/2023;05:06:40;23.7;;;;3026;05/06/2023;05:06:55;23.71;;;;3026;05/06/2023;05:10:08;23.66;;;;
3027;05/06/2023;05:06:55;23.67;Synchronized;;;3027;05/06/2023;05:07:10;23.7;;;;3027;05/06/2023;05:10:23;23.64;;;;
3028;05/06/2023;05:07:10;23.68;;;;3028;05/06/2023;05:07:25;23.7;;;;3028;05/06/2023;05:10:38;23.63;;;;
3029;05/06/2023;05:07:25;23.7;;;;3029;05/06/2023;05:07:40;23.7;;;;3029;05/06/2023;05:10:53;23.63;;;;
3030;05/06/2023;05:07:40;23.68;;;;3030;05/06/2023;05:07:55;23.69;;;;3030;05/06/2023;05:11:08;23.62;;;;
3031;05/06/2023;05:07:55;23.67;;;;3031;05/06/2023;05:08:10;23.7;;;;3031;05/06/2023;05:11:23;23.63;;;;
3032;05/06/2023;05:08:10;23.7;;;;3032;05/06/2023;05:08:25;23.7;;;;3032;05/06/2023;05:11:38;23.66;;;;
3033;05/06/2023;05:08:25;23.67;;;;3033;05/06/2023;05:08:40;23.69;;;;3033;05/06/2023;05:11:53;23.63;;;;
3034;05/06/2023;05:08:40;23.7;;;;3034;05/06/2023;05:08:55;23.7;;;;3034;05/06/2023;05:12:08;23.63;;;;
3035;05/06/2023;05:08:55;23.67;;;;3035;05/06/2023;05:09:10;23.7;;;;3035;05/06/2023;05:12:23;23.63;;;;
3036;05/06/2023;05:09:10;23.68;;;;3036;05/06/2023;05:09:25;23.68;Synchronized;;;3036;05/06/2023;05:12:38;23.64;;;;
3037;05/06/2023;05:09:25;23.68;;;;3037;05/06/2023;05:09:40;23.71;;;;3037;05/06/2023;05:12:53;23.63;;;;
3038;05/06/2023;05:09:40;23.66;;;;3038;05/06/2023;05:09:55;23.69;;;;3038;05/06/2023;05:13:08;23.63;;;;
3039;05/06/2023;05:09:55;23.68;;;;3039;05/06/2023;05:10:10;23.68;;;;3039;05/06/2023;05:13:23;23.64;;;;
3040;05/06/2023;05:10:10;23.66;;;;3040;05/06/2023;05:10:25;23.69;;;;3040;05/06/2023;05:13:38;23.62;;;;
3041;05/06/2023;05:10:25;23.66;;;;3041;05/06/2023;05:10:40;23.68;;;;3041;05/06/2023;05:13:53;23.63;;;;
3042;05/06/2023;05:10:40;23.7;;;;3042;05/06/2023;05:10:55;23.7;;;;3042;05/06/2023;05:14:08;23.64;;;;
3043;05/06/2023;05:10:55;23.67;;;;3043;05/06/2023;05:11:10;23.7;;;;3043;05/06/2023;05:14:23;23.63;;;;
3044;05/06/2023;05:11:10;23.66;;;;3044;05/06/2023;05:11:25;23.68;;;;3044;05/06/2023;05:14:38;23.63;;;;
3045;05/06/2023;05:11:25;23.68;;;;3045;05/06/2023;05:11:40;23.71;;;;3045;05/06/2023;05:14:53;23.63;;;;
3046;05/06/2023;05:11:40;23.68;;;;3046;05/06/2023;05:11:55;23.69;;;;3046;05/06/2023;05:15:08;23.62;;;;
3047;05/06/2023;05:11:55;23.67;;;;3047;05/06/2023;05:12:10;23.7;Synchronized;;;3047;05/06/2023;05:15:23;23.64;;;;
3048;05/06/2023;05:12:10;23.68;;;;3048;05/06/2023;05:12:25;23.69;;;;3048;05/06/2023;05:15:38;23.62;;;;
3049;05/06/2023;05:12:25;23.68;;;;3049;05/06/2023;05:12:40;23.69;;;;3049;05/06/2023;05:15:53;23.63;;;;
3050;05/06/2023;05:12:40;23.7;;;;3050;05/06/2023;05:12:55;23.69;;;;3050;05/06/2023;05:16:08;23.63;;;;
3051;05/06/2023;05:12:55;23.68;;;;3051;05/06/2023;05:13:10;23.69;;;;3051;05/06/2023;05:16:23;23.64;;;;
3052;05/06/2023;05:13:10;23.67;Synchronized;;;3052;05/06/2023;05:13:25;23.7;;;;3052;05/06/2023;05:16:38;23.64;;;;
3053;05/06/2023;05:13:25;23.67;;;;3053;05/06/2023;05:13:40;23.66;;;;3053;05/06/2023;05:16:53;23.63;;;;
3054;05/06/2023;05:13:40;23.67;;;;3054;05/06/2023;05:13:55;23.69;;;;3054;05/06/2023;05:17:08;23.63;;;;
3055;05/06/2023;05:13:55;23.66;;;;3055;05/06/2023;05:14:09;23.7;;;;3055;05/06/2023;05:17:23;23.66;;;;
3056;05/06/2023;05:14:10;23.68;;;;3056;05/06/2023;05:14:25;23.69;;;;3056;05/06/2023;05:17:38;23.63;;;;
3057;05/06/2023;05:14:25;23.66;;;;3057;05/06/2023;05:14:40;23.66;;;;3057;05/06/2023;05:17:53;23.63;;;;
3058;05/06/2023;05:14:40;23.7;;;;3058;05/06/2023;05:14:54;23.69;;;;3058;05/06/2023;05:18:08;23.63;;;;
3059;05/06/2023;05:14:55;23.68;Synchronized;;;3059;05/06/2023;05:15:09;23.69;;;;3059;05/06/2023;05:18:23;23.63;;;;
3060;05/06/2023;05:15:10;23.7;;;;3060;05/06/2023;05:15:24;23.7;;;;3060;05/06/2023;05:18:38;23.66;;;;
3061;05/06/2023;05:15:25;23.67;;;;3061;05/06/2023;05:15:39;23.69;Synchronized;;;3061;05/06/2023;05:18:53;23.64;;;;
3062;05/06/2023;05:15:39;23.66;;;;3062;05/06/2023;05:15:54;23.68;;;;3062;05/06/2023;05:19:08;23.64;;;;
3063;05/06/2023;05:15:54;23.67;;;;3063;05/06/2023;05:16:09;23.7;;;;3063;05/06/2023;05:19:23;23.64;;;;
3064;05/06/2023;05:16:09;23.68;;;;3064;05/06/2023;05:16:24;23.69;;;;3064;05/06/2023;05:19:38;23.63;;;;
3065;05/06/2023;05:16:24;23.67;;;;3065;05/06/2023;05:16:39;23.69;;;;3065;05/06/2023;05:19:53;23.66;;;;
3066;05/06/2023;05:16:39;23.68;;;;3066;05/06/2023;05:16:54;23.7;;;;3066;05/06/2023;05:20:08;23.64;;;;
3067;05/06/2023;05:16:54;23.67;;;;3067;05/06/2023;05:17:09;23.71;;;;3067;05/06/2023;05:20:23;23.63;;;;
3068;05/06/2023;05:17:09;23.67;;;;3068;05/06/2023;05:17:24;23.7;;;;3068;05/06/2023;05:20:38;23.63;;;;
3069;05/06/2023;05:17:24;23.67;;;;3069;05/06/2023;05:17:39;23.69;;;;3069;05/06/2023;05:20:53;23.63;;;;
3070;05/06/2023;05:17:39;23.66;;;;3070;05/06/2023;05:17:54;23.68;;;;3070;05/06/2023;05:21:08;23.64;;;;
3071;05/06/2023;05:17:54;23.67;;;;3071;05/06/2023;05:18:09;23.7;;;;3071;05/06/2023;05:21:23;23.63;;;;
3072;05/06/2023;05:18:09;23.67;;;;3072;05/06/2023;05:18:24;23.7;;;;3072;05/06/2023;05:21:38;23.63;;;;
3073;05/06/2023;05:18:24;23.7;;;;3073;05/06/2023;05:18:39;23.7;;;;3073;05/06/2023;05:21:53;23.64;;;;
3074;05/06/2023;05:18:39;23.68;;;;3074;05/06/2023;05:18:54;23.7;;;;3074;05/06/2023;05:22:08;23.63;;;;
3075;05/06/2023;05:18:54;23.67;;;;3075;05/06/2023;05:19:09;23.7;;;;3075;05/06/2023;05:22:23;23.63;;;;
3076;05/06/2023;05:19:09;23.68;;;;3076;05/06/2023;05:19:24;23.69;;;;3076;05/06/2023;05:22:38;23.66;;;;
3077;05/06/2023;05:19:24;23.66;;;;3077;05/06/2023;05:19:39;23.7;;;;3077;05/06/2023;05:22:53;23.63;;;;
3078;05/06/2023;05:19:39;23.66;;;;3078;05/06/2023;05:19:54;23.69;;;;3078;05/06/2023;05:23:08;23.66;;;;
3079;05/06/2023;05:19:54;23.66;;;;3079;05/06/2023;05:20:09;23.71;;;;3079;05/06/2023;05:23:23;23.66;;;;
3080;05/06/2023;05:20:09;23.66;;;;3080;05/06/2023;05:20:24;23.68;;;;3080;05/06/2023;05:23:38;23.63;;;;
3081;05/06/2023;05:20:24;23.68;;;;3081;05/06/2023;05:20:39;23.69;;;;3081;05/06/2023;05:23:53;23.63;;;;
3082;05/06/2023;05:20:39;23.68;;;;3082;05/06/2023;05:20:54;23.7;;;;3082;05/06/2023;05:24:08;23.63;;;;
3083;05/06/2023;05:20:54;23.68;;;;3083;05/06/2023;05:21:09;23.66;;;;3083;05/06/2023;05:24:23;23.63;;;;
3084;05/06/2023;05:21:09;23.68;;;;3084;05/06/2023;05:21:24;23.66;;;;3084;05/06/2023;05:24:38;23.63;;;;
3085;05/06/2023;05:21:24;23.67;;;;3085;05/06/2023;05:21:39;23.68;;;;3085;05/06/2023;05:24:53;23.63;;;;
3086;05/06/2023;05:21:39;23.7;;;;3086;05/06/2023;05:21:54;23.68;;;;3086;05/06/2023;05:25:08;23.63;;;;
3087;05/06/2023;05:21:54;23.66;;;;3087;05/06/2023;05:22:09;23.66;;;;3087;05/06/2023;05:25:23;23.64;;;;
3088;05/06/2023;05:22:09;23.66;;;;3088;05/06/2023;05:22:24;23.7;;;;3088;05/06/2023;05:25:38;23.62;;;;
3089;05/06/2023;05:22:24;23.66;;;;3089;05/06/2023;05:22:39;23.66;;;;3089;05/06/2023;05:25:53;23.63;;;;
3090;05/06/2023;05:22:39;23.66;;;;3090;05/06/2023;05:22:54;23.69;;;;3090;05/06/2023;05:26:08;23.63;;;;
3091;05/06/2023;05:22:54;23.66;;;;3091;05/06/2023;05:23:09;23.7;;;;3091;05/06/2023;05:26:23;23.63;;;;
3092;05/06/2023;05:23:09;23.66;;;;3092;05/06/2023;05:23:24;23.7;;;;3092;05/06/2023;05:26:38;23.63;;;;
3093;05/06/2023;05:23:24;23.66;;;;3093;05/06/2023;05:23:39;23.69;;;;3093;05/06/2023;05:26:53;23.63;;;;
3094;05/06/2023;05:23:39;23.66;;;;3094;05/06/2023;05:23:54;23.7;;;;3094;05/06/2023;05:27:08;23.63;;;;
3095;05/06/2023;05:23:54;23.66;;;;3095;05/06/2023;05:24:09;23.66;;;;3095;05/06/2023;05:27:23;23.63;;;;
3096;05/06/2023;05:24:09;23.7;;;;3096;05/06/2023;05:24:24;23.66;;;;3096;05/06/2023;05:27:38;23.64;;;;
3097;05/06/2023;05:24:24;23.68;;;;3097;05/06/2023;05:24:39;23.69;;;;3097;05/06/2023;05:27:53;23.64;;;;
3098;05/06/2023;05:24:39;23.67;;;;3098;05/06/2023;05:24:54;23.69;;;;3098;05/06/2023;05:28:08;23.62;;;;
3099;05/06/2023;05:24:54;23.66;;;;3099;05/06/2023;05:25:09;23.69;;;;3099;05/06/2023;05:28:23;23.62;;;;
3100;05/06/2023;05:25:09;23.66;;;;3100;05/06/2023;05:25:24;23.66;;;;3100;05/06/2023;05:28:38;23.64;;;;
3101;05/06/2023;05:25:24;23.67;;;;3101;05/06/2023;05:25:39;23.7;;;;3101;05/06/2023;05:28:53;23.62;;;;
3102;05/06/2023;05:25:39;23.65;;;;3102;05/06/2023;05:25:54;23.68;;;;3102;05/06/2023;05:29:08;23.64;;;;
3103;05/06/2023;05:25:54;23.66;;;;3103;05/06/2023;05:26:09;23.68;;;;3103;05/06/2023;05:29:23;23.63;;;;
3104;05/06/2023;05:26:09;23.67;;;;3104;05/06/2023;05:26:24;23.69;;;;3104;05/06/2023;05:29:38;23.63;;;;
3105;05/06/2023;05:26:24;23.66;;;;3105;05/06/2023;05:26:39;23.7;;;;3105;05/06/2023;05:29:53;23.62;;;;
3106;05/06/2023;05:26:39;23.67;;;;3106;05/06/2023;05:26:54;23.69;;;;3106;05/06/2023;05:30:08;23.62;;;;
3107;05/06/2023;05:26:54;23.66;;;;3107;05/06/2023;05:27:09;23.69;;;;3107;05/06/2023;05:30:23;23.63;;;;
3108;05/06/2023;05:27:09;23.68;;;;3108;05/06/2023;05:27:24;23.7;;;;3108;05/06/2023;05:30:38;23.62;;;;
3109;05/06/2023;05:27:24;23.7;;;;3109;05/06/2023;05:27:39;23.7;;;;3109;05/06/2023;05:30:53;23.62;;;;
3110;05/06/2023;05:27:39;23.7;;;;3110;05/06/2023;05:27:54;23.69;;;;3110;05/06/2023;05:31:08;23.63;;;;
3111;05/06/2023;05:27:54;23.66;;;;3111;05/06/2023;05:28:09;23.69;;;;3111;05/06/2023;05:31:23;23.63;;;;
3112;05/06/2023;05:28:09;23.66;;;;3112;05/06/2023;05:28:24;23.7;;;;3112;05/06/2023;05:31:38;23.63;;;;
3113;05/06/2023;05:28:24;23.66;;;;3113;05/06/2023;05:28:39;23.68;;;;3113;05/06/2023;05:31:53;23.63;;;;
3114;05/06/2023;05:28:39;23.66;;;;3114;05/06/2023;05:28:54;23.69;;;;3114;05/06/2023;05:32:08;23.62;;;;
3115;05/06/2023;05:28:54;23.66;;;;3115;05/06/2023;05:29:09;23.7;;;;3115;05/06/2023;05:32:23;23.62;;;;
3116;05/06/2023;05:29:09;23.66;;;;3116;05/06/2023;05:29:24;23.68;;;;3116;05/06/2023;05:32:38;23.6;;;;
3117;05/06/2023;05:29:24;23.66;;;;3117;05/06/2023;05:29:39;23.69;;;;3117;05/06/2023;05:32:53;23.64;;;;
3118;05/06/2023;05:29:39;23.67;;;;3118;05/06/2023;05:29:54;23.69;;;;3118;05/06/2023;05:33:08;23.63;;;;
3119;05/06/2023;05:29:54;23.66;;;;3119;05/06/2023;05:30:09;23.7;;;;3119;05/06/2023;05:33:23;23.64;;;;
3120;05/06/2023;05:30:09;23.66;;;;3120;05/06/2023;05:30:24;23.69;Synchronized;;;3120;05/06/2023;05:33:38;23.63;;;;
3121;05/06/2023;05:30:24;23.65;;;;3121;05/06/2023;05:30:39;23.69;;;;3121;05/06/2023;05:33:53;23.63;;;;
3122;05/06/2023;05:30:39;23.66;;;;3122;05/06/2023;05:30:54;23.68;;;;3122;05/06/2023;05:34:08;23.63;;;;
3123;05/06/2023;05:30:54;23.68;;;;3123;05/06/2023;05:31:09;23.66;;;;3123;05/06/2023;05:34:23;23.62;;;;
3124;05/06/2023;05:31:09;23.67;;;;3124;05/06/2023;05:31:24;23.66;;;;3124;05/06/2023;05:34:38;23.63;;;;
3125;05/06/2023;05:31:24;23.66;;;;3125;05/06/2023;05:31:39;23.65;;;;3125;05/06/2023;05:34:53;23.63;;;;
3126;05/06/2023;05:31:39;23.67;;;;3126;05/06/2023;05:31:54;23.66;;;;3126;05/06/2023;05:35:08;23.63;;;;
3127;05/06/2023;05:31:54;23.65;;;;3127;05/06/2023;05:32:09;23.66;;;;3127;05/06/2023;05:35:23;23.63;;;;
3128;05/06/2023;05:32:09;23.66;;;;3128;05/06/2023;05:32:24;23.7;;;;3128;05/06/2023;05:35:38;23.63;;;;
3129;05/06/2023;05:32:24;23.68;;;;3129;05/06/2023;05:32:39;23.68;;;;3129;05/06/2023;05:35:53;23.61;;;;
3130;05/06/2023;05:32:39;23.66;;;;3130;05/06/2023;05:32:54;23.68;;;;3130;05/06/2023;05:36:08;23.63;;;;
3131;05/06/2023;05:32:54;23.66;;;;3131;05/06/2023;05:33:09;23.68;;;;3131;05/06/2023;05:36:23;23.63;;;;
3132;05/06/2023;05:33:09;23.66;;;;3132;05/06/2023;05:33:24;23.68;;;;3132;05/06/2023;05:36:38;23.61;;;;
3133;05/06/2023;05:33:24;23.66;;;;3133;05/06/2023;05:33:39;23.69;;;;3133;05/06/2023;05:36:53;23.62;;;;
3134;05/06/2023;05:33:39;23.67;;;;3134;05/06/2023;05:33:54;23.68;;;;3134;05/06/2023;05:37:08;23.63;;;;
3135;05/06/2023;05:33:54;23.67;;;;3135;05/06/2023;05:34:09;23.68;;;;3135;05/06/2023;05:37:23;23.62;;;;
3136;05/06/2023;05:34:09;23.66;;;;3136;05/06/2023;05:34:24;23.69;;;;3136;05/06/2023;05:37:38;23.62;;;;
3137;05/06/2023;05:34:24;23.66;;;;3137;05/06/2023;05:34:38;23.68;;;;3137;05/06/2023;05:37:53;23.61;;;;
3138;05/06/2023;05:34:39;23.66;;;;3138;05/06/2023;05:34:53;23.69;;;;3138;05/06/2023;05:38:08;23.63;;;;
3139;05/06/2023;05:34:54;23.67;;;;3139;05/06/2023;05:35:08;23.7;;;;3139;05/06/2023;05:38:23;23.63;;;;
3140;05/06/2023;05:35:09;23.66;;;;3140;05/06/2023;05:35:23;23.69;;;;3140;05/06/2023;05:38:38;23.63;;;;
3141;05/06/2023;05:35:24;23.66;;;;3141;05/06/2023;05:35:38;23.66;;;;3141;05/06/2023;05:38:53;23.63;;;;
3142;05/06/2023;05:35:39;23.66;;;;3142;05/06/2023;05:35:53;23.68;;;;3142;05/06/2023;05:39:08;23.63;;;;
3143;05/06/2023;05:35:54;23.66;;;;3143;05/06/2023;05:36:08;23.69;;;;3143;05/06/2023;05:39:23;23.63;;;;
3144;05/06/2023;05:36:09;23.66;;;;3144;05/06/2023;05:36:23;23.68;;;;3144;05/06/2023;05:39:38;23.63;;;;
3145;05/06/2023;05:36:24;23.64;;;;3145;05/06/2023;05:36:38;23.68;;;;3145;05/06/2023;05:39:53;23.62;;;;
3146;05/06/2023;05:36:39;23.67;;;;3146;05/06/2023;05:36:53;23.68;;;;3146;05/06/2023;05:40:08;23.63;;;;
3147;05/06/2023;05:36:54;23.66;;;;3147;05/06/2023;05:37:08;23.66;;;;3147;05/06/2023;05:40:23;23.6;;;;
3148;05/06/2023;05:37:09;23.66;;;;3148;05/06/2023;05:37:23;23.68;;;;3148;05/06/2023;05:40:38;23.6;;;;
3149;05/06/2023;05:37:24;23.66;;;;3149;05/06/2023;05:37:38;23.66;;;;3149;05/06/2023;05:40:53;23.63;;;;
3150;05/06/2023;05:37:39;23.67;;;;3150;05/06/2023;05:37:53;23.7;;;;3150;05/06/2023;05:41:08;23.61;;;;
3151;05/06/2023;05:37:54;23.66;;;;3151;05/06/2023;05:38:08;23.66;;;;3151;05/06/2023;05:41:23;23.63;;;;
3152;05/06/2023;05:38:09;23.66;;;;3152;05/06/2023;05:38:23;23.68;;;;3152;05/06/2023;05:41:38;23.62;;;;
3153;05/06/2023;05:38:24;23.67;;;;3153;05/06/2023;05:38:38;23.69;;;;3153;05/06/2023;05:41:53;23.63;;;;
3154;05/06/2023;05:38:39;23.66;;;;3154;05/06/2023;05:38:53;23.69;;;;3154;05/06/2023;05:42:08;23.6;;;;
3155;05/06/2023;05:38:54;23.65;;;;3155;05/06/2023;05:39:08;23.66;;;;3155;05/06/2023;05:42:23;23.62;;;;
3156;05/06/2023;05:39:09;23.65;;;;3156;05/06/2023;05:39:23;23.66;;;;3156;05/06/2023;05:42:38;23.6;;;;
3157;05/06/2023;05:39:24;23.66;;;;3157;05/06/2023;05:39:38;23.66;;;;3157;05/06/2023;05:42:53;23.61;;;;
3158;05/06/2023;05:39:39;23.65;;;;3158;05/06/2023;05:39:53;23.69;;;;3158;05/06/2023;05:43:08;23.63;;;;
3159;05/06/2023;05:39:54;23.66;;;;3159;05/06/2023;05:40:08;23.66;;;;3159;05/06/2023;05:43:23;23.63;;;;
3160;05/06/2023;05:40:09;23.67;;;;3160;05/06/2023;05:40:23;23.66;;;;3160;05/06/2023;05:43:38;23.6;;;;
3161;05/06/2023;05:40:24;23.66;;;;3161;05/06/2023;05:40:38;23.66;;;;3161;05/06/2023;05:43:53;23.63;;;;
3162;05/06/2023;05:40:39;23.67;;;;3162;05/06/2023;05:40:53;23.66;;;;3162;05/06/2023;05:44:08;23.61;;;;
3163;05/06/2023;05:40:54;23.65;;;;3163;05/06/2023;05:41:08;23.68;;;;3163;05/06/2023;05:44:23;23.62;;;;
3164;05/06/2023;05:41:09;23.66;;;;3164;05/06/2023;05:41:23;23.66;;;;3164;05/06/2023;05:44:38;23.62;;;;
3165;05/06/2023;05:41:24;23.66;;;;3165;05/06/2023;05:41:38;23.68;;;;3165;05/06/2023;05:44:53;23.62;;;;
3166;05/06/2023;05:41:39;23.66;;;;3166;05/06/2023;05:41:53;23.66;;;;3166;05/06/2023;05:45:08;23.61;;;;
3167;05/06/2023;05:41:54;23.68;;;;3167;05/06/2023;05:42:08;23.69;;;;3167;05/06/2023;05:45:23;23.62;;;;
3168;05/06/2023;05:42:09;23.65;;;;3168;05/06/2023;05:42:23;23.69;;;;3168;05/06/2023;05:45:38;23.61;;;;
3169;05/06/2023;05:42:24;23.66;;;;3169;05/06/2023;05:42:38;23.66;;;;3169;05/06/2023;05:45:53;23.63;;;;
3170;05/06/2023;05:42:39;23.67;;;;3170;05/06/2023;05:42:53;23.68;;;;3170;05/06/2023;05:46:08;23.62;;;;
3171;05/06/2023;05:42:54;23.65;;;;3171;05/06/2023;05:43:08;23.69;;;;3171;05/06/2023;05:46:23;23.63;;;;
3172;05/06/2023;05:43:09;23.67;;;;3172;05/06/2023;05:43:23;23.68;;;;3172;05/06/2023;05:46:38;23.62;;;;
3173;05/06/2023;05:43:24;23.65;;;;3173;05/06/2023;05:43:38;23.68;;;;3173;05/06/2023;05:46:53;23.62;;;;
3174;05/06/2023;05:43:39;23.67;;;;3174;05/06/2023;05:43:53;23.66;;;;3174;05/06/2023;05:47:08;23.61;;;;
3175;05/06/2023;05:43:54;23.66;;;;3175;05/06/2023;05:44:08;23.65;;;;3175;05/06/2023;05:47:23;23.61;;;;
3176;05/06/2023;05:44:09;23.66;;;;3176;05/06/2023;05:44:23;23.66;;;;3176;05/06/2023;05:47:38;23.61;;;;
3177;05/06/2023;05:44:24;23.65;;;;3177;05/06/2023;05:44:38;23.7;;;;3177;05/06/2023;05:47:53;23.6;Synchronized;;;
3178;05/06/2023;05:44:39;23.65;;;;3178;05/06/2023;05:44:53;23.66;;;;3178;05/06/2023;05:48:08;23.59;;;;
3179;05/06/2023;05:44:54;23.66;;;;3179;05/06/2023;05:45:08;23.66;;;;3179;05/06/2023;05:48:23;23.59;;;;
3180;05/06/2023;05:45:09;23.66;;;;3180;05/06/2023;05:45:23;23.66;;;;3180;05/06/2023;05:48:38;23.62;;;;
3181;05/06/2023;05:45:24;23.66;;;;3181;05/06/2023;05:45:38;23.66;;;;3181;05/06/2023;05:48:53;23.59;;;;
3182;05/06/2023;05:45:39;23.66;;;;3182;05/06/2023;05:45:53;23.68;;;;3182;05/06/2023;05:49:08;23.63;;;;
3183;05/06/2023;05:45:54;23.66;;;;3183;05/06/2023;05:46:08;23.64;;;;3183;05/06/2023;05:49:23;23.59;;;;
3184;05/06/2023;05:46:09;23.66;;;;3184;05/06/2023;05:46:23;23.68;;;;3184;05/06/2023;05:49:38;23.61;;;;
3185;05/06/2023;05:46:24;23.66;;;;3185;05/06/2023;05:46:38;23.66;;;;3185;05/06/2023;05:49:53;23.59;;;;
3186;05/06/2023;05:46:39;23.66;;;;3186;05/06/2023;05:46:53;23.65;;;;3186;05/06/2023;05:50:08;23.63;;;;
3187;05/06/2023;05:46:54;23.65;Synchronized;;;3187;05/06/2023;05:47:08;23.66;;;;3187;05/06/2023;05:50:23;23.6;;;;
3188;05/06/2023;05:47:09;23.66;;;;3188;05/06/2023;05:47:23;23.66;;;;3188;05/06/2023;05:50:38;23.62;;;;
3189;05/06/2023;05:47:24;23.64;;;;3189;05/06/2023;05:47:38;23.66;;;;3189;05/06/2023;05:50:53;23.62;;;;
3190;05/06/2023;05:47:39;23.63;;;;3190;05/06/2023;05:47:53;23.68;;;;3190;05/06/2023;05:51:08;23.61;;;;
3191;05/06/2023;05:47:54;23.65;;;;3191;05/06/2023;05:48:08;23.69;;;;3191;05/06/2023;05:51:23;23.6;;;;
3192;05/06/2023;05:48:09;23.66;;;;3192;05/06/2023;05:48:23;23.65;;;;3192;05/06/2023;05:51:38;23.6;;;;
3193;05/06/2023;05:48:24;23.65;;;;3193;05/06/2023;05:48:38;23.66;;;;3193;05/06/2023;05:51:53;23.6;Synchronized;;;
3194;05/06/2023;05:48:38;23.65;;;;3194;05/06/2023;05:48:53;23.66;;;;3194;05/06/2023;05:52:08;23.62;;;;
3195;05/06/2023;05:48:53;23.64;;;;3195;05/06/2023;05:49:08;23.65;;;;3195;05/06/2023;05:52:23;23.63;;;;
3196;05/06/2023;05:49:08;23.66;;;;3196;05/06/2023;05:49:23;23.68;;;;3196;05/06/2023;05:52:38;23.61;;;;
3197;05/06/2023;05:49:23;23.67;;;;3197;05/06/2023;05:49:38;23.66;;;;3197;05/06/2023;05:52:53;23.6;;;;
3198;05/06/2023;05:49:38;23.65;;;;3198;05/06/2023;05:49:53;23.66;;;;3198;05/06/2023;05:53:08;23.59;;;;
3199;05/06/2023;05:49:53;23.64;;;;3199;05/06/2023;05:50:08;23.66;;;;3199;05/06/2023;05:53:23;23.6;;;;
3200;05/06/2023;05:50:08;23.66;;;;3200;05/06/2023;05:50:23;23.66;;;;3200;05/06/2023;05:53:38;23.59;;;;
3201;05/06/2023;05:50:23;23.63;;;;3201;05/06/2023;05:50:38;23.66;;;;3201;05/06/2023;05:53:53;23.6;Synchronized;;;
3202;05/06/2023;05:50:38;23.66;;;;3202;05/06/2023;05:50:53;23.65;;;;3202;05/06/2023;05:54:08;23.59;;;;
3203;05/06/2023;05:50:53;23.66;;;;3203;05/06/2023;05:51:08;23.66;;;;3203;05/06/2023;05:54:23;23.61;;;;
3204;05/06/2023;05:51:08;23.65;;;;3204;05/06/2023;05:51:23;23.66;;;;3204;05/06/2023;05:54:38;23.61;;;;
3205;05/06/2023;05:51:23;23.66;;;;3205;05/06/2023;05:51:37;23.66;;;;3205;05/06/2023;05:54:53;23.6;;;;
3206;05/06/2023;05:51:38;23.64;;;;3206;05/06/2023;05:51:52;23.65;;;;3206;05/06/2023;05:55:08;23.62;;;;
3207;05/06/2023;05:51:53;23.65;Synchronized;;;3207;05/06/2023;05:52:07;23.66;;;;3207;05/06/2023;05:55:23;23.59;;;;
3208;05/06/2023;05:52:08;23.65;;;;3208;05/06/2023;05:52:22;23.64;;;;3208;05/06/2023;05:55:38;23.61;;;;
3209;05/06/2023;05:52:23;23.65;;;;3209;05/06/2023;05:52:37;23.64;;;;3209;05/06/2023;05:55:53;23.59;;;;
3210;05/06/2023;05:52:38;23.65;;;;3210;05/06/2023;05:52:52;23.66;;;;3210;05/06/2023;05:56:08;23.62;;;;
3211;05/06/2023;05:52:53;23.63;;;;3211;05/06/2023;05:53:07;23.65;;;;3211;05/06/2023;05:56:23;23.62;;;;
3212;05/06/2023;05:53:08;23.64;;;;3212;05/06/2023;05:53:22;23.65;;;;3212;05/06/2023;05:56:38;23.59;;;;
3213;05/06/2023;05:53:23;23.65;;;;3213;05/06/2023;05:53:37;23.66;;;;3213;05/06/2023;05:56:53;23.61;;;;
3214;05/06/2023;05:53:38;23.65;;;;3214;05/06/2023;05:53:52;23.66;;;;3214;05/06/2023;05:57:08;23.59;;;;
3215;05/06/2023;05:53:53;23.65;;;;3215;05/06/2023;05:54:07;23.66;;;;3215;05/06/2023;05:57:23;23.61;;;;
3216;05/06/2023;05:54:08;23.63;;;;3216;05/06/2023;05:54:22;23.66;;;;3216;05/06/2023;05:57:38;23.59;;;;
3217;05/06/2023;05:54:23;23.66;;;;3217;05/06/2023;05:54:37;23.65;;;;3217;05/06/2023;05:57:53;23.59;;;;
3218;05/06/2023;05:54:38;23.63;;;;3218;05/06/2023;05:54:52;23.65;;;;3218;05/06/2023;05:58:08;23.59;;;;
3219;05/06/2023;05:54:53;23.66;;;;3219;05/06/2023;05:55:07;23.64;;;;3219;05/06/2023;05:58:23;23.62;;;;
3220;05/06/2023;05:55:08;23.64;;;;3220;05/06/2023;05:55:22;23.66;;;;3220;05/06/2023;05:58:38;23.6;;;;
3221;05/06/2023;05:55:23;23.65;;;;3221;05/06/2023;05:55:37;23.66;;;;3221;05/06/2023;05:58:53;23.59;;;;
3222;05/06/2023;05:55:38;23.66;;;;3222;05/06/2023;05:55:52;23.64;;;;3222;05/06/2023;05:59:08;23.59;;;;
3223;05/06/2023;05:55:53;23.63;;;;3223;05/06/2023;05:56:07;23.66;;;;3223;05/06/2023;05:59:23;23.59;;;;
3224;05/06/2023;05:56:08;23.63;;;;3224;05/06/2023;05:56:22;23.66;;;;3224;05/06/2023;05:59:38;23.59;;;;
3225;05/06/2023;05:56:23;23.66;;;;3225;05/06/2023;05:56:37;23.65;;;;3225;05/06/2023;05:59:53;23.59;;;;
3226;05/06/2023;05:56:38;23.66;;;;3226;05/06/2023;05:56:52;23.63;;;;3226;05/06/2023;06:00:08;23.6;;;;
3227;05/06/2023;05:56:53;23.63;;;;3227;05/06/2023;05:57:07;23.65;;;;3227;05/06/2023;06:00:23;23.6;;;;
3228;05/06/2023;05:57:08;23.65;;;;3228;05/06/2023;05:57:22;23.66;;;;3228;05/06/2023;06:00:38;23.59;;;;
3229;05/06/2023;05:57:23;23.66;;;;3229;05/06/2023;05:57:37;23.66;;;;3229;05/06/2023;06:00:53;23.6;;;;
3230;05/06/2023;05:57:38;23.64;;;;3230;05/06/2023;05:57:52;23.65;;;;3230;05/06/2023;06:01:08;23.59;;;;
3231;05/06/2023;05:57:53;23.66;;;;3231;05/06/2023;05:58:07;23.66;;;;3231;05/06/2023;06:01:23;23.6;;;;
3232;05/06/2023;05:58:08;23.66;;;;3232;05/06/2023;05:58:22;23.65;;;;3232;05/06/2023;06:01:38;23.6;;;;
3233;05/06/2023;05:58:23;23.62;;;;3233;05/06/2023;05:58:37;23.65;;;;3233;05/06/2023;06:01:53;23.61;;;;
3234;05/06/2023;05:58:38;23.63;;;;3234;05/06/2023;05:58:52;23.65;;;;3234;05/06/2023;06:02:08;23.59;;;;
3235;05/06/2023;05:58:53;23.64;;;;3235;05/06/2023;05:59:07;23.66;;;;3235;05/06/2023;06:02:23;23.59;;;;
3236;05/06/2023;05:59:08;23.64;;;;3236;05/06/2023;05:59:22;23.65;;;;3236;05/06/2023;06:02:38;23.59;;;;
3237;05/06/2023;05:59:23;23.64;;;;3237;05/06/2023;05:59:37;23.66;;;;3237;05/06/2023;06:02:53;23.59;;;;
3238;05/06/2023;05:59:38;23.64;;;;3238;05/06/2023;05:59:52;23.64;;;;3238;05/06/2023;06:03:08;23.58;;;;
3239;05/06/2023;05:59:53;23.66;;;;3239;05/06/2023;06:00:07;23.63;;;;3239;05/06/2023;06:03:23;23.6;;;;
3240;05/06/2023;06:00:08;23.65;;;;3240;05/06/2023;06:00:22;23.65;;;;3240;05/06/2023;06:03:38;23.59;;;;
3241;05/06/2023;06:00:23;23.65;;;;3241;05/06/2023;06:00:37;23.66;;;;3241;05/06/2023;06:03:53;23.59;;;;
3242;05/06/2023;06:00:38;23.64;;;;3242;05/06/2023;06:00:52;23.66;;;;3242;05/06/2023;06:04:08;23.59;;;;
3243;05/06/2023;06:00:53;23.64;;;;3243;05/06/2023;06:01:07;23.66;;;;3243;05/06/2023;06:04:23;23.59;;;;
3244;05/06/2023;06:01:08;23.64;;;;3244;05/06/2023;06:01:22;23.66;;;;3244;05/06/2023;06:04:38;23.58;;;;
3245;05/06/2023;06:01:23;23.61;;;;3245;05/06/2023;06:01:37;23.66;;;;3245;05/06/2023;06:04:53;23.6;;;;
3246;05/06/2023;06:01:38;23.63;;;;3246;05/06/2023;06:01:52;23.63;;;;3246;05/06/2023;06:05:08;23.59;;;;
3247;05/06/2023;06:01:53;23.63;;;;3247;05/06/2023;06:02:07;23.63;;;;3247;05/06/2023;06:05:23;23.6;;;;
3248;05/06/2023;06:02:08;23.65;;;;3248;05/06/2023;06:02:22;23.65;;;;3248;05/06/2023;06:05:39;23.59;;;;
3249;05/06/2023;06:02:23;23.64;;;;3249;05/06/2023;06:02:37;23.66;;;;3249;05/06/2023;06:05:54;23.61;;;;
3250;05/06/2023;06:02:38;23.65;Synchronized;;;3250;05/06/2023;06:02:52;23.64;;;;3250;05/06/2023;06:06:09;23.59;;;;
3251;05/06/2023;06:02:53;23.65;;;;3251;05/06/2023;06:03:07;23.64;;;;3251;05/06/2023;06:06:24;23.59;;;;
3252;05/06/2023;06:03:08;23.66;;;;3252;05/06/2023;06:03:22;23.65;;;;3252;05/06/2023;06:06:39;23.6;;;;
3253;05/06/2023;06:03:23;23.64;;;;3253;05/06/2023;06:03:37;23.66;;;;3253;05/06/2023;06:06:54;23.59;;;;
3254;05/06/2023;06:03:38;23.63;;;;3254;05/06/2023;06:03:52;23.66;;;;3254;05/06/2023;06:07:09;23.59;Synchronized;;;
3255;05/06/2023;06:03:53;23.62;;;;3255;05/06/2023;06:04:07;23.63;;;;3255;05/06/2023;06:07:24;23.58;;;;
3256;05/06/2023;06:04:08;23.63;;;;3256;05/06/2023;06:04:22;23.66;;;;3256;05/06/2023;06:07:39;23.6;;;;
3257;05/06/2023;06:04:23;23.63;;;;3257;05/06/2023;06:04:37;23.65;;;;3257;05/06/2023;06:07:54;23.59;;;;
3258;05/06/2023;06:04:38;23.63;;;;3258;05/06/2023;06:04:52;23.65;;;;3258;05/06/2023;06:08:09;23.59;;;;
3259;05/06/2023;06:04:53;23.63;;;;3259;05/06/2023;06:05:07;23.66;;;;3259;05/06/2023;06:08:24;23.59;;;;
3260;05/06/2023;06:05:08;23.64;;;;3260;05/06/2023;06:05:22;23.64;;;;3260;05/06/2023;06:08:39;23.58;;;;
3261;05/06/2023;06:05:23;23.63;;;;3261;05/06/2023;06:05:37;23.65;;;;3261;05/06/2023;06:08:54;23.59;;;;
3262;05/06/2023;06:05:38;23.63;;;;3262;05/06/2023;06:05:52;23.66;;;;3262;05/06/2023;06:09:09;23.6;;;;
3263;05/06/2023;06:05:53;23.65;;;;3263;05/06/2023;06:06:07;23.64;;;;3263;05/06/2023;06:09:24;23.59;;;;
3264;05/06/2023;06:06:08;23.63;;;;3264;05/06/2023;06:06:22;23.65;;;;3264;05/06/2023;06:09:39;23.59;;;;
3265;05/06/2023;06:06:23;23.64;;;;3265;05/06/2023;06:06:37;23.66;;;;3265;05/06/2023;06:09:54;23.57;;;;
3266;05/06/2023;06:06:38;23.63;;;;3266;05/06/2023;06:06:52;23.64;;;;3266;05/06/2023;06:10:09;23.58;;;;
3267;05/06/2023;06:06:53;23.62;;;;3267;05/06/2023;06:07:07;23.66;;;;3267;05/06/2023;06:10:24;23.58;;;;
3268;05/06/2023;06:07:08;23.63;;;;3268;05/06/2023;06:07:22;23.62;;;;3268;05/06/2023;06:10:39;23.59;;;;
3269;05/06/2023;06:07:23;23.64;;;;3269;05/06/2023;06:07:37;23.63;;;;3269;05/06/2023;06:10:54;23.59;;;;
3270;05/06/2023;06:07:38;23.63;;;;3270;05/06/2023;06:07:52;23.64;;;;3270;05/06/2023;06:11:09;23.58;;;;
3271;05/06/2023;06:07:53;23.63;;;;3271;05/06/2023;06:08:07;23.63;;;;3271;05/06/2023;06:11:24;23.59;;;;
3272;05/06/2023;06:08:08;23.63;;;;3272;05/06/2023;06:08:22;23.64;;;;3272;05/06/2023;06:11:39;23.57;;;;
3273;05/06/2023;06:08:23;23.63;;;;3273;05/06/2023;06:08:37;23.64;;;;3273;05/06/2023;06:11:54;23.59;;;;
3274;05/06/2023;06:08:38;23.63;;;;3274;05/06/2023;06:08:52;23.65;;;;3274;05/06/2023;06:12:09;23.6;;;;
3275;05/06/2023;06:08:53;23.63;;;;3275;05/06/2023;06:09:07;23.66;;;;3275;05/06/2023;06:12:24;23.57;;;;
3276;05/06/2023;06:09:08;23.66;;;;3276;05/06/2023;06:09:22;23.63;;;;3276;05/06/2023;06:12:39;23.59;;;;
3277;05/06/2023;06:09:23;23.64;;;;3277;05/06/2023;06:09:37;23.64;;;;3277;05/06/2023;06:12:54;23.58;;;;
3278;05/06/2023;06:09:38;23.63;;;;3278;05/06/2023;06:09:52;23.63;;;;3278;05/06/2023;06:13:09;23.6;Synchronized;;;
3279;05/06/2023;06:09:53;23.66;;;;3279;05/06/2023;06:10:07;23.65;;;;3279;05/06/2023;06:13:24;23.59;;;;
3280;05/06/2023;06:10:08;23.63;;;;3280;05/06/2023;06:10:22;23.63;;;;3280;05/06/2023;06:13:39;23.6;;;;
3281;05/06/2023;06:10:23;23.63;;;;3281;05/06/2023;06:10:37;23.65;;;;3281;05/06/2023;06:13:54;23.59;;;;
3282;05/06/2023;06:10:38;23.62;;;;3282;05/06/2023;06:10:52;23.63;;;;3282;05/06/2023;06:14:09;23.6;;;;
3283;05/06/2023;06:10:53;23.62;;;;3283;05/06/2023;06:11:07;23.66;;;;3283;05/06/2023;06:14:24;23.6;;;;
3284;05/06/2023;06:11:08;23.65;;;;3284;05/06/2023;06:11:21;23.62;;;;3284;05/06/2023;06:14:39;23.59;;;;
3285;05/06/2023;06:11:23;23.63;;;;3285;05/06/2023;06:11:36;23.64;;;;3285;05/06/2023;06:14:54;23.59;;;;
3286;05/06/2023;06:11:38;23.63;;;;3286;05/06/2023;06:11:51;23.66;;;;3286;05/06/2023;06:15:09;23.58;;;;
3287;05/06/2023;06:11:53;23.63;;;;3287;05/06/2023;06:12:06;23.65;;;;3287;05/06/2023;06:15:24;23.59;;;;
3288;05/06/2023;06:12:08;23.64;;;;3288;05/06/2023;06:12:21;23.65;;;;3288;05/06/2023;06:15:39;23.58;;;;
3289;05/06/2023;06:12:23;23.63;;;;3289;05/06/2023;06:12:36;23.63;;;;3289;05/06/2023;06:15:54;23.59;;;;
3290;05/06/2023;06:12:38;23.63;;;;3290;05/06/2023;06:12:51;23.63;;;;3290;05/06/2023;06:16:09;23.57;;;;
3291;05/06/2023;06:12:53;23.64;;;;3291;05/06/2023;06:13:06;23.66;;;;3291;05/06/2023;06:16:24;23.6;;;;
3292;05/06/2023;06:13:08;23.63;;;;3292;05/06/2023;06:13:21;23.63;;;;3292;05/06/2023;06:16:39;23.59;;;;
3293;05/06/2023;06:13:23;23.63;;;;3293;05/06/2023;06:13:36;23.63;;;;3293;05/06/2023;06:16:54;23.59;;;;
3294;05/06/2023;06:13:38;23.62;;;;3294;05/06/2023;06:13:51;23.65;;;;3294;05/06/2023;06:17:09;23.6;;;;
3295;05/06/2023;06:13:53;23.63;;;;3295;05/06/2023;06:14:06;23.63;;;;3295;05/06/2023;06:17:24;23.58;;;;
3296;05/06/2023;06:14:08;23.63;;;;3296;05/06/2023;06:14:21;23.63;;;;3296;05/06/2023;06:17:39;23.58;;;;
3297;05/06/2023;06:14:23;23.63;;;;3297;05/06/2023;06:14:36;23.64;;;;3297;05/06/2023;06:17:54;23.6;;;;
3298;05/06/2023;06:14:38;23.63;;;;3298;05/06/2023;06:14:51;23.63;;;;3298;05/06/2023;06:18:09;23.57;Synchronized;;;
3299;05/06/2023;06:14:53;23.64;;;;3299;05/06/2023;06:15:06;23.65;;;;3299;05/06/2023;06:18:24;23.58;;;;
3300;05/06/2023;06:15:08;23.62;;;;3300;05/06/2023;06:15:21;23.63;;;;3300;05/06/2023;06:18:39;23.59;;;;
3301;05/06/2023;06:15:23;23.63;;;;3301;05/06/2023;06:15:36;23.65;;;;3301;05/06/2023;06:18:54;23.58;;;;
3302;05/06/2023;06:15:38;23.63;;;;3302;05/06/2023;06:15:51;23.63;;;;3302;05/06/2023;06:19:09;23.6;;;;
3303;05/06/2023;06:15:53;23.61;;;;3303;05/06/2023;06:16:06;23.63;;;;3303;05/06/2023;06:19:24;23.59;;;;
3304;05/06/2023;06:16:08;23.61;;;;3304;05/06/2023;06:16:21;23.64;;;;3304;05/06/2023;06:19:39;23.59;;;;
3305;05/06/2023;06:16:23;23.63;;;;3305;05/06/2023;06:16:36;23.63;;;;3305;05/06/2023;06:19:54;23.56;;;;
3306;05/06/2023;06:16:38;23.63;;;;3306;05/06/2023;06:16:51;23.63;;;;3306;05/06/2023;06:20:09;23.58;;;;
3307;05/06/2023;06:16:53;23.63;;;;3307;05/06/2023;06:17:06;23.63;;;;3307;05/06/2023;06:20:24;23.59;;;;
3308;05/06/2023;06:17:08;23.63;;;;3308;05/06/2023;06:17:21;23.63;;;;3308;05/06/2023;06:20:39;23.58;;;;
3309;05/06/2023;06:17:23;23.63;;;;3309;05/06/2023;06:17:36;23.63;;;;3309;05/06/2023;06:20:54;23.59;;;;
3310;05/06/2023;06:17:38;23.63;;;;3310;05/06/2023;06:17:51;23.63;;;;3310;05/06/2023;06:21:09;23.59;;;;
3311;05/06/2023;06:17:53;23.64;;;;3311;05/06/2023;06:18:06;23.63;;;;3311;05/06/2023;06:21:24;23.58;;;;
3312;05/06/2023;06:18:08;23.63;;;;3312;05/06/2023;06:18:21;23.64;;;;3312;05/06/2023;06:21:39;23.59;;;;
3313;05/06/2023;06:18:23;23.63;;;;3313;05/06/2023;06:18:36;23.65;;;;3313;05/06/2023;06:21:54;23.58;;;;
3314;05/06/2023;06:18:38;23.62;;;;3314;05/06/2023;06:18:51;23.63;;;;3314;05/06/2023;06:22:09;23.59;;;;
3315;05/06/2023;06:18:53;23.63;;;;3315;05/06/2023;06:19:06;23.65;;;;3315;05/06/2023;06:22:24;23.57;;;;
3316;05/06/2023;06:19:08;23.63;;;;3316;05/06/2023;06:19:21;23.63;;;;3316;05/06/2023;06:22:39;23.58;;;;
3317;05/06/2023;06:19:23;23.63;;;;3317;05/06/2023;06:19:36;23.64;;;;3317;05/06/2023;06:22:54;23.59;;;;
3318;05/06/2023;06:19:38;23.63;;;;3318;05/06/2023;06:19:51;23.65;;;;3318;05/06/2023;06:23:09;23.57;;;;
3319;05/06/2023;06:19:53;23.63;;;;3319;05/06/2023;06:20:06;23.63;;;;3319;05/06/2023;06:23:24;23.59;;;;
3320;05/06/2023;06:20:08;23.61;;;;3320;05/06/2023;06:20:21;23.64;;;;3320;05/06/2023;06:23:39;23.59;;;;
3321;05/06/2023;06:20:23;23.63;;;;3321;05/06/2023;06:20:36;23.63;;;;3321;05/06/2023;06:23:54;23.58;;;;
3322;05/06/2023;06:20:38;23.62;;;;3322;05/06/2023;06:20:51;23.63;;;;3322;05/06/2023;06:24:09;23.57;;;;
3323;05/06/2023;06:20:53;23.63;;;;3323;05/06/2023;06:21:06;23.64;;;;3323;05/06/2023;06:24:24;23.58;;;;
3324;05/06/2023;06:21:07;23.62;;;;3324;05/06/2023;06:21:21;23.64;;;;3324;05/06/2023;06:24:39;23.59;;;;
3325;05/06/2023;06:21:22;23.61;;;;3325;05/06/2023;06:21:36;23.64;;;;3325;05/06/2023;06:24:54;23.59;;;;
3326;05/06/2023;06:21:37;23.62;;;;3326;05/06/2023;06:21:51;23.62;Synchronized;;;3326;05/06/2023;06:25:09;23.57;;;;
3327;05/06/2023;06:21:52;23.63;;;;3327;05/06/2023;06:22:06;23.63;;;;3327;05/06/2023;06:25:24;23.55;;;;
3328;05/06/2023;06:22:07;23.62;;;;3328;05/06/2023;06:22:21;23.63;;;;3328;05/06/2023;06:25:39;23.59;;;;
3329;05/06/2023;06:22:22;23.63;;;;3329;05/06/2023;06:22:36;23.65;;;;3329;05/06/2023;06:25:54;23.58;;;;
3330;05/06/2023;06:22:37;23.63;;;;3330;05/06/2023;06:22:51;23.63;;;;3330;05/06/2023;06:26:09;23.59;;;;
3331;05/06/2023;06:22:52;23.6;;;;3331;05/06/2023;06:23:06;23.63;;;;3331;05/06/2023;06:26:24;23.57;;;;
3332;05/06/2023;06:23:07;23.62;;;;3332;05/06/2023;06:23:21;23.65;;;;3332;05/06/2023;06:26:39;23.59;;;;
3333;05/06/2023;06:23:22;23.62;;;;3333;05/06/2023;06:23:36;23.63;;;;3333;05/06/2023;06:26:54;23.58;;;;
3334;05/06/2023;06:23:37;23.63;;;;3334;05/06/2023;06:23:51;23.64;;;;3334;05/06/2023;06:27:09;23.59;;;;
3335;05/06/2023;06:23:52;23.63;;;;3335;05/06/2023;06:24:06;23.62;;;;3335;05/06/2023;06:27:24;23.57;;;;
3336;05/06/2023;06:24:07;23.63;;;;3336;05/06/2023;06:24:21;23.64;;;;3336;05/06/2023;06:27:39;23.59;;;;
3337;05/06/2023;06:24:22;23.62;;;;3337;05/06/2023;06:24:36;23.63;;;;3337;05/06/2023;06:27:54;23.58;;;;
3338;05/06/2023;06:24:37;23.63;;;;3338;05/06/2023;06:24:51;23.63;;;;3338;05/06/2023;06:28:09;23.59;;;;
3339;05/06/2023;06:24:52;23.63;;;;3339;05/06/2023;06:25:06;23.64;;;;3339;05/06/2023;06:28:24;23.56;;;;
3340;05/06/2023;06:25:07;23.63;;;;3340;05/06/2023;06:25:21;23.63;;;;3340;05/06/2023;06:28:39;23.57;;;;
3341;05/06/2023;06:25:22;23.61;;;;3341;05/06/2023;06:25:36;23.63;;;;3341;05/06/2023;06:28:54;23.59;;;;
3342;05/06/2023;06:25:37;23.63;;;;3342;05/06/2023;06:25:51;23.64;;;;3342;05/06/2023;06:29:09;23.58;;;;
3343;05/06/2023;06:25:52;23.63;;;;3343;05/06/2023;06:26:06;23.64;;;;3343;05/06/2023;06:29:24;23.57;;;;
3344;05/06/2023;06:26:07;23.62;;;;3344;05/06/2023;06:26:21;23.64;;;;3344;05/06/2023;06:29:39;23.59;;;;
3345;05/06/2023;06:26:22;23.63;;;;3345;05/06/2023;06:26:36;23.63;;;;3345;05/06/2023;06:29:54;23.58;;;;
3346;05/06/2023;06:26:37;23.62;;;;3346;05/06/2023;06:26:51;23.64;;;;3346;05/06/2023;06:30:09;23.58;Synchronized;;;
3347;05/06/2023;06:26:52;23.62;;;;3347;05/06/2023;06:27:06;23.63;;;;3347;05/06/2023;06:30:24;23.58;;;;
3348;05/06/2023;06:27:07;23.63;;;;3348;05/06/2023;06:27:21;23.64;;;;3348;05/06/2023;06:30:39;23.57;;;;
3349;05/06/2023;06:27:22;23.63;;;;3349;05/06/2023;06:27:36;23.63;;;;3349;05/06/2023;06:30:54;23.59;;;;
3350;05/06/2023;06:27:37;23.63;;;;3350;05/06/2023;06:27:51;23.63;;;;3350;05/06/2023;06:31:09;23.58;;;;
3351;05/06/2023;06:27:52;23.63;;;;3351;05/06/2023;06:28:06;23.63;;;;3351;05/06/2023;06:31:24;23.58;;;;
3352;05/06/2023;06:28:07;23.6;;;;3352;05/06/2023;06:28:21;23.64;;;;3352;05/06/2023;06:31:39;23.58;;;;
3353;05/06/2023;06:28:22;23.61;;;;3353;05/06/2023;06:28:36;23.63;;;;3353;05/06/2023;06:31:54;23.59;;;;
3354;05/06/2023;06:28:37;23.62;;;;3354;05/06/2023;06:28:51;23.62;;;;3354;05/06/2023;06:32:09;23.57;;;;
3355;05/06/2023;06:28:52;23.63;;;;3355;05/06/2023;06:29:06;23.63;;;;3355;05/06/2023;06:32:24;23.59;;;;
3356;05/06/2023;06:29:07;23.62;;;;3356;05/06/2023;06:29:21;23.61;;;;3356;05/06/2023;06:32:39;23.57;;;;
3357;05/06/2023;06:29:22;23.62;;;;3357;05/06/2023;06:29:36;23.63;;;;3357;05/06/2023;06:32:54;23.59;;;;
3358;05/06/2023;06:29:37;23.62;;;;3358;05/06/2023;06:29:51;23.63;;;;3358;05/06/2023;06:33:09;23.57;;;;
3359;05/06/2023;06:29:52;23.6;;;;3359;05/06/2023;06:30:06;23.63;;;;3359;05/06/2023;06:33:24;23.59;;;;
3360;05/06/2023;06:30:07;23.61;;;;3360;05/06/2023;06:30:21;23.63;;;;3360;05/06/2023;06:33:39;23.59;;;;
3361;05/06/2023;06:30:22;23.62;;;;3361;05/06/2023;06:30:36;23.61;;;;3361;05/06/2023;06:33:54;23.56;;;;
3362;05/06/2023;06:30:37;23.63;;;;3362;05/06/2023;06:30:51;23.64;;;;3362;05/06/2023;06:34:09;23.59;;;;
3363;05/06/2023;06:30:52;23.61;;;;3363;05/06/2023;06:31:06;23.63;;;;3363;05/06/2023;06:34:24;23.57;;;;
3364;05/06/2023;06:31:07;23.62;;;;3364;05/06/2023;06:31:21;23.62;;;;3364;05/06/2023;06:34:39;23.58;;;;
3365;05/06/2023;06:31:22;23.62;;;;3365;05/06/2023;06:31:36;23.63;;;;3365;05/06/2023;06:34:54;23.58;;;;
3366;05/06/2023;06:31:37;23.63;;;;3366;05/06/2023;06:31:51;23.63;;;;3366;05/06/2023;06:35:09;23.58;;;;
3367;05/06/2023;06:31:52;23.61;;;;3367;05/06/2023;06:32:06;23.63;;;;3367;05/06/2023;06:35:24;23.59;;;;
3368;05/06/2023;06:32:07;23.63;;;;3368;05/06/2023;06:32:21;23.63;;;;3368;05/06/2023;06:35:39;23.57;;;;
3369;05/06/2023;06:32:22;23.63;;;;3369;05/06/2023;06:32:36;23.62;;;;3369;05/06/2023;06:35:54;23.57;;;;
3370;05/06/2023;06:32:37;23.62;;;;3370;05/06/2023;06:32:51;23.63;;;;3370;05/06/2023;06:36:09;23.59;;;;
3371;05/06/2023;06:32:52;23.63;;;;3371;05/06/2023;06:33:06;23.63;;;;3371;05/06/2023;06:36:24;23.56;;;;
3372;05/06/2023;06:33:07;23.61;;;;3372;05/06/2023;06:33:21;23.63;;;;3372;05/06/2023;06:36:39;23.59;;;;
3373;05/06/2023;06:33:22;23.6;;;;3373;05/06/2023;06:33:36;23.62;;;;3373;05/06/2023;06:36:54;23.58;;;;
3374;05/06/2023;06:33:37;23.62;;;;3374;05/06/2023;06:33:51;23.64;;;;3374;05/06/2023;06:37:09;23.59;;;;
3375;05/06/2023;06:33:52;23.63;;;;3375;05/06/2023;06:34:06;23.63;;;;3375;05/06/2023;06:37:24;23.59;;;;
3376;05/06/2023;06:34:07;23.63;;;;3376;05/06/2023;06:34:21;23.64;;;;3376;05/06/2023;06:37:39;23.57;;;;
3377;05/06/2023;06:34:22;23.61;;;;3377;05/06/2023;06:34:36;23.63;;;;3377;05/06/2023;06:37:54;23.58;;;;
3378;05/06/2023;06:34:37;23.63;;;;3378;05/06/2023;06:34:50;23.63;;;;3378;05/06/2023;06:38:09;23.56;;;;
3379;05/06/2023;06:34:52;23.59;;;;3379;05/06/2023;06:35:05;23.62;;;;3379;05/06/2023;06:38:24;23.59;;;;
3380;05/06/2023;06:35:07;23.63;;;;3380;05/06/2023;06:35:20;23.63;;;;3380;05/06/2023;06:38:39;23.58;;;;
3381;05/06/2023;06:35:22;23.63;;;;3381;05/06/2023;06:35:35;23.63;;;;3381;05/06/2023;06:38:54;23.58;;;;
3382;05/06/2023;06:35:37;23.63;;;;3382;05/06/2023;06:35:50;23.62;;;;3382;05/06/2023;06:39:09;23.57;;;;
3383;05/06/2023;06:35:52;23.6;;;;3383;05/06/2023;06:36:05;23.61;;;;3383;05/06/2023;06:39:24;23.57;;;;
3384;05/06/2023;06:36:07;23.65;;;;3384;05/06/2023;06:36:20;23.63;;;;3384;05/06/2023;06:39:39;23.59;;;;
3385;05/06/2023;06:36:22;23.62;;;;3385;05/06/2023;06:36:35;23.62;;;;3385;05/06/2023;06:39:54;23.58;;;;
3386;05/06/2023;06:36:37;23.62;;;;3386;05/06/2023;06:36:50;23.62;;;;3386;05/06/2023;06:40:09;23.58;;;;
3387;05/06/2023;06:36:52;23.62;;;;3387;05/06/2023;06:37:05;23.63;;;;3387;05/06/2023;06:40:24;23.59;Synchronized;;;
3388;05/06/2023;06:37:07;23.63;;;;3388;05/06/2023;06:37:20;23.64;;;;3388;05/06/2023;06:40:39;23.57;;;;
3389;05/06/2023;06:37:22;23.63;;;;3389;05/06/2023;06:37:35;23.63;;;;3389;05/06/2023;06:40:54;23.58;;;;
3390;05/06/2023;06:37:37;23.63;;;;3390;05/06/2023;06:37:50;23.64;;;;3390;05/06/2023;06:41:09;23.59;;;;
3391;05/06/2023;06:37:52;23.61;;;;3391;05/06/2023;06:38:05;23.64;;;;3391;05/06/2023;06:41:24;23.57;;;;
3392;05/06/2023;06:38:07;23.62;;;;3392;05/06/2023;06:38:20;23.64;;;;3392;05/06/2023;06:41:39;23.59;;;;
3393;05/06/2023;06:38:22;23.62;;;;3393;05/06/2023;06:38:35;23.63;;;;3393;05/06/2023;06:41:54;23.58;;;;
3394;05/06/2023;06:38:37;23.62;;;;3394;05/06/2023;06:38:50;23.63;;;;3394;05/06/2023;06:42:09;23.56;;;;
3395;05/06/2023;06:38:52;23.61;;;;3395;05/06/2023;06:39:05;23.6;;;;3395;05/06/2023;06:42:24;23.58;;;;
3396;05/06/2023;06:39:07;23.61;;;;3396;05/06/2023;06:39:20;23.63;;;;3396;05/06/2023;06:42:39;23.59;;;;
3397;05/06/2023;06:39:22;23.62;;;;3397;05/06/2023;06:39:35;23.62;;;;3397;05/06/2023;06:42:54;23.57;;;;
3398;05/06/2023;06:39:37;23.62;;;;3398;05/06/2023;06:39:50;23.64;;;;3398;05/06/2023;06:43:09;23.57;;;;
3399;05/06/2023;06:39:52;23.63;;;;3399;05/06/2023;06:40:05;23.63;;;;3399;05/06/2023;06:43:24;23.58;;;;
3400;05/06/2023;06:40:07;23.63;;;;3400;05/06/2023;06:40:20;23.63;;;;3400;05/06/2023;06:43:39;23.57;;;;
3401;05/06/2023;06:40:22;23.62;;;;3401;05/06/2023;06:40:35;23.63;Synchronized;;;3401;05/06/2023;06:43:54;23.58;;;;
3402;05/06/2023;06:40:37;23.63;;;;3402;05/06/2023;06:40:50;23.63;;;;3402;05/06/2023;06:44:09;23.58;;;;
3403;05/06/2023;06:40:52;23.6;;;;3403;05/06/2023;06:41:05;23.62;;;;3403;05/06/2023;06:44:24;23.56;;;;
3404;05/06/2023;06:41:07;23.61;;;;3404;05/06/2023;06:41:20;23.63;;;;3404;05/06/2023;06:44:39;23.57;;;;
3405;05/06/2023;06:41:22;23.6;;;;3405;05/06/2023;06:41:35;23.63;;;;3405;05/06/2023;06:44:54;23.59;;;;
3406;05/06/2023;06:41:37;23.63;;;;3406;05/06/2023;06:41:50;23.63;;;;3406;05/06/2023;06:45:09;23.56;Synchronized;;;
3407;05/06/2023;06:41:52;23.62;;;;3407;05/06/2023;06:42:05;23.63;;;;3407;05/06/2023;06:45:24;23.56;;;;
3408;05/06/2023;06:42:07;23.62;;;;3408;05/06/2023;06:42:20;23.6;;;;3408;05/06/2023;06:45:39;23.58;;;;
3409;05/06/2023;06:42:22;23.62;;;;3409;05/06/2023;06:42:35;23.6;;;;3409;05/06/2023;06:45:54;23.55;;;;
3410;05/06/2023;06:42:37;23.6;;;;3410;05/06/2023;06:42:50;23.63;;;;3410;05/06/2023;06:46:09;23.55;;;;
3411;05/06/2023;06:42:52;23.63;;;;3411;05/06/2023;06:43:05;23.63;;;;3411;05/06/2023;06:46:24;23.55;;;;
3412;05/06/2023;06:43:07;23.62;;;;3412;05/06/2023;06:43:20;23.63;;;;3412;05/06/2023;06:46:39;23.56;;;;
3413;05/06/2023;06:43:22;23.62;;;;3413;05/06/2023;06:43:35;23.62;;;;3413;05/06/2023;06:46:54;23.55;;;;
3414;05/06/2023;06:43:37;23.59;;;;3414;05/06/2023;06:43:50;23.63;;;;3414;05/06/2023;06:47:09;23.55;;;;
3415;05/06/2023;06:43:52;23.61;;;;3415;05/06/2023;06:44:05;23.61;;;;3415;05/06/2023;06:47:24;23.56;;;;
3416;05/06/2023;06:44:07;23.62;;;;3416;05/06/2023;06:44:20;23.61;;;;3416;05/06/2023;06:47:39;23.55;;;;
3417;05/06/2023;06:44:22;23.61;;;;3417;05/06/2023;06:44:35;23.6;;;;3417;05/06/2023;06:47:54;23.57;;;;
3418;05/06/2023;06:44:37;23.61;;;;3418;05/06/2023;06:44:50;23.63;;;;3418;05/06/2023;06:48:09;23.56;;;;
3419;05/06/2023;06:44:52;23.62;;;;3419;05/06/2023;06:45:05;23.61;;;;3419;05/06/2023;06:48:24;23.55;Synchronized;;;
3420;05/06/2023;06:45:07;23.59;;;;3420;05/06/2023;06:45:20;23.63;;;;3420;05/06/2023;06:48:39;23.56;;;;
3421;05/06/2023;06:45:22;23.63;;;;3421;05/06/2023;06:45:35;23.62;;;;3421;05/06/2023;06:48:54;23.57;;;;
3422;05/06/2023;06:45:37;23.59;;;;3422;05/06/2023;06:45:50;23.62;;;;3422;05/06/2023;06:49:09;23.55;;;;
3423;05/06/2023;06:45:52;23.61;;;;3423;05/06/2023;06:46:05;23.61;;;;3423;05/06/2023;06:49:24;23.56;;;;
3424;05/06/2023;06:46:07;23.61;;;;3424;05/06/2023;06:46:20;23.62;;;;3424;05/06/2023;06:49:39;23.56;;;;
3425;05/06/2023;06:46:22;23.6;;;;3425;05/06/2023;06:46:35;23.63;;;;3425;05/06/2023;06:49:55;23.55;;;;
3426;05/06/2023;06:46:37;23.62;;;;3426;05/06/2023;06:46:50;23.61;;;;3426;05/06/2023;06:50:10;23.57;;;;
3427;05/06/2023;06:46:52;23.6;;;;3427;05/06/2023;06:47:05;23.63;;;;3427;05/06/2023;06:50:25;23.56;;;;
3428;05/06/2023;06:47:07;23.62;;;;3428;05/06/2023;06:47:20;23.61;Synchronized;;;3428;05/06/2023;06:50:40;23.55;;;;
3429;05/06/2023;06:47:22;23.6;;;;3429;05/06/2023;06:47:35;23.59;;;;3429;05/06/2023;06:50:55;23.55;;;;
3430;05/06/2023;06:47:37;23.59;;;;3430;05/06/2023;06:47:50;23.59;;;;3430;05/06/2023;06:51:10;23.54;;;;
3431;05/06/2023;06:47:52;23.6;;;;3431;05/06/2023;06:48:05;23.61;;;;3431;05/06/2023;06:51:25;23.55;;;;
3432;05/06/2023;06:48:07;23.6;;;;3432;05/06/2023;06:48:20;23.6;;;;3432;05/06/2023;06:51:40;23.54;;;;
3433;05/06/2023;06:48:22;23.59;;;;3433;05/06/2023;06:48:35;23.61;;;;3433;05/06/2023;06:51:55;23.56;;;;
3434;05/06/2023;06:48:37;23.6;;;;3434;05/06/2023;06:48:50;23.61;;;;3434;05/06/2023;06:52:10;23.55;;;;
3435;05/06/2023;06:48:52;23.62;;;;3435;05/06/2023;06:49:05;23.61;;;;3435;05/06/2023;06:52:25;23.57;;;;
3436;05/06/2023;06:49:07;23.59;;;;3436;05/06/2023;06:49:20;23.62;;;;3436;05/06/2023;06:52:40;23.57;;;;
3437;05/06/2023;06:49:22;23.59;Synchronized;;;3437;05/06/2023;06:49:35;23.59;;;;3437;05/06/2023;06:52:55;23.54;;;;
3438;05/06/2023;06:49:37;23.61;;;;3438;05/06/2023;06:49:50;23.62;;;;3438;05/06/2023;06:53:10;23.54;;;;
3439;05/06/2023;06:49:52;23.62;;;;3439;05/06/2023;06:50:05;23.63;;;;3439;05/06/2023;06:53:25;23.55;Synchronized;;;
3440;05/06/2023;06:50:07;23.59;;;;3440;05/06/2023;06:50:20;23.63;;;;3440;05/06/2023;06:53:40;23.55;;;;
3441;05/06/2023;06:50:22;23.59;;;;3441;05/06/2023;06:50:35;23.6;;;;3441;05/06/2023;06:53:55;23.55;;;;
3442;05/06/2023;06:50:37;23.6;;;;3442;05/06/2023;06:50:50;23.61;;;;3442;05/06/2023;06:54:10;23.54;Synchronized;;;
3443;05/06/2023;06:50:52;23.6;;;;3443;05/06/2023;06:51:05;23.59;;;;3443;05/06/2023;06:54:25;23.55;;;;
3444;05/06/2023;06:51:07;23.58;;;;3444;05/06/2023;06:51:20;23.6;;;;3444;05/06/2023;06:54:40;23.55;;;;
3445;05/06/2023;06:51:21;23.58;;;;3445;05/06/2023;06:51:35;23.59;;;;3445;05/06/2023;06:54:55;23.54;;;;
3446;05/06/2023;06:51:36;23.59;;;;3446;05/06/2023;06:51:50;23.6;;;;3446;05/06/2023;06:55:10;23.54;;;;
3447;05/06/2023;06:51:51;23.59;;;;3447;05/06/2023;06:52:05;23.61;Synchronized;;;3447;05/06/2023;06:55:25;23.55;;;;
3448;05/06/2023;06:52:06;23.59;;;;3448;05/06/2023;06:52:20;23.61;;;;3448;05/06/2023;06:55:40;23.55;;;;
3449;05/06/2023;06:52:21;23.61;;;;3449;05/06/2023;06:52:35;23.6;;;;3449;05/06/2023;06:55:55;23.55;;;;
3450;05/06/2023;06:52:36;23.59;;;;3450;05/06/2023;06:52:50;23.59;;;;3450;05/06/2023;06:56:10;23.52;;;;
3451;05/06/2023;06:52:51;23.59;;;;3451;05/06/2023;06:53:05;23.59;;;;3451;05/06/2023;06:56:25;23.54;;;;
3452;05/06/2023;06:53:06;23.59;;;;3452;05/06/2023;06:53:20;23.59;;;;3452;05/06/2023;06:56:40;23.52;;;;
3453;05/06/2023;06:53:21;23.58;;;;3453;05/06/2023;06:53:35;23.61;;;;3453;05/06/2023;06:56:55;23.52;;;;
3454;05/06/2023;06:53:36;23.6;;;;3454;05/06/2023;06:53:50;23.59;;;;3454;05/06/2023;06:57:10;23.55;;;;
3455;05/06/2023;06:53:51;23.59;;;;3455;05/06/2023;06:54:05;23.6;;;;3455;05/06/2023;06:57:25;23.52;;;;
3456;05/06/2023;06:54:06;23.59;;;;3456;05/06/2023;06:54:20;23.59;;;;3456;05/06/2023;06:57:40;23.55;;;;
3457;05/06/2023;06:54:21;23.58;;;;3457;05/06/2023;06:54:35;23.6;;;;3457;05/06/2023;06:57:55;23.54;;;;
3458;05/06/2023;06:54:36;23.59;;;;3458;05/06/2023;06:54:50;23.59;;;;3458;05/06/2023;06:58:10;23.52;;;;
3459;05/06/2023;06:54:51;23.59;;;;3459;05/06/2023;06:55:05;23.62;;;;3459;05/06/2023;06:58:25;23.55;;;;
3460;05/06/2023;06:55:06;23.58;;;;3460;05/06/2023;06:55:20;23.6;;;;3460;05/06/2023;06:58:40;23.54;;;;
3461;05/06/2023;06:55:21;23.58;;;;3461;05/06/2023;06:55:35;23.61;;;;3461;05/06/2023;06:58:55;23.55;;;;
3462;05/06/2023;06:55:36;23.59;;;;3462;05/06/2023;06:55:50;23.58;;;;3462;05/06/2023;06:59:10;23.54;;;;
3463;05/06/2023;06:55:51;23.58;;;;3463;05/06/2023;06:56:05;23.59;;;;3463;05/06/2023;06:59:25;23.55;;;;
3464;05/06/2023;06:56:06;23.59;;;;3464;05/06/2023;06:56:20;23.61;;;;3464;05/06/2023;06:59:40;23.52;;;;
3465;05/06/2023;06:56:21;23.57;;;;3465;05/06/2023;06:56:35;23.59;;;;3465;05/06/2023;06:59:55;23.55;;;;
3466;05/06/2023;06:56:36;23.58;;;;3466;05/06/2023;06:56:50;23.59;;;;3466;05/06/2023;07:00:10;23.54;;;;
3467;05/06/2023;06:56:51;23.58;;;;3467;05/06/2023;06:57:05;23.59;;;;3467;05/06/2023;07:00:25;23.55;;;;
3468;05/06/2023;06:57:06;23.61;;;;3468;05/06/2023;06:57:20;23.59;;;;3468;05/06/2023;07:00:40;23.52;;;;
3469;05/06/2023;06:57:21;23.59;;;;3469;05/06/2023;06:57:35;23.6;;;;3469;05/06/2023;07:00:55;23.54;;;;
3470;05/06/2023;06:57:36;23.59;;;;3470;05/06/2023;06:57:50;23.59;;;;3470;05/06/2023;07:01:10;23.55;;;;
3471;05/06/2023;06:57:51;23.57;;;;3471;05/06/2023;06:58:05;23.59;;;;3471;05/06/2023;07:01:25;23.55;;;;
3472;05/06/2023;06:58:06;23.61;;;;3472;05/06/2023;06:58:20;23.6;;;;3472;05/06/2023;07:01:40;23.52;;;;
3473;05/06/2023;06:58:21;23.55;;;;3473;05/06/2023;06:58:35;23.59;;;;3473;05/06/2023;07:01:55;23.52;;;;
3474;05/06/2023;06:58:36;23.58;;;;3474;05/06/2023;06:58:49;23.61;;;;3474;05/06/2023;07:02:10;23.54;;;;
3475;05/06/2023;06:58:51;23.58;;;;3475;05/06/2023;06:59:04;23.59;;;;3475;05/06/2023;07:02:25;23.5;;;;
3476;05/06/2023;06:59:06;23.58;;;;3476;05/06/2023;06:59:19;23.6;;;;3476;05/06/2023;07:02:40;23.55;;;;
3477;05/06/2023;06:59:21;23.58;;;;3477;05/06/2023;06:59:34;23.58;;;;3477;05/06/2023;07:02:55;23.52;;;;
3478;05/06/2023;06:59:36;23.59;;;;3478;05/06/2023;06:59:49;23.57;;;;3478;05/06/2023;07:03:10;23.54;;;;
3479;05/06/2023;06:59:51;23.59;;;;3479;05/06/2023;07:00:04;23.57;;;;3479;05/06/2023;07:03:25;23.55;;;;
3480;05/06/2023;07:00:06;23.59;;;;3480;05/06/2023;07:00:19;23.59;;;;3480;05/06/2023;07:03:40;23.52;;;;
3481;05/06/2023;07:00:21;23.58;;;;3481;05/06/2023;07:00:34;23.59;;;;3481;05/06/2023;07:03:55;23.52;;;;
3482;05/06/2023;07:00:36;23.55;;;;3482;05/06/2023;07:00:49;23.59;;;;3482;05/06/2023;07:04:10;23.52;;;;
3483;05/06/2023;07:00:51;23.57;;;;3483;05/06/2023;07:01:04;23.59;;;;3483;05/06/2023;07:04:25;23.52;;;;
3484;05/06/2023;07:01:06;23.59;;;;3484;05/06/2023;07:01:19;23.58;;;;3484;05/06/2023;07:04:40;23.55;;;;
3485;05/06/2023;07:01:21;23.58;;;;3485;05/06/2023;07:01:34;23.56;;;;3485;05/06/2023;07:04:55;23.51;;;;
3486;05/06/2023;07:01:36;23.57;;;;3486;05/06/2023;07:01:49;23.58;;;;3486;05/06/2023;07:05:10;23.52;;;;
3487;05/06/2023;07:01:51;23.59;;;;3487;05/06/2023;07:02:04;23.57;;;;3487;05/06/2023;07:05:25;23.52;;;;
3488;05/06/2023;07:02:06;23.55;;;;3488;05/06/2023;07:02:19;23.59;;;;3488;05/06/2023;07:05:40;23.52;;;;
3489;05/06/2023;07:02:21;23.57;;;;3489;05/06/2023;07:02:34;23.57;;;;3489;05/06/2023;07:05:55;23.52;;;;
3490;05/06/2023;07:02:36;23.57;;;;3490;05/06/2023;07:02:49;23.58;;;;3490;05/06/2023;07:06:10;23.52;;;;
3491;05/06/2023;07:02:51;23.57;;;;3491;05/06/2023;07:03:04;23.59;;;;3491;05/06/2023;07:06:25;23.52;;;;
3492;05/06/2023;07:03:06;23.58;;;;3492;05/06/2023;07:03:19;23.57;;;;3492;05/06/2023;07:06:40;23.52;;;;
3493;05/06/2023;07:03:21;23.57;;;;3493;05/06/2023;07:03:34;23.59;;;;3493;05/06/2023;07:06:55;23.52;;;;
3494;05/06/2023;07:03:36;23.55;;;;3494;05/06/2023;07:03:49;23.58;Synchronized;;;3494;05/06/2023;07:07:10;23.51;;;;
3495;05/06/2023;07:03:51;23.57;;;;3495;05/06/2023;07:04:04;23.56;;;;3495;05/06/2023;07:07:25;23.52;;;;
3496;05/06/2023;07:04:06;23.55;;;;3496;05/06/2023;07:04:19;23.58;;;;3496;05/06/2023;07:07:40;23.52;;;;
3497;05/06/2023;07:04:21;23.57;;;;3497;05/06/2023;07:04:34;23.58;;;;3497;05/06/2023;07:07:55;23.54;;;;
3498;05/06/2023;07:04:36;23.57;;;;3498;05/06/2023;07:04:49;23.56;;;;3498;05/06/2023;07:08:10;23.52;;;;
3499;05/06/2023;07:04:51;23.58;;;;3499;05/06/2023;07:05:04;23.58;;;;3499;05/06/2023;07:08:25;23.52;;;;
3500;05/06/2023;07:05:06;23.58;;;;3500;05/06/2023;07:05:19;23.59;;;;3500;05/06/2023;07:08:40;23.52;;;;
3501;05/06/2023;07:05:21;23.58;;;;3501;05/06/2023;07:05:34;23.59;;;;3501;05/06/2023;07:08:55;23.51;;;;
3502;05/06/2023;07:05:36;23.58;;;;3502;05/06/2023;07:05:49;23.55;;;;3502;05/06/2023;07:09:10;23.52;;;;
3503;05/06/2023;07:05:51;23.57;;;;3503;05/06/2023;07:06:04;23.58;;;;3503;05/06/2023;07:09:25;23.5;;;;
3504;05/06/2023;07:06:06;23.57;;;;3504;05/06/2023;07:06:19;23.56;;;;3504;05/06/2023;07:09:40;23.51;;;;
3505;05/06/2023;07:06:21;23.57;;;;3505;05/06/2023;07:06:34;23.58;;;;3505;05/06/2023;07:09:55;23.52;;;;
3506;05/06/2023;07:06:36;23.59;;;;3506;05/06/2023;07:06:49;23.56;;;;3506;05/06/2023;07:10:10;23.54;;;;
3507;05/06/2023;07:06:51;23.57;;;;3507;05/06/2023;07:07:04;23.56;;;;3507;05/06/2023;07:10:25;23.51;;;;
3508;05/06/2023;07:07:06;23.55;;;;3508;05/06/2023;07:07:19;23.58;;;;3508;05/06/2023;07:10:40;23.52;;;;
3509;05/06/2023;07:07:21;23.55;;;;3509;05/06/2023;07:07:34;23.59;;;;3509;05/06/2023;07:10:55;23.51;;;;
3510;05/06/2023;07:07:36;23.55;;;;3510;05/06/2023;07:07:49;23.56;;;;3510;05/06/2023;07:11:10;23.52;;;;
3511;05/06/2023;07:07:51;23.57;;;;3511;05/06/2023;07:08:04;23.58;;;;3511;05/06/2023;07:11:25;23.49;;;;
3512;05/06/2023;07:08:06;23.55;;;;3512;05/06/2023;07:08:19;23.58;;;;3512;05/06/2023;07:11:40;23.55;;;;
3513;05/06/2023;07:08:21;23.58;;;;3513;05/06/2023;07:08:34;23.56;;;;3513;05/06/2023;07:11:55;23.52;;;;
3514;05/06/2023;07:08:36;23.58;;;;3514;05/06/2023;07:08:49;23.56;;;;3514;05/06/2023;07:12:10;23.52;;;;
3515;05/06/2023;07:08:51;23.54;;;;3515;05/06/2023;07:09:04;23.58;;;;3515;05/06/2023;07:12:25;23.54;;;;
3516;05/06/2023;07:09:06;23.57;;;;3516;05/06/2023;07:09:19;23.57;;;;3516;05/06/2023;07:12:40;23.49;;;;
3517;05/06/2023;07:09:21;23.55;;;;3517;05/06/2023;07:09:34;23.57;;;;3517;05/06/2023;07:12:55;23.49;;;;
3518;05/06/2023;07:09:36;23.55;;;;3518;05/06/2023;07:09:49;23.57;;;;3518;05/06/2023;07:13:10;23.5;;;;
3519;05/06/2023;07:09:51;23.55;;;;3519;05/06/2023;07:10:04;23.58;;;;3519;05/06/2023;07:13:25;23.52;;;;
3520;05/06/2023;07:10:06;23.58;;;;3520;05/06/2023;07:10:19;23.57;;;;3520;05/06/2023;07:13:40;23.52;;;;
3521;05/06/2023;07:10:21;23.57;;;;3521;05/06/2023;07:10:34;23.55;;;;3521;05/06/2023;07:13:55;23.51;;;;
3522;05/06/2023;07:10:36;23.57;;;;3522;05/06/2023;07:10:49;23.56;;;;3522;05/06/2023;07:14:10;23.51;;;;
3523;05/06/2023;07:10:51;23.55;;;;3523;05/06/2023;07:11:04;23.57;;;;3523;05/06/2023;07:14:25;23.52;Synchronized;;;
3524;05/06/2023;07:11:06;23.55;;;;3524;05/06/2023;07:11:19;23.57;;;;3524;05/06/2023;07:14:40;23.5;;;;
3525;05/06/2023;07:11:21;23.55;;;;3525;05/06/2023;07:11:34;23.56;;;;3525;05/06/2023;07:14:55;23.51;;;;
3526;05/06/2023;07:11:36;23.57;;;;3526;05/06/2023;07:11:49;23.56;;;;3526;05/06/2023;07:15:10;23.5;;;;
3527;05/06/2023;07:11:51;23.55;;;;3527;05/06/2023;07:12:04;23.55;;;;3527;05/06/2023;07:15:25;23.5;;;;
3528;05/06/2023;07:12:06;23.55;;;;3528;05/06/2023;07:12:19;23.58;;;;3528;05/06/2023;07:15:40;23.51;;;;
3529;05/06/2023;07:12:21;23.55;;;;3529;05/06/2023;07:12:34;23.54;;;;3529;05/06/2023;07:15:55;23.5;;;;
3530;05/06/2023;07:12:36;23.55;;;;3530;05/06/2023;07:12:49;23.55;Synchronized;;;3530;05/06/2023;07:16:10;23.51;;;;
3531;05/06/2023;07:12:51;23.54;;;;3531;05/06/2023;07:13:04;23.57;;;;3531;05/06/2023;07:16:25;23.51;;;;
3532;05/06/2023;07:13:06;23.55;;;;3532;05/06/2023;07:13:19;23.56;;;;3532;05/06/2023;07:16:40;23.49;;;;
3533;05/06/2023;07:13:21;23.54;;;;3533;05/06/2023;07:13:34;23.57;Synchronized;;;3533;05/06/2023;07:16:55;23.51;;;;
3534;05/06/2023;07:13:36;23.57;;;;3534;05/06/2023;07:13:49;23.58;;;;3534;05/06/2023;07:17:10;23.51;;;;
3535;05/06/2023;07:13:51;23.53;;;;3535;05/06/2023;07:14:04;23.58;;;;3535;05/06/2023;07:17:25;23.49;;;;
3536;05/06/2023;07:14:06;23.54;;;;3536;05/06/2023;07:14:19;23.54;;;;3536;05/06/2023;07:17:40;23.51;;;;
3537;05/06/2023;07:14:21;23.55;;;;3537;05/06/2023;07:14:34;23.56;;;;3537;05/06/2023;07:17:55;23.5;;;;
3538;05/06/2023;07:14:36;23.55;;;;3538;05/06/2023;07:14:49;23.53;;;;3538;05/06/2023;07:18:10;23.5;;;;
3539;05/06/2023;07:14:51;23.55;;;;3539;05/06/2023;07:15:04;23.57;;;;3539;05/06/2023;07:18:25;23.5;;;;
3540;05/06/2023;07:15:06;23.55;;;;3540;05/06/2023;07:15:19;23.56;;;;3540;05/06/2023;07:18:40;23.48;;;;
3541;05/06/2023;07:15:21;23.53;;;;3541;05/06/2023;07:15:34;23.55;;;;3541;05/06/2023;07:18:55;23.51;;;;
3542;05/06/2023;07:15:36;23.55;;;;3542;05/06/2023;07:15:49;23.56;;;;3542;05/06/2023;07:19:10;23.49;;;;
3543;05/06/2023;07:15:51;23.54;;;;3543;05/06/2023;07:16:04;23.55;;;;3543;05/06/2023;07:19:25;23.51;;;;
3544;05/06/2023;07:16:06;23.55;;;;3544;05/06/2023;07:16:19;23.58;;;;3544;05/06/2023;07:19:40;23.49;;;;
3545;05/06/2023;07:16:21;23.55;;;;3545;05/06/2023;07:16:34;23.57;;;;3545;05/06/2023;07:19:55;23.48;;;;
3546;05/06/2023;07:16:36;23.53;;;;3546;05/06/2023;07:16:49;23.56;;;;3546;05/06/2023;07:20:10;23.49;;;;
3547;05/06/2023;07:16:51;23.55;;;;3547;05/06/2023;07:17:04;23.53;;;;3547;05/06/2023;07:20:25;23.49;;;;
3548;05/06/2023;07:17:06;23.55;;;;3548;05/06/2023;07:17:19;23.55;;;;3548;05/06/2023;07:20:40;23.48;;;;
3549;05/06/2023;07:17:21;23.55;;;;3549;05/06/2023;07:17:34;23.54;;;;3549;05/06/2023;07:20:55;23.48;;;;
3550;05/06/2023;07:17:36;23.53;;;;3550;05/06/2023;07:17:49;23.56;;;;3550;05/06/2023;07:21:10;23.49;;;;
3551;05/06/2023;07:17:51;23.55;;;;3551;05/06/2023;07:18:04;23.55;;;;3551;05/06/2023;07:21:25;23.48;;;;
3552;05/06/2023;07:18:06;23.52;;;;3552;05/06/2023;07:18:19;23.54;;;;3552;05/06/2023;07:21:40;23.49;;;;
3553;05/06/2023;07:18:21;23.54;;;;3553;05/06/2023;07:18:34;23.53;;;;3553;05/06/2023;07:21:55;23.48;;;;
3554;05/06/2023;07:18:36;23.54;;;;3554;05/06/2023;07:18:49;23.55;;;;3554;05/06/2023;07:22:10;23.48;;;;
3555;05/06/2023;07:18:51;23.55;;;;3555;05/06/2023;07:19:04;23.53;;;;3555;05/06/2023;07:22:25;23.49;;;;
3556;05/06/2023;07:19:06;23.55;;;;3556;05/06/2023;07:19:19;23.54;;;;3556;05/06/2023;07:22:40;23.52;;;;
3557;05/06/2023;07:19:21;23.52;;;;3557;05/06/2023;07:19:33;23.53;;;;3557;05/06/2023;07:22:55;23.48;;;;
3558;05/06/2023;07:19:36;23.55;;;;3558;05/06/2023;07:19:48;23.55;;;;3558;05/06/2023;07:23:10;23.5;;;;
3559;05/06/2023;07:19:51;23.52;;;;3559;05/06/2023;07:20:03;23.55;;;;3559;05/06/2023;07:23:25;23.49;;;;
3560;05/06/2023;07:20:06;23.52;;;;3560;05/06/2023;07:20:18;23.53;Synchronized;;;3560;05/06/2023;07:23:40;23.48;;;;
3561;05/06/2023;07:20:21;23.55;;;;3561;05/06/2023;07:20:33;23.54;;;;3561;05/06/2023;07:23:55;23.48;;;;
3562;05/06/2023;07:20:36;23.53;;;;3562;05/06/2023;07:20:48;23.57;;;;3562;05/06/2023;07:24:10;23.48;;;;
3563;05/06/2023;07:20:51;23.53;;;;3563;05/06/2023;07:21:03;23.56;;;;3563;05/06/2023;07:24:25;23.5;;;;
3564;05/06/2023;07:21:06;23.53;;;;3564;05/06/2023;07:21:18;23.54;;;;3564;05/06/2023;07:24:40;23.49;;;;
3565;05/06/2023;07:21:21;23.53;;;;3565;05/06/2023;07:21:33;23.55;;;;3565;05/06/2023;07:24:55;23.49;;;;
3566;05/06/2023;07:21:36;23.54;;;;3566;05/06/2023;07:21:48;23.54;;;;3566;05/06/2023;07:25:10;23.5;;;;
3567;05/06/2023;07:21:51;23.54;;;;3567;05/06/2023;07:22:03;23.54;;;;3567;05/06/2023;07:25:25;23.48;;;;
3568;05/06/2023;07:22:06;23.53;;;;3568;05/06/2023;07:22:18;23.53;;;;3568;05/06/2023;07:25:40;23.48;;;;
3569;05/06/2023;07:22:21;23.52;;;;3569;05/06/2023;07:22:33;23.55;;;;3569;05/06/2023;07:25:55;23.48;;;;
3570;05/06/2023;07:22:36;23.53;;;;3570;05/06/2023;07:22:48;23.54;;;;3570;05/06/2023;07:26:10;23.48;;;;
3571;05/06/2023;07:22:51;23.52;;;;3571;05/06/2023;07:23:03;23.54;;;;3571;05/06/2023;07:26:25;23.48;;;;
3572;05/06/2023;07:23:06;23.53;;;;3572;05/06/2023;07:23:18;23.55;;;;3572;05/06/2023;07:26:40;23.48;;;;
3573;05/06/2023;07:23:21;23.52;;;;3573;05/06/2023;07:23:33;23.54;;;;3573;05/06/2023;07:26:55;23.48;;;;
3574;05/06/2023;07:23:35;23.54;;;;3574;05/06/2023;07:23:48;23.55;;;;3574;05/06/2023;07:27:10;23.48;;;;
3575;05/06/2023;07:23:50;23.53;;;;3575;05/06/2023;07:24:03;23.55;;;;3575;05/06/2023;07:27:25;23.48;;;;
3576;05/06/2023;07:24:05;23.52;;;;3576;05/06/2023;07:24:18;23.52;;;;3576;05/06/2023;07:27:40;23.48;;;;
3577;05/06/2023;07:24:20;23.51;;;;3577;05/06/2023;07:24:33;23.53;;;;3577;05/06/2023;07:27:55;23.47;;;;
3578;05/06/2023;07:24:35;23.54;;;;3578;05/06/2023;07:24:48;23.53;;;;3578;05/06/2023;07:28:10;23.48;;;;
3579;05/06/2023;07:24:50;23.52;;;;3579;05/06/2023;07:25:03;23.52;;;;3579;05/06/2023;07:28:25;23.47;;;;
3580;05/06/2023;07:25:05;23.52;;;;3580;05/06/2023;07:25:18;23.54;;;;3580;05/06/2023;07:28:41;23.5;;;;
3581;05/06/2023;07:25:20;23.53;;;;3581;05/06/2023;07:25:33;23.53;;;;3581;05/06/2023;07:28:56;23.48;;;;
3582;05/06/2023;07:25:35;23.54;;;;3582;05/06/2023;07:25:48;23.54;;;;3582;05/06/2023;07:29:11;23.48;;;;
3583;05/06/2023;07:25:50;23.51;;;;3583;05/06/2023;07:26:03;23.54;;;;3583;05/06/2023;07:29:26;23.48;;;;
3584;05/06/2023;07:26:05;23.52;;;;3584;05/06/2023;07:26:18;23.52;;;;3584;05/06/2023;07:29:41;23.48;;;;
3585;05/06/2023;07:26:20;23.52;;;;3585;05/06/2023;07:26:33;23.54;;;;3585;05/06/2023;07:29:56;23.46;;;;
3586;05/06/2023;07:26:35;23.52;;;;3586;05/06/2023;07:26:48;23.52;;;;3586;05/06/2023;07:30:11;23.47;;;;
3587;05/06/2023;07:26:50;23.52;;;;3587;05/06/2023;07:27:03;23.54;;;;3587;05/06/2023;07:30:26;23.48;;;;
3588;05/06/2023;07:27:05;23.52;;;;3588;05/06/2023;07:27:18;23.53;;;;3588;05/06/2023;07:30:41;23.48;;;;
3589;05/06/2023;07:27:20;23.53;;;;3589;05/06/2023;07:27:33;23.53;;;;3589;05/06/2023;07:30:56;23.46;;;;
3590;05/06/2023;07:27:35;23.53;;;;3590;05/06/2023;07:27:48;23.52;;;;3590;05/06/2023;07:31:11;23.48;;;;
3591;05/06/2023;07:27:50;23.52;;;;3591;05/06/2023;07:28:03;23.54;;;;3591;05/06/2023;07:31:26;23.48;;;;
3592;05/06/2023;07:28:05;23.52;;;;3592;05/06/2023;07:28:18;23.54;;;;3592;05/06/2023;07:31:41;23.47;;;;
3593;05/06/2023;07:28:20;23.5;;;;3593;05/06/2023;07:28:33;23.53;;;;3593;05/06/2023;07:31:56;23.48;;;;
3594;05/06/2023;07:28:35;23.53;;;;3594;05/06/2023;07:28:48;23.51;;;;3594;05/06/2023;07:32:11;23.48;;;;
3595;05/06/2023;07:28:50;23.52;;;;3595;05/06/2023;07:29:03;23.52;;;;3595;05/06/2023;07:32:26;23.46;;;;
3596;05/06/2023;07:29:05;23.52;;;;3596;05/06/2023;07:29:18;23.55;;;;3596;05/06/2023;07:32:41;23.48;;;;
3597;05/06/2023;07:29:20;23.52;;;;3597;05/06/2023;07:29:33;23.52;;;;3597;05/06/2023;07:32:56;23.48;;;;
3598;05/06/2023;07:29:35;23.52;;;;3598;05/06/2023;07:29:48;23.52;;;;3598;05/06/2023;07:33:11;23.48;;;;
3599;05/06/2023;07:29:50;23.53;;;;3599;05/06/2023;07:30:03;23.52;;;;3599;05/06/2023;07:33:26;23.48;;;;
3600;05/06/2023;07:30:05;23.51;;;;3600;05/06/2023;07:30:18;23.54;;;;3600;05/06/2023;07:33:41;23.48;;;;
3601;05/06/2023;07:30:20;23.51;;;;3601;05/06/2023;07:30:33;23.52;;;;3601;05/06/2023;07:33:56;23.48;;;;
3602;05/06/2023;07:30:35;23.52;;;;3602;05/06/2023;07:30:48;23.52;;;;3602;05/06/2023;07:34:11;23.48;;;;
3603;05/06/2023;07:30:50;23.52;;;;3603;05/06/2023;07:31:03;23.53;;;;3603;05/06/2023;07:34:26;23.48;;;;
3604;05/06/2023;07:31:05;23.52;;;;3604;05/06/2023;07:31:18;23.54;;;;3604;05/06/2023;07:34:41;23.45;;;;
3605;05/06/2023;07:31:20;23.52;;;;3605;05/06/2023;07:31:33;23.52;;;;3605;05/06/2023;07:34:56;23.46;;;;
3606;05/06/2023;07:31:35;23.51;;;;3606;05/06/2023;07:31:48;23.53;;;;3606;05/06/2023;07:35:11;23.47;;;;
3607;05/06/2023;07:31:50;23.51;;;;3607;05/06/2023;07:32:03;23.53;;;;3607;05/06/2023;07:35:26;23.47;;;;
3608;05/06/2023;07:32:05;23.52;;;;3608;05/06/2023;07:32:18;23.51;;;;3608;05/06/2023;07:35:41;23.48;;;;
3609;05/06/2023;07:32:20;23.51;;;;3609;05/06/2023;07:32:33;23.52;;;;3609;05/06/2023;07:35:56;23.46;;;;
3610;05/06/2023;07:32:35;23.5;;;;3610;05/06/2023;07:32:48;23.52;;;;3610;05/06/2023;07:36:11;23.47;;;;
3611;05/06/2023;07:32:50;23.5;;;;3611;05/06/2023;07:33:03;23.52;;;;3611;05/06/2023;07:36:26;23.47;;;;
3612;05/06/2023;07:33:05;23.51;;;;3612;05/06/2023;07:33:18;23.53;;;;3612;05/06/2023;07:36:41;23.45;;;;
3613;05/06/2023;07:33:20;23.52;;;;3613;05/06/2023;07:33:33;23.52;;;;3613;05/06/2023;07:36:56;23.46;;;;
3614;05/06/2023;07:33:35;23.5;;;;3614;05/06/2023;07:33:48;23.52;;;;3614;05/06/2023;07:37:11;23.47;;;;
3615;05/06/2023;07:33:50;23.52;;;;3615;05/06/2023;07:34:03;23.52;;;;3615;05/06/2023;07:37:26;23.45;;;;
3616;05/06/2023;07:34:05;23.52;;;;3616;05/06/2023;07:34:18;23.52;;;;3616;05/06/2023;07:37:41;23.46;;;;
3617;05/06/2023;07:34:20;23.51;;;;3617;05/06/2023;07:34:33;23.51;;;;3617;05/06/2023;07:37:56;23.46;;;;
3618;05/06/2023;07:34:35;23.52;;;;3618;05/06/2023;07:34:48;23.52;;;;3618;05/06/2023;07:38:11;23.45;;;;
3619;05/06/2023;07:34:50;23.51;;;;3619;05/06/2023;07:35:03;23.52;;;;3619;05/06/2023;07:38:26;23.47;;;;
3620;05/06/2023;07:35:05;23.48;;;;3620;05/06/2023;07:35:18;23.52;;;;3620;05/06/2023;07:38:41;23.44;;;;
3621;05/06/2023;07:35:20;23.51;;;;3621;05/06/2023;07:35:33;23.53;;;;3621;05/06/2023;07:38:56;23.45;;;;
3622;05/06/2023;07:35:35;23.49;;;;3622;05/06/2023;07:35:48;23.54;;;;3622;05/06/2023;07:39:11;23.45;;;;
3623;05/06/2023;07:35:50;23.51;;;;3623;05/06/2023;07:36:03;23.53;;;;3623;05/06/2023;07:39:26;23.46;;;;
3624;05/06/2023;07:36:05;23.51;;;;3624;05/06/2023;07:36:18;23.52;;;;3624;05/06/2023;07:39:41;23.45;;;;
3625;05/06/2023;07:36:20;23.51;;;;3625;05/06/2023;07:36:33;23.52;;;;3625;05/06/2023;07:39:56;23.44;;;;
3626;05/06/2023;07:36:35;23.52;;;;3626;05/06/2023;07:36:48;23.51;;;;3626;05/06/2023;07:40:11;23.45;;;;
3627;05/06/2023;07:36:50;23.49;;;;3627;05/06/2023;07:37:03;23.51;;;;3627;05/06/2023;07:40:26;23.46;;;;
3628;05/06/2023;07:37:05;23.49;;;;3628;05/06/2023;07:37:18;23.52;;;;3628;05/06/2023;07:40:41;23.45;;;;
3629;05/06/2023;07:37:20;23.5;;;;3629;05/06/2023;07:37:33;23.52;;;;3629;05/06/2023;07:40:56;23.46;;;;
3630;05/06/2023;07:37:35;23.5;;;;3630;05/06/2023;07:37:48;23.52;;;;3630;05/06/2023;07:41:11;23.47;;;;
3631;05/06/2023;07:37:50;23.49;;;;3631;05/06/2023;07:38:03;23.5;;;;3631;05/06/2023;07:41:26;23.48;;;;
3632;05/06/2023;07:38:05;23.5;;;;3632;05/06/2023;07:38:18;23.52;;;;3632;05/06/2023;07:41:41;23.47;;;;
3633;05/06/2023;07:38:20;23.49;;;;3633;05/06/2023;07:38:33;23.51;;;;3633;05/06/2023;07:41:56;23.46;;;;
3634;05/06/2023;07:38:35;23.5;;;;3634;05/06/2023;07:38:48;23.52;;;;3634;05/06/2023;07:42:11;23.47;;;;
3635;05/06/2023;07:38:50;23.51;;;;3635;05/06/2023;07:39:03;23.51;;;;3635;05/06/2023;07:42:26;23.45;;;;
3636;05/06/2023;07:39:05;23.5;;;;3636;05/06/2023;07:39:18;23.51;;;;3636;05/06/2023;07:42:41;23.47;;;;
3637;05/06/2023;07:39:20;23.5;;;;3637;05/06/2023;07:39:33;23.5;;;;3637;05/06/2023;07:42:56;23.46;;;;
3638;05/06/2023;07:39:35;23.51;;;;3638;05/06/2023;07:39:48;23.5;;;;3638;05/06/2023;07:43:11;23.46;;;;
3639;05/06/2023;07:39:50;23.51;;;;3639;05/06/2023;07:40:03;23.51;;;;3639;05/06/2023;07:43:26;23.45;;;;
3640;05/06/2023;07:40:05;23.48;Synchronized;;;3640;05/06/2023;07:40:18;23.52;;;;3640;05/06/2023;07:43:41;23.46;;;;
3641;05/06/2023;07:40:20;23.5;;;;3641;05/06/2023;07:40:33;23.5;;;;3641;05/06/2023;07:43:56;23.45;;;;
3642;05/06/2023;07:40:35;23.5;;;;3642;05/06/2023;07:40:48;23.52;;;;3642;05/06/2023;07:44:11;23.45;;;;
3643;05/06/2023;07:40:50;23.51;;;;3643;05/06/2023;07:41:03;23.5;;;;3643;05/06/2023;07:44:26;23.46;;;;
3644;05/06/2023;07:41:05;23.49;;;;3644;05/06/2023;07:41:17;23.51;;;;3644;05/06/2023;07:44:41;23.46;;;;
3645;05/06/2023;07:41:20;23.49;;;;3645;05/06/2023;07:41:32;23.52;;;;3645;05/06/2023;07:44:56;23.45;;;;
3646;05/06/2023;07:41:35;23.51;;;;3646;05/06/2023;07:41:47;23.52;;;;3646;05/06/2023;07:45:11;23.47;;;;
3647;05/06/2023;07:41:50;23.51;;;;3647;05/06/2023;07:42:02;23.51;;;;3647;05/06/2023;07:45:26;23.45;;;;
3648;05/06/2023;07:42:05;23.49;;;;3648;05/06/2023;07:42:17;23.51;;;;3648;05/06/2023;07:45:41;23.47;;;;
3649;05/06/2023;07:42:20;23.5;;;;3649;05/06/2023;07:42:32;23.51;;;;3649;05/06/2023;07:45:56;23.46;;;;
3650;05/06/2023;07:42:35;23.49;;;;3650;05/06/2023;07:42:47;23.51;;;;3650;05/06/2023;07:46:11;23.45;;;;
3651;05/06/2023;07:42:50;23.48;;;;3651;05/06/2023;07:43:02;23.51;;;;3651;05/06/2023;07:46:26;23.45;;;;
3652;05/06/2023;07:43:05;23.5;;;;3652;05/06/2023;07:43:17;23.5;;;;3652;05/06/2023;07:46:41;23.45;;;;
3653;05/06/2023;07:43:20;23.5;;;;3653;05/06/2023;07:43:32;23.5;;;;3653;05/06/2023;07:46:56;23.48;;;;
3654;05/06/2023;07:43:35;23.48;;;;3654;05/06/2023;07:43:47;23.52;;;;3654;05/06/2023;07:47:11;23.45;;;;
3655;05/06/2023;07:43:50;23.48;;;;3655;05/06/2023;07:44:02;23.52;;;;3655;05/06/2023;07:47:26;23.46;;;;
3656;05/06/2023;07:44:05;23.49;;;;3656;05/06/2023;07:44:17;23.5;;;;3656;05/06/2023;07:47:41;23.45;;;;
3657;05/06/2023;07:44:20;23.49;;;;3657;05/06/2023;07:44:32;23.52;;;;3657;05/06/2023;07:47:56;23.45;;;;
3658;05/06/2023;07:44:35;23.51;;;;3658;05/06/2023;07:44:47;23.5;;;;3658;05/06/2023;07:48:11;23.46;;;;
3659;05/06/2023;07:44:50;23.48;;;;3659;05/06/2023;07:45:02;23.52;;;;3659;05/06/2023;07:48:26;23.45;;;;
3660;05/06/2023;07:45:05;23.49;;;;3660;05/06/2023;07:45:17;23.49;;;;3660;05/06/2023;07:48:41;23.47;;;;
3661;05/06/2023;07:45:20;23.5;;;;3661;05/06/2023;07:45:32;23.5;;;;3661;05/06/2023;07:48:56;23.47;;;;
3662;05/06/2023;07:45:35;23.47;;;;3662;05/06/2023;07:45:47;23.51;;;;3662;05/06/2023;07:49:11;23.45;;;;
3663;05/06/2023;07:45:50;23.48;;;;3663;05/06/2023;07:46:02;23.51;;;;3663;05/06/2023;07:49:26;23.48;;;;
3664;05/06/2023;07:46:05;23.49;;;;3664;05/06/2023;07:46:17;23.5;;;;3664;05/06/2023;07:49:41;23.46;;;;
3665;05/06/2023;07:46:20;23.49;;;;3665;05/06/2023;07:46:32;23.48;;;;3665;05/06/2023;07:49:56;23.46;;;;
3666;05/06/2023;07:46:35;23.5;;;;3666;05/06/2023;07:46:47;23.5;;;;3666;05/06/2023;07:50:11;23.46;;;;
3667;05/06/2023;07:46:50;23.48;;;;3667;05/06/2023;07:47:02;23.51;;;;3667;05/06/2023;07:50:26;23.45;;;;
3668;05/06/2023;07:47:05;23.48;;;;3668;05/06/2023;07:47:17;23.5;;;;3668;05/06/2023;07:50:41;23.47;;;;
3669;05/06/2023;07:47:20;23.5;;;;3669;05/06/2023;07:47:32;23.49;;;;3669;05/06/2023;07:50:56;23.47;;;;
3670;05/06/2023;07:47:35;23.49;;;;3670;05/06/2023;07:47:47;23.49;;;;3670;05/06/2023;07:51:11;23.45;;;;
3671;05/06/2023;07:47:50;23.49;;;;3671;05/06/2023;07:48:02;23.51;;;;3671;05/06/2023;07:51:26;23.45;;;;
3672;05/06/2023;07:48:05;23.48;;;;3672;05/06/2023;07:48:17;23.52;;;;3672;05/06/2023;07:51:41;23.48;;;;
3673;05/06/2023;07:48:20;23.51;;;;3673;05/06/2023;07:48:32;23.51;;;;3673;05/06/2023;07:51:56;23.46;;;;
3674;05/06/2023;07:48:35;23.5;;;;3674;05/06/2023;07:48:47;23.52;;;;3674;05/06/2023;07:52:11;23.48;;;;
3675;05/06/2023;07:48:50;23.48;;;;3675;05/06/2023;07:49:02;23.52;;;;3675;05/06/2023;07:52:26;23.48;;;;
3676;05/06/2023;07:49:05;23.49;;;;3676;05/06/2023;07:49:17;23.51;;;;3676;05/06/2023;07:52:41;23.48;;;;
3677;05/06/2023;07:49:20;23.49;;;;3677;05/06/2023;07:49:32;23.49;;;;3677;05/06/2023;07:52:56;23.52;;;;
3678;05/06/2023;07:49:35;23.48;;;;3678;05/06/2023;07:49:47;23.51;;;;3678;05/06/2023;07:53:11;23.51;;;;
3679;05/06/2023;07:49:50;23.48;;;;3679;05/06/2023;07:50:02;23.49;;;;3679;05/06/2023;07:53:26;23.51;;;;
3680;05/06/2023;07:50:05;23.5;;;;3680;05/06/2023;07:50:17;23.49;;;;3680;05/06/2023;07:53:41;23.55;;;;
3681;05/06/2023;07:50:20;23.48;;;;3681;05/06/2023;07:50:32;23.52;;;;3681;05/06/2023;07:53:56;23.64;;;;
3682;05/06/2023;07:50:35;23.48;;;;3682;05/06/2023;07:50:47;23.49;;;;3682;05/06/2023;07:54:11;23.7;Synchronized;;;
3683;05/06/2023;07:50:50;23.5;;;;3683;05/06/2023;07:51:02;23.51;;;;3683;05/06/2023;07:54:26;23.81;Synchronized;;;
3684;05/06/2023;07:51:05;23.48;;;;3684;05/06/2023;07:51:17;23.48;;;;3684;05/06/2023;07:54:41;23.98;Synchronized;;;
3685;05/06/2023;07:51:20;23.48;;;;3685;05/06/2023;07:51:32;23.51;;;;3685;05/06/2023;07:54:56;24.05;Synchronized;;;
3686;05/06/2023;07:51:35;23.49;;;;3686;05/06/2023;07:51:47;23.5;;;;3686;05/06/2023;07:55:11;24.07;Synchronized;;;
3687;05/06/2023;07:51:50;23.51;;;;3687;05/06/2023;07:52:02;23.51;;;;3687;05/06/2023;07:55:26;24.11;Synchronized;;;
3688;05/06/2023;07:52:05;23.52;;;;3688;05/06/2023;07:52:17;23.52;;;;3688;05/06/2023;07:55:41;24.12;Synchronized;;;
3689;05/06/2023;07:52:20;23.51;;;;3689;05/06/2023;07:52:32;23.52;;;;3689;05/06/2023;07:55:56;24.15;Synchronized;;;
3690;05/06/2023;07:52:35;23.5;;;;3690;05/06/2023;07:52:47;23.52;;;;3690;05/06/2023;07:56:11;24.16;Synchronized;;;
3691;05/06/2023;07:52:50;23.52;;;;3691;05/06/2023;07:53:02;23.52;;;;3691;05/06/2023;07:56:26;24.18;Synchronized;;;
3692;05/06/2023;07:53:05;23.51;;;;3692;05/06/2023;07:53:17;23.54;;;;3692;05/06/2023;07:56:41;24.2;Synchronized;;;
3693;05/06/2023;07:53:20;23.51;;;;3693;05/06/2023;07:53:32;23.54;;;;3693;05/06/2023;07:56:56;24.21;Synchronized;;;
3694;05/06/2023;07:53:35;23.57;Synchronized;;;3694;05/06/2023;07:53:47;23.66;Synchronized;;;3694;05/06/2023;07:57:11;24.23;Synchronized;;;
3695;05/06/2023;07:53:50;23.68;Synchronized;;;3695;05/06/2023;07:54:02;23.8;Synchronized;;;3695;05/06/2023;07:57:26;24.24;Synchronized;;;
3696;05/06/2023;07:54:05;23.82;Synchronized;;;3696;05/06/2023;07:54:17;23.88;Synchronized;;;3696;05/06/2023;07:57:41;24.27;Synchronized;;;
3697;05/06/2023;07:54:20;23.96;Synchronized;;;3697;05/06/2023;07:54:32;24.1;Synchronized;;;3697;05/06/2023;07:57:57;24.27;Synchronized;;;
3698;05/06/2023;07:54:35;24.21;Synchronized;;;3698;05/06/2023;07:54:47;24.32;Synchronized;;;3698;05/06/2023;07:58:12;24.28;Synchronized;;;
3699;05/06/2023;07:54:50;24.34;Synchronized;;;3699;05/06/2023;07:55:02;24.37;Synchronized;;;3699;05/06/2023;07:58:27;24.28;Synchronized;;;
3700;05/06/2023;07:55:05;24.38;Synchronized;;;3700;05/06/2023;07:55:17;24.38;Synchronized;;;3700;05/06/2023;07:58:42;24.3;Synchronized;;;
3701;05/06/2023;07:55:20;24.45;Synchronized;;;3701;05/06/2023;07:55:32;24.41;Synchronized;;;3701;05/06/2023;07:58:57;24.3;Synchronized;;;
3702;05/06/2023;07:55:35;24.47;Synchronized;;;3702;05/06/2023;07:55:47;24.41;Synchronized;;;3702;05/06/2023;07:59:12;24.3;Synchronized;;;
3703;05/06/2023;07:55:50;24.48;Synchronized;;;3703;05/06/2023;07:56:02;24.44;Synchronized;;;3703;05/06/2023;07:59:27;24.32;Synchronized;;;
3704;05/06/2023;07:56:05;24.49;Synchronized;;;3704;05/06/2023;07:56:17;24.43;Synchronized;;;3704;05/06/2023;07:59:42;24.32;Synchronized;;;
3705;05/06/2023;07:56:20;24.48;Synchronized;;;3705;05/06/2023;07:56:32;24.45;Synchronized;;;3705;05/06/2023;07:59:57;24.34;Synchronized;;;
3706;05/06/2023;07:56:35;24.51;Synchronized;;;3706;05/06/2023;07:56:47;24.45;Synchronized;;;3706;05/06/2023;08:00:12;24.34;Synchronized;;;
3707;05/06/2023;07:56:50;24.52;Synchronized;;;3707;05/06/2023;07:57:02;24.45;Synchronized;;;3707;05/06/2023;08:00:27;24.34;Synchronized;;;
3708;05/06/2023;07:57:05;24.52;Synchronized;;;3708;05/06/2023;07:57:17;24.45;Synchronized;;;3708;05/06/2023;08:00:42;24.34;Synchronized;;;
3709;05/06/2023;07:57:20;24.52;Synchronized;;;3709;05/06/2023;07:57:32;24.45;Synchronized;;;3709;05/06/2023;08:00:57;24.34;Synchronized;;;
3710;05/06/2023;07:57:35;24.52;Synchronized;;;3710;05/06/2023;07:57:47;24.47;Synchronized;;;3710;05/06/2023;08:01:12;24.36;Synchronized;;;
3711;05/06/2023;07:57:50;24.53;Synchronized;;;3711;05/06/2023;07:58:02;24.48;Synchronized;;;3711;05/06/2023;08:01:27;24.34;Synchronized;;;
3712;05/06/2023;07:58:05;24.52;Synchronized;;;3712;05/06/2023;07:58:17;24.47;Synchronized;;;3712;05/06/2023;08:01:42;24.36;Synchronized;;;
3713;05/06/2023;07:58:20;24.53;Synchronized;;;3713;05/06/2023;07:58:32;24.45;Synchronized;;;3713;05/06/2023;08:01:57;24.37;Synchronized;;;
3714;05/06/2023;07:58:35;24.52;Synchronized;;;3714;05/06/2023;07:58:47;24.46;Synchronized;;;3714;05/06/2023;08:02:12;24.38;Synchronized;;;
3715;05/06/2023;07:58:50;24.52;Synchronized;;;3715;05/06/2023;07:59:02;24.48;Synchronized;;;3715;05/06/2023;08:02:27;24.37;Synchronized;;;
3716;05/06/2023;07:59:05;24.56;Synchronized;;;3716;05/06/2023;07:59:17;24.49;Synchronized;;;3716;05/06/2023;08:02:42;24.35;Synchronized;;;
3717;05/06/2023;07:59:20;24.56;Synchronized;;;3717;05/06/2023;07:59:32;24.49;Synchronized;;;3717;05/06/2023;08:02:57;24.37;Synchronized;;;
3718;05/06/2023;07:59:35;24.57;Synchronized;;;3718;05/06/2023;07:59:47;24.48;Synchronized;;;3718;05/06/2023;08:03:12;24.35;Synchronized;;;
3719;05/06/2023;07:59:50;24.58;Synchronized;;;3719;05/06/2023;08:00:02;24.51;Synchronized;;;3719;05/06/2023;08:03:27;24.38;Synchronized;;;
3720;05/06/2023;08:00:05;24.55;Synchronized;;;3720;05/06/2023;08:00:17;24.5;Synchronized;;;3720;05/06/2023;08:03:42;24.37;Synchronized;;;
3721;05/06/2023;08:00:20;24.55;Synchronized;;;3721;05/06/2023;08:00:32;24.5;Synchronized;;;3721;05/06/2023;08:03:57;24.36;Synchronized;;;
3722;05/06/2023;08:00:35;24.58;Synchronized;;;3722;05/06/2023;08:00:47;24.5;Synchronized;;;3722;05/06/2023;08:04:12;24.33;Synchronized;;;
3723;05/06/2023;08:00:50;24.57;Synchronized;;;3723;05/06/2023;08:01:02;24.49;Synchronized;;;3723;05/06/2023;08:04:27;24.35;Synchronized;;;
3724;05/06/2023;08:01:05;24.57;Synchronized;;;3724;05/06/2023;08:01:17;24.49;Synchronized;;;3724;05/06/2023;08:04:42;24.33;Synchronized;;;
3725;05/06/2023;08:01:21;24.55;Synchronized;;;3725;05/06/2023;08:01:33;24.48;Synchronized;;;3725;05/06/2023;08:04:57;24.34;Synchronized;;;
3726;05/06/2023;08:01:36;24.57;Synchronized;;;3726;05/06/2023;08:01:48;24.5;Synchronized;;;3726;05/06/2023;08:05:12;24.34;Synchronized;;;
3727;05/06/2023;08:01:51;24.55;Synchronized;;;3727;05/06/2023;08:02:03;24.5;Synchronized;;;3727;05/06/2023;08:05:27;24.34;Synchronized;;;
3728;05/06/2023;08:02:06;24.55;Synchronized;;;3728;05/06/2023;08:02:18;24.48;Synchronized;;;3728;05/06/2023;08:05:43;24.33;Synchronized;;;
3729;05/06/2023;08:02:21;24.57;Synchronized;;;3729;05/06/2023;08:02:33;24.48;Synchronized;;;3729;05/06/2023;08:05:58;24.33;Synchronized;;;
3730;05/06/2023;08:02:36;24.58;Synchronized;;;3730;05/06/2023;08:02:48;24.48;Synchronized;;;3730;05/06/2023;08:06:13;24.33;Synchronized;;;
3731;05/06/2023;08:02:51;24.55;Synchronized;;;3731;05/06/2023;08:03:03;24.48;Synchronized;;;3731;05/06/2023;08:06:28;24.34;Synchronized;;;
3732;05/06/2023;08:03:06;24.57;Synchronized;;;3732;05/06/2023;08:03:18;24.5;Synchronized;;;3732;05/06/2023;08:06:43;24.31;Synchronized;;;
3733;05/06/2023;08:03:21;24.55;Synchronized;;;3733;05/06/2023;08:03:33;24.48;Synchronized;;;3733;05/06/2023;08:06:58;24.31;Synchronized;;;
3734;05/06/2023;08:03:36;24.53;Synchronized;;;3734;05/06/2023;08:03:48;24.51;Synchronized;;;3734;05/06/2023;08:07:13;24.34;Synchronized;;;
3735;05/06/2023;08:03:51;24.52;Synchronized;;;3735;05/06/2023;08:04:03;24.48;Synchronized;;;3735;05/06/2023;08:07:28;24.33;Synchronized;;;
3736;05/06/2023;08:04:06;24.55;Synchronized;;;3736;05/06/2023;08:04:18;24.48;Synchronized;;;3736;05/06/2023;08:07:43;24.31;Synchronized;;;
3737;05/06/2023;08:04:21;24.53;Synchronized;;;3737;05/06/2023;08:04:33;24.49;Synchronized;;;3737;05/06/2023;08:07:58;24.33;Synchronized;;;
3738;05/06/2023;08:04:36;24.55;Synchronized;;;3738;05/06/2023;08:04:48;24.48;Synchronized;;;3738;05/06/2023;08:08:13;24.32;Synchronized;;;
3739;05/06/2023;08:04:51;24.53;Synchronized;;;3739;05/06/2023;08:05:03;24.48;Synchronized;;;3739;05/06/2023;08:08:28;24.32;Synchronized;;;
3740;05/06/2023;08:05:06;24.52;Synchronized;;;3740;05/06/2023;08:05:18;24.48;Synchronized;;;3740;05/06/2023;08:08:43;24.34;Synchronized;;;
3741;05/06/2023;08:05:21;24.53;Synchronized;;;3741;05/06/2023;08:05:33;24.49;Synchronized;;;3741;05/06/2023;08:08:58;24.36;Synchronized;;;
3742;05/06/2023;08:05:36;24.52;Synchronized;;;3742;05/06/2023;08:05:48;24.48;Synchronized;;;3742;05/06/2023;08:09:13;24.35;Synchronized;;;
3743;05/06/2023;08:05:51;24.51;Synchronized;;;3743;05/06/2023;08:06:03;24.49;Synchronized;;;3743;05/06/2023;08:09:28;24.35;Synchronized;;;
3744;05/06/2023;08:06:06;24.52;Synchronized;;;3744;05/06/2023;08:06:18;24.46;Synchronized;;;3744;05/06/2023;08:09:43;24.38;Synchronized;;;
3745;05/06/2023;08:06:21;24.51;Synchronized;;;3745;05/06/2023;08:06:33;24.47;Synchronized;;;3745;05/06/2023;08:09:58;24.37;Synchronized;;;
3746;05/06/2023;08:06:36;24.5;Synchronized;;;3746;05/06/2023;08:06:48;24.46;Synchronized;;;3746;05/06/2023;08:10:13;24.39;Synchronized;;;
3747;05/06/2023;08:06:51;24.48;Synchronized;;;3747;05/06/2023;08:07:03;24.46;Synchronized;;;3747;05/06/2023;08:10:28;24.39;Synchronized;;;
3748;05/06/2023;08:07:06;24.49;Synchronized;;;3748;05/06/2023;08:07:18;24.45;Synchronized;;;3748;05/06/2023;08:10:43;24.41;Synchronized;;;
3749;05/06/2023;08:07:21;24.49;Synchronized;;;3749;05/06/2023;08:07:33;24.45;Synchronized;;;3749;05/06/2023;08:10:58;24.41;Synchronized;;;
3750;05/06/2023;08:07:36;24.52;Synchronized;;;3750;05/06/2023;08:07:48;24.45;Synchronized;;;3750;05/06/2023;08:11:13;24.41;Synchronized;;;
3751;05/06/2023;08:07:51;24.52;Synchronized;;;3751;05/06/2023;08:08:03;24.45;Synchronized;;;3751;05/06/2023;08:11:28;24.4;Synchronized;;;
3752;05/06/2023;08:08:06;24.52;Synchronized;;;3752;05/06/2023;08:08:18;24.48;Synchronized;;;3752;05/06/2023;08:11:43;24.41;Synchronized;;;
3753;05/06/2023;08:08:21;24.5;Synchronized;;;3753;05/06/2023;08:08:33;24.46;Synchronized;;;3753;05/06/2023;08:11:58;24.4;Synchronized;;;
3754;05/06/2023;08:08:36;24.52;Synchronized;;;3754;05/06/2023;08:08:48;24.48;Synchronized;;;3754;05/06/2023;08:12:13;24.42;Synchronized;;;
3755;05/06/2023;08:08:51;24.52;Synchronized;;;3755;05/06/2023;08:09:03;24.49;Synchronized;;;3755;05/06/2023;08:12:28;24.45;Synchronized;;;
3756;05/06/2023;08:09:06;24.51;Synchronized;;;3756;05/06/2023;08:09:18;24.49;Synchronized;;;3756;05/06/2023;08:12:43;24.47;Synchronized;;;
3757;05/06/2023;08:09:21;24.53;Synchronized;;;3757;05/06/2023;08:09:33;24.48;Synchronized;;;3757;05/06/2023;08:12:58;24.45;Synchronized;;;
3758;05/06/2023;08:09:36;24.55;Synchronized;;;3758;05/06/2023;08:09:48;24.51;Synchronized;;;3758;05/06/2023;08:13:14;24.47;Synchronized;;;
3759;05/06/2023;08:09:51;24.57;Synchronized;;;3759;05/06/2023;08:10:03;24.52;Synchronized;;;3759;05/06/2023;08:13:29;24.47;Synchronized;;;
3760;05/06/2023;08:10:06;24.53;Synchronized;;;3760;05/06/2023;08:10:18;24.52;Synchronized;;;3760;05/06/2023;08:13:44;24.51;Synchronized;;;
3761;05/06/2023;08:10:21;24.55;Synchronized;;;3761;05/06/2023;08:10:33;24.53;Synchronized;;;3761;05/06/2023;08:13:59;24.51;Synchronized;;;
3762;05/06/2023;08:10:36;24.56;Synchronized;;;3762;05/06/2023;08:10:48;24.53;Synchronized;;;3762;05/06/2023;08:14:14;24.48;Synchronized;;;
3763;05/06/2023;08:10:51;24.55;Synchronized;;;3763;05/06/2023;08:11:03;24.52;Synchronized;;;3763;05/06/2023;08:14:29;24.5;Synchronized;;;
3764;05/06/2023;08:11:06;24.57;Synchronized;;;3764;05/06/2023;08:11:18;24.52;Synchronized;;;3764;05/06/2023;08:14:44;24.52;Synchronized;;;
3765;05/06/2023;08:11:21;24.57;Synchronized;;;3765;05/06/2023;08:11:33;24.53;Synchronized;;;3765;05/06/2023;08:14:59;24.51;Synchronized;;;
3766;05/06/2023;08:11:36;24.56;Synchronized;;;3766;05/06/2023;08:11:48;24.55;Synchronized;;;3766;05/06/2023;08:15:14;24.51;Synchronized;;;
3767;05/06/2023;08:11:51;24.56;Synchronized;;;3767;05/06/2023;08:12:03;24.56;Synchronized;;;3767;05/06/2023;08:15:29;24.48;Synchronized;;;
3768;05/06/2023;08:12:06;24.59;Synchronized;;;3768;05/06/2023;08:12:18;24.54;Synchronized;;;3768;05/06/2023;08:15:44;24.51;Synchronized;;;
3769;05/06/2023;08:12:21;24.59;Synchronized;;;3769;05/06/2023;08:12:33;24.56;Synchronized;;;3769;05/06/2023;08:15:59;24.48;Synchronized;;;
3770;05/06/2023;08:12:36;24.6;Synchronized;;;3770;05/06/2023;08:12:48;24.58;Synchronized;;;3770;05/06/2023;08:16:14;24.48;Synchronized;;;
3771;05/06/2023;08:12:51;24.62;Synchronized;;;3771;05/06/2023;08:13:03;24.57;Synchronized;;;3771;05/06/2023;08:16:29;24.51;Synchronized;;;
3772;05/06/2023;08:13:06;24.62;Synchronized;;;3772;05/06/2023;08:13:18;24.55;Synchronized;;;3772;05/06/2023;08:16:44;24.47;Synchronized;;;
3773;05/06/2023;08:13:21;24.6;Synchronized;;;3773;05/06/2023;08:13:33;24.57;Synchronized;;;3773;05/06/2023;08:16:59;24.5;Synchronized;;;
3774;05/06/2023;08:13:36;24.63;Synchronized;;;3774;05/06/2023;08:13:48;24.59;Synchronized;;;3774;05/06/2023;08:17:14;24.52;Synchronized;;;
3775;05/06/2023;08:13:51;24.61;Synchronized;;;3775;05/06/2023;08:14:03;24.6;Synchronized;;;3775;05/06/2023;08:17:29;24.48;Synchronized;;;
3776;05/06/2023;08:14:06;24.63;Synchronized;;;3776;05/06/2023;08:14:18;24.6;Synchronized;;;3776;05/06/2023;08:17:44;24.48;Synchronized;;;
3777;05/06/2023;08:14:21;24.63;Synchronized;;;3777;05/06/2023;08:14:33;24.58;Synchronized;;;3777;05/06/2023;08:17:59;24.52;Synchronized;;;
3778;05/06/2023;08:14:36;24.63;Synchronized;;;3778;05/06/2023;08:14:48;24.57;Synchronized;;;3778;05/06/2023;08:18:14;24.52;Synchronized;;;
3779;05/06/2023;08:14:51;24.63;Synchronized;;;3779;05/06/2023;08:15:03;24.59;Synchronized;;;3779;05/06/2023;08:18:29;24.51;Synchronized;;;
3780;05/06/2023;08:15:06;24.6;Synchronized;;;3780;05/06/2023;08:15:18;24.59;Synchronized;;;3780;05/06/2023;08:18:44;24.54;Synchronized;;;
3781;05/06/2023;08:15:21;24.62;Synchronized;;;3781;05/06/2023;08:15:33;24.57;Synchronized;;;3781;05/06/2023;08:18:59;24.53;Synchronized;;;
3782;05/06/2023;08:15:36;24.63;Synchronized;;;3782;05/06/2023;08:15:48;24.57;Synchronized;;;3782;05/06/2023;08:19:14;24.55;Synchronized;;;
3783;05/06/2023;08:15:51;24.61;Synchronized;;;3783;05/06/2023;08:16:03;24.59;Synchronized;;;3783;05/06/2023;08:19:29;24.56;Synchronized;;;
3784;05/06/2023;08:16:06;24.61;Synchronized;;;3784;05/06/2023;08:16:18;24.57;Synchronized;;;3784;05/06/2023;08:19:44;24.55;Synchronized;;;
3785;05/06/2023;08:16:21;24.62;Synchronized;;;3785;05/06/2023;08:16:33;24.55;Synchronized;;;3785;05/06/2023;08:19:59;24.55;Synchronized;;;
3786;05/06/2023;08:16:36;24.63;Synchronized;;;3786;05/06/2023;08:16:48;24.57;Synchronized;;;3786;05/06/2023;08:20:14;24.55;Synchronized;;;
3787;05/06/2023;08:16:51;24.62;Synchronized;;;3787;05/06/2023;08:17:04;24.59;Synchronized;;;3787;05/06/2023;08:20:29;24.55;Synchronized;;;
3788;05/06/2023;08:17:07;24.62;Synchronized;;;3788;05/06/2023;08:17:19;24.59;Synchronized;;;3788;05/06/2023;08:20:44;24.55;Synchronized;;;
3789;05/06/2023;08:17:22;24.63;Synchronized;;;3789;05/06/2023;08:17:34;24.6;Synchronized;;;3789;05/06/2023;08:21:00;24.55;Synchronized;;;
3790;05/06/2023;08:17:37;24.63;Synchronized;;;3790;05/06/2023;08:17:49;24.6;Synchronized;;;3790;05/06/2023;08:21:15;24.55;Synchronized;;;
3791;05/06/2023;08:17:52;24.62;Synchronized;;;3791;05/06/2023;08:18:04;24.59;Synchronized;;;3791;05/06/2023;08:21:30;24.56;Synchronized;;;
3792;05/06/2023;08:18:07;24.63;Synchronized;;;3792;05/06/2023;08:18:19;24.61;Synchronized;;;3792;05/06/2023;08:21:45;24.58;Synchronized;;;
3793;05/06/2023;08:18:22;24.63;Synchronized;;;3793;05/06/2023;08:18:34;24.62;Synchronized;;;3793;05/06/2023;08:22:00;24.54;Synchronized;;;
3794;05/06/2023;08:18:37;24.64;Synchronized;;;3794;05/06/2023;08:18:49;24.6;Synchronized;;;3794;05/06/2023;08:22:15;24.55;Synchronized;;;
3795;05/06/2023;08:18:52;24.64;Synchronized;;;3795;05/06/2023;08:19:04;24.63;Synchronized;;;3795;05/06/2023;08:22:30;24.56;Synchronized;;;
3796;05/06/2023;08:19:07;24.66;Synchronized;;;3796;05/06/2023;08:19:19;24.63;Synchronized;;;3796;05/06/2023;08:22:45;24.55;Synchronized;;;
3797;05/06/2023;08:19:22;24.65;Synchronized;;;3797;05/06/2023;08:19:34;24.65;Synchronized;;;3797;05/06/2023;08:23:00;24.55;Synchronized;;;
3798;05/06/2023;08:19:37;24.69;Synchronized;;;3798;05/06/2023;08:19:49;24.65;Synchronized;;;3798;05/06/2023;08:23:15;24.53;Synchronized;;;
3799;05/06/2023;08:19:52;24.68;Synchronized;;;3799;05/06/2023;08:20:04;24.63;Synchronized;;;3799;05/06/2023;08:23:30;24.53;Synchronized;;;
3800;05/06/2023;08:20:07;24.68;Synchronized;;;3800;05/06/2023;08:20:19;24.65;Synchronized;;;3800;05/06/2023;08:23:45;24.52;Synchronized;;;
3801;05/06/2023;08:20:22;24.65;Synchronized;;;3801;05/06/2023;08:20:34;24.62;Synchronized;;;3801;05/06/2023;08:24:00;24.52;Synchronized;;;
3802;05/06/2023;08:20:37;24.68;Synchronized;;;3802;05/06/2023;08:20:49;24.65;Synchronized;;;3802;05/06/2023;08:24:15;24.52;Synchronized;;;
3803;05/06/2023;08:20:52;24.69;Synchronized;;;3803;05/06/2023;08:21:04;24.66;Synchronized;;;3803;05/06/2023;08:24:30;24.5;Synchronized;;;
3804;05/06/2023;08:21:07;24.68;Synchronized;;;3804;05/06/2023;08:21:19;24.63;Synchronized;;;3804;05/06/2023;08:24:45;24.52;;;;
3805;05/06/2023;08:21:22;24.68;Synchronized;;;3805;05/06/2023;08:21:34;24.65;Synchronized;;;3805;05/06/2023;08:25:00;;Missing data;;;
3806;05/06/2023;08:21:37;24.67;Synchronized;;;3806;05/06/2023;08:21:49;24.65;Synchronized;;;3806;05/06/2023;08:25:15;24.52;;;;
3807;05/06/2023;08:21:52;24.69;Synchronized;;;3807;05/06/2023;08:22:04;24.65;Synchronized;;;3807;05/06/2023;08:25:30;24.5;;;;
3808;05/06/2023;08:22:07;24.69;Synchronized;;;3808;05/06/2023;08:22:19;24.65;Synchronized;;;3808;05/06/2023;08:25:45;24.52;;;;
3809;05/06/2023;08:22:22;24.68;Synchronized;;;3809;05/06/2023;08:22:34;24.66;Synchronized;;;3809;05/06/2023;08:26:00;24.52;;;;
3810;05/06/2023;08:22:37;24.68;Synchronized;;;3810;05/06/2023;08:22:49;24.63;Synchronized;;;3810;05/06/2023;08:26:15;24.53;;;;
3811;05/06/2023;08:22:52;24.67;Synchronized;;;3811;05/06/2023;08:23:04;24.61;Synchronized;;;3811;05/06/2023;08:26:30;24.53;;;;
3812;05/06/2023;08:23:07;24.66;Synchronized;;;3812;05/06/2023;08:23:19;24.63;Synchronized;;;3812;05/06/2023;08:26:45;24.52;;;;
3813;05/06/2023;08:23:22;24.67;Synchronized;;;3813;05/06/2023;08:23:34;24.63;Synchronized;;;3813;05/06/2023;08:27:00;;Missing data;;;
3814;05/06/2023;08:23:37;24.65;Synchronized;;;3814;05/06/2023;08:23:49;24.61;Synchronized;;;3814;05/06/2023;08:27:15;24.52;;;;
3815;05/06/2023;08:23:52;24.65;Synchronized;;;3815;05/06/2023;08:24:04;24.59;Synchronized;;;3815;05/06/2023;08:27:31;24.53;;;;
3816;05/06/2023;08:24:07;24.65;Synchronized;;;3816;05/06/2023;08:24:19;24.59;Synchronized;;;3816;05/06/2023;08:27:46;24.51;;;;
3817;05/06/2023;08:24:22;24.64;Synchronized;;;3817;05/06/2023;08:24:34;24.6;Synchronized;;;3817;05/06/2023;08:28:01;24.53;;;;
3818;05/06/2023;08:24:37;24.63;Synchronized;;;3818;05/06/2023;08:24:49;24.59;;;;3818;05/06/2023;08:28:16;;Missing data;;;
3819;05/06/2023;08:24:52;24.64;;;;3819;05/06/2023;08:25:04;24.62;;;;3819;05/06/2023;08:28:31;24.53;;;;
3820;05/06/2023;08:25:07;24.65;;;;3820;05/06/2023;08:25:19;24.63;;;;3820;05/06/2023;08:28:46;24.52;;;;
3821;05/06/2023;08:25:22;24.66;;;;3821;05/06/2023;08:25:34;24.61;;;;3821;05/06/2023;08:29:01;24.51;;;;
3822;05/06/2023;08:25:37;24.65;;;;3822;05/06/2023;08:25:49;24.65;;;;3822;05/06/2023;08:29:16;24.51;;;;
3823;05/06/2023;08:25:52;24.68;;;;3823;05/06/2023;08:26:04;24.63;;;;3823;05/06/2023;08:29:31;24.5;;;;
3824;05/06/2023;08:26:07;24.68;;;;3824;05/06/2023;08:26:19;24.63;Synchronized;;;3824;05/06/2023;08:29:46;24.48;;;;
3825;05/06/2023;08:26:22;24.68;;;;3825;05/06/2023;08:26:34;24.63;;;;3825;05/06/2023;08:30:01;24.52;;;;
3826;05/06/2023;08:26:37;24.7;;;;3826;05/06/2023;08:26:49;24.63;Synchronized;;;3826;05/06/2023;08:30:16;24.52;;;;
3827;05/06/2023;08:26:52;24.72;;;;3827;05/06/2023;08:27:04;24.66;;;;3827;05/06/2023;08:30:31;24.48;;;;
3828;05/06/2023;08:27:07;24.7;;;;3828;05/06/2023;08:27:19;24.65;;;;3828;05/06/2023;08:30:46;24.48;;;;
3829;05/06/2023;08:27:22;24.7;;;;3829;05/06/2023;08:27:34;24.63;;;;3829;05/06/2023;08:31:01;24.51;;;;
3830;05/06/2023;08:27:37;24.68;;;;3830;05/06/2023;08:27:49;24.63;;;;3830;05/06/2023;08:31:16;24.52;;;;
3831;05/06/2023;08:27:52;24.67;;;;3831;05/06/2023;08:28:04;24.62;;;;3831;05/06/2023;08:31:31;24.48;;;;
3832;05/06/2023;08:28:07;24.7;;;;3832;05/06/2023;08:28:19;24.63;;;;3832;05/06/2023;08:31:46;24.48;;;;
3833;05/06/2023;08:28:22;24.7;Synchronized;;;3833;05/06/2023;08:28:34;24.65;;;;3833;05/06/2023;08:32:01;24.51;;;;
3834;05/06/2023;08:28:37;24.7;;;;3834;05/06/2023;08:28:49;24.65;;;;3834;05/06/2023;08:32:16;24.51;;;;
3835;05/06/2023;08:28:52;24.7;;;;3835;05/06/2023;08:29:04;24.65;;;;3835;05/06/2023;08:32:31;24.52;;;;
3836;05/06/2023;08:29:07;24.7;;;;3836;05/06/2023;08:29:19;24.62;;;;3836;05/06/2023;08:32:46;24.52;;;;
3837;05/06/2023;08:29:22;24.69;;;;3837;05/06/2023;08:29:34;24.61;;;;3837;05/06/2023;08:33:01;24.51;;;;
3838;05/06/2023;08:29:37;24.66;;;;3838;05/06/2023;08:29:49;24.62;;;;3838;05/06/2023;08:33:16;24.5;;;;
3839;05/06/2023;08:29:52;24.68;Synchronized;;;3839;05/06/2023;08:30:04;24.63;;;;3839;05/06/2023;08:33:31;24.51;;;;
3840;05/06/2023;08:30:07;24.68;;;;3840;05/06/2023;08:30:19;24.61;;;;3840;05/06/2023;08:33:46;24.48;;;;
3841;05/06/2023;08:30:22;24.65;;;;3841;05/06/2023;08:30:34;24.63;;;;3841;05/06/2023;08:34:01;24.5;;;;
3842;05/06/2023;08:30:38;24.66;;;;3842;05/06/2023;08:30:49;24.61;;;;3842;05/06/2023;08:34:17;24.48;;;;
3843;05/06/2023;08:30:53;24.67;;;;3843;05/06/2023;08:31:04;24.62;;;;3843;05/06/2023;08:34:32;24.48;;;;
3844;05/06/2023;08:31:08;24.69;;;;3844;05/06/2023;08:31:19;24.63;;;;3844;05/06/2023;08:34:47;24.48;;;;
3845;05/06/2023;08:31:23;24.65;;;;3845;05/06/2023;08:31:34;24.62;;;;3845;05/06/2023;08:35:02;24.5;;;;
3846;05/06/2023;08:31:38;24.65;Synchronized;;;3846;05/06/2023;08:31:49;24.6;;;;3846;05/06/2023;08:35:17;24.48;;;;
3847;05/06/2023;08:31:53;24.65;;;;3847;05/06/2023;08:32:04;24.63;;;;3847;05/06/2023;08:35:32;24.48;;;;
3848;05/06/2023;08:32:08;24.68;;;;3848;05/06/2023;08:32:19;24.62;;;;3848;05/06/2023;08:35:47;24.48;;;;
3849;05/06/2023;08:32:23;24.66;;;;3849;05/06/2023;08:32:34;24.63;;;;3849;05/06/2023;08:36:02;24.48;;;;
3850;05/06/2023;08:32:38;24.67;;;;3850;05/06/2023;08:32:49;24.63;;;;3850;05/06/2023;08:36:17;24.47;;;;
3851;05/06/2023;08:32:53;24.66;;;;3851;05/06/2023;08:33:04;24.63;;;;3851;05/06/2023;08:36:32;24.47;;;;
3852;05/06/2023;08:33:08;24.69;;;;3852;05/06/2023;08:33:19;24.62;;;;3852;05/06/2023;08:36:47;24.46;;;;
3853;05/06/2023;08:33:23;24.67;;;;3853;05/06/2023;08:33:34;24.61;;;;3853;05/06/2023;08:37:02;24.46;;;;
3854;05/06/2023;08:33:38;24.69;;;;3854;05/06/2023;08:33:49;24.63;Synchronized;;;3854;05/06/2023;08:37:17;24.47;;;;
3855;05/06/2023;08:33:53;24.66;;;;3855;05/06/2023;08:34:04;24.63;;;;3855;05/06/2023;08:37:32;24.48;;;;
3856;05/06/2023;08:34:08;24.66;;;;3856;05/06/2023;08:34:19;24.6;;;;3856;05/06/2023;08:37:47;24.46;;;;
3857;05/06/2023;08:34:23;24.65;;;;3857;05/06/2023;08:34:34;24.62;;;;3857;05/06/2023;08:38:02;24.5;;;;
3858;05/06/2023;08:34:38;24.64;;;;3858;05/06/2023;08:34:50;24.61;;;;3858;05/06/2023;08:38:17;24.5;;;;
3859;05/06/2023;08:34:53;24.65;;;;3859;05/06/2023;08:35:05;24.59;;;;3859;05/06/2023;08:38:32;24.51;;;;
3860;05/06/2023;08:35:08;24.63;;;;3860;05/06/2023;08:35:20;24.6;;;;3860;05/06/2023;08:38:47;24.52;;;;
3861;05/06/2023;08:35:23;24.65;;;;3861;05/06/2023;08:35:35;24.59;;;;3861;05/06/2023;08:39:02;24.52;;;;
3862;05/06/2023;08:35:38;24.66;;;;3862;05/06/2023;08:35:50;24.61;;;;3862;05/06/2023;08:39:17;24.51;;;;
3863;05/06/2023;08:35:53;24.65;;;;3863;05/06/2023;08:36:05;24.62;;;;3863;05/06/2023;08:39:32;24.52;;;;
3864;05/06/2023;08:36:08;24.63;;;;3864;05/06/2023;08:36:20;24.59;;;;3864;05/06/2023;08:39:47;24.53;;;;
3865;05/06/2023;08:36:23;24.63;;;;3865;05/06/2023;08:36:35;24.6;;;;3865;05/06/2023;08:40:02;24.53;;;;
3866;05/06/2023;08:36:38;24.63;;;;3866;05/06/2023;08:36:50;24.6;;;;3866;05/06/2023;08:40:17;24.53;;;;
3867;05/06/2023;08:36:53;24.64;;;;3867;05/06/2023;08:37:05;24.59;;;;3867;05/06/2023;08:40:32;24.52;;;;
3868;05/06/2023;08:37:08;24.62;;;;3868;05/06/2023;08:37:20;24.59;;;;3868;05/06/2023;08:40:48;24.54;;;;
3869;05/06/2023;08:37:23;24.64;;;;3869;05/06/2023;08:37:35;24.59;;;;3869;05/06/2023;08:41:03;24.52;;;;
3870;05/06/2023;08:37:38;24.63;;;;3870;05/06/2023;08:37:50;24.59;;;;3870;05/06/2023;08:41:18;24.48;;;;
3871;05/06/2023;08:37:53;24.65;;;;3871;05/06/2023;08:38:05;24.62;;;;3871;05/06/2023;08:41:33;24.52;;;;
3872;05/06/2023;08:38:08;24.64;;;;3872;05/06/2023;08:38:20;24.62;;;;3872;05/06/2023;08:41:48;24.54;;;;
3873;05/06/2023;08:38:23;24.66;;;;3873;05/06/2023;08:38:35;24.63;;;;3873;05/06/2023;08:42:03;24.54;;;;
3874;05/06/2023;08:38:38;24.65;;;;3874;05/06/2023;08:38:50;24.63;;;;3874;05/06/2023;08:42:18;;Missing data;;;
3875;05/06/2023;08:38:53;24.66;;;;3875;05/06/2023;08:39:05;24.63;;;;3875;05/06/2023;08:42:33;;Missing data;;;
3876;05/06/2023;08:39:08;24.67;;;;3876;05/06/2023;08:39:20;24.63;;;;3876;05/06/2023;08:42:48;24.59;;;;
3877;05/06/2023;08:39:23;24.69;;;;3877;05/06/2023;08:39:35;24.63;;;;3877;05/06/2023;08:43:03;24.63;;;;
3878;05/06/2023;08:39:38;24.68;;;;3878;05/06/2023;08:39:50;24.63;;;;3878;05/06/2023;08:43:18;24.61;;;;
3879;05/06/2023;08:39:53;24.66;;;;3879;05/06/2023;08:40:05;24.63;;;;3879;05/06/2023;08:43:33;24.63;;;;
3880;05/06/2023;08:40:08;24.67;;;;3880;05/06/2023;08:40:20;24.61;;;;3880;05/06/2023;08:43:48;24.65;;;;
3881;05/06/2023;08:40:23;24.66;;;;3881;05/06/2023;08:40:35;24.63;;;;3881;05/06/2023;08:44:03;24.64;;;;
3882;05/06/2023;08:40:38;24.67;;;;3882;05/06/2023;08:40:50;24.63;;;;3882;05/06/2023;08:44:18;24.66;;;;
3883;05/06/2023;08:40:53;24.66;;;;3883;05/06/2023;08:41:05;24.59;;;;3883;05/06/2023;08:44:33;24.66;;;;
3884;05/06/2023;08:41:08;24.65;;;;3884;05/06/2023;08:41:20;24.63;;;;3884;05/06/2023;08:44:48;24.67;;;;
3885;05/06/2023;08:41:23;24.65;;;;3885;05/06/2023;08:41:35;24.62;;;;3885;05/06/2023;08:45:03;24.67;;;;
3886;05/06/2023;08:41:38;24.7;;;;3886;05/06/2023;08:41:50;24.63;;;;3886;05/06/2023;08:45:18;24.7;;;;
3887;05/06/2023;08:41:53;24.7;;;;3887;05/06/2023;08:42:05;24.65;;;;3887;05/06/2023;08:45:33;24.69;;;;
3888;05/06/2023;08:42:08;24.7;Synchronized;;;3888;05/06/2023;08:42:20;24.65;Synchronized;;;3888;05/06/2023;08:45:48;;Missing data;;;
3889;05/06/2023;08:42:23;24.7;;;;3889;05/06/2023;08:42:35;24.66;;;;3889;05/06/2023;08:46:03;24.72;;;;
3890;05/06/2023;08:42:38;24.72;;;;3890;05/06/2023;08:42:50;24.66;;;;3890;05/06/2023;08:46:18;24.77;;;;
3891;05/06/2023;08:42:53;24.73;Synchronized;;;3891;05/06/2023;08:43:05;24.7;;;;3891;05/06/2023;08:46:33;24.77;;;;
3892;05/06/2023;08:43:08;24.73;;;;3892;05/06/2023;08:43:20;24.7;;;;3892;05/06/2023;08:46:48;24.77;;;;
3893;05/06/2023;08:43:23;24.74;;;;3893;05/06/2023;08:43:35;24.72;;;;3893;05/06/2023;08:47:03;24.8;;;;
3894;05/06/2023;08:43:39;24.77;;;;3894;05/06/2023;08:43:50;24.72;;;;3894;05/06/2023;08:47:18;24.79;;;;
3895;05/06/2023;08:43:54;24.79;;;;3895;05/06/2023;08:44:05;24.73;;;;3895;05/06/2023;08:47:33;24.79;;;;
3896;05/06/2023;08:44:09;24.79;Synchronized;;;3896;05/06/2023;08:44:20;24.75;;;;3896;05/06/2023;08:47:49;24.77;;;;
3897;05/06/2023;08:44:24;24.81;;;;3897;05/06/2023;08:44:35;24.75;;;;3897;05/06/2023;08:48:04;24.77;;;;
3898;05/06/2023;08:44:39;24.77;;;;3898;05/06/2023;08:44:50;24.77;;;;3898;05/06/2023;08:48:19;24.77;;;;
3899;05/06/2023;08:44:54;24.8;;;;3899;05/06/2023;08:45:05;24.79;;;;3899;05/06/2023;08:48:34;24.76;;;;
3900;05/06/2023;08:45:09;24.81;;;;3900;05/06/2023;08:45:20;24.92;;;;3900;05/06/2023;08:48:49;24.75;;;;
3901;05/06/2023;08:45:24;24.83;;;;3901;05/06/2023;08:45:35;24.97;;;;3901;05/06/2023;08:49:04;24.72;;;;
3902;05/06/2023;08:45:39;24.84;;;;3902;05/06/2023;08:45:50;25.62;;;;3902;05/06/2023;08:49:19;24.73;;;;
3903;05/06/2023;08:45:54;24.85;Synchronized;;;3903;05/06/2023;08:46:05;27.77;Synchronized;;;3903;05/06/2023;08:49:34;24.72;;;;
3904;05/06/2023;08:46:09;24.87;;;;3904;05/06/2023;08:46:20;31.64;Synchronized;;;3904;05/06/2023;08:49:49;24.7;;;;
3905;05/06/2023;08:46:24;24.88;;;;3905;05/06/2023;08:46:35;34.02;Synchronized;;;3905;05/06/2023;08:50:04;24.71;;;;
3906;05/06/2023;08:46:39;24.89;;;;3906;05/06/2023;08:46:50;35.32;;;;3906;05/06/2023;08:50:19;24.68;;;;
3907;05/06/2023;08:46:54;24.91;;;;3907;05/06/2023;08:47:05;36.03;Synchronized;;;3907;05/06/2023;08:50:34;24.7;;;;
3908;05/06/2023;08:47:09;24.93;;;;3908;05/06/2023;08:47:20;36.4;;;;3908;05/06/2023;08:50:49;24.7;;;;
3909;05/06/2023;08:47:24;24.91;Synchronized;;;3909;05/06/2023;08:47:35;36.49;Synchronized;;;3909;05/06/2023;08:51:04;24.67;;;;
3910;05/06/2023;08:47:39;24.92;Synchronized;;;3910;05/06/2023;08:47:50;36.46;Synchronized;;;3910;05/06/2023;08:51:19;24.68;;;;
3911;05/06/2023;08:47:54;24.91;;;;3911;05/06/2023;08:48:05;36.45;Synchronized;;;3911;05/06/2023;08:51:34;24.7;;;;
3912;05/06/2023;08:48:09;24.89;;;;3912;05/06/2023;08:48:20;36.48;Synchronized;;;3912;05/06/2023;08:51:49;24.7;;;;
3913;05/06/2023;08:48:24;24.91;;;;3913;05/06/2023;08:48:35;36.55;Synchronized;;;3913;05/06/2023;08:52:04;24.7;;;;
3914;05/06/2023;08:48:39;24.89;;;;3914;05/06/2023;08:48:50;36.33;Synchronized;;;3914;05/06/2023;08:52:19;24.7;;;;
3915;05/06/2023;08:48:54;24.88;;;;3915;05/06/2023;08:49:05;36.2;;;;3915;05/06/2023;08:52:34;24.68;;;;
3916;05/06/2023;08:49:09;24.91;;;;3916;05/06/2023;08:49:20;36.09;Synchronized;;;3916;05/06/2023;08:52:49;24.7;;;;
3917;05/06/2023;08:49:24;24.98;;;;3917;05/06/2023;08:49:35;36;Synchronized;;;3917;05/06/2023;08:53:04;24.69;;;;
3918;05/06/2023;08:49:39;25.08;;;;3918;05/06/2023;08:49:50;35.91;Synchronized;;;3918;05/06/2023;08:53:19;24.7;;;;
3919;05/06/2023;08:49:54;25.13;;;;3919;05/06/2023;08:50:05;35.84;;;;3919;05/06/2023;08:53:34;24.69;;;;
3920;05/06/2023;08:50:09;25.19;;;;3920;05/06/2023;08:50:20;35.72;Synchronized;;;3920;05/06/2023;08:53:49;24.68;;;;
3921;05/06/2023;08:50:24;25.23;;;;3921;05/06/2023;08:50:35;35.73;Synchronized;;;3921;05/06/2023;08:54:04;24.69;;;;
3922;05/06/2023;08:50:39;25.65;;;;3922;05/06/2023;08:50:50;35.75;Synchronized;;;3922;05/06/2023;08:54:19;24.69;;;;
3923;05/06/2023;08:50:54;26.95;Synchronized;;;3923;05/06/2023;08:51:05;35.73;Synchronized;;;3923;05/06/2023;08:54:34;24.68;;;;
3924;05/06/2023;08:51:09;28.38;Synchronized;;;3924;05/06/2023;08:51:20;35.68;Synchronized;;;3924;05/06/2023;08:54:49;24.69;;;;
3925;05/06/2023;08:51:24;29.48;Synchronized;;;3925;05/06/2023;08:51:35;35.66;;;;3925;05/06/2023;08:55:05;24.69;;;;
3926;05/06/2023;08:51:39;30.46;Synchronized;;;3926;05/06/2023;08:51:50;35.66;Synchronized;;;3926;05/06/2023;08:55:20;24.66;;;;
3927;05/06/2023;08:51:54;31.24;Synchronized;;;3927;05/06/2023;08:52:05;35.68;Synchronized;;;3927;05/06/2023;08:55:35;24.66;;;;
3928;05/06/2023;08:52:09;31.78;Synchronized;;;3928;05/06/2023;08:52:20;35.67;Synchronized;;;3928;05/06/2023;08:55:50;24.67;;;;
3929;05/06/2023;08:52:24;32.27;Synchronized;;;3929;05/06/2023;08:52:35;35.69;;;;3929;05/06/2023;08:56:05;24.67;;;;
3930;05/06/2023;08:52:39;32.71;Synchronized;;;3930;05/06/2023;08:52:50;35.84;Synchronized;;;3930;05/06/2023;08:56:20;24.66;;;;
3931;05/06/2023;08:52:54;33.09;Synchronized;;;3931;05/06/2023;08:53:05;35.84;Synchronized;;;3931;05/06/2023;08:56:35;24.66;;;;
3932;05/06/2023;08:53:09;33.35;Synchronized;;;3932;05/06/2023;08:53:20;35.85;Synchronized;;;3932;05/06/2023;08:56:50;24.68;;;;
3933;05/06/2023;08:53:24;33.59;Synchronized;;;3933;05/06/2023;08:53:35;35.78;;;;3933;05/06/2023;08:57:05;24.68;;;;
3934;05/06/2023;08:53:39;33.8;Synchronized;;;3934;05/06/2023;08:53:50;35.76;Synchronized;;;3934;05/06/2023;08:57:20;24.67;;;;
3935;05/06/2023;08:53:54;34.02;Synchronized;;;3935;05/06/2023;08:54:05;35.8;;;;3935;05/06/2023;08:57:35;24.65;;;;
3936;05/06/2023;08:54:09;34.21;Synchronized;;;3936;05/06/2023;08:54:20;35.83;Synchronized;;;3936;05/06/2023;08:57:50;24.66;;;;
3937;05/06/2023;08:54:24;34.4;Synchronized;;;3937;05/06/2023;08:54:35;35.84;Synchronized;;;3937;05/06/2023;08:58:05;24.66;;;;
3938;05/06/2023;08:54:39;34.55;Synchronized;;;3938;05/06/2023;08:54:50;35.9;;;;3938;05/06/2023;08:58:20;24.66;;;;
3939;05/06/2023;08:54:54;34.72;Synchronized;;;3939;05/06/2023;08:55:05;35.92;;;;3939;05/06/2023;08:58:35;24.66;;;;
3940;05/06/2023;08:55:09;34.85;Synchronized;;;3940;05/06/2023;08:55:20;35.95;;;;3940;05/06/2023;08:58:50;24.65;;;;
3941;05/06/2023;08:55:24;34.99;Synchronized;;;3941;05/06/2023;08:55:35;35.95;Synchronized;;;3941;05/06/2023;08:59:05;24.66;;;;
3942;05/06/2023;08:55:39;35.09;Synchronized;;;3942;05/06/2023;08:55:50;35.95;;;;3942;05/06/2023;08:59:20;24.63;;;;
3943;05/06/2023;08:55:54;35.2;Synchronized;;;3943;05/06/2023;08:56:05;36;;;;3943;05/06/2023;08:59:35;24.63;;;;
3944;05/06/2023;08:56:09;35.31;Synchronized;;;3944;05/06/2023;08:56:20;36.03;;;;3944;05/06/2023;08:59:50;24.63;;;;
3945;05/06/2023;08:56:24;35.4;Synchronized;;;3945;05/06/2023;08:56:35;36.06;Synchronized;;;3945;05/06/2023;09:00:05;24.63;;;;
3946;05/06/2023;08:56:39;35.48;Synchronized;;;3946;05/06/2023;08:56:50;36.09;Synchronized;;;3946;05/06/2023;09:00:20;24.64;;;;
3947;05/06/2023;08:56:54;35.53;Synchronized;;;3947;05/06/2023;08:57:05;36.14;;;;3947;05/06/2023;09:00:35;24.61;;;;
3948;05/06/2023;08:57:09;35.59;Synchronized;;;3948;05/06/2023;08:57:20;36.17;;;;3948;05/06/2023;09:00:50;24.63;;;;
3949;05/06/2023;08:57:24;35.66;Synchronized;;;3949;05/06/2023;08:57:35;36.2;;;;3949;05/06/2023;09:01:05;24.59;;;;
3950;05/06/2023;08:57:39;35.73;Synchronized;;;3950;05/06/2023;08:57:50;36.2;Synchronized;;;3950;05/06/2023;09:01:20;24.63;;;;
3951;05/06/2023;08:57:54;35.77;Synchronized;;;3951;05/06/2023;08:58:05;36.24;Synchronized;;;3951;05/06/2023;09:01:35;24.6;;;;
3952;05/06/2023;08:58:09;35.82;Synchronized;;;3952;05/06/2023;08:58:20;36.28;;;;3952;05/06/2023;09:01:50;24.59;;;;
3953;05/06/2023;08:58:24;35.86;Synchronized;;;3953;05/06/2023;08:58:35;36.32;;;;3953;05/06/2023;09:02:05;24.58;;;;
3954;05/06/2023;08:58:39;35.9;Synchronized;;;3954;05/06/2023;08:58:50;36.31;;;;3954;05/06/2023;09:02:21;24.56;;;;
3955;05/06/2023;08:58:54;35.92;Synchronized;;;3955;05/06/2023;08:59:05;36.34;Synchronized;;;3955;05/06/2023;09:02:36;;Missing data;;;
3956;05/06/2023;08:59:09;35.97;Synchronized;;;3956;05/06/2023;08:59:20;36.37;;;;3956;05/06/2023;09:02:51;;Missing data;;;
3957;05/06/2023;08:59:24;35.97;Synchronized;;;3957;05/06/2023;08:59:35;36.41;;;;3957;05/06/2023;09:03:06;;Missing data;;;
3958;05/06/2023;08:59:39;36;Synchronized;;;3958;05/06/2023;08:59:50;36.44;;;;3958;05/06/2023;09:03:21;24.59;;;;
3959;05/06/2023;08:59:54;36.04;Synchronized;;;3959;05/06/2023;09:00:05;36.45;;;;3959;05/06/2023;09:03:36;;Missing data;;;
3960;05/06/2023;09:00:09;36.07;Synchronized;;;3960;05/06/2023;09:00:20;36.48;;;;3960;05/06/2023;09:03:51;;Missing data;;;
3961;05/06/2023;09:00:24;36.09;Synchronized;;;3961;05/06/2023;09:00:35;36.48;;;;3961;05/06/2023;09:04:06;24.61;;;;
3962;05/06/2023;09:00:39;36.12;Synchronized;;;3962;05/06/2023;09:00:50;36.53;;;;3962;05/06/2023;09:04:21;24.59;;;;
3963;05/06/2023;09:00:54;36.19;Synchronized;;;3963;05/06/2023;09:01:05;36.56;;;;3963;05/06/2023;09:04:36;24.59;;;;
3964;05/06/2023;09:01:09;36.2;Synchronized;;;3964;05/06/2023;09:01:20;36.57;Synchronized;;;3964;05/06/2023;09:04:51;24.63;;;;
3965;05/06/2023;09:01:24;36.23;Synchronized;;;3965;05/06/2023;09:01:35;36.59;;;;3965;05/06/2023;09:05:06;24.63;;;;
3966;05/06/2023;09:01:39;36.28;Synchronized;;;3966;05/06/2023;09:01:50;36.63;;;;3966;05/06/2023;09:05:21;24.63;;;;
3967;05/06/2023;09:01:54;36.28;Synchronized;;;3967;05/06/2023;09:02:05;36.65;Synchronized;;;3967;05/06/2023;09:05:36;24.64;;;;
3968;05/06/2023;09:02:10;36.3;Synchronized;;;3968;05/06/2023;09:02:20;36.66;Synchronized;;;3968;05/06/2023;09:05:51;24.6;;;;
3969;05/06/2023;09:02:25;36.31;Synchronized;;;3969;05/06/2023;09:02:35;36.7;Synchronized;;;3969;05/06/2023;09:06:06;24.63;;;;
3970;05/06/2023;09:02:40;36.34;Synchronized;;;3970;05/06/2023;09:02:50;36.71;Synchronized;;;3970;05/06/2023;09:06:21;24.63;;;;
3971;05/06/2023;09:02:55;36.34;Synchronized;;;3971;05/06/2023;09:03:05;36.73;;;;3971;05/06/2023;09:06:36;24.63;;;;
3972;05/06/2023;09:03:10;36.38;Synchronized;;;3972;05/06/2023;09:03:20;36.73;;;;3972;05/06/2023;09:06:51;24.63;;;;
3973;05/06/2023;09:03:25;36.38;Synchronized;;;3973;05/06/2023;09:03:35;36.77;;;;3973;05/06/2023;09:07:06;24.66;;;;
3974;05/06/2023;09:03:40;36.38;Synchronized;;;3974;05/06/2023;09:03:50;36.77;Synchronized;;;3974;05/06/2023;09:07:21;24.63;;;;
3975;05/06/2023;09:03:55;36.42;Synchronized;;;3975;05/06/2023;09:04:05;36.78;Synchronized;;;3975;05/06/2023;09:07:36;24.63;;;;
3976;05/06/2023;09:04:10;36.47;Synchronized;;;3976;05/06/2023;09:04:20;36.82;Synchronized;;;3976;05/06/2023;09:07:51;24.64;;;;
3977;05/06/2023;09:04:25;36.5;Synchronized;;;3977;05/06/2023;09:04:35;36.82;Synchronized;;;3977;05/06/2023;09:08:06;24.65;;;;
3978;05/06/2023;09:04:40;36.52;Synchronized;;;3978;05/06/2023;09:04:50;36.84;Synchronized;;;3978;05/06/2023;09:08:21;24.65;;;;
3979;05/06/2023;09:04:55;36.53;Synchronized;;;3979;05/06/2023;09:05:05;36.84;Synchronized;;;3979;05/06/2023;09:08:36;24.66;;;;
3980;05/06/2023;09:05:10;36.54;Synchronized;;;3980;05/06/2023;09:05:20;36.84;Synchronized;;;3980;05/06/2023;09:08:51;24.67;;;;
3981;05/06/2023;09:05:25;36.55;Synchronized;;;3981;05/06/2023;09:05:35;36.88;Synchronized;;;3981;05/06/2023;09:09:06;24.67;;;;
3982;05/06/2023;09:05:40;36.54;Synchronized;;;3982;05/06/2023;09:05:50;36.9;Synchronized;;;3982;05/06/2023;09:09:22;24.66;;;;
3983;05/06/2023;09:05:55;36.55;Synchronized;;;3983;05/06/2023;09:06:05;36.9;Synchronized;;;3983;05/06/2023;09:09:37;24.67;;;;
3984;05/06/2023;09:06:10;36.55;Synchronized;;;3984;05/06/2023;09:06:20;36.9;Synchronized;;;3984;05/06/2023;09:09:52;24.67;;;;
3985;05/06/2023;09:06:25;36.58;Synchronized;;;3985;05/06/2023;09:06:35;36.93;Synchronized;;;3985;05/06/2023;09:10:07;24.67;;;;
3986;05/06/2023;09:06:40;36.57;Synchronized;;;3986;05/06/2023;09:06:50;36.93;Synchronized;;;3986;05/06/2023;09:10:22;24.66;;;;
3987;05/06/2023;09:06:55;36.61;Synchronized;;;3987;05/06/2023;09:07:05;36.93;Synchronized;;;3987;05/06/2023;09:10:37;;Missing data;;;
3988;05/06/2023;09:07:10;36.63;Synchronized;;;3988;05/06/2023;09:07:20;36.95;Synchronized;;;3988;05/06/2023;09:10:52;24.67;;;;
3989;05/06/2023;09:07:25;36.65;Synchronized;;;3989;05/06/2023;09:07:35;36.95;Synchronized;;;3989;05/06/2023;09:11:07;;Missing data;;;
3990;05/06/2023;09:07:40;36.64;Synchronized;;;3990;05/06/2023;09:07:50;36.95;Synchronized;;;3990;05/06/2023;09:11:22;24.67;;;;
3991;05/06/2023;09:07:55;36.64;Synchronized;;;3991;05/06/2023;09:08:05;36.95;Synchronized;;;3991;05/06/2023;09:11:37;24.67;;;;
3992;05/06/2023;09:08:10;36.66;Synchronized;;;3992;05/06/2023;09:08:20;36.97;Synchronized;;;3992;05/06/2023;09:11:52;24.66;;;;
3993;05/06/2023;09:08:25;36.67;Synchronized;;;3993;05/06/2023;09:08:35;37.01;Synchronized;;;3993;05/06/2023;09:12:07;24.66;;;;
3994;05/06/2023;09:08:40;36.7;Synchronized;;;3994;05/06/2023;09:08:50;37.01;Synchronized;;;3994;05/06/2023;09:12:22;24.65;;;;
3995;05/06/2023;09:08:55;36.7;Synchronized;;;3995;05/06/2023;09:09:05;37.01;Synchronized;;;3995;05/06/2023;09:12:37;24.66;;;;
3996;05/06/2023;09:09:10;36.71;Synchronized;;;3996;05/06/2023;09:09:20;37.02;Synchronized;;;3996;05/06/2023;09:12:52;24.65;;;;
3997;05/06/2023;09:09:25;36.71;Synchronized;;;3997;05/06/2023;09:09:35;37.03;Synchronized;;;3997;05/06/2023;09:13:07;24.63;;;;
3998;05/06/2023;09:09:40;36.7;Synchronized;;;3998;05/06/2023;09:09:50;37.02;Synchronized;;;3998;05/06/2023;09:13:22;24.63;;;;
3999;05/06/2023;09:09:55;36.73;Synchronized;;;3999;05/06/2023;09:10:05;37.04;Synchronized;;;3999;05/06/2023;09:13:37;24.61;;;;
4000;05/06/2023;09:10:10;36.74;Synchronized;;;4000;05/06/2023;09:10:20;37.04;Synchronized;;;4000;05/06/2023;09:13:52;24.6;;;;
4001;05/06/2023;09:10:25;36.74;Synchronized;;;4001;05/06/2023;09:10:35;37.05;Synchronized;;;4001;05/06/2023;09:14:07;24.6;;;;
4002;05/06/2023;09:10:40;36.73;Synchronized;;;4002;05/06/2023;09:10:50;37.05;Synchronized;;;4002;05/06/2023;09:14:22;24.57;;;;
4003;05/06/2023;09:10:55;36.77;Synchronized;;;4003;05/06/2023;09:11:05;37.05;Synchronized;;;4003;05/06/2023;09:14:37;24.59;;;;
4004;05/06/2023;09:11:10;36.76;Synchronized;;;4004;05/06/2023;09:11:20;37.07;Synchronized;;;4004;05/06/2023;09:14:52;24.58;;;;
4005;05/06/2023;09:11:25;36.76;Synchronized;;;4005;05/06/2023;09:11:35;37.05;Synchronized;;;4005;05/06/2023;09:15:07;24.59;;;;
4006;05/06/2023;09:11:40;36.77;Synchronized;;;4006;05/06/2023;09:11:50;37.08;Synchronized;;;4006;05/06/2023;09:15:22;24.57;;;;
4007;05/06/2023;09:11:55;36.77;Synchronized;;;4007;05/06/2023;09:12:05;37.09;Synchronized;;;4007;05/06/2023;09:15:37;24.61;;;;
4008;05/06/2023;09:12:10;36.77;Synchronized;;;4008;05/06/2023;09:12:20;37.09;Synchronized;;;4008;05/06/2023;09:15:52;24.59;;;;
4009;05/06/2023;09:12:25;36.77;Synchronized;;;4009;05/06/2023;09:12:35;37.13;Synchronized;;;4009;05/06/2023;09:16:07;24.63;;;;
4010;05/06/2023;09:12:40;36.77;Synchronized;;;4010;05/06/2023;09:12:50;37.09;Synchronized;;;4010;05/06/2023;09:16:23;24.6;;;;
4011;05/06/2023;09:12:55;36.79;Synchronized;;;4011;05/06/2023;09:13:05;37.12;Synchronized;;;4011;05/06/2023;09:16:38;24.59;;;;
4012;05/06/2023;09:13:10;36.8;Synchronized;;;4012;05/06/2023;09:13:20;37.13;Synchronized;;;4012;05/06/2023;09:16:53;24.58;;;;
4013;05/06/2023;09:13:25;36.81;Synchronized;;;4013;05/06/2023;09:13:35;37.13;Synchronized;;;4013;05/06/2023;09:17:08;24.6;;;;
4014;05/06/2023;09:13:40;36.82;Synchronized;;;4014;05/06/2023;09:13:50;37.14;Synchronized;;;4014;05/06/2023;09:17:23;24.59;;;;
4015;05/06/2023;09:13:55;36.8;Synchronized;;;4015;05/06/2023;09:14:05;37.13;Synchronized;;;4015;05/06/2023;09:17:38;24.59;;;;
4016;05/06/2023;09:14:10;36.82;Synchronized;;;4016;05/06/2023;09:14:20;37.14;Synchronized;;;4016;05/06/2023;09:17:53;24.57;;;;
4017;05/06/2023;09:14:25;36.83;Synchronized;;;4017;05/06/2023;09:14:35;37.14;Synchronized;;;4017;05/06/2023;09:18:08;24.58;;;;
4018;05/06/2023;09:14:40;36.82;Synchronized;;;4018;05/06/2023;09:14:50;37.14;Synchronized;;;4018;05/06/2023;09:18:23;24.57;;;;
4019;05/06/2023;09:14:55;36.84;Synchronized;;;4019;05/06/2023;09:15:05;37.16;Synchronized;;;4019;05/06/2023;09:18:38;24.56;;;;
4020;05/06/2023;09:15:10;36.84;Synchronized;;;4020;05/06/2023;09:15:20;37.15;Synchronized;;;4020;05/06/2023;09:18:53;24.56;;;;
4021;05/06/2023;09:15:25;36.84;Synchronized;;;4021;05/06/2023;09:15:35;37.18;Synchronized;;;4021;05/06/2023;09:19:08;24.59;;;;
4022;05/06/2023;09:15:40;36.83;Synchronized;;;4022;05/06/2023;09:15:50;37.15;Synchronized;;;4022;05/06/2023;09:19:23;24.59;;;;
4023;05/06/2023;09:15:55;36.84;Synchronized;;;4023;05/06/2023;09:16:05;37.18;Synchronized;;;4023;05/06/2023;09:19:38;24.63;;;;
4024;05/06/2023;09:16:10;36.82;Synchronized;;;4024;05/06/2023;09:16:20;37.14;Synchronized;;;4024;05/06/2023;09:19:53;24.66;;;;
4025;05/06/2023;09:16:25;36.84;Synchronized;;;4025;05/06/2023;09:16:35;37.17;Synchronized;;;4025;05/06/2023;09:20:08;24.68;;;;
4026;05/06/2023;09:16:40;36.84;Synchronized;;;4026;05/06/2023;09:16:50;37.16;Synchronized;;;4026;05/06/2023;09:20:23;24.7;;;;
4027;05/06/2023;09:16:55;36.82;Synchronized;;;4027;05/06/2023;09:17:05;37.16;Synchronized;;;4027;05/06/2023;09:20:38;24.71;;;;
4028;05/06/2023;09:17:10;36.84;Synchronized;;;4028;05/06/2023;09:17:20;37.16;Synchronized;;;4028;05/06/2023;09:20:53;24.76;;;;
4029;05/06/2023;09:17:25;36.83;Synchronized;;;4029;05/06/2023;09:17:35;37.18;Synchronized;;;4029;05/06/2023;09:21:08;24.79;;;;
4030;05/06/2023;09:17:40;36.84;Synchronized;;;4030;05/06/2023;09:17:50;37.17;Synchronized;;;4030;05/06/2023;09:21:23;24.77;;;;
4031;05/06/2023;09:17:55;36.82;Synchronized;;;4031;05/06/2023;09:18:05;37.17;Synchronized;;;4031;05/06/2023;09:21:38;24.8;;;;
4032;05/06/2023;09:18:10;36.83;Synchronized;;;4032;05/06/2023;09:18:20;37.17;Synchronized;;;4032;05/06/2023;09:21:53;24.8;;;;
4033;05/06/2023;09:18:25;36.84;Synchronized;;;4033;05/06/2023;09:18:35;37.16;Synchronized;;;4033;05/06/2023;09:22:08;24.8;;;;
4034;05/06/2023;09:18:40;36.84;Synchronized;;;4034;05/06/2023;09:18:50;37.17;Synchronized;;;4034;05/06/2023;09:22:23;24.8;;;;
4035;05/06/2023;09:18:55;36.82;Synchronized;;;4035;05/06/2023;09:19:05;37.2;Synchronized;;;4035;05/06/2023;09:22:38;24.82;;;;
4036;05/06/2023;09:19:10;36.81;Synchronized;;;4036;05/06/2023;09:19:20;37.18;Synchronized;;;4036;05/06/2023;09:22:53;24.84;;;;
4037;05/06/2023;09:19:25;36.84;Synchronized;;;4037;05/06/2023;09:19:35;37.17;Synchronized;;;4037;05/06/2023;09:23:08;24.84;;;;
4038;05/06/2023;09:19:40;36.84;Synchronized;;;4038;05/06/2023;09:19:50;37.18;Synchronized;;;4038;05/06/2023;09:23:23;24.87;;;;
4039;05/06/2023;09:19:55;36.84;Synchronized;;;4039;05/06/2023;09:20:05;37.19;Synchronized;;;4039;05/06/2023;09:23:38;24.88;;;;
4040;05/06/2023;09:20:10;36.83;Synchronized;;;4040;05/06/2023;09:20:20;37.2;Synchronized;;;4040;05/06/2023;09:23:54;24.89;;;;
4041;05/06/2023;09:20:25;36.84;Synchronized;;;4041;05/06/2023;09:20:35;37.2;Synchronized;;;4041;05/06/2023;09:24:09;24.9;;;;
4042;05/06/2023;09:20:40;36.84;Synchronized;;;4042;05/06/2023;09:20:50;37.2;Synchronized;;;4042;05/06/2023;09:24:24;24.89;;;;
4043;05/06/2023;09:20:55;36.84;Synchronized;;;4043;05/06/2023;09:21:05;37.19;Synchronized;;;4043;05/06/2023;09:24:39;24.91;;;;
4044;05/06/2023;09:21:10;36.84;Synchronized;;;4044;05/06/2023;09:21:20;37.19;Synchronized;;;4044;05/06/2023;09:24:54;24.91;;;;
4045;05/06/2023;09:21:25;36.86;Synchronized;;;4045;05/06/2023;09:21:35;37.2;Synchronized;;;4045;05/06/2023;09:25:09;24.92;;;;
4046;05/06/2023;09:21:40;36.84;Synchronized;;;4046;05/06/2023;09:21:50;37.17;Synchronized;;;4046;05/06/2023;09:25:24;24.92;;;;
4047;05/06/2023;09:21:55;36.84;Synchronized;;;4047;05/06/2023;09:22:05;37.19;Synchronized;;;4047;05/06/2023;09:25:39;24.92;;;;
4048;05/06/2023;09:22:10;36.84;Synchronized;;;4048;05/06/2023;09:22:20;37.18;Synchronized;;;4048;05/06/2023;09:25:54;24.94;;;;
4049;05/06/2023;09:22:25;36.82;Synchronized;;;4049;05/06/2023;09:22:35;37.18;Synchronized;;;4049;05/06/2023;09:26:09;24.92;;;;
4050;05/06/2023;09:22:40;36.84;Synchronized;;;4050;05/06/2023;09:22:50;37.17;Synchronized;;;4050;05/06/2023;09:26:24;24.9;;;;
4051;05/06/2023;09:22:55;36.85;Synchronized;;;4051;05/06/2023;09:23:05;37.2;Synchronized;;;4051;05/06/2023;09:26:39;;Missing data;;;
4052;05/06/2023;09:23:10;36.84;Synchronized;;;4052;05/06/2023;09:23:20;37.2;Synchronized;;;4052;05/06/2023;09:26:54;24.91;;;;
4053;05/06/2023;09:23:25;36.85;Synchronized;;;4053;05/06/2023;09:23:34;37.2;Synchronized;;;4053;05/06/2023;09:27:09;24.9;;;;
4054;05/06/2023;09:23:40;36.84;Synchronized;;;4054;05/06/2023;09:23:49;37.2;Synchronized;;;4054;05/06/2023;09:27:24;24.91;;;;
4055;05/06/2023;09:23:55;36.85;Synchronized;;;4055;05/06/2023;09:24:04;37.19;Synchronized;;;4055;05/06/2023;09:27:39;24.9;;;;
4056;05/06/2023;09:24:10;36.85;Synchronized;;;4056;05/06/2023;09:24:19;37.19;Synchronized;;;4056;05/06/2023;09:27:54;24.91;;;;
4057;05/06/2023;09:24:25;36.88;Synchronized;;;4057;05/06/2023;09:24:34;37.18;Synchronized;;;4057;05/06/2023;09:28:09;24.91;;;;
4058;05/06/2023;09:24:40;36.87;Synchronized;;;4058;05/06/2023;09:24:49;37.18;Synchronized;;;4058;05/06/2023;09:28:24;24.91;;;;
4059;05/06/2023;09:24:55;36.85;Synchronized;;;4059;05/06/2023;09:25:04;37.17;Synchronized;;;4059;05/06/2023;09:28:39;24.9;;;;
4060;05/06/2023;09:25:11;36.87;Synchronized;;;4060;05/06/2023;09:25:19;37.18;Synchronized;;;4060;05/06/2023;09:28:54;24.9;;;;
4061;05/06/2023;09:25:26;36.86;Synchronized;;;4061;05/06/2023;09:25:34;37.19;Synchronized;;;4061;05/06/2023;09:29:09;24.88;;;;
4062;05/06/2023;09:25:41;36.86;Synchronized;;;4062;05/06/2023;09:25:49;37.19;Synchronized;;;4062;05/06/2023;09:29:24;24.88;;;;
4063;05/06/2023;09:25:56;36.88;Synchronized;;;4063;05/06/2023;09:26:04;37.16;Synchronized;;;4063;05/06/2023;09:29:39;24.88;;;;
4064;05/06/2023;09:26:11;36.86;Synchronized;;;4064;05/06/2023;09:26:19;37.17;Synchronized;;;4064;05/06/2023;09:29:54;24.88;;;;
4065;05/06/2023;09:26:26;36.84;Synchronized;;;4065;05/06/2023;09:26:34;37.18;Synchronized;;;4065;05/06/2023;09:30:09;24.86;;;;
4066;05/06/2023;09:26:41;36.84;Synchronized;;;4066;05/06/2023;09:26:49;37.18;Synchronized;;;4066;05/06/2023;09:30:24;24.83;;;;
4067;05/06/2023;09:26:56;36.84;Synchronized;;;4067;05/06/2023;09:27:04;37.18;Synchronized;;;4067;05/06/2023;09:30:39;24.87;;;;
4068;05/06/2023;09:27:11;36.87;Synchronized;;;4068;05/06/2023;09:27:19;37.19;Synchronized;;;4068;05/06/2023;09:30:54;24.84;;;;
4069;05/06/2023;09:27:26;36.84;Synchronized;;;4069;05/06/2023;09:27:34;37.17;Synchronized;;;4069;05/06/2023;09:31:09;24.82;;;;
4070;05/06/2023;09:27:41;36.84;Synchronized;;;4070;05/06/2023;09:27:49;37.18;Synchronized;;;4070;05/06/2023;09:31:24;24.84;;;;
4071;05/06/2023;09:27:56;36.84;Synchronized;;;4071;05/06/2023;09:28:04;37.2;Synchronized;;;4071;05/06/2023;09:31:39;24.82;;;;
4072;05/06/2023;09:28:11;36.84;Synchronized;;;4072;05/06/2023;09:28:19;37.19;Synchronized;;;4072;05/06/2023;09:31:54;24.8;;;;
4073;05/06/2023;09:28:26;36.85;Synchronized;;;4073;05/06/2023;09:28:34;37.19;Synchronized;;;4073;05/06/2023;09:32:09;24.82;;;;
4074;05/06/2023;09:28:41;36.84;Synchronized;;;4074;05/06/2023;09:28:49;37.2;Synchronized;;;4074;05/06/2023;09:32:24;24.8;;;;
4075;05/06/2023;09:28:56;36.8;Synchronized;;;4075;05/06/2023;09:29:04;37.2;Synchronized;;;4075;05/06/2023;09:32:40;24.81;;;;
4076;05/06/2023;09:29:11;36.84;Synchronized;;;4076;05/06/2023;09:29:19;37.2;Synchronized;;;4076;05/06/2023;09:32:55;24.81;;;;
4077;05/06/2023;09:29:26;36.82;Synchronized;;;4077;05/06/2023;09:29:34;37.18;Synchronized;;;4077;05/06/2023;09:33:10;24.79;;;;
4078;05/06/2023;09:29:41;36.83;Synchronized;;;4078;05/06/2023;09:29:49;37.19;Synchronized;;;4078;05/06/2023;09:33:25;24.8;;;;
4079;05/06/2023;09:29:56;36.82;Synchronized;;;4079;05/06/2023;09:30:04;37.19;Synchronized;;;4079;05/06/2023;09:33:40;24.82;;;;
4080;05/06/2023;09:30:11;36.8;Synchronized;;;4080;05/06/2023;09:30:19;37.2;Synchronized;;;4080;05/06/2023;09:33:55;24.81;;;;
4081;05/06/2023;09:30:26;36.8;Synchronized;;;4081;05/06/2023;09:30:34;37.18;Synchronized;;;4081;05/06/2023;09:34:10;24.81;;;;
4082;05/06/2023;09:30:41;36.82;Synchronized;;;4082;05/06/2023;09:30:49;37.19;Synchronized;;;4082;05/06/2023;09:34:25;24.81;;;;
4083;05/06/2023;09:30:56;36.8;Synchronized;;;4083;05/06/2023;09:31:04;37.18;Synchronized;;;4083;05/06/2023;09:34:40;24.83;;;;
4084;05/06/2023;09:31:11;36.79;Synchronized;;;4084;05/06/2023;09:31:19;37.19;Synchronized;;;4084;05/06/2023;09:34:55;24.82;;;;
4085;05/06/2023;09:31:26;36.79;Synchronized;;;4085;05/06/2023;09:31:34;37.18;Synchronized;;;4085;05/06/2023;09:35:10;24.84;;;;
4086;05/06/2023;09:31:41;36.8;Synchronized;;;4086;05/06/2023;09:31:49;37.2;Synchronized;;;4086;05/06/2023;09:35:25;24.84;;;;
4087;05/06/2023;09:31:56;36.8;Synchronized;;;4087;05/06/2023;09:32:04;37.2;Synchronized;;;4087;05/06/2023;09:35:40;24.82;;;;
4088;05/06/2023;09:32:11;36.8;Synchronized;;;4088;05/06/2023;09:32:19;37.19;Synchronized;;;4088;05/06/2023;09:35:55;24.82;;;;
4089;05/06/2023;09:32:26;36.8;Synchronized;;;4089;05/06/2023;09:32:34;37.19;Synchronized;;;4089;05/06/2023;09:36:10;24.82;;;;
4090;05/06/2023;09:32:41;36.82;Synchronized;;;4090;05/06/2023;09:32:49;37.19;Synchronized;;;4090;05/06/2023;09:36:25;24.84;;;;
4091;05/06/2023;09:32:56;36.82;Synchronized;;;4091;05/06/2023;09:33:04;37.2;Synchronized;;;4091;05/06/2023;09:36:40;24.86;;;;
4092;05/06/2023;09:33:11;36.79;Synchronized;;;4092;05/06/2023;09:33:19;37.19;Synchronized;;;4092;05/06/2023;09:36:55;24.84;;;;
4093;05/06/2023;09:33:26;36.81;Synchronized;;;4093;05/06/2023;09:33:34;37.19;Synchronized;;;4093;05/06/2023;09:37:10;24.86;;;;
4094;05/06/2023;09:33:41;36.82;Synchronized;;;4094;05/06/2023;09:33:49;37.2;Synchronized;;;4094;05/06/2023;09:37:25;24.87;;;;
4095;05/06/2023;09:33:56;36.81;Synchronized;;;4095;05/06/2023;09:34:04;37.19;Synchronized;;;4095;05/06/2023;09:37:40;24.84;;;;
4096;05/06/2023;09:34:11;36.82;Synchronized;;;4096;05/06/2023;09:34:19;37.19;Synchronized;;;4096;05/06/2023;09:37:55;24.86;;;;
4097;05/06/2023;09:34:26;36.81;Synchronized;;;4097;05/06/2023;09:34:34;37.19;Synchronized;;;4097;05/06/2023;09:38:10;24.86;;;;
4098;05/06/2023;09:34:41;36.81;Synchronized;;;4098;05/06/2023;09:34:49;37.19;Synchronized;;;4098;05/06/2023;09:38:25;24.86;;;;
4099;05/06/2023;09:34:56;36.84;Synchronized;;;4099;05/06/2023;09:35:04;37.18;Synchronized;;;4099;05/06/2023;09:38:40;24.84;;;;
4100;05/06/2023;09:35:11;36.81;Synchronized;;;4100;05/06/2023;09:35:19;37.16;Synchronized;;;4100;05/06/2023;09:38:55;24.88;;;;
4101;05/06/2023;09:35:26;36.81;Synchronized;;;4101;05/06/2023;09:35:34;37.16;Synchronized;;;4101;05/06/2023;09:39:10;24.88;;;;
4102;05/06/2023;09:35:41;36.81;Synchronized;;;4102;05/06/2023;09:35:49;37.19;Synchronized;;;4102;05/06/2023;09:39:25;24.88;;;;
4103;05/06/2023;09:35:56;36.79;Synchronized;;;4103;05/06/2023;09:36:04;37.17;Synchronized;;;4103;05/06/2023;09:39:40;24.88;;;;
4104;05/06/2023;09:36:11;36.8;Synchronized;;;4104;05/06/2023;09:36:19;37.16;Synchronized;;;4104;05/06/2023;09:39:55;24.89;;;;
4105;05/06/2023;09:36:26;36.79;Synchronized;;;4105;05/06/2023;09:36:34;37.16;Synchronized;;;4105;05/06/2023;09:40:10;24.88;;;;
4106;05/06/2023;09:36:41;36.8;Synchronized;;;4106;05/06/2023;09:36:49;37.17;Synchronized;;;4106;05/06/2023;09:40:25;24.88;;;;
4107;05/06/2023;09:36:56;36.77;Synchronized;;;4107;05/06/2023;09:37:04;37.18;Synchronized;;;4107;05/06/2023;09:40:41;24.88;;;;
4108;05/06/2023;09:37:11;36.81;Synchronized;;;4108;05/06/2023;09:37:19;37.16;Synchronized;;;4108;05/06/2023;09:40:56;24.88;;;;
4109;05/06/2023;09:37:26;36.77;Synchronized;;;4109;05/06/2023;09:37:34;37.17;Synchronized;;;4109;05/06/2023;09:41:11;24.9;;;;
4110;05/06/2023;09:37:41;36.79;Synchronized;;;4110;05/06/2023;09:37:49;37.16;Synchronized;;;4110;05/06/2023;09:41:26;24.9;;;;
4111;05/06/2023;09:37:56;36.81;Synchronized;;;4111;05/06/2023;09:38:04;37.17;Synchronized;;;4111;05/06/2023;09:41:41;24.89;;;;
4112;05/06/2023;09:38:11;36.79;Synchronized;;;4112;05/06/2023;09:38:19;37.17;Synchronized;;;4112;05/06/2023;09:41:56;24.88;;;;
4113;05/06/2023;09:38:26;36.79;Synchronized;;;4113;05/06/2023;09:38:34;37.17;Synchronized;;;;;;;;;;
4114;05/06/2023;09:38:41;36.79;Synchronized;;;4114;05/06/2023;09:38:49;37.16;Synchronized;;;;;;;;;;
4115;05/06/2023;09:38:56;36.79;Synchronized;;;4115;05/06/2023;09:39:04;37.16;Synchronized;;;;;;;;;;
4116;05/06/2023;09:39:11;36.81;Synchronized;;;4116;05/06/2023;09:39:19;37.18;Synchronized;;;;;;;;;;
4117;05/06/2023;09:39:26;36.78;Synchronized;;;4117;05/06/2023;09:39:34;37.17;Synchronized;;;;;;;;;;
4118;05/06/2023;09:39:41;36.79;Synchronized;;;4118;05/06/2023;09:39:49;37.16;Synchronized;;;;;;;;;;
4119;05/06/2023;09:39:56;36.79;Synchronized;;;4119;05/06/2023;09:40:04;37.16;Synchronized;;;;;;;;;;
4120;05/06/2023;09:40:11;36.81;Synchronized;;;4120;05/06/2023;09:40:19;37.17;Synchronized;;;;;;;;;;
4121;05/06/2023;09:40:26;36.79;Synchronized;;;4121;05/06/2023;09:40:34;37.16;Synchronized;;;;;;;;;;
4122;05/06/2023;09:40:41;36.8;Synchronized;;;4122;05/06/2023;09:40:49;37.16;Synchronized;;;;;;;;;;
4123;05/06/2023;09:40:56;36.8;Synchronized;;;4123;05/06/2023;09:41:04;37.15;Synchronized;;;;;;;;;;
4124;05/06/2023;09:41:11;36.8;Synchronized;;;4124;05/06/2023;09:41:19;37.16;Synchronized;;;;;;;;;;
4125;05/06/2023;09:41:26;36.8;Synchronized;;;4125;05/06/2023;09:41:34;37.16;Synchronized;;;;;;;;;;
4126;05/06/2023;09:41:41;36.81;Synchronized;;;4126;05/06/2023;09:41:49;37.18;Synchronized;;;;;;;;;;
4127;05/06/2023;09:41:56;36.82;Synchronized;;;4127;05/06/2023;09:42:04;37.17;Synchronized;;;;;;;;;;
4128;05/06/2023;09:42:11;36.82;Synchronized;;;4128;05/06/2023;09:42:19;37.16;Synchronized;;;;;;;;;;
4129;05/06/2023;09:42:26;36.8;Synchronized;;;4129;05/06/2023;09:42:34;37.17;Synchronized;;;;;;;;;;
4130;05/06/2023;09:42:41;36.81;Synchronized;;;4130;05/06/2023;09:42:49;37.16;Synchronized;;;;;;;;;;
4131;05/06/2023;09:42:56;36.81;Synchronized;;;4131;05/06/2023;09:43:04;37.16;Synchronized;;;;;;;;;;
4132;05/06/2023;09:43:11;36.82;Synchronized;;;4132;05/06/2023;09:43:19;37.15;Synchronized;;;;;;;;;;
4133;05/06/2023;09:43:26;36.81;Synchronized;;;4133;05/06/2023;09:43:34;37.15;Synchronized;;;;;;;;;;
4134;05/06/2023;09:43:41;36.83;Synchronized;;;4134;05/06/2023;09:43:49;37.14;Synchronized;;;;;;;;;;
4135;05/06/2023;09:43:56;36.8;Synchronized;;;4135;05/06/2023;09:44:04;37.16;Synchronized;;;;;;;;;;
4136;05/06/2023;09:44:11;36.79;Synchronized;;;4136;05/06/2023;09:44:19;37.16;Synchronized;;;;;;;;;;
4137;05/06/2023;09:44:26;36.79;Synchronized;;;4137;05/06/2023;09:44:34;37.17;Synchronized;;;;;;;;;;
4138;05/06/2023;09:44:41;36.81;Synchronized;;;4138;05/06/2023;09:44:49;37.14;Synchronized;;;;;;;;;;
4139;05/06/2023;09:44:56;36.8;Synchronized;;;4139;05/06/2023;09:45:04;37.15;Synchronized;;;;;;;;;;
4140;05/06/2023;09:45:11;36.8;Synchronized;;;4140;05/06/2023;09:45:19;37.15;Synchronized;;;;;;;;;;
4141;05/06/2023;09:45:26;36.79;Synchronized;;;4141;05/06/2023;09:45:34;37.16;Synchronized;;;;;;;;;;
4142;05/06/2023;09:45:41;36.78;Synchronized;;;4142;05/06/2023;09:45:49;37.16;Synchronized;;;;;;;;;;
4143;05/06/2023;09:45:56;36.8;Synchronized;;;4143;05/06/2023;09:46:04;37.15;Synchronized;;;;;;;;;;
4144;05/06/2023;09:46:11;36.81;Synchronized;;;4144;05/06/2023;09:46:19;37.16;Synchronized;;;;;;;;;;
4145;05/06/2023;09:46:26;36.81;Synchronized;;;4145;05/06/2023;09:46:34;37.16;Synchronized;;;;;;;;;;
4146;05/06/2023;09:46:41;36.79;Synchronized;;;4146;05/06/2023;09:46:49;37.16;Synchronized;;;;;;;;;;
4147;05/06/2023;09:46:56;36.83;Synchronized;;;4147;05/06/2023;09:47:04;37.14;Synchronized;;;;;;;;;;
4148;05/06/2023;09:47:11;36.82;Synchronized;;;4148;05/06/2023;09:47:19;37.15;Synchronized;;;;;;;;;;
4149;05/06/2023;09:47:26;36.83;Synchronized;;;4149;05/06/2023;09:47:34;37.14;Synchronized;;;;;;;;;;
4150;05/06/2023;09:47:41;36.79;Synchronized;;;4150;05/06/2023;09:47:49;37.13;Synchronized;;;;;;;;;;
4151;05/06/2023;09:47:56;36.81;Synchronized;;;4151;05/06/2023;09:48:04;37.12;Synchronized;;;;;;;;;;
4152;05/06/2023;09:48:12;36.83;Synchronized;;;4152;05/06/2023;09:48:19;37.13;Synchronized;;;;;;;;;;
4153;05/06/2023;09:48:27;36.81;Synchronized;;;4153;05/06/2023;09:48:34;37.12;Synchronized;;;;;;;;;;
4154;05/06/2023;09:48:42;36.81;Synchronized;;;4154;05/06/2023;09:48:49;37.15;Synchronized;;;;;;;;;;
4155;05/06/2023;09:48:57;36.8;Synchronized;;;4155;05/06/2023;09:49:04;37.13;Synchronized;;;;;;;;;;
4156;05/06/2023;09:49:12;36.82;Synchronized;;;4156;05/06/2023;09:49:19;37.13;Synchronized;;;;;;;;;;
4157;05/06/2023;09:49:27;36.79;Synchronized;;;4157;05/06/2023;09:49:34;37.13;Synchronized;;;;;;;;;;
4158;05/06/2023;09:49:42;36.8;Synchronized;;;4158;05/06/2023;09:49:49;37.13;Synchronized;;;;;;;;;;
4159;05/06/2023;09:49:57;36.82;Synchronized;;;4159;05/06/2023;09:50:04;37.13;Synchronized;;;;;;;;;;
4160;05/06/2023;09:50:12;36.82;Synchronized;;;4160;05/06/2023;09:50:19;37.13;Synchronized;;;;;;;;;;
4161;05/06/2023;09:50:27;36.78;Synchronized;;;4161;05/06/2023;09:50:34;37.14;Synchronized;;;;;;;;;;
4162;05/06/2023;09:50:42;36.79;Synchronized;;;4162;05/06/2023;09:50:49;37.14;Synchronized;;;;;;;;;;
4163;05/06/2023;09:50:57;36.82;Synchronized;;;4163;05/06/2023;09:51:04;37.15;Synchronized;;;;;;;;;;
4164;05/06/2023;09:51:12;36.79;Synchronized;;;4164;05/06/2023;09:51:19;37.16;Synchronized;;;;;;;;;;
4165;05/06/2023;09:51:27;36.79;Synchronized;;;4165;05/06/2023;09:51:34;37.15;Synchronized;;;;;;;;;;
4166;05/06/2023;09:51:42;36.79;Synchronized;;;4166;05/06/2023;09:51:49;37.16;Synchronized;;;;;;;;;;
4167;05/06/2023;09:51:57;36.79;Synchronized;;;4167;05/06/2023;09:52:04;37.14;Synchronized;;;;;;;;;;
4168;05/06/2023;09:52:12;36.8;Synchronized;;;4168;05/06/2023;09:52:19;37.15;Synchronized;;;;;;;;;;
4169;05/06/2023;09:52:27;36.81;Synchronized;;;4169;05/06/2023;09:52:34;37.15;Synchronized;;;;;;;;;;
4170;05/06/2023;09:52:42;36.81;Synchronized;;;4170;05/06/2023;09:52:49;37.17;Synchronized;;;;;;;;;;
4171;05/06/2023;09:52:57;36.81;Synchronized;;;4171;05/06/2023;09:53:04;37.18;Synchronized;;;;;;;;;;
4172;05/06/2023;09:53:12;36.8;Synchronized;;;4172;05/06/2023;09:53:19;37.18;Synchronized;;;;;;;;;;
4173;05/06/2023;09:53:27;36.79;Synchronized;;;4173;05/06/2023;09:53:34;37.14;Synchronized;;;;;;;;;;
4174;05/06/2023;09:53:42;36.82;Synchronized;;;4174;05/06/2023;09:53:49;37.16;Synchronized;;;;;;;;;;
4175;05/06/2023;09:53:57;36.82;Synchronized;;;4175;05/06/2023;09:54:04;37.15;Synchronized;;;;;;;;;;
4176;05/06/2023;09:54:12;36.8;Synchronized;;;4176;05/06/2023;09:54:19;37.16;Synchronized;;;;;;;;;;
4177;05/06/2023;09:54:27;36.8;Synchronized;;;4177;05/06/2023;09:54:34;37.15;Synchronized;;;;;;;;;;
4178;05/06/2023;09:54:42;36.83;Synchronized;;;4178;05/06/2023;09:54:49;37.16;Synchronized;;;;;;;;;;
4179;05/06/2023;09:54:57;36.82;Synchronized;;;4179;05/06/2023;09:55:04;37.15;Synchronized;;;;;;;;;;
4180;05/06/2023;09:55:12;36.82;Synchronized;;;4180;05/06/2023;09:55:19;37.15;Synchronized;;;;;;;;;;
4181;05/06/2023;09:55:27;36.83;Synchronized;;;4181;05/06/2023;09:55:34;37.17;Synchronized;;;;;;;;;;
4182;05/06/2023;09:55:42;36.81;Synchronized;;;4182;05/06/2023;09:55:49;37.16;Synchronized;;;;;;;;;;
4183;05/06/2023;09:55:57;36.82;Synchronized;;;4183;05/06/2023;09:56:04;37.16;Synchronized;;;;;;;;;;
4184;05/06/2023;09:56:12;36.83;Synchronized;;;4184;05/06/2023;09:56:19;37.16;Synchronized;;;;;;;;;;
4185;05/06/2023;09:56:27;36.83;Synchronized;;;4185;05/06/2023;09:56:34;37.16;Synchronized;;;;;;;;;;
4186;05/06/2023;09:56:42;36.82;Synchronized;;;4186;05/06/2023;09:56:49;37.16;Synchronized;;;;;;;;;;
4187;05/06/2023;09:56:57;36.82;Synchronized;;;4187;05/06/2023;09:57:04;37.17;Synchronized;;;;;;;;;;
4188;05/06/2023;09:57:12;36.83;Synchronized;;;4188;05/06/2023;09:57:19;37.18;Synchronized;;;;;;;;;;
4189;05/06/2023;09:57:27;36.83;Synchronized;;;4189;05/06/2023;09:57:34;37.16;Synchronized;;;;;;;;;;
4190;05/06/2023;09:57:42;36.84;Synchronized;;;4190;05/06/2023;09:57:49;37.17;Synchronized;;;;;;;;;;
4191;05/06/2023;09:57:57;36.84;Synchronized;;;4191;05/06/2023;09:58:04;37.17;Synchronized;;;;;;;;;;
4192;05/06/2023;09:58:12;36.82;Synchronized;;;4192;05/06/2023;09:58:19;37.18;Synchronized;;;;;;;;;;
4193;05/06/2023;09:58:27;36.84;Synchronized;;;4193;05/06/2023;09:58:34;37.2;Synchronized;;;;;;;;;;
4194;05/06/2023;09:58:42;36.84;Synchronized;;;4194;05/06/2023;09:58:49;37.19;Synchronized;;;;;;;;;;
4195;05/06/2023;09:58:57;36.83;Synchronized;;;4195;05/06/2023;09:59:04;37.19;Synchronized;;;;;;;;;;
4196;05/06/2023;09:59:12;36.83;Synchronized;;;4196;05/06/2023;09:59:19;37.2;Synchronized;;;;;;;;;;
4197;05/06/2023;09:59:27;36.87;Synchronized;;;4197;05/06/2023;09:59:34;37.2;Synchronized;;;;;;;;;;
4198;05/06/2023;09:59:42;36.86;Synchronized;;;4198;05/06/2023;09:59:49;37.2;Synchronized;;;;;;;;;;
4199;05/06/2023;09:59:57;36.86;Synchronized;;;4199;05/06/2023;10:00:04;37.19;Synchronized;;;;;;;;;;
4200;05/06/2023;10:00:12;36.87;Synchronized;;;4200;05/06/2023;10:00:19;37.19;Synchronized;;;;;;;;;;
4201;05/06/2023;10:00:27;36.84;Synchronized;;;4201;05/06/2023;10:00:34;37.2;Synchronized;;;;;;;;;;
4202;05/06/2023;10:00:42;36.85;Synchronized;;;4202;05/06/2023;10:00:49;37.2;Synchronized;;;;;;;;;;
4203;05/06/2023;10:00:57;36.85;Synchronized;;;4203;05/06/2023;10:01:04;37.19;Synchronized;;;;;;;;;;
4204;05/06/2023;10:01:12;36.84;Synchronized;;;4204;05/06/2023;10:01:19;37.2;Synchronized;;;;;;;;;;
4205;05/06/2023;10:01:27;36.84;Synchronized;;;4205;05/06/2023;10:01:34;37.2;Synchronized;;;;;;;;;;
4206;05/06/2023;10:01:42;36.82;Synchronized;;;4206;05/06/2023;10:01:49;37.19;Synchronized;;;;;;;;;;
4207;05/06/2023;10:01:57;36.81;Synchronized;;;4207;05/06/2023;10:02:04;37.2;Synchronized;;;;;;;;;;
4208;05/06/2023;10:02:12;36.82;Synchronized;;;4208;05/06/2023;10:02:19;37.2;Synchronized;;;;;;;;;;
4209;05/06/2023;10:02:27;36.82;Synchronized;;;4209;05/06/2023;10:02:34;37.21;Synchronized;;;;;;;;;;
4210;05/06/2023;10:02:42;36.81;Synchronized;;;4210;05/06/2023;10:02:49;37.2;Synchronized;;;;;;;;;;
4211;05/06/2023;10:02:57;36.81;Synchronized;;;4211;05/06/2023;10:03:03;37.23;Synchronized;;;;;;;;;;
4212;05/06/2023;10:03:12;36.82;Synchronized;;;4212;05/06/2023;10:03:18;37.21;Synchronized;;;;;;;;;;
4213;05/06/2023;10:03:27;36.81;Synchronized;;;4213;05/06/2023;10:03:33;37.2;Synchronized;;;;;;;;;;
4214;05/06/2023;10:03:42;36.79;Synchronized;;;4214;05/06/2023;10:03:48;37.2;Synchronized;;;;;;;;;;
4215;05/06/2023;10:03:57;36.82;Synchronized;;;4215;05/06/2023;10:04:03;37.2;Synchronized;;;;;;;;;;
4216;05/06/2023;10:04:12;36.81;Synchronized;;;4216;05/06/2023;10:04:18;37.2;Synchronized;;;;;;;;;;
4217;05/06/2023;10:04:27;36.82;Synchronized;;;4217;05/06/2023;10:04:33;37.2;Synchronized;;;;;;;;;;
4218;05/06/2023;10:04:42;36.8;Synchronized;;;4218;05/06/2023;10:04:48;37.19;Synchronized;;;;;;;;;;
4219;05/06/2023;10:04:57;36.81;Synchronized;;;4219;05/06/2023;10:05:03;37.17;Synchronized;;;;;;;;;;
4220;05/06/2023;10:05:12;36.82;Synchronized;;;4220;05/06/2023;10:05:18;37.2;Synchronized;;;;;;;;;;
4221;05/06/2023;10:05:27;36.81;Synchronized;;;4221;05/06/2023;10:05:33;37.2;Synchronized;;;;;;;;;;
4222;05/06/2023;10:05:42;36.79;Synchronized;;;4222;05/06/2023;10:05:48;37.18;Synchronized;;;;;;;;;;
4223;05/06/2023;10:05:57;36.82;Synchronized;;;4223;05/06/2023;10:06:03;37.17;Synchronized;;;;;;;;;;
4224;05/06/2023;10:06:12;36.78;Synchronized;;;4224;05/06/2023;10:06:18;37.16;Synchronized;;;;;;;;;;
4225;05/06/2023;10:06:27;36.84;Synchronized;;;4225;05/06/2023;10:06:33;37.16;Synchronized;;;;;;;;;;
4226;05/06/2023;10:06:42;36.82;Synchronized;;;4226;05/06/2023;10:06:48;37.16;Synchronized;;;;;;;;;;
4227;05/06/2023;10:06:57;36.82;Synchronized;;;4227;05/06/2023;10:07:03;37.18;Synchronized;;;;;;;;;;
4228;05/06/2023;10:07:12;36.81;Synchronized;;;4228;05/06/2023;10:07:18;37.17;Synchronized;;;;;;;;;;
4229;05/06/2023;10:07:27;36.82;Synchronized;;;4229;05/06/2023;10:07:33;37.17;Synchronized;;;;;;;;;;
4230;05/06/2023;10:07:42;36.82;Synchronized;;;4230;05/06/2023;10:07:48;37.17;Synchronized;;;;;;;;;;
4231;05/06/2023;10:07:57;36.83;Synchronized;;;4231;05/06/2023;10:08:03;37.16;Synchronized;;;;;;;;;;
4232;05/06/2023;10:08:12;36.83;Synchronized;;;4232;05/06/2023;10:08:18;37.18;Synchronized;;;;;;;;;;
4233;05/06/2023;10:08:27;36.83;Synchronized;;;4233;05/06/2023;10:08:33;37.16;Synchronized;;;;;;;;;;
4234;05/06/2023;10:08:42;36.82;Synchronized;;;4234;05/06/2023;10:08:48;37.17;Synchronized;;;;;;;;;;
4235;05/06/2023;10:08:57;36.82;Synchronized;;;4235;05/06/2023;10:09:03;37.17;Synchronized;;;;;;;;;;
4236;05/06/2023;10:09:12;36.8;Synchronized;;;4236;05/06/2023;10:09:18;37.19;Synchronized;;;;;;;;;;
4237;05/06/2023;10:09:27;36.8;Synchronized;;;4237;05/06/2023;10:09:33;37.16;Synchronized;;;;;;;;;;
4238;05/06/2023;10:09:42;36.81;Synchronized;;;4238;05/06/2023;10:09:48;37.16;Synchronized;;;;;;;;;;
4239;05/06/2023;10:09:57;36.84;Synchronized;;;4239;05/06/2023;10:10:03;37.16;Synchronized;;;;;;;;;;
4240;05/06/2023;10:10:12;36.84;Synchronized;;;4240;05/06/2023;10:10:18;37.16;Synchronized;;;;;;;;;;
4241;05/06/2023;10:10:27;36.84;Synchronized;;;4241;05/06/2023;10:10:33;37.17;Synchronized;;;;;;;;;;
4242;05/06/2023;10:10:42;36.84;Synchronized;;;4242;05/06/2023;10:10:48;37.16;Synchronized;;;;;;;;;;
4243;05/06/2023;10:10:57;36.85;Synchronized;;;4243;05/06/2023;10:11:03;37.16;Synchronized;;;;;;;;;;
4244;05/06/2023;10:11:13;36.85;Synchronized;;;4244;05/06/2023;10:11:18;37.17;Synchronized;;;;;;;;;;
4245;05/06/2023;10:11:28;36.86;Synchronized;;;4245;05/06/2023;10:11:33;37.17;Synchronized;;;;;;;;;;
4246;05/06/2023;10:11:43;36.85;Synchronized;;;4246;05/06/2023;10:11:48;37.16;Synchronized;;;;;;;;;;
4247;05/06/2023;10:11:58;36.85;Synchronized;;;4247;05/06/2023;10:12:03;37.16;Synchronized;;;;;;;;;;
4248;05/06/2023;10:12:13;36.86;Synchronized;;;4248;05/06/2023;10:12:18;37.16;Synchronized;;;;;;;;;;
4249;05/06/2023;10:12:28;36.87;Synchronized;;;4249;05/06/2023;10:12:33;37.18;Synchronized;;;;;;;;;;
4250;05/06/2023;10:12:43;36.85;Synchronized;;;4250;05/06/2023;10:12:48;37.17;Synchronized;;;;;;;;;;
4251;05/06/2023;10:12:58;36.87;Synchronized;;;4251;05/06/2023;10:13:03;37.19;Synchronized;;;;;;;;;;
4252;05/06/2023;10:13:13;36.85;Synchronized;;;4252;05/06/2023;10:13:18;37.19;Synchronized;;;;;;;;;;
4253;05/06/2023;10:13:28;36.84;Synchronized;;;4253;05/06/2023;10:13:33;37.18;Synchronized;;;;;;;;;;
4254;05/06/2023;10:13:43;36.84;Synchronized;;;4254;05/06/2023;10:13:48;37.18;Synchronized;;;;;;;;;;
4255;05/06/2023;10:13:58;36.83;Synchronized;;;4255;05/06/2023;10:14:03;37.19;Synchronized;;;;;;;;;;
4256;05/06/2023;10:14:13;36.82;Synchronized;;;4256;05/06/2023;10:14:18;37.18;Synchronized;;;;;;;;;;
4257;05/06/2023;10:14:28;36.83;Synchronized;;;4257;05/06/2023;10:14:33;37.17;Synchronized;;;;;;;;;;
4258;05/06/2023;10:14:43;36.84;Synchronized;;;4258;05/06/2023;10:14:48;37.17;Synchronized;;;;;;;;;;
4259;05/06/2023;10:14:58;36.84;Synchronized;;;4259;05/06/2023;10:15:03;37.16;Synchronized;;;;;;;;;;
4260;05/06/2023;10:15:13;36.83;Synchronized;;;4260;05/06/2023;10:15:18;37.16;Synchronized;;;;;;;;;;
4261;05/06/2023;10:15:28;36.83;Synchronized;;;4261;05/06/2023;10:15:33;37.17;Synchronized;;;;;;;;;;
4262;05/06/2023;10:15:43;36.83;Synchronized;;;4262;05/06/2023;10:15:48;37.16;Synchronized;;;;;;;;;;
4263;05/06/2023;10:15:58;36.8;Synchronized;;;4263;05/06/2023;10:16:03;37.16;Synchronized;;;;;;;;;;
4264;05/06/2023;10:16:13;36.82;Synchronized;;;4264;05/06/2023;10:16:18;37.16;Synchronized;;;;;;;;;;
4265;05/06/2023;10:16:28;36.83;Synchronized;;;4265;05/06/2023;10:16:33;37.15;Synchronized;;;;;;;;;;
4266;05/06/2023;10:16:43;36.81;Synchronized;;;4266;05/06/2023;10:16:48;37.14;Synchronized;;;;;;;;;;
4267;05/06/2023;10:16:58;36.8;Synchronized;;;4267;05/06/2023;10:17:03;37.16;Synchronized;;;;;;;;;;
4268;05/06/2023;10:17:13;36.81;Synchronized;;;4268;05/06/2023;10:17:18;37.15;Synchronized;;;;;;;;;;
4269;05/06/2023;10:17:28;36.8;Synchronized;;;4269;05/06/2023;10:17:33;37.14;Synchronized;;;;;;;;;;
4270;05/06/2023;10:17:43;36.82;Synchronized;;;4270;05/06/2023;10:17:48;37.14;Synchronized;;;;;;;;;;
4271;05/06/2023;10:17:58;36.79;Synchronized;;;4271;05/06/2023;10:18:03;37.13;Synchronized;;;;;;;;;;
4272;05/06/2023;10:18:13;36.79;Synchronized;;;4272;05/06/2023;10:18:18;37.15;Synchronized;;;;;;;;;;
4273;05/06/2023;10:18:28;36.8;Synchronized;;;4273;05/06/2023;10:18:33;37.14;Synchronized;;;;;;;;;;
4274;05/06/2023;10:18:43;36.78;Synchronized;;;4274;05/06/2023;10:18:48;37.13;Synchronized;;;;;;;;;;
4275;05/06/2023;10:18:58;36.79;Synchronized;;;4275;05/06/2023;10:19:03;37.11;Synchronized;;;;;;;;;;
4276;05/06/2023;10:19:13;36.79;Synchronized;;;4276;05/06/2023;10:19:18;37.15;Synchronized;;;;;;;;;;
4277;05/06/2023;10:19:28;36.8;Synchronized;;;4277;05/06/2023;10:19:33;37.13;Synchronized;;;;;;;;;;
4278;05/06/2023;10:19:43;36.78;Synchronized;;;4278;05/06/2023;10:19:48;37.13;Synchronized;;;;;;;;;;
4279;05/06/2023;10:19:58;36.77;Synchronized;;;4279;05/06/2023;10:20:03;37.11;Synchronized;;;;;;;;;;
4280;05/06/2023;10:20:13;36.8;Synchronized;;;4280;05/06/2023;10:20:18;37.12;Synchronized;;;;;;;;;;
4281;05/06/2023;10:20:28;36.77;Synchronized;;;4281;05/06/2023;10:20:33;37.11;Synchronized;;;;;;;;;;
4282;05/06/2023;10:20:43;36.79;Synchronized;;;4282;05/06/2023;10:20:48;37.12;Synchronized;;;;;;;;;;
4283;05/06/2023;10:20:58;36.77;Synchronized;;;4283;05/06/2023;10:21:03;37.11;Synchronized;;;;;;;;;;
4284;05/06/2023;10:21:13;36.77;Synchronized;;;4284;05/06/2023;10:21:18;37.08;Synchronized;;;;;;;;;;
4285;05/06/2023;10:21:28;36.77;Synchronized;;;4285;05/06/2023;10:21:33;37.09;Synchronized;;;;;;;;;;
4286;05/06/2023;10:21:43;36.79;Synchronized;;;4286;05/06/2023;10:21:48;37.08;Synchronized;;;;;;;;;;
4287;05/06/2023;10:21:58;36.78;Synchronized;;;4287;05/06/2023;10:22:03;37.09;Synchronized;;;;;;;;;;
4288;05/06/2023;10:22:13;36.78;Synchronized;;;4288;05/06/2023;10:22:18;37.09;Synchronized;;;;;;;;;;
4289;05/06/2023;10:22:28;36.78;;;;4289;05/06/2023;10:22:33;37.09;Synchronized;;;;;;;;;;
4290;05/06/2023;10:22:43;36.79;;;;4290;05/06/2023;10:22:48;37.11;;;;;;;;;;;
4291;05/06/2023;10:22:58;36.77;;;;4291;05/06/2023;10:23:03;37.07;Synchronized;;;;;;;;;;
4292;05/06/2023;10:23:13;36.76;;;;4292;05/06/2023;10:23:18;37.09;;;;;;;;;;;
4293;05/06/2023;10:23:28;36.76;Synchronized;;;4293;05/06/2023;10:23:33;37.08;Synchronized;;;;;;;;;;
4294;05/06/2023;10:23:43;36.77;Synchronized;;;4294;05/06/2023;10:23:48;37.09;Synchronized;;;;;;;;;;
4295;05/06/2023;10:23:58;36.77;Synchronized;;;4295;05/06/2023;10:24:03;37.06;Synchronized;;;;;;;;;;
4296;05/06/2023;10:24:13;36.79;;;;4296;05/06/2023;10:24:18;37.08;Synchronized;;;;;;;;;;
4297;05/06/2023;10:24:28;36.77;;;;4297;05/06/2023;10:24:33;37.07;Synchronized;;;;;;;;;;
4298;05/06/2023;10:24:43;36.79;Synchronized;;;4298;05/06/2023;10:24:48;37.06;Synchronized;;;;;;;;;;
4299;05/06/2023;10:24:59;36.77;Synchronized;;;4299;05/06/2023;10:25:03;37.05;Synchronized;;;;;;;;;;
4300;05/06/2023;10:25:14;36.81;Synchronized;;;4300;05/06/2023;10:25:18;37.05;Synchronized;;;;;;;;;;
4301;05/06/2023;10:25:29;36.81;;;;4301;05/06/2023;10:25:33;37.04;Synchronized;;;;;;;;;;
4302;05/06/2023;10:25:44;36.83;Synchronized;;;4302;05/06/2023;10:25:48;37.03;Synchronized;;;;;;;;;;
4303;05/06/2023;10:25:59;36.83;Synchronized;;;4303;05/06/2023;10:26:03;37.05;Synchronized;;;;;;;;;;
4304;05/06/2023;10:26:14;36.85;;;;4304;05/06/2023;10:26:18;37.05;Synchronized;;;;;;;;;;
4305;05/06/2023;10:26:29;36.84;;;;4305;05/06/2023;10:26:33;37.04;Synchronized;;;;;;;;;;
4306;05/06/2023;10:26:44;36.84;Synchronized;;;4306;05/06/2023;10:26:48;37.05;Synchronized;;;;;;;;;;
4307;05/06/2023;10:26:59;36.84;Synchronized;;;4307;05/06/2023;10:27:03;37.05;Synchronized;;;;;;;;;;
4308;05/06/2023;10:27:14;36.84;Synchronized;;;4308;05/06/2023;10:27:18;37.03;Synchronized;;;;;;;;;;
4309;05/06/2023;10:27:29;36.84;Synchronized;;;4309;05/06/2023;10:27:33;37.05;Synchronized;;;;;;;;;;
4310;05/06/2023;10:27:44;36.84;Synchronized;;;4310;05/06/2023;10:27:48;37.05;Synchronized;;;;;;;;;;
4311;05/06/2023;10:27:59;36.88;Synchronized;;;4311;05/06/2023;10:28:03;37.05;Synchronized;;;;;;;;;;
4312;05/06/2023;10:28:14;36.85;Synchronized;;;4312;05/06/2023;10:28:17;37.04;Synchronized;;;;;;;;;;
4313;05/06/2023;10:28:29;36.88;Synchronized;;;4313;05/06/2023;10:28:32;37.04;Synchronized;;;;;;;;;;
4314;05/06/2023;10:28:44;36.9;Synchronized;;;4314;05/06/2023;10:28:47;37.04;Synchronized;;;;;;;;;;
4315;05/06/2023;10:28:59;36.88;;;;4315;05/06/2023;10:29:02;37.05;Synchronized;;;;;;;;;;
4316;05/06/2023;10:29:14;36.89;;;;4316;05/06/2023;10:29:17;37.05;Synchronized;;;;;;;;;;
4317;05/06/2023;10:29:29;36.88;Synchronized;;;4317;05/06/2023;10:29:32;37.04;Synchronized;;;;;;;;;;
4318;05/06/2023;10:29:44;36.88;;;;4318;05/06/2023;10:29:47;37.04;Synchronized;;;;;;;;;;
4319;05/06/2023;10:29:59;36.91;;;;4319;05/06/2023;10:30:02;37.04;Synchronized;;;;;;;;;;
4320;05/06/2023;10:30:14;36.92;Synchronized;;;4320;05/06/2023;10:30:17;37.03;Synchronized;;;;;;;;;;
4321;05/06/2023;10:30:29;36.91;Synchronized;;;4321;05/06/2023;10:30:32;37.05;Synchronized;;;;;;;;;;
4322;05/06/2023;10:30:44;36.89;;;;4322;05/06/2023;10:30:47;37.04;Synchronized;;;;;;;;;;
4323;05/06/2023;10:30:59;36.88;;;;4323;05/06/2023;10:31:02;37.07;Synchronized;;;;;;;;;;
4324;05/06/2023;10:31:14;36.85;Synchronized;;;4324;05/06/2023;10:31:17;37.04;Synchronized;;;;;;;;;;
4325;05/06/2023;10:31:29;36.88;Synchronized;;;4325;05/06/2023;10:31:32;37.08;Synchronized;;;;;;;;;;
4326;05/06/2023;10:31:44;36.87;Synchronized;;;4326;05/06/2023;10:31:47;37.06;Synchronized;;;;;;;;;;
4327;05/06/2023;10:31:59;36.88;Synchronized;;;4327;05/06/2023;10:32:02;37.06;Synchronized;;;;;;;;;;
4328;05/06/2023;10:32:14;36.88;Synchronized;;;4328;05/06/2023;10:32:17;37.07;Synchronized;;;;;;;;;;
4329;05/06/2023;10:32:29;36.88;;;;4329;05/06/2023;10:32:32;37.05;Synchronized;;;;;;;;;;
4330;05/06/2023;10:32:44;36.88;Synchronized;;;4330;05/06/2023;10:32:47;37.08;Synchronized;;;;;;;;;;
4331;05/06/2023;10:32:59;36.86;;;;4331;05/06/2023;10:33:02;37.09;;;;;;;;;;;
4332;05/06/2023;10:33:14;36.86;Synchronized;;;4332;05/06/2023;10:33:17;37.06;Synchronized;;;;;;;;;;
4333;05/06/2023;10:33:29;36.85;;;;4333;05/06/2023;10:33:32;37.07;Synchronized;;;;;;;;;;
4334;05/06/2023;10:33:44;36.88;Synchronized;;;4334;05/06/2023;10:33:47;37.09;Synchronized;;;;;;;;;;
4335;05/06/2023;10:33:59;36.86;Synchronized;;;4335;05/06/2023;10:34:02;37.08;Synchronized;;;;;;;;;;
4336;05/06/2023;10:34:14;36.87;Synchronized;;;4336;05/06/2023;10:34:17;37.08;Synchronized;;;;;;;;;;
4337;05/06/2023;10:34:29;36.87;;;;4337;05/06/2023;10:34:32;37.08;Synchronized;;;;;;;;;;
4338;05/06/2023;10:34:44;36.85;Synchronized;;;4338;05/06/2023;10:34:47;37.07;Synchronized;;;;;;;;;;
4339;05/06/2023;10:34:59;36.87;Synchronized;;;4339;05/06/2023;10:35:02;37.07;Synchronized;;;;;;;;;;
4340;05/06/2023;10:35:14;36.85;;;;4340;05/06/2023;10:35:17;37.06;Synchronized;;;;;;;;;;
4341;05/06/2023;10:35:29;36.82;;;;4341;05/06/2023;10:35:32;37.07;Synchronized;;;;;;;;;;
4342;05/06/2023;10:35:44;36.83;Synchronized;;;4342;05/06/2023;10:35:47;37.05;Synchronized;;;;;;;;;;
4343;05/06/2023;10:35:59;36.84;;;;4343;05/06/2023;10:36:02;37.05;Synchronized;;;;;;;;;;
4344;05/06/2023;10:36:14;36.84;Synchronized;;;4344;05/06/2023;10:36:17;37.08;Synchronized;;;;;;;;;;
4345;05/06/2023;10:36:29;36.84;;;;4345;05/06/2023;10:36:32;37.09;Synchronized;;;;;;;;;;
4346;05/06/2023;10:36:44;36.85;;;;4346;05/06/2023;10:36:47;37.09;Synchronized;;;;;;;;;;
4347;05/06/2023;10:36:59;36.87;;;;4347;05/06/2023;10:37:02;37.09;Synchronized;;;;;;;;;;
4348;05/06/2023;10:37:14;36.86;Synchronized;;;4348;05/06/2023;10:37:17;37.09;Synchronized;;;;;;;;;;
4349;05/06/2023;10:37:29;36.84;Synchronized;;;4349;05/06/2023;10:37:32;37.09;Synchronized;;;;;;;;;;
4350;05/06/2023;10:37:44;36.84;Synchronized;;;4350;05/06/2023;10:37:47;37.09;Synchronized;;;;;;;;;;
4351;05/06/2023;10:37:59;36.84;;;;4351;05/06/2023;10:38:02;37.13;Synchronized;;;;;;;;;;
4352;05/06/2023;10:38:14;36.87;Synchronized;;;4352;05/06/2023;10:38:17;37.12;Synchronized;;;;;;;;;;
4353;05/06/2023;10:38:29;36.86;;;;4353;05/06/2023;10:38:32;37.12;Synchronized;;;;;;;;;;
4354;05/06/2023;10:38:44;36.87;;;;4354;05/06/2023;10:38:47;37.11;Synchronized;;;;;;;;;;
4355;05/06/2023;10:38:59;36.87;;;;4355;05/06/2023;10:39:02;37.12;Synchronized;;;;;;;;;;
4356;05/06/2023;10:39:14;36.88;;;;4356;05/06/2023;10:39:17;37.12;Synchronized;;;;;;;;;;
4357;05/06/2023;10:39:29;36.86;;;;4357;05/06/2023;10:39:32;37.13;Synchronized;;;;;;;;;;
4358;05/06/2023;10:39:44;36.85;;;;4358;05/06/2023;10:39:47;37.11;Synchronized;;;;;;;;;;
4359;05/06/2023;10:39:59;36.84;;;;4359;05/06/2023;10:40:02;37.13;Synchronized;;;;;;;;;;
4360;05/06/2023;10:40:14;36.84;;;;4360;05/06/2023;10:40:17;37.14;Synchronized;;;;;;;;;;
4361;05/06/2023;10:40:29;36.85;;;;4361;05/06/2023;10:40:32;37.13;Synchronized;;;;;;;;;;
4362;05/06/2023;10:40:44;36.87;;;;4362;05/06/2023;10:40:47;37.15;Synchronized;;;;;;;;;;
4363;05/06/2023;10:40:59;36.85;Synchronized;;;4363;05/06/2023;10:41:02;37.13;Synchronized;;;;;;;;;;
4364;05/06/2023;10:41:14;36.87;Synchronized;;;4364;05/06/2023;10:41:17;37.12;Synchronized;;;;;;;;;;
4365;05/06/2023;10:41:29;36.88;Synchronized;;;4365;05/06/2023;10:41:32;37.11;Synchronized;;;;;;;;;;
4366;05/06/2023;10:41:44;36.9;;;;4366;05/06/2023;10:41:47;37.13;Synchronized;;;;;;;;;;
4367;05/06/2023;10:41:59;36.91;Synchronized;;;4367;05/06/2023;10:42:02;37.14;Synchronized;;;;;;;;;;
4368;05/06/2023;10:42:14;36.91;;;;4368;05/06/2023;10:42:17;37.13;Synchronized;;;;;;;;;;
4369;05/06/2023;10:42:29;36.91;;;;4369;05/06/2023;10:42:32;37.13;Synchronized;;;;;;;;;;
4370;05/06/2023;10:42:44;36.94;;;;4370;05/06/2023;10:42:47;37.11;Synchronized;;;;;;;;;;
4371;05/06/2023;10:42:59;36.95;;;;4371;05/06/2023;10:43:02;37.13;Synchronized;;;;;;;;;;
4372;05/06/2023;10:43:14;36.95;;;;4372;05/06/2023;10:43:17;36.45;Synchronized;;;;;;;;;;
4373;05/06/2023;10:43:29;36.94;;;;4373;05/06/2023;10:43:32;35.06;;;;;;;;;;;
4374;05/06/2023;10:43:44;36.97;;;;4374;05/06/2023;10:43:47;34.38;;;;;;;;;;;
4375;05/06/2023;10:43:59;36.97;;;;4375;05/06/2023;10:44:02;34.12;Synchronized;;;;;;;;;;
4376;05/06/2023;10:44:14;36.98;;;;4376;05/06/2023;10:44:17;33.87;;;;;;;;;;;
4377;05/06/2023;10:44:29;36.96;Synchronized;;;4377;05/06/2023;10:44:32;33.69;Synchronized;;;;;;;;;;
4378;05/06/2023;10:44:44;36.95;Synchronized;;;4378;05/06/2023;10:44:47;33.63;Synchronized;;;;;;;;;;
4379;05/06/2023;10:44:59;36.95;;;;4379;05/06/2023;10:45:02;33.48;Synchronized;;;;;;;;;;
4380;05/06/2023;10:45:14;36.95;;;;4380;05/06/2023;10:45:17;33.6;Synchronized;;;;;;;;;;
4381;05/06/2023;10:45:29;36.98;;;;4381;05/06/2023;10:45:32;33.65;Synchronized;;;;;;;;;;
4382;05/06/2023;10:45:44;36.97;;;;4382;05/06/2023;10:45:47;33.75;Synchronized;;;;;;;;;;
4383;05/06/2023;10:45:59;36.95;;;;4383;05/06/2023;10:46:02;33.79;Synchronized;;;;;;;;;;
4384;05/06/2023;10:46:14;36.95;;;;4384;05/06/2023;10:46:17;33.85;Synchronized;;;;;;;;;;
4385;05/06/2023;10:46:29;36.94;;;;4385;05/06/2023;10:46:32;33.94;Synchronized;;;;;;;;;;
4386;05/06/2023;10:46:44;36.95;;;;4386;05/06/2023;10:46:47;34.04;Synchronized;;;;;;;;;;
4387;05/06/2023;10:46:59;36.98;Synchronized;;;4387;05/06/2023;10:47:02;34.11;;;;;;;;;;;
4388;05/06/2023;10:47:14;36.98;;;;4388;05/06/2023;10:47:17;34.21;;;;;;;;;;;
4389;05/06/2023;10:47:29;36.98;Synchronized;;;4389;05/06/2023;10:47:32;34.27;Synchronized;;;;;;;;;;
4390;05/06/2023;10:47:44;36.99;Synchronized;;;4390;05/06/2023;10:47:47;34.17;Synchronized;;;;;;;;;;
4391;05/06/2023;10:47:59;36.98;Synchronized;;;4391;05/06/2023;10:48:02;34.11;Synchronized;;;;;;;;;;
4392;05/06/2023;10:48:14;36.94;Synchronized;;;4392;05/06/2023;10:48:17;34.06;Synchronized;;;;;;;;;;
4393;05/06/2023;10:48:29;36.95;Synchronized;;;4393;05/06/2023;10:48:32;34.13;Synchronized;;;;;;;;;;
4394;05/06/2023;10:48:44;36.91;Synchronized;;;4394;05/06/2023;10:48:47;34.19;Synchronized;;;;;;;;;;
4395;05/06/2023;10:48:59;36.91;Synchronized;;;4395;05/06/2023;10:49:02;34.27;Synchronized;;;;;;;;;;
4396;05/06/2023;10:49:14;36.91;;;;4396;05/06/2023;10:49:17;34.35;Synchronized;;;;;;;;;;
4397;05/06/2023;10:49:29;36.95;Synchronized;;;4397;05/06/2023;10:49:32;34.45;Synchronized;;;;;;;;;;
4398;05/06/2023;10:49:44;36.95;Synchronized;;;4398;05/06/2023;10:49:47;34.51;Synchronized;;;;;;;;;;
4399;05/06/2023;10:49:59;36.95;Synchronized;;;4399;05/06/2023;10:50:02;34.59;Synchronized;;;;;;;;;;
4400;05/06/2023;10:50:14;36.95;Synchronized;;;4400;05/06/2023;10:50:17;34.66;Synchronized;;;;;;;;;;
4401;05/06/2023;10:50:29;36.97;Synchronized;;;4401;05/06/2023;10:50:32;34.75;Synchronized;;;;;;;;;;
4402;05/06/2023;10:50:44;36.95;Synchronized;;;4402;05/06/2023;10:50:47;34.86;Synchronized;;;;;;;;;;
4403;05/06/2023;10:50:59;36.95;;;;4403;05/06/2023;10:51:02;34.95;Synchronized;;;;;;;;;;
4404;05/06/2023;10:51:14;36.97;Synchronized;;;4404;05/06/2023;10:51:17;35.02;Synchronized;;;;;;;;;;
4405;05/06/2023;10:51:29;36.97;Synchronized;;;4405;05/06/2023;10:51:32;35.13;Synchronized;;;;;;;;;;
4406;05/06/2023;10:51:44;36.95;Synchronized;;;4406;05/06/2023;10:51:47;35.19;Synchronized;;;;;;;;;;
4407;05/06/2023;10:51:59;36.96;Synchronized;;;4407;05/06/2023;10:52:02;35.27;Synchronized;;;;;;;;;;
4408;05/06/2023;10:52:14;36.96;Synchronized;;;4408;05/06/2023;10:52:17;35.33;Synchronized;;;;;;;;;;
4409;05/06/2023;10:52:29;36.95;Synchronized;;;4409;05/06/2023;10:52:32;35.27;Synchronized;;;;;;;;;;
4410;05/06/2023;10:52:44;36.96;Synchronized;;;4410;05/06/2023;10:52:47;35.05;Synchronized;;;;;;;;;;
4411;05/06/2023;10:52:59;36.96;Synchronized;;;4411;05/06/2023;10:53:02;34.8;Synchronized;;;;;;;;;;
4412;05/06/2023;10:53:14;36.97;Synchronized;;;4412;05/06/2023;10:53:17;34.65;Synchronized;;;;;;;;;;
4413;05/06/2023;10:53:29;36.97;Synchronized;;;4413;05/06/2023;10:53:32;34.6;Synchronized;;;;;;;;;;
4414;05/06/2023;10:53:44;36.97;Synchronized;;;4414;05/06/2023;10:53:47;34.46;Synchronized;;;;;;;;;;
4415;05/06/2023;10:53:59;36.95;Synchronized;;;4415;05/06/2023;10:54:02;33.97;Synchronized;;;;;;;;;;
4416;05/06/2023;10:54:14;36.95;Synchronized;;;4416;05/06/2023;10:54:17;33.55;Synchronized;;;;;;;;;;
4417;05/06/2023;10:54:29;36.95;Synchronized;;;4417;05/06/2023;10:54:32;33.4;Synchronized;;;;;;;;;;
4418;05/06/2023;10:54:44;36.94;Synchronized;;;4418;05/06/2023;10:54:47;33.42;;;;;;;;;;;
4419;05/06/2023;10:54:59;36.95;Synchronized;;;4419;05/06/2023;10:55:02;33.45;;;;;;;;;;;
4420;05/06/2023;10:55:14;36.95;Synchronized;;;4420;05/06/2023;10:55:17;33.3;;;;;;;;;;;
4421;05/06/2023;10:55:29;36.97;Synchronized;;;4421;05/06/2023;10:55:32;33.15;Synchronized;;;;;;;;;;
4422;05/06/2023;10:55:44;36.95;Synchronized;;;4422;05/06/2023;10:55:47;33.05;;;;;;;;;;;
4423;05/06/2023;10:55:59;36.92;Synchronized;;;4423;05/06/2023;10:56:02;32.49;;;;;;;;;;;
4424;05/06/2023;10:56:14;36.91;Synchronized;;;4424;05/06/2023;10:56:17;32.23;Synchronized;;;;;;;;;;
4425;05/06/2023;10:56:29;36.92;Synchronized;;;4425;05/06/2023;10:56:32;32.2;Synchronized;;;;;;;;;;
4426;05/06/2023;10:56:44;36.91;Synchronized;;;4426;05/06/2023;10:56:47;32.17;;;;;;;;;;;
4427;05/06/2023;10:56:59;36.91;Synchronized;;;4427;05/06/2023;10:57:02;31.99;Synchronized;;;;;;;;;;
4428;05/06/2023;10:57:14;36.95;Synchronized;;;4428;05/06/2023;10:57:17;32.08;Synchronized;;;;;;;;;;
4429;05/06/2023;10:57:29;36.97;Synchronized;;;4429;05/06/2023;10:57:32;32.12;;;;;;;;;;;
4430;05/06/2023;10:57:44;36.98;Synchronized;;;4430;05/06/2023;10:57:47;32.26;;;;;;;;;;;
4431;05/06/2023;10:57:59;36.97;Synchronized;;;4431;05/06/2023;10:58:02;32.32;;;;;;;;;;;
4432;05/06/2023;10:58:14;36.98;Synchronized;;;4432;05/06/2023;10:58:17;32.4;Synchronized;;;;;;;;;;
4433;05/06/2023;10:58:29;36.98;Synchronized;;;4433;05/06/2023;10:58:32;32.4;Synchronized;;;;;;;;;;
4434;05/06/2023;10:58:44;37;Synchronized;;;4434;05/06/2023;10:58:47;32.34;Synchronized;;;;;;;;;;
4435;05/06/2023;10:58:59;36.97;Synchronized;;;4435;05/06/2023;10:59:02;32.33;Synchronized;;;;;;;;;;
4436;05/06/2023;10:59:14;36.98;Synchronized;;;4436;05/06/2023;10:59:17;32.41;Synchronized;;;;;;;;;;
4437;05/06/2023;10:59:29;36.98;Synchronized;;;4437;05/06/2023;10:59:32;32.42;;;;;;;;;;;
4438;05/06/2023;10:59:44;36.99;Synchronized;;;4438;05/06/2023;10:59:47;32.65;;;;;;;;;;;
4439;05/06/2023;10:59:59;37;Synchronized;;;4439;05/06/2023;11:00:02;32.85;Synchronized;;;;;;;;;;
4440;05/06/2023;11:00:14;37;Synchronized;;;4440;05/06/2023;11:00:17;33.05;Synchronized;;;;;;;;;;
4441;05/06/2023;11:00:29;36.99;Synchronized;;;4441;05/06/2023;11:00:32;33.22;;;;;;;;;;;
4442;05/06/2023;11:00:44;37;Synchronized;;;4442;05/06/2023;11:00:47;33.33;Synchronized;;;;;;;;;;
4443;05/06/2023;11:01:00;36.98;Synchronized;;;4443;05/06/2023;11:01:02;33.41;;;;;;;;;;;
4444;05/06/2023;11:01:15;36.99;Synchronized;;;4444;05/06/2023;11:01:17;33.54;Synchronized;;;;;;;;;;
4445;05/06/2023;11:01:30;36.98;Synchronized;;;4445;05/06/2023;11:01:32;33.62;Synchronized;;;;;;;;;;
4446;05/06/2023;11:01:45;37.01;Synchronized;;;4446;05/06/2023;11:01:47;33.72;;;;;;;;;;;
4447;05/06/2023;11:02:00;36.98;Synchronized;;;4447;05/06/2023;11:02:02;33.77;;;;;;;;;;;
4448;05/06/2023;11:02:15;36.98;Synchronized;;;4448;05/06/2023;11:02:17;33.82;;;;;;;;;;;
4449;05/06/2023;11:02:30;36.96;Synchronized;;;4449;05/06/2023;11:02:32;33.89;;;;;;;;;;;
4450;05/06/2023;11:02:45;36.99;Synchronized;;;4450;05/06/2023;11:02:47;33.91;;;;;;;;;;;
4451;05/06/2023;11:03:00;36.98;Synchronized;;;4451;05/06/2023;11:03:02;33.91;;;;;;;;;;;
4452;05/06/2023;11:03:15;36.98;Synchronized;;;4452;05/06/2023;11:03:17;33.94;Synchronized;;;;;;;;;;
4453;05/06/2023;11:03:30;36.97;Synchronized;;;4453;05/06/2023;11:03:32;33.88;Synchronized;;;;;;;;;;
4454;05/06/2023;11:03:45;36.98;Synchronized;;;4454;05/06/2023;11:03:47;33.78;;;;;;;;;;;
4455;05/06/2023;11:04:00;36.98;Synchronized;;;4455;05/06/2023;11:04:02;33.67;;;;;;;;;;;
4456;05/06/2023;11:04:15;36.98;Synchronized;;;4456;05/06/2023;11:04:17;33.54;;;;;;;;;;;
4457;05/06/2023;11:04:30;36.98;Synchronized;;;4457;05/06/2023;11:04:32;33.51;;;;;;;;;;;
4458;05/06/2023;11:04:45;36.98;Synchronized;;;4458;05/06/2023;11:04:47;33.52;;;;;;;;;;;
4459;05/06/2023;11:05:00;36.98;Synchronized;;;4459;05/06/2023;11:05:02;33.48;;;;;;;;;;;
4460;05/06/2023;11:05:15;36.98;Synchronized;;;4460;05/06/2023;11:05:17;33.52;;;;;;;;;;;
4461;05/06/2023;11:05:30;36.97;Synchronized;;;4461;05/06/2023;11:05:32;33.53;Synchronized;;;;;;;;;;
4462;05/06/2023;11:05:45;36.97;Synchronized;;;4462;05/06/2023;11:05:47;33.61;;;;;;;;;;;
4463;05/06/2023;11:06:00;36.97;Synchronized;;;4463;05/06/2023;11:06:02;33.73;Synchronized;;;;;;;;;;
4464;05/06/2023;11:06:15;36.96;Synchronized;;;4464;05/06/2023;11:06:17;33.74;;;;;;;;;;;
4465;05/06/2023;11:06:30;36.97;Synchronized;;;4465;05/06/2023;11:06:31;33.74;;;;;;;;;;;
4466;05/06/2023;11:06:45;36.98;Synchronized;;;4466;05/06/2023;11:06:46;33.82;;;;;;;;;;;
4467;05/06/2023;11:07:00;36.95;Synchronized;;;4467;05/06/2023;11:07:01;34;;;;;;;;;;;
4468;05/06/2023;11:07:15;36.9;Synchronized;;;4468;05/06/2023;11:07:16;34.11;;;;;;;;;;;
4469;05/06/2023;11:07:30;36.91;Synchronized;;;4469;05/06/2023;11:07:31;34.18;;;;;;;;;;;
4470;05/06/2023;11:07:45;36.9;Synchronized;;;4470;05/06/2023;11:07:46;34.26;;;;;;;;;;;
4471;05/06/2023;11:08:00;36.89;Synchronized;;;4471;05/06/2023;11:08:01;34.34;Synchronized;;;;;;;;;;
4472;05/06/2023;11:08:15;36.88;Synchronized;;;4472;05/06/2023;11:08:16;34.41;;;;;;;;;;;
4473;05/06/2023;11:08:30;36.87;Synchronized;;;4473;05/06/2023;11:08:31;34.48;;;;;;;;;;;
4474;05/06/2023;11:08:45;36.88;Synchronized;;;4474;05/06/2023;11:08:46;34.55;Synchronized;;;;;;;;;;
4475;05/06/2023;11:09:00;36.84;Synchronized;;;4475;05/06/2023;11:09:01;34.64;;;;;;;;;;;
4476;05/06/2023;11:09:15;36.83;Synchronized;;;4476;05/06/2023;11:09:16;34.73;;;;;;;;;;;
4477;05/06/2023;11:09:30;36.79;Synchronized;;;4477;05/06/2023;11:09:31;34.81;;;;;;;;;;;
4478;05/06/2023;11:09:45;36.8;Synchronized;;;4478;05/06/2023;11:09:46;34.9;Synchronized;;;;;;;;;;
4479;05/06/2023;11:10:00;36.81;Synchronized;;;4479;05/06/2023;11:10:01;34.99;Synchronized;;;;;;;;;;
4480;05/06/2023;11:10:15;36.81;Synchronized;;;4480;05/06/2023;11:10:16;35.09;Synchronized;;;;;;;;;;
4481;05/06/2023;11:10:30;36.8;;;;4481;05/06/2023;11:10:31;35.18;Synchronized;;;;;;;;;;
4482;05/06/2023;11:10:45;36.77;Synchronized;;;4482;05/06/2023;11:10:46;35.26;;;;;;;;;;;
4483;05/06/2023;11:11:00;36.79;Synchronized;;;4483;05/06/2023;11:11:01;35.35;;;;;;;;;;;
4484;05/06/2023;11:11:15;36.77;Synchronized;;;4484;05/06/2023;11:11:16;35.38;;;;;;;;;;;
4485;05/06/2023;11:11:30;36.81;Synchronized;;;4485;05/06/2023;11:11:31;35.45;;;;;;;;;;;
4486;05/06/2023;11:11:45;36.77;Synchronized;;;4486;05/06/2023;11:11:46;35.52;;;;;;;;;;;
4487;05/06/2023;11:12:00;36.79;Synchronized;;;4487;05/06/2023;11:12:01;35.59;;;;;;;;;;;
4488;05/06/2023;11:12:15;36.79;Synchronized;;;4488;05/06/2023;11:12:16;35.66;;;;;;;;;;;
4489;05/06/2023;11:12:30;36.77;Synchronized;;;4489;05/06/2023;11:12:31;35.7;Synchronized;;;;;;;;;;
4490;05/06/2023;11:12:45;36.83;Synchronized;;;4490;05/06/2023;11:12:46;35.74;Synchronized;;;;;;;;;;
4491;05/06/2023;11:13:00;36.81;Synchronized;;;4491;05/06/2023;11:13:01;35.82;;;;;;;;;;;
4492;05/06/2023;11:13:15;36.84;Synchronized;;;4492;05/06/2023;11:13:16;35.87;Synchronized;;;;;;;;;;
4493;05/06/2023;11:13:30;36.82;Synchronized;;;4493;05/06/2023;11:13:31;35.91;;;;;;;;;;;
4494;05/06/2023;11:13:45;36.81;Synchronized;;;4494;05/06/2023;11:13:46;35.97;;;;;;;;;;;
4495;05/06/2023;11:14:00;36.84;Synchronized;;;4495;05/06/2023;11:14:01;36;;;;;;;;;;;
4496;05/06/2023;11:14:15;36.8;Synchronized;;;4496;05/06/2023;11:14:16;36.05;Synchronized;;;;;;;;;;
4497;05/06/2023;11:14:30;36.81;Synchronized;;;4497;05/06/2023;11:14:31;36.11;;;;;;;;;;;
4498;05/06/2023;11:14:45;36.8;Synchronized;;;4498;05/06/2023;11:14:46;36.18;;;;;;;;;;;
4499;05/06/2023;11:15:00;36.79;Synchronized;;;4499;05/06/2023;11:15:01;36.21;;;;;;;;;;;
4500;05/06/2023;11:15:15;36.8;Synchronized;;;4500;05/06/2023;11:15:16;36.28;Synchronized;;;;;;;;;;
4501;05/06/2023;11:15:30;36.81;Synchronized;;;4501;05/06/2023;11:15:31;36.33;;;;;;;;;;;
4502;05/06/2023;11:15:45;36.79;Synchronized;;;4502;05/06/2023;11:15:46;36.39;;;;;;;;;;;
4503;05/06/2023;11:16:00;36.82;Synchronized;;;4503;05/06/2023;11:16:01;36.52;;;;;;;;;;;
4504;05/06/2023;11:16:15;36.81;Synchronized;;;4504;05/06/2023;11:16:16;36.61;;;;;;;;;;;
4505;05/06/2023;11:16:30;36.79;Synchronized;;;4505;05/06/2023;11:16:31;36.66;Synchronized;;;;;;;;;;
4506;05/06/2023;11:16:45;36.8;Synchronized;;;4506;05/06/2023;11:16:46;36.71;Synchronized;;;;;;;;;;
4507;05/06/2023;11:17:00;36.78;Synchronized;;;4507;05/06/2023;11:17:01;36.74;;;;;;;;;;;
4508;05/06/2023;11:17:15;36.78;Synchronized;;;4508;05/06/2023;11:17:16;36.84;;;;;;;;;;;
4509;05/06/2023;11:17:30;36.81;Synchronized;;;4509;05/06/2023;11:17:31;36.88;Synchronized;;;;;;;;;;
4510;05/06/2023;11:17:45;36.81;Synchronized;;;4510;05/06/2023;11:17:46;36.89;Synchronized;;;;;;;;;;
4511;05/06/2023;11:18:00;36.79;Synchronized;;;4511;05/06/2023;11:18:01;36.92;Synchronized;;;;;;;;;;
4512;05/06/2023;11:18:15;36.79;Synchronized;;;4512;05/06/2023;11:18:16;36.92;;;;;;;;;;;
4513;05/06/2023;11:18:31;36.8;Synchronized;;;4513;05/06/2023;11:18:31;36.95;;;;;;;;;;;
4514;05/06/2023;11:18:46;36.82;Synchronized;;;4514;05/06/2023;11:18:46;36.97;;;;;;;;;;;
4515;05/06/2023;11:19:01;36.8;Synchronized;;;4515;05/06/2023;11:19:01;36.99;;;;;;;;;;;
4516;05/06/2023;11:19:16;36.78;Synchronized;;;4516;05/06/2023;11:19:16;36.99;;;;;;;;;;;
4517;05/06/2023;11:19:31;36.8;Synchronized;;;4517;05/06/2023;11:19:31;36.99;Synchronized;;;;;;;;;;
4518;05/06/2023;11:19:46;36.82;Synchronized;;;4518;05/06/2023;11:19:46;37.01;;;;;;;;;;;
4519;05/06/2023;11:20:01;36.8;Synchronized;;;4519;05/06/2023;11:20:01;37.02;;;;;;;;;;;
4520;05/06/2023;11:20:16;36.81;Synchronized;;;4520;05/06/2023;11:20:16;37.05;;;;;;;;;;;
4521;05/06/2023;11:20:31;36.79;Synchronized;;;4521;05/06/2023;11:20:31;37.05;Synchronized;;;;;;;;;;
4522;05/06/2023;11:20:46;36.79;Synchronized;;;4522;05/06/2023;11:20:46;37.06;Synchronized;;;;;;;;;;
4523;05/06/2023;11:21:01;36.81;Synchronized;;;4523;05/06/2023;11:21:01;37.05;Synchronized;;;;;;;;;;
4524;05/06/2023;11:21:16;36.79;Synchronized;;;4524;05/06/2023;11:21:16;37.06;;;;;;;;;;;
4525;05/06/2023;11:21:31;36.84;Synchronized;;;4525;05/06/2023;11:21:31;37.06;Synchronized;;;;;;;;;;
4526;05/06/2023;11:21:46;36.85;Synchronized;;;4526;05/06/2023;11:21:46;37.02;;;;;;;;;;;
4527;05/06/2023;11:22:01;36.85;Synchronized;;;4527;05/06/2023;11:22:01;35.98;Synchronized;;;;;;;;;;
4528;05/06/2023;11:22:16;36.86;Synchronized;;;4528;05/06/2023;11:22:16;35.84;Synchronized;;;;;;;;;;
4529;05/06/2023;11:22:31;36.88;Synchronized;;;4529;05/06/2023;11:22:31;36.05;;;;;;;;;;;
4530;05/06/2023;11:22:46;36.88;Synchronized;;;4530;05/06/2023;11:22:46;36.28;;;;;;;;;;;
4531;05/06/2023;11:23:01;36.89;Synchronized;;;4531;05/06/2023;11:23:01;36.42;;;;;;;;;;;
4532;05/06/2023;11:23:16;36.9;Synchronized;;;4532;05/06/2023;11:23:16;36.27;;;;;;;;;;;
4533;05/06/2023;11:23:31;36.89;Synchronized;;;4533;05/06/2023;11:23:31;36.27;;;;;;;;;;;
4534;05/06/2023;11:23:46;36.9;Synchronized;;;4534;05/06/2023;11:23:46;36.36;;;;;;;;;;;
4535;05/06/2023;11:24:01;36.9;Synchronized;;;4535;05/06/2023;11:24:01;36.45;Synchronized;;;;;;;;;;
4536;05/06/2023;11:24:16;36.89;Synchronized;;;4536;05/06/2023;11:24:16;36.53;;;;;;;;;;;
4537;05/06/2023;11:24:31;36.91;Synchronized;;;4537;05/06/2023;11:24:31;36.48;;;;;;;;;;;
4538;05/06/2023;11:24:46;36.88;Synchronized;;;4538;05/06/2023;11:24:46;36.45;Synchronized;;;;;;;;;;
4539;05/06/2023;11:25:01;36.86;Synchronized;;;4539;05/06/2023;11:25:01;36.53;Synchronized;;;;;;;;;;
4540;05/06/2023;11:25:16;36.88;Synchronized;;;4540;05/06/2023;11:25:16;36.58;;;;;;;;;;;
4541;05/06/2023;11:25:31;36.88;Synchronized;;;4541;05/06/2023;11:25:31;36.66;;;;;;;;;;;
4542;05/06/2023;11:25:46;36.89;Synchronized;;;4542;05/06/2023;11:25:46;36.61;Synchronized;;;;;;;;;;
4543;05/06/2023;11:26:01;36.89;Synchronized;;;4543;05/06/2023;11:26:01;36.35;;;;;;;;;;;
4544;05/06/2023;11:26:16;36.88;;;;4544;05/06/2023;11:26:16;36.34;;;;;;;;;;;
4545;05/06/2023;11:26:31;36.88;;;;4545;05/06/2023;11:26:31;36.41;;;;;;;;;;;
4546;05/06/2023;11:26:46;36.86;;;;4546;05/06/2023;11:26:46;36.47;;;;;;;;;;;
4547;05/06/2023;11:27:01;36.86;;;;4547;05/06/2023;11:27:01;36.55;;;;;;;;;;;
4548;05/06/2023;11:27:16;36.87;;;;4548;05/06/2023;11:27:16;36.61;;;;;;;;;;;
4549;05/06/2023;11:27:31;36.84;;;;4549;05/06/2023;11:27:31;36.69;;;;;;;;;;;
4550;05/06/2023;11:27:46;36.83;;;;4550;05/06/2023;11:27:46;36.6;Synchronized;;;;;;;;;;
4551;05/06/2023;11:28:01;36.84;;;;4551;05/06/2023;11:28:01;36.59;;;;;;;;;;;
4552;05/06/2023;11:28:16;36.84;;;;4552;05/06/2023;11:28:16;36.63;Synchronized;;;;;;;;;;
4553;05/06/2023;11:28:31;36.85;Synchronized;;;4553;05/06/2023;11:28:31;36.69;;;;;;;;;;;
4554;05/06/2023;11:28:46;36.84;Synchronized;;;4554;05/06/2023;11:28:46;36.74;;;;;;;;;;;
4555;05/06/2023;11:29:01;36.85;Synchronized;;;4555;05/06/2023;11:29:01;36.79;;;;;;;;;;;
4556;05/06/2023;11:29:16;36.86;Synchronized;;;4556;05/06/2023;11:29:16;36.84;;;;;;;;;;;
4557;05/06/2023;11:29:31;36.86;;;;4557;05/06/2023;11:29:31;36.77;;;;;;;;;;;
4558;05/06/2023;11:29:46;36.86;Synchronized;;;4558;05/06/2023;11:29:46;36.76;;;;;;;;;;;
4559;05/06/2023;11:30:01;36.85;;;;4559;05/06/2023;11:30:01;36.65;Synchronized;;;;;;;;;;
4560;05/06/2023;11:30:16;36.83;;;;4560;05/06/2023;11:30:16;36.63;;;;;;;;;;;
4561;05/06/2023;11:30:31;36.84;Synchronized;;;4561;05/06/2023;11:30:31;36.63;;;;;;;;;;;
4562;05/06/2023;11:30:46;36.84;Synchronized;;;4562;05/06/2023;11:30:46;36.68;;;;;;;;;;;
4563;05/06/2023;11:31:01;36.84;Synchronized;;;4563;05/06/2023;11:31:01;36.73;Synchronized;;;;;;;;;;
4564;05/06/2023;11:31:16;36.84;Synchronized;;;4564;05/06/2023;11:31:16;36.71;;;;;;;;;;;
4565;05/06/2023;11:31:31;36.84;Synchronized;;;4565;05/06/2023;11:31:31;36.72;;;;;;;;;;;
4566;05/06/2023;11:31:46;36.85;Synchronized;;;4566;05/06/2023;11:31:46;36.77;;;;;;;;;;;
4567;05/06/2023;11:32:01;36.84;Synchronized;;;4567;05/06/2023;11:32:01;36.77;Synchronized;;;;;;;;;;
4568;05/06/2023;11:32:16;36.86;;;;4568;05/06/2023;11:32:16;36.8;;;;;;;;;;;
4569;05/06/2023;11:32:31;36.84;;;;4569;05/06/2023;11:32:31;36.69;Synchronized;;;;;;;;;;
4570;05/06/2023;11:32:46;36.86;Synchronized;;;4570;05/06/2023;11:32:46;36.72;;;;;;;;;;;
4571;05/06/2023;11:33:01;36.84;Synchronized;;;4571;05/06/2023;11:33:01;36.74;;;;;;;;;;;
4572;05/06/2023;11:33:16;36.84;;;;4572;05/06/2023;11:33:16;36.74;;;;;;;;;;;
4573;05/06/2023;11:33:31;36.85;Synchronized;;;4573;05/06/2023;11:33:31;36.79;Synchronized;;;;;;;;;;
4574;05/06/2023;11:33:46;36.86;Synchronized;;;4574;05/06/2023;11:33:46;36.71;Synchronized;;;;;;;;;;
4575;05/06/2023;11:34:01;36.87;Synchronized;;;4575;05/06/2023;11:34:01;36.67;;;;;;;;;;;
4576;05/06/2023;11:34:16;36.87;Synchronized;;;4576;05/06/2023;11:34:16;36.56;;;;;;;;;;;
4577;05/06/2023;11:34:31;36.87;Synchronized;;;4577;05/06/2023;11:34:31;36.56;;;;;;;;;;;
4578;05/06/2023;11:34:46;36.87;Synchronized;;;4578;05/06/2023;11:34:46;36.64;;;;;;;;;;;
4579;05/06/2023;11:35:01;36.88;Synchronized;;;4579;05/06/2023;11:35:01;36.68;;;;;;;;;;;
4580;05/06/2023;11:35:16;36.88;Synchronized;;;4580;05/06/2023;11:35:16;36.75;;;;;;;;;;;
4581;05/06/2023;11:35:31;36.87;Synchronized;;;4581;05/06/2023;11:35:31;36.75;;;;;;;;;;;
4582;05/06/2023;11:35:46;36.88;Synchronized;;;4582;05/06/2023;11:35:46;36.65;;;;;;;;;;;
4583;05/06/2023;11:36:01;36.88;Synchronized;;;4583;05/06/2023;11:36:01;36.59;;;;;;;;;;;
4584;05/06/2023;11:36:16;36.88;Synchronized;;;4584;05/06/2023;11:36:16;36.58;Synchronized;;;;;;;;;;
4585;05/06/2023;11:36:31;36.87;Synchronized;;;4585;05/06/2023;11:36:31;36.64;Synchronized;;;;;;;;;;
4586;05/06/2023;11:36:46;36.88;Synchronized;;;4586;05/06/2023;11:36:46;36.68;;;;;;;;;;;
4587;05/06/2023;11:37:01;36.88;Synchronized;;;4587;05/06/2023;11:37:01;36.71;;;;;;;;;;;
4588;05/06/2023;11:37:16;36.89;Synchronized;;;4588;05/06/2023;11:37:16;36.77;;;;;;;;;;;
4589;05/06/2023;11:37:31;36.89;Synchronized;;;4589;05/06/2023;11:37:31;36.77;;;;;;;;;;;
4590;05/06/2023;11:37:46;36.89;Synchronized;;;4590;05/06/2023;11:37:46;36.79;;;;;;;;;;;
4591;05/06/2023;11:38:01;36.89;Synchronized;;;4591;05/06/2023;11:38:01;36.82;;;;;;;;;;;
4592;05/06/2023;11:38:16;36.88;Synchronized;;;4592;05/06/2023;11:38:16;36.87;;;;;;;;;;;
4593;05/06/2023;11:38:31;36.88;Synchronized;;;4593;05/06/2023;11:38:31;36.89;;;;;;;;;;;
4594;05/06/2023;11:38:46;36.88;Synchronized;;;4594;05/06/2023;11:38:46;36.92;;;;;;;;;;;
4595;05/06/2023;11:39:01;36.87;Synchronized;;;4595;05/06/2023;11:39:01;36.95;;;;;;;;;;;
4596;05/06/2023;11:39:16;36.87;Synchronized;;;4596;05/06/2023;11:39:16;36.97;;;;;;;;;;;
4597;05/06/2023;11:39:31;36.89;Synchronized;;;4597;05/06/2023;11:39:31;36.99;;;;;;;;;;;
4598;05/06/2023;11:39:46;36.88;Synchronized;;;4598;05/06/2023;11:39:46;37.02;;;;;;;;;;;
4599;05/06/2023;11:40:01;36.9;Synchronized;;;4599;05/06/2023;11:40:01;37.01;;;;;;;;;;;
4600;05/06/2023;11:40:16;36.88;Synchronized;;;4600;05/06/2023;11:40:16;36.93;;;;;;;;;;;
4601;05/06/2023;11:40:31;36.88;Synchronized;;;4601;05/06/2023;11:40:31;36.91;;;;;;;;;;;
4602;05/06/2023;11:40:46;36.88;Synchronized;;;4602;05/06/2023;11:40:46;36.95;;;;;;;;;;;
4603;05/06/2023;11:41:01;36.87;Synchronized;;;4603;05/06/2023;11:41:01;36.98;;;;;;;;;;;
4604;05/06/2023;11:41:16;36.89;Synchronized;;;4604;05/06/2023;11:41:16;36.99;;;;;;;;;;;
4605;05/06/2023;11:41:31;36.87;Synchronized;;;4605;05/06/2023;11:41:31;37;;;;;;;;;;;
4606;05/06/2023;11:41:46;36.88;Synchronized;;;4606;05/06/2023;11:41:46;37.03;;;;;;;;;;;
4607;05/06/2023;11:42:01;36.89;Synchronized;;;4607;05/06/2023;11:42:01;37.02;;;;;;;;;;;
4608;05/06/2023;11:42:16;36.88;Synchronized;;;4608;05/06/2023;11:42:16;37.05;;;;;;;;;;;
4609;05/06/2023;11:42:31;36.91;Synchronized;;;4609;05/06/2023;11:42:31;37.06;;;;;;;;;;;
4610;05/06/2023;11:42:46;36.9;Synchronized;;;4610;05/06/2023;11:42:46;37.06;Synchronized;;;;;;;;;;
4611;05/06/2023;11:43:01;36.91;Synchronized;;;4611;05/06/2023;11:43:01;37.04;Synchronized;;;;;;;;;;
4612;05/06/2023;11:43:16;36.92;Synchronized;;;4612;05/06/2023;11:43:16;37.08;;;;;;;;;;;
4613;05/06/2023;11:43:31;36.94;Synchronized;;;4613;05/06/2023;11:43:31;37.12;;;;;;;;;;;
4614;05/06/2023;11:43:46;36.95;Synchronized;;;4614;05/06/2023;11:43:46;37.16;;;;;;;;;;;
4615;05/06/2023;11:44:01;36.96;Synchronized;;;4615;05/06/2023;11:44:01;37.18;;;;;;;;;;;
4616;05/06/2023;11:44:16;36.97;Synchronized;;;4616;05/06/2023;11:44:16;37.21;;;;;;;;;;;
4617;05/06/2023;11:44:31;36.97;Synchronized;;;4617;05/06/2023;11:44:31;37.23;Synchronized;;;;;;;;;;
4618;05/06/2023;11:44:46;36.96;;;;4618;05/06/2023;11:44:46;37.23;;;;;;;;;;;
4619;05/06/2023;11:45:01;36.94;;;;4619;05/06/2023;11:45:01;37.25;;;;;;;;;;;
4620;05/06/2023;11:45:16;36.94;Synchronized;;;4620;05/06/2023;11:45:16;37.26;;;;;;;;;;;
4621;05/06/2023;11:45:31;36.94;Synchronized;;;4621;05/06/2023;11:45:31;37.27;;;;;;;;;;;
4622;05/06/2023;11:45:46;36.9;;;;4622;05/06/2023;11:45:46;37.26;;;;;;;;;;;
4623;05/06/2023;11:46:01;36.91;Synchronized;;;4623;05/06/2023;11:46:01;37.21;;;;;;;;;;;
4624;05/06/2023;11:46:16;36.95;Synchronized;;;4624;05/06/2023;11:46:16;37.03;Synchronized;;;;;;;;;;
4625;05/06/2023;11:46:31;36.91;Synchronized;;;4625;05/06/2023;11:46:31;37.01;;;;;;;;;;;
4626;05/06/2023;11:46:46;36.92;Synchronized;;;4626;05/06/2023;11:46:46;37.02;;;;;;;;;;;
4627;05/06/2023;11:47:01;36.96;Synchronized;;;4627;05/06/2023;11:47:01;37.06;;;;;;;;;;;
4628;05/06/2023;11:47:16;36.95;Synchronized;;;4628;05/06/2023;11:47:16;37.06;;;;;;;;;;;
4629;05/06/2023;11:47:31;36.92;Synchronized;;;4629;05/06/2023;11:47:31;37.06;;;;;;;;;;;
4630;05/06/2023;11:47:46;36.94;Synchronized;;;4630;05/06/2023;11:47:46;37.03;;;;;;;;;;;
4631;05/06/2023;11:48:01;36.95;Synchronized;;;4631;05/06/2023;11:48:01;37.02;;;;;;;;;;;
4632;05/06/2023;11:48:16;36.95;Synchronized;;;4632;05/06/2023;11:48:16;37.07;Synchronized;;;;;;;;;;
4633;05/06/2023;11:48:31;36.92;Synchronized;;;4633;05/06/2023;11:48:31;37.09;;;;;;;;;;;
4634;05/06/2023;11:48:46;36.94;Synchronized;;;4634;05/06/2023;11:48:46;37.09;;;;;;;;;;;
4635;05/06/2023;11:49:01;36.91;Synchronized;;;4635;05/06/2023;11:49:01;37.11;;;;;;;;;;;
4636;05/06/2023;11:49:16;36.95;Synchronized;;;4636;05/06/2023;11:49:16;37.14;;;;;;;;;;;
4637;05/06/2023;11:49:31;36.95;Synchronized;;;4637;05/06/2023;11:49:31;37.13;;;;;;;;;;;
4638;05/06/2023;11:49:46;36.95;Synchronized;;;4638;05/06/2023;11:49:46;37.14;;;;;;;;;;;
4639;05/06/2023;11:50:01;36.94;Synchronized;;;4639;05/06/2023;11:50:00;37.14;;;;;;;;;;;
4640;05/06/2023;11:50:16;36.94;Synchronized;;;4640;05/06/2023;11:50:15;37.13;;;;;;;;;;;
4641;05/06/2023;11:50:31;36.95;Synchronized;;;4641;05/06/2023;11:50:30;37.16;;;;;;;;;;;
4642;05/06/2023;11:50:46;36.95;Synchronized;;;4642;05/06/2023;11:50:45;37.16;;;;;;;;;;;
4643;05/06/2023;11:51:01;36.96;Synchronized;;;4643;05/06/2023;11:51:00;37.16;;;;;;;;;;;
4644;05/06/2023;11:51:16;36.95;Synchronized;;;4644;05/06/2023;11:51:15;37.09;;;;;;;;;;;
4645;05/06/2023;11:51:31;36.95;Synchronized;;;4645;05/06/2023;11:51:30;37.09;;;;;;;;;;;
4646;05/06/2023;11:51:46;36.95;Synchronized;;;4646;05/06/2023;11:51:45;37.09;;;;;;;;;;;
4647;05/06/2023;11:52:01;36.95;Synchronized;;;4647;05/06/2023;11:52:00;37.11;;;;;;;;;;;
4648;05/06/2023;11:52:16;36.98;Synchronized;;;4648;05/06/2023;11:52:15;37.12;Synchronized;;;;;;;;;;
4649;05/06/2023;11:52:31;36.98;Synchronized;;;4649;05/06/2023;11:52:30;37.15;;;;;;;;;;;
4650;05/06/2023;11:52:46;36.98;Synchronized;;;4650;05/06/2023;11:52:45;37.16;;;;;;;;;;;
4651;05/06/2023;11:53:01;36.98;Synchronized;;;4651;05/06/2023;11:53:00;37.17;Synchronized;;;;;;;;;;
4652;05/06/2023;11:53:16;36.98;Synchronized;;;4652;05/06/2023;11:53:15;37.19;;;;;;;;;;;
4653;05/06/2023;11:53:31;36.99;Synchronized;;;4653;05/06/2023;11:53:30;37.19;;;;;;;;;;;
4654;05/06/2023;11:53:46;36.98;Synchronized;;;4654;05/06/2023;11:53:45;37.12;;;;;;;;;;;
4655;05/06/2023;11:54:01;36.98;Synchronized;;;4655;05/06/2023;11:54:00;37.07;Synchronized;;;;;;;;;;
4656;05/06/2023;11:54:16;36.98;Synchronized;;;4656;05/06/2023;11:54:15;37.06;;;;;;;;;;;
4657;05/06/2023;11:54:31;36.97;Synchronized;;;4657;05/06/2023;11:54:30;37.08;;;;;;;;;;;
4658;05/06/2023;11:54:46;36.95;Synchronized;;;4658;05/06/2023;11:54:45;37.09;;;;;;;;;;;
4659;05/06/2023;11:55:01;36.97;Synchronized;;;4659;05/06/2023;11:55:00;37.09;;;;;;;;;;;
4660;05/06/2023;11:55:16;36.98;Synchronized;;;4660;05/06/2023;11:55:15;37.14;;;;;;;;;;;
4661;05/06/2023;11:55:31;36.98;Synchronized;;;4661;05/06/2023;11:55:30;37.14;;;;;;;;;;;
4662;05/06/2023;11:55:46;36.97;Synchronized;;;4662;05/06/2023;11:55:45;37.09;;;;;;;;;;;
4663;05/06/2023;11:56:01;36.97;Synchronized;;;4663;05/06/2023;11:56:00;37;;;;;;;;;;;
4664;05/06/2023;11:56:16;36.98;Synchronized;;;4664;05/06/2023;11:56:15;36.98;;;;;;;;;;;
4665;05/06/2023;11:56:31;36.96;Synchronized;;;4665;05/06/2023;11:56:30;37.02;;;;;;;;;;;
4666;05/06/2023;11:56:46;36.95;Synchronized;;;4666;05/06/2023;11:56:45;37.05;;;;;;;;;;;
4667;05/06/2023;11:57:01;36.95;Synchronized;;;4667;05/06/2023;11:57:00;37.04;;;;;;;;;;;
4668;05/06/2023;11:57:16;36.96;Synchronized;;;4668;05/06/2023;11:57:15;37.04;;;;;;;;;;;
4669;05/06/2023;11:57:31;36.95;Synchronized;;;4669;05/06/2023;11:57:30;37.06;;;;;;;;;;;
4670;05/06/2023;11:57:46;36.95;;;;4670;05/06/2023;11:57:45;37.08;;;;;;;;;;;
4671;05/06/2023;11:58:01;36.95;Synchronized;;;4671;05/06/2023;11:58:00;37.08;;;;;;;;;;;
4672;05/06/2023;11:58:16;36.91;Synchronized;;;4672;05/06/2023;11:58:15;37.06;;;;;;;;;;;
4673;05/06/2023;11:58:31;36.91;Synchronized;;;4673;05/06/2023;11:58:30;37.02;;;;;;;;;;;
4674;05/06/2023;11:58:46;36.91;Synchronized;;;4674;05/06/2023;11:58:45;37.03;;;;;;;;;;;
4675;05/06/2023;11:59:01;36.9;Synchronized;;;4675;05/06/2023;11:59:00;37.05;;;;;;;;;;;
4676;05/06/2023;11:59:16;36.88;Synchronized;;;4676;05/06/2023;11:59:15;37.08;;;;;;;;;;;
4677;05/06/2023;11:59:31;36.88;Synchronized;;;4677;05/06/2023;11:59:30;37.07;;;;;;;;;;;
4678;05/06/2023;11:59:46;36.87;;;;4678;05/06/2023;11:59:45;37.12;;;;;;;;;;;
4679;05/06/2023;12:00:01;36.88;Synchronized;;;4679;05/06/2023;12:00:00;37.12;Synchronized;;;;;;;;;;
4680;05/06/2023;12:00:16;36.85;Synchronized;;;4680;05/06/2023;12:00:15;37.12;;;;;;;;;;;
4681;05/06/2023;12:00:31;36.84;Synchronized;;;4681;05/06/2023;12:00:30;37.13;;;;;;;;;;;
4682;05/06/2023;12:00:46;36.84;Synchronized;;;4682;05/06/2023;12:00:45;37.14;;;;;;;;;;;
4683;05/06/2023;12:01:01;36.86;Synchronized;;;4683;05/06/2023;12:01:45;37.09;;;;;;;;;;;
4684;05/06/2023;12:01:16;36.86;Synchronized;;;4684;05/06/2023;12:02:45;37.13;;;;;;;;;;;
4685;05/06/2023;12:01:31;36.86;Synchronized;;;4685;05/06/2023;12:03:45;37.17;;;;;;;;;;;
4686;05/06/2023;12:01:46;36.86;Synchronized;;;4686;05/06/2023;12:04:45;37.19;;;;;;;;;;;
4687;05/06/2023;12:02:01;36.88;Synchronized;;;4687;05/06/2023;12:05:45;37.24;;;;;;;;;;;
4688;05/06/2023;12:02:16;36.88;Synchronized;;;4688;05/06/2023;12:06:45;37.28;Synchronized;;;;;;;;;;
4689;05/06/2023;12:02:31;36.9;Synchronized;;;4689;05/06/2023;12:07:44;37.29;;;;;;;;;;;
4690;05/06/2023;12:02:46;36.88;Synchronized;;;4690;05/06/2023;12:08:44;37.3;;;;;;;;;;;
4691;05/06/2023;12:03:01;36.88;Synchronized;;;4691;05/06/2023;12:09:44;37.29;;;;;;;;;;;
4692;05/06/2023;12:03:17;36.89;Synchronized;;;4692;05/06/2023;12:10:44;37.3;;;;;;;;;;;
4693;05/06/2023;12:03:32;36.91;Synchronized;;;4693;05/06/2023;12:11:44;37.36;;;;;;;;;;;
4694;05/06/2023;12:03:47;36.95;Synchronized;;;4694;05/06/2023;12:12:44;37.35;;;;;;;;;;;
4695;05/06/2023;12:04:02;36.99;Synchronized;;;4695;05/06/2023;12:13:44;37.34;;;;;;;;;;;
4696;05/06/2023;12:04:17;37.02;Synchronized;;;4696;05/06/2023;12:14:44;37.34;Synchronized;;;;;;;;;;
4697;05/06/2023;12:04:32;37.06;Synchronized;;;4697;05/06/2023;12:15:44;37.32;Synchronized;;;;;;;;;;
4698;05/06/2023;12:04:47;37.04;Synchronized;;;4698;05/06/2023;12:16:43;37.33;Synchronized;;;;;;;;;;
4699;05/06/2023;12:05:02;37.06;Synchronized;;;4699;05/06/2023;12:17:43;37.36;;;;;;;;;;;
4700;05/06/2023;12:05:17;37.08;Synchronized;;;4700;05/06/2023;12:18:43;37.39;;;;;;;;;;;
4701;05/06/2023;12:05:32;37.04;Synchronized;;;4701;05/06/2023;12:19:43;37.37;;;;;;;;;;;
4702;05/06/2023;12:05:47;37.07;Synchronized;;;4702;05/06/2023;12:20:43;37.41;;;;;;;;;;;
4703;05/06/2023;12:06:02;37.08;Synchronized;;;4703;05/06/2023;12:21:43;37.4;;;;;;;;;;;
4704;05/06/2023;12:06:17;37.08;Synchronized;;;4704;05/06/2023;12:22:42;37.4;;;;;;;;;;;
4705;05/06/2023;12:06:32;37.08;;;;4705;05/06/2023;12:23:42;37.35;;;;;;;;;;;
4706;05/06/2023;12:06:47;37.08;Synchronized;;;4706;05/06/2023;12:24:42;37.38;Synchronized;;;;;;;;;;
4707;05/06/2023;12:07:02;37.06;Synchronized;;;4707;05/06/2023;12:25:42;37.39;;;;;;;;;;;
4708;05/06/2023;12:07:17;37.08;Synchronized;;;4708;05/06/2023;12:26:42;37.38;;;;;;;;;;;
4709;05/06/2023;12:07:32;37.07;;;;4709;05/06/2023;12:27:42;37.37;;;;;;;;;;;
4710;05/06/2023;12:07:47;37.07;Synchronized;;;4710;05/06/2023;12:28:42;37.37;;;;;;;;;;;
4711;05/06/2023;12:08:02;37.08;Synchronized;;;4711;05/06/2023;12:29:42;37.34;;;;;;;;;;;
4712;05/06/2023;12:08:17;37.05;;;;4712;05/06/2023;12:30:42;37.37;;;;;;;;;;;
4713;05/06/2023;12:08:32;37.08;Synchronized;;;4713;05/06/2023;12:31:41;37.35;;;;;;;;;;;
4714;05/06/2023;12:08:47;37.1;Synchronized;;;4714;05/06/2023;12:32:41;37.36;Synchronized;;;;;;;;;;
4715;05/06/2023;12:09:02;37.11;Synchronized;;;4715;05/06/2023;12:33:41;37.33;;;;;;;;;;;
4716;05/06/2023;12:09:17;37.11;Synchronized;;;4716;05/06/2023;12:34:41;37.35;;;;;;;;;;;
4717;05/06/2023;12:09:32;37.09;Synchronized;;;4717;05/06/2023;12:35:41;37.38;;;;;;;;;;;
4718;05/06/2023;12:09:47;37.1;Synchronized;;;4718;05/06/2023;12:36:41;37.39;;;;;;;;;;;
4719;05/06/2023;12:10:02;37.1;Synchronized;;;4719;05/06/2023;12:37:41;37.38;;;;;;;;;;;
4720;05/06/2023;12:10:17;37.13;Synchronized;;;4720;05/06/2023;12:38:41;37.41;;;;;;;;;;;
4721;05/06/2023;12:10:32;37.13;Synchronized;;;4721;05/06/2023;12:39:40;37.48;;;;;;;;;;;
4722;05/06/2023;12:10:47;37.13;Synchronized;;;4722;05/06/2023;12:40:40;37.52;;;;;;;;;;;
4723;05/06/2023;12:11:02;37.13;Synchronized;;;4723;05/06/2023;12:41:40;37.52;;;;;;;;;;;
4724;05/06/2023;12:11:17;37.13;Synchronized;;;4724;05/06/2023;12:42:40;37.51;;;;;;;;;;;
4725;05/06/2023;12:11:32;37.13;Synchronized;;;4725;05/06/2023;12:43:40;37.51;;;;;;;;;;;
4726;05/06/2023;12:11:47;37.12;;;;4726;05/06/2023;12:44:40;37.48;Synchronized;;;;;;;;;;
4727;05/06/2023;12:12:02;37.12;Synchronized;;;4727;05/06/2023;12:45:40;37.42;Synchronized;;;;;;;;;;
4728;05/06/2023;12:12:17;37.13;Synchronized;;;4728;05/06/2023;12:46:40;37.52;Synchronized;;;;;;;;;;
4729;05/06/2023;12:12:32;37.11;Synchronized;;;4729;05/06/2023;12:47:39;37.51;Synchronized;;;;;;;;;;
4730;05/06/2023;12:12:47;37.12;;;;4730;05/06/2023;12:48:39;37.51;Synchronized;;;;;;;;;;
4731;05/06/2023;12:13:02;37.12;;;;4731;05/06/2023;12:49:39;37.5;Synchronized;;;;;;;;;;
4732;05/06/2023;12:13:17;37.11;;;;4732;05/06/2023;12:50:39;37.53;Synchronized;;;;;;;;;;
4733;05/06/2023;12:13:32;37.13;;;;4733;05/06/2023;12:51:39;37.53;Synchronized;;;;;;;;;;
4734;05/06/2023;12:13:47;37.11;;;;4734;05/06/2023;12:52:39;37.56;Synchronized;;;;;;;;;;
4735;05/06/2023;12:14:02;37.1;;;;4735;05/06/2023;12:53:38;37.56;Synchronized;;;;;;;;;;
4736;05/06/2023;12:14:17;37.09;;;;4736;05/06/2023;12:54:38;37.53;Synchronized;;;;;;;;;;
4737;05/06/2023;12:14:32;37.09;;;;4737;05/06/2023;12:55:38;37.51;Synchronized;;;;;;;;;;
4738;05/06/2023;12:14:47;37.08;;;;4738;05/06/2023;12:56:38;37.48;Synchronized;;;;;;;;;;
4739;05/06/2023;12:15:02;37.09;;;;4739;05/06/2023;12:57:38;37.45;Synchronized;;;;;;;;;;
4740;05/06/2023;12:15:17;37.12;;;;4740;05/06/2023;12:58:38;37.44;Synchronized;;;;;;;;;;
4741;05/06/2023;12:15:32;37.11;Synchronized;;;4741;05/06/2023;12:59:38;37.43;Synchronized;;;;;;;;;;
4742;05/06/2023;12:15:47;37.13;;;;4742;05/06/2023;13:00:37;37.48;Synchronized;;;;;;;;;;
4743;05/06/2023;12:16:02;37.13;Synchronized;;;4743;05/06/2023;13:01:37;37.51;Synchronized;;;;;;;;;;
4744;05/06/2023;12:16:17;37.14;Synchronized;;;4744;05/06/2023;13:02:37;37.5;Synchronized;;;;;;;;;;
4745;05/06/2023;12:16:32;37.16;Synchronized;;;4745;05/06/2023;13:03:37;37.51;Synchronized;;;;;;;;;;
4746;05/06/2023;12:16:47;37.16;Synchronized;;;4746;05/06/2023;13:04:37;37.5;Synchronized;;;;;;;;;;
4747;05/06/2023;12:17:02;37.16;;;;4747;05/06/2023;13:05:37;37.52;Synchronized;;;;;;;;;;
4748;05/06/2023;12:17:17;37.13;Synchronized;;;4748;05/06/2023;13:06:36;37.52;Synchronized;;;;;;;;;;
4749;05/06/2023;12:17:32;37.12;Synchronized;;;4749;05/06/2023;13:07:36;37.51;Synchronized;;;;;;;;;;
4750;05/06/2023;12:17:47;37.12;;;;4750;05/06/2023;13:08:36;37.54;Synchronized;;;;;;;;;;
4751;05/06/2023;12:18:02;37.13;;;;4751;05/06/2023;13:09:36;37.55;Synchronized;;;;;;;;;;
4752;05/06/2023;12:18:17;37.13;;;;4752;05/06/2023;13:10:36;37.55;Synchronized;;;;;;;;;;
4753;05/06/2023;12:18:32;37.13;;;;4753;05/06/2023;13:11:36;37.56;Synchronized;;;;;;;;;;
4754;05/06/2023;12:18:47;37.13;;;;4754;05/06/2023;13:12:36;37.56;Synchronized;;;;;;;;;;
4755;05/06/2023;12:19:02;37.14;;;;4755;05/06/2023;13:13:35;37.55;Synchronized;;;;;;;;;;
4756;05/06/2023;12:19:17;37.15;;;;4756;05/06/2023;13:14:35;37.59;Synchronized;;;;;;;;;;
4757;05/06/2023;12:19:32;37.16;Synchronized;;;4757;05/06/2023;13:15:35;37.63;Synchronized;;;;;;;;;;
4758;05/06/2023;12:19:47;37.15;Synchronized;;;4758;05/06/2023;13:16:35;37.63;Synchronized;;;;;;;;;;
4759;05/06/2023;12:20:02;37.16;Synchronized;;;4759;05/06/2023;13:17:35;37.64;Synchronized;;;;;;;;;;
4760;05/06/2023;12:20:17;37.15;Synchronized;;;4760;05/06/2023;13:18:35;37.62;Synchronized;;;;;;;;;;
4761;05/06/2023;12:20:32;37.18;Synchronized;;;4761;05/06/2023;13:19:34;37.65;Synchronized;;;;;;;;;;
4762;05/06/2023;12:20:47;37.18;Synchronized;;;4762;05/06/2023;13:20:34;37.66;Synchronized;;;;;;;;;;
4763;05/06/2023;12:21:02;37.18;;;;4763;05/06/2023;13:21:34;37.64;Synchronized;;;;;;;;;;
4764;05/06/2023;12:21:17;37.19;;;;4764;05/06/2023;13:22:34;37.63;;;;;;;;;;;
4765;05/06/2023;12:21:32;37.21;Synchronized;;;4765;05/06/2023;13:23:34;37.6;;;;;;;;;;;
4766;05/06/2023;12:21:47;37.18;Synchronized;;;4766;05/06/2023;13:24:34;37.55;Synchronized;;;;;;;;;;
4767;05/06/2023;12:22:02;37.2;Synchronized;;;4767;05/06/2023;13:25:34;37.52;Synchronized;;;;;;;;;;
4768;05/06/2023;12:22:17;37.22;Synchronized;;;4768;05/06/2023;13:26:33;37.48;Synchronized;;;;;;;;;;
4769;05/06/2023;12:22:32;37.2;Synchronized;;;4769;05/06/2023;13:27:33;37.43;Synchronized;;;;;;;;;;
4770;05/06/2023;12:22:47;37.2;Synchronized;;;4770;05/06/2023;13:28:33;37.39;Synchronized;;;;;;;;;;
4771;05/06/2023;12:23:02;37.21;;;;4771;05/06/2023;13:29:33;37.42;;;;;;;;;;;
4772;05/06/2023;12:23:17;37.2;;;;4772;05/06/2023;13:30:33;37.4;;;;;;;;;;;
4773;05/06/2023;12:23:32;37.2;;;;4773;05/06/2023;13:31:33;37.39;;;;;;;;;;;
4774;05/06/2023;12:23:47;37.21;;;;4774;05/06/2023;13:32:33;37.38;;;;;;;;;;;
4775;05/06/2023;12:24:02;37.23;;;;4775;05/06/2023;13:33:33;37.32;;;;;;;;;;;
4776;05/06/2023;12:24:17;37.23;Synchronized;;;4776;05/06/2023;13:34:33;37.29;Synchronized;;;;;;;;;;
4777;05/06/2023;12:24:32;37.22;Synchronized;;;4777;05/06/2023;13:35:32;37.27;;;;;;;;;;;
4778;05/06/2023;12:24:47;37.22;Synchronized;;;4778;05/06/2023;13:36:32;37.27;;;;;;;;;;;
4779;05/06/2023;12:25:02;37.21;Synchronized;;;4779;05/06/2023;13:37:32;37.23;;;;;;;;;;;
4780;05/06/2023;12:25:17;37.23;;;;4780;05/06/2023;13:38:32;37.23;Synchronized;;;;;;;;;;
4781;05/06/2023;12:25:32;37.21;Synchronized;;;4781;05/06/2023;13:39:32;37.23;;;;;;;;;;;
4782;05/06/2023;12:25:47;37.23;Synchronized;;;4782;05/06/2023;13:40:32;37.24;;;;;;;;;;;
4783;05/06/2023;12:26:02;37.23;;;;4783;05/06/2023;13:41:32;37.27;;;;;;;;;;;
4784;05/06/2023;12:26:17;37.2;;;;4784;05/06/2023;13:42:32;37.26;Synchronized;;;;;;;;;;
4785;05/06/2023;12:26:32;37.21;;;;4785;05/06/2023;13:43:31;37.27;;;;;;;;;;;
4786;05/06/2023;12:26:47;37.2;;;;4786;05/06/2023;13:44:31;37.26;Synchronized;;;;;;;;;;
4787;05/06/2023;12:27:02;37.2;;;;4787;05/06/2023;13:45:31;37.27;Synchronized;;;;;;;;;;
4788;05/06/2023;12:27:17;37.19;;;;4788;05/06/2023;13:46:31;37.27;;;;;;;;;;;
4789;05/06/2023;12:27:32;37.12;;;;4789;05/06/2023;13:47:31;37.26;;;;;;;;;;;
4790;05/06/2023;12:27:47;37.13;;;;4790;05/06/2023;13:48:31;37.26;Synchronized;;;;;;;;;;
4791;05/06/2023;12:28:02;37.11;Synchronized;;;4791;05/06/2023;13:49:31;37.28;Synchronized;;;;;;;;;;
4792;05/06/2023;12:28:17;37.07;;;;4792;05/06/2023;13:50:31;37.27;;;;;;;;;;;
4793;05/06/2023;12:28:32;37.06;;;;4793;05/06/2023;13:51:30;37.29;;;;;;;;;;;
4794;05/06/2023;12:28:47;37.03;;;;4794;05/06/2023;13:52:30;37.3;;;;;;;;;;;
4795;05/06/2023;12:29:02;37.04;Synchronized;;;4795;05/06/2023;13:53:30;37.3;Synchronized;;;;;;;;;;
4796;05/06/2023;12:29:17;37.02;;;;4796;05/06/2023;13:54:30;37.32;;;;;;;;;;;
4797;05/06/2023;12:29:32;37.03;Synchronized;;;4797;05/06/2023;13:55:30;37.33;;;;;;;;;;;
4798;05/06/2023;12:29:47;37.04;Synchronized;;;4798;05/06/2023;13:56:30;37.3;;;;;;;;;;;
4799;05/06/2023;12:30:02;37.08;;;;4799;05/06/2023;13:57:30;37.3;;;;;;;;;;;
4800;05/06/2023;12:30:17;37.08;;;;4800;05/06/2023;13:58:30;37.3;;;;;;;;;;;
4801;05/06/2023;12:30:32;37.09;Synchronized;;;4801;05/06/2023;13:59:29;37.3;;;;;;;;;;;
4802;05/06/2023;12:30:47;37.09;Synchronized;;;4802;05/06/2023;14:00:29;37.35;;;;;;;;;;;
4803;05/06/2023;12:31:02;37.05;Synchronized;;;4803;05/06/2023;14:01:29;37.35;;;;;;;;;;;
4804;05/06/2023;12:31:17;37.09;Synchronized;;;4804;05/06/2023;14:02:29;37.36;;;;;;;;;;;
4805;05/06/2023;12:31:32;37.1;Synchronized;;;4805;05/06/2023;14:03:29;37.38;;;;;;;;;;;
4806;05/06/2023;12:31:47;37.1;Synchronized;;;4806;05/06/2023;14:04:29;37.41;;;;;;;;;;;
4807;05/06/2023;12:32:02;37.13;Synchronized;;;4807;05/06/2023;14:05:29;37.42;Synchronized;;;;;;;;;;
4808;05/06/2023;12:32:17;37.12;Synchronized;;;4808;05/06/2023;14:06:29;37.43;Synchronized;;;;;;;;;;
4809;05/06/2023;12:32:32;37.09;;;;4809;05/06/2023;14:07:28;37.45;Synchronized;;;;;;;;;;
4810;05/06/2023;12:32:47;37.1;Synchronized;;;4810;05/06/2023;14:08:28;37.47;;;;;;;;;;;
4811;05/06/2023;12:33:02;37.06;;;;4811;05/06/2023;14:09:28;37.47;Synchronized;;;;;;;;;;
4812;05/06/2023;12:33:17;37.01;Synchronized;;;4812;05/06/2023;14:10:28;37.48;;;;;;;;;;;
4813;05/06/2023;12:33:32;36.96;Synchronized;;;4813;05/06/2023;14:11:28;37.52;;;;;;;;;;;
4814;05/06/2023;12:33:47;36.98;;;;4814;05/06/2023;14:12:28;37.52;;;;;;;;;;;
4815;05/06/2023;12:34:02;36.95;;;;4815;05/06/2023;14:13:27;37.54;;;;;;;;;;;
4816;05/06/2023;12:34:17;36.95;;;;4816;05/06/2023;14:14:27;37.55;Synchronized;;;;;;;;;;
4817;05/06/2023;12:34:32;36.95;;;;4817;05/06/2023;14:15:27;37.55;;;;;;;;;;;
4818;05/06/2023;12:34:47;36.94;Synchronized;;;4818;05/06/2023;14:16:27;37.55;;;;;;;;;;;
4819;05/06/2023;12:35:02;36.91;Synchronized;;;4819;05/06/2023;14:17:27;37.55;;;;;;;;;;;
4820;05/06/2023;12:35:17;36.89;Synchronized;;;4820;05/06/2023;14:18:27;37.54;;;;;;;;;;;
4821;05/06/2023;12:35:32;36.9;Synchronized;;;4821;05/06/2023;14:19:27;37.55;;;;;;;;;;;
4822;05/06/2023;12:35:47;36.91;Synchronized;;;4822;05/06/2023;14:20:26;37.52;;;;;;;;;;;
4823;05/06/2023;12:36:02;36.91;Synchronized;;;4823;05/06/2023;14:21:26;37.48;;;;;;;;;;;
4824;05/06/2023;12:36:17;36.94;Synchronized;;;4824;05/06/2023;14:22:26;37.44;;;;;;;;;;;
4825;05/06/2023;12:36:32;36.95;Synchronized;;;4825;05/06/2023;14:23:26;37.41;;;;;;;;;;;
4826;05/06/2023;12:36:47;36.92;Synchronized;;;4826;05/06/2023;14:24:26;37.4;;;;;;;;;;;
4827;05/06/2023;12:37:02;36.95;Synchronized;;;4827;05/06/2023;14:25:26;37.41;;;;;;;;;;;
4828;05/06/2023;12:37:17;36.95;Synchronized;;;4828;05/06/2023;14:26:26;37.41;;;;;;;;;;;
4829;05/06/2023;12:37:32;36.94;Synchronized;;;4829;05/06/2023;14:27:25;37.43;;;;;;;;;;;
4830;05/06/2023;12:37:47;36.94;Synchronized;;;4830;05/06/2023;14:28:25;37.48;;;;;;;;;;;
4831;05/06/2023;12:38:02;36.96;Synchronized;;;4831;05/06/2023;14:29:25;37.48;;;;;;;;;;;
4832;05/06/2023;12:38:17;36.98;Synchronized;;;4832;05/06/2023;14:30:25;37.52;;;;;;;;;;;
4833;05/06/2023;12:38:32;36.98;Synchronized;;;4833;05/06/2023;14:31:25;37.54;;;;;;;;;;;
4834;05/06/2023;12:38:47;36.95;Synchronized;;;4834;05/06/2023;14:32:25;37.55;;;;;;;;;;;
4835;05/06/2023;12:39:02;36.97;;;;4835;05/06/2023;14:33:24;37.57;;;;;;;;;;;
4836;05/06/2023;12:39:17;36.92;Synchronized;;;4836;05/06/2023;14:34:24;37.59;;;;;;;;;;;
4837;05/06/2023;12:39:32;36.9;;;;4837;05/06/2023;14:35:24;37.63;;;;;;;;;;;
4838;05/06/2023;12:39:47;36.91;Synchronized;;;4838;05/06/2023;14:36:24;37.63;Synchronized;;;;;;;;;;
4839;05/06/2023;12:40:02;36.89;Synchronized;;;4839;05/06/2023;14:37:24;37.62;Synchronized;;;;;;;;;;
4840;05/06/2023;12:40:17;36.91;Synchronized;;;4840;05/06/2023;14:38:23;37.56;Synchronized;;;;;;;;;;
4841;05/06/2023;12:40:32;36.91;Synchronized;;;4841;05/06/2023;14:39:23;37.5;Synchronized;;;;;;;;;;
4842;05/06/2023;12:40:47;36.91;Synchronized;;;4842;05/06/2023;14:40:23;37.52;;;;;;;;;;;
4843;05/06/2023;12:41:02;36.89;Synchronized;;;4843;05/06/2023;14:41:23;37.5;;;;;;;;;;;
4844;05/06/2023;12:41:17;36.9;;;;4844;05/06/2023;14:42:23;37.52;;;;;;;;;;;
4845;05/06/2023;12:41:32;36.89;Synchronized;;;4845;05/06/2023;14:43:23;37.47;;;;;;;;;;;
4846;05/06/2023;12:41:47;36.89;Synchronized;;;4846;05/06/2023;14:44:23;37.45;;;;;;;;;;;
4847;05/06/2023;12:42:02;36.92;;;;4847;05/06/2023;14:45:23;37.41;;;;;;;;;;;
4848;05/06/2023;12:42:17;36.92;Synchronized;;;4848;05/06/2023;14:46:23;37.36;;;;;;;;;;;
4849;05/06/2023;12:42:32;36.91;Synchronized;;;4849;05/06/2023;14:47:22;37.3;;;;;;;;;;;
4850;05/06/2023;12:42:47;36.92;Synchronized;;;4850;05/06/2023;14:48:22;37.29;;;;;;;;;;;
4851;05/06/2023;12:43:02;36.9;;;;4851;05/06/2023;14:49:22;37.29;Synchronized;;;;;;;;;;
4852;05/06/2023;12:43:17;36.91;;;;4852;05/06/2023;14:50:22;37.28;;;;;;;;;;;
4853;05/06/2023;12:43:32;36.91;Synchronized;;;4853;05/06/2023;14:51:22;37.27;;;;;;;;;;;
4854;05/06/2023;12:43:47;36.91;;;;4854;05/06/2023;14:52:22;37.27;;;;;;;;;;;
4855;05/06/2023;12:44:02;36.91;;;;4855;05/06/2023;14:53:22;37.23;;;;;;;;;;;
4856;05/06/2023;12:44:17;36.91;Synchronized;;;4856;05/06/2023;14:54:22;37.21;;;;;;;;;;;
4857;05/06/2023;12:44:32;36.91;;;;4857;05/06/2023;14:55:21;37.23;;;;;;;;;;;
4858;05/06/2023;12:44:47;36.91;;;;4858;05/06/2023;14:56:21;37.21;;;;;;;;;;;
4859;05/06/2023;12:45:02;36.91;Synchronized;;;4859;05/06/2023;14:57:21;37.26;;;;;;;;;;;
4860;05/06/2023;12:45:17;36.9;Synchronized;;;4860;05/06/2023;14:58:21;37.27;;;;;;;;;;;
4861;05/06/2023;12:45:32;36.91;Synchronized;;;4861;05/06/2023;14:59:21;37.29;;;;;;;;;;;
4862;05/06/2023;12:45:47;36.92;;;;4862;05/06/2023;15:00:21;37.29;;;;;;;;;;;
4863;05/06/2023;12:46:02;36.95;;;;4863;05/06/2023;15:01:21;37.27;;;;;;;;;;;
4864;05/06/2023;12:46:17;36.94;;;;4864;05/06/2023;15:02:21;37.27;;;;;;;;;;;
4865;05/06/2023;12:46:32;36.96;;;;4865;05/06/2023;15:03:20;37.28;;;;;;;;;;;
4866;05/06/2023;12:46:47;36.97;;;;4866;05/06/2023;15:04:20;37.28;;;;;;;;;;;
4867;05/06/2023;12:47:02;36.95;;;;4867;05/06/2023;15:05:20;37.28;;;;;;;;;;;
4868;05/06/2023;12:47:17;36.98;Synchronized;;;4868;05/06/2023;15:06:20;37.29;Synchronized;;;;;;;;;;
4869;05/06/2023;12:47:32;36.97;Synchronized;;;4869;05/06/2023;15:07:20;37.29;;;;;;;;;;;
4870;05/06/2023;12:47:47;36.98;;;;4870;05/06/2023;15:08:20;37.24;;;;;;;;;;;
4871;05/06/2023;12:48:02;36.99;Synchronized;;;4871;05/06/2023;15:09:20;37.23;Synchronized;;;;;;;;;;
4872;05/06/2023;12:48:17;37.02;Synchronized;;;4872;05/06/2023;15:10:19;37.19;Synchronized;;;;;;;;;;
4873;05/06/2023;12:48:32;37.08;Synchronized;;;4873;05/06/2023;15:11:19;37.24;;;;;;;;;;;
4874;05/06/2023;12:48:47;37.11;Synchronized;;;4874;05/06/2023;15:12:19;37.27;Synchronized;;;;;;;;;;
4875;05/06/2023;12:49:02;37.11;Synchronized;;;4875;05/06/2023;15:13:19;37.28;;;;;;;;;;;
4876;05/06/2023;12:49:17;37.13;Synchronized;;;4876;05/06/2023;15:14:19;37.25;;;;;;;;;;;
4877;05/06/2023;12:49:32;37.14;Synchronized;;;4877;05/06/2023;15:15:19;37.27;;;;;;;;;;;
4878;05/06/2023;12:49:47;37.18;Synchronized;;;4878;05/06/2023;15:16:19;37.23;;;;;;;;;;;
4879;05/06/2023;12:50:02;37.2;Synchronized;;;4879;05/06/2023;15:17:19;37.26;;;;;;;;;;;
4880;05/06/2023;12:50:17;37.18;Synchronized;;;4880;05/06/2023;15:18:19;37.27;;;;;;;;;;;
4881;05/06/2023;12:50:32;37.16;Synchronized;;;4881;05/06/2023;15:19:19;37.32;Synchronized;;;;;;;;;;
4882;05/06/2023;12:50:47;37.16;Synchronized;;;4882;05/06/2023;15:20:18;37.38;;;;;;;;;;;
4883;05/06/2023;12:51:02;37.16;Synchronized;;;4883;05/06/2023;15:21:18;37.36;;;;;;;;;;;
4884;05/06/2023;12:51:17;37.2;Synchronized;;;4884;05/06/2023;15:22:18;37.32;Synchronized;;;;;;;;;;
4885;05/06/2023;12:51:32;37.18;Synchronized;;;4885;05/06/2023;15:23:18;37.34;;;;;;;;;;;
4886;05/06/2023;12:51:47;37.19;Synchronized;;;4886;05/06/2023;15:24:18;37.38;;;;;;;;;;;
4887;05/06/2023;12:52:02;37.18;Synchronized;;;4887;05/06/2023;15:25:18;37.41;;;;;;;;;;;
4888;05/06/2023;12:52:17;37.18;Synchronized;;;4888;05/06/2023;15:26:17;37.42;;;;;;;;;;;
4889;05/06/2023;12:52:32;37.16;Synchronized;;;4889;05/06/2023;15:27:17;37.44;Synchronized;;;;;;;;;;
4890;05/06/2023;12:52:47;37.19;Synchronized;;;4890;05/06/2023;15:28:17;37.43;Synchronized;;;;;;;;;;
4891;05/06/2023;12:53:02;37.16;Synchronized;;;4891;05/06/2023;15:29:17;37.45;;;;;;;;;;;
4892;05/06/2023;12:53:17;37.16;Synchronized;;;4892;05/06/2023;15:30:17;37.41;Synchronized;;;;;;;;;;
4893;05/06/2023;12:53:32;37.16;Synchronized;;;4893;05/06/2023;15:31:17;37.42;Synchronized;;;;;;;;;;
4894;05/06/2023;12:53:47;37.15;Synchronized;;;4894;05/06/2023;15:32:16;37.31;Synchronized;;;;;;;;;;
4895;05/06/2023;12:54:02;37.15;Synchronized;;;4895;05/06/2023;15:33:16;37.24;;;;;;;;;;;
4896;05/06/2023;12:54:17;37.15;Synchronized;;;4896;05/06/2023;15:34:16;37.19;Synchronized;;;;;;;;;;
4897;05/06/2023;12:54:32;37.14;Synchronized;;;4897;05/06/2023;15:35:16;37.14;;;;;;;;;;;
4898;05/06/2023;12:54:47;37.15;Synchronized;;;4898;05/06/2023;15:36:16;37.14;;;;;;;;;;;
4899;05/06/2023;12:55:02;37.14;Synchronized;;;4899;05/06/2023;15:37:16;37.14;;;;;;;;;;;
4900;05/06/2023;12:55:17;37.1;Synchronized;;;4900;05/06/2023;15:38:16;37.15;Synchronized;;;;;;;;;;
4901;05/06/2023;12:55:32;37.11;Synchronized;;;4901;05/06/2023;15:39:16;37.18;;;;;;;;;;;
4902;05/06/2023;12:55:47;37.09;Synchronized;;;4902;05/06/2023;15:40:15;37.23;;;;;;;;;;;
4903;05/06/2023;12:56:02;37.07;Synchronized;;;4903;05/06/2023;15:41:15;37.19;;;;;;;;;;;
4904;05/06/2023;12:56:17;37.03;Synchronized;;;4904;05/06/2023;15:42:15;37.18;;;;;;;;;;;
4905;05/06/2023;12:56:32;37.03;Synchronized;;;4905;05/06/2023;15:43:15;37.23;Synchronized;;;;;;;;;;
4906;05/06/2023;12:56:47;37.02;Synchronized;;;4906;05/06/2023;15:44:15;37.28;;;;;;;;;;;
4907;05/06/2023;12:57:02;37.01;Synchronized;;;4907;05/06/2023;15:45:15;37.3;;;;;;;;;;;
4908;05/06/2023;12:57:17;36.99;Synchronized;;;4908;05/06/2023;15:46:15;37.34;;;;;;;;;;;
4909;05/06/2023;12:57:32;37;Synchronized;;;4909;05/06/2023;15:47:15;37.35;;;;;;;;;;;
4910;05/06/2023;12:57:47;37;Synchronized;;;4910;05/06/2023;15:48:14;37.34;;;;;;;;;;;
4911;05/06/2023;12:58:02;37.01;Synchronized;;;4911;05/06/2023;15:49:14;37.34;;;;;;;;;;;
4912;05/06/2023;12:58:17;37.01;Synchronized;;;4912;05/06/2023;15:50:14;37.38;Synchronized;;;;;;;;;;
4913;05/06/2023;12:58:32;37.01;Synchronized;;;4913;05/06/2023;15:51:14;37.36;;;;;;;;;;;
4914;05/06/2023;12:58:47;37;Synchronized;;;4914;05/06/2023;15:52:14;37.34;;;;;;;;;;;
4915;05/06/2023;12:59:02;36.98;Synchronized;;;4915;05/06/2023;15:53:14;37.37;;;;;;;;;;;
4916;05/06/2023;12:59:17;36.98;Synchronized;;;4916;05/06/2023;15:54:14;37.37;;;;;;;;;;;
4917;05/06/2023;12:59:32;36.96;Synchronized;;;4917;05/06/2023;15:55:14;37.35;Synchronized;;;;;;;;;;
4918;05/06/2023;12:59:47;36.96;Synchronized;;;4918;05/06/2023;15:56:13;37.41;;;;;;;;;;;
4919;05/06/2023;13:00:02;36.95;Synchronized;;;4919;05/06/2023;15:57:13;37.41;;;;;;;;;;;
4920;05/06/2023;13:00:17;36.96;Synchronized;;;4920;05/06/2023;15:58:13;37.43;;;;;;;;;;;
4921;05/06/2023;13:00:32;36.97;Synchronized;;;4921;05/06/2023;15:59:13;37.42;;;;;;;;;;;
4922;05/06/2023;13:00:47;36.96;Synchronized;;;4922;05/06/2023;16:00:13;37.45;;;;;;;;;;;
4923;05/06/2023;13:01:02;36.96;Synchronized;;;4923;05/06/2023;16:01:12;37.44;;;;;;;;;;;
4924;05/06/2023;13:01:17;36.98;Synchronized;;;4924;05/06/2023;16:02:12;37.43;;;;;;;;;;;
4925;05/06/2023;13:01:32;36.95;Synchronized;;;4925;05/06/2023;16:03:12;37.44;;;;;;;;;;;
4926;05/06/2023;13:01:47;36.96;Synchronized;;;4926;05/06/2023;16:04:12;37.45;;;;;;;;;;;
4927;05/06/2023;13:02:02;36.95;Synchronized;;;4927;05/06/2023;16:05:12;37.45;;;;;;;;;;;
4928;05/06/2023;13:02:17;36.96;Synchronized;;;4928;05/06/2023;16:06:12;37.45;;;;;;;;;;;
4929;05/06/2023;13:02:32;36.95;Synchronized;;;4929;05/06/2023;16:07:12;37.45;;;;;;;;;;;
4930;05/06/2023;13:02:47;36.94;Synchronized;;;4930;05/06/2023;16:08:11;37.48;;;;;;;;;;;
4931;05/06/2023;13:03:02;36.95;Synchronized;;;4931;05/06/2023;16:09:11;37.45;;;;;;;;;;;
4932;05/06/2023;13:03:17;36.95;Synchronized;;;4932;05/06/2023;16:10:11;37.45;;;;;;;;;;;
4933;05/06/2023;13:03:32;36.97;Synchronized;;;4933;05/06/2023;16:11:11;37.45;;;;;;;;;;;
4934;05/06/2023;13:03:47;36.95;Synchronized;;;4934;05/06/2023;16:12:11;37.45;Synchronized;;;;;;;;;;
4935;05/06/2023;13:04:02;36.92;Synchronized;;;4935;05/06/2023;16:13:11;37.45;Synchronized;;;;;;;;;;
4936;05/06/2023;13:04:17;36.95;Synchronized;;;4936;05/06/2023;16:14:10;37.48;Synchronized;;;;;;;;;;
4937;05/06/2023;13:04:32;36.95;Synchronized;;;4937;05/06/2023;16:15:10;37.48;;;;;;;;;;;
4938;05/06/2023;13:04:47;36.94;Synchronized;;;4938;05/06/2023;16:16:10;37.48;Synchronized;;;;;;;;;;
4939;05/06/2023;13:05:02;36.97;Synchronized;;;4939;05/06/2023;16:17:10;37.48;;;;;;;;;;;
4940;05/06/2023;13:05:17;36.96;Synchronized;;;4940;05/06/2023;16:18:10;37.48;;;;;;;;;;;
4941;05/06/2023;13:05:32;36.98;Synchronized;;;4941;05/06/2023;16:19:10;37.51;Synchronized;;;;;;;;;;
4942;05/06/2023;13:05:47;36.98;Synchronized;;;4942;05/06/2023;16:20:10;37.5;Synchronized;;;;;;;;;;
4943;05/06/2023;13:06:02;36.96;Synchronized;;;4943;05/06/2023;16:21:09;37.51;Synchronized;;;;;;;;;;
4944;05/06/2023;13:06:17;36.95;Synchronized;;;4944;05/06/2023;16:22:09;37.52;Synchronized;;;;;;;;;;
4945;05/06/2023;13:06:32;36.96;Synchronized;;;4945;05/06/2023;16:23:09;37.51;;;;;;;;;;;
4946;05/06/2023;13:06:47;36.97;Synchronized;;;4946;05/06/2023;16:24:09;37.51;;;;;;;;;;;
4947;05/06/2023;13:07:02;36.95;Synchronized;;;4947;05/06/2023;16:25:09;37.53;;;;;;;;;;;
4948;05/06/2023;13:07:17;36.97;Synchronized;;;4948;05/06/2023;16:26:09;37.53;;;;;;;;;;;
4949;05/06/2023;13:07:32;36.96;Synchronized;;;4949;05/06/2023;16:27:09;37.52;Synchronized;;;;;;;;;;
4950;05/06/2023;13:07:47;36.97;Synchronized;;;4950;05/06/2023;16:28:08;37.52;;;;;;;;;;;
4951;05/06/2023;13:08:02;36.98;Synchronized;;;4951;05/06/2023;16:29:08;37.52;;;;;;;;;;;
4952;05/06/2023;13:08:17;36.97;Synchronized;;;4952;05/06/2023;16:30:08;37.56;;;;;;;;;;;
4953;05/06/2023;13:08:32;36.96;Synchronized;;;4953;05/06/2023;16:31:08;37.54;Synchronized;;;;;;;;;;
4954;05/06/2023;13:08:47;36.98;Synchronized;;;4954;05/06/2023;16:32:07;37.55;Synchronized;;;;;;;;;;
4955;05/06/2023;13:09:02;36.96;Synchronized;;;4955;05/06/2023;16:33:07;37.54;;;;;;;;;;;
4956;05/06/2023;13:09:17;36.98;Synchronized;;;4956;05/06/2023;16:34:07;37.56;;;;;;;;;;;
4957;05/06/2023;13:09:32;36.97;Synchronized;;;4957;05/06/2023;16:35:07;37.56;;;;;;;;;;;
4958;05/06/2023;13:09:47;36.98;Synchronized;;;4958;05/06/2023;16:36:07;37.57;;;;;;;;;;;
4959;05/06/2023;13:10:02;36.99;Synchronized;;;4959;05/06/2023;16:37:07;37.58;;;;;;;;;;;
4960;05/06/2023;13:10:17;36.99;Synchronized;;;4960;05/06/2023;16:38:07;37.55;Synchronized;;;;;;;;;;
4961;05/06/2023;13:10:32;37.01;Synchronized;;;4961;05/06/2023;16:39:06;37.57;;;;;;;;;;;
4962;05/06/2023;13:10:47;36.98;Synchronized;;;4962;05/06/2023;16:40:06;37.57;;;;;;;;;;;
4963;05/06/2023;13:11:02;36.99;Synchronized;;;4963;05/06/2023;16:41:06;37.58;;;;;;;;;;;
4964;05/06/2023;13:11:17;36.98;Synchronized;;;4964;05/06/2023;16:42:06;37.59;Synchronized;;;;;;;;;;
4965;05/06/2023;13:11:32;36.98;Synchronized;;;4965;05/06/2023;16:43:06;37.57;;;;;;;;;;;
4966;05/06/2023;13:11:47;36.98;Synchronized;;;4966;05/06/2023;16:44:05;37.58;;;;;;;;;;;
4967;05/06/2023;13:12:02;37;Synchronized;;;4967;05/06/2023;16:45:05;37.62;Synchronized;;;;;;;;;;
4968;05/06/2023;13:12:17;36.98;Synchronized;;;4968;05/06/2023;16:46:05;37.62;;;;;;;;;;;
4969;05/06/2023;13:12:32;36.97;Synchronized;;;4969;05/06/2023;16:47:05;37.68;;;;;;;;;;;
4970;05/06/2023;13:12:47;36.98;Synchronized;;;4970;05/06/2023;16:48:05;;Missing data;;;;;;;;;;
4971;05/06/2023;13:13:02;36.98;Synchronized;;;4971;05/06/2023;16:49:04;;Missing data;;;;;;;;;;
4972;05/06/2023;13:13:17;36.97;Synchronized;;;4972;05/06/2023;16:50:04;37.69;;;;;;;;;;;
4973;05/06/2023;13:13:32;36.99;Synchronized;;;4973;05/06/2023;16:51:04;;Missing data;;;;;;;;;;
4974;05/06/2023;13:13:47;36.97;Synchronized;;;4974;05/06/2023;16:52:04;;Missing data;;;;;;;;;;
4975;05/06/2023;13:14:02;36.98;Synchronized;;;4975;05/06/2023;16:53:04;37.74;;;;;;;;;;;
4976;05/06/2023;13:14:17;36.98;Synchronized;;;;;;;;;;;;;;;;;
4977;05/06/2023;13:14:32;36.98;Synchronized;;;;;;;;;;;;;;;;;
4978;05/06/2023;13:14:47;36.98;Synchronized;;;;;;;;;;;;;;;;;
4979;05/06/2023;13:15:02;36.98;Synchronized;;;;;;;;;;;;;;;;;
4980;05/06/2023;13:15:17;37.01;Synchronized;;;;;;;;;;;;;;;;;
4981;05/06/2023;13:15:32;36.98;Synchronized;;;;;;;;;;;;;;;;;
4982;05/06/2023;13:15:47;36.98;Synchronized;;;;;;;;;;;;;;;;;
4983;05/06/2023;13:16:02;36.99;Synchronized;;;;;;;;;;;;;;;;;
4984;05/06/2023;13:16:17;36.98;Synchronized;;;;;;;;;;;;;;;;;
4985;05/06/2023;13:16:32;36.98;Synchronized;;;;;;;;;;;;;;;;;
4986;05/06/2023;13:16:47;36.98;Synchronized;;;;;;;;;;;;;;;;;
4987;05/06/2023;13:17:02;37.01;Synchronized;;;;;;;;;;;;;;;;;
4988;05/06/2023;13:17:17;37;Synchronized;;;;;;;;;;;;;;;;;
4989;05/06/2023;13:17:32;36.98;Synchronized;;;;;;;;;;;;;;;;;
4990;05/06/2023;13:17:47;37;Synchronized;;;;;;;;;;;;;;;;;
4991;05/06/2023;13:18:02;36.98;Synchronized;;;;;;;;;;;;;;;;;
4992;05/06/2023;13:18:17;37;Synchronized;;;;;;;;;;;;;;;;;
4993;05/06/2023;13:18:32;37;Synchronized;;;;;;;;;;;;;;;;;
4994;05/06/2023;13:18:47;36.98;Synchronized;;;;;;;;;;;;;;;;;
4995;05/06/2023;13:19:02;36.98;Synchronized;;;;;;;;;;;;;;;;;
4996;05/06/2023;13:19:17;36.99;Synchronized;;;;;;;;;;;;;;;;;
4997;05/06/2023;13:19:32;36.99;Synchronized;;;;;;;;;;;;;;;;;
4998;05/06/2023;13:19:47;36.99;Synchronized;;;;;;;;;;;;;;;;;
4999;05/06/2023;13:20:02;36.98;Synchronized;;;;;;;;;;;;;;;;;
5000;05/06/2023;13:20:17;36.99;Synchronized;;;;;;;;;;;;;;;;;
5001;05/06/2023;13:20:32;36.99;Synchronized;;;;;;;;;;;;;;;;;
5002;05/06/2023;13:20:47;37;Synchronized;;;;;;;;;;;;;;;;;
5003;05/06/2023;13:21:02;37;Synchronized;;;;;;;;;;;;;;;;;
5004;05/06/2023;13:21:17;37.01;Synchronized;;;;;;;;;;;;;;;;;
5005;05/06/2023;13:21:32;37;Synchronized;;;;;;;;;;;;;;;;;
5006;05/06/2023;13:21:47;37;Synchronized;;;;;;;;;;;;;;;;;
5007;05/06/2023;13:22:02;37.02;Synchronized;;;;;;;;;;;;;;;;;
5008;05/06/2023;13:22:17;37.02;Synchronized;;;;;;;;;;;;;;;;;
5009;05/06/2023;13:22:32;37.01;Synchronized;;;;;;;;;;;;;;;;;
5010;05/06/2023;13:22:47;37.02;Synchronized;;;;;;;;;;;;;;;;;
5011;05/06/2023;13:23:02;37.02;Synchronized;;;;;;;;;;;;;;;;;
5012;05/06/2023;13:23:17;37.04;Synchronized;;;;;;;;;;;;;;;;;
5013;05/06/2023;13:23:32;37.04;Synchronized;;;;;;;;;;;;;;;;;
5014;05/06/2023;13:23:47;37.04;Synchronized;;;;;;;;;;;;;;;;;
5015;05/06/2023;13:24:02;37.06;Synchronized;;;;;;;;;;;;;;;;;
5016;05/06/2023;13:24:17;37.09;Synchronized;;;;;;;;;;;;;;;;;
5017;05/06/2023;13:24:32;37.07;Synchronized;;;;;;;;;;;;;;;;;
5018;05/06/2023;13:24:47;37.07;Synchronized;;;;;;;;;;;;;;;;;
5019;05/06/2023;13:25:02;37.08;Synchronized;;;;;;;;;;;;;;;;;
5020;05/06/2023;13:25:17;37.08;Synchronized;;;;;;;;;;;;;;;;;
5021;05/06/2023;13:25:32;37.09;Synchronized;;;;;;;;;;;;;;;;;
5022;05/06/2023;13:25:47;37.08;Synchronized;;;;;;;;;;;;;;;;;
5023;05/06/2023;13:26:02;37.11;Synchronized;;;;;;;;;;;;;;;;;
5024;05/06/2023;13:26:17;37.07;Synchronized;;;;;;;;;;;;;;;;;
5025;05/06/2023;13:26:32;37.09;Synchronized;;;;;;;;;;;;;;;;;
5026;05/06/2023;13:26:47;37.09;Synchronized;;;;;;;;;;;;;;;;;
5027;05/06/2023;13:27:02;37.09;Synchronized;;;;;;;;;;;;;;;;;
5028;05/06/2023;13:27:17;37.1;Synchronized;;;;;;;;;;;;;;;;;
5029;05/06/2023;13:27:32;37.1;Synchronized;;;;;;;;;;;;;;;;;
5030;05/06/2023;13:27:47;37.1;Synchronized;;;;;;;;;;;;;;;;;
5031;05/06/2023;13:28:02;37.11;Synchronized;;;;;;;;;;;;;;;;;
5032;05/06/2023;13:28:17;37.09;Synchronized;;;;;;;;;;;;;;;;;
5033;05/06/2023;13:28:32;37.12;Synchronized;;;;;;;;;;;;;;;;;
5034;05/06/2023;13:28:47;37.11;Synchronized;;;;;;;;;;;;;;;;;
5035;05/06/2023;13:29:02;37.12;Synchronized;;;;;;;;;;;;;;;;;
5036;05/06/2023;13:29:17;37.13;Synchronized;;;;;;;;;;;;;;;;;
5037;05/06/2023;13:29:32;37.1;Synchronized;;;;;;;;;;;;;;;;;
5038;05/06/2023;13:29:47;37.13;Synchronized;;;;;;;;;;;;;;;;;
5039;05/06/2023;13:30:02;37.13;;;;;;;;;;;;;;;;;;
5040;05/06/2023;13:30:17;37.13;Synchronized;;;;;;;;;;;;;;;;;
5041;05/06/2023;13:30:32;37.16;;;;;;;;;;;;;;;;;;
5042;05/06/2023;13:30:47;37.14;;;;;;;;;;;;;;;;;;
5043;05/06/2023;13:31:02;37.14;;;;;;;;;;;;;;;;;;
5044;05/06/2023;13:31:17;37.14;;;;;;;;;;;;;;;;;;
5045;05/06/2023;13:31:32;37.15;;;;;;;;;;;;;;;;;;
5046;05/06/2023;13:31:47;37.13;Synchronized;;;;;;;;;;;;;;;;;
5047;05/06/2023;13:32:02;37.14;;;;;;;;;;;;;;;;;;
5048;05/06/2023;13:32:17;37.15;;;;;;;;;;;;;;;;;;
5049;05/06/2023;13:32:32;37.15;;;;;;;;;;;;;;;;;;
5050;05/06/2023;13:32:47;37.16;;;;;;;;;;;;;;;;;;
5051;05/06/2023;13:33:02;37.14;;;;;;;;;;;;;;;;;;
5052;05/06/2023;13:33:17;37.16;;;;;;;;;;;;;;;;;;
5053;05/06/2023;13:33:32;37.13;;;;;;;;;;;;;;;;;;
5054;05/06/2023;13:33:47;37.14;;;;;;;;;;;;;;;;;;
5055;05/06/2023;13:34:02;37.16;;;;;;;;;;;;;;;;;;
5056;05/06/2023;13:34:17;37.14;;;;;;;;;;;;;;;;;;
5057;05/06/2023;13:34:32;37.15;;;;;;;;;;;;;;;;;;
5058;05/06/2023;13:34:47;37.16;;;;;;;;;;;;;;;;;;
5059;05/06/2023;13:35:02;37.14;;;;;;;;;;;;;;;;;;
5060;05/06/2023;13:35:17;37.15;;;;;;;;;;;;;;;;;;
5061;05/06/2023;13:35:32;37.15;;;;;;;;;;;;;;;;;;
5062;05/06/2023;13:35:47;37.16;;;;;;;;;;;;;;;;;;
5063;05/06/2023;13:36:02;37.15;;;;;;;;;;;;;;;;;;
5064;05/06/2023;13:36:17;37.16;;;;;;;;;;;;;;;;;;
5065;05/06/2023;13:36:32;37.16;;;;;;;;;;;;;;;;;;
5066;05/06/2023;13:36:47;37.16;;;;;;;;;;;;;;;;;;
5067;05/06/2023;13:37:02;37.15;;;;;;;;;;;;;;;;;;
5068;05/06/2023;13:37:17;37.15;;;;;;;;;;;;;;;;;;
5069;05/06/2023;13:37:32;37.16;;;;;;;;;;;;;;;;;;
5070;05/06/2023;13:37:47;37.16;;;;;;;;;;;;;;;;;;
5071;05/06/2023;13:38:02;37.14;;;;;;;;;;;;;;;;;;
5072;05/06/2023;13:38:17;37.18;;;;;;;;;;;;;;;;;;
5073;05/06/2023;13:38:32;37.16;;;;;;;;;;;;;;;;;;
5074;05/06/2023;13:38:47;37.14;;;;;;;;;;;;;;;;;;
5075;05/06/2023;13:39:02;37.16;Synchronized;;;;;;;;;;;;;;;;;
5076;05/06/2023;13:39:17;37.16;;;;;;;;;;;;;;;;;;
5077;05/06/2023;13:39:32;37.16;;;;;;;;;;;;;;;;;;
5078;05/06/2023;13:39:47;37.15;;;;;;;;;;;;;;;;;;
5079;05/06/2023;13:40:02;37.15;;;;;;;;;;;;;;;;;;
5080;05/06/2023;13:40:17;37.16;;;;;;;;;;;;;;;;;;
5081;05/06/2023;13:40:32;37.16;;;;;;;;;;;;;;;;;;
5082;05/06/2023;13:40:47;37.18;;;;;;;;;;;;;;;;;;
5083;05/06/2023;13:41:02;37.16;;;;;;;;;;;;;;;;;;
5084;05/06/2023;13:41:17;37.15;;;;;;;;;;;;;;;;;;
5085;05/06/2023;13:41:32;37.18;;;;;;;;;;;;;;;;;;
5086;05/06/2023;13:41:47;37.18;;;;;;;;;;;;;;;;;;
5087;05/06/2023;13:42:02;37.15;;;;;;;;;;;;;;;;;;
5088;05/06/2023;13:42:17;37.16;;;;;;;;;;;;;;;;;;
5089;05/06/2023;13:42:32;37.15;;;;;;;;;;;;;;;;;;
5090;05/06/2023;13:42:47;37.16;;;;;;;;;;;;;;;;;;
5091;05/06/2023;13:43:02;37.16;;;;;;;;;;;;;;;;;;
5092;05/06/2023;13:43:17;37.15;;;;;;;;;;;;;;;;;;
5093;05/06/2023;13:43:32;37.16;;;;;;;;;;;;;;;;;;
5094;05/06/2023;13:43:47;37.16;;;;;;;;;;;;;;;;;;
5095;05/06/2023;13:44:02;37.16;;;;;;;;;;;;;;;;;;
5096;05/06/2023;13:44:17;37.2;;;;;;;;;;;;;;;;;;
5097;05/06/2023;13:44:32;37.16;;;;;;;;;;;;;;;;;;
5098;05/06/2023;13:44:47;37.19;;;;;;;;;;;;;;;;;;
5099;05/06/2023;13:45:02;37.19;;;;;;;;;;;;;;;;;;
5100;05/06/2023;13:45:17;37.19;;;;;;;;;;;;;;;;;;
5101;05/06/2023;13:45:32;37.19;;;;;;;;;;;;;;;;;;
5102;05/06/2023;13:45:47;37.19;;;;;;;;;;;;;;;;;;
5103;05/06/2023;13:46:02;37.19;;;;;;;;;;;;;;;;;;
5104;05/06/2023;13:46:17;37.16;;;;;;;;;;;;;;;;;;
5105;05/06/2023;13:46:32;37.2;;;;;;;;;;;;;;;;;;
5106;05/06/2023;13:46:47;37.19;;;;;;;;;;;;;;;;;;
5107;05/06/2023;13:47:02;37.19;;;;;;;;;;;;;;;;;;
5108;05/06/2023;13:47:17;37.2;;;;;;;;;;;;;;;;;;
5109;05/06/2023;13:47:32;37.19;;;;;;;;;;;;;;;;;;
5110;05/06/2023;13:47:47;37.21;;;;;;;;;;;;;;;;;;
5111;05/06/2023;13:48:02;37.2;;;;;;;;;;;;;;;;;;
5112;05/06/2023;13:48:17;37.19;Synchronized;;;;;;;;;;;;;;;;;
5113;05/06/2023;13:48:32;37.19;Synchronized;;;;;;;;;;;;;;;;;
5114;05/06/2023;13:48:47;37.2;Synchronized;;;;;;;;;;;;;;;;;
5115;05/06/2023;13:49:02;37.19;Synchronized;;;;;;;;;;;;;;;;;
5116;05/06/2023;13:49:17;37.22;Synchronized;;;;;;;;;;;;;;;;;
5117;05/06/2023;13:49:32;37.18;Synchronized;;;;;;;;;;;;;;;;;
5118;05/06/2023;13:49:47;37.2;Synchronized;;;;;;;;;;;;;;;;;
5119;05/06/2023;13:50:02;37.2;Synchronized;;;;;;;;;;;;;;;;;
5120;05/06/2023;13:50:17;37.2;;;;;;;;;;;;;;;;;;
5121;05/06/2023;13:50:32;37.22;Synchronized;;;;;;;;;;;;;;;;;
5122;05/06/2023;13:50:47;37.2;Synchronized;;;;;;;;;;;;;;;;;
5123;05/06/2023;13:51:02;37.21;Synchronized;;;;;;;;;;;;;;;;;
5124;05/06/2023;13:51:17;37.2;Synchronized;;;;;;;;;;;;;;;;;
5125;05/06/2023;13:51:32;37.23;;;;;;;;;;;;;;;;;;
5126;05/06/2023;13:51:47;37.21;;;;;;;;;;;;;;;;;;
5127;05/06/2023;13:52:02;37.23;Synchronized;;;;;;;;;;;;;;;;;
5128;05/06/2023;13:52:17;37.2;Synchronized;;;;;;;;;;;;;;;;;
5129;05/06/2023;13:52:32;37.23;;;;;;;;;;;;;;;;;;
5130;05/06/2023;13:52:47;37.22;;;;;;;;;;;;;;;;;;
5131;05/06/2023;13:53:02;37.21;;;;;;;;;;;;;;;;;;
5132;05/06/2023;13:53:17;37.2;;;;;;;;;;;;;;;;;;
5133;05/06/2023;13:53:32;37.23;;;;;;;;;;;;;;;;;;
5134;05/06/2023;13:53:47;37.22;;;;;;;;;;;;;;;;;;
5135;05/06/2023;13:54:02;37.21;;;;;;;;;;;;;;;;;;
5136;05/06/2023;13:54:17;37.23;;;;;;;;;;;;;;;;;;
5137;05/06/2023;13:54:32;37.23;;;;;;;;;;;;;;;;;;
5138;05/06/2023;13:54:47;37.23;;;;;;;;;;;;;;;;;;
5139;05/06/2023;13:55:02;37.23;;;;;;;;;;;;;;;;;;
5140;05/06/2023;13:55:17;37.23;;;;;;;;;;;;;;;;;;
5141;05/06/2023;13:55:32;37.23;;;;;;;;;;;;;;;;;;
5142;05/06/2023;13:55:47;37.24;;;;;;;;;;;;;;;;;;
5143;05/06/2023;13:56:02;37.22;;;;;;;;;;;;;;;;;;
5144;05/06/2023;13:56:17;37.24;;;;;;;;;;;;;;;;;;
5145;05/06/2023;13:56:32;37.23;;;;;;;;;;;;;;;;;;
5146;05/06/2023;13:56:47;37.23;;;;;;;;;;;;;;;;;;
5147;05/06/2023;13:57:02;37.25;;;;;;;;;;;;;;;;;;
5148;05/06/2023;13:57:17;37.25;;;;;;;;;;;;;;;;;;
5149;05/06/2023;13:57:32;37.26;;;;;;;;;;;;;;;;;;
5150;05/06/2023;13:57:47;37.24;;;;;;;;;;;;;;;;;;
5151;05/06/2023;13:58:02;37.26;;;;;;;;;;;;;;;;;;
5152;05/06/2023;13:58:17;37.23;;;;;;;;;;;;;;;;;;
5153;05/06/2023;13:58:32;37.27;;;;;;;;;;;;;;;;;;
5154;05/06/2023;13:58:47;37.26;;;;;;;;;;;;;;;;;;
5155;05/06/2023;13:59:02;37.26;;;;;;;;;;;;;;;;;;
5156;05/06/2023;13:59:17;37.27;;;;;;;;;;;;;;;;;;
5157;05/06/2023;13:59:32;37.26;;;;;;;;;;;;;;;;;;
5158;05/06/2023;13:59:47;37.26;;;;;;;;;;;;;;;;;;
5159;05/06/2023;14:00:02;37.27;;;;;;;;;;;;;;;;;;
5160;05/06/2023;14:00:17;37.25;;;;;;;;;;;;;;;;;;
5161;05/06/2023;14:00:32;37.26;;;;;;;;;;;;;;;;;;
5162;05/06/2023;14:00:47;37.27;;;;;;;;;;;;;;;;;;
5163;05/06/2023;14:01:02;37.27;;;;;;;;;;;;;;;;;;
5164;05/06/2023;14:01:17;37.26;;;;;;;;;;;;;;;;;;
5165;05/06/2023;14:01:32;37.28;;;;;;;;;;;;;;;;;;
5166;05/06/2023;14:01:47;37.26;;;;;;;;;;;;;;;;;;
5167;05/06/2023;14:02:02;37.27;;;;;;;;;;;;;;;;;;
5168;05/06/2023;14:02:17;37.27;;;;;;;;;;;;;;;;;;
5169;05/06/2023;14:02:32;37.25;;;;;;;;;;;;;;;;;;
5170;05/06/2023;14:02:47;37.27;;;;;;;;;;;;;;;;;;
5171;05/06/2023;14:03:02;37.27;;;;;;;;;;;;;;;;;;
5172;05/06/2023;14:03:17;37.26;;;;;;;;;;;;;;;;;;
5173;05/06/2023;14:03:32;37.27;;;;;;;;;;;;;;;;;;
5174;05/06/2023;14:03:47;37.27;;;;;;;;;;;;;;;;;;
5175;05/06/2023;14:04:02;37.25;;;;;;;;;;;;;;;;;;
5176;05/06/2023;14:04:17;37.24;;;;;;;;;;;;;;;;;;
5177;05/06/2023;14:04:32;37.26;;;;;;;;;;;;;;;;;;
5178;05/06/2023;14:04:47;37.27;;;;;;;;;;;;;;;;;;
5179;05/06/2023;14:05:02;37.27;;;;;;;;;;;;;;;;;;
5180;05/06/2023;14:05:17;37.27;;;;;;;;;;;;;;;;;;
5181;05/06/2023;14:05:32;37.27;;;;;;;;;;;;;;;;;;
5182;05/06/2023;14:05:47;37.26;;;;;;;;;;;;;;;;;;
5183;05/06/2023;14:06:02;37.26;;;;;;;;;;;;;;;;;;
5184;05/06/2023;14:06:17;37.24;;;;;;;;;;;;;;;;;;
5185;05/06/2023;14:06:32;37.27;;;;;;;;;;;;;;;;;;
5186;05/06/2023;14:06:47;37.27;;;;;;;;;;;;;;;;;;
5187;05/06/2023;14:07:02;37.26;;;;;;;;;;;;;;;;;;
5188;05/06/2023;14:07:17;37.27;;;;;;;;;;;;;;;;;;
5189;05/06/2023;14:07:32;37.28;;;;;;;;;;;;;;;;;;
5190;05/06/2023;14:07:47;37.25;Synchronized;;;;;;;;;;;;;;;;;
5191;05/06/2023;14:08:02;37.26;;;;;;;;;;;;;;;;;;
5192;05/06/2023;14:08:17;37.25;;;;;;;;;;;;;;;;;;
5193;05/06/2023;14:08:32;37.27;;;;;;;;;;;;;;;;;;
5194;05/06/2023;14:08:47;37.26;;;;;;;;;;;;;;;;;;
5195;05/06/2023;14:09:02;37.27;;;;;;;;;;;;;;;;;;
5196;05/06/2023;14:09:17;37.25;;;;;;;;;;;;;;;;;;
5197;05/06/2023;14:09:32;37.27;;;;;;;;;;;;;;;;;;
5198;05/06/2023;14:09:47;37.26;;;;;;;;;;;;;;;;;;
5199;05/06/2023;14:10:02;37.25;;;;;;;;;;;;;;;;;;
5200;05/06/2023;14:10:17;37.27;;;;;;;;;;;;;;;;;;
5201;05/06/2023;14:10:32;37.27;;;;;;;;;;;;;;;;;;
5202;05/06/2023;14:10:47;37.25;Synchronized;;;;;;;;;;;;;;;;;
5203;05/06/2023;14:11:02;37.25;;;;;;;;;;;;;;;;;;
5204;05/06/2023;14:11:17;37.26;;;;;;;;;;;;;;;;;;
5205;05/06/2023;14:11:32;37.26;;;;;;;;;;;;;;;;;;
5206;05/06/2023;14:11:47;37.26;;;;;;;;;;;;;;;;;;
5207;05/06/2023;14:12:02;37.26;;;;;;;;;;;;;;;;;;
5208;05/06/2023;14:12:17;37.23;;;;;;;;;;;;;;;;;;
5209;05/06/2023;14:12:32;37.25;;;;;;;;;;;;;;;;;;
5210;05/06/2023;14:12:47;37.25;;;;;;;;;;;;;;;;;;
5211;05/06/2023;14:13:02;37.24;;;;;;;;;;;;;;;;;;
5212;05/06/2023;14:13:17;37.25;;;;;;;;;;;;;;;;;;
5213;05/06/2023;14:13:32;37.26;;;;;;;;;;;;;;;;;;
5214;05/06/2023;14:13:47;37.27;;;;;;;;;;;;;;;;;;
5215;05/06/2023;14:14:02;37.25;;;;;;;;;;;;;;;;;;
5216;05/06/2023;14:14:17;37.27;;;;;;;;;;;;;;;;;;
5217;05/06/2023;14:14:32;37.24;;;;;;;;;;;;;;;;;;
5218;05/06/2023;14:14:47;37.25;;;;;;;;;;;;;;;;;;
5219;05/06/2023;14:15:02;37.27;;;;;;;;;;;;;;;;;;
5220;05/06/2023;14:15:17;37.26;;;;;;;;;;;;;;;;;;
5221;05/06/2023;14:15:32;37.26;;;;;;;;;;;;;;;;;;
5222;05/06/2023;14:15:47;37.27;;;;;;;;;;;;;;;;;;
5223;05/06/2023;14:16:02;37.26;;;;;;;;;;;;;;;;;;
5224;05/06/2023;14:16:17;37.27;;;;;;;;;;;;;;;;;;
5225;05/06/2023;14:16:32;37.24;;;;;;;;;;;;;;;;;;
5226;05/06/2023;14:16:47;37.27;;;;;;;;;;;;;;;;;;
5227;05/06/2023;14:17:02;37.27;;;;;;;;;;;;;;;;;;
5228;05/06/2023;14:17:17;37.24;;;;;;;;;;;;;;;;;;
5229;05/06/2023;14:17:32;37.27;;;;;;;;;;;;;;;;;;
5230;05/06/2023;14:17:47;37.27;;;;;;;;;;;;;;;;;;
5231;05/06/2023;14:18:02;37.26;;;;;;;;;;;;;;;;;;
5232;05/06/2023;14:18:17;37.26;;;;;;;;;;;;;;;;;;
5233;05/06/2023;14:18:32;37.27;;;;;;;;;;;;;;;;;;
5234;05/06/2023;14:18:47;37.27;;;;;;;;;;;;;;;;;;
5235;05/06/2023;14:19:02;37.24;;;;;;;;;;;;;;;;;;
5236;05/06/2023;14:19:17;37.25;;;;;;;;;;;;;;;;;;
5237;05/06/2023;14:19:32;37.25;;;;;;;;;;;;;;;;;;
5238;05/06/2023;14:19:47;37.25;;;;;;;;;;;;;;;;;;
5239;05/06/2023;14:20:02;37.27;;;;;;;;;;;;;;;;;;
5240;05/06/2023;14:20:17;37.27;;;;;;;;;;;;;;;;;;
5241;05/06/2023;14:20:32;37.27;;;;;;;;;;;;;;;;;;
5242;05/06/2023;14:20:47;37.26;;;;;;;;;;;;;;;;;;
5243;05/06/2023;14:21:02;37.27;;;;;;;;;;;;;;;;;;
5244;05/06/2023;14:21:17;37.24;Synchronized;;;;;;;;;;;;;;;;;
5245;05/06/2023;14:21:32;37.3;;;;;;;;;;;;;;;;;;
5246;05/06/2023;14:21:47;37.25;Synchronized;;;;;;;;;;;;;;;;;
5247;05/06/2023;14:22:02;37.24;Synchronized;;;;;;;;;;;;;;;;;
5248;05/06/2023;14:22:17;37.24;;;;;;;;;;;;;;;;;;
5249;05/06/2023;14:22:32;37.24;;;;;;;;;;;;;;;;;;
5250;05/06/2023;14:22:47;37.24;Synchronized;;;;;;;;;;;;;;;;;
5251;05/06/2023;14:23:02;37.23;Synchronized;;;;;;;;;;;;;;;;;
5252;05/06/2023;14:23:17;37.24;Synchronized;;;;;;;;;;;;;;;;;
5253;05/06/2023;14:23:32;37.23;Synchronized;;;;;;;;;;;;;;;;;
5254;05/06/2023;14:23:47;37.23;Synchronized;;;;;;;;;;;;;;;;;
5255;05/06/2023;14:24:02;37.24;;;;;;;;;;;;;;;;;;
5256;05/06/2023;14:24:17;37.22;Synchronized;;;;;;;;;;;;;;;;;
5257;05/06/2023;14:24:32;37.24;Synchronized;;;;;;;;;;;;;;;;;
5258;05/06/2023;14:24:47;37.23;Synchronized;;;;;;;;;;;;;;;;;
5259;05/06/2023;14:25:02;37.2;Synchronized;;;;;;;;;;;;;;;;;
5260;05/06/2023;14:25:17;37.21;Synchronized;;;;;;;;;;;;;;;;;
5261;05/06/2023;14:25:32;37.22;Synchronized;;;;;;;;;;;;;;;;;
5262;05/06/2023;14:25:47;37.22;Synchronized;;;;;;;;;;;;;;;;;
5263;05/06/2023;14:26:02;37.2;;;;;;;;;;;;;;;;;;
5264;05/06/2023;14:26:17;37.2;Synchronized;;;;;;;;;;;;;;;;;
5265;05/06/2023;14:26:32;37.19;Synchronized;;;;;;;;;;;;;;;;;
5266;05/06/2023;14:26:47;37.16;Synchronized;;;;;;;;;;;;;;;;;
5267;05/06/2023;14:27:02;37.16;Synchronized;;;;;;;;;;;;;;;;;
5268;05/06/2023;14:27:17;37.13;Synchronized;;;;;;;;;;;;;;;;;
5269;05/06/2023;14:27:32;37.16;Synchronized;;;;;;;;;;;;;;;;;
5270;05/06/2023;14:27:47;37.15;Synchronized;;;;;;;;;;;;;;;;;
5271;05/06/2023;14:28:02;37.15;Synchronized;;;;;;;;;;;;;;;;;
5272;05/06/2023;14:28:17;37.14;Synchronized;;;;;;;;;;;;;;;;;
5273;05/06/2023;14:28:32;37.15;;;;;;;;;;;;;;;;;;
5274;05/06/2023;14:28:47;37.16;Synchronized;;;;;;;;;;;;;;;;;
5275;05/06/2023;14:29:02;37.13;Synchronized;;;;;;;;;;;;;;;;;
5276;05/06/2023;14:29:17;37.12;Synchronized;;;;;;;;;;;;;;;;;
5277;05/06/2023;14:29:32;37.13;;;;;;;;;;;;;;;;;;
5278;05/06/2023;14:29:47;37.11;Synchronized;;;;;;;;;;;;;;;;;
5279;05/06/2023;14:30:02;37.13;Synchronized;;;;;;;;;;;;;;;;;
5280;05/06/2023;14:30:17;37.12;Synchronized;;;;;;;;;;;;;;;;;
5281;05/06/2023;14:30:32;37.14;Synchronized;;;;;;;;;;;;;;;;;
5282;05/06/2023;14:30:47;37.12;Synchronized;;;;;;;;;;;;;;;;;
5283;05/06/2023;14:31:02;37.11;Synchronized;;;;;;;;;;;;;;;;;
5284;05/06/2023;14:31:17;37.12;Synchronized;;;;;;;;;;;;;;;;;
5285;05/06/2023;14:31:32;37.13;Synchronized;;;;;;;;;;;;;;;;;
5286;05/06/2023;14:31:47;37.11;Synchronized;;;;;;;;;;;;;;;;;
5287;05/06/2023;14:32:02;37.08;Synchronized;;;;;;;;;;;;;;;;;
5288;05/06/2023;14:32:17;37.07;;;;;;;;;;;;;;;;;;
5289;05/06/2023;14:32:32;37.09;Synchronized;;;;;;;;;;;;;;;;;
5290;05/06/2023;14:32:47;37.08;Synchronized;;;;;;;;;;;;;;;;;
5291;05/06/2023;14:33:02;37.08;Synchronized;;;;;;;;;;;;;;;;;
5292;05/06/2023;14:33:17;37.11;Synchronized;;;;;;;;;;;;;;;;;
5293;05/06/2023;14:33:32;37.09;Synchronized;;;;;;;;;;;;;;;;;
5294;05/06/2023;14:33:47;37.09;Synchronized;;;;;;;;;;;;;;;;;
5295;05/06/2023;14:34:02;37.08;Synchronized;;;;;;;;;;;;;;;;;
5296;05/06/2023;14:34:17;37.07;Synchronized;;;;;;;;;;;;;;;;;
5297;05/06/2023;14:34:32;37.06;Synchronized;;;;;;;;;;;;;;;;;
5298;05/06/2023;14:34:47;37.07;Synchronized;;;;;;;;;;;;;;;;;
5299;05/06/2023;14:35:02;37.09;Synchronized;;;;;;;;;;;;;;;;;
5300;05/06/2023;14:35:17;37.11;Synchronized;;;;;;;;;;;;;;;;;
5301;05/06/2023;14:35:32;37.09;Synchronized;;;;;;;;;;;;;;;;;
5302;05/06/2023;14:35:47;37.12;;;;;;;;;;;;;;;;;;
5303;05/06/2023;14:36:02;37.13;;;;;;;;;;;;;;;;;;
5304;05/06/2023;14:36:17;37.14;;;;;;;;;;;;;;;;;;
5305;05/06/2023;14:36:32;37.14;Synchronized;;;;;;;;;;;;;;;;;
5306;05/06/2023;14:36:47;37.13;Synchronized;;;;;;;;;;;;;;;;;
5307;05/06/2023;14:37:02;37.16;Synchronized;;;;;;;;;;;;;;;;;
5308;05/06/2023;14:37:17;37.14;Synchronized;;;;;;;;;;;;;;;;;
5309;05/06/2023;14:37:32;37.13;Synchronized;;;;;;;;;;;;;;;;;
5310;05/06/2023;14:37:47;37.11;Synchronized;;;;;;;;;;;;;;;;;
5311;05/06/2023;14:38:02;37.1;Synchronized;;;;;;;;;;;;;;;;;
5312;05/06/2023;14:38:17;37.11;Synchronized;;;;;;;;;;;;;;;;;
5313;05/06/2023;14:38:32;37.09;Synchronized;;;;;;;;;;;;;;;;;
5314;05/06/2023;14:38:47;37.11;Synchronized;;;;;;;;;;;;;;;;;
5315;05/06/2023;14:39:02;37.09;Synchronized;;;;;;;;;;;;;;;;;
5316;05/06/2023;14:39:17;37.13;Synchronized;;;;;;;;;;;;;;;;;
5317;05/06/2023;14:39:32;37.09;;;;;;;;;;;;;;;;;;
5318;05/06/2023;14:39:47;37.11;Synchronized;;;;;;;;;;;;;;;;;
5319;05/06/2023;14:40:02;37.1;Synchronized;;;;;;;;;;;;;;;;;
5320;05/06/2023;14:40:17;37.13;;;;;;;;;;;;;;;;;;
5321;05/06/2023;14:40:32;37.13;;;;;;;;;;;;;;;;;;
5322;05/06/2023;14:40:47;37.11;;;;;;;;;;;;;;;;;;
5323;05/06/2023;14:41:02;37.12;;;;;;;;;;;;;;;;;;
5324;05/06/2023;14:41:17;37.13;;;;;;;;;;;;;;;;;;
5325;05/06/2023;14:41:32;37.13;Synchronized;;;;;;;;;;;;;;;;;
5326;05/06/2023;14:41:47;37.16;Synchronized;;;;;;;;;;;;;;;;;
5327;05/06/2023;14:42:02;37.16;;;;;;;;;;;;;;;;;;
5328;05/06/2023;14:42:17;37.18;Synchronized;;;;;;;;;;;;;;;;;
5329;05/06/2023;14:42:32;37.19;Synchronized;;;;;;;;;;;;;;;;;
5330;05/06/2023;14:42:47;37.2;Synchronized;;;;;;;;;;;;;;;;;
5331;05/06/2023;14:43:02;37.2;Synchronized;;;;;;;;;;;;;;;;;
5332;05/06/2023;14:43:17;37.22;;;;;;;;;;;;;;;;;;
5333;05/06/2023;14:43:32;37.18;;;;;;;;;;;;;;;;;;
5334;05/06/2023;14:43:47;37.2;;;;;;;;;;;;;;;;;;
5335;05/06/2023;14:44:02;37.21;;;;;;;;;;;;;;;;;;
5336;05/06/2023;14:44:17;37.19;;;;;;;;;;;;;;;;;;
5337;05/06/2023;14:44:32;37.19;;;;;;;;;;;;;;;;;;
5338;05/06/2023;14:44:47;37.16;;;;;;;;;;;;;;;;;;
5339;05/06/2023;14:45:02;37.15;;;;;;;;;;;;;;;;;;
5340;05/06/2023;14:45:17;37.16;Synchronized;;;;;;;;;;;;;;;;;
5341;05/06/2023;14:45:32;37.15;Synchronized;;;;;;;;;;;;;;;;;
5342;05/06/2023;14:45:47;37.15;;;;;;;;;;;;;;;;;;
5343;05/06/2023;14:46:02;37.16;;;;;;;;;;;;;;;;;;
5344;05/06/2023;14:46:17;37.14;;;;;;;;;;;;;;;;;;
5345;05/06/2023;14:46:32;37.09;;;;;;;;;;;;;;;;;;
5346;05/06/2023;14:46:47;37.09;Synchronized;;;;;;;;;;;;;;;;;
5347;05/06/2023;14:47:02;37.09;Synchronized;;;;;;;;;;;;;;;;;
5348;05/06/2023;14:47:17;37.09;;;;;;;;;;;;;;;;;;
5349;05/06/2023;14:47:32;37.09;;;;;;;;;;;;;;;;;;
5350;05/06/2023;14:47:47;37.1;Synchronized;;;;;;;;;;;;;;;;;
5351;05/06/2023;14:48:02;37.12;Synchronized;;;;;;;;;;;;;;;;;
5352;05/06/2023;14:48:17;37.12;;;;;;;;;;;;;;;;;;
5353;05/06/2023;14:48:32;37.11;Synchronized;;;;;;;;;;;;;;;;;
5354;05/06/2023;14:48:47;37.1;;;;;;;;;;;;;;;;;;
5355;05/06/2023;14:49:02;37.12;;;;;;;;;;;;;;;;;;
5356;05/06/2023;14:49:17;37.12;;;;;;;;;;;;;;;;;;
5357;05/06/2023;14:49:32;37.13;;;;;;;;;;;;;;;;;;
5358;05/06/2023;14:49:47;37.12;;;;;;;;;;;;;;;;;;
5359;05/06/2023;14:50:02;37.09;;;;;;;;;;;;;;;;;;
5360;05/06/2023;14:50:17;37.08;Synchronized;;;;;;;;;;;;;;;;;
5361;05/06/2023;14:50:32;37.06;;;;;;;;;;;;;;;;;;
5362;05/06/2023;14:50:47;37.08;;;;;;;;;;;;;;;;;;
5363;05/06/2023;14:51:02;37.07;;;;;;;;;;;;;;;;;;
5364;05/06/2023;14:51:17;37.09;;;;;;;;;;;;;;;;;;
5365;05/06/2023;14:51:32;37.09;;;;;;;;;;;;;;;;;;
5366;05/06/2023;14:51:47;37.11;;;;;;;;;;;;;;;;;;
5367;05/06/2023;14:52:02;37.09;Synchronized;;;;;;;;;;;;;;;;;
5368;05/06/2023;14:52:17;37.1;;;;;;;;;;;;;;;;;;
5369;05/06/2023;14:52:32;37.1;;;;;;;;;;;;;;;;;;
5370;05/06/2023;14:52:47;37.13;;;;;;;;;;;;;;;;;;
5371;05/06/2023;14:53:02;37.1;;;;;;;;;;;;;;;;;;
5372;05/06/2023;14:53:17;37.1;;;;;;;;;;;;;;;;;;
5373;05/06/2023;14:53:32;37.1;Synchronized;;;;;;;;;;;;;;;;;
5374;05/06/2023;14:53:47;37.1;Synchronized;;;;;;;;;;;;;;;;;
5375;05/06/2023;14:54:02;37.11;Synchronized;;;;;;;;;;;;;;;;;
5376;05/06/2023;14:54:17;37.11;Synchronized;;;;;;;;;;;;;;;;;
5377;05/06/2023;14:54:32;37.13;;;;;;;;;;;;;;;;;;
5378;05/06/2023;14:54:47;37.13;;;;;;;;;;;;;;;;;;
5379;05/06/2023;14:55:02;37.13;Synchronized;;;;;;;;;;;;;;;;;
5380;05/06/2023;14:55:17;37.13;;;;;;;;;;;;;;;;;;
5381;05/06/2023;14:55:32;37.13;;;;;;;;;;;;;;;;;;
5382;05/06/2023;14:55:47;37.13;;;;;;;;;;;;;;;;;;
5383;05/06/2023;14:56:02;37.13;Synchronized;;;;;;;;;;;;;;;;;
5384;05/06/2023;14:56:17;37.13;Synchronized;;;;;;;;;;;;;;;;;
5385;05/06/2023;14:56:32;37.14;;;;;;;;;;;;;;;;;;
5386;05/06/2023;14:56:47;37.13;Synchronized;;;;;;;;;;;;;;;;;
5387;05/06/2023;14:57:02;37.14;Synchronized;;;;;;;;;;;;;;;;;
5388;05/06/2023;14:57:17;37.14;Synchronized;;;;;;;;;;;;;;;;;
5389;05/06/2023;14:57:32;37.15;Synchronized;;;;;;;;;;;;;;;;;
5390;05/06/2023;14:57:47;37.14;;;;;;;;;;;;;;;;;;
5391;05/06/2023;14:58:02;37.13;Synchronized;;;;;;;;;;;;;;;;;
5392;05/06/2023;14:58:17;37.13;Synchronized;;;;;;;;;;;;;;;;;
5393;05/06/2023;14:58:32;37.13;;;;;;;;;;;;;;;;;;
5394;05/06/2023;14:58:47;37.14;Synchronized;;;;;;;;;;;;;;;;;
5395;05/06/2023;14:59:02;37.14;Synchronized;;;;;;;;;;;;;;;;;
5396;05/06/2023;14:59:17;37.15;Synchronized;;;;;;;;;;;;;;;;;
5397;05/06/2023;14:59:32;37.16;Synchronized;;;;;;;;;;;;;;;;;
5398;05/06/2023;14:59:47;37.14;Synchronized;;;;;;;;;;;;;;;;;
5399;05/06/2023;15:00:02;37.15;Synchronized;;;;;;;;;;;;;;;;;
5400;05/06/2023;15:00:17;37.14;Synchronized;;;;;;;;;;;;;;;;;
5401;05/06/2023;15:00:32;37.14;Synchronized;;;;;;;;;;;;;;;;;
5402;05/06/2023;15:00:47;37.15;Synchronized;;;;;;;;;;;;;;;;;
5403;05/06/2023;15:01:02;37.16;Synchronized;;;;;;;;;;;;;;;;;
5404;05/06/2023;15:01:17;37.16;Synchronized;;;;;;;;;;;;;;;;;
5405;05/06/2023;15:01:31;37.14;Synchronized;;;;;;;;;;;;;;;;;
5406;05/06/2023;15:01:46;37.13;Synchronized;;;;;;;;;;;;;;;;;
5407;05/06/2023;15:02:01;37.14;Synchronized;;;;;;;;;;;;;;;;;
5408;05/06/2023;15:02:16;37.15;Synchronized;;;;;;;;;;;;;;;;;
5409;05/06/2023;15:02:31;37.16;Synchronized;;;;;;;;;;;;;;;;;
5410;05/06/2023;15:02:46;37.16;Synchronized;;;;;;;;;;;;;;;;;
5411;05/06/2023;15:03:01;37.16;Synchronized;;;;;;;;;;;;;;;;;
5412;05/06/2023;15:03:16;37.16;Synchronized;;;;;;;;;;;;;;;;;
5413;05/06/2023;15:03:31;37.14;Synchronized;;;;;;;;;;;;;;;;;
5414;05/06/2023;15:03:46;37.15;Synchronized;;;;;;;;;;;;;;;;;
5415;05/06/2023;15:04:01;37.14;;;;;;;;;;;;;;;;;;
5416;05/06/2023;15:04:16;37.13;Synchronized;;;;;;;;;;;;;;;;;
5417;05/06/2023;15:04:31;37.13;Synchronized;;;;;;;;;;;;;;;;;
5418;05/06/2023;15:04:46;37.1;Synchronized;;;;;;;;;;;;;;;;;
5419;05/06/2023;15:05:01;37.1;Synchronized;;;;;;;;;;;;;;;;;
5420;05/06/2023;15:05:16;37.12;Synchronized;;;;;;;;;;;;;;;;;
5421;05/06/2023;15:05:31;37.13;Synchronized;;;;;;;;;;;;;;;;;
5422;05/06/2023;15:05:46;37.12;;;;;;;;;;;;;;;;;;
5423;05/06/2023;15:06:01;37.11;Synchronized;;;;;;;;;;;;;;;;;
5424;05/06/2023;15:06:16;37.12;Synchronized;;;;;;;;;;;;;;;;;
5425;05/06/2023;15:06:31;37.09;Synchronized;;;;;;;;;;;;;;;;;
5426;05/06/2023;15:06:46;37.12;Synchronized;;;;;;;;;;;;;;;;;
5427;05/06/2023;15:07:01;37.1;Synchronized;;;;;;;;;;;;;;;;;
5428;05/06/2023;15:07:16;37.09;Synchronized;;;;;;;;;;;;;;;;;
5429;05/06/2023;15:07:31;37.08;Synchronized;;;;;;;;;;;;;;;;;
5430;05/06/2023;15:07:46;37.1;;;;;;;;;;;;;;;;;;
5431;05/06/2023;15:08:01;37.09;Synchronized;;;;;;;;;;;;;;;;;
5432;05/06/2023;15:08:16;37.09;Synchronized;;;;;;;;;;;;;;;;;
5433;05/06/2023;15:08:31;37.09;Synchronized;;;;;;;;;;;;;;;;;
5434;05/06/2023;15:08:46;37.09;Synchronized;;;;;;;;;;;;;;;;;
5435;05/06/2023;15:09:01;37.05;Synchronized;;;;;;;;;;;;;;;;;
5436;05/06/2023;15:09:16;37.06;Synchronized;;;;;;;;;;;;;;;;;
5437;05/06/2023;15:09:31;37.06;Synchronized;;;;;;;;;;;;;;;;;
5438;05/06/2023;15:09:46;37.06;Synchronized;;;;;;;;;;;;;;;;;
5439;05/06/2023;15:10:01;37.06;Synchronized;;;;;;;;;;;;;;;;;
5440;05/06/2023;15:10:16;37.07;;;;;;;;;;;;;;;;;;
5441;05/06/2023;15:10:31;37.05;Synchronized;;;;;;;;;;;;;;;;;
5442;05/06/2023;15:10:46;37.07;Synchronized;;;;;;;;;;;;;;;;;
5443;05/06/2023;15:11:01;37.08;;;;;;;;;;;;;;;;;;
5444;05/06/2023;15:11:16;37.09;Synchronized;;;;;;;;;;;;;;;;;
5445;05/06/2023;15:11:31;37.08;Synchronized;;;;;;;;;;;;;;;;;
5446;05/06/2023;15:11:46;37.08;;;;;;;;;;;;;;;;;;
5447;05/06/2023;15:12:01;37.08;Synchronized;;;;;;;;;;;;;;;;;
5448;05/06/2023;15:12:16;37.07;;;;;;;;;;;;;;;;;;
5449;05/06/2023;15:12:31;37.09;Synchronized;;;;;;;;;;;;;;;;;
5450;05/06/2023;15:12:46;37.09;Synchronized;;;;;;;;;;;;;;;;;
5451;05/06/2023;15:13:01;37.09;Synchronized;;;;;;;;;;;;;;;;;
5452;05/06/2023;15:13:16;37.11;;;;;;;;;;;;;;;;;;
5453;05/06/2023;15:13:31;37.09;Synchronized;;;;;;;;;;;;;;;;;
5454;05/06/2023;15:13:46;37.09;Synchronized;;;;;;;;;;;;;;;;;
5455;05/06/2023;15:14:01;37.09;Synchronized;;;;;;;;;;;;;;;;;
5456;05/06/2023;15:14:16;37.13;Synchronized;;;;;;;;;;;;;;;;;
5457;05/06/2023;15:14:31;37.11;;;;;;;;;;;;;;;;;;
5458;05/06/2023;15:14:46;37.12;;;;;;;;;;;;;;;;;;
5459;05/06/2023;15:15:01;37.12;;;;;;;;;;;;;;;;;;
5460;05/06/2023;15:15:16;37.13;;;;;;;;;;;;;;;;;;
5461;05/06/2023;15:15:31;37.13;Synchronized;;;;;;;;;;;;;;;;;
5462;05/06/2023;15:15:46;37.13;Synchronized;;;;;;;;;;;;;;;;;
5463;05/06/2023;15:16:01;37.15;Synchronized;;;;;;;;;;;;;;;;;
5464;05/06/2023;15:16:16;37.15;Synchronized;;;;;;;;;;;;;;;;;
5465;05/06/2023;15:16:31;37.13;Synchronized;;;;;;;;;;;;;;;;;
5466;05/06/2023;15:16:46;37.14;Synchronized;;;;;;;;;;;;;;;;;
5467;05/06/2023;15:17:01;37.14;Synchronized;;;;;;;;;;;;;;;;;
5468;05/06/2023;15:17:16;37.16;;;;;;;;;;;;;;;;;;
5469;05/06/2023;15:17:31;37.18;Synchronized;;;;;;;;;;;;;;;;;
5470;05/06/2023;15:17:46;37.18;Synchronized;;;;;;;;;;;;;;;;;
5471;05/06/2023;15:18:01;37.18;Synchronized;;;;;;;;;;;;;;;;;
5472;05/06/2023;15:18:16;37.22;Synchronized;;;;;;;;;;;;;;;;;
5473;05/06/2023;15:18:31;37.23;Synchronized;;;;;;;;;;;;;;;;;
5474;05/06/2023;15:18:46;37.22;Synchronized;;;;;;;;;;;;;;;;;
5475;05/06/2023;15:19:01;37.23;Synchronized;;;;;;;;;;;;;;;;;
5476;05/06/2023;15:19:16;37.24;Synchronized;;;;;;;;;;;;;;;;;
5477;05/06/2023;15:19:31;37.23;Synchronized;;;;;;;;;;;;;;;;;
5478;05/06/2023;15:19:46;37.24;;;;;;;;;;;;;;;;;;
5479;05/06/2023;15:20:01;37.26;Synchronized;;;;;;;;;;;;;;;;;
5480;05/06/2023;15:20:16;37.27;Synchronized;;;;;;;;;;;;;;;;;
5481;05/06/2023;15:20:31;37.27;Synchronized;;;;;;;;;;;;;;;;;
5482;05/06/2023;15:20:46;37.31;Synchronized;;;;;;;;;;;;;;;;;
5483;05/06/2023;15:21:01;37.31;;;;;;;;;;;;;;;;;;
5484;05/06/2023;15:21:16;37.3;Synchronized;;;;;;;;;;;;;;;;;
5485;05/06/2023;15:21:31;37.3;;;;;;;;;;;;;;;;;;
5486;05/06/2023;15:21:46;37.3;Synchronized;;;;;;;;;;;;;;;;;
5487;05/06/2023;15:22:01;37.3;Synchronized;;;;;;;;;;;;;;;;;
5488;05/06/2023;15:22:16;37.3;;;;;;;;;;;;;;;;;;
5489;05/06/2023;15:22:31;37.3;Synchronized;;;;;;;;;;;;;;;;;
5490;05/06/2023;15:22:46;37.31;Synchronized;;;;;;;;;;;;;;;;;
5491;05/06/2023;15:23:01;37.3;Synchronized;;;;;;;;;;;;;;;;;
5492;05/06/2023;15:23:16;37.3;Synchronized;;;;;;;;;;;;;;;;;
5493;05/06/2023;15:23:31;37.31;Synchronized;;;;;;;;;;;;;;;;;
5494;05/06/2023;15:23:46;37.31;Synchronized;;;;;;;;;;;;;;;;;
5495;05/06/2023;15:24:01;37.32;Synchronized;;;;;;;;;;;;;;;;;
5496;05/06/2023;15:24:16;37.3;Synchronized;;;;;;;;;;;;;;;;;
5497;05/06/2023;15:24:31;37.31;Synchronized;;;;;;;;;;;;;;;;;
5498;05/06/2023;15:24:46;37.34;Synchronized;;;;;;;;;;;;;;;;;
5499;05/06/2023;15:25:01;37.36;Synchronized;;;;;;;;;;;;;;;;;
5500;05/06/2023;15:25:16;37.36;;;;;;;;;;;;;;;;;;
5501;05/06/2023;15:25:31;37.37;Synchronized;;;;;;;;;;;;;;;;;
5502;05/06/2023;15:25:46;37.36;;;;;;;;;;;;;;;;;;
5503;05/06/2023;15:26:01;37.39;Synchronized;;;;;;;;;;;;;;;;;
5504;05/06/2023;15:26:16;37.38;Synchronized;;;;;;;;;;;;;;;;;
5505;05/06/2023;15:26:31;37.38;Synchronized;;;;;;;;;;;;;;;;;
5506;05/06/2023;15:26:46;37.36;;;;;;;;;;;;;;;;;;
5507;05/06/2023;15:27:01;37.39;;;;;;;;;;;;;;;;;;
5508;05/06/2023;15:27:16;37.39;;;;;;;;;;;;;;;;;;
5509;05/06/2023;15:27:31;37.42;;;;;;;;;;;;;;;;;;
5510;05/06/2023;15:27:46;37.4;Synchronized;;;;;;;;;;;;;;;;;
5511;05/06/2023;15:28:01;37.41;Synchronized;;;;;;;;;;;;;;;;;
5512;05/06/2023;15:28:16;37.4;Synchronized;;;;;;;;;;;;;;;;;
5513;05/06/2023;15:28:31;37.42;;;;;;;;;;;;;;;;;;
5514;05/06/2023;15:28:46;37.42;;;;;;;;;;;;;;;;;;
5515;05/06/2023;15:29:01;37.42;;;;;;;;;;;;;;;;;;
5516;05/06/2023;15:29:16;37.43;;;;;;;;;;;;;;;;;;
5517;05/06/2023;15:29:31;37.41;;;;;;;;;;;;;;;;;;
5518;05/06/2023;15:29:46;37.42;Synchronized;;;;;;;;;;;;;;;;;
5519;05/06/2023;15:30:01;37.4;Synchronized;;;;;;;;;;;;;;;;;
5520;05/06/2023;15:30:16;37.41;Synchronized;;;;;;;;;;;;;;;;;
5521;05/06/2023;15:30:31;37.4;Synchronized;;;;;;;;;;;;;;;;;
5522;05/06/2023;15:30:46;37.4;Synchronized;;;;;;;;;;;;;;;;;
5523;05/06/2023;15:31:01;37.38;Synchronized;;;;;;;;;;;;;;;;;
5524;05/06/2023;15:31:16;37.38;Synchronized;;;;;;;;;;;;;;;;;
5525;05/06/2023;15:31:31;37.39;Synchronized;;;;;;;;;;;;;;;;;
5526;05/06/2023;15:31:46;37.38;Synchronized;;;;;;;;;;;;;;;;;
5527;05/06/2023;15:32:01;37.39;Synchronized;;;;;;;;;;;;;;;;;
5528;05/06/2023;15:32:16;37.38;Synchronized;;;;;;;;;;;;;;;;;
5529;05/06/2023;15:32:31;37.37;Synchronized;;;;;;;;;;;;;;;;;
5530;05/06/2023;15:32:46;37.37;Synchronized;;;;;;;;;;;;;;;;;
5531;05/06/2023;15:33:01;37.39;Synchronized;;;;;;;;;;;;;;;;;
5532;05/06/2023;15:33:16;37.39;Synchronized;;;;;;;;;;;;;;;;;
5533;05/06/2023;15:33:31;37.43;Synchronized;;;;;;;;;;;;;;;;;
5534;05/06/2023;15:33:46;37.41;;;;;;;;;;;;;;;;;;
5535;05/06/2023;15:34:01;37.44;;;;;;;;;;;;;;;;;;
5536;05/06/2023;15:34:16;37.41;Synchronized;;;;;;;;;;;;;;;;;
5537;05/06/2023;15:34:31;37.45;Synchronized;;;;;;;;;;;;;;;;;
5538;05/06/2023;15:34:46;37.43;Synchronized;;;;;;;;;;;;;;;;;
5539;05/06/2023;15:35:01;37.43;;;;;;;;;;;;;;;;;;
5540;05/06/2023;15:35:16;37.41;Synchronized;;;;;;;;;;;;;;;;;
5541;05/06/2023;15:35:31;37.41;;;;;;;;;;;;;;;;;;
5542;05/06/2023;15:35:46;37.4;;;;;;;;;;;;;;;;;;
5543;05/06/2023;15:36:01;37.41;Synchronized;;;;;;;;;;;;;;;;;
5544;05/06/2023;15:36:16;37.42;Synchronized;;;;;;;;;;;;;;;;;
5545;05/06/2023;15:36:31;37.4;Synchronized;;;;;;;;;;;;;;;;;
5546;05/06/2023;15:36:46;37.4;Synchronized;;;;;;;;;;;;;;;;;
5547;05/06/2023;15:37:01;37.4;Synchronized;;;;;;;;;;;;;;;;;
5548;05/06/2023;15:37:16;37.4;Synchronized;;;;;;;;;;;;;;;;;
5549;05/06/2023;15:37:31;37.4;Synchronized;;;;;;;;;;;;;;;;;
5550;05/06/2023;15:37:46;37.39;Synchronized;;;;;;;;;;;;;;;;;
5551;05/06/2023;15:38:01;37.41;Synchronized;;;;;;;;;;;;;;;;;
5552;05/06/2023;15:38:16;37.39;Synchronized;;;;;;;;;;;;;;;;;
5553;05/06/2023;15:38:31;37.41;;;;;;;;;;;;;;;;;;
5554;05/06/2023;15:38:46;37.39;;;;;;;;;;;;;;;;;;
5555;05/06/2023;15:39:01;37.41;;;;;;;;;;;;;;;;;;
5556;05/06/2023;15:39:16;37.38;Synchronized;;;;;;;;;;;;;;;;;
5557;05/06/2023;15:39:31;37.4;;;;;;;;;;;;;;;;;;
5558;05/06/2023;15:39:46;37.41;;;;;;;;;;;;;;;;;;
5559;05/06/2023;15:40:01;37.4;;;;;;;;;;;;;;;;;;
5560;05/06/2023;15:40:16;37.42;;;;;;;;;;;;;;;;;;
5561;05/06/2023;15:40:31;37.41;Synchronized;;;;;;;;;;;;;;;;;
5562;05/06/2023;15:40:46;37.4;Synchronized;;;;;;;;;;;;;;;;;
5563;05/06/2023;15:41:01;37.4;Synchronized;;;;;;;;;;;;;;;;;
5564;05/06/2023;15:41:16;37.41;Synchronized;;;;;;;;;;;;;;;;;
5565;05/06/2023;15:41:31;37.39;Synchronized;;;;;;;;;;;;;;;;;
5566;05/06/2023;15:41:46;37.38;Synchronized;;;;;;;;;;;;;;;;;
5567;05/06/2023;15:42:01;37.4;Synchronized;;;;;;;;;;;;;;;;;
5568;05/06/2023;15:42:16;37.4;Synchronized;;;;;;;;;;;;;;;;;
5569;05/06/2023;15:42:31;37.41;Synchronized;;;;;;;;;;;;;;;;;
5570;05/06/2023;15:42:46;37.4;Synchronized;;;;;;;;;;;;;;;;;
5571;05/06/2023;15:43:01;37.41;Synchronized;;;;;;;;;;;;;;;;;
5572;05/06/2023;15:43:16;37.39;Synchronized;;;;;;;;;;;;;;;;;
5573;05/06/2023;15:43:31;37.42;Synchronized;;;;;;;;;;;;;;;;;
5574;05/06/2023;15:43:46;37.39;Synchronized;;;;;;;;;;;;;;;;;
5575;05/06/2023;15:44:01;37.42;Synchronized;;;;;;;;;;;;;;;;;
5576;05/06/2023;15:44:16;37.41;Synchronized;;;;;;;;;;;;;;;;;
5577;05/06/2023;15:44:31;37.4;Synchronized;;;;;;;;;;;;;;;;;
5578;05/06/2023;15:44:46;37.42;Synchronized;;;;;;;;;;;;;;;;;
5579;05/06/2023;15:45:01;37.43;Synchronized;;;;;;;;;;;;;;;;;
5580;05/06/2023;15:45:16;37.43;Synchronized;;;;;;;;;;;;;;;;;
5581;05/06/2023;15:45:31;37.42;Synchronized;;;;;;;;;;;;;;;;;
5582;05/06/2023;15:45:46;37.4;Synchronized;;;;;;;;;;;;;;;;;
5583;05/06/2023;15:46:01;37.42;Synchronized;;;;;;;;;;;;;;;;;
5584;05/06/2023;15:46:16;37.42;Synchronized;;;;;;;;;;;;;;;;;
5585;05/06/2023;15:46:31;37.4;Synchronized;;;;;;;;;;;;;;;;;
5586;05/06/2023;15:46:46;37.39;Synchronized;;;;;;;;;;;;;;;;;
5587;05/06/2023;15:47:01;37.42;Synchronized;;;;;;;;;;;;;;;;;
5588;05/06/2023;15:47:15;37.44;Synchronized;;;;;;;;;;;;;;;;;
5589;05/06/2023;15:47:30;37.42;Synchronized;;;;;;;;;;;;;;;;;
5590;05/06/2023;15:47:45;37.44;Synchronized;;;;;;;;;;;;;;;;;
5591;05/06/2023;15:48:00;37.45;Synchronized;;;;;;;;;;;;;;;;;
5592;05/06/2023;15:48:15;37.42;Synchronized;;;;;;;;;;;;;;;;;
5593;05/06/2023;15:48:30;37.44;Synchronized;;;;;;;;;;;;;;;;;
5594;05/06/2023;15:48:45;37.43;Synchronized;;;;;;;;;;;;;;;;;
5595;05/06/2023;15:49:00;37.4;Synchronized;;;;;;;;;;;;;;;;;
5596;05/06/2023;15:49:15;37.41;Synchronized;;;;;;;;;;;;;;;;;
5597;05/06/2023;15:49:30;37.41;Synchronized;;;;;;;;;;;;;;;;;
5598;05/06/2023;15:49:45;37.43;Synchronized;;;;;;;;;;;;;;;;;
5599;05/06/2023;15:50:00;37.42;Synchronized;;;;;;;;;;;;;;;;;
5600;05/06/2023;15:50:15;37.42;Synchronized;;;;;;;;;;;;;;;;;
5601;05/06/2023;15:50:30;37.44;Synchronized;;;;;;;;;;;;;;;;;
5602;05/06/2023;15:50:45;37.45;Synchronized;;;;;;;;;;;;;;;;;
5603;05/06/2023;15:51:00;37.43;Synchronized;;;;;;;;;;;;;;;;;
5604;05/06/2023;15:51:15;37.44;Synchronized;;;;;;;;;;;;;;;;;
5605;05/06/2023;15:51:30;37.44;Synchronized;;;;;;;;;;;;;;;;;
5606;05/06/2023;15:51:45;37.47;Synchronized;;;;;;;;;;;;;;;;;
5607;05/06/2023;15:52:00;37.45;Synchronized;;;;;;;;;;;;;;;;;
5608;05/06/2023;15:52:15;37.45;Synchronized;;;;;;;;;;;;;;;;;
5609;05/06/2023;15:52:30;37.45;Synchronized;;;;;;;;;;;;;;;;;
5610;05/06/2023;15:52:45;37.45;Synchronized;;;;;;;;;;;;;;;;;
5611;05/06/2023;15:53:00;37.47;Synchronized;;;;;;;;;;;;;;;;;
5612;05/06/2023;15:53:15;37.46;Synchronized;;;;;;;;;;;;;;;;;
5613;05/06/2023;15:53:30;37.45;Synchronized;;;;;;;;;;;;;;;;;
5614;05/06/2023;15:53:45;37.45;;;;;;;;;;;;;;;;;;
5615;05/06/2023;15:54:00;37.45;;;;;;;;;;;;;;;;;;
5616;05/06/2023;15:54:15;37.45;;;;;;;;;;;;;;;;;;
5617;05/06/2023;15:54:30;37.41;Synchronized;;;;;;;;;;;;;;;;;
5618;05/06/2023;15:54:45;37.45;Synchronized;;;;;;;;;;;;;;;;;
5619;05/06/2023;15:55:00;37.42;Synchronized;;;;;;;;;;;;;;;;;
5620;05/06/2023;15:55:15;37.42;Synchronized;;;;;;;;;;;;;;;;;
5621;05/06/2023;15:55:30;37.42;Synchronized;;;;;;;;;;;;;;;;;
5622;05/06/2023;15:55:45;37.45;Synchronized;;;;;;;;;;;;;;;;;
5623;05/06/2023;15:56:00;37.44;Synchronized;;;;;;;;;;;;;;;;;
5624;05/06/2023;15:56:15;37.45;Synchronized;;;;;;;;;;;;;;;;;
5625;05/06/2023;15:56:30;37.44;Synchronized;;;;;;;;;;;;;;;;;
5626;05/06/2023;15:56:45;37.45;Synchronized;;;;;;;;;;;;;;;;;
5627;05/06/2023;15:57:00;37.43;Synchronized;;;;;;;;;;;;;;;;;
5628;05/06/2023;15:57:15;37.42;Synchronized;;;;;;;;;;;;;;;;;
5629;05/06/2023;15:57:30;37.43;Synchronized;;;;;;;;;;;;;;;;;
5630;05/06/2023;15:57:45;37.44;Synchronized;;;;;;;;;;;;;;;;;
5631;05/06/2023;15:58:00;37.43;Synchronized;;;;;;;;;;;;;;;;;
5632;05/06/2023;15:58:15;37.42;Synchronized;;;;;;;;;;;;;;;;;
5633;05/06/2023;15:58:30;37.43;Synchronized;;;;;;;;;;;;;;;;;
5634;05/06/2023;15:58:45;37.43;Synchronized;;;;;;;;;;;;;;;;;
5635;05/06/2023;15:59:00;37.46;Synchronized;;;;;;;;;;;;;;;;;
5636;05/06/2023;15:59:15;37.47;Synchronized;;;;;;;;;;;;;;;;;
5637;05/06/2023;15:59:30;37.46;Synchronized;;;;;;;;;;;;;;;;;
5638;05/06/2023;15:59:45;37.5;Synchronized;;;;;;;;;;;;;;;;;
5639;05/06/2023;16:00:00;37.5;Synchronized;;;;;;;;;;;;;;;;;
5640;05/06/2023;16:00:15;37.52;Synchronized;;;;;;;;;;;;;;;;;
5641;05/06/2023;16:00:30;37.52;Synchronized;;;;;;;;;;;;;;;;;
5642;05/06/2023;16:00:45;37.52;Synchronized;;;;;;;;;;;;;;;;;
5643;05/06/2023;16:01:00;37.52;Synchronized;;;;;;;;;;;;;;;;;
5644;05/06/2023;16:01:15;37.52;Synchronized;;;;;;;;;;;;;;;;;
5645;05/06/2023;16:01:30;37.54;Synchronized;;;;;;;;;;;;;;;;;
5646;05/06/2023;16:01:45;37.52;Synchronized;;;;;;;;;;;;;;;;;
5647;05/06/2023;16:02:00;37.54;Synchronized;;;;;;;;;;;;;;;;;
5648;05/06/2023;16:02:15;37.54;Synchronized;;;;;;;;;;;;;;;;;
5649;05/06/2023;16:02:30;37.55;Synchronized;;;;;;;;;;;;;;;;;
5650;05/06/2023;16:02:45;37.51;Synchronized;;;;;;;;;;;;;;;;;
5651;05/06/2023;16:03:00;37.51;Synchronized;;;;;;;;;;;;;;;;;
5652;05/06/2023;16:03:15;37.5;Synchronized;;;;;;;;;;;;;;;;;
5653;05/06/2023;16:03:30;37.49;Synchronized;;;;;;;;;;;;;;;;;
5654;05/06/2023;16:03:45;37.48;Synchronized;;;;;;;;;;;;;;;;;
5655;05/06/2023;16:04:00;37.52;Synchronized;;;;;;;;;;;;;;;;;
5656;05/06/2023;16:04:15;37.5;Synchronized;;;;;;;;;;;;;;;;;
5657;05/06/2023;16:04:30;37.5;Synchronized;;;;;;;;;;;;;;;;;
5658;05/06/2023;16:04:45;37.51;;;;;;;;;;;;;;;;;;
5659;05/06/2023;16:05:00;37.48;Synchronized;;;;;;;;;;;;;;;;;
5660;05/06/2023;16:05:15;37.5;Synchronized;;;;;;;;;;;;;;;;;
5661;05/06/2023;16:05:30;37.5;Synchronized;;;;;;;;;;;;;;;;;
5662;05/06/2023;16:05:45;37.48;Synchronized;;;;;;;;;;;;;;;;;
5663;05/06/2023;16:06:00;37.48;Synchronized;;;;;;;;;;;;;;;;;
5664;05/06/2023;16:06:15;37.48;Synchronized;;;;;;;;;;;;;;;;;
5665;05/06/2023;16:06:30;37.49;Synchronized;;;;;;;;;;;;;;;;;
5666;05/06/2023;16:06:45;37.5;Synchronized;;;;;;;;;;;;;;;;;
5667;05/06/2023;16:07:00;37.5;Synchronized;;;;;;;;;;;;;;;;;
5668;05/06/2023;16:07:15;37.48;Synchronized;;;;;;;;;;;;;;;;;
5669;05/06/2023;16:07:30;37.49;Synchronized;;;;;;;;;;;;;;;;;
5670;05/06/2023;16:07:45;37.5;Synchronized;;;;;;;;;;;;;;;;;
5671;05/06/2023;16:08:00;37.47;Synchronized;;;;;;;;;;;;;;;;;
5672;05/06/2023;16:08:15;37.47;;;;;;;;;;;;;;;;;;
5673;05/06/2023;16:08:30;37.48;Synchronized;;;;;;;;;;;;;;;;;
5674;05/06/2023;16:08:45;37.46;Synchronized;;;;;;;;;;;;;;;;;
5675;05/06/2023;16:09:00;37.46;Synchronized;;;;;;;;;;;;;;;;;
5676;05/06/2023;16:09:15;37.45;Synchronized;;;;;;;;;;;;;;;;;
5677;05/06/2023;16:09:30;37.45;;;;;;;;;;;;;;;;;;
5678;05/06/2023;16:09:45;37.43;Synchronized;;;;;;;;;;;;;;;;;
5679;05/06/2023;16:10:00;37.43;Synchronized;;;;;;;;;;;;;;;;;
5680;05/06/2023;16:10:15;37.45;Synchronized;;;;;;;;;;;;;;;;;
5681;05/06/2023;16:10:30;37.45;Synchronized;;;;;;;;;;;;;;;;;
5682;05/06/2023;16:10:45;37.43;Synchronized;;;;;;;;;;;;;;;;;
5683;05/06/2023;16:11:00;37.44;Synchronized;;;;;;;;;;;;;;;;;
5684;05/06/2023;16:11:15;37.43;Synchronized;;;;;;;;;;;;;;;;;
5685;05/06/2023;16:11:30;37.43;Synchronized;;;;;;;;;;;;;;;;;
5686;05/06/2023;16:11:45;37.44;Synchronized;;;;;;;;;;;;;;;;;
5687;05/06/2023;16:12:00;37.43;Synchronized;;;;;;;;;;;;;;;;;
5688;05/06/2023;16:12:15;37.44;Synchronized;;;;;;;;;;;;;;;;;
5689;05/06/2023;16:12:30;37.45;Synchronized;;;;;;;;;;;;;;;;;
5690;05/06/2023;16:12:45;37.44;Synchronized;;;;;;;;;;;;;;;;;
5691;05/06/2023;16:13:00;37.45;Synchronized;;;;;;;;;;;;;;;;;
5692;05/06/2023;16:13:15;37.45;Synchronized;;;;;;;;;;;;;;;;;
5693;05/06/2023;16:13:30;37.47;Synchronized;;;;;;;;;;;;;;;;;
5694;05/06/2023;16:13:45;37.46;Synchronized;;;;;;;;;;;;;;;;;
5695;05/06/2023;16:14:00;37.45;Synchronized;;;;;;;;;;;;;;;;;
5696;05/06/2023;16:14:15;37.45;Synchronized;;;;;;;;;;;;;;;;;
5697;05/06/2023;16:14:30;37.48;Synchronized;;;;;;;;;;;;;;;;;
5698;05/06/2023;16:14:45;37.46;Synchronized;;;;;;;;;;;;;;;;;
5699;05/06/2023;16:15:00;37.46;Synchronized;;;;;;;;;;;;;;;;;
5700;05/06/2023;16:15:15;37.45;Synchronized;;;;;;;;;;;;;;;;;
5701;05/06/2023;16:15:30;37.44;;;;;;;;;;;;;;;;;;
5702;05/06/2023;16:15:45;37.43;Synchronized;;;;;;;;;;;;;;;;;
5703;05/06/2023;16:16:00;37.42;Synchronized;;;;;;;;;;;;;;;;;
5704;05/06/2023;16:16:15;37.44;Synchronized;;;;;;;;;;;;;;;;;
5705;05/06/2023;16:16:30;37.43;Synchronized;;;;;;;;;;;;;;;;;
5706;05/06/2023;16:16:45;37.42;Synchronized;;;;;;;;;;;;;;;;;
5707;05/06/2023;16:17:00;37.45;Synchronized;;;;;;;;;;;;;;;;;
5708;05/06/2023;16:17:15;37.42;Synchronized;;;;;;;;;;;;;;;;;
5709;05/06/2023;16:17:30;37.44;Synchronized;;;;;;;;;;;;;;;;;
5710;05/06/2023;16:17:45;37.45;Synchronized;;;;;;;;;;;;;;;;;
5711;05/06/2023;16:18:00;37.42;Synchronized;;;;;;;;;;;;;;;;;
5712;05/06/2023;16:18:15;37.41;Synchronized;;;;;;;;;;;;;;;;;
5713;05/06/2023;16:18:30;37.4;Synchronized;;;;;;;;;;;;;;;;;
5714;05/06/2023;16:18:45;37.41;Synchronized;;;;;;;;;;;;;;;;;
5715;05/06/2023;16:19:00;37.38;Synchronized;;;;;;;;;;;;;;;;;
5716;05/06/2023;16:19:15;37.38;Synchronized;;;;;;;;;;;;;;;;;
5717;05/06/2023;16:19:30;37.42;Synchronized;;;;;;;;;;;;;;;;;
5718;05/06/2023;16:19:45;37.4;Synchronized;;;;;;;;;;;;;;;;;
5719;05/06/2023;16:20:00;37.4;Synchronized;;;;;;;;;;;;;;;;;
5720;05/06/2023;16:20:15;37.38;Synchronized;;;;;;;;;;;;;;;;;
5721;05/06/2023;16:20:30;37.38;Synchronized;;;;;;;;;;;;;;;;;
5722;05/06/2023;16:20:45;37.38;Synchronized;;;;;;;;;;;;;;;;;
5723;05/06/2023;16:21:00;37.37;Synchronized;;;;;;;;;;;;;;;;;
5724;05/06/2023;16:21:15;37.38;Synchronized;;;;;;;;;;;;;;;;;
5725;05/06/2023;16:21:30;37.34;Synchronized;;;;;;;;;;;;;;;;;
5726;05/06/2023;16:21:45;37.35;Synchronized;;;;;;;;;;;;;;;;;
5727;05/06/2023;16:22:00;37.35;Synchronized;;;;;;;;;;;;;;;;;
5728;05/06/2023;16:22:15;37.34;Synchronized;;;;;;;;;;;;;;;;;
5729;05/06/2023;16:22:30;37.36;Synchronized;;;;;;;;;;;;;;;;;
5730;05/06/2023;16:22:45;37.36;Synchronized;;;;;;;;;;;;;;;;;
5731;05/06/2023;16:23:00;37.36;Synchronized;;;;;;;;;;;;;;;;;
5732;05/06/2023;16:23:15;37.35;Synchronized;;;;;;;;;;;;;;;;;
5733;05/06/2023;16:23:30;37.34;Synchronized;;;;;;;;;;;;;;;;;
5734;05/06/2023;16:23:45;37.34;Synchronized;;;;;;;;;;;;;;;;;
5735;05/06/2023;16:24:00;37.3;Synchronized;;;;;;;;;;;;;;;;;
5736;05/06/2023;16:24:15;37.32;Synchronized;;;;;;;;;;;;;;;;;
5737;05/06/2023;16:24:30;37.3;Synchronized;;;;;;;;;;;;;;;;;
5738;05/06/2023;16:24:45;37.3;Synchronized;;;;;;;;;;;;;;;;;
5739;05/06/2023;16:25:00;37.3;Synchronized;;;;;;;;;;;;;;;;;
5740;05/06/2023;16:25:15;37.28;Synchronized;;;;;;;;;;;;;;;;;
5741;05/06/2023;16:25:30;37.28;Synchronized;;;;;;;;;;;;;;;;;
5742;05/06/2023;16:25:45;37.31;Synchronized;;;;;;;;;;;;;;;;;
5743;05/06/2023;16:26:00;37.3;Synchronized;;;;;;;;;;;;;;;;;
5744;05/06/2023;16:26:14;37.3;Synchronized;;;;;;;;;;;;;;;;;
5745;05/06/2023;16:26:29;37.34;Synchronized;;;;;;;;;;;;;;;;;
5746;05/06/2023;16:26:44;37.32;Synchronized;;;;;;;;;;;;;;;;;
5747;05/06/2023;16:26:59;37.33;Synchronized;;;;;;;;;;;;;;;;;
5748;05/06/2023;16:27:14;37.34;Synchronized;;;;;;;;;;;;;;;;;
5749;05/06/2023;16:27:29;37.33;Synchronized;;;;;;;;;;;;;;;;;
5750;05/06/2023;16:27:44;37.34;Synchronized;;;;;;;;;;;;;;;;;
5751;05/06/2023;16:27:59;37.34;Synchronized;;;;;;;;;;;;;;;;;
5752;05/06/2023;16:28:14;37.34;Synchronized;;;;;;;;;;;;;;;;;
5753;05/06/2023;16:28:29;37.33;Synchronized;;;;;;;;;;;;;;;;;
5754;05/06/2023;16:28:44;37.34;Synchronized;;;;;;;;;;;;;;;;;
5755;05/06/2023;16:28:59;37.33;Synchronized;;;;;;;;;;;;;;;;;
5756;05/06/2023;16:29:14;37.34;Synchronized;;;;;;;;;;;;;;;;;
5757;05/06/2023;16:29:29;37.33;Synchronized;;;;;;;;;;;;;;;;;
5758;05/06/2023;16:29:44;37.34;Synchronized;;;;;;;;;;;;;;;;;
5759;05/06/2023;16:29:59;37.32;Synchronized;;;;;;;;;;;;;;;;;
5760;05/06/2023;16:30:14;37.34;Synchronized;;;;;;;;;;;;;;;;;
5761;05/06/2023;16:30:29;37.33;Synchronized;;;;;;;;;;;;;;;;;
5762;05/06/2023;16:30:44;37.34;Synchronized;;;;;;;;;;;;;;;;;
5763;05/06/2023;16:30:59;37.34;Synchronized;;;;;;;;;;;;;;;;;
5764;05/06/2023;16:31:14;37.35;Synchronized;;;;;;;;;;;;;;;;;
5765;05/06/2023;16:31:29;37.33;Synchronized;;;;;;;;;;;;;;;;;
5766;05/06/2023;16:31:44;37.36;Synchronized;;;;;;;;;;;;;;;;;
5767;05/06/2023;16:31:59;37.36;Synchronized;;;;;;;;;;;;;;;;;
5768;05/06/2023;16:32:14;37.34;Synchronized;;;;;;;;;;;;;;;;;
5769;05/06/2023;16:32:29;37.33;Synchronized;;;;;;;;;;;;;;;;;
5770;05/06/2023;16:32:44;37.34;Synchronized;;;;;;;;;;;;;;;;;
5771;05/06/2023;16:32:59;37.34;Synchronized;;;;;;;;;;;;;;;;;
5772;05/06/2023;16:33:14;37.33;Synchronized;;;;;;;;;;;;;;;;;
5773;05/06/2023;16:33:29;37.32;Synchronized;;;;;;;;;;;;;;;;;
5774;05/06/2023;16:33:44;37.34;Synchronized;;;;;;;;;;;;;;;;;
5775;05/06/2023;16:33:59;37.34;Synchronized;;;;;;;;;;;;;;;;;
5776;05/06/2023;16:34:14;37.33;Synchronized;;;;;;;;;;;;;;;;;
5777;05/06/2023;16:34:29;37.31;Synchronized;;;;;;;;;;;;;;;;;
5778;05/06/2023;16:34:44;37.32;Synchronized;;;;;;;;;;;;;;;;;
5779;05/06/2023;16:34:59;37.32;Synchronized;;;;;;;;;;;;;;;;;
5780;05/06/2023;16:35:14;37.32;Synchronized;;;;;;;;;;;;;;;;;
5781;05/06/2023;16:35:29;37.33;Synchronized;;;;;;;;;;;;;;;;;
5782;05/06/2023;16:35:44;37.33;Synchronized;;;;;;;;;;;;;;;;;
5783;05/06/2023;16:35:59;37.34;Synchronized;;;;;;;;;;;;;;;;;
5784;05/06/2023;16:36:14;37.34;Synchronized;;;;;;;;;;;;;;;;;
5785;05/06/2023;16:36:29;37.34;Synchronized;;;;;;;;;;;;;;;;;
5786;05/06/2023;16:36:44;37.34;;;;;;;;;;;;;;;;;;
5787;05/06/2023;16:36:59;37.34;Synchronized;;;;;;;;;;;;;;;;;
5788;05/06/2023;16:37:14;37.34;Synchronized;;;;;;;;;;;;;;;;;
5789;05/06/2023;16:37:29;37.34;Synchronized;;;;;;;;;;;;;;;;;
5790;05/06/2023;16:37:44;37.35;Synchronized;;;;;;;;;;;;;;;;;
5791;05/06/2023;16:37:59;37.35;Synchronized;;;;;;;;;;;;;;;;;
5792;05/06/2023;16:38:14;37.34;Synchronized;;;;;;;;;;;;;;;;;
5793;05/06/2023;16:38:29;37.34;Synchronized;;;;;;;;;;;;;;;;;
5794;05/06/2023;16:38:44;37.34;Synchronized;;;;;;;;;;;;;;;;;
5795;05/06/2023;16:38:59;37.35;Synchronized;;;;;;;;;;;;;;;;;
5796;05/06/2023;16:39:14;37.31;;;;;;;;;;;;;;;;;;
5797;05/06/2023;16:39:29;37.33;Synchronized;;;;;;;;;;;;;;;;;
5798;05/06/2023;16:39:44;37.33;Synchronized;;;;;;;;;;;;;;;;;
5799;05/06/2023;16:39:59;37.3;Synchronized;;;;;;;;;;;;;;;;;
5800;05/06/2023;16:40:14;37.33;Synchronized;;;;;;;;;;;;;;;;;
5801;05/06/2023;16:40:29;37.3;Synchronized;;;;;;;;;;;;;;;;;
5802;05/06/2023;16:40:44;37.3;Synchronized;;;;;;;;;;;;;;;;;
5803;05/06/2023;16:40:59;37.28;Synchronized;;;;;;;;;;;;;;;;;
5804;05/06/2023;16:41:14;37.3;Synchronized;;;;;;;;;;;;;;;;;
5805;05/06/2023;16:41:29;37.28;Synchronized;;;;;;;;;;;;;;;;;
5806;05/06/2023;16:41:44;37.3;Synchronized;;;;;;;;;;;;;;;;;
5807;05/06/2023;16:41:59;37.3;;;;;;;;;;;;;;;;;;
5808;05/06/2023;16:42:14;37.32;Synchronized;;;;;;;;;;;;;;;;;
5809;05/06/2023;16:42:29;37.32;Synchronized;;;;;;;;;;;;;;;;;
5810;05/06/2023;16:42:44;37.33;Synchronized;;;;;;;;;;;;;;;;;
5811;05/06/2023;16:42:59;37.3;Synchronized;;;;;;;;;;;;;;;;;
5812;05/06/2023;16:43:14;37.31;Synchronized;;;;;;;;;;;;;;;;;
5813;05/06/2023;16:43:29;37.31;Synchronized;;;;;;;;;;;;;;;;;
5814;05/06/2023;16:43:44;37.32;Synchronized;;;;;;;;;;;;;;;;;
5815;05/06/2023;16:43:59;37.31;Synchronized;;;;;;;;;;;;;;;;;
5816;05/06/2023;16:44:14;37.33;Synchronized;;;;;;;;;;;;;;;;;
5817;05/06/2023;16:44:29;37.33;Synchronized;;;;;;;;;;;;;;;;;
5818;05/06/2023;16:44:44;37.33;;;;;;;;;;;;;;;;;;
5819;05/06/2023;16:44:59;37.31;;;;;;;;;;;;;;;;;;
5820;05/06/2023;16:45:14;37.33;;;;;;;;;;;;;;;;;;
5821;05/06/2023;16:45:28;37.34;;;;;;;;;;;;;;;;;;
5822;05/06/2023;16:45:43;37.34;Synchronized;;;;;;;;;;;;;;;;;
5823;05/06/2023;16:45:58;37.34;Synchronized;;;;;;;;;;;;;;;;;
5824;05/06/2023;16:46:13;37.33;Synchronized;;;;;;;;;;;;;;;;;
5825;05/06/2023;16:46:28;37.34;Synchronized;;;;;;;;;;;;;;;;;
5826;05/06/2023;16:46:43;37.34;Synchronized;;;;;;;;;;;;;;;;;
5827;05/06/2023;16:46:58;37.33;;;;;;;;;;;;;;;;;;
5828;05/06/2023;16:47:13;37.33;;;;;;;;;;;;;;;;;;
5829;05/06/2023;16:48:13;37.38;;;;;;;;;;;;;;;;;;
5830;05/06/2023;16:49:13;;Missing data;;;;;;;;;;;;;;;;;
5831;05/06/2023;16:50:13;;Missing data;;;;;;;;;;;;;;;;;
5832;05/06/2023;16:51:13;;Missing data;;;;;;;;;;;;;;;;;
5833;05/06/2023;16:52:13;;Missing data;;;;;;;;;;;;;;;;;
5834;05/06/2023;16:53:13;;Missing data;;;;;;;;;;;;;;;;;
5835;05/06/2023;16:54:12;;Missing data;;;;;;;;;;;;;;;;;
5836;05/06/2023;16:55:12;;Missing data;;;;;;;;;;;;;;;;;
5837;05/06/2023;16:56:12;;Missing data;;;;;;;;;;;;;;;;;
5838;05/06/2023;16:57:12;;Missing data;;;;;;;;;;;;;;;;;
5839;05/06/2023;16:58:12;37.43;;;;;;;;;;;;;;;;;;
;
;
05/06/2023;09:34:59;SAMPLING PERIOD CHANGED (1min);