SenseLab_M01;
Time Zone;UTC+2:00;
Monitor;80.80.12.F1;
;
Pill n°1;24.00.1A.9A;;;;;;Pill n°2;24.00.1C.03;;;;;;Pill n°3;24.00.1E.68;;;;;;
Sample number;Date (dd/mm/yyyy);Hour;Temperature (°C);Status;;;Sample number;Date (dd/mm/yyyy);Hour;Temperature (°C);Status;;;Sample number;Date (dd/mm/yyyy);Hour;Temperature (°C);Status;;;
1;20/06/2023;09:52:34;29.93;;;;1;20/06/2023;09:54:29;29.38;;;;1;20/06/2023;09:55:52;30.54;;;;
2;20/06/2023;09:53:34;30.11;;;;2;20/06/2023;09:55:29;29.76;;;;2;20/06/2023;09:56:52;30.49;;;;
3;20/06/2023;09:54:34;29.61;;;;3;20/06/2023;09:56:29;29.31;;;;3;20/06/2023;09:57:52;30.02;;;;
4;20/06/2023;09:55:34;29.22;;;;4;20/06/2023;09:57:29;28.98;;;;4;20/06/2023;09:58:52;29.58;Synchronized;;;
5;20/06/2023;09:56:34;28.87;;;;5;20/06/2023;09:58:29;28.77;;;;5;20/06/2023;09:59:52;29.21;;;;
6;20/06/2023;09:57:33;28.63;;;;6;20/06/2023;09:59:29;28.54;;;;6;20/06/2023;10:00:52;28.96;;;;
7;20/06/2023;09:58:33;28.45;;;;7;20/06/2023;10:00:29;28.4;;;;7;20/06/2023;10:01:52;28.78;;;;
8;20/06/2023;09:59:33;28.3;;;;8;20/06/2023;10:01:29;28.32;;;;8;20/06/2023;10:02:52;28.59;;;;
9;20/06/2023;10:00:34;28.2;;;;9;20/06/2023;10:02:29;28.21;;;;9;20/06/2023;10:03:52;28.48;;;;
10;20/06/2023;10:01:34;28.12;;;;10;20/06/2023;10:03:28;28.13;;;;10;20/06/2023;10:04:51;28.38;;;;
11;20/06/2023;10:02:33;28.06;;;;11;20/06/2023;10:04:28;28.05;;;;11;20/06/2023;10:05:51;28.23;;;;
12;20/06/2023;10:03:33;28;;;;12;20/06/2023;10:05:28;27.97;;;;12;20/06/2023;10:06:51;28.1;;;;
13;20/06/2023;10:04:33;27.94;;;;13;20/06/2023;10:06:28;27.87;;;;13;20/06/2023;10:07:51;27.99;;;;
14;20/06/2023;10:05:33;27.91;;;;14;20/06/2023;10:07:28;27.77;;;;14;20/06/2023;10:08:51;27.93;;;;
15;20/06/2023;10:06:33;27.84;;;;15;20/06/2023;10:08:28;27.72;;;;15;20/06/2023;10:09:51;27.87;;;;
16;20/06/2023;10:07:33;27.78;;;;16;20/06/2023;10:09:28;27.65;;;;16;20/06/2023;10:10:51;27.86;;;;
17;20/06/2023;10:08:32;27.72;;;;17;20/06/2023;10:10:28;27.66;;;;17;20/06/2023;10:11:51;27.83;;;;
18;20/06/2023;10:09:32;27.69;;;;18;20/06/2023;10:11:27;27.66;;;;18;20/06/2023;10:12:51;27.8;;;;
19;20/06/2023;10:10:32;27.65;;;;19;20/06/2023;10:12:27;27.66;;;;19;20/06/2023;10:13:51;27.76;;;;
20;20/06/2023;10:11:32;27.66;;;;20;20/06/2023;10:13:27;27.62;;;;20;20/06/2023;10:14:51;27.73;;;;
21;20/06/2023;10:12:32;27.64;;;;21;20/06/2023;10:14:27;27.6;;;;21;20/06/2023;10:15:51;27.64;;;;
22;20/06/2023;10:13:32;27.61;;;;22;20/06/2023;10:15:27;27.52;;;;22;20/06/2023;10:16:51;27.58;;;;
23;20/06/2023;10:14:31;27.6;;;;23;20/06/2023;10:16:27;27.45;;;;23;20/06/2023;10:17:51;27.52;;;;
24;20/06/2023;10:15:31;27.55;;;;24;20/06/2023;10:17:27;27.39;;;;24;20/06/2023;10:18:51;27.42;;;;
25;20/06/2023;10:16:31;27.52;;;;25;20/06/2023;10:18:27;27.3;;;;25;20/06/2023;10:19:51;27.4;;;;
26;20/06/2023;10:17:31;27.47;;;;26;20/06/2023;10:19:27;27.27;;;;26;20/06/2023;10:20:51;27.41;;;;
27;20/06/2023;10:18:31;27.43;;;;27;20/06/2023;10:20:27;27.25;;;;27;20/06/2023;10:21:50;27.48;;;;
28;20/06/2023;10:19:31;27.38;;;;28;20/06/2023;10:21:26;27.3;;;;28;20/06/2023;10:22:50;27.52;;;;
29;20/06/2023;10:20:31;27.39;;;;29;20/06/2023;10:22:26;27.38;;;;29;20/06/2023;10:23:50;27.61;;;;
30;20/06/2023;10:21:31;27.38;;;;30;20/06/2023;10:23:26;27.46;;;;30;20/06/2023;10:24:50;27.66;;;;
31;20/06/2023;10:22:30;27.4;;;;31;20/06/2023;10:24:26;27.56;;;;31;20/06/2023;10:25:50;27.74;;;;
32;20/06/2023;10:23:30;27.44;;;;32;20/06/2023;10:25:26;27.6;;;;32;20/06/2023;10:26:50;27.77;;;;
33;20/06/2023;10:24:30;27.48;;;;33;20/06/2023;10:26:26;27.65;;;;33;20/06/2023;10:27:50;27.82;;;;
34;20/06/2023;10:25:30;27.53;;;;34;20/06/2023;10:27:26;27.71;;;;34;20/06/2023;10:28:50;27.89;;;;
35;20/06/2023;10:26:30;27.55;;;;35;20/06/2023;10:28:26;27.77;;;;35;20/06/2023;10:29:50;27.96;;;;
36;20/06/2023;10:27:30;27.57;;;;36;20/06/2023;10:29:26;27.88;;;;36;20/06/2023;10:30:50;27.98;;;;
37;20/06/2023;10:28:30;27.65;;;;37;20/06/2023;10:30:25;27.94;;;;37;20/06/2023;10:31:50;28.06;;;;
38;20/06/2023;10:29:30;27.77;;;;38;20/06/2023;10:31:25;27.98;;;;38;20/06/2023;10:32:50;28.09;;;;
39;20/06/2023;10:30:29;27.84;;;;39;20/06/2023;10:32:25;28.02;;;;39;20/06/2023;10:33:50;28.13;;;;
40;20/06/2023;10:31:29;27.9;;;;40;20/06/2023;10:33:25;28.06;;;;40;20/06/2023;10:34:50;28.15;;;;
41;20/06/2023;10:32:29;27.96;;;;41;20/06/2023;10:34:25;28.1;;;;41;20/06/2023;10:35:49;28.18;;;;
42;20/06/2023;10:33:29;28.02;;;;42;20/06/2023;10:35:25;28.13;;;;42;20/06/2023;10:36:49;28.2;;;;
43;20/06/2023;10:34:29;28.08;;;;43;20/06/2023;10:36:25;28.17;;;;43;20/06/2023;10:37:49;28.23;;;;
44;20/06/2023;10:35:29;28.12;;;;44;20/06/2023;10:37:24;28.2;;;;44;20/06/2023;10:38:49;28.23;;;;
45;20/06/2023;10:36:28;28.16;;;;45;20/06/2023;10:38:24;28.2;;;;45;20/06/2023;10:39:49;28.24;;;;
46;20/06/2023;10:37:28;28.18;;;;46;20/06/2023;10:39:24;28.2;;;;46;20/06/2023;10:40:49;28.2;;;;
47;20/06/2023;10:38:28;28.2;;;;47;20/06/2023;10:40:24;28.17;;;;47;20/06/2023;10:41:49;28.16;;;;
48;20/06/2023;10:39:28;28.23;;;;48;20/06/2023;10:41:24;28.13;;;;48;20/06/2023;10:42:49;28.11;;;;
49;20/06/2023;10:40:28;28.19;;;;49;20/06/2023;10:42:24;28.09;;;;49;20/06/2023;10:43:49;28.05;;;;
50;20/06/2023;10:41:28;28.15;;;;50;20/06/2023;10:43:24;28.04;;;;50;20/06/2023;10:44:49;28.03;;;;
51;20/06/2023;10:42:28;28.06;;;;51;20/06/2023;10:44:23;27.98;;;;51;20/06/2023;10:45:49;27.97;;;;
52;20/06/2023;10:43:27;28.01;;;;52;20/06/2023;10:45:23;27.95;;;;52;20/06/2023;10:46:49;27.95;;;;
53;20/06/2023;10:44:27;27.99;;;;53;20/06/2023;10:46:23;27.94;;;;53;20/06/2023;10:47:49;27.94;;;;
54;20/06/2023;10:45:27;27.93;;;;54;20/06/2023;10:47:23;27.9;;;;54;20/06/2023;10:48:49;27.91;;;;
55;20/06/2023;10:46:27;27.93;;;;55;20/06/2023;10:48:23;27.91;;;;55;20/06/2023;10:49:49;27.91;;;;
56;20/06/2023;10:47:27;27.9;;;;56;20/06/2023;10:49:23;27.9;;;;56;20/06/2023;10:50:49;27.9;;;;
57;20/06/2023;10:48:27;27.9;;;;57;20/06/2023;10:50:23;27.91;;;;57;20/06/2023;10:51:48;27.91;;;;
58;20/06/2023;10:49:26;27.91;;;;58;20/06/2023;10:51:23;27.93;;;;58;20/06/2023;10:52:48;27.93;;;;
59;20/06/2023;10:50:26;27.9;;;;59;20/06/2023;10:52:22;27.93;;;;59;20/06/2023;10:53:48;27.94;;;;
60;20/06/2023;10:51:26;27.93;;;;60;20/06/2023;10:53:22;27.92;;;;60;20/06/2023;10:54:48;27.93;;;;
61;20/06/2023;10:52:26;27.92;;;;61;20/06/2023;10:54:22;27.95;;;;61;20/06/2023;10:55:48;27.95;;;;
62;20/06/2023;10:53:26;27.94;;;;62;20/06/2023;10:55:22;27.95;;;;62;20/06/2023;10:56:48;27.95;;;;
63;20/06/2023;10:54:26;27.94;;;;63;20/06/2023;10:56:22;27.98;;;;63;20/06/2023;10:57:48;27.96;;;;
64;20/06/2023;10:55:26;27.95;;;;64;20/06/2023;10:57:22;28;;;;64;20/06/2023;10:58:48;28.02;;;;
65;20/06/2023;10:56:25;27.98;;;;65;20/06/2023;10:58:22;28;;;;65;20/06/2023;10:59:48;28;;;;
66;20/06/2023;10:57:25;28;;;;66;20/06/2023;10:59:21;28.02;;;;66;20/06/2023;11:00:48;28.03;;;;
67;20/06/2023;10:58:25;28.04;;;;67;20/06/2023;11:00:21;28.05;;;;67;20/06/2023;11:01:48;28.03;;;;
68;20/06/2023;10:59:25;28.05;;;;68;20/06/2023;11:01:21;28.05;;;;68;20/06/2023;11:02:48;28.06;;;;
69;20/06/2023;11:00:25;28.06;;;;69;20/06/2023;11:02:21;28.1;;;;69;20/06/2023;11:03:48;28.09;;;;
70;20/06/2023;11:01:25;28.09;;;;70;20/06/2023;11:03:21;28.13;;;;70;20/06/2023;11:04:48;28.1;;;;
71;20/06/2023;11:02:24;28.11;;;;71;20/06/2023;11:04:21;28.16;;;;71;20/06/2023;11:05:48;28.11;;;;
72;20/06/2023;11:03:24;28.14;;;;72;20/06/2023;11:05:20;28.16;;;;72;20/06/2023;11:06:48;28.16;;;;
73;20/06/2023;11:04:24;28.14;;;;73;20/06/2023;11:06:20;28.18;;;;73;20/06/2023;11:07:47;28.13;;;;
74;20/06/2023;11:05:24;28.17;;;;74;20/06/2023;11:07:20;28.2;;;;74;20/06/2023;11:08:47;28.18;;;;
75;20/06/2023;11:06:24;28.21;;;;75;20/06/2023;11:08:20;28.21;;;;75;20/06/2023;11:09:47;28.22;;;;
76;20/06/2023;11:07:24;28.23;;;;76;20/06/2023;11:09:20;28.25;;;;76;20/06/2023;11:10:47;28.23;;;;
77;20/06/2023;11:08:23;28.24;;;;77;20/06/2023;11:10:20;28.29;;;;77;20/06/2023;11:11:47;28.23;;;;
78;20/06/2023;11:09:23;28.25;;;;78;20/06/2023;11:11:20;28.3;;;;78;20/06/2023;11:12:47;28.23;;;;
79;20/06/2023;11:10:23;28.28;;;;79;20/06/2023;11:12:19;28.32;;;;79;20/06/2023;11:13:47;28.25;;;;
80;20/06/2023;11:11:23;28.32;;;;80;20/06/2023;11:13:19;28.33;;;;80;20/06/2023;11:14:47;28.25;;;;
81;20/06/2023;11:12:23;28.33;Synchronized;;;81;20/06/2023;11:14:19;28.34;;;;81;20/06/2023;11:15:47;28.26;;;;
82;20/06/2023;11:13:23;28.34;;;;82;20/06/2023;11:15:19;28.35;;;;82;20/06/2023;11:16:47;28.25;;;;
83;20/06/2023;11:14:23;28.35;;;;83;20/06/2023;11:16:19;28.34;;;;83;20/06/2023;11:17:47;28.23;;;;
84;20/06/2023;11:15:23;28.35;;;;84;20/06/2023;11:17:18;28.34;;;;84;20/06/2023;11:18:46;28.25;;;;
85;20/06/2023;11:16:23;28.34;;;;85;20/06/2023;11:18:18;28.34;;;;85;20/06/2023;11:19:46;28.27;;;;
86;20/06/2023;11:17:22;28.35;;;;86;20/06/2023;11:19:18;28.34;;;;86;20/06/2023;11:20:46;28.26;;;;
87;20/06/2023;11:18:22;28.36;;;;87;20/06/2023;11:20:18;28.36;;;;87;20/06/2023;11:21:46;28.29;;;;
88;20/06/2023;11:19:22;28.38;;;;88;20/06/2023;11:21:18;28.34;;;;88;20/06/2023;11:22:46;28.27;;;;
89;20/06/2023;11:20:22;28.37;;;;89;20/06/2023;11:22:18;28.37;;;;89;20/06/2023;11:23:46;28.27;;;;
90;20/06/2023;11:21:22;28.38;;;;90;20/06/2023;11:23:17;28.36;;;;90;20/06/2023;11:24:46;28.27;;;;
91;20/06/2023;11:22:22;28.4;;;;91;20/06/2023;11:24:17;28.38;;;;91;20/06/2023;11:25:46;28.27;;;;
92;20/06/2023;11:23:22;28.39;;;;92;20/06/2023;11:25:17;28.4;;;;92;20/06/2023;11:26:46;28.3;;;;
93;20/06/2023;11:24:22;28.4;;;;93;20/06/2023;11:26:17;28.38;;;;93;20/06/2023;11:27:46;28.27;;;;
94;20/06/2023;11:25:22;28.4;;;;94;20/06/2023;11:27:17;28.4;;;;94;20/06/2023;11:28:46;28.3;;;;
95;20/06/2023;11:26:22;28.42;;;;95;20/06/2023;11:28:17;28.38;;;;95;20/06/2023;11:29:45;28.31;;;;
96;20/06/2023;11:27:22;28.41;;;;96;20/06/2023;11:29:16;28.4;;;;96;20/06/2023;11:30:45;28.31;;;;
97;20/06/2023;11:28:22;28.43;;;;97;20/06/2023;11:30:16;28.41;;;;97;20/06/2023;11:31:45;28.31;;;;
98;20/06/2023;11:29:22;28.45;;;;98;20/06/2023;11:31:16;28.38;;;;98;20/06/2023;11:32:45;28.33;;;;
99;20/06/2023;11:30:22;28.45;;;;99;20/06/2023;11:32:16;28.45;;;;99;20/06/2023;11:33:45;28.33;;;;
100;20/06/2023;11:31:22;28.46;;;;100;20/06/2023;11:33:16;28.45;;;;100;20/06/2023;11:34:45;28.34;;;;
101;20/06/2023;11:32:22;28.47;;;;101;20/06/2023;11:34:16;28.46;;;;101;20/06/2023;11:35:45;28.34;;;;
102;20/06/2023;11:33:22;28.48;;;;102;20/06/2023;11:35:15;28.45;;;;102;20/06/2023;11:36:45;28.34;;;;
103;20/06/2023;11:34:22;28.48;;;;103;20/06/2023;11:36:15;28.45;;;;103;20/06/2023;11:37:45;28.35;;;;
104;20/06/2023;11:35:22;28.49;Synchronized;;;104;20/06/2023;11:37:15;28.45;;;;104;20/06/2023;11:38:45;28.37;;;;
105;20/06/2023;11:36:22;28.48;;;;105;20/06/2023;11:38:15;28.45;;;;105;20/06/2023;11:39:45;28.36;;;;
106;20/06/2023;11:37:22;28.5;;;;106;20/06/2023;11:39:15;28.46;;;;106;20/06/2023;11:40:44;28.38;;;;
107;20/06/2023;11:38:22;28.51;;;;107;20/06/2023;11:40:14;28.47;;;;107;20/06/2023;11:41:44;28.38;;;;
108;20/06/2023;11:39:22;28.52;;;;108;20/06/2023;11:41:14;28.48;;;;108;20/06/2023;11:42:44;28.38;;;;
109;20/06/2023;11:40:22;28.52;;;;109;20/06/2023;11:42:14;28.48;;;;109;20/06/2023;11:43:44;28.38;;;;
110;20/06/2023;11:41:22;28.51;;;;110;20/06/2023;11:43:14;28.49;;;;110;20/06/2023;11:44:44;28.39;;;;
111;20/06/2023;11:42:22;28.54;;;;111;20/06/2023;11:44:14;28.5;;;;111;20/06/2023;11:45:44;28.38;;;;
112;20/06/2023;11:43:22;28.52;;;;112;20/06/2023;11:45:14;28.49;;;;112;20/06/2023;11:46:44;28.41;;;;
113;20/06/2023;11:44:22;28.52;;;;113;20/06/2023;11:46:13;28.5;;;;113;20/06/2023;11:47:44;28.41;;;;
114;20/06/2023;11:45:22;28.52;;;;114;20/06/2023;11:47:13;28.51;;;;114;20/06/2023;11:48:44;28.43;;;;
115;20/06/2023;11:46:22;28.54;;;;115;20/06/2023;11:48:13;28.52;;;;115;20/06/2023;11:49:44;28.43;;;;
116;20/06/2023;11:47:22;28.55;;;;116;20/06/2023;11:49:13;28.54;;;;116;20/06/2023;11:50:44;28.45;;;;
117;20/06/2023;11:48:22;28.54;;;;117;20/06/2023;11:50:13;28.55;;;;117;20/06/2023;11:51:43;28.45;;;;
118;20/06/2023;11:49:22;28.52;;;;118;20/06/2023;11:51:12;28.55;;;;118;20/06/2023;11:52:43;28.48;;;;
119;20/06/2023;11:50:22;28.54;;;;119;20/06/2023;11:52:12;28.57;;;;119;20/06/2023;11:53:43;28.5;;;;
120;20/06/2023;11:51:22;28.57;;;;120;20/06/2023;11:53:12;28.59;;;;120;20/06/2023;11:54:43;28.5;;;;
121;20/06/2023;11:52:22;28.57;;;;121;20/06/2023;11:54:12;28.6;;;;121;20/06/2023;11:55:43;28.52;;;;
122;20/06/2023;11:53:22;28.59;;;;122;20/06/2023;11:55:12;28.61;;;;122;20/06/2023;11:56:43;28.55;;;;
123;20/06/2023;11:54:22;28.59;;;;123;20/06/2023;11:56:11;28.6;;;;123;20/06/2023;11:57:43;28.56;;;;
124;20/06/2023;11:55:22;28.6;;;;124;20/06/2023;11:57:11;28.64;;;;124;20/06/2023;11:58:43;28.56;;;;
125;20/06/2023;11:56:22;28.59;;;;125;20/06/2023;11:58:11;28.66;;;;125;20/06/2023;11:59:43;28.6;;;;
126;20/06/2023;11:57:22;28.62;;;;126;20/06/2023;11:59:11;28.68;;;;126;20/06/2023;12:00:42;28.6;;;;
127;20/06/2023;11:58:22;28.63;;;;127;20/06/2023;12:00:11;28.7;;;;127;20/06/2023;12:01:42;28.6;;;;
128;20/06/2023;11:59:22;28.63;;;;128;20/06/2023;12:01:11;28.7;;;;128;20/06/2023;12:02:42;28.6;;;;
129;20/06/2023;12:00:22;28.65;;;;129;20/06/2023;12:02:11;28.7;;;;129;20/06/2023;12:03:42;28.59;;;;
130;20/06/2023;12:01:22;28.65;;;;130;20/06/2023;12:03:10;28.7;;;;130;20/06/2023;12:04:42;28.61;;;;
131;20/06/2023;12:02:22;28.64;;;;131;20/06/2023;12:04:10;28.68;;;;131;20/06/2023;12:05:42;28.59;;;;
132;20/06/2023;12:03:22;28.63;;;;132;20/06/2023;12:05:10;28.7;;;;132;20/06/2023;12:06:42;28.58;;;;
133;20/06/2023;12:04:22;28.63;;;;133;20/06/2023;12:06:10;28.67;;;;133;20/06/2023;12:07:42;28.6;;;;
134;20/06/2023;12:05:22;28.62;;;;134;20/06/2023;12:07:10;28.7;;;;134;20/06/2023;12:08:42;28.59;;;;
135;20/06/2023;12:06:22;28.63;;;;135;20/06/2023;12:08:10;28.69;;;;135;20/06/2023;12:09:41;28.61;;;;
136;20/06/2023;12:07:22;28.63;;;;136;20/06/2023;12:09:10;28.68;;;;136;20/06/2023;12:10:41;28.63;Synchronized;;;
137;20/06/2023;12:08:22;28.63;;;;137;20/06/2023;12:10:09;28.66;;;;137;20/06/2023;12:11:41;28.6;;;;
138;20/06/2023;12:09:22;28.64;;;;138;20/06/2023;12:11:09;28.69;;;;138;20/06/2023;12:12:41;28.59;;;;
139;20/06/2023;12:10:22;28.63;;;;139;20/06/2023;12:12:09;28.7;;;;139;20/06/2023;12:13:41;28.63;;;;
140;20/06/2023;12:11:22;28.64;;;;140;20/06/2023;12:13:09;28.7;;;;140;20/06/2023;12:14:41;28.65;;;;
141;20/06/2023;12:12:22;28.65;;;;141;20/06/2023;12:14:09;28.7;;;;141;20/06/2023;12:15:41;28.63;;;;
142;20/06/2023;12:13:22;28.67;;;;142;20/06/2023;12:15:09;28.72;;;;142;20/06/2023;12:16:41;28.63;;;;
143;20/06/2023;12:14:22;28.7;;;;143;20/06/2023;12:16:09;28.73;;;;143;20/06/2023;12:17:41;28.63;;;;
144;20/06/2023;12:15:22;28.71;;;;144;20/06/2023;12:17:09;28.72;;;;144;20/06/2023;12:18:40;28.66;;;;
145;20/06/2023;12:16:22;28.7;Synchronized;;;145;20/06/2023;12:18:09;28.74;;;;145;20/06/2023;12:19:40;28.66;;;;
146;20/06/2023;12:17:22;28.72;;;;146;20/06/2023;12:19:09;28.76;;;;146;20/06/2023;12:20:40;28.67;;;;
147;20/06/2023;12:18:22;28.72;;;;147;20/06/2023;12:20:09;28.73;;;;147;20/06/2023;12:21:40;28.68;;;;
148;20/06/2023;12:19:22;28.73;;;;148;20/06/2023;12:21:09;28.76;;;;148;20/06/2023;12:22:40;28.69;;;;
149;20/06/2023;12:20:22;28.76;;;;149;20/06/2023;12:22:09;28.77;;;;149;20/06/2023;12:23:40;28.69;;;;
150;20/06/2023;12:21:22;28.78;;;;150;20/06/2023;12:23:08;28.8;;;;150;20/06/2023;12:24:40;28.72;;;;
151;20/06/2023;12:22:22;28.77;;;;151;20/06/2023;12:24:08;28.79;;;;151;20/06/2023;12:25:40;28.73;;;;
152;20/06/2023;12:23:22;28.81;;;;152;20/06/2023;12:25:08;28.82;;;;152;20/06/2023;12:26:40;28.73;;;;
153;20/06/2023;12:24:22;28.8;;;;153;20/06/2023;12:26:08;28.83;;;;153;20/06/2023;12:27:39;28.81;;;;
154;20/06/2023;12:25:22;28.83;;;;154;20/06/2023;12:27:08;28.84;;;;154;20/06/2023;12:28:39;28.9;;;;
155;20/06/2023;12:26:22;28.84;;;;155;20/06/2023;12:28:08;28.82;;;;155;20/06/2023;12:29:39;28.97;;;;
156;20/06/2023;12:27:22;28.88;;;;156;20/06/2023;12:29:08;28.83;;;;156;20/06/2023;12:30:39;29.04;;;;
157;20/06/2023;12:28:22;28.95;;;;157;20/06/2023;12:30:08;28.83;;;;157;20/06/2023;12:31:39;29.08;;;;
158;20/06/2023;12:29:22;29.01;;;;158;20/06/2023;12:31:08;28.83;;;;158;20/06/2023;12:32:39;29.13;;;;
159;20/06/2023;12:30:22;29.05;;;;159;20/06/2023;12:32:08;28.81;;;;159;20/06/2023;12:33:39;29.13;;;;
160;20/06/2023;12:31:22;29.09;;;;160;20/06/2023;12:33:08;28.81;;;;160;20/06/2023;12:34:39;29.16;;;;
161;20/06/2023;12:32:22;29.11;;;;161;20/06/2023;12:34:08;28.84;;;;161;20/06/2023;12:35:39;29.19;;;;
162;20/06/2023;12:33:22;29.15;;;;162;20/06/2023;12:35:08;28.84;;;;162;20/06/2023;12:36:38;29.21;;;;
163;20/06/2023;12:34:22;29.16;;;;163;20/06/2023;12:36:08;28.83;;;;163;20/06/2023;12:37:38;29.22;;;;
164;20/06/2023;12:35:22;29.18;;;;164;20/06/2023;12:37:08;28.84;;;;164;20/06/2023;12:38:38;29.22;;;;
165;20/06/2023;12:36:22;29.19;;;;165;20/06/2023;12:38:08;28.84;;;;165;20/06/2023;12:39:38;29.25;;;;
166;20/06/2023;12:37:22;29.2;;;;166;20/06/2023;12:39:08;28.84;;;;166;20/06/2023;12:40:38;29.23;;;;
167;20/06/2023;12:38:22;29.2;;;;167;20/06/2023;12:40:08;28.85;;;;167;20/06/2023;12:41:38;29.25;;;;
168;20/06/2023;12:39:22;29.22;;;;168;20/06/2023;12:41:08;28.86;;;;168;20/06/2023;12:42:38;29.22;;;;
169;20/06/2023;12:40:22;29.23;;;;169;20/06/2023;12:42:08;28.85;;;;169;20/06/2023;12:43:38;29.23;;;;
170;20/06/2023;12:41:22;29.23;;;;170;20/06/2023;12:43:08;28.84;;;;170;20/06/2023;12:44:38;29.23;;;;
171;20/06/2023;12:42:21;29.21;;;;171;20/06/2023;12:44:08;28.84;;;;171;20/06/2023;12:45:38;29.23;;;;
172;20/06/2023;12:43:21;29.22;;;;172;20/06/2023;12:45:08;28.85;;;;172;20/06/2023;12:46:38;29.21;;;;
173;20/06/2023;12:44:21;29.22;;;;173;20/06/2023;12:46:08;28.85;;;;173;20/06/2023;12:47:37;29.23;;;;
174;20/06/2023;12:45:21;29.23;;;;174;20/06/2023;12:47:08;28.84;;;;174;20/06/2023;12:48:37;29.23;;;;
175;20/06/2023;12:46:21;29.24;;;;175;20/06/2023;12:48:08;28.83;;;;175;20/06/2023;12:49:37;29.23;;;;
176;20/06/2023;12:47:21;29.22;;;;176;20/06/2023;12:49:08;28.84;;;;176;20/06/2023;12:50:37;29.23;;;;
177;20/06/2023;12:48:21;29.22;;;;177;20/06/2023;12:50:08;28.84;;;;177;20/06/2023;12:51:37;29.21;;;;
178;20/06/2023;12:49:21;29.23;;;;178;20/06/2023;12:51:08;28.81;;;;178;20/06/2023;12:52:37;29.23;;;;
179;20/06/2023;12:50:21;29.25;;;;179;20/06/2023;12:52:08;28.84;;;;179;20/06/2023;12:53:37;29.21;;;;
180;20/06/2023;12:51:21;29.25;;;;180;20/06/2023;12:53:08;28.84;;;;180;20/06/2023;12:54:37;29.23;;;;
181;20/06/2023;12:52:21;29.24;;;;181;20/06/2023;12:54:08;28.83;;;;181;20/06/2023;12:55:37;29.26;;;;
182;20/06/2023;12:53:21;29.24;;;;182;20/06/2023;12:55:08;28.84;;;;182;20/06/2023;12:56:37;29.23;;;;
183;20/06/2023;12:54:21;29.25;;;;183;20/06/2023;12:56:08;28.86;;;;183;20/06/2023;12:57:37;29.25;Synchronized;;;
184;20/06/2023;12:55:21;29.26;;;;184;20/06/2023;12:57:08;28.85;;;;184;20/06/2023;12:58:36;29.25;;;;
185;20/06/2023;12:56:21;29.27;;;;185;20/06/2023;12:58:08;28.86;;;;185;20/06/2023;12:59:36;29.23;;;;
186;20/06/2023;12:57:21;29.27;;;;186;20/06/2023;12:59:08;28.86;;;;186;20/06/2023;13:00:36;29.23;;;;
187;20/06/2023;12:58:21;29.27;;;;187;20/06/2023;13:00:08;28.84;;;;187;20/06/2023;13:01:36;29.27;;;;
188;20/06/2023;12:59:21;29.26;;;;188;20/06/2023;13:01:08;28.85;;;;188;20/06/2023;13:02:36;29.25;;;;
189;20/06/2023;13:00:21;29.27;;;;189;20/06/2023;13:02:08;28.86;;;;189;20/06/2023;13:03:36;29.25;;;;
190;20/06/2023;13:01:21;29.28;;;;190;20/06/2023;13:03:08;28.88;;;;190;20/06/2023;13:04:36;29.26;;;;
191;20/06/2023;13:02:20;29.31;;;;191;20/06/2023;13:04:08;28.89;;;;191;20/06/2023;13:05:36;29.28;;;;
192;20/06/2023;13:03:20;29.27;;;;192;20/06/2023;13:05:08;28.89;;;;192;20/06/2023;13:06:36;29.27;;;;
193;20/06/2023;13:04:20;29.28;;;;193;20/06/2023;13:06:08;28.87;;;;193;20/06/2023;13:07:36;29.26;;;;
194;20/06/2023;13:05:20;29.3;;;;194;20/06/2023;13:07:08;28.89;;;;194;20/06/2023;13:08:35;29.28;;;;
195;20/06/2023;13:06:20;29.28;;;;195;20/06/2023;13:08:08;28.9;;;;195;20/06/2023;13:09:35;29.27;;;;
196;20/06/2023;13:07:20;29.3;;;;196;20/06/2023;13:09:08;28.9;;;;196;20/06/2023;13:10:35;29.28;;;;
197;20/06/2023;13:08:20;29.3;;;;197;20/06/2023;13:10:08;28.88;;;;197;20/06/2023;13:11:35;29.28;;;;
198;20/06/2023;13:09:20;29.3;;;;198;20/06/2023;13:11:08;28.9;;;;198;20/06/2023;13:12:35;29.28;;;;
199;20/06/2023;13:10:20;29.31;;;;199;20/06/2023;13:12:08;28.91;;;;199;20/06/2023;13:13:35;29.3;;;;
200;20/06/2023;13:11:20;29.32;;;;200;20/06/2023;13:13:08;28.92;;;;200;20/06/2023;13:14:35;29.28;;;;
201;20/06/2023;13:12:20;29.32;;;;201;20/06/2023;13:14:08;28.92;;;;201;20/06/2023;13:15:35;29.3;;;;
202;20/06/2023;13:13:20;29.31;;;;202;20/06/2023;13:15:08;28.91;;;;202;20/06/2023;13:16:35;29.31;;;;
203;20/06/2023;13:14:20;29.32;;;;203;20/06/2023;13:16:08;28.94;;;;203;20/06/2023;13:17:35;29.34;;;;
204;20/06/2023;13:15:20;29.33;;;;204;20/06/2023;13:17:08;28.95;;;;204;20/06/2023;13:18:35;29.35;;;;
205;20/06/2023;13:16:20;29.32;;;;205;20/06/2023;13:18:08;28.98;;;;205;20/06/2023;13:19:34;29.35;;;;
206;20/06/2023;13:17:20;29.34;;;;206;20/06/2023;13:19:08;29;;;;206;20/06/2023;13:20:34;29.38;;;;
207;20/06/2023;13:18:20;29.37;;;;207;20/06/2023;13:20:08;29.01;;;;207;20/06/2023;13:21:34;29.38;;;;
208;20/06/2023;13:19:20;29.35;;;;208;20/06/2023;13:21:08;29;;;;208;20/06/2023;13:22:34;29.39;;;;
209;20/06/2023;13:20:20;29.35;;;;209;20/06/2023;13:22:08;29.01;;;;209;20/06/2023;13:23:34;29.39;;;;
210;20/06/2023;13:21:19;29.36;;;;210;20/06/2023;13:23:08;29.02;;;;210;20/06/2023;13:24:34;29.38;;;;
211;20/06/2023;13:22:19;29.38;;;;211;20/06/2023;13:24:07;29.02;;;;211;20/06/2023;13:25:34;29.4;;;;
212;20/06/2023;13:23:19;29.39;;;;212;20/06/2023;13:25:07;29.03;;;;212;20/06/2023;13:26:34;29.39;;;;
213;20/06/2023;13:24:19;29.38;;;;213;20/06/2023;13:26:07;29.02;;;;213;20/06/2023;13:27:33;29.38;;;;
214;20/06/2023;13:25:19;29.41;;;;214;20/06/2023;13:27:07;29;;;;214;20/06/2023;13:28:33;29.38;;;;
215;20/06/2023;13:26:19;29.39;;;;215;20/06/2023;13:28:07;29.02;Synchronized;;;215;20/06/2023;13:29:33;29.38;;;;
216;20/06/2023;13:27:19;29.42;;;;216;20/06/2023;13:29:07;29.01;;;;216;20/06/2023;13:30:33;29.35;;;;
217;20/06/2023;13:28:19;29.39;;;;217;20/06/2023;13:30:07;28.98;;;;217;20/06/2023;13:31:33;29.34;;;;
218;20/06/2023;13:29:19;29.4;;;;218;20/06/2023;13:31:07;29;;;;218;20/06/2023;13:32:33;29.34;;;;
219;20/06/2023;13:30:19;29.39;;;;219;20/06/2023;13:32:07;28.98;;;;219;20/06/2023;13:33:33;29.34;;;;
220;20/06/2023;13:31:19;29.4;;;;220;20/06/2023;13:33:07;28.96;;;;220;20/06/2023;13:34:33;29.33;;;;
221;20/06/2023;13:32:19;29.38;;;;221;20/06/2023;13:34:07;28.97;;;;221;20/06/2023;13:35:32;29.3;;;;
222;20/06/2023;13:33:19;29.38;;;;222;20/06/2023;13:35:07;28.97;;;;222;20/06/2023;13:36:32;29.31;;;;
223;20/06/2023;13:34:19;29.38;;;;223;20/06/2023;13:36:07;28.97;;;;223;20/06/2023;13:37:32;29.34;;;;
224;20/06/2023;13:35:19;29.38;;;;224;20/06/2023;13:37:07;28.96;;;;224;20/06/2023;13:38:32;29.34;;;;
225;20/06/2023;13:36:19;29.4;;;;225;20/06/2023;13:38:07;28.98;;;;225;20/06/2023;13:39:32;29.34;;;;
226;20/06/2023;13:37:18;29.38;;;;226;20/06/2023;13:39:07;28.96;;;;226;20/06/2023;13:40:32;29.35;;;;
227;20/06/2023;13:38:18;29.39;;;;227;20/06/2023;13:40:07;28.98;;;;227;20/06/2023;13:41:32;29.32;;;;
228;20/06/2023;13:39:18;29.38;;;;228;20/06/2023;13:41:07;28.96;;;;228;20/06/2023;13:42:32;29.34;;;;
229;20/06/2023;13:40:18;29.38;;;;229;20/06/2023;13:42:07;28.95;;;;229;20/06/2023;13:43:31;29.31;;;;
230;20/06/2023;13:41:18;29.37;;;;230;20/06/2023;13:43:07;28.97;;;;230;20/06/2023;13:44:31;29.37;;;;
231;20/06/2023;13:42:18;29.38;;;;231;20/06/2023;13:44:07;28.96;Synchronized;;;231;20/06/2023;13:45:31;29.33;;;;
232;20/06/2023;13:43:18;29.39;;;;232;20/06/2023;13:45:07;28.98;;;;232;20/06/2023;13:46:31;29.34;;;;
233;20/06/2023;13:44:18;29.4;;;;233;20/06/2023;13:46:07;29;;;;233;20/06/2023;13:47:31;29.37;;;;
234;20/06/2023;13:45:18;29.38;;;;234;20/06/2023;13:47:07;28.98;;;;234;20/06/2023;13:48:31;29.38;;;;
235;20/06/2023;13:46:18;29.38;;;;235;20/06/2023;13:48:07;29.01;;;;235;20/06/2023;13:49:31;29.4;;;;
236;20/06/2023;13:47:18;29.41;;;;236;20/06/2023;13:49:07;29.02;;;;236;20/06/2023;13:50:31;29.4;;;;
237;20/06/2023;13:48:18;29.42;;;;237;20/06/2023;13:50:07;28.98;;;;237;20/06/2023;13:51:31;29.39;;;;
238;20/06/2023;13:49:18;29.44;;;;238;20/06/2023;13:51:07;29.02;;;;238;20/06/2023;13:52:30;29.39;;;;
239;20/06/2023;13:50:18;29.41;;;;239;20/06/2023;13:52:07;29.02;;;;239;20/06/2023;13:53:30;29.39;;;;
240;20/06/2023;13:51:18;29.43;;;;240;20/06/2023;13:53:07;29.02;;;;240;20/06/2023;13:54:30;29.38;;;;
241;20/06/2023;13:52:18;29.41;;;;241;20/06/2023;13:54:07;29.02;;;;241;20/06/2023;13:55:30;29.38;;;;
242;20/06/2023;13:53:18;29.43;;;;242;20/06/2023;13:55:07;29.02;;;;242;20/06/2023;13:56:30;29.38;;;;
243;20/06/2023;13:54:17;29.44;;;;243;20/06/2023;13:56:07;29;;;;243;20/06/2023;13:57:30;29.38;;;;
244;20/06/2023;13:55:17;29.45;;;;244;20/06/2023;13:57:07;29.02;;;;244;20/06/2023;13:58:30;29.38;;;;
245;20/06/2023;13:56:17;29.45;;;;245;20/06/2023;13:58:07;29.01;;;;245;20/06/2023;13:59:30;29.39;;;;
246;20/06/2023;13:57:17;29.44;;;;246;20/06/2023;13:59:07;29.02;;;;246;20/06/2023;14:00:29;29.4;;;;
247;20/06/2023;13:58:17;29.44;;;;247;20/06/2023;14:00:07;29.05;;;;247;20/06/2023;14:01:29;29.41;;;;
248;20/06/2023;13:59:17;29.43;;;;248;20/06/2023;14:01:07;29.05;;;;248;20/06/2023;14:02:29;29.41;;;;
249;20/06/2023;14:00:17;29.43;;;;249;20/06/2023;14:02:07;29.04;;;;249;20/06/2023;14:03:29;29.45;;;;
250;20/06/2023;14:01:17;29.45;;;;250;20/06/2023;14:03:07;29.07;;;;250;20/06/2023;14:04:29;29.43;;;;
251;20/06/2023;14:02:17;29.46;;;;251;20/06/2023;14:04:07;29.1;;;;251;20/06/2023;14:05:29;29.45;;;;
252;20/06/2023;14:03:17;29.45;;;;252;20/06/2023;14:05:07;29.12;;;;252;20/06/2023;14:06:29;29.45;;;;
253;20/06/2023;14:04:17;29.45;;;;253;20/06/2023;14:06:07;29.09;;;;253;20/06/2023;14:07:29;29.45;;;;
254;20/06/2023;14:05:17;29.45;;;;254;20/06/2023;14:07:07;29.1;;;;254;20/06/2023;14:08:29;29.45;;;;
255;20/06/2023;14:06:17;29.45;;;;255;20/06/2023;14:08:07;29.12;;;;255;20/06/2023;14:09:28;29.45;;;;
256;20/06/2023;14:07:17;29.44;;;;256;20/06/2023;14:09:07;29.1;;;;256;20/06/2023;14:10:28;29.45;;;;
257;20/06/2023;14:08:17;29.45;;;;257;20/06/2023;14:10:07;29.13;;;;257;20/06/2023;14:11:28;29.46;;;;
258;20/06/2023;14:09:16;29.45;;;;258;20/06/2023;14:11:07;29.13;;;;258;20/06/2023;14:12:28;29.45;;;;
259;20/06/2023;14:10:16;29.46;;;;259;20/06/2023;14:12:07;29.14;;;;259;20/06/2023;14:13:28;29.45;;;;
260;20/06/2023;14:11:16;29.49;;;;260;20/06/2023;14:13:07;29.13;;;;260;20/06/2023;14:14:28;29.45;;;;
261;20/06/2023;14:12:16;29.46;;;;261;20/06/2023;14:14:07;29.13;;;;261;20/06/2023;14:15:28;29.46;;;;
262;20/06/2023;14:13:16;29.47;;;;262;20/06/2023;14:15:07;29.12;;;;262;20/06/2023;14:16:28;29.45;;;;
263;20/06/2023;14:14:16;29.47;;;;263;20/06/2023;14:16:07;29.12;;;;263;20/06/2023;14:17:28;29.42;;;;
264;20/06/2023;14:15:16;29.48;;;;264;20/06/2023;14:17:07;29.13;;;;264;20/06/2023;14:18:27;29.43;;;;
265;20/06/2023;14:16:16;29.49;;;;265;20/06/2023;14:18:07;29.13;;;;265;20/06/2023;14:19:27;29.42;;;;
266;20/06/2023;14:17:16;29.5;;;;266;20/06/2023;14:19:06;29.13;;;;266;20/06/2023;14:20:27;29.45;;;;
267;20/06/2023;14:18:16;29.54;;;;267;20/06/2023;14:20:06;29.13;;;;267;20/06/2023;14:21:27;29.45;;;;
268;20/06/2023;14:19:16;29.52;;;;268;20/06/2023;14:21:06;29.13;;;;268;20/06/2023;14:22:27;29.46;;;;
269;20/06/2023;14:20:16;29.52;;;;269;20/06/2023;14:22:06;29.13;;;;269;20/06/2023;14:23:27;29.45;;;;
270;20/06/2023;14:21:16;29.52;;;;270;20/06/2023;14:23:06;29.12;;;;270;20/06/2023;14:24:27;29.45;;;;
271;20/06/2023;14:22:16;29.52;;;;271;20/06/2023;14:24:06;29.12;;;;271;20/06/2023;14:25:27;29.45;;;;
272;20/06/2023;14:23:15;29.52;;;;272;20/06/2023;14:25:06;29.13;;;;272;20/06/2023;14:26:26;29.46;;;;
273;20/06/2023;14:24:15;29.52;;;;273;20/06/2023;14:26:06;29.12;;;;273;20/06/2023;14:27:26;29.45;;;;
274;20/06/2023;14:25:15;29.51;;;;274;20/06/2023;14:27:06;29.13;;;;274;20/06/2023;14:28:26;29.44;;;;
275;20/06/2023;14:26:15;29.48;;;;275;20/06/2023;14:28:06;29.1;;;;275;20/06/2023;14:29:26;29.45;;;;
276;20/06/2023;14:27:15;29.51;;;;276;20/06/2023;14:29:06;29.13;;;;276;20/06/2023;14:30:26;29.44;;;;
277;20/06/2023;14:28:15;29.52;;;;277;20/06/2023;14:30:06;29.1;;;;277;20/06/2023;14:31:26;29.44;;;;
278;20/06/2023;14:29:15;29.54;;;;278;20/06/2023;14:31:06;29.09;;;;278;20/06/2023;14:32:26;29.46;;;;
279;20/06/2023;14:30:15;29.52;;;;279;20/06/2023;14:32:06;29.1;;;;279;20/06/2023;14:33:26;29.44;;;;
280;20/06/2023;14:31:15;29.55;;;;280;20/06/2023;14:33:06;29.13;;;;280;20/06/2023;14:34:25;29.45;;;;
281;20/06/2023;14:32:15;29.52;;;;281;20/06/2023;14:34:06;29.12;;;;281;20/06/2023;14:35:25;29.46;;;;
282;20/06/2023;14:33:15;29.52;;;;282;20/06/2023;14:35:06;29.13;;;;282;20/06/2023;14:36:25;29.47;;;;
283;20/06/2023;14:34:15;29.52;;;;283;20/06/2023;14:36:06;29.13;;;;283;20/06/2023;14:37:25;29.46;;;;
284;20/06/2023;14:35:15;29.52;;;;284;20/06/2023;14:37:06;29.14;;;;284;20/06/2023;14:38:25;29.45;;;;
285;20/06/2023;14:36:15;29.52;;;;285;20/06/2023;14:38:06;29.13;;;;285;20/06/2023;14:39:25;29.48;;;;
286;20/06/2023;14:37:14;29.51;;;;286;20/06/2023;14:39:06;29.14;;;;286;20/06/2023;14:40:25;29.46;;;;
287;20/06/2023;14:38:14;29.52;;;;287;20/06/2023;14:40:06;29.16;;;;287;20/06/2023;14:41:24;29.47;;;;
288;20/06/2023;14:39:14;29.52;;;;288;20/06/2023;14:41:06;29.13;;;;288;20/06/2023;14:42:24;29.46;;;;
289;20/06/2023;14:40:14;29.51;;;;289;20/06/2023;14:42:06;29.13;;;;289;20/06/2023;14:43:24;29.46;;;;
290;20/06/2023;14:41:14;29.49;;;;290;20/06/2023;14:43:06;29.13;;;;290;20/06/2023;14:44:24;29.48;;;;
291;20/06/2023;14:42:14;29.5;;;;291;20/06/2023;14:44:06;29.15;;;;291;20/06/2023;14:45:24;29.49;;;;
292;20/06/2023;14:43:14;29.49;;;;292;20/06/2023;14:45:06;29.15;;;;292;20/06/2023;14:46:24;29.48;;;;
293;20/06/2023;14:44:14;29.49;;;;293;20/06/2023;14:46:06;29.13;;;;293;20/06/2023;14:47:24;29.48;;;;
294;20/06/2023;14:45:14;29.51;;;;294;20/06/2023;14:47:06;29.14;;;;294;20/06/2023;14:48:24;29.47;;;;
295;20/06/2023;14:46:14;29.49;;;;295;20/06/2023;14:48:06;29.16;;;;295;20/06/2023;14:49:24;29.48;;;;
296;20/06/2023;14:47:14;29.51;;;;296;20/06/2023;14:49:06;29.14;;;;296;20/06/2023;14:50:23;29.48;;;;
297;20/06/2023;14:48:14;29.52;;;;297;20/06/2023;14:50:06;29.16;;;;297;20/06/2023;14:51:23;29.49;;;;
298;20/06/2023;14:49:13;29.51;;;;298;20/06/2023;14:51:06;29.15;;;;298;20/06/2023;14:52:23;29.48;;;;
299;20/06/2023;14:50:13;29.5;;;;299;20/06/2023;14:52:06;29.17;;;;299;20/06/2023;14:53:23;29.5;;;;
300;20/06/2023;14:51:13;29.52;;;;300;20/06/2023;14:53:06;29.16;;;;300;20/06/2023;14:54:23;29.51;;;;
301;20/06/2023;14:52:13;29.52;Synchronized;;;301;20/06/2023;14:54:06;29.16;;;;301;20/06/2023;14:55:23;29.51;;;;
302;20/06/2023;14:53:13;29.52;;;;302;20/06/2023;14:55:06;29.17;;;;302;20/06/2023;14:56:23;29.51;;;;
303;20/06/2023;14:54:13;29.52;;;;303;20/06/2023;14:56:05;29.17;;;;303;20/06/2023;14:57:23;29.51;;;;
304;20/06/2023;14:55:13;29.52;;;;304;20/06/2023;14:57:05;29.18;;;;304;20/06/2023;14:58:22;29.52;;;;
305;20/06/2023;14:56:13;29.49;;;;305;20/06/2023;14:58:05;29.17;;;;305;20/06/2023;14:59:22;29.52;;;;
306;20/06/2023;14:57:13;29.52;;;;306;20/06/2023;14:59:05;29.19;;;;306;20/06/2023;15:00:22;29.49;Synchronized;;;
307;20/06/2023;14:58:13;29.54;;;;307;20/06/2023;15:00:05;29.16;;;;307;20/06/2023;15:01:22;29.49;;;;
308;20/06/2023;14:59:13;29.55;;;;308;20/06/2023;15:01:05;29.19;;;;308;20/06/2023;15:02:22;29.51;;;;
309;20/06/2023;15:00:13;29.52;;;;309;20/06/2023;15:02:05;29.2;;;;309;20/06/2023;15:03:22;29.52;;;;
310;20/06/2023;15:01:13;29.54;;;;310;20/06/2023;15:03:05;29.19;;;;310;20/06/2023;15:04:22;29.52;;;;
311;20/06/2023;15:02:13;29.55;;;;311;20/06/2023;15:04:05;29.21;;;;311;20/06/2023;15:05:21;29.53;;;;
312;20/06/2023;15:03:12;29.54;;;;312;20/06/2023;15:05:05;29.2;;;;312;20/06/2023;15:06:21;29.54;;;;
313;20/06/2023;15:04:12;29.52;;;;313;20/06/2023;15:06:05;29.22;;;;313;20/06/2023;15:07:21;29.53;;;;
314;20/06/2023;15:05:12;29.54;;;;314;20/06/2023;15:07:05;29.22;;;;314;20/06/2023;15:08:21;29.53;;;;
315;20/06/2023;15:06:12;29.55;;;;315;20/06/2023;15:08:05;29.25;;;;315;20/06/2023;15:09:21;29.54;;;;
316;20/06/2023;15:07:12;29.58;;;;316;20/06/2023;15:09:05;29.22;;;;316;20/06/2023;15:10:21;29.55;;;;
317;20/06/2023;15:08:12;29.58;;;;317;20/06/2023;15:10:05;29.24;;;;317;20/06/2023;15:11:21;29.56;;;;
318;20/06/2023;15:09:12;29.59;;;;318;20/06/2023;15:11:05;29.25;;;;318;20/06/2023;15:12:21;29.57;;;;
319;20/06/2023;15:10:12;29.59;;;;319;20/06/2023;15:12:05;29.24;;;;319;20/06/2023;15:13:21;29.56;;;;
320;20/06/2023;15:11:12;29.58;;;;320;20/06/2023;15:13:05;29.24;;;;320;20/06/2023;15:14:21;29.55;Synchronized;;;
321;20/06/2023;15:12:12;29.59;;;;321;20/06/2023;15:14:05;29.25;;;;321;20/06/2023;15:15:20;29.55;;;;
322;20/06/2023;15:13:12;29.61;;;;322;20/06/2023;15:15:05;29.24;;;;322;20/06/2023;15:16:20;29.57;;;;
323;20/06/2023;15:14:12;29.58;;;;323;20/06/2023;15:16:05;29.24;Synchronized;;;323;20/06/2023;15:17:20;29.59;;;;
324;20/06/2023;15:15:12;29.59;;;;324;20/06/2023;15:17:05;29.26;;;;324;20/06/2023;15:18:20;29.59;;;;
325;20/06/2023;15:16:11;29.63;;;;325;20/06/2023;15:18:05;29.27;;;;325;20/06/2023;15:19:20;29.61;;;;
326;20/06/2023;15:17:11;29.63;;;;326;20/06/2023;15:19:05;29.29;;;;326;20/06/2023;15:20:20;29.62;;;;
327;20/06/2023;15:18:11;29.63;;;;327;20/06/2023;15:20:05;29.29;;;;327;20/06/2023;15:21:20;29.62;;;;
328;20/06/2023;15:19:11;29.63;;;;328;20/06/2023;15:21:05;29.29;;;;328;20/06/2023;15:22:19;29.63;;;;
329;20/06/2023;15:20:11;29.63;;;;329;20/06/2023;15:22:05;29.3;;;;329;20/06/2023;15:23:19;29.64;;;;
330;20/06/2023;15:21:11;29.63;;;;330;20/06/2023;15:23:04;29.31;;;;330;20/06/2023;15:24:19;29.65;;;;
331;20/06/2023;15:22:11;29.64;;;;331;20/06/2023;15:24:04;29.32;;;;331;20/06/2023;15:25:19;29.64;;;;
332;20/06/2023;15:23:11;29.63;Synchronized;;;332;20/06/2023;15:25:04;29.31;;;;332;20/06/2023;15:26:19;29.63;;;;
333;20/06/2023;15:24:11;29.65;;;;333;20/06/2023;15:26:04;29.32;;;;333;20/06/2023;15:27:19;29.63;;;;
334;20/06/2023;15:25:11;29.64;;;;334;20/06/2023;15:27:04;29.34;;;;334;20/06/2023;15:28:19;29.65;;;;
335;20/06/2023;15:26:11;29.65;;;;335;20/06/2023;15:28:04;29.34;;;;335;20/06/2023;15:29:19;29.64;;;;
336;20/06/2023;15:27:10;29.65;;;;336;20/06/2023;15:29:04;29.32;;;;336;20/06/2023;15:30:19;29.64;;;;
337;20/06/2023;15:28:10;29.65;;;;337;20/06/2023;15:30:04;29.33;;;;337;20/06/2023;15:31:18;29.64;;;;
338;20/06/2023;15:29:10;29.66;;;;338;20/06/2023;15:31:04;29.33;;;;338;20/06/2023;15:32:18;29.66;;;;
339;20/06/2023;15:30:10;29.64;;;;339;20/06/2023;15:32:04;29.32;;;;339;20/06/2023;15:33:18;29.65;;;;
340;20/06/2023;15:31:10;29.64;;;;340;20/06/2023;15:33:04;29.32;;;;340;20/06/2023;15:34:18;29.65;;;;
341;20/06/2023;15:32:10;29.64;;;;341;20/06/2023;15:34:04;29.32;;;;341;20/06/2023;15:35:18;29.64;;;;
342;20/06/2023;15:33:10;29.63;;;;342;20/06/2023;15:35:04;29.33;;;;342;20/06/2023;15:36:18;29.66;;;;
343;20/06/2023;15:34:10;29.68;;;;343;20/06/2023;15:36:04;29.3;Synchronized;;;343;20/06/2023;15:37:18;29.65;;;;
344;20/06/2023;15:35:10;29.63;;;;344;20/06/2023;15:37:04;29.34;;;;344;20/06/2023;15:38:17;29.65;;;;
345;20/06/2023;15:36:10;29.63;;;;345;20/06/2023;15:38:04;29.34;;;;345;20/06/2023;15:39:17;29.63;;;;
346;20/06/2023;15:37:10;29.66;;;;346;20/06/2023;15:39:04;29.31;;;;346;20/06/2023;15:40:17;29.64;;;;
347;20/06/2023;15:38:10;29.65;;;;347;20/06/2023;15:40:04;29.32;;;;347;20/06/2023;15:41:17;29.64;;;;
348;20/06/2023;15:39:10;29.63;;;;348;20/06/2023;15:41:04;29.3;;;;348;20/06/2023;15:42:17;29.66;;;;
349;20/06/2023;15:40:09;29.64;;;;349;20/06/2023;15:42:04;29.32;;;;349;20/06/2023;15:43:17;29.63;;;;
350;20/06/2023;15:41:09;29.66;;;;350;20/06/2023;15:43:04;29.32;;;;350;20/06/2023;15:44:17;29.65;;;;
351;20/06/2023;15:42:09;29.67;;;;351;20/06/2023;15:44:04;29.33;;;;351;20/06/2023;15:45:16;29.64;;;;
352;20/06/2023;15:43:09;29.66;;;;352;20/06/2023;15:45:04;29.34;;;;352;20/06/2023;15:46:16;29.64;;;;
353;20/06/2023;15:44:09;29.67;;;;353;20/06/2023;15:46:04;29.34;;;;353;20/06/2023;15:47:16;29.66;;;;
354;20/06/2023;15:45:09;29.68;;;;354;20/06/2023;15:47:04;29.34;;;;354;20/06/2023;15:48:16;29.65;;;;
355;20/06/2023;15:46:09;29.7;;;;355;20/06/2023;15:48:04;29.34;;;;355;20/06/2023;15:49:16;29.67;;;;
356;20/06/2023;15:47:09;29.7;Synchronized;;;356;20/06/2023;15:49:04;29.34;;;;356;20/06/2023;15:50:16;29.66;;;;
357;20/06/2023;15:48:09;29.7;;;;357;20/06/2023;15:50:03;29.36;;;;357;20/06/2023;15:51:15;29.66;;;;
358;20/06/2023;15:49:09;29.69;;;;358;20/06/2023;15:51:03;29.36;;;;358;20/06/2023;15:52:15;29.67;;;;
359;20/06/2023;15:50:09;29.71;Synchronized;;;359;20/06/2023;15:52:03;29.38;;;;359;20/06/2023;15:53:15;29.67;;;;
360;20/06/2023;15:51:08;29.7;;;;360;20/06/2023;15:53:03;29.34;;;;360;20/06/2023;15:54:15;29.68;;;;
361;20/06/2023;15:52:08;29.7;;;;361;20/06/2023;15:54:03;29.37;;;;361;20/06/2023;15:55:15;29.7;;;;
362;20/06/2023;15:53:08;29.71;;;;362;20/06/2023;15:55:03;29.38;;;;362;20/06/2023;15:56:15;29.7;;;;
363;20/06/2023;15:54:08;29.7;;;;363;20/06/2023;15:56:03;29.39;;;;363;20/06/2023;15:57:15;29.7;;;;
364;20/06/2023;15:55:08;29.72;;;;364;20/06/2023;15:57:03;29.38;;;;364;20/06/2023;15:58:14;29.75;;;;
365;20/06/2023;15:56:08;29.74;;;;365;20/06/2023;15:58:03;29.39;Synchronized;;;365;20/06/2023;15:59:14;29.71;;;;
366;20/06/2023;15:57:08;29.7;;;;366;20/06/2023;15:59:03;29.4;;;;366;20/06/2023;16:00:14;29.73;;;;
367;20/06/2023;15:58:08;29.74;;;;367;20/06/2023;16:00:03;29.41;;;;367;20/06/2023;16:01:14;29.74;;;;
368;20/06/2023;15:59:08;29.74;;;;368;20/06/2023;16:01:03;29.41;;;;368;20/06/2023;16:02:14;29.75;;;;
369;20/06/2023;16:00:08;29.76;;;;369;20/06/2023;16:02:03;29.43;;;;369;20/06/2023;16:03:14;29.77;;;;
370;20/06/2023;16:01:07;29.74;;;;370;20/06/2023;16:03:03;29.43;;;;370;20/06/2023;16:04:14;29.75;;;;
371;20/06/2023;16:02:07;29.74;;;;371;20/06/2023;16:04:03;29.44;;;;371;20/06/2023;16:05:13;29.75;;;;
372;20/06/2023;16:03:07;29.76;;;;372;20/06/2023;16:05:03;29.43;;;;372;20/06/2023;16:06:13;29.77;;;;
373;20/06/2023;16:04:07;29.76;;;;373;20/06/2023;16:06:03;29.45;Synchronized;;;373;20/06/2023;16:07:13;29.75;;;;
374;20/06/2023;16:05:07;29.76;;;;374;20/06/2023;16:07:03;29.45;;;;374;20/06/2023;16:08:13;29.77;;;;
375;20/06/2023;16:06:07;29.76;;;;375;20/06/2023;16:08:03;29.45;;;;375;20/06/2023;16:09:13;29.78;;;;
376;20/06/2023;16:07:07;29.75;;;;376;20/06/2023;16:09:03;29.47;;;;376;20/06/2023;16:10:13;29.77;;;;
377;20/06/2023;16:08:07;29.76;;;;377;20/06/2023;16:10:03;29.48;;;;377;20/06/2023;16:11:12;29.8;;;;
378;20/06/2023;16:09:07;29.76;;;;378;20/06/2023;16:11:03;29.44;;;;378;20/06/2023;16:12:12;29.78;;;;
379;20/06/2023;16:10:07;29.79;;;;379;20/06/2023;16:12:02;29.47;;;;379;20/06/2023;16:13:12;29.81;;;;
380;20/06/2023;16:11:06;29.76;;;;380;20/06/2023;16:13:02;29.48;;;;380;20/06/2023;16:14:12;29.89;;;;
381;20/06/2023;16:12:06;29.77;;;;381;20/06/2023;16:14:02;29.48;;;;381;20/06/2023;16:15:12;29.87;;;;
382;20/06/2023;16:13:06;29.8;;;;382;20/06/2023;16:15:02;29.52;;;;382;20/06/2023;16:16:12;29.8;;;;
383;20/06/2023;16:14:06;29.76;;;;383;20/06/2023;16:16:02;29.51;;;;383;20/06/2023;16:17:11;29.74;;;;
384;20/06/2023;16:15:06;29.66;;;;384;20/06/2023;16:17:02;29.47;;;;384;20/06/2023;16:18:11;29.67;;;;
385;20/06/2023;16:16:06;29.5;;;;385;20/06/2023;16:18:02;29.41;;;;385;20/06/2023;16:19:11;29.62;;;;
386;20/06/2023;16:17:06;29.34;Synchronized;;;386;20/06/2023;16:19:02;29.42;;;;386;20/06/2023;16:20:11;29.59;;;;
387;20/06/2023;16:18:06;29.23;;;;387;20/06/2023;16:20:02;29.37;;;;387;20/06/2023;16:21:11;29.56;;;;
388;20/06/2023;16:19:06;29.16;;;;388;20/06/2023;16:21:02;29.34;;;;388;20/06/2023;16:22:11;29.55;;;;
389;20/06/2023;16:20:06;29.09;;;;389;20/06/2023;16:22:02;29.34;;;;389;20/06/2023;16:23:10;29.53;;;;
390;20/06/2023;16:21:06;29.06;;;;390;20/06/2023;16:23:02;29.33;;;;390;20/06/2023;16:24:10;29.49;;;;
391;20/06/2023;16:22:06;29.04;;;;391;20/06/2023;16:24:02;29.32;;;;391;20/06/2023;16:25:10;29.48;;;;
392;20/06/2023;16:23:05;29.01;;;;392;20/06/2023;16:25:02;29.29;;;;392;20/06/2023;16:26:10;29.45;;;;
393;20/06/2023;16:24:05;29;;;;393;20/06/2023;16:26:02;29.3;;;;393;20/06/2023;16:27:10;29.46;;;;
394;20/06/2023;16:25:05;29.01;;;;394;20/06/2023;16:27:02;29.3;;;;394;20/06/2023;16:28:10;29.47;;;;
395;20/06/2023;16:26:05;29.01;;;;395;20/06/2023;16:28:02;29.31;;;;395;20/06/2023;16:29:10;29.49;;;;
396;20/06/2023;16:27:05;28.98;Synchronized;;;396;20/06/2023;16:29:02;29.31;;;;396;20/06/2023;16:30:10;29.48;;;;
397;20/06/2023;16:28:05;28.99;;;;397;20/06/2023;16:30:02;29.31;;;;397;20/06/2023;16:31:09;29.49;;;;
398;20/06/2023;16:29:05;28.99;;;;398;20/06/2023;16:31:02;29.33;;;;398;20/06/2023;16:32:09;29.51;;;;
399;20/06/2023;16:30:05;29.02;;;;399;20/06/2023;16:32:02;29.34;;;;399;20/06/2023;16:33:09;29.49;;;;
400;20/06/2023;16:31:05;29.04;;;;400;20/06/2023;16:33:01;29.34;;;;400;20/06/2023;16:34:09;29.52;;;;
401;20/06/2023;16:32:05;29.06;Synchronized;;;401;20/06/2023;16:34:01;29.37;;;;401;20/06/2023;16:35:09;29.48;;;;
402;20/06/2023;16:33:05;29.08;Synchronized;;;402;20/06/2023;16:35:01;29.37;;;;402;20/06/2023;16:36:09;29.5;;;;
403;20/06/2023;16:34:05;29.09;;;;403;20/06/2023;16:36:01;29.34;;;;403;20/06/2023;16:37:09;29.49;;;;
404;20/06/2023;16:35:05;29.09;;;;404;20/06/2023;16:37:01;29.37;;;;404;20/06/2023;16:38:09;29.47;;;;
405;20/06/2023;16:36:05;29.1;;;;405;20/06/2023;16:38:01;29.33;;;;405;20/06/2023;16:39:08;29.46;;;;
406;20/06/2023;16:37:05;29.1;;;;406;20/06/2023;16:39:01;29.34;;;;406;20/06/2023;16:40:08;29.46;;;;
407;20/06/2023;16:38:05;29.1;;;;407;20/06/2023;16:40:01;29.34;;;;407;20/06/2023;16:41:08;29.46;;;;
408;20/06/2023;16:39:05;29.12;;;;408;20/06/2023;16:41:01;29.38;;;;408;20/06/2023;16:42:08;29.45;;;;
409;20/06/2023;16:40:04;29.12;;;;409;20/06/2023;16:42:01;29.33;;;;409;20/06/2023;16:43:08;29.47;;;;
410;20/06/2023;16:41:04;29.12;Synchronized;;;410;20/06/2023;16:43:01;29.37;;;;410;20/06/2023;16:44:08;29.48;;;;
411;20/06/2023;16:42:04;29.13;;;;411;20/06/2023;16:44:01;29.38;;;;411;20/06/2023;16:45:08;29.47;;;;
412;20/06/2023;16:43:04;29.15;;;;412;20/06/2023;16:45:01;29.38;;;;412;20/06/2023;16:46:07;29.49;;;;
413;20/06/2023;16:44:04;29.15;;;;413;20/06/2023;16:46:01;29.39;;;;413;20/06/2023;16:47:07;29.5;;;;
414;20/06/2023;16:45:04;29.18;;;;414;20/06/2023;16:47:01;29.39;Synchronized;;;414;20/06/2023;16:48:07;29.47;;;;
415;20/06/2023;16:46:04;29.19;;;;415;20/06/2023;16:48:01;29.41;;;;415;20/06/2023;16:49:07;29.49;;;;
416;20/06/2023;16:47:04;29.19;;;;416;20/06/2023;16:49:01;29.38;;;;416;20/06/2023;16:50:07;29.47;;;;
417;20/06/2023;16:48:04;29.22;;;;417;20/06/2023;16:50:01;29.38;;;;417;20/06/2023;16:51:07;29.46;;;;
418;20/06/2023;16:49:04;29.2;;;;418;20/06/2023;16:51:01;29.38;;;;418;20/06/2023;16:52:07;29.47;;;;
419;20/06/2023;16:50:04;29.22;;;;419;20/06/2023;16:52:01;29.39;;;;419;20/06/2023;16:53:06;29.49;;;;
420;20/06/2023;16:51:04;29.21;;;;420;20/06/2023;16:53:01;29.38;;;;420;20/06/2023;16:54:06;29.46;;;;
421;20/06/2023;16:52:04;29.22;Synchronized;;;421;20/06/2023;16:54:01;29.39;;;;421;20/06/2023;16:55:06;29.48;;;;
422;20/06/2023;16:53:04;29.21;;;;422;20/06/2023;16:55:01;29.39;;;;422;20/06/2023;16:56:06;29.49;;;;
423;20/06/2023;16:54:04;29.2;;;;423;20/06/2023;16:56:00;29.41;;;;423;20/06/2023;16:57:06;29.52;;;;
424;20/06/2023;16:55:04;29.23;;;;424;20/06/2023;16:57:00;29.41;;;;424;20/06/2023;16:58:06;29.52;;;;
425;20/06/2023;16:56:03;29.24;;;;425;20/06/2023;16:58:00;29.38;;;;425;20/06/2023;16:59:06;29.51;;;;
426;20/06/2023;16:57:03;29.23;;;;426;20/06/2023;16:59:00;29.42;;;;426;20/06/2023;17:00:06;29.51;;;;
427;20/06/2023;16:58:03;29.25;;;;427;20/06/2023;17:00:00;29.41;;;;427;20/06/2023;17:01:05;29.52;;;;
428;20/06/2023;16:59:03;29.23;;;;428;20/06/2023;17:01:00;29.42;;;;428;20/06/2023;17:02:05;29.54;;;;
429;20/06/2023;17:00:03;29.28;;;;429;20/06/2023;17:02:00;29.43;;;;429;20/06/2023;17:03:05;29.53;;;;
430;20/06/2023;17:01:03;29.3;;;;430;20/06/2023;17:03:00;29.45;;;;430;20/06/2023;17:04:05;29.55;;;;
431;20/06/2023;17:02:03;29.3;;;;431;20/06/2023;17:04:00;29.47;;;;431;20/06/2023;17:05:05;29.54;;;;
432;20/06/2023;17:03:03;29.32;;;;432;20/06/2023;17:05:00;29.46;;;;432;20/06/2023;17:06:05;29.53;;;;
433;20/06/2023;17:04:03;29.3;;;;433;20/06/2023;17:06:00;29.46;;;;433;20/06/2023;17:07:04;29.54;;;;
434;20/06/2023;17:05:03;29.31;;;;434;20/06/2023;17:07:00;29.46;;;;434;20/06/2023;17:08:04;29.54;;;;
435;20/06/2023;17:06:03;29.33;;;;435;20/06/2023;17:08:00;29.45;;;;435;20/06/2023;17:09:04;29.53;;;;
436;20/06/2023;17:07:03;29.33;;;;436;20/06/2023;17:09:00;29.46;;;;436;20/06/2023;17:10:04;29.55;;;;
437;20/06/2023;17:08:03;29.34;;;;437;20/06/2023;17:10:00;29.46;;;;437;20/06/2023;17:11:04;29.52;;;;
438;20/06/2023;17:09:03;29.33;;;;438;20/06/2023;17:11:00;29.46;;;;438;20/06/2023;17:12:04;29.52;;;;
439;20/06/2023;17:10:02;29.35;;;;439;20/06/2023;17:12:00;29.45;;;;439;20/06/2023;17:13:04;29.54;;;;
440;20/06/2023;17:11:02;29.34;;;;440;20/06/2023;17:13:00;29.47;;;;440;20/06/2023;17:14:03;29.54;;;;
441;20/06/2023;17:12:02;29.35;;;;441;20/06/2023;17:14:00;29.45;;;;441;20/06/2023;17:15:03;29.51;;;;
442;20/06/2023;17:13:02;29.36;Synchronized;;;442;20/06/2023;17:15:00;29.46;;;;442;20/06/2023;17:16:03;29.53;;;;
443;20/06/2023;17:14:02;29.36;;;;443;20/06/2023;17:16:00;29.45;;;;443;20/06/2023;17:17:03;29.53;;;;
444;20/06/2023;17:15:02;29.37;;;;444;20/06/2023;17:16:59;29.46;;;;444;20/06/2023;17:18:03;29.53;;;;
445;20/06/2023;17:16:02;29.35;;;;445;20/06/2023;17:17:59;29.48;;;;445;20/06/2023;17:19:03;29.55;;;;
446;20/06/2023;17:17:02;29.38;Synchronized;;;446;20/06/2023;17:18:59;29.49;;;;446;20/06/2023;17:20:03;29.53;;;;
447;20/06/2023;17:18:02;29.37;;;;447;20/06/2023;17:19:59;29.47;;;;447;20/06/2023;17:21:03;29.55;;;;
448;20/06/2023;17:19:02;29.38;;;;448;20/06/2023;17:20:59;29.49;;;;448;20/06/2023;17:22:02;29.52;;;;
449;20/06/2023;17:20:02;29.39;;;;449;20/06/2023;17:21:59;29.52;;;;449;20/06/2023;17:23:02;29.54;Synchronized;;;
450;20/06/2023;17:21:02;29.35;;;;450;20/06/2023;17:22:59;29.48;;;;450;20/06/2023;17:24:02;29.53;;;;
451;20/06/2023;17:22:02;29.39;;;;451;20/06/2023;17:23:59;29.49;;;;451;20/06/2023;17:25:02;29.55;;;;
452;20/06/2023;17:23:02;29.41;;;;452;20/06/2023;17:24:59;29.5;;;;452;20/06/2023;17:26:02;29.54;;;;
453;20/06/2023;17:24:02;29.4;;;;453;20/06/2023;17:25:59;29.51;;;;453;20/06/2023;17:27:02;29.55;;;;
454;20/06/2023;17:25:01;29.41;;;;454;20/06/2023;17:26:59;29.51;;;;454;20/06/2023;17:28:02;29.58;;;;
455;20/06/2023;17:26:01;29.39;;;;455;20/06/2023;17:27:59;29.52;;;;455;20/06/2023;17:29:01;29.59;;;;
456;20/06/2023;17:27:01;29.43;;;;456;20/06/2023;17:28:59;29.54;;;;456;20/06/2023;17:30:01;29.63;;;;
457;20/06/2023;17:28:01;29.45;;;;457;20/06/2023;17:29:59;29.57;;;;457;20/06/2023;17:31:01;29.64;;;;
458;20/06/2023;17:29:01;29.47;;;;458;20/06/2023;17:30:59;29.61;;;;458;20/06/2023;17:32:01;29.74;;;;
459;20/06/2023;17:30:01;29.48;;;;459;20/06/2023;17:31:59;29.63;;;;459;20/06/2023;17:33:01;29.84;;;;
460;20/06/2023;17:31:01;29.51;;;;460;20/06/2023;17:32:59;29.67;;;;460;20/06/2023;17:34:01;29.92;;;;
461;20/06/2023;17:32:01;29.52;;;;461;20/06/2023;17:33:58;29.7;;;;461;20/06/2023;17:35:01;29.95;;;;
462;20/06/2023;17:33:01;29.56;;;;462;20/06/2023;17:34:58;29.7;;;;462;20/06/2023;17:36:01;30;;;;
463;20/06/2023;17:34:01;29.55;Synchronized;;;463;20/06/2023;17:35:58;29.73;;;;463;20/06/2023;17:37:00;30.02;;;;
464;20/06/2023;17:35:01;29.55;;;;464;20/06/2023;17:36:58;29.74;;;;464;20/06/2023;17:38:00;30.06;;;;
465;20/06/2023;17:36:01;29.58;;;;465;20/06/2023;17:37:58;29.77;;;;465;20/06/2023;17:39:00;30.06;;;;
466;20/06/2023;17:37:01;29.56;;;;466;20/06/2023;17:38:58;29.76;;;;466;20/06/2023;17:40:00;30.05;;;;
467;20/06/2023;17:38:00;29.58;;;;467;20/06/2023;17:39:58;29.76;;;;467;20/06/2023;17:41:00;30.11;;;;
468;20/06/2023;17:39:00;29.56;;;;468;20/06/2023;17:40:58;29.74;Synchronized;;;468;20/06/2023;17:41:59;30.06;;;;
469;20/06/2023;17:40:00;29.59;;;;469;20/06/2023;17:41:58;29.76;;;;469;20/06/2023;17:42:59;30.07;;;;
470;20/06/2023;17:41:00;29.58;Synchronized;;;470;20/06/2023;17:42:58;29.78;;;;470;20/06/2023;17:43:59;30.07;;;;
471;20/06/2023;17:42:00;29.59;;;;471;20/06/2023;17:43:58;29.77;;;;471;20/06/2023;17:44:59;30.05;;;;
472;20/06/2023;17:43:00;29.61;;;;472;20/06/2023;17:44:58;29.78;Synchronized;;;472;20/06/2023;17:45:59;30.08;;;;
473;20/06/2023;17:44:00;29.61;Synchronized;;;473;20/06/2023;17:45:58;29.77;;;;473;20/06/2023;17:46:59;30.07;;;;
474;20/06/2023;17:45:00;29.6;;;;474;20/06/2023;17:46:58;29.77;;;;474;20/06/2023;17:47:58;30.04;;;;
475;20/06/2023;17:46:00;29.6;;;;475;20/06/2023;17:47:57;29.77;;;;475;20/06/2023;17:48:58;30.04;;;;
476;20/06/2023;17:47:00;29.6;;;;476;20/06/2023;17:48:57;29.76;Synchronized;;;476;20/06/2023;17:49:58;30.01;;;;
477;20/06/2023;17:47:59;29.62;;;;477;20/06/2023;17:49:57;29.77;;;;477;20/06/2023;17:50:58;30.02;;;;
478;20/06/2023;17:48:59;29.61;;;;478;20/06/2023;17:50:57;29.78;Synchronized;;;478;20/06/2023;17:51:58;30.02;;;;
479;20/06/2023;17:49:59;29.62;;;;479;20/06/2023;17:51:57;29.76;;;;479;20/06/2023;17:52:57;30.04;;;;
480;20/06/2023;17:50:59;29.6;;;;480;20/06/2023;17:52:57;29.77;Synchronized;;;480;20/06/2023;17:53:57;30.02;;;;
481;20/06/2023;17:51:59;29.61;;;;481;20/06/2023;17:53:57;29.74;Synchronized;;;481;20/06/2023;17:54:57;30;;;;
482;20/06/2023;17:52:59;29.62;;;;482;20/06/2023;17:54:57;29.76;;;;482;20/06/2023;17:55:57;29.98;;;;
483;20/06/2023;17:53:59;29.63;;;;483;20/06/2023;17:55:57;29.73;;;;483;20/06/2023;17:56:57;29.98;;;;
484;20/06/2023;17:54:59;29.61;;;;484;20/06/2023;17:56:57;29.76;;;;484;20/06/2023;17:57:56;29.98;;;;
485;20/06/2023;17:55:59;29.63;;;;485;20/06/2023;17:57:57;29.75;;;;485;20/06/2023;17:58:56;29.98;;;;
486;20/06/2023;17:56:59;29.63;;;;486;20/06/2023;17:58:57;29.74;;;;486;20/06/2023;17:59:56;29.98;;;;
487;20/06/2023;17:57:59;29.63;;;;487;20/06/2023;17:59:57;29.76;;;;487;20/06/2023;18:00:56;29.98;;;;
488;20/06/2023;17:58:58;29.63;;;;488;20/06/2023;18:00:57;29.77;Synchronized;;;488;20/06/2023;18:01:56;29.97;;;;
489;20/06/2023;17:59:58;29.63;;;;489;20/06/2023;18:01:56;29.77;;;;489;20/06/2023;18:02:55;29.97;;;;
490;20/06/2023;18:00:58;29.63;;;;490;20/06/2023;18:02:56;29.75;;;;490;20/06/2023;18:03:55;29.95;;;;
491;20/06/2023;18:01:58;29.64;;;;491;20/06/2023;18:03:56;29.75;;;;491;20/06/2023;18:04:55;29.95;;;;
492;20/06/2023;18:02:58;29.64;;;;492;20/06/2023;18:04:56;29.77;;;;492;20/06/2023;18:05:55;29.95;;;;
493;20/06/2023;18:03:58;29.64;;;;493;20/06/2023;18:05:56;29.77;;;;493;20/06/2023;18:06:55;29.95;;;;
494;20/06/2023;18:04:58;29.64;;;;494;20/06/2023;18:06:56;29.75;;;;494;20/06/2023;18:07:55;29.94;;;;
495;20/06/2023;18:05:58;29.65;Synchronized;;;495;20/06/2023;18:07:56;29.75;;;;495;20/06/2023;18:08:54;29.97;;;;
496;20/06/2023;18:06:58;29.64;;;;496;20/06/2023;18:08:56;29.77;;;;496;20/06/2023;18:09:54;29.95;;;;
497;20/06/2023;18:07:58;29.68;;;;497;20/06/2023;18:09:56;29.79;;;;497;20/06/2023;18:10:54;29.94;;;;
498;20/06/2023;18:08:58;29.68;;;;498;20/06/2023;18:10:56;29.78;Synchronized;;;498;20/06/2023;18:11:54;29.94;;;;
499;20/06/2023;18:09:57;29.66;;;;499;20/06/2023;18:11:56;29.78;;;;499;20/06/2023;18:12:54;29.94;;;;
500;20/06/2023;18:10:57;29.7;;;;500;20/06/2023;18:12:56;29.79;;;;500;20/06/2023;18:13:53;29.95;;;;
501;20/06/2023;18:11:57;29.69;;;;501;20/06/2023;18:13:55;29.78;;;;501;20/06/2023;18:14:53;29.95;;;;
502;20/06/2023;18:12:57;29.69;;;;502;20/06/2023;18:14:55;29.77;Synchronized;;;502;20/06/2023;18:15:53;29.95;;;;
503;20/06/2023;18:13:57;29.69;;;;503;20/06/2023;18:15:55;29.79;Synchronized;;;503;20/06/2023;18:16:53;29.94;;;;
504;20/06/2023;18:14:57;29.7;;;;504;20/06/2023;18:16:55;29.77;;;;504;20/06/2023;18:17:53;29.94;;;;
505;20/06/2023;18:15:57;29.7;;;;505;20/06/2023;18:17:55;29.79;;;;505;20/06/2023;18:18:53;29.93;;;;
506;20/06/2023;18:16:57;29.7;Synchronized;;;506;20/06/2023;18:18:55;29.78;;;;506;20/06/2023;18:19:52;29.95;;;;
507;20/06/2023;18:17:57;29.7;Synchronized;;;507;20/06/2023;18:19:55;29.77;;;;507;20/06/2023;18:20:52;29.93;;;;
508;20/06/2023;18:18:56;29.72;Synchronized;;;508;20/06/2023;18:20:55;29.78;Synchronized;;;508;20/06/2023;18:21:52;29.92;;;;
509;20/06/2023;18:19:56;29.7;;;;509;20/06/2023;18:21:55;29.77;;;;509;20/06/2023;18:22:52;29.93;;;;
510;20/06/2023;18:20:56;29.7;;;;510;20/06/2023;18:22:55;29.77;;;;510;20/06/2023;18:23:52;29.94;;;;
511;20/06/2023;18:21:56;29.7;;;;511;20/06/2023;18:23:55;29.78;;;;511;20/06/2023;18:24:51;29.93;;;;
512;20/06/2023;18:22:56;29.7;;;;512;20/06/2023;18:24:55;29.78;;;;512;20/06/2023;18:25:51;29.94;;;;
513;20/06/2023;18:23:56;29.7;;;;513;20/06/2023;18:25:54;29.77;;;;513;20/06/2023;18:26:51;29.93;;;;
514;20/06/2023;18:24:56;29.71;;;;514;20/06/2023;18:26:54;29.78;Synchronized;;;514;20/06/2023;18:27:51;29.91;;;;
515;20/06/2023;18:25:56;29.72;;;;515;20/06/2023;18:27:54;29.78;;;;515;20/06/2023;18:28:51;29.9;;;;
516;20/06/2023;18:26:56;29.69;;;;516;20/06/2023;18:28:54;29.77;;;;516;20/06/2023;18:29:51;29.91;;;;
517;20/06/2023;18:27:56;29.69;;;;517;20/06/2023;18:29:54;29.77;;;;517;20/06/2023;18:30:50;29.88;;;;
518;20/06/2023;18:28:56;29.69;;;;518;20/06/2023;18:30:54;29.77;Synchronized;;;518;20/06/2023;18:31:50;29.91;;;;
519;20/06/2023;18:29:56;29.7;;;;519;20/06/2023;18:31:54;29.76;;;;519;20/06/2023;18:32:50;29.88;;;;
520;20/06/2023;18:30:56;29.69;;;;520;20/06/2023;18:32:54;29.75;;;;520;20/06/2023;18:33:50;29.89;;;;
521;20/06/2023;18:31:55;29.69;;;;521;20/06/2023;18:33:54;29.77;;;;521;20/06/2023;18:34:50;29.88;;;;
522;20/06/2023;18:32:55;29.69;;;;522;20/06/2023;18:34:54;29.77;;;;522;20/06/2023;18:35:50;29.88;;;;
523;20/06/2023;18:33:55;29.7;;;;523;20/06/2023;18:35:54;29.78;;;;523;20/06/2023;18:36:49;29.87;;;;
524;20/06/2023;18:34:55;29.7;;;;524;20/06/2023;18:36:54;29.77;;;;524;20/06/2023;18:37:49;29.85;;;;
525;20/06/2023;18:35:55;29.69;;;;525;20/06/2023;18:37:53;29.78;;;;525;20/06/2023;18:38:49;29.88;;;;
526;20/06/2023;18:36:55;29.69;;;;526;20/06/2023;18:38:53;29.77;;;;526;20/06/2023;18:39:49;29.88;;;;
527;20/06/2023;18:37:55;29.69;;;;527;20/06/2023;18:39:53;29.77;;;;527;20/06/2023;18:40:49;29.88;;;;
528;20/06/2023;18:38:55;29.72;;;;528;20/06/2023;18:40:53;29.74;;;;528;20/06/2023;18:41:49;29.88;;;;
529;20/06/2023;18:39:55;29.72;;;;529;20/06/2023;18:41:53;29.76;;;;529;20/06/2023;18:42:48;29.87;;;;
530;20/06/2023;18:40:55;29.7;;;;530;20/06/2023;18:42:53;29.77;;;;530;20/06/2023;18:43:48;29.86;;;;
531;20/06/2023;18:41:54;29.71;;;;531;20/06/2023;18:43:53;29.77;;;;531;20/06/2023;18:44:48;29.87;;;;
532;20/06/2023;18:42:54;29.7;;;;532;20/06/2023;18:44:53;29.77;;;;532;20/06/2023;18:45:48;29.85;;;;
533;20/06/2023;18:43:54;29.7;;;;533;20/06/2023;18:45:53;29.75;;;;533;20/06/2023;18:46:48;29.85;;;;
534;20/06/2023;18:44:54;29.7;;;;534;20/06/2023;18:46:53;29.77;;;;534;20/06/2023;18:47:48;29.85;;;;
535;20/06/2023;18:45:54;29.69;;;;535;20/06/2023;18:47:53;29.76;;;;535;20/06/2023;18:48:47;29.86;;;;
536;20/06/2023;18:46:54;29.7;;;;536;20/06/2023;18:48:53;29.76;;;;536;20/06/2023;18:49:47;29.87;;;;
537;20/06/2023;18:47:54;29.7;;;;537;20/06/2023;18:49:52;29.76;;;;537;20/06/2023;18:50:47;29.85;;;;
538;20/06/2023;18:48:54;29.68;;;;538;20/06/2023;18:50:52;29.75;Synchronized;;;538;20/06/2023;18:51:47;29.89;;;;
539;20/06/2023;18:49:54;29.7;;;;539;20/06/2023;18:51:52;29.76;;;;539;20/06/2023;18:52:47;29.87;;;;
540;20/06/2023;18:50:54;29.71;;;;540;20/06/2023;18:52:52;29.77;;;;540;20/06/2023;18:53:47;29.88;;;;
541;20/06/2023;18:51:54;29.7;;;;541;20/06/2023;18:53:52;29.77;;;;541;20/06/2023;18:54:47;29.87;Synchronized;;;
542;20/06/2023;18:52:53;29.7;;;;542;20/06/2023;18:54:52;29.79;Synchronized;;;542;20/06/2023;18:55:46;29.86;;;;
543;20/06/2023;18:53:53;29.71;;;;543;20/06/2023;18:55:52;29.77;;;;543;20/06/2023;18:56:46;29.87;;;;
544;20/06/2023;18:54:53;29.72;;;;544;20/06/2023;18:56:52;29.78;Synchronized;;;544;20/06/2023;18:57:46;29.87;;;;
545;20/06/2023;18:55:53;29.71;;;;545;20/06/2023;18:57:52;29.77;;;;545;20/06/2023;18:58:46;29.87;;;;
546;20/06/2023;18:56:53;29.73;;;;546;20/06/2023;18:58:52;29.77;;;;546;20/06/2023;18:59:46;29.88;;;;
547;20/06/2023;18:57:53;29.72;;;;547;20/06/2023;18:59:52;29.8;;;;547;20/06/2023;19:00:45;29.86;;;;
548;20/06/2023;18:58:53;29.73;;;;548;20/06/2023;19:00:51;29.79;;;;548;20/06/2023;19:01:45;29.89;;;;
549;20/06/2023;18:59:53;29.74;;;;549;20/06/2023;19:01:51;29.79;Synchronized;;;549;20/06/2023;19:02:45;29.87;;;;
550;20/06/2023;19:00:53;29.73;;;;550;20/06/2023;19:02:51;29.8;;;;550;20/06/2023;19:03:45;29.88;;;;
551;20/06/2023;19:01:53;29.74;;;;551;20/06/2023;19:03:51;29.81;;;;551;20/06/2023;19:04:45;29.88;;;;
552;20/06/2023;19:02:52;29.76;;;;552;20/06/2023;19:04:51;29.8;;;;552;20/06/2023;19:05:45;29.88;Synchronized;;;
553;20/06/2023;19:03:52;29.75;;;;553;20/06/2023;19:05:51;29.8;;;;553;20/06/2023;19:06:44;29.89;;;;
554;20/06/2023;19:04:52;29.75;;;;554;20/06/2023;19:06:51;29.8;;;;554;20/06/2023;19:07:44;29.88;;;;
555;20/06/2023;19:05:52;29.75;Synchronized;;;555;20/06/2023;19:07:51;29.8;;;;555;20/06/2023;19:08:44;29.88;;;;
556;20/06/2023;19:06:52;29.76;;;;556;20/06/2023;19:08:51;29.82;;;;556;20/06/2023;19:09:44;29.9;;;;
557;20/06/2023;19:07:52;29.77;;;;557;20/06/2023;19:09:51;29.8;;;;557;20/06/2023;19:10:44;29.88;;;;
558;20/06/2023;19:08:52;29.79;;;;558;20/06/2023;19:10:50;29.81;;;;558;20/06/2023;19:11:44;29.87;;;;
559;20/06/2023;19:09:52;29.79;;;;559;20/06/2023;19:11:50;29.83;;;;559;20/06/2023;19:12:44;29.88;;;;
560;20/06/2023;19:10:52;29.77;;;;560;20/06/2023;19:12:50;29.82;;;;560;20/06/2023;19:13:43;29.89;;;;
561;20/06/2023;19:11:52;29.77;;;;561;20/06/2023;19:13:50;29.82;;;;561;20/06/2023;19:14:43;29.89;;;;
562;20/06/2023;19:12:51;29.79;;;;562;20/06/2023;19:14:50;29.83;;;;562;20/06/2023;19:15:43;29.89;;;;
563;20/06/2023;19:13:51;29.79;;;;563;20/06/2023;19:15:50;29.84;;;;563;20/06/2023;19:16:43;29.88;;;;
564;20/06/2023;19:14:51;29.8;;;;564;20/06/2023;19:16:50;29.83;;;;564;20/06/2023;19:17:43;29.9;;;;
565;20/06/2023;19:15:51;29.77;;;;565;20/06/2023;19:17:50;29.84;Synchronized;;;565;20/06/2023;19:18:42;29.9;;;;
566;20/06/2023;19:16:51;29.77;;;;566;20/06/2023;19:18:50;29.86;;;;566;20/06/2023;19:19:42;29.89;;;;
567;20/06/2023;19:17:51;29.8;;;;567;20/06/2023;19:19:50;29.84;;;;567;20/06/2023;19:20:42;29.89;;;;
568;20/06/2023;19:18:51;29.8;;;;568;20/06/2023;19:20:50;29.83;;;;568;20/06/2023;19:21:42;29.9;;;;
569;20/06/2023;19:19:51;29.79;Synchronized;;;569;20/06/2023;19:21:49;29.82;;;;569;20/06/2023;19:22:42;29.88;;;;
570;20/06/2023;19:20:51;29.79;;;;570;20/06/2023;19:22:49;29.82;;;;570;20/06/2023;19:23:42;29.88;;;;
571;20/06/2023;19:21:51;29.79;;;;571;20/06/2023;19:23:49;29.8;;;;571;20/06/2023;19:24:41;29.88;;;;
572;20/06/2023;19:22:50;29.77;;;;572;20/06/2023;19:24:49;29.81;;;;572;20/06/2023;19:25:41;29.84;;;;
573;20/06/2023;19:23:50;29.79;;;;573;20/06/2023;19:25:49;29.8;Synchronized;;;573;20/06/2023;19:26:41;29.84;;;;
574;20/06/2023;19:24:50;29.76;;;;574;20/06/2023;19:26:49;29.79;;;;574;20/06/2023;19:27:41;29.84;;;;
575;20/06/2023;19:25:50;29.77;;;;575;20/06/2023;19:27:49;29.8;;;;575;20/06/2023;19:28:41;29.84;;;;
576;20/06/2023;19:26:50;29.76;;;;576;20/06/2023;19:28:49;29.77;;;;576;20/06/2023;19:29:40;29.85;;;;
577;20/06/2023;19:27:50;29.74;;;;577;20/06/2023;19:29:49;29.8;;;;577;20/06/2023;19:30:40;29.85;;;;
578;20/06/2023;19:28:50;29.76;;;;578;20/06/2023;19:30:49;29.81;;;;578;20/06/2023;19:31:40;29.86;;;;
579;20/06/2023;19:29:50;29.76;;;;579;20/06/2023;19:31:48;29.8;;;;579;20/06/2023;19:32:40;29.88;;;;
580;20/06/2023;19:30:50;29.79;;;;580;20/06/2023;19:32:48;29.82;Synchronized;;;580;20/06/2023;19:33:40;29.89;;;;
581;20/06/2023;19:31:50;29.79;;;;581;20/06/2023;19:33:48;29.84;;;;581;20/06/2023;19:34:39;29.87;;;;
582;20/06/2023;19:32:49;29.79;;;;582;20/06/2023;19:34:48;29.83;;;;582;20/06/2023;19:35:39;29.88;;;;
583;20/06/2023;19:33:49;29.8;;;;583;20/06/2023;19:35:48;29.84;;;;583;20/06/2023;19:36:39;29.87;;;;
584;20/06/2023;19:34:49;29.79;;;;584;20/06/2023;19:36:48;29.82;;;;584;20/06/2023;19:37:39;29.88;;;;
585;20/06/2023;19:35:49;29.79;;;;585;20/06/2023;19:37:48;29.82;;;;585;20/06/2023;19:38:39;29.87;;;;
586;20/06/2023;19:36:49;29.8;;;;586;20/06/2023;19:38:48;29.82;;;;586;20/06/2023;19:39:39;29.89;;;;
587;20/06/2023;19:37:49;29.8;Synchronized;;;587;20/06/2023;19:39:48;29.81;;;;587;20/06/2023;19:40:38;29.87;;;;
588;20/06/2023;19:38:49;29.81;;;;588;20/06/2023;19:40:48;29.85;Synchronized;;;588;20/06/2023;19:41:38;29.88;;;;
589;20/06/2023;19:39:49;29.81;;;;589;20/06/2023;19:41:47;29.85;;;;589;20/06/2023;19:42:38;29.88;;;;
590;20/06/2023;19:40:49;29.82;;;;590;20/06/2023;19:42:47;29.84;;;;590;20/06/2023;19:43:38;29.87;;;;
591;20/06/2023;19:41:48;29.82;;;;591;20/06/2023;19:43:47;29.83;;;;591;20/06/2023;19:44:38;29.86;;;;
592;20/06/2023;19:42:48;29.81;;;;592;20/06/2023;19:44:47;29.83;Synchronized;;;592;20/06/2023;19:45:37;29.87;;;;
593;20/06/2023;19:43:48;29.81;;;;593;20/06/2023;19:45:47;29.83;Synchronized;;;593;20/06/2023;19:46:37;29.87;;;;
594;20/06/2023;19:44:48;29.8;;;;594;20/06/2023;19:46:47;29.84;;;;594;20/06/2023;19:47:37;29.87;;;;
595;20/06/2023;19:45:48;29.8;;;;595;20/06/2023;19:47:47;29.83;;;;595;20/06/2023;19:48:37;29.87;;;;
596;20/06/2023;19:46:48;29.8;;;;596;20/06/2023;19:48:47;29.82;;;;596;20/06/2023;19:49:37;29.85;;;;
597;20/06/2023;19:47:48;29.81;;;;597;20/06/2023;19:49:47;29.82;Synchronized;;;597;20/06/2023;19:50:37;29.84;;;;
598;20/06/2023;19:48:48;29.79;;;;598;20/06/2023;19:50:47;29.8;;;;598;20/06/2023;19:51:36;29.81;;;;
599;20/06/2023;19:49:48;29.8;;;;599;20/06/2023;19:51:47;29.8;;;;599;20/06/2023;19:52:36;29.83;;;;
600;20/06/2023;19:50:48;29.77;;;;600;20/06/2023;19:52:46;29.8;;;;600;20/06/2023;19:53:36;29.81;;;;
601;20/06/2023;19:51:48;29.77;;;;601;20/06/2023;19:53:46;29.78;Synchronized;;;601;20/06/2023;19:54:36;29.8;;;;
602;20/06/2023;19:52:48;29.79;;;;602;20/06/2023;19:54:46;29.76;;;;602;20/06/2023;19:55:36;29.81;;;;
603;20/06/2023;19:53:47;29.75;;;;603;20/06/2023;19:55:46;29.78;;;;603;20/06/2023;19:56:36;29.8;;;;
604;20/06/2023;19:54:47;29.74;;;;604;20/06/2023;19:56:46;29.77;;;;604;20/06/2023;19:57:35;29.78;;;;
605;20/06/2023;19:55:47;29.73;;;;605;20/06/2023;19:57:46;29.75;;;;605;20/06/2023;19:58:35;29.78;;;;
606;20/06/2023;19:56:47;29.73;;;;606;20/06/2023;19:58:46;29.75;;;;606;20/06/2023;19:59:35;29.78;;;;
607;20/06/2023;19:57:47;29.73;;;;607;20/06/2023;19:59:46;29.74;;;;607;20/06/2023;20:00:35;29.77;;;;
608;20/06/2023;19:58:47;29.7;;;;608;20/06/2023;20:00:46;29.73;;;;608;20/06/2023;20:01:35;29.77;;;;
609;20/06/2023;19:59:47;29.73;;;;609;20/06/2023;20:01:46;29.73;;;;609;20/06/2023;20:02:35;29.77;;;;
610;20/06/2023;20:00:47;29.7;;;;610;20/06/2023;20:02:46;29.73;;;;610;20/06/2023;20:03:35;29.76;;;;
611;20/06/2023;20:01:47;29.7;;;;611;20/06/2023;20:03:45;29.72;;;;611;20/06/2023;20:04:34;29.76;;;;
612;20/06/2023;20:02:47;29.7;;;;612;20/06/2023;20:04:45;29.7;;;;612;20/06/2023;20:05:34;29.74;;;;
613;20/06/2023;20:03:46;29.69;;;;613;20/06/2023;20:05:45;29.69;Synchronized;;;613;20/06/2023;20:06:34;29.75;;;;
614;20/06/2023;20:04:46;29.66;;;;614;20/06/2023;20:06:45;29.7;Synchronized;;;614;20/06/2023;20:07:34;29.73;;;;
615;20/06/2023;20:05:46;29.68;;;;615;20/06/2023;20:07:45;29.68;Synchronized;;;615;20/06/2023;20:08:34;29.71;;;;
616;20/06/2023;20:06:46;29.66;;;;616;20/06/2023;20:08:45;29.68;;;;616;20/06/2023;20:09:33;29.71;;;;
617;20/06/2023;20:07:46;29.67;;;;617;20/06/2023;20:09:45;29.68;;;;617;20/06/2023;20:10:33;29.7;;;;
618;20/06/2023;20:08:46;29.65;Synchronized;;;618;20/06/2023;20:10:45;29.69;;;;618;20/06/2023;20:11:33;29.7;;;;
619;20/06/2023;20:09:46;29.65;;;;619;20/06/2023;20:11:45;29.67;;;;619;20/06/2023;20:12:33;29.68;;;;
620;20/06/2023;20:10:46;29.64;;;;620;20/06/2023;20:12:45;29.66;;;;620;20/06/2023;20:13:33;29.7;;;;
621;20/06/2023;20:11:46;29.63;;;;621;20/06/2023;20:13:45;29.66;;;;621;20/06/2023;20:14:33;29.68;;;;
622;20/06/2023;20:12:46;29.63;;;;622;20/06/2023;20:14:45;29.64;;;;622;20/06/2023;20:15:33;29.66;;;;
623;20/06/2023;20:13:46;29.62;;;;623;20/06/2023;20:15:45;29.64;;;;623;20/06/2023;20:16:32;29.66;;;;
624;20/06/2023;20:14:45;29.62;;;;624;20/06/2023;20:16:45;29.63;Synchronized;;;624;20/06/2023;20:17:32;29.66;;;;
625;20/06/2023;20:15:45;29.61;;;;625;20/06/2023;20:17:44;29.64;;;;625;20/06/2023;20:18:32;29.65;;;;
626;20/06/2023;20:16:45;29.61;;;;626;20/06/2023;20:18:44;29.62;;;;626;20/06/2023;20:19:32;29.66;;;;
627;20/06/2023;20:17:45;29.62;;;;627;20/06/2023;20:19:44;29.62;;;;627;20/06/2023;20:20:32;29.66;;;;
628;20/06/2023;20:18:45;29.6;;;;628;20/06/2023;20:20:44;29.62;;;;628;20/06/2023;20:21:32;29.63;;;;
629;20/06/2023;20:19:45;29.59;;;;629;20/06/2023;20:21:44;29.63;;;;629;20/06/2023;20:22:31;29.63;;;;
630;20/06/2023;20:20:45;29.59;;;;630;20/06/2023;20:22:44;29.61;;;;630;20/06/2023;20:23:31;29.63;;;;
631;20/06/2023;20:21:45;29.59;;;;631;20/06/2023;20:23:44;29.6;;;;631;20/06/2023;20:24:31;29.63;;;;
632;20/06/2023;20:22:45;29.57;;;;632;20/06/2023;20:24:44;29.6;;;;632;20/06/2023;20:25:31;29.61;;;;
633;20/06/2023;20:23:45;29.59;;;;633;20/06/2023;20:25:44;29.6;;;;633;20/06/2023;20:26:31;29.62;;;;
634;20/06/2023;20:24:45;29.57;;;;634;20/06/2023;20:26:44;29.58;;;;634;20/06/2023;20:27:31;29.62;;;;
635;20/06/2023;20:25:44;29.59;;;;635;20/06/2023;20:27:44;29.56;;;;635;20/06/2023;20:28:31;29.59;;;;
636;20/06/2023;20:26:44;29.57;;;;636;20/06/2023;20:28:44;29.57;;;;636;20/06/2023;20:29:30;29.59;;;;
637;20/06/2023;20:27:44;29.56;;;;637;20/06/2023;20:29:44;29.55;;;;637;20/06/2023;20:30:30;29.58;;;;
638;20/06/2023;20:28:44;29.57;;;;638;20/06/2023;20:30:43;29.55;;;;638;20/06/2023;20:31:30;29.59;;;;
639;20/06/2023;20:29:44;29.55;;;;639;20/06/2023;20:31:43;29.56;;;;639;20/06/2023;20:32:30;29.59;;;;
640;20/06/2023;20:30:44;29.55;;;;640;20/06/2023;20:32:43;29.56;;;;640;20/06/2023;20:33:30;29.59;;;;
641;20/06/2023;20:31:44;29.55;;;;641;20/06/2023;20:33:43;29.55;;;;641;20/06/2023;20:34:30;29.58;;;;
642;20/06/2023;20:32:44;29.55;;;;642;20/06/2023;20:34:43;29.56;;;;642;20/06/2023;20:35:29;29.59;;;;
643;20/06/2023;20:33:44;29.55;;;;643;20/06/2023;20:35:43;29.55;;;;643;20/06/2023;20:36:29;29.57;;;;
644;20/06/2023;20:34:44;29.52;;;;644;20/06/2023;20:36:43;29.53;;;;644;20/06/2023;20:37:29;29.56;;;;
645;20/06/2023;20:35:44;29.52;;;;645;20/06/2023;20:37:43;29.55;;;;645;20/06/2023;20:38:29;29.58;;;;
646;20/06/2023;20:36:43;29.55;;;;646;20/06/2023;20:38:43;29.54;;;;646;20/06/2023;20:39:29;29.55;;;;
647;20/06/2023;20:37:43;29.52;;;;647;20/06/2023;20:39:43;29.52;;;;647;20/06/2023;20:40:29;29.55;;;;
648;20/06/2023;20:38:43;29.54;;;;648;20/06/2023;20:40:43;29.53;;;;648;20/06/2023;20:41:29;29.56;;;;
649;20/06/2023;20:39:43;29.51;;;;649;20/06/2023;20:41:43;29.52;Synchronized;;;649;20/06/2023;20:42:28;29.54;;;;
650;20/06/2023;20:40:43;29.5;Synchronized;;;650;20/06/2023;20:42:43;29.52;;;;650;20/06/2023;20:43:28;29.54;;;;
651;20/06/2023;20:41:43;29.49;;;;651;20/06/2023;20:43:43;29.52;;;;651;20/06/2023;20:44:28;29.55;;;;
652;20/06/2023;20:42:43;29.5;;;;652;20/06/2023;20:44:43;29.52;;;;652;20/06/2023;20:45:28;29.55;;;;
653;20/06/2023;20:43:43;29.49;;;;653;20/06/2023;20:45:42;29.52;;;;653;20/06/2023;20:46:28;29.55;;;;
654;20/06/2023;20:44:43;29.5;Synchronized;;;654;20/06/2023;20:46:42;29.52;Synchronized;;;654;20/06/2023;20:47:28;29.55;;;;
655;20/06/2023;20:45:43;29.48;;;;655;20/06/2023;20:47:42;29.52;;;;655;20/06/2023;20:48:28;29.52;;;;
656;20/06/2023;20:46:43;29.49;;;;656;20/06/2023;20:48:42;29.51;;;;656;20/06/2023;20:49:27;29.54;;;;
657;20/06/2023;20:47:43;29.46;;;;657;20/06/2023;20:49:42;29.52;;;;657;20/06/2023;20:50:27;29.55;;;;
658;20/06/2023;20:48:43;29.5;Synchronized;;;658;20/06/2023;20:50:42;29.49;;;;658;20/06/2023;20:51:27;29.52;;;;
659;20/06/2023;20:49:42;29.49;;;;659;20/06/2023;20:51:42;29.5;;;;659;20/06/2023;20:52:27;29.53;;;;
660;20/06/2023;20:50:42;29.47;;;;660;20/06/2023;20:52:42;29.51;;;;660;20/06/2023;20:53:27;29.54;;;;
661;20/06/2023;20:51:42;29.48;;;;661;20/06/2023;20:53:42;29.49;;;;661;20/06/2023;20:54:27;29.52;;;;
662;20/06/2023;20:52:42;29.46;;;;662;20/06/2023;20:54:42;29.47;Synchronized;;;662;20/06/2023;20:55:27;29.52;;;;
663;20/06/2023;20:53:42;29.47;;;;663;20/06/2023;20:55:42;29.48;;;;663;20/06/2023;20:56:26;29.52;;;;
664;20/06/2023;20:54:42;29.45;;;;664;20/06/2023;20:56:42;29.48;Synchronized;;;664;20/06/2023;20:57:26;29.51;;;;
665;20/06/2023;20:55:42;29.47;;;;665;20/06/2023;20:57:42;29.45;Synchronized;;;665;20/06/2023;20:58:26;29.49;;;;
666;20/06/2023;20:56:42;29.45;;;;666;20/06/2023;20:58:42;29.45;;;;666;20/06/2023;20:59:26;29.48;;;;
667;20/06/2023;20:57:42;29.45;;;;667;20/06/2023;20:59:42;29.45;;;;667;20/06/2023;21:00:26;29.49;;;;
668;20/06/2023;20:58:42;29.45;;;;668;20/06/2023;21:00:42;29.45;;;;668;20/06/2023;21:01:26;29.47;Synchronized;;;
669;20/06/2023;20:59:42;29.45;;;;669;20/06/2023;21:01:42;29.45;;;;669;20/06/2023;21:02:26;29.46;;;;
670;20/06/2023;21:00:42;29.42;;;;670;20/06/2023;21:02:42;29.42;;;;670;20/06/2023;21:03:25;29.44;;;;
671;20/06/2023;21:01:42;29.45;;;;671;20/06/2023;21:03:42;29.45;Synchronized;;;671;20/06/2023;21:04:25;29.46;;;;
672;20/06/2023;21:02:41;29.42;;;;672;20/06/2023;21:04:41;29.44;;;;672;20/06/2023;21:05:25;29.45;;;;
673;20/06/2023;21:03:41;29.43;;;;673;20/06/2023;21:05:41;29.43;Synchronized;;;673;20/06/2023;21:06:25;29.45;;;;
674;20/06/2023;21:04:41;29.4;;;;674;20/06/2023;21:06:41;29.42;Synchronized;;;674;20/06/2023;21:07:25;29.45;;;;
675;20/06/2023;21:05:41;29.42;;;;675;20/06/2023;21:07:41;29.43;;;;675;20/06/2023;21:08:25;29.45;;;;
676;20/06/2023;21:06:41;29.4;;;;676;20/06/2023;21:08:41;29.44;;;;676;20/06/2023;21:09:25;29.45;;;;
677;20/06/2023;21:07:41;29.38;;;;677;20/06/2023;21:09:41;29.42;;;;677;20/06/2023;21:10:25;29.46;;;;
678;20/06/2023;21:08:41;29.4;;;;678;20/06/2023;21:10:41;29.42;;;;678;20/06/2023;21:11:24;29.45;;;;
679;20/06/2023;21:09:41;29.41;;;;679;20/06/2023;21:11:41;29.42;;;;679;20/06/2023;21:12:24;29.45;;;;
680;20/06/2023;21:10:41;29.4;;;;680;20/06/2023;21:12:41;29.45;;;;680;20/06/2023;21:13:24;29.45;;;;
681;20/06/2023;21:11:41;29.41;;;;681;20/06/2023;21:13:41;29.43;Synchronized;;;681;20/06/2023;21:14:24;29.47;;;;
682;20/06/2023;21:12:41;29.41;;;;682;20/06/2023;21:14:41;29.43;;;;682;20/06/2023;21:15:24;29.45;;;;
683;20/06/2023;21:13:41;29.41;;;;683;20/06/2023;21:15:41;29.43;;;;683;20/06/2023;21:16:24;29.43;;;;
684;20/06/2023;21:14:41;29.41;;;;684;20/06/2023;21:16:41;29.43;;;;684;20/06/2023;21:17:24;29.46;;;;
685;20/06/2023;21:15:41;29.4;;;;685;20/06/2023;21:17:41;29.42;;;;685;20/06/2023;21:18:23;29.45;;;;
686;20/06/2023;21:16:41;29.39;Synchronized;;;686;20/06/2023;21:18:41;29.43;;;;686;20/06/2023;21:19:23;29.44;;;;
687;20/06/2023;21:17:40;29.41;;;;687;20/06/2023;21:19:41;29.42;;;;687;20/06/2023;21:20:23;29.45;Synchronized;;;
688;20/06/2023;21:18:40;29.4;;;;688;20/06/2023;21:20:41;29.42;Synchronized;;;688;20/06/2023;21:21:23;29.43;;;;
689;20/06/2023;21:19:40;29.41;;;;689;20/06/2023;21:21:40;29.42;;;;689;20/06/2023;21:22:23;29.45;;;;
690;20/06/2023;21:20:40;29.4;;;;690;20/06/2023;21:22:40;29.43;;;;690;20/06/2023;21:23:23;29.42;;;;
691;20/06/2023;21:21:40;29.41;;;;691;20/06/2023;21:23:40;29.41;Synchronized;;;691;20/06/2023;21:24:23;29.44;;;;
692;20/06/2023;21:22:40;29.39;;;;692;20/06/2023;21:24:40;29.4;;;;692;20/06/2023;21:25:22;29.44;;;;
693;20/06/2023;21:23:40;29.39;;;;693;20/06/2023;21:25:40;29.41;;;;693;20/06/2023;21:26:22;29.45;;;;
694;20/06/2023;21:24:40;29.38;;;;694;20/06/2023;21:26:40;29.42;;;;694;20/06/2023;21:27:22;29.42;;;;
695;20/06/2023;21:25:40;29.38;;;;695;20/06/2023;21:27:40;29.4;;;;695;20/06/2023;21:28:22;29.43;;;;
696;20/06/2023;21:26:40;29.38;;;;696;20/06/2023;21:28:40;29.39;;;;696;20/06/2023;21:29:22;29.41;;;;
697;20/06/2023;21:27:40;29.38;;;;697;20/06/2023;21:29:40;29.41;;;;697;20/06/2023;21:30:22;29.4;;;;
698;20/06/2023;21:28:40;29.37;;;;698;20/06/2023;21:30:40;29.4;;;;698;20/06/2023;21:31:22;29.41;;;;
699;20/06/2023;21:29:40;29.38;;;;699;20/06/2023;21:31:40;29.38;;;;699;20/06/2023;21:32:21;29.41;;;;
700;20/06/2023;21:30:40;29.37;;;;700;20/06/2023;21:32:40;29.39;;;;700;20/06/2023;21:33:21;29.4;;;;
701;20/06/2023;21:31:40;29.36;;;;701;20/06/2023;21:33:40;29.41;Synchronized;;;701;20/06/2023;21:34:21;29.41;;;;
702;20/06/2023;21:32:39;29.38;;;;702;20/06/2023;21:34:40;29.38;Synchronized;;;702;20/06/2023;21:35:21;29.39;;;;
703;20/06/2023;21:33:39;29.36;;;;703;20/06/2023;21:35:40;29.38;;;;703;20/06/2023;21:36:21;29.4;;;;
704;20/06/2023;21:34:39;29.36;;;;704;20/06/2023;21:36:40;29.38;Synchronized;;;704;20/06/2023;21:37:21;29.4;;;;
705;20/06/2023;21:35:39;29.35;;;;705;20/06/2023;21:37:40;29.38;;;;705;20/06/2023;21:38:21;29.4;;;;
706;20/06/2023;21:36:39;29.35;;;;706;20/06/2023;21:38:40;29.37;;;;706;20/06/2023;21:39:20;29.39;;;;
707;20/06/2023;21:37:39;29.36;;;;707;20/06/2023;21:39:40;29.38;;;;707;20/06/2023;21:40:20;29.37;;;;
708;20/06/2023;21:38:39;29.34;;;;708;20/06/2023;21:40:40;29.37;;;;708;20/06/2023;21:41:20;29.37;;;;
709;20/06/2023;21:39:39;29.35;;;;709;20/06/2023;21:41:40;29.36;;;;709;20/06/2023;21:42:20;29.37;;;;
710;20/06/2023;21:40:39;29.33;Synchronized;;;710;20/06/2023;21:42:40;29.34;;;;710;20/06/2023;21:43:20;29.35;;;;
711;20/06/2023;21:41:39;29.32;;;;711;20/06/2023;21:43:39;29.34;;;;711;20/06/2023;21:44:20;29.33;;;;
712;20/06/2023;21:42:39;29.34;;;;712;20/06/2023;21:44:39;29.33;;;;712;20/06/2023;21:45:20;29.37;;;;
713;20/06/2023;21:43:39;29.31;;;;713;20/06/2023;21:45:39;29.31;;;;713;20/06/2023;21:46:19;29.33;;;;
714;20/06/2023;21:44:39;29.32;Synchronized;;;714;20/06/2023;21:46:39;29.33;;;;714;20/06/2023;21:47:20;29.34;;;;
715;20/06/2023;21:45:39;29.31;;;;715;20/06/2023;21:47:39;29.32;;;;715;20/06/2023;21:48:19;29.34;;;;
716;20/06/2023;21:46:39;29.31;;;;716;20/06/2023;21:48:39;29.33;Synchronized;;;716;20/06/2023;21:49:19;29.32;;;;
717;20/06/2023;21:47:38;29.31;;;;717;20/06/2023;21:49:39;29.3;;;;717;20/06/2023;21:50:19;29.31;;;;
718;20/06/2023;21:48:38;29.32;;;;718;20/06/2023;21:50:39;29.32;Synchronized;;;718;20/06/2023;21:51:19;29.3;;;;
719;20/06/2023;21:49:38;29.3;;;;719;20/06/2023;21:51:39;29.3;;;;719;20/06/2023;21:52:19;29.31;;;;
720;20/06/2023;21:50:38;29.28;;;;720;20/06/2023;21:52:39;29.3;Synchronized;;;720;20/06/2023;21:53:19;29.29;;;;
721;20/06/2023;21:51:38;29.27;;;;721;20/06/2023;21:53:39;29.29;;;;721;20/06/2023;21:54:19;29.27;;;;
722;20/06/2023;21:52:38;29.28;;;;722;20/06/2023;21:54:39;29.27;;;;722;20/06/2023;21:55:18;29.27;;;;
723;20/06/2023;21:53:38;29.28;;;;723;20/06/2023;21:55:39;29.25;Synchronized;;;723;20/06/2023;21:56:18;29.22;;;;
724;20/06/2023;21:54:38;29.28;Synchronized;;;724;20/06/2023;21:56:39;29.24;;;;724;20/06/2023;21:57:18;29.2;;;;
725;20/06/2023;21:55:38;29.25;;;;725;20/06/2023;21:57:39;29.21;;;;725;20/06/2023;21:58:18;29.18;;;;
726;20/06/2023;21:56:38;29.25;;;;726;20/06/2023;21:58:39;29.16;;;;726;20/06/2023;21:59:18;29.09;;;;
727;20/06/2023;21:57:38;29.23;Synchronized;;;727;20/06/2023;21:59:39;29.03;;;;727;20/06/2023;22:00:18;28.98;;;;
728;20/06/2023;21:58:38;29.16;;;;728;20/06/2023;22:00:39;28.91;;;;728;20/06/2023;22:01:18;28.94;;;;
729;20/06/2023;21:59:38;29.06;;;;729;20/06/2023;22:01:39;28.86;;;;729;20/06/2023;22:02:18;28.91;;;;
730;20/06/2023;22:00:38;28.96;;;;730;20/06/2023;22:02:39;28.79;;;;730;20/06/2023;22:03:18;28.87;;;;
731;20/06/2023;22:01:38;28.91;;;;731;20/06/2023;22:03:39;28.8;;;;731;20/06/2023;22:04:17;28.85;;;;
732;20/06/2023;22:02:38;28.86;;;;732;20/06/2023;22:04:39;28.78;;;;732;20/06/2023;22:05:17;28.88;;;;
733;20/06/2023;22:03:38;28.82;;;;733;20/06/2023;22:05:39;28.77;;;;733;20/06/2023;22:06:17;28.86;;;;
734;20/06/2023;22:04:38;28.83;;;;734;20/06/2023;22:06:39;28.8;;;;734;20/06/2023;22:07:17;28.87;;;;
735;20/06/2023;22:05:38;28.82;;;;735;20/06/2023;22:07:39;28.8;Synchronized;;;735;20/06/2023;22:08:17;28.84;;;;
736;20/06/2023;22:06:38;28.81;;;;736;20/06/2023;22:08:39;28.8;;;;736;20/06/2023;22:09:17;28.84;;;;
737;20/06/2023;22:07:38;28.84;;;;737;20/06/2023;22:09:39;28.78;Synchronized;;;737;20/06/2023;22:10:17;28.81;;;;
738;20/06/2023;22:08:38;28.8;;;;738;20/06/2023;22:10:38;28.77;Synchronized;;;738;20/06/2023;22:11:17;28.8;;;;
739;20/06/2023;22:09:38;28.8;;;;739;20/06/2023;22:11:38;28.77;;;;739;20/06/2023;22:12:17;28.77;;;;
740;20/06/2023;22:10:38;28.78;;;;740;20/06/2023;22:12:38;28.71;Synchronized;;;740;20/06/2023;22:13:16;28.71;;;;
741;20/06/2023;22:11:38;28.77;;;;741;20/06/2023;22:13:38;28.69;Synchronized;;;741;20/06/2023;22:14:16;28.68;;;;
742;20/06/2023;22:12:38;28.73;;;;742;20/06/2023;22:14:38;28.65;;;;742;20/06/2023;22:15:16;28.67;;;;
743;20/06/2023;22:13:38;28.73;;;;743;20/06/2023;22:15:38;28.62;Synchronized;;;743;20/06/2023;22:16:16;28.6;Synchronized;;;
744;20/06/2023;22:14:38;28.69;Synchronized;;;744;20/06/2023;22:16:38;28.59;Synchronized;;;744;20/06/2023;22:17:16;28.61;;;;
745;20/06/2023;22:15:38;28.65;;;;745;20/06/2023;22:17:38;28.59;;;;745;20/06/2023;22:18:16;28.58;;;;
746;20/06/2023;22:16:38;28.59;;;;746;20/06/2023;22:18:37;28.55;;;;746;20/06/2023;22:19:16;28.58;;;;
747;20/06/2023;22:17:38;28.59;;;;747;20/06/2023;22:19:37;28.53;Synchronized;;;747;20/06/2023;22:20:16;28.56;;;;
748;20/06/2023;22:18:38;28.55;;;;748;20/06/2023;22:20:37;28.52;;;;748;20/06/2023;22:21:16;28.54;;;;
749;20/06/2023;22:19:38;28.59;;;;749;20/06/2023;22:21:37;28.5;;;;749;20/06/2023;22:22:15;28.54;;;;
750;20/06/2023;22:20:38;28.57;;;;750;20/06/2023;22:22:37;28.52;;;;750;20/06/2023;22:23:15;28.55;;;;
751;20/06/2023;22:21:38;28.57;;;;751;20/06/2023;22:23:36;28.51;;;;751;20/06/2023;22:24:15;28.54;;;;
752;20/06/2023;22:22:38;28.55;;;;752;20/06/2023;22:24:36;28.52;;;;752;20/06/2023;22:25:15;28.55;;;;
753;20/06/2023;22:23:38;28.59;;;;753;20/06/2023;22:25:36;28.54;;;;753;20/06/2023;22:26:15;28.56;;;;
754;20/06/2023;22:24:38;28.59;;;;754;20/06/2023;22:26:36;28.55;Synchronized;;;754;20/06/2023;22:27:15;28.55;;;;
755;20/06/2023;22:25:38;28.58;;;;755;20/06/2023;22:27:36;28.56;;;;755;20/06/2023;22:28:15;28.58;;;;
756;20/06/2023;22:26:38;28.55;;;;756;20/06/2023;22:28:36;28.55;Synchronized;;;756;20/06/2023;22:29:15;28.58;;;;
757;20/06/2023;22:27:38;28.58;;;;757;20/06/2023;22:29:35;28.55;;;;757;20/06/2023;22:30:15;28.55;;;;
758;20/06/2023;22:28:38;28.59;;;;758;20/06/2023;22:30:35;28.53;;;;758;20/06/2023;22:31:14;28.55;;;;
759;20/06/2023;22:29:38;28.57;;;;759;20/06/2023;22:31:35;28.51;;;;759;20/06/2023;22:32:14;28.51;;;;
760;20/06/2023;22:30:38;28.59;;;;760;20/06/2023;22:32:35;28.5;Synchronized;;;760;20/06/2023;22:33:14;28.49;;;;
761;20/06/2023;22:31:38;28.55;;;;761;20/06/2023;22:33:35;28.48;;;;761;20/06/2023;22:34:14;28.48;;;;
762;20/06/2023;22:32:38;28.53;;;;762;20/06/2023;22:34:34;28.45;;;;762;20/06/2023;22:35:14;28.45;;;;
763;20/06/2023;22:33:38;28.51;;;;763;20/06/2023;22:35:34;28.45;;;;763;20/06/2023;22:36:14;28.45;;;;
764;20/06/2023;22:34:38;28.5;;;;764;20/06/2023;22:36:34;28.44;;;;764;20/06/2023;22:37:14;28.43;;;;
765;20/06/2023;22:35:38;28.48;;;;765;20/06/2023;22:37:34;28.43;Synchronized;;;765;20/06/2023;22:38:14;28.45;;;;
766;20/06/2023;22:36:37;28.47;;;;766;20/06/2023;22:38:33;28.42;Synchronized;;;766;20/06/2023;22:39:13;28.41;;;;
767;20/06/2023;22:37:37;28.48;;;;767;20/06/2023;22:39:33;28.41;;;;767;20/06/2023;22:40:13;28.41;;;;
768;20/06/2023;22:38:37;28.42;;;;768;20/06/2023;22:40:33;28.4;;;;768;20/06/2023;22:41:13;28.41;;;;
769;20/06/2023;22:39:37;28.41;;;;769;20/06/2023;22:41:33;28.4;;;;769;20/06/2023;22:42:13;28.39;;;;
770;20/06/2023;22:40:37;28.42;;;;770;20/06/2023;22:42:33;28.38;Synchronized;;;770;20/06/2023;22:43:13;28.36;;;;
771;20/06/2023;22:41:37;28.41;;;;771;20/06/2023;22:43:33;28.35;;;;771;20/06/2023;22:44:13;28.37;;;;
772;20/06/2023;22:42:37;28.41;;;;772;20/06/2023;22:44:33;28.34;;;;772;20/06/2023;22:45:13;28.38;;;;
773;20/06/2023;22:43:37;28.4;;;;773;20/06/2023;22:45:32;28.32;;;;773;20/06/2023;22:46:13;28.36;;;;
774;20/06/2023;22:44:37;28.38;;;;774;20/06/2023;22:46:32;28.34;;;;774;20/06/2023;22:47:13;28.36;;;;
775;20/06/2023;22:45:38;28.36;;;;775;20/06/2023;22:47:32;28.34;Synchronized;;;775;20/06/2023;22:48:13;28.32;;;;
776;20/06/2023;22:46:37;28.37;;;;776;20/06/2023;22:48:32;28.33;;;;776;20/06/2023;22:49:12;28.33;;;;
777;20/06/2023;22:47:37;28.34;Synchronized;;;777;20/06/2023;22:49:32;28.3;;;;777;20/06/2023;22:50:12;28.34;;;;
778;20/06/2023;22:48:37;28.32;;;;778;20/06/2023;22:50:32;28.3;;;;778;20/06/2023;22:51:12;28.34;;;;
779;20/06/2023;22:49:37;28.33;;;;779;20/06/2023;22:51:31;28.31;;;;779;20/06/2023;22:52:12;28.33;;;;
780;20/06/2023;22:50:37;28.34;;;;780;20/06/2023;22:52:31;28.31;;;;780;20/06/2023;22:53:12;28.33;;;;
781;20/06/2023;22:51:37;28.34;;;;781;20/06/2023;22:53:31;28.3;Synchronized;;;781;20/06/2023;22:54:12;28.32;;;;
782;20/06/2023;22:52:37;28.34;Synchronized;;;782;20/06/2023;22:54:31;28.32;;;;782;20/06/2023;22:55:12;28.33;;;;
783;20/06/2023;22:53:37;28.34;;;;783;20/06/2023;22:55:31;28.3;Synchronized;;;783;20/06/2023;22:56:12;28.35;;;;
784;20/06/2023;22:54:37;28.34;;;;784;20/06/2023;22:56:31;28.3;;;;784;20/06/2023;22:57:11;28.34;;;;
785;20/06/2023;22:55:37;28.34;;;;785;20/06/2023;22:57:31;28.32;Synchronized;;;785;20/06/2023;22:58:11;28.36;;;;
786;20/06/2023;22:56:37;28.34;;;;786;20/06/2023;22:58:30;28.31;;;;786;20/06/2023;22:59:11;28.31;;;;
787;20/06/2023;22:57:37;28.34;;;;787;20/06/2023;22:59:30;28.28;;;;787;20/06/2023;23:00:11;28.25;;;;
788;20/06/2023;22:58:37;28.29;;;;788;20/06/2023;23:00:30;28.2;;;;788;20/06/2023;23:01:11;28.2;;;;
789;20/06/2023;22:59:37;28.28;;;;789;20/06/2023;23:01:30;28.2;;;;789;20/06/2023;23:02:11;28.15;;;;
790;20/06/2023;23:00:37;28.25;;;;790;20/06/2023;23:02:30;28.13;;;;790;20/06/2023;23:03:11;28.13;;;;
791;20/06/2023;23:01:37;28.21;;;;791;20/06/2023;23:03:30;28.12;;;;791;20/06/2023;23:04:11;28.09;;;;
792;20/06/2023;23:02:37;28.16;;;;792;20/06/2023;23:04:29;28.08;;;;792;20/06/2023;23:05:11;28.05;;;;
793;20/06/2023;23:03:37;28.13;;;;793;20/06/2023;23:05:29;28.04;;;;793;20/06/2023;23:06:11;28.01;;;;
794;20/06/2023;23:04:37;28.12;Synchronized;;;794;20/06/2023;23:06:29;28.01;Synchronized;;;794;20/06/2023;23:07:11;27.98;;;;
795;20/06/2023;23:05:37;28.09;;;;795;20/06/2023;23:07:29;27.94;;;;795;20/06/2023;23:08:10;27.93;;;;
796;20/06/2023;23:06:36;28.02;;;;796;20/06/2023;23:08:29;27.93;;;;796;20/06/2023;23:09:10;27.94;;;;
797;20/06/2023;23:07:36;28.01;;;;797;20/06/2023;23:09:29;27.9;;;;797;20/06/2023;23:10:10;27.94;;;;
798;20/06/2023;23:08:36;27.98;;;;798;20/06/2023;23:10:29;27.94;;;;798;20/06/2023;23:11:10;27.94;;;;
799;20/06/2023;23:09:36;27.98;;;;799;20/06/2023;23:11:28;27.92;;;;799;20/06/2023;23:12:10;27.96;;;;
800;20/06/2023;23:10:36;27.93;;;;800;20/06/2023;23:12:28;27.94;;;;800;20/06/2023;23:13:10;27.96;;;;
801;20/06/2023;23:11:36;27.95;;;;801;20/06/2023;23:13:28;27.9;Synchronized;;;801;20/06/2023;23:14:10;27.95;;;;
802;20/06/2023;23:12:35;27.96;;;;802;20/06/2023;23:14:28;27.92;Synchronized;;;802;20/06/2023;23:15:10;27.95;;;;
803;20/06/2023;23:13:35;27.97;;;;803;20/06/2023;23:15:28;27.93;Synchronized;;;803;20/06/2023;23:16:10;27.91;;;;
804;20/06/2023;23:14:35;27.98;;;;804;20/06/2023;23:16:28;27.91;;;;804;20/06/2023;23:17:10;27.91;Synchronized;;;
805;20/06/2023;23:15:35;27.93;;;;805;20/06/2023;23:17:28;27.91;Synchronized;;;805;20/06/2023;23:18:10;27.94;;;;
806;20/06/2023;23:16:35;27.93;;;;806;20/06/2023;23:18:27;27.9;;;;806;20/06/2023;23:19:10;27.91;;;;
807;20/06/2023;23:17:35;27.96;;;;807;20/06/2023;23:19:27;27.88;;;;807;20/06/2023;23:20:10;27.88;;;;
808;20/06/2023;23:18:34;27.95;;;;808;20/06/2023;23:20:27;27.85;Synchronized;;;808;20/06/2023;23:21:10;27.85;;;;
809;20/06/2023;23:19:34;27.93;;;;809;20/06/2023;23:21:27;27.82;;;;809;20/06/2023;23:22:09;27.84;;;;
810;20/06/2023;23:20:34;27.91;;;;810;20/06/2023;23:22:27;27.83;Synchronized;;;810;20/06/2023;23:23:09;27.82;;;;
811;20/06/2023;23:21:34;27.91;;;;811;20/06/2023;23:23:27;27.77;;;;811;20/06/2023;23:24:09;27.82;;;;
812;20/06/2023;23:22:34;27.88;;;;812;20/06/2023;23:24:27;27.81;;;;812;20/06/2023;23:25:09;27.82;;;;
813;20/06/2023;23:23:34;27.87;;;;813;20/06/2023;23:25:27;27.8;;;;813;20/06/2023;23:26:09;27.84;;;;
814;20/06/2023;23:24:34;27.84;;;;814;20/06/2023;23:26:27;27.8;Synchronized;;;814;20/06/2023;23:27:09;27.81;;;;
815;20/06/2023;23:25:33;27.86;;;;815;20/06/2023;23:27:26;27.81;;;;815;20/06/2023;23:28:09;27.79;;;;
816;20/06/2023;23:26:33;27.86;;;;816;20/06/2023;23:28:26;27.8;;;;816;20/06/2023;23:29:09;27.8;;;;
817;20/06/2023;23:27:33;27.84;;;;817;20/06/2023;23:29:26;27.77;;;;817;20/06/2023;23:30:09;27.77;;;;
818;20/06/2023;23:28:33;27.81;;;;818;20/06/2023;23:30:26;27.77;;;;818;20/06/2023;23:31:09;27.77;;;;
819;20/06/2023;23:29:33;27.84;;;;819;20/06/2023;23:31:26;27.74;;;;819;20/06/2023;23:32:09;27.74;;;;
820;20/06/2023;23:30:33;27.8;;;;820;20/06/2023;23:32:26;27.73;;;;820;20/06/2023;23:33:09;27.76;;;;
821;20/06/2023;23:31:33;27.79;;;;821;20/06/2023;23:33:26;27.73;;;;821;20/06/2023;23:34:09;27.77;;;;
822;20/06/2023;23:32:32;27.78;;;;822;20/06/2023;23:34:26;27.72;;;;822;20/06/2023;23:35:09;27.75;;;;
823;20/06/2023;23:33:32;27.78;;;;823;20/06/2023;23:35:25;27.74;;;;823;20/06/2023;23:36:09;27.74;;;;
824;20/06/2023;23:34:32;27.77;;;;824;20/06/2023;23:36:25;27.73;Synchronized;;;824;20/06/2023;23:37:09;27.73;;;;
825;20/06/2023;23:35:32;27.77;;;;825;20/06/2023;23:37:25;27.73;;;;825;20/06/2023;23:38:09;27.75;;;;
826;20/06/2023;23:36:32;27.76;;;;826;20/06/2023;23:38:25;27.71;;;;826;20/06/2023;23:39:09;27.72;;;;
827;20/06/2023;23:37:32;27.79;;;;827;20/06/2023;23:39:25;27.72;;;;827;20/06/2023;23:40:08;27.72;;;;
828;20/06/2023;23:38:32;27.76;;;;828;20/06/2023;23:40:25;27.71;;;;828;20/06/2023;23:41:08;27.7;;;;
829;20/06/2023;23:39:31;27.73;;;;829;20/06/2023;23:41:25;27.7;;;;829;20/06/2023;23:42:08;27.69;;;;
830;20/06/2023;23:40:31;27.74;;;;830;20/06/2023;23:42:25;27.66;Synchronized;;;830;20/06/2023;23:43:08;27.69;;;;
831;20/06/2023;23:41:31;27.71;;;;831;20/06/2023;23:43:24;27.65;Synchronized;;;831;20/06/2023;23:44:08;27.66;;;;
832;20/06/2023;23:42:31;27.72;;;;832;20/06/2023;23:44:24;27.66;;;;832;20/06/2023;23:45:08;27.71;;;;
833;20/06/2023;23:43:31;27.68;;;;833;20/06/2023;23:45:24;27.65;Synchronized;;;833;20/06/2023;23:46:08;27.66;;;;
834;20/06/2023;23:44:31;27.7;;;;834;20/06/2023;23:46:24;27.63;;;;834;20/06/2023;23:47:08;27.65;;;;
835;20/06/2023;23:45:31;27.67;;;;835;20/06/2023;23:47:24;27.65;;;;835;20/06/2023;23:48:08;27.66;;;;
836;20/06/2023;23:46:30;27.68;;;;836;20/06/2023;23:48:24;27.63;;;;836;20/06/2023;23:49:08;27.66;;;;
837;20/06/2023;23:47:30;27.66;;;;837;20/06/2023;23:49:24;27.63;Synchronized;;;837;20/06/2023;23:50:08;27.64;;;;
838;20/06/2023;23:48:30;27.66;;;;838;20/06/2023;23:50:24;27.63;;;;838;20/06/2023;23:51:08;27.65;;;;
839;20/06/2023;23:49:30;27.66;Synchronized;;;839;20/06/2023;23:51:24;27.6;Synchronized;;;839;20/06/2023;23:52:08;27.64;;;;
840;20/06/2023;23:50:30;27.65;;;;840;20/06/2023;23:52:23;27.61;;;;840;20/06/2023;23:53:08;27.62;;;;
841;20/06/2023;23:51:30;27.64;;;;841;20/06/2023;23:53:23;27.58;;;;841;20/06/2023;23:54:08;27.59;;;;
842;20/06/2023;23:52:30;27.61;;;;842;20/06/2023;23:54:23;27.55;;;;842;20/06/2023;23:55:08;27.56;;;;
843;20/06/2023;23:53:29;27.6;;;;843;20/06/2023;23:55:23;27.51;;;;843;20/06/2023;23:56:08;27.55;;;;
844;20/06/2023;23:54:29;27.58;;;;844;20/06/2023;23:56:23;27.51;Synchronized;;;844;20/06/2023;23:57:08;27.51;;;;
845;20/06/2023;23:55:29;27.55;;;;845;20/06/2023;23:57:23;27.5;;;;845;20/06/2023;23:58:08;27.52;;;;
846;20/06/2023;23:56:29;27.55;;;;846;20/06/2023;23:58:23;27.47;;;;846;20/06/2023;23:59:07;27.52;;;;
847;20/06/2023;23:57:29;27.52;;;;847;20/06/2023;23:59:23;27.5;Synchronized;;;847;21/06/2023;00:00:07;27.52;;;;
848;20/06/2023;23:58:29;27.54;;;;848;21/06/2023;00:00:23;27.5;;;;848;21/06/2023;00:01:07;27.51;;;;
849;20/06/2023;23:59:29;27.52;;;;849;21/06/2023;00:01:23;27.48;;;;849;21/06/2023;00:02:07;27.52;;;;
850;21/06/2023;00:00:28;27.53;;;;850;21/06/2023;00:02:22;27.48;;;;850;21/06/2023;00:03:07;27.52;;;;
851;21/06/2023;00:01:28;27.53;;;;851;21/06/2023;00:03:22;27.52;;;;851;21/06/2023;00:04:07;27.52;;;;
852;21/06/2023;00:02:28;27.55;;;;852;21/06/2023;00:04:22;27.49;;;;852;21/06/2023;00:05:07;27.52;;;;
853;21/06/2023;00:03:28;27.54;;;;853;21/06/2023;00:05:22;27.5;;;;853;21/06/2023;00:06:07;27.51;;;;
854;21/06/2023;00:04:28;27.52;;;;854;21/06/2023;00:06:22;27.48;;;;854;21/06/2023;00:07:07;27.49;;;;
855;21/06/2023;00:05:28;27.55;;;;855;21/06/2023;00:07:22;27.5;Synchronized;;;855;21/06/2023;00:08:07;27.48;;;;
856;21/06/2023;00:06:28;27.53;;;;856;21/06/2023;00:08:22;27.48;;;;856;21/06/2023;00:09:07;27.48;;;;
857;21/06/2023;00:07:28;27.52;;;;857;21/06/2023;00:09:22;27.49;;;;857;21/06/2023;00:10:07;27.48;;;;
858;21/06/2023;00:08:27;27.53;;;;858;21/06/2023;00:10:22;27.48;Synchronized;;;858;21/06/2023;00:11:07;27.48;;;;
859;21/06/2023;00:09:27;27.53;;;;859;21/06/2023;00:11:22;27.48;;;;859;21/06/2023;00:12:07;27.46;;;;
860;21/06/2023;00:10:27;27.52;;;;860;21/06/2023;00:12:22;27.47;;;;860;21/06/2023;00:13:07;27.48;;;;
861;21/06/2023;00:11:27;27.53;;;;861;21/06/2023;00:13:21;27.5;;;;861;21/06/2023;00:14:07;27.51;;;;
862;21/06/2023;00:12:27;27.51;;;;862;21/06/2023;00:14:21;27.53;;;;862;21/06/2023;00:15:07;27.52;;;;
863;21/06/2023;00:13:27;27.52;;;;863;21/06/2023;00:15:21;27.49;;;;863;21/06/2023;00:16:07;27.52;;;;
864;21/06/2023;00:14:27;27.54;;;;864;21/06/2023;00:16:21;27.53;;;;864;21/06/2023;00:17:07;27.54;;;;
865;21/06/2023;00:15:27;27.54;;;;865;21/06/2023;00:17:21;27.52;Synchronized;;;865;21/06/2023;00:18:07;27.52;;;;
866;21/06/2023;00:16:26;27.55;;;;866;21/06/2023;00:18:21;27.53;;;;866;21/06/2023;00:19:07;27.53;;;;
867;21/06/2023;00:17:26;27.56;;;;867;21/06/2023;00:19:21;27.53;;;;867;21/06/2023;00:20:07;27.56;;;;
868;21/06/2023;00:18:26;27.54;;;;868;21/06/2023;00:20:21;27.54;Synchronized;;;868;21/06/2023;00:21:07;27.54;;;;
869;21/06/2023;00:19:26;27.55;;;;869;21/06/2023;00:21:21;27.53;Synchronized;;;869;21/06/2023;00:22:07;27.58;;;;
870;21/06/2023;00:20:26;27.57;;;;870;21/06/2023;00:22:21;27.52;;;;870;21/06/2023;00:23:07;27.56;;;;
871;21/06/2023;00:21:26;27.56;;;;871;21/06/2023;00:23:21;27.54;Synchronized;;;871;21/06/2023;00:24:07;27.56;;;;
872;21/06/2023;00:22:26;27.55;;;;872;21/06/2023;00:24:20;27.52;Synchronized;;;872;21/06/2023;00:25:07;27.53;;;;
873;21/06/2023;00:23:26;27.55;;;;873;21/06/2023;00:25:20;27.51;;;;873;21/06/2023;00:26:07;27.52;;;;
874;21/06/2023;00:24:25;27.56;;;;874;21/06/2023;00:26:20;27.51;;;;874;21/06/2023;00:27:07;27.52;;;;
875;21/06/2023;00:25:25;27.53;;;;875;21/06/2023;00:27:20;27.5;;;;875;21/06/2023;00:28:07;27.5;;;;
876;21/06/2023;00:26:25;27.54;;;;876;21/06/2023;00:28:20;27.48;;;;876;21/06/2023;00:29:07;27.51;;;;
877;21/06/2023;00:27:25;27.51;;;;877;21/06/2023;00:29:20;27.48;Synchronized;;;877;21/06/2023;00:30:06;27.45;;;;
878;21/06/2023;00:28:25;27.52;;;;878;21/06/2023;00:30:20;27.45;Synchronized;;;878;21/06/2023;00:31:06;27.45;;;;
879;21/06/2023;00:29:25;27.5;Synchronized;;;879;21/06/2023;00:31:20;27.45;;;;879;21/06/2023;00:32:06;27.45;;;;
880;21/06/2023;00:30:25;27.45;;;;880;21/06/2023;00:32:20;27.44;;;;880;21/06/2023;00:33:06;27.45;;;;
881;21/06/2023;00:31:25;27.45;;;;881;21/06/2023;00:33:20;27.44;;;;881;21/06/2023;00:34:06;27.45;;;;
882;21/06/2023;00:32:24;27.44;;;;882;21/06/2023;00:34:20;27.41;Synchronized;;;882;21/06/2023;00:35:06;27.45;;;;
883;21/06/2023;00:33:24;27.45;;;;883;21/06/2023;00:35:19;27.42;;;;883;21/06/2023;00:36:06;27.45;;;;
884;21/06/2023;00:34:24;27.45;;;;884;21/06/2023;00:36:19;27.45;Synchronized;;;884;21/06/2023;00:37:06;27.41;;;;
885;21/06/2023;00:35:24;27.45;;;;885;21/06/2023;00:37:19;27.41;;;;885;21/06/2023;00:38:06;27.4;;;;
886;21/06/2023;00:36:24;27.47;;;;886;21/06/2023;00:38:19;27.41;;;;886;21/06/2023;00:39:06;27.4;;;;
887;21/06/2023;00:37:24;27.45;;;;887;21/06/2023;00:39:19;27.39;;;;887;21/06/2023;00:40:06;27.39;;;;
888;21/06/2023;00:38:24;27.43;;;;888;21/06/2023;00:40:19;27.38;;;;888;21/06/2023;00:41:06;27.39;;;;
889;21/06/2023;00:39:24;27.43;;;;889;21/06/2023;00:41:19;27.37;;;;889;21/06/2023;00:42:06;27.38;;;;
890;21/06/2023;00:40:24;27.42;;;;890;21/06/2023;00:42:19;27.37;;;;890;21/06/2023;00:43:06;27.4;;;;
891;21/06/2023;00:41:23;27.41;;;;891;21/06/2023;00:43:19;27.39;Synchronized;;;891;21/06/2023;00:44:06;27.38;;;;
892;21/06/2023;00:42:23;27.39;;;;892;21/06/2023;00:44:19;27.37;Synchronized;;;892;21/06/2023;00:45:06;27.37;;;;
893;21/06/2023;00:43:23;27.42;;;;893;21/06/2023;00:45:19;27.38;;;;893;21/06/2023;00:46:06;27.38;;;;
894;21/06/2023;00:44:23;27.42;;;;894;21/06/2023;00:46:19;27.36;;;;894;21/06/2023;00:47:06;27.38;;;;
895;21/06/2023;00:45:23;27.41;;;;895;21/06/2023;00:47:18;27.38;;;;895;21/06/2023;00:48:06;27.37;;;;
896;21/06/2023;00:46:23;27.41;;;;896;21/06/2023;00:48:18;27.39;;;;896;21/06/2023;00:49:06;27.38;;;;
897;21/06/2023;00:47:23;27.43;;;;897;21/06/2023;00:49:18;27.38;;;;897;21/06/2023;00:50:06;27.37;;;;
898;21/06/2023;00:48:23;27.42;;;;898;21/06/2023;00:50:18;27.37;Synchronized;;;898;21/06/2023;00:51:06;27.35;;;;
899;21/06/2023;00:49:23;27.4;;;;899;21/06/2023;00:51:18;27.34;;;;899;21/06/2023;00:52:06;27.36;;;;
900;21/06/2023;00:50:23;27.41;Synchronized;;;900;21/06/2023;00:52:18;27.35;;;;900;21/06/2023;00:53:06;27.37;;;;
901;21/06/2023;00:51:22;27.37;Synchronized;;;901;21/06/2023;00:53:18;27.38;;;;901;21/06/2023;00:54:06;27.38;;;;
902;21/06/2023;00:52:22;27.39;;;;902;21/06/2023;00:54:18;27.38;;;;902;21/06/2023;00:55:06;27.38;;;;
903;21/06/2023;00:53:22;27.39;;;;903;21/06/2023;00:55:18;27.38;Synchronized;;;903;21/06/2023;00:56:06;27.39;;;;
904;21/06/2023;00:54:22;27.4;;;;904;21/06/2023;00:56:18;27.41;;;;904;21/06/2023;00:57:05;27.41;;;;
905;21/06/2023;00:55:22;27.42;;;;905;21/06/2023;00:57:18;27.41;;;;905;21/06/2023;00:58:05;27.4;;;;
906;21/06/2023;00:56:22;27.41;;;;906;21/06/2023;00:58:18;27.41;;;;906;21/06/2023;00:59:05;27.41;;;;
907;21/06/2023;00:57:22;27.44;;;;907;21/06/2023;00:59:17;27.4;;;;907;21/06/2023;01:00:05;27.4;;;;
908;21/06/2023;00:58:21;27.42;;;;908;21/06/2023;01:00:17;27.38;;;;908;21/06/2023;01:01:05;27.38;;;;
909;21/06/2023;00:59:21;27.41;;;;909;21/06/2023;01:01:17;27.39;;;;909;21/06/2023;01:02:05;27.42;;;;
910;21/06/2023;01:00:21;27.43;Synchronized;;;910;21/06/2023;01:02:17;27.39;Synchronized;;;910;21/06/2023;01:03:05;27.41;;;;
911;21/06/2023;01:01:21;27.41;;;;911;21/06/2023;01:03:17;27.41;;;;911;21/06/2023;01:04:05;27.41;;;;
912;21/06/2023;01:02:21;27.41;;;;912;21/06/2023;01:04:17;27.41;Synchronized;;;912;21/06/2023;01:05:05;27.43;;;;
913;21/06/2023;01:03:21;27.45;;;;913;21/06/2023;01:05:17;27.42;;;;913;21/06/2023;01:06:05;27.45;;;;
914;21/06/2023;01:04:21;27.43;;;;914;21/06/2023;01:06:17;27.42;;;;914;21/06/2023;01:07:05;27.45;;;;
915;21/06/2023;01:05:21;27.45;;;;915;21/06/2023;01:07:17;27.42;;;;915;21/06/2023;01:08:05;27.47;;;;
916;21/06/2023;01:06:21;27.43;Synchronized;;;916;21/06/2023;01:08:17;27.45;Synchronized;;;916;21/06/2023;01:09:05;27.47;;;;
917;21/06/2023;01:07:20;27.47;;;;917;21/06/2023;01:09:17;27.47;Synchronized;;;917;21/06/2023;01:10:05;27.48;;;;
918;21/06/2023;01:08:20;27.48;;;;918;21/06/2023;01:10:16;27.47;Synchronized;;;918;21/06/2023;01:11:05;27.48;;;;
919;21/06/2023;01:09:20;27.48;;;;919;21/06/2023;01:11:16;27.48;;;;919;21/06/2023;01:12:05;27.5;;;;
920;21/06/2023;01:10:20;27.49;;;;920;21/06/2023;01:12:16;27.47;Synchronized;;;920;21/06/2023;01:13:05;27.52;;;;
921;21/06/2023;01:11:20;27.49;;;;921;21/06/2023;01:13:16;27.5;;;;921;21/06/2023;01:14:05;27.52;;;;
922;21/06/2023;01:12:20;27.51;;;;922;21/06/2023;01:14:16;27.52;;;;922;21/06/2023;01:15:05;27.52;;;;
923;21/06/2023;01:13:19;27.52;;;;923;21/06/2023;01:15:16;27.52;;;;923;21/06/2023;01:16:05;27.54;;;;
924;21/06/2023;01:14:19;27.54;;;;924;21/06/2023;01:16:16;27.52;;;;924;21/06/2023;01:17:05;27.52;;;;
925;21/06/2023;01:15:19;27.53;;;;925;21/06/2023;01:17:16;27.52;;;;925;21/06/2023;01:18:05;27.52;;;;
926;21/06/2023;01:16:19;27.53;;;;926;21/06/2023;01:18:16;27.48;Synchronized;;;926;21/06/2023;01:19:05;27.52;;;;
927;21/06/2023;01:17:19;27.53;;;;927;21/06/2023;01:19:16;27.52;;;;927;21/06/2023;01:20:05;27.49;;;;
928;21/06/2023;01:18:19;27.52;;;;928;21/06/2023;01:20:16;27.5;;;;928;21/06/2023;01:21:05;27.51;;;;
929;21/06/2023;01:19:19;27.51;;;;929;21/06/2023;01:21:15;27.5;;;;929;21/06/2023;01:22:05;27.52;;;;
930;21/06/2023;01:20:19;27.52;;;;930;21/06/2023;01:22:15;27.51;;;;930;21/06/2023;01:23:05;27.51;;;;
931;21/06/2023;01:21:18;27.53;;;;931;21/06/2023;01:23:15;27.5;Synchronized;;;931;21/06/2023;01:24:05;27.52;;;;
932;21/06/2023;01:22:18;27.52;;;;932;21/06/2023;01:24:15;27.52;;;;932;21/06/2023;01:25:05;27.52;;;;
933;21/06/2023;01:23:18;27.53;;;;933;21/06/2023;01:25:15;27.53;Synchronized;;;933;21/06/2023;01:26:05;27.56;Synchronized;;;
934;21/06/2023;01:24:18;27.55;;;;934;21/06/2023;01:26:15;27.55;Synchronized;;;934;21/06/2023;01:27:05;27.56;;;;
935;21/06/2023;01:25:18;27.54;;;;935;21/06/2023;01:27:15;27.56;;;;935;21/06/2023;01:28:05;27.56;;;;
936;21/06/2023;01:26:18;27.55;;;;936;21/06/2023;01:28:15;27.54;Synchronized;;;936;21/06/2023;01:29:05;27.55;;;;
937;21/06/2023;01:27:18;27.55;;;;937;21/06/2023;01:29:15;27.55;;;;937;21/06/2023;01:30:04;27.58;;;;
938;21/06/2023;01:28:18;27.56;;;;938;21/06/2023;01:30:15;27.56;;;;938;21/06/2023;01:31:04;27.57;;;;
939;21/06/2023;01:29:17;27.56;;;;939;21/06/2023;01:31:15;27.55;;;;939;21/06/2023;01:32:04;27.59;;;;
940;21/06/2023;01:30:17;27.55;;;;940;21/06/2023;01:32:15;27.53;Synchronized;;;940;21/06/2023;01:33:04;27.59;;;;
941;21/06/2023;01:31:17;27.59;;;;941;21/06/2023;01:33:14;27.58;;;;941;21/06/2023;01:34:04;27.58;;;;
942;21/06/2023;01:32:17;27.56;;;;942;21/06/2023;01:34:14;27.58;;;;942;21/06/2023;01:35:04;27.58;;;;
943;21/06/2023;01:33:17;27.56;;;;943;21/06/2023;01:35:14;27.57;;;;943;21/06/2023;01:36:04;27.57;;;;
944;21/06/2023;01:34:17;27.58;Synchronized;;;944;21/06/2023;01:36:14;27.58;;;;944;21/06/2023;01:37:04;27.59;;;;
945;21/06/2023;01:35:17;27.57;;;;945;21/06/2023;01:37:14;27.55;Synchronized;;;945;21/06/2023;01:38:04;27.6;;;;
946;21/06/2023;01:36:17;27.57;;;;946;21/06/2023;01:38:14;27.59;;;;946;21/06/2023;01:39:04;27.58;;;;
947;21/06/2023;01:37:16;27.58;;;;947;21/06/2023;01:39:14;27.59;Synchronized;;;947;21/06/2023;01:40:04;27.59;;;;
948;21/06/2023;01:38:16;27.6;;;;948;21/06/2023;01:40:14;27.56;;;;948;21/06/2023;01:41:04;27.59;;;;
949;21/06/2023;01:39:16;27.59;;;;949;21/06/2023;01:41:14;27.59;;;;949;21/06/2023;01:42:04;27.59;;;;
950;21/06/2023;01:40:16;27.6;;;;950;21/06/2023;01:42:13;27.58;;;;950;21/06/2023;01:43:04;27.6;;;;
951;21/06/2023;01:41:16;27.59;;;;951;21/06/2023;01:43:13;27.59;;;;951;21/06/2023;01:44:04;27.59;;;;
952;21/06/2023;01:42:16;27.59;;;;952;21/06/2023;01:44:13;27.59;Synchronized;;;952;21/06/2023;01:45:04;27.62;;;;
953;21/06/2023;01:43:16;27.6;;;;953;21/06/2023;01:45:13;27.59;Synchronized;;;953;21/06/2023;01:46:04;27.59;;;;
954;21/06/2023;01:44:16;27.6;;;;954;21/06/2023;01:46:13;27.59;;;;954;21/06/2023;01:47:04;27.61;;;;
955;21/06/2023;01:45:15;27.59;;;;955;21/06/2023;01:47:13;27.61;;;;955;21/06/2023;01:48:04;27.61;;;;
956;21/06/2023;01:46:15;27.61;;;;956;21/06/2023;01:48:13;27.59;;;;956;21/06/2023;01:49:04;27.64;;;;
957;21/06/2023;01:47:15;27.61;;;;957;21/06/2023;01:49:13;27.6;;;;957;21/06/2023;01:50:04;27.63;;;;
958;21/06/2023;01:48:15;27.61;;;;958;21/06/2023;01:50:13;27.63;;;;958;21/06/2023;01:51:04;27.63;;;;
959;21/06/2023;01:49:15;27.61;;;;959;21/06/2023;01:51:13;27.62;;;;959;21/06/2023;01:52:04;27.64;;;;
960;21/06/2023;01:50:15;27.63;;;;960;21/06/2023;01:52:12;27.63;;;;960;21/06/2023;01:53:04;27.65;;;;
961;21/06/2023;01:51:15;27.63;;;;961;21/06/2023;01:53:12;27.63;;;;961;21/06/2023;01:54:04;27.64;;;;
962;21/06/2023;01:52:14;27.65;;;;962;21/06/2023;01:54:12;27.63;;;;962;21/06/2023;01:55:04;27.66;;;;
963;21/06/2023;01:53:14;27.66;;;;963;21/06/2023;01:55:12;27.63;;;;963;21/06/2023;01:56:04;27.66;;;;
964;21/06/2023;01:54:14;27.67;;;;964;21/06/2023;01:56:12;27.64;Synchronized;;;964;21/06/2023;01:57:04;27.65;;;;
965;21/06/2023;01:55:14;27.65;;;;965;21/06/2023;01:57:12;27.64;;;;965;21/06/2023;01:58:04;27.65;;;;
966;21/06/2023;01:56:14;27.66;;;;966;21/06/2023;01:58:12;27.66;Synchronized;;;966;21/06/2023;01:59:04;27.66;;;;
967;21/06/2023;01:57:14;27.66;Synchronized;;;967;21/06/2023;01:59:12;27.66;;;;967;21/06/2023;02:00:04;27.67;Synchronized;;;
968;21/06/2023;01:58:14;27.67;;;;968;21/06/2023;02:00:12;27.66;Synchronized;;;968;21/06/2023;02:01:03;27.7;;;;
969;21/06/2023;01:59:13;27.67;;;;969;21/06/2023;02:01:11;27.66;Synchronized;;;969;21/06/2023;02:02:03;27.7;;;;
970;21/06/2023;02:00:13;27.68;;;;970;21/06/2023;02:02:11;27.69;;;;970;21/06/2023;02:03:03;27.7;;;;
971;21/06/2023;02:01:13;27.67;;;;971;21/06/2023;02:03:11;27.7;;;;971;21/06/2023;02:04:03;27.7;;;;
972;21/06/2023;02:02:13;27.72;;;;972;21/06/2023;02:04:11;27.7;;;;972;21/06/2023;02:05:03;27.7;;;;
973;21/06/2023;02:03:13;27.7;;;;973;21/06/2023;02:05:11;27.69;;;;973;21/06/2023;02:06:03;27.67;;;;
974;21/06/2023;02:04:13;27.72;;;;974;21/06/2023;02:06:11;27.68;Synchronized;;;974;21/06/2023;02:07:03;27.7;;;;
975;21/06/2023;02:05:13;27.71;;;;975;21/06/2023;02:07:11;27.66;Synchronized;;;975;21/06/2023;02:08:03;27.69;;;;
976;21/06/2023;02:06:12;27.7;;;;976;21/06/2023;02:08:11;27.7;;;;976;21/06/2023;02:09:03;27.67;;;;
977;21/06/2023;02:07:12;27.71;;;;977;21/06/2023;02:09:11;27.69;Synchronized;;;977;21/06/2023;02:10:03;27.69;;;;
978;21/06/2023;02:08:12;27.72;;;;978;21/06/2023;02:10:10;27.68;;;;978;21/06/2023;02:11:03;27.66;;;;
979;21/06/2023;02:09:12;27.71;;;;979;21/06/2023;02:11:10;27.68;;;;979;21/06/2023;02:12:03;27.66;;;;
980;21/06/2023;02:10:12;27.69;;;;980;21/06/2023;02:12:10;27.66;;;;980;21/06/2023;02:13:03;27.67;;;;
981;21/06/2023;02:11:12;27.69;;;;981;21/06/2023;02:13:10;27.63;Synchronized;;;981;21/06/2023;02:14:03;27.66;;;;
982;21/06/2023;02:12:12;27.69;;;;982;21/06/2023;02:14:10;27.63;Synchronized;;;982;21/06/2023;02:15:03;27.65;;;;
983;21/06/2023;02:13:11;27.66;;;;983;21/06/2023;02:15:10;27.62;;;;983;21/06/2023;02:16:03;27.65;;;;
984;21/06/2023;02:14:11;27.67;;;;984;21/06/2023;02:16:10;27.63;;;;984;21/06/2023;02:17:03;27.66;;;;
985;21/06/2023;02:15:11;27.66;;;;985;21/06/2023;02:17:10;27.66;Synchronized;;;985;21/06/2023;02:18:03;27.66;;;;
986;21/06/2023;02:16:11;27.67;;;;986;21/06/2023;02:18:10;27.63;;;;986;21/06/2023;02:19:03;27.64;;;;
987;21/06/2023;02:17:11;27.66;;;;987;21/06/2023;02:19:10;27.65;Synchronized;;;987;21/06/2023;02:20:03;27.66;;;;
988;21/06/2023;02:18:11;27.68;;;;988;21/06/2023;02:20:09;27.62;Synchronized;;;988;21/06/2023;02:21:03;27.66;;;;
989;21/06/2023;02:19:11;27.68;;;;989;21/06/2023;02:21:09;27.64;;;;989;21/06/2023;02:22:03;27.64;;;;
990;21/06/2023;02:20:10;27.66;;;;990;21/06/2023;02:22:09;27.62;;;;990;21/06/2023;02:23:03;27.65;;;;
991;21/06/2023;02:21:10;27.66;;;;991;21/06/2023;02:23:09;27.63;;;;991;21/06/2023;02:24:03;27.63;;;;
992;21/06/2023;02:22:10;27.65;;;;992;21/06/2023;02:24:09;27.59;Synchronized;;;992;21/06/2023;02:25:03;27.62;;;;
993;21/06/2023;02:23:10;27.64;;;;993;21/06/2023;02:25:09;27.59;;;;993;21/06/2023;02:26:03;27.62;;;;
994;21/06/2023;02:24:10;27.61;;;;994;21/06/2023;02:26:09;27.59;;;;994;21/06/2023;02:27:03;27.61;;;;
995;21/06/2023;02:25:10;27.62;;;;995;21/06/2023;02:27:09;27.58;;;;995;21/06/2023;02:28:02;27.6;;;;
996;21/06/2023;02:26:10;27.63;;;;996;21/06/2023;02:28:09;27.59;Synchronized;;;996;21/06/2023;02:29:02;27.6;;;;
997;21/06/2023;02:27:09;27.62;;;;997;21/06/2023;02:29:09;27.57;Synchronized;;;997;21/06/2023;02:30:02;27.59;;;;
998;21/06/2023;02:28:09;27.61;;;;998;21/06/2023;02:30:09;27.59;;;;998;21/06/2023;02:31:02;27.59;;;;
999;21/06/2023;02:29:09;27.62;;;;999;21/06/2023;02:31:08;27.58;;;;999;21/06/2023;02:32:02;27.59;;;;
1000;21/06/2023;02:30:09;27.63;;;;1000;21/06/2023;02:32:08;27.56;;;;1000;21/06/2023;02:33:02;27.6;;;;
1001;21/06/2023;02:31:09;27.63;;;;1001;21/06/2023;02:33:08;27.56;;;;1001;21/06/2023;02:34:02;27.62;;;;
1002;21/06/2023;02:32:09;27.63;;;;1002;21/06/2023;02:34:08;27.58;;;;1002;21/06/2023;02:35:02;27.59;;;;
1003;21/06/2023;02:33:09;27.63;;;;1003;21/06/2023;02:35:08;27.57;;;;1003;21/06/2023;02:36:02;27.59;;;;
1004;21/06/2023;02:34:09;27.63;;;;1004;21/06/2023;02:36:08;27.57;;;;1004;21/06/2023;02:37:02;27.61;;;;
1005;21/06/2023;02:35:08;27.65;;;;1005;21/06/2023;02:37:08;27.58;;;;1005;21/06/2023;02:38:02;27.62;;;;
1006;21/06/2023;02:36:08;27.63;;;;1006;21/06/2023;02:38:08;27.59;Synchronized;;;1006;21/06/2023;02:39:02;27.6;;;;
1007;21/06/2023;02:37:08;27.64;;;;1007;21/06/2023;02:39:08;27.6;;;;1007;21/06/2023;02:40:02;27.61;;;;
1008;21/06/2023;02:38:08;27.64;;;;1008;21/06/2023;02:40:07;27.59;;;;1008;21/06/2023;02:41:02;27.63;;;;
1009;21/06/2023;02:39:08;27.64;;;;1009;21/06/2023;02:41:07;27.61;;;;1009;21/06/2023;02:42:02;27.63;;;;
1010;21/06/2023;02:40:08;27.65;Synchronized;;;1010;21/06/2023;02:42:07;27.6;;;;1010;21/06/2023;02:43:02;27.62;;;;
1011;21/06/2023;02:41:08;27.65;;;;1011;21/06/2023;02:43:07;27.6;;;;1011;21/06/2023;02:44:02;27.63;;;;
1012;21/06/2023;02:42:07;27.64;;;;1012;21/06/2023;02:44:07;27.62;;;;1012;21/06/2023;02:45:02;27.64;;;;
1013;21/06/2023;02:43:07;27.64;;;;1013;21/06/2023;02:45:07;27.61;;;;1013;21/06/2023;02:46:02;27.63;;;;
1014;21/06/2023;02:44:07;27.66;;;;1014;21/06/2023;02:46:07;27.61;Synchronized;;;1014;21/06/2023;02:47:02;27.64;;;;
1015;21/06/2023;02:45:07;27.65;;;;1015;21/06/2023;02:47:07;27.6;Synchronized;;;1015;21/06/2023;02:48:02;27.65;;;;
1016;21/06/2023;02:46:07;27.66;;;;1016;21/06/2023;02:48:07;27.63;;;;1016;21/06/2023;02:49:02;27.64;;;;
1017;21/06/2023;02:47:07;27.66;;;;1017;21/06/2023;02:49:07;27.62;Synchronized;;;1017;21/06/2023;02:50:02;27.65;;;;
1018;21/06/2023;02:48:07;27.65;;;;1018;21/06/2023;02:50:06;27.63;;;;1018;21/06/2023;02:51:02;27.63;;;;
1019;21/06/2023;02:49:06;27.65;;;;1019;21/06/2023;02:51:06;27.63;Synchronized;;;1019;21/06/2023;02:52:02;27.64;;;;
1020;21/06/2023;02:50:06;27.68;;;;1020;21/06/2023;02:52:06;27.62;;;;1020;21/06/2023;02:53:02;27.65;;;;
1021;21/06/2023;02:51:06;27.66;;;;1021;21/06/2023;02:53:06;27.59;;;;1021;21/06/2023;02:54:02;27.65;;;;
1022;21/06/2023;02:52:06;27.66;;;;1022;21/06/2023;02:54:06;27.61;Synchronized;;;1022;21/06/2023;02:55:02;27.65;;;;
1023;21/06/2023;02:53:06;27.65;;;;1023;21/06/2023;02:55:06;27.63;;;;1023;21/06/2023;02:56:01;27.63;;;;
1024;21/06/2023;02:54:06;27.67;;;;1024;21/06/2023;02:56:06;27.6;;;;1024;21/06/2023;02:57:01;27.63;;;;
1025;21/06/2023;02:55:06;27.66;;;;1025;21/06/2023;02:57:06;27.61;Synchronized;;;1025;21/06/2023;02:58:01;27.63;;;;
1026;21/06/2023;02:56:06;27.66;;;;1026;21/06/2023;02:58:06;27.61;;;;1026;21/06/2023;02:59:01;27.61;;;;
1027;21/06/2023;02:57:05;27.65;;;;1027;21/06/2023;02:59:06;27.62;;;;1027;21/06/2023;03:00:01;27.62;Synchronized;;;
1028;21/06/2023;02:58:05;27.64;Synchronized;;;1028;21/06/2023;03:00:05;27.59;;;;1028;21/06/2023;03:01:01;27.6;;;;
1029;21/06/2023;02:59:05;27.66;;;;1029;21/06/2023;03:01:05;27.61;Synchronized;;;1029;21/06/2023;03:02:01;27.61;;;;
1030;21/06/2023;03:00:05;27.65;;;;1030;21/06/2023;03:02:05;27.59;;;;1030;21/06/2023;03:03:01;27.63;;;;
1031;21/06/2023;03:01:05;27.66;Synchronized;;;1031;21/06/2023;03:03:05;27.62;;;;1031;21/06/2023;03:04:01;27.62;;;;
1032;21/06/2023;03:02:05;27.66;;;;1032;21/06/2023;03:04:05;27.6;;;;1032;21/06/2023;03:05:01;27.62;;;;
1033;21/06/2023;03:03:05;27.66;;;;1033;21/06/2023;03:05:05;27.58;Synchronized;;;1033;21/06/2023;03:06:01;27.62;;;;
1034;21/06/2023;03:04:04;27.64;;;;1034;21/06/2023;03:06:05;27.59;Synchronized;;;1034;21/06/2023;03:07:01;27.62;;;;
1035;21/06/2023;03:05:04;27.63;;;;1035;21/06/2023;03:07:05;27.58;;;;1035;21/06/2023;03:08:01;27.61;;;;
1036;21/06/2023;03:06:04;27.65;;;;1036;21/06/2023;03:08:05;27.59;Synchronized;;;1036;21/06/2023;03:09:01;27.59;;;;
1037;21/06/2023;03:07:04;27.63;;;;1037;21/06/2023;03:09:05;27.57;;;;1037;21/06/2023;03:10:01;27.59;;;;
1038;21/06/2023;03:08:04;27.64;Synchronized;;;1038;21/06/2023;03:10:05;27.55;Synchronized;;;1038;21/06/2023;03:11:01;27.6;;;;
1039;21/06/2023;03:09:04;27.63;;;;1039;21/06/2023;03:11:04;27.55;;;;1039;21/06/2023;03:12:01;27.62;;;;
1040;21/06/2023;03:10:04;27.65;;;;1040;21/06/2023;03:12:04;27.57;Synchronized;;;1040;21/06/2023;03:13:01;27.59;;;;
1041;21/06/2023;03:11:04;27.62;;;;1041;21/06/2023;03:13:04;27.57;;;;1041;21/06/2023;03:14:01;27.59;;;;
1042;21/06/2023;03:12:03;27.63;;;;1042;21/06/2023;03:14:04;27.57;;;;1042;21/06/2023;03:15:01;27.59;;;;
1043;21/06/2023;03:13:03;27.62;;;;1043;21/06/2023;03:15:04;27.57;;;;1043;21/06/2023;03:16:01;27.59;;;;
1044;21/06/2023;03:14:03;27.61;;;;1044;21/06/2023;03:16:04;27.55;;;;1044;21/06/2023;03:17:01;27.59;;;;
1045;21/06/2023;03:15:03;27.6;;;;1045;21/06/2023;03:17:04;27.58;Synchronized;;;1045;21/06/2023;03:18:01;27.59;;;;
1046;21/06/2023;03:16:03;27.59;;;;1046;21/06/2023;03:18:04;27.57;;;;1046;21/06/2023;03:19:01;27.58;;;;
1047;21/06/2023;03:17:03;27.59;;;;1047;21/06/2023;03:19:04;27.59;;;;1047;21/06/2023;03:20:01;27.59;;;;
1048;21/06/2023;03:18:03;27.59;;;;1048;21/06/2023;03:20:03;27.59;;;;1048;21/06/2023;03:21:01;27.59;;;;
1049;21/06/2023;03:19:02;27.6;;;;1049;21/06/2023;03:21:03;27.57;;;;1049;21/06/2023;03:22:01;27.59;;;;
1050;21/06/2023;03:20:02;27.59;;;;1050;21/06/2023;03:22:03;27.58;;;;1050;21/06/2023;03:23:01;27.6;;;;
1051;21/06/2023;03:21:02;27.58;;;;1051;21/06/2023;03:23:03;27.59;;;;1051;21/06/2023;03:24:01;27.61;;;;
1052;21/06/2023;03:22:02;27.6;;;;1052;21/06/2023;03:24:03;27.62;Synchronized;;;1052;21/06/2023;03:25:00;27.63;;;;
1053;21/06/2023;03:23:02;27.59;;;;1053;21/06/2023;03:25:03;27.61;;;;1053;21/06/2023;03:26:00;27.61;;;;
1054;21/06/2023;03:24:02;27.62;;;;1054;21/06/2023;03:26:03;27.6;;;;1054;21/06/2023;03:27:00;27.63;;;;
1055;21/06/2023;03:25:02;27.61;;;;1055;21/06/2023;03:27:03;27.58;;;;1055;21/06/2023;03:28:00;27.61;;;;
1056;21/06/2023;03:26:01;27.62;;;;1056;21/06/2023;03:28:03;27.6;;;;1056;21/06/2023;03:29:00;27.62;;;;
1057;21/06/2023;03:27:01;27.61;;;;1057;21/06/2023;03:29:03;27.59;;;;1057;21/06/2023;03:30:00;27.62;;;;
1058;21/06/2023;03:28:01;27.61;;;;1058;21/06/2023;03:30:02;27.59;;;;1058;21/06/2023;03:31:00;27.62;;;;
1059;21/06/2023;03:29:01;27.62;;;;1059;21/06/2023;03:31:02;27.61;Synchronized;;;1059;21/06/2023;03:32:00;27.63;;;;
1060;21/06/2023;03:30:01;27.63;;;;1060;21/06/2023;03:32:02;27.6;Synchronized;;;1060;21/06/2023;03:33:00;27.62;;;;
1061;21/06/2023;03:31:01;27.61;;;;1061;21/06/2023;03:33:02;27.61;Synchronized;;;1061;21/06/2023;03:34:00;27.62;;;;
1062;21/06/2023;03:32:01;27.6;;;;1062;21/06/2023;03:34:02;27.6;;;;1062;21/06/2023;03:35:00;27.63;;;;
1063;21/06/2023;03:33:00;27.63;;;;1063;21/06/2023;03:35:02;27.61;;;;1063;21/06/2023;03:36:00;27.63;;;;
1064;21/06/2023;03:34:00;27.63;;;;1064;21/06/2023;03:36:02;27.6;;;;1064;21/06/2023;03:37:00;27.63;;;;
1065;21/06/2023;03:35:00;27.63;;;;1065;21/06/2023;03:37:02;27.6;;;;1065;21/06/2023;03:38:00;27.63;Synchronized;;;
1066;21/06/2023;03:36:00;27.63;Synchronized;;;1066;21/06/2023;03:38:02;27.63;;;;1066;21/06/2023;03:39:00;27.62;;;;
1067;21/06/2023;03:37:00;27.64;;;;1067;21/06/2023;03:39:02;27.59;;;;1067;21/06/2023;03:40:00;27.63;;;;
1068;21/06/2023;03:38:00;27.63;;;;1068;21/06/2023;03:40:02;27.59;Synchronized;;;1068;21/06/2023;03:41:00;27.59;;;;
1069;21/06/2023;03:39:00;27.62;;;;1069;21/06/2023;03:41:01;27.58;;;;1069;21/06/2023;03:42:00;27.62;;;;
1070;21/06/2023;03:39:59;27.63;;;;1070;21/06/2023;03:42:01;27.59;;;;1070;21/06/2023;03:43:00;27.61;;;;
1071;21/06/2023;03:40:59;27.63;;;;1071;21/06/2023;03:43:01;27.6;Synchronized;;;1071;21/06/2023;03:44:00;27.61;;;;
1072;21/06/2023;03:41:59;27.62;;;;1072;21/06/2023;03:44:01;27.61;;;;1072;21/06/2023;03:45:00;27.61;;;;
1073;21/06/2023;03:42:59;27.63;;;;1073;21/06/2023;03:45:01;27.59;Synchronized;;;1073;21/06/2023;03:46:00;27.62;;;;
1074;21/06/2023;03:43:59;27.61;;;;1074;21/06/2023;03:46:01;27.59;;;;1074;21/06/2023;03:47:00;27.63;;;;
1075;21/06/2023;03:44:59;27.61;;;;1075;21/06/2023;03:47:01;27.61;;;;1075;21/06/2023;03:48:00;27.63;;;;
1076;21/06/2023;03:45:59;27.61;;;;1076;21/06/2023;03:48:01;27.58;;;;1076;21/06/2023;03:49:00;27.63;;;;
1077;21/06/2023;03:46:59;27.63;;;;1077;21/06/2023;03:49:01;27.59;;;;1077;21/06/2023;03:49:59;27.63;;;;
1078;21/06/2023;03:47:58;27.61;;;;1078;21/06/2023;03:50:00;27.59;;;;1078;21/06/2023;03:50:59;27.62;;;;
1079;21/06/2023;03:48:58;27.62;;;;1079;21/06/2023;03:51:00;27.59;;;;1079;21/06/2023;03:51:59;27.63;;;;
1080;21/06/2023;03:49:58;27.62;;;;1080;21/06/2023;03:52:00;27.59;;;;1080;21/06/2023;03:52:59;27.63;;;;
1081;21/06/2023;03:50:58;27.6;;;;1081;21/06/2023;03:53:00;27.59;;;;1081;21/06/2023;03:53:59;27.63;;;;
1082;21/06/2023;03:51:58;27.61;;;;1082;21/06/2023;03:54:00;27.6;Synchronized;;;1082;21/06/2023;03:54:59;27.6;;;;
1083;21/06/2023;03:52:58;27.62;;;;1083;21/06/2023;03:55:00;27.61;;;;1083;21/06/2023;03:55:59;27.62;;;;
1084;21/06/2023;03:53:58;27.61;;;;1084;21/06/2023;03:56:00;27.61;;;;1084;21/06/2023;03:56:59;27.63;;;;
1085;21/06/2023;03:54:57;27.61;;;;1085;21/06/2023;03:57:00;27.59;;;;1085;21/06/2023;03:57:59;27.62;;;;
1086;21/06/2023;03:55:57;27.6;;;;1086;21/06/2023;03:58:00;27.59;Synchronized;;;1086;21/06/2023;03:58:59;27.63;;;;
1087;21/06/2023;03:56:57;27.62;;;;1087;21/06/2023;03:59:00;27.59;;;;1087;21/06/2023;03:59:59;27.61;;;;
1088;21/06/2023;03:57:57;27.6;;;;1088;21/06/2023;04:00:00;27.59;;;;1088;21/06/2023;04:00:59;27.61;;;;
1089;21/06/2023;03:58:57;27.62;;;;1089;21/06/2023;04:01:00;27.61;;;;1089;21/06/2023;04:01:59;27.62;;;;
1090;21/06/2023;03:59:57;27.62;;;;1090;21/06/2023;04:01:59;27.59;;;;1090;21/06/2023;04:02:59;27.63;;;;
1091;21/06/2023;04:00:57;27.62;;;;1091;21/06/2023;04:02:59;27.63;;;;1091;21/06/2023;04:03:59;27.64;;;;
1092;21/06/2023;04:01:56;27.61;;;;1092;21/06/2023;04:03:59;27.61;Synchronized;;;1092;21/06/2023;04:04:59;27.66;;;;
1093;21/06/2023;04:02:56;27.62;;;;1093;21/06/2023;04:04:59;27.63;;;;1093;21/06/2023;04:05:59;27.63;;;;
1094;21/06/2023;04:03:56;27.63;;;;1094;21/06/2023;04:05:59;27.63;;;;1094;21/06/2023;04:06:59;27.64;;;;
1095;21/06/2023;04:04:56;27.64;;;;1095;21/06/2023;04:06:59;27.6;;;;1095;21/06/2023;04:07:59;27.65;;;;
1096;21/06/2023;04:05:56;27.62;;;;1096;21/06/2023;04:07:59;27.63;;;;1096;21/06/2023;04:08:59;27.63;;;;
1097;21/06/2023;04:06:56;27.62;;;;1097;21/06/2023;04:08:59;27.6;;;;1097;21/06/2023;04:09:59;27.63;;;;
1098;21/06/2023;04:07:56;27.61;;;;1098;21/06/2023;04:09:59;27.61;Synchronized;;;1098;21/06/2023;04:10:59;27.63;Synchronized;;;
1099;21/06/2023;04:08:55;27.63;;;;1099;21/06/2023;04:10:59;27.63;;;;1099;21/06/2023;04:11:59;27.62;;;;
1100;21/06/2023;04:09:55;27.62;;;;1100;21/06/2023;04:11:58;27.61;;;;1100;21/06/2023;04:12:59;27.62;;;;
1101;21/06/2023;04:10:55;27.6;;;;1101;21/06/2023;04:12:58;27.62;;;;1101;21/06/2023;04:13:58;27.63;;;;
1102;21/06/2023;04:11:55;27.63;;;;1102;21/06/2023;04:13:58;27.61;;;;1102;21/06/2023;04:14:58;27.63;;;;
1103;21/06/2023;04:12:55;27.63;;;;1103;21/06/2023;04:14:58;27.61;;;;1103;21/06/2023;04:15:58;27.63;;;;
1104;21/06/2023;04:13:55;27.62;;;;1104;21/06/2023;04:15:58;27.59;;;;1104;21/06/2023;04:16:58;27.63;;;;
1105;21/06/2023;04:14:55;27.61;;;;1105;21/06/2023;04:16:58;27.62;;;;1105;21/06/2023;04:17:58;27.61;;;;
1106;21/06/2023;04:15:54;27.63;;;;1106;21/06/2023;04:17:58;27.6;Synchronized;;;1106;21/06/2023;04:18:58;27.61;;;;
1107;21/06/2023;04:16:54;27.61;;;;1107;21/06/2023;04:18:58;27.59;Synchronized;;;1107;21/06/2023;04:19:58;27.6;;;;
1108;21/06/2023;04:17:54;27.59;;;;1108;21/06/2023;04:19:58;27.6;;;;1108;21/06/2023;04:20:58;27.62;;;;
1109;21/06/2023;04:18:54;27.61;;;;1109;21/06/2023;04:20:58;27.59;;;;1109;21/06/2023;04:21:58;27.6;;;;
1110;21/06/2023;04:19:54;27.59;;;;1110;21/06/2023;04:21:57;27.58;;;;1110;21/06/2023;04:22:58;27.6;;;;
1111;21/06/2023;04:20:54;27.6;;;;1111;21/06/2023;04:22:57;27.59;;;;1111;21/06/2023;04:23:58;27.6;;;;
1112;21/06/2023;04:21:54;27.6;;;;1112;21/06/2023;04:23:57;27.59;;;;1112;21/06/2023;04:24:58;27.6;;;;
1113;21/06/2023;04:22:53;27.58;;;;1113;21/06/2023;04:24:57;27.6;;;;1113;21/06/2023;04:25:58;27.6;;;;
1114;21/06/2023;04:23:53;27.6;;;;1114;21/06/2023;04:25:57;27.6;;;;1114;21/06/2023;04:26:58;27.59;;;;
1115;21/06/2023;04:24:53;27.62;;;;1115;21/06/2023;04:26:57;27.6;Synchronized;;;1115;21/06/2023;04:27:58;27.62;;;;
1116;21/06/2023;04:25:53;27.61;;;;1116;21/06/2023;04:27:57;27.59;;;;1116;21/06/2023;04:28:58;27.62;;;;
1117;21/06/2023;04:26:53;27.6;;;;1117;21/06/2023;04:28:57;27.6;;;;1117;21/06/2023;04:29:58;27.63;;;;
1118;21/06/2023;04:27:53;27.61;;;;1118;21/06/2023;04:29:57;27.62;Synchronized;;;1118;21/06/2023;04:30:58;27.63;;;;
1119;21/06/2023;04:28:52;27.63;;;;1119;21/06/2023;04:30:57;27.62;;;;1119;21/06/2023;04:31:58;27.63;;;;
1120;21/06/2023;04:29:52;27.63;;;;1120;21/06/2023;04:31:56;27.59;;;;1120;21/06/2023;04:32:58;27.61;;;;
1121;21/06/2023;04:30:52;27.62;;;;1121;21/06/2023;04:32:56;27.6;;;;1121;21/06/2023;04:33:58;27.62;;;;
1122;21/06/2023;04:31:52;27.63;;;;1122;21/06/2023;04:33:56;27.61;;;;1122;21/06/2023;04:34:57;27.61;;;;
1123;21/06/2023;04:32:52;27.62;;;;1123;21/06/2023;04:34:56;27.59;Synchronized;;;1123;21/06/2023;04:35:57;27.6;;;;
1124;21/06/2023;04:33:52;27.63;Synchronized;;;1124;21/06/2023;04:35:56;27.6;;;;1124;21/06/2023;04:36:57;27.59;;;;
1125;21/06/2023;04:34:52;27.61;;;;1125;21/06/2023;04:36:56;27.59;;;;1125;21/06/2023;04:37:57;27.59;;;;
1126;21/06/2023;04:35:51;27.59;;;;1126;21/06/2023;04:37:56;27.58;Synchronized;;;1126;21/06/2023;04:38:57;27.58;;;;
1127;21/06/2023;04:36:51;27.57;;;;1127;21/06/2023;04:38:56;27.59;Synchronized;;;1127;21/06/2023;04:39:57;27.59;;;;
1128;21/06/2023;04:37:51;27.59;Synchronized;;;1128;21/06/2023;04:39:56;27.57;;;;1128;21/06/2023;04:40:57;27.59;;;;
1129;21/06/2023;04:38:51;27.56;;;;1129;21/06/2023;04:40:55;27.57;;;;1129;21/06/2023;04:41:57;27.58;;;;
1130;21/06/2023;04:39:51;27.59;;;;1130;21/06/2023;04:41:55;27.57;Synchronized;;;1130;21/06/2023;04:42:57;27.59;;;;
1131;21/06/2023;04:40:51;27.58;;;;1131;21/06/2023;04:42:55;27.55;;;;1131;21/06/2023;04:43:57;27.59;;;;
1132;21/06/2023;04:41:51;27.58;;;;1132;21/06/2023;04:43:55;27.57;;;;1132;21/06/2023;04:44:57;27.56;;;;
1133;21/06/2023;04:42:50;27.57;;;;1133;21/06/2023;04:44:55;27.55;;;;1133;21/06/2023;04:45:57;27.58;;;;
1134;21/06/2023;04:43:50;27.55;;;;1134;21/06/2023;04:45:55;27.57;;;;1134;21/06/2023;04:46:57;27.56;;;;
1135;21/06/2023;04:44:50;27.56;;;;1135;21/06/2023;04:46:55;27.55;;;;1135;21/06/2023;04:47:57;27.57;;;;
1136;21/06/2023;04:45:50;27.56;;;;1136;21/06/2023;04:47:55;27.56;;;;1136;21/06/2023;04:48:57;27.57;;;;
1137;21/06/2023;04:46:50;27.56;;;;1137;21/06/2023;04:48:55;27.52;Synchronized;;;1137;21/06/2023;04:49:57;27.56;;;;
1138;21/06/2023;04:47:50;27.56;;;;1138;21/06/2023;04:49:55;27.55;;;;1138;21/06/2023;04:50:57;27.56;;;;
1139;21/06/2023;04:48:49;27.55;;;;1139;21/06/2023;04:50:55;27.53;;;;1139;21/06/2023;04:51:57;27.57;;;;
1140;21/06/2023;04:49:49;27.54;;;;1140;21/06/2023;04:51:55;27.55;Synchronized;;;1140;21/06/2023;04:52:57;27.59;;;;
1141;21/06/2023;04:50:49;27.56;;;;1141;21/06/2023;04:52:54;27.52;;;;1141;21/06/2023;04:53:57;27.57;;;;
1142;21/06/2023;04:51:49;27.55;;;;1142;21/06/2023;04:53:54;27.56;;;;1142;21/06/2023;04:54:57;27.56;;;;
1143;21/06/2023;04:52:49;27.55;;;;1143;21/06/2023;04:54:54;27.55;Synchronized;;;1143;21/06/2023;04:55:57;27.58;;;;
1144;21/06/2023;04:53:49;27.55;;;;1144;21/06/2023;04:55:54;27.55;Synchronized;;;1144;21/06/2023;04:56:57;27.59;;;;
1145;21/06/2023;04:54:49;27.55;;;;1145;21/06/2023;04:56:54;27.54;;;;1145;21/06/2023;04:57:56;27.59;;;;
1146;21/06/2023;04:55:48;27.55;;;;1146;21/06/2023;04:57:54;27.53;Synchronized;;;1146;21/06/2023;04:58:56;27.57;;;;
1147;21/06/2023;04:56:48;27.54;;;;1147;21/06/2023;04:58:54;27.55;Synchronized;;;1147;21/06/2023;04:59:56;27.58;;;;
1148;21/06/2023;04:57:48;27.55;;;;1148;21/06/2023;04:59:54;27.56;Synchronized;;;1148;21/06/2023;05:00:56;27.56;;;;
1149;21/06/2023;04:58:48;27.56;;;;1149;21/06/2023;05:00:54;27.56;;;;1149;21/06/2023;05:01:56;27.56;;;;
1150;21/06/2023;04:59:48;27.55;;;;1150;21/06/2023;05:01:54;27.56;;;;1150;21/06/2023;05:02:56;27.57;;;;
1151;21/06/2023;05:00:48;27.57;;;;1151;21/06/2023;05:02:53;27.56;;;;1151;21/06/2023;05:03:56;27.56;;;;
1152;21/06/2023;05:01:48;27.55;;;;1152;21/06/2023;05:03:53;27.57;Synchronized;;;1152;21/06/2023;05:04:56;27.57;;;;
1153;21/06/2023;05:02:47;27.55;;;;1153;21/06/2023;05:04:53;27.56;;;;1153;21/06/2023;05:05:56;27.54;;;;
1154;21/06/2023;05:03:47;27.57;;;;1154;21/06/2023;05:05:53;27.55;Synchronized;;;1154;21/06/2023;05:06:56;27.58;;;;
1155;21/06/2023;05:04:47;27.57;;;;1155;21/06/2023;05:06:53;27.55;Synchronized;;;1155;21/06/2023;05:07:56;27.54;;;;
1156;21/06/2023;05:05:47;27.55;;;;1156;21/06/2023;05:07:53;27.55;Synchronized;;;1156;21/06/2023;05:08:56;27.56;;;;
1157;21/06/2023;05:06:47;27.55;;;;1157;21/06/2023;05:08:53;27.52;;;;1157;21/06/2023;05:09:56;27.52;;;;
1158;21/06/2023;05:07:47;27.55;;;;1158;21/06/2023;05:09:53;27.52;;;;1158;21/06/2023;05:10:56;27.51;;;;
1159;21/06/2023;05:08:47;27.54;;;;1159;21/06/2023;05:10:53;27.49;Synchronized;;;1159;21/06/2023;05:11:56;27.49;;;;
1160;21/06/2023;05:09:47;27.52;Synchronized;;;1160;21/06/2023;05:11:53;27.5;;;;1160;21/06/2023;05:12:56;27.49;;;;
1161;21/06/2023;05:10:46;27.52;;;;1161;21/06/2023;05:12:53;27.48;;;;1161;21/06/2023;05:13:56;27.48;;;;
1162;21/06/2023;05:11:46;27.51;;;;1162;21/06/2023;05:13:52;27.49;;;;1162;21/06/2023;05:14:56;27.48;;;;
1163;21/06/2023;05:12:46;27.49;;;;1163;21/06/2023;05:14:52;27.49;;;;1163;21/06/2023;05:15:56;27.49;;;;
1164;21/06/2023;05:13:46;27.49;;;;1164;21/06/2023;05:15:52;27.48;Synchronized;;;1164;21/06/2023;05:16:56;27.49;;;;
1165;21/06/2023;05:14:46;27.48;;;;1165;21/06/2023;05:16:52;27.49;;;;1165;21/06/2023;05:17:56;27.49;;;;
1166;21/06/2023;05:15:46;27.49;;;;1166;21/06/2023;05:17:52;27.48;;;;1166;21/06/2023;05:18:56;27.48;;;;
1167;21/06/2023;05:16:46;27.49;Synchronized;;;1167;21/06/2023;05:18:52;27.48;;;;1167;21/06/2023;05:19:56;27.48;;;;
1168;21/06/2023;05:17:45;27.49;;;;1168;21/06/2023;05:19:52;27.47;;;;1168;21/06/2023;05:20:56;27.49;;;;
1169;21/06/2023;05:18:45;27.48;;;;1169;21/06/2023;05:20:52;27.48;;;;1169;21/06/2023;05:21:56;27.51;;;;
1170;21/06/2023;05:19:45;27.48;Synchronized;;;1170;21/06/2023;05:21:52;27.48;;;;1170;21/06/2023;05:22:56;27.49;;;;
1171;21/06/2023;05:20:45;27.48;;;;1171;21/06/2023;05:22:52;27.47;;;;1171;21/06/2023;05:23:56;27.48;;;;
1172;21/06/2023;05:21:45;27.48;;;;1172;21/06/2023;05:23:52;27.5;;;;1172;21/06/2023;05:24:56;27.49;;;;
1173;21/06/2023;05:22:45;27.48;;;;1173;21/06/2023;05:24:52;27.49;;;;1173;21/06/2023;05:25:56;27.48;;;;
1174;21/06/2023;05:23:44;27.47;;;;1174;21/06/2023;05:25:52;27.48;Synchronized;;;1174;21/06/2023;05:26:56;27.48;;;;
1175;21/06/2023;05:24:44;27.47;;;;1175;21/06/2023;05:26:51;27.46;Synchronized;;;1175;21/06/2023;05:27:56;27.48;;;;
1176;21/06/2023;05:25:44;27.48;;;;1176;21/06/2023;05:27:51;27.46;;;;1176;21/06/2023;05:28:56;27.46;;;;
1177;21/06/2023;05:26:44;27.47;;;;1177;21/06/2023;05:28:51;27.46;;;;1177;21/06/2023;05:29:56;27.46;;;;
1178;21/06/2023;05:27:44;27.48;;;;1178;21/06/2023;05:29:51;27.42;;;;1178;21/06/2023;05:30:56;27.43;;;;
1179;21/06/2023;05:28:44;27.48;;;;1179;21/06/2023;05:30:51;27.41;;;;1179;21/06/2023;05:31:56;27.43;;;;
1180;21/06/2023;05:29:44;27.45;;;;1180;21/06/2023;05:31:51;27.41;;;;1180;21/06/2023;05:32:55;27.41;;;;
1181;21/06/2023;05:30:44;27.43;Synchronized;;;1181;21/06/2023;05:32:51;27.4;;;;1181;21/06/2023;05:33:55;27.41;;;;
1182;21/06/2023;05:31:43;27.44;;;;1182;21/06/2023;05:33:51;27.4;Synchronized;;;1182;21/06/2023;05:34:55;27.41;;;;
1183;21/06/2023;05:32:43;27.43;;;;1183;21/06/2023;05:34:51;27.41;;;;1183;21/06/2023;05:35:55;27.43;;;;
1184;21/06/2023;05:33:43;27.43;;;;1184;21/06/2023;05:35:51;27.41;;;;1184;21/06/2023;05:36:55;27.42;;;;
1185;21/06/2023;05:34:43;27.41;;;;1185;21/06/2023;05:36:50;27.42;;;;1185;21/06/2023;05:37:55;27.41;;;;
1186;21/06/2023;05:35:43;27.42;;;;1186;21/06/2023;05:37:50;27.41;;;;1186;21/06/2023;05:38:55;27.43;;;;
1187;21/06/2023;05:36:43;27.43;;;;1187;21/06/2023;05:38:50;27.42;;;;1187;21/06/2023;05:39:55;27.43;;;;
1188;21/06/2023;05:37:43;27.45;;;;1188;21/06/2023;05:39:50;27.41;;;;1188;21/06/2023;05:40:55;27.41;;;;
1189;21/06/2023;05:38:42;27.42;;;;1189;21/06/2023;05:40:50;27.41;;;;1189;21/06/2023;05:41:55;27.41;;;;
1190;21/06/2023;05:39:42;27.43;;;;1190;21/06/2023;05:41:50;27.38;;;;1190;21/06/2023;05:42:55;27.38;;;;
1191;21/06/2023;05:40:42;27.41;;;;1191;21/06/2023;05:42:50;27.39;;;;1191;21/06/2023;05:43:55;27.38;;;;
1192;21/06/2023;05:41:42;27.43;;;;1192;21/06/2023;05:43:50;27.38;;;;1192;21/06/2023;05:44:55;27.36;;;;
1193;21/06/2023;05:42:42;27.41;;;;1193;21/06/2023;05:44:50;27.34;;;;1193;21/06/2023;05:45:55;27.36;;;;
1194;21/06/2023;05:43:42;27.39;;;;1194;21/06/2023;05:45:50;27.37;;;;1194;21/06/2023;05:46:55;27.36;;;;
1195;21/06/2023;05:44:42;27.4;;;;1195;21/06/2023;05:46:50;27.36;;;;1195;21/06/2023;05:47:55;27.37;;;;
1196;21/06/2023;05:45:42;27.38;;;;1196;21/06/2023;05:47:50;27.36;Synchronized;;;1196;21/06/2023;05:48:55;27.37;;;;
1197;21/06/2023;05:46:41;27.39;;;;1197;21/06/2023;05:48:50;27.34;Synchronized;;;1197;21/06/2023;05:49:55;27.37;;;;
1198;21/06/2023;05:47:41;27.36;;;;1198;21/06/2023;05:49:49;27.34;Synchronized;;;1198;21/06/2023;05:50:55;27.38;;;;
1199;21/06/2023;05:48:41;27.38;;;;1199;21/06/2023;05:50:49;27.34;;;;1199;21/06/2023;05:51:55;27.37;;;;
1200;21/06/2023;05:49:41;27.35;;;;1200;21/06/2023;05:51:49;27.36;;;;1200;21/06/2023;05:52:55;27.38;Synchronized;;;
1201;21/06/2023;05:50:41;27.38;;;;1201;21/06/2023;05:52:49;27.39;;;;1201;21/06/2023;05:53:55;27.38;;;;
1202;21/06/2023;05:51:41;27.38;;;;1202;21/06/2023;05:53:49;27.39;;;;1202;21/06/2023;05:54:55;27.4;;;;
1203;21/06/2023;05:52:41;27.38;;;;1203;21/06/2023;05:54:49;27.4;;;;1203;21/06/2023;05:55:55;27.4;;;;
1204;21/06/2023;05:53:41;27.4;;;;1204;21/06/2023;05:55:49;27.37;;;;1204;21/06/2023;05:56:55;27.4;;;;
1205;21/06/2023;05:54:40;27.41;;;;1205;21/06/2023;05:56:49;27.4;;;;1205;21/06/2023;05:57:54;27.4;;;;
1206;21/06/2023;05:55:40;27.41;;;;1206;21/06/2023;05:57:49;27.39;Synchronized;;;1206;21/06/2023;05:58:54;27.4;;;;
1207;21/06/2023;05:56:40;27.41;;;;1207;21/06/2023;05:58:49;27.42;;;;1207;21/06/2023;05:59:54;27.41;;;;
1208;21/06/2023;05:57:40;27.43;;;;1208;21/06/2023;05:59:49;27.41;;;;1208;21/06/2023;06:00:54;27.45;;;;
1209;21/06/2023;05:58:40;27.45;;;;1209;21/06/2023;06:00:49;27.45;;;;1209;21/06/2023;06:01:54;27.45;;;;
1210;21/06/2023;05:59:40;27.45;;;;1210;21/06/2023;06:01:49;27.44;;;;1210;21/06/2023;06:02:54;27.45;;;;
1211;21/06/2023;06:00:40;27.44;;;;1211;21/06/2023;06:02:48;27.45;;;;1211;21/06/2023;06:03:54;27.45;;;;
1212;21/06/2023;06:01:40;27.45;;;;1212;21/06/2023;06:03:48;27.47;;;;1212;21/06/2023;06:04:54;27.47;;;;
1213;21/06/2023;06:02:40;27.45;;;;1213;21/06/2023;06:04:48;27.46;;;;1213;21/06/2023;06:05:54;27.48;;;;
1214;21/06/2023;06:03:39;27.45;;;;1214;21/06/2023;06:05:48;27.46;Synchronized;;;1214;21/06/2023;06:06:54;27.47;;;;
1215;21/06/2023;06:04:39;27.47;;;;1215;21/06/2023;06:06:48;27.47;;;;1215;21/06/2023;06:07:54;27.48;;;;
1216;21/06/2023;06:05:39;27.45;;;;1216;21/06/2023;06:07:48;27.48;Synchronized;;;1216;21/06/2023;06:08:54;27.49;;;;
1217;21/06/2023;06:06:39;27.45;;;;1217;21/06/2023;06:08:48;27.49;;;;1217;21/06/2023;06:09:54;27.5;;;;
1218;21/06/2023;06:07:39;27.49;;;;1218;21/06/2023;06:09:48;27.48;Synchronized;;;1218;21/06/2023;06:10:54;27.48;;;;
1219;21/06/2023;06:08:39;27.49;;;;1219;21/06/2023;06:10:48;27.48;;;;1219;21/06/2023;06:11:54;27.51;;;;
1220;21/06/2023;06:09:39;27.52;;;;1220;21/06/2023;06:11:48;27.51;;;;1220;21/06/2023;06:12:54;27.5;;;;
1221;21/06/2023;06:10:38;27.5;;;;1221;21/06/2023;06:12:48;27.5;;;;1221;21/06/2023;06:13:54;27.51;;;;
1222;21/06/2023;06:11:38;27.5;;;;1222;21/06/2023;06:13:48;27.51;Synchronized;;;1222;21/06/2023;06:14:54;27.51;;;;
1223;21/06/2023;06:12:38;27.51;;;;1223;21/06/2023;06:14:47;27.5;Synchronized;;;1223;21/06/2023;06:15:54;27.52;;;;
1224;21/06/2023;06:13:38;27.51;;;;1224;21/06/2023;06:15:47;27.5;;;;1224;21/06/2023;06:16:54;27.52;;;;
1225;21/06/2023;06:14:38;27.52;;;;1225;21/06/2023;06:16:47;27.52;;;;1225;21/06/2023;06:17:54;27.5;;;;
1226;21/06/2023;06:15:38;27.54;;;;1226;21/06/2023;06:17:47;27.52;;;;1226;21/06/2023;06:18:54;27.52;;;;
1227;21/06/2023;06:16:38;27.52;;;;1227;21/06/2023;06:18:47;27.52;;;;1227;21/06/2023;06:19:54;27.52;;;;
1228;21/06/2023;06:17:37;27.54;;;;1228;21/06/2023;06:19:47;27.54;;;;1228;21/06/2023;06:20:54;27.53;;;;
1229;21/06/2023;06:18:37;27.55;;;;1229;21/06/2023;06:20:47;27.52;Synchronized;;;1229;21/06/2023;06:21:54;27.53;;;;
1230;21/06/2023;06:19:37;27.53;Synchronized;;;1230;21/06/2023;06:21:47;27.51;;;;1230;21/06/2023;06:22:54;27.52;;;;
1231;21/06/2023;06:20:37;27.53;;;;1231;21/06/2023;06:22:47;27.51;;;;1231;21/06/2023;06:23:54;27.53;;;;
1232;21/06/2023;06:21:37;27.53;;;;1232;21/06/2023;06:23:47;27.51;;;;1232;21/06/2023;06:24:54;27.53;;;;
1233;21/06/2023;06:22:37;27.52;;;;1233;21/06/2023;06:24:46;27.52;;;;1233;21/06/2023;06:25:54;27.52;;;;
1234;21/06/2023;06:23:37;27.51;;;;1234;21/06/2023;06:25:46;27.51;;;;1234;21/06/2023;06:26:54;27.53;;;;
1235;21/06/2023;06:24:36;27.53;;;;1235;21/06/2023;06:26:46;27.52;Synchronized;;;1235;21/06/2023;06:27:54;27.52;;;;
1236;21/06/2023;06:25:36;27.52;;;;1236;21/06/2023;06:27:46;27.52;;;;1236;21/06/2023;06:28:53;27.52;;;;
1237;21/06/2023;06:26:36;27.52;;;;1237;21/06/2023;06:28:46;27.52;;;;1237;21/06/2023;06:29:53;27.54;;;;
1238;21/06/2023;06:27:36;27.52;;;;1238;21/06/2023;06:29:46;27.52;;;;1238;21/06/2023;06:30:53;27.53;;;;
1239;21/06/2023;06:28:36;27.53;Synchronized;;;1239;21/06/2023;06:30:46;27.51;Synchronized;;;1239;21/06/2023;06:31:53;27.53;;;;
1240;21/06/2023;06:29:36;27.52;;;;1240;21/06/2023;06:31:46;27.52;;;;1240;21/06/2023;06:32:53;27.52;;;;
1241;21/06/2023;06:30:36;27.52;;;;1241;21/06/2023;06:32:46;27.52;;;;1241;21/06/2023;06:33:53;27.53;;;;
1242;21/06/2023;06:31:36;27.52;;;;1242;21/06/2023;06:33:46;27.52;;;;1242;21/06/2023;06:34:53;27.53;;;;
1243;21/06/2023;06:32:35;27.54;;;;1243;21/06/2023;06:34:46;27.52;;;;1243;21/06/2023;06:35:53;27.54;;;;
1244;21/06/2023;06:33:35;27.53;;;;1244;21/06/2023;06:35:46;27.52;Synchronized;;;1244;21/06/2023;06:36:53;27.54;;;;
1245;21/06/2023;06:34:35;27.54;Synchronized;;;1245;21/06/2023;06:36:45;27.53;Synchronized;;;1245;21/06/2023;06:37:53;27.55;;;;
1246;21/06/2023;06:35:35;27.54;;;;1246;21/06/2023;06:37:45;27.52;;;;1246;21/06/2023;06:38:53;27.54;;;;
1247;21/06/2023;06:36:35;27.53;;;;1247;21/06/2023;06:38:45;27.52;;;;1247;21/06/2023;06:39:53;27.55;;;;
1248;21/06/2023;06:37:35;27.52;;;;1248;21/06/2023;06:39:45;27.52;;;;1248;21/06/2023;06:40:53;27.55;;;;
1249;21/06/2023;06:38:35;27.54;;;;1249;21/06/2023;06:40:45;27.52;Synchronized;;;1249;21/06/2023;06:41:53;27.53;;;;
1250;21/06/2023;06:39:34;27.53;;;;1250;21/06/2023;06:41:45;27.53;;;;1250;21/06/2023;06:42:53;27.55;;;;
1251;21/06/2023;06:40:34;27.55;;;;1251;21/06/2023;06:42:45;27.53;;;;1251;21/06/2023;06:43:53;27.56;;;;
1252;21/06/2023;06:41:34;27.55;;;;1252;21/06/2023;06:43:45;27.55;Synchronized;;;1252;21/06/2023;06:44:53;27.52;;;;
1253;21/06/2023;06:42:34;27.55;;;;1253;21/06/2023;06:44:45;27.54;Synchronized;;;1253;21/06/2023;06:45:53;27.58;;;;
1254;21/06/2023;06:43:34;27.55;;;;1254;21/06/2023;06:45:45;27.54;;;;1254;21/06/2023;06:46:53;27.57;;;;
1255;21/06/2023;06:44:34;27.52;;;;1255;21/06/2023;06:46:45;27.55;;;;1255;21/06/2023;06:47:53;27.59;;;;
1256;21/06/2023;06:45:34;27.55;;;;1256;21/06/2023;06:47:44;27.55;;;;1256;21/06/2023;06:48:53;27.57;;;;
1257;21/06/2023;06:46:33;27.55;;;;1257;21/06/2023;06:48:44;27.56;;;;1257;21/06/2023;06:49:53;27.59;;;;
1258;21/06/2023;06:47:33;27.56;;;;1258;21/06/2023;06:49:44;27.57;;;;1258;21/06/2023;06:50:53;27.58;;;;
1259;21/06/2023;06:48:33;27.56;;;;1259;21/06/2023;06:50:44;27.55;;;;1259;21/06/2023;06:51:53;27.6;;;;
1260;21/06/2023;06:49:33;27.55;Synchronized;;;1260;21/06/2023;06:51:44;27.59;;;;1260;21/06/2023;06:52:53;27.6;;;;
1261;21/06/2023;06:50:33;27.59;;;;1261;21/06/2023;06:52:44;27.59;;;;1261;21/06/2023;06:53:53;27.61;;;;
1262;21/06/2023;06:51:33;27.6;;;;1262;21/06/2023;06:53:44;27.59;;;;1262;21/06/2023;06:54:53;27.61;;;;
1263;21/06/2023;06:52:33;27.59;;;;1263;21/06/2023;06:54:44;27.59;Synchronized;;;1263;21/06/2023;06:55:53;27.61;;;;
1264;21/06/2023;06:53:32;27.6;;;;1264;21/06/2023;06:55:44;27.59;;;;1264;21/06/2023;06:56:53;27.63;;;;
1265;21/06/2023;06:54:32;27.61;;;;1265;21/06/2023;06:56:44;27.62;;;;1265;21/06/2023;06:57:53;27.63;;;;
1266;21/06/2023;06:55:32;27.6;;;;1266;21/06/2023;06:57:44;27.6;;;;1266;21/06/2023;06:58:53;27.63;;;;
1267;21/06/2023;06:56:32;27.63;;;;1267;21/06/2023;06:58:43;27.63;;;;1267;21/06/2023;06:59:53;27.63;;;;
1268;21/06/2023;06:57:32;27.63;;;;1268;21/06/2023;06:59:43;27.63;;;;1268;21/06/2023;07:00:52;27.65;;;;
1269;21/06/2023;06:58:32;27.62;;;;1269;21/06/2023;07:00:43;27.64;;;;1269;21/06/2023;07:01:52;27.63;;;;
1270;21/06/2023;06:59:32;27.63;Synchronized;;;1270;21/06/2023;07:01:43;27.63;Synchronized;;;1270;21/06/2023;07:02:52;27.65;;;;
1271;21/06/2023;07:00:31;27.64;;;;1271;21/06/2023;07:02:43;27.63;Synchronized;;;1271;21/06/2023;07:03:52;27.64;;;;
1272;21/06/2023;07:01:31;27.65;;;;1272;21/06/2023;07:03:43;27.64;;;;1272;21/06/2023;07:04:52;27.65;;;;
1273;21/06/2023;07:02:31;27.64;;;;1273;21/06/2023;07:04:43;27.64;;;;1273;21/06/2023;07:05:52;27.66;;;;
1274;21/06/2023;07:03:31;27.66;;;;1274;21/06/2023;07:05:43;27.63;;;;1274;21/06/2023;07:06:52;27.65;;;;
1275;21/06/2023;07:04:31;27.66;;;;1275;21/06/2023;07:06:43;27.64;;;;1275;21/06/2023;07:07:52;27.65;;;;
1276;21/06/2023;07:05:31;27.66;;;;1276;21/06/2023;07:07:43;27.66;Synchronized;;;1276;21/06/2023;07:08:52;27.66;;;;
1277;21/06/2023;07:06:31;27.66;Synchronized;;;1277;21/06/2023;07:08:43;27.66;Synchronized;;;1277;21/06/2023;07:09:52;27.66;;;;
1278;21/06/2023;07:07:30;27.67;;;;1278;21/06/2023;07:09:42;27.65;Synchronized;;;1278;21/06/2023;07:10:52;27.67;;;;
1279;21/06/2023;07:08:30;27.69;;;;1279;21/06/2023;07:10:42;27.66;;;;1279;21/06/2023;07:11:52;27.66;;;;
1280;21/06/2023;07:09:30;27.69;Synchronized;;;1280;21/06/2023;07:11:42;27.66;Synchronized;;;1280;21/06/2023;07:12:52;27.69;;;;
1281;21/06/2023;07:10:30;27.68;;;;1281;21/06/2023;07:12:42;27.66;;;;1281;21/06/2023;07:13:52;27.66;;;;
1282;21/06/2023;07:11:30;27.67;;;;1282;21/06/2023;07:13:42;27.69;;;;1282;21/06/2023;07:14:52;27.66;;;;
1283;21/06/2023;07:12:30;27.69;;;;1283;21/06/2023;07:14:42;27.69;Synchronized;;;1283;21/06/2023;07:15:52;27.66;;;;
1284;21/06/2023;07:13:30;27.69;;;;1284;21/06/2023;07:15:42;27.69;Synchronized;;;1284;21/06/2023;07:16:52;27.67;;;;
1285;21/06/2023;07:14:29;27.71;;;;1285;21/06/2023;07:16:42;27.66;Synchronized;;;1285;21/06/2023;07:17:52;27.67;;;;
1286;21/06/2023;07:15:29;27.71;;;;1286;21/06/2023;07:17:42;27.68;Synchronized;;;1286;21/06/2023;07:18:52;27.67;;;;
1287;21/06/2023;07:16:29;27.72;;;;1287;21/06/2023;07:18:42;27.69;;;;1287;21/06/2023;07:19:52;27.7;;;;
1288;21/06/2023;07:17:29;27.72;;;;1288;21/06/2023;07:19:42;27.69;Synchronized;;;1288;21/06/2023;07:20:52;27.69;;;;
1289;21/06/2023;07:18:29;27.73;;;;1289;21/06/2023;07:20:42;27.69;Synchronized;;;1289;21/06/2023;07:21:51;27.7;;;;
1290;21/06/2023;07:19:29;27.73;;;;1290;21/06/2023;07:21:41;27.69;Synchronized;;;1290;21/06/2023;07:22:51;27.7;;;;
1291;21/06/2023;07:20:28;27.73;;;;1291;21/06/2023;07:22:41;27.7;Synchronized;;;1291;21/06/2023;07:23:51;27.69;;;;
1292;21/06/2023;07:21:28;27.73;;;;1292;21/06/2023;07:23:41;27.69;;;;1292;21/06/2023;07:24:51;27.66;;;;
1293;21/06/2023;07:22:28;27.73;;;;1293;21/06/2023;07:24:41;27.68;;;;1293;21/06/2023;07:25:51;27.7;;;;
1294;21/06/2023;07:23:28;27.73;;;;1294;21/06/2023;07:25:41;27.69;Synchronized;;;1294;21/06/2023;07:26:51;27.7;;;;
1295;21/06/2023;07:24:28;27.73;;;;1295;21/06/2023;07:26:41;27.68;;;;1295;21/06/2023;07:27:51;27.69;;;;
1296;21/06/2023;07:25:28;27.73;;;;1296;21/06/2023;07:27:41;27.68;Synchronized;;;1296;21/06/2023;07:28:51;27.69;;;;
1297;21/06/2023;07:26:28;27.73;;;;1297;21/06/2023;07:28:41;27.69;;;;1297;21/06/2023;07:29:51;27.67;;;;
1298;21/06/2023;07:27:28;27.72;Synchronized;;;1298;21/06/2023;07:29:41;27.7;Synchronized;;;1298;21/06/2023;07:30:51;27.67;;;;
1299;21/06/2023;07:28:28;27.74;Synchronized;;;1299;21/06/2023;07:30:40;27.66;;;;1299;21/06/2023;07:31:51;27.69;;;;
1300;21/06/2023;07:29:27;27.72;Synchronized;;;1300;21/06/2023;07:31:40;27.69;;;;1300;21/06/2023;07:32:51;27.69;;;;
1301;21/06/2023;07:30:27;27.72;;;;1301;21/06/2023;07:32:40;27.66;;;;1301;21/06/2023;07:33:51;27.7;;;;
1302;21/06/2023;07:31:27;27.71;;;;1302;21/06/2023;07:33:40;27.66;;;;1302;21/06/2023;07:34:51;27.65;;;;
1303;21/06/2023;07:32:27;27.72;;;;1303;21/06/2023;07:34:40;27.63;Synchronized;;;1303;21/06/2023;07:35:51;27.62;;;;
1304;21/06/2023;07:33:27;27.71;Synchronized;;;1304;21/06/2023;07:35:40;27.6;Synchronized;;;1304;21/06/2023;07:36:51;27.62;;;;
1305;21/06/2023;07:34:26;27.71;;;;1305;21/06/2023;07:36:40;27.56;;;;1305;21/06/2023;07:37:51;27.58;;;;
1306;21/06/2023;07:35:26;27.66;;;;1306;21/06/2023;07:37:40;27.55;;;;1306;21/06/2023;07:38:51;27.58;;;;
1307;21/06/2023;07:36:26;27.66;;;;1307;21/06/2023;07:38:40;27.53;;;;1307;21/06/2023;07:39:51;27.52;;;;
1308;21/06/2023;07:37:26;27.63;;;;1308;21/06/2023;07:39:40;27.49;;;;1308;21/06/2023;07:40:51;27.48;;;;
1309;21/06/2023;07:38:26;27.61;;;;1309;21/06/2023;07:40:39;27.44;;;;1309;21/06/2023;07:41:51;27.47;;;;
1310;21/06/2023;07:39:26;27.55;;;;1310;21/06/2023;07:41:39;27.42;;;;1310;21/06/2023;07:42:51;27.47;;;;
1311;21/06/2023;07:40:26;27.48;;;;1311;21/06/2023;07:42:39;27.41;;;;1311;21/06/2023;07:43:51;27.47;;;;
1312;21/06/2023;07:41:25;27.47;;;;1312;21/06/2023;07:43:39;27.41;Synchronized;;;1312;21/06/2023;07:44:51;27.45;;;;
1313;21/06/2023;07:42:25;27.45;;;;1313;21/06/2023;07:44:39;27.41;;;;1313;21/06/2023;07:45:51;27.41;;;;
1314;21/06/2023;07:43:25;27.44;;;;1314;21/06/2023;07:45:39;27.38;Synchronized;;;1314;21/06/2023;07:46:51;27.41;;;;
1315;21/06/2023;07:44:25;27.45;;;;1315;21/06/2023;07:46:39;27.38;Synchronized;;;1315;21/06/2023;07:47:51;27.4;;;;
1316;21/06/2023;07:45:25;27.43;;;;1316;21/06/2023;07:47:39;27.38;;;;1316;21/06/2023;07:48:51;27.39;;;;
1317;21/06/2023;07:46:25;27.41;;;;1317;21/06/2023;07:48:39;27.37;;;;1317;21/06/2023;07:49:51;27.38;;;;
1318;21/06/2023;07:47:25;27.43;;;;1318;21/06/2023;07:49:39;27.34;Synchronized;;;1318;21/06/2023;07:50:51;27.33;;;;
1319;21/06/2023;07:48:25;27.41;;;;1319;21/06/2023;07:50:39;27.29;;;;1319;21/06/2023;07:51:50;27.29;;;;
1320;21/06/2023;07:49:24;27.41;;;;1320;21/06/2023;07:51:39;27.26;Synchronized;;;1320;21/06/2023;07:52:50;27.29;;;;
1321;21/06/2023;07:50:24;27.37;;;;1321;21/06/2023;07:52:39;27.27;Synchronized;;;1321;21/06/2023;07:53:50;27.26;;;;
1322;21/06/2023;07:51:24;27.27;;;;1322;21/06/2023;07:53:38;27.27;Synchronized;;;1322;21/06/2023;07:54:50;27.25;;;;
1323;21/06/2023;07:52:24;27.28;;;;1323;21/06/2023;07:54:38;27.23;;;;1323;21/06/2023;07:55:50;27.27;;;;
1324;21/06/2023;07:53:24;27.28;;;;1324;21/06/2023;07:55:38;27.21;;;;1324;21/06/2023;07:56:49;27.28;;;;
1325;21/06/2023;07:54:24;27.27;;;;1325;21/06/2023;07:56:38;27.23;;;;1325;21/06/2023;07:57:49;27.26;;;;
1326;21/06/2023;07:55:24;27.26;;;;1326;21/06/2023;07:57:38;27.25;;;;1326;21/06/2023;07:58:49;27.27;;;;
1327;21/06/2023;07:56:24;27.26;;;;1327;21/06/2023;07:58:38;27.23;;;;1327;21/06/2023;07:59:49;27.27;;;;
1328;21/06/2023;07:57:24;27.28;;;;1328;21/06/2023;07:59:38;27.23;;;;1328;21/06/2023;08:00:49;27.28;;;;
1329;21/06/2023;07:58:24;27.27;;;;1329;21/06/2023;08:00:38;27.25;;;;1329;21/06/2023;08:01:49;27.28;;;;
1330;21/06/2023;07:59:23;27.25;;;;1330;21/06/2023;08:01:37;27.27;;;;1330;21/06/2023;08:02:49;27.29;;;;
1331;21/06/2023;08:00:23;27.27;;;;1331;21/06/2023;08:02:37;27.27;;;;1331;21/06/2023;08:03:49;27.31;;;;
1332;21/06/2023;08:01:23;27.27;;;;1332;21/06/2023;08:03:37;27.29;Synchronized;;;1332;21/06/2023;08:04:48;27.31;;;;
1333;21/06/2023;08:02:23;27.29;;;;1333;21/06/2023;08:04:37;27.32;;;;1333;21/06/2023;08:05:48;27.34;;;;
1334;21/06/2023;08:03:23;27.31;;;;1334;21/06/2023;08:05:37;27.34;;;;1334;21/06/2023;08:06:48;27.34;;;;
1335;21/06/2023;08:04:23;27.32;;;;1335;21/06/2023;08:06:37;27.34;;;;1335;21/06/2023;08:07:48;27.36;;;;
1336;21/06/2023;08:05:23;27.34;;;;1336;21/06/2023;08:07:37;27.34;;;;1336;21/06/2023;08:08:48;27.33;;;;
1337;21/06/2023;08:06:23;27.34;;;;1337;21/06/2023;08:08:37;27.32;;;;1337;21/06/2023;08:09:48;27.35;;;;
1338;21/06/2023;08:07:23;27.35;;;;1338;21/06/2023;08:09:37;27.3;;;;1338;21/06/2023;08:10:48;27.33;;;;
1339;21/06/2023;08:08:22;27.33;;;;1339;21/06/2023;08:10:37;27.32;;;;1339;21/06/2023;08:11:48;27.29;;;;
1340;21/06/2023;08:09:22;27.33;;;;1340;21/06/2023;08:11:37;27.29;;;;1340;21/06/2023;08:12:48;27.23;;;;
1341;21/06/2023;08:10:22;27.37;Synchronized;;;1341;21/06/2023;08:12:37;27.22;;;;1341;21/06/2023;08:13:48;27.23;;;;
1342;21/06/2023;08:11:22;35.01;Synchronized;;;1342;21/06/2023;08:13:37;27.2;;;;1342;21/06/2023;08:14:47;27.22;;;;
1343;21/06/2023;08:12:22;36.05;Synchronized;;;1343;21/06/2023;08:14:37;27.2;;;;1343;21/06/2023;08:15:47;27.23;;;;
1344;21/06/2023;08:13:22;35.97;Synchronized;;;1344;21/06/2023;08:15:37;27.2;Synchronized;;;1344;21/06/2023;08:16:47;27.2;;;;
1345;21/06/2023;08:14:22;35.84;Synchronized;;;1345;21/06/2023;08:16:36;27.21;;;;1345;21/06/2023;08:17:47;27.22;;;;
1346;21/06/2023;08:15:22;35.74;Synchronized;;;1346;21/06/2023;08:17:36;27.21;;;;1346;21/06/2023;08:18:47;27.25;;;;
1347;21/06/2023;08:16:21;35.73;Synchronized;;;1347;21/06/2023;08:18:36;27.23;;;;1347;21/06/2023;08:19:47;27.21;;;;
1348;21/06/2023;08:17:21;35.7;Synchronized;;;1348;21/06/2023;08:19:36;27.2;;;;1348;21/06/2023;08:20:47;27.14;;;;
1349;21/06/2023;08:18:21;35.8;Synchronized;;;1349;21/06/2023;08:20:36;27.1;;;;1349;21/06/2023;08:21:47;27.05;;;;
1350;21/06/2023;08:19:21;35.74;Synchronized;;;1350;21/06/2023;08:21:36;27.02;;;;1350;21/06/2023;08:22:47;26.94;;;;
1351;21/06/2023;08:20:21;35.72;Synchronized;;;1351;21/06/2023;08:22:36;26.92;;;;1351;21/06/2023;08:23:47;26.95;;;;
1352;21/06/2023;08:21:21;35.87;Synchronized;;;1352;21/06/2023;08:23:36;26.91;;;;1352;21/06/2023;08:24:47;26.89;;;;
1353;21/06/2023;08:22:21;35.98;Synchronized;;;1353;21/06/2023;08:24:36;26.87;;;;1353;21/06/2023;08:25:46;26.81;;;;
1354;21/06/2023;08:23:21;36.06;Synchronized;;;1354;21/06/2023;08:25:35;26.78;;;;1354;21/06/2023;08:26:46;26.74;;;;
1355;21/06/2023;08:24:21;36.2;Synchronized;;;1355;21/06/2023;08:26:35;26.73;;;;1355;21/06/2023;08:27:46;26.75;;;;
1356;21/06/2023;08:25:21;36.3;Synchronized;;;1356;21/06/2023;08:27:35;26.72;;;;1356;21/06/2023;08:28:46;26.75;;;;
1357;21/06/2023;08:26:21;36.38;Synchronized;;;1357;21/06/2023;08:28:35;26.72;;;;1357;21/06/2023;08:29:46;26.69;;;;
1358;21/06/2023;08:27:21;36.47;Synchronized;;;1358;21/06/2023;08:29:35;26.64;;;;1358;21/06/2023;08:30:45;26.68;;;;
1359;21/06/2023;08:28:21;36.55;Synchronized;;;1359;21/06/2023;08:30:35;26.63;;;;1359;21/06/2023;08:31:45;26.7;;;;
1360;21/06/2023;08:29:21;36.56;Synchronized;;;1360;21/06/2023;08:31:35;26.66;;;;1360;21/06/2023;08:32:45;26.77;;;;
1361;21/06/2023;08:30:20;36.65;Synchronized;;;1361;21/06/2023;08:32:35;26.72;;;;1361;21/06/2023;08:33:45;26.73;;;;
1362;21/06/2023;08:31:20;36.66;Synchronized;;;1362;21/06/2023;08:33:35;26.7;Synchronized;;;1362;21/06/2023;08:34:45;26.75;;;;
1363;21/06/2023;08:32:20;36.62;Synchronized;;;1363;21/06/2023;08:34:35;26.7;;;;1363;21/06/2023;08:35:45;26.76;;;;
1364;21/06/2023;08:33:20;36.63;Synchronized;;;1364;21/06/2023;08:35:35;26.74;;;;1364;21/06/2023;08:36:44;26.81;;;;
1365;21/06/2023;08:34:20;36.6;Synchronized;;;1365;21/06/2023;08:36:35;26.77;;;;1365;21/06/2023;08:37:44;26.78;;;;
1366;21/06/2023;08:35:20;36.66;Synchronized;;;1366;21/06/2023;08:37:34;26.76;;;;1366;21/06/2023;08:38:44;26.8;;;;
1367;21/06/2023;08:36:20;36.68;Synchronized;;;1367;21/06/2023;08:38:34;26.78;;;;1367;21/06/2023;08:39:44;26.82;;;;
1368;21/06/2023;08:37:20;36.7;Synchronized;;;1368;21/06/2023;08:39:34;26.8;;;;1368;21/06/2023;08:40:44;26.83;;;;
1369;21/06/2023;08:38:20;36.74;Synchronized;;;1369;21/06/2023;08:40:34;26.8;;;;1369;21/06/2023;08:41:44;26.84;;;;
1370;21/06/2023;08:39:20;36.78;Synchronized;;;1370;21/06/2023;08:41:34;26.8;;;;1370;21/06/2023;08:42:43;26.81;;;;
1371;21/06/2023;08:40:20;36.82;Synchronized;;;1371;21/06/2023;08:42:34;26.79;Synchronized;;;1371;21/06/2023;08:43:43;26.77;;;;
1372;21/06/2023;08:41:20;36.88;Synchronized;;;1372;21/06/2023;08:43:34;26.73;;;;1372;21/06/2023;08:44:43;26.73;;;;
1373;21/06/2023;08:42:20;36.9;Synchronized;;;1373;21/06/2023;08:44:34;26.67;;;;1373;21/06/2023;08:45:43;26.75;;;;
1374;21/06/2023;08:43:20;36.95;Synchronized;;;1374;21/06/2023;08:45:34;26.72;;;;1374;21/06/2023;08:46:43;26.79;;;;
1375;21/06/2023;08:44:19;36.98;Synchronized;;;1375;21/06/2023;08:46:34;29.2;Synchronized;;;1375;21/06/2023;08:47:43;26.75;;;;
1376;21/06/2023;08:45:19;37.02;Synchronized;;;1376;21/06/2023;08:47:34;31.8;Synchronized;;;1376;21/06/2023;08:48:42;26.77;;;;
1377;21/06/2023;08:46:19;37.05;Synchronized;;;1377;21/06/2023;08:48:34;32.66;Synchronized;;;1377;21/06/2023;08:49:42;26.73;;;;
1378;21/06/2023;08:47:19;37.07;Synchronized;;;1378;21/06/2023;08:49:34;32.88;Synchronized;;;1378;21/06/2023;08:50:42;26.74;;;;
1379;21/06/2023;08:48:19;37.06;Synchronized;;;1379;21/06/2023;08:50:33;32.91;Synchronized;;;1379;21/06/2023;08:51:42;26.71;;;;
1380;21/06/2023;08:49:19;37.06;Synchronized;;;1380;21/06/2023;08:51:33;33.35;Synchronized;;;1380;21/06/2023;08:52:42;26.7;;;;
1381;21/06/2023;08:50:19;37.09;Synchronized;;;1381;21/06/2023;08:52:33;34.93;Synchronized;;;1381;21/06/2023;08:53:41;26.66;;;;
1382;21/06/2023;08:51:19;37.11;Synchronized;;;1382;21/06/2023;08:53:33;36.02;Synchronized;;;1382;21/06/2023;08:54:41;26.57;;;;
1383;21/06/2023;08:52:19;37.13;Synchronized;;;1383;21/06/2023;08:54:33;36.2;Synchronized;;;1383;21/06/2023;08:55:41;26.48;;;;
1384;21/06/2023;08:53:19;33.73;Synchronized;;;1384;21/06/2023;08:55:33;36.29;Synchronized;;;1384;21/06/2023;08:56:41;26.47;;;;
1385;21/06/2023;08:54:19;32.45;Synchronized;;;1385;21/06/2023;08:56:33;36.35;Synchronized;;;1385;21/06/2023;08:57:41;26.51;;;;
1386;21/06/2023;08:55:19;32.38;Synchronized;;;1386;21/06/2023;08:57:33;36.39;Synchronized;;;1386;21/06/2023;08:58:41;26.52;;;;
1387;21/06/2023;08:56:19;32.47;Synchronized;;;1387;21/06/2023;08:58:33;36.48;Synchronized;;;1387;21/06/2023;08:59:41;26.53;;;;
1388;21/06/2023;08:57:18;32.73;Synchronized;;;1388;21/06/2023;08:59:32;36.53;Synchronized;;;1388;21/06/2023;09:00:40;26.53;;;;
1389;21/06/2023;08:58:18;33.23;Synchronized;;;1389;21/06/2023;09:00:32;36.63;Synchronized;;;1389;21/06/2023;09:01:40;26.57;;;;
1390;21/06/2023;08:59:18;33.62;Synchronized;;;1390;21/06/2023;09:01:32;36.62;Synchronized;;;1390;21/06/2023;09:02:40;26.56;;;;
1391;21/06/2023;09:00:18;34.12;Synchronized;;;1391;21/06/2023;09:02:32;36.66;Synchronized;;;1391;21/06/2023;09:03:40;26.58;;;;
1392;21/06/2023;09:01:18;34.56;Synchronized;;;1392;21/06/2023;09:03:32;36.67;Synchronized;;;1392;21/06/2023;09:04:40;26.6;;;;
1393;21/06/2023;09:02:18;34.94;Synchronized;;;1393;21/06/2023;09:04:32;36.71;Synchronized;;;1393;21/06/2023;09:05:40;26.64;;;;
1394;21/06/2023;09:03:18;35.24;Synchronized;;;1394;21/06/2023;09:05:32;36.73;Synchronized;;;1394;21/06/2023;09:06:39;26.66;;;;
1395;21/06/2023;09:04:18;35.56;Synchronized;;;1395;21/06/2023;09:06:32;36.75;Synchronized;;;1395;21/06/2023;09:07:39;26.71;;;;
1396;21/06/2023;09:05:18;35.82;Synchronized;;;1396;21/06/2023;09:07:32;36.8;Synchronized;;;1396;21/06/2023;09:08:39;26.7;;;;
1397;21/06/2023;09:06:18;36.1;Synchronized;;;1397;21/06/2023;09:08:32;36.82;Synchronized;;;1397;21/06/2023;09:09:39;26.74;Synchronized;;;
1398;21/06/2023;09:07:18;36.3;Synchronized;;;1398;21/06/2023;09:09:31;36.82;Synchronized;;;1398;21/06/2023;09:10:39;26.78;;;;
1399;21/06/2023;09:08:18;36.45;Synchronized;;;1399;21/06/2023;09:10:31;36.83;Synchronized;;;1399;21/06/2023;09:11:39;26.73;;;;
1400;21/06/2023;09:09:18;36.56;Synchronized;;;1400;21/06/2023;09:11:31;36.85;Synchronized;;;1400;21/06/2023;09:12:38;26.73;;;;
1401;21/06/2023;09:10:18;36.66;Synchronized;;;1401;21/06/2023;09:12:31;36.85;Synchronized;;;1401;21/06/2023;09:13:38;26.73;;;;
1402;21/06/2023;09:11:17;36.78;Synchronized;;;1402;21/06/2023;09:13:31;36.88;Synchronized;;;1402;21/06/2023;09:14:38;26.76;Synchronized;;;
1403;21/06/2023;09:12:17;36.82;Synchronized;;;1403;21/06/2023;09:14:31;36.89;Synchronized;;;1403;21/06/2023;09:15:38;26.78;;;;
1404;21/06/2023;09:13:17;36.86;Synchronized;;;1404;21/06/2023;09:15:31;36.89;Synchronized;;;1404;21/06/2023;09:16:38;26.77;;;;
1405;21/06/2023;09:14:17;36.87;Synchronized;;;1405;21/06/2023;09:16:31;36.94;Synchronized;;;1405;21/06/2023;09:17:38;26.79;;;;
1406;21/06/2023;09:15:17;36.9;Synchronized;;;1406;21/06/2023;09:17:31;36.94;Synchronized;;;1406;21/06/2023;09:18:37;26.76;;;;
1407;21/06/2023;09:16:17;36.96;Synchronized;;;1407;21/06/2023;09:18:30;36.95;Synchronized;;;1407;21/06/2023;09:19:37;26.76;;;;
1408;21/06/2023;09:17:17;36.98;Synchronized;;;1408;21/06/2023;09:19:30;36.95;Synchronized;;;1408;21/06/2023;09:20:37;26.8;;;;
1409;21/06/2023;09:18:17;36.97;Synchronized;;;1409;21/06/2023;09:20:30;36.97;Synchronized;;;1409;21/06/2023;09:21:37;26.82;;;;
1410;21/06/2023;09:19:17;37.01;Synchronized;;;1410;21/06/2023;09:21:30;36.98;Synchronized;;;1410;21/06/2023;09:22:37;26.86;;;;
1411;21/06/2023;09:20:17;37.03;Synchronized;;;1411;21/06/2023;09:22:30;36.99;;;;1411;21/06/2023;09:23:37;26.86;;;;
1412;21/06/2023;09:21:17;37.06;Synchronized;;;1412;21/06/2023;09:23:30;36.98;Synchronized;;;1412;21/06/2023;09:24:36;26.85;;;;
1413;21/06/2023;09:22:17;36.96;Synchronized;;;1413;21/06/2023;09:24:30;36.99;Synchronized;;;1413;21/06/2023;09:25:36;26.81;Synchronized;;;
1414;21/06/2023;09:23:17;36.97;Synchronized;;;1414;21/06/2023;09:25:30;36.99;Synchronized;;;1414;21/06/2023;09:26:36;26.82;;;;
1415;21/06/2023;09:24:17;36.99;Synchronized;;;1415;21/06/2023;09:26:30;37;Synchronized;;;1415;21/06/2023;09:27:36;26.82;Synchronized;;;
1416;21/06/2023;09:25:16;37.01;Synchronized;;;1416;21/06/2023;09:27:29;37;Synchronized;;;1416;21/06/2023;09:28:36;26.8;Synchronized;;;
1417;21/06/2023;09:26:16;36.98;Synchronized;;;1417;21/06/2023;09:28:29;37;Synchronized;;;1417;21/06/2023;09:29:35;26.8;Synchronized;;;
1418;21/06/2023;09:27:16;36.95;Synchronized;;;1418;21/06/2023;09:29:29;36.99;Synchronized;;;1418;21/06/2023;09:30:35;26.81;;;;
1419;21/06/2023;09:28:16;36.94;Synchronized;;;1419;21/06/2023;09:30:29;36.99;Synchronized;;;1419;21/06/2023;09:31:35;26.82;Synchronized;;;
1420;21/06/2023;09:29:16;36.94;Synchronized;;;1420;21/06/2023;09:31:29;36.98;Synchronized;;;1420;21/06/2023;09:32:35;26.86;;;;
1421;21/06/2023;09:30:16;36.91;Synchronized;;;1421;21/06/2023;09:32:29;37;Synchronized;;;1421;21/06/2023;09:33:35;26.88;;;;
1422;21/06/2023;09:31:16;36.9;Synchronized;;;1422;21/06/2023;09:33:29;36.97;Synchronized;;;1422;21/06/2023;09:34:35;26.87;;;;
1423;21/06/2023;09:32:16;36.88;Synchronized;;;1423;21/06/2023;09:34:29;36.98;Synchronized;;;1423;21/06/2023;09:35:35;26.86;;;;
1424;21/06/2023;09:33:16;36.89;Synchronized;;;1424;21/06/2023;09:35:29;36.98;Synchronized;;;1424;21/06/2023;09:36:34;26.88;;;;
1425;21/06/2023;09:34:16;36.91;Synchronized;;;1425;21/06/2023;09:36:29;36.98;Synchronized;;;1425;21/06/2023;09:37:34;26.86;;;;
1426;21/06/2023;09:35:16;36.91;Synchronized;;;1426;21/06/2023;09:37:28;36.98;Synchronized;;;1426;21/06/2023;09:38:34;34.33;Synchronized;;;
1427;21/06/2023;09:36:16;36.92;Synchronized;;;1427;21/06/2023;09:38:28;36.98;Synchronized;;;1427;21/06/2023;09:39:34;37.22;Synchronized;;;
1428;21/06/2023;09:37:16;36.94;Synchronized;;;1428;21/06/2023;09:39:28;37;Synchronized;;;1428;21/06/2023;09:40:34;37.48;Synchronized;;;
1429;21/06/2023;09:38:15;36.91;Synchronized;;;1429;21/06/2023;09:40:28;36.98;Synchronized;;;1429;21/06/2023;09:41:34;37.15;Synchronized;;;
1430;21/06/2023;09:39:15;36.89;Synchronized;;;1430;21/06/2023;09:41:28;36.98;Synchronized;;;1430;21/06/2023;09:42:34;37.11;Synchronized;;;
1431;21/06/2023;09:40:15;36.91;Synchronized;;;1431;21/06/2023;09:42:28;36.98;Synchronized;;;1431;21/06/2023;09:43:33;37.08;Synchronized;;;
1432;21/06/2023;09:41:15;36.89;Synchronized;;;1432;21/06/2023;09:43:28;36.98;Synchronized;;;1432;21/06/2023;09:44:33;37.16;Synchronized;;;
1433;21/06/2023;09:42:15;36.94;Synchronized;;;1433;21/06/2023;09:44:28;36.97;Synchronized;;;1433;21/06/2023;09:45:33;37.16;Synchronized;;;
1434;21/06/2023;09:43:15;36.97;Synchronized;;;1434;21/06/2023;09:45:28;36.97;Synchronized;;;1434;21/06/2023;09:46:33;37.24;Synchronized;;;
1435;21/06/2023;09:44:15;36.96;Synchronized;;;1435;21/06/2023;09:46:28;36.97;Synchronized;;;1435;21/06/2023;09:47:33;37.3;Synchronized;;;
1436;21/06/2023;09:45:15;36.98;Synchronized;;;1436;21/06/2023;09:47:27;36.96;Synchronized;;;1436;21/06/2023;09:48:33;37.34;Synchronized;;;
1437;21/06/2023;09:46:15;37.01;Synchronized;;;1437;21/06/2023;09:48:27;36.94;Synchronized;;;1437;21/06/2023;09:49:33;37.37;Synchronized;;;
1438;21/06/2023;09:47:15;36.34;Synchronized;;;1438;21/06/2023;09:49:27;36.95;Synchronized;;;1438;21/06/2023;09:50:33;37.37;Synchronized;;;
1439;21/06/2023;09:48:15;33.06;Synchronized;;;1439;21/06/2023;09:50:27;36.94;Synchronized;;;1439;21/06/2023;09:51:33;37.4;Synchronized;;;
1440;21/06/2023;09:49:15;32.92;Synchronized;;;1440;21/06/2023;09:51:27;36.96;Synchronized;;;1440;21/06/2023;09:52:33;37.42;Synchronized;;;
1441;21/06/2023;09:50:15;34.09;Synchronized;;;1441;21/06/2023;09:52:27;36.96;Synchronized;;;1441;21/06/2023;09:53:33;37.38;Synchronized;;;
1442;21/06/2023;09:51:15;33.91;Synchronized;;;1442;21/06/2023;09:53:27;36.95;Synchronized;;;1442;21/06/2023;09:54:32;37.35;Synchronized;;;
1443;21/06/2023;09:52:14;33.87;Synchronized;;;1443;21/06/2023;09:54:27;36.95;Synchronized;;;1443;21/06/2023;09:55:32;37.23;Synchronized;;;
1444;21/06/2023;09:53:14;34.13;Synchronized;;;1444;21/06/2023;09:55:27;36.95;Synchronized;;;1444;21/06/2023;09:56:32;37.13;Synchronized;;;
1445;21/06/2023;09:54:14;34.21;Synchronized;;;1445;21/06/2023;09:56:27;36.95;Synchronized;;;1445;21/06/2023;09:57:32;37.06;Synchronized;;;
1446;21/06/2023;09:55:14;34.55;Synchronized;;;1446;21/06/2023;09:57:26;36.96;Synchronized;;;1446;21/06/2023;09:58:32;37;Synchronized;;;
1447;21/06/2023;09:56:14;34.95;Synchronized;;;1447;21/06/2023;09:58:26;36.95;Synchronized;;;1447;21/06/2023;09:59:32;36.95;;;;
1448;21/06/2023;09:57:14;35.33;Synchronized;;;1448;21/06/2023;09:59:26;36.94;Synchronized;;;1448;21/06/2023;10:00:32;36.89;Synchronized;;;
1449;21/06/2023;09:58:14;35.68;Synchronized;;;1449;21/06/2023;10:00:26;36.94;Synchronized;;;1449;21/06/2023;10:01:32;36.84;;;;
1450;21/06/2023;09:59:14;35.89;Synchronized;;;1450;21/06/2023;10:01:26;36.93;Synchronized;;;1450;21/06/2023;10:02:32;36.78;;;;
1451;21/06/2023;10:00:14;36.1;Synchronized;;;1451;21/06/2023;10:02:26;36.95;Synchronized;;;1451;21/06/2023;10:03:32;36.73;Synchronized;;;
1452;21/06/2023;10:01:14;36.3;Synchronized;;;1452;21/06/2023;10:03:26;36.95;Synchronized;;;1452;21/06/2023;10:04:32;36.71;Synchronized;;;
1453;21/06/2023;10:02:14;36.43;Synchronized;;;1453;21/06/2023;10:04:26;36.96;Synchronized;;;1453;21/06/2023;10:05:31;36.67;Synchronized;;;
1454;21/06/2023;10:03:14;36.56;Synchronized;;;1454;21/06/2023;10:05:26;36.94;Synchronized;;;1454;21/06/2023;10:06:31;36.63;;;;
1455;21/06/2023;10:04:14;36.69;Synchronized;;;1455;21/06/2023;10:06:25;36.94;Synchronized;;;1455;21/06/2023;10:07:31;36.62;;;;
1456;21/06/2023;10:05:14;36.78;Synchronized;;;1456;21/06/2023;10:07:25;36.95;Synchronized;;;1456;21/06/2023;10:08:31;36.75;Synchronized;;;
1457;21/06/2023;10:06:13;36.86;Synchronized;;;1457;21/06/2023;10:08:25;36.95;Synchronized;;;1457;21/06/2023;10:09:31;37.06;Synchronized;;;
1458;21/06/2023;10:07:13;36.86;Synchronized;;;1458;21/06/2023;10:09:25;36.95;Synchronized;;;1458;21/06/2023;10:10:31;37.13;Synchronized;;;
1459;21/06/2023;10:08:13;36.9;Synchronized;;;1459;21/06/2023;10:10:25;36.95;Synchronized;;;1459;21/06/2023;10:11:31;37.28;;;;
1460;21/06/2023;10:09:13;36.92;Synchronized;;;1460;21/06/2023;10:11:25;36.95;Synchronized;;;1460;21/06/2023;10:12:31;37.37;;;;
1461;21/06/2023;10:10:13;36.99;Synchronized;;;1461;21/06/2023;10:12:25;36.91;Synchronized;;;1461;21/06/2023;10:13:31;37.45;;;;
1462;21/06/2023;10:11:13;37.02;Synchronized;;;1462;21/06/2023;10:13:25;36.91;Synchronized;;;1462;21/06/2023;10:14:31;37.58;;;;
1463;21/06/2023;10:12:13;37.05;;;;1463;21/06/2023;10:14:25;36.95;Synchronized;;;1463;21/06/2023;10:15:31;37.49;Synchronized;;;
1464;21/06/2023;10:13:13;37.09;Synchronized;;;1464;21/06/2023;10:15:25;36.91;Synchronized;;;1464;21/06/2023;10:16:30;37.44;;;;
1465;21/06/2023;10:14:13;37.12;Synchronized;;;1465;21/06/2023;10:16:24;36.93;Synchronized;;;1465;21/06/2023;10:17:30;37.44;Synchronized;;;
1466;21/06/2023;10:15:13;37.13;Synchronized;;;1466;21/06/2023;10:17:24;36.93;Synchronized;;;1466;21/06/2023;10:18:30;37.58;Synchronized;;;
1467;21/06/2023;10:16:13;37.16;Synchronized;;;1467;21/06/2023;10:18:24;36.93;Synchronized;;;1467;21/06/2023;10:19:30;37.55;Synchronized;;;
1468;21/06/2023;10:17:12;37.17;Synchronized;;;1468;21/06/2023;10:19:24;36.93;Synchronized;;;1468;21/06/2023;10:20:30;37.6;Synchronized;;;
1469;21/06/2023;10:18:12;37.19;Synchronized;;;1469;21/06/2023;10:20:24;36.91;Synchronized;;;1469;21/06/2023;10:21:30;37.64;Synchronized;;;
1470;21/06/2023;10:19:12;37.21;Synchronized;;;1470;21/06/2023;10:21:24;36.93;Synchronized;;;1470;21/06/2023;10:22:30;37.62;Synchronized;;;
1471;21/06/2023;10:20:12;37.25;Synchronized;;;1471;21/06/2023;10:22:24;36.89;Synchronized;;;1471;21/06/2023;10:23:29;37.5;Synchronized;;;
1472;21/06/2023;10:21:12;37.26;Synchronized;;;1472;21/06/2023;10:23:24;36.9;Synchronized;;;1472;21/06/2023;10:24:29;37.49;Synchronized;;;
1473;21/06/2023;10:22:12;37.28;Synchronized;;;1473;21/06/2023;10:24:24;36.91;Synchronized;;;1473;21/06/2023;10:25:29;37.44;Synchronized;;;
1474;21/06/2023;10:23:12;37.29;Synchronized;;;1474;21/06/2023;10:25:24;36.93;Synchronized;;;1474;21/06/2023;10:26:29;37.45;Synchronized;;;
1475;21/06/2023;10:24:12;37.3;Synchronized;;;1475;21/06/2023;10:26:23;36.93;Synchronized;;;1475;21/06/2023;10:27:29;37.45;Synchronized;;;
1476;21/06/2023;10:25:11;37.31;Synchronized;;;1476;21/06/2023;10:27:23;36.95;Synchronized;;;1476;21/06/2023;10:28:29;37.45;Synchronized;;;
1477;21/06/2023;10:26:11;37.28;Synchronized;;;1477;21/06/2023;10:28:23;36.93;Synchronized;;;1477;21/06/2023;10:29:29;37.49;;;;
1478;21/06/2023;10:27:11;37.27;Synchronized;;;1478;21/06/2023;10:29:23;36.91;Synchronized;;;1478;21/06/2023;10:30:29;37.43;Synchronized;;;
1479;21/06/2023;10:28:11;37.28;Synchronized;;;1479;21/06/2023;10:30:23;36.9;Synchronized;;;1479;21/06/2023;10:31:29;37.46;Synchronized;;;
1480;21/06/2023;10:29:11;37.32;Synchronized;;;1480;21/06/2023;10:31:23;36.89;Synchronized;;;1480;21/06/2023;10:32:29;37.43;Synchronized;;;
1481;21/06/2023;10:30:11;37.3;Synchronized;;;1481;21/06/2023;10:32:23;36.91;Synchronized;;;1481;21/06/2023;10:33:29;37.41;Synchronized;;;
1482;21/06/2023;10:31:11;37.25;Synchronized;;;1482;21/06/2023;10:33:23;36.91;Synchronized;;;1482;21/06/2023;10:34:28;37.38;Synchronized;;;
1483;21/06/2023;10:32:11;37.27;Synchronized;;;1483;21/06/2023;10:34:23;36.91;Synchronized;;;1483;21/06/2023;10:35:28;37.4;Synchronized;;;
1484;21/06/2023;10:33:10;37.26;Synchronized;;;1484;21/06/2023;10:35:23;36.93;Synchronized;;;1484;21/06/2023;10:36:28;37.45;Synchronized;;;
1485;21/06/2023;10:34:10;37.26;Synchronized;;;1485;21/06/2023;10:36:22;36.91;Synchronized;;;1485;21/06/2023;10:37:28;37.42;Synchronized;;;
1486;21/06/2023;10:35:10;37.23;Synchronized;;;1486;21/06/2023;10:37:22;36.9;Synchronized;;;1486;21/06/2023;10:38:28;37.39;Synchronized;;;
1487;21/06/2023;10:36:10;37.23;Synchronized;;;1487;21/06/2023;10:38:22;36.89;Synchronized;;;1487;21/06/2023;10:39:28;37.44;Synchronized;;;
1488;21/06/2023;10:37:10;37.21;Synchronized;;;1488;21/06/2023;10:39:22;36.88;Synchronized;;;1488;21/06/2023;10:40:28;37.38;Synchronized;;;
1489;21/06/2023;10:38:10;37.16;Synchronized;;;1489;21/06/2023;10:40:22;36.9;Synchronized;;;1489;21/06/2023;10:41:28;37.38;Synchronized;;;
1490;21/06/2023;10:39:10;37.05;Synchronized;;;1490;21/06/2023;10:41:22;36.88;Synchronized;;;1490;21/06/2023;10:42:28;37.35;Synchronized;;;
1491;21/06/2023;10:40:10;37.01;Synchronized;;;1491;21/06/2023;10:42:22;36.88;Synchronized;;;1491;21/06/2023;10:43:28;37.3;Synchronized;;;
1492;21/06/2023;10:41:10;37.02;Synchronized;;;1492;21/06/2023;10:43:22;36.88;Synchronized;;;1492;21/06/2023;10:44:27;37.29;Synchronized;;;
1493;21/06/2023;10:42:09;37.01;Synchronized;;;1493;21/06/2023;10:44:22;36.88;Synchronized;;;1493;21/06/2023;10:45:27;37.27;Synchronized;;;
1494;21/06/2023;10:43:09;36.95;Synchronized;;;1494;21/06/2023;10:45:22;36.87;Synchronized;;;1494;21/06/2023;10:46:27;37.23;Synchronized;;;
1495;21/06/2023;10:44:09;36.93;Synchronized;;;1495;21/06/2023;10:46:21;36.88;Synchronized;;;1495;21/06/2023;10:47:27;37.24;Synchronized;;;
1496;21/06/2023;10:45:09;36.93;Synchronized;;;1496;21/06/2023;10:47:21;36.85;Synchronized;;;1496;21/06/2023;10:48:27;37.18;Synchronized;;;
1497;21/06/2023;10:46:09;36.92;Synchronized;;;1497;21/06/2023;10:48:21;36.87;Synchronized;;;1497;21/06/2023;10:49:27;37.13;Synchronized;;;
1498;21/06/2023;10:47:09;36.93;Synchronized;;;1498;21/06/2023;10:49:21;36.86;Synchronized;;;1498;21/06/2023;10:50:27;37.11;Synchronized;;;
1499;21/06/2023;10:48:09;36.91;Synchronized;;;1499;21/06/2023;10:50:21;36.87;Synchronized;;;1499;21/06/2023;10:51:27;37.09;Synchronized;;;
1500;21/06/2023;10:49:09;36.77;Synchronized;;;1500;21/06/2023;10:51:21;36.88;Synchronized;;;1500;21/06/2023;10:52:27;37.1;Synchronized;;;
1501;21/06/2023;10:50:08;36.71;Synchronized;;;1501;21/06/2023;10:52:21;36.86;Synchronized;;;1501;21/06/2023;10:53:27;37.1;Synchronized;;;
1502;21/06/2023;10:51:08;36.47;Synchronized;;;1502;21/06/2023;10:53:21;36.85;Synchronized;;;1502;21/06/2023;10:54:26;37.12;Synchronized;;;
1503;21/06/2023;10:52:08;36.79;Synchronized;;;1503;21/06/2023;10:54:21;36.84;Synchronized;;;1503;21/06/2023;10:55:26;37.1;Synchronized;;;
1504;21/06/2023;10:53:08;37.05;Synchronized;;;1504;21/06/2023;10:55:20;36.84;Synchronized;;;1504;21/06/2023;10:56:26;37.09;Synchronized;;;
1505;21/06/2023;10:54:08;37.1;Synchronized;;;1505;21/06/2023;10:56:20;36.86;Synchronized;;;1505;21/06/2023;10:57:26;37.1;Synchronized;;;
1506;21/06/2023;10:55:08;37.08;Synchronized;;;1506;21/06/2023;10:57:20;36.84;Synchronized;;;1506;21/06/2023;10:58:26;37.1;Synchronized;;;
1507;21/06/2023;10:56:08;37.09;Synchronized;;;1507;21/06/2023;10:58:20;36.84;Synchronized;;;1507;21/06/2023;10:59:26;37.15;Synchronized;;;
1508;21/06/2023;10:57:08;37.09;Synchronized;;;1508;21/06/2023;10:59:20;36.84;Synchronized;;;1508;21/06/2023;11:00:26;37.12;Synchronized;;;
1509;21/06/2023;10:58:07;37.09;Synchronized;;;1509;21/06/2023;11:00:20;36.85;Synchronized;;;1509;21/06/2023;11:01:26;37.1;Synchronized;;;
1510;21/06/2023;10:59:07;37.06;Synchronized;;;1510;21/06/2023;11:01:20;36.85;Synchronized;;;1510;21/06/2023;11:02:26;37.13;Synchronized;;;
1511;21/06/2023;11:00:07;37.09;Synchronized;;;1511;21/06/2023;11:02:20;36.83;Synchronized;;;1511;21/06/2023;11:03:25;37.13;Synchronized;;;
1512;21/06/2023;11:01:07;37.08;Synchronized;;;1512;21/06/2023;11:03:20;36.82;Synchronized;;;1512;21/06/2023;11:04:25;37.15;Synchronized;;;
1513;21/06/2023;11:02:07;37.1;Synchronized;;;1513;21/06/2023;11:04:20;36.85;Synchronized;;;1513;21/06/2023;11:05:25;37.18;Synchronized;;;
1514;21/06/2023;11:03:07;37.1;Synchronized;;;1514;21/06/2023;11:05:19;36.84;Synchronized;;;1514;21/06/2023;11:06:25;37.21;Synchronized;;;
1515;21/06/2023;11:04:07;37.12;Synchronized;;;1515;21/06/2023;11:06:19;36.84;Synchronized;;;1515;21/06/2023;11:07:25;37.25;Synchronized;;;
1516;21/06/2023;11:05:07;37.13;Synchronized;;;1516;21/06/2023;11:07:19;36.83;Synchronized;;;1516;21/06/2023;11:08:25;37.24;Synchronized;;;
1517;21/06/2023;11:06:07;37.13;Synchronized;;;1517;21/06/2023;11:08:19;36.84;Synchronized;;;1517;21/06/2023;11:09:25;37.36;Synchronized;;;
1518;21/06/2023;11:07:06;37.16;Synchronized;;;1518;21/06/2023;11:09:19;36.84;Synchronized;;;1518;21/06/2023;11:10:25;37.36;Synchronized;;;
1519;21/06/2023;11:08:06;37.15;Synchronized;;;1519;21/06/2023;11:10:19;36.84;Synchronized;;;1519;21/06/2023;11:11:25;37.36;Synchronized;;;
1520;21/06/2023;11:09:06;37.16;Synchronized;;;1520;21/06/2023;11:11:19;36.84;Synchronized;;;1520;21/06/2023;11:12:25;37.4;Synchronized;;;
1521;21/06/2023;11:10:06;37.16;Synchronized;;;1521;21/06/2023;11:12:19;36.82;Synchronized;;;1521;21/06/2023;11:13:24;37.39;Synchronized;;;
1522;21/06/2023;11:11:06;37.2;Synchronized;;;1522;21/06/2023;11:13:19;36.82;Synchronized;;;1522;21/06/2023;11:14:24;37.39;Synchronized;;;
1523;21/06/2023;11:12:06;37.23;Synchronized;;;1523;21/06/2023;11:14:19;36.84;Synchronized;;;1523;21/06/2023;11:15:24;37.38;Synchronized;;;
1524;21/06/2023;11:13:06;37.21;Synchronized;;;1524;21/06/2023;11:15:18;36.84;Synchronized;;;1524;21/06/2023;11:16:24;37.38;Synchronized;;;
1525;21/06/2023;11:14:06;37.24;Synchronized;;;1525;21/06/2023;11:16:18;36.84;Synchronized;;;1525;21/06/2023;11:17:24;37.36;Synchronized;;;
1526;21/06/2023;11:15:05;37.27;Synchronized;;;1526;21/06/2023;11:17:18;36.82;Synchronized;;;1526;21/06/2023;11:18:24;37.38;Synchronized;;;
1527;21/06/2023;11:16:05;37.28;Synchronized;;;1527;21/06/2023;11:18:18;36.82;Synchronized;;;1527;21/06/2023;11:19:24;37.38;Synchronized;;;
1528;21/06/2023;11:17:05;37.3;Synchronized;;;1528;21/06/2023;11:19:18;36.82;Synchronized;;;1528;21/06/2023;11:20:24;37.37;Synchronized;;;
1529;21/06/2023;11:18:05;37.33;Synchronized;;;1529;21/06/2023;11:20:18;36.83;Synchronized;;;1529;21/06/2023;11:21:24;37.37;Synchronized;;;
1530;21/06/2023;11:19:05;37.38;Synchronized;;;1530;21/06/2023;11:21:18;36.81;Synchronized;;;1530;21/06/2023;11:22:24;37.36;Synchronized;;;
1531;21/06/2023;11:20:05;37.37;Synchronized;;;1531;21/06/2023;11:22:18;36.83;Synchronized;;;1531;21/06/2023;11:23:23;37.36;Synchronized;;;
1532;21/06/2023;11:21:05;37.39;Synchronized;;;1532;21/06/2023;11:23:18;36.79;Synchronized;;;1532;21/06/2023;11:24:23;37.35;Synchronized;;;
1533;21/06/2023;11:22:05;37.41;Synchronized;;;1533;21/06/2023;11:24:18;36.83;Synchronized;;;1533;21/06/2023;11:25:23;37.34;Synchronized;;;
1534;21/06/2023;11:23:04;37.41;Synchronized;;;1534;21/06/2023;11:25:17;36.83;Synchronized;;;1534;21/06/2023;11:26:23;37.32;Synchronized;;;
1535;21/06/2023;11:24:04;37.41;Synchronized;;;1535;21/06/2023;11:26:17;36.81;Synchronized;;;1535;21/06/2023;11:27:23;37.27;Synchronized;;;
1536;21/06/2023;11:25:04;37.41;Synchronized;;;1536;21/06/2023;11:27:17;36.83;Synchronized;;;1536;21/06/2023;11:28:23;37.23;Synchronized;;;
1537;21/06/2023;11:26:04;37.45;Synchronized;;;1537;21/06/2023;11:28:17;36.81;Synchronized;;;1537;21/06/2023;11:29:23;37.29;Synchronized;;;
1538;21/06/2023;11:27:04;37.45;Synchronized;;;1538;21/06/2023;11:29:17;36.8;Synchronized;;;1538;21/06/2023;11:30:23;37.32;Synchronized;;;
1539;21/06/2023;11:28:04;37.45;Synchronized;;;1539;21/06/2023;11:30:17;36.81;Synchronized;;;1539;21/06/2023;11:31:23;37.28;Synchronized;;;
1540;21/06/2023;11:29:04;37.47;Synchronized;;;1540;21/06/2023;11:31:17;36.82;Synchronized;;;1540;21/06/2023;11:32:22;37.25;Synchronized;;;
1541;21/06/2023;11:30:04;37.48;Synchronized;;;1541;21/06/2023;11:32:17;36.81;Synchronized;;;1541;21/06/2023;11:33:22;37.31;Synchronized;;;
1542;21/06/2023;11:31:04;37.48;Synchronized;;;1542;21/06/2023;11:33:17;36.84;Synchronized;;;1542;21/06/2023;11:34:22;37.31;Synchronized;;;
1543;21/06/2023;11:32:03;37.5;Synchronized;;;1543;21/06/2023;11:34:16;36.83;Synchronized;;;1543;21/06/2023;11:35:22;37.27;Synchronized;;;
1544;21/06/2023;11:33:03;37.52;Synchronized;;;1544;21/06/2023;11:35:16;36.84;Synchronized;;;1544;21/06/2023;11:36:22;37.27;Synchronized;;;
1545;21/06/2023;11:34:03;37.54;Synchronized;;;1545;21/06/2023;11:36:16;36.84;Synchronized;;;1545;21/06/2023;11:37:22;37.26;Synchronized;;;
1546;21/06/2023;11:35:03;37.55;Synchronized;;;1546;21/06/2023;11:37:16;36.84;Synchronized;;;1546;21/06/2023;11:38:22;37.26;Synchronized;;;
1547;21/06/2023;11:36:03;37.54;Synchronized;;;1547;21/06/2023;11:38:16;36.84;Synchronized;;;1547;21/06/2023;11:39:22;37.28;Synchronized;;;
1548;21/06/2023;11:37:03;37.52;Synchronized;;;1548;21/06/2023;11:39:16;36.85;Synchronized;;;1548;21/06/2023;11:40:22;37.31;Synchronized;;;
1549;21/06/2023;11:38:03;37.54;Synchronized;;;1549;21/06/2023;11:40:16;36.83;Synchronized;;;1549;21/06/2023;11:41:22;37.34;Synchronized;;;
1550;21/06/2023;11:39:03;37.56;Synchronized;;;1550;21/06/2023;11:41:16;36.84;Synchronized;;;1550;21/06/2023;11:42:21;37.29;Synchronized;;;
1551;21/06/2023;11:40:02;37.55;Synchronized;;;1551;21/06/2023;11:42:16;36.84;Synchronized;;;1551;21/06/2023;11:43:21;37.28;Synchronized;;;
1552;21/06/2023;11:41:02;37.57;Synchronized;;;1552;21/06/2023;11:43:16;36.83;Synchronized;;;1552;21/06/2023;11:44:21;37.27;Synchronized;;;
1553;21/06/2023;11:42:02;37.57;Synchronized;;;1553;21/06/2023;11:44:15;36.79;Synchronized;;;1553;21/06/2023;11:45:21;37.28;Synchronized;;;
1554;21/06/2023;11:43:02;37.6;Synchronized;;;1554;21/06/2023;11:45:15;36.76;Synchronized;;;1554;21/06/2023;11:46:21;37.27;Synchronized;;;
1555;21/06/2023;11:44:02;37.61;Synchronized;;;1555;21/06/2023;11:46:15;36.75;Synchronized;;;1555;21/06/2023;11:47:21;37.27;Synchronized;;;
1556;21/06/2023;11:45:02;37.63;Synchronized;;;1556;21/06/2023;11:47:15;36.74;Synchronized;;;1556;21/06/2023;11:48:21;37.26;Synchronized;;;
1557;21/06/2023;11:46:02;37.54;Synchronized;;;1557;21/06/2023;11:48:15;36.76;Synchronized;;;1557;21/06/2023;11:49:21;37.27;Synchronized;;;
1558;21/06/2023;11:47:02;37.55;Synchronized;;;1558;21/06/2023;11:49:15;36.75;Synchronized;;;1558;21/06/2023;11:50:21;37.27;Synchronized;;;
1559;21/06/2023;11:48:02;37.51;Synchronized;;;1559;21/06/2023;11:50:15;36.73;Synchronized;;;1559;21/06/2023;11:51:21;37.24;Synchronized;;;
1560;21/06/2023;11:49:01;37.52;Synchronized;;;1560;21/06/2023;11:51:15;36.74;Synchronized;;;1560;21/06/2023;11:52:20;37.2;Synchronized;;;
1561;21/06/2023;11:50:01;37.52;Synchronized;;;1561;21/06/2023;11:52:15;36.73;Synchronized;;;1561;21/06/2023;11:53:20;37.23;Synchronized;;;
1562;21/06/2023;11:51:01;37.51;Synchronized;;;1562;21/06/2023;11:53:15;36.75;Synchronized;;;1562;21/06/2023;11:54:20;37.2;Synchronized;;;
1563;21/06/2023;11:52:01;37.52;Synchronized;;;1563;21/06/2023;11:54:14;36.74;Synchronized;;;1563;21/06/2023;11:55:20;37.19;Synchronized;;;
1564;21/06/2023;11:53:01;37.52;Synchronized;;;1564;21/06/2023;11:55:14;36.76;Synchronized;;;1564;21/06/2023;11:56:20;37.2;;;;
1565;21/06/2023;11:54:01;37.52;Synchronized;;;1565;21/06/2023;11:56:14;36.76;Synchronized;;;1565;21/06/2023;11:57:20;37.2;Synchronized;;;
1566;21/06/2023;11:55:01;37.53;Synchronized;;;1566;21/06/2023;11:57:14;36.78;Synchronized;;;1566;21/06/2023;11:58:20;37.19;Synchronized;;;
1567;21/06/2023;11:56:01;37.52;Synchronized;;;1567;21/06/2023;11:58:14;36.8;Synchronized;;;1567;21/06/2023;11:59:20;37.22;Synchronized;;;
1568;21/06/2023;11:57:00;37.54;Synchronized;;;1568;21/06/2023;11:59:14;36.78;Synchronized;;;1568;21/06/2023;12:00:20;37.16;Synchronized;;;
1569;21/06/2023;11:58:00;37.52;Synchronized;;;1569;21/06/2023;12:00:14;36.82;Synchronized;;;1569;21/06/2023;12:01:19;37.18;Synchronized;;;
1570;21/06/2023;11:59:00;37.54;Synchronized;;;1570;21/06/2023;12:01:14;36.81;Synchronized;;;1570;21/06/2023;12:02:19;37.2;Synchronized;;;
1571;21/06/2023;12:00:00;37.52;Synchronized;;;1571;21/06/2023;12:02:14;36.83;Synchronized;;;1571;21/06/2023;12:03:19;37.23;Synchronized;;;
1572;21/06/2023;12:01:00;37.51;Synchronized;;;1572;21/06/2023;12:03:14;36.84;Synchronized;;;1572;21/06/2023;12:04:19;37.23;;;;
1573;21/06/2023;12:02:00;37.55;Synchronized;;;1573;21/06/2023;12:04:13;36.85;Synchronized;;;1573;21/06/2023;12:05:19;37.23;;;;
1574;21/06/2023;12:03:00;37.53;Synchronized;;;1574;21/06/2023;12:05:13;36.84;Synchronized;;;1574;21/06/2023;12:06:19;37.23;Synchronized;;;
1575;21/06/2023;12:04:00;37.53;Synchronized;;;1575;21/06/2023;12:06:13;36.87;Synchronized;;;1575;21/06/2023;12:07:19;37.2;Synchronized;;;
1576;21/06/2023;12:04:59;37.51;Synchronized;;;1576;21/06/2023;12:07:13;36.87;Synchronized;;;1576;21/06/2023;12:08:19;37.24;Synchronized;;;
1577;21/06/2023;12:05:59;37.54;Synchronized;;;1577;21/06/2023;12:08:13;36.88;Synchronized;;;1577;21/06/2023;12:09:19;37.23;Synchronized;;;
1578;21/06/2023;12:06:59;37.56;Synchronized;;;1578;21/06/2023;12:09:13;36.88;Synchronized;;;1578;21/06/2023;12:10:19;37.22;Synchronized;;;
1579;21/06/2023;12:07:59;37.55;Synchronized;;;1579;21/06/2023;12:10:13;36.89;Synchronized;;;1579;21/06/2023;12:11:19;37.22;Synchronized;;;
1580;21/06/2023;12:08:59;37.58;Synchronized;;;1580;21/06/2023;12:11:13;36.91;Synchronized;;;1580;21/06/2023;12:12:19;37.24;Synchronized;;;
1581;21/06/2023;12:09:59;37.58;Synchronized;;;1581;21/06/2023;12:12:13;36.91;Synchronized;;;1581;21/06/2023;12:13:18;37.2;Synchronized;;;
1582;21/06/2023;12:10:59;37.62;Synchronized;;;1582;21/06/2023;12:13:13;36.93;Synchronized;;;1582;21/06/2023;12:14:18;37.21;Synchronized;;;
1583;21/06/2023;12:11:59;37.61;Synchronized;;;1583;21/06/2023;12:14:12;36.94;Synchronized;;;1583;21/06/2023;12:15:18;37.22;Synchronized;;;
1584;21/06/2023;12:12:59;37.61;Synchronized;;;1584;21/06/2023;12:15:12;36.93;Synchronized;;;1584;21/06/2023;12:16:18;37.18;Synchronized;;;
1585;21/06/2023;12:13:58;37.62;Synchronized;;;1585;21/06/2023;12:16:12;36.95;Synchronized;;;1585;21/06/2023;12:17:18;37.15;Synchronized;;;
1586;21/06/2023;12:14:58;37.65;Synchronized;;;1586;21/06/2023;12:17:12;36.94;Synchronized;;;1586;21/06/2023;12:18:18;37.19;Synchronized;;;
1587;21/06/2023;12:15:58;37.63;Synchronized;;;1587;21/06/2023;12:18:12;36.95;Synchronized;;;1587;21/06/2023;12:19:18;37.19;;;;
1588;21/06/2023;12:16:58;37.63;Synchronized;;;1588;21/06/2023;12:19:12;36.95;Synchronized;;;1588;21/06/2023;12:20:18;37.21;Synchronized;;;
1589;21/06/2023;12:17:58;37.64;Synchronized;;;1589;21/06/2023;12:20:12;36.97;Synchronized;;;1589;21/06/2023;12:21:18;37.19;Synchronized;;;
1590;21/06/2023;12:18:58;37.63;Synchronized;;;1590;21/06/2023;12:21:12;36.97;Synchronized;;;1590;21/06/2023;12:22:18;37.23;Synchronized;;;
1591;21/06/2023;12:19:58;37.62;Synchronized;;;1591;21/06/2023;12:22:12;36.96;Synchronized;;;1591;21/06/2023;12:23:18;37.24;Synchronized;;;
1592;21/06/2023;12:20:58;37.63;Synchronized;;;1592;21/06/2023;12:23:11;36.97;Synchronized;;;1592;21/06/2023;12:24:17;37.26;Synchronized;;;
1593;21/06/2023;12:21:57;37.61;Synchronized;;;1593;21/06/2023;12:24:11;36.97;Synchronized;;;1593;21/06/2023;12:25:17;37.25;Synchronized;;;
1594;21/06/2023;12:22:57;37.63;Synchronized;;;1594;21/06/2023;12:25:11;36.97;Synchronized;;;1594;21/06/2023;12:26:17;37.27;Synchronized;;;
1595;21/06/2023;12:23:57;37.61;Synchronized;;;1595;21/06/2023;12:26:11;36.97;Synchronized;;;1595;21/06/2023;12:27:17;37.27;Synchronized;;;
1596;21/06/2023;12:24:57;37.59;Synchronized;;;1596;21/06/2023;12:27:11;36.98;Synchronized;;;1596;21/06/2023;12:28:17;37.27;;;;
1597;21/06/2023;12:25:57;37.59;Synchronized;;;1597;21/06/2023;12:28:11;36.97;Synchronized;;;1597;21/06/2023;12:29:17;37.27;Synchronized;;;
1598;21/06/2023;12:26:57;37.59;Synchronized;;;1598;21/06/2023;12:29:11;36.98;Synchronized;;;1598;21/06/2023;12:30:17;37.29;Synchronized;;;
1599;21/06/2023;12:27:57;37.61;Synchronized;;;1599;21/06/2023;12:30:11;36.97;Synchronized;;;1599;21/06/2023;12:31:17;37.29;Synchronized;;;
1600;21/06/2023;12:28:57;37.61;Synchronized;;;1600;21/06/2023;12:31:11;36.98;Synchronized;;;1600;21/06/2023;12:32:17;37.31;Synchronized;;;
1601;21/06/2023;12:29:56;37.61;Synchronized;;;1601;21/06/2023;12:32:11;36.97;Synchronized;;;1601;21/06/2023;12:33:17;37.34;Synchronized;;;
1602;21/06/2023;12:30:56;37.61;Synchronized;;;1602;21/06/2023;12:33:10;36.99;Synchronized;;;1602;21/06/2023;12:34:16;37.33;Synchronized;;;
1603;21/06/2023;12:31:56;37.63;Synchronized;;;1603;21/06/2023;12:34:10;36.35;Synchronized;;;1603;21/06/2023;12:35:16;37.35;Synchronized;;;
1604;21/06/2023;12:32:56;37.62;Synchronized;;;1604;21/06/2023;12:35:10;36.16;Synchronized;;;1604;21/06/2023;12:36:16;37.35;Synchronized;;;
1605;21/06/2023;12:33:56;37.58;Synchronized;;;1605;21/06/2023;12:36:10;36.3;Synchronized;;;1605;21/06/2023;12:37:16;37.37;Synchronized;;;
1606;21/06/2023;12:34:56;37.59;Synchronized;;;1606;21/06/2023;12:37:10;36.36;Synchronized;;;1606;21/06/2023;12:38:16;37.38;Synchronized;;;
1607;21/06/2023;12:35:56;37.61;Synchronized;;;1607;21/06/2023;12:38:10;36.45;Synchronized;;;1607;21/06/2023;12:39:16;37.38;Synchronized;;;
1608;21/06/2023;12:36:56;37.6;Synchronized;;;1608;21/06/2023;12:39:10;36.55;Synchronized;;;1608;21/06/2023;12:40:16;37.37;Synchronized;;;
1609;21/06/2023;12:37:56;37.61;Synchronized;;;1609;21/06/2023;12:40:10;36.63;Synchronized;;;1609;21/06/2023;12:41:16;37.38;Synchronized;;;
1610;21/06/2023;12:38:55;37.61;Synchronized;;;1610;21/06/2023;12:41:10;36.52;Synchronized;;;1610;21/06/2023;12:42:16;37.38;Synchronized;;;
1611;21/06/2023;12:39:55;37.63;Synchronized;;;1611;21/06/2023;12:42:10;36.8;Synchronized;;;1611;21/06/2023;12:43:16;37.38;Synchronized;;;
1612;21/06/2023;12:40:55;37.65;Synchronized;;;1612;21/06/2023;12:43:09;36.95;Synchronized;;;1612;21/06/2023;12:44:15;37.38;Synchronized;;;
1613;21/06/2023;12:41:55;37.65;Synchronized;;;1613;21/06/2023;12:44:09;37.02;Synchronized;;;1613;21/06/2023;12:45:15;37.41;Synchronized;;;
1614;21/06/2023;12:42:55;37.64;Synchronized;;;1614;21/06/2023;12:45:09;37.09;Synchronized;;;1614;21/06/2023;12:46:15;37.39;Synchronized;;;
1615;21/06/2023;12:43:55;37.63;Synchronized;;;1615;21/06/2023;12:46:09;37.12;Synchronized;;;1615;21/06/2023;12:47:15;37.37;Synchronized;;;
1616;21/06/2023;12:44:55;37.63;Synchronized;;;1616;21/06/2023;12:47:09;37.1;Synchronized;;;1616;21/06/2023;12:48:15;37.38;Synchronized;;;
1617;21/06/2023;12:45:55;37.64;Synchronized;;;1617;21/06/2023;12:48:09;37.09;Synchronized;;;1617;21/06/2023;12:49:15;37.4;Synchronized;;;
1618;21/06/2023;12:46:54;37.63;Synchronized;;;1618;21/06/2023;12:49:09;37.08;Synchronized;;;1618;21/06/2023;12:50:15;37.42;Synchronized;;;
1619;21/06/2023;12:47:54;37.73;Synchronized;;;1619;21/06/2023;12:50:09;37.07;Synchronized;;;1619;21/06/2023;12:51:15;37.4;Synchronized;;;
1620;21/06/2023;12:48:54;37.76;Synchronized;;;1620;21/06/2023;12:51:09;37.04;Synchronized;;;1620;21/06/2023;12:52:15;37.4;Synchronized;;;
1621;21/06/2023;12:49:54;37.79;Synchronized;;;1621;21/06/2023;12:52:09;37.05;Synchronized;;;1621;21/06/2023;12:53:15;37.41;Synchronized;;;
1622;21/06/2023;12:50:54;37.8;Synchronized;;;1622;21/06/2023;12:53:08;37.06;Synchronized;;;1622;21/06/2023;12:54:14;37.44;Synchronized;;;
1623;21/06/2023;12:51:54;37.77;Synchronized;;;1623;21/06/2023;12:54:08;37.06;Synchronized;;;1623;21/06/2023;12:55:14;37.42;Synchronized;;;
1624;21/06/2023;12:52:54;37.77;Synchronized;;;1624;21/06/2023;12:55:08;37.04;Synchronized;;;1624;21/06/2023;12:56:14;37.44;Synchronized;;;
1625;21/06/2023;12:53:54;37.78;Synchronized;;;1625;21/06/2023;12:56:08;37.04;Synchronized;;;1625;21/06/2023;12:57:14;37.46;Synchronized;;;
1626;21/06/2023;12:54:53;37.76;Synchronized;;;1626;21/06/2023;12:57:08;37.06;Synchronized;;;1626;21/06/2023;12:58:14;37.47;Synchronized;;;
1627;21/06/2023;12:55:53;37.8;Synchronized;;;1627;21/06/2023;12:58:08;37.02;Synchronized;;;1627;21/06/2023;12:59:14;37.48;Synchronized;;;
1628;21/06/2023;12:56:53;37.82;Synchronized;;;1628;21/06/2023;12:59:08;37.07;Synchronized;;;1628;21/06/2023;13:00:14;37.47;Synchronized;;;
1629;21/06/2023;12:57:53;37.84;Synchronized;;;1629;21/06/2023;13:00:08;37.08;Synchronized;;;1629;21/06/2023;13:01:14;37.5;Synchronized;;;
1630;21/06/2023;12:58:53;37.85;;;;1630;21/06/2023;13:01:08;37.03;Synchronized;;;1630;21/06/2023;13:02:14;37.5;Synchronized;;;
1631;21/06/2023;12:59:53;37.84;Synchronized;;;1631;21/06/2023;13:02:07;37.07;Synchronized;;;1631;21/06/2023;13:03:14;37.52;Synchronized;;;
1632;21/06/2023;13:00:53;37.84;Synchronized;;;1632;21/06/2023;13:03:07;37.05;Synchronized;;;1632;21/06/2023;13:04:14;37.55;Synchronized;;;
1633;21/06/2023;13:01:53;37.84;Synchronized;;;1633;21/06/2023;13:04:07;37.06;Synchronized;;;1633;21/06/2023;13:05:13;37.59;Synchronized;;;
1634;21/06/2023;13:02:53;37.81;;;;1634;21/06/2023;13:05:07;37.03;Synchronized;;;1634;21/06/2023;13:06:13;37.59;Synchronized;;;
1635;21/06/2023;13:03:53;37.79;Synchronized;;;1635;21/06/2023;13:06:07;37.03;Synchronized;;;1635;21/06/2023;13:07:13;37.65;Synchronized;;;
1636;21/06/2023;13:04:53;37.8;;;;1636;21/06/2023;13:07:07;37.02;Synchronized;;;1636;21/06/2023;13:08:13;37.66;Synchronized;;;
1637;21/06/2023;13:05:53;37.77;Synchronized;;;1637;21/06/2023;13:08:07;37.04;Synchronized;;;1637;21/06/2023;13:09:13;37.68;Synchronized;;;
1638;21/06/2023;13:06:52;37.79;;;;1638;21/06/2023;13:09:07;37.03;Synchronized;;;1638;21/06/2023;13:10:13;37.68;Synchronized;;;
1639;21/06/2023;13:07:52;37.77;;;;1639;21/06/2023;13:10:07;37.04;Synchronized;;;1639;21/06/2023;13:11:13;37.69;Synchronized;;;
1640;21/06/2023;13:08:52;37.73;Synchronized;;;1640;21/06/2023;13:11:07;37.05;Synchronized;;;1640;21/06/2023;13:12:13;37.7;Synchronized;;;
1641;21/06/2023;13:09:52;37.74;Synchronized;;;1641;21/06/2023;13:12:06;37.04;Synchronized;;;1641;21/06/2023;13:13:13;37.7;Synchronized;;;
1642;21/06/2023;13:10:52;37.73;Synchronized;;;1642;21/06/2023;13:13:06;37.03;Synchronized;;;1642;21/06/2023;13:14:13;37.74;Synchronized;;;
1643;21/06/2023;13:11:51;37.74;Synchronized;;;1643;21/06/2023;13:14:06;37.02;Synchronized;;;1643;21/06/2023;13:15:12;37.75;Synchronized;;;
1644;21/06/2023;13:12:51;37.73;Synchronized;;;1644;21/06/2023;13:15:06;37;Synchronized;;;1644;21/06/2023;13:16:12;37.75;Synchronized;;;
1645;21/06/2023;13:13:51;37.7;Synchronized;;;1645;21/06/2023;13:16:06;37.02;Synchronized;;;1645;21/06/2023;13:17:12;37.75;Synchronized;;;
1646;21/06/2023;13:14:51;37.68;Synchronized;;;1646;21/06/2023;13:17:06;36.99;Synchronized;;;1646;21/06/2023;13:18:12;37.73;Synchronized;;;
1647;21/06/2023;13:15:51;37.66;Synchronized;;;1647;21/06/2023;13:18:06;37.01;Synchronized;;;1647;21/06/2023;13:19:12;37.75;Synchronized;;;
1648;21/06/2023;13:16:51;37.63;Synchronized;;;1648;21/06/2023;13:19:06;37.03;Synchronized;;;1648;21/06/2023;13:20:12;37.75;Synchronized;;;
1649;21/06/2023;13:17:51;37.62;Synchronized;;;1649;21/06/2023;13:20:06;37.02;Synchronized;;;1649;21/06/2023;13:21:12;37.77;Synchronized;;;
1650;21/06/2023;13:18:51;37.62;Synchronized;;;1650;21/06/2023;13:21:06;37.01;Synchronized;;;1650;21/06/2023;13:22:12;37.8;Synchronized;;;
1651;21/06/2023;13:19:50;37.58;Synchronized;;;1651;21/06/2023;13:22:05;37.02;Synchronized;;;1651;21/06/2023;13:23:12;37.73;Synchronized;;;
1652;21/06/2023;13:20:50;37.63;Synchronized;;;1652;21/06/2023;13:23:05;37.02;Synchronized;;;1652;21/06/2023;13:24:12;37.72;Synchronized;;;
1653;21/06/2023;13:21:50;37.63;Synchronized;;;1653;21/06/2023;13:24:05;37.02;Synchronized;;;1653;21/06/2023;13:25:11;37.78;Synchronized;;;
1654;21/06/2023;13:22:50;37.63;Synchronized;;;1654;21/06/2023;13:25:05;37.02;Synchronized;;;1654;21/06/2023;13:26:11;37.77;Synchronized;;;
1655;21/06/2023;13:23:50;37.62;Synchronized;;;1655;21/06/2023;13:26:05;37.04;Synchronized;;;1655;21/06/2023;13:27:11;37.8;Synchronized;;;
1656;21/06/2023;13:24:50;37.63;Synchronized;;;1656;21/06/2023;13:27:05;37.02;Synchronized;;;1656;21/06/2023;13:28:11;37.77;Synchronized;;;
1657;21/06/2023;13:25:50;37.64;Synchronized;;;1657;21/06/2023;13:28:05;37.04;Synchronized;;;1657;21/06/2023;13:29:11;37.73;Synchronized;;;
1658;21/06/2023;13:26:50;37.61;Synchronized;;;1658;21/06/2023;13:29:05;37.05;Synchronized;;;1658;21/06/2023;13:30:11;37.8;Synchronized;;;
1659;21/06/2023;13:27:49;37.66;Synchronized;;;1659;21/06/2023;13:30:05;37.08;Synchronized;;;1659;21/06/2023;13:31:11;37.86;Synchronized;;;
1660;21/06/2023;13:28:49;37.63;Synchronized;;;1660;21/06/2023;13:31:05;37.05;Synchronized;;;1660;21/06/2023;13:32:11;37.85;Synchronized;;;
1661;21/06/2023;13:29:49;37.63;Synchronized;;;1661;21/06/2023;13:32:04;37.07;Synchronized;;;1661;21/06/2023;13:33:11;37.83;Synchronized;;;
1662;21/06/2023;13:30:49;37.6;;;;1662;21/06/2023;13:33:04;37.06;Synchronized;;;1662;21/06/2023;13:34:11;37.78;Synchronized;;;
1663;21/06/2023;13:31:49;37.55;Synchronized;;;1663;21/06/2023;13:34:04;37.06;Synchronized;;;1663;21/06/2023;13:35:10;37.74;Synchronized;;;
1664;21/06/2023;13:32:49;37.55;;;;1664;21/06/2023;13:35:04;37.07;Synchronized;;;1664;21/06/2023;13:36:10;37.73;Synchronized;;;
1665;21/06/2023;13:33:49;37.55;;;;1665;21/06/2023;13:36:04;37.06;Synchronized;;;1665;21/06/2023;13:37:10;37.69;Synchronized;;;
1666;21/06/2023;13:34:48;37.54;;;;1666;21/06/2023;13:37:04;37.05;Synchronized;;;1666;21/06/2023;13:38:10;37.68;Synchronized;;;
1667;21/06/2023;13:35:48;37.52;;;;1667;21/06/2023;13:38:04;37.06;Synchronized;;;1667;21/06/2023;13:39:10;37.66;Synchronized;;;
1668;21/06/2023;13:36:48;37.55;;;;1668;21/06/2023;13:39:04;37.08;Synchronized;;;1668;21/06/2023;13:40:10;37.64;Synchronized;;;
1669;21/06/2023;13:37:48;37.53;Synchronized;;;1669;21/06/2023;13:40:04;37.08;Synchronized;;;1669;21/06/2023;13:41:10;37.62;Synchronized;;;
1670;21/06/2023;13:38:48;37.53;Synchronized;;;1670;21/06/2023;13:41:03;37.09;Synchronized;;;1670;21/06/2023;13:42:10;37.62;Synchronized;;;
1671;21/06/2023;13:39:48;37.54;Synchronized;;;1671;21/06/2023;13:42:03;37.06;Synchronized;;;1671;21/06/2023;13:43:10;37.63;Synchronized;;;
1672;21/06/2023;13:40:47;37.53;Synchronized;;;1672;21/06/2023;13:43:03;37.08;Synchronized;;;1672;21/06/2023;13:44:10;37.59;Synchronized;;;
1673;21/06/2023;13:41:47;37.49;Synchronized;;;1673;21/06/2023;13:44:03;37.07;Synchronized;;;1673;21/06/2023;13:45:10;37.58;Synchronized;;;
1674;21/06/2023;13:42:47;37.5;Synchronized;;;1674;21/06/2023;13:45:03;37.06;Synchronized;;;1674;21/06/2023;13:46:09;37.55;Synchronized;;;
1675;21/06/2023;13:43:47;37.48;Synchronized;;;1675;21/06/2023;13:46:03;37.07;Synchronized;;;1675;21/06/2023;13:47:09;37.54;Synchronized;;;
1676;21/06/2023;13:44:47;37.48;Synchronized;;;1676;21/06/2023;13:47:03;37.07;Synchronized;;;1676;21/06/2023;13:48:09;37.52;Synchronized;;;
1677;21/06/2023;13:45:47;37.47;Synchronized;;;1677;21/06/2023;13:48:03;37.07;Synchronized;;;1677;21/06/2023;13:49:09;37.48;Synchronized;;;
1678;21/06/2023;13:46:46;37.45;Synchronized;;;1678;21/06/2023;13:49:03;37.08;Synchronized;;;1678;21/06/2023;13:50:09;37.5;Synchronized;;;
1679;21/06/2023;13:47:46;37.48;Synchronized;;;1679;21/06/2023;13:50:03;37.08;Synchronized;;;1679;21/06/2023;13:51:09;37.49;Synchronized;;;
1680;21/06/2023;13:48:46;37.45;Synchronized;;;1680;21/06/2023;13:51:02;37.05;Synchronized;;;1680;21/06/2023;13:52:09;37.46;Synchronized;;;
1681;21/06/2023;13:49:46;37.48;Synchronized;;;1681;21/06/2023;13:52:02;37.03;Synchronized;;;1681;21/06/2023;13:53:09;37.46;Synchronized;;;
1682;21/06/2023;13:50:46;37.47;Synchronized;;;1682;21/06/2023;13:53:02;37.03;Synchronized;;;1682;21/06/2023;13:54:09;37.45;Synchronized;;;
1683;21/06/2023;13:51:46;37.45;Synchronized;;;1683;21/06/2023;13:54:02;37.01;Synchronized;;;1683;21/06/2023;13:55:09;37.45;Synchronized;;;
1684;21/06/2023;13:52:46;37.44;Synchronized;;;1684;21/06/2023;13:55:02;37.02;Synchronized;;;1684;21/06/2023;13:56:08;37.46;Synchronized;;;
1685;21/06/2023;13:53:45;37.45;Synchronized;;;1685;21/06/2023;13:56:02;37;Synchronized;;;1685;21/06/2023;13:57:08;37.44;Synchronized;;;
1686;21/06/2023;13:54:45;37.44;Synchronized;;;1686;21/06/2023;13:57:02;37;Synchronized;;;1686;21/06/2023;13:58:08;37.48;Synchronized;;;
1687;21/06/2023;13:55:45;37.43;Synchronized;;;1687;21/06/2023;13:58:02;37;Synchronized;;;1687;21/06/2023;13:59:08;37.47;Synchronized;;;
1688;21/06/2023;13:56:45;37.45;;;;1688;21/06/2023;13:59:02;36.99;Synchronized;;;1688;21/06/2023;14:00:08;37.48;Synchronized;;;
1689;21/06/2023;13:57:45;37.41;Synchronized;;;1689;21/06/2023;14:00:02;36.99;Synchronized;;;1689;21/06/2023;14:01:08;37.48;Synchronized;;;
1690;21/06/2023;13:58:45;37.45;Synchronized;;;1690;21/06/2023;14:01:01;37;Synchronized;;;1690;21/06/2023;14:02:08;37.48;Synchronized;;;
1691;21/06/2023;13:59:45;37.45;Synchronized;;;1691;21/06/2023;14:02:01;36.99;Synchronized;;;1691;21/06/2023;14:03:08;37.48;Synchronized;;;
1692;21/06/2023;14:00:45;37.52;;;;1692;21/06/2023;14:03:01;37.01;Synchronized;;;1692;21/06/2023;14:04:08;37.46;Synchronized;;;
1693;21/06/2023;14:01:45;37.56;;;;1693;21/06/2023;14:04:01;37;Synchronized;;;1693;21/06/2023;14:05:08;37.47;Synchronized;;;
1694;21/06/2023;14:02:44;37.57;;;;1694;21/06/2023;14:05:01;36.98;Synchronized;;;1694;21/06/2023;14:06:07;37.46;Synchronized;;;
1695;21/06/2023;14:03:44;37.55;;;;1695;21/06/2023;14:06:01;36.97;Synchronized;;;1695;21/06/2023;14:07:07;37.48;Synchronized;;;
1696;21/06/2023;14:04:44;37.54;Synchronized;;;1696;21/06/2023;14:07:01;37;Synchronized;;;1696;21/06/2023;14:08:07;37.47;Synchronized;;;
1697;21/06/2023;14:05:44;37.53;Synchronized;;;1697;21/06/2023;14:08:01;36.98;Synchronized;;;1697;21/06/2023;14:09:07;37.45;Synchronized;;;
1698;21/06/2023;14:06:44;37.52;Synchronized;;;1698;21/06/2023;14:09:01;36.97;Synchronized;;;1698;21/06/2023;14:10:07;37.45;Synchronized;;;
1699;21/06/2023;14:07:44;37.52;Synchronized;;;1699;21/06/2023;14:10:01;36.95;Synchronized;;;1699;21/06/2023;14:11:07;37.43;Synchronized;;;
1700;21/06/2023;14:08:43;37.51;Synchronized;;;1700;21/06/2023;14:11:00;36.98;Synchronized;;;1700;21/06/2023;14:12:07;37.44;Synchronized;;;
1701;21/06/2023;14:09:43;37.47;Synchronized;;;1701;21/06/2023;14:12:00;36.96;Synchronized;;;1701;21/06/2023;14:13:07;37.42;Synchronized;;;
1702;21/06/2023;14:10:43;37.48;Synchronized;;;1702;21/06/2023;14:13:00;36.95;Synchronized;;;1702;21/06/2023;14:14:07;37.45;Synchronized;;;
1703;21/06/2023;14:11:43;37.45;Synchronized;;;1703;21/06/2023;14:14:00;36.97;Synchronized;;;1703;21/06/2023;14:15:07;37.45;Synchronized;;;
1704;21/06/2023;14:12:43;37.4;Synchronized;;;1704;21/06/2023;14:15:00;36.95;Synchronized;;;1704;21/06/2023;14:16:07;37.42;Synchronized;;;
1705;21/06/2023;14:13:43;37.38;Synchronized;;;1705;21/06/2023;14:16:00;36.98;Synchronized;;;1705;21/06/2023;14:17:06;37.42;Synchronized;;;
1706;21/06/2023;14:14:43;37.3;Synchronized;;;1706;21/06/2023;14:17:00;36.96;Synchronized;;;1706;21/06/2023;14:18:06;37.42;Synchronized;;;
1707;21/06/2023;14:15:43;37.36;Synchronized;;;1707;21/06/2023;14:18:00;36.95;Synchronized;;;1707;21/06/2023;14:19:06;37.43;Synchronized;;;
1708;21/06/2023;14:16:43;37.34;Synchronized;;;1708;21/06/2023;14:19:00;36.95;Synchronized;;;1708;21/06/2023;14:20:06;37.43;Synchronized;;;
1709;21/06/2023;14:17:43;37.35;Synchronized;;;1709;21/06/2023;14:20:00;36.95;Synchronized;;;1709;21/06/2023;14:21:06;37.43;Synchronized;;;
1710;21/06/2023;14:18:42;37.36;Synchronized;;;1710;21/06/2023;14:20:59;36.94;Synchronized;;;1710;21/06/2023;14:22:06;37.43;Synchronized;;;
1711;21/06/2023;14:19:42;37.4;Synchronized;;;1711;21/06/2023;14:21:59;36.95;Synchronized;;;1711;21/06/2023;14:23:06;37.42;Synchronized;;;
1712;21/06/2023;14:20:42;37.48;Synchronized;;;1712;21/06/2023;14:22:59;36.96;Synchronized;;;1712;21/06/2023;14:24:06;37.44;Synchronized;;;
1713;21/06/2023;14:21:42;37.59;Synchronized;;;1713;21/06/2023;14:23:59;36.95;Synchronized;;;1713;21/06/2023;14:25:06;37.43;Synchronized;;;
1714;21/06/2023;14:22:42;37.67;;;;1714;21/06/2023;14:24:59;36.96;Synchronized;;;1714;21/06/2023;14:26:06;37.4;Synchronized;;;
1715;21/06/2023;14:23:42;37.67;Synchronized;;;1715;21/06/2023;14:25:59;36.95;Synchronized;;;1715;21/06/2023;14:27:05;37.4;Synchronized;;;
1716;21/06/2023;14:24:42;37.68;Synchronized;;;1716;21/06/2023;14:26:59;36.97;Synchronized;;;1716;21/06/2023;14:28:05;37.4;Synchronized;;;
1717;21/06/2023;14:25:41;37.66;Synchronized;;;1717;21/06/2023;14:27:59;36.95;Synchronized;;;1717;21/06/2023;14:29:05;37.42;Synchronized;;;
1718;21/06/2023;14:26:41;37.66;Synchronized;;;1718;21/06/2023;14:28:59;36.95;Synchronized;;;1718;21/06/2023;14:30:05;37.43;Synchronized;;;
1719;21/06/2023;14:27:41;37.65;Synchronized;;;1719;21/06/2023;14:29:58;36.95;Synchronized;;;1719;21/06/2023;14:31:05;37.38;Synchronized;;;
1720;21/06/2023;14:28:41;37.66;Synchronized;;;1720;21/06/2023;14:30:58;36.96;Synchronized;;;1720;21/06/2023;14:32:05;37.36;Synchronized;;;
1721;21/06/2023;14:29:41;37.65;Synchronized;;;1721;21/06/2023;14:31:58;36.97;Synchronized;;;1721;21/06/2023;14:33:05;37.38;Synchronized;;;
1722;21/06/2023;14:30:41;37.64;Synchronized;;;1722;21/06/2023;14:32:58;36.96;Synchronized;;;1722;21/06/2023;14:34:05;37.39;Synchronized;;;
1723;21/06/2023;14:31:40;37.63;Synchronized;;;1723;21/06/2023;14:33:58;36.98;Synchronized;;;1723;21/06/2023;14:35:05;37.38;Synchronized;;;
1724;21/06/2023;14:32:40;37.63;Synchronized;;;1724;21/06/2023;14:34:58;36.98;Synchronized;;;1724;21/06/2023;14:36:05;37.41;Synchronized;;;
1725;21/06/2023;14:33:40;37.63;Synchronized;;;1725;21/06/2023;14:35:58;37;Synchronized;;;1725;21/06/2023;14:37:04;37.39;Synchronized;;;
1726;21/06/2023;14:34:40;37.63;Synchronized;;;1726;21/06/2023;14:36:58;36.98;Synchronized;;;1726;21/06/2023;14:38:04;37.41;Synchronized;;;
1727;21/06/2023;14:35:40;37.64;Synchronized;;;1727;21/06/2023;14:37:58;36.98;Synchronized;;;1727;21/06/2023;14:39:04;37.4;Synchronized;;;
1728;21/06/2023;14:36:40;37.62;Synchronized;;;1728;21/06/2023;14:38:58;36.98;Synchronized;;;1728;21/06/2023;14:40:04;37.41;Synchronized;;;
1729;21/06/2023;14:37:39;37.6;Synchronized;;;1729;21/06/2023;14:39:57;36.96;Synchronized;;;1729;21/06/2023;14:41:04;37.37;Synchronized;;;
1730;21/06/2023;14:38:39;37.57;Synchronized;;;1730;21/06/2023;14:40:57;36.95;Synchronized;;;1730;21/06/2023;14:42:04;37.37;Synchronized;;;
1731;21/06/2023;14:39:39;37.54;;;;1731;21/06/2023;14:41:57;36.97;Synchronized;;;1731;21/06/2023;14:43:04;37.36;Synchronized;;;
1732;21/06/2023;14:40:39;37.55;Synchronized;;;1732;21/06/2023;14:42:57;36.97;Synchronized;;;1732;21/06/2023;14:44:04;37.37;Synchronized;;;
1733;21/06/2023;14:41:39;37.56;Synchronized;;;1733;21/06/2023;14:43:57;36.96;Synchronized;;;1733;21/06/2023;14:45:04;37.38;Synchronized;;;
1734;21/06/2023;14:42:39;37.54;;;;1734;21/06/2023;14:44:57;36.96;Synchronized;;;1734;21/06/2023;14:46:04;37.39;Synchronized;;;
1735;21/06/2023;14:43:38;37.59;;;;1735;21/06/2023;14:45:57;36.96;Synchronized;;;1735;21/06/2023;14:47:04;37.39;Synchronized;;;
1736;21/06/2023;14:44:38;37.42;Synchronized;;;1736;21/06/2023;14:46:57;36.95;Synchronized;;;1736;21/06/2023;14:48:03;37.36;Synchronized;;;
1737;21/06/2023;14:45:38;37.37;Synchronized;;;1737;21/06/2023;14:47:57;36.95;Synchronized;;;1737;21/06/2023;14:49:03;37.34;Synchronized;;;
1738;21/06/2023;14:46:38;37.33;;;;1738;21/06/2023;14:48:57;36.94;Synchronized;;;1738;21/06/2023;14:50:03;37.34;Synchronized;;;
1739;21/06/2023;14:47:38;37.31;;;;1739;21/06/2023;14:49:56;36.95;Synchronized;;;1739;21/06/2023;14:51:03;37.34;Synchronized;;;
1740;21/06/2023;14:48:38;37.3;;;;1740;21/06/2023;14:50:56;36.95;Synchronized;;;1740;21/06/2023;14:52:03;37.38;Synchronized;;;
1741;21/06/2023;14:49:38;37.32;;;;1741;21/06/2023;14:51:56;36.95;Synchronized;;;1741;21/06/2023;14:53:03;37.35;Synchronized;;;
1742;21/06/2023;14:50:38;37.38;Synchronized;;;1742;21/06/2023;14:52:56;36.95;Synchronized;;;1742;21/06/2023;14:54:03;37.37;Synchronized;;;
1743;21/06/2023;14:51:37;37.45;Synchronized;;;1743;21/06/2023;14:53:56;36.94;Synchronized;;;1743;21/06/2023;14:55:03;37.34;Synchronized;;;
1744;21/06/2023;14:52:37;37.47;;;;1744;21/06/2023;14:54:56;36.94;Synchronized;;;1744;21/06/2023;14:56:03;37.3;Synchronized;;;
1745;21/06/2023;14:53:37;37.48;Synchronized;;;1745;21/06/2023;14:55:56;36.94;Synchronized;;;1745;21/06/2023;14:57:03;37.29;Synchronized;;;
1746;21/06/2023;14:54:37;37.44;Synchronized;;;1746;21/06/2023;14:56:56;36.95;Synchronized;;;1746;21/06/2023;14:58:02;37.27;Synchronized;;;
1747;21/06/2023;14:55:37;37.41;Synchronized;;;1747;21/06/2023;14:57:56;36.93;Synchronized;;;1747;21/06/2023;14:59:02;37.24;Synchronized;;;
1748;21/06/2023;14:56:37;37.41;Synchronized;;;1748;21/06/2023;14:58:56;36.95;Synchronized;;;1748;21/06/2023;15:00:02;37.23;Synchronized;;;
1749;21/06/2023;14:57:36;37.39;Synchronized;;;1749;21/06/2023;14:59:55;36.94;Synchronized;;;1749;21/06/2023;15:01:02;37.23;Synchronized;;;
1750;21/06/2023;14:58:36;37.4;Synchronized;;;1750;21/06/2023;15:00:55;36.94;Synchronized;;;1750;21/06/2023;15:02:02;37.23;Synchronized;;;
1751;21/06/2023;14:59:36;37.41;Synchronized;;;1751;21/06/2023;15:01:55;36.93;Synchronized;;;1751;21/06/2023;15:03:02;37.2;Synchronized;;;
1752;21/06/2023;15:00:36;37.4;Synchronized;;;1752;21/06/2023;15:02:55;36.95;Synchronized;;;1752;21/06/2023;15:04:02;37.2;Synchronized;;;
1753;21/06/2023;15:01:36;37.42;Synchronized;;;1753;21/06/2023;15:03:55;36.94;Synchronized;;;1753;21/06/2023;15:05:02;37.23;Synchronized;;;
1754;21/06/2023;15:02:36;37.42;Synchronized;;;1754;21/06/2023;15:04:55;36.95;Synchronized;;;1754;21/06/2023;15:06:02;37.19;Synchronized;;;
1755;21/06/2023;15:03:36;37.45;Synchronized;;;1755;21/06/2023;15:05:55;36.94;Synchronized;;;1755;21/06/2023;15:07:02;37.19;Synchronized;;;
1756;21/06/2023;15:04:36;37.43;Synchronized;;;1756;21/06/2023;15:06:55;36.95;Synchronized;;;1756;21/06/2023;15:08:01;37.2;Synchronized;;;
1757;21/06/2023;15:05:36;37.42;Synchronized;;;1757;21/06/2023;15:07:55;36.95;Synchronized;;;1757;21/06/2023;15:09:01;37.21;Synchronized;;;
1758;21/06/2023;15:06:35;37.42;Synchronized;;;1758;21/06/2023;15:08:54;36.94;Synchronized;;;1758;21/06/2023;15:10:01;37.21;Synchronized;;;
1759;21/06/2023;15:07:35;37.41;Synchronized;;;1759;21/06/2023;15:09:54;36.95;Synchronized;;;1759;21/06/2023;15:11:01;37.22;Synchronized;;;
1760;21/06/2023;15:08:35;37.38;Synchronized;;;1760;21/06/2023;15:10:54;36.95;Synchronized;;;1760;21/06/2023;15:12:01;37.25;Synchronized;;;
1761;21/06/2023;15:09:35;37.39;Synchronized;;;1761;21/06/2023;15:11:54;36.97;Synchronized;;;1761;21/06/2023;15:13:01;37.25;Synchronized;;;
1762;21/06/2023;15:10:35;37.37;Synchronized;;;1762;21/06/2023;15:12:54;36.97;Synchronized;;;1762;21/06/2023;15:14:01;37.24;Synchronized;;;
1763;21/06/2023;15:11:35;37.37;Synchronized;;;1763;21/06/2023;15:13:54;36.95;Synchronized;;;1763;21/06/2023;15:15:01;37.25;Synchronized;;;
1764;21/06/2023;15:12:35;37.34;Synchronized;;;1764;21/06/2023;15:14:54;36.98;Synchronized;;;1764;21/06/2023;15:16:01;37.28;Synchronized;;;
1765;21/06/2023;15:13:35;37.34;Synchronized;;;1765;21/06/2023;15:15:54;36.98;Synchronized;;;1765;21/06/2023;15:17:01;37.29;Synchronized;;;
1766;21/06/2023;15:14:35;37.35;Synchronized;;;1766;21/06/2023;15:16:54;36.98;Synchronized;;;1766;21/06/2023;15:18:00;37.31;Synchronized;;;
1767;21/06/2023;15:15:34;37.36;Synchronized;;;1767;21/06/2023;15:17:54;36.98;Synchronized;;;1767;21/06/2023;15:19:00;37.29;Synchronized;;;
1768;21/06/2023;15:16:34;37.34;Synchronized;;;1768;21/06/2023;15:18:53;36.99;Synchronized;;;1768;21/06/2023;15:20:00;37.28;Synchronized;;;
1769;21/06/2023;15:17:34;37.34;Synchronized;;;1769;21/06/2023;15:19:53;36.99;Synchronized;;;1769;21/06/2023;15:21:00;37.27;Synchronized;;;
1770;21/06/2023;15:18:34;37.36;Synchronized;;;1770;21/06/2023;15:20:53;36.99;Synchronized;;;1770;21/06/2023;15:22:00;37.26;Synchronized;;;
1771;21/06/2023;15:19:34;37.35;Synchronized;;;1771;21/06/2023;15:21:53;36.99;Synchronized;;;1771;21/06/2023;15:23:00;37.25;Synchronized;;;
1772;21/06/2023;15:20:34;37.31;Synchronized;;;1772;21/06/2023;15:22:53;36.99;Synchronized;;;1772;21/06/2023;15:24:00;37.26;Synchronized;;;
1773;21/06/2023;15:21:34;37.37;Synchronized;;;1773;21/06/2023;15:23:53;36.99;Synchronized;;;1773;21/06/2023;15:25:00;37.28;Synchronized;;;
1774;21/06/2023;15:22:34;37.32;Synchronized;;;1774;21/06/2023;15:24:53;36.99;Synchronized;;;1774;21/06/2023;15:26:00;37.27;Synchronized;;;
1775;21/06/2023;15:23:34;37.28;Synchronized;;;1775;21/06/2023;15:25:53;36.99;Synchronized;;;1775;21/06/2023;15:27:00;37.27;Synchronized;;;
1776;21/06/2023;15:24:33;37.3;Synchronized;;;1776;21/06/2023;15:26:53;36.99;Synchronized;;;1776;21/06/2023;15:28:00;37.29;Synchronized;;;
1777;21/06/2023;15:25:33;37.3;Synchronized;;;1777;21/06/2023;15:27:53;36.98;Synchronized;;;1777;21/06/2023;15:28:59;37.23;Synchronized;;;
1778;21/06/2023;15:26:33;37.3;Synchronized;;;1778;21/06/2023;15:28:52;37;Synchronized;;;1778;21/06/2023;15:29:59;37.22;Synchronized;;;
1779;21/06/2023;15:27:33;37.25;Synchronized;;;1779;21/06/2023;15:29:52;36.99;Synchronized;;;1779;21/06/2023;15:30:59;37.21;Synchronized;;;
1780;21/06/2023;15:28:33;37.15;Synchronized;;;1780;21/06/2023;15:30:52;37.01;Synchronized;;;1780;21/06/2023;15:31:59;37.23;Synchronized;;;
1781;21/06/2023;15:29:33;36.96;Synchronized;;;1781;21/06/2023;15:31:52;37.02;Synchronized;;;1781;21/06/2023;15:32:59;37.23;Synchronized;;;
1782;21/06/2023;15:30:33;36.84;Synchronized;;;1782;21/06/2023;15:32:52;37.02;Synchronized;;;1782;21/06/2023;15:33:59;37.25;Synchronized;;;
1783;21/06/2023;15:31:33;36.67;Synchronized;;;1783;21/06/2023;15:33:52;37.02;Synchronized;;;1783;21/06/2023;15:34:59;37.24;Synchronized;;;
1784;21/06/2023;15:32:32;36.52;Synchronized;;;1784;21/06/2023;15:34:52;37.01;Synchronized;;;1784;21/06/2023;15:35:59;37.24;Synchronized;;;
1785;21/06/2023;15:33:32;36.49;Synchronized;;;1785;21/06/2023;15:35:52;37.03;Synchronized;;;1785;21/06/2023;15:36:59;37.27;Synchronized;;;
1786;21/06/2023;15:34:32;36.51;Synchronized;;;1786;21/06/2023;15:36:52;37.01;Synchronized;;;1786;21/06/2023;15:37:59;37.24;Synchronized;;;
1787;21/06/2023;15:35:32;36.53;Synchronized;;;1787;21/06/2023;15:37:52;37.02;Synchronized;;;1787;21/06/2023;15:38:58;37.23;Synchronized;;;
1788;21/06/2023;15:36:32;36.54;Synchronized;;;1788;21/06/2023;15:38:51;37;Synchronized;;;1788;21/06/2023;15:39:58;37.27;Synchronized;;;
1789;21/06/2023;15:37:32;36.58;Synchronized;;;1789;21/06/2023;15:39:51;37.01;Synchronized;;;1789;21/06/2023;15:40:58;37.33;Synchronized;;;
1790;21/06/2023;15:38:32;36.65;Synchronized;;;1790;21/06/2023;15:40:51;37.02;Synchronized;;;1790;21/06/2023;15:41:58;37.36;Synchronized;;;
1791;21/06/2023;15:39:32;36.66;Synchronized;;;1791;21/06/2023;15:41:51;37;Synchronized;;;1791;21/06/2023;15:42:58;37.34;Synchronized;;;
1792;21/06/2023;15:40:32;36.72;Synchronized;;;1792;21/06/2023;15:42:51;37;Synchronized;;;1792;21/06/2023;15:43:58;37.33;Synchronized;;;
1793;21/06/2023;15:41:31;36.77;Synchronized;;;1793;21/06/2023;15:43:51;37.01;Synchronized;;;1793;21/06/2023;15:44:58;37.3;Synchronized;;;
1794;21/06/2023;15:42:31;36.82;Synchronized;;;1794;21/06/2023;15:44:51;37.01;Synchronized;;;1794;21/06/2023;15:45:58;37.31;Synchronized;;;
1795;21/06/2023;15:43:31;36.87;Synchronized;;;1795;21/06/2023;15:45:51;37.02;Synchronized;;;1795;21/06/2023;15:46:58;37.27;Synchronized;;;
1796;21/06/2023;15:44:31;36.91;Synchronized;;;1796;21/06/2023;15:46:51;37.03;Synchronized;;;1796;21/06/2023;15:47:58;37.3;Synchronized;;;
1797;21/06/2023;15:45:31;36.93;Synchronized;;;1797;21/06/2023;15:47:51;37.04;Synchronized;;;1797;21/06/2023;15:48:57;37.29;Synchronized;;;
1798;21/06/2023;15:46:31;36.98;Synchronized;;;1798;21/06/2023;15:48:50;37.04;Synchronized;;;1798;21/06/2023;15:49:57;37.28;Synchronized;;;
1799;21/06/2023;15:47:31;37;Synchronized;;;1799;21/06/2023;15:49:50;37.03;Synchronized;;;1799;21/06/2023;15:50:57;37.27;Synchronized;;;
1800;21/06/2023;15:48:31;37.03;Synchronized;;;1800;21/06/2023;15:50:50;37.02;Synchronized;;;1800;21/06/2023;15:51:57;37.25;Synchronized;;;
1801;21/06/2023;15:49:31;37.04;Synchronized;;;1801;21/06/2023;15:51:50;37.05;Synchronized;;;1801;21/06/2023;15:52:57;37.25;Synchronized;;;
1802;21/06/2023;15:50:30;37.07;Synchronized;;;1802;21/06/2023;15:52:50;37.04;Synchronized;;;1802;21/06/2023;15:53:57;37.26;;;;
1803;21/06/2023;15:51:30;37.06;Synchronized;;;1803;21/06/2023;15:53:50;37.05;Synchronized;;;1803;21/06/2023;15:54:57;37.25;Synchronized;;;
1804;21/06/2023;15:52:30;37.1;Synchronized;;;1804;21/06/2023;15:54:50;37.07;Synchronized;;;1804;21/06/2023;15:55:57;37.26;Synchronized;;;
1805;21/06/2023;15:53:30;37.15;Synchronized;;;1805;21/06/2023;15:55:50;37.05;Synchronized;;;1805;21/06/2023;15:56:57;37.24;Synchronized;;;
1806;21/06/2023;15:54:30;37.2;;;;1806;21/06/2023;15:56:50;37.05;Synchronized;;;1806;21/06/2023;15:57:57;37.25;Synchronized;;;
1807;21/06/2023;15:55:30;37.19;Synchronized;;;1807;21/06/2023;15:57:49;37.07;Synchronized;;;1807;21/06/2023;15:58:56;37.23;Synchronized;;;
1808;21/06/2023;15:56:30;37.2;Synchronized;;;1808;21/06/2023;15:58:49;37.05;Synchronized;;;1808;21/06/2023;15:59:56;37.26;Synchronized;;;
1809;21/06/2023;15:57:30;37.24;Synchronized;;;1809;21/06/2023;15:59:49;37.06;Synchronized;;;1809;21/06/2023;16:00:56;37.31;Synchronized;;;
1810;21/06/2023;15:58:30;37.26;Synchronized;;;1810;21/06/2023;16:00:49;37.07;Synchronized;;;1810;21/06/2023;16:01:56;37.33;Synchronized;;;
1811;21/06/2023;15:59:30;37.28;Synchronized;;;1811;21/06/2023;16:01:49;37.07;Synchronized;;;1811;21/06/2023;16:02:56;37.34;Synchronized;;;
1812;21/06/2023;16:00:29;37.28;Synchronized;;;1812;21/06/2023;16:02:49;37.07;Synchronized;;;1812;21/06/2023;16:03:56;37.35;Synchronized;;;
1813;21/06/2023;16:01:29;37.28;Synchronized;;;1813;21/06/2023;16:03:49;37.05;Synchronized;;;1813;21/06/2023;16:04:56;37.33;Synchronized;;;
1814;21/06/2023;16:02:29;37.28;Synchronized;;;1814;21/06/2023;16:04:49;37.07;Synchronized;;;1814;21/06/2023;16:05:56;37.35;Synchronized;;;
1815;21/06/2023;16:03:29;37.31;Synchronized;;;1815;21/06/2023;16:05:49;37.05;Synchronized;;;1815;21/06/2023;16:06:56;37.36;Synchronized;;;
1816;21/06/2023;16:04:29;37.32;Synchronized;;;1816;21/06/2023;16:06:49;37.05;Synchronized;;;1816;21/06/2023;16:07:55;37.37;Synchronized;;;
1817;21/06/2023;16:05:29;37.33;;;;1817;21/06/2023;16:07:48;37.07;Synchronized;;;1817;21/06/2023;16:08:55;37.39;Synchronized;;;
1818;21/06/2023;16:06:28;37.32;;;;1818;21/06/2023;16:08:48;37.07;Synchronized;;;1818;21/06/2023;16:09:55;37.36;Synchronized;;;
1819;21/06/2023;16:07:28;37.33;Synchronized;;;1819;21/06/2023;16:09:48;37.06;Synchronized;;;1819;21/06/2023;16:10:55;37.37;Synchronized;;;
1820;21/06/2023;16:08:28;37.31;Synchronized;;;1820;21/06/2023;16:10:48;37.05;Synchronized;;;1820;21/06/2023;16:11:55;37.34;Synchronized;;;
1821;21/06/2023;16:09:28;37.31;Synchronized;;;1821;21/06/2023;16:11:48;37.04;Synchronized;;;1821;21/06/2023;16:12:55;37.36;Synchronized;;;
1822;21/06/2023;16:10:28;37.33;;;;1822;21/06/2023;16:12:48;37.04;Synchronized;;;1822;21/06/2023;16:13:55;37.38;Synchronized;;;
1823;21/06/2023;16:11:28;37.32;;;;1823;21/06/2023;16:13:48;37.02;Synchronized;;;1823;21/06/2023;16:14:55;37.37;Synchronized;;;
1824;21/06/2023;16:12:28;37.3;;;;1824;21/06/2023;16:14:48;36.99;Synchronized;;;1824;21/06/2023;16:15:54;37.37;Synchronized;;;
1825;21/06/2023;16:13:27;37.32;;;;1825;21/06/2023;16:15:48;36.99;Synchronized;;;1825;21/06/2023;16:16:54;37.38;Synchronized;;;
1826;21/06/2023;16:14:27;37.3;;;;1826;21/06/2023;16:16:48;36.98;Synchronized;;;1826;21/06/2023;16:17:54;37.39;Synchronized;;;
1827;21/06/2023;16:15:27;37.3;;;;1827;21/06/2023;16:17:47;37;Synchronized;;;1827;21/06/2023;16:18:54;37.38;Synchronized;;;
1828;21/06/2023;16:16:27;37.32;Synchronized;;;1828;21/06/2023;16:18:47;36.98;Synchronized;;;1828;21/06/2023;16:19:54;37.38;Synchronized;;;
1829;21/06/2023;16:17:27;37.3;Synchronized;;;1829;21/06/2023;16:19:47;36.96;Synchronized;;;1829;21/06/2023;16:20:54;37.38;Synchronized;;;
1830;21/06/2023;16:18:27;37.31;;;;1830;21/06/2023;16:20:47;36.96;Synchronized;;;1830;21/06/2023;16:21:54;37.38;Synchronized;;;
1831;21/06/2023;16:19:27;37.3;Synchronized;;;1831;21/06/2023;16:21:47;36.94;Synchronized;;;1831;21/06/2023;16:22:54;37.36;Synchronized;;;
1832;21/06/2023;16:20:27;37.3;;;;1832;21/06/2023;16:22:47;36.94;Synchronized;;;1832;21/06/2023;16:23:54;37.36;Synchronized;;;
1833;21/06/2023;16:21:26;37.31;;;;1833;21/06/2023;16:23:47;36.91;Synchronized;;;1833;21/06/2023;16:24:53;37.38;Synchronized;;;
1834;21/06/2023;16:22:26;37.29;;;;1834;21/06/2023;16:24:47;36.88;Synchronized;;;1834;21/06/2023;16:25:53;37.38;Synchronized;;;
1835;21/06/2023;16:23:26;37.33;;;;1835;21/06/2023;16:25:47;36.86;Synchronized;;;1835;21/06/2023;16:26:53;37.38;Synchronized;;;
1836;21/06/2023;16:24:26;37.31;;;;1836;21/06/2023;16:26:47;36.85;Synchronized;;;1836;21/06/2023;16:27:53;37.37;Synchronized;;;
1837;21/06/2023;16:25:26;37.32;;;;1837;21/06/2023;16:27:46;36.84;Synchronized;;;1837;21/06/2023;16:28:53;37.38;;;;
1838;21/06/2023;16:26:26;37.37;;;;1838;21/06/2023;16:28:46;36.82;Synchronized;;;1838;21/06/2023;16:29:53;37.36;Synchronized;;;
1839;21/06/2023;16:27:26;;Missing data;;;1839;21/06/2023;16:29:46;36.8;Synchronized;;;1839;21/06/2023;16:30:53;37.38;Synchronized;;;
1840;21/06/2023;16:28:26;37.35;;;;1840;21/06/2023;16:30:46;36.79;Synchronized;;;1840;21/06/2023;16:31:53;37.34;Synchronized;;;
;;;;;;;1841;21/06/2023;16:31:46;36.82;;;;1841;21/06/2023;16:32:53;37.35;Synchronized;;;
;;;;;;;1842;21/06/2023;16:32:46;36.8;Synchronized;;;1842;21/06/2023;16:33:53;37.34;Synchronized;;;
;;;;;;;1843;21/06/2023;16:33:46;36.71;Synchronized;;;1843;21/06/2023;16:34:52;37.34;Synchronized;;;
;;;;;;;1844;21/06/2023;16:34:46;36.73;;;;1844;21/06/2023;16:35:52;37.34;Synchronized;;;
;;;;;;;1845;21/06/2023;16:35:46;36.73;;;;1845;21/06/2023;16:36:52;37.36;Synchronized;;;
;;;;;;;1846;21/06/2023;16:36:46;36.73;;;;1846;21/06/2023;16:37:52;37.38;Synchronized;;;
;;;;;;;1847;21/06/2023;16:37:46;36.8;;;;1847;21/06/2023;16:38:52;37.35;;;;
;;;;;;;;;;;;;;1848;21/06/2023;16:39:52;37.34;;;;
;;;;;;;;;;;;;;1849;21/06/2023;16:40:52;37.32;;;;
;;;;;;;;;;;;;;1850;21/06/2023;16:41:52;37.31;;;;
;
;