SenseLab_M02;
Time Zone;UTC+2:00;
Monitor;80.80.10.3E;
;
Pill n°1;24.00.1A.D0;;;;;;Pill n°2;24.00.1B.FA;;;;;;Pill n°3;24.00.1C.1D;;;;;;
Sample number;Date (dd/mm/yyyy);Hour;Temperature (°C);Status;;;Sample number;Date (dd/mm/yyyy);Hour;Temperature (°C);Status;;;Sample number;Date (dd/mm/yyyy);Hour;Temperature (°C);Status;;;
1;08/06/2023;18:00:43;27.67;;;;1;08/06/2023;18:01:40;27.98;;;;1;08/06/2023;18:02:31;28.03;;;;
2;08/06/2023;18:01:43;28.08;;;;2;08/06/2023;18:02:40;28.37;;;;2;08/06/2023;18:03:31;28.6;Synchronized;;;
3;08/06/2023;18:02:43;27.92;;;;3;08/06/2023;18:03:40;28.13;;;;3;08/06/2023;18:04:31;28.3;;;;
4;08/06/2023;18:03:43;27.78;;;;4;08/06/2023;18:04:40;27.97;;;;4;08/06/2023;18:05:31;28.11;;;;
5;08/06/2023;18:04:43;27.74;;;;5;08/06/2023;18:05:40;27.84;;;;5;08/06/2023;18:06:31;27.94;;;;
6;08/06/2023;18:05:43;27.69;;;;6;08/06/2023;18:06:40;27.74;;;;6;08/06/2023;18:07:31;27.83;;;;
7;08/06/2023;18:06:42;27.61;;;;7;08/06/2023;18:07:40;27.67;;;;7;08/06/2023;18:08:31;27.75;;;;
8;08/06/2023;18:07:42;27.59;;;;8;08/06/2023;18:08:40;27.62;;;;8;08/06/2023;18:09:31;27.67;;;;
9;08/06/2023;18:08:42;27.55;;;;9;08/06/2023;18:09:40;27.58;;;;9;08/06/2023;18:10:31;27.6;;;;
10;08/06/2023;18:09:42;27.52;;;;10;08/06/2023;18:10:41;27.55;;;;10;08/06/2023;18:11:31;27.57;;;;
11;08/06/2023;18:10:42;27.52;;;;11;08/06/2023;18:11:41;27.52;;;;11;08/06/2023;18:12:31;27.53;;;;
12;08/06/2023;18:11:42;27.51;;;;12;08/06/2023;18:12:41;27.45;;;;12;08/06/2023;18:13:32;27.53;;;;
13;08/06/2023;18:12:41;27.5;;;;13;08/06/2023;18:13:41;27.49;;;;13;08/06/2023;18:14:32;27.48;;;;
14;08/06/2023;18:13:41;27.51;;;;14;08/06/2023;18:14:41;27.47;;;;14;08/06/2023;18:15:32;27.47;;;;
15;08/06/2023;18:14:41;27.49;;;;15;08/06/2023;18:15:41;27.45;;;;15;08/06/2023;18:16:32;27.42;;;;
16;08/06/2023;18:15:41;27.48;;;;16;08/06/2023;18:16:41;27.45;;;;16;08/06/2023;18:17:32;27.52;;;;
17;08/06/2023;18:16:41;27.47;;;;17;08/06/2023;18:17:41;27.85;;;;17;08/06/2023;18:18:32;27.48;;;;
18;08/06/2023;18:17:41;27.87;Synchronized;;;18;08/06/2023;18:18:41;27.7;;;;18;08/06/2023;18:19:32;27.46;;;;
19;08/06/2023;18:18:41;27.73;;;;19;08/06/2023;18:19:41;27.55;Synchronized;;;19;08/06/2023;18:20:32;27.45;;;;
20;08/06/2023;18:19:41;27.63;Synchronized;;;20;08/06/2023;18:20:41;27.47;;;;20;08/06/2023;18:21:32;27.43;;;;
21;08/06/2023;18:20:40;27.57;;;;21;08/06/2023;18:21:41;27.38;;;;21;08/06/2023;18:22:32;27.43;;;;
22;08/06/2023;18:21:40;27.52;;;;22;08/06/2023;18:22:41;27.32;;;;22;08/06/2023;18:23:32;27.41;;;;
23;08/06/2023;18:22:40;27.48;;;;23;08/06/2023;18:23:41;27.28;;;;23;08/06/2023;18:24:32;27.38;;;;
24;08/06/2023;18:23:40;27.44;;;;24;08/06/2023;18:24:41;27.23;;;;24;08/06/2023;18:25:33;27.38;;;;
25;08/06/2023;18:24:40;27.39;;;;25;08/06/2023;18:25:41;27.22;;;;25;08/06/2023;18:26:33;27.35;;;;
26;08/06/2023;18:25:39;27.37;;;;26;08/06/2023;18:26:41;27.16;;;;26;08/06/2023;18:27:33;27.38;;;;
27;08/06/2023;18:26:39;27.36;;;;27;08/06/2023;18:27:42;27.16;;;;27;08/06/2023;18:28:33;27.38;;;;
28;08/06/2023;18:27:39;27.34;;;;28;08/06/2023;18:28:42;27.16;;;;28;08/06/2023;18:29:33;27.38;;;;
29;08/06/2023;18:28:39;27.34;;;;29;08/06/2023;18:29:42;27.15;;;;29;08/06/2023;18:30:33;27.39;;;;
30;08/06/2023;18:29:39;27.35;;;;30;08/06/2023;18:30:42;27.16;;;;30;08/06/2023;18:31:33;27.4;;;;
31;08/06/2023;18:30:39;27.35;;;;31;08/06/2023;18:31:41;27.14;;;;31;08/06/2023;18:32:33;27.38;;;;
32;08/06/2023;18:31:38;27.33;;;;32;08/06/2023;18:32:41;27.16;;;;32;08/06/2023;18:33:33;27.39;;;;
33;08/06/2023;18:32:38;27.33;;;;33;08/06/2023;18:33:41;27.16;;;;33;08/06/2023;18:34:33;27.41;;;;
34;08/06/2023;18:33:38;27.32;;;;34;08/06/2023;18:34:41;27.18;;;;34;08/06/2023;18:35:33;27.41;;;;
35;08/06/2023;18:34:38;27.34;;;;35;08/06/2023;18:35:42;27.2;;;;35;08/06/2023;18:36:34;27.41;;;;
36;08/06/2023;18:35:38;27.34;;;;36;08/06/2023;18:36:42;27.2;;;;36;08/06/2023;18:37:34;27.42;;;;
37;08/06/2023;18:36:38;27.36;;;;37;08/06/2023;18:37:42;27.2;;;;37;08/06/2023;18:38:34;27.44;;;;
38;08/06/2023;18:37:38;27.37;;;;38;08/06/2023;18:38:42;27.2;;;;38;08/06/2023;18:39:34;27.42;;;;
39;08/06/2023;18:38:37;27.35;;;;39;08/06/2023;18:39:42;27.22;;;;39;08/06/2023;18:40:34;27.41;;;;
40;08/06/2023;18:39:37;27.37;;;;40;08/06/2023;18:40:42;27.21;;;;40;08/06/2023;18:41:34;27.43;;;;
41;08/06/2023;18:40:37;27.35;;;;41;08/06/2023;18:41:42;27.22;;;;41;08/06/2023;18:42:34;27.43;;;;
42;08/06/2023;18:41:37;27.35;;;;42;08/06/2023;18:42:42;27.23;;;;42;08/06/2023;18:43:34;27.44;;;;
43;08/06/2023;18:42:37;27.37;;;;43;08/06/2023;18:43:42;27.23;;;;43;08/06/2023;18:44:34;27.45;;;;
44;08/06/2023;18:43:37;27.37;;;;44;08/06/2023;18:44:42;27.24;;;;44;08/06/2023;18:45:34;27.42;;;;
45;08/06/2023;18:44:36;27.38;;;;45;08/06/2023;18:45:42;27.23;;;;45;08/06/2023;18:46:34;27.45;;;;
46;08/06/2023;18:45:36;27.37;;;;46;08/06/2023;18:46:42;27.23;;;;46;08/06/2023;18:47:35;27.42;;;;
47;08/06/2023;18:46:36;27.37;;;;47;08/06/2023;18:47:42;27.23;;;;47;08/06/2023;18:48:35;27.41;;;;
48;08/06/2023;18:47:36;27.36;;;;48;08/06/2023;18:48:42;27.27;;;;48;08/06/2023;18:49:35;27.4;;;;
49;08/06/2023;18:48:36;27.37;;;;49;08/06/2023;18:49:42;27.23;;;;49;08/06/2023;18:50:35;27.41;;;;
50;08/06/2023;18:49:36;27.35;;;;50;08/06/2023;18:50:42;27.24;;;;50;08/06/2023;18:51:35;27.38;;;;
51;08/06/2023;18:50:36;27.34;;;;51;08/06/2023;18:51:42;27.22;;;;51;08/06/2023;18:52:35;27.38;;;;
52;08/06/2023;18:51:35;27.33;;;;52;08/06/2023;18:52:43;27.2;;;;52;08/06/2023;18:53:35;27.38;;;;
53;08/06/2023;18:52:35;27.33;;;;53;08/06/2023;18:53:43;27.2;;;;53;08/06/2023;18:54:35;27.35;;;;
54;08/06/2023;18:53:35;27.27;;;;54;08/06/2023;18:54:43;27.2;;;;54;08/06/2023;18:55:35;27.34;;;;
55;08/06/2023;18:54:35;27.29;;;;55;08/06/2023;18:55:43;27.2;;;;55;08/06/2023;18:56:35;27.38;;;;
56;08/06/2023;18:55:35;27.31;;;;56;08/06/2023;18:56:43;27.2;;;;56;08/06/2023;18:57:35;27.36;;;;
57;08/06/2023;18:56:35;27.31;;;;57;08/06/2023;18:57:43;27.22;;;;57;08/06/2023;18:58:36;27.38;;;;
58;08/06/2023;18:57:35;27.33;;;;58;08/06/2023;18:58:43;27.22;;;;58;08/06/2023;18:59:36;27.38;;;;
59;08/06/2023;18:58:34;27.32;;;;59;08/06/2023;18:59:43;27.22;;;;59;08/06/2023;19:00:36;27.38;;;;
60;08/06/2023;18:59:34;27.31;;;;60;08/06/2023;19:00:43;27.23;;;;60;08/06/2023;19:01:36;27.34;;;;
61;08/06/2023;19:00:34;27.34;;;;61;08/06/2023;19:01:43;27.23;;;;61;08/06/2023;19:02:36;27.38;;;;
62;08/06/2023;19:01:34;27.32;;;;62;08/06/2023;19:02:43;27.24;;;;62;08/06/2023;19:03:36;27.38;;;;
63;08/06/2023;19:02:34;27.32;;;;63;08/06/2023;19:03:43;27.23;;;;63;08/06/2023;19:04:36;27.36;;;;
64;08/06/2023;19:03:34;27.32;;;;64;08/06/2023;19:04:43;27.26;;;;64;08/06/2023;19:05:36;27.41;;;;
65;08/06/2023;19:04:33;27.34;;;;65;08/06/2023;19:05:43;27.24;;;;65;08/06/2023;19:06:36;27.38;;;;
66;08/06/2023;19:05:33;27.34;;;;66;08/06/2023;19:06:43;27.25;;;;66;08/06/2023;19:07:36;27.39;;;;
67;08/06/2023;19:06:33;27.35;Synchronized;;;67;08/06/2023;19:07:43;27.26;;;;67;08/06/2023;19:08:36;27.36;;;;
68;08/06/2023;19:07:33;27.32;;;;68;08/06/2023;19:08:43;27.23;;;;68;08/06/2023;19:09:37;27.36;;;;
69;08/06/2023;19:08:33;27.32;;;;69;08/06/2023;19:09:43;27.23;;;;69;08/06/2023;19:10:37;27.34;;;;
70;08/06/2023;19:09:33;27.3;;;;70;08/06/2023;19:10:43;27.23;;;;70;08/06/2023;19:11:37;27.34;;;;
71;08/06/2023;19:10:33;27.3;;;;71;08/06/2023;19:11:43;27.26;;;;71;08/06/2023;19:12:37;27.34;;;;
72;08/06/2023;19:11:32;27.32;;;;72;08/06/2023;19:12:43;27.26;;;;72;08/06/2023;19:13:37;27.33;;;;
73;08/06/2023;19:12:32;27.32;;;;73;08/06/2023;19:13:43;27.25;;;;73;08/06/2023;19:14:37;27.34;;;;
74;08/06/2023;19:13:32;27.31;;;;74;08/06/2023;19:14:43;27.24;;;;74;08/06/2023;19:15:37;27.32;;;;
75;08/06/2023;19:14:32;27.27;;;;75;08/06/2023;19:15:43;27.21;;;;75;08/06/2023;19:16:37;27.32;;;;
76;08/06/2023;19:15:32;27.28;;;;76;08/06/2023;19:16:43;27.23;;;;76;08/06/2023;19:17:37;27.3;;;;
77;08/06/2023;19:16:32;27.29;;;;77;08/06/2023;19:17:43;27.23;;;;77;08/06/2023;19:18:37;27.34;;;;
78;08/06/2023;19:17:31;27.27;;;;78;08/06/2023;19:18:43;27.22;;;;78;08/06/2023;19:19:37;27.31;;;;
79;08/06/2023;19:18:31;27.29;;;;79;08/06/2023;19:19:43;27.24;;;;79;08/06/2023;19:20:38;27.32;;;;
80;08/06/2023;19:19:31;27.27;;;;80;08/06/2023;19:20:43;27.23;;;;80;08/06/2023;19:21:38;27.3;;;;
81;08/06/2023;19:20:31;27.32;;;;81;08/06/2023;19:21:43;27.24;;;;81;08/06/2023;19:22:38;27.32;;;;
82;08/06/2023;19:21:31;27.28;;;;82;08/06/2023;19:22:43;27.23;;;;82;08/06/2023;19:23:38;27.32;;;;
83;08/06/2023;19:22:31;27.3;;;;83;08/06/2023;19:23:43;27.25;;;;83;08/06/2023;19:24:38;27.31;;;;
84;08/06/2023;19:23:30;27.3;;;;84;08/06/2023;19:24:43;27.24;;;;84;08/06/2023;19:25:38;27.31;;;;
85;08/06/2023;19:24:30;27.29;;;;85;08/06/2023;19:25:43;27.24;;;;85;08/06/2023;19:26:38;27.31;;;;
86;08/06/2023;19:25:30;27.3;;;;86;08/06/2023;19:26:43;27.26;;;;86;08/06/2023;19:27:38;27.3;;;;
87;08/06/2023;19:26:30;27.29;;;;87;08/06/2023;19:27:43;27.26;;;;87;08/06/2023;19:28:38;27.32;;;;
88;08/06/2023;19:27:30;27.31;;;;88;08/06/2023;19:28:43;27.23;;;;88;08/06/2023;19:29:38;27.3;;;;
89;08/06/2023;19:28:30;27.3;;;;89;08/06/2023;19:29:43;27.26;;;;89;08/06/2023;19:30:38;27.3;;;;
90;08/06/2023;19:29:29;27.28;;;;90;08/06/2023;19:30:43;27.23;;;;90;08/06/2023;19:31:39;27.31;;;;
91;08/06/2023;19:30:29;27.3;;;;91;08/06/2023;19:31:43;27.23;;;;91;08/06/2023;19:32:39;27.32;;;;
92;08/06/2023;19:31:29;27.31;;;;92;08/06/2023;19:32:43;27.24;;;;92;08/06/2023;19:33:39;27.3;;;;
93;08/06/2023;19:32:29;27.28;;;;93;08/06/2023;19:33:44;27.24;;;;93;08/06/2023;19:34:39;27.3;;;;
94;08/06/2023;19:33:29;27.3;;;;94;08/06/2023;19:34:44;27.23;;;;94;08/06/2023;19:35:39;27.3;;;;
95;08/06/2023;19:34:29;27.28;;;;95;08/06/2023;19:35:44;27.23;;;;95;08/06/2023;19:36:39;27.29;;;;
96;08/06/2023;19:35:28;27.26;;;;96;08/06/2023;19:36:44;27.22;;;;96;08/06/2023;19:37:39;27.3;;;;
97;08/06/2023;19:36:28;27.28;;;;97;08/06/2023;19:37:44;27.23;;;;97;08/06/2023;19:38:39;27.28;;;;
98;08/06/2023;19:37:28;27.29;;;;98;08/06/2023;19:38:44;27.23;;;;98;08/06/2023;19:39:39;27.3;;;;
99;08/06/2023;19:38:28;27.29;;;;99;08/06/2023;19:39:44;27.25;;;;99;08/06/2023;19:40:39;27.28;;;;
100;08/06/2023;19:39:28;27.27;;;;100;08/06/2023;19:40:44;27.23;;;;100;08/06/2023;19:41:39;27.29;;;;
101;08/06/2023;19:40:28;27.28;;;;101;08/06/2023;19:41:44;27.23;;;;101;08/06/2023;19:42:39;27.28;;;;
102;08/06/2023;19:41:28;27.27;;;;102;08/06/2023;19:42:44;27.21;;;;102;08/06/2023;19:43:39;27.3;;;;
103;08/06/2023;19:42:27;27.28;;;;103;08/06/2023;19:43:44;27.22;;;;103;08/06/2023;19:44:39;27.28;;;;
104;08/06/2023;19:43:27;27.29;;;;104;08/06/2023;19:44:44;27.22;;;;104;08/06/2023;19:45:39;27.3;;;;
105;08/06/2023;19:44:27;27.27;;;;105;08/06/2023;19:45:44;27.23;;;;105;08/06/2023;19:46:40;27.28;;;;
106;08/06/2023;19:45:27;27.28;;;;106;08/06/2023;19:46:44;27.23;;;;106;08/06/2023;19:47:40;27.28;;;;
107;08/06/2023;19:46:27;27.27;;;;107;08/06/2023;19:47:44;27.24;;;;107;08/06/2023;19:48:40;27.29;;;;
108;08/06/2023;19:47:27;27.28;;;;108;08/06/2023;19:48:44;27.24;;;;108;08/06/2023;19:49:40;27.28;;;;
109;08/06/2023;19:48:26;27.27;;;;109;08/06/2023;19:49:44;27.23;;;;109;08/06/2023;19:50:40;27.29;;;;
110;08/06/2023;19:49:26;27.27;;;;110;08/06/2023;19:50:44;27.23;;;;110;08/06/2023;19:51:40;27.27;;;;
111;08/06/2023;19:50:26;27.27;;;;111;08/06/2023;19:51:44;27.22;;;;111;08/06/2023;19:52:40;27.27;Synchronized;;;
112;08/06/2023;19:51:26;27.26;;;;112;08/06/2023;19:52:44;27.24;;;;112;08/06/2023;19:53:40;27.27;;;;
113;08/06/2023;19:52:26;27.27;;;;113;08/06/2023;19:53:45;27.23;;;;113;08/06/2023;19:54:40;27.27;;;;
114;08/06/2023;19:53:26;27.27;;;;114;08/06/2023;19:54:45;27.23;;;;114;08/06/2023;19:55:40;27.27;;;;
115;08/06/2023;19:54:26;27.28;;;;115;08/06/2023;19:55:45;27.23;;;;115;08/06/2023;19:56:40;27.28;;;;
116;08/06/2023;19:55:25;27.27;;;;116;08/06/2023;19:56:45;27.22;;;;116;08/06/2023;19:57:40;27.27;;;;
117;08/06/2023;19:56:25;27.27;;;;117;08/06/2023;19:57:44;27.21;;;;117;08/06/2023;19:58:40;27.28;;;;
118;08/06/2023;19:57:25;27.25;;;;118;08/06/2023;19:58:44;27.21;;;;118;08/06/2023;19:59:41;27.26;;;;
119;08/06/2023;19:58:25;27.24;;;;119;08/06/2023;19:59:44;27.22;;;;119;08/06/2023;20:00:41;27.25;;;;
120;08/06/2023;19:59:25;27.24;;;;120;08/06/2023;20:00:44;27.23;;;;120;08/06/2023;20:01:40;27.27;;;;
121;08/06/2023;20:00:25;27.23;;;;121;08/06/2023;20:01:45;27.24;;;;121;08/06/2023;20:02:41;27.26;;;;
122;08/06/2023;20:01:25;27.27;;;;122;08/06/2023;20:02:44;27.23;;;;122;08/06/2023;20:03:41;27.25;;;;
123;08/06/2023;20:02:24;27.27;;;;123;08/06/2023;20:03:45;27.2;;;;123;08/06/2023;20:04:41;27.23;;;;
124;08/06/2023;20:03:24;27.27;;;;124;08/06/2023;20:04:45;27.22;;;;124;08/06/2023;20:05:41;27.23;;;;
125;08/06/2023;20:04:24;27.23;;;;125;08/06/2023;20:05:45;27.2;;;;125;08/06/2023;20:06:41;27.23;;;;
126;08/06/2023;20:05:24;27.23;;;;126;08/06/2023;20:06:44;27.2;;;;126;08/06/2023;20:07:41;27.23;;;;
127;08/06/2023;20:06:24;27.23;;;;127;08/06/2023;20:07:44;27.2;;;;127;08/06/2023;20:08:41;27.22;;;;
128;08/06/2023;20:07:24;27.22;;;;128;08/06/2023;20:08:44;27.2;;;;128;08/06/2023;20:09:41;27.22;;;;
129;08/06/2023;20:08:23;27.22;;;;129;08/06/2023;20:09:44;27.19;;;;129;08/06/2023;20:10:41;27.2;;;;
130;08/06/2023;20:09:23;27.23;;;;130;08/06/2023;20:10:44;27.16;;;;130;08/06/2023;20:11:41;27.21;;;;
131;08/06/2023;20:10:23;27.19;;;;131;08/06/2023;20:11:44;27.19;;;;131;08/06/2023;20:12:41;27.2;;;;
132;08/06/2023;20:11:23;27.2;;;;132;08/06/2023;20:12:44;27.18;;;;132;08/06/2023;20:13:41;27.21;Synchronized;;;
133;08/06/2023;20:12:23;27.21;;;;133;08/06/2023;20:13:44;27.19;;;;133;08/06/2023;20:14:41;27.21;;;;
134;08/06/2023;20:13:23;27.21;;;;134;08/06/2023;20:14:44;27.16;;;;134;08/06/2023;20:15:41;27.19;;;;
135;08/06/2023;20:14:23;27.2;;;;135;08/06/2023;20:15:44;27.18;;;;135;08/06/2023;20:16:41;27.2;;;;
136;08/06/2023;20:15:22;27.19;;;;136;08/06/2023;20:16:44;27.18;;;;136;08/06/2023;20:17:41;27.21;;;;
137;08/06/2023;20:16:22;27.2;;;;137;08/06/2023;20:17:44;27.16;;;;137;08/06/2023;20:18:41;27.19;;;;
138;08/06/2023;20:17:22;27.16;;;;138;08/06/2023;20:18:44;27.16;;;;138;08/06/2023;20:19:42;27.2;;;;
139;08/06/2023;20:18:22;27.2;;;;139;08/06/2023;20:19:44;27.18;;;;139;08/06/2023;20:20:42;27.18;;;;
140;08/06/2023;20:19:22;27.19;;;;140;08/06/2023;20:20:43;27.19;;;;140;08/06/2023;20:21:42;27.19;;;;
141;08/06/2023;20:20:22;27.18;;;;141;08/06/2023;20:21:43;27.19;;;;141;08/06/2023;20:22:42;27.17;;;;
142;08/06/2023;20:21:22;27.19;;;;142;08/06/2023;20:22:43;27.19;;;;142;08/06/2023;20:23:42;27.2;;;;
143;08/06/2023;20:22:21;27.18;;;;143;08/06/2023;20:23:43;27.15;;;;143;08/06/2023;20:24:42;27.16;;;;
144;08/06/2023;20:23:21;27.18;;;;144;08/06/2023;20:24:43;27.14;;;;144;08/06/2023;20:25:42;27.17;;;;
145;08/06/2023;20:24:21;27.16;;;;145;08/06/2023;20:25:43;27.15;;;;145;08/06/2023;20:26:42;27.16;;;;
146;08/06/2023;20:25:21;27.18;;;;146;08/06/2023;20:26:43;27.13;;;;146;08/06/2023;20:27:42;27.18;;;;
147;08/06/2023;20:26:21;27.18;;;;147;08/06/2023;20:27:43;27.15;;;;147;08/06/2023;20:28:42;27.18;;;;
148;08/06/2023;20:27:21;27.16;;;;148;08/06/2023;20:28:43;27.13;;;;148;08/06/2023;20:29:42;27.19;;;;
149;08/06/2023;20:28:21;27.16;;;;149;08/06/2023;20:29:43;27.14;;;;149;08/06/2023;20:30:42;27.18;;;;
150;08/06/2023;20:29:20;27.16;;;;150;08/06/2023;20:30:43;27.15;;;;150;08/06/2023;20:31:42;27.16;;;;
151;08/06/2023;20:30:20;27.18;;;;151;08/06/2023;20:31:43;27.14;;;;151;08/06/2023;20:32:42;27.17;;;;
152;08/06/2023;20:31:20;27.16;;;;152;08/06/2023;20:32:42;27.15;;;;152;08/06/2023;20:33:41;27.17;;;;
153;08/06/2023;20:32:20;27.16;;;;153;08/06/2023;20:33:42;27.15;;;;153;08/06/2023;20:34:42;27.2;;;;
154;08/06/2023;20:33:20;27.16;;;;154;08/06/2023;20:34:42;27.16;;;;154;08/06/2023;20:35:42;27.16;;;;
155;08/06/2023;20:34:20;27.18;;;;155;08/06/2023;20:35:42;27.16;;;;155;08/06/2023;20:36:42;27.18;;;;
156;08/06/2023;20:35:20;27.19;;;;156;08/06/2023;20:36:42;27.14;;;;156;08/06/2023;20:37:42;27.19;;;;
157;08/06/2023;20:36:19;27.19;;;;157;08/06/2023;20:37:42;27.16;;;;157;08/06/2023;20:38:42;27.19;;;;
158;08/06/2023;20:37:19;27.16;;;;158;08/06/2023;20:38:42;27.16;;;;158;08/06/2023;20:39:42;27.16;;;;
159;08/06/2023;20:38:19;27.16;;;;159;08/06/2023;20:39:42;27.16;;;;159;08/06/2023;20:40:42;27.16;;;;
160;08/06/2023;20:39:19;27.16;;;;160;08/06/2023;20:40:42;27.13;;;;160;08/06/2023;20:41:42;27.16;;;;
161;08/06/2023;20:40:19;27.16;;;;161;08/06/2023;20:41:42;27.14;;;;161;08/06/2023;20:42:42;27.16;;;;
162;08/06/2023;20:41:19;27.16;;;;162;08/06/2023;20:42:42;27.14;;;;162;08/06/2023;20:43:43;27.16;;;;
163;08/06/2023;20:42:19;27.15;;;;163;08/06/2023;20:43:42;27.13;;;;163;08/06/2023;20:44:43;27.17;;;;
164;08/06/2023;20:43:18;27.16;;;;164;08/06/2023;20:44:42;27.13;;;;164;08/06/2023;20:45:43;27.16;;;;
165;08/06/2023;20:44:18;27.15;;;;165;08/06/2023;20:45:41;27.15;;;;165;08/06/2023;20:46:43;27.14;;;;
166;08/06/2023;20:45:18;27.14;;;;166;08/06/2023;20:46:41;27.13;;;;166;08/06/2023;20:47:43;27.16;;;;
167;08/06/2023;20:46:18;27.15;;;;167;08/06/2023;20:47:41;27.15;;;;167;08/06/2023;20:48:43;27.16;;;;
168;08/06/2023;20:47:18;27.14;;;;168;08/06/2023;20:48:41;27.15;Synchronized;;;168;08/06/2023;20:49:43;27.15;;;;
169;08/06/2023;20:48:18;27.14;;;;169;08/06/2023;20:49:41;27.13;;;;169;08/06/2023;20:50:43;27.13;;;;
170;08/06/2023;20:49:18;27.16;;;;170;08/06/2023;20:50:41;27.12;;;;170;08/06/2023;20:51:43;27.14;;;;
171;08/06/2023;20:50:17;27.14;;;;171;08/06/2023;20:51:41;27.13;;;;171;08/06/2023;20:52:43;27.15;;;;
172;08/06/2023;20:51:17;27.13;;;;172;08/06/2023;20:52:41;27.14;;;;172;08/06/2023;20:53:43;27.16;;;;
173;08/06/2023;20:52:17;27.13;;;;173;08/06/2023;20:53:41;27.13;;;;173;08/06/2023;20:54:43;27.17;;;;
174;08/06/2023;20:53:17;27.13;;;;174;08/06/2023;20:54:41;27.14;;;;174;08/06/2023;20:55:43;27.18;;;;
175;08/06/2023;20:54:17;27.13;;;;175;08/06/2023;20:55:41;27.14;;;;175;08/06/2023;20:56:43;27.18;;;;
176;08/06/2023;20:55:17;27.16;;;;176;08/06/2023;20:56:41;27.14;;;;176;08/06/2023;20:57:43;27.16;;;;
177;08/06/2023;20:56:17;27.16;;;;177;08/06/2023;20:57:41;27.14;;;;177;08/06/2023;20:58:43;27.15;;;;
178;08/06/2023;20:57:17;27.14;;;;178;08/06/2023;20:58:41;27.12;;;;178;08/06/2023;20:59:43;27.14;;;;
179;08/06/2023;20:58:16;27.13;;;;179;08/06/2023;20:59:41;27.14;;;;179;08/06/2023;21:00:43;27.16;;;;
180;08/06/2023;20:59:16;27.13;;;;180;08/06/2023;21:00:41;27.12;;;;180;08/06/2023;21:01:44;27.14;;;;
181;08/06/2023;21:00:16;27.16;;;;181;08/06/2023;21:01:41;27.13;;;;181;08/06/2023;21:02:44;27.11;;;;
182;08/06/2023;21:01:16;27.13;;;;182;08/06/2023;21:02:41;27.11;;;;182;08/06/2023;21:03:44;27.12;;;;
183;08/06/2023;21:02:16;27.13;;;;183;08/06/2023;21:03:41;27.13;;;;183;08/06/2023;21:04:44;27.14;;;;
184;08/06/2023;21:03:16;27.13;;;;184;08/06/2023;21:04:41;27.13;;;;184;08/06/2023;21:05:44;27.16;;;;
185;08/06/2023;21:04:16;27.13;;;;185;08/06/2023;21:05:41;27.12;;;;185;08/06/2023;21:06:44;27.12;;;;
186;08/06/2023;21:05:15;27.12;;;;186;08/06/2023;21:06:41;27.11;;;;186;08/06/2023;21:07:44;27.09;;;;
187;08/06/2023;21:06:15;27.13;;;;187;08/06/2023;21:07:40;27.12;;;;187;08/06/2023;21:08:44;27.12;;;;
188;08/06/2023;21:07:15;27.12;;;;188;08/06/2023;21:08:40;27.09;;;;188;08/06/2023;21:09:44;27.11;;;;
189;08/06/2023;21:08:15;27.13;;;;189;08/06/2023;21:09:40;27.11;;;;189;08/06/2023;21:10:44;27.12;;;;
190;08/06/2023;21:09:15;27.13;;;;190;08/06/2023;21:10:40;27.09;;;;190;08/06/2023;21:11:44;27.09;;;;
191;08/06/2023;21:10:15;27.13;;;;191;08/06/2023;21:11:40;27.09;;;;191;08/06/2023;21:12:44;27.1;;;;
192;08/06/2023;21:11:15;27.1;;;;192;08/06/2023;21:12:40;27.09;;;;192;08/06/2023;21:13:44;27.09;;;;
193;08/06/2023;21:12:14;27.09;;;;193;08/06/2023;21:13:40;27.08;;;;193;08/06/2023;21:14:44;27.1;;;;
194;08/06/2023;21:13:14;27.09;;;;194;08/06/2023;21:14:40;27.1;;;;194;08/06/2023;21:15:44;27.09;;;;
195;08/06/2023;21:14:14;27.11;;;;195;08/06/2023;21:15:40;27.1;;;;195;08/06/2023;21:16:44;27.09;;;;
196;08/06/2023;21:15:14;27.11;;;;196;08/06/2023;21:16:39;27.09;;;;196;08/06/2023;21:17:44;27.09;;;;
197;08/06/2023;21:16:14;27.11;;;;197;08/06/2023;21:17:39;27.09;;;;197;08/06/2023;21:18:45;27.09;;;;
198;08/06/2023;21:17:14;27.12;;;;198;08/06/2023;21:18:39;27.08;;;;198;08/06/2023;21:19:44;27.09;;;;
199;08/06/2023;21:18:14;27.11;;;;199;08/06/2023;21:19:40;27.09;;;;199;08/06/2023;21:20:45;27.09;;;;
200;08/06/2023;21:19:14;27.11;;;;200;08/06/2023;21:20:39;27.09;;;;200;08/06/2023;21:21:45;27.09;;;;
201;08/06/2023;21:20:13;27.11;;;;201;08/06/2023;21:21:39;27.08;;;;201;08/06/2023;21:22:45;27.09;;;;
202;08/06/2023;21:21:13;27.12;;;;202;08/06/2023;21:22:39;27.09;;;;202;08/06/2023;21:23:45;27.07;;;;
203;08/06/2023;21:22:13;27.1;;;;203;08/06/2023;21:23:39;27.08;;;;203;08/06/2023;21:24:44;27.08;;;;
204;08/06/2023;21:23:13;27.1;;;;204;08/06/2023;21:24:39;27.08;;;;204;08/06/2023;21:25:44;27.08;;;;
205;08/06/2023;21:24:13;27.09;;;;205;08/06/2023;21:25:39;27.08;;;;205;08/06/2023;21:26:44;27.09;;;;
206;08/06/2023;21:25:13;27.1;;;;206;08/06/2023;21:26:40;27.04;;;;206;08/06/2023;21:27:44;27.06;;;;
207;08/06/2023;21:26:13;27.09;;;;207;08/06/2023;21:27:39;27.07;;;;207;08/06/2023;21:28:44;27.07;;;;
208;08/06/2023;21:27:13;27.09;;;;208;08/06/2023;21:28:39;27.05;;;;208;08/06/2023;21:29:44;27.05;;;;
209;08/06/2023;21:28:12;27.08;;;;209;08/06/2023;21:29:40;27.06;;;;209;08/06/2023;21:30:44;27.06;;;;
210;08/06/2023;21:29:12;27.06;;;;210;08/06/2023;21:30:40;27.06;;;;210;08/06/2023;21:31:44;27.05;;;;
211;08/06/2023;21:30:12;27.06;;;;211;08/06/2023;21:31:40;27.04;;;;211;08/06/2023;21:32:44;27.06;;;;
212;08/06/2023;21:31:12;27.06;;;;212;08/06/2023;21:32:39;27.05;;;;212;08/06/2023;21:33:44;27.04;;;;
213;08/06/2023;21:32:12;27.05;;;;213;08/06/2023;21:33:39;27.03;;;;213;08/06/2023;21:34:44;27.04;;;;
214;08/06/2023;21:33:12;27.04;;;;214;08/06/2023;21:34:39;27.03;Synchronized;;;214;08/06/2023;21:35:44;27.03;;;;
215;08/06/2023;21:34:12;27.04;;;;215;08/06/2023;21:35:39;27.03;;;;215;08/06/2023;21:36:43;27.05;;;;
216;08/06/2023;21:35:12;27.04;;;;216;08/06/2023;21:36:39;27.04;;;;216;08/06/2023;21:37:43;27.04;;;;
217;08/06/2023;21:36:12;27.04;;;;217;08/06/2023;21:37:39;27.04;;;;217;08/06/2023;21:38:43;27.03;;;;
218;08/06/2023;21:37:11;27.04;;;;218;08/06/2023;21:38:39;27.03;;;;218;08/06/2023;21:39:43;27.01;;;;
219;08/06/2023;21:38:11;27.03;;;;219;08/06/2023;21:39:39;27.03;;;;219;08/06/2023;21:40:43;27.02;;;;
220;08/06/2023;21:39:11;27.02;;;;220;08/06/2023;21:40:39;27.01;;;;220;08/06/2023;21:41:43;27.03;;;;
221;08/06/2023;21:40:11;27.02;;;;221;08/06/2023;21:41:38;27.02;;;;221;08/06/2023;21:42:43;26.98;;;;
222;08/06/2023;21:41:11;27.02;;;;222;08/06/2023;21:42:38;27.02;;;;222;08/06/2023;21:43:43;27.01;;;;
223;08/06/2023;21:42:11;27.03;;;;223;08/06/2023;21:43:38;26.99;;;;223;08/06/2023;21:44:43;26.99;;;;
224;08/06/2023;21:43:11;27.01;;;;224;08/06/2023;21:44:39;27.01;;;;224;08/06/2023;21:45:43;26.98;;;;
225;08/06/2023;21:44:11;27.03;;;;225;08/06/2023;21:45:38;27.02;;;;225;08/06/2023;21:46:43;26.98;;;;
226;08/06/2023;21:45:10;27.01;;;;226;08/06/2023;21:46:38;27.01;;;;226;08/06/2023;21:47:43;26.98;;;;
227;08/06/2023;21:46:10;27.02;;;;227;08/06/2023;21:47:38;27.01;;;;227;08/06/2023;21:48:43;26.98;;;;
228;08/06/2023;21:47:10;27.02;;;;228;08/06/2023;21:48:38;26.99;;;;228;08/06/2023;21:49:43;27.01;;;;
229;08/06/2023;21:48:10;27.02;;;;229;08/06/2023;21:49:38;26.98;;;;229;08/06/2023;21:50:43;26.99;;;;
230;08/06/2023;21:49:10;27.02;;;;230;08/06/2023;21:50:38;27.01;;;;230;08/06/2023;21:51:43;26.99;;;;
231;08/06/2023;21:50:10;27.01;;;;231;08/06/2023;21:51:38;26.99;;;;231;08/06/2023;21:52:43;26.98;;;;
232;08/06/2023;21:51:10;27;;;;232;08/06/2023;21:52:39;27;;;;232;08/06/2023;21:53:43;26.98;;;;
233;08/06/2023;21:52:10;27;;;;233;08/06/2023;21:53:38;27;;;;233;08/06/2023;21:54:43;26.98;;;;
234;08/06/2023;21:53:10;26.98;;;;234;08/06/2023;21:54:38;26.98;;;;234;08/06/2023;21:55:43;26.98;;;;
235;08/06/2023;21:54:09;26.98;;;;235;08/06/2023;21:55:38;26.99;;;;235;08/06/2023;21:56:43;26.98;;;;
236;08/06/2023;21:55:09;27;;;;236;08/06/2023;21:56:38;26.98;;;;236;08/06/2023;21:57:43;26.98;;;;
237;08/06/2023;21:56:09;27.01;;;;237;08/06/2023;21:57:38;26.99;;;;237;08/06/2023;21:58:43;26.98;;;;
238;08/06/2023;21:57:09;27;;;;238;08/06/2023;21:58:38;26.96;;;;238;08/06/2023;21:59:42;26.98;;;;
239;08/06/2023;21:58:09;27;;;;239;08/06/2023;21:59:38;26.99;;;;239;08/06/2023;22:00:42;26.95;;;;
240;08/06/2023;21:59:09;26.98;;;;240;08/06/2023;22:00:38;26.98;;;;240;08/06/2023;22:01:42;26.98;;;;
241;08/06/2023;22:00:09;26.98;;;;241;08/06/2023;22:01:38;26.98;;;;241;08/06/2023;22:02:42;26.96;;;;
242;08/06/2023;22:01:09;27.01;;;;242;08/06/2023;22:02:38;26.98;;;;242;08/06/2023;22:03:42;26.96;;;;
243;08/06/2023;22:02:09;26.98;Synchronized;;;243;08/06/2023;22:03:38;26.98;;;;243;08/06/2023;22:04:42;26.96;;;;
244;08/06/2023;22:03:08;26.99;;;;244;08/06/2023;22:04:38;26.98;;;;244;08/06/2023;22:05:42;26.97;;;;
245;08/06/2023;22:04:08;26.99;;;;245;08/06/2023;22:05:38;26.98;;;;245;08/06/2023;22:06:42;26.97;Synchronized;;;
246;08/06/2023;22:05:08;26.99;;;;246;08/06/2023;22:06:37;26.95;;;;246;08/06/2023;22:07:42;26.95;;;;
247;08/06/2023;22:06:08;26.99;;;;247;08/06/2023;22:07:37;26.96;;;;247;08/06/2023;22:08:42;26.97;;;;
248;08/06/2023;22:07:08;26.98;;;;248;08/06/2023;22:08:37;26.98;;;;248;08/06/2023;22:09:42;26.97;;;;
249;08/06/2023;22:08:08;26.98;;;;249;08/06/2023;22:09:37;26.97;;;;249;08/06/2023;22:10:42;26.96;;;;
250;08/06/2023;22:09:08;26.98;;;;250;08/06/2023;22:10:37;26.97;;;;250;08/06/2023;22:11:42;26.95;;;;
251;08/06/2023;22:10:08;26.97;;;;251;08/06/2023;22:11:37;26.96;;;;251;08/06/2023;22:12:42;26.95;;;;
252;08/06/2023;22:11:07;26.98;;;;252;08/06/2023;22:12:37;26.98;;;;252;08/06/2023;22:13:41;26.96;;;;
253;08/06/2023;22:12:07;26.98;;;;253;08/06/2023;22:13:37;26.96;;;;253;08/06/2023;22:14:41;26.93;;;;
254;08/06/2023;22:13:07;26.97;;;;254;08/06/2023;22:14:37;26.98;;;;254;08/06/2023;22:15:41;26.95;;;;
255;08/06/2023;22:14:07;26.98;;;;255;08/06/2023;22:15:37;26.95;;;;255;08/06/2023;22:16:41;26.95;;;;
256;08/06/2023;22:15:07;26.95;;;;256;08/06/2023;22:16:37;26.98;;;;256;08/06/2023;22:17:41;26.95;;;;
257;08/06/2023;22:16:07;26.98;;;;257;08/06/2023;22:17:37;26.95;;;;257;08/06/2023;22:18:41;26.96;;;;
258;08/06/2023;22:17:07;26.97;;;;258;08/06/2023;22:18:37;26.95;;;;258;08/06/2023;22:19:41;26.95;;;;
259;08/06/2023;22:18:07;26.98;;;;259;08/06/2023;22:19:36;26.96;;;;259;08/06/2023;22:20:41;26.95;;;;
260;08/06/2023;22:19:06;26.97;;;;260;08/06/2023;22:20:36;26.95;;;;260;08/06/2023;22:21:41;26.95;;;;
261;08/06/2023;22:20:06;26.95;;;;261;08/06/2023;22:21:36;26.95;;;;261;08/06/2023;22:22:41;26.92;;;;
262;08/06/2023;22:21:06;26.95;;;;262;08/06/2023;22:22:36;26.94;;;;262;08/06/2023;22:23:41;26.92;;;;
263;08/06/2023;22:22:06;26.96;;;;263;08/06/2023;22:23:36;26.95;;;;263;08/06/2023;22:24:41;26.95;;;;
264;08/06/2023;22:23:06;26.95;;;;264;08/06/2023;22:24:36;26.95;;;;264;08/06/2023;22:25:40;26.94;;;;
265;08/06/2023;22:24:06;26.95;;;;265;08/06/2023;22:25:36;26.94;;;;265;08/06/2023;22:26:40;26.91;;;;
266;08/06/2023;22:25:06;26.95;;;;266;08/06/2023;22:26:36;26.94;;;;266;08/06/2023;22:27:40;26.91;;;;
267;08/06/2023;22:26:06;26.95;;;;267;08/06/2023;22:27:36;26.93;;;;267;08/06/2023;22:28:40;26.91;;;;
268;08/06/2023;22:27:06;26.91;;;;268;08/06/2023;22:28:36;26.94;;;;268;08/06/2023;22:29:40;26.91;;;;
269;08/06/2023;22:28:05;26.93;;;;269;08/06/2023;22:29:36;26.91;;;;269;08/06/2023;22:30:40;26.88;;;;
270;08/06/2023;22:29:05;26.91;;;;270;08/06/2023;22:30:36;26.9;;;;270;08/06/2023;22:31:40;26.88;;;;
271;08/06/2023;22:30:05;26.91;;;;271;08/06/2023;22:31:35;26.89;;;;271;08/06/2023;22:32:40;26.87;;;;
272;08/06/2023;22:31:05;26.91;;;;272;08/06/2023;22:32:36;26.91;;;;272;08/06/2023;22:33:40;26.88;;;;
273;08/06/2023;22:32:05;26.9;;;;273;08/06/2023;22:33:36;26.91;;;;273;08/06/2023;22:34:40;26.88;;;;
274;08/06/2023;22:33:05;26.88;;;;274;08/06/2023;22:34:36;26.89;;;;274;08/06/2023;22:35:40;26.87;;;;
275;08/06/2023;22:34:05;26.88;;;;275;08/06/2023;22:35:36;26.9;;;;275;08/06/2023;22:36:40;26.87;;;;
276;08/06/2023;22:35:05;26.86;;;;276;08/06/2023;22:36:36;26.89;;;;276;08/06/2023;22:37:40;26.84;;;;
277;08/06/2023;22:36:05;26.86;;;;277;08/06/2023;22:37:36;26.88;;;;277;08/06/2023;22:38:40;26.85;;;;
278;08/06/2023;22:37:04;26.86;;;;278;08/06/2023;22:38:36;26.88;;;;278;08/06/2023;22:39:40;26.87;;;;
279;08/06/2023;22:38:04;26.86;;;;279;08/06/2023;22:39:36;26.88;;;;279;08/06/2023;22:40:40;26.87;;;;
280;08/06/2023;22:39:04;26.84;;;;280;08/06/2023;22:40:36;26.87;;;;280;08/06/2023;22:41:40;26.84;;;;
281;08/06/2023;22:40:04;26.86;;;;281;08/06/2023;22:41:35;26.88;;;;281;08/06/2023;22:42:39;26.87;;;;
282;08/06/2023;22:41:04;26.86;;;;282;08/06/2023;22:42:35;26.88;;;;282;08/06/2023;22:43:39;26.85;;;;
283;08/06/2023;22:42:04;26.84;;;;283;08/06/2023;22:43:35;26.87;;;;283;08/06/2023;22:44:39;26.85;;;;
284;08/06/2023;22:43:04;26.85;;;;284;08/06/2023;22:44:35;26.86;;;;284;08/06/2023;22:45:39;26.88;;;;
285;08/06/2023;22:44:04;26.86;;;;285;08/06/2023;22:45:35;26.88;;;;285;08/06/2023;22:46:39;26.87;;;;
286;08/06/2023;22:45:04;26.88;;;;286;08/06/2023;22:46:35;26.87;;;;286;08/06/2023;22:47:39;26.84;;;;
287;08/06/2023;22:46:03;26.88;;;;287;08/06/2023;22:47:35;26.89;;;;287;08/06/2023;22:48:39;26.86;;;;
288;08/06/2023;22:47:03;26.85;;;;288;08/06/2023;22:48:35;26.88;;;;288;08/06/2023;22:49:39;26.85;;;;
289;08/06/2023;22:48:03;26.85;;;;289;08/06/2023;22:49:35;26.89;;;;289;08/06/2023;22:50:39;26.86;;;;
290;08/06/2023;22:49:03;26.85;;;;290;08/06/2023;22:50:35;26.88;;;;290;08/06/2023;22:51:39;26.86;;;;
291;08/06/2023;22:50:03;26.87;;;;291;08/06/2023;22:51:34;26.88;;;;291;08/06/2023;22:52:39;26.87;;;;
292;08/06/2023;22:51:03;26.88;;;;292;08/06/2023;22:52:34;26.87;;;;292;08/06/2023;22:53:39;26.86;;;;
293;08/06/2023;22:52:03;26.84;;;;293;08/06/2023;22:53:34;26.87;;;;293;08/06/2023;22:54:39;26.85;;;;
294;08/06/2023;22:53:03;26.85;;;;294;08/06/2023;22:54:34;26.87;;;;294;08/06/2023;22:55:39;26.86;;;;
295;08/06/2023;22:54:02;26.87;;;;295;08/06/2023;22:55:34;26.88;;;;295;08/06/2023;22:56:39;26.86;;;;
296;08/06/2023;22:55:02;26.86;;;;296;08/06/2023;22:56:34;26.88;;;;296;08/06/2023;22:57:38;26.84;;;;
297;08/06/2023;22:56:02;26.88;;;;297;08/06/2023;22:57:34;26.86;;;;297;08/06/2023;22:58:38;26.85;;;;
298;08/06/2023;22:57:02;26.85;;;;298;08/06/2023;22:58:34;26.87;;;;298;08/06/2023;22:59:38;26.83;;;;
299;08/06/2023;22:58:02;26.85;;;;299;08/06/2023;22:59:34;26.86;;;;299;08/06/2023;23:00:38;26.83;;;;
300;08/06/2023;22:59:02;26.86;;;;300;08/06/2023;23:00:34;26.87;;;;300;08/06/2023;23:01:38;26.84;;;;
301;08/06/2023;23:00:02;26.84;;;;301;08/06/2023;23:01:34;26.85;;;;301;08/06/2023;23:02:38;26.86;;;;
302;08/06/2023;23:01:02;26.87;;;;302;08/06/2023;23:02:34;26.85;;;;302;08/06/2023;23:03:38;26.84;;;;
303;08/06/2023;23:02:02;26.85;;;;303;08/06/2023;23:03:34;26.85;;;;303;08/06/2023;23:04:38;26.85;Synchronized;;;
304;08/06/2023;23:03:01;26.84;;;;304;08/06/2023;23:04:34;26.85;;;;304;08/06/2023;23:05:38;26.84;;;;
305;08/06/2023;23:04:01;26.84;;;;305;08/06/2023;23:05:34;26.84;;;;305;08/06/2023;23:06:38;26.84;;;;
306;08/06/2023;23:05:01;26.85;;;;306;08/06/2023;23:06:33;26.87;;;;306;08/06/2023;23:07:38;26.83;;;;
307;08/06/2023;23:06:01;26.87;;;;307;08/06/2023;23:07:34;26.86;;;;307;08/06/2023;23:08:38;26.84;;;;
308;08/06/2023;23:07:01;26.85;;;;308;08/06/2023;23:08:33;26.84;;;;308;08/06/2023;23:09:37;26.84;;;;
309;08/06/2023;23:08:01;26.85;;;;309;08/06/2023;23:09:33;26.85;;;;309;08/06/2023;23:10:37;26.83;Synchronized;;;
310;08/06/2023;23:09:01;26.85;;;;310;08/06/2023;23:10:33;26.84;;;;310;08/06/2023;23:11:37;26.84;;;;
311;08/06/2023;23:10:01;26.86;;;;311;08/06/2023;23:11:33;26.86;;;;311;08/06/2023;23:12:37;26.84;;;;
312;08/06/2023;23:11:01;26.82;;;;312;08/06/2023;23:12:33;26.83;;;;312;08/06/2023;23:13:37;26.82;;;;
313;08/06/2023;23:12:01;26.82;;;;313;08/06/2023;23:13:33;26.84;;;;313;08/06/2023;23:14:37;26.83;;;;
314;08/06/2023;23:13:00;26.86;;;;314;08/06/2023;23:14:33;26.84;;;;314;08/06/2023;23:15:37;26.83;;;;
315;08/06/2023;23:14:00;26.84;;;;315;08/06/2023;23:15:33;26.83;;;;315;08/06/2023;23:16:37;26.82;;;;
316;08/06/2023;23:15:00;26.84;;;;316;08/06/2023;23:16:33;26.82;;;;316;08/06/2023;23:17:37;26.83;;;;
317;08/06/2023;23:16:00;26.84;;;;317;08/06/2023;23:17:32;26.83;;;;317;08/06/2023;23:18:37;26.84;;;;
318;08/06/2023;23:17:00;26.84;;;;318;08/06/2023;23:18:32;26.84;;;;318;08/06/2023;23:19:37;26.83;;;;
319;08/06/2023;23:18:00;26.83;;;;319;08/06/2023;23:19:32;26.81;;;;319;08/06/2023;23:20:37;26.82;;;;
320;08/06/2023;23:19:00;26.83;;;;320;08/06/2023;23:20:32;26.83;;;;320;08/06/2023;23:21:36;26.8;;;;
321;08/06/2023;23:20:00;26.83;;;;321;08/06/2023;23:21:32;26.84;;;;321;08/06/2023;23:22:36;26.8;;;;
322;08/06/2023;23:21:00;26.82;;;;322;08/06/2023;23:22:32;26.83;;;;322;08/06/2023;23:23:36;26.81;;;;
323;08/06/2023;23:21:59;26.8;;;;323;08/06/2023;23:23:32;26.83;;;;323;08/06/2023;23:24:36;26.81;;;;
324;08/06/2023;23:22:59;26.8;;;;324;08/06/2023;23:24:32;26.82;;;;324;08/06/2023;23:25:36;26.82;;;;
325;08/06/2023;23:23:59;26.83;;;;325;08/06/2023;23:25:32;26.81;;;;325;08/06/2023;23:26:36;26.8;;;;
326;08/06/2023;23:24:59;26.83;;;;326;08/06/2023;23:26:32;26.81;Synchronized;;;326;08/06/2023;23:27:36;26.8;;;;
327;08/06/2023;23:25:59;26.8;;;;327;08/06/2023;23:27:31;26.82;;;;327;08/06/2023;23:28:36;26.8;;;;
328;08/06/2023;23:26:59;26.82;;;;328;08/06/2023;23:28:31;26.8;;;;328;08/06/2023;23:29:36;26.8;Synchronized;;;
329;08/06/2023;23:27:59;26.83;;;;329;08/06/2023;23:29:31;26.81;;;;329;08/06/2023;23:30:36;26.78;;;;
330;08/06/2023;23:28:59;26.81;;;;330;08/06/2023;23:30:31;26.81;;;;330;08/06/2023;23:31:36;26.78;;;;
331;08/06/2023;23:29:59;26.81;;;;331;08/06/2023;23:31:31;26.79;;;;331;08/06/2023;23:32:36;26.77;;;;
332;08/06/2023;23:30:58;26.8;;;;332;08/06/2023;23:32:31;26.8;;;;332;08/06/2023;23:33:35;26.78;;;;
333;08/06/2023;23:31:58;26.78;;;;333;08/06/2023;23:33:31;26.79;;;;333;08/06/2023;23:34:35;26.77;;;;
334;08/06/2023;23:32:58;26.78;;;;334;08/06/2023;23:34:31;26.8;;;;334;08/06/2023;23:35:35;26.77;;;;
335;08/06/2023;23:33:58;26.77;;;;335;08/06/2023;23:35:31;26.77;;;;335;08/06/2023;23:36:35;26.78;;;;
336;08/06/2023;23:34:58;26.78;;;;336;08/06/2023;23:36:30;26.79;;;;336;08/06/2023;23:37:35;26.77;;;;
337;08/06/2023;23:35:58;26.77;;;;337;08/06/2023;23:37:30;26.82;;;;337;08/06/2023;23:38:35;26.75;;;;
338;08/06/2023;23:36:58;26.78;;;;338;08/06/2023;23:38:30;26.78;;;;338;08/06/2023;23:39:35;26.78;;;;
339;08/06/2023;23:37:58;26.77;;;;339;08/06/2023;23:39:30;26.77;;;;339;08/06/2023;23:40:35;26.75;;;;
340;08/06/2023;23:38:58;26.77;;;;340;08/06/2023;23:40:30;26.77;;;;340;08/06/2023;23:41:35;26.75;;;;
341;08/06/2023;23:39:58;26.77;;;;341;08/06/2023;23:41:30;26.77;;;;341;08/06/2023;23:42:35;26.77;;;;
342;08/06/2023;23:40:57;26.77;;;;342;08/06/2023;23:42:30;26.78;;;;342;08/06/2023;23:43:35;26.77;;;;
343;08/06/2023;23:41:57;26.77;;;;343;08/06/2023;23:43:30;26.78;;;;343;08/06/2023;23:44:35;26.77;;;;
344;08/06/2023;23:42:57;26.77;;;;344;08/06/2023;23:44:30;26.8;;;;344;08/06/2023;23:45:35;26.75;;;;
345;08/06/2023;23:43:57;26.77;;;;345;08/06/2023;23:45:30;26.78;;;;345;08/06/2023;23:46:35;26.77;;;;
346;08/06/2023;23:44:57;26.78;;;;346;08/06/2023;23:46:30;26.8;;;;346;08/06/2023;23:47:34;26.74;;;;
347;08/06/2023;23:45:57;26.78;;;;347;08/06/2023;23:47:30;26.77;;;;347;08/06/2023;23:48:34;26.74;;;;
348;08/06/2023;23:46:57;26.79;;;;348;08/06/2023;23:48:30;26.77;;;;348;08/06/2023;23:49:34;26.75;;;;
349;08/06/2023;23:47:57;26.77;;;;349;08/06/2023;23:49:29;26.77;;;;349;08/06/2023;23:50:34;26.75;;;;
350;08/06/2023;23:48:57;26.75;;;;350;08/06/2023;23:50:29;26.77;;;;350;08/06/2023;23:51:34;26.75;;;;
351;08/06/2023;23:49:56;26.75;;;;351;08/06/2023;23:51:29;26.77;;;;351;08/06/2023;23:52:34;26.77;;;;
352;08/06/2023;23:50:56;26.77;;;;352;08/06/2023;23:52:29;26.75;;;;352;08/06/2023;23:53:34;26.73;;;;
353;08/06/2023;23:51:56;26.76;;;;353;08/06/2023;23:53:29;26.77;;;;353;08/06/2023;23:54:34;26.77;;;;
354;08/06/2023;23:52:56;26.77;;;;354;08/06/2023;23:54:29;26.75;;;;354;08/06/2023;23:55:34;26.74;;;;
355;08/06/2023;23:53:56;26.77;;;;355;08/06/2023;23:55:29;26.77;;;;355;08/06/2023;23:56:34;26.73;;;;
356;08/06/2023;23:54:56;26.77;;;;356;08/06/2023;23:56:29;26.76;;;;356;08/06/2023;23:57:34;26.75;;;;
357;08/06/2023;23:55:56;26.75;;;;357;08/06/2023;23:57:29;26.76;;;;357;08/06/2023;23:58:34;26.72;;;;
358;08/06/2023;23:56:56;26.74;;;;358;08/06/2023;23:58:29;26.75;;;;358;08/06/2023;23:59:34;26.73;;;;
359;08/06/2023;23:57:56;26.74;;;;359;08/06/2023;23:59:29;26.75;;;;359;09/06/2023;00:00:33;26.73;;;;
360;08/06/2023;23:58:56;26.74;;;;360;09/06/2023;00:00:29;26.76;;;;360;09/06/2023;00:01:33;26.73;;;;
361;08/06/2023;23:59:55;26.73;;;;361;09/06/2023;00:01:28;26.74;;;;361;09/06/2023;00:02:33;26.74;;;;
362;09/06/2023;00:00:55;26.76;;;;362;09/06/2023;00:02:28;26.75;;;;362;09/06/2023;00:03:33;26.73;;;;
363;09/06/2023;00:01:55;26.73;;;;363;09/06/2023;00:03:28;26.74;;;;363;09/06/2023;00:04:33;26.73;;;;
364;09/06/2023;00:02:55;26.74;;;;364;09/06/2023;00:04:28;26.73;;;;364;09/06/2023;00:05:33;26.73;;;;
365;09/06/2023;00:03:55;26.74;;;;365;09/06/2023;00:05:28;26.75;;;;365;09/06/2023;00:06:33;26.73;;;;
366;09/06/2023;00:04:55;26.73;;;;366;09/06/2023;00:06:28;26.73;;;;366;09/06/2023;00:07:33;26.72;;;;
367;09/06/2023;00:05:55;26.72;;;;367;09/06/2023;00:07:28;26.76;;;;367;09/06/2023;00:08:33;26.72;;;;
368;09/06/2023;00:06:55;26.74;;;;368;09/06/2023;00:08:28;26.74;;;;368;09/06/2023;00:09:33;26.73;;;;
369;09/06/2023;00:07:55;26.72;;;;369;09/06/2023;00:09:28;26.73;;;;369;09/06/2023;00:10:33;26.71;;;;
370;09/06/2023;00:08:54;26.73;;;;370;09/06/2023;00:10:28;26.73;;;;370;09/06/2023;00:11:33;26.71;;;;
371;09/06/2023;00:09:54;26.71;;;;371;09/06/2023;00:11:27;26.74;;;;371;09/06/2023;00:12:33;26.7;;;;
372;09/06/2023;00:10:54;26.73;;;;372;09/06/2023;00:12:27;26.75;;;;372;09/06/2023;00:13:33;26.71;;;;
373;09/06/2023;00:11:54;26.73;;;;373;09/06/2023;00:13:27;26.73;;;;373;09/06/2023;00:14:32;26.7;;;;
374;09/06/2023;00:12:54;26.73;;;;374;09/06/2023;00:14:27;26.73;;;;374;09/06/2023;00:15:32;26.71;;;;
375;09/06/2023;00:13:54;26.73;;;;375;09/06/2023;00:15:27;26.74;;;;375;09/06/2023;00:16:32;26.71;;;;
376;09/06/2023;00:14:54;26.73;;;;376;09/06/2023;00:16:27;26.74;;;;376;09/06/2023;00:17:32;26.73;;;;
377;09/06/2023;00:15:54;26.7;;;;377;09/06/2023;00:17:27;26.72;;;;377;09/06/2023;00:18:32;26.7;;;;
378;09/06/2023;00:16:54;26.72;;;;378;09/06/2023;00:18:27;26.72;;;;378;09/06/2023;00:19:32;26.73;;;;
379;09/06/2023;00:17:54;26.73;;;;379;09/06/2023;00:19:27;26.74;;;;379;09/06/2023;00:20:32;26.73;;;;
380;09/06/2023;00:18:54;26.7;Synchronized;;;380;09/06/2023;00:20:27;26.72;;;;380;09/06/2023;00:21:32;26.72;;;;
381;09/06/2023;00:19:53;26.72;;;;381;09/06/2023;00:21:27;26.75;;;;381;09/06/2023;00:22:32;26.71;;;;
382;09/06/2023;00:20:53;26.72;;;;382;09/06/2023;00:22:26;26.72;;;;382;09/06/2023;00:23:32;26.73;;;;
383;09/06/2023;00:21:53;26.74;;;;383;09/06/2023;00:23:26;26.74;;;;383;09/06/2023;00:24:32;26.72;;;;
384;09/06/2023;00:22:53;26.72;;;;384;09/06/2023;00:24:26;26.73;;;;384;09/06/2023;00:25:32;26.71;Synchronized;;;
385;09/06/2023;00:23:53;26.74;;;;385;09/06/2023;00:25:26;26.74;;;;385;09/06/2023;00:26:32;26.73;;;;
386;09/06/2023;00:24:53;26.72;;;;386;09/06/2023;00:26:26;26.73;;;;386;09/06/2023;00:27:32;26.73;;;;
387;09/06/2023;00:25:53;26.71;;;;387;09/06/2023;00:27:26;26.73;;;;387;09/06/2023;00:28:32;26.72;;;;
388;09/06/2023;00:26:53;26.73;;;;388;09/06/2023;00:28:26;26.73;;;;388;09/06/2023;00:29:32;26.71;;;;
389;09/06/2023;00:27:53;26.71;;;;389;09/06/2023;00:29:26;26.73;;;;389;09/06/2023;00:30:31;26.71;;;;
390;09/06/2023;00:28:52;26.71;;;;390;09/06/2023;00:30:26;26.72;;;;390;09/06/2023;00:31:31;26.73;;;;
391;09/06/2023;00:29:52;26.71;;;;391;09/06/2023;00:31:26;26.72;;;;391;09/06/2023;00:32:31;26.7;;;;
392;09/06/2023;00:30:52;26.73;;;;392;09/06/2023;00:32:25;26.72;;;;392;09/06/2023;00:33:31;26.71;;;;
393;09/06/2023;00:31:52;26.73;;;;393;09/06/2023;00:33:25;26.73;;;;393;09/06/2023;00:34:31;26.69;;;;
394;09/06/2023;00:32:52;26.71;;;;394;09/06/2023;00:34:25;26.7;;;;394;09/06/2023;00:35:31;26.72;;;;
395;09/06/2023;00:33:52;26.73;;;;395;09/06/2023;00:35:25;26.71;;;;395;09/06/2023;00:36:31;26.69;;;;
396;09/06/2023;00:34:52;26.7;;;;396;09/06/2023;00:36:25;26.7;;;;396;09/06/2023;00:37:31;26.7;Synchronized;;;
397;09/06/2023;00:35:52;26.72;;;;397;09/06/2023;00:37:25;26.72;;;;397;09/06/2023;00:38:31;26.7;;;;
398;09/06/2023;00:36:52;26.72;;;;398;09/06/2023;00:38:25;26.7;;;;398;09/06/2023;00:39:31;26.7;;;;
399;09/06/2023;00:37:52;26.71;;;;399;09/06/2023;00:39:25;26.7;;;;399;09/06/2023;00:40:31;26.68;;;;
400;09/06/2023;00:38:51;26.7;;;;400;09/06/2023;00:40:25;26.7;;;;400;09/06/2023;00:41:31;26.7;;;;
401;09/06/2023;00:39:51;26.7;;;;401;09/06/2023;00:41:25;26.7;;;;401;09/06/2023;00:42:31;26.68;;;;
402;09/06/2023;00:40:51;26.7;;;;402;09/06/2023;00:42:25;26.7;;;;402;09/06/2023;00:43:31;26.7;;;;
403;09/06/2023;00:41:51;26.7;;;;403;09/06/2023;00:43:24;26.69;;;;403;09/06/2023;00:44:30;26.69;;;;
404;09/06/2023;00:42:51;26.69;;;;404;09/06/2023;00:44:24;26.7;;;;404;09/06/2023;00:45:30;26.69;;;;
405;09/06/2023;00:43:51;26.71;;;;405;09/06/2023;00:45:24;26.7;;;;405;09/06/2023;00:46:30;26.68;;;;
406;09/06/2023;00:44:51;26.7;;;;406;09/06/2023;00:46:24;26.69;;;;406;09/06/2023;00:47:30;26.67;;;;
407;09/06/2023;00:45:51;26.7;;;;407;09/06/2023;00:47:24;26.7;;;;407;09/06/2023;00:48:30;26.69;;;;
408;09/06/2023;00:46:51;26.69;;;;408;09/06/2023;00:48:24;26.7;;;;408;09/06/2023;00:49:30;26.69;;;;
409;09/06/2023;00:47:50;26.71;;;;409;09/06/2023;00:49:24;26.69;;;;409;09/06/2023;00:50:30;26.69;;;;
410;09/06/2023;00:48:50;26.7;;;;410;09/06/2023;00:50:24;26.69;;;;410;09/06/2023;00:51:30;26.68;;;;
411;09/06/2023;00:49:50;26.7;;;;411;09/06/2023;00:51:24;26.67;;;;411;09/06/2023;00:52:30;26.69;;;;
412;09/06/2023;00:50:50;26.69;;;;412;09/06/2023;00:52:24;26.67;;;;412;09/06/2023;00:53:30;26.68;;;;
413;09/06/2023;00:51:50;26.7;;;;413;09/06/2023;00:53:23;26.67;;;;413;09/06/2023;00:54:30;26.68;;;;
414;09/06/2023;00:52:50;26.66;;;;414;09/06/2023;00:54:23;26.67;;;;414;09/06/2023;00:55:30;26.67;;;;
415;09/06/2023;00:53:50;26.67;;;;415;09/06/2023;00:55:23;26.7;;;;415;09/06/2023;00:56:30;26.66;;;;
416;09/06/2023;00:54:50;26.66;;;;416;09/06/2023;00:56:23;26.67;;;;416;09/06/2023;00:57:29;26.66;;;;
417;09/06/2023;00:55:50;26.66;;;;417;09/06/2023;00:57:23;26.66;;;;417;09/06/2023;00:58:29;26.63;;;;
418;09/06/2023;00:56:50;26.67;;;;418;09/06/2023;00:58:23;26.66;;;;418;09/06/2023;00:59:29;26.63;;;;
419;09/06/2023;00:57:49;26.69;;;;419;09/06/2023;00:59:23;26.66;;;;419;09/06/2023;01:00:29;26.63;;;;
420;09/06/2023;00:58:49;26.66;;;;420;09/06/2023;01:00:23;26.67;;;;420;09/06/2023;01:01:29;26.62;;;;
421;09/06/2023;00:59:49;26.66;;;;421;09/06/2023;01:01:23;26.65;;;;421;09/06/2023;01:02:29;26.61;;;;
422;09/06/2023;01:00:49;26.65;;;;422;09/06/2023;01:02:23;26.63;;;;422;09/06/2023;01:03:29;26.59;;;;
423;09/06/2023;01:01:49;26.63;;;;423;09/06/2023;01:03:23;26.66;;;;423;09/06/2023;01:04:29;26.59;;;;
424;09/06/2023;01:02:49;26.62;;;;424;09/06/2023;01:04:23;26.64;Synchronized;;;424;09/06/2023;01:05:29;26.62;;;;
425;09/06/2023;01:03:49;26.62;;;;425;09/06/2023;01:05:22;26.63;;;;425;09/06/2023;01:06:29;26.62;;;;
426;09/06/2023;01:04:49;26.63;;;;426;09/06/2023;01:06:22;26.63;;;;426;09/06/2023;01:07:29;26.63;;;;
427;09/06/2023;01:05:49;26.63;;;;427;09/06/2023;01:07:22;26.66;;;;427;09/06/2023;01:08:29;26.63;;;;
428;09/06/2023;01:06:49;26.63;;;;428;09/06/2023;01:08:22;26.65;;;;428;09/06/2023;01:09:29;26.63;;;;
429;09/06/2023;01:07:48;26.62;;;;429;09/06/2023;01:09:22;26.65;Synchronized;;;429;09/06/2023;01:10:29;26.65;;;;
430;09/06/2023;01:08:48;26.63;;;;430;09/06/2023;01:10:22;26.65;;;;430;09/06/2023;01:11:29;26.62;;;;
431;09/06/2023;01:09:48;26.64;;;;431;09/06/2023;01:11:22;26.66;;;;431;09/06/2023;01:12:29;26.62;;;;
432;09/06/2023;01:10:48;26.64;;;;432;09/06/2023;01:12:22;26.63;;;;432;09/06/2023;01:13:28;26.61;;;;
433;09/06/2023;01:11:48;26.63;;;;433;09/06/2023;01:13:22;26.65;;;;433;09/06/2023;01:14:28;26.61;;;;
434;09/06/2023;01:12:48;26.64;;;;434;09/06/2023;01:14:22;26.63;;;;434;09/06/2023;01:15:28;26.59;;;;
435;09/06/2023;01:13:48;26.61;;;;435;09/06/2023;01:15:22;26.63;;;;435;09/06/2023;01:16:28;26.6;;;;
436;09/06/2023;01:14:48;26.59;;;;436;09/06/2023;01:16:21;26.63;;;;436;09/06/2023;01:17:28;26.59;;;;
437;09/06/2023;01:15:48;26.6;;;;437;09/06/2023;01:17:21;26.61;;;;437;09/06/2023;01:18:28;26.57;;;;
438;09/06/2023;01:16:47;26.59;;;;438;09/06/2023;01:18:21;26.62;;;;438;09/06/2023;01:19:28;26.58;;;;
439;09/06/2023;01:17:47;26.58;;;;439;09/06/2023;01:19:21;26.61;;;;439;09/06/2023;01:20:28;26.54;;;;
440;09/06/2023;01:18:47;26.6;;;;440;09/06/2023;01:20:21;26.59;;;;440;09/06/2023;01:21:28;26.55;;;;
441;09/06/2023;01:19:47;26.59;;;;441;09/06/2023;01:21:21;26.59;;;;441;09/06/2023;01:22:28;26.52;;;;
442;09/06/2023;01:20:47;26.57;;;;442;09/06/2023;01:22:21;26.59;;;;442;09/06/2023;01:23:28;26.52;;;;
443;09/06/2023;01:21:47;26.57;;;;443;09/06/2023;01:23:21;26.57;;;;443;09/06/2023;01:24:28;26.54;;;;
444;09/06/2023;01:22:47;26.57;;;;444;09/06/2023;01:24:21;26.59;;;;444;09/06/2023;01:25:28;26.53;;;;
445;09/06/2023;01:23:47;26.55;;;;445;09/06/2023;01:25:21;26.55;;;;445;09/06/2023;01:26:28;26.55;;;;
446;09/06/2023;01:24:47;26.57;;;;446;09/06/2023;01:26:21;26.58;;;;446;09/06/2023;01:27:28;26.53;;;;
447;09/06/2023;01:25:46;26.57;;;;447;09/06/2023;01:27:20;26.56;;;;447;09/06/2023;01:28:28;26.54;;;;
448;09/06/2023;01:26:46;26.57;;;;448;09/06/2023;01:28:20;26.57;;;;448;09/06/2023;01:29:28;26.54;;;;
449;09/06/2023;01:27:46;26.55;;;;449;09/06/2023;01:29:20;26.58;;;;449;09/06/2023;01:30:28;26.51;;;;
450;09/06/2023;01:28:46;26.54;;;;450;09/06/2023;01:30:20;26.56;;;;450;09/06/2023;01:31:27;26.51;;;;
451;09/06/2023;01:29:46;26.53;;;;451;09/06/2023;01:31:20;26.55;;;;451;09/06/2023;01:32:27;26.53;;;;
452;09/06/2023;01:30:46;26.52;;;;452;09/06/2023;01:32:20;26.57;;;;452;09/06/2023;01:33:27;26.52;;;;
453;09/06/2023;01:31:46;26.52;;;;453;09/06/2023;01:33:20;26.56;;;;453;09/06/2023;01:34:27;26.52;;;;
454;09/06/2023;01:32:46;26.54;;;;454;09/06/2023;01:34:20;26.57;;;;454;09/06/2023;01:35:27;26.52;;;;
455;09/06/2023;01:33:46;26.52;;;;455;09/06/2023;01:35:20;26.53;;;;455;09/06/2023;01:36:27;26.51;;;;
456;09/06/2023;01:34:46;26.52;;;;456;09/06/2023;01:36:20;26.54;;;;456;09/06/2023;01:37:27;26.51;;;;
457;09/06/2023;01:35:45;26.53;;;;457;09/06/2023;01:37:20;26.55;;;;457;09/06/2023;01:38:27;26.51;;;;
458;09/06/2023;01:36:45;26.53;;;;458;09/06/2023;01:38:20;26.55;;;;458;09/06/2023;01:39:27;26.52;;;;
459;09/06/2023;01:37:45;26.51;;;;459;09/06/2023;01:39:20;26.54;;;;459;09/06/2023;01:40:27;26.5;;;;
460;09/06/2023;01:38:45;26.52;;;;460;09/06/2023;01:40:19;26.54;;;;460;09/06/2023;01:41:27;26.52;;;;
461;09/06/2023;01:39:45;26.5;;;;461;09/06/2023;01:41:19;26.53;;;;461;09/06/2023;01:42:27;26.47;;;;
462;09/06/2023;01:40:45;26.52;;;;462;09/06/2023;01:42:19;26.51;;;;462;09/06/2023;01:43:27;26.47;;;;
463;09/06/2023;01:41:45;26.52;;;;463;09/06/2023;01:43:19;26.52;;;;463;09/06/2023;01:44:27;26.48;;;;
464;09/06/2023;01:42:45;26.48;;;;464;09/06/2023;01:44:19;26.5;;;;464;09/06/2023;01:45:27;26.47;;;;
465;09/06/2023;01:43:45;26.5;;;;465;09/06/2023;01:45:19;26.52;;;;465;09/06/2023;01:46:27;26.49;;;;
466;09/06/2023;01:44:45;26.48;;;;466;09/06/2023;01:46:19;26.53;;;;466;09/06/2023;01:47:27;26.5;;;;
467;09/06/2023;01:45:45;26.49;;;;467;09/06/2023;01:47:19;26.52;;;;467;09/06/2023;01:48:27;26.5;;;;
468;09/06/2023;01:46:44;26.51;;;;468;09/06/2023;01:48:19;26.52;;;;468;09/06/2023;01:49:27;26.48;;;;
469;09/06/2023;01:47:44;26.5;;;;469;09/06/2023;01:49:19;26.51;;;;469;09/06/2023;01:50:26;26.5;;;;
470;09/06/2023;01:48:44;26.51;;;;470;09/06/2023;01:50:19;26.54;;;;470;09/06/2023;01:51:26;26.5;;;;
471;09/06/2023;01:49:44;26.5;;;;471;09/06/2023;01:51:18;26.52;;;;471;09/06/2023;01:52:26;26.5;;;;
472;09/06/2023;01:50:44;26.51;;;;472;09/06/2023;01:52:18;26.52;;;;472;09/06/2023;01:53:26;26.5;;;;
473;09/06/2023;01:51:44;26.51;;;;473;09/06/2023;01:53:18;26.52;;;;473;09/06/2023;01:54:26;26.48;;;;
474;09/06/2023;01:52:44;26.51;;;;474;09/06/2023;01:54:18;26.52;;;;474;09/06/2023;01:55:26;26.5;;;;
475;09/06/2023;01:53:44;26.49;;;;475;09/06/2023;01:55:18;26.51;;;;475;09/06/2023;01:56:26;26.49;;;;
476;09/06/2023;01:54:44;26.52;;;;476;09/06/2023;01:56:18;26.5;;;;476;09/06/2023;01:57:26;26.47;;;;
477;09/06/2023;01:55:44;26.49;;;;477;09/06/2023;01:57:18;26.51;;;;477;09/06/2023;01:58:26;26.48;;;;
478;09/06/2023;01:56:43;26.52;;;;478;09/06/2023;01:58:18;26.52;;;;478;09/06/2023;01:59:26;26.5;;;;
479;09/06/2023;01:57:43;26.5;;;;479;09/06/2023;01:59:18;26.52;;;;479;09/06/2023;02:00:26;26.48;;;;
480;09/06/2023;01:58:43;26.49;Synchronized;;;480;09/06/2023;02:00:18;26.52;;;;480;09/06/2023;02:01:26;26.49;;;;
481;09/06/2023;01:59:43;26.52;;;;481;09/06/2023;02:01:18;26.54;;;;481;09/06/2023;02:02:26;26.5;;;;
482;09/06/2023;02:00:43;26.51;;;;482;09/06/2023;02:02:17;26.51;;;;482;09/06/2023;02:03:26;26.47;;;;
483;09/06/2023;02:01:43;26.51;;;;483;09/06/2023;02:03:17;26.53;;;;483;09/06/2023;02:04:26;26.46;;;;
484;09/06/2023;02:02:43;26.48;;;;484;09/06/2023;02:04:17;26.51;;;;484;09/06/2023;02:05:26;26.47;;;;
485;09/06/2023;02:03:43;26.48;;;;485;09/06/2023;02:05:17;26.51;;;;485;09/06/2023;02:06:26;26.46;;;;
486;09/06/2023;02:04:43;26.48;;;;486;09/06/2023;02:06:17;26.5;;;;486;09/06/2023;02:07:26;26.45;;;;
487;09/06/2023;02:05:42;26.48;;;;487;09/06/2023;02:07:17;26.48;;;;487;09/06/2023;02:08:26;26.47;;;;
488;09/06/2023;02:06:42;26.47;;;;488;09/06/2023;02:08:17;26.48;;;;488;09/06/2023;02:09:26;26.47;;;;
489;09/06/2023;02:07:42;26.46;;;;489;09/06/2023;02:09:17;26.48;;;;489;09/06/2023;02:10:26;26.45;;;;
490;09/06/2023;02:08:42;26.47;;;;490;09/06/2023;02:10:17;26.48;;;;490;09/06/2023;02:11:25;26.46;;;;
491;09/06/2023;02:09:42;26.48;;;;491;09/06/2023;02:11:17;26.5;;;;491;09/06/2023;02:12:25;26.45;;;;
492;09/06/2023;02:10:42;26.45;;;;492;09/06/2023;02:12:17;26.49;;;;492;09/06/2023;02:13:25;26.48;;;;
493;09/06/2023;02:11:42;26.47;;;;493;09/06/2023;02:13:17;26.49;;;;493;09/06/2023;02:14:25;26.46;;;;
494;09/06/2023;02:12:42;26.47;;;;494;09/06/2023;02:14:16;26.49;;;;494;09/06/2023;02:15:25;26.46;;;;
495;09/06/2023;02:13:42;26.48;;;;495;09/06/2023;02:15:16;26.48;;;;495;09/06/2023;02:16:25;26.45;;;;
496;09/06/2023;02:14:42;26.47;;;;496;09/06/2023;02:16:16;26.49;;;;496;09/06/2023;02:17:25;26.45;;;;
497;09/06/2023;02:15:41;26.48;;;;497;09/06/2023;02:17:16;26.48;;;;497;09/06/2023;02:18:25;26.45;Synchronized;;;
498;09/06/2023;02:16:41;26.48;;;;498;09/06/2023;02:18:16;26.49;;;;498;09/06/2023;02:19:25;26.45;;;;
499;09/06/2023;02:17:41;26.47;;;;499;09/06/2023;02:19:16;26.48;;;;499;09/06/2023;02:20:25;26.45;;;;
500;09/06/2023;02:18:41;26.47;;;;500;09/06/2023;02:20:16;26.49;;;;500;09/06/2023;02:21:25;26.45;;;;
501;09/06/2023;02:19:41;26.46;;;;501;09/06/2023;02:21:16;26.47;;;;501;09/06/2023;02:22:25;26.45;;;;
502;09/06/2023;02:20:41;26.46;;;;502;09/06/2023;02:22:16;26.49;;;;502;09/06/2023;02:23:25;26.46;;;;
503;09/06/2023;02:21:41;26.47;;;;503;09/06/2023;02:23:16;26.48;;;;503;09/06/2023;02:24:25;26.45;;;;
504;09/06/2023;02:22:41;26.46;;;;504;09/06/2023;02:24:16;26.48;;;;504;09/06/2023;02:25:25;26.44;;;;
505;09/06/2023;02:23:41;26.48;;;;505;09/06/2023;02:25:16;26.48;;;;505;09/06/2023;02:26:25;26.45;;;;
506;09/06/2023;02:24:40;26.42;;;;506;09/06/2023;02:26:16;26.47;;;;506;09/06/2023;02:27:25;26.44;;;;
507;09/06/2023;02:25:40;26.44;;;;507;09/06/2023;02:27:15;26.47;;;;507;09/06/2023;02:28:25;26.45;;;;
508;09/06/2023;02:26:40;26.45;;;;508;09/06/2023;02:28:15;26.48;;;;508;09/06/2023;02:29:25;26.45;;;;
509;09/06/2023;02:27:40;26.44;;;;509;09/06/2023;02:29:15;26.48;;;;509;09/06/2023;02:30:24;26.45;;;;
510;09/06/2023;02:28:40;26.46;;;;510;09/06/2023;02:30:15;26.46;;;;510;09/06/2023;02:31:24;26.45;;;;
511;09/06/2023;02:29:40;26.45;;;;511;09/06/2023;02:31:15;26.47;;;;511;09/06/2023;02:32:24;26.44;;;;
512;09/06/2023;02:30:40;26.46;;;;512;09/06/2023;02:32:15;26.48;;;;512;09/06/2023;02:33:24;26.45;;;;
513;09/06/2023;02:31:40;26.45;;;;513;09/06/2023;02:33:15;26.48;;;;513;09/06/2023;02:34:24;26.45;;;;
514;09/06/2023;02:32:40;26.45;;;;514;09/06/2023;02:34:15;26.46;;;;514;09/06/2023;02:35:24;26.44;;;;
515;09/06/2023;02:33:39;26.45;;;;515;09/06/2023;02:35:15;26.45;;;;515;09/06/2023;02:36:24;26.44;;;;
516;09/06/2023;02:34:39;26.46;;;;516;09/06/2023;02:36:15;26.47;;;;516;09/06/2023;02:37:24;26.44;;;;
517;09/06/2023;02:35:39;26.48;;;;517;09/06/2023;02:37:15;26.46;;;;517;09/06/2023;02:38:24;26.43;;;;
518;09/06/2023;02:36:39;26.45;;;;518;09/06/2023;02:38:15;26.45;;;;518;09/06/2023;02:39:24;26.45;;;;
519;09/06/2023;02:37:39;26.45;;;;519;09/06/2023;02:39:15;26.48;;;;519;09/06/2023;02:40:24;26.45;;;;
520;09/06/2023;02:38:39;26.44;;;;520;09/06/2023;02:40:14;26.46;;;;520;09/06/2023;02:41:24;26.44;;;;
521;09/06/2023;02:39:39;26.45;;;;521;09/06/2023;02:41:14;26.47;;;;521;09/06/2023;02:42:24;26.43;;;;
522;09/06/2023;02:40:39;26.45;;;;522;09/06/2023;02:42:14;26.45;;;;522;09/06/2023;02:43:24;26.46;;;;
523;09/06/2023;02:41:39;26.44;Synchronized;;;523;09/06/2023;02:43:14;26.46;;;;523;09/06/2023;02:44:24;26.44;;;;
524;09/06/2023;02:42:38;26.45;;;;524;09/06/2023;02:44:14;26.47;;;;524;09/06/2023;02:45:24;26.43;;;;
525;09/06/2023;02:43:38;26.44;;;;525;09/06/2023;02:45:14;26.47;;;;525;09/06/2023;02:46:24;26.45;;;;
526;09/06/2023;02:44:38;26.46;;;;526;09/06/2023;02:46:14;26.45;;;;526;09/06/2023;02:47:24;26.44;;;;
527;09/06/2023;02:45:38;26.45;;;;527;09/06/2023;02:47:14;26.45;;;;527;09/06/2023;02:48:24;26.44;;;;
528;09/06/2023;02:46:38;26.45;;;;528;09/06/2023;02:48:14;26.46;;;;528;09/06/2023;02:49:23;26.45;;;;
529;09/06/2023;02:47:38;26.45;;;;529;09/06/2023;02:49:14;26.45;;;;529;09/06/2023;02:50:23;26.44;;;;
530;09/06/2023;02:48:38;26.45;;;;530;09/06/2023;02:50:14;26.45;;;;530;09/06/2023;02:51:23;26.45;Synchronized;;;
531;09/06/2023;02:49:37;26.45;;;;531;09/06/2023;02:51:14;26.45;;;;531;09/06/2023;02:52:23;26.44;;;;
532;09/06/2023;02:50:37;26.45;;;;532;09/06/2023;02:52:14;26.45;;;;532;09/06/2023;02:53:23;26.42;;;;
533;09/06/2023;02:51:37;26.44;;;;533;09/06/2023;02:53:13;26.46;;;;533;09/06/2023;02:54:23;26.42;;;;
534;09/06/2023;02:52:37;26.41;;;;534;09/06/2023;02:54:13;26.45;;;;534;09/06/2023;02:55:23;26.42;;;;
535;09/06/2023;02:53:37;26.44;;;;535;09/06/2023;02:55:13;26.45;;;;535;09/06/2023;02:56:23;26.44;;;;
536;09/06/2023;02:54:37;26.47;;;;536;09/06/2023;02:56:13;26.45;;;;536;09/06/2023;02:57:23;26.44;;;;
537;09/06/2023;02:55:37;26.45;;;;537;09/06/2023;02:57:13;26.45;;;;537;09/06/2023;02:58:23;26.45;;;;
538;09/06/2023;02:56:37;26.44;;;;538;09/06/2023;02:58:13;26.45;;;;538;09/06/2023;02:59:23;26.45;;;;
539;09/06/2023;02:57:36;26.42;;;;539;09/06/2023;02:59:13;26.45;;;;539;09/06/2023;03:00:23;26.45;;;;
540;09/06/2023;02:58:36;26.44;;;;540;09/06/2023;03:00:13;26.45;;;;540;09/06/2023;03:01:23;26.44;;;;
541;09/06/2023;02:59:36;26.44;;;;541;09/06/2023;03:01:13;26.47;;;;541;09/06/2023;03:02:23;26.43;;;;
542;09/06/2023;03:00:36;26.45;;;;542;09/06/2023;03:02:13;26.45;;;;542;09/06/2023;03:03:23;26.43;;;;
543;09/06/2023;03:01:36;26.45;;;;543;09/06/2023;03:03:13;26.45;;;;543;09/06/2023;03:04:23;26.43;;;;
544;09/06/2023;03:02:36;26.42;;;;544;09/06/2023;03:04:13;26.44;;;;544;09/06/2023;03:05:23;26.45;;;;
545;09/06/2023;03:03:36;26.45;;;;545;09/06/2023;03:05:13;26.45;;;;545;09/06/2023;03:06:23;26.45;;;;
546;09/06/2023;03:04:36;26.44;;;;546;09/06/2023;03:06:12;26.45;;;;546;09/06/2023;03:07:22;26.45;;;;
547;09/06/2023;03:05:35;26.45;;;;547;09/06/2023;03:07:12;26.44;;;;547;09/06/2023;03:08:22;26.44;;;;
548;09/06/2023;03:06:35;26.45;;;;548;09/06/2023;03:08:12;26.42;;;;548;09/06/2023;03:09:22;26.41;;;;
549;09/06/2023;03:07:35;26.44;;;;549;09/06/2023;03:09:12;26.45;;;;549;09/06/2023;03:10:22;26.44;;;;
550;09/06/2023;03:08:35;26.45;;;;550;09/06/2023;03:10:12;26.44;;;;550;09/06/2023;03:11:22;26.45;;;;
551;09/06/2023;03:09:35;26.44;;;;551;09/06/2023;03:11:12;26.46;;;;551;09/06/2023;03:12:22;26.42;;;;
552;09/06/2023;03:10:35;26.42;;;;552;09/06/2023;03:12:12;26.42;;;;552;09/06/2023;03:13:22;26.43;;;;
553;09/06/2023;03:11:35;26.45;;;;553;09/06/2023;03:13:12;26.42;;;;553;09/06/2023;03:14:22;26.44;;;;
554;09/06/2023;03:12:35;26.44;;;;554;09/06/2023;03:14:12;26.44;;;;554;09/06/2023;03:15:22;26.44;Synchronized;;;
555;09/06/2023;03:13:34;26.45;;;;555;09/06/2023;03:15:12;26.44;;;;555;09/06/2023;03:16:22;26.44;;;;
556;09/06/2023;03:14:34;26.41;;;;556;09/06/2023;03:16:12;26.42;;;;556;09/06/2023;03:17:22;26.43;;;;
557;09/06/2023;03:15:34;26.41;;;;557;09/06/2023;03:17:12;26.41;;;;557;09/06/2023;03:18:22;26.42;;;;
558;09/06/2023;03:16:34;26.42;;;;558;09/06/2023;03:18:12;26.45;;;;558;09/06/2023;03:19:22;26.43;;;;
559;09/06/2023;03:17:34;26.44;;;;559;09/06/2023;03:19:11;26.44;;;;559;09/06/2023;03:20:22;26.43;;;;
560;09/06/2023;03:18:34;26.44;;;;560;09/06/2023;03:20:11;26.44;;;;560;09/06/2023;03:21:22;26.42;;;;
561;09/06/2023;03:19:34;26.44;;;;561;09/06/2023;03:21:11;26.45;;;;561;09/06/2023;03:22:22;26.43;;;;
562;09/06/2023;03:20:34;26.42;;;;562;09/06/2023;03:22:11;26.42;;;;562;09/06/2023;03:23:22;26.43;;;;
563;09/06/2023;03:21:33;26.45;;;;563;09/06/2023;03:23:11;26.42;;;;563;09/06/2023;03:24:22;26.43;;;;
564;09/06/2023;03:22:33;26.42;;;;564;09/06/2023;03:24:11;26.44;;;;564;09/06/2023;03:25:22;26.43;;;;
565;09/06/2023;03:23:33;26.45;;;;565;09/06/2023;03:25:11;26.44;;;;565;09/06/2023;03:26:22;26.44;;;;
566;09/06/2023;03:24:33;26.44;;;;566;09/06/2023;03:26:11;26.4;;;;566;09/06/2023;03:27:22;26.44;;;;
567;09/06/2023;03:25:33;26.45;;;;567;09/06/2023;03:27:11;26.41;;;;567;09/06/2023;03:28:21;26.41;;;;
568;09/06/2023;03:26:33;26.41;;;;568;09/06/2023;03:28:11;26.44;;;;568;09/06/2023;03:29:21;26.43;;;;
569;09/06/2023;03:27:33;26.41;;;;569;09/06/2023;03:29:11;26.45;;;;569;09/06/2023;03:30:21;26.41;;;;
570;09/06/2023;03:28:33;26.42;;;;570;09/06/2023;03:30:11;26.41;;;;570;09/06/2023;03:31:21;26.42;;;;
571;09/06/2023;03:29:32;26.42;;;;571;09/06/2023;03:31:11;26.41;;;;571;09/06/2023;03:32:21;26.43;;;;
572;09/06/2023;03:30:32;26.42;;;;572;09/06/2023;03:32:10;26.41;;;;572;09/06/2023;03:33:21;26.42;;;;
573;09/06/2023;03:31:32;26.41;;;;573;09/06/2023;03:33:10;26.41;;;;573;09/06/2023;03:34:21;26.44;;;;
574;09/06/2023;03:32:32;26.4;;;;574;09/06/2023;03:34:10;26.4;;;;574;09/06/2023;03:35:21;26.42;;;;
575;09/06/2023;03:33:32;26.41;;;;575;09/06/2023;03:35:10;26.4;;;;575;09/06/2023;03:36:21;26.41;;;;
576;09/06/2023;03:34:32;26.41;;;;576;09/06/2023;03:36:10;26.41;;;;576;09/06/2023;03:37:21;26.42;;;;
577;09/06/2023;03:35:32;26.42;;;;577;09/06/2023;03:37:10;26.41;;;;577;09/06/2023;03:38:21;26.42;;;;
578;09/06/2023;03:36:32;26.41;;;;578;09/06/2023;03:38:10;26.39;;;;578;09/06/2023;03:39:21;26.41;;;;
579;09/06/2023;03:37:31;26.39;;;;579;09/06/2023;03:39:10;26.41;;;;579;09/06/2023;03:40:21;26.43;;;;
580;09/06/2023;03:38:31;26.41;;;;580;09/06/2023;03:40:10;26.41;;;;580;09/06/2023;03:41:21;26.42;;;;
581;09/06/2023;03:39:31;26.39;;;;581;09/06/2023;03:41:10;26.41;;;;581;09/06/2023;03:42:21;26.39;;;;
582;09/06/2023;03:40:31;26.42;;;;582;09/06/2023;03:42:10;26.41;;;;582;09/06/2023;03:43:21;26.41;;;;
583;09/06/2023;03:41:31;26.41;;;;583;09/06/2023;03:43:10;26.39;;;;583;09/06/2023;03:44:21;26.41;;;;
584;09/06/2023;03:42:31;26.41;;;;584;09/06/2023;03:44:10;26.44;;;;584;09/06/2023;03:45:21;26.41;;;;
585;09/06/2023;03:43:31;26.41;;;;585;09/06/2023;03:45:09;26.41;;;;585;09/06/2023;03:46:21;26.41;;;;
586;09/06/2023;03:44:31;26.41;;;;586;09/06/2023;03:46:09;26.42;;;;586;09/06/2023;03:47:21;26.41;;;;
587;09/06/2023;03:45:31;26.38;;;;587;09/06/2023;03:47:09;26.41;;;;587;09/06/2023;03:48:21;26.41;;;;
588;09/06/2023;03:46:31;26.41;;;;588;09/06/2023;03:48:09;26.41;;;;588;09/06/2023;03:49:21;26.41;;;;
589;09/06/2023;03:47:30;26.41;;;;589;09/06/2023;03:49:09;26.41;;;;589;09/06/2023;03:50:20;26.41;;;;
590;09/06/2023;03:48:30;26.4;;;;590;09/06/2023;03:50:09;26.41;;;;590;09/06/2023;03:51:20;26.39;;;;
591;09/06/2023;03:49:30;26.39;;;;591;09/06/2023;03:51:09;26.41;;;;591;09/06/2023;03:52:20;26.41;;;;
592;09/06/2023;03:50:30;26.41;;;;592;09/06/2023;03:52:09;26.4;;;;592;09/06/2023;03:53:20;26.41;;;;
593;09/06/2023;03:51:30;26.41;;;;593;09/06/2023;03:53:09;26.4;;;;593;09/06/2023;03:54:20;26.41;;;;
594;09/06/2023;03:52:30;26.39;;;;594;09/06/2023;03:54:09;26.44;;;;594;09/06/2023;03:55:20;26.38;;;;
595;09/06/2023;03:53:30;26.41;;;;595;09/06/2023;03:55:09;26.41;;;;595;09/06/2023;03:56:20;26.39;;;;
596;09/06/2023;03:54:29;26.41;;;;596;09/06/2023;03:56:09;26.4;;;;596;09/06/2023;03:57:20;26.41;;;;
597;09/06/2023;03:55:29;26.42;;;;597;09/06/2023;03:57:09;26.4;;;;597;09/06/2023;03:58:20;26.39;;;;
598;09/06/2023;03:56:29;26.39;;;;598;09/06/2023;03:58:09;26.41;;;;598;09/06/2023;03:59:20;26.39;;;;
599;09/06/2023;03:57:29;26.39;;;;599;09/06/2023;03:59:09;26.41;;;;599;09/06/2023;04:00:20;26.41;;;;
600;09/06/2023;03:58:29;26.39;;;;600;09/06/2023;04:00:09;26.4;;;;600;09/06/2023;04:01:20;26.41;;;;
601;09/06/2023;03:59:29;26.39;;;;601;09/06/2023;04:01:08;26.41;;;;601;09/06/2023;04:02:20;26.41;;;;
602;09/06/2023;04:00:29;26.38;;;;602;09/06/2023;04:02:08;26.39;;;;602;09/06/2023;04:03:20;26.38;;;;
603;09/06/2023;04:01:29;26.38;;;;603;09/06/2023;04:03:08;26.41;;;;603;09/06/2023;04:04:20;26.39;;;;
604;09/06/2023;04:02:28;26.4;;;;604;09/06/2023;04:04:08;26.4;;;;604;09/06/2023;04:05:20;26.39;;;;
605;09/06/2023;04:03:28;26.41;;;;605;09/06/2023;04:05:08;26.39;;;;605;09/06/2023;04:06:20;26.38;;;;
606;09/06/2023;04:04:28;26.38;;;;606;09/06/2023;04:06:08;26.38;;;;606;09/06/2023;04:07:20;26.39;;;;
607;09/06/2023;04:05:28;26.38;;;;607;09/06/2023;04:07:08;26.39;;;;607;09/06/2023;04:08:20;26.38;;;;
608;09/06/2023;04:06:28;26.39;;;;608;09/06/2023;04:08:08;26.38;;;;608;09/06/2023;04:09:20;26.39;;;;
609;09/06/2023;04:07:28;26.39;;;;609;09/06/2023;04:09:08;26.4;;;;609;09/06/2023;04:10:20;26.38;;;;
610;09/06/2023;04:08:28;26.38;;;;610;09/06/2023;04:10:08;26.38;;;;610;09/06/2023;04:11:20;26.39;;;;
611;09/06/2023;04:09:28;26.38;;;;611;09/06/2023;04:11:08;26.39;;;;611;09/06/2023;04:12:20;26.41;;;;
612;09/06/2023;04:10:27;26.38;;;;612;09/06/2023;04:12:08;26.38;;;;612;09/06/2023;04:13:19;26.38;;;;
613;09/06/2023;04:11:27;26.38;;;;613;09/06/2023;04:13:08;26.39;;;;613;09/06/2023;04:14:19;26.39;;;;
614;09/06/2023;04:12:27;26.38;;;;614;09/06/2023;04:14:08;26.38;;;;614;09/06/2023;04:15:19;26.39;;;;
615;09/06/2023;04:13:27;26.38;;;;615;09/06/2023;04:15:07;26.38;;;;615;09/06/2023;04:16:19;26.38;;;;
616;09/06/2023;04:14:27;26.39;;;;616;09/06/2023;04:16:07;26.39;;;;616;09/06/2023;04:17:19;26.38;;;;
617;09/06/2023;04:15:27;26.38;;;;617;09/06/2023;04:17:07;26.39;;;;617;09/06/2023;04:18:19;26.38;;;;
618;09/06/2023;04:16:27;26.38;;;;618;09/06/2023;04:18:07;26.38;;;;618;09/06/2023;04:19:19;26.38;;;;
619;09/06/2023;04:17:26;26.36;;;;619;09/06/2023;04:19:07;26.41;;;;619;09/06/2023;04:20:19;26.37;;;;
620;09/06/2023;04:18:26;26.38;;;;620;09/06/2023;04:20:07;26.38;;;;620;09/06/2023;04:21:19;26.38;;;;
621;09/06/2023;04:19:26;26.38;;;;621;09/06/2023;04:21:07;26.37;;;;621;09/06/2023;04:22:19;26.38;;;;
622;09/06/2023;04:20:26;26.37;;;;622;09/06/2023;04:22:07;26.38;;;;622;09/06/2023;04:23:19;26.38;;;;
623;09/06/2023;04:21:26;26.38;;;;623;09/06/2023;04:23:07;26.38;;;;623;09/06/2023;04:24:19;26.38;;;;
624;09/06/2023;04:22:26;26.37;;;;624;09/06/2023;04:24:07;26.37;;;;624;09/06/2023;04:25:19;26.38;;;;
625;09/06/2023;04:23:26;26.38;;;;625;09/06/2023;04:25:07;26.41;;;;625;09/06/2023;04:26:19;26.38;;;;
626;09/06/2023;04:24:26;26.39;;;;626;09/06/2023;04:26:07;26.39;;;;626;09/06/2023;04:27:19;26.37;;;;
627;09/06/2023;04:25:25;26.38;;;;627;09/06/2023;04:27:07;26.38;;;;627;09/06/2023;04:28:19;26.38;;;;
628;09/06/2023;04:26:25;26.38;;;;628;09/06/2023;04:28:07;26.38;;;;628;09/06/2023;04:29:19;26.38;;;;
629;09/06/2023;04:27:25;26.38;;;;629;09/06/2023;04:29:06;26.38;;;;629;09/06/2023;04:30:19;26.38;;;;
630;09/06/2023;04:28:25;26.38;;;;630;09/06/2023;04:30:06;26.39;;;;630;09/06/2023;04:31:19;26.38;;;;
631;09/06/2023;04:29:25;26.38;;;;631;09/06/2023;04:31:06;26.38;;;;631;09/06/2023;04:32:19;26.36;;;;
632;09/06/2023;04:30:25;26.37;;;;632;09/06/2023;04:32:06;26.39;;;;632;09/06/2023;04:33:19;26.36;;;;
633;09/06/2023;04:31:25;26.37;;;;633;09/06/2023;04:33:06;26.38;;;;633;09/06/2023;04:34:19;26.38;;;;
634;09/06/2023;04:32:25;26.38;;;;634;09/06/2023;04:34:06;26.36;;;;634;09/06/2023;04:35:19;26.38;;;;
635;09/06/2023;04:33:24;26.39;;;;635;09/06/2023;04:35:06;26.39;;;;635;09/06/2023;04:36:19;26.38;;;;
636;09/06/2023;04:34:24;26.38;;;;636;09/06/2023;04:36:06;26.36;;;;636;09/06/2023;04:37:19;26.38;;;;
637;09/06/2023;04:35:24;26.37;;;;637;09/06/2023;04:37:06;26.38;;;;637;09/06/2023;04:38:18;26.37;;;;
638;09/06/2023;04:36:24;26.37;;;;638;09/06/2023;04:38:06;26.38;;;;638;09/06/2023;04:39:18;26.38;;;;
639;09/06/2023;04:37:24;26.38;;;;639;09/06/2023;04:39:06;26.38;;;;639;09/06/2023;04:40:18;26.38;;;;
640;09/06/2023;04:38:24;26.38;;;;640;09/06/2023;04:40:06;26.37;;;;640;09/06/2023;04:41:18;26.36;;;;
641;09/06/2023;04:39:24;26.38;;;;641;09/06/2023;04:41:06;26.38;;;;641;09/06/2023;04:42:18;26.37;;;;
642;09/06/2023;04:40:24;26.36;;;;642;09/06/2023;04:42:06;26.36;;;;642;09/06/2023;04:43:18;26.36;;;;
643;09/06/2023;04:41:23;26.38;;;;643;09/06/2023;04:43:05;26.37;;;;643;09/06/2023;04:44:18;26.38;;;;
644;09/06/2023;04:42:23;26.36;;;;644;09/06/2023;04:44:05;26.36;;;;644;09/06/2023;04:45:18;26.38;Synchronized;;;
645;09/06/2023;04:43:23;26.37;;;;645;09/06/2023;04:45:05;26.36;;;;645;09/06/2023;04:46:18;26.37;;;;
646;09/06/2023;04:44:23;26.36;;;;646;09/06/2023;04:46:05;26.37;;;;646;09/06/2023;04:47:18;26.37;;;;
647;09/06/2023;04:45:23;26.34;;;;647;09/06/2023;04:47:05;26.36;;;;647;09/06/2023;04:48:18;26.37;;;;
648;09/06/2023;04:46:23;26.35;;;;648;09/06/2023;04:48:05;26.37;;;;648;09/06/2023;04:49:18;26.37;;;;
649;09/06/2023;04:47:23;26.36;;;;649;09/06/2023;04:49:05;26.36;;;;649;09/06/2023;04:50:18;26.35;;;;
650;09/06/2023;04:48:22;26.35;;;;650;09/06/2023;04:50:05;26.38;;;;650;09/06/2023;04:51:18;26.37;;;;
651;09/06/2023;04:49:22;26.37;;;;651;09/06/2023;04:51:05;26.36;;;;651;09/06/2023;04:52:18;26.36;;;;
652;09/06/2023;04:50:22;26.36;;;;652;09/06/2023;04:52:05;26.37;Synchronized;;;652;09/06/2023;04:53:18;26.36;;;;
653;09/06/2023;04:51:22;26.35;;;;653;09/06/2023;04:53:05;26.37;;;;653;09/06/2023;04:54:18;26.35;;;;
654;09/06/2023;04:52:22;26.36;;;;654;09/06/2023;04:54:05;26.35;;;;654;09/06/2023;04:55:18;26.35;;;;
655;09/06/2023;04:53:22;26.35;;;;655;09/06/2023;04:55:05;26.37;;;;655;09/06/2023;04:56:18;26.36;;;;
656;09/06/2023;04:54:22;26.36;;;;656;09/06/2023;04:56:04;26.37;;;;656;09/06/2023;04:57:18;26.35;;;;
657;09/06/2023;04:55:22;26.35;;;;657;09/06/2023;04:57:04;26.36;;;;657;09/06/2023;04:58:18;26.37;;;;
658;09/06/2023;04:56:21;26.34;;;;658;09/06/2023;04:58:04;26.35;;;;658;09/06/2023;04:59:18;26.37;;;;
659;09/06/2023;04:57:21;26.34;;;;659;09/06/2023;04:59:04;26.34;;;;659;09/06/2023;05:00:18;26.34;;;;
660;09/06/2023;04:58:21;26.36;;;;660;09/06/2023;05:00:04;26.37;;;;660;09/06/2023;05:01:18;26.35;;;;
661;09/06/2023;04:59:21;26.34;;;;661;09/06/2023;05:01:04;26.35;;;;661;09/06/2023;05:02:18;26.34;;;;
662;09/06/2023;05:00:21;26.34;;;;662;09/06/2023;05:02:04;26.35;;;;662;09/06/2023;05:03:18;26.34;;;;
663;09/06/2023;05:01:21;26.34;;;;663;09/06/2023;05:03:04;26.35;;;;663;09/06/2023;05:04:17;26.34;;;;
664;09/06/2023;05:02:21;26.34;;;;664;09/06/2023;05:04:04;26.34;;;;664;09/06/2023;05:05:17;26.35;;;;
665;09/06/2023;05:03:20;26.34;;;;665;09/06/2023;05:05:04;26.34;;;;665;09/06/2023;05:06:17;26.34;;;;
666;09/06/2023;05:04:20;26.35;;;;666;09/06/2023;05:06:04;26.35;;;;666;09/06/2023;05:07:17;26.34;;;;
667;09/06/2023;05:05:20;26.34;;;;667;09/06/2023;05:07:04;26.36;;;;667;09/06/2023;05:08:17;26.35;;;;
668;09/06/2023;05:06:20;26.35;;;;668;09/06/2023;05:08:04;26.36;;;;668;09/06/2023;05:09:17;26.34;;;;
669;09/06/2023;05:07:20;26.34;;;;669;09/06/2023;05:09:04;26.34;;;;669;09/06/2023;05:10:17;26.34;;;;
670;09/06/2023;05:08:20;26.34;;;;670;09/06/2023;05:10:03;26.34;;;;670;09/06/2023;05:11:17;26.34;Synchronized;;;
671;09/06/2023;05:09:20;26.34;;;;671;09/06/2023;05:11:03;26.36;;;;671;09/06/2023;05:12:17;26.34;;;;
672;09/06/2023;05:10:20;26.35;;;;672;09/06/2023;05:12:03;26.34;;;;672;09/06/2023;05:13:17;26.34;;;;
673;09/06/2023;05:11:20;26.34;;;;673;09/06/2023;05:13:03;26.35;;;;673;09/06/2023;05:14:17;26.36;;;;
674;09/06/2023;05:12:19;26.34;;;;674;09/06/2023;05:14:03;26.34;;;;674;09/06/2023;05:15:17;26.35;;;;
675;09/06/2023;05:13:19;26.34;;;;675;09/06/2023;05:15:03;26.34;Synchronized;;;675;09/06/2023;05:16:17;26.34;;;;
676;09/06/2023;05:14:19;26.34;;;;676;09/06/2023;05:16:03;26.33;;;;676;09/06/2023;05:17:17;26.34;;;;
677;09/06/2023;05:15:19;26.34;;;;677;09/06/2023;05:17:03;26.36;;;;677;09/06/2023;05:18:17;26.32;;;;
678;09/06/2023;05:16:19;26.34;;;;678;09/06/2023;05:18:03;26.35;;;;678;09/06/2023;05:19:17;26.33;;;;
679;09/06/2023;05:17:19;26.34;;;;679;09/06/2023;05:19:03;26.35;;;;679;09/06/2023;05:20:17;26.34;;;;
680;09/06/2023;05:18:19;26.34;;;;680;09/06/2023;05:20:03;26.34;;;;680;09/06/2023;05:21:17;26.34;;;;
681;09/06/2023;05:19:18;26.35;;;;681;09/06/2023;05:21:03;26.33;;;;681;09/06/2023;05:22:17;26.34;;;;
682;09/06/2023;05:20:18;26.34;;;;682;09/06/2023;05:22:03;26.33;;;;682;09/06/2023;05:23:17;26.33;;;;
683;09/06/2023;05:21:18;26.34;;;;683;09/06/2023;05:23:03;26.36;;;;683;09/06/2023;05:24:17;26.33;;;;
684;09/06/2023;05:22:18;26.32;;;;684;09/06/2023;05:24:03;26.34;;;;684;09/06/2023;05:25:17;26.32;;;;
685;09/06/2023;05:23:18;26.35;;;;685;09/06/2023;05:25:03;26.36;;;;685;09/06/2023;05:26:17;26.33;;;;
686;09/06/2023;05:24:18;26.34;;;;686;09/06/2023;05:26:02;26.3;;;;686;09/06/2023;05:27:17;26.33;;;;
687;09/06/2023;05:25:18;26.3;;;;687;09/06/2023;05:27:02;26.33;;;;687;09/06/2023;05:28:17;26.32;;;;
688;09/06/2023;05:26:18;26.34;;;;688;09/06/2023;05:28:02;26.35;;;;688;09/06/2023;05:29:17;26.34;;;;
689;09/06/2023;05:27:18;26.34;;;;689;09/06/2023;05:29:02;26.33;;;;689;09/06/2023;05:30:17;26.33;Synchronized;;;
690;09/06/2023;05:28:17;26.33;;;;690;09/06/2023;05:30:02;26.34;;;;690;09/06/2023;05:31:16;26.33;;;;
691;09/06/2023;05:29:17;26.34;;;;691;09/06/2023;05:31:02;26.34;;;;691;09/06/2023;05:32:16;26.32;;;;
692;09/06/2023;05:30:17;26.35;;;;692;09/06/2023;05:32:02;26.33;;;;692;09/06/2023;05:33:16;26.32;;;;
693;09/06/2023;05:31:17;26.34;;;;693;09/06/2023;05:33:02;26.32;;;;693;09/06/2023;05:34:16;26.33;;;;
694;09/06/2023;05:32:17;26.34;;;;694;09/06/2023;05:34:02;26.33;;;;694;09/06/2023;05:35:16;26.33;;;;
695;09/06/2023;05:33:17;26.33;;;;695;09/06/2023;05:35:02;26.33;;;;695;09/06/2023;05:36:16;26.32;;;;
696;09/06/2023;05:34:17;26.3;;;;696;09/06/2023;05:36:02;26.33;;;;696;09/06/2023;05:37:16;26.3;;;;
697;09/06/2023;05:35:17;26.33;;;;697;09/06/2023;05:37:02;26.33;;;;697;09/06/2023;05:38:16;26.32;;;;
698;09/06/2023;05:36:16;26.32;;;;698;09/06/2023;05:38:02;26.34;;;;698;09/06/2023;05:39:16;26.32;;;;
699;09/06/2023;05:37:16;26.33;;;;699;09/06/2023;05:39:02;26.33;;;;699;09/06/2023;05:40:16;26.32;;;;
700;09/06/2023;05:38:16;26.33;;;;700;09/06/2023;05:40:01;26.3;;;;700;09/06/2023;05:41:16;26.32;;;;
701;09/06/2023;05:39:16;26.33;;;;701;09/06/2023;05:41:01;26.3;;;;701;09/06/2023;05:42:16;26.34;;;;
702;09/06/2023;05:40:16;26.32;;;;702;09/06/2023;05:42:01;26.32;;;;702;09/06/2023;05:43:16;26.3;;;;
703;09/06/2023;05:41:16;26.3;;;;703;09/06/2023;05:43:01;26.32;;;;703;09/06/2023;05:44:16;26.32;;;;
704;09/06/2023;05:42:16;26.32;;;;704;09/06/2023;05:44:01;26.32;;;;704;09/06/2023;05:45:16;26.32;;;;
705;09/06/2023;05:43:16;26.3;;;;705;09/06/2023;05:45:01;26.32;;;;705;09/06/2023;05:46:16;26.31;;;;
706;09/06/2023;05:44:15;26.3;;;;706;09/06/2023;05:46:01;26.34;;;;706;09/06/2023;05:47:16;26.31;;;;
707;09/06/2023;05:45:15;26.3;;;;707;09/06/2023;05:47:01;26.3;;;;707;09/06/2023;05:48:16;26.31;;;;
708;09/06/2023;05:46:15;26.3;;;;708;09/06/2023;05:48:01;26.33;;;;708;09/06/2023;05:49:16;26.32;;;;
709;09/06/2023;05:47:15;26.32;;;;709;09/06/2023;05:49:01;26.34;;;;709;09/06/2023;05:50:16;26.32;;;;
710;09/06/2023;05:48:15;26.32;;;;710;09/06/2023;05:50:01;26.3;;;;710;09/06/2023;05:51:16;26.32;;;;
711;09/06/2023;05:49:15;26.3;;;;711;09/06/2023;05:51:01;26.3;Synchronized;;;711;09/06/2023;05:52:16;26.32;;;;
712;09/06/2023;05:50:15;26.32;;;;712;09/06/2023;05:52:01;26.32;;;;712;09/06/2023;05:53:16;26.34;;;;
713;09/06/2023;05:51:15;26.32;;;;713;09/06/2023;05:53:01;26.34;;;;713;09/06/2023;05:54:16;26.32;;;;
714;09/06/2023;05:52:14;26.3;;;;714;09/06/2023;05:54:01;26.33;;;;714;09/06/2023;05:55:16;26.33;;;;
715;09/06/2023;05:53:14;26.3;;;;715;09/06/2023;05:55:01;26.3;;;;715;09/06/2023;05:56:15;26.32;;;;
716;09/06/2023;05:54:14;26.33;;;;716;09/06/2023;05:56:01;26.32;;;;716;09/06/2023;05:57:15;26.32;;;;
717;09/06/2023;05:55:14;26.33;;;;717;09/06/2023;05:57:01;26.32;;;;717;09/06/2023;05:58:15;26.3;;;;
718;09/06/2023;05:56:14;26.34;;;;718;09/06/2023;05:58:00;26.32;;;;718;09/06/2023;05:59:15;26.34;;;;
719;09/06/2023;05:57:14;26.33;;;;719;09/06/2023;05:59:00;26.32;;;;719;09/06/2023;06:00:15;26.32;;;;
720;09/06/2023;05:58:14;26.3;;;;720;09/06/2023;06:00:00;26.33;;;;720;09/06/2023;06:01:15;26.31;;;;
721;09/06/2023;05:59:13;26.33;;;;721;09/06/2023;06:01:00;26.33;;;;721;09/06/2023;06:02:15;26.31;;;;
722;09/06/2023;06:00:13;26.32;;;;722;09/06/2023;06:02:00;26.33;;;;722;09/06/2023;06:03:15;26.32;;;;
723;09/06/2023;06:01:13;26.3;;;;723;09/06/2023;06:03:00;26.33;;;;723;09/06/2023;06:04:15;26.3;;;;
724;09/06/2023;06:02:13;26.3;;;;724;09/06/2023;06:04:00;26.34;;;;724;09/06/2023;06:05:15;26.32;;;;
725;09/06/2023;06:03:13;26.3;;;;725;09/06/2023;06:05:00;26.3;;;;725;09/06/2023;06:06:15;26.33;;;;
726;09/06/2023;06:04:13;26.33;;;;726;09/06/2023;06:06:00;26.3;;;;726;09/06/2023;06:07:15;26.31;;;;
727;09/06/2023;06:05:13;26.32;;;;727;09/06/2023;06:07:00;26.32;;;;727;09/06/2023;06:08:15;26.32;;;;
728;09/06/2023;06:06:13;26.3;;;;728;09/06/2023;06:08:00;26.34;;;;728;09/06/2023;06:09:15;26.32;;;;
729;09/06/2023;06:07:13;26.32;;;;729;09/06/2023;06:09:00;26.34;;;;729;09/06/2023;06:10:15;26.34;;;;
730;09/06/2023;06:08:12;26.32;;;;730;09/06/2023;06:10:00;26.33;;;;730;09/06/2023;06:11:15;26.34;;;;
731;09/06/2023;06:09:12;26.32;;;;731;09/06/2023;06:11:00;26.34;;;;731;09/06/2023;06:12:15;26.34;;;;
732;09/06/2023;06:10:12;26.3;;;;732;09/06/2023;06:12:00;26.33;;;;732;09/06/2023;06:13:15;26.34;;;;
733;09/06/2023;06:11:12;26.3;Synchronized;;;733;09/06/2023;06:13:00;26.34;;;;733;09/06/2023;06:14:15;26.34;;;;
734;09/06/2023;06:12:12;26.33;;;;734;09/06/2023;06:14:00;26.32;;;;734;09/06/2023;06:15:15;26.36;;;;
735;09/06/2023;06:13:12;26.34;;;;735;09/06/2023;06:15:00;26.36;;;;735;09/06/2023;06:16:15;26.34;;;;
736;09/06/2023;06:14:12;26.33;;;;736;09/06/2023;06:16:00;26.34;;;;736;09/06/2023;06:17:15;26.35;;;;
737;09/06/2023;06:15:12;26.34;;;;737;09/06/2023;06:16:59;26.36;;;;737;09/06/2023;06:18:14;26.34;;;;
738;09/06/2023;06:16:11;26.35;;;;738;09/06/2023;06:17:59;26.36;;;;738;09/06/2023;06:19:14;26.36;;;;
739;09/06/2023;06:17:11;26.35;;;;739;09/06/2023;06:18:59;26.38;;;;739;09/06/2023;06:20:14;26.36;;;;
740;09/06/2023;06:18:11;26.34;;;;740;09/06/2023;06:19:59;26.36;;;;740;09/06/2023;06:21:14;26.35;;;;
741;09/06/2023;06:19:11;26.32;;;;741;09/06/2023;06:20:59;26.36;;;;741;09/06/2023;06:22:14;26.37;;;;
742;09/06/2023;06:20:11;26.35;;;;742;09/06/2023;06:21:59;26.35;;;;742;09/06/2023;06:23:14;26.36;;;;
743;09/06/2023;06:21:11;26.34;;;;743;09/06/2023;06:22:59;26.35;;;;743;09/06/2023;06:24:14;26.35;;;;
744;09/06/2023;06:22:11;26.37;;;;744;09/06/2023;06:23:59;26.35;;;;744;09/06/2023;06:25:14;26.35;;;;
745;09/06/2023;06:23:11;26.34;;;;745;09/06/2023;06:24:59;26.38;;;;745;09/06/2023;06:26:14;26.36;;;;
746;09/06/2023;06:24:10;26.36;;;;746;09/06/2023;06:25:59;26.38;;;;746;09/06/2023;06:27:14;26.37;;;;
747;09/06/2023;06:25:10;26.36;;;;747;09/06/2023;06:26:59;26.38;;;;747;09/06/2023;06:28:14;26.37;;;;
748;09/06/2023;06:26:10;26.37;;;;748;09/06/2023;06:27:59;26.36;;;;748;09/06/2023;06:29:14;26.38;;;;
749;09/06/2023;06:27:10;26.36;;;;749;09/06/2023;06:28:59;26.38;;;;749;09/06/2023;06:30:14;26.36;;;;
750;09/06/2023;06:28:10;26.36;;;;750;09/06/2023;06:29:59;26.4;;;;750;09/06/2023;06:31:14;26.41;;;;
751;09/06/2023;06:29:10;26.38;;;;751;09/06/2023;06:30:59;26.38;;;;751;09/06/2023;06:32:14;26.41;;;;
752;09/06/2023;06:30:10;26.38;;;;752;09/06/2023;06:31:59;26.4;;;;752;09/06/2023;06:33:14;26.38;;;;
753;09/06/2023;06:31:10;26.36;;;;753;09/06/2023;06:32:59;26.39;;;;753;09/06/2023;06:34:14;26.39;;;;
754;09/06/2023;06:32:10;26.38;;;;754;09/06/2023;06:33:58;26.4;;;;754;09/06/2023;06:35:14;26.39;;;;
755;09/06/2023;06:33:09;26.38;;;;755;09/06/2023;06:34:58;26.41;;;;755;09/06/2023;06:36:14;26.41;;;;
756;09/06/2023;06:34:09;26.39;;;;756;09/06/2023;06:35:58;26.4;;;;756;09/06/2023;06:37:14;26.41;;;;
757;09/06/2023;06:35:09;26.39;;;;757;09/06/2023;06:36:58;26.44;;;;757;09/06/2023;06:38:14;26.41;;;;
758;09/06/2023;06:36:09;26.41;;;;758;09/06/2023;06:37:58;26.41;;;;758;09/06/2023;06:39:14;26.41;;;;
759;09/06/2023;06:37:09;26.4;;;;759;09/06/2023;06:38:58;26.42;;;;759;09/06/2023;06:40:14;26.41;;;;
760;09/06/2023;06:38:09;26.39;;;;760;09/06/2023;06:39:58;26.41;;;;760;09/06/2023;06:41:13;26.41;;;;
761;09/06/2023;06:39:09;26.4;;;;761;09/06/2023;06:40:58;26.44;;;;761;09/06/2023;06:42:13;26.42;;;;
762;09/06/2023;06:40:09;26.42;;;;762;09/06/2023;06:41:58;26.45;Synchronized;;;762;09/06/2023;06:43:13;26.42;;;;
763;09/06/2023;06:41:08;26.41;;;;763;09/06/2023;06:42:58;26.44;;;;763;09/06/2023;06:44:13;26.41;;;;
764;09/06/2023;06:42:08;26.41;;;;764;09/06/2023;06:43:58;26.41;;;;764;09/06/2023;06:45:13;26.42;;;;
765;09/06/2023;06:43:08;26.39;;;;765;09/06/2023;06:44:58;26.45;;;;765;09/06/2023;06:46:13;26.41;;;;
766;09/06/2023;06:44:08;26.41;;;;766;09/06/2023;06:45:58;26.44;;;;766;09/06/2023;06:47:13;26.42;;;;
767;09/06/2023;06:45:08;26.41;;;;767;09/06/2023;06:46:58;26.42;;;;767;09/06/2023;06:48:13;26.43;;;;
768;09/06/2023;06:46:08;26.42;;;;768;09/06/2023;06:47:58;26.41;;;;768;09/06/2023;06:49:13;26.43;;;;
769;09/06/2023;06:47:08;26.44;;;;769;09/06/2023;06:48:57;26.45;;;;769;09/06/2023;06:50:13;26.42;;;;
770;09/06/2023;06:48:08;26.41;;;;770;09/06/2023;06:49:57;26.46;;;;770;09/06/2023;06:51:13;26.41;;;;
771;09/06/2023;06:49:08;26.42;;;;771;09/06/2023;06:50:57;26.45;;;;771;09/06/2023;06:52:13;26.44;;;;
772;09/06/2023;06:50:07;26.45;;;;772;09/06/2023;06:51:57;26.45;;;;772;09/06/2023;06:53:13;26.44;;;;
773;09/06/2023;06:51:07;26.42;;;;773;09/06/2023;06:52:57;26.45;;;;773;09/06/2023;06:54:13;26.44;;;;
774;09/06/2023;06:52:07;26.44;;;;774;09/06/2023;06:53:57;26.48;;;;774;09/06/2023;06:55:13;26.43;;;;
775;09/06/2023;06:53:07;26.45;;;;775;09/06/2023;06:54:57;26.48;;;;775;09/06/2023;06:56:13;26.45;;;;
776;09/06/2023;06:54:07;26.45;;;;776;09/06/2023;06:55:57;26.48;;;;776;09/06/2023;06:57:13;26.46;;;;
777;09/06/2023;06:55:07;26.44;;;;777;09/06/2023;06:56:57;26.48;;;;777;09/06/2023;06:58:13;26.46;;;;
778;09/06/2023;06:56:07;26.45;;;;778;09/06/2023;06:57:57;26.48;;;;778;09/06/2023;06:59:13;26.48;;;;
779;09/06/2023;06:57:07;26.45;;;;779;09/06/2023;06:58:57;26.49;;;;779;09/06/2023;07:00:13;26.47;;;;
780;09/06/2023;06:58:06;26.46;;;;780;09/06/2023;06:59:57;26.48;;;;780;09/06/2023;07:01:13;26.47;;;;
781;09/06/2023;06:59:06;26.45;;;;781;09/06/2023;07:00:57;26.49;;;;781;09/06/2023;07:02:12;26.46;;;;
782;09/06/2023;07:00:06;26.47;;;;782;09/06/2023;07:01:57;26.5;;;;782;09/06/2023;07:03:12;26.46;;;;
783;09/06/2023;07:01:06;26.48;;;;783;09/06/2023;07:02:56;26.51;;;;783;09/06/2023;07:04:12;26.48;;;;
784;09/06/2023;07:02:06;26.47;;;;784;09/06/2023;07:03:56;26.5;;;;784;09/06/2023;07:05:12;26.48;;;;
785;09/06/2023;07:03:06;26.48;;;;785;09/06/2023;07:04:56;26.52;;;;785;09/06/2023;07:06:12;26.47;;;;
786;09/06/2023;07:04:06;26.48;;;;786;09/06/2023;07:05:56;26.49;;;;786;09/06/2023;07:07:12;26.48;;;;
787;09/06/2023;07:05:06;26.49;;;;787;09/06/2023;07:06:56;26.52;;;;787;09/06/2023;07:08:12;26.49;;;;
788;09/06/2023;07:06:06;26.49;Synchronized;;;788;09/06/2023;07:07:56;26.52;;;;788;09/06/2023;07:09:12;26.48;;;;
789;09/06/2023;07:07:05;26.5;;;;789;09/06/2023;07:08:56;26.55;;;;789;09/06/2023;07:10:12;26.5;;;;
790;09/06/2023;07:08:05;26.48;;;;790;09/06/2023;07:09:56;26.52;;;;790;09/06/2023;07:11:12;26.5;;;;
791;09/06/2023;07:09:05;26.5;;;;791;09/06/2023;07:10:56;26.53;;;;791;09/06/2023;07:12:12;26.48;;;;
792;09/06/2023;07:10:05;26.49;;;;792;09/06/2023;07:11:56;26.5;;;;792;09/06/2023;07:13:12;26.49;;;;
793;09/06/2023;07:11:05;26.51;;;;793;09/06/2023;07:12:56;26.52;;;;793;09/06/2023;07:14:12;26.46;;;;
794;09/06/2023;07:12:05;26.52;;;;794;09/06/2023;07:13:56;26.52;;;;794;09/06/2023;07:15:12;26.45;;;;
795;09/06/2023;07:13:05;26.5;;;;795;09/06/2023;07:14:56;26.54;;;;795;09/06/2023;07:16:12;26.46;;;;
796;09/06/2023;07:14:05;26.49;;;;796;09/06/2023;07:15:55;26.52;;;;796;09/06/2023;07:17:12;26.45;;;;
797;09/06/2023;07:15:04;26.5;;;;797;09/06/2023;07:16:55;26.52;;;;797;09/06/2023;07:18:12;26.45;;;;
798;09/06/2023;07:16:04;26.49;;;;798;09/06/2023;07:17:55;26.52;;;;798;09/06/2023;07:19:12;26.46;;;;
799;09/06/2023;07:17:04;26.48;;;;799;09/06/2023;07:18:55;26.54;;;;799;09/06/2023;07:20:12;26.48;;;;
800;09/06/2023;07:18:04;26.48;;;;800;09/06/2023;07:19:55;26.54;;;;800;09/06/2023;07:21:11;26.47;;;;
801;09/06/2023;07:19:04;26.52;Synchronized;;;801;09/06/2023;07:20:55;26.55;;;;801;09/06/2023;07:22:11;26.48;;;;
802;09/06/2023;07:20:04;26.51;;;;802;09/06/2023;07:21:55;26.53;;;;802;09/06/2023;07:23:11;26.49;;;;
803;09/06/2023;07:21:04;26.52;;;;803;09/06/2023;07:22:55;26.53;;;;803;09/06/2023;07:24:11;26.45;;;;
804;09/06/2023;07:22:04;26.51;;;;804;09/06/2023;07:23:55;26.52;;;;804;09/06/2023;07:25:11;26.41;;;;
805;09/06/2023;07:23:04;26.5;;;;805;09/06/2023;07:24:55;26.52;;;;805;09/06/2023;07:26:11;26.38;;;;
806;09/06/2023;07:24:03;26.47;;;;806;09/06/2023;07:25:55;26.51;;;;806;09/06/2023;07:27:11;26.36;;;;
807;09/06/2023;07:25:03;26.45;;;;807;09/06/2023;07:26:55;26.5;;;;807;09/06/2023;07:28:11;26.35;;;;
808;09/06/2023;07:26:03;26.39;;;;808;09/06/2023;07:27:55;26.47;;;;808;09/06/2023;07:29:11;26.34;;;;
809;09/06/2023;07:27:03;26.38;;;;809;09/06/2023;07:28:55;26.48;Synchronized;;;809;09/06/2023;07:30:11;26.34;;;;
810;09/06/2023;07:28:03;26.38;;;;810;09/06/2023;07:29:54;26.48;;;;810;09/06/2023;07:31:11;26.36;;;;
811;09/06/2023;07:29:03;26.36;;;;811;09/06/2023;07:30:54;26.45;;;;811;09/06/2023;07:32:11;26.37;;;;
812;09/06/2023;07:30:03;26.35;;;;812;09/06/2023;07:31:54;26.49;;;;812;09/06/2023;07:33:11;26.36;;;;
813;09/06/2023;07:31:02;26.35;;;;813;09/06/2023;07:32:54;26.47;;;;813;09/06/2023;07:34:11;26.38;;;;
814;09/06/2023;07:32:02;26.36;;;;814;09/06/2023;07:33:54;26.48;;;;814;09/06/2023;07:35:11;26.37;;;;
815;09/06/2023;07:33:02;26.39;;;;815;09/06/2023;07:34:54;26.48;;;;815;09/06/2023;07:36:11;26.37;;;;
816;09/06/2023;07:34:02;26.38;;;;816;09/06/2023;07:35:54;26.48;;;;816;09/06/2023;07:37:11;26.36;;;;
817;09/06/2023;07:35:02;26.39;;;;817;09/06/2023;07:36:54;26.48;;;;817;09/06/2023;07:38:11;26.36;;;;
818;09/06/2023;07:36:02;26.39;;;;818;09/06/2023;07:37:54;26.48;;;;818;09/06/2023;07:39:11;26.34;;;;
819;09/06/2023;07:37:02;26.38;;;;819;09/06/2023;07:38:54;26.48;;;;819;09/06/2023;07:40:11;26.36;;;;
820;09/06/2023;07:38:02;26.38;;;;820;09/06/2023;07:39:54;26.47;;;;820;09/06/2023;07:41:11;26.37;;;;
821;09/06/2023;07:39:01;26.38;;;;821;09/06/2023;07:40:54;26.48;;;;821;09/06/2023;07:42:11;26.36;;;;
822;09/06/2023;07:40:01;26.38;;;;822;09/06/2023;07:41:54;26.48;;;;822;09/06/2023;07:43:10;26.37;;;;
823;09/06/2023;07:41:01;26.38;;;;823;09/06/2023;07:42:53;26.48;;;;823;09/06/2023;07:44:10;26.35;;;;
824;09/06/2023;07:42:01;26.38;;;;824;09/06/2023;07:43:53;26.51;;;;824;09/06/2023;07:45:10;26.34;;;;
825;09/06/2023;07:43:01;26.35;;;;825;09/06/2023;07:44:53;26.5;;;;825;09/06/2023;07:46:10;26.32;;;;
826;09/06/2023;07:44:01;26.35;;;;826;09/06/2023;07:45:53;26.48;;;;826;09/06/2023;07:47:10;26.3;;;;
827;09/06/2023;07:45:01;26.33;;;;827;09/06/2023;07:46:53;26.48;;;;827;09/06/2023;07:48:10;26.29;;;;
828;09/06/2023;07:46:00;26.34;;;;828;09/06/2023;07:47:53;26.46;;;;828;09/06/2023;07:49:10;26.23;;;;
829;09/06/2023;07:47:00;26.32;;;;829;09/06/2023;07:48:53;26.45;;;;829;09/06/2023;07:50:10;26.21;;;;
830;09/06/2023;07:48:00;26.29;;;;830;09/06/2023;07:49:53;26.44;;;;830;09/06/2023;07:51:10;26.2;;;;
831;09/06/2023;07:49:00;26.27;;;;831;09/06/2023;07:50:53;26.39;;;;831;09/06/2023;07:52:10;26.16;;;;
832;09/06/2023;07:50:00;26.27;;;;832;09/06/2023;07:51:53;26.4;;;;832;09/06/2023;07:53:10;26.13;;;;
833;09/06/2023;07:51:00;26.24;;;;833;09/06/2023;07:52:53;26.36;;;;833;09/06/2023;07:54:10;26.14;Synchronized;;;
834;09/06/2023;07:52:00;26.2;;;;834;09/06/2023;07:53:53;26.36;;;;834;09/06/2023;07:55:10;26.14;;;;
835;09/06/2023;07:53:00;26.16;;;;835;09/06/2023;07:54:53;26.38;;;;835;09/06/2023;07:56:10;26.19;;;;
836;09/06/2023;07:54:00;26.16;;;;836;09/06/2023;07:55:53;26.38;;;;836;09/06/2023;07:57:10;26.22;;;;
837;09/06/2023;07:54:59;26.16;;;;837;09/06/2023;07:56:53;26.4;;;;837;09/06/2023;07:58:10;26.23;;;;
838;09/06/2023;07:55:59;26.18;;;;838;09/06/2023;07:57:52;26.41;;;;838;09/06/2023;07:59:10;26.25;;;;
839;09/06/2023;07:56:59;26.21;;;;839;09/06/2023;07:58:52;26.45;;;;839;09/06/2023;08:00:10;26.25;;;;
840;09/06/2023;07:57:59;26.22;;;;840;09/06/2023;07:59:52;26.42;;;;840;09/06/2023;08:01:10;26.24;;;;
841;09/06/2023;07:58:59;26.25;;;;841;09/06/2023;08:00:52;26.42;;;;841;09/06/2023;08:02:10;26.22;;;;
842;09/06/2023;07:59:59;26.25;;;;842;09/06/2023;08:01:52;26.41;;;;842;09/06/2023;08:03:10;26.29;;;;
843;09/06/2023;08:00:59;26.27;;;;843;09/06/2023;08:02:52;26.44;;;;843;09/06/2023;08:04:10;26.38;;;;
844;09/06/2023;08:01:59;26.24;;;;844;09/06/2023;08:03:52;26.5;;;;844;09/06/2023;08:05:10;26.45;;;;
845;09/06/2023;08:02:59;26.29;;;;845;09/06/2023;08:04:52;26.59;;;;845;09/06/2023;08:06:10;26.48;;;;
846;09/06/2023;08:03:58;26.39;;;;846;09/06/2023;08:05:52;26.61;;;;846;09/06/2023;08:07:10;26.5;;;;
847;09/06/2023;08:04:58;26.48;;;;847;09/06/2023;08:06:52;26.66;;;;847;09/06/2023;08:08:10;26.5;;;;
848;09/06/2023;08:05:58;26.49;;;;848;09/06/2023;08:07:52;26.66;;;;848;09/06/2023;08:09:09;26.45;;;;
849;09/06/2023;08:06:58;26.52;;;;849;09/06/2023;08:08:52;26.66;;;;849;09/06/2023;08:10:09;26.43;;;;
850;09/06/2023;08:07:58;26.55;;;;850;09/06/2023;08:09:52;26.69;;;;850;09/06/2023;08:11:09;26.38;;;;
851;09/06/2023;08:08:58;26.52;;;;851;09/06/2023;08:10:51;26.64;;;;851;09/06/2023;08:12:09;26.34;;;;
852;09/06/2023;08:09:58;26.51;;;;852;09/06/2023;08:11:51;26.62;;;;852;09/06/2023;08:13:09;26.32;;;;
853;09/06/2023;08:10:58;26.49;;;;853;09/06/2023;08:12:51;26.63;;;;853;09/06/2023;08:14:09;26.3;;;;
854;09/06/2023;08:11:57;26.44;;;;854;09/06/2023;08:13:51;26.63;;;;854;09/06/2023;08:15:09;26.28;;;;
855;09/06/2023;08:12:57;26.45;;;;855;09/06/2023;08:14:51;26.62;;;;855;09/06/2023;08:16:09;26.2;;;;
856;09/06/2023;08:13:57;26.44;;;;856;09/06/2023;08:15:51;26.59;;;;856;09/06/2023;08:17:09;26.13;;;;
857;09/06/2023;08:14:57;26.45;;;;857;09/06/2023;08:16:51;26.56;;;;857;09/06/2023;08:18:09;26.13;;;;
858;09/06/2023;08:15:57;26.37;;;;858;09/06/2023;08:17:51;26.55;;;;858;09/06/2023;08:19:09;26.22;;;;
859;09/06/2023;08:16:57;26.37;;;;859;09/06/2023;08:18:51;26.56;;;;859;09/06/2023;08:20:09;26.23;;;;
860;09/06/2023;08:17:57;26.34;;;;860;09/06/2023;08:19:51;26.56;;;;860;09/06/2023;08:21:09;26.23;;;;
861;09/06/2023;08:18:57;26.37;;;;861;09/06/2023;08:20:51;26.55;;;;861;09/06/2023;08:22:09;26.29;;;;
862;09/06/2023;08:19:56;26.36;;;;862;09/06/2023;08:21:51;26.53;;;;862;09/06/2023;08:23:09;26.31;;;;
863;09/06/2023;08:20:56;26.38;;;;863;09/06/2023;08:22:51;26.53;;;;863;09/06/2023;08:24:09;26.34;;;;
864;09/06/2023;08:21:56;26.38;;;;864;09/06/2023;08:23:50;26.53;;;;864;09/06/2023;08:25:09;26.36;;;;
865;09/06/2023;08:22:56;26.4;;;;865;09/06/2023;08:24:50;26.53;;;;865;09/06/2023;08:26:09;26.37;;;;
866;09/06/2023;08:23:56;26.39;;;;866;09/06/2023;08:25:50;26.53;;;;866;09/06/2023;08:27:09;26.39;;;;
867;09/06/2023;08:24:56;26.42;;;;867;09/06/2023;08:26:50;26.53;;;;867;09/06/2023;08:28:09;26.41;;;;
868;09/06/2023;08:25:56;26.45;;;;868;09/06/2023;08:27:50;26.54;;;;868;09/06/2023;08:29:09;26.42;;;;
869;09/06/2023;08:26:56;26.45;;;;869;09/06/2023;08:28:50;26.54;;;;869;09/06/2023;08:30:09;26.44;;;;
870;09/06/2023;08:27:55;26.45;;;;870;09/06/2023;08:29:50;26.54;;;;870;09/06/2023;08:31:09;26.45;;;;
871;09/06/2023;08:28:55;26.48;;;;871;09/06/2023;08:30:50;26.55;;;;871;09/06/2023;08:32:09;26.44;;;;
872;09/06/2023;08:29:55;26.5;;;;872;09/06/2023;08:31:50;26.53;;;;872;09/06/2023;08:33:09;26.41;;;;
873;09/06/2023;08:30:55;26.52;;;;873;09/06/2023;08:32:50;26.53;;;;873;09/06/2023;08:34:08;26.38;;;;
874;09/06/2023;08:31:55;26.5;;;;874;09/06/2023;08:33:50;26.52;;;;874;09/06/2023;08:35:08;26.33;;;;
875;09/06/2023;08:32:55;26.48;;;;875;09/06/2023;08:34:50;26.48;;;;875;09/06/2023;08:36:08;26.31;;;;
876;09/06/2023;08:33:55;26.46;;;;876;09/06/2023;08:35:50;26.49;;;;876;09/06/2023;08:37:08;26.33;;;;
877;09/06/2023;08:34:55;26.45;;;;877;09/06/2023;08:36:49;26.48;;;;877;09/06/2023;08:38:08;26.33;;;;
878;09/06/2023;08:35:54;26.44;;;;878;09/06/2023;08:37:49;26.49;;;;878;09/06/2023;08:39:08;26.3;;;;
879;09/06/2023;08:36:54;26.41;;;;879;09/06/2023;08:38:49;26.49;;;;879;09/06/2023;08:40:08;26.31;;;;
880;09/06/2023;08:37:54;26.46;;;;880;09/06/2023;08:39:49;26.46;;;;880;09/06/2023;08:41:08;26.27;;;;
881;09/06/2023;08:38:54;26.45;;;;881;09/06/2023;08:40:49;26.44;;;;881;09/06/2023;08:42:08;26.26;;;;
882;09/06/2023;08:39:54;26.42;;;;882;09/06/2023;08:41:49;26.42;;;;882;09/06/2023;08:43:08;26.23;;;;
883;09/06/2023;08:40:54;26.38;;;;883;09/06/2023;08:42:49;26.45;;;;883;09/06/2023;08:44:08;26.24;;;;
884;09/06/2023;08:41:54;26.38;;;;884;09/06/2023;08:43:49;26.45;;;;884;09/06/2023;08:45:08;26.26;;;;
885;09/06/2023;08:42:54;26.38;;;;885;09/06/2023;08:44:49;26.42;;;;885;09/06/2023;08:46:08;26.27;;;;
886;09/06/2023;08:43:54;26.37;;;;886;09/06/2023;08:45:49;26.44;;;;886;09/06/2023;08:47:08;26.28;;;;
887;09/06/2023;08:44:53;26.38;;;;887;09/06/2023;08:46:49;26.45;;;;887;09/06/2023;08:48:08;26.3;;;;
888;09/06/2023;08:45:53;26.38;;;;888;09/06/2023;08:47:49;26.45;;;;888;09/06/2023;08:49:08;26.29;;;;
889;09/06/2023;08:46:53;26.38;;;;889;09/06/2023;08:48:49;26.46;;;;889;09/06/2023;08:50:08;26.27;;;;
890;09/06/2023;08:47:53;26.4;;;;890;09/06/2023;08:49:49;26.45;;;;890;09/06/2023;08:51:08;26.29;;;;
891;09/06/2023;08:48:53;26.4;;;;891;09/06/2023;08:50:49;26.44;;;;891;09/06/2023;08:52:08;26.3;;;;
892;09/06/2023;08:49:53;26.37;;;;892;09/06/2023;08:51:49;26.45;;;;892;09/06/2023;08:53:08;26.3;;;;
893;09/06/2023;08:50:53;26.38;;;;893;09/06/2023;08:52:48;26.45;;;;893;09/06/2023;08:54:08;28.45;;;;
894;09/06/2023;08:51:53;26.38;;;;894;09/06/2023;08:53:48;26.45;;;;894;09/06/2023;08:55:07;35.92;;;;
895;09/06/2023;08:52:52;26.4;;;;895;09/06/2023;08:54:48;26.5;;;;895;09/06/2023;08:56:07;37.02;;;;
896;09/06/2023;08:53:52;26.41;;;;896;09/06/2023;08:55:48;26.5;;;;896;09/06/2023;08:57:07;37.27;Synchronized;;;
897;09/06/2023;08:54:52;26.45;;;;897;09/06/2023;08:56:48;26.51;;;;897;09/06/2023;08:58:07;37.33;;;;
898;09/06/2023;08:55:52;26.46;;;;898;09/06/2023;08:57:48;26.56;;;;898;09/06/2023;08:59:07;37.37;Synchronized;;;
899;09/06/2023;08:56:52;26.49;;;;899;09/06/2023;08:58:48;26.58;;;;899;09/06/2023;09:00:07;37.44;;;;
900;09/06/2023;08:57:52;26.53;;;;900;09/06/2023;08:59:48;26.57;;;;900;09/06/2023;09:01:07;37.46;;;;
901;09/06/2023;08:58:52;26.55;;;;901;09/06/2023;09:00:48;26.59;;;;901;09/06/2023;09:02:07;37.45;Synchronized;;;
902;09/06/2023;08:59:52;26.57;;;;902;09/06/2023;09:01:48;26.61;;;;902;09/06/2023;09:03:07;37.46;Synchronized;;;
903;09/06/2023;09:00:51;26.6;;;;903;09/06/2023;09:02:48;26.63;;;;903;09/06/2023;09:04:07;37.48;Synchronized;;;
904;09/06/2023;09:01:51;26.62;;;;904;09/06/2023;09:03:48;26.62;;;;904;09/06/2023;09:05:07;37.46;Synchronized;;;
905;09/06/2023;09:02:51;26.63;;;;905;09/06/2023;09:04:47;26.6;;;;905;09/06/2023;09:06:07;37.45;Synchronized;;;
906;09/06/2023;09:03:51;26.61;;;;906;09/06/2023;09:05:47;26.59;;;;906;09/06/2023;09:07:07;37.45;Synchronized;;;
907;09/06/2023;09:04:51;26.6;;;;907;09/06/2023;09:06:47;26.59;;;;907;09/06/2023;09:08:07;37.48;Synchronized;;;
908;09/06/2023;09:05:51;26.58;;;;908;09/06/2023;09:07:47;26.57;;;;908;09/06/2023;09:09:07;37.44;;;;
909;09/06/2023;09:06:51;26.55;;;;909;09/06/2023;09:08:47;26.56;;;;909;09/06/2023;09:10:07;37.41;Synchronized;;;
910;09/06/2023;09:07:51;26.54;;;;910;09/06/2023;09:09:47;26.56;;;;910;09/06/2023;09:11:07;37.39;Synchronized;;;
911;09/06/2023;09:08:51;26.53;;;;911;09/06/2023;09:10:47;26.98;;;;911;09/06/2023;09:12:07;37.39;Synchronized;;;
912;09/06/2023;09:09:50;26.54;;;;912;09/06/2023;09:11:47;31.44;;;;912;09/06/2023;09:13:07;37.39;Synchronized;;;
913;09/06/2023;09:10:50;26.58;;;;913;09/06/2023;09:12:46;33.28;;;;913;09/06/2023;09:14:07;37.38;Synchronized;;;
914;09/06/2023;09:11:50;26.63;;;;914;09/06/2023;09:13:46;34.41;Synchronized;;;914;09/06/2023;09:15:07;37.34;Synchronized;;;
915;09/06/2023;09:12:50;26.63;;;;915;09/06/2023;09:14:46;35.21;Synchronized;;;915;09/06/2023;09:16:07;37.37;Synchronized;;;
916;09/06/2023;09:13:50;26.6;;;;916;09/06/2023;09:15:46;35.53;Synchronized;;;916;09/06/2023;09:17:06;37.36;Synchronized;;;
917;09/06/2023;09:14:50;26.64;;;;917;09/06/2023;09:16:46;35.75;Synchronized;;;917;09/06/2023;09:18:06;37.34;Synchronized;;;
918;09/06/2023;09:15:50;26.61;;;;918;09/06/2023;09:17:46;35.93;Synchronized;;;918;09/06/2023;09:19:06;37.34;Synchronized;;;
919;09/06/2023;09:16:50;26.66;;;;919;09/06/2023;09:18:46;36.3;Synchronized;;;919;09/06/2023;09:20:06;37.35;Synchronized;;;
920;09/06/2023;09:17:50;26.62;;;;920;09/06/2023;09:19:46;36.67;Synchronized;;;920;09/06/2023;09:21:06;37.34;Synchronized;;;
921;09/06/2023;09:18:49;26.62;;;;921;09/06/2023;09:20:46;36.82;Synchronized;;;921;09/06/2023;09:22:06;37.31;Synchronized;;;
922;09/06/2023;09:19:49;26.64;;;;922;09/06/2023;09:21:46;36.88;Synchronized;;;922;09/06/2023;09:23:06;37.29;;;;
923;09/06/2023;09:20:49;26.63;;;;923;09/06/2023;09:22:46;36.91;;;;923;09/06/2023;09:24:06;37.29;Synchronized;;;
924;09/06/2023;09:21:49;26.61;;;;924;09/06/2023;09:23:46;36.96;Synchronized;;;924;09/06/2023;09:25:06;37.27;Synchronized;;;
925;09/06/2023;09:22:49;26.63;Synchronized;;;925;09/06/2023;09:24:46;37.05;Synchronized;;;925;09/06/2023;09:26:06;37.27;Synchronized;;;
926;09/06/2023;09:23:49;26.61;;;;926;09/06/2023;09:25:46;37.12;Synchronized;;;926;09/06/2023;09:27:06;37.27;Synchronized;;;
927;09/06/2023;09:24:49;26.63;;;;927;09/06/2023;09:26:46;37.09;Synchronized;;;927;09/06/2023;09:28:05;37.27;Synchronized;;;
928;09/06/2023;09:25:49;26.59;;;;928;09/06/2023;09:27:46;37.05;Synchronized;;;928;09/06/2023;09:29:05;37.25;Synchronized;;;
929;09/06/2023;09:26:49;26.59;;;;929;09/06/2023;09:28:46;37.03;Synchronized;;;929;09/06/2023;09:30:05;37.23;Synchronized;;;
930;09/06/2023;09:27:49;26.59;;;;930;09/06/2023;09:29:46;37.01;Synchronized;;;930;09/06/2023;09:31:05;37.23;;;;
931;09/06/2023;09:28:49;26.58;;;;931;09/06/2023;09:30:46;36.99;Synchronized;;;931;09/06/2023;09:32:05;37.23;Synchronized;;;
932;09/06/2023;09:29:48;26.57;;;;932;09/06/2023;09:31:46;36.99;Synchronized;;;932;09/06/2023;09:33:05;37.25;Synchronized;;;
933;09/06/2023;09:30:48;26.55;;;;933;09/06/2023;09:32:46;36.95;Synchronized;;;933;09/06/2023;09:34:05;37.23;Synchronized;;;
934;09/06/2023;09:31:48;26.53;;;;934;09/06/2023;09:33:46;36.95;Synchronized;;;934;09/06/2023;09:35:05;37.23;Synchronized;;;
935;09/06/2023;09:32:48;26.52;;;;935;09/06/2023;09:34:46;36.95;;;;935;09/06/2023;09:36:05;37.24;Synchronized;;;
936;09/06/2023;09:33:48;26.52;;;;936;09/06/2023;09:35:46;36.95;Synchronized;;;936;09/06/2023;09:37:05;37.23;Synchronized;;;
937;09/06/2023;09:34:48;26.54;;;;937;09/06/2023;09:36:46;36.93;Synchronized;;;937;09/06/2023;09:38:05;37.23;Synchronized;;;
938;09/06/2023;09:35:48;26.56;;;;938;09/06/2023;09:37:46;36.96;;;;938;09/06/2023;09:39:05;37.25;Synchronized;;;
939;09/06/2023;09:36:48;26.59;;;;939;09/06/2023;09:38:46;36.95;;;;939;09/06/2023;09:40:05;37.23;Synchronized;;;
940;09/06/2023;09:37:48;26.59;;;;940;09/06/2023;09:39:46;36.96;Synchronized;;;940;09/06/2023;09:41:05;37.21;Synchronized;;;
941;09/06/2023;09:38:47;26.59;;;;941;09/06/2023;09:40:46;36.95;Synchronized;;;941;09/06/2023;09:42:05;37.22;Synchronized;;;
942;09/06/2023;09:39:47;26.59;;;;942;09/06/2023;09:41:46;36.91;Synchronized;;;942;09/06/2023;09:43:05;37.21;Synchronized;;;
943;09/06/2023;09:40:47;26.67;;;;943;09/06/2023;09:42:46;36.88;Synchronized;;;943;09/06/2023;09:44:05;37.2;Synchronized;;;
944;09/06/2023;09:41:47;26.73;;;;944;09/06/2023;09:43:46;36.91;Synchronized;;;944;09/06/2023;09:45:05;37.2;Synchronized;;;
945;09/06/2023;09:42:47;26.67;;;;945;09/06/2023;09:44:46;36.91;Synchronized;;;945;09/06/2023;09:46:05;37.21;Synchronized;;;
946;09/06/2023;09:43:47;26.69;;;;946;09/06/2023;09:45:46;36.88;Synchronized;;;946;09/06/2023;09:47:05;37.2;Synchronized;;;
947;09/06/2023;09:44:47;26.64;Synchronized;;;947;09/06/2023;09:46:46;36.84;Synchronized;;;947;09/06/2023;09:48:05;37.2;Synchronized;;;
948;09/06/2023;09:45:47;26.62;Synchronized;;;948;09/06/2023;09:47:46;36.84;Synchronized;;;948;09/06/2023;09:49:05;37.17;Synchronized;;;
949;09/06/2023;09:46:46;26.63;Synchronized;;;949;09/06/2023;09:48:46;36.77;;;;949;09/06/2023;09:50:05;37.2;Synchronized;;;
950;09/06/2023;09:47:46;26.6;Synchronized;;;950;09/06/2023;09:49:46;36.78;;;;950;09/06/2023;09:51:04;37.17;Synchronized;;;
951;09/06/2023;09:48:46;26.56;;;;951;09/06/2023;09:50:46;36.83;;;;951;09/06/2023;09:52:04;37.15;Synchronized;;;
952;09/06/2023;09:49:46;26.52;;;;952;09/06/2023;09:51:46;36.84;Synchronized;;;952;09/06/2023;09:53:04;37.13;Synchronized;;;
953;09/06/2023;09:50:46;26.48;;;;953;09/06/2023;09:52:46;36.8;Synchronized;;;953;09/06/2023;09:54:04;37.13;Synchronized;;;
954;09/06/2023;09:51:46;26.5;;;;954;09/06/2023;09:53:46;36.77;Synchronized;;;954;09/06/2023;09:55:04;37.12;Synchronized;;;
955;09/06/2023;09:52:46;26.48;;;;955;09/06/2023;09:54:46;36.75;Synchronized;;;955;09/06/2023;09:56:04;37.13;Synchronized;;;
956;09/06/2023;09:53:46;26.5;;;;956;09/06/2023;09:55:47;36.75;Synchronized;;;956;09/06/2023;09:57:04;37.13;Synchronized;;;
957;09/06/2023;09:54:46;26.54;;;;957;09/06/2023;09:56:47;36.77;Synchronized;;;957;09/06/2023;09:58:04;37.13;Synchronized;;;
958;09/06/2023;09:55:46;26.54;Synchronized;;;958;09/06/2023;09:57:47;36.8;Synchronized;;;958;09/06/2023;09:59:04;37.13;Synchronized;;;
959;09/06/2023;09:56:45;26.56;;;;959;09/06/2023;09:58:47;36.78;Synchronized;;;959;09/06/2023;10:00:04;37.13;Synchronized;;;
960;09/06/2023;09:57:45;26.57;;;;960;09/06/2023;09:59:47;36.8;;;;960;09/06/2023;10:01:04;37.13;Synchronized;;;
961;09/06/2023;09:58:45;26.56;;;;961;09/06/2023;10:00:47;36.86;Synchronized;;;961;09/06/2023;10:02:04;37.15;Synchronized;;;
962;09/06/2023;09:59:45;26.57;;;;962;09/06/2023;10:01:47;36.91;Synchronized;;;962;09/06/2023;10:03:04;37.13;Synchronized;;;
963;09/06/2023;10:00:45;26.59;;;;963;09/06/2023;10:02:47;36.86;Synchronized;;;963;09/06/2023;10:04:04;37.13;Synchronized;;;
964;09/06/2023;10:01:45;26.56;;;;964;09/06/2023;10:03:47;36.87;Synchronized;;;964;09/06/2023;10:05:04;37.13;Synchronized;;;
965;09/06/2023;10:02:45;26.56;;;;965;09/06/2023;10:04:47;36.85;Synchronized;;;965;09/06/2023;10:06:04;37.11;Synchronized;;;
966;09/06/2023;10:03:45;26.57;;;;966;09/06/2023;10:05:47;36.84;Synchronized;;;966;09/06/2023;10:07:04;37.12;Synchronized;;;
967;09/06/2023;10:04:45;26.58;;;;967;09/06/2023;10:06:47;36.82;Synchronized;;;967;09/06/2023;10:08:04;37.11;Synchronized;;;
968;09/06/2023;10:05:44;26.59;;;;968;09/06/2023;10:07:47;36.8;Synchronized;;;968;09/06/2023;10:09:04;37.11;;;;
969;09/06/2023;10:06:44;26.59;;;;969;09/06/2023;10:08:47;36.81;Synchronized;;;969;09/06/2023;10:10:04;37.1;Synchronized;;;
970;09/06/2023;10:07:44;26.58;;;;970;09/06/2023;10:09:47;36.86;Synchronized;;;970;09/06/2023;10:11:04;37.09;Synchronized;;;
971;09/06/2023;10:08:44;26.59;;;;971;09/06/2023;10:10:47;36.86;Synchronized;;;971;09/06/2023;10:12:04;37.09;Synchronized;;;
972;09/06/2023;10:09:44;26.59;;;;972;09/06/2023;10:11:47;36.86;Synchronized;;;972;09/06/2023;10:13:04;37.1;Synchronized;;;
973;09/06/2023;10:10:44;26.63;;;;973;09/06/2023;10:12:47;36.9;Synchronized;;;973;09/06/2023;10:14:04;37.08;Synchronized;;;
974;09/06/2023;10:11:44;26.63;;;;974;09/06/2023;10:13:47;36.9;Synchronized;;;974;09/06/2023;10:15:04;37.09;Synchronized;;;
975;09/06/2023;10:12:44;26.62;;;;975;09/06/2023;10:14:47;36.9;Synchronized;;;975;09/06/2023;10:16:04;37.1;Synchronized;;;
976;09/06/2023;10:13:44;26.61;;;;976;09/06/2023;10:15:47;36.92;Synchronized;;;976;09/06/2023;10:17:04;37.1;Synchronized;;;
977;09/06/2023;10:14:44;26.62;;;;977;09/06/2023;10:16:47;36.91;Synchronized;;;977;09/06/2023;10:18:04;37.09;Synchronized;;;
978;09/06/2023;10:15:43;26.63;;;;978;09/06/2023;10:17:47;36.92;Synchronized;;;978;09/06/2023;10:19:04;37.1;Synchronized;;;
979;09/06/2023;10:16:43;26.62;;;;979;09/06/2023;10:18:47;36.92;Synchronized;;;979;09/06/2023;10:20:04;37.09;Synchronized;;;
980;09/06/2023;10:17:43;26.63;;;;980;09/06/2023;10:19:47;36.95;Synchronized;;;980;09/06/2023;10:21:04;37.11;Synchronized;;;
981;09/06/2023;10:18:43;26.64;;;;981;09/06/2023;10:20:47;36.95;Synchronized;;;981;09/06/2023;10:22:04;37.11;Synchronized;;;
982;09/06/2023;10:19:43;26.63;;;;982;09/06/2023;10:21:47;36.95;Synchronized;;;982;09/06/2023;10:23:03;37.11;Synchronized;;;
983;09/06/2023;10:20:43;26.64;;;;983;09/06/2023;10:22:47;36.92;Synchronized;;;983;09/06/2023;10:24:03;37.09;Synchronized;;;
984;09/06/2023;10:21:43;26.63;;;;984;09/06/2023;10:23:47;36.94;Synchronized;;;984;09/06/2023;10:25:03;37.07;Synchronized;;;
985;09/06/2023;10:22:43;26.6;;;;985;09/06/2023;10:24:47;36.92;Synchronized;;;985;09/06/2023;10:26:03;37.04;Synchronized;;;
986;09/06/2023;10:23:43;26.59;;;;986;09/06/2023;10:25:47;36.94;Synchronized;;;986;09/06/2023;10:27:03;37.02;Synchronized;;;
987;09/06/2023;10:24:43;26.59;;;;987;09/06/2023;10:26:47;36.93;Synchronized;;;987;09/06/2023;10:28:03;37.02;Synchronized;;;
988;09/06/2023;10:25:42;26.58;;;;988;09/06/2023;10:27:47;36.91;Synchronized;;;988;09/06/2023;10:29:03;36.98;Synchronized;;;
989;09/06/2023;10:26:42;26.6;;;;989;09/06/2023;10:28:47;36.91;Synchronized;;;989;09/06/2023;10:30:03;36.98;Synchronized;;;
990;09/06/2023;10:27:42;26.57;;;;990;09/06/2023;10:29:47;36.88;Synchronized;;;990;09/06/2023;10:31:03;36.97;Synchronized;;;
991;09/06/2023;10:28:42;26.57;;;;991;09/06/2023;10:30:47;36.88;Synchronized;;;991;09/06/2023;10:32:03;36.98;Synchronized;;;
992;09/06/2023;10:29:42;26.58;;;;992;09/06/2023;10:31:47;36.9;Synchronized;;;992;09/06/2023;10:33:03;36.98;Synchronized;;;
993;09/06/2023;10:30:42;26.58;;;;993;09/06/2023;10:32:47;36.91;Synchronized;;;993;09/06/2023;10:34:03;36.95;Synchronized;;;
994;09/06/2023;10:31:42;26.55;;;;994;09/06/2023;10:33:47;36.86;Synchronized;;;994;09/06/2023;10:35:03;36.88;Synchronized;;;
995;09/06/2023;10:32:42;26.56;;;;995;09/06/2023;10:34:47;36.9;Synchronized;;;995;09/06/2023;10:36:03;36.79;Synchronized;;;
996;09/06/2023;10:33:42;26.57;;;;996;09/06/2023;10:35:47;36.88;Synchronized;;;996;09/06/2023;10:37:03;36.77;Synchronized;;;
997;09/06/2023;10:34:42;26.59;;;;997;09/06/2023;10:36:47;36.91;Synchronized;;;997;09/06/2023;10:38:03;36.75;Synchronized;;;
998;09/06/2023;10:35:42;26.57;;;;998;09/06/2023;10:37:47;36.92;Synchronized;;;998;09/06/2023;10:39:03;36.74;Synchronized;;;
999;09/06/2023;10:36:41;26.57;;;;999;09/06/2023;10:38:47;36.9;Synchronized;;;999;09/06/2023;10:40:03;36.76;Synchronized;;;
1000;09/06/2023;10:37:41;26.59;;;;1000;09/06/2023;10:39:47;36.9;Synchronized;;;1000;09/06/2023;10:41:03;36.8;Synchronized;;;
1001;09/06/2023;10:38:41;26.59;;;;1001;09/06/2023;10:40:47;36.9;Synchronized;;;1001;09/06/2023;10:42:03;36.85;Synchronized;;;
1002;09/06/2023;10:39:41;26.59;;;;1002;09/06/2023;10:41:47;36.9;Synchronized;;;1002;09/06/2023;10:43:03;36.88;Synchronized;;;
1003;09/06/2023;10:40:41;26.59;;;;1003;09/06/2023;10:42:47;36.92;Synchronized;;;1003;09/06/2023;10:44:03;36.9;Synchronized;;;
1004;09/06/2023;10:41:41;26.59;;;;1004;09/06/2023;10:43:47;36.91;Synchronized;;;1004;09/06/2023;10:45:03;36.93;Synchronized;;;
1005;09/06/2023;10:42:41;26.61;;;;1005;09/06/2023;10:44:47;36.88;Synchronized;;;1005;09/06/2023;10:46:03;36.96;Synchronized;;;
1006;09/06/2023;10:43:41;26.6;;;;1006;09/06/2023;10:45:47;36.9;Synchronized;;;1006;09/06/2023;10:47:03;36.98;Synchronized;;;
1007;09/06/2023;10:44:41;26.58;;;;1007;09/06/2023;10:46:47;36.88;Synchronized;;;1007;09/06/2023;10:48:03;36.98;Synchronized;;;
1008;09/06/2023;10:45:41;26.57;;;;1008;09/06/2023;10:47:47;36.88;Synchronized;;;1008;09/06/2023;10:49:02;37.02;Synchronized;;;
1009;09/06/2023;10:46:40;26.56;;;;1009;09/06/2023;10:48:47;36.91;Synchronized;;;1009;09/06/2023;10:50:02;37.01;Synchronized;;;
1010;09/06/2023;10:47:40;26.59;;;;1010;09/06/2023;10:49:47;36.88;Synchronized;;;1010;09/06/2023;10:51:02;37.02;Synchronized;;;
1011;09/06/2023;10:48:40;26.56;;;;1011;09/06/2023;10:50:47;36.8;;;;1011;09/06/2023;10:52:02;37.04;Synchronized;;;
1012;09/06/2023;10:49:40;26.56;;;;1012;09/06/2023;10:51:47;36.78;Synchronized;;;1012;09/06/2023;10:53:02;37.05;Synchronized;;;
1013;09/06/2023;10:50:40;26.58;;;;1013;09/06/2023;10:52:47;36.76;Synchronized;;;1013;09/06/2023;10:54:02;36.09;Synchronized;;;
1014;09/06/2023;10:51:40;26.56;;;;1014;09/06/2023;10:53:47;36.75;Synchronized;;;1014;09/06/2023;10:55:02;35.29;Synchronized;;;
1015;09/06/2023;10:52:40;26.59;;;;1015;09/06/2023;10:54:47;36.76;Synchronized;;;1015;09/06/2023;10:56:02;35.49;Synchronized;;;
1016;09/06/2023;10:53:40;26.59;;;;1016;09/06/2023;10:55:47;36.79;Synchronized;;;1016;09/06/2023;10:57:02;35.7;Synchronized;;;
1017;09/06/2023;10:54:40;26.61;;;;1017;09/06/2023;10:56:47;36.78;Synchronized;;;1017;09/06/2023;10:58:02;35.91;Synchronized;;;
1018;09/06/2023;10:55:40;26.62;;;;1018;09/06/2023;10:57:47;36.76;Synchronized;;;1018;09/06/2023;10:59:02;36.16;Synchronized;;;
1019;09/06/2023;10:56:39;26.63;;;;1019;09/06/2023;10:58:47;36.77;Synchronized;;;1019;09/06/2023;11:00:02;36.31;Synchronized;;;
1020;09/06/2023;10:57:39;26.64;;;;1020;09/06/2023;10:59:47;36.72;Synchronized;;;1020;09/06/2023;11:01:02;36.45;Synchronized;;;
1021;09/06/2023;10:58:39;26.66;;;;1021;09/06/2023;11:00:47;36.69;Synchronized;;;1021;09/06/2023;11:02:02;36.61;;;;
1022;09/06/2023;10:59:39;26.64;;;;1022;09/06/2023;11:01:47;36.7;Synchronized;;;1022;09/06/2023;11:03:02;36.73;Synchronized;;;
1023;09/06/2023;11:00:39;26.67;;;;1023;09/06/2023;11:02:47;36.71;Synchronized;;;1023;09/06/2023;11:04:02;36.84;Synchronized;;;
1024;09/06/2023;11:01:39;26.66;;;;1024;09/06/2023;11:03:47;36.71;Synchronized;;;1024;09/06/2023;11:05:02;36.88;Synchronized;;;
1025;09/06/2023;11:02:39;26.66;;;;1025;09/06/2023;11:04:47;36.7;Synchronized;;;1025;09/06/2023;11:06:02;36.91;Synchronized;;;
1026;09/06/2023;11:03:39;26.63;;;;1026;09/06/2023;11:05:47;36.72;Synchronized;;;1026;09/06/2023;11:07:02;36.98;Synchronized;;;
1027;09/06/2023;11:04:39;26.65;;;;1027;09/06/2023;11:06:47;36.74;Synchronized;;;1027;09/06/2023;11:08:01;37.02;Synchronized;;;
1028;09/06/2023;11:05:39;26.63;;;;1028;09/06/2023;11:07:47;36.68;Synchronized;;;1028;09/06/2023;11:09:01;36.99;Synchronized;;;
1029;09/06/2023;11:06:38;26.63;;;;1029;09/06/2023;11:08:47;36.8;Synchronized;;;1029;09/06/2023;11:10:01;37.02;Synchronized;;;
1030;09/06/2023;11:07:38;26.63;;;;1030;09/06/2023;11:09:47;36.88;Synchronized;;;1030;09/06/2023;11:11:01;37.02;Synchronized;;;
1031;09/06/2023;11:08:38;26.63;;;;1031;09/06/2023;11:10:47;36.86;Synchronized;;;1031;09/06/2023;11:12:01;36.99;Synchronized;;;
1032;09/06/2023;11:09:38;26.62;;;;1032;09/06/2023;11:11:47;36.83;Synchronized;;;1032;09/06/2023;11:13:01;36.98;;;;
1033;09/06/2023;11:10:38;26.61;;;;1033;09/06/2023;11:12:47;36.87;Synchronized;;;1033;09/06/2023;11:14:01;36.97;;;;
1034;09/06/2023;11:11:38;26.63;;;;1034;09/06/2023;11:13:47;36.87;Synchronized;;;1034;09/06/2023;11:15:01;36.99;Synchronized;;;
1035;09/06/2023;11:12:38;26.6;;;;1035;09/06/2023;11:14:47;36.88;Synchronized;;;1035;09/06/2023;11:16:01;37.04;Synchronized;;;
1036;09/06/2023;11:13:38;26.61;;;;1036;09/06/2023;11:15:47;36.88;Synchronized;;;1036;09/06/2023;11:17:01;37.07;;;;
1037;09/06/2023;11:14:38;26.6;;;;1037;09/06/2023;11:16:47;36.88;Synchronized;;;1037;09/06/2023;11:18:01;37.07;Synchronized;;;
1038;09/06/2023;11:15:38;26.6;Synchronized;;;1038;09/06/2023;11:17:47;36.9;Synchronized;;;1038;09/06/2023;11:19:01;37.13;;;;
1039;09/06/2023;11:16:38;26.62;;;;1039;09/06/2023;11:18:47;36.88;Synchronized;;;1039;09/06/2023;11:20:01;37.11;Synchronized;;;
1040;09/06/2023;11:17:37;26.6;;;;1040;09/06/2023;11:19:47;36.88;Synchronized;;;1040;09/06/2023;11:21:01;37.11;Synchronized;;;
1041;09/06/2023;11:18:37;26.6;;;;1041;09/06/2023;11:20:47;36.85;Synchronized;;;1041;09/06/2023;11:22:01;37.09;Synchronized;;;
1042;09/06/2023;11:19:37;26.63;;;;1042;09/06/2023;11:21:47;36.88;Synchronized;;;1042;09/06/2023;11:23:01;37.13;Synchronized;;;
1043;09/06/2023;11:20:37;26.66;;;;1043;09/06/2023;11:22:47;36.88;Synchronized;;;1043;09/06/2023;11:24:00;37.09;Synchronized;;;
1044;09/06/2023;11:21:37;26.66;;;;1044;09/06/2023;11:23:47;36.9;Synchronized;;;1044;09/06/2023;11:25:00;37.09;Synchronized;;;
1045;09/06/2023;11:22:37;26.66;;;;1045;09/06/2023;11:24:47;36.88;Synchronized;;;1045;09/06/2023;11:26:00;37.08;Synchronized;;;
1046;09/06/2023;11:23:37;26.66;;;;1046;09/06/2023;11:25:48;36.88;Synchronized;;;1046;09/06/2023;11:27:00;37.09;Synchronized;;;
1047;09/06/2023;11:24:37;26.66;;;;1047;09/06/2023;11:26:48;36.9;Synchronized;;;1047;09/06/2023;11:28:00;37.07;;;;
1048;09/06/2023;11:25:37;26.67;;;;1048;09/06/2023;11:27:48;36.91;Synchronized;;;1048;09/06/2023;11:29:00;37.11;Synchronized;;;
1049;09/06/2023;11:26:37;26.7;;;;1049;09/06/2023;11:28:48;36.88;Synchronized;;;1049;09/06/2023;11:30:00;37.13;Synchronized;;;
1050;09/06/2023;11:27:37;26.69;Synchronized;;;1050;09/06/2023;11:29:48;36.91;Synchronized;;;1050;09/06/2023;11:31:00;37.11;;;;
1051;09/06/2023;11:28:37;26.67;Synchronized;;;1051;09/06/2023;11:30:48;36.91;Synchronized;;;1051;09/06/2023;11:32:00;37.11;Synchronized;;;
1052;09/06/2023;11:29:36;26.7;Synchronized;;;1052;09/06/2023;11:31:48;36.91;Synchronized;;;1052;09/06/2023;11:33:00;37.13;Synchronized;;;
1053;09/06/2023;11:30:36;26.72;;;;1053;09/06/2023;11:32:48;36.93;Synchronized;;;1053;09/06/2023;11:34:00;37.14;Synchronized;;;
1054;09/06/2023;11:31:36;26.71;;;;1054;09/06/2023;11:33:48;36.92;Synchronized;;;1054;09/06/2023;11:35:00;37.15;;;;
1055;09/06/2023;11:32:36;26.72;;;;1055;09/06/2023;11:34:48;36.91;Synchronized;;;1055;09/06/2023;11:36:00;37.13;Synchronized;;;
1056;09/06/2023;11:33:36;26.72;Synchronized;;;1056;09/06/2023;11:35:48;36.9;Synchronized;;;1056;09/06/2023;11:37:00;37.13;Synchronized;;;
1057;09/06/2023;11:34:36;26.71;;;;1057;09/06/2023;11:36:48;36.91;Synchronized;;;1057;09/06/2023;11:38:00;37.13;;;;
1058;09/06/2023;11:35:36;26.75;;;;1058;09/06/2023;11:37:48;36.91;Synchronized;;;1058;09/06/2023;11:39:00;37.16;Synchronized;;;
1059;09/06/2023;11:36:36;26.77;;;;1059;09/06/2023;11:38:48;36.88;Synchronized;;;1059;09/06/2023;11:39:59;37.15;Synchronized;;;
1060;09/06/2023;11:37:36;26.8;;;;1060;09/06/2023;11:39:48;36.87;Synchronized;;;1060;09/06/2023;11:40:59;37.15;;;;
1061;09/06/2023;11:38:36;26.79;;;;1061;09/06/2023;11:40:48;36.84;Synchronized;;;1061;09/06/2023;11:41:59;37.11;Synchronized;;;
1062;09/06/2023;11:39:35;26.8;;;;1062;09/06/2023;11:41:48;36.82;Synchronized;;;1062;09/06/2023;11:42:59;37.13;Synchronized;;;
1063;09/06/2023;11:40:35;26.77;;;;1063;09/06/2023;11:42:48;36.8;Synchronized;;;1063;09/06/2023;11:43:59;37.17;Synchronized;;;
1064;09/06/2023;11:41:35;26.73;;;;1064;09/06/2023;11:43:48;36.76;Synchronized;;;1064;09/06/2023;11:44:59;37.22;Synchronized;;;
1065;09/06/2023;11:42:35;26.7;;;;1065;09/06/2023;11:44:48;36.73;Synchronized;;;1065;09/06/2023;11:45:59;37.23;Synchronized;;;
1066;09/06/2023;11:43:35;26.66;;;;1066;09/06/2023;11:45:48;36.74;Synchronized;;;1066;09/06/2023;11:46:59;37.22;Synchronized;;;
1067;09/06/2023;11:44:35;26.66;Synchronized;;;1067;09/06/2023;11:46:48;36.68;Synchronized;;;1067;09/06/2023;11:47:59;37.23;Synchronized;;;
1068;09/06/2023;11:45:35;26.63;;;;1068;09/06/2023;11:47:48;36.66;Synchronized;;;1068;09/06/2023;11:48:59;37.22;;;;
1069;09/06/2023;11:46:35;26.63;;;;1069;09/06/2023;11:48:48;36.63;Synchronized;;;1069;09/06/2023;11:49:59;37.2;Synchronized;;;
1070;09/06/2023;11:47:35;26.62;;;;1070;09/06/2023;11:49:48;36.66;Synchronized;;;1070;09/06/2023;11:50:59;37.19;Synchronized;;;
1071;09/06/2023;11:48:35;26.63;;;;1071;09/06/2023;11:50:48;36.65;Synchronized;;;1071;09/06/2023;11:51:59;37.16;Synchronized;;;
1072;09/06/2023;11:49:35;26.61;;;;1072;09/06/2023;11:51:48;36.65;Synchronized;;;1072;09/06/2023;11:52:59;37.15;Synchronized;;;
1073;09/06/2023;11:50:34;26.6;;;;1073;09/06/2023;11:52:48;36.62;Synchronized;;;1073;09/06/2023;11:53:59;37.14;;;;
1074;09/06/2023;11:51:34;26.6;;;;1074;09/06/2023;11:53:48;36.62;Synchronized;;;1074;09/06/2023;11:54:59;37.22;Synchronized;;;
1075;09/06/2023;11:52:34;26.6;;;;1075;09/06/2023;11:54:48;36.62;Synchronized;;;1075;09/06/2023;11:55:58;37.17;Synchronized;;;
1076;09/06/2023;11:53:34;26.58;;;;1076;09/06/2023;11:55:48;36.63;Synchronized;;;1076;09/06/2023;11:56:58;37.09;;;;
1077;09/06/2023;11:54:34;26.59;;;;1077;09/06/2023;11:56:48;36.66;Synchronized;;;1077;09/06/2023;11:57:58;37.05;Synchronized;;;
1078;09/06/2023;11:55:34;26.61;;;;1078;09/06/2023;11:57:48;36.71;Synchronized;;;1078;09/06/2023;11:58:58;37.12;Synchronized;;;
1079;09/06/2023;11:56:34;26.62;;;;1079;09/06/2023;11:58:48;36.72;Synchronized;;;1079;09/06/2023;11:59:58;37.13;Synchronized;;;
1080;09/06/2023;11:57:34;26.6;;;;1080;09/06/2023;11:59:48;36.73;Synchronized;;;1080;09/06/2023;12:00:58;37.13;Synchronized;;;
1081;09/06/2023;11:58:34;26.6;;;;1081;09/06/2023;12:00:48;36.75;;;;1081;09/06/2023;12:01:58;37.12;Synchronized;;;
1082;09/06/2023;11:59:34;26.62;;;;1082;09/06/2023;12:01:48;36.76;;;;1082;09/06/2023;12:02:58;37.13;;;;
1083;09/06/2023;12:00:33;26.62;;;;1083;09/06/2023;12:02:48;36.78;Synchronized;;;1083;09/06/2023;12:03:58;37.14;Synchronized;;;
1084;09/06/2023;12:01:33;26.63;;;;1084;09/06/2023;12:03:48;36.79;;;;1084;09/06/2023;12:04:58;37.11;Synchronized;;;
1085;09/06/2023;12:02:33;26.62;;;;1085;09/06/2023;12:04:48;36.78;;;;1085;09/06/2023;12:05:58;37.08;Synchronized;;;
1086;09/06/2023;12:03:33;26.63;;;;1086;09/06/2023;12:05:48;36.8;;;;1086;09/06/2023;12:06:58;37.13;Synchronized;;;
1087;09/06/2023;12:04:33;26.63;;;;1087;09/06/2023;12:06:48;36.8;Synchronized;;;1087;09/06/2023;12:07:58;37.13;;;;
1088;09/06/2023;12:05:33;26.63;;;;1088;09/06/2023;12:07:48;36.8;;;;1088;09/06/2023;12:08:58;37.13;;;;
1089;09/06/2023;12:06:33;27.99;Synchronized;;;1089;09/06/2023;12:08:48;36.81;;;;1089;09/06/2023;12:09:58;37.14;;;;
1090;09/06/2023;12:07:33;29.2;Synchronized;;;1090;09/06/2023;12:09:48;36.8;;;;1090;09/06/2023;12:10:58;37.13;Synchronized;;;
1091;09/06/2023;12:08:33;29.98;Synchronized;;;1091;09/06/2023;12:10:48;36.82;;;;1091;09/06/2023;12:11:57;37.17;;;;
1092;09/06/2023;12:09:33;30.52;Synchronized;;;1092;09/06/2023;12:11:48;36.8;;;;1092;09/06/2023;12:12:57;37.16;;;;
1093;09/06/2023;12:10:32;30.92;Synchronized;;;1093;09/06/2023;12:12:48;36.8;Synchronized;;;1093;09/06/2023;12:13:57;37.17;Synchronized;;;
1094;09/06/2023;12:11:32;31.18;Synchronized;;;1094;09/06/2023;12:13:48;36.81;Synchronized;;;1094;09/06/2023;12:14:57;37.17;;;;
1095;09/06/2023;12:12:32;31.29;Synchronized;;;1095;09/06/2023;12:14:48;36.8;Synchronized;;;1095;09/06/2023;12:15:57;37.23;Synchronized;;;
1096;09/06/2023;12:13:32;31.36;Synchronized;;;1096;09/06/2023;12:15:48;36.79;;;;1096;09/06/2023;12:16:57;37.25;Synchronized;;;
1097;09/06/2023;12:14:32;31.61;Synchronized;;;1097;09/06/2023;12:16:48;36.77;Synchronized;;;1097;09/06/2023;12:17:57;37.26;Synchronized;;;
1098;09/06/2023;12:15:32;31.67;Synchronized;;;1098;09/06/2023;12:17:48;36.79;Synchronized;;;1098;09/06/2023;12:18:57;37.26;Synchronized;;;
1099;09/06/2023;12:16:32;31.66;Synchronized;;;1099;09/06/2023;12:18:48;36.79;;;;1099;09/06/2023;12:19:57;37.24;Synchronized;;;
1100;09/06/2023;12:17:32;31.87;Synchronized;;;1100;09/06/2023;12:19:48;36.8;;;;1100;09/06/2023;12:20:57;37.22;Synchronized;;;
1101;09/06/2023;12:18:31;32.16;Synchronized;;;1101;09/06/2023;12:20:48;36.76;;;;1101;09/06/2023;12:21:57;37.25;Synchronized;;;
1102;09/06/2023;12:19:31;31.91;Synchronized;;;1102;09/06/2023;12:21:48;36.79;;;;1102;09/06/2023;12:22:57;37.22;Synchronized;;;
1103;09/06/2023;12:20:31;31.66;Synchronized;;;1103;09/06/2023;12:22:48;36.8;Synchronized;;;1103;09/06/2023;12:23:57;37.24;Synchronized;;;
1104;09/06/2023;12:21:31;31.56;Synchronized;;;1104;09/06/2023;12:23:48;36.79;Synchronized;;;1104;09/06/2023;12:24:57;37.23;Synchronized;;;
1105;09/06/2023;12:22:31;31.56;Synchronized;;;1105;09/06/2023;12:24:48;36.81;Synchronized;;;1105;09/06/2023;12:25:57;37.23;Synchronized;;;
1106;09/06/2023;12:23:31;31.62;Synchronized;;;1106;09/06/2023;12:25:48;36.8;Synchronized;;;1106;09/06/2023;12:26:56;37.23;Synchronized;;;
1107;09/06/2023;12:24:31;31.74;Synchronized;;;1107;09/06/2023;12:26:48;36.81;Synchronized;;;1107;09/06/2023;12:27:56;37.28;Synchronized;;;
1108;09/06/2023;12:25:31;31.8;Synchronized;;;1108;09/06/2023;12:27:48;36.82;Synchronized;;;1108;09/06/2023;12:28:56;37.24;Synchronized;;;
1109;09/06/2023;12:26:31;31.8;Synchronized;;;1109;09/06/2023;12:28:48;36.83;Synchronized;;;1109;09/06/2023;12:29:56;37.21;Synchronized;;;
1110;09/06/2023;12:27:30;31.73;Synchronized;;;1110;09/06/2023;12:29:48;36.82;Synchronized;;;1110;09/06/2023;12:30:56;37.19;Synchronized;;;
1111;09/06/2023;12:28:30;31.73;Synchronized;;;1111;09/06/2023;12:30:48;36.84;Synchronized;;;1111;09/06/2023;12:31:56;37.2;Synchronized;;;
1112;09/06/2023;12:29:30;31.74;Synchronized;;;1112;09/06/2023;12:31:48;36.84;Synchronized;;;1112;09/06/2023;12:32:56;37.21;Synchronized;;;
1113;09/06/2023;12:30:30;31.73;Synchronized;;;1113;09/06/2023;12:32:48;36.83;Synchronized;;;1113;09/06/2023;12:33:56;37.21;Synchronized;;;
1114;09/06/2023;12:31:30;31.61;Synchronized;;;1114;09/06/2023;12:33:48;36.87;Synchronized;;;1114;09/06/2023;12:34:56;37.23;Synchronized;;;
1115;09/06/2023;12:32:30;31.41;Synchronized;;;1115;09/06/2023;12:34:48;36.85;Synchronized;;;1115;09/06/2023;12:35:56;37.25;Synchronized;;;
1116;09/06/2023;12:33:30;31.4;Synchronized;;;1116;09/06/2023;12:35:48;36.87;;;;1116;09/06/2023;12:36:56;37.24;;;;
1117;09/06/2023;12:34:30;31.55;Synchronized;;;1117;09/06/2023;12:36:48;36.84;Synchronized;;;1117;09/06/2023;12:37:56;37.24;Synchronized;;;
1118;09/06/2023;12:35:29;31.67;Synchronized;;;1118;09/06/2023;12:37:48;36.83;Synchronized;;;1118;09/06/2023;12:38:56;37.15;Synchronized;;;
1119;09/06/2023;12:36:29;31.39;Synchronized;;;1119;09/06/2023;12:38:48;36.8;Synchronized;;;1119;09/06/2023;12:39:56;37.12;Synchronized;;;
1120;09/06/2023;12:37:29;31.4;Synchronized;;;1120;09/06/2023;12:39:48;36.81;Synchronized;;;1120;09/06/2023;12:40:56;37.29;Synchronized;;;
1121;09/06/2023;12:38:29;31.47;Synchronized;;;1121;09/06/2023;12:40:48;36.79;Synchronized;;;1121;09/06/2023;12:41:56;37.31;Synchronized;;;
1122;09/06/2023;12:39:29;31.48;;;;1122;09/06/2023;12:41:48;36.84;Synchronized;;;1122;09/06/2023;12:42:56;37.35;Synchronized;;;
1123;09/06/2023;12:40:29;31.58;;;;1123;09/06/2023;12:42:48;36.86;Synchronized;;;1123;09/06/2023;12:43:56;37.34;Synchronized;;;
1124;09/06/2023;12:41:29;31.59;Synchronized;;;1124;09/06/2023;12:43:48;36.84;Synchronized;;;1124;09/06/2023;12:44:56;37.3;Synchronized;;;
1125;09/06/2023;12:42:29;31.56;Synchronized;;;1125;09/06/2023;12:44:48;36.86;Synchronized;;;1125;09/06/2023;12:45:56;37.26;Synchronized;;;
1126;09/06/2023;12:43:29;31.55;Synchronized;;;1126;09/06/2023;12:45:48;36.87;Synchronized;;;1126;09/06/2023;12:46:56;37.24;Synchronized;;;
1127;09/06/2023;12:44:29;31.34;;;;1127;09/06/2023;12:46:48;36.9;Synchronized;;;1127;09/06/2023;12:47:56;37.28;Synchronized;;;
1128;09/06/2023;12:45:28;31.34;;;;1128;09/06/2023;12:47:48;36.92;Synchronized;;;1128;09/06/2023;12:48:56;37.28;Synchronized;;;
1129;09/06/2023;12:46:28;31.29;Synchronized;;;1129;09/06/2023;12:48:48;36.88;Synchronized;;;1129;09/06/2023;12:49:56;37.27;Synchronized;;;
1130;09/06/2023;12:47:28;31.33;Synchronized;;;1130;09/06/2023;12:49:48;36.93;Synchronized;;;1130;09/06/2023;12:50:56;37.27;Synchronized;;;
1131;09/06/2023;12:48:28;31.52;Synchronized;;;1131;09/06/2023;12:50:48;36.93;Synchronized;;;1131;09/06/2023;12:51:56;37.29;Synchronized;;;
1132;09/06/2023;12:49:28;31.21;Synchronized;;;1132;09/06/2023;12:51:48;36.94;Synchronized;;;1132;09/06/2023;12:52:56;37.3;Synchronized;;;
1133;09/06/2023;12:50:28;31.09;Synchronized;;;1133;09/06/2023;12:52:48;36.93;Synchronized;;;1133;09/06/2023;12:53:56;37.31;Synchronized;;;
1134;09/06/2023;12:51:28;31.14;Synchronized;;;1134;09/06/2023;12:53:48;36.92;Synchronized;;;1134;09/06/2023;12:54:56;37.31;Synchronized;;;
1135;09/06/2023;12:52:28;30.92;;;;1135;09/06/2023;12:54:48;36.95;Synchronized;;;1135;09/06/2023;12:55:56;37.37;Synchronized;;;
1136;09/06/2023;12:53:28;30.87;;;;1136;09/06/2023;12:55:48;36.95;Synchronized;;;1136;09/06/2023;12:56:56;37.45;Synchronized;;;
1137;09/06/2023;12:54:28;30.84;Synchronized;;;1137;09/06/2023;12:56:48;36.95;Synchronized;;;1137;09/06/2023;12:57:56;37.45;Synchronized;;;
1138;09/06/2023;12:55:28;31.06;Synchronized;;;1138;09/06/2023;12:57:48;36.95;Synchronized;;;1138;09/06/2023;12:58:56;37.45;Synchronized;;;
1139;09/06/2023;12:56:28;31;Synchronized;;;1139;09/06/2023;12:58:48;36.94;Synchronized;;;1139;09/06/2023;12:59:55;37.46;Synchronized;;;
1140;09/06/2023;12:57:28;30.84;Synchronized;;;1140;09/06/2023;12:59:48;36.95;Synchronized;;;1140;09/06/2023;13:00:55;37.45;Synchronized;;;
1141;09/06/2023;12:58:28;30.79;Synchronized;;;1141;09/06/2023;13:00:48;36.96;Synchronized;;;1141;09/06/2023;13:01:55;37.47;Synchronized;;;
1142;09/06/2023;12:59:28;30.99;Synchronized;;;1142;09/06/2023;13:01:48;36.95;Synchronized;;;1142;09/06/2023;13:02:55;37.48;Synchronized;;;
1143;09/06/2023;13:00:28;31.24;Synchronized;;;1143;09/06/2023;13:02:48;36.95;Synchronized;;;1143;09/06/2023;13:03:55;37.47;Synchronized;;;
1144;09/06/2023;13:01:28;31.43;Synchronized;;;1144;09/06/2023;13:03:48;36.96;Synchronized;;;1144;09/06/2023;13:04:55;37.45;Synchronized;;;
1145;09/06/2023;13:02:28;31.07;Synchronized;;;1145;09/06/2023;13:04:48;36.96;Synchronized;;;1145;09/06/2023;13:05:55;37.47;Synchronized;;;
1146;09/06/2023;13:03:27;30.85;Synchronized;;;1146;09/06/2023;13:05:47;36.97;Synchronized;;;1146;09/06/2023;13:06:55;37.47;Synchronized;;;
1147;09/06/2023;13:04:27;30.78;Synchronized;;;1147;09/06/2023;13:06:47;36.97;Synchronized;;;1147;09/06/2023;13:07:55;37.47;Synchronized;;;
1148;09/06/2023;13:05:27;30.63;Synchronized;;;1148;09/06/2023;13:07:47;36.98;Synchronized;;;1148;09/06/2023;13:08:55;37.45;Synchronized;;;
1149;09/06/2023;13:06:27;30.64;Synchronized;;;1149;09/06/2023;13:08:47;36.97;Synchronized;;;1149;09/06/2023;13:09:55;37.46;Synchronized;;;
1150;09/06/2023;13:07:27;30.95;Synchronized;;;1150;09/06/2023;13:09:47;36.96;Synchronized;;;1150;09/06/2023;13:10:55;37.44;Synchronized;;;
1151;09/06/2023;13:08:27;31.09;Synchronized;;;1151;09/06/2023;13:10:47;36.96;Synchronized;;;1151;09/06/2023;13:11:55;37.45;Synchronized;;;
1152;09/06/2023;13:09:27;31.15;Synchronized;;;1152;09/06/2023;13:11:47;36.99;Synchronized;;;1152;09/06/2023;13:12:55;37.45;Synchronized;;;
1153;09/06/2023;13:10:27;31.26;Synchronized;;;1153;09/06/2023;13:12:47;36.98;Synchronized;;;1153;09/06/2023;13:13:55;37.41;Synchronized;;;
1154;09/06/2023;13:11:27;31.28;Synchronized;;;1154;09/06/2023;13:13:47;36.98;Synchronized;;;1154;09/06/2023;13:14:55;37.43;Synchronized;;;
1155;09/06/2023;13:12:27;31.28;;;;1155;09/06/2023;13:14:47;37.01;Synchronized;;;1155;09/06/2023;13:15:55;37.47;Synchronized;;;
1156;09/06/2023;13:13:27;31.15;Synchronized;;;1156;09/06/2023;13:15:47;37;Synchronized;;;1156;09/06/2023;13:16:55;37.49;Synchronized;;;
1157;09/06/2023;13:14:26;31.21;;;;1157;09/06/2023;13:16:47;37.02;Synchronized;;;1157;09/06/2023;13:17:55;37.48;Synchronized;;;
1158;09/06/2023;13:15:26;31.07;Synchronized;;;1158;09/06/2023;13:17:47;37.04;Synchronized;;;1158;09/06/2023;13:18:55;37.52;Synchronized;;;
1159;09/06/2023;13:16:26;31.38;Synchronized;;;1159;09/06/2023;13:18:47;37.01;Synchronized;;;1159;09/06/2023;13:19:55;37.49;Synchronized;;;
1160;09/06/2023;13:17:26;31.66;Synchronized;;;1160;09/06/2023;13:19:47;37.04;Synchronized;;;1160;09/06/2023;13:20:55;37.38;Synchronized;;;
1161;09/06/2023;13:18:26;31.87;Synchronized;;;1161;09/06/2023;13:20:47;37.04;Synchronized;;;1161;09/06/2023;13:21:55;37.34;Synchronized;;;
1162;09/06/2023;13:19:26;31.63;;;;1162;09/06/2023;13:21:47;37.06;Synchronized;;;1162;09/06/2023;13:22:55;37.37;Synchronized;;;
1163;09/06/2023;13:20:26;31.52;Synchronized;;;1163;09/06/2023;13:22:47;37.05;Synchronized;;;1163;09/06/2023;13:23:55;37.38;Synchronized;;;
1164;09/06/2023;13:21:26;31.65;Synchronized;;;1164;09/06/2023;13:23:47;37.07;Synchronized;;;1164;09/06/2023;13:24:55;37.41;Synchronized;;;
1165;09/06/2023;13:22:26;31.91;Synchronized;;;1165;09/06/2023;13:24:47;37.07;Synchronized;;;1165;09/06/2023;13:25:55;37.4;Synchronized;;;
1166;09/06/2023;13:23:26;32.11;Synchronized;;;1166;09/06/2023;13:25:47;37.07;Synchronized;;;1166;09/06/2023;13:26:55;37.38;Synchronized;;;
1167;09/06/2023;13:24:25;32.23;Synchronized;;;1167;09/06/2023;13:26:47;37.06;Synchronized;;;1167;09/06/2023;13:27:55;37.36;Synchronized;;;
1168;09/06/2023;13:25:25;32.3;Synchronized;;;1168;09/06/2023;13:27:47;37.08;Synchronized;;;1168;09/06/2023;13:28:55;37.35;Synchronized;;;
1169;09/06/2023;13:26:25;32.43;Synchronized;;;1169;09/06/2023;13:28:47;37.05;Synchronized;;;1169;09/06/2023;13:29:55;37.34;Synchronized;;;
1170;09/06/2023;13:27:25;32.69;Synchronized;;;1170;09/06/2023;13:29:47;37.07;Synchronized;;;1170;09/06/2023;13:30:55;37.33;Synchronized;;;
1171;09/06/2023;13:28:25;32.86;Synchronized;;;1171;09/06/2023;13:30:47;37.05;Synchronized;;;1171;09/06/2023;13:31:55;37.29;Synchronized;;;
1172;09/06/2023;13:29:25;32.62;Synchronized;;;1172;09/06/2023;13:31:47;37.07;Synchronized;;;1172;09/06/2023;13:32:55;37.24;Synchronized;;;
1173;09/06/2023;13:30:25;32.32;Synchronized;;;1173;09/06/2023;13:32:47;37.06;Synchronized;;;1173;09/06/2023;13:33:55;37.23;Synchronized;;;
1174;09/06/2023;13:31:25;32.08;Synchronized;;;1174;09/06/2023;13:33:47;37.07;Synchronized;;;1174;09/06/2023;13:34:55;37.24;Synchronized;;;
1175;09/06/2023;13:32:25;31.99;Synchronized;;;1175;09/06/2023;13:34:47;37.05;;;;1175;09/06/2023;13:35:55;37.27;Synchronized;;;
1176;09/06/2023;13:33:24;31.93;Synchronized;;;1176;09/06/2023;13:35:47;37.06;Synchronized;;;1176;09/06/2023;13:36:55;37.27;Synchronized;;;
1177;09/06/2023;13:34:24;31.98;Synchronized;;;1177;09/06/2023;13:36:47;37.05;Synchronized;;;1177;09/06/2023;13:37:55;37.27;Synchronized;;;
1178;09/06/2023;13:35:24;31.94;Synchronized;;;1178;09/06/2023;13:37:47;37.09;Synchronized;;;1178;09/06/2023;13:38:55;37.29;Synchronized;;;
1179;09/06/2023;13:36:24;31.98;Synchronized;;;1179;09/06/2023;13:38:47;37.08;;;;1179;09/06/2023;13:39:55;37.26;Synchronized;;;
1180;09/06/2023;13:37:24;32.11;Synchronized;;;1180;09/06/2023;13:39:47;37.05;;;;1180;09/06/2023;13:40:55;37.25;Synchronized;;;
1181;09/06/2023;13:38:24;32;Synchronized;;;1181;09/06/2023;13:40:47;37.05;;;;1181;09/06/2023;13:41:55;37.23;Synchronized;;;
1182;09/06/2023;13:39:24;31.77;Synchronized;;;1182;09/06/2023;13:41:47;37.07;;;;1182;09/06/2023;13:42:55;37.28;Synchronized;;;
1183;09/06/2023;13:40:24;31.77;Synchronized;;;1183;09/06/2023;13:42:47;37.07;Synchronized;;;1183;09/06/2023;13:43:55;37.29;Synchronized;;;
1184;09/06/2023;13:41:24;32.41;Synchronized;;;1184;09/06/2023;13:43:47;37.08;;;;1184;09/06/2023;13:44:54;37.29;Synchronized;;;
1185;09/06/2023;13:42:24;33;Synchronized;;;1185;09/06/2023;13:44:47;37.07;;;;1185;09/06/2023;13:45:54;37.3;Synchronized;;;
1186;09/06/2023;13:43:23;33.29;Synchronized;;;1186;09/06/2023;13:45:47;37.09;;;;1186;09/06/2023;13:46:54;37.31;Synchronized;;;
1187;09/06/2023;13:44:23;33.41;Synchronized;;;1187;09/06/2023;13:46:47;37.09;Synchronized;;;1187;09/06/2023;13:47:54;37.27;Synchronized;;;
1188;09/06/2023;13:45:23;33.48;Synchronized;;;1188;09/06/2023;13:47:47;37.1;Synchronized;;;1188;09/06/2023;13:48:54;37.27;Synchronized;;;
1189;09/06/2023;13:46:23;33.34;Synchronized;;;1189;09/06/2023;13:48:47;37.09;Synchronized;;;1189;09/06/2023;13:49:54;37.25;Synchronized;;;
1190;09/06/2023;13:47:23;32.82;;;;1190;09/06/2023;13:49:47;37.09;;;;1190;09/06/2023;13:50:54;37.24;Synchronized;;;
1191;09/06/2023;13:48:23;32.52;Synchronized;;;1191;09/06/2023;13:50:47;37.09;;;;1191;09/06/2023;13:51:54;37.26;Synchronized;;;
1192;09/06/2023;13:49:23;32.41;Synchronized;;;1192;09/06/2023;13:51:47;37.08;Synchronized;;;1192;09/06/2023;13:52:54;37.24;Synchronized;;;
1193;09/06/2023;13:50:22;32.23;Synchronized;;;1193;09/06/2023;13:52:47;37.09;;;;1193;09/06/2023;13:53:54;37.23;Synchronized;;;
1194;09/06/2023;13:51:22;32.02;Synchronized;;;1194;09/06/2023;13:53:47;37.06;Synchronized;;;1194;09/06/2023;13:54:54;37.23;Synchronized;;;
1195;09/06/2023;13:52:22;31.79;;;;1195;09/06/2023;13:54:47;37.07;Synchronized;;;1195;09/06/2023;13:55:54;37.25;Synchronized;;;
1196;09/06/2023;13:53:22;31.72;Synchronized;;;1196;09/06/2023;13:55:46;37.07;Synchronized;;;1196;09/06/2023;13:56:54;37.21;Synchronized;;;
1197;09/06/2023;13:54:22;31.86;Synchronized;;;1197;09/06/2023;13:56:46;37.06;;;;1197;09/06/2023;13:57:54;37.2;Synchronized;;;
1198;09/06/2023;13:55:21;32.14;Synchronized;;;1198;09/06/2023;13:57:46;37.06;Synchronized;;;1198;09/06/2023;13:58:54;37.19;Synchronized;;;
1199;09/06/2023;13:56:21;32.07;Synchronized;;;1199;09/06/2023;13:58:46;37.05;;;;1199;09/06/2023;13:59:54;37.14;Synchronized;;;
1200;09/06/2023;13:57:21;32.37;Synchronized;;;1200;09/06/2023;13:59:46;37.06;;;;1200;09/06/2023;14:00:54;37.16;Synchronized;;;
1201;09/06/2023;13:58:21;32.77;;;;1201;09/06/2023;14:00:46;37.05;;;;1201;09/06/2023;14:01:54;37.14;Synchronized;;;
1202;09/06/2023;13:59:21;33.05;Synchronized;;;1202;09/06/2023;14:01:46;37.05;Synchronized;;;1202;09/06/2023;14:02:54;37.2;Synchronized;;;
1203;09/06/2023;14:00:21;33.3;Synchronized;;;1203;09/06/2023;14:02:46;37.07;;;;1203;09/06/2023;14:03:54;37.17;Synchronized;;;
1204;09/06/2023;14:01:21;33.44;Synchronized;;;1204;09/06/2023;14:03:46;37.05;;;;1204;09/06/2023;14:04:54;37.14;Synchronized;;;
1205;09/06/2023;14:02:21;33.55;Synchronized;;;1205;09/06/2023;14:04:46;37.06;;;;1205;09/06/2023;14:05:54;37.1;Synchronized;;;
1206;09/06/2023;14:03:21;33.36;Synchronized;;;1206;09/06/2023;14:05:46;37.06;Synchronized;;;1206;09/06/2023;14:06:54;37.09;Synchronized;;;
1207;09/06/2023;14:04:20;33.23;Synchronized;;;1207;09/06/2023;14:06:46;37.07;;;;1207;09/06/2023;14:07:54;37.08;Synchronized;;;
1208;09/06/2023;14:05:20;33.17;Synchronized;;;1208;09/06/2023;14:07:46;37.05;;;;1208;09/06/2023;14:08:54;37.09;Synchronized;;;
1209;09/06/2023;14:06:20;32.99;Synchronized;;;1209;09/06/2023;14:08:46;37.05;Synchronized;;;1209;09/06/2023;14:09:54;37.08;Synchronized;;;
1210;09/06/2023;14:07:20;32.66;Synchronized;;;1210;09/06/2023;14:09:46;37.03;Synchronized;;;1210;09/06/2023;14:10:54;37.09;Synchronized;;;
1211;09/06/2023;14:08:20;32.81;Synchronized;;;1211;09/06/2023;14:10:46;37.02;Synchronized;;;1211;09/06/2023;14:11:54;37.09;Synchronized;;;
1212;09/06/2023;14:09:20;33.02;Synchronized;;;1212;09/06/2023;14:11:46;37;Synchronized;;;1212;09/06/2023;14:12:54;37.1;Synchronized;;;
1213;09/06/2023;14:10:20;33.11;Synchronized;;;1213;09/06/2023;14:12:46;36.99;Synchronized;;;1213;09/06/2023;14:13:54;37.11;Synchronized;;;
1214;09/06/2023;14:11:20;33.28;Synchronized;;;1214;09/06/2023;14:13:46;36.99;;;;1214;09/06/2023;14:14:54;37.11;Synchronized;;;
1215;09/06/2023;14:12:20;33.31;Synchronized;;;1215;09/06/2023;14:14:46;36.99;;;;1215;09/06/2023;14:15:54;37.12;Synchronized;;;
1216;09/06/2023;14:13:20;33.23;Synchronized;;;1216;09/06/2023;14:15:46;36.98;Synchronized;;;1216;09/06/2023;14:16:54;37.11;Synchronized;;;
1217;09/06/2023;14:14:20;33.13;Synchronized;;;1217;09/06/2023;14:16:46;36.98;Synchronized;;;1217;09/06/2023;14:17:54;37.1;Synchronized;;;
1218;09/06/2023;14:15:20;33.05;Synchronized;;;1218;09/06/2023;14:17:46;36.98;Synchronized;;;1218;09/06/2023;14:18:54;37.08;Synchronized;;;
1219;09/06/2023;14:16:19;32.77;Synchronized;;;1219;09/06/2023;14:18:46;36.98;Synchronized;;;1219;09/06/2023;14:19:54;37.09;Synchronized;;;
1220;09/06/2023;14:17:19;32.45;Synchronized;;;1220;09/06/2023;14:19:46;36.96;Synchronized;;;1220;09/06/2023;14:20:54;37.08;Synchronized;;;
1221;09/06/2023;14:18:19;32.26;Synchronized;;;1221;09/06/2023;14:20:46;36.95;Synchronized;;;1221;09/06/2023;14:21:54;37.07;Synchronized;;;
1222;09/06/2023;14:19:19;32.11;Synchronized;;;1222;09/06/2023;14:21:46;36.95;Synchronized;;;1222;09/06/2023;14:22:54;37.1;Synchronized;;;
1223;09/06/2023;14:20:19;32.11;Synchronized;;;1223;09/06/2023;14:22:46;36.95;Synchronized;;;1223;09/06/2023;14:23:54;37.09;Synchronized;;;
1224;09/06/2023;14:21:19;32.2;;;;1224;09/06/2023;14:23:46;36.95;Synchronized;;;1224;09/06/2023;14:24:54;37.13;Synchronized;;;
1225;09/06/2023;14:22:19;32.32;Synchronized;;;1225;09/06/2023;14:24:46;36.95;Synchronized;;;1225;09/06/2023;14:25:54;37.13;Synchronized;;;
1226;09/06/2023;14:23:19;32.36;Synchronized;;;1226;09/06/2023;14:25:46;36.92;Synchronized;;;1226;09/06/2023;14:26:54;37.16;Synchronized;;;
1227;09/06/2023;14:24:19;32.4;Synchronized;;;1227;09/06/2023;14:26:46;36.95;Synchronized;;;1227;09/06/2023;14:27:54;37.13;Synchronized;;;
1228;09/06/2023;14:25:19;32.48;Synchronized;;;1228;09/06/2023;14:27:46;36.96;Synchronized;;;1228;09/06/2023;14:28:54;37.15;Synchronized;;;
1229;09/06/2023;14:26:19;32.27;Synchronized;;;1229;09/06/2023;14:28:46;36.95;Synchronized;;;1229;09/06/2023;14:29:54;37.14;Synchronized;;;
1230;09/06/2023;14:27:19;31.27;Synchronized;;;1230;09/06/2023;14:29:46;36.95;Synchronized;;;1230;09/06/2023;14:30:53;37.16;Synchronized;;;
1231;09/06/2023;14:28:19;30.77;Synchronized;;;1231;09/06/2023;14:30:46;36.93;Synchronized;;;1231;09/06/2023;14:31:53;37.15;Synchronized;;;
1232;09/06/2023;14:29:18;30.91;Synchronized;;;1232;09/06/2023;14:31:46;36.95;Synchronized;;;1232;09/06/2023;14:32:53;37.16;Synchronized;;;
1233;09/06/2023;14:30:18;30.96;Synchronized;;;1233;09/06/2023;14:32:45;36.95;Synchronized;;;1233;09/06/2023;14:33:53;37.17;Synchronized;;;
1234;09/06/2023;14:31:18;31.17;Synchronized;;;1234;09/06/2023;14:33:45;36.94;Synchronized;;;1234;09/06/2023;14:34:53;37.17;Synchronized;;;
1235;09/06/2023;14:32:18;32.02;Synchronized;;;1235;09/06/2023;14:34:45;36.93;Synchronized;;;1235;09/06/2023;14:35:53;37.15;Synchronized;;;
1236;09/06/2023;14:33:18;32.16;Synchronized;;;1236;09/06/2023;14:35:45;36.92;Synchronized;;;1236;09/06/2023;14:36:53;37.17;Synchronized;;;
1237;09/06/2023;14:34:18;32.61;Synchronized;;;1237;09/06/2023;14:36:45;36.91;Synchronized;;;1237;09/06/2023;14:37:53;37.2;Synchronized;;;
1238;09/06/2023;14:35:18;32.85;;;;1238;09/06/2023;14:37:45;36.88;Synchronized;;;1238;09/06/2023;14:38:53;37.2;Synchronized;;;
1239;09/06/2023;14:36:18;32.95;Synchronized;;;1239;09/06/2023;14:38:45;36.88;Synchronized;;;1239;09/06/2023;14:39:53;37.16;Synchronized;;;
1240;09/06/2023;14:37:18;33.04;Synchronized;;;1240;09/06/2023;14:39:45;36.86;Synchronized;;;1240;09/06/2023;14:40:53;37.09;Synchronized;;;
1241;09/06/2023;14:38:18;33.15;Synchronized;;;1241;09/06/2023;14:40:45;36.86;Synchronized;;;1241;09/06/2023;14:41:53;37.04;Synchronized;;;
1242;09/06/2023;14:39:18;33.42;Synchronized;;;1242;09/06/2023;14:41:45;36.86;Synchronized;;;1242;09/06/2023;14:42:53;37.03;Synchronized;;;
1243;09/06/2023;14:40:17;33.45;Synchronized;;;1243;09/06/2023;14:42:45;36.87;Synchronized;;;1243;09/06/2023;14:43:53;37.01;Synchronized;;;
1244;09/06/2023;14:41:17;33.41;Synchronized;;;1244;09/06/2023;14:43:45;36.88;Synchronized;;;1244;09/06/2023;14:44:53;37.02;Synchronized;;;
1245;09/06/2023;14:42:17;33.35;Synchronized;;;1245;09/06/2023;14:44:45;36.87;Synchronized;;;1245;09/06/2023;14:45:53;36.96;Synchronized;;;
1246;09/06/2023;14:43:17;33.25;Synchronized;;;1246;09/06/2023;14:45:45;36.88;Synchronized;;;1246;09/06/2023;14:46:53;36.95;Synchronized;;;
1247;09/06/2023;14:44:17;33.11;Synchronized;;;1247;09/06/2023;14:46:45;36.85;Synchronized;;;1247;09/06/2023;14:47:53;36.95;Synchronized;;;
1248;09/06/2023;14:45:17;33.14;Synchronized;;;1248;09/06/2023;14:47:45;36.86;Synchronized;;;1248;09/06/2023;14:48:53;36.99;Synchronized;;;
1249;09/06/2023;14:46:17;32.68;Synchronized;;;1249;09/06/2023;14:48:45;36.86;Synchronized;;;1249;09/06/2023;14:49:53;36.99;Synchronized;;;
1250;09/06/2023;14:47:17;32.52;Synchronized;;;1250;09/06/2023;14:49:45;36.85;Synchronized;;;1250;09/06/2023;14:50:53;36.98;Synchronized;;;
1251;09/06/2023;14:48:16;32.58;Synchronized;;;1251;09/06/2023;14:50:45;36.85;Synchronized;;;1251;09/06/2023;14:51:53;36.97;Synchronized;;;
1252;09/06/2023;14:49:16;32.38;Synchronized;;;1252;09/06/2023;14:51:45;36.88;Synchronized;;;1252;09/06/2023;14:52:53;36.95;Synchronized;;;
1253;09/06/2023;14:50:16;32.48;Synchronized;;;1253;09/06/2023;14:52:45;36.88;Synchronized;;;1253;09/06/2023;14:53:53;36.91;Synchronized;;;
1254;09/06/2023;14:51:16;32.63;Synchronized;;;1254;09/06/2023;14:53:45;36.85;Synchronized;;;1254;09/06/2023;14:54:53;36.91;Synchronized;;;
1255;09/06/2023;14:52:16;32.82;Synchronized;;;1255;09/06/2023;14:54:45;36.85;Synchronized;;;1255;09/06/2023;14:55:53;36.91;Synchronized;;;
1256;09/06/2023;14:53:16;32.93;Synchronized;;;1256;09/06/2023;14:55:45;36.88;Synchronized;;;1256;09/06/2023;14:56:53;36.93;Synchronized;;;
1257;09/06/2023;14:54:16;33.11;Synchronized;;;1257;09/06/2023;14:56:45;36.88;Synchronized;;;1257;09/06/2023;14:57:53;36.89;Synchronized;;;
1258;09/06/2023;14:55:16;33.2;Synchronized;;;1258;09/06/2023;14:57:45;36.86;Synchronized;;;1258;09/06/2023;14:58:53;36.89;Synchronized;;;
1259;09/06/2023;14:56:15;33.35;Synchronized;;;1259;09/06/2023;14:58:45;36.88;Synchronized;;;1259;09/06/2023;14:59:53;36.83;Synchronized;;;
1260;09/06/2023;14:57:15;33.41;Synchronized;;;1260;09/06/2023;14:59:45;36.87;Synchronized;;;1260;09/06/2023;15:00:53;36.8;Synchronized;;;
1261;09/06/2023;14:58:15;33.52;Synchronized;;;1261;09/06/2023;15:00:45;36.88;Synchronized;;;1261;09/06/2023;15:01:53;36.77;Synchronized;;;
1262;09/06/2023;14:59:15;33.55;Synchronized;;;1262;09/06/2023;15:01:45;36.86;Synchronized;;;1262;09/06/2023;15:02:53;36.76;Synchronized;;;
1263;09/06/2023;15:00:15;33.56;;;;1263;09/06/2023;15:02:45;36.85;Synchronized;;;1263;09/06/2023;15:03:53;36.74;Synchronized;;;
1264;09/06/2023;15:01:15;33.59;;;;1264;09/06/2023;15:03:45;36.84;Synchronized;;;1264;09/06/2023;15:04:53;36.74;Synchronized;;;
1265;09/06/2023;15:02:15;33.49;Synchronized;;;1265;09/06/2023;15:04:45;36.85;Synchronized;;;1265;09/06/2023;15:05:53;36.77;Synchronized;;;
1266;09/06/2023;15:03:15;33.4;Synchronized;;;1266;09/06/2023;15:05:45;36.84;Synchronized;;;1266;09/06/2023;15:06:53;36.81;Synchronized;;;
1267;09/06/2023;15:04:15;33.41;Synchronized;;;1267;09/06/2023;15:06:45;36.84;Synchronized;;;1267;09/06/2023;15:07:53;36.8;Synchronized;;;
1268;09/06/2023;15:05:15;33.26;Synchronized;;;1268;09/06/2023;15:07:45;36.84;Synchronized;;;1268;09/06/2023;15:08:53;36.81;Synchronized;;;
1269;09/06/2023;15:06:15;33.16;Synchronized;;;1269;09/06/2023;15:08:44;36.86;Synchronized;;;1269;09/06/2023;15:09:53;36.81;Synchronized;;;
1270;09/06/2023;15:07:15;33.11;Synchronized;;;1270;09/06/2023;15:09:44;36.85;Synchronized;;;1270;09/06/2023;15:10:53;36.86;Synchronized;;;
1271;09/06/2023;15:08:15;33.13;Synchronized;;;1271;09/06/2023;15:10:44;36.86;Synchronized;;;1271;09/06/2023;15:11:53;36.9;Synchronized;;;
1272;09/06/2023;15:09:14;33.23;Synchronized;;;1272;09/06/2023;15:11:44;36.87;Synchronized;;;1272;09/06/2023;15:12:53;36.88;Synchronized;;;
1273;09/06/2023;15:10:14;33.19;Synchronized;;;1273;09/06/2023;15:12:44;36.88;Synchronized;;;1273;09/06/2023;15:13:53;36.88;Synchronized;;;
1274;09/06/2023;15:11:14;33.14;Synchronized;;;1274;09/06/2023;15:13:44;36.9;Synchronized;;;1274;09/06/2023;15:14:53;36.88;Synchronized;;;
1275;09/06/2023;15:12:14;32.87;Synchronized;;;1275;09/06/2023;15:14:44;36.9;Synchronized;;;1275;09/06/2023;15:15:52;36.89;Synchronized;;;
1276;09/06/2023;15:13:14;32.82;Synchronized;;;1276;09/06/2023;15:15:44;36.91;Synchronized;;;1276;09/06/2023;15:16:52;36.86;Synchronized;;;
1277;09/06/2023;15:14:14;32.92;Synchronized;;;1277;09/06/2023;15:16:44;36.91;Synchronized;;;1277;09/06/2023;15:17:52;36.87;Synchronized;;;
1278;09/06/2023;15:15:14;33.05;;;;1278;09/06/2023;15:17:44;36.92;Synchronized;;;1278;09/06/2023;15:18:52;36.87;Synchronized;;;
1279;09/06/2023;15:16:14;33.14;Synchronized;;;1279;09/06/2023;15:18:44;36.91;Synchronized;;;1279;09/06/2023;15:19:52;36.9;Synchronized;;;
1280;09/06/2023;15:17:14;33.31;Synchronized;;;1280;09/06/2023;15:19:44;36.91;Synchronized;;;1280;09/06/2023;15:20:52;36.9;Synchronized;;;
1281;09/06/2023;15:18:14;33.42;Synchronized;;;1281;09/06/2023;15:20:44;36.91;Synchronized;;;1281;09/06/2023;15:21:52;36.91;Synchronized;;;
1282;09/06/2023;15:19:13;33.37;Synchronized;;;1282;09/06/2023;15:21:44;36.91;Synchronized;;;1282;09/06/2023;15:22:52;36.93;Synchronized;;;
1283;09/06/2023;15:20:13;33.4;Synchronized;;;1283;09/06/2023;15:22:44;36.91;Synchronized;;;1283;09/06/2023;15:23:52;36.91;Synchronized;;;
1284;09/06/2023;15:21:13;33.46;Synchronized;;;1284;09/06/2023;15:23:44;36.92;Synchronized;;;1284;09/06/2023;15:24:52;36.95;Synchronized;;;
1285;09/06/2023;15:22:13;33.62;Synchronized;;;1285;09/06/2023;15:24:44;36.93;Synchronized;;;1285;09/06/2023;15:25:52;36.97;Synchronized;;;
1286;09/06/2023;15:23:13;33.79;Synchronized;;;1286;09/06/2023;15:25:44;36.93;Synchronized;;;1286;09/06/2023;15:26:52;36.98;Synchronized;;;
1287;09/06/2023;15:24:13;33.82;Synchronized;;;1287;09/06/2023;15:26:44;36.93;Synchronized;;;1287;09/06/2023;15:27:52;36.96;Synchronized;;;
1288;09/06/2023;15:25:13;33.5;Synchronized;;;1288;09/06/2023;15:27:44;36.95;Synchronized;;;1288;09/06/2023;15:28:52;36.98;Synchronized;;;
1289;09/06/2023;15:26:12;33.41;Synchronized;;;1289;09/06/2023;15:28:44;36.96;Synchronized;;;1289;09/06/2023;15:29:52;37.01;Synchronized;;;
1290;09/06/2023;15:27:12;33.09;Synchronized;;;1290;09/06/2023;15:29:44;36.96;Synchronized;;;1290;09/06/2023;15:30:52;36.98;Synchronized;;;
1291;09/06/2023;15:28:12;32.82;Synchronized;;;1291;09/06/2023;15:30:44;36.99;Synchronized;;;1291;09/06/2023;15:31:52;36.98;Synchronized;;;
1292;09/06/2023;15:29:12;32.69;Synchronized;;;1292;09/06/2023;15:31:44;36.99;Synchronized;;;1292;09/06/2023;15:32:52;36.97;Synchronized;;;
1293;09/06/2023;15:30:12;32.63;Synchronized;;;1293;09/06/2023;15:32:44;37;Synchronized;;;1293;09/06/2023;15:33:52;36.97;Synchronized;;;
1294;09/06/2023;15:31:12;32.7;Synchronized;;;1294;09/06/2023;15:33:44;36.99;Synchronized;;;1294;09/06/2023;15:34:52;36.97;Synchronized;;;
1295;09/06/2023;15:32:12;32.8;Synchronized;;;1295;09/06/2023;15:34:44;36.99;Synchronized;;;1295;09/06/2023;15:35:52;36.92;Synchronized;;;
1296;09/06/2023;15:33:12;32.76;Synchronized;;;1296;09/06/2023;15:35:44;37;Synchronized;;;1296;09/06/2023;15:36:52;36.95;Synchronized;;;
1297;09/06/2023;15:34:11;32.73;Synchronized;;;1297;09/06/2023;15:36:44;36.99;Synchronized;;;1297;09/06/2023;15:37:52;36.95;Synchronized;;;
1298;09/06/2023;15:35:11;32.68;Synchronized;;;1298;09/06/2023;15:37:44;37.01;Synchronized;;;1298;09/06/2023;15:38:52;36.92;Synchronized;;;
1299;09/06/2023;15:36:11;32.73;Synchronized;;;1299;09/06/2023;15:38:44;37;Synchronized;;;1299;09/06/2023;15:39:52;36.95;Synchronized;;;
1300;09/06/2023;15:37:11;32.86;;;;1300;09/06/2023;15:39:44;37;Synchronized;;;1300;09/06/2023;15:40:52;36.97;Synchronized;;;
1301;09/06/2023;15:38:11;33.04;Synchronized;;;1301;09/06/2023;15:40:44;37.01;Synchronized;;;1301;09/06/2023;15:41:52;36.97;Synchronized;;;
1302;09/06/2023;15:39:11;33.23;Synchronized;;;1302;09/06/2023;15:41:44;36.99;Synchronized;;;1302;09/06/2023;15:42:52;36.95;Synchronized;;;
1303;09/06/2023;15:40:11;33.17;Synchronized;;;1303;09/06/2023;15:42:44;37.01;Synchronized;;;1303;09/06/2023;15:43:52;36.93;Synchronized;;;
1304;09/06/2023;15:41:11;33.02;Synchronized;;;1304;09/06/2023;15:43:43;37.01;Synchronized;;;1304;09/06/2023;15:44:52;36.95;Synchronized;;;
1305;09/06/2023;15:42:10;32.97;Synchronized;;;1305;09/06/2023;15:44:43;37.03;Synchronized;;;1305;09/06/2023;15:45:52;36.95;Synchronized;;;
1306;09/06/2023;15:43:10;32.89;Synchronized;;;1306;09/06/2023;15:45:43;36.99;Synchronized;;;1306;09/06/2023;15:46:52;36.91;Synchronized;;;
1307;09/06/2023;15:44:10;32.82;Synchronized;;;1307;09/06/2023;15:46:43;37.01;Synchronized;;;1307;09/06/2023;15:47:52;36.93;Synchronized;;;
1308;09/06/2023;15:45:10;32.8;Synchronized;;;1308;09/06/2023;15:47:43;37.01;Synchronized;;;1308;09/06/2023;15:48:52;36.89;Synchronized;;;
1309;09/06/2023;15:46:10;32.61;Synchronized;;;1309;09/06/2023;15:48:43;37;Synchronized;;;1309;09/06/2023;15:49:52;36.88;Synchronized;;;
1310;09/06/2023;15:47:10;32.52;Synchronized;;;1310;09/06/2023;15:49:43;37.01;Synchronized;;;1310;09/06/2023;15:50:52;36.88;Synchronized;;;
1311;09/06/2023;15:48:10;32.54;Synchronized;;;1311;09/06/2023;15:50:43;36.99;Synchronized;;;1311;09/06/2023;15:51:52;36.86;Synchronized;;;
1312;09/06/2023;15:49:10;32.47;Synchronized;;;1312;09/06/2023;15:51:43;37.02;Synchronized;;;1312;09/06/2023;15:52:52;36.8;Synchronized;;;
1313;09/06/2023;15:50:10;32.16;Synchronized;;;1313;09/06/2023;15:52:43;37.02;Synchronized;;;1313;09/06/2023;15:53:52;36.74;Synchronized;;;
1314;09/06/2023;15:51:09;31.94;Synchronized;;;1314;09/06/2023;15:53:43;37.03;Synchronized;;;1314;09/06/2023;15:54:52;36.73;Synchronized;;;
1315;09/06/2023;15:52:09;31.82;Synchronized;;;1315;09/06/2023;15:54:43;37.02;Synchronized;;;1315;09/06/2023;15:55:52;36.73;Synchronized;;;
1316;09/06/2023;15:53:09;31.79;Synchronized;;;1316;09/06/2023;15:55:43;37.04;Synchronized;;;1316;09/06/2023;15:56:52;36.77;Synchronized;;;
1317;09/06/2023;15:54:09;32.01;Synchronized;;;1317;09/06/2023;15:56:43;37.04;Synchronized;;;1317;09/06/2023;15:57:52;36.8;Synchronized;;;
1318;09/06/2023;15:55:09;32.12;;;;1318;09/06/2023;15:57:43;37.02;Synchronized;;;1318;09/06/2023;15:58:52;36.84;Synchronized;;;
1319;09/06/2023;15:56:09;32.16;Synchronized;;;1319;09/06/2023;15:58:43;37.02;Synchronized;;;1319;09/06/2023;15:59:52;36.85;Synchronized;;;
1320;09/06/2023;15:57:09;32.15;Synchronized;;;1320;09/06/2023;15:59:43;37.03;Synchronized;;;1320;09/06/2023;16:00:51;36.88;Synchronized;;;
1321;09/06/2023;15:58:08;32.13;Synchronized;;;1321;09/06/2023;16:00:43;37.04;Synchronized;;;1321;09/06/2023;16:01:51;36.88;Synchronized;;;
1322;09/06/2023;15:59:08;32.15;Synchronized;;;1322;09/06/2023;16:01:43;37.03;Synchronized;;;1322;09/06/2023;16:02:51;36.89;Synchronized;;;
1323;09/06/2023;16:00:08;32.35;Synchronized;;;1323;09/06/2023;16:02:43;37.02;Synchronized;;;1323;09/06/2023;16:03:51;36.91;Synchronized;;;
1324;09/06/2023;16:01:08;32.2;Synchronized;;;1324;09/06/2023;16:03:43;37.02;Synchronized;;;1324;09/06/2023;16:04:51;36.91;Synchronized;;;
1325;09/06/2023;16:02:08;32.3;Synchronized;;;1325;09/06/2023;16:04:43;37.05;Synchronized;;;1325;09/06/2023;16:05:51;36.93;Synchronized;;;
1326;09/06/2023;16:03:08;32.29;Synchronized;;;1326;09/06/2023;16:05:43;37.03;Synchronized;;;1326;09/06/2023;16:06:51;36.95;Synchronized;;;
1327;09/06/2023;16:04:07;32.43;Synchronized;;;1327;09/06/2023;16:06:43;37.05;Synchronized;;;1327;09/06/2023;16:07:51;37.03;Synchronized;;;
1328;09/06/2023;16:05:07;32.52;Synchronized;;;1328;09/06/2023;16:07:43;37.05;Synchronized;;;1328;09/06/2023;16:08:51;36.98;Synchronized;;;
1329;09/06/2023;16:06:07;32.66;Synchronized;;;1329;09/06/2023;16:08:43;37.03;Synchronized;;;1329;09/06/2023;16:09:51;36.98;Synchronized;;;
1330;09/06/2023;16:07:07;32.91;Synchronized;;;1330;09/06/2023;16:09:43;37.05;Synchronized;;;1330;09/06/2023;16:10:51;36.98;Synchronized;;;
1331;09/06/2023;16:08:07;32.92;Synchronized;;;1331;09/06/2023;16:10:43;37.05;Synchronized;;;1331;09/06/2023;16:11:51;36.99;Synchronized;;;
1332;09/06/2023;16:09:06;32.87;Synchronized;;;1332;09/06/2023;16:11:43;37.05;Synchronized;;;1332;09/06/2023;16:12:51;36.98;Synchronized;;;
1333;09/06/2023;16:10:06;32.85;Synchronized;;;1333;09/06/2023;16:12:43;37.05;Synchronized;;;1333;09/06/2023;16:13:51;37;Synchronized;;;
1334;09/06/2023;16:11:06;32.87;Synchronized;;;1334;09/06/2023;16:13:43;37.05;Synchronized;;;1334;09/06/2023;16:14:51;36.98;Synchronized;;;
1335;09/06/2023;16:12:06;32.77;Synchronized;;;1335;09/06/2023;16:14:43;37.04;Synchronized;;;1335;09/06/2023;16:15:51;37;Synchronized;;;
1336;09/06/2023;16:13:06;32.61;Synchronized;;;1336;09/06/2023;16:15:43;36.99;Synchronized;;;1336;09/06/2023;16:16:51;37;Synchronized;;;
1337;09/06/2023;16:14:06;32.38;Synchronized;;;1337;09/06/2023;16:16:43;37.03;Synchronized;;;1337;09/06/2023;16:17:51;37.01;Synchronized;;;
1338;09/06/2023;16:15:05;32.19;Synchronized;;;1338;09/06/2023;16:17:43;37.03;Synchronized;;;1338;09/06/2023;16:18:51;37.05;Synchronized;;;
1339;09/06/2023;16:16:05;32.11;Synchronized;;;1339;09/06/2023;16:18:43;37.05;Synchronized;;;1339;09/06/2023;16:19:51;37.04;Synchronized;;;
1340;09/06/2023;16:17:05;32.01;;;;1340;09/06/2023;16:19:42;37.07;Synchronized;;;1340;09/06/2023;16:20:51;37.07;Synchronized;;;
1341;09/06/2023;16:18:05;;Missing data;;;1341;09/06/2023;16:20:42;37.09;Synchronized;;;1341;09/06/2023;16:21:51;37.05;Synchronized;;;
1342;09/06/2023;16:19:05;;Missing data;;;1342;09/06/2023;16:21:42;37.08;Synchronized;;;1342;09/06/2023;16:22:51;37.05;;;;
1343;09/06/2023;16:20:05;;Missing data;;;1343;09/06/2023;16:22:42;37.1;Synchronized;;;1343;09/06/2023;16:23:51;37.08;Synchronized;;;
1344;09/06/2023;16:21:05;;Missing data;;;1344;09/06/2023;16:23:42;37.11;Synchronized;;;1344;09/06/2023;16:24:51;37.07;Synchronized;;;
1345;09/06/2023;16:22:05;32.55;;;;1345;09/06/2023;16:24:42;37.12;Synchronized;;;1345;09/06/2023;16:25:51;37.07;Synchronized;;;
1346;09/06/2023;16:23:05;32.52;;;;1346;09/06/2023;16:25:42;37.13;Synchronized;;;1346;09/06/2023;16:26:51;37.07;Synchronized;;;
1347;09/06/2023;16:24:05;31.41;;;;1347;09/06/2023;16:26:42;37.15;Synchronized;;;1347;09/06/2023;16:27:51;37.07;Synchronized;;;
1348;09/06/2023;16:25:04;30.59;;;;1348;09/06/2023;16:27:42;37.13;Synchronized;;;1348;09/06/2023;16:28:51;37.09;Synchronized;;;
1349;09/06/2023;16:26:04;;Missing data;;;1349;09/06/2023;16:28:42;37.16;Synchronized;;;1349;09/06/2023;16:29:51;37.1;Synchronized;;;
1350;09/06/2023;16:27:04;31.31;;;;1350;09/06/2023;16:29:42;37.16;Synchronized;;;1350;09/06/2023;16:30:51;37.11;Synchronized;;;
1351;09/06/2023;16:28:04;31.61;;;;1351;09/06/2023;16:30:42;37.16;Synchronized;;;1351;09/06/2023;16:31:51;37.1;Synchronized;;;
1352;09/06/2023;16:29:04;31.79;;;;1352;09/06/2023;16:31:42;37.16;Synchronized;;;1352;09/06/2023;16:32:51;37.09;;;;
1353;09/06/2023;16:30:04;31.91;;;;1353;09/06/2023;16:32:42;37.18;Synchronized;;;1353;09/06/2023;16:33:51;37.12;;;;
1354;09/06/2023;16:31:04;;Missing data;;;1354;09/06/2023;16:33:42;37.16;Synchronized;;;1354;09/06/2023;16:34:51;37.13;;;;
1355;09/06/2023;16:32:04;31.93;;;;1355;09/06/2023;16:34:42;37.18;Synchronized;;;1355;09/06/2023;16:35:51;37.12;;;;
1356;09/06/2023;16:33:04;31.9;;;;1356;09/06/2023;16:35:42;37.17;Synchronized;;;1356;09/06/2023;16:36:51;37.13;;;;
1357;09/06/2023;16:34:04;31.91;;;;1357;09/06/2023;16:36:42;37.18;;;;1357;09/06/2023;16:37:51;;Missing data;;;
1358;09/06/2023;16:35:03;32;;;;1358;09/06/2023;16:37:42;37.2;;;;1358;09/06/2023;16:38:51;37.14;;;;
1359;09/06/2023;16:36:03;32.05;;;;1359;09/06/2023;16:38:42;;Missing data;;;1359;09/06/2023;16:39:51;37.14;;;;
1360;09/06/2023;16:37:03;;Missing data;;;1360;09/06/2023;16:39:42;37.2;;;;1360;09/06/2023;16:40:51;;Missing data;;;
1361;09/06/2023;16:38:03;32.41;;;;1361;09/06/2023;16:40:42;;Missing data;;;1361;09/06/2023;16:41:52;;Missing data;;;
1362;09/06/2023;16:39:03;32.34;;;;1362;09/06/2023;16:41:42;;Missing data;;;1362;09/06/2023;16:42:52;37.09;;;;
1363;09/06/2023;16:40:03;32.13;;;;1363;09/06/2023;16:42:42;;Missing data;;;;;;;;;;
1364;09/06/2023;16:41:03;32.05;;;;1364;09/06/2023;16:43:42;;Missing data;;;;;;;;;;
1365;09/06/2023;16:42:03;;Missing data;;;1365;09/06/2023;16:44:42;37.19;;;;;;;;;;;
1366;09/06/2023;16:43:02;;Missing data;;;1366;09/06/2023;16:45:42;;Missing data;;;;;;;;;;
1367;09/06/2023;16:44:02;31.31;;;;1367;09/06/2023;16:46:42;37.23;;;;;;;;;;;
1368;09/06/2023;16:45:02;31.29;;;;;;;;;;;;;;;;;;
1369;09/06/2023;16:46:02;31.51;;;;;;;;;;;;;;;;;;
1370;09/06/2023;16:47:02;31.83;;;;;;;;;;;;;;;;;;
1371;09/06/2023;16:48:02;32.05;;;;;;;;;;;;;;;;;;
1372;09/06/2023;16:49:02;;Missing data;;;;;;;;;;;;;;;;;
1373;09/06/2023;16:50:02;32.35;;;;;;;;;;;;;;;;;;
1374;09/06/2023;16:51:02;;Missing data;;;;;;;;;;;;;;;;;
1375;09/06/2023;16:52:01;;Missing data;;;;;;;;;;;;;;;;;
1376;09/06/2023;16:53:01;31.27;;;;;;;;;;;;;;;;;;
1377;09/06/2023;16:54:01;30.83;;;;;;;;;;;;;;;;;;
;
;