SenseLab_M04;
Time Zone;UTC+2:00;
Monitor;80.80.04.73;
;
Pill n°1;24.00.14.1A;;;;;;Pill n°2;24.00.1C.45;;;;;;Pill n°3;24.00.1D.B6;;;;;;
Sample number;Date (dd/mm/yyyy);Hour;Temperature (°C);Status;;;Sample number;Date (dd/mm/yyyy);Hour;Temperature (°C);Status;;;Sample number;Date (dd/mm/yyyy);Hour;Temperature (°C);Status;;;
1;08/06/2023;18:13:08;28.2;;;;1;07/06/2023;18:17:24;28.66;;;;1;07/06/2023;18:18:19;29.05;;;;
2;08/06/2023;18:14:08;28.66;;;;2;07/06/2023;18:18:24;29.05;;;;2;07/06/2023;18:19:19;29.49;;;;
3;08/06/2023;18:15:08;28.53;;;;3;07/06/2023;18:19:24;28.81;;;;3;07/06/2023;18:20:19;29.16;;;;
4;08/06/2023;18:16:08;28.42;;;;4;07/06/2023;18:20:24;28.65;;;;4;07/06/2023;18:21:19;28.88;;;;
5;08/06/2023;18:17:08;28.76;;;;5;07/06/2023;18:21:24;28.44;;;;5;07/06/2023;18:22:19;28.65;;;;
6;08/06/2023;18:18:08;28.42;;;;6;07/06/2023;18:22:24;28.3;;;;6;07/06/2023;18:23:19;28.47;;;;
7;08/06/2023;18:19:08;28.15;;;;7;07/06/2023;18:23:24;28.18;;;;7;07/06/2023;18:24:19;28.36;;;;
8;08/06/2023;18:20:08;27.93;;;;8;07/06/2023;18:24:24;28.09;;;;8;07/06/2023;18:25:19;28.27;;;;
9;08/06/2023;18:21:08;27.79;;;;9;07/06/2023;18:25:24;28.01;;;;9;07/06/2023;18:26:19;28.21;;;;
10;08/06/2023;18:22:08;27.69;;;;10;07/06/2023;18:26:24;27.98;;;;10;07/06/2023;18:27:19;28.17;;;;
11;08/06/2023;18:23:08;27.61;;;;11;07/06/2023;18:27:24;27.95;;;;11;07/06/2023;18:28:19;28.11;;;;
12;08/06/2023;18:24:08;27.52;;;;12;07/06/2023;18:28:24;27.91;;;;12;07/06/2023;18:29:19;28.1;;;;
13;08/06/2023;18:25:07;27.47;;;;13;07/06/2023;18:29:24;27.88;;;;13;07/06/2023;18:30:19;28.09;Synchronized;;;
14;08/06/2023;18:26:07;27.43;;;;14;07/06/2023;18:30:24;27.91;;;;14;07/06/2023;18:31:19;28.28;;;;
15;08/06/2023;18:27:07;27.39;;;;15;07/06/2023;18:31:24;27.98;;;;15;07/06/2023;18:32:19;28.21;;;;
16;08/06/2023;18:28:07;27.36;;;;16;07/06/2023;18:32:24;27.99;;;;16;07/06/2023;18:33:19;28.19;;;;
17;08/06/2023;18:29:07;27.36;;;;17;07/06/2023;18:33:24;27.99;;;;17;07/06/2023;18:34:19;28.12;;;;
18;08/06/2023;18:30:07;27.37;;;;18;07/06/2023;18:34:24;28;;;;18;07/06/2023;18:35:19;28.16;;;;
19;08/06/2023;18:31:07;27.35;;;;19;07/06/2023;18:35:24;28.05;;;;19;07/06/2023;18:36:19;28.16;;;;
20;08/06/2023;18:32:07;27.33;;;;20;07/06/2023;18:36:24;28.06;;;;20;07/06/2023;18:37:19;28.11;;;;
21;08/06/2023;18:33:07;27.34;;;;21;07/06/2023;18:37:25;28.03;;;;21;07/06/2023;18:38:19;28.09;;;;
22;08/06/2023;18:34:07;27.34;;;;22;07/06/2023;18:38:25;28.03;;;;22;07/06/2023;18:39:19;28.07;;;;
23;08/06/2023;18:35:07;27.36;;;;23;07/06/2023;18:39:25;27.99;;;;23;07/06/2023;18:40:19;28.05;;;;
24;08/06/2023;18:36:07;27.35;;;;24;07/06/2023;18:40:25;27.97;;;;24;07/06/2023;18:41:19;28.01;;;;
25;08/06/2023;18:37:07;27.35;;;;25;07/06/2023;18:41:25;27.98;;;;25;07/06/2023;18:42:19;27.99;;;;
26;08/06/2023;18:38:07;27.35;;;;26;07/06/2023;18:42:25;27.96;;;;26;07/06/2023;18:43:19;27.99;;;;
27;08/06/2023;18:39:07;27.35;;;;27;07/06/2023;18:43:25;27.97;;;;27;07/06/2023;18:44:19;27.98;;;;
28;08/06/2023;18:40:07;27.35;;;;28;07/06/2023;18:44:25;27.94;;;;28;07/06/2023;18:45:19;27.98;;;;
29;08/06/2023;18:41:07;27.37;;;;29;07/06/2023;18:45:25;27.95;;;;29;07/06/2023;18:46:19;27.98;;;;
30;08/06/2023;18:42:07;27.37;;;;30;07/06/2023;18:46:25;27.96;;;;30;07/06/2023;18:47:19;27.97;;;;
31;08/06/2023;18:43:07;27.34;;;;31;07/06/2023;18:47:25;27.98;;;;31;07/06/2023;18:48:19;27.98;;;;
32;08/06/2023;18:44:07;27.36;;;;32;07/06/2023;18:48:25;27.96;;;;32;07/06/2023;18:49:19;27.97;;;;
33;08/06/2023;18:45:07;27.35;;;;33;07/06/2023;18:49:25;27.98;;;;33;07/06/2023;18:50:19;27.98;;;;
34;08/06/2023;18:46:07;27.35;;;;34;07/06/2023;18:50:25;27.97;;;;34;07/06/2023;18:51:19;27.98;;;;
35;08/06/2023;18:47:07;27.35;;;;35;07/06/2023;18:51:25;27.97;;;;35;07/06/2023;18:52:19;27.98;;;;
36;08/06/2023;18:48:07;27.36;;;;36;07/06/2023;18:52:25;28;;;;36;07/06/2023;18:53:19;27.97;;;;
37;08/06/2023;18:49:07;27.33;;;;37;07/06/2023;18:53:25;27.99;;;;37;07/06/2023;18:54:19;27.98;;;;
38;08/06/2023;18:50:07;27.32;;;;38;07/06/2023;18:54:25;27.98;;;;38;07/06/2023;18:55:19;27.98;;;;
39;08/06/2023;18:51:07;27.34;;;;39;07/06/2023;18:55:25;28.01;;;;39;07/06/2023;18:56:19;27.98;;;;
40;08/06/2023;18:52:07;27.31;;;;40;07/06/2023;18:56:25;27.97;;;;40;07/06/2023;18:57:19;27.98;;;;
41;08/06/2023;18:53:07;27.31;;;;41;07/06/2023;18:57:25;27.95;;;;41;07/06/2023;18:58:19;27.97;;;;
42;08/06/2023;18:54:07;27.3;;;;42;07/06/2023;18:58:25;27.98;;;;42;07/06/2023;18:59:19;27.96;;;;
43;08/06/2023;18:55:07;27.29;;;;43;07/06/2023;18:59:25;27.95;;;;43;07/06/2023;19:00:19;27.95;Synchronized;;;
44;08/06/2023;18:56:07;27.28;;;;44;07/06/2023;19:00:25;27.95;;;;44;07/06/2023;19:01:19;27.96;;;;
45;08/06/2023;18:57:07;27.29;;;;45;07/06/2023;19:01:25;27.98;Synchronized;;;45;07/06/2023;19:02:19;27.98;;;;
46;08/06/2023;18:58:07;27.3;;;;46;07/06/2023;19:02:25;27.99;;;;46;07/06/2023;19:03:19;27.96;;;;
47;08/06/2023;18:59:07;27.3;;;;47;07/06/2023;19:03:25;27.96;;;;47;07/06/2023;19:04:19;27.95;;;;
48;08/06/2023;19:00:07;27.31;;;;48;07/06/2023;19:04:26;27.96;;;;48;07/06/2023;19:05:19;27.97;;;;
49;08/06/2023;19:01:07;27.3;;;;49;07/06/2023;19:05:26;27.97;;;;49;07/06/2023;19:06:19;27.95;;;;
50;08/06/2023;19:02:07;27.3;;;;50;07/06/2023;19:06:26;27.98;;;;50;07/06/2023;19:07:19;27.98;;;;
51;08/06/2023;19:03:07;27.31;;;;51;07/06/2023;19:07:26;27.97;;;;51;07/06/2023;19:08:19;27.99;;;;
52;08/06/2023;19:04:07;27.3;;;;52;07/06/2023;19:08:26;27.98;;;;52;07/06/2023;19:09:19;27.99;;;;
53;08/06/2023;19:05:07;27.3;;;;53;07/06/2023;19:09:26;28.01;;;;53;07/06/2023;19:10:19;27.99;;;;
54;08/06/2023;19:06:07;27.3;;;;54;07/06/2023;19:10:26;28.02;;;;54;07/06/2023;19:11:19;28.01;;;;
55;08/06/2023;19:07:06;27.3;;;;55;07/06/2023;19:11:26;28.03;;;;55;07/06/2023;19:12:19;28.03;;;;
56;08/06/2023;19:08:06;27.3;;;;56;07/06/2023;19:12:26;28.05;;;;56;07/06/2023;19:13:19;28.01;;;;
57;08/06/2023;19:09:06;27.3;;;;57;07/06/2023;19:13:26;28.04;;;;57;07/06/2023;19:14:19;28.03;;;;
58;08/06/2023;19:10:06;27.29;;;;58;07/06/2023;19:14:26;28.02;;;;58;07/06/2023;19:15:19;28.02;;;;
59;08/06/2023;19:11:06;27.29;;;;59;07/06/2023;19:15:26;28.03;;;;59;07/06/2023;19:16:19;28;;;;
60;08/06/2023;19:12:06;27.28;;;;60;07/06/2023;19:16:26;28.05;;;;60;07/06/2023;19:17:19;27.99;;;;
61;08/06/2023;19:13:06;27.28;;;;61;07/06/2023;19:17:26;28.01;;;;61;07/06/2023;19:18:19;27.98;;;;
62;08/06/2023;19:14:06;27.27;;;;62;07/06/2023;19:18:26;28;;;;62;07/06/2023;19:19:19;27.99;;;;
63;08/06/2023;19:15:06;27.27;;;;63;07/06/2023;19:19:26;28.01;;;;63;07/06/2023;19:20:19;27.99;;;;
64;08/06/2023;19:16:06;27.27;;;;64;07/06/2023;19:20:26;28;;;;64;07/06/2023;19:21:19;28.01;;;;
65;08/06/2023;19:17:06;27.28;;;;65;07/06/2023;19:21:26;28;;;;65;07/06/2023;19:22:19;28.01;;;;
66;08/06/2023;19:18:06;27.27;;;;66;07/06/2023;19:22:26;28.03;;;;66;07/06/2023;19:23:19;27.99;;;;
67;08/06/2023;19:19:06;27.24;;;;67;07/06/2023;19:23:26;28.04;;;;67;07/06/2023;19:24:19;28.01;;;;
68;08/06/2023;19:20:06;27.27;;;;68;07/06/2023;19:24:26;28.04;;;;68;07/06/2023;19:25:19;28.02;;;;
69;08/06/2023;19:21:06;27.24;;;;69;07/06/2023;19:25:26;28.04;;;;69;07/06/2023;19:26:19;28.04;;;;
70;08/06/2023;19:22:06;27.24;;;;70;07/06/2023;19:26:26;28.05;;;;70;07/06/2023;19:27:19;28.03;;;;
71;08/06/2023;19:23:06;27.23;;;;71;07/06/2023;19:27:26;28.06;;;;71;07/06/2023;19:28:19;28.03;;;;
72;08/06/2023;19:24:06;27.27;;;;72;07/06/2023;19:28:26;28.06;;;;72;07/06/2023;19:29:19;28.03;Synchronized;;;
73;08/06/2023;19:25:06;27.24;;;;73;07/06/2023;19:29:26;28.05;;;;73;07/06/2023;19:30:19;28.01;;;;
74;08/06/2023;19:26:06;27.24;;;;74;07/06/2023;19:30:26;28.03;;;;74;07/06/2023;19:31:19;28.01;;;;
75;08/06/2023;19:27:06;27.26;;;;75;07/06/2023;19:31:26;27.99;;;;75;07/06/2023;19:32:19;27.95;;;;
76;08/06/2023;19:28:06;27.24;;;;76;07/06/2023;19:32:26;27.97;;;;76;07/06/2023;19:33:19;27.95;;;;
77;08/06/2023;19:29:06;27.23;;;;77;07/06/2023;19:33:26;27.94;;;;77;07/06/2023;19:34:19;27.94;;;;
78;08/06/2023;19:30:06;27.26;;;;78;07/06/2023;19:34:26;27.93;;;;78;07/06/2023;19:35:19;27.92;;;;
79;08/06/2023;19:31:06;27.23;;;;79;07/06/2023;19:35:27;27.94;;;;79;07/06/2023;19:36:19;27.91;;;;
80;08/06/2023;19:32:06;27.24;;;;80;07/06/2023;19:36:27;27.88;;;;80;07/06/2023;19:37:19;27.88;;;;
81;08/06/2023;19:33:06;27.26;;;;81;07/06/2023;19:37:27;27.88;;;;81;07/06/2023;19:38:19;27.86;;;;
82;08/06/2023;19:34:06;27.24;;;;82;07/06/2023;19:38:27;27.85;;;;82;07/06/2023;19:39:19;27.85;;;;
83;08/06/2023;19:35:06;27.24;;;;83;07/06/2023;19:39:27;27.84;;;;83;07/06/2023;19:40:19;27.84;;;;
84;08/06/2023;19:36:06;27.23;;;;84;07/06/2023;19:40:27;27.84;;;;84;07/06/2023;19:41:19;27.82;;;;
85;08/06/2023;19:37:06;27.23;;;;85;07/06/2023;19:41:27;27.84;;;;85;07/06/2023;19:42:19;27.8;;;;
86;08/06/2023;19:38:06;27.2;;;;86;07/06/2023;19:42:27;27.81;;;;86;07/06/2023;19:43:19;27.75;;;;
87;08/06/2023;19:39:06;27.2;;;;87;07/06/2023;19:43:27;27.79;;;;87;07/06/2023;19:44:19;27.73;;;;
88;08/06/2023;19:40:06;27.24;;;;88;07/06/2023;19:44:27;27.75;;;;88;07/06/2023;19:45:19;27.7;;;;
89;08/06/2023;19:41:06;27.23;;;;89;07/06/2023;19:45:27;27.7;Synchronized;;;89;07/06/2023;19:46:19;27.63;;;;
90;08/06/2023;19:42:06;27.22;;;;90;07/06/2023;19:46:27;27.63;;;;90;07/06/2023;19:47:19;27.62;;;;
91;08/06/2023;19:43:06;27.22;Synchronized;;;91;07/06/2023;19:47:27;27.58;;;;91;07/06/2023;19:48:19;27.56;;;;
92;08/06/2023;19:44:06;27.21;;;;92;07/06/2023;19:48:27;27.52;;;;92;07/06/2023;19:49:19;27.53;;;;
93;08/06/2023;19:45:06;27.22;;;;93;07/06/2023;19:49:27;27.52;;;;93;07/06/2023;19:50:19;27.5;;;;
94;08/06/2023;19:46:06;27.21;;;;94;07/06/2023;19:50:27;27.51;;;;94;07/06/2023;19:51:19;27.52;;;;
95;08/06/2023;19:47:06;27.21;;;;95;07/06/2023;19:51:27;27.55;;;;95;07/06/2023;19:52:19;27.56;;;;
96;08/06/2023;19:48:06;27.2;;;;96;07/06/2023;19:52:27;27.56;;;;96;07/06/2023;19:53:19;27.53;;;;
97;08/06/2023;19:49:06;27.18;;;;97;07/06/2023;19:53:28;27.58;;;;97;07/06/2023;19:54:18;27.58;;;;
98;08/06/2023;19:50:06;27.23;;;;98;07/06/2023;19:54:28;27.56;;;;98;07/06/2023;19:55:18;27.55;;;;
99;08/06/2023;19:51:06;27.21;;;;99;07/06/2023;19:55:28;27.55;;;;99;07/06/2023;19:56:18;27.59;;;;
100;08/06/2023;19:52:06;27.21;;;;100;07/06/2023;19:56:28;27.57;;;;100;07/06/2023;19:57:18;27.58;;;;
101;08/06/2023;19:53:06;27.2;;;;101;07/06/2023;19:57:28;27.57;;;;101;07/06/2023;19:58:18;27.56;;;;
102;08/06/2023;19:54:06;27.2;;;;102;07/06/2023;19:58:28;27.55;;;;102;07/06/2023;19:59:17;27.52;;;;
103;08/06/2023;19:55:06;27.2;;;;103;07/06/2023;19:59:28;27.54;;;;103;07/06/2023;20:00:17;27.55;;;;
104;08/06/2023;19:56:06;27.2;;;;104;07/06/2023;20:00:28;27.49;;;;104;07/06/2023;20:01:17;27.52;;;;
105;08/06/2023;19:57:06;27.19;;;;105;07/06/2023;20:01:28;27.47;;;;105;07/06/2023;20:02:17;27.49;;;;
106;08/06/2023;19:58:06;27.2;;;;106;07/06/2023;20:02:28;27.48;;;;106;07/06/2023;20:03:17;27.48;;;;
107;08/06/2023;19:59:06;27.17;;;;107;07/06/2023;20:03:28;27.45;;;;107;07/06/2023;20:04:17;27.46;;;;
108;08/06/2023;20:00:06;27.18;;;;108;07/06/2023;20:04:28;27.44;;;;108;07/06/2023;20:05:16;27.46;;;;
109;08/06/2023;20:01:06;27.2;;;;109;07/06/2023;20:05:28;27.42;;;;109;07/06/2023;20:06:16;27.41;;;;
110;08/06/2023;20:02:06;27.19;;;;110;07/06/2023;20:06:29;27.4;;;;110;07/06/2023;20:07:16;27.44;;;;
111;08/06/2023;20:03:06;27.17;;;;111;07/06/2023;20:07:29;27.4;;;;111;07/06/2023;20:08:16;27.43;;;;
112;08/06/2023;20:04:06;27.19;;;;112;07/06/2023;20:08:29;27.42;;;;112;07/06/2023;20:09:16;27.45;;;;
113;08/06/2023;20:05:06;27.17;;;;113;07/06/2023;20:09:29;27.39;;;;113;07/06/2023;20:10:16;27.41;;;;
114;08/06/2023;20:06:06;27.17;;;;114;07/06/2023;20:10:29;27.34;;;;114;07/06/2023;20:11:16;27.4;;;;
115;08/06/2023;20:07:06;27.17;;;;115;07/06/2023;20:11:29;27.34;;;;115;07/06/2023;20:12:15;27.38;;;;
116;08/06/2023;20:08:06;27.14;Synchronized;;;116;07/06/2023;20:12:29;27.31;;;;116;07/06/2023;20:13:15;27.38;;;;
117;08/06/2023;20:09:06;27.16;;;;117;07/06/2023;20:13:29;27.31;;;;117;07/06/2023;20:14:15;27.33;;;;
118;08/06/2023;20:10:06;27.14;;;;118;07/06/2023;20:14:29;27.32;;;;118;07/06/2023;20:15:15;27.31;;;;
119;08/06/2023;20:11:06;27.15;;;;119;07/06/2023;20:15:29;27.33;;;;119;07/06/2023;20:16:15;27.3;;;;
120;08/06/2023;20:12:06;27.14;;;;120;07/06/2023;20:16:29;27.34;;;;120;07/06/2023;20:17:15;27.31;;;;
121;08/06/2023;20:13:06;27.14;;;;121;07/06/2023;20:17:30;27.34;;;;121;07/06/2023;20:18:14;27.31;;;;
122;08/06/2023;20:14:06;27.15;;;;122;07/06/2023;20:18:30;27.3;;;;122;07/06/2023;20:19:14;27.29;;;;
123;08/06/2023;20:15:06;27.14;Synchronized;;;123;07/06/2023;20:19:30;27.27;;;;123;07/06/2023;20:20:14;27.27;;;;
124;08/06/2023;20:16:06;27.12;;;;124;07/06/2023;20:20:30;27.26;;;;124;07/06/2023;20:21:14;27.28;;;;
125;08/06/2023;20:17:06;27.13;;;;125;07/06/2023;20:21:30;27.26;;;;125;07/06/2023;20:22:14;27.27;;;;
126;08/06/2023;20:18:06;27.13;;;;126;07/06/2023;20:22:30;27.27;;;;126;07/06/2023;20:23:14;27.27;;;;
127;08/06/2023;20:19:06;27.12;;;;127;07/06/2023;20:23:30;27.24;;;;127;07/06/2023;20:24:14;27.28;;;;
128;08/06/2023;20:20:06;27.13;;;;128;07/06/2023;20:24:30;27.27;;;;128;07/06/2023;20:25:14;27.27;;;;
129;08/06/2023;20:21:06;27.1;;;;129;07/06/2023;20:25:30;27.34;;;;129;07/06/2023;20:26:13;27.28;;;;
130;08/06/2023;20:22:06;27.12;;;;130;07/06/2023;20:26:30;27.36;;;;130;07/06/2023;20:27:13;27.3;;;;
131;08/06/2023;20:23:06;27.12;;;;131;07/06/2023;20:27:30;27.39;;;;131;07/06/2023;20:28:13;27.32;;;;
132;08/06/2023;20:24:06;27.11;;;;132;07/06/2023;20:28:31;27.41;;;;132;07/06/2023;20:29:13;27.31;;;;
133;08/06/2023;20:25:06;27.09;;;;133;07/06/2023;20:29:31;27.45;;;;133;07/06/2023;20:30:13;27.34;;;;
134;08/06/2023;20:26:06;27.11;;;;134;07/06/2023;20:30:31;27.48;;;;134;07/06/2023;20:31:13;27.35;;;;
135;08/06/2023;20:27:06;27.09;;;;135;07/06/2023;20:31:31;27.5;;;;135;07/06/2023;20:32:13;27.39;;;;
136;08/06/2023;20:28:06;27.09;Synchronized;;;136;07/06/2023;20:32:31;27.52;;;;136;07/06/2023;20:33:13;27.41;;;;
137;08/06/2023;20:29:06;27.1;;;;137;07/06/2023;20:33:31;27.54;;;;137;07/06/2023;20:34:12;27.45;;;;
138;08/06/2023;20:30:06;27.09;;;;138;07/06/2023;20:34:31;27.55;;;;138;07/06/2023;20:35:12;27.45;;;;
139;08/06/2023;20:31:06;27.09;;;;139;07/06/2023;20:35:31;27.56;;;;139;07/06/2023;20:36:12;27.48;;;;
140;08/06/2023;20:32:06;27.1;;;;140;07/06/2023;20:36:31;27.55;;;;140;07/06/2023;20:37:12;27.49;;;;
141;08/06/2023;20:33:06;27.11;;;;141;07/06/2023;20:37:31;27.55;;;;141;07/06/2023;20:38:12;27.47;;;;
142;08/06/2023;20:34:06;27.12;;;;142;07/06/2023;20:38:31;27.5;;;;142;07/06/2023;20:39:12;27.44;;;;
143;08/06/2023;20:35:06;27.09;;;;143;07/06/2023;20:39:31;27.44;;;;143;07/06/2023;20:40:12;27.41;;;;
144;08/06/2023;20:36:06;27.09;;;;144;07/06/2023;20:40:31;27.4;;;;144;07/06/2023;20:41:12;27.38;;;;
145;08/06/2023;20:37:06;27.1;;;;145;07/06/2023;20:41:31;27.35;;;;145;07/06/2023;20:42:12;27.38;;;;
146;08/06/2023;20:38:06;27.09;;;;146;07/06/2023;20:42:32;27.36;;;;146;07/06/2023;20:43:11;27.37;;;;
147;08/06/2023;20:39:06;27.11;;;;147;07/06/2023;20:43:32;27.34;;;;147;07/06/2023;20:44:11;27.38;;;;
148;08/06/2023;20:40:06;27.1;;;;148;07/06/2023;20:44:32;27.34;;;;148;07/06/2023;20:45:11;27.34;;;;
149;08/06/2023;20:41:06;27.1;;;;149;07/06/2023;20:45:32;27.32;;;;149;07/06/2023;20:46:11;27.35;;;;
150;08/06/2023;20:42:06;27.1;;;;150;07/06/2023;20:46:32;27.34;;;;150;07/06/2023;20:47:11;27.35;;;;
151;08/06/2023;20:43:06;27.09;;;;151;07/06/2023;20:47:32;27.34;;;;151;07/06/2023;20:48:11;27.32;;;;
152;08/06/2023;20:44:06;27.08;;;;152;07/06/2023;20:48:32;27.35;;;;152;07/06/2023;20:49:11;27.33;;;;
153;08/06/2023;20:45:06;27.09;;;;153;07/06/2023;20:49:32;27.34;;;;153;07/06/2023;20:50:10;27.34;;;;
154;08/06/2023;20:46:06;27.08;;;;154;07/06/2023;20:50:32;27.34;;;;154;07/06/2023;20:51:10;27.32;;;;
155;08/06/2023;20:47:06;27.09;;;;155;07/06/2023;20:51:32;27.34;;;;155;07/06/2023;20:52:10;27.34;;;;
156;08/06/2023;20:48:06;27.08;Synchronized;;;156;07/06/2023;20:52:32;27.36;;;;156;07/06/2023;20:53:10;27.35;;;;
157;08/06/2023;20:49:06;27.09;;;;157;07/06/2023;20:53:32;27.32;;;;157;07/06/2023;20:54:10;27.35;;;;
158;08/06/2023;20:50:06;27.08;;;;158;07/06/2023;20:54:33;27.34;;;;158;07/06/2023;20:55:10;27.36;;;;
159;08/06/2023;20:51:06;27.07;;;;159;07/06/2023;20:55:33;27.33;;;;159;07/06/2023;20:56:10;27.34;;;;
160;08/06/2023;20:52:06;27.08;;;;160;07/06/2023;20:56:33;27.34;;;;160;07/06/2023;20:57:09;27.34;;;;
161;08/06/2023;20:53:06;27.09;;;;161;07/06/2023;20:57:33;27.33;;;;161;07/06/2023;20:58:09;27.34;;;;
162;08/06/2023;20:54:06;27.09;;;;162;07/06/2023;20:58:33;27.32;;;;162;07/06/2023;20:59:09;27.34;;;;
163;08/06/2023;20:55:06;27.08;;;;163;07/06/2023;20:59:33;27.3;;;;163;07/06/2023;21:00:09;27.34;;;;
164;08/06/2023;20:56:06;27.09;;;;164;07/06/2023;21:00:33;27.29;;;;164;07/06/2023;21:01:09;27.32;;;;
165;08/06/2023;20:57:06;27.06;;;;165;07/06/2023;21:01:33;27.27;;;;165;07/06/2023;21:02:09;27.34;;;;
166;08/06/2023;20:58:06;27.09;;;;166;07/06/2023;21:02:33;27.28;;;;166;07/06/2023;21:03:09;27.34;;;;
167;08/06/2023;20:59:06;27.09;;;;167;07/06/2023;21:03:33;27.25;;;;167;07/06/2023;21:04:08;27.31;;;;
168;08/06/2023;21:00:06;27.06;;;;168;07/06/2023;21:04:33;27.25;;;;168;07/06/2023;21:05:08;27.3;;;;
169;08/06/2023;21:01:06;27.07;;;;169;07/06/2023;21:05:34;27.27;;;;169;07/06/2023;21:06:08;27.27;;;;
170;08/06/2023;21:02:06;27.06;;;;170;07/06/2023;21:06:34;27.23;;;;170;07/06/2023;21:07:08;27.28;;;;
171;08/06/2023;21:03:06;27.06;;;;171;07/06/2023;21:07:34;27.22;;;;171;07/06/2023;21:08:08;27.26;;;;
172;08/06/2023;21:04:06;27.09;;;;172;07/06/2023;21:08:34;27.23;;;;172;07/06/2023;21:09:08;27.26;;;;
173;08/06/2023;21:05:06;27.07;;;;173;07/06/2023;21:09:34;27.19;;;;173;07/06/2023;21:10:08;27.23;;;;
174;08/06/2023;21:06:06;27.05;;;;174;07/06/2023;21:10:34;27.2;;;;174;07/06/2023;21:11:07;27.21;;;;
175;08/06/2023;21:07:06;27.07;;;;175;07/06/2023;21:11:34;27.18;;;;175;07/06/2023;21:12:07;27.22;;;;
176;08/06/2023;21:08:06;27.06;;;;176;07/06/2023;21:12:34;27.16;;;;176;07/06/2023;21:13:07;27.2;;;;
177;08/06/2023;21:09:06;27.05;;;;177;07/06/2023;21:13:34;27.16;;;;177;07/06/2023;21:14:07;27.2;;;;
178;08/06/2023;21:10:06;27.04;;;;178;07/06/2023;21:14:34;27.16;;;;178;07/06/2023;21:15:07;27.2;;;;
179;08/06/2023;21:11:06;27.05;;;;179;07/06/2023;21:15:34;27.13;;;;179;07/06/2023;21:16:07;27.17;;;;
180;08/06/2023;21:12:06;27.04;;;;180;07/06/2023;21:16:35;27.12;;;;180;07/06/2023;21:17:07;27.19;;;;
181;08/06/2023;21:13:06;27.05;;;;181;07/06/2023;21:17:35;27.12;;;;181;07/06/2023;21:18:06;27.2;;;;
182;08/06/2023;21:14:06;27.04;;;;182;07/06/2023;21:18:35;27.13;;;;182;07/06/2023;21:19:06;27.16;;;;
183;08/06/2023;21:15:06;27.05;;;;183;07/06/2023;21:19:35;27.1;;;;183;07/06/2023;21:20:06;27.16;;;;
184;08/06/2023;21:16:06;27.05;;;;184;07/06/2023;21:20:35;27.12;;;;184;07/06/2023;21:21:06;27.14;;;;
185;08/06/2023;21:17:06;27.05;;;;185;07/06/2023;21:21:35;27.12;;;;185;07/06/2023;21:22:06;27.15;;;;
186;08/06/2023;21:18:06;27.04;;;;186;07/06/2023;21:22:35;27.11;;;;186;07/06/2023;21:23:06;27.17;;;;
187;08/06/2023;21:19:06;27.03;;;;187;07/06/2023;21:23:35;27.11;;;;187;07/06/2023;21:24:06;27.13;;;;
188;08/06/2023;21:20:06;27.03;;;;188;07/06/2023;21:24:35;27.09;Synchronized;;;188;07/06/2023;21:25:05;27.13;;;;
189;08/06/2023;21:21:06;27.03;;;;189;07/06/2023;21:25:35;27.1;;;;189;07/06/2023;21:26:05;27.12;;;;
190;08/06/2023;21:22:06;27.03;;;;190;07/06/2023;21:26:36;27.1;;;;190;07/06/2023;21:27:05;27.11;;;;
191;08/06/2023;21:23:06;27.03;;;;191;07/06/2023;21:27:36;27.08;;;;191;07/06/2023;21:28:05;27.11;;;;
192;08/06/2023;21:24:06;27.02;;;;192;07/06/2023;21:28:36;27.07;;;;192;07/06/2023;21:29:05;27.09;;;;
193;08/06/2023;21:25:06;27.02;Synchronized;;;193;07/06/2023;21:29:36;27.08;;;;193;07/06/2023;21:30:05;27.08;;;;
194;08/06/2023;21:26:06;27.02;;;;194;07/06/2023;21:30:36;27.05;;;;194;07/06/2023;21:31:05;27.06;;;;
195;08/06/2023;21:27:06;26.99;;;;195;07/06/2023;21:31:36;27.04;;;;195;07/06/2023;21:32:05;27.08;;;;
196;08/06/2023;21:28:06;27.02;;;;196;07/06/2023;21:32:36;27.05;;;;196;07/06/2023;21:33:04;27.07;;;;
197;08/06/2023;21:29:06;27.02;;;;197;07/06/2023;21:33:36;27.03;;;;197;07/06/2023;21:34:04;27.05;;;;
198;08/06/2023;21:30:06;27.01;;;;198;07/06/2023;21:34:36;27.02;;;;198;07/06/2023;21:35:04;27.05;;;;
199;08/06/2023;21:31:06;27.01;;;;199;07/06/2023;21:35:36;27.01;;;;199;07/06/2023;21:36:04;27.05;;;;
200;08/06/2023;21:32:06;26.99;;;;200;07/06/2023;21:36:36;27.03;;;;200;07/06/2023;21:37:04;27.02;;;;
201;08/06/2023;21:33:06;27.02;;;;201;07/06/2023;21:37:37;26.99;;;;201;07/06/2023;21:38:04;27.02;;;;
202;08/06/2023;21:34:06;26.99;;;;202;07/06/2023;21:38:37;27;;;;202;07/06/2023;21:39:04;27.02;;;;
203;08/06/2023;21:35:06;26.98;;;;203;07/06/2023;21:39:37;27;;;;203;07/06/2023;21:40:04;26.99;;;;
204;08/06/2023;21:36:06;26.98;;;;204;07/06/2023;21:40:37;26.99;;;;204;07/06/2023;21:41:03;27;;;;
205;08/06/2023;21:37:06;26.95;;;;205;07/06/2023;21:41:37;26.98;;;;205;07/06/2023;21:42:03;27.01;;;;
206;08/06/2023;21:38:06;26.98;;;;206;07/06/2023;21:42:37;26.99;;;;206;07/06/2023;21:43:03;26.99;;;;
207;08/06/2023;21:39:06;26.98;;;;207;07/06/2023;21:43:37;26.97;;;;207;07/06/2023;21:44:03;26.98;;;;
208;08/06/2023;21:40:06;26.98;;;;208;07/06/2023;21:44:37;26.95;;;;208;07/06/2023;21:45:03;26.99;;;;
209;08/06/2023;21:41:07;26.97;;;;209;07/06/2023;21:45:37;26.97;;;;209;07/06/2023;21:46:03;26.97;;;;
210;08/06/2023;21:42:07;26.96;;;;210;07/06/2023;21:46:37;26.98;;;;210;07/06/2023;21:47:03;26.98;;;;
211;08/06/2023;21:43:07;26.96;;;;211;07/06/2023;21:47:37;26.95;;;;211;07/06/2023;21:48:03;26.98;;;;
212;08/06/2023;21:44:07;26.95;;;;212;07/06/2023;21:48:38;26.96;;;;212;07/06/2023;21:49:02;26.96;;;;
213;08/06/2023;21:45:07;26.96;;;;213;07/06/2023;21:49:38;26.95;Synchronized;;;213;07/06/2023;21:50:02;26.95;;;;
214;08/06/2023;21:46:07;26.97;;;;214;07/06/2023;21:50:38;26.93;;;;214;07/06/2023;21:51:02;26.95;;;;
215;08/06/2023;21:47:07;26.97;;;;215;07/06/2023;21:51:38;26.91;;;;215;07/06/2023;21:52:02;26.93;;;;
216;08/06/2023;21:48:07;26.97;;;;216;07/06/2023;21:52:38;26.91;;;;216;07/06/2023;21:53:02;26.93;;;;
217;08/06/2023;21:49:07;26.97;;;;217;07/06/2023;21:53:38;26.91;;;;217;07/06/2023;21:54:02;26.91;;;;
218;08/06/2023;21:50:07;26.95;;;;218;07/06/2023;21:54:38;26.9;;;;218;07/06/2023;21:55:02;26.91;;;;
219;08/06/2023;21:51:07;26.93;;;;219;07/06/2023;21:55:38;26.92;;;;219;07/06/2023;21:56:02;26.93;;;;
220;08/06/2023;21:52:07;26.95;;;;220;07/06/2023;21:56:38;26.91;;;;220;07/06/2023;21:57:02;26.93;;;;
221;08/06/2023;21:53:07;26.94;;;;221;07/06/2023;21:57:38;26.92;;;;221;07/06/2023;21:58:01;26.91;;;;
222;08/06/2023;21:54:07;26.95;;;;222;07/06/2023;21:58:38;26.9;;;;222;07/06/2023;21:59:01;26.91;;;;
223;08/06/2023;21:55:07;26.95;;;;223;07/06/2023;21:59:38;26.91;;;;223;07/06/2023;22:00:01;26.91;;;;
224;08/06/2023;21:56:07;26.95;;;;224;07/06/2023;22:00:38;26.91;;;;224;07/06/2023;22:01:01;26.91;;;;
225;08/06/2023;21:57:07;26.96;;;;225;07/06/2023;22:01:38;26.89;;;;225;07/06/2023;22:02:01;26.91;;;;
226;08/06/2023;21:58:07;26.95;;;;226;07/06/2023;22:02:38;26.9;;;;226;07/06/2023;22:03:01;26.92;;;;
227;08/06/2023;21:59:07;26.93;;;;227;07/06/2023;22:03:38;26.91;;;;227;07/06/2023;22:04:01;26.92;;;;
228;08/06/2023;22:00:07;26.94;;;;228;07/06/2023;22:04:39;26.89;;;;228;07/06/2023;22:05:01;26.91;;;;
229;08/06/2023;22:01:07;26.92;;;;229;07/06/2023;22:05:39;26.89;;;;229;07/06/2023;22:06:01;26.91;;;;
230;08/06/2023;22:02:07;26.95;;;;230;07/06/2023;22:06:39;26.89;;;;230;07/06/2023;22:07:01;26.91;;;;
231;08/06/2023;22:03:07;26.94;;;;231;07/06/2023;22:07:39;26.9;;;;231;07/06/2023;22:08:00;26.9;;;;
232;08/06/2023;22:04:07;26.92;;;;232;07/06/2023;22:08:39;26.89;;;;232;07/06/2023;22:09:00;26.91;;;;
233;08/06/2023;22:05:07;26.93;;;;233;07/06/2023;22:09:39;26.89;;;;233;07/06/2023;22:10:00;26.91;;;;
234;08/06/2023;22:06:07;26.92;;;;234;07/06/2023;22:10:39;26.91;;;;234;07/06/2023;22:11:00;26.91;;;;
235;08/06/2023;22:07:07;26.91;;;;235;07/06/2023;22:11:39;26.89;;;;235;07/06/2023;22:12:00;26.91;;;;
236;08/06/2023;22:08:07;26.91;;;;236;07/06/2023;22:12:39;26.89;;;;236;07/06/2023;22:13:00;26.91;;;;
237;08/06/2023;22:09:07;26.92;;;;237;07/06/2023;22:13:39;26.89;;;;237;07/06/2023;22:14:00;26.91;;;;
238;08/06/2023;22:10:07;26.92;;;;238;07/06/2023;22:14:39;26.88;;;;238;07/06/2023;22:15:00;26.91;;;;
239;08/06/2023;22:11:07;26.92;;;;239;07/06/2023;22:15:39;26.88;;;;239;07/06/2023;22:16:00;26.9;;;;
240;08/06/2023;22:12:07;26.91;;;;240;07/06/2023;22:16:40;26.86;;;;240;07/06/2023;22:16:59;26.89;;;;
241;08/06/2023;22:13:07;26.91;;;;241;07/06/2023;22:17:40;26.88;;;;241;07/06/2023;22:17:59;26.91;;;;
242;08/06/2023;22:14:07;26.91;;;;242;07/06/2023;22:18:40;26.87;;;;242;07/06/2023;22:18:59;26.89;;;;
243;08/06/2023;22:15:07;26.91;;;;243;07/06/2023;22:19:40;26.88;;;;243;07/06/2023;22:19:59;26.91;;;;
244;08/06/2023;22:16:07;26.92;;;;244;07/06/2023;22:20:40;26.87;;;;244;07/06/2023;22:20:59;26.89;;;;
245;08/06/2023;22:17:07;26.91;;;;245;07/06/2023;22:21:40;26.87;;;;245;07/06/2023;22:21:59;26.88;;;;
246;08/06/2023;22:18:07;26.93;;;;246;07/06/2023;22:22:40;26.86;;;;246;07/06/2023;22:22:59;26.87;;;;
247;08/06/2023;22:19:07;26.92;;;;247;07/06/2023;22:23:40;26.85;;;;247;07/06/2023;22:23:59;26.88;;;;
248;08/06/2023;22:20:07;26.92;;;;248;07/06/2023;22:24:41;26.86;;;;248;07/06/2023;22:24:59;26.87;;;;
249;08/06/2023;22:21:07;26.9;;;;249;07/06/2023;22:25:41;26.85;;;;249;07/06/2023;22:25:59;26.87;;;;
250;08/06/2023;22:22:07;26.91;;;;250;07/06/2023;22:26:41;26.84;;;;250;07/06/2023;22:26:59;26.87;Synchronized;;;
251;08/06/2023;22:23:07;26.9;;;;251;07/06/2023;22:27:41;26.85;;;;251;07/06/2023;22:27:58;26.85;;;;
252;08/06/2023;22:24:07;26.88;;;;252;07/06/2023;22:28:41;26.84;;;;252;07/06/2023;22:28:58;26.85;;;;
253;08/06/2023;22:25:07;26.87;;;;253;07/06/2023;22:29:41;26.82;;;;253;07/06/2023;22:29:58;26.86;;;;
254;08/06/2023;22:26:07;26.88;;;;254;07/06/2023;22:30:41;26.83;;;;254;07/06/2023;22:30:58;26.87;;;;
255;08/06/2023;22:27:07;26.86;;;;255;07/06/2023;22:31:41;26.83;;;;255;07/06/2023;22:31:58;26.86;;;;
256;08/06/2023;22:28:07;26.87;;;;256;07/06/2023;22:32:41;26.84;;;;256;07/06/2023;22:32:58;26.85;;;;
257;08/06/2023;22:29:07;26.87;;;;257;07/06/2023;22:33:41;26.84;;;;257;07/06/2023;22:33:58;26.84;;;;
258;08/06/2023;22:30:07;26.86;;;;258;07/06/2023;22:34:41;26.82;;;;258;07/06/2023;22:34:58;26.85;;;;
259;08/06/2023;22:31:07;26.86;;;;259;07/06/2023;22:35:41;26.84;;;;259;07/06/2023;22:35:58;26.85;;;;
260;08/06/2023;22:32:07;26.89;;;;260;07/06/2023;22:36:41;26.82;;;;260;07/06/2023;22:36:58;26.84;;;;
261;08/06/2023;22:33:07;26.87;;;;261;07/06/2023;22:37:41;26.83;;;;261;07/06/2023;22:37:58;26.87;;;;
262;08/06/2023;22:34:07;26.84;;;;262;07/06/2023;22:38:41;26.8;;;;262;07/06/2023;22:38:57;26.83;;;;
263;08/06/2023;22:35:07;26.86;;;;263;07/06/2023;22:39:41;26.82;;;;263;07/06/2023;22:39:57;26.83;;;;
264;08/06/2023;22:36:07;26.84;;;;264;07/06/2023;22:40:41;26.82;;;;264;07/06/2023;22:40:57;26.81;;;;
265;08/06/2023;22:37:07;26.85;;;;265;07/06/2023;22:41:41;26.8;;;;265;07/06/2023;22:41:57;26.83;;;;
266;08/06/2023;22:38:07;26.84;;;;266;07/06/2023;22:42:41;26.8;;;;266;07/06/2023;22:42:57;26.8;;;;
267;08/06/2023;22:39:07;26.84;;;;267;07/06/2023;22:43:41;26.79;;;;267;07/06/2023;22:43:57;26.83;;;;
268;08/06/2023;22:40:07;26.84;;;;268;07/06/2023;22:44:41;26.79;;;;268;07/06/2023;22:44:57;26.81;;;;
269;08/06/2023;22:41:07;26.83;;;;269;07/06/2023;22:45:41;26.77;;;;269;07/06/2023;22:45:57;26.79;;;;
270;08/06/2023;22:42:07;26.83;;;;270;07/06/2023;22:46:41;26.79;;;;270;07/06/2023;22:46:57;26.8;;;;
271;08/06/2023;22:43:07;26.83;;;;271;07/06/2023;22:47:41;26.78;;;;271;07/06/2023;22:47:56;26.79;;;;
272;08/06/2023;22:44:07;26.83;;;;272;07/06/2023;22:48:41;26.77;;;;272;07/06/2023;22:48:56;26.78;;;;
273;08/06/2023;22:45:07;26.82;;;;273;07/06/2023;22:49:41;26.77;;;;273;07/06/2023;22:49:56;26.78;;;;
274;08/06/2023;22:46:07;26.83;;;;274;07/06/2023;22:50:41;26.78;;;;274;07/06/2023;22:50:56;26.77;;;;
275;08/06/2023;22:47:07;26.81;;;;275;07/06/2023;22:51:41;26.77;;;;275;07/06/2023;22:51:56;26.8;;;;
276;08/06/2023;22:48:07;26.83;;;;276;07/06/2023;22:52:41;26.77;;;;276;07/06/2023;22:52:56;26.8;;;;
277;08/06/2023;22:49:07;26.82;;;;277;07/06/2023;22:53:41;26.76;;;;277;07/06/2023;22:53:56;26.77;;;;
278;08/06/2023;22:50:07;26.83;;;;278;07/06/2023;22:54:41;26.77;;;;278;07/06/2023;22:54:56;26.78;;;;
279;08/06/2023;22:51:07;26.84;;;;279;07/06/2023;22:55:41;26.77;;;;279;07/06/2023;22:55:56;26.78;;;;
280;08/06/2023;22:52:07;26.82;;;;280;07/06/2023;22:56:41;26.77;;;;280;07/06/2023;22:56:56;26.77;;;;
281;08/06/2023;22:53:07;26.81;;;;281;07/06/2023;22:57:41;26.76;;;;281;07/06/2023;22:57:55;26.78;;;;
282;08/06/2023;22:54:07;26.83;Synchronized;;;282;07/06/2023;22:58:41;26.75;;;;282;07/06/2023;22:58:55;26.76;;;;
283;08/06/2023;22:55:07;26.82;;;;283;07/06/2023;22:59:41;26.74;;;;283;07/06/2023;22:59:55;26.76;;;;
284;08/06/2023;22:56:07;26.81;;;;284;07/06/2023;23:00:41;26.74;;;;284;07/06/2023;23:00:55;26.77;Synchronized;;;
285;08/06/2023;22:57:07;26.8;;;;285;07/06/2023;23:01:41;26.76;;;;285;07/06/2023;23:01:55;26.76;;;;
286;08/06/2023;22:58:07;26.81;;;;286;07/06/2023;23:02:41;26.74;;;;286;07/06/2023;23:02:55;26.77;;;;
287;08/06/2023;22:59:07;26.79;;;;287;07/06/2023;23:03:41;26.73;;;;287;07/06/2023;23:03:55;26.76;;;;
288;08/06/2023;23:00:07;26.79;;;;288;07/06/2023;23:04:42;26.73;;;;288;07/06/2023;23:04:55;26.75;;;;
289;08/06/2023;23:01:07;26.8;;;;289;07/06/2023;23:05:41;26.73;;;;289;07/06/2023;23:05:55;26.75;;;;
290;08/06/2023;23:02:07;26.8;;;;290;07/06/2023;23:06:41;26.75;;;;290;07/06/2023;23:06:55;26.77;;;;
291;08/06/2023;23:03:07;26.8;;;;291;07/06/2023;23:07:41;26.73;;;;291;07/06/2023;23:07:55;26.74;;;;
292;08/06/2023;23:04:07;26.82;;;;292;07/06/2023;23:08:42;26.74;Synchronized;;;292;07/06/2023;23:08:54;26.75;;;;
293;08/06/2023;23:05:07;26.82;Synchronized;;;293;07/06/2023;23:09:42;26.74;;;;293;07/06/2023;23:09:55;26.76;;;;
294;08/06/2023;23:06:07;26.8;;;;294;07/06/2023;23:10:42;26.73;;;;294;07/06/2023;23:10:54;26.75;;;;
295;08/06/2023;23:07:07;26.8;;;;295;07/06/2023;23:11:42;26.73;Synchronized;;;295;07/06/2023;23:11:54;26.73;;;;
296;08/06/2023;23:08:07;26.8;;;;296;07/06/2023;23:12:41;26.73;;;;296;07/06/2023;23:12:54;26.73;;;;
297;08/06/2023;23:09:07;26.8;;;;297;07/06/2023;23:13:41;26.73;;;;297;07/06/2023;23:13:54;26.73;;;;
298;08/06/2023;23:10:07;26.79;;;;298;07/06/2023;23:14:41;26.72;;;;298;07/06/2023;23:14:54;26.73;;;;
299;08/06/2023;23:11:07;26.8;;;;299;07/06/2023;23:15:41;26.72;;;;299;07/06/2023;23:15:54;26.73;;;;
300;08/06/2023;23:12:07;26.79;;;;300;07/06/2023;23:16:41;26.69;;;;300;07/06/2023;23:16:54;26.7;;;;
301;08/06/2023;23:13:07;26.78;;;;301;07/06/2023;23:17:41;26.71;;;;301;07/06/2023;23:17:54;26.71;;;;
302;08/06/2023;23:14:07;26.79;;;;302;07/06/2023;23:18:41;26.7;;;;302;07/06/2023;23:18:54;26.7;;;;
303;08/06/2023;23:15:07;26.79;;;;303;07/06/2023;23:19:41;26.69;;;;303;07/06/2023;23:19:54;26.71;;;;
304;08/06/2023;23:16:07;26.77;;;;304;07/06/2023;23:20:41;26.7;;;;304;07/06/2023;23:20:53;26.7;;;;
305;08/06/2023;23:17:07;26.78;;;;305;07/06/2023;23:21:41;26.7;;;;305;07/06/2023;23:21:53;26.72;;;;
306;08/06/2023;23:18:07;26.79;;;;306;07/06/2023;23:22:41;26.68;;;;306;07/06/2023;23:22:53;26.72;;;;
307;08/06/2023;23:19:07;26.77;;;;307;07/06/2023;23:23:41;26.68;;;;307;07/06/2023;23:23:53;26.69;;;;
308;08/06/2023;23:20:07;26.78;;;;308;07/06/2023;23:24:41;26.65;;;;308;07/06/2023;23:24:53;26.68;;;;
309;08/06/2023;23:21:07;26.77;;;;309;07/06/2023;23:25:41;26.68;;;;309;07/06/2023;23:25:53;26.65;;;;
310;08/06/2023;23:22:07;26.78;;;;310;07/06/2023;23:26:41;26.68;;;;310;07/06/2023;23:26:53;26.67;;;;
311;08/06/2023;23:23:07;26.79;;;;311;07/06/2023;23:27:41;26.65;;;;311;07/06/2023;23:27:53;26.68;;;;
312;08/06/2023;23:24:07;26.77;;;;312;07/06/2023;23:28:41;26.67;;;;312;07/06/2023;23:28:53;26.67;;;;
313;08/06/2023;23:25:07;26.75;;;;313;07/06/2023;23:29:41;26.66;;;;313;07/06/2023;23:29:53;26.66;;;;
314;08/06/2023;23:26:07;26.77;;;;314;07/06/2023;23:30:41;26.66;;;;314;07/06/2023;23:30:53;26.7;;;;
315;08/06/2023;23:27:07;26.77;;;;315;07/06/2023;23:31:41;26.67;;;;315;07/06/2023;23:31:52;26.66;;;;
316;08/06/2023;23:28:07;26.75;;;;316;07/06/2023;23:32:41;26.66;;;;316;07/06/2023;23:32:52;26.67;;;;
317;08/06/2023;23:29:07;26.77;;;;317;07/06/2023;23:33:41;26.66;;;;317;07/06/2023;23:33:52;26.66;;;;
318;08/06/2023;23:30:07;26.74;;;;318;07/06/2023;23:34:41;26.66;;;;318;07/06/2023;23:34:52;26.67;;;;
319;08/06/2023;23:31:07;26.75;;;;319;07/06/2023;23:35:41;26.64;;;;319;07/06/2023;23:35:52;26.66;;;;
320;08/06/2023;23:32:07;26.74;;;;320;07/06/2023;23:36:41;26.64;;;;320;07/06/2023;23:36:52;26.63;;;;
321;08/06/2023;23:33:07;26.74;;;;321;07/06/2023;23:37:41;26.64;;;;321;07/06/2023;23:37:52;26.65;;;;
322;08/06/2023;23:34:07;26.73;;;;322;07/06/2023;23:38:40;26.65;;;;322;07/06/2023;23:38:52;26.63;;;;
323;08/06/2023;23:35:07;26.74;;;;323;07/06/2023;23:39:41;26.63;;;;323;07/06/2023;23:39:52;26.64;;;;
324;08/06/2023;23:36:07;26.75;;;;324;07/06/2023;23:40:41;26.63;;;;324;07/06/2023;23:40:52;26.63;;;;
325;08/06/2023;23:37:07;26.75;;;;325;07/06/2023;23:41:41;26.63;;;;325;07/06/2023;23:41:52;26.65;;;;
326;08/06/2023;23:38:07;26.73;;;;326;07/06/2023;23:42:41;26.63;;;;326;07/06/2023;23:42:51;26.62;;;;
327;08/06/2023;23:39:07;26.74;;;;327;07/06/2023;23:43:41;26.65;;;;327;07/06/2023;23:43:51;26.61;;;;
328;08/06/2023;23:40:07;26.73;;;;328;07/06/2023;23:44:41;26.63;;;;328;07/06/2023;23:44:51;26.62;;;;
329;08/06/2023;23:41:07;26.73;;;;329;07/06/2023;23:45:41;26.63;;;;329;07/06/2023;23:45:51;26.62;;;;
330;08/06/2023;23:42:07;26.73;;;;330;07/06/2023;23:46:41;26.62;;;;330;07/06/2023;23:46:51;26.62;;;;
331;08/06/2023;23:43:07;26.7;;;;331;07/06/2023;23:47:41;26.63;;;;331;07/06/2023;23:47:51;26.6;;;;
332;08/06/2023;23:44:08;26.71;;;;332;07/06/2023;23:48:41;26.63;;;;332;07/06/2023;23:48:51;26.63;;;;
333;08/06/2023;23:45:08;26.73;;;;333;07/06/2023;23:49:41;26.63;;;;333;07/06/2023;23:49:51;26.63;;;;
334;08/06/2023;23:46:08;26.7;;;;334;07/06/2023;23:50:41;26.61;;;;334;07/06/2023;23:50:51;26.62;;;;
335;08/06/2023;23:47:08;26.72;;;;335;07/06/2023;23:51:41;26.61;;;;335;07/06/2023;23:51:51;26.61;;;;
336;08/06/2023;23:48:08;26.71;;;;336;07/06/2023;23:52:41;26.63;;;;336;07/06/2023;23:52:51;26.61;;;;
337;08/06/2023;23:49:08;26.73;;;;337;07/06/2023;23:53:40;26.61;;;;337;07/06/2023;23:53:50;26.6;;;;
338;08/06/2023;23:50:08;26.7;;;;338;07/06/2023;23:54:40;26.63;;;;338;07/06/2023;23:54:50;26.6;;;;
339;08/06/2023;23:51:08;26.71;;;;339;07/06/2023;23:55:40;26.61;;;;339;07/06/2023;23:55:50;26.6;;;;
340;08/06/2023;23:52:08;26.73;;;;340;07/06/2023;23:56:40;26.59;;;;340;07/06/2023;23:56:50;26.61;;;;
341;08/06/2023;23:53:08;26.71;;;;341;07/06/2023;23:57:40;26.6;;;;341;07/06/2023;23:57:50;26.62;;;;
342;08/06/2023;23:54:08;26.7;;;;342;07/06/2023;23:58:40;26.61;;;;342;07/06/2023;23:58:50;26.6;;;;
343;08/06/2023;23:55:08;26.71;;;;343;07/06/2023;23:59:40;26.6;Synchronized;;;343;07/06/2023;23:59:50;26.59;;;;
344;08/06/2023;23:56:08;26.7;;;;344;08/06/2023;00:00:40;26.59;;;;344;08/06/2023;00:00:50;26.59;;;;
345;08/06/2023;23:57:08;26.71;;;;345;08/06/2023;00:01:40;26.57;;;;345;08/06/2023;00:01:50;26.59;;;;
346;08/06/2023;23:58:08;26.7;;;;346;08/06/2023;00:02:40;26.61;;;;346;08/06/2023;00:02:50;26.59;;;;
347;08/06/2023;23:59:08;26.7;;;;347;08/06/2023;00:03:40;26.57;;;;347;08/06/2023;00:03:50;26.59;;;;
348;09/06/2023;00:00:08;26.68;;;;348;08/06/2023;00:04:40;26.6;;;;348;08/06/2023;00:04:50;26.59;;;;
349;09/06/2023;00:01:08;26.7;;;;349;08/06/2023;00:05:40;26.59;;;;349;08/06/2023;00:05:50;26.59;;;;
350;09/06/2023;00:02:08;26.7;;;;350;08/06/2023;00:06:40;26.59;;;;350;08/06/2023;00:06:49;26.59;;;;
351;09/06/2023;00:03:08;26.68;;;;351;08/06/2023;00:07:40;26.57;;;;351;08/06/2023;00:07:49;26.55;;;;
352;09/06/2023;00:04:08;26.71;;;;352;08/06/2023;00:08:40;26.6;;;;352;08/06/2023;00:08:49;26.59;;;;
353;09/06/2023;00:05:08;26.7;;;;353;08/06/2023;00:09:40;26.59;;;;353;08/06/2023;00:09:49;26.57;;;;
354;09/06/2023;00:06:08;26.7;;;;354;08/06/2023;00:10:40;26.57;;;;354;08/06/2023;00:10:49;26.56;;;;
355;09/06/2023;00:07:08;26.7;;;;355;08/06/2023;00:11:40;26.59;;;;355;08/06/2023;00:11:49;26.59;;;;
356;09/06/2023;00:08:08;26.68;;;;356;08/06/2023;00:12:40;26.59;;;;356;08/06/2023;00:12:49;26.57;;;;
357;09/06/2023;00:09:08;26.68;;;;357;08/06/2023;00:13:40;26.57;;;;357;08/06/2023;00:13:49;26.55;;;;
358;09/06/2023;00:10:08;26.67;;;;358;08/06/2023;00:14:40;26.57;;;;358;08/06/2023;00:14:49;26.55;;;;
359;09/06/2023;00:11:08;26.69;;;;359;08/06/2023;00:15:40;26.56;;;;359;08/06/2023;00:15:49;26.55;;;;
360;09/06/2023;00:12:08;26.7;;;;360;08/06/2023;00:16:40;26.56;;;;360;08/06/2023;00:16:49;26.55;;;;
361;09/06/2023;00:13:08;26.68;;;;361;08/06/2023;00:17:40;26.59;;;;361;08/06/2023;00:17:49;26.56;;;;
362;09/06/2023;00:14:08;26.69;;;;362;08/06/2023;00:18:40;26.56;;;;362;08/06/2023;00:18:49;26.56;;;;
363;09/06/2023;00:15:08;26.69;;;;363;08/06/2023;00:19:40;26.56;;;;363;08/06/2023;00:19:49;26.53;;;;
364;09/06/2023;00:16:08;26.69;;;;364;08/06/2023;00:20:40;26.55;;;;364;08/06/2023;00:20:48;26.55;;;;
365;09/06/2023;00:17:08;26.66;;;;365;08/06/2023;00:21:40;26.56;;;;365;08/06/2023;00:21:48;26.55;;;;
366;09/06/2023;00:18:08;26.68;;;;366;08/06/2023;00:22:40;26.55;;;;366;08/06/2023;00:22:48;26.54;Synchronized;;;
367;09/06/2023;00:19:08;26.68;;;;367;08/06/2023;00:23:40;26.56;;;;367;08/06/2023;00:23:48;26.53;;;;
368;09/06/2023;00:20:08;26.68;;;;368;08/06/2023;00:24:40;26.54;;;;368;08/06/2023;00:24:48;26.53;;;;
369;09/06/2023;00:21:08;26.67;;;;369;08/06/2023;00:25:40;26.54;;;;369;08/06/2023;00:25:48;26.52;;;;
370;09/06/2023;00:22:08;26.67;;;;370;08/06/2023;00:26:40;26.55;;;;370;08/06/2023;00:26:48;26.52;;;;
371;09/06/2023;00:23:08;26.69;;;;371;08/06/2023;00:27:40;26.54;;;;371;08/06/2023;00:27:48;26.51;;;;
372;09/06/2023;00:24:08;26.68;;;;372;08/06/2023;00:28:40;26.51;;;;372;08/06/2023;00:28:48;26.52;;;;
373;09/06/2023;00:25:08;26.69;;;;373;08/06/2023;00:29:40;26.53;;;;373;08/06/2023;00:29:48;26.5;;;;
374;09/06/2023;00:26:08;26.68;;;;374;08/06/2023;00:30:40;26.52;;;;374;08/06/2023;00:30:48;26.51;;;;
375;09/06/2023;00:27:08;26.66;;;;375;08/06/2023;00:31:40;26.53;;;;375;08/06/2023;00:31:48;26.48;;;;
376;09/06/2023;00:28:08;26.65;;;;376;08/06/2023;00:32:40;26.52;;;;376;08/06/2023;00:32:48;26.51;;;;
377;09/06/2023;00:29:08;26.66;;;;377;08/06/2023;00:33:40;26.51;;;;377;08/06/2023;00:33:48;26.49;;;;
378;09/06/2023;00:30:08;26.66;;;;378;08/06/2023;00:34:40;26.5;;;;378;08/06/2023;00:34:47;26.48;;;;
379;09/06/2023;00:31:08;26.69;;;;379;08/06/2023;00:35:40;26.52;;;;379;08/06/2023;00:35:47;26.5;;;;
380;09/06/2023;00:32:08;26.66;;;;380;08/06/2023;00:36:40;26.52;;;;380;08/06/2023;00:36:47;26.5;;;;
381;09/06/2023;00:33:08;26.66;;;;381;08/06/2023;00:37:40;26.51;;;;381;08/06/2023;00:37:47;26.48;;;;
382;09/06/2023;00:34:08;26.66;;;;382;08/06/2023;00:38:40;26.5;;;;382;08/06/2023;00:38:47;26.5;;;;
383;09/06/2023;00:35:08;26.66;;;;383;08/06/2023;00:39:40;26.51;;;;383;08/06/2023;00:39:47;26.48;;;;
384;09/06/2023;00:36:08;26.66;;;;384;08/06/2023;00:40:40;26.51;;;;384;08/06/2023;00:40:47;26.48;;;;
385;09/06/2023;00:37:08;26.65;;;;385;08/06/2023;00:41:40;26.52;;;;385;08/06/2023;00:41:47;26.48;;;;
386;09/06/2023;00:38:08;26.66;;;;386;08/06/2023;00:42:40;26.52;;;;386;08/06/2023;00:42:47;26.48;;;;
387;09/06/2023;00:39:08;26.65;;;;387;08/06/2023;00:43:40;26.51;;;;387;08/06/2023;00:43:47;26.47;;;;
388;09/06/2023;00:40:08;26.66;;;;388;08/06/2023;00:44:39;26.51;;;;388;08/06/2023;00:44:47;26.47;;;;
389;09/06/2023;00:41:08;26.66;;;;389;08/06/2023;00:45:39;26.5;;;;389;08/06/2023;00:45:47;26.47;;;;
390;09/06/2023;00:42:08;26.64;;;;390;08/06/2023;00:46:39;26.51;;;;390;08/06/2023;00:46:47;26.46;;;;
391;09/06/2023;00:43:09;26.66;;;;391;08/06/2023;00:47:39;26.5;;;;391;08/06/2023;00:47:46;26.47;;;;
392;09/06/2023;00:44:09;26.65;;;;392;08/06/2023;00:48:39;26.48;;;;392;08/06/2023;00:48:46;26.47;;;;
393;09/06/2023;00:45:09;26.66;;;;393;08/06/2023;00:49:39;26.48;;;;393;08/06/2023;00:49:46;26.46;;;;
394;09/06/2023;00:46:09;26.64;;;;394;08/06/2023;00:50:39;26.46;;;;394;08/06/2023;00:50:46;26.45;;;;
395;09/06/2023;00:47:09;26.65;;;;395;08/06/2023;00:51:39;26.48;;;;395;08/06/2023;00:51:46;26.46;;;;
396;09/06/2023;00:48:09;26.65;;;;396;08/06/2023;00:52:39;26.49;;;;396;08/06/2023;00:52:46;26.43;;;;
397;09/06/2023;00:49:09;26.65;;;;397;08/06/2023;00:53:39;26.46;;;;397;08/06/2023;00:53:46;26.43;;;;
398;09/06/2023;00:50:09;26.66;;;;398;08/06/2023;00:54:39;26.47;;;;398;08/06/2023;00:54:46;26.41;;;;
399;09/06/2023;00:51:09;26.65;;;;399;08/06/2023;00:55:39;26.45;;;;399;08/06/2023;00:55:46;26.4;;;;
400;09/06/2023;00:52:09;26.64;;;;400;08/06/2023;00:56:39;26.47;;;;400;08/06/2023;00:56:46;26.38;Synchronized;;;
401;09/06/2023;00:53:09;26.64;;;;401;08/06/2023;00:57:39;26.41;;;;401;08/06/2023;00:57:46;26.38;;;;
402;09/06/2023;00:54:09;26.63;;;;402;08/06/2023;00:58:39;26.41;;;;402;08/06/2023;00:58:46;26.4;;;;
403;09/06/2023;00:55:09;26.62;;;;403;08/06/2023;00:59:39;26.41;;;;403;08/06/2023;00:59:46;26.38;;;;
404;09/06/2023;00:56:09;26.63;;;;404;08/06/2023;01:00:39;26.41;;;;404;08/06/2023;01:00:46;26.38;;;;
405;09/06/2023;00:57:09;26.63;;;;405;08/06/2023;01:01:39;26.41;;;;405;08/06/2023;01:01:45;26.37;;;;
406;09/06/2023;00:58:09;26.63;;;;406;08/06/2023;01:02:39;26.39;;;;406;08/06/2023;01:02:45;26.37;;;;
407;09/06/2023;00:59:09;26.6;;;;407;08/06/2023;01:03:39;26.41;;;;407;08/06/2023;01:03:45;26.35;;;;
408;09/06/2023;01:00:09;26.63;;;;408;08/06/2023;01:04:39;26.4;;;;408;08/06/2023;01:04:45;26.37;;;;
409;09/06/2023;01:01:09;26.61;;;;409;08/06/2023;01:05:38;26.39;;;;409;08/06/2023;01:05:45;26.38;;;;
410;09/06/2023;01:02:09;26.59;;;;410;08/06/2023;01:06:38;26.41;;;;410;08/06/2023;01:06:45;26.38;;;;
411;09/06/2023;01:03:09;26.61;;;;411;08/06/2023;01:07:38;26.39;;;;411;08/06/2023;01:07:45;26.37;;;;
412;09/06/2023;01:04:09;26.6;;;;412;08/06/2023;01:08:38;26.41;;;;412;08/06/2023;01:08:45;26.38;;;;
413;09/06/2023;01:05:09;26.57;;;;413;08/06/2023;01:09:38;26.41;;;;413;08/06/2023;01:09:45;26.36;;;;
414;09/06/2023;01:06:09;26.58;;;;414;08/06/2023;01:10:38;26.41;;;;414;08/06/2023;01:10:45;26.36;;;;
415;09/06/2023;01:07:09;26.6;;;;415;08/06/2023;01:11:38;26.4;;;;415;08/06/2023;01:11:45;26.37;;;;
416;09/06/2023;01:08:09;26.59;;;;416;08/06/2023;01:12:38;26.4;;;;416;08/06/2023;01:12:45;26.35;;;;
417;09/06/2023;01:09:09;26.59;;;;417;08/06/2023;01:13:38;26.4;;;;417;08/06/2023;01:13:45;26.37;;;;
418;09/06/2023;01:10:09;26.58;;;;418;08/06/2023;01:14:38;26.41;;;;418;08/06/2023;01:14:45;26.37;;;;
419;09/06/2023;01:11:09;26.58;;;;419;08/06/2023;01:15:38;26.42;;;;419;08/06/2023;01:15:45;26.38;;;;
420;09/06/2023;01:12:09;26.59;;;;420;08/06/2023;01:16:38;26.41;;;;420;08/06/2023;01:16:45;26.37;;;;
421;09/06/2023;01:13:09;26.57;;;;421;08/06/2023;01:17:38;26.42;;;;421;08/06/2023;01:17:45;26.37;;;;
422;09/06/2023;01:14:09;26.59;;;;422;08/06/2023;01:18:38;26.41;;;;422;08/06/2023;01:18:44;26.38;;;;
423;09/06/2023;01:15:09;26.57;;;;423;08/06/2023;01:19:38;26.41;;;;423;08/06/2023;01:19:44;26.37;;;;
424;09/06/2023;01:16:09;26.57;;;;424;08/06/2023;01:20:38;26.41;;;;424;08/06/2023;01:20:44;26.36;;;;
425;09/06/2023;01:17:09;26.56;;;;425;08/06/2023;01:21:38;26.42;;;;425;08/06/2023;01:21:44;26.37;;;;
426;09/06/2023;01:18:10;26.56;;;;426;08/06/2023;01:22:38;26.41;;;;426;08/06/2023;01:22:44;26.37;;;;
427;09/06/2023;01:19:10;26.54;;;;427;08/06/2023;01:23:38;26.41;;;;427;08/06/2023;01:23:44;26.35;;;;
428;09/06/2023;01:20:10;26.53;;;;428;08/06/2023;01:24:38;26.41;;;;428;08/06/2023;01:24:44;26.36;;;;
429;09/06/2023;01:21:10;26.5;;;;429;08/06/2023;01:25:38;26.43;;;;429;08/06/2023;01:25:44;26.35;;;;
430;09/06/2023;01:22:10;26.52;Synchronized;;;430;08/06/2023;01:26:38;26.43;;;;430;08/06/2023;01:26:44;26.33;;;;
431;09/06/2023;01:23:10;26.5;;;;431;08/06/2023;01:27:38;26.42;;;;431;08/06/2023;01:27:44;26.35;;;;
432;09/06/2023;01:24:10;26.49;;;;432;08/06/2023;01:28:38;26.41;;;;432;08/06/2023;01:28:44;26.36;;;;
433;09/06/2023;01:25:10;26.49;;;;433;08/06/2023;01:29:38;26.41;;;;433;08/06/2023;01:29:44;26.37;;;;
434;09/06/2023;01:26:10;26.48;;;;434;08/06/2023;01:30:37;26.4;;;;434;08/06/2023;01:30:44;26.34;;;;
435;09/06/2023;01:27:10;26.49;;;;435;08/06/2023;01:31:37;26.41;;;;435;08/06/2023;01:31:44;26.34;;;;
436;09/06/2023;01:28:10;26.48;;;;436;08/06/2023;01:32:37;26.4;;;;436;08/06/2023;01:32:44;26.36;;;;
437;09/06/2023;01:29:10;26.48;;;;437;08/06/2023;01:33:37;26.41;;;;437;08/06/2023;01:33:44;26.36;;;;
438;09/06/2023;01:30:10;26.49;;;;438;08/06/2023;01:34:37;26.42;;;;438;08/06/2023;01:34:44;26.35;;;;
439;09/06/2023;01:31:10;26.49;;;;439;08/06/2023;01:35:37;26.41;;;;439;08/06/2023;01:35:44;26.36;;;;
440;09/06/2023;01:32:10;26.49;;;;440;08/06/2023;01:36:37;26.41;;;;440;08/06/2023;01:36:43;26.33;;;;
441;09/06/2023;01:33:10;26.52;;;;441;08/06/2023;01:37:37;26.41;;;;441;08/06/2023;01:37:43;26.35;;;;
442;09/06/2023;01:34:10;26.49;;;;442;08/06/2023;01:38:37;26.41;;;;442;08/06/2023;01:38:43;26.36;;;;
443;09/06/2023;01:35:10;26.47;;;;443;08/06/2023;01:39:37;26.4;;;;443;08/06/2023;01:39:43;26.35;;;;
444;09/06/2023;01:36:10;26.47;;;;444;08/06/2023;01:40:37;26.41;;;;444;08/06/2023;01:40:43;26.34;;;;
445;09/06/2023;01:37:10;26.47;;;;445;08/06/2023;01:41:37;26.41;;;;445;08/06/2023;01:41:43;26.35;;;;
446;09/06/2023;01:38:10;26.46;;;;446;08/06/2023;01:42:37;26.41;;;;446;08/06/2023;01:42:43;26.36;;;;
447;09/06/2023;01:39:10;26.46;;;;447;08/06/2023;01:43:37;26.42;;;;447;08/06/2023;01:43:43;26.36;;;;
448;09/06/2023;01:40:10;26.45;;;;448;08/06/2023;01:44:37;26.42;;;;448;08/06/2023;01:44:43;26.36;;;;
449;09/06/2023;01:41:10;26.46;;;;449;08/06/2023;01:45:37;26.41;;;;449;08/06/2023;01:45:43;26.34;Synchronized;;;
450;09/06/2023;01:42:10;26.43;;;;450;08/06/2023;01:46:37;26.4;;;;450;08/06/2023;01:46:43;26.35;;;;
451;09/06/2023;01:43:10;26.43;;;;451;08/06/2023;01:47:37;26.4;;;;451;08/06/2023;01:47:43;26.35;;;;
452;09/06/2023;01:44:10;26.45;;;;452;08/06/2023;01:48:37;26.38;;;;452;08/06/2023;01:48:43;26.34;;;;
453;09/06/2023;01:45:10;26.45;;;;453;08/06/2023;01:49:37;26.38;;;;453;08/06/2023;01:49:43;26.35;;;;
454;09/06/2023;01:46:10;26.44;;;;454;08/06/2023;01:50:37;26.39;;;;454;08/06/2023;01:50:43;26.33;;;;
455;09/06/2023;01:47:10;26.44;;;;455;08/06/2023;01:51:37;26.38;;;;455;08/06/2023;01:51:43;26.35;;;;
456;09/06/2023;01:48:10;26.45;;;;456;08/06/2023;01:52:37;26.39;;;;456;08/06/2023;01:52:42;26.35;;;;
457;09/06/2023;01:49:10;26.44;;;;457;08/06/2023;01:53:37;26.4;;;;457;08/06/2023;01:53:42;26.34;;;;
458;09/06/2023;01:50:10;26.44;;;;458;08/06/2023;01:54:36;26.4;;;;458;08/06/2023;01:54:42;26.34;;;;
459;09/06/2023;01:51:10;26.45;;;;459;08/06/2023;01:55:36;26.39;;;;459;08/06/2023;01:55:42;26.34;;;;
460;09/06/2023;01:52:10;26.44;;;;460;08/06/2023;01:56:36;26.38;;;;460;08/06/2023;01:56:42;26.35;;;;
461;09/06/2023;01:53:11;26.45;;;;461;08/06/2023;01:57:36;26.38;;;;461;08/06/2023;01:57:42;26.36;;;;
462;09/06/2023;01:54:11;26.44;;;;462;08/06/2023;01:58:36;26.39;;;;462;08/06/2023;01:58:42;26.33;;;;
463;09/06/2023;01:55:11;26.45;;;;463;08/06/2023;01:59:36;26.4;;;;463;08/06/2023;01:59:42;26.33;;;;
464;09/06/2023;01:56:11;26.44;;;;464;08/06/2023;02:00:36;26.38;;;;464;08/06/2023;02:00:42;26.36;;;;
465;09/06/2023;01:57:11;26.45;;;;465;08/06/2023;02:01:36;26.4;;;;465;08/06/2023;02:01:42;26.34;;;;
466;09/06/2023;01:58:11;26.43;;;;466;08/06/2023;02:02:36;26.4;;;;466;08/06/2023;02:02:42;26.35;;;;
467;09/06/2023;01:59:11;26.45;;;;467;08/06/2023;02:03:36;26.39;;;;467;08/06/2023;02:03:42;26.35;;;;
468;09/06/2023;02:00:11;26.44;;;;468;08/06/2023;02:04:36;26.39;;;;468;08/06/2023;02:04:42;26.38;;;;
469;09/06/2023;02:01:11;26.43;;;;469;08/06/2023;02:05:36;26.38;;;;469;08/06/2023;02:05:42;26.38;;;;
470;09/06/2023;02:02:11;26.43;;;;470;08/06/2023;02:06:36;26.39;Synchronized;;;470;08/06/2023;02:06:42;26.36;;;;
471;09/06/2023;02:03:11;26.43;;;;471;08/06/2023;02:07:36;26.4;;;;471;08/06/2023;02:07:41;26.37;;;;
472;09/06/2023;02:04:11;26.43;;;;472;08/06/2023;02:08:36;26.38;;;;472;08/06/2023;02:08:41;26.35;;;;
473;09/06/2023;02:05:11;26.42;;;;473;08/06/2023;02:09:36;26.41;;;;473;08/06/2023;02:09:41;26.35;;;;
474;09/06/2023;02:06:11;26.41;;;;474;08/06/2023;02:10:36;26.38;;;;474;08/06/2023;02:10:41;26.34;;;;
475;09/06/2023;02:07:11;26.43;;;;475;08/06/2023;02:11:36;26.37;;;;475;08/06/2023;02:11:41;26.33;;;;
476;09/06/2023;02:08:11;26.41;;;;476;08/06/2023;02:12:36;26.37;;;;476;08/06/2023;02:12:41;26.32;;;;
477;09/06/2023;02:09:11;26.42;;;;477;08/06/2023;02:13:36;26.37;;;;477;08/06/2023;02:13:41;26.3;;;;
478;09/06/2023;02:10:11;26.41;;;;478;08/06/2023;02:14:36;26.37;;;;478;08/06/2023;02:14:41;26.33;;;;
479;09/06/2023;02:11:11;26.41;;;;479;08/06/2023;02:15:36;26.41;;;;479;08/06/2023;02:15:41;26.35;;;;
480;09/06/2023;02:12:11;26.41;;;;480;08/06/2023;02:16:36;26.41;;;;480;08/06/2023;02:16:41;26.33;;;;
481;09/06/2023;02:13:11;26.44;;;;481;08/06/2023;02:17:36;26.38;;;;481;08/06/2023;02:17:41;26.34;;;;
482;09/06/2023;02:14:11;26.4;;;;482;08/06/2023;02:18:35;26.38;;;;482;08/06/2023;02:18:41;26.34;;;;
483;09/06/2023;02:15:11;26.41;;;;483;08/06/2023;02:19:35;26.37;;;;483;08/06/2023;02:19:41;26.34;;;;
484;09/06/2023;02:16:11;26.41;;;;484;08/06/2023;02:20:35;26.38;;;;484;08/06/2023;02:20:41;26.32;;;;
485;09/06/2023;02:17:11;26.42;;;;485;08/06/2023;02:21:35;26.39;;;;485;08/06/2023;02:21:41;26.33;;;;
486;09/06/2023;02:18:11;26.41;;;;486;08/06/2023;02:22:35;26.38;;;;486;08/06/2023;02:22:40;26.32;;;;
487;09/06/2023;02:19:11;26.42;;;;487;08/06/2023;02:23:35;26.38;;;;487;08/06/2023;02:23:40;26.3;;;;
488;09/06/2023;02:20:11;26.39;;;;488;08/06/2023;02:24:35;26.36;;;;488;08/06/2023;02:24:40;26.3;;;;
489;09/06/2023;02:21:12;26.41;;;;489;08/06/2023;02:25:35;26.36;;;;489;08/06/2023;02:25:40;26.31;;;;
490;09/06/2023;02:22:12;26.4;;;;490;08/06/2023;02:26:35;26.38;;;;490;08/06/2023;02:26:40;26.33;;;;
491;09/06/2023;02:23:12;26.4;;;;491;08/06/2023;02:27:35;26.37;;;;491;08/06/2023;02:27:40;26.3;;;;
492;09/06/2023;02:24:12;26.39;;;;492;08/06/2023;02:28:35;26.36;;;;492;08/06/2023;02:28:40;26.3;;;;
493;09/06/2023;02:25:12;26.41;;;;493;08/06/2023;02:29:35;26.35;;;;493;08/06/2023;02:29:40;26.29;;;;
494;09/06/2023;02:26:12;26.38;;;;494;08/06/2023;02:30:35;26.37;;;;494;08/06/2023;02:30:40;26.3;;;;
495;09/06/2023;02:27:12;26.39;;;;495;08/06/2023;02:31:35;26.35;;;;495;08/06/2023;02:31:40;26.3;;;;
496;09/06/2023;02:28:12;26.38;;;;496;08/06/2023;02:32:35;26.35;;;;496;08/06/2023;02:32:40;26.3;;;;
497;09/06/2023;02:29:12;26.41;;;;497;08/06/2023;02:33:35;26.36;;;;497;08/06/2023;02:33:40;26.3;;;;
498;09/06/2023;02:30:12;26.39;;;;498;08/06/2023;02:34:35;26.37;;;;498;08/06/2023;02:34:40;26.29;;;;
499;09/06/2023;02:31:12;26.39;;;;499;08/06/2023;02:35:35;26.38;;;;499;08/06/2023;02:35:40;26.28;;;;
500;09/06/2023;02:32:12;26.4;;;;500;08/06/2023;02:36:35;26.38;;;;500;08/06/2023;02:36:40;26.29;;;;
501;09/06/2023;02:33:12;26.39;;;;501;08/06/2023;02:37:35;26.38;;;;501;08/06/2023;02:37:40;26.31;;;;
502;09/06/2023;02:34:12;26.38;;;;502;08/06/2023;02:38:35;26.38;;;;502;08/06/2023;02:38:40;26.3;;;;
503;09/06/2023;02:35:12;26.38;;;;503;08/06/2023;02:39:35;26.38;;;;503;08/06/2023;02:39:39;26.3;;;;
504;09/06/2023;02:36:12;26.39;;;;504;08/06/2023;02:40:35;26.38;;;;504;08/06/2023;02:40:39;26.32;;;;
505;09/06/2023;02:37:12;26.38;;;;505;08/06/2023;02:41:35;26.38;;;;505;08/06/2023;02:41:39;26.32;;;;
506;09/06/2023;02:38:12;26.37;;;;506;08/06/2023;02:42:35;26.38;;;;506;08/06/2023;02:42:39;26.32;;;;
507;09/06/2023;02:39:12;26.39;;;;507;08/06/2023;02:43:34;26.38;;;;507;08/06/2023;02:43:39;26.33;Synchronized;;;
508;09/06/2023;02:40:12;26.39;;;;508;08/06/2023;02:44:34;26.37;;;;508;08/06/2023;02:44:39;26.3;;;;
509;09/06/2023;02:41:12;26.39;;;;509;08/06/2023;02:45:34;26.37;;;;509;08/06/2023;02:45:39;26.31;;;;
510;09/06/2023;02:42:12;26.4;;;;510;08/06/2023;02:46:34;26.37;;;;510;08/06/2023;02:46:39;26.3;;;;
511;09/06/2023;02:43:12;26.39;;;;511;08/06/2023;02:47:34;26.38;;;;511;08/06/2023;02:47:39;26.31;;;;
512;09/06/2023;02:44:12;26.39;;;;512;08/06/2023;02:48:34;26.35;;;;512;08/06/2023;02:48:39;26.29;;;;
513;09/06/2023;02:45:12;26.38;;;;513;08/06/2023;02:49:34;26.35;;;;513;08/06/2023;02:49:39;26.3;;;;
514;09/06/2023;02:46:12;26.37;;;;514;08/06/2023;02:50:34;26.35;;;;514;08/06/2023;02:50:39;26.27;;;;
515;09/06/2023;02:47:13;26.36;;;;515;08/06/2023;02:51:34;26.33;;;;515;08/06/2023;02:51:39;26.3;;;;
516;09/06/2023;02:48:13;26.37;;;;516;08/06/2023;02:52:34;26.33;;;;516;08/06/2023;02:52:39;26.3;;;;
517;09/06/2023;02:49:13;26.39;;;;517;08/06/2023;02:53:34;26.35;;;;517;08/06/2023;02:53:39;26.3;;;;
518;09/06/2023;02:50:13;26.38;;;;518;08/06/2023;02:54:34;26.33;;;;518;08/06/2023;02:54:39;26.27;;;;
519;09/06/2023;02:51:13;26.36;;;;519;08/06/2023;02:55:34;26.32;;;;519;08/06/2023;02:55:39;26.27;;;;
520;09/06/2023;02:52:13;26.37;;;;520;08/06/2023;02:56:34;26.33;;;;520;08/06/2023;02:56:39;26.27;;;;
521;09/06/2023;02:53:13;26.39;;;;521;08/06/2023;02:57:34;26.33;;;;521;08/06/2023;02:57:38;26.26;;;;
522;09/06/2023;02:54:13;26.37;;;;522;08/06/2023;02:58:34;26.31;;;;522;08/06/2023;02:58:38;26.27;;;;
523;09/06/2023;02:55:13;26.37;;;;523;08/06/2023;02:59:34;26.32;;;;523;08/06/2023;02:59:38;26.27;;;;
524;09/06/2023;02:56:13;26.38;;;;524;08/06/2023;03:00:34;26.33;;;;524;08/06/2023;03:00:38;26.26;;;;
525;09/06/2023;02:57:13;26.37;;;;525;08/06/2023;03:01:34;26.34;;;;525;08/06/2023;03:01:38;26.26;;;;
526;09/06/2023;02:58:13;26.36;;;;526;08/06/2023;03:02:34;26.32;;;;526;08/06/2023;03:02:38;26.27;;;;
527;09/06/2023;02:59:13;26.35;;;;527;08/06/2023;03:03:34;26.32;;;;527;08/06/2023;03:03:38;26.25;;;;
528;09/06/2023;03:00:13;26.37;;;;528;08/06/2023;03:04:34;26.32;;;;528;08/06/2023;03:04:38;26.24;;;;
529;09/06/2023;03:01:13;26.38;;;;529;08/06/2023;03:05:34;26.3;;;;529;08/06/2023;03:05:38;26.26;;;;
530;09/06/2023;03:02:13;26.37;;;;530;08/06/2023;03:06:34;26.32;;;;530;08/06/2023;03:06:38;26.26;;;;
531;09/06/2023;03:03:13;26.36;;;;531;08/06/2023;03:07:33;26.3;;;;531;08/06/2023;03:07:38;26.27;;;;
532;09/06/2023;03:04:13;26.35;;;;532;08/06/2023;03:08:33;26.3;;;;532;08/06/2023;03:08:38;26.26;Synchronized;;;
533;09/06/2023;03:05:13;26.35;Synchronized;;;533;08/06/2023;03:09:33;26.31;;;;533;08/06/2023;03:09:38;26.27;;;;
534;09/06/2023;03:06:13;26.36;;;;534;08/06/2023;03:10:33;26.32;;;;534;08/06/2023;03:10:38;26.25;;;;
535;09/06/2023;03:07:13;26.35;;;;535;08/06/2023;03:11:33;26.31;;;;535;08/06/2023;03:11:38;26.26;;;;
536;09/06/2023;03:08:13;26.36;;;;536;08/06/2023;03:12:33;26.31;;;;536;08/06/2023;03:12:38;26.25;;;;
537;09/06/2023;03:09:13;26.36;;;;537;08/06/2023;03:13:33;26.31;;;;537;08/06/2023;03:13:38;26.25;;;;
538;09/06/2023;03:10:13;26.36;;;;538;08/06/2023;03:14:33;26.3;;;;538;08/06/2023;03:14:37;26.23;;;;
539;09/06/2023;03:11:13;26.35;;;;539;08/06/2023;03:15:33;26.31;;;;539;08/06/2023;03:15:37;26.25;;;;
540;09/06/2023;03:12:13;26.35;;;;540;08/06/2023;03:16:33;26.3;;;;540;08/06/2023;03:16:37;26.27;Synchronized;;;
541;09/06/2023;03:13:13;26.37;;;;541;08/06/2023;03:17:33;26.3;;;;541;08/06/2023;03:17:37;26.25;;;;
542;09/06/2023;03:14:13;26.36;;;;542;08/06/2023;03:18:33;26.29;;;;542;08/06/2023;03:18:37;26.25;;;;
543;09/06/2023;03:15:13;26.35;;;;543;08/06/2023;03:19:33;26.29;;;;543;08/06/2023;03:19:37;26.23;;;;
544;09/06/2023;03:16:13;26.36;;;;544;08/06/2023;03:20:33;26.3;;;;544;08/06/2023;03:20:37;26.24;;;;
545;09/06/2023;03:17:13;26.35;;;;545;08/06/2023;03:21:33;26.29;;;;545;08/06/2023;03:21:37;26.24;;;;
546;09/06/2023;03:18:13;26.34;;;;546;08/06/2023;03:22:33;26.3;;;;546;08/06/2023;03:22:37;26.22;;;;
547;09/06/2023;03:19:13;26.36;;;;547;08/06/2023;03:23:33;26.27;;;;547;08/06/2023;03:23:37;26.23;;;;
548;09/06/2023;03:20:13;26.37;;;;548;08/06/2023;03:24:33;26.26;;;;548;08/06/2023;03:24:37;26.23;;;;
549;09/06/2023;03:21:13;26.37;;;;549;08/06/2023;03:25:33;26.26;;;;549;08/06/2023;03:25:37;26.23;;;;
550;09/06/2023;03:22:13;26.36;;;;550;08/06/2023;03:26:33;26.28;;;;550;08/06/2023;03:26:37;26.2;;;;
551;09/06/2023;03:23:13;26.35;;;;551;08/06/2023;03:27:33;26.25;;;;551;08/06/2023;03:27:37;26.2;;;;
552;09/06/2023;03:24:13;26.35;;;;552;08/06/2023;03:28:32;26.25;;;;552;08/06/2023;03:28:37;26.2;;;;
553;09/06/2023;03:25:13;26.34;;;;553;08/06/2023;03:29:32;26.25;;;;553;08/06/2023;03:29:37;26.2;;;;
554;09/06/2023;03:26:13;26.36;;;;554;08/06/2023;03:30:32;26.23;;;;554;08/06/2023;03:30:37;26.23;;;;
555;09/06/2023;03:27:13;26.34;;;;555;08/06/2023;03:31:32;26.26;;;;555;08/06/2023;03:31:37;26.22;;;;
556;09/06/2023;03:28:13;26.35;;;;556;08/06/2023;03:32:32;26.26;;;;556;08/06/2023;03:32:36;26.2;;;;
557;09/06/2023;03:29:13;26.36;;;;557;08/06/2023;03:33:32;26.26;;;;557;08/06/2023;03:33:36;26.2;;;;
558;09/06/2023;03:30:13;26.34;;;;558;08/06/2023;03:34:32;26.23;;;;558;08/06/2023;03:34:36;26.2;;;;
559;09/06/2023;03:31:13;26.34;;;;559;08/06/2023;03:35:32;26.25;;;;559;08/06/2023;03:35:36;26.2;;;;
560;09/06/2023;03:32:13;26.34;;;;560;08/06/2023;03:36:32;26.23;;;;560;08/06/2023;03:36:36;26.2;;;;
561;09/06/2023;03:33:13;26.35;;;;561;08/06/2023;03:37:32;26.21;;;;561;08/06/2023;03:37:36;26.19;;;;
562;09/06/2023;03:34:13;26.34;;;;562;08/06/2023;03:38:32;26.2;;;;562;08/06/2023;03:38:36;26.16;;;;
563;09/06/2023;03:35:13;26.35;;;;563;08/06/2023;03:39:32;26.21;;;;563;08/06/2023;03:39:36;26.17;Synchronized;;;
564;09/06/2023;03:36:13;26.34;;;;564;08/06/2023;03:40:32;26.2;;;;564;08/06/2023;03:40:36;26.19;;;;
565;09/06/2023;03:37:13;26.33;;;;565;08/06/2023;03:41:32;26.21;;;;565;08/06/2023;03:41:36;26.19;;;;
566;09/06/2023;03:38:14;26.34;;;;566;08/06/2023;03:42:32;26.23;;;;566;08/06/2023;03:42:36;26.17;;;;
567;09/06/2023;03:39:14;26.35;;;;567;08/06/2023;03:43:32;26.23;;;;567;08/06/2023;03:43:36;26.19;;;;
568;09/06/2023;03:40:14;26.33;;;;568;08/06/2023;03:44:32;26.23;;;;568;08/06/2023;03:44:36;26.17;;;;
569;09/06/2023;03:41:14;26.36;;;;569;08/06/2023;03:45:32;26.23;;;;569;08/06/2023;03:45:35;26.18;;;;
570;09/06/2023;03:42:14;26.34;;;;570;08/06/2023;03:46:32;26.21;;;;570;08/06/2023;03:46:35;26.17;;;;
571;09/06/2023;03:43:14;26.35;;;;571;08/06/2023;03:47:32;26.26;;;;571;08/06/2023;03:47:35;26.19;;;;
572;09/06/2023;03:44:14;26.36;;;;572;08/06/2023;03:48:32;26.23;;;;572;08/06/2023;03:48:35;26.16;;;;
573;09/06/2023;03:45:14;26.35;;;;573;08/06/2023;03:49:32;26.23;;;;573;08/06/2023;03:49:35;26.18;;;;
574;09/06/2023;03:46:14;26.37;;;;574;08/06/2023;03:50:32;26.23;;;;574;08/06/2023;03:50:35;26.18;;;;
575;09/06/2023;03:47:14;26.34;;;;575;08/06/2023;03:51:32;26.26;;;;575;08/06/2023;03:51:35;26.16;;;;
576;09/06/2023;03:48:14;26.34;;;;576;08/06/2023;03:52:32;26.24;;;;576;08/06/2023;03:52:35;26.17;;;;
577;09/06/2023;03:49:14;26.34;;;;577;08/06/2023;03:53:32;26.25;;;;577;08/06/2023;03:53:35;26.17;;;;
578;09/06/2023;03:50:14;26.34;;;;578;08/06/2023;03:54:32;26.23;;;;578;08/06/2023;03:54:35;26.18;;;;
579;09/06/2023;03:51:14;26.36;;;;579;08/06/2023;03:55:32;26.23;;;;579;08/06/2023;03:55:35;26.16;;;;
580;09/06/2023;03:52:14;26.36;;;;580;08/06/2023;03:56:32;26.24;;;;580;08/06/2023;03:56:35;26.18;;;;
581;09/06/2023;03:53:14;26.34;;;;581;08/06/2023;03:57:32;26.24;;;;581;08/06/2023;03:57:35;26.18;;;;
582;09/06/2023;03:54:14;26.36;;;;582;08/06/2023;03:58:31;26.25;;;;582;08/06/2023;03:58:35;26.2;;;;
583;09/06/2023;03:55:14;26.35;;;;583;08/06/2023;03:59:31;26.24;;;;583;08/06/2023;03:59:35;26.17;;;;
584;09/06/2023;03:56:14;26.36;;;;584;08/06/2023;04:00:31;26.23;;;;584;08/06/2023;04:00:35;26.16;;;;
585;09/06/2023;03:57:14;26.36;;;;585;08/06/2023;04:01:31;26.21;;;;585;08/06/2023;04:01:35;26.16;;;;
586;09/06/2023;03:58:14;26.37;;;;586;08/06/2023;04:02:31;26.23;;;;586;08/06/2023;04:02:34;26.16;;;;
587;09/06/2023;03:59:14;26.35;;;;587;08/06/2023;04:03:31;26.21;;;;587;08/06/2023;04:03:34;26.16;;;;
588;09/06/2023;04:00:14;26.36;;;;588;08/06/2023;04:04:31;26.23;;;;588;08/06/2023;04:04:34;26.16;;;;
589;09/06/2023;04:01:14;26.37;;;;589;08/06/2023;04:05:31;26.23;;;;589;08/06/2023;04:05:34;26.17;;;;
590;09/06/2023;04:02:14;26.35;;;;590;08/06/2023;04:06:31;26.23;;;;590;08/06/2023;04:06:34;26.16;;;;
591;09/06/2023;04:03:14;26.35;;;;591;08/06/2023;04:07:31;26.21;;;;591;08/06/2023;04:07:34;26.18;Synchronized;;;
592;09/06/2023;04:04:14;26.35;;;;592;08/06/2023;04:08:31;26.23;;;;592;08/06/2023;04:08:34;26.16;;;;
593;09/06/2023;04:05:14;26.34;;;;593;08/06/2023;04:09:31;26.21;;;;593;08/06/2023;04:09:34;26.16;;;;
594;09/06/2023;04:06:14;26.38;;;;594;08/06/2023;04:10:31;26.21;;;;594;08/06/2023;04:10:34;26.16;;;;
595;09/06/2023;04:07:14;26.34;;;;595;08/06/2023;04:11:31;26.2;;;;595;08/06/2023;04:11:34;26.16;;;;
596;09/06/2023;04:08:14;26.35;;;;596;08/06/2023;04:12:31;26.2;;;;596;08/06/2023;04:12:34;26.15;;;;
597;09/06/2023;04:09:14;26.35;;;;597;08/06/2023;04:13:31;26.23;;;;597;08/06/2023;04:13:34;26.16;;;;
598;09/06/2023;04:10:14;26.36;;;;598;08/06/2023;04:14:31;26.18;;;;598;08/06/2023;04:14:34;26.16;;;;
599;09/06/2023;04:11:14;26.36;Synchronized;;;599;08/06/2023;04:15:31;26.21;;;;599;08/06/2023;04:15:33;26.15;;;;
600;09/06/2023;04:12:14;26.34;;;;600;08/06/2023;04:16:31;26.23;;;;600;08/06/2023;04:16:33;26.13;;;;
601;09/06/2023;04:13:14;26.35;Synchronized;;;601;08/06/2023;04:17:31;26.2;;;;601;08/06/2023;04:17:33;26.13;;;;
602;09/06/2023;04:14:14;26.34;;;;602;08/06/2023;04:18:31;26.2;;;;602;08/06/2023;04:18:33;26.15;;;;
603;09/06/2023;04:15:14;26.35;;;;603;08/06/2023;04:19:31;26.18;;;;603;08/06/2023;04:19:33;26.16;;;;
604;09/06/2023;04:16:14;26.34;;;;604;08/06/2023;04:20:31;26.16;;;;604;08/06/2023;04:20:33;26.13;;;;
605;09/06/2023;04:17:14;26.34;;;;605;08/06/2023;04:21:31;26.16;;;;605;08/06/2023;04:21:33;26.13;;;;
606;09/06/2023;04:18:14;26.36;;;;606;08/06/2023;04:22:31;26.16;;;;606;08/06/2023;04:22:33;26.14;;;;
607;09/06/2023;04:19:14;26.35;;;;607;08/06/2023;04:23:31;26.16;;;;607;08/06/2023;04:23:33;26.14;;;;
608;09/06/2023;04:20:14;26.36;;;;608;08/06/2023;04:24:31;26.16;;;;608;08/06/2023;04:24:33;26.13;;;;
609;09/06/2023;04:21:14;26.34;;;;609;08/06/2023;04:25:31;26.18;;;;609;08/06/2023;04:25:33;26.13;;;;
610;09/06/2023;04:22:15;26.37;;;;610;08/06/2023;04:26:30;26.17;;;;610;08/06/2023;04:26:33;26.13;;;;
611;09/06/2023;04:23:15;26.35;;;;611;08/06/2023;04:27:30;26.18;;;;611;08/06/2023;04:27:33;26.11;;;;
612;09/06/2023;04:24:15;26.36;;;;612;08/06/2023;04:28:30;26.16;;;;612;08/06/2023;04:28:33;26.1;;;;
613;09/06/2023;04:25:15;26.34;;;;613;08/06/2023;04:29:30;26.16;;;;613;08/06/2023;04:29:33;26.11;;;;
614;09/06/2023;04:26:15;26.35;;;;614;08/06/2023;04:30:30;26.16;;;;614;08/06/2023;04:30:32;26.11;;;;
615;09/06/2023;04:27:15;26.34;;;;615;08/06/2023;04:31:30;26.14;;;;615;08/06/2023;04:31:32;26.11;;;;
616;09/06/2023;04:28:15;26.34;;;;616;08/06/2023;04:32:30;26.16;;;;616;08/06/2023;04:32:32;26.1;;;;
617;09/06/2023;04:29:15;26.36;;;;617;08/06/2023;04:33:30;26.13;;;;617;08/06/2023;04:33:32;26.07;;;;
618;09/06/2023;04:30:15;26.34;;;;618;08/06/2023;04:34:30;26.14;;;;618;08/06/2023;04:34:32;26.11;;;;
619;09/06/2023;04:31:15;26.34;;;;619;08/06/2023;04:35:30;26.14;;;;619;08/06/2023;04:35:32;26.1;;;;
620;09/06/2023;04:32:15;26.36;;;;620;08/06/2023;04:36:30;26.13;;;;620;08/06/2023;04:36:32;26.1;;;;
621;09/06/2023;04:33:15;26.36;;;;621;08/06/2023;04:37:30;26.13;;;;621;08/06/2023;04:37:32;26.07;;;;
622;09/06/2023;04:34:15;26.34;;;;622;08/06/2023;04:38:30;26.12;;;;622;08/06/2023;04:38:32;26.09;;;;
623;09/06/2023;04:35:15;26.34;;;;623;08/06/2023;04:39:30;26.14;;;;623;08/06/2023;04:39:32;26.1;;;;
624;09/06/2023;04:36:15;26.34;;;;624;08/06/2023;04:40:30;26.13;;;;624;08/06/2023;04:40:32;26.09;;;;
625;09/06/2023;04:37:15;26.34;Synchronized;;;625;08/06/2023;04:41:30;26.13;;;;625;08/06/2023;04:41:32;26.1;;;;
626;09/06/2023;04:38:15;26.34;;;;626;08/06/2023;04:42:30;26.13;;;;626;08/06/2023;04:42:32;26.09;;;;
627;09/06/2023;04:39:15;26.34;;;;627;08/06/2023;04:43:30;26.15;;;;627;08/06/2023;04:43:32;26.08;;;;
628;09/06/2023;04:40:15;26.34;;;;628;08/06/2023;04:44:30;26.14;;;;628;08/06/2023;04:44:32;26.09;;;;
629;09/06/2023;04:41:15;26.34;;;;629;08/06/2023;04:45:30;26.15;;;;629;08/06/2023;04:45:32;26.07;;;;
630;09/06/2023;04:42:15;26.33;;;;630;08/06/2023;04:46:30;26.14;;;;630;08/06/2023;04:46:31;26.1;;;;
631;09/06/2023;04:43:15;26.35;;;;631;08/06/2023;04:47:30;26.16;;;;631;08/06/2023;04:47:31;26.11;;;;
632;09/06/2023;04:44:15;26.34;;;;632;08/06/2023;04:48:30;26.14;;;;632;08/06/2023;04:48:31;26.09;;;;
633;09/06/2023;04:45:15;26.33;;;;633;08/06/2023;04:49:30;26.14;;;;633;08/06/2023;04:49:31;26.09;;;;
634;09/06/2023;04:46:15;26.33;;;;634;08/06/2023;04:50:30;26.13;;;;634;08/06/2023;04:50:31;26.09;;;;
635;09/06/2023;04:47:15;26.34;;;;635;08/06/2023;04:51:30;26.13;;;;635;08/06/2023;04:51:31;26.07;;;;
636;09/06/2023;04:48:15;26.33;;;;636;08/06/2023;04:52:30;26.13;;;;636;08/06/2023;04:52:31;26.07;;;;
637;09/06/2023;04:49:15;26.33;;;;637;08/06/2023;04:53:30;26.13;;;;637;08/06/2023;04:53:31;26.09;;;;
638;09/06/2023;04:50:15;26.31;;;;638;08/06/2023;04:54:30;26.09;;;;638;08/06/2023;04:54:31;26.07;;;;
639;09/06/2023;04:51:15;26.34;;;;639;08/06/2023;04:55:30;26.09;;;;639;08/06/2023;04:55:31;26.07;;;;
640;09/06/2023;04:52:15;26.33;;;;640;08/06/2023;04:56:30;26.07;;;;640;08/06/2023;04:56:31;26.06;;;;
641;09/06/2023;04:53:15;26.34;;;;641;08/06/2023;04:57:30;26.06;;;;641;08/06/2023;04:57:31;26.07;;;;
642;09/06/2023;04:54:15;26.33;;;;642;08/06/2023;04:58:29;26.08;;;;642;08/06/2023;04:58:31;26.07;;;;
643;09/06/2023;04:55:15;26.33;;;;643;08/06/2023;04:59:29;26.08;;;;643;08/06/2023;04:59:31;26.07;;;;
644;09/06/2023;04:56:15;26.33;;;;644;08/06/2023;05:00:29;26.06;;;;644;08/06/2023;05:00:31;26.07;;;;
645;09/06/2023;04:57:15;26.32;;;;645;08/06/2023;05:01:29;26.09;;;;645;08/06/2023;05:01:31;26.06;;;;
646;09/06/2023;04:58:15;26.34;;;;646;08/06/2023;05:02:29;26.1;;;;646;08/06/2023;05:02:31;26.05;Synchronized;;;
647;09/06/2023;04:59:15;26.3;;;;647;08/06/2023;05:03:29;26.13;;;;647;08/06/2023;05:03:30;26.04;;;;
648;09/06/2023;05:00:15;26.34;;;;648;08/06/2023;05:04:29;26.1;;;;648;08/06/2023;05:04:30;26.05;;;;
649;09/06/2023;05:01:16;26.33;Synchronized;;;649;08/06/2023;05:05:29;26.09;;;;649;08/06/2023;05:05:30;26.05;;;;
650;09/06/2023;05:02:16;26.32;;;;650;08/06/2023;05:06:29;26.11;;;;650;08/06/2023;05:06:30;26.02;;;;
651;09/06/2023;05:03:16;26.3;Synchronized;;;651;08/06/2023;05:07:29;26.11;;;;651;08/06/2023;05:07:30;26.03;;;;
652;09/06/2023;05:04:16;26.31;;;;652;08/06/2023;05:08:29;26.1;;;;652;08/06/2023;05:08:30;26.06;;;;
653;09/06/2023;05:05:16;26.31;;;;653;08/06/2023;05:09:29;26.09;;;;653;08/06/2023;05:09:30;26.04;;;;
654;09/06/2023;05:06:16;26.3;;;;654;08/06/2023;05:10:29;26.12;Synchronized;;;654;08/06/2023;05:10:30;26.02;;;;
655;09/06/2023;05:07:16;26.32;;;;655;08/06/2023;05:11:29;26.06;;;;655;08/06/2023;05:11:30;26.05;;;;
656;09/06/2023;05:08:16;26.3;;;;656;08/06/2023;05:12:29;26.1;;;;656;08/06/2023;05:12:30;26.04;;;;
657;09/06/2023;05:09:16;26.3;;;;657;08/06/2023;05:13:29;26.1;;;;657;08/06/2023;05:13:30;26.02;;;;
658;09/06/2023;05:10:16;26.31;;;;658;08/06/2023;05:14:29;26.11;;;;658;08/06/2023;05:14:29;26.05;;;;
659;09/06/2023;05:11:16;26.31;;;;659;08/06/2023;05:15:29;26.12;;;;659;08/06/2023;05:15:29;26.03;;;;
660;09/06/2023;05:12:16;26.33;;;;660;08/06/2023;05:16:29;26.12;;;;660;08/06/2023;05:16:29;26.01;;;;
661;09/06/2023;05:13:16;26.32;;;;661;08/06/2023;05:17:29;26.08;;;;661;08/06/2023;05:17:29;26.02;;;;
662;09/06/2023;05:14:16;26.32;;;;662;08/06/2023;05:18:29;26.1;;;;662;08/06/2023;05:18:29;26.02;;;;
663;09/06/2023;05:15:16;26.32;;;;663;08/06/2023;05:19:29;26.07;;;;663;08/06/2023;05:19:29;26;;;;
664;09/06/2023;05:16:16;26.32;;;;664;08/06/2023;05:20:29;26.08;;;;664;08/06/2023;05:20:29;26.02;;;;
665;09/06/2023;05:17:16;26.33;;;;665;08/06/2023;05:21:29;26.1;;;;665;08/06/2023;05:21:29;26.03;;;;
666;09/06/2023;05:18:16;26.3;;;;666;08/06/2023;05:22:29;26.07;;;;666;08/06/2023;05:22:29;26;;;;
667;09/06/2023;05:19:16;26.3;;;;667;08/06/2023;05:23:29;26.07;;;;667;08/06/2023;05:23:29;26.01;;;;
668;09/06/2023;05:20:16;26.28;;;;668;08/06/2023;05:24:29;26.09;;;;668;08/06/2023;05:24:29;26.02;;;;
669;09/06/2023;05:21:16;26.3;;;;669;08/06/2023;05:25:29;26.07;;;;669;08/06/2023;05:25:29;26.02;;;;
670;09/06/2023;05:22:16;26.3;;;;670;08/06/2023;05:26:29;26.09;;;;670;08/06/2023;05:26:28;25.99;;;;
671;09/06/2023;05:23:16;26.3;;;;671;08/06/2023;05:27:29;26.06;;;;671;08/06/2023;05:27:28;26.01;;;;
672;09/06/2023;05:24:16;26.29;;;;672;08/06/2023;05:28:29;26.08;;;;672;08/06/2023;05:28:28;25.99;;;;
673;09/06/2023;05:25:16;26.3;;;;673;08/06/2023;05:29:29;26.08;;;;673;08/06/2023;05:29:28;25.99;;;;
674;09/06/2023;05:26:16;26.3;;;;674;08/06/2023;05:30:29;26.06;;;;674;08/06/2023;05:30:28;26.01;;;;
675;09/06/2023;05:27:16;26.3;;;;675;08/06/2023;05:31:29;26.07;;;;675;08/06/2023;05:31:28;25.99;;;;
676;09/06/2023;05:28:16;26.31;;;;676;08/06/2023;05:32:29;26.08;;;;676;08/06/2023;05:32:28;26.02;;;;
677;09/06/2023;05:29:16;26.3;;;;677;08/06/2023;05:33:29;26.07;;;;677;08/06/2023;05:33:28;26.01;;;;
678;09/06/2023;05:30:16;26.3;;;;678;08/06/2023;05:34:29;26.05;;;;678;08/06/2023;05:34:28;26;;;;
679;09/06/2023;05:31:16;26.3;Synchronized;;;679;08/06/2023;05:35:29;26.07;;;;679;08/06/2023;05:35:28;26;;;;
680;09/06/2023;05:32:16;26.3;;;;680;08/06/2023;05:36:29;26.07;;;;680;08/06/2023;05:36:28;26.02;;;;
681;09/06/2023;05:33:17;26.28;;;;681;08/06/2023;05:37:29;26.03;;;;681;08/06/2023;05:37:27;25.95;;;;
682;09/06/2023;05:34:17;26.3;;;;682;08/06/2023;05:38:29;26.02;;;;682;08/06/2023;05:38:27;25.95;;;;
683;09/06/2023;05:35:17;26.3;;;;683;08/06/2023;05:39:28;26.01;;;;683;08/06/2023;05:39:27;25.94;;;;
684;09/06/2023;05:36:17;26.3;;;;684;08/06/2023;05:40:28;25.99;;;;684;08/06/2023;05:40:27;25.95;;;;
685;09/06/2023;05:37:17;26.29;;;;685;08/06/2023;05:41:28;25.95;;;;685;08/06/2023;05:41:27;25.95;Synchronized;;;
686;09/06/2023;05:38:17;26.3;;;;686;08/06/2023;05:42:28;25.94;;;;686;08/06/2023;05:42:27;25.91;;;;
687;09/06/2023;05:39:17;26.3;;;;687;08/06/2023;05:43:28;25.91;;;;687;08/06/2023;05:43:27;25.91;;;;
688;09/06/2023;05:40:17;26.31;;;;688;08/06/2023;05:44:28;25.92;;;;688;08/06/2023;05:44:27;25.88;;;;
689;09/06/2023;05:41:17;26.3;;;;689;08/06/2023;05:45:28;25.93;;;;689;08/06/2023;05:45:27;25.89;;;;
690;09/06/2023;05:42:17;26.3;;;;690;08/06/2023;05:46:28;25.92;;;;690;08/06/2023;05:46:27;25.88;;;;
691;09/06/2023;05:43:17;26.32;;;;691;08/06/2023;05:47:28;25.91;;;;691;08/06/2023;05:47:27;25.89;;;;
692;09/06/2023;05:44:17;26.3;;;;692;08/06/2023;05:48:28;25.92;;;;692;08/06/2023;05:48:27;25.91;;;;
693;09/06/2023;05:45:17;26.31;;;;693;08/06/2023;05:49:28;25.91;;;;693;08/06/2023;05:49:27;25.89;;;;
694;09/06/2023;05:46:17;26.29;;;;694;08/06/2023;05:50:28;25.92;;;;694;08/06/2023;05:50:27;25.88;;;;
695;09/06/2023;05:47:17;26.29;;;;695;08/06/2023;05:51:28;25.91;;;;695;08/06/2023;05:51:26;25.9;;;;
696;09/06/2023;05:48:17;26.29;;;;696;08/06/2023;05:52:28;25.91;;;;696;08/06/2023;05:52:26;25.91;;;;
697;09/06/2023;05:49:17;26.3;;;;697;08/06/2023;05:53:28;25.9;;;;697;08/06/2023;05:53:26;25.9;;;;
698;09/06/2023;05:50:17;26.3;;;;698;08/06/2023;05:54:28;25.9;;;;698;08/06/2023;05:54:26;25.87;;;;
699;09/06/2023;05:51:17;26.31;;;;699;08/06/2023;05:55:28;25.88;;;;699;08/06/2023;05:55:26;25.89;;;;
700;09/06/2023;05:52:17;26.3;;;;700;08/06/2023;05:56:28;25.91;;;;700;08/06/2023;05:56:26;25.84;;;;
701;09/06/2023;05:53:17;26.29;;;;701;08/06/2023;05:57:28;25.88;;;;701;08/06/2023;05:57:26;25.83;;;;
702;09/06/2023;05:54:17;26.3;;;;702;08/06/2023;05:58:28;25.87;;;;702;08/06/2023;05:58:26;25.82;;;;
703;09/06/2023;05:55:17;26.3;;;;703;08/06/2023;05:59:28;25.88;;;;703;08/06/2023;05:59:26;25.83;;;;
704;09/06/2023;05:56:17;26.32;;;;704;08/06/2023;06:00:28;25.85;;;;704;08/06/2023;06:00:26;25.81;;;;
705;09/06/2023;05:57:17;26.29;;;;705;08/06/2023;06:01:28;25.87;;;;705;08/06/2023;06:01:26;25.8;;;;
706;09/06/2023;05:58:17;26.29;;;;706;08/06/2023;06:02:28;25.85;;;;706;08/06/2023;06:02:26;25.82;;;;
707;09/06/2023;05:59:17;26.27;;;;707;08/06/2023;06:03:28;25.85;;;;707;08/06/2023;06:03:25;25.82;;;;
708;09/06/2023;06:00:17;26.3;Synchronized;;;708;08/06/2023;06:04:28;25.84;;;;708;08/06/2023;06:04:25;25.82;;;;
709;09/06/2023;06:01:17;26.29;;;;709;08/06/2023;06:05:28;25.84;;;;709;08/06/2023;06:05:25;25.83;;;;
710;09/06/2023;06:02:17;26.3;;;;710;08/06/2023;06:06:28;25.84;;;;710;08/06/2023;06:06:25;25.83;;;;
711;09/06/2023;06:03:17;26.29;;;;711;08/06/2023;06:07:28;25.85;;;;711;08/06/2023;06:07:25;25.82;;;;
712;09/06/2023;06:04:17;26.31;;;;712;08/06/2023;06:08:28;25.85;;;;712;08/06/2023;06:08:25;25.84;;;;
713;09/06/2023;06:05:17;26.29;;;;713;08/06/2023;06:09:28;25.85;;;;713;08/06/2023;06:09:25;25.84;;;;
714;09/06/2023;06:06:17;26.3;;;;714;08/06/2023;06:10:28;25.89;;;;714;08/06/2023;06:10:25;25.87;;;;
715;09/06/2023;06:07:17;26.3;;;;715;08/06/2023;06:11:28;25.85;;;;715;08/06/2023;06:11:25;25.84;;;;
716;09/06/2023;06:08:17;26.29;;;;716;08/06/2023;06:12:28;25.85;;;;716;08/06/2023;06:12:25;25.81;;;;
717;09/06/2023;06:09:18;26.28;;;;717;08/06/2023;06:13:28;25.83;;;;717;08/06/2023;06:13:25;25.8;;;;
718;09/06/2023;06:10:18;26.31;;;;718;08/06/2023;06:14:28;25.82;;;;718;08/06/2023;06:14:25;25.8;;;;
719;09/06/2023;06:11:18;26.3;;;;719;08/06/2023;06:15:28;25.84;;;;719;08/06/2023;06:15:25;25.83;Synchronized;;;
720;09/06/2023;06:12:18;26.3;;;;720;08/06/2023;06:16:28;25.84;;;;720;08/06/2023;06:16:24;25.8;;;;
721;09/06/2023;06:13:18;26.32;;;;721;08/06/2023;06:17:28;25.87;;;;721;08/06/2023;06:17:24;25.84;;;;
722;09/06/2023;06:14:18;26.31;;;;722;08/06/2023;06:18:28;25.88;;;;722;08/06/2023;06:18:24;25.86;;;;
723;09/06/2023;06:15:18;26.3;;;;723;08/06/2023;06:19:28;25.88;;;;723;08/06/2023;06:19:24;25.84;;;;
724;09/06/2023;06:16:18;26.31;;;;724;08/06/2023;06:20:28;25.9;;;;724;08/06/2023;06:20:24;25.86;;;;
725;09/06/2023;06:17:18;26.34;;;;725;08/06/2023;06:21:28;25.89;;;;725;08/06/2023;06:21:24;25.84;;;;
726;09/06/2023;06:18:18;26.32;;;;726;08/06/2023;06:22:28;25.92;;;;726;08/06/2023;06:22:24;25.86;;;;
727;09/06/2023;06:19:18;26.33;;;;727;08/06/2023;06:23:28;25.89;;;;727;08/06/2023;06:23:24;25.88;;;;
728;09/06/2023;06:20:18;26.3;;;;728;08/06/2023;06:24:28;25.91;;;;728;08/06/2023;06:24:24;25.88;;;;
729;09/06/2023;06:21:18;26.3;;;;729;08/06/2023;06:25:28;25.89;;;;729;08/06/2023;06:25:24;25.89;;;;
730;09/06/2023;06:22:18;26.32;;;;730;08/06/2023;06:26:28;25.84;;;;730;08/06/2023;06:26:23;25.84;;;;
731;09/06/2023;06:23:18;26.33;;;;731;08/06/2023;06:27:28;25.84;;;;731;08/06/2023;06:27:23;25.8;;;;
732;09/06/2023;06:24:18;26.34;;;;732;08/06/2023;06:28:28;25.84;;;;732;08/06/2023;06:28:23;25.8;;;;
733;09/06/2023;06:25:18;26.34;;;;733;08/06/2023;06:29:28;25.82;;;;733;08/06/2023;06:29:23;25.77;;;;
734;09/06/2023;06:26:18;26.31;;;;734;08/06/2023;06:30:28;25.81;Synchronized;;;734;08/06/2023;06:30:23;25.76;;;;
735;09/06/2023;06:27:18;26.36;;;;735;08/06/2023;06:31:28;25.81;;;;735;08/06/2023;06:31:23;25.78;;;;
736;09/06/2023;06:28:18;26.35;;;;736;08/06/2023;06:32:28;25.8;;;;736;08/06/2023;06:32:23;25.77;;;;
737;09/06/2023;06:29:18;26.34;;;;737;08/06/2023;06:33:28;25.8;;;;737;08/06/2023;06:33:23;25.77;;;;
738;09/06/2023;06:30:18;26.34;;;;738;08/06/2023;06:34:28;25.82;;;;738;08/06/2023;06:34:23;25.78;;;;
739;09/06/2023;06:31:18;26.35;;;;739;08/06/2023;06:35:28;25.84;;;;739;08/06/2023;06:35:23;25.8;;;;
740;09/06/2023;06:32:18;26.37;;;;740;08/06/2023;06:36:28;25.87;;;;740;08/06/2023;06:36:23;25.81;Synchronized;;;
741;09/06/2023;06:33:18;26.38;;;;741;08/06/2023;06:37:28;25.87;;;;741;08/06/2023;06:37:23;25.8;;;;
742;09/06/2023;06:34:18;26.37;;;;742;08/06/2023;06:38:28;25.85;;;;742;08/06/2023;06:38:22;25.81;;;;
743;09/06/2023;06:35:18;26.37;;;;743;08/06/2023;06:39:28;25.85;;;;743;08/06/2023;06:39:22;25.83;;;;
744;09/06/2023;06:36:18;26.38;;;;744;08/06/2023;06:40:28;25.84;;;;744;08/06/2023;06:40:22;25.82;;;;
745;09/06/2023;06:37:18;26.38;;;;745;08/06/2023;06:41:28;25.85;;;;745;08/06/2023;06:41:22;25.81;;;;
746;09/06/2023;06:38:18;26.4;;;;746;08/06/2023;06:42:28;25.84;;;;746;08/06/2023;06:42:22;25.84;;;;
747;09/06/2023;06:39:18;26.39;;;;747;08/06/2023;06:43:28;25.85;;;;747;08/06/2023;06:43:22;25.86;;;;
748;09/06/2023;06:40:18;26.39;;;;748;08/06/2023;06:44:28;25.88;;;;748;08/06/2023;06:44:22;25.87;;;;
749;09/06/2023;06:41:18;26.38;;;;749;08/06/2023;06:45:28;25.88;;;;749;08/06/2023;06:45:22;25.86;;;;
750;09/06/2023;06:42:18;26.41;;;;750;08/06/2023;06:46:28;25.91;;;;750;08/06/2023;06:46:22;25.89;;;;
751;09/06/2023;06:43:18;26.41;;;;751;08/06/2023;06:47:28;25.91;;;;751;08/06/2023;06:47:22;25.89;;;;
752;09/06/2023;06:44:18;26.41;;;;752;08/06/2023;06:48:28;25.91;;;;752;08/06/2023;06:48:22;25.91;;;;
753;09/06/2023;06:45:18;26.41;;;;753;08/06/2023;06:49:28;25.94;;;;753;08/06/2023;06:49:22;25.92;;;;
754;09/06/2023;06:46:18;26.42;;;;754;08/06/2023;06:50:28;25.94;Synchronized;;;754;08/06/2023;06:50:22;25.92;;;;
755;09/06/2023;06:47:18;26.42;;;;755;08/06/2023;06:51:28;25.95;;;;755;08/06/2023;06:51:21;25.93;;;;
756;09/06/2023;06:48:18;26.41;;;;756;08/06/2023;06:52:28;25.95;;;;756;08/06/2023;06:52:21;25.91;;;;
757;09/06/2023;06:49:18;26.42;;;;757;08/06/2023;06:53:28;25.93;;;;757;08/06/2023;06:53:21;25.9;;;;
758;09/06/2023;06:50:18;26.41;;;;758;08/06/2023;06:54:28;25.94;;;;758;08/06/2023;06:54:21;25.92;;;;
759;09/06/2023;06:51:18;26.42;;;;759;08/06/2023;06:55:28;25.93;;;;759;08/06/2023;06:55:21;25.91;;;;
760;09/06/2023;06:52:18;26.44;;;;760;08/06/2023;06:56:28;25.91;;;;760;08/06/2023;06:56:21;25.9;;;;
761;09/06/2023;06:53:19;26.42;;;;761;08/06/2023;06:57:28;25.88;;;;761;08/06/2023;06:57:21;25.87;;;;
762;09/06/2023;06:54:19;26.43;;;;762;08/06/2023;06:58:28;25.88;;;;762;08/06/2023;06:58:21;25.87;;;;
763;09/06/2023;06:55:19;26.44;;;;763;08/06/2023;06:59:28;25.88;;;;763;08/06/2023;06:59:21;25.84;;;;
764;09/06/2023;06:56:19;26.45;;;;764;08/06/2023;07:00:28;25.88;;;;764;08/06/2023;07:00:21;25.84;;;;
765;09/06/2023;06:57:19;26.45;;;;765;08/06/2023;07:01:28;25.88;;;;765;08/06/2023;07:01:21;25.87;;;;
766;09/06/2023;06:58:19;26.48;;;;766;08/06/2023;07:02:28;25.92;;;;766;08/06/2023;07:02:21;25.87;;;;
767;09/06/2023;06:59:19;26.45;;;;767;08/06/2023;07:03:28;25.93;;;;767;08/06/2023;07:03:20;25.89;;;;
768;09/06/2023;07:00:19;26.45;;;;768;08/06/2023;07:04:28;25.93;;;;768;08/06/2023;07:04:20;25.89;;;;
769;09/06/2023;07:01:19;26.48;;;;769;08/06/2023;07:05:28;25.91;;;;769;08/06/2023;07:05:20;25.91;;;;
770;09/06/2023;07:02:19;26.47;;;;770;08/06/2023;07:06:28;25.9;;;;770;08/06/2023;07:06:20;25.88;;;;
771;09/06/2023;07:03:19;26.48;;;;771;08/06/2023;07:07:28;25.91;;;;771;08/06/2023;07:07:20;25.88;;;;
772;09/06/2023;07:04:19;26.47;;;;772;08/06/2023;07:08:28;25.87;;;;772;08/06/2023;07:08:20;25.87;;;;
773;09/06/2023;07:05:19;26.48;;;;773;08/06/2023;07:09:28;25.82;;;;773;08/06/2023;07:09:20;25.86;;;;
774;09/06/2023;07:06:19;26.48;;;;774;08/06/2023;07:10:28;25.82;;;;774;08/06/2023;07:10:20;25.83;;;;
775;09/06/2023;07:07:19;26.48;;;;775;08/06/2023;07:11:28;25.83;;;;775;08/06/2023;07:11:20;25.84;;;;
776;09/06/2023;07:08:19;26.48;;;;776;08/06/2023;07:12:28;25.81;;;;776;08/06/2023;07:12:20;25.84;;;;
777;09/06/2023;07:09:19;26.48;;;;777;08/06/2023;07:13:28;25.84;;;;777;08/06/2023;07:13:20;25.83;;;;
778;09/06/2023;07:10:19;26.48;;;;778;08/06/2023;07:14:28;25.87;;;;778;08/06/2023;07:14:20;25.86;;;;
779;09/06/2023;07:11:19;26.48;;;;779;08/06/2023;07:15:28;25.88;;;;779;08/06/2023;07:15:20;25.88;;;;
780;09/06/2023;07:12:19;26.49;;;;780;08/06/2023;07:16:28;25.9;;;;780;08/06/2023;07:16:20;25.89;;;;
781;09/06/2023;07:13:19;26.48;;;;781;08/06/2023;07:17:28;25.91;;;;781;08/06/2023;07:17:19;25.9;;;;
782;09/06/2023;07:14:19;26.48;;;;782;08/06/2023;07:18:28;25.91;;;;782;08/06/2023;07:18:19;25.9;;;;
783;09/06/2023;07:15:19;26.47;;;;783;08/06/2023;07:19:28;25.9;;;;783;08/06/2023;07:19:19;25.91;;;;
784;09/06/2023;07:16:19;26.48;;;;784;08/06/2023;07:20:28;25.91;;;;784;08/06/2023;07:20:19;25.89;;;;
785;09/06/2023;07:17:19;26.48;;;;785;08/06/2023;07:21:28;25.91;;;;785;08/06/2023;07:21:19;25.89;;;;
786;09/06/2023;07:18:19;26.48;;;;786;08/06/2023;07:22:27;25.88;;;;786;08/06/2023;07:22:19;25.88;;;;
787;09/06/2023;07:19:19;26.49;;;;787;08/06/2023;07:23:27;25.87;;;;787;08/06/2023;07:23:19;25.89;;;;
788;09/06/2023;07:20:19;26.49;;;;788;08/06/2023;07:24:27;25.82;;;;788;08/06/2023;07:24:19;25.83;;;;
789;09/06/2023;07:21:19;26.48;;;;789;08/06/2023;07:25:27;25.8;;;;789;08/06/2023;07:25:19;25.83;;;;
790;09/06/2023;07:22:19;26.49;;;;790;08/06/2023;07:26:27;25.83;;;;790;08/06/2023;07:26:19;25.84;;;;
791;09/06/2023;07:23:19;26.52;;;;791;08/06/2023;07:27:27;25.84;;;;791;08/06/2023;07:27:19;25.84;;;;
792;09/06/2023;07:24:19;26.48;;;;792;08/06/2023;07:28:27;25.87;;;;792;08/06/2023;07:28:19;25.87;;;;
793;09/06/2023;07:25:19;26.48;;;;793;08/06/2023;07:29:27;25.9;;;;793;08/06/2023;07:29:18;25.88;;;;
794;09/06/2023;07:26:19;26.45;;;;794;08/06/2023;07:30:27;25.91;;;;794;08/06/2023;07:30:18;25.91;;;;
795;09/06/2023;07:27:19;26.45;;;;795;08/06/2023;07:31:27;25.95;;;;795;08/06/2023;07:31:18;25.94;;;;
796;09/06/2023;07:28:19;26.44;;;;796;08/06/2023;07:32:27;25.98;;;;796;08/06/2023;07:32:18;25.95;;;;
797;09/06/2023;07:29:19;26.41;;;;797;08/06/2023;07:33:27;26.02;;;;797;08/06/2023;07:33:18;25.98;;;;
798;09/06/2023;07:30:19;26.4;Synchronized;;;798;08/06/2023;07:34:27;26.02;;;;798;08/06/2023;07:34:18;26.02;;;;
799;09/06/2023;07:31:19;26.4;;;;799;08/06/2023;07:35:27;26.03;;;;799;08/06/2023;07:35:18;26.02;;;;
800;09/06/2023;07:32:19;26.4;Synchronized;;;800;08/06/2023;07:36:27;26.04;;;;800;08/06/2023;07:36:18;26.02;;;;
801;09/06/2023;07:33:19;26.4;;;;801;08/06/2023;07:37:27;26.05;;;;801;08/06/2023;07:37:18;26.04;;;;
802;09/06/2023;07:34:19;26.41;;;;802;08/06/2023;07:38:27;26.06;;;;802;08/06/2023;07:38:18;26.06;;;;
803;09/06/2023;07:35:19;26.4;;;;803;08/06/2023;07:39:27;26.07;;;;803;08/06/2023;07:39:18;26.08;;;;
804;09/06/2023;07:36:19;26.41;;;;804;08/06/2023;07:40:27;26.07;;;;804;08/06/2023;07:40:18;26.05;;;;
805;09/06/2023;07:37:19;26.41;;;;805;08/06/2023;07:41:27;26.1;;;;805;08/06/2023;07:41:18;26.06;;;;
806;09/06/2023;07:38:19;26.39;;;;806;08/06/2023;07:42:27;26.11;;;;806;08/06/2023;07:42:18;26.09;;;;
807;09/06/2023;07:39:19;26.37;;;;807;08/06/2023;07:43:27;26.13;;;;807;08/06/2023;07:43:17;26.11;;;;
808;09/06/2023;07:40:19;26.38;;;;808;08/06/2023;07:44:27;26.12;;;;808;08/06/2023;07:44:17;26.1;;;;
809;09/06/2023;07:41:19;26.39;;;;809;08/06/2023;07:45:27;26.11;;;;809;08/06/2023;07:45:17;26.08;;;;
810;09/06/2023;07:42:19;26.41;;;;810;08/06/2023;07:46:27;26.12;;;;810;08/06/2023;07:46:17;26.07;;;;
811;09/06/2023;07:43:19;26.34;;;;811;08/06/2023;07:47:27;26.11;;;;811;08/06/2023;07:47:17;26.07;;;;
812;09/06/2023;07:44:19;26.4;;;;812;08/06/2023;07:48:27;26.08;;;;812;08/06/2023;07:48:17;26.05;;;;
813;09/06/2023;07:45:20;26.39;;;;813;08/06/2023;07:49:27;26.1;;;;813;08/06/2023;07:49:17;26.04;;;;
814;09/06/2023;07:46:20;26.38;;;;814;08/06/2023;07:50:27;26.09;;;;814;08/06/2023;07:50:17;26.05;;;;
815;09/06/2023;07:47:20;26.39;;;;815;08/06/2023;07:51:27;26.12;;;;815;08/06/2023;07:51:17;26.05;;;;
816;09/06/2023;07:48:20;26.37;;;;816;08/06/2023;07:52:27;26.13;;;;816;08/06/2023;07:52:17;26.1;;;;
817;09/06/2023;07:49:20;26.35;;;;817;08/06/2023;07:53:27;26.23;;;;817;08/06/2023;07:53:17;26.13;;;;
818;09/06/2023;07:50:20;26.33;;;;818;08/06/2023;07:54:27;26.25;;;;818;08/06/2023;07:54:17;26.13;Synchronized;;;
819;09/06/2023;07:51:20;26.34;;;;819;08/06/2023;07:55:27;26.25;;;;819;08/06/2023;07:55:17;26.15;;;;
820;09/06/2023;07:52:20;26.3;;;;820;08/06/2023;07:56:27;26.24;;;;820;08/06/2023;07:56:17;26.16;;;;
821;09/06/2023;07:53:20;26.29;;;;821;08/06/2023;07:57:27;26.26;;;;821;08/06/2023;07:57:16;26.16;;;;
822;09/06/2023;07:54:20;26.29;;;;822;08/06/2023;07:58:27;26.25;;;;822;08/06/2023;07:58:16;26.18;;;;
823;09/06/2023;07:55:20;26.3;;;;823;08/06/2023;07:59:27;26.27;;;;823;08/06/2023;07:59:16;26.18;;;;
824;09/06/2023;07:56:20;26.33;;;;824;08/06/2023;08:00:27;26.28;;;;824;08/06/2023;08:00:16;26.2;;;;
825;09/06/2023;07:57:20;26.32;;;;825;08/06/2023;08:01:27;26.3;;;;825;08/06/2023;08:01:16;26.2;;;;
826;09/06/2023;07:58:20;26.34;;;;826;08/06/2023;08:02:27;26.33;;;;826;08/06/2023;08:02:16;26.2;;;;
827;09/06/2023;07:59:20;26.34;;;;827;08/06/2023;08:03:27;26.34;;;;827;08/06/2023;08:03:16;26.2;;;;
828;09/06/2023;08:00:20;26.34;;;;828;08/06/2023;08:04:27;26.3;;;;828;08/06/2023;08:04:16;26.19;;;;
829;09/06/2023;08:01:20;26.35;;;;829;08/06/2023;08:05:27;26.33;;;;829;08/06/2023;08:05:16;26.2;;;;
830;09/06/2023;08:02:20;26.34;;;;830;08/06/2023;08:06:27;26.3;;;;830;08/06/2023;08:06:16;26.2;;;;
831;09/06/2023;08:03:20;26.38;;;;831;08/06/2023;08:07:26;26.31;;;;831;08/06/2023;08:07:16;26.19;;;;
832;09/06/2023;08:04:20;26.44;;;;832;08/06/2023;08:08:26;26.32;;;;832;08/06/2023;08:08:16;26.2;;;;
833;09/06/2023;08:05:20;26.5;;;;833;08/06/2023;08:09:26;26.3;;;;833;08/06/2023;08:09:16;26.22;;;;
834;09/06/2023;08:06:20;26.49;;;;834;08/06/2023;08:10:26;26.27;;;;834;08/06/2023;08:10:16;26.16;;;;
835;09/06/2023;08:07:20;26.55;;;;835;08/06/2023;08:11:26;26.27;;;;835;08/06/2023;08:11:16;26.16;;;;
836;09/06/2023;08:08:20;26.55;;;;836;08/06/2023;08:12:26;26.24;;;;836;08/06/2023;08:12:15;26.13;;;;
837;09/06/2023;08:09:20;26.52;;;;837;08/06/2023;08:13:26;26.23;;;;837;08/06/2023;08:13:15;26.11;;;;
838;09/06/2023;08:10:20;26.54;;;;838;08/06/2023;08:14:26;26.23;;;;838;08/06/2023;08:14:15;26.09;;;;
839;09/06/2023;08:11:20;26.5;;;;839;08/06/2023;08:15:26;26.21;;;;839;08/06/2023;08:15:15;26.11;;;;
840;09/06/2023;08:12:20;26.46;;;;840;08/06/2023;08:16:26;26.2;;;;840;08/06/2023;08:16:15;26.1;;;;
841;09/06/2023;08:13:20;26.45;;;;841;08/06/2023;08:17:26;26.19;;;;841;08/06/2023;08:17:15;26.08;;;;
842;09/06/2023;08:14:20;26.44;;;;842;08/06/2023;08:18:26;26.17;;;;842;08/06/2023;08:18:15;26.09;;;;
843;09/06/2023;08:15:20;26.41;;;;843;08/06/2023;08:19:26;26.16;;;;843;08/06/2023;08:19:15;26.06;;;;
844;09/06/2023;08:16:20;26.41;;;;844;08/06/2023;08:20:26;26.2;;;;844;08/06/2023;08:20:15;26.06;;;;
845;09/06/2023;08:17:20;26.4;;;;845;08/06/2023;08:21:26;26.16;;;;845;08/06/2023;08:21:15;26.05;;;;
846;09/06/2023;08:18:20;26.4;;;;846;08/06/2023;08:22:26;26.18;;;;846;08/06/2023;08:22:15;26.08;;;;
847;09/06/2023;08:19:20;26.47;;;;847;08/06/2023;08:23:26;26.18;;;;847;08/06/2023;08:23:15;26.09;;;;
848;09/06/2023;08:20:20;26.45;;;;848;08/06/2023;08:24:26;26.17;;;;848;08/06/2023;08:24:15;26.08;;;;
849;09/06/2023;08:21:20;26.45;;;;849;08/06/2023;08:25:26;26.17;;;;849;08/06/2023;08:25:15;26.1;;;;
850;09/06/2023;08:22:20;26.45;;;;850;08/06/2023;08:26:26;26.16;;;;850;08/06/2023;08:26:15;26.06;;;;
851;09/06/2023;08:23:20;26.45;;;;851;08/06/2023;08:27:26;26.15;;;;851;08/06/2023;08:27:15;26.05;;;;
852;09/06/2023;08:24:20;26.48;;;;852;08/06/2023;08:28:26;26.13;;;;852;08/06/2023;08:28:14;26.02;;;;
853;09/06/2023;08:25:20;26.47;;;;853;08/06/2023;08:29:26;26.13;;;;853;08/06/2023;08:29:14;25.99;;;;
854;09/06/2023;08:26:20;26.46;;;;854;08/06/2023;08:30:26;26.12;;;;854;08/06/2023;08:30:14;26.03;;;;
855;09/06/2023;08:27:20;26.47;;;;855;08/06/2023;08:31:26;26.13;;;;855;08/06/2023;08:31:14;26.02;;;;
856;09/06/2023;08:28:20;26.46;;;;856;08/06/2023;08:32:26;26.14;;;;856;08/06/2023;08:32:14;26.04;;;;
857;09/06/2023;08:29:21;26.48;;;;857;08/06/2023;08:33:26;26.16;;;;857;08/06/2023;08:33:14;26.06;;;;
858;09/06/2023;08:30:21;26.48;;;;858;08/06/2023;08:34:26;26.19;;;;858;08/06/2023;08:34:14;26.07;;;;
859;09/06/2023;08:31:21;26.47;;;;859;08/06/2023;08:35:26;26.21;;;;859;08/06/2023;08:35:14;26.12;;;;
860;09/06/2023;08:32:21;26.45;;;;860;08/06/2023;08:36:26;26.21;Synchronized;;;860;08/06/2023;08:36:14;26.13;;;;
861;09/06/2023;08:33:21;26.46;;;;861;08/06/2023;08:37:26;26.24;;;;861;08/06/2023;08:37:14;26.09;;;;
862;09/06/2023;08:34:21;26.43;;;;862;08/06/2023;08:38:26;26.23;;;;862;08/06/2023;08:38:14;26.11;;;;
863;09/06/2023;08:35:21;26.38;;;;863;08/06/2023;08:39:25;26.23;;;;863;08/06/2023;08:39:14;26.13;;;;
864;09/06/2023;08:36:21;26.38;;;;864;08/06/2023;08:40:25;26.23;;;;864;08/06/2023;08:40:14;26.15;;;;
865;09/06/2023;08:37:21;26.41;;;;865;08/06/2023;08:41:25;26.26;;;;865;08/06/2023;08:41:14;26.13;;;;
866;09/06/2023;08:38:21;26.41;;;;866;08/06/2023;08:42:25;26.27;;;;866;08/06/2023;08:42:14;26.13;;;;
867;09/06/2023;08:39:21;26.39;;;;867;08/06/2023;08:43:25;26.28;;;;867;08/06/2023;08:43:13;26.16;;;;
868;09/06/2023;08:40:21;26.36;;;;868;08/06/2023;08:44:25;26.3;;;;868;08/06/2023;08:44:13;26.18;;;;
869;09/06/2023;08:41:21;26.34;;;;869;08/06/2023;08:45:25;26.28;;;;869;08/06/2023;08:45:13;26.18;;;;
870;09/06/2023;08:42:21;26.32;;;;870;08/06/2023;08:46:25;26.27;;;;870;08/06/2023;08:46:13;26.18;;;;
871;09/06/2023;08:43:21;26.34;;;;871;08/06/2023;08:47:25;26.27;;;;871;08/06/2023;08:47:13;26.16;;;;
872;09/06/2023;08:44:21;26.33;;;;872;08/06/2023;08:48:25;26.27;;;;872;08/06/2023;08:48:13;26.13;;;;
873;09/06/2023;08:45:21;26.34;;;;873;08/06/2023;08:49:25;26.25;;;;873;08/06/2023;08:49:13;26.13;;;;
874;09/06/2023;08:46:21;26.37;;;;874;08/06/2023;08:50:25;26.27;;;;874;08/06/2023;08:50:13;26.14;;;;
875;09/06/2023;08:47:21;26.37;;;;875;08/06/2023;08:51:25;26.28;;;;875;08/06/2023;08:51:13;26.16;;;;
876;09/06/2023;08:48:21;26.33;;;;876;08/06/2023;08:52:25;26.27;;;;876;08/06/2023;08:52:13;26.15;;;;
877;09/06/2023;08:49:21;26.34;;;;877;08/06/2023;08:53:25;26.3;;;;877;08/06/2023;08:53:13;26.15;;;;
878;09/06/2023;08:50:21;26.34;;;;878;08/06/2023;08:54:25;26.31;;;;878;08/06/2023;08:54:13;26.18;;;;
879;09/06/2023;08:51:21;26.35;;;;879;08/06/2023;08:55:25;26.38;;;;879;08/06/2023;08:55:13;26.26;;;;
880;09/06/2023;08:52:21;26.35;;;;880;08/06/2023;08:56:25;26.4;;;;880;08/06/2023;08:56:13;33.55;Synchronized;;;
881;09/06/2023;08:53:21;26.38;;;;881;08/06/2023;08:57:25;26.41;;;;881;08/06/2023;08:57:13;36.55;Synchronized;;;
882;09/06/2023;08:54:21;26.41;;;;882;08/06/2023;08:58:25;26.42;;;;882;08/06/2023;08:58:13;37.01;Synchronized;;;
883;09/06/2023;08:55:21;26.4;;;;883;08/06/2023;08:59:25;26.43;;;;883;08/06/2023;08:59:13;37.07;Synchronized;;;
884;09/06/2023;08:56:21;26.41;;;;884;08/06/2023;09:00:25;26.48;;;;884;08/06/2023;09:00:13;37.02;Synchronized;;;
885;09/06/2023;08:57:21;26.46;;;;885;08/06/2023;09:01:25;26.48;;;;885;08/06/2023;09:01:13;36.96;Synchronized;;;
886;09/06/2023;08:58:21;26.48;;;;886;08/06/2023;09:02:25;29.76;Synchronized;;;886;08/06/2023;09:02:13;36.89;Synchronized;;;
887;09/06/2023;08:59:21;26.49;;;;887;08/06/2023;09:03:25;32.9;Synchronized;;;887;08/06/2023;09:03:13;36.88;Synchronized;;;
888;09/06/2023;09:00:21;35.77;Synchronized;;;888;08/06/2023;09:04:25;34.29;Synchronized;;;888;08/06/2023;09:04:12;36.88;Synchronized;;;
889;09/06/2023;09:01:21;37.49;Synchronized;;;889;08/06/2023;09:05:25;34.9;Synchronized;;;889;08/06/2023;09:05:12;36.87;Synchronized;;;
890;09/06/2023;09:02:21;37.64;Synchronized;;;890;08/06/2023;09:06:25;35.23;Synchronized;;;890;08/06/2023;09:06:12;36.84;Synchronized;;;
891;09/06/2023;09:03:21;37.63;Synchronized;;;891;08/06/2023;09:07:24;35.55;Synchronized;;;891;08/06/2023;09:07:12;36.76;Synchronized;;;
892;09/06/2023;09:04:21;37.57;Synchronized;;;892;08/06/2023;09:08:24;35.8;Synchronized;;;892;08/06/2023;09:08:12;36.8;Synchronized;;;
893;09/06/2023;09:05:21;37.54;Synchronized;;;893;08/06/2023;09:09:24;36.04;Synchronized;;;893;08/06/2023;09:09:12;36.87;Synchronized;;;
894;09/06/2023;09:06:21;37.52;Synchronized;;;894;08/06/2023;09:10:24;36.21;Synchronized;;;894;08/06/2023;09:10:12;36.91;Synchronized;;;
895;09/06/2023;09:07:21;37.51;Synchronized;;;895;08/06/2023;09:11:24;36.4;Synchronized;;;895;08/06/2023;09:11:12;36.94;Synchronized;;;
896;09/06/2023;09:08:20;37.5;Synchronized;;;896;08/06/2023;09:12:24;36.55;Synchronized;;;896;08/06/2023;09:12:12;36.99;Synchronized;;;
897;09/06/2023;09:09:20;37.47;Synchronized;;;897;08/06/2023;09:13:24;36.66;Synchronized;;;897;08/06/2023;09:13:12;37.02;Synchronized;;;
898;09/06/2023;09:10:20;37.47;Synchronized;;;898;08/06/2023;09:14:24;36.81;Synchronized;;;898;08/06/2023;09:14:12;37.09;Synchronized;;;
899;09/06/2023;09:11:20;37.48;Synchronized;;;899;08/06/2023;09:15:24;36.88;Synchronized;;;899;08/06/2023;09:15:12;37.09;Synchronized;;;
900;09/06/2023;09:12:20;37.45;Synchronized;;;900;08/06/2023;09:16:24;36.95;Synchronized;;;900;08/06/2023;09:16:12;37.1;Synchronized;;;
901;09/06/2023;09:13:20;37.41;Synchronized;;;901;08/06/2023;09:17:24;36.97;Synchronized;;;901;08/06/2023;09:17:12;37.14;Synchronized;;;
902;09/06/2023;09:14:20;37.39;Synchronized;;;902;08/06/2023;09:18:24;37.01;Synchronized;;;902;08/06/2023;09:18:12;37.15;Synchronized;;;
903;09/06/2023;09:15:20;37.38;;;;903;08/06/2023;09:19:23;37.02;Synchronized;;;903;08/06/2023;09:19:12;37.2;Synchronized;;;
904;09/06/2023;09:16:19;37.39;;;;904;08/06/2023;09:20:23;37.05;Synchronized;;;904;08/06/2023;09:20:12;37.2;Synchronized;;;
905;09/06/2023;09:17:19;37.38;;;;905;08/06/2023;09:21:23;37.08;Synchronized;;;905;08/06/2023;09:21:12;37.16;Synchronized;;;
906;09/06/2023;09:18:19;37.38;;;;906;08/06/2023;09:22:23;37.09;Synchronized;;;906;08/06/2023;09:22:11;37.2;Synchronized;;;
907;09/06/2023;09:19:19;37.38;;;;907;08/06/2023;09:23:23;37.12;Synchronized;;;907;08/06/2023;09:23:11;37.22;Synchronized;;;
908;09/06/2023;09:20:19;37.39;;;;908;08/06/2023;09:24:23;37.14;Synchronized;;;908;08/06/2023;09:24:11;37.21;Synchronized;;;
909;09/06/2023;09:21:19;37.39;;;;909;08/06/2023;09:25:23;37.14;Synchronized;;;909;08/06/2023;09:25:11;37.25;Synchronized;;;
910;09/06/2023;09:22:19;37.38;;;;910;08/06/2023;09:26:23;37.16;Synchronized;;;910;08/06/2023;09:26:11;37.26;Synchronized;;;
911;09/06/2023;09:23:19;37.38;Synchronized;;;911;08/06/2023;09:27:23;37.17;Synchronized;;;911;08/06/2023;09:27:11;37.26;Synchronized;;;
912;09/06/2023;09:24:19;37.4;;;;912;08/06/2023;09:28:23;37.18;Synchronized;;;912;08/06/2023;09:28:11;37.28;Synchronized;;;
913;09/06/2023;09:25:19;37.38;;;;913;08/06/2023;09:29:23;37.17;Synchronized;;;913;08/06/2023;09:29:11;37.27;Synchronized;;;
914;09/06/2023;09:26:19;37.37;;;;914;08/06/2023;09:30:22;37.19;Synchronized;;;914;08/06/2023;09:30:11;37.28;Synchronized;;;
915;09/06/2023;09:27:19;37.37;;;;915;08/06/2023;09:31:22;37.18;Synchronized;;;915;08/06/2023;09:31:11;37.26;Synchronized;;;
916;09/06/2023;09:28:18;37.34;;;;916;08/06/2023;09:32:22;37.16;Synchronized;;;916;08/06/2023;09:32:11;37.27;Synchronized;;;
917;09/06/2023;09:29:18;37.34;;;;917;08/06/2023;09:33:22;37.18;Synchronized;;;917;08/06/2023;09:33:11;37.29;Synchronized;;;
918;09/06/2023;09:30:18;37.32;;;;918;08/06/2023;09:34:22;37.2;Synchronized;;;918;08/06/2023;09:34:11;37.26;Synchronized;;;
919;09/06/2023;09:31:18;37.34;;;;919;08/06/2023;09:35:22;37.2;Synchronized;;;919;08/06/2023;09:35:11;37.25;Synchronized;;;
920;09/06/2023;09:32:18;37.32;Synchronized;;;920;08/06/2023;09:36:22;37.21;Synchronized;;;920;08/06/2023;09:36:11;37.26;Synchronized;;;
921;09/06/2023;09:33:18;37.32;Synchronized;;;921;08/06/2023;09:37:22;37.21;Synchronized;;;921;08/06/2023;09:37:11;37.27;Synchronized;;;
922;09/06/2023;09:34:18;37.3;Synchronized;;;922;08/06/2023;09:38:22;37.25;Synchronized;;;922;08/06/2023;09:38:11;37.26;Synchronized;;;
923;09/06/2023;09:35:18;37.25;;;;923;08/06/2023;09:39:22;37.25;Synchronized;;;923;08/06/2023;09:39:10;37.26;Synchronized;;;
924;09/06/2023;09:36:18;37.23;;;;924;08/06/2023;09:40:22;37.25;Synchronized;;;924;08/06/2023;09:40:10;37.24;Synchronized;;;
925;09/06/2023;09:37:18;37.17;;;;925;08/06/2023;09:41:22;37.25;Synchronized;;;925;08/06/2023;09:41:10;37.25;Synchronized;;;
926;09/06/2023;09:38:18;37.16;;;;926;08/06/2023;09:42:21;37.23;Synchronized;;;926;08/06/2023;09:42:10;37.25;Synchronized;;;
927;09/06/2023;09:39:18;37.14;;;;927;08/06/2023;09:43:21;37.24;Synchronized;;;927;08/06/2023;09:43:10;37.23;Synchronized;;;
928;09/06/2023;09:40:18;37.1;;;;928;08/06/2023;09:44:21;37.24;Synchronized;;;928;08/06/2023;09:44:10;37.22;Synchronized;;;
929;09/06/2023;09:41:17;37.07;;;;929;08/06/2023;09:45:21;37.22;Synchronized;;;929;08/06/2023;09:45:10;37.24;Synchronized;;;
930;09/06/2023;09:42:17;37.06;;;;930;08/06/2023;09:46:21;37.2;Synchronized;;;930;08/06/2023;09:46:10;37.23;Synchronized;;;
931;09/06/2023;09:43:17;37.04;;;;931;08/06/2023;09:47:21;37.22;Synchronized;;;931;08/06/2023;09:47:10;37.23;;;;
932;09/06/2023;09:44:17;37;;;;932;08/06/2023;09:48:21;37.22;Synchronized;;;932;08/06/2023;09:48:10;37.23;Synchronized;;;
933;09/06/2023;09:45:17;36.98;;;;933;08/06/2023;09:49:21;37.2;Synchronized;;;933;08/06/2023;09:49:10;37.22;Synchronized;;;
934;09/06/2023;09:46:17;36.95;;;;934;08/06/2023;09:50:21;37.2;Synchronized;;;934;08/06/2023;09:50:10;37.23;Synchronized;;;
935;09/06/2023;09:47:17;36.96;;;;935;08/06/2023;09:51:21;37.2;Synchronized;;;935;08/06/2023;09:51:10;37.23;Synchronized;;;
936;09/06/2023;09:48:17;36.96;;;;936;08/06/2023;09:52:21;37.18;Synchronized;;;936;08/06/2023;09:52:10;37.2;Synchronized;;;
937;09/06/2023;09:49:17;36.95;;;;937;08/06/2023;09:53:21;37.18;Synchronized;;;937;08/06/2023;09:53:10;37.19;Synchronized;;;
938;09/06/2023;09:50:17;36.99;;;;938;08/06/2023;09:54:20;37.16;Synchronized;;;938;08/06/2023;09:54:10;37.2;Synchronized;;;
939;09/06/2023;09:51:17;36.99;;;;939;08/06/2023;09:55:20;37.15;Synchronized;;;939;08/06/2023;09:55:10;37.19;Synchronized;;;
940;09/06/2023;09:52:17;37;;;;940;08/06/2023;09:56:20;37.16;Synchronized;;;940;08/06/2023;09:56:10;37.19;Synchronized;;;
941;09/06/2023;09:53:17;37.01;;;;941;08/06/2023;09:57:20;37.16;Synchronized;;;941;08/06/2023;09:57:10;37.16;Synchronized;;;
942;09/06/2023;09:54:17;37.02;;;;942;08/06/2023;09:58:20;37.15;Synchronized;;;942;08/06/2023;09:58:10;37.17;;;;
943;09/06/2023;09:55:17;37.02;;;;943;08/06/2023;09:59:20;37.15;Synchronized;;;943;08/06/2023;09:59:10;37.19;Synchronized;;;
944;09/06/2023;09:56:17;37.03;;;;944;08/06/2023;10:00:20;37.13;Synchronized;;;944;08/06/2023;10:00:10;37.22;Synchronized;;;
945;09/06/2023;09:57:17;37.05;Synchronized;;;945;08/06/2023;10:01:20;37.13;Synchronized;;;945;08/06/2023;10:01:10;37.16;Synchronized;;;
946;09/06/2023;09:58:16;37.06;;;;946;08/06/2023;10:02:20;37.12;Synchronized;;;946;08/06/2023;10:02:10;37.16;Synchronized;;;
947;09/06/2023;09:59:16;37.07;;;;947;08/06/2023;10:03:20;37.13;Synchronized;;;947;08/06/2023;10:03:10;37.15;Synchronized;;;
948;09/06/2023;10:00:16;37.09;Synchronized;;;948;08/06/2023;10:04:20;37.12;Synchronized;;;948;08/06/2023;10:04:10;37.14;Synchronized;;;
949;09/06/2023;10:01:16;37.13;;;;949;08/06/2023;10:05:19;37.1;Synchronized;;;949;08/06/2023;10:05:10;37.16;Synchronized;;;
950;09/06/2023;10:02:16;37.13;;;;950;08/06/2023;10:06:19;37.09;Synchronized;;;950;08/06/2023;10:06:10;37.14;Synchronized;;;
951;09/06/2023;10:03:16;37.12;Synchronized;;;951;08/06/2023;10:07:19;37.09;Synchronized;;;951;08/06/2023;10:07:10;37.14;Synchronized;;;
952;09/06/2023;10:04:16;37.13;;;;952;08/06/2023;10:08:19;37.09;Synchronized;;;952;08/06/2023;10:08:10;37.14;Synchronized;;;
953;09/06/2023;10:05:16;37.13;;;;953;08/06/2023;10:09:19;37.07;Synchronized;;;953;08/06/2023;10:09:10;37.13;Synchronized;;;
954;09/06/2023;10:06:16;37.13;;;;954;08/06/2023;10:10:19;37.06;Synchronized;;;954;08/06/2023;10:10:10;37.13;Synchronized;;;
955;09/06/2023;10:07:16;37.14;;;;955;08/06/2023;10:11:19;37.07;Synchronized;;;955;08/06/2023;10:11:10;37.15;Synchronized;;;
956;09/06/2023;10:08:16;37.14;;;;956;08/06/2023;10:12:19;37.08;Synchronized;;;956;08/06/2023;10:12:10;37.15;Synchronized;;;
957;09/06/2023;10:09:16;37.14;;;;957;08/06/2023;10:13:19;37.07;Synchronized;;;957;08/06/2023;10:13:10;37.13;Synchronized;;;
958;09/06/2023;10:10:16;37.1;;;;958;08/06/2023;10:14:19;37.05;Synchronized;;;958;08/06/2023;10:14:10;37.13;Synchronized;;;
959;09/06/2023;10:11:16;37.03;;;;959;08/06/2023;10:15:19;37.05;Synchronized;;;959;08/06/2023;10:15:10;37.13;Synchronized;;;
960;09/06/2023;10:12:15;36.99;;;;960;08/06/2023;10:16:19;37.05;Synchronized;;;960;08/06/2023;10:16:10;37.12;Synchronized;;;
961;09/06/2023;10:13:15;36.92;;;;961;08/06/2023;10:17:18;37.04;Synchronized;;;961;08/06/2023;10:17:10;37.11;Synchronized;;;
962;09/06/2023;10:14:15;36.84;;;;962;08/06/2023;10:18:18;37.04;Synchronized;;;962;08/06/2023;10:18:10;37.09;Synchronized;;;
963;09/06/2023;10:15:15;36.77;;;;963;08/06/2023;10:19:18;37.03;Synchronized;;;963;08/06/2023;10:19:10;37.08;Synchronized;;;
964;09/06/2023;10:16:15;36.73;;;;964;08/06/2023;10:20:18;37.02;Synchronized;;;964;08/06/2023;10:20:10;37.08;Synchronized;;;
965;09/06/2023;10:17:15;36.66;;;;965;08/06/2023;10:21:18;37.01;Synchronized;;;965;08/06/2023;10:21:10;37.1;Synchronized;;;
966;09/06/2023;10:18:15;36.69;Synchronized;;;966;08/06/2023;10:22:18;37.05;Synchronized;;;966;08/06/2023;10:22:10;37.1;Synchronized;;;
967;09/06/2023;10:19:15;36.72;;;;967;08/06/2023;10:23:18;37.04;Synchronized;;;967;08/06/2023;10:23:10;37.09;Synchronized;;;
968;09/06/2023;10:20:15;36.71;;;;968;08/06/2023;10:24:18;37.03;Synchronized;;;968;08/06/2023;10:24:10;37.08;Synchronized;;;
969;09/06/2023;10:21:15;36.68;;;;969;08/06/2023;10:25:18;37.03;Synchronized;;;969;08/06/2023;10:25:10;37.11;Synchronized;;;
970;09/06/2023;10:22:15;36.65;;;;970;08/06/2023;10:26:18;37.02;Synchronized;;;970;08/06/2023;10:26:10;37.11;;;;
971;09/06/2023;10:23:15;36.64;;;;971;08/06/2023;10:27:18;37.05;Synchronized;;;971;08/06/2023;10:27:10;37.09;Synchronized;;;
972;09/06/2023;10:24:15;36.58;;;;972;08/06/2023;10:28:17;37.03;Synchronized;;;972;08/06/2023;10:28:10;37.08;Synchronized;;;
973;09/06/2023;10:25:15;36.66;;;;973;08/06/2023;10:29:17;37.02;Synchronized;;;973;08/06/2023;10:29:10;37.08;Synchronized;;;
974;09/06/2023;10:26:15;36.6;;;;974;08/06/2023;10:30:17;37.05;Synchronized;;;974;08/06/2023;10:30:10;37.07;Synchronized;;;
975;09/06/2023;10:27:15;36.63;Synchronized;;;975;08/06/2023;10:31:17;37.03;Synchronized;;;975;08/06/2023;10:31:10;37.09;Synchronized;;;
976;09/06/2023;10:28:15;36.61;;;;976;08/06/2023;10:32:17;37.05;Synchronized;;;976;08/06/2023;10:32:10;37.09;Synchronized;;;
977;09/06/2023;10:29:15;36.53;;;;977;08/06/2023;10:33:17;37.03;Synchronized;;;977;08/06/2023;10:33:10;37.09;Synchronized;;;
978;09/06/2023;10:30:15;36.53;;;;978;08/06/2023;10:34:17;37.04;Synchronized;;;978;08/06/2023;10:34:10;37.08;Synchronized;;;
979;09/06/2023;10:31:15;36.52;;;;979;08/06/2023;10:35:17;37.05;Synchronized;;;979;08/06/2023;10:35:10;37.09;Synchronized;;;
980;09/06/2023;10:32:15;36.52;;;;980;08/06/2023;10:36:17;37.05;Synchronized;;;980;08/06/2023;10:36:10;37.08;Synchronized;;;
981;09/06/2023;10:33:15;36.52;;;;981;08/06/2023;10:37:17;37.04;Synchronized;;;981;08/06/2023;10:37:10;37.05;Synchronized;;;
982;09/06/2023;10:34:15;36.52;;;;982;08/06/2023;10:38:17;37.04;Synchronized;;;982;08/06/2023;10:38:10;37.05;Synchronized;;;
983;09/06/2023;10:35:15;36.32;Synchronized;;;983;08/06/2023;10:39:17;37.05;Synchronized;;;983;08/06/2023;10:39:10;37.05;Synchronized;;;
984;09/06/2023;10:36:15;35.73;;;;984;08/06/2023;10:40:16;37.05;Synchronized;;;984;08/06/2023;10:40:10;37.04;Synchronized;;;
985;09/06/2023;10:37:15;35.62;;;;985;08/06/2023;10:41:16;37.05;Synchronized;;;985;08/06/2023;10:41:10;37.05;Synchronized;;;
986;09/06/2023;10:38:15;35.74;;;;986;08/06/2023;10:42:16;37.05;Synchronized;;;986;08/06/2023;10:42:10;37.03;Synchronized;;;
987;09/06/2023;10:39:15;35.87;Synchronized;;;987;08/06/2023;10:43:16;37.04;Synchronized;;;987;08/06/2023;10:43:10;37.04;Synchronized;;;
988;09/06/2023;10:40:15;35.98;;;;988;08/06/2023;10:44:16;37.02;Synchronized;;;988;08/06/2023;10:44:10;37.05;Synchronized;;;
989;09/06/2023;10:41:14;36.15;;;;989;08/06/2023;10:45:16;37.01;Synchronized;;;989;08/06/2023;10:45:10;37.05;Synchronized;;;
990;09/06/2023;10:42:14;36.29;;;;990;08/06/2023;10:46:16;37.02;Synchronized;;;990;08/06/2023;10:46:09;37.03;Synchronized;;;
991;09/06/2023;10:43:14;36.38;;;;991;08/06/2023;10:47:16;37.02;Synchronized;;;991;08/06/2023;10:47:09;37.03;Synchronized;;;
992;09/06/2023;10:44:14;36.47;;;;992;08/06/2023;10:48:16;37;Synchronized;;;992;08/06/2023;10:48:09;37.02;Synchronized;;;
993;09/06/2023;10:45:14;36.54;;;;993;08/06/2023;10:49:16;37.02;Synchronized;;;993;08/06/2023;10:49:09;37;Synchronized;;;
994;09/06/2023;10:46:14;36.59;;;;994;08/06/2023;10:50:16;37.02;Synchronized;;;994;08/06/2023;10:50:09;37.03;Synchronized;;;
995;09/06/2023;10:47:14;36.64;;;;995;08/06/2023;10:51:16;37.04;Synchronized;;;995;08/06/2023;10:51:09;37.03;Synchronized;;;
996;09/06/2023;10:48:14;36.7;;;;996;08/06/2023;10:52:15;37.04;Synchronized;;;996;08/06/2023;10:52:09;37.03;Synchronized;;;
997;09/06/2023;10:49:14;36.72;;;;997;08/06/2023;10:53:15;37.02;Synchronized;;;997;08/06/2023;10:53:09;36.84;Synchronized;;;
998;09/06/2023;10:50:14;36.76;;;;998;08/06/2023;10:54:15;37.02;Synchronized;;;998;08/06/2023;10:54:09;33.91;Synchronized;;;
999;09/06/2023;10:51:14;36.8;;;;999;08/06/2023;10:55:15;37;Synchronized;;;999;08/06/2023;10:55:09;32.51;Synchronized;;;
1000;09/06/2023;10:52:14;36.82;;;;1000;08/06/2023;10:56:15;36.98;Synchronized;;;1000;08/06/2023;10:56:09;32.56;Synchronized;;;
1001;09/06/2023;10:53:14;36.88;;;;1001;08/06/2023;10:57:15;36.96;Synchronized;;;1001;08/06/2023;10:57:09;33.16;Synchronized;;;
1002;09/06/2023;10:54:14;36.9;;;;1002;08/06/2023;10:58:15;36.96;Synchronized;;;1002;08/06/2023;10:58:09;33.78;Synchronized;;;
1003;09/06/2023;10:55:14;36.14;;;;1003;08/06/2023;10:59:15;36.98;Synchronized;;;1003;08/06/2023;10:59:09;34.26;Synchronized;;;
1004;09/06/2023;10:56:14;35.49;;;;1004;08/06/2023;11:00:15;37;Synchronized;;;1004;08/06/2023;11:00:09;34.82;Synchronized;;;
1005;09/06/2023;10:57:14;35.48;;;;1005;08/06/2023;11:01:15;37.03;Synchronized;;;1005;08/06/2023;11:01:09;35.27;Synchronized;;;
1006;09/06/2023;10:58:14;35.7;;;;1006;08/06/2023;11:02:15;37.05;Synchronized;;;1006;08/06/2023;11:02:09;35.6;Synchronized;;;
1007;09/06/2023;10:59:14;35.91;;;;1007;08/06/2023;11:03:14;37.05;Synchronized;;;1007;08/06/2023;11:03:09;35.88;Synchronized;;;
1008;09/06/2023;11:00:14;35.96;;;;1008;08/06/2023;11:04:14;37.07;Synchronized;;;1008;08/06/2023;11:04:09;36.02;Synchronized;;;
1009;09/06/2023;11:01:14;36.13;;;;1009;08/06/2023;11:05:14;37.06;Synchronized;;;1009;08/06/2023;11:05:09;36.27;;;;
1010;09/06/2023;11:02:14;35.43;;;;1010;08/06/2023;11:06:14;37.09;Synchronized;;;1010;08/06/2023;11:06:09;36.48;Synchronized;;;
1011;09/06/2023;11:03:14;34.83;;;;1011;08/06/2023;11:07:14;37.1;Synchronized;;;1011;08/06/2023;11:07:09;36.71;Synchronized;;;
1012;09/06/2023;11:04:14;35.1;;;;1012;08/06/2023;11:08:14;37.12;Synchronized;;;1012;08/06/2023;11:08:09;36.85;Synchronized;;;
1013;09/06/2023;11:05:14;35.34;;;;1013;08/06/2023;11:09:14;37.1;Synchronized;;;1013;08/06/2023;11:09:09;36.9;Synchronized;;;
1014;09/06/2023;11:06:14;35.66;;;;1014;08/06/2023;11:10:14;37.09;Synchronized;;;1014;08/06/2023;11:10:09;36.91;Synchronized;;;
1015;09/06/2023;11:07:14;35.8;;;;1015;08/06/2023;11:11:14;37.09;Synchronized;;;1015;08/06/2023;11:11:09;36.92;Synchronized;;;
1016;09/06/2023;11:08:14;35.27;;;;1016;08/06/2023;11:12:14;37.1;Synchronized;;;1016;08/06/2023;11:12:09;36.96;Synchronized;;;
1017;09/06/2023;11:09:14;35.18;;;;1017;08/06/2023;11:13:14;37.13;Synchronized;;;1017;08/06/2023;11:13:09;34.64;Synchronized;;;
1018;09/06/2023;11:10:14;35.37;;;;1018;08/06/2023;11:14:14;37.12;Synchronized;;;1018;08/06/2023;11:14:09;34.47;Synchronized;;;
1019;09/06/2023;11:11:14;35.52;;;;1019;08/06/2023;11:15:13;37.13;Synchronized;;;1019;08/06/2023;11:15:09;34.78;Synchronized;;;
1020;09/06/2023;11:12:14;35.69;;;;1020;08/06/2023;11:16:13;37.09;Synchronized;;;1020;08/06/2023;11:16:09;35.34;Synchronized;;;
1021;09/06/2023;11:13:14;34.68;;;;1021;08/06/2023;11:17:13;37.13;Synchronized;;;1021;08/06/2023;11:17:09;35.83;Synchronized;;;
1022;09/06/2023;11:14:14;34.24;;;;1022;08/06/2023;11:18:13;37.13;Synchronized;;;1022;08/06/2023;11:18:09;36.27;Synchronized;;;
1023;09/06/2023;11:15:14;34.49;;;;1023;08/06/2023;11:19:13;37.13;Synchronized;;;1023;08/06/2023;11:19:09;36.53;Synchronized;;;
1024;09/06/2023;11:16:13;34.81;;;;1024;08/06/2023;11:20:13;37.13;Synchronized;;;1024;08/06/2023;11:20:09;36.62;Synchronized;;;
1025;09/06/2023;11:17:14;35.19;;;;1025;08/06/2023;11:21:13;37.13;Synchronized;;;1025;08/06/2023;11:21:09;36.71;Synchronized;;;
1026;09/06/2023;11:18:14;35.45;;;;1026;08/06/2023;11:22:13;37.12;Synchronized;;;1026;08/06/2023;11:22:08;36.75;Synchronized;;;
1027;09/06/2023;11:19:14;34.55;;;;1027;08/06/2023;11:23:13;37.1;Synchronized;;;1027;08/06/2023;11:23:08;36.81;Synchronized;;;
1028;09/06/2023;11:20:13;35.03;;;;1028;08/06/2023;11:24:13;37.1;Synchronized;;;1028;08/06/2023;11:24:08;36.87;Synchronized;;;
1029;09/06/2023;11:21:14;35.4;;;;1029;08/06/2023;11:25:13;37.08;Synchronized;;;1029;08/06/2023;11:25:08;36.91;Synchronized;;;
1030;09/06/2023;11:22:14;35.64;;;;1030;08/06/2023;11:26:12;37.09;Synchronized;;;1030;08/06/2023;11:26:08;36.95;Synchronized;;;
1031;09/06/2023;11:23:13;35.77;;;;1031;08/06/2023;11:27:12;37.07;Synchronized;;;1031;08/06/2023;11:27:08;37.02;Synchronized;;;
1032;09/06/2023;11:24:13;35.99;;;;1032;08/06/2023;11:28:12;37.08;Synchronized;;;1032;08/06/2023;11:28:08;37.04;Synchronized;;;
1033;09/06/2023;11:25:13;36.11;;;;1033;08/06/2023;11:29:12;37.03;Synchronized;;;1033;08/06/2023;11:29:08;37.05;Synchronized;;;
1034;09/06/2023;11:26:13;36.26;;;;1034;08/06/2023;11:30:12;37.04;Synchronized;;;1034;08/06/2023;11:30:08;37.13;Synchronized;;;
1035;09/06/2023;11:27:13;36.4;;;;1035;08/06/2023;11:31:12;37;Synchronized;;;1035;08/06/2023;11:31:08;37.13;Synchronized;;;
1036;09/06/2023;11:28:13;36.34;;;;1036;08/06/2023;11:32:12;37.01;Synchronized;;;1036;08/06/2023;11:32:08;37.13;Synchronized;;;
1037;09/06/2023;11:29:13;36.12;;;;1037;08/06/2023;11:33:12;36.98;Synchronized;;;1037;08/06/2023;11:33:08;37.16;Synchronized;;;
1038;09/06/2023;11:30:13;36.16;;;;1038;08/06/2023;11:34:12;36.97;Synchronized;;;1038;08/06/2023;11:34:08;37.16;Synchronized;;;
1039;09/06/2023;11:31:13;36.22;;;;1039;08/06/2023;11:35:12;36.98;Synchronized;;;1039;08/06/2023;11:35:08;37.2;Synchronized;;;
1040;09/06/2023;11:32:13;36.27;;;;1040;08/06/2023;11:36:12;37;Synchronized;;;1040;08/06/2023;11:36:08;37.2;Synchronized;;;
1041;09/06/2023;11:33:13;36.34;;;;1041;08/06/2023;11:37:12;36.98;Synchronized;;;1041;08/06/2023;11:37:08;37.2;Synchronized;;;
1042;09/06/2023;11:34:13;36.4;;;;1042;08/06/2023;11:38:11;37;Synchronized;;;1042;08/06/2023;11:38:08;36.55;;;;
1043;09/06/2023;11:35:13;36.45;;;;1043;08/06/2023;11:39:11;36.98;Synchronized;;;1043;08/06/2023;11:39:08;36.65;;;;
1044;09/06/2023;11:36:13;36.52;;;;1044;08/06/2023;11:40:11;36.97;Synchronized;;;1044;08/06/2023;11:40:08;36.31;;;;
1045;09/06/2023;11:37:13;36.23;;;;1045;08/06/2023;11:41:11;37;Synchronized;;;1045;08/06/2023;11:41:08;36.53;Synchronized;;;
1046;09/06/2023;11:38:13;35.94;;;;1046;08/06/2023;11:42:11;36.98;Synchronized;;;1046;08/06/2023;11:42:08;36.71;Synchronized;;;
1047;09/06/2023;11:39:13;35.94;;;;1047;08/06/2023;11:43:11;36.98;Synchronized;;;1047;08/06/2023;11:43:07;36.83;Synchronized;;;
1048;09/06/2023;11:40:13;35.99;;;;1048;08/06/2023;11:44:11;36.98;Synchronized;;;1048;08/06/2023;11:44:07;36.84;;;;
1049;09/06/2023;11:41:13;36.11;Synchronized;;;1049;08/06/2023;11:45:11;36.98;Synchronized;;;1049;08/06/2023;11:45:07;36.88;Synchronized;;;
1050;09/06/2023;11:42:13;36.22;Synchronized;;;1050;08/06/2023;11:46:11;36.98;Synchronized;;;1050;08/06/2023;11:46:07;36.92;;;;
1051;09/06/2023;11:43:13;36.31;Synchronized;;;1051;08/06/2023;11:47:11;36.93;Synchronized;;;1051;08/06/2023;11:47:07;36.98;;;;
1052;09/06/2023;11:44:13;36.38;;;;1052;08/06/2023;11:48:11;36.93;Synchronized;;;1052;08/06/2023;11:48:07;37;Synchronized;;;
1053;09/06/2023;11:45:13;36.45;;;;1053;08/06/2023;11:49:10;36.88;Synchronized;;;1053;08/06/2023;11:49:07;37.04;;;;
1054;09/06/2023;11:46:13;36.55;;;;1054;08/06/2023;11:50:10;36.59;Synchronized;;;1054;08/06/2023;11:50:07;37.05;Synchronized;;;
1055;09/06/2023;11:47:13;36.6;;;;1055;08/06/2023;11:51:10;36.58;Synchronized;;;1055;08/06/2023;11:51:07;37;;;;
1056;09/06/2023;11:48:13;36.66;;;;1056;08/06/2023;11:52:10;36.64;Synchronized;;;1056;08/06/2023;11:52:07;36.88;;;;
1057;09/06/2023;11:49:13;36.7;;;;1057;08/06/2023;11:53:10;36.71;Synchronized;;;1057;08/06/2023;11:53:07;36.78;Synchronized;;;
1058;09/06/2023;11:50:13;36.77;;;;1058;08/06/2023;11:54:10;36.74;Synchronized;;;1058;08/06/2023;11:54:07;36.64;;;;
1059;09/06/2023;11:51:13;36.8;;;;1059;08/06/2023;11:55:10;36.73;Synchronized;;;1059;08/06/2023;11:55:07;36.76;;;;
1060;09/06/2023;11:52:13;36.83;;;;1060;08/06/2023;11:56:10;36.76;Synchronized;;;1060;08/06/2023;11:56:07;36.84;Synchronized;;;
1061;09/06/2023;11:53:13;36.84;;;;1061;08/06/2023;11:57:10;36.47;Synchronized;;;1061;08/06/2023;11:57:07;36.9;;;;
1062;09/06/2023;11:54:12;36.86;;;;1062;08/06/2023;11:58:10;36.45;Synchronized;;;1062;08/06/2023;11:58:07;36.97;Synchronized;;;
1063;09/06/2023;11:55:12;36.88;;;;1063;08/06/2023;11:59:10;36.41;Synchronized;;;1063;08/06/2023;11:59:07;36.98;;;;
1064;09/06/2023;11:56:12;36.9;;;;1064;08/06/2023;12:00:10;36.42;Synchronized;;;1064;08/06/2023;12:00:07;37.02;Synchronized;;;
1065;09/06/2023;11:57:12;36.91;;;;1065;08/06/2023;12:01:09;36.48;Synchronized;;;1065;08/06/2023;12:01:07;37.05;Synchronized;;;
1066;09/06/2023;11:58:12;36.92;;;;1066;08/06/2023;12:02:09;36.59;Synchronized;;;1066;08/06/2023;12:02:07;37.03;Synchronized;;;
1067;09/06/2023;11:59:12;34.62;;;;1067;08/06/2023;12:03:09;36.64;Synchronized;;;1067;08/06/2023;12:03:07;37.01;;;;
1068;09/06/2023;12:00:12;35.03;;;;1068;08/06/2023;12:04:09;36.66;Synchronized;;;1068;08/06/2023;12:04:07;37.02;Synchronized;;;
1069;09/06/2023;12:01:12;35.44;;;;1069;08/06/2023;12:05:09;36.74;Synchronized;;;1069;08/06/2023;12:05:07;37.04;;;;
1070;09/06/2023;12:02:12;35.7;;;;1070;08/06/2023;12:06:09;36.82;Synchronized;;;1070;08/06/2023;12:06:07;37.05;Synchronized;;;
1071;09/06/2023;12:03:12;35.95;;;;1071;08/06/2023;12:07:09;36.89;Synchronized;;;1071;08/06/2023;12:07:07;37.09;Synchronized;;;
1072;09/06/2023;12:04:12;36.14;;;;1072;08/06/2023;12:08:09;36.9;Synchronized;;;1072;08/06/2023;12:08:07;37.1;Synchronized;;;
1073;09/06/2023;12:05:12;36.27;;;;1073;08/06/2023;12:09:09;36.91;Synchronized;;;1073;08/06/2023;12:09:06;37.14;Synchronized;;;
1074;09/06/2023;12:06:12;36.38;;;;1074;08/06/2023;12:10:09;36.87;Synchronized;;;1074;08/06/2023;12:10:06;37.14;Synchronized;;;
1075;09/06/2023;12:07:12;36.51;;;;1075;08/06/2023;12:11:09;36.79;Synchronized;;;1075;08/06/2023;12:11:06;36.76;Synchronized;;;
1076;09/06/2023;12:08:12;36.56;;;;1076;08/06/2023;12:12:09;36.8;Synchronized;;;1076;08/06/2023;12:12:06;36.62;;;;
1077;09/06/2023;12:09:12;36.63;;;;1077;08/06/2023;12:13:08;36.8;Synchronized;;;1077;08/06/2023;12:13:06;36.55;Synchronized;;;
1078;09/06/2023;12:10:12;36.7;;;;1078;08/06/2023;12:14:08;36.83;Synchronized;;;1078;08/06/2023;12:14:06;36.52;;;;
1079;09/06/2023;12:11:12;36.73;;;;1079;08/06/2023;12:15:08;36.87;Synchronized;;;1079;08/06/2023;12:15:06;36.47;;;;
1080;09/06/2023;12:12:12;36.73;;;;1080;08/06/2023;12:16:08;36.87;Synchronized;;;1080;08/06/2023;12:16:06;36.53;Synchronized;;;
1081;09/06/2023;12:13:12;36.8;;;;1081;08/06/2023;12:17:08;36.88;Synchronized;;;1081;08/06/2023;12:17:06;36.63;;;;
1082;09/06/2023;12:14:12;36.83;;;;1082;08/06/2023;12:18:08;36.9;Synchronized;;;1082;08/06/2023;12:18:06;36.72;Synchronized;;;
1083;09/06/2023;12:15:12;36.85;;;;1083;08/06/2023;12:19:08;36.95;Synchronized;;;1083;08/06/2023;12:19:06;36.76;Synchronized;;;
1084;09/06/2023;12:16:12;36.84;;;;1084;08/06/2023;12:20:08;36.97;Synchronized;;;1084;08/06/2023;12:20:06;36.86;;;;
1085;09/06/2023;12:17:11;36.84;;;;1085;08/06/2023;12:21:08;37;Synchronized;;;1085;08/06/2023;12:21:06;36.88;;;;
1086;09/06/2023;12:18:11;36.88;;;;1086;08/06/2023;12:22:08;36.98;Synchronized;;;1086;08/06/2023;12:22:06;36.94;Synchronized;;;
1087;09/06/2023;12:19:11;36.43;;;;1087;08/06/2023;12:23:08;37.01;Synchronized;;;1087;08/06/2023;12:23:06;36.97;Synchronized;;;
1088;09/06/2023;12:20:11;36.52;;;;1088;08/06/2023;12:24:07;37.02;Synchronized;;;1088;08/06/2023;12:24:06;36.98;Synchronized;;;
1089;09/06/2023;12:21:11;36.54;;;;1089;08/06/2023;12:25:07;37.02;Synchronized;;;1089;08/06/2023;12:25:06;37.01;;;;
1090;09/06/2023;12:22:11;36.58;;;;1090;08/06/2023;12:26:07;37.04;Synchronized;;;1090;08/06/2023;12:26:06;37.02;Synchronized;;;
1091;09/06/2023;12:23:11;36.66;;;;1091;08/06/2023;12:27:07;37.07;Synchronized;;;1091;08/06/2023;12:27:06;37.05;Synchronized;;;
1092;09/06/2023;12:24:11;36.67;;;;1092;08/06/2023;12:28:07;37.07;Synchronized;;;1092;08/06/2023;12:28:06;37.09;Synchronized;;;
1093;09/06/2023;12:25:11;36.67;;;;1093;08/06/2023;12:29:07;37.12;Synchronized;;;1093;08/06/2023;12:29:06;37.09;;;;
1094;09/06/2023;12:26:11;36.7;;;;1094;08/06/2023;12:30:07;37.09;Synchronized;;;1094;08/06/2023;12:30:06;37.12;;;;
1095;09/06/2023;12:27:11;36.73;;;;1095;08/06/2023;12:31:07;37.07;Synchronized;;;1095;08/06/2023;12:31:06;37.13;;;;
1096;09/06/2023;12:28:11;36.8;;;;1096;08/06/2023;12:32:07;37.07;Synchronized;;;1096;08/06/2023;12:32:06;37.15;Synchronized;;;
1097;09/06/2023;12:29:11;36.8;;;;1097;08/06/2023;12:33:07;37.12;Synchronized;;;1097;08/06/2023;12:33:06;37.17;;;;
1098;09/06/2023;12:30:11;36.83;;;;1098;08/06/2023;12:34:07;37.1;Synchronized;;;1098;08/06/2023;12:34:06;37.12;Synchronized;;;
1099;09/06/2023;12:31:11;36.84;;;;1099;08/06/2023;12:35:07;37.13;Synchronized;;;1099;08/06/2023;12:35:06;37.14;Synchronized;;;
1100;09/06/2023;12:32:11;36.88;;;;1100;08/06/2023;12:36:06;37.12;Synchronized;;;1100;08/06/2023;12:36:06;37.14;Synchronized;;;
1101;09/06/2023;12:33:11;36.88;;;;1101;08/06/2023;12:37:06;37.15;Synchronized;;;1101;08/06/2023;12:37:06;37.15;Synchronized;;;
1102;09/06/2023;12:34:11;36.91;;;;1102;08/06/2023;12:38:06;37.15;Synchronized;;;1102;08/06/2023;12:38:06;37.14;Synchronized;;;
1103;09/06/2023;12:35:11;36.89;;;;1103;08/06/2023;12:39:06;37.16;Synchronized;;;1103;08/06/2023;12:39:06;37.13;Synchronized;;;
1104;09/06/2023;12:36:10;36.91;;;;1104;08/06/2023;12:40:06;37.16;Synchronized;;;1104;08/06/2023;12:40:06;37.19;Synchronized;;;
1105;09/06/2023;12:37:10;36.85;Synchronized;;;1105;08/06/2023;12:41:06;37.16;;;;1105;08/06/2023;12:41:06;37.2;Synchronized;;;
1106;09/06/2023;12:38:10;36.86;Synchronized;;;1106;08/06/2023;12:42:06;37.01;Synchronized;;;1106;08/06/2023;12:42:06;37.17;Synchronized;;;
1107;09/06/2023;12:39:10;36.86;Synchronized;;;1107;08/06/2023;12:43:06;36.89;Synchronized;;;1107;08/06/2023;12:43:06;37.14;Synchronized;;;
1108;09/06/2023;12:40:10;36.88;Synchronized;;;1108;08/06/2023;12:44:06;36.77;Synchronized;;;1108;08/06/2023;12:44:06;37.21;Synchronized;;;
1109;09/06/2023;12:41:10;36.86;Synchronized;;;1109;08/06/2023;12:45:06;36.79;Synchronized;;;1109;08/06/2023;12:45:06;37.23;Synchronized;;;
1110;09/06/2023;12:42:10;36.93;Synchronized;;;1110;08/06/2023;12:46:06;36.79;Synchronized;;;1110;08/06/2023;12:46:06;37.2;Synchronized;;;
1111;09/06/2023;12:43:09;36.94;Synchronized;;;1111;08/06/2023;12:47:06;36.8;Synchronized;;;1111;08/06/2023;12:47:06;37.2;;;;
1112;09/06/2023;12:44:09;36.98;Synchronized;;;1112;08/06/2023;12:48:05;36.85;Synchronized;;;1112;08/06/2023;12:48:06;37.26;Synchronized;;;
1113;09/06/2023;12:45:09;36.99;Synchronized;;;1113;08/06/2023;12:49:05;36.88;Synchronized;;;1113;08/06/2023;12:49:06;37.19;Synchronized;;;
1114;09/06/2023;12:46:09;37.01;Synchronized;;;1114;08/06/2023;12:50:05;36.92;Synchronized;;;1114;08/06/2023;12:50:06;37.23;Synchronized;;;
1115;09/06/2023;12:47:09;36.99;Synchronized;;;1115;08/06/2023;12:51:05;36.9;Synchronized;;;1115;08/06/2023;12:51:06;37.2;Synchronized;;;
1116;09/06/2023;12:48:09;37.04;Synchronized;;;1116;08/06/2023;12:52:05;36.87;Synchronized;;;1116;08/06/2023;12:52:06;37.16;Synchronized;;;
1117;09/06/2023;12:49:09;37.15;;;;1117;08/06/2023;12:53:05;36.91;Synchronized;;;1117;08/06/2023;12:53:06;37.13;Synchronized;;;
1118;09/06/2023;12:50:09;37.16;Synchronized;;;1118;08/06/2023;12:54:05;37;Synchronized;;;1118;08/06/2023;12:54:06;37.14;Synchronized;;;
1119;09/06/2023;12:51:09;37.14;Synchronized;;;1119;08/06/2023;12:55:05;37.01;Synchronized;;;1119;08/06/2023;12:55:06;37.09;Synchronized;;;
1120;09/06/2023;12:52:09;37.2;;;;1120;08/06/2023;12:56:05;37.01;Synchronized;;;1120;08/06/2023;12:56:06;37.09;Synchronized;;;
1121;09/06/2023;12:53:09;37.24;;;;1121;08/06/2023;12:57:05;37.05;Synchronized;;;1121;08/06/2023;12:57:06;37.09;Synchronized;;;
1122;09/06/2023;12:54:09;37.3;Synchronized;;;1122;08/06/2023;12:58:05;37.06;Synchronized;;;1122;08/06/2023;12:58:06;37.08;Synchronized;;;
1123;09/06/2023;12:55:09;37.31;Synchronized;;;1123;08/06/2023;12:59:05;37.03;Synchronized;;;1123;08/06/2023;12:59:06;37.11;Synchronized;;;
1124;09/06/2023;12:56:09;37.3;Synchronized;;;1124;08/06/2023;13:00:04;37.08;Synchronized;;;1124;08/06/2023;13:00:06;37.13;Synchronized;;;
1125;09/06/2023;12:57:09;37.33;Synchronized;;;1125;08/06/2023;13:01:04;37.1;Synchronized;;;1125;08/06/2023;13:01:06;37.12;Synchronized;;;
1126;09/06/2023;12:58:09;37.33;Synchronized;;;1126;08/06/2023;13:02:04;37.13;Synchronized;;;1126;08/06/2023;13:02:06;37.07;Synchronized;;;
1127;09/06/2023;12:59:08;37.37;Synchronized;;;1127;08/06/2023;13:03:04;37.13;Synchronized;;;1127;08/06/2023;13:03:05;37.05;Synchronized;;;
1128;09/06/2023;13:00:08;37.39;Synchronized;;;1128;08/06/2023;13:04:04;37.13;Synchronized;;;1128;08/06/2023;13:04:05;37.02;Synchronized;;;
1129;09/06/2023;13:01:08;37.41;Synchronized;;;1129;08/06/2023;13:05:04;37.13;Synchronized;;;1129;08/06/2023;13:05:05;37.03;Synchronized;;;
1130;09/06/2023;13:02:08;37.35;Synchronized;;;1130;08/06/2023;13:06:04;37.13;Synchronized;;;1130;08/06/2023;13:06:05;37.02;Synchronized;;;
1131;09/06/2023;13:03:08;37.41;Synchronized;;;1131;08/06/2023;13:07:04;37.18;Synchronized;;;1131;08/06/2023;13:07:05;37.04;Synchronized;;;
1132;09/06/2023;13:04:08;37.4;Synchronized;;;1132;08/06/2023;13:08:04;37.19;Synchronized;;;1132;08/06/2023;13:08:05;36.99;Synchronized;;;
1133;09/06/2023;13:05:08;37.45;Synchronized;;;1133;08/06/2023;13:09:04;37.2;Synchronized;;;1133;08/06/2023;13:09:05;37;Synchronized;;;
1134;09/06/2023;13:06:08;37.46;Synchronized;;;1134;08/06/2023;13:10:04;37.2;Synchronized;;;1134;08/06/2023;13:10:05;36.96;Synchronized;;;
1135;09/06/2023;13:07:08;37.49;Synchronized;;;1135;08/06/2023;13:11:04;37.22;Synchronized;;;1135;08/06/2023;13:11:05;36.97;Synchronized;;;
1136;09/06/2023;13:08:08;37.46;Synchronized;;;1136;08/06/2023;13:12:03;37.24;Synchronized;;;1136;08/06/2023;13:12:05;36.94;Synchronized;;;
1137;09/06/2023;13:09:07;37.44;Synchronized;;;1137;08/06/2023;13:13:03;37.23;Synchronized;;;1137;08/06/2023;13:13:05;36.93;Synchronized;;;
1138;09/06/2023;13:10:07;37.47;Synchronized;;;1138;08/06/2023;13:14:03;37.25;Synchronized;;;1138;08/06/2023;13:14:05;37.05;Synchronized;;;
1139;09/06/2023;13:11:07;37.46;Synchronized;;;1139;08/06/2023;13:15:03;37.2;Synchronized;;;1139;08/06/2023;13:15:05;37.09;Synchronized;;;
1140;09/06/2023;13:12:07;37.47;Synchronized;;;1140;08/06/2023;13:16:03;37.18;Synchronized;;;1140;08/06/2023;13:16:05;37.11;Synchronized;;;
1141;09/06/2023;13:13:07;37.47;Synchronized;;;1141;08/06/2023;13:17:03;37.19;;;;1141;08/06/2023;13:17:05;37.13;;;;
1142;09/06/2023;13:14:07;37.39;Synchronized;;;1142;08/06/2023;13:18:03;37.18;Synchronized;;;1142;08/06/2023;13:18:05;37.13;Synchronized;;;
1143;09/06/2023;13:15:07;37.4;Synchronized;;;1143;08/06/2023;13:19:03;37.18;Synchronized;;;1143;08/06/2023;13:19:05;37.12;Synchronized;;;
1144;09/06/2023;13:16:07;37.43;Synchronized;;;1144;08/06/2023;13:20:03;37.19;Synchronized;;;1144;08/06/2023;13:20:05;37.13;Synchronized;;;
1145;09/06/2023;13:17:07;37.41;Synchronized;;;1145;08/06/2023;13:21:03;37.2;Synchronized;;;1145;08/06/2023;13:21:05;37.13;Synchronized;;;
1146;09/06/2023;13:18:07;37.49;Synchronized;;;1146;08/06/2023;13:22:02;37.19;Synchronized;;;1146;08/06/2023;13:22:05;37.13;Synchronized;;;
1147;09/06/2023;13:19:06;37.47;Synchronized;;;1147;08/06/2023;13:23:02;37.22;Synchronized;;;1147;08/06/2023;13:23:05;37.15;Synchronized;;;
1148;09/06/2023;13:20:06;37.46;Synchronized;;;1148;08/06/2023;13:24:02;37.2;Synchronized;;;1148;08/06/2023;13:24:05;37.14;Synchronized;;;
1149;09/06/2023;13:21:06;37.45;Synchronized;;;1149;08/06/2023;13:25:02;37.2;Synchronized;;;1149;08/06/2023;13:25:05;37.15;Synchronized;;;
1150;09/06/2023;13:22:06;37.43;Synchronized;;;1150;08/06/2023;13:26:02;37.21;Synchronized;;;1150;08/06/2023;13:26:05;37.15;Synchronized;;;
1151;09/06/2023;13:23:06;37.43;;;;1151;08/06/2023;13:27:02;37.2;Synchronized;;;1151;08/06/2023;13:27:05;37.2;Synchronized;;;
1152;09/06/2023;13:24:06;37.39;;;;1152;08/06/2023;13:28:02;37.22;Synchronized;;;1152;08/06/2023;13:28:05;37.24;Synchronized;;;
1153;09/06/2023;13:25:06;37.41;Synchronized;;;1153;08/06/2023;13:29:02;37.24;Synchronized;;;1153;08/06/2023;13:29:05;37.25;Synchronized;;;
1154;09/06/2023;13:26:06;37.38;Synchronized;;;1154;08/06/2023;13:30:01;37.24;Synchronized;;;1154;08/06/2023;13:30:05;37.27;Synchronized;;;
1155;09/06/2023;13:27:06;37.42;;;;1155;08/06/2023;13:31:01;37.21;Synchronized;;;1155;08/06/2023;13:31:05;37.29;Synchronized;;;
1156;09/06/2023;13:28:06;37.5;;;;1156;08/06/2023;13:32:01;37.21;Synchronized;;;1156;08/06/2023;13:32:05;37.29;Synchronized;;;
1157;09/06/2023;13:29:05;37.52;;;;1157;08/06/2023;13:33:01;37.24;Synchronized;;;1157;08/06/2023;13:33:05;37.29;;;;
1158;09/06/2023;13:30:05;37.52;;;;1158;08/06/2023;13:34:01;37.25;;;;1158;08/06/2023;13:34:05;37.27;Synchronized;;;
1159;09/06/2023;13:31:05;37.55;;;;1159;08/06/2023;13:35:01;37.2;Synchronized;;;1159;08/06/2023;13:35:05;37.27;Synchronized;;;
1160;09/06/2023;13:32:05;37.55;;;;1160;08/06/2023;13:36:01;37.22;Synchronized;;;1160;08/06/2023;13:36:05;37.27;Synchronized;;;
1161;09/06/2023;13:33:05;37.55;;;;1161;08/06/2023;13:37:01;37.22;Synchronized;;;1161;08/06/2023;13:37:05;37.27;Synchronized;;;
1162;09/06/2023;13:34:05;37.53;;;;1162;08/06/2023;13:38:01;37.2;Synchronized;;;1162;08/06/2023;13:38:05;37.27;Synchronized;;;
1163;09/06/2023;13:35:05;37.54;;;;1163;08/06/2023;13:39:00;37.2;Synchronized;;;1163;08/06/2023;13:39:05;37.23;Synchronized;;;
1164;09/06/2023;13:36:05;37.44;;;;1164;08/06/2023;13:40:00;37.2;Synchronized;;;1164;08/06/2023;13:40:05;37.26;;;;
1165;09/06/2023;13:37:05;37.41;;;;1165;08/06/2023;13:41:00;37.16;Synchronized;;;1165;08/06/2023;13:41:05;37.21;Synchronized;;;
1166;09/06/2023;13:38:05;37.42;Synchronized;;;1166;08/06/2023;13:42:00;37.18;Synchronized;;;1166;08/06/2023;13:42:05;37.22;Synchronized;;;
1167;09/06/2023;13:39:05;37.41;;;;1167;08/06/2023;13:43:00;37.17;Synchronized;;;1167;08/06/2023;13:43:05;37.21;Synchronized;;;
1168;09/06/2023;13:40:05;37.42;;;;1168;08/06/2023;13:44:00;37.16;Synchronized;;;1168;08/06/2023;13:44:05;37.11;Synchronized;;;
1169;09/06/2023;13:41:04;37.47;;;;1169;08/06/2023;13:45:00;37.16;Synchronized;;;1169;08/06/2023;13:45:05;37.05;Synchronized;;;
1170;09/06/2023;13:42:04;37.47;;;;1170;08/06/2023;13:46:00;37.16;Synchronized;;;1170;08/06/2023;13:46:05;37.05;Synchronized;;;
1171;09/06/2023;13:43:04;37.46;;;;1171;08/06/2023;13:46:59;37.16;Synchronized;;;1171;08/06/2023;13:47:05;37.03;;;;
1172;09/06/2023;13:44:04;37.47;;;;1172;08/06/2023;13:47:59;37.16;Synchronized;;;1172;08/06/2023;13:48:05;37.03;Synchronized;;;
1173;09/06/2023;13:45:04;37.47;;;;1173;08/06/2023;13:48:59;37.16;Synchronized;;;1173;08/06/2023;13:49:05;37.05;;;;
1174;09/06/2023;13:46:04;37.49;;;;1174;08/06/2023;13:49:59;37.13;Synchronized;;;1174;08/06/2023;13:50:05;37.05;Synchronized;;;
1175;09/06/2023;13:47:04;37.48;;;;1175;08/06/2023;13:50:59;37.13;Synchronized;;;1175;08/06/2023;13:51:05;37.08;;;;
1176;09/06/2023;13:48:04;37.46;;;;1176;08/06/2023;13:51:59;37.14;Synchronized;;;1176;08/06/2023;13:52:05;37.09;Synchronized;;;
1177;09/06/2023;13:49:04;37.48;;;;1177;08/06/2023;13:52:59;37.16;Synchronized;;;1177;08/06/2023;13:53:05;37.09;Synchronized;;;
1178;09/06/2023;13:50:04;37.47;;;;1178;08/06/2023;13:53:59;37.15;Synchronized;;;1178;08/06/2023;13:54:05;37.13;Synchronized;;;
1179;09/06/2023;13:51:03;37.48;;;;1179;08/06/2023;13:54:58;37.16;Synchronized;;;1179;08/06/2023;13:55:05;37.13;Synchronized;;;
1180;09/06/2023;13:52:03;37.48;;;;1180;08/06/2023;13:55:58;37.15;Synchronized;;;1180;08/06/2023;13:56:05;37.09;Synchronized;;;
1181;09/06/2023;13:53:03;37.5;;;;1181;08/06/2023;13:56:58;37.14;Synchronized;;;1181;08/06/2023;13:57:05;37.11;Synchronized;;;
1182;09/06/2023;13:54:03;37.46;;;;1182;08/06/2023;13:57:58;37.16;Synchronized;;;1182;08/06/2023;13:58:05;37.05;Synchronized;;;
1183;09/06/2023;13:55:03;37.47;;;;1183;08/06/2023;13:58:58;37.14;Synchronized;;;1183;08/06/2023;13:59:05;37.1;Synchronized;;;
1184;09/06/2023;13:56:03;37.45;;;;1184;08/06/2023;13:59:58;37.12;Synchronized;;;1184;08/06/2023;14:00:05;37.14;;;;
1185;09/06/2023;13:57:03;37.44;;;;1185;08/06/2023;14:00:58;37.13;Synchronized;;;1185;08/06/2023;14:01:05;37.17;;;;
1186;09/06/2023;13:58:03;37.41;;;;1186;08/06/2023;14:01:58;37.14;Synchronized;;;1186;08/06/2023;14:02:05;37.2;Synchronized;;;
1187;09/06/2023;13:59:03;37.38;;;;1187;08/06/2023;14:02:57;37.14;Synchronized;;;1187;08/06/2023;14:03:05;37.14;Synchronized;;;
1188;09/06/2023;14:00:03;37.37;Synchronized;;;1188;08/06/2023;14:03:57;37.14;Synchronized;;;1188;08/06/2023;14:04:05;37.08;Synchronized;;;
1189;09/06/2023;14:01:02;37.34;;;;1189;08/06/2023;14:04:57;37.12;Synchronized;;;1189;08/06/2023;14:05:05;37.05;Synchronized;;;
1190;09/06/2023;14:02:02;37.33;;;;1190;08/06/2023;14:05:57;37.13;Synchronized;;;1190;08/06/2023;14:06:05;37.04;Synchronized;;;
1191;09/06/2023;14:03:02;37.33;;;;1191;08/06/2023;14:06:57;37.09;Synchronized;;;1191;08/06/2023;14:07:05;37.07;Synchronized;;;
1192;09/06/2023;14:04:02;37.27;;;;1192;08/06/2023;14:07:57;37.09;Synchronized;;;1192;08/06/2023;14:08:05;37.1;Synchronized;;;
1193;09/06/2023;14:05:02;37.3;;;;1193;08/06/2023;14:08:57;37.06;Synchronized;;;1193;08/06/2023;14:09:05;37.1;Synchronized;;;
1194;09/06/2023;14:06:02;37.3;;;;1194;08/06/2023;14:09:57;37.05;Synchronized;;;1194;08/06/2023;14:10:05;37.04;;;;
1195;09/06/2023;14:07:02;37.39;;;;1195;08/06/2023;14:10:56;37.05;Synchronized;;;1195;08/06/2023;14:11:05;36.95;;;;
1196;09/06/2023;14:08:02;37.41;;;;1196;08/06/2023;14:11:56;37.09;Synchronized;;;1196;08/06/2023;14:12:05;36.89;;;;
1197;09/06/2023;14:09:01;37.44;;;;1197;08/06/2023;14:12:56;37.08;Synchronized;;;1197;08/06/2023;14:13:05;36.85;;;;
1198;09/06/2023;14:10:01;37.41;;;;1198;08/06/2023;14:13:56;37.08;Synchronized;;;1198;08/06/2023;14:14:05;36.8;Synchronized;;;
1199;09/06/2023;14:11:01;37.45;;;;1199;08/06/2023;14:14:56;37.07;Synchronized;;;1199;08/06/2023;14:15:05;36.91;;;;
1200;09/06/2023;14:12:01;37.45;;;;1200;08/06/2023;14:15:56;37.05;Synchronized;;;1200;08/06/2023;14:16:05;36.93;;;;
1201;09/06/2023;14:13:01;37.44;;;;1201;08/06/2023;14:16:56;37.05;Synchronized;;;1201;08/06/2023;14:17:05;36.93;;;;
1202;09/06/2023;14:14:01;37.44;;;;1202;08/06/2023;14:17:56;37.06;Synchronized;;;1202;08/06/2023;14:18:05;36.93;;;;
1203;09/06/2023;14:15:01;37.41;;;;1203;08/06/2023;14:18:55;37.07;Synchronized;;;1203;08/06/2023;14:19:05;36.93;;;;
1204;09/06/2023;14:16:01;37.41;;;;1204;08/06/2023;14:19:55;37.09;Synchronized;;;1204;08/06/2023;14:20:05;36.87;Synchronized;;;
1205;09/06/2023;14:17:01;37.41;;;;1205;08/06/2023;14:20:55;37.07;Synchronized;;;1205;08/06/2023;14:21:05;36.84;Synchronized;;;
1206;09/06/2023;14:18:00;37.4;;;;1206;08/06/2023;14:21:55;37.08;Synchronized;;;1206;08/06/2023;14:22:05;36.91;Synchronized;;;
1207;09/06/2023;14:19:00;37.39;;;;1207;08/06/2023;14:22:55;37.09;Synchronized;;;1207;08/06/2023;14:23:05;36.98;Synchronized;;;
1208;09/06/2023;14:20:00;37.39;;;;1208;08/06/2023;14:23:55;37.09;Synchronized;;;1208;08/06/2023;14:24:05;36.98;Synchronized;;;
1209;09/06/2023;14:21:00;37.38;;;;1209;08/06/2023;14:24:55;37.06;Synchronized;;;1209;08/06/2023;14:25:05;37.02;;;;
1210;09/06/2023;14:22:00;37.38;;;;1210;08/06/2023;14:25:55;37.07;Synchronized;;;1210;08/06/2023;14:26:05;37.07;;;;
1211;09/06/2023;14:23:00;37.38;;;;1211;08/06/2023;14:26:54;37.1;Synchronized;;;1211;08/06/2023;14:27:05;37.1;Synchronized;;;
1212;09/06/2023;14:24:00;37.39;;;;1212;08/06/2023;14:27:54;37.09;Synchronized;;;1212;08/06/2023;14:28:05;37.12;Synchronized;;;
1213;09/06/2023;14:25:00;37.38;;;;1213;08/06/2023;14:28:54;37.09;Synchronized;;;1213;08/06/2023;14:29:05;37.11;;;;
1214;09/06/2023;14:25:59;37.39;;;;1214;08/06/2023;14:29:54;37.09;Synchronized;;;1214;08/06/2023;14:30:05;37.2;Synchronized;;;
1215;09/06/2023;14:26:59;37.38;;;;1215;08/06/2023;14:30:54;37.12;Synchronized;;;1215;08/06/2023;14:31:05;37.2;Synchronized;;;
1216;09/06/2023;14:27:59;37.39;;;;1216;08/06/2023;14:31:54;37.13;Synchronized;;;1216;08/06/2023;14:32:05;37.2;Synchronized;;;
1217;09/06/2023;14:28:59;37.39;;;;1217;08/06/2023;14:32:54;37.13;Synchronized;;;1217;08/06/2023;14:33:05;37.2;Synchronized;;;
1218;09/06/2023;14:29:59;37.4;;;;1218;08/06/2023;14:33:54;37.15;Synchronized;;;1218;08/06/2023;14:34:05;37.17;Synchronized;;;
1219;09/06/2023;14:30:59;37.38;;;;1219;08/06/2023;14:34:53;37.16;Synchronized;;;1219;08/06/2023;14:35:05;37.13;Synchronized;;;
1220;09/06/2023;14:31:59;37.39;;;;1220;08/06/2023;14:35:53;37.15;Synchronized;;;1220;08/06/2023;14:36:05;37.14;Synchronized;;;
1221;09/06/2023;14:32:59;37.39;;;;1221;08/06/2023;14:36:53;37.16;Synchronized;;;1221;08/06/2023;14:37:05;37.14;Synchronized;;;
1222;09/06/2023;14:33:59;37.4;Synchronized;;;1222;08/06/2023;14:37:53;37.16;Synchronized;;;1222;08/06/2023;14:38:05;37.16;Synchronized;;;
1223;09/06/2023;14:34:59;37.4;;;;1223;08/06/2023;14:38:53;37.2;Synchronized;;;1223;08/06/2023;14:39:05;37.17;Synchronized;;;
1224;09/06/2023;14:35:59;37.4;;;;1224;08/06/2023;14:39:53;37.2;Synchronized;;;1224;08/06/2023;14:40:05;37.19;Synchronized;;;
1225;09/06/2023;14:36:59;37.41;Synchronized;;;1225;08/06/2023;14:40:53;37.2;Synchronized;;;1225;08/06/2023;14:41:05;37.22;Synchronized;;;
1226;09/06/2023;14:37:58;37.39;;;;1226;08/06/2023;14:41:53;37.2;Synchronized;;;1226;08/06/2023;14:42:05;37.24;Synchronized;;;
1227;09/06/2023;14:38:58;37.39;;;;1227;08/06/2023;14:42:52;37.2;Synchronized;;;1227;08/06/2023;14:43:05;37.21;Synchronized;;;
1228;09/06/2023;14:39:58;37.41;;;;1228;08/06/2023;14:43:52;37.2;Synchronized;;;1228;08/06/2023;14:44:05;37.23;Synchronized;;;
1229;09/06/2023;14:40:58;37.38;;;;1229;08/06/2023;14:44:52;37.21;Synchronized;;;1229;08/06/2023;14:45:05;37.23;Synchronized;;;
1230;09/06/2023;14:41:58;37.38;;;;1230;08/06/2023;14:45:52;37.21;Synchronized;;;1230;08/06/2023;14:46:05;37.22;Synchronized;;;
1231;09/06/2023;14:42:58;37.39;;;;1231;08/06/2023;14:46:52;37.22;Synchronized;;;1231;08/06/2023;14:47:05;37.25;Synchronized;;;
1232;09/06/2023;14:43:58;37.38;;;;1232;08/06/2023;14:47:52;37.22;Synchronized;;;1232;08/06/2023;14:48:05;37.24;Synchronized;;;
1233;09/06/2023;14:44:58;37.35;;;;1233;08/06/2023;14:48:52;37.2;Synchronized;;;1233;08/06/2023;14:49:04;37.25;Synchronized;;;
1234;09/06/2023;14:45:58;37.35;;;;1234;08/06/2023;14:49:52;37.24;Synchronized;;;1234;08/06/2023;14:50:04;37.23;Synchronized;;;
1235;09/06/2023;14:46:58;37.34;;;;1235;08/06/2023;14:50:51;37.2;Synchronized;;;1235;08/06/2023;14:51:04;37.24;Synchronized;;;
1236;09/06/2023;14:47:57;37.32;;;;1236;08/06/2023;14:51:51;37.2;Synchronized;;;1236;08/06/2023;14:52:04;37.23;Synchronized;;;
1237;09/06/2023;14:48:57;37.3;;;;1237;08/06/2023;14:52:51;37.21;Synchronized;;;1237;08/06/2023;14:53:04;37.25;Synchronized;;;
1238;09/06/2023;14:49:57;37.3;;;;1238;08/06/2023;14:53:51;37.21;Synchronized;;;1238;08/06/2023;14:54:04;37.24;Synchronized;;;
1239;09/06/2023;14:50:57;37.31;;;;1239;08/06/2023;14:54:51;37.2;Synchronized;;;1239;08/06/2023;14:55:04;37.23;Synchronized;;;
1240;09/06/2023;14:51:57;37.32;;;;1240;08/06/2023;14:55:51;37.19;Synchronized;;;1240;08/06/2023;14:56:04;37.24;Synchronized;;;
1241;09/06/2023;14:52:57;37.3;;;;1241;08/06/2023;14:56:51;37.19;Synchronized;;;1241;08/06/2023;14:57:04;37.22;Synchronized;;;
1242;09/06/2023;14:53:57;37.3;;;;1242;08/06/2023;14:57:51;37.2;Synchronized;;;1242;08/06/2023;14:58:04;37.23;Synchronized;;;
1243;09/06/2023;14:54:57;37.3;;;;1243;08/06/2023;14:58:50;37.19;Synchronized;;;1243;08/06/2023;14:59:04;37.22;Synchronized;;;
1244;09/06/2023;14:55:57;37.35;;;;1244;08/06/2023;14:59:50;37.19;Synchronized;;;1244;08/06/2023;15:00:04;37.21;Synchronized;;;
1245;09/06/2023;14:56:56;37.32;;;;1245;08/06/2023;15:00:50;37.19;Synchronized;;;1245;08/06/2023;15:01:04;37.23;Synchronized;;;
1246;09/06/2023;14:57:56;37.32;;;;1246;08/06/2023;15:01:50;37.18;Synchronized;;;1246;08/06/2023;15:02:04;37.23;Synchronized;;;
1247;09/06/2023;14:58:56;37.27;;;;1247;08/06/2023;15:02:50;37.16;Synchronized;;;1247;08/06/2023;15:03:04;37.24;Synchronized;;;
1248;09/06/2023;14:59:56;37.28;;;;1248;08/06/2023;15:03:50;37.16;Synchronized;;;1248;08/06/2023;15:04:04;37.23;Synchronized;;;
1249;09/06/2023;15:00:56;37.27;;;;1249;08/06/2023;15:04:50;37.16;Synchronized;;;1249;08/06/2023;15:05:04;37.24;Synchronized;;;
1250;09/06/2023;15:01:56;37.26;;;;1250;08/06/2023;15:05:50;37.16;Synchronized;;;1250;08/06/2023;15:06:04;37.23;Synchronized;;;
1251;09/06/2023;15:02:56;37.23;;;;1251;08/06/2023;15:06:49;37.16;Synchronized;;;1251;08/06/2023;15:07:04;37.23;;;;
1252;09/06/2023;15:03:56;37.21;;;;1252;08/06/2023;15:07:49;37.16;Synchronized;;;1252;08/06/2023;15:08:04;37.23;Synchronized;;;
1253;09/06/2023;15:04:55;37.17;;;;1253;08/06/2023;15:08:49;37.15;Synchronized;;;1253;08/06/2023;15:09:04;37.2;Synchronized;;;
1254;09/06/2023;15:05:55;37.15;;;;1254;08/06/2023;15:09:49;37.13;Synchronized;;;1254;08/06/2023;15:10:04;37.19;Synchronized;;;
1255;09/06/2023;15:06:55;37.15;;;;1255;08/06/2023;15:10:49;37.15;Synchronized;;;1255;08/06/2023;15:11:04;37.2;Synchronized;;;
1256;09/06/2023;15:07:55;37.15;;;;1256;08/06/2023;15:11:49;37.15;Synchronized;;;1256;08/06/2023;15:12:04;37.2;Synchronized;;;
1257;09/06/2023;15:08:55;37.14;;;;1257;08/06/2023;15:12:49;37.14;Synchronized;;;1257;08/06/2023;15:13:04;37.2;Synchronized;;;
1258;09/06/2023;15:09:55;37.18;;;;1258;08/06/2023;15:13:49;37.13;Synchronized;;;1258;08/06/2023;15:14:04;37.17;Synchronized;;;
1259;09/06/2023;15:10:55;37.19;;;;1259;08/06/2023;15:14:48;37.1;Synchronized;;;1259;08/06/2023;15:15:04;37.21;Synchronized;;;
1260;09/06/2023;15:11:55;37.16;;;;1260;08/06/2023;15:15:48;37.1;Synchronized;;;1260;08/06/2023;15:16:04;37.2;Synchronized;;;
1261;09/06/2023;15:12:55;37.14;;;;1261;08/06/2023;15:16:48;37.09;Synchronized;;;1261;08/06/2023;15:17:04;37.22;Synchronized;;;
1262;09/06/2023;15:13:55;37.18;;;;1262;08/06/2023;15:17:48;37.09;Synchronized;;;1262;08/06/2023;15:18:04;37.2;Synchronized;;;
1263;09/06/2023;15:14:54;37.2;;;;1263;08/06/2023;15:18:48;37.09;Synchronized;;;1263;08/06/2023;15:19:04;37.2;Synchronized;;;
1264;09/06/2023;15:15:55;37.22;;;;1264;08/06/2023;15:19:48;37.09;Synchronized;;;1264;08/06/2023;15:20:04;37.2;Synchronized;;;
1265;09/06/2023;15:16:54;37.23;;;;1265;08/06/2023;15:20:48;37.09;Synchronized;;;1265;08/06/2023;15:21:04;37.23;Synchronized;;;
1266;09/06/2023;15:17:54;37.19;;;;1266;08/06/2023;15:21:48;37.12;Synchronized;;;1266;08/06/2023;15:22:04;37.2;;;;
1267;09/06/2023;15:18:54;37.14;;;;1267;08/06/2023;15:22:47;37.12;Synchronized;;;1267;08/06/2023;15:23:04;37.28;Synchronized;;;
1268;09/06/2023;15:19:54;37.1;;;;1268;08/06/2023;15:23:47;37.13;Synchronized;;;1268;08/06/2023;15:24:04;37.29;Synchronized;;;
1269;09/06/2023;15:20:54;37.12;;;;1269;08/06/2023;15:24:47;37.1;Synchronized;;;1269;08/06/2023;15:25:04;37.28;Synchronized;;;
1270;09/06/2023;15:21:54;37.13;;;;1270;08/06/2023;15:25:47;37.09;Synchronized;;;1270;08/06/2023;15:26:04;37.28;Synchronized;;;
1271;09/06/2023;15:22:54;37.1;;;;1271;08/06/2023;15:26:47;37.09;Synchronized;;;1271;08/06/2023;15:27:04;37.28;Synchronized;;;
1272;09/06/2023;15:23:54;37.12;;;;1272;08/06/2023;15:27:47;37.09;Synchronized;;;1272;08/06/2023;15:28:04;37.28;Synchronized;;;
1273;09/06/2023;15:24:54;37.09;;;;1273;08/06/2023;15:28:47;37.08;Synchronized;;;1273;08/06/2023;15:29:04;37.29;Synchronized;;;
1274;09/06/2023;15:25:54;37.09;;;;1274;08/06/2023;15:29:47;37.08;Synchronized;;;1274;08/06/2023;15:30:04;37.27;Synchronized;;;
1275;09/06/2023;15:26:53;37.09;;;;1275;08/06/2023;15:30:46;37.07;Synchronized;;;1275;08/06/2023;15:31:03;37.26;Synchronized;;;
1276;09/06/2023;15:27:53;37.09;;;;1276;08/06/2023;15:31:46;37.08;Synchronized;;;1276;08/06/2023;15:32:03;37.25;Synchronized;;;
1277;09/06/2023;15:28:53;37.09;;;;1277;08/06/2023;15:32:46;37.08;Synchronized;;;1277;08/06/2023;15:33:03;37.23;Synchronized;;;
1278;09/06/2023;15:29:53;37.09;;;;1278;08/06/2023;15:33:46;37.08;Synchronized;;;1278;08/06/2023;15:34:03;37.22;Synchronized;;;
1279;09/06/2023;15:30:53;37.09;;;;1279;08/06/2023;15:34:46;37.05;Synchronized;;;1279;08/06/2023;15:35:03;37.19;Synchronized;;;
1280;09/06/2023;15:31:53;37.07;;;;1280;08/06/2023;15:35:46;37.05;Synchronized;;;1280;08/06/2023;15:36:03;37.19;Synchronized;;;
1281;09/06/2023;15:32:53;37.05;;;;1281;08/06/2023;15:36:46;37.05;Synchronized;;;1281;08/06/2023;15:37:03;37.17;Synchronized;;;
1282;09/06/2023;15:33:53;37.04;;;;1282;08/06/2023;15:37:46;37.03;Synchronized;;;1282;08/06/2023;15:38:03;37.17;Synchronized;;;
1283;09/06/2023;15:34:53;37.03;;;;1283;08/06/2023;15:38:45;37.05;Synchronized;;;1283;08/06/2023;15:39:03;37.16;Synchronized;;;
1284;09/06/2023;15:35:53;37.05;;;;1284;08/06/2023;15:39:45;37.03;Synchronized;;;1284;08/06/2023;15:40:03;37.17;;;;
1285;09/06/2023;15:36:53;37.04;;;;1285;08/06/2023;15:40:45;36.97;Synchronized;;;1285;08/06/2023;15:41:03;37.15;;;;
1286;09/06/2023;15:37:52;37.05;;;;1286;08/06/2023;15:41:45;36.95;Synchronized;;;1286;08/06/2023;15:42:03;37.15;;;;
1287;09/06/2023;15:38:52;37.02;Synchronized;;;1287;08/06/2023;15:42:45;36.91;Synchronized;;;1287;08/06/2023;15:43:03;37.2;Synchronized;;;
1288;09/06/2023;15:39:52;37.01;Synchronized;;;1288;08/06/2023;15:43:45;36.89;Synchronized;;;1288;08/06/2023;15:44:03;37.16;Synchronized;;;
1289;09/06/2023;15:40:52;36.99;;;;1289;08/06/2023;15:44:45;36.87;Synchronized;;;1289;08/06/2023;15:45:03;37.16;Synchronized;;;
1290;09/06/2023;15:41:52;36.97;;;;1290;08/06/2023;15:45:45;36.85;Synchronized;;;1290;08/06/2023;15:46:03;37.17;;;;
1291;09/06/2023;15:42:52;37;;;;1291;08/06/2023;15:46:44;36.85;Synchronized;;;1291;08/06/2023;15:47:03;37.15;;;;
1292;09/06/2023;15:43:52;37.01;;;;1292;08/06/2023;15:47:44;36.81;Synchronized;;;1292;08/06/2023;15:48:03;37.16;;;;
1293;09/06/2023;15:44:52;37.02;;;;1293;08/06/2023;15:48:44;36.81;Synchronized;;;1293;08/06/2023;15:49:03;37.16;;;;
1294;09/06/2023;15:45:52;37.03;;;;1294;08/06/2023;15:49:44;36.79;Synchronized;;;1294;08/06/2023;15:50:03;37.15;Synchronized;;;
1295;09/06/2023;15:46:52;37.04;;;;1295;08/06/2023;15:50:44;36.8;Synchronized;;;1295;08/06/2023;15:51:03;37.16;;;;
1296;09/06/2023;15:47:52;37.05;;;;1296;08/06/2023;15:51:44;36.77;Synchronized;;;1296;08/06/2023;15:52:03;37.14;;;;
1297;09/06/2023;15:48:52;37.07;;;;1297;08/06/2023;15:52:44;36.76;Synchronized;;;1297;08/06/2023;15:53:03;37.15;;;;
1298;09/06/2023;15:49:51;37.09;;;;1298;08/06/2023;15:53:44;36.77;Synchronized;;;1298;08/06/2023;15:54:03;37.15;Synchronized;;;
1299;09/06/2023;15:50:51;37.09;;;;1299;08/06/2023;15:54:43;36.76;Synchronized;;;1299;08/06/2023;15:55:03;37.13;;;;
1300;09/06/2023;15:51:51;37.1;;;;1300;08/06/2023;15:55:43;36.77;Synchronized;;;1300;08/06/2023;15:56:03;37.14;Synchronized;;;
1301;09/06/2023;15:52:51;37.13;;;;1301;08/06/2023;15:56:43;36.78;Synchronized;;;1301;08/06/2023;15:57:03;37.16;;;;
1302;09/06/2023;15:53:51;37.09;;;;1302;08/06/2023;15:57:43;36.73;Synchronized;;;1302;08/06/2023;15:58:03;37.15;;;;
1303;09/06/2023;15:54:51;37.09;;;;1303;08/06/2023;15:58:43;36.79;;;;1303;08/06/2023;15:59:03;37.16;Synchronized;;;
1304;09/06/2023;15:55:51;37.09;;;;1304;08/06/2023;15:59:43;36.85;Synchronized;;;1304;08/06/2023;16:00:03;37.16;Synchronized;;;
1305;09/06/2023;15:56:51;37.08;;;;1305;08/06/2023;16:00:43;36.88;Synchronized;;;1305;08/06/2023;16:01:03;37.17;Synchronized;;;
1306;09/06/2023;15:57:51;37.08;;;;1306;08/06/2023;16:01:43;36.84;Synchronized;;;1306;08/06/2023;16:02:03;37.16;;;;
1307;09/06/2023;15:58:51;37.08;;;;1307;08/06/2023;16:02:43;36.77;Synchronized;;;1307;08/06/2023;16:03:03;37.16;;;;
1308;09/06/2023;15:59:51;37.09;Synchronized;;;1308;08/06/2023;16:03:43;36.77;Synchronized;;;1308;08/06/2023;16:04:03;37.16;;;;
1309;09/06/2023;16:00:51;37.07;Synchronized;;;1309;08/06/2023;16:04:43;36.84;Synchronized;;;1309;08/06/2023;16:05:03;37.16;Synchronized;;;
1310;09/06/2023;16:01:50;37.06;Synchronized;;;1310;08/06/2023;16:05:42;36.89;Synchronized;;;1310;08/06/2023;16:06:03;37.15;;;;
1311;09/06/2023;16:02:50;37.05;Synchronized;;;1311;08/06/2023;16:06:42;36.91;Synchronized;;;1311;08/06/2023;16:07:03;37.16;;;;
1312;09/06/2023;16:03:50;37.07;;;;1312;08/06/2023;16:07:42;36.82;Synchronized;;;1312;08/06/2023;16:08:03;37.16;Synchronized;;;
1313;09/06/2023;16:04:50;37.06;Synchronized;;;1313;08/06/2023;16:08:42;36.82;Synchronized;;;1313;08/06/2023;16:09:03;37.16;Synchronized;;;
1314;09/06/2023;16:05:50;37.07;;;;1314;08/06/2023;16:09:42;36.83;Synchronized;;;1314;08/06/2023;16:10:03;37.16;;;;
1315;09/06/2023;16:06:50;37.06;;;;1315;08/06/2023;16:10:42;36.84;Synchronized;;;1315;08/06/2023;16:11:03;37.11;Synchronized;;;
1316;09/06/2023;16:07:50;37.07;;;;1316;08/06/2023;16:11:42;36.84;Synchronized;;;1316;08/06/2023;16:12:03;37.11;Synchronized;;;
1317;09/06/2023;16:08:49;37.06;;;;1317;08/06/2023;16:12:42;36.72;Synchronized;;;1317;08/06/2023;16:13:03;37.1;Synchronized;;;
1318;09/06/2023;16:09:49;37.03;;;;1318;08/06/2023;16:13:42;36.7;Synchronized;;;1318;08/06/2023;16:14:03;37.1;Synchronized;;;
1319;09/06/2023;16:10:49;37.04;;;;1319;08/06/2023;16:14:42;36.66;Synchronized;;;1319;08/06/2023;16:15:03;37.09;;;;
1320;09/06/2023;16:11:49;37.05;;;;1320;08/06/2023;16:15:42;36.72;Synchronized;;;1320;08/06/2023;16:16:03;37.09;;;;
1321;09/06/2023;16:12:49;37.09;;;;1321;08/06/2023;16:16:42;36.73;Synchronized;;;1321;08/06/2023;16:17:03;37.11;Synchronized;;;
1322;09/06/2023;16:13:49;37.09;;;;1322;08/06/2023;16:17:41;36.73;Synchronized;;;1322;08/06/2023;16:18:03;37.09;;;;
1323;09/06/2023;16:14:49;37.09;;;;1323;08/06/2023;16:18:41;36.78;Synchronized;;;1323;08/06/2023;16:19:03;37.09;;;;
1324;09/06/2023;16:15:49;37.09;;;;1324;08/06/2023;16:19:41;36.8;Synchronized;;;1324;08/06/2023;16:20:03;37.12;Synchronized;;;
1325;09/06/2023;16:16:49;37.09;;;;1325;08/06/2023;16:20:41;36.79;Synchronized;;;1325;08/06/2023;16:21:03;37.11;;;;
1326;09/06/2023;16:17:49;37.02;;;;1326;08/06/2023;16:21:41;36.84;Synchronized;;;1326;08/06/2023;16:22:03;37.09;Synchronized;;;
1327;09/06/2023;16:18:48;36.98;;;;1327;08/06/2023;16:22:41;36.86;Synchronized;;;1327;08/06/2023;16:23:03;37.09;Synchronized;;;
1328;09/06/2023;16:19:48;36.96;;;;1328;08/06/2023;16:23:41;36.85;;;;1328;08/06/2023;16:24:03;37.1;Synchronized;;;
1329;09/06/2023;16:20:48;36.94;;;;1329;08/06/2023;16:24:41;36.88;Synchronized;;;1329;08/06/2023;16:25:03;37.09;Synchronized;;;
1330;09/06/2023;16:21:48;36.93;;;;1330;08/06/2023;16:25:41;36.89;Synchronized;;;1330;08/06/2023;16:26:03;37.09;Synchronized;;;
1331;09/06/2023;16:22:48;36.94;;;;1331;08/06/2023;16:26:41;36.95;Synchronized;;;1331;08/06/2023;16:27:02;37.09;Synchronized;;;
1332;09/06/2023;16:23:48;36.95;;;;1332;08/06/2023;16:27:41;36.92;Synchronized;;;1332;08/06/2023;16:28:02;37.11;Synchronized;;;
1333;09/06/2023;16:24:48;36.94;;;;1333;08/06/2023;16:28:40;36.93;Synchronized;;;1333;08/06/2023;16:29:02;37.13;Synchronized;;;
1334;09/06/2023;16:25:48;36.91;Synchronized;;;1334;08/06/2023;16:29:40;36.94;Synchronized;;;1334;08/06/2023;16:30:02;37.14;Synchronized;;;
1335;09/06/2023;16:26:48;36.95;;;;1335;08/06/2023;16:30:40;36.95;Synchronized;;;1335;08/06/2023;16:31:02;37.14;Synchronized;;;
1336;09/06/2023;16:27:48;36.96;;;;1336;08/06/2023;16:31:40;36.98;;;;1336;08/06/2023;16:32:02;37.15;;;;
1337;09/06/2023;16:28:48;36.97;;;;1337;08/06/2023;16:32:40;37;Synchronized;;;1337;08/06/2023;16:33:02;37.13;;;;
1338;09/06/2023;16:29:47;36.97;;;;1338;08/06/2023;16:33:40;37.02;;;;1338;08/06/2023;16:34:02;37.13;;;;
1339;09/06/2023;16:30:47;36.97;Synchronized;;;1339;08/06/2023;16:34:40;37.04;Synchronized;;;1339;08/06/2023;16:35:02;37.13;;;;
1340;09/06/2023;16:31:47;36.96;;;;1340;08/06/2023;16:35:40;37.05;Synchronized;;;1340;08/06/2023;16:36:02;37.12;;;;
1341;09/06/2023;16:32:47;36.96;Synchronized;;;1341;08/06/2023;16:36:40;37.05;Synchronized;;;1341;08/06/2023;16:37:02;37.11;;;;
1342;09/06/2023;16:33:47;36.96;Synchronized;;;1342;08/06/2023;16:37:39;37.05;Synchronized;;;1342;08/06/2023;16:38:02;37.1;;;;
1343;09/06/2023;16:34:47;36.97;;;;1343;08/06/2023;16:38:39;37.05;Synchronized;;;1343;08/06/2023;16:39:02;37.07;;;;
1344;09/06/2023;16:35:47;36.96;Synchronized;;;1344;08/06/2023;16:39:39;37.06;Synchronized;;;1344;08/06/2023;16:40:02;37.1;;;;
1345;09/06/2023;16:36:47;37.01;Synchronized;;;1345;08/06/2023;16:40:39;37.09;;;;1345;08/06/2023;16:41:02;37.09;;;;
1346;09/06/2023;16:37:47;37.02;;;;1346;08/06/2023;16:41:39;37.06;Synchronized;;;1346;08/06/2023;16:42:02;37.08;Synchronized;;;
1347;09/06/2023;16:38:47;37.02;;;;1347;08/06/2023;16:42:39;37.06;;;;1347;08/06/2023;16:43:02;37.07;;;;
1348;09/06/2023;16:39:47;37.04;;;;1348;08/06/2023;16:43:38;37.06;;;;1348;08/06/2023;16:44:02;37.08;Synchronized;;;
1349;09/06/2023;16:40:47;;Missing data;;;1349;08/06/2023;16:44:38;37.08;Synchronized;;;1349;08/06/2023;16:45:02;37.09;Synchronized;;;
1350;09/06/2023;16:41:46;37.02;;;;1350;08/06/2023;16:45:38;37.07;Synchronized;;;1350;08/06/2023;16:46:02;37.09;Synchronized;;;
1351;09/06/2023;16:42:46;;Missing data;;;1351;08/06/2023;16:46:38;37.06;Synchronized;;;1351;08/06/2023;16:47:02;37.09;;;;
1352;09/06/2023;16:43:46;37.04;;;;1352;08/06/2023;16:47:38;37.05;;;;1352;08/06/2023;16:48:02;37.1;;;;
;;;;;;;1353;08/06/2023;16:48:38;37.05;Synchronized;;;1353;08/06/2023;16:49:02;37.1;;;;
;;;;;;;1354;08/06/2023;16:49:38;;Missing data;;;1354;08/06/2023;16:50:02;37.15;;;;
;;;;;;;1355;08/06/2023;16:50:37;;Missing data;;;1355;08/06/2023;16:51:02;37.15;;;;
;;;;;;;1356;08/06/2023;16:51:37;;Missing data;;;1356;08/06/2023;16:52:02;37.15;;;;
;;;;;;;1357;08/06/2023;16:52:37;37.06;;;;1357;08/06/2023;16:53:02;;Missing data;;;
;;;;;;;1358;08/06/2023;16:53:37;37.12;;;;1358;08/06/2023;16:54:02;37.16;;;;
;;;;;;;1359;08/06/2023;16:54:37;37.08;;;;1359;08/06/2023;16:55:02;37.16;;;;
;;;;;;;1360;08/06/2023;16:55:37;;Missing data;;;;;;;;;;
;;;;;;;1361;08/06/2023;16:56:37;;Missing data;;;;;;;;;;
;;;;;;;1362;08/06/2023;16:57:37;;Missing data;;;;;;;;;;
;;;;;;;1363;08/06/2023;16:58:37;;Missing data;;;;;;;;;;
;;;;;;;1364;08/06/2023;16:59:36;;Missing data;;;;;;;;;;
;;;;;;;1365;08/06/2023;17:00:36;;Missing data;;;;;;;;;;
;;;;;;;1366;08/06/2023;17:01:36;;Missing data;;;;;;;;;;
;;;;;;;1367;08/06/2023;17:02:36;37.16;;;;;;;;;;;
;
;