SenseLab_M02;
Time Zone;UTC+2:00;
Monitor;80.80.10.3E;
;
Pill n°1;24.00.1D.7A;;;;;;Pill n°2;24.00.1E.35;;;;;;Pill n°3;24.00.1E.16;;;;;;
Sample number;Date (dd/mm/yyyy);Hour;Temperature (°C);Status;;;Sample number;Date (dd/mm/yyyy);Hour;Temperature (°C);Status;;;Sample number;Date (dd/mm/yyyy);Hour;Temperature (°C);Status;;;
1;21/06/2023;11:25:02;29.82;;;;1;21/06/2023;11:26:44;29.98;;;;1;21/06/2023;11:28:06;29.89;;;;
2;21/06/2023;11:26:08;30.28;;;;2;21/06/2023;11:27:44;30.31;Synchronized;;;2;21/06/2023;11:29:06;30.27;;;;
3;21/06/2023;11:27:02;30.02;;;;3;21/06/2023;11:28:44;30.1;;;;3;21/06/2023;11:30:06;30.02;;;;
4;21/06/2023;11:28:02;29.88;;;;4;21/06/2023;11:29:44;29.95;;;;4;21/06/2023;11:31:06;29.85;;;;
5;21/06/2023;11:29:02;29.77;;;;5;21/06/2023;11:30:43;29.83;;;;5;21/06/2023;11:32:05;29.73;;;;
6;21/06/2023;11:30:01;29.7;;;;6;21/06/2023;11:31:43;29.72;;;;6;21/06/2023;11:33:05;29.61;;;;
7;21/06/2023;11:31:01;29.63;;;;7;21/06/2023;11:32:43;29.63;;;;7;21/06/2023;11:34:05;29.54;;;;
8;21/06/2023;11:32:01;29.59;;;;8;21/06/2023;11:33:43;29.58;;;;8;21/06/2023;11:35:05;29.48;;;;
9;21/06/2023;11:33:01;29.53;;;;9;21/06/2023;11:34:43;29.54;;;;9;21/06/2023;11:36:05;29.42;;;;
10;21/06/2023;11:34:01;29.51;;;;10;21/06/2023;11:35:43;29.46;;;;10;21/06/2023;11:37:05;29.4;;;;
11;21/06/2023;11:35:01;29.46;;;;11;21/06/2023;11:36:43;29.42;;;;11;21/06/2023;11:38:04;29.38;;;;
12;21/06/2023;11:36:01;29.43;;;;12;21/06/2023;11:37:42;29.39;;;;12;21/06/2023;11:39:04;29.36;;;;
13;21/06/2023;11:37:00;29.42;;;;13;21/06/2023;11:38:42;29.39;;;;13;21/06/2023;11:40:04;29.34;;;;
14;21/06/2023;11:38:00;29.39;;;;14;21/06/2023;11:39:42;29.38;;;;14;21/06/2023;11:41:04;29.34;;;;
15;21/06/2023;11:39:00;29.38;;;;15;21/06/2023;11:40:42;29.38;;;;15;21/06/2023;11:42:04;29.35;;;;
16;21/06/2023;11:40:00;29.38;;;;16;21/06/2023;11:41:42;29.37;;;;16;21/06/2023;11:43:04;29.34;;;;
17;21/06/2023;11:41:00;29.38;;;;17;21/06/2023;11:42:42;29.34;;;;17;21/06/2023;11:44:04;29.32;;;;
18;21/06/2023;11:42:00;29.36;;;;18;21/06/2023;11:43:42;29.35;;;;18;21/06/2023;11:45:04;29.34;;;;
19;21/06/2023;11:43:00;29.34;;;;19;21/06/2023;11:44:42;29.34;;;;19;21/06/2023;11:46:03;29.3;;;;
20;21/06/2023;11:44:00;29.36;;;;20;21/06/2023;11:45:42;29.3;;;;20;21/06/2023;11:47:03;29.3;;;;
21;21/06/2023;11:44:59;29.33;;;;21;21/06/2023;11:46:41;29.27;;;;21;21/06/2023;11:48:03;29.31;;;;
22;21/06/2023;11:45:59;29.3;;;;22;21/06/2023;11:47:41;29.3;;;;22;21/06/2023;11:49:03;29.3;Synchronized;;;
23;21/06/2023;11:46:59;29.32;;;;23;21/06/2023;11:48:41;29.29;;;;23;21/06/2023;11:50:03;29.32;;;;
24;21/06/2023;11:47:59;29.29;;;;24;21/06/2023;11:49:41;29.29;;;;24;21/06/2023;11:51:03;29.31;;;;
25;21/06/2023;11:48:59;29.33;;;;25;21/06/2023;11:50:41;29.3;;;;25;21/06/2023;11:52:03;29.31;;;;
26;21/06/2023;11:49:59;29.32;;;;26;21/06/2023;11:51:41;29.31;;;;26;21/06/2023;11:53:03;29.31;;;;
27;21/06/2023;11:50:59;29.34;;;;27;21/06/2023;11:52:41;29.3;;;;27;21/06/2023;11:54:02;29.32;;;;
28;21/06/2023;11:51:59;29.34;;;;28;21/06/2023;11:53:41;29.29;;;;28;21/06/2023;11:55:02;29.31;;;;
29;21/06/2023;11:52:59;29.33;;;;29;21/06/2023;11:54:41;29.26;;;;29;21/06/2023;11:56:02;29.3;;;;
30;21/06/2023;11:53:58;29.32;;;;30;21/06/2023;11:55:40;29.29;;;;30;21/06/2023;11:57:02;29.31;;;;
31;21/06/2023;11:54:58;29.34;;;;31;21/06/2023;11:56:40;29.29;;;;31;21/06/2023;11:58:02;29.3;;;;
32;21/06/2023;11:55:58;29.34;;;;32;21/06/2023;11:57:40;29.3;;;;32;21/06/2023;11:59:02;29.32;;;;
33;21/06/2023;11:56:58;29.32;;;;33;21/06/2023;11:58:40;29.27;Synchronized;;;33;21/06/2023;12:00:02;29.32;;;;
34;21/06/2023;11:57:58;29.34;;;;34;21/06/2023;11:59:40;29.27;;;;34;21/06/2023;12:01:02;29.29;;;;
35;21/06/2023;11:58:58;29.3;;;;35;21/06/2023;12:00:40;29.27;;;;35;21/06/2023;12:02:02;29.29;Synchronized;;;
36;21/06/2023;11:59:58;29.3;;;;36;21/06/2023;12:01:40;29.23;;;;36;21/06/2023;12:03:02;29.3;;;;
37;21/06/2023;12:00:58;29.29;;;;37;21/06/2023;12:02:40;29.23;;;;37;21/06/2023;12:04:01;29.29;;;;
38;21/06/2023;12:01:58;29.29;;;;38;21/06/2023;12:03:40;29.22;;;;38;21/06/2023;12:05:01;29.3;;;;
39;21/06/2023;12:02:57;29.27;;;;39;21/06/2023;12:04:39;29.19;;;;39;21/06/2023;12:06:01;29.27;;;;
40;21/06/2023;12:03:57;29.27;;;;40;21/06/2023;12:05:39;29.22;;;;40;21/06/2023;12:07:01;29.29;;;;
41;21/06/2023;12:04:57;29.27;;;;41;21/06/2023;12:06:39;29.21;;;;41;21/06/2023;12:08:01;29.28;Synchronized;;;
42;21/06/2023;12:05:57;29.24;;;;42;21/06/2023;12:07:39;29.2;;;;42;21/06/2023;12:09:01;29.3;;;;
43;21/06/2023;12:06:57;29.26;;;;43;21/06/2023;12:08:39;29.2;;;;43;21/06/2023;12:10:01;29.29;;;;
44;21/06/2023;12:07:57;29.25;;;;44;21/06/2023;12:09:39;29.21;;;;44;21/06/2023;12:11:01;29.27;;;;
45;21/06/2023;12:08:57;29.27;;;;45;21/06/2023;12:10:39;29.22;;;;45;21/06/2023;12:12:01;29.3;;;;
46;21/06/2023;12:09:57;29.26;;;;46;21/06/2023;12:11:39;29.23;;;;46;21/06/2023;12:13:00;29.3;;;;
47;21/06/2023;12:10:57;29.27;;;;47;21/06/2023;12:12:39;29.23;;;;47;21/06/2023;12:14:00;29.29;;;;
48;21/06/2023;12:11:56;29.27;;;;48;21/06/2023;12:13:38;29.23;;;;48;21/06/2023;12:15:00;29.3;;;;
49;21/06/2023;12:12:56;29.26;;;;49;21/06/2023;12:14:38;29.23;;;;49;21/06/2023;12:16:00;29.28;;;;
50;21/06/2023;12:13:56;29.27;;;;50;21/06/2023;12:15:38;29.23;;;;50;21/06/2023;12:17:00;29.27;;;;
51;21/06/2023;12:14:56;29.27;;;;51;21/06/2023;12:16:38;29.22;;;;51;21/06/2023;12:18:00;29.3;;;;
52;21/06/2023;12:15:56;29.27;;;;52;21/06/2023;12:17:38;29.22;;;;52;21/06/2023;12:19:00;29.31;;;;
53;21/06/2023;12:16:56;29.26;;;;53;21/06/2023;12:18:38;29.23;;;;53;21/06/2023;12:20:00;29.34;;;;
54;21/06/2023;12:17:56;29.27;;;;54;21/06/2023;12:19:38;29.27;;;;54;21/06/2023;12:20:59;29.32;;;;
55;21/06/2023;12:18:56;29.3;;;;55;21/06/2023;12:20:38;29.3;;;;55;21/06/2023;12:21:59;29.32;;;;
56;21/06/2023;12:19:56;29.34;;;;56;21/06/2023;12:21:37;29.27;;;;56;21/06/2023;12:22:59;29.35;;;;
57;21/06/2023;12:20:56;29.32;;;;57;21/06/2023;12:22:37;29.3;;;;57;21/06/2023;12:23:59;29.37;;;;
58;21/06/2023;12:21:55;29.33;;;;58;21/06/2023;12:23:37;29.27;;;;58;21/06/2023;12:24:59;29.34;;;;
59;21/06/2023;12:22:55;29.33;;;;59;21/06/2023;12:24:37;29.27;;;;59;21/06/2023;12:25:59;29.31;;;;
60;21/06/2023;12:23:55;29.32;;;;60;21/06/2023;12:25:37;29.22;;;;60;21/06/2023;12:26:59;29.3;;;;
61;21/06/2023;12:24:55;29.3;;;;61;21/06/2023;12:26:37;29.2;;;;61;21/06/2023;12:27:58;29.27;;;;
62;21/06/2023;12:25:55;29.27;;;;62;21/06/2023;12:27:37;29.18;;;;62;21/06/2023;12:28:58;29.27;;;;
63;21/06/2023;12:26:55;29.24;;;;63;21/06/2023;12:28:37;29.18;;;;63;21/06/2023;12:29:58;29.25;;;;
64;21/06/2023;12:27:55;29.22;;;;64;21/06/2023;12:29:37;29.14;;;;64;21/06/2023;12:30:58;29.25;;;;
65;21/06/2023;12:28:55;29.23;;;;65;21/06/2023;12:30:36;29.13;;;;65;21/06/2023;12:31:58;29.23;;;;
66;21/06/2023;12:29:55;29.2;;;;66;21/06/2023;12:31:36;29.1;;;;66;21/06/2023;12:32:58;29.21;;;;
67;21/06/2023;12:30:55;29.17;;;;67;21/06/2023;12:32:36;29.1;;;;67;21/06/2023;12:33:58;29.2;;;;
68;21/06/2023;12:31:54;29.16;;;;68;21/06/2023;12:33:36;29.09;;;;68;21/06/2023;12:34:58;29.2;;;;
69;21/06/2023;12:32:54;29.15;;;;69;21/06/2023;12:34:36;29.05;;;;69;21/06/2023;12:35:57;29.16;;;;
70;21/06/2023;12:33:54;29.13;;;;70;21/06/2023;12:35:36;29.02;;;;70;21/06/2023;12:36:57;29.18;;;;
71;21/06/2023;12:34:54;29.12;;;;71;21/06/2023;12:36:36;29.02;;;;71;21/06/2023;12:37:57;29.16;;;;
72;21/06/2023;12:35:54;29.1;;;;72;21/06/2023;12:37:36;28.99;;;;72;21/06/2023;12:38:57;29.16;;;;
73;21/06/2023;12:36:54;29.09;;;;73;21/06/2023;12:38:36;28.97;;;;73;21/06/2023;12:39:57;29.16;;;;
74;21/06/2023;12:37:54;29.08;;;;74;21/06/2023;12:39:36;28.98;;;;74;21/06/2023;12:40:57;29.16;;;;
75;21/06/2023;12:38:54;29.05;;;;75;21/06/2023;12:40:36;29;;;;75;21/06/2023;12:41:57;29.15;;;;
76;21/06/2023;12:39:54;29.08;;;;76;21/06/2023;12:41:35;29.02;;;;76;21/06/2023;12:42:57;29.16;;;;
77;21/06/2023;12:40:54;29.09;;;;77;21/06/2023;12:42:35;29.03;;;;77;21/06/2023;12:43:56;29.17;;;;
78;21/06/2023;12:41:53;29.09;;;;78;21/06/2023;12:43:35;29.05;;;;78;21/06/2023;12:44:56;29.23;;;;
79;21/06/2023;12:42:53;29.11;;;;79;21/06/2023;12:44:35;29.05;Synchronized;;;79;21/06/2023;12:45:56;29.38;;;;
80;21/06/2023;12:43:53;29.13;;;;80;21/06/2023;12:45:35;29.09;;;;80;21/06/2023;12:46:56;29.4;;;;
81;21/06/2023;12:44:53;29.09;;;;81;21/06/2023;12:46:35;29.13;;;;81;21/06/2023;12:47:56;29.3;;;;
82;21/06/2023;12:45:53;29.13;;;;82;21/06/2023;12:47:35;29.13;;;;82;21/06/2023;12:48:56;29.13;;;;
83;21/06/2023;12:46:53;29.18;;;;83;21/06/2023;12:48:35;29.06;;;;83;21/06/2023;12:49:56;28.98;;;;
84;21/06/2023;12:47:53;29.28;;;;84;21/06/2023;12:49:35;28.93;;;;84;21/06/2023;12:50:56;28.84;;;;
85;21/06/2023;12:48:53;29.15;;;;85;21/06/2023;12:50:35;28.82;;;;85;21/06/2023;12:51:55;28.76;;;;
86;21/06/2023;12:49:53;29.04;;;;86;21/06/2023;12:51:34;28.73;;;;86;21/06/2023;12:52:55;28.64;;;;
87;21/06/2023;12:50:52;28.95;;;;87;21/06/2023;12:52:34;28.65;;;;87;21/06/2023;12:53:55;28.46;;;;
88;21/06/2023;12:51:52;28.88;;;;88;21/06/2023;12:53:34;28.48;;;;88;21/06/2023;12:54:55;28.31;;;;
89;21/06/2023;12:52:52;28.78;;;;89;21/06/2023;12:54:34;28.34;;;;89;21/06/2023;12:55:55;28.2;;;;
90;21/06/2023;12:53:52;28.63;;;;90;21/06/2023;12:55:34;28.18;;;;90;21/06/2023;12:56:55;28.17;;;;
91;21/06/2023;12:54:52;28.51;Synchronized;;;91;21/06/2023;12:56:34;28.14;;;;91;21/06/2023;12:57:55;28.16;;;;
92;21/06/2023;12:55:52;28.38;;;;92;21/06/2023;12:57:33;28.13;;;;92;21/06/2023;12:58:55;28.18;;;;
93;21/06/2023;12:56:52;28.36;;;;93;21/06/2023;12:58:33;28.12;;;;93;21/06/2023;12:59:55;28.17;;;;
94;21/06/2023;12:57:52;28.36;;;;94;21/06/2023;12:59:33;28.12;;;;94;21/06/2023;13:00:54;28.2;;;;
95;21/06/2023;12:58:52;28.32;;;;95;21/06/2023;13:00:33;28.12;;;;95;21/06/2023;13:01:54;28.21;;;;
96;21/06/2023;12:59:52;28.36;;;;96;21/06/2023;13:01:33;28.16;;;;96;21/06/2023;13:02:54;28.24;;;;
97;21/06/2023;13:00:52;28.35;;;;97;21/06/2023;13:02:32;28.19;;;;97;21/06/2023;13:03:54;28.28;;;;
98;21/06/2023;13:01:52;28.36;;;;98;21/06/2023;13:03:32;28.24;;;;98;21/06/2023;13:04:54;28.3;;;;
99;21/06/2023;13:02:52;28.38;;;;99;21/06/2023;13:04:32;28.27;;;;99;21/06/2023;13:05:54;28.3;;;;
100;21/06/2023;13:03:52;28.41;;;;100;21/06/2023;13:05:32;28.27;;;;100;21/06/2023;13:06:54;28.32;;;;
101;21/06/2023;13:04:52;28.39;;;;101;21/06/2023;13:06:31;28.28;;;;101;21/06/2023;13:07:54;28.34;;;;
102;21/06/2023;13:05:52;28.42;;;;102;21/06/2023;13:07:31;28.3;;;;102;21/06/2023;13:08:53;28.33;;;;
103;21/06/2023;13:06:52;28.38;;;;103;21/06/2023;13:08:31;28.32;;;;103;21/06/2023;13:09:53;28.34;;;;
104;21/06/2023;13:07:52;28.4;;;;104;21/06/2023;13:09:31;28.32;;;;104;21/06/2023;13:10:53;28.31;;;;
105;21/06/2023;13:08:52;28.39;;;;105;21/06/2023;13:10:30;28.27;;;;105;21/06/2023;13:11:53;28.31;;;;
106;21/06/2023;13:09:52;28.4;;;;106;21/06/2023;13:11:30;28.3;;;;106;21/06/2023;13:12:53;28.3;;;;
107;21/06/2023;13:10:52;28.36;;;;107;21/06/2023;13:12:30;28.29;;;;107;21/06/2023;13:13:53;28.3;;;;
108;21/06/2023;13:11:52;28.37;;;;108;21/06/2023;13:13:30;28.29;;;;108;21/06/2023;13:14:53;28.28;;;;
109;21/06/2023;13:12:52;28.34;;;;109;21/06/2023;13:14:29;28.26;;;;109;21/06/2023;13:15:53;28.28;;;;
110;21/06/2023;13:13:52;28.34;;;;110;21/06/2023;13:15:29;28.26;;;;110;21/06/2023;13:16:52;28.17;;;;
111;21/06/2023;13:14:52;28.3;;;;111;21/06/2023;13:16:29;28.05;;;;111;21/06/2023;13:17:52;28.08;;;;
112;21/06/2023;13:15:52;28.28;;;;112;21/06/2023;13:17:29;27.79;;;;112;21/06/2023;13:18:52;27.98;;;;
113;21/06/2023;13:16:52;28.23;;;;113;21/06/2023;13:18:29;27.46;;;;113;21/06/2023;13:19:52;27.9;;;;
114;21/06/2023;13:17:52;28.11;;;;114;21/06/2023;13:19:28;27.28;;;;114;21/06/2023;13:20:52;27.82;;;;
115;21/06/2023;13:18:52;28.03;;;;115;21/06/2023;13:20:28;27.11;;;;115;21/06/2023;13:21:52;27.75;;;;
116;21/06/2023;13:19:52;28;;;;116;21/06/2023;13:21:28;26.98;;;;116;21/06/2023;13:22:52;27.63;;;;
117;21/06/2023;13:20:52;27.95;;;;117;21/06/2023;13:22:28;26.72;;;;117;21/06/2023;13:23:52;27.57;;;;
118;21/06/2023;13:21:52;27.9;;;;118;21/06/2023;13:23:28;26.57;;;;118;21/06/2023;13:24:52;27.45;;;;
119;21/06/2023;13:22:52;27.89;;;;119;21/06/2023;13:24:28;26.43;;;;119;21/06/2023;13:25:52;27.34;;;;
120;21/06/2023;13:23:52;27.83;;;;120;21/06/2023;13:25:28;26.31;;;;120;21/06/2023;13:26:52;27.25;;;;
121;21/06/2023;13:24:51;27.79;;;;121;21/06/2023;13:26:27;26.23;;;;121;21/06/2023;13:27:52;27.23;;;;
122;21/06/2023;13:25:51;27.77;;;;122;21/06/2023;13:27:27;26.16;;;;122;21/06/2023;13:28:52;27.23;Synchronized;;;
123;21/06/2023;13:26:51;27.75;;;;123;21/06/2023;13:28:27;26.15;;;;123;21/06/2023;13:29:52;27.27;;;;
124;21/06/2023;13:27:51;27.74;;;;124;21/06/2023;13:29:27;26.1;;;;124;21/06/2023;13:30:52;27.38;;;;
125;21/06/2023;13:28:51;27.73;;;;125;21/06/2023;13:30:27;26.21;;;;125;21/06/2023;13:31:52;27.51;;;;
126;21/06/2023;13:29:51;27.73;;;;126;21/06/2023;13:31:27;26.51;;;;126;21/06/2023;13:32:51;27.59;;;;
127;21/06/2023;13:30:51;27.79;;;;127;21/06/2023;13:32:27;26.73;;;;127;21/06/2023;13:33:51;27.69;;;;
128;21/06/2023;13:31:51;27.87;;;;128;21/06/2023;13:33:27;26.91;;;;128;21/06/2023;13:34:51;27.72;;;;
129;21/06/2023;13:32:51;27.91;;;;129;21/06/2023;13:34:26;27.06;;;;129;21/06/2023;13:35:51;27.8;;;;
130;21/06/2023;13:33:51;27.95;;;;130;21/06/2023;13:35:26;27.2;;;;130;21/06/2023;13:36:51;27.84;;;;
131;21/06/2023;13:34:51;27.97;;;;131;21/06/2023;13:36:26;27.3;;;;131;21/06/2023;13:37:51;27.88;;;;
132;21/06/2023;13:35:51;28.03;;;;132;21/06/2023;13:37:26;27.4;;;;132;21/06/2023;13:38:51;27.91;;;;
133;21/06/2023;13:36:51;28.04;;;;133;21/06/2023;13:38:26;27.49;;;;133;21/06/2023;13:39:51;27.95;;;;
134;21/06/2023;13:37:51;28.03;;;;134;21/06/2023;13:39:25;27.57;;;;134;21/06/2023;13:40:51;27.96;;;;
135;21/06/2023;13:38:50;28.06;;;;135;21/06/2023;13:40:25;27.62;;;;135;21/06/2023;13:41:51;27.99;;;;
136;21/06/2023;13:39:50;28.09;;;;136;21/06/2023;13:41:25;27.67;;;;136;21/06/2023;13:42:51;28;;;;
137;21/06/2023;13:40:50;28.1;;;;137;21/06/2023;13:42:25;27.7;;;;137;21/06/2023;13:43:51;28.01;;;;
138;21/06/2023;13:41:50;28.11;;;;138;21/06/2023;13:43:25;27.73;;;;138;21/06/2023;13:44:51;28.04;;;;
139;21/06/2023;13:42:50;28.13;;;;139;21/06/2023;13:44:25;27.76;;;;139;21/06/2023;13:45:51;28.03;;;;
140;21/06/2023;13:43:50;28.13;;;;140;21/06/2023;13:45:24;27.78;;;;140;21/06/2023;13:46:50;28.04;;;;
141;21/06/2023;13:44:50;28.12;;;;141;21/06/2023;13:46:24;27.81;;;;141;21/06/2023;13:47:50;28.06;;;;
142;21/06/2023;13:45:50;28.12;;;;142;21/06/2023;13:47:24;27.84;;;;142;21/06/2023;13:48:50;28.06;;;;
143;21/06/2023;13:46:50;28.12;;;;143;21/06/2023;13:48:24;27.85;;;;143;21/06/2023;13:49:50;28.06;;;;
144;21/06/2023;13:47:50;28.15;;;;144;21/06/2023;13:49:24;27.86;;;;144;21/06/2023;13:50:50;28.09;;;;
145;21/06/2023;13:48:50;28.13;;;;145;21/06/2023;13:50:24;27.88;;;;145;21/06/2023;13:51:50;28.09;;;;
146;21/06/2023;13:49:50;28.14;;;;146;21/06/2023;13:51:23;27.88;;;;146;21/06/2023;13:52:50;28.05;;;;
147;21/06/2023;13:50:50;28.13;;;;147;21/06/2023;13:52:23;27.91;;;;147;21/06/2023;13:53:50;28.08;;;;
148;21/06/2023;13:51:50;28.13;;;;148;21/06/2023;13:53:23;27.91;;;;148;21/06/2023;13:54:50;28.09;;;;
149;21/06/2023;13:52:50;28.13;;;;149;21/06/2023;13:54:23;27.9;;;;149;21/06/2023;13:55:50;28.09;;;;
150;21/06/2023;13:53:50;28.11;;;;150;21/06/2023;13:55:23;27.93;;;;150;21/06/2023;13:56:50;28.05;;;;
151;21/06/2023;13:54:50;28.12;;;;151;21/06/2023;13:56:22;27.92;;;;151;21/06/2023;13:57:49;28.06;;;;
152;21/06/2023;13:55:50;28.13;;;;152;21/06/2023;13:57:22;27.91;;;;152;21/06/2023;13:58:49;28.06;;;;
153;21/06/2023;13:56:50;28.12;;;;153;21/06/2023;13:58:22;27.93;;;;153;21/06/2023;13:59:49;28.09;;;;
154;21/06/2023;13:57:50;28.1;;;;154;21/06/2023;13:59:22;27.94;;;;154;21/06/2023;14:00:49;28.07;;;;
155;21/06/2023;13:58:50;28.11;;;;155;21/06/2023;14:00:22;27.94;;;;155;21/06/2023;14:01:49;28.1;;;;
156;21/06/2023;13:59:50;28.13;;;;156;21/06/2023;14:01:21;27.97;;;;156;21/06/2023;14:02:49;28.09;;;;
157;21/06/2023;14:00:50;28.11;;;;157;21/06/2023;14:02:21;27.95;;;;157;21/06/2023;14:03:49;28.09;;;;
158;21/06/2023;14:01:49;28.13;;;;158;21/06/2023;14:03:21;27.97;;;;158;21/06/2023;14:04:49;28.09;;;;
159;21/06/2023;14:02:49;28.13;;;;159;21/06/2023;14:04:21;27.98;;;;159;21/06/2023;14:05:49;28.06;;;;
160;21/06/2023;14:03:49;28.12;;;;160;21/06/2023;14:05:21;27.95;;;;160;21/06/2023;14:06:49;28.05;;;;
161;21/06/2023;14:04:49;28.1;;;;161;21/06/2023;14:06:20;27.96;;;;161;21/06/2023;14:07:48;28.05;;;;
162;21/06/2023;14:05:49;28.11;;;;162;21/06/2023;14:07:20;27.97;;;;162;21/06/2023;14:08:48;28.03;;;;
163;21/06/2023;14:06:49;28.11;;;;163;21/06/2023;14:08:20;27.95;;;;163;21/06/2023;14:09:48;28.01;;;;
164;21/06/2023;14:07:48;28.09;;;;164;21/06/2023;14:09:20;27.94;;;;164;21/06/2023;14:10:48;27.96;;;;
165;21/06/2023;14:08:48;28.07;;;;165;21/06/2023;14:10:20;27.88;;;;165;21/06/2023;14:11:48;27.92;Synchronized;;;
166;21/06/2023;14:09:48;28.05;;;;166;21/06/2023;14:11:19;27.84;;;;166;21/06/2023;14:12:48;27.92;;;;
167;21/06/2023;14:10:48;28.02;;;;167;21/06/2023;14:12:19;27.8;;;;167;21/06/2023;14:13:48;27.94;;;;
168;21/06/2023;14:11:48;27.98;Synchronized;;;168;21/06/2023;14:13:19;27.82;;;;168;21/06/2023;14:14:48;27.92;;;;
169;21/06/2023;14:12:48;27.98;;;;169;21/06/2023;14:14:19;27.84;;;;169;21/06/2023;14:15:48;27.92;;;;
170;21/06/2023;14:13:48;27.98;;;;170;21/06/2023;14:15:19;27.84;;;;170;21/06/2023;14:16:48;27.87;;;;
171;21/06/2023;14:14:48;27.97;;;;171;21/06/2023;14:16:18;27.79;;;;171;21/06/2023;14:17:48;27.85;Synchronized;;;
172;21/06/2023;14:15:48;27.95;;;;172;21/06/2023;14:17:18;27.77;;;;172;21/06/2023;14:18:48;27.86;;;;
173;21/06/2023;14:16:48;27.92;;;;173;21/06/2023;14:18:18;27.79;;;;173;21/06/2023;14:19:47;27.85;;;;
174;21/06/2023;14:17:47;27.92;;;;174;21/06/2023;14:19:18;27.77;;;;174;21/06/2023;14:20:47;27.83;;;;
175;21/06/2023;14:18:47;27.93;;;;175;21/06/2023;14:20:18;27.74;;;;175;21/06/2023;14:21:47;27.83;;;;
176;21/06/2023;14:19:47;27.88;;;;176;21/06/2023;14:21:18;27.74;;;;176;21/06/2023;14:22:47;27.81;;;;
177;21/06/2023;14:20:47;27.89;;;;177;21/06/2023;14:22:17;27.73;;;;177;21/06/2023;14:23:47;27.79;;;;
178;21/06/2023;14:21:47;27.86;;;;178;21/06/2023;14:23:17;27.73;;;;178;21/06/2023;14:24:47;27.77;;;;
179;21/06/2023;14:22:47;27.86;;;;179;21/06/2023;14:24:17;27.69;;;;179;21/06/2023;14:25:47;27.76;;;;
180;21/06/2023;14:23:47;27.87;;;;180;21/06/2023;14:25:17;27.68;;;;180;21/06/2023;14:26:47;27.76;;;;
181;21/06/2023;14:24:47;27.83;;;;181;21/06/2023;14:26:17;27.67;;;;181;21/06/2023;14:27:47;27.77;;;;
182;21/06/2023;14:25:47;27.81;;;;182;21/06/2023;14:27:16;27.7;;;;182;21/06/2023;14:28:47;27.78;;;;
183;21/06/2023;14:26:47;27.82;;;;183;21/06/2023;14:28:16;27.69;;;;183;21/06/2023;14:29:47;27.8;;;;
184;21/06/2023;14:27:47;27.84;;;;184;21/06/2023;14:29:16;27.7;;;;184;21/06/2023;14:30:47;27.81;;;;
185;21/06/2023;14:28:47;27.83;;;;185;21/06/2023;14:30:16;27.75;;;;185;21/06/2023;14:31:47;27.76;;;;
186;21/06/2023;14:29:47;27.84;;;;186;21/06/2023;14:31:16;27.7;;;;186;21/06/2023;14:32:47;27.77;;;;
187;21/06/2023;14:30:47;27.82;;;;187;21/06/2023;14:32:16;27.72;;;;187;21/06/2023;14:33:46;27.77;;;;
188;21/06/2023;14:31:47;27.8;;;;188;21/06/2023;14:33:15;27.7;;;;188;21/06/2023;14:34:46;27.73;;;;
189;21/06/2023;14:32:47;27.8;;;;189;21/06/2023;14:34:15;27.68;;;;189;21/06/2023;14:35:46;27.72;;;;
190;21/06/2023;14:33:47;27.82;;;;190;21/06/2023;14:35:15;27.65;;;;190;21/06/2023;14:36:46;27.72;;;;
191;21/06/2023;14:34:47;27.78;;;;191;21/06/2023;14:36:15;27.66;;;;191;21/06/2023;14:37:46;27.77;;;;
192;21/06/2023;14:35:47;27.77;;;;192;21/06/2023;14:37:15;27.65;;;;192;21/06/2023;14:38:46;27.8;;;;
193;21/06/2023;14:36:47;27.76;;;;193;21/06/2023;14:38:14;27.73;;;;193;21/06/2023;14:39:46;27.84;;;;
194;21/06/2023;14:37:47;27.77;;;;194;21/06/2023;14:39:14;27.76;;;;194;21/06/2023;14:40:46;27.85;;;;
195;21/06/2023;14:38:47;27.8;;;;195;21/06/2023;14:40:14;27.77;;;;195;21/06/2023;14:41:46;27.84;;;;
196;21/06/2023;14:39:47;27.83;;;;196;21/06/2023;14:41:14;27.78;;;;196;21/06/2023;14:42:46;27.86;;;;
197;21/06/2023;14:40:47;27.86;;;;197;21/06/2023;14:42:14;27.77;;;;197;21/06/2023;14:43:46;27.86;;;;
198;21/06/2023;14:41:47;27.85;;;;198;21/06/2023;14:43:13;27.8;;;;198;21/06/2023;14:44:46;27.88;;;;
199;21/06/2023;14:42:47;27.85;;;;199;21/06/2023;14:44:13;27.79;;;;199;21/06/2023;14:45:46;27.88;;;;
200;21/06/2023;14:43:47;27.87;;;;200;21/06/2023;14:45:13;27.8;;;;200;21/06/2023;14:46:46;27.88;;;;
201;21/06/2023;14:44:47;27.87;;;;201;21/06/2023;14:46:13;27.85;;;;201;21/06/2023;14:47:45;27.88;;;;
202;21/06/2023;14:45:47;27.87;;;;202;21/06/2023;14:47:13;27.85;;;;202;21/06/2023;14:48:45;27.9;;;;
203;21/06/2023;14:46:48;27.88;;;;203;21/06/2023;14:48:12;27.84;;;;203;21/06/2023;14:49:45;27.88;;;;
204;21/06/2023;14:47:48;27.91;;;;204;21/06/2023;14:49:12;27.86;;;;204;21/06/2023;14:50:45;27.9;;;;
205;21/06/2023;14:48:48;27.88;;;;205;21/06/2023;14:50:12;27.87;;;;205;21/06/2023;14:51:45;27.88;;;;
206;21/06/2023;14:49:48;27.9;;;;206;21/06/2023;14:51:12;27.86;;;;206;21/06/2023;14:52:45;27.87;;;;
207;21/06/2023;14:50:48;27.91;;;;207;21/06/2023;14:52:12;27.86;;;;207;21/06/2023;14:53:45;27.84;;;;
208;21/06/2023;14:51:48;27.88;;;;208;21/06/2023;14:53:12;27.84;;;;208;21/06/2023;14:54:45;27.84;;;;
209;21/06/2023;14:52:48;27.88;;;;209;21/06/2023;14:54:11;27.82;;;;209;21/06/2023;14:55:45;27.87;;;;
210;21/06/2023;14:53:48;27.88;;;;210;21/06/2023;14:55:11;27.84;;;;210;21/06/2023;14:56:45;27.87;;;;
211;21/06/2023;14:54:48;27.87;;;;211;21/06/2023;14:56:11;27.84;;;;211;21/06/2023;14:57:45;27.87;;;;
212;21/06/2023;14:55:48;27.87;;;;212;21/06/2023;14:57:11;27.85;;;;212;21/06/2023;14:58:44;27.88;;;;
213;21/06/2023;14:56:48;27.87;;;;213;21/06/2023;14:58:11;27.84;;;;213;21/06/2023;14:59:44;27.88;;;;
214;21/06/2023;14:57:48;27.89;;;;214;21/06/2023;14:59:10;27.84;;;;214;21/06/2023;15:00:44;27.9;;;;
215;21/06/2023;14:58:48;27.9;;;;215;21/06/2023;15:00:10;27.85;;;;215;21/06/2023;15:01:44;27.91;;;;
216;21/06/2023;14:59:48;27.87;;;;216;21/06/2023;15:01:10;27.86;;;;216;21/06/2023;15:02:44;27.92;;;;
217;21/06/2023;15:00:48;27.88;;;;217;21/06/2023;15:02:10;27.88;;;;217;21/06/2023;15:03:44;27.94;;;;
218;21/06/2023;15:01:48;27.89;;;;218;21/06/2023;15:03:10;27.88;;;;218;21/06/2023;15:04:44;27.91;;;;
219;21/06/2023;15:02:48;27.91;;;;219;21/06/2023;15:04:09;27.88;;;;219;21/06/2023;15:05:44;27.93;;;;
220;21/06/2023;15:03:48;27.89;;;;220;21/06/2023;15:05:09;27.88;;;;220;21/06/2023;15:06:44;27.93;;;;
221;21/06/2023;15:04:48;27.9;;;;221;21/06/2023;15:06:09;27.88;;;;221;21/06/2023;15:07:44;27.93;;;;
222;21/06/2023;15:05:48;27.9;;;;222;21/06/2023;15:07:09;27.91;;;;222;21/06/2023;15:08:44;27.91;;;;
223;21/06/2023;15:06:48;27.92;;;;223;21/06/2023;15:08:09;27.89;;;;223;21/06/2023;15:09:44;27.91;;;;
224;21/06/2023;15:07:48;27.9;;;;224;21/06/2023;15:09:08;27.88;;;;224;21/06/2023;15:10:44;27.91;;;;
225;21/06/2023;15:08:48;27.91;;;;225;21/06/2023;15:10:08;27.91;;;;225;21/06/2023;15:11:43;27.94;;;;
226;21/06/2023;15:09:48;27.89;;;;226;21/06/2023;15:11:08;27.9;;;;226;21/06/2023;15:12:43;27.94;;;;
227;21/06/2023;15:10:48;27.89;;;;227;21/06/2023;15:12:08;27.91;;;;227;21/06/2023;15:13:43;27.93;;;;
228;21/06/2023;15:11:48;27.9;;;;228;21/06/2023;15:13:08;27.9;;;;228;21/06/2023;15:14:43;27.95;;;;
229;21/06/2023;15:12:48;27.9;;;;229;21/06/2023;15:14:07;27.91;;;;229;21/06/2023;15:15:43;27.95;;;;
230;21/06/2023;15:13:48;27.92;;;;230;21/06/2023;15:15:07;27.92;;;;230;21/06/2023;15:16:43;27.96;;;;
231;21/06/2023;15:14:48;27.92;;;;231;21/06/2023;15:16:07;27.91;;;;231;21/06/2023;15:17:43;27.96;;;;
232;21/06/2023;15:15:48;27.93;;;;232;21/06/2023;15:17:07;27.91;;;;232;21/06/2023;15:18:43;27.98;;;;
233;21/06/2023;15:16:48;27.94;Synchronized;;;233;21/06/2023;15:18:07;27.92;;;;233;21/06/2023;15:19:43;27.98;;;;
234;21/06/2023;15:17:48;27.94;;;;234;21/06/2023;15:19:06;27.92;;;;234;21/06/2023;15:20:43;27.97;;;;
235;21/06/2023;15:18:48;27.97;;;;235;21/06/2023;15:20:06;27.94;;;;235;21/06/2023;15:21:43;27.99;;;;
236;21/06/2023;15:19:48;27.97;;;;236;21/06/2023;15:21:06;27.96;;;;236;21/06/2023;15:22:42;28;;;;
237;21/06/2023;15:20:48;27.94;;;;237;21/06/2023;15:22:06;27.95;;;;237;21/06/2023;15:23:42;28.02;;;;
238;21/06/2023;15:21:48;27.94;;;;238;21/06/2023;15:23:05;27.95;;;;238;21/06/2023;15:24:42;28.01;;;;
239;21/06/2023;15:22:48;27.97;;;;239;21/06/2023;15:24:05;27.96;Synchronized;;;239;21/06/2023;15:25:42;27.99;;;;
240;21/06/2023;15:23:48;27.95;;;;240;21/06/2023;15:25:05;27.98;Synchronized;;;240;21/06/2023;15:26:42;28;;;;
241;21/06/2023;15:24:48;27.98;;;;241;21/06/2023;15:26:05;27.96;;;;241;21/06/2023;15:27:42;27.99;;;;
242;21/06/2023;15:25:48;27.98;;;;242;21/06/2023;15:27:05;27.98;;;;242;21/06/2023;15:28:42;28.04;;;;
243;21/06/2023;15:26:48;27.97;;;;243;21/06/2023;15:28:04;27.98;;;;243;21/06/2023;15:29:42;28.02;;;;
244;21/06/2023;15:27:48;27.99;;;;244;21/06/2023;15:29:04;27.97;;;;244;21/06/2023;15:30:42;28.05;;;;
245;21/06/2023;15:28:48;27.98;;;;245;21/06/2023;15:30:04;27.97;;;;245;21/06/2023;15:31:42;28.05;;;;
246;21/06/2023;15:29:48;27.98;;;;246;21/06/2023;15:31:04;27.98;;;;246;21/06/2023;15:32:42;28.05;;;;
247;21/06/2023;15:30:48;27.99;;;;247;21/06/2023;15:32:04;27.99;;;;247;21/06/2023;15:33:41;28.04;;;;
248;21/06/2023;15:31:48;27.99;;;;248;21/06/2023;15:33:04;27.99;;;;248;21/06/2023;15:34:41;28.05;;;;
249;21/06/2023;15:32:48;28;;;;249;21/06/2023;15:34:03;28;;;;249;21/06/2023;15:35:41;28.03;;;;
250;21/06/2023;15:33:48;28.02;;;;250;21/06/2023;15:35:03;28.01;;;;250;21/06/2023;15:36:41;28.05;;;;
251;21/06/2023;15:34:48;28.02;;;;251;21/06/2023;15:36:03;28.04;;;;251;21/06/2023;15:37:41;28.06;;;;
252;21/06/2023;15:35:48;28.02;;;;252;21/06/2023;15:37:03;28.02;;;;252;21/06/2023;15:38:41;28.05;;;;
253;21/06/2023;15:36:48;28.02;;;;253;21/06/2023;15:38:03;28.02;;;;253;21/06/2023;15:39:41;28.06;;;;
254;21/06/2023;15:37:48;28.02;;;;254;21/06/2023;15:39:02;28.02;;;;254;21/06/2023;15:40:41;28.06;;;;
255;21/06/2023;15:38:48;28.02;;;;255;21/06/2023;15:40:02;28.04;;;;255;21/06/2023;15:41:41;28.06;;;;
256;21/06/2023;15:39:48;28.03;;;;256;21/06/2023;15:41:02;28.04;;;;256;21/06/2023;15:42:41;28.08;;;;
257;21/06/2023;15:40:48;28.03;;;;257;21/06/2023;15:42:02;28.03;;;;257;21/06/2023;15:43:41;28.08;;;;
258;21/06/2023;15:41:48;28.02;;;;258;21/06/2023;15:43:02;28.02;;;;258;21/06/2023;15:44:41;28.09;;;;
259;21/06/2023;15:42:48;28.03;;;;259;21/06/2023;15:44:01;28.02;;;;259;21/06/2023;15:45:40;28.09;;;;
260;21/06/2023;15:43:48;28.03;;;;260;21/06/2023;15:45:01;28.04;;;;260;21/06/2023;15:46:40;28.09;;;;
261;21/06/2023;15:44:48;28.05;;;;261;21/06/2023;15:46:01;28.03;;;;261;21/06/2023;15:47:40;28.09;;;;
262;21/06/2023;15:45:48;28.05;;;;262;21/06/2023;15:47:01;28.05;;;;262;21/06/2023;15:48:40;28.11;;;;
263;21/06/2023;15:46:48;28.05;;;;263;21/06/2023;15:48:01;28.04;Synchronized;;;263;21/06/2023;15:49:40;28.1;;;;
264;21/06/2023;15:47:48;28.05;;;;264;21/06/2023;15:49:00;28.05;;;;264;21/06/2023;15:50:40;28.11;;;;
265;21/06/2023;15:48:48;28.09;;;;265;21/06/2023;15:50:00;28.06;;;;265;21/06/2023;15:51:40;28.11;;;;
266;21/06/2023;15:49:48;28.06;;;;266;21/06/2023;15:51:00;28.09;;;;266;21/06/2023;15:52:40;28.15;;;;
267;21/06/2023;15:50:48;28.09;;;;267;21/06/2023;15:52:00;28.09;;;;267;21/06/2023;15:53:40;28.12;;;;
268;21/06/2023;15:51:48;28.09;;;;268;21/06/2023;15:52:59;28.08;;;;268;21/06/2023;15:54:40;28.13;;;;
269;21/06/2023;15:52:48;28.1;;;;269;21/06/2023;15:53:59;28.08;;;;269;21/06/2023;15:55:40;28.11;;;;
270;21/06/2023;15:53:48;28.09;;;;270;21/06/2023;15:54:59;28.09;;;;270;21/06/2023;15:56:39;28.14;;;;
271;21/06/2023;15:54:48;28.09;;;;271;21/06/2023;15:55:59;28.09;;;;271;21/06/2023;15:57:39;28.11;;;;
272;21/06/2023;15:55:48;28.09;;;;272;21/06/2023;15:56:59;28.1;;;;272;21/06/2023;15:58:39;28.12;;;;
273;21/06/2023;15:56:48;28.11;;;;273;21/06/2023;15:57:59;28.09;;;;273;21/06/2023;15:59:39;28.13;;;;
274;21/06/2023;15:57:48;28.09;;;;274;21/06/2023;15:58:58;28.09;;;;274;21/06/2023;16:00:39;28.13;;;;
275;21/06/2023;15:58:48;28.09;;;;275;21/06/2023;15:59:58;28.08;;;;275;21/06/2023;16:01:39;28.14;;;;
276;21/06/2023;15:59:48;28.09;;;;276;21/06/2023;16:00:58;28.08;;;;276;21/06/2023;16:02:39;28.13;;;;
277;21/06/2023;16:00:48;28.09;;;;277;21/06/2023;16:01:58;28.09;;;;277;21/06/2023;16:03:39;28.12;;;;
278;21/06/2023;16:01:48;28.11;;;;278;21/06/2023;16:02:57;28.09;;;;278;21/06/2023;16:04:39;28.16;;;;
279;21/06/2023;16:02:48;28.09;;;;279;21/06/2023;16:03:57;28.11;;;;279;21/06/2023;16:05:38;28.16;;;;
280;21/06/2023;16:03:48;28.09;;;;280;21/06/2023;16:04:57;28.12;;;;280;21/06/2023;16:06:38;28.14;Synchronized;;;
281;21/06/2023;16:04:48;28.09;;;;281;21/06/2023;16:05:57;28.13;;;;281;21/06/2023;16:07:38;28.15;;;;
282;21/06/2023;16:05:48;28.12;;;;282;21/06/2023;16:06:57;28.12;;;;282;21/06/2023;16:08:38;28.18;;;;
283;21/06/2023;16:06:48;28.13;;;;283;21/06/2023;16:07:56;28.13;;;;283;21/06/2023;16:09:38;28.16;;;;
284;21/06/2023;16:07:48;28.11;;;;284;21/06/2023;16:08:56;28.13;;;;284;21/06/2023;16:10:38;28.16;;;;
285;21/06/2023;16:08:48;28.13;;;;285;21/06/2023;16:09:56;28.14;;;;285;21/06/2023;16:11:38;28.18;;;;
286;21/06/2023;16:09:48;28.15;;;;286;21/06/2023;16:10:56;28.14;;;;286;21/06/2023;16:12:38;28.18;;;;
287;21/06/2023;16:10:48;28.14;;;;287;21/06/2023;16:11:55;28.15;;;;287;21/06/2023;16:13:38;28.16;;;;
288;21/06/2023;16:11:48;28.13;;;;288;21/06/2023;16:12:55;28.15;;;;288;21/06/2023;16:14:38;28.18;;;;
289;21/06/2023;16:12:47;28.14;;;;289;21/06/2023;16:13:55;28.15;;;;289;21/06/2023;16:15:37;28.19;;;;
290;21/06/2023;16:13:47;28.16;;;;290;21/06/2023;16:14:55;28.15;;;;290;21/06/2023;16:16:37;28.2;;;;
291;21/06/2023;16:14:47;28.16;Synchronized;;;291;21/06/2023;16:15:55;28.14;;;;291;21/06/2023;16:17:37;28.17;;;;
292;21/06/2023;16:15:47;28.14;;;;292;21/06/2023;16:16:54;28.18;;;;292;21/06/2023;16:18:37;28.2;;;;
293;21/06/2023;16:16:47;28.16;;;;293;21/06/2023;16:17:54;28.16;;;;293;21/06/2023;16:19:37;28.18;;;;
294;21/06/2023;16:17:47;28.17;;;;294;21/06/2023;16:18:54;28.16;;;;294;21/06/2023;16:20:37;28.2;;;;
295;21/06/2023;16:18:47;28.16;;;;295;21/06/2023;16:19:54;28.17;;;;295;21/06/2023;16:21:37;28.21;;;;
296;21/06/2023;16:19:47;28.16;;;;296;21/06/2023;16:20:53;28.17;;;;296;21/06/2023;16:22:37;28.27;;;;
297;21/06/2023;16:20:47;28.16;;;;297;21/06/2023;16:21:53;28.2;;;;297;21/06/2023;16:23:37;28.33;;;;
298;21/06/2023;16:21:47;28.16;;;;298;21/06/2023;16:22:53;28.23;;;;298;21/06/2023;16:24:36;28.34;;;;
299;21/06/2023;16:22:47;28.17;;;;299;21/06/2023;16:23:53;28.24;;;;299;21/06/2023;16:25:36;28.34;;;;
300;21/06/2023;16:23:47;28.23;;;;300;21/06/2023;16:24:53;28.27;;;;300;21/06/2023;16:26:36;28.34;Synchronized;;;
301;21/06/2023;16:24:47;28.21;;;;301;21/06/2023;16:25:52;28.26;;;;301;21/06/2023;16:27:36;28.38;;;;
302;21/06/2023;16:25:47;28.23;;;;302;21/06/2023;16:26:52;28.29;;;;302;21/06/2023;16:28:36;28.35;;;;
303;21/06/2023;16:26:47;28.23;;;;303;21/06/2023;16:27:52;28.3;;;;303;21/06/2023;16:29:36;28.34;;;;
304;21/06/2023;16:27:47;28.26;;;;304;21/06/2023;16:28:52;28.28;;;;304;21/06/2023;16:30:36;28.34;;;;
305;21/06/2023;16:28:47;28.26;;;;305;21/06/2023;16:29:51;28.32;;;;305;21/06/2023;16:31:36;28.37;;;;
306;21/06/2023;16:29:47;28.27;;;;306;21/06/2023;16:30:51;28.32;;;;306;21/06/2023;16:32:35;28.34;;;;
307;21/06/2023;16:30:47;28.26;;;;307;21/06/2023;16:31:51;28.3;;;;307;21/06/2023;16:33:35;28.34;;;;
308;21/06/2023;16:31:47;28.27;;;;308;21/06/2023;16:32:51;28.33;;;;308;21/06/2023;16:34:35;28.38;;;;
309;21/06/2023;16:32:47;28.27;;;;309;21/06/2023;16:33:50;28.32;;;;309;21/06/2023;16:35:35;28.38;;;;
310;21/06/2023;16:33:47;28.3;;;;310;21/06/2023;16:34:50;28.35;;;;310;21/06/2023;16:36:35;28.4;;;;
311;21/06/2023;16:34:47;28.32;;;;311;21/06/2023;16:35:50;28.34;;;;311;21/06/2023;16:37:35;28.38;;;;
312;21/06/2023;16:35:47;28.31;;;;312;21/06/2023;16:36:50;28.35;;;;312;21/06/2023;16:38:35;28.41;;;;
313;21/06/2023;16:36:47;28.34;;;;313;21/06/2023;16:37:49;28.35;;;;313;21/06/2023;16:39:35;28.39;Synchronized;;;
314;21/06/2023;16:37:47;28.34;Synchronized;;;314;21/06/2023;16:38:49;28.37;;;;314;21/06/2023;16:40:34;28.4;;;;
315;21/06/2023;16:38:47;28.32;;;;315;21/06/2023;16:39:49;28.38;;;;315;21/06/2023;16:41:34;28.41;;;;
316;21/06/2023;16:39:47;28.34;;;;316;21/06/2023;16:40:49;28.37;;;;316;21/06/2023;16:42:34;28.41;;;;
317;21/06/2023;16:40:47;28.32;;;;317;21/06/2023;16:41:49;28.35;;;;317;21/06/2023;16:43:34;28.37;;;;
318;21/06/2023;16:41:47;28.34;;;;318;21/06/2023;16:42:48;28.34;;;;318;21/06/2023;16:44:34;28.39;;;;
319;21/06/2023;16:42:47;28.34;;;;319;21/06/2023;16:43:48;28.34;Synchronized;;;319;21/06/2023;16:45:34;28.38;;;;
320;21/06/2023;16:43:46;28.34;;;;320;21/06/2023;16:44:48;28.34;;;;320;21/06/2023;16:46:34;28.41;;;;
321;21/06/2023;16:44:46;28.31;;;;321;21/06/2023;16:45:48;28.35;;;;321;21/06/2023;16:47:34;28.41;;;;
322;21/06/2023;16:45:46;28.34;;;;322;21/06/2023;16:46:47;28.34;;;;322;21/06/2023;16:48:34;28.44;;;;
323;21/06/2023;16:46:46;28.3;;;;323;21/06/2023;16:47:47;28.34;;;;323;21/06/2023;16:49:33;28.42;;;;
324;21/06/2023;16:47:46;28.32;;;;324;21/06/2023;16:48:47;28.33;;;;324;21/06/2023;16:50:33;28.44;;;;
325;21/06/2023;16:48:46;28.34;;;;325;21/06/2023;16:49:47;28.34;;;;325;21/06/2023;16:51:33;28.44;;;;
326;21/06/2023;16:49:46;28.34;;;;326;21/06/2023;16:50:46;28.37;;;;326;21/06/2023;16:52:33;28.45;;;;
327;21/06/2023;16:50:46;28.35;;;;327;21/06/2023;16:51:46;28.35;;;;327;21/06/2023;16:53:33;28.45;;;;
328;21/06/2023;16:51:46;28.36;;;;328;21/06/2023;16:52:46;28.38;;;;328;21/06/2023;16:54:33;28.44;;;;
329;21/06/2023;16:52:46;28.35;;;;329;21/06/2023;16:53:46;28.38;;;;329;21/06/2023;16:55:33;28.46;;;;
330;21/06/2023;16:53:46;28.35;;;;330;21/06/2023;16:54:46;28.37;;;;330;21/06/2023;16:56:33;28.45;;;;
331;21/06/2023;16:54:46;28.36;;;;331;21/06/2023;16:55:45;28.39;;;;331;21/06/2023;16:57:32;28.43;;;;
332;21/06/2023;16:55:46;28.38;;;;332;21/06/2023;16:56:45;28.38;;;;332;21/06/2023;16:58:32;28.45;;;;
333;21/06/2023;16:56:46;28.38;;;;333;21/06/2023;16:57:45;28.38;;;;333;21/06/2023;16:59:32;28.46;;;;
334;21/06/2023;16:57:46;28.36;;;;334;21/06/2023;16:58:45;28.38;;;;334;21/06/2023;17:00:32;28.46;;;;
335;21/06/2023;16:58:46;28.36;;;;335;21/06/2023;16:59:45;28.39;;;;335;21/06/2023;17:01:32;28.52;;;;
336;21/06/2023;16:59:46;28.38;;;;336;21/06/2023;17:00:44;28.38;;;;336;21/06/2023;17:02:32;28.51;;;;
337;21/06/2023;17:00:46;28.38;;;;337;21/06/2023;17:01:44;28.45;;;;337;21/06/2023;17:03:32;28.54;;;;
338;21/06/2023;17:01:46;28.4;;;;338;21/06/2023;17:02:44;28.45;;;;338;21/06/2023;17:04:32;28.54;;;;
339;21/06/2023;17:02:46;28.44;Synchronized;;;339;21/06/2023;17:03:44;28.48;;;;339;21/06/2023;17:05:32;28.55;;;;
340;21/06/2023;17:03:46;28.41;;;;340;21/06/2023;17:04:43;28.51;;;;340;21/06/2023;17:06:32;28.56;;;;
341;21/06/2023;17:04:46;28.46;;;;341;21/06/2023;17:05:43;28.49;;;;341;21/06/2023;17:07:31;28.57;;;;
342;21/06/2023;17:05:46;28.45;;;;342;21/06/2023;17:06:43;28.48;;;;342;21/06/2023;17:08:31;28.57;;;;
343;21/06/2023;17:06:46;28.46;;;;343;21/06/2023;17:07:43;28.52;;;;343;21/06/2023;17:09:31;28.59;;;;
344;21/06/2023;17:07:46;28.46;;;;344;21/06/2023;17:08:43;28.53;;;;344;21/06/2023;17:10:31;28.57;;;;
345;21/06/2023;17:08:46;28.46;;;;345;21/06/2023;17:09:42;28.52;;;;345;21/06/2023;17:11:31;28.58;;;;
346;21/06/2023;17:09:46;28.48;;;;346;21/06/2023;17:10:42;28.53;;;;346;21/06/2023;17:12:31;28.64;;;;
347;21/06/2023;17:10:46;28.48;;;;347;21/06/2023;17:11:42;28.54;;;;347;21/06/2023;17:13:31;28.64;;;;
348;21/06/2023;17:11:46;28.48;;;;348;21/06/2023;17:12:42;28.59;;;;348;21/06/2023;17:14:31;28.65;;;;
349;21/06/2023;17:12:46;28.52;;;;349;21/06/2023;17:13:41;28.59;;;;349;21/06/2023;17:15:30;28.64;;;;
350;21/06/2023;17:13:46;28.55;;;;350;21/06/2023;17:14:41;28.59;;;;350;21/06/2023;17:16:30;28.63;;;;
351;21/06/2023;17:14:46;28.54;;;;351;21/06/2023;17:15:41;28.59;;;;351;21/06/2023;17:17:30;28.66;;;;
352;21/06/2023;17:15:46;28.55;;;;352;21/06/2023;17:16:41;28.61;;;;352;21/06/2023;17:18:30;28.66;;;;
353;21/06/2023;17:16:46;28.54;;;;353;21/06/2023;17:17:41;28.6;;;;353;21/06/2023;17:19:30;28.66;;;;
354;21/06/2023;17:17:46;28.56;;;;354;21/06/2023;17:18:40;28.61;;;;354;21/06/2023;17:20:30;28.65;;;;
355;21/06/2023;17:18:46;28.55;;;;355;21/06/2023;17:19:40;28.61;;;;355;21/06/2023;17:21:30;28.65;;;;
356;21/06/2023;17:19:46;28.55;;;;356;21/06/2023;17:20:40;28.63;;;;356;21/06/2023;17:22:30;28.66;;;;
357;21/06/2023;17:20:46;28.56;;;;357;21/06/2023;17:21:40;28.62;;;;357;21/06/2023;17:23:30;28.68;;;;
358;21/06/2023;17:21:46;28.58;;;;358;21/06/2023;17:22:40;28.63;;;;358;21/06/2023;17:24:30;28.67;;;;
359;21/06/2023;17:22:46;28.58;;;;359;21/06/2023;17:23:40;28.63;;;;359;21/06/2023;17:25:30;28.66;;;;
360;21/06/2023;17:23:46;28.6;;;;360;21/06/2023;17:24:40;28.61;;;;360;21/06/2023;17:26:30;28.66;;;;
361;21/06/2023;17:24:46;28.6;;;;361;21/06/2023;17:25:39;28.62;;;;361;21/06/2023;17:27:29;28.66;;;;
362;21/06/2023;17:25:46;28.59;;;;362;21/06/2023;17:26:39;28.63;Synchronized;;;362;21/06/2023;17:28:29;28.66;;;;
363;21/06/2023;17:26:46;28.56;;;;363;21/06/2023;17:27:39;28.63;;;;363;21/06/2023;17:29:29;28.65;;;;
364;21/06/2023;17:27:47;28.59;;;;364;21/06/2023;17:28:39;28.61;;;;364;21/06/2023;17:30:29;28.67;;;;
365;21/06/2023;17:28:47;28.56;;;;365;21/06/2023;17:29:39;28.63;;;;365;21/06/2023;17:31:29;28.67;;;;
366;21/06/2023;17:29:47;28.59;;;;366;21/06/2023;17:30:38;28.64;;;;366;21/06/2023;17:32:29;28.69;;;;
367;21/06/2023;17:30:47;28.61;;;;367;21/06/2023;17:31:38;28.64;;;;367;21/06/2023;17:33:29;28.7;;;;
368;21/06/2023;17:31:47;28.6;;;;368;21/06/2023;17:32:38;28.66;;;;368;21/06/2023;17:34:29;28.7;;;;
369;21/06/2023;17:32:47;28.61;;;;369;21/06/2023;17:33:38;28.66;;;;369;21/06/2023;17:35:29;28.71;;;;
370;21/06/2023;17:33:47;28.63;;;;370;21/06/2023;17:34:38;28.7;;;;370;21/06/2023;17:36:29;28.72;;;;
371;21/06/2023;17:34:47;28.65;;;;371;21/06/2023;17:35:38;28.7;;;;371;21/06/2023;17:37:28;28.7;;;;
372;21/06/2023;17:35:46;28.66;;;;372;21/06/2023;17:36:38;28.73;;;;372;21/06/2023;17:38:28;28.76;;;;
373;21/06/2023;17:36:46;28.67;;;;373;21/06/2023;17:37:37;28.72;;;;373;21/06/2023;17:39:28;28.75;;;;
374;21/06/2023;17:37:46;28.67;;;;374;21/06/2023;17:38:37;28.73;;;;374;21/06/2023;17:40:28;28.77;;;;
375;21/06/2023;17:38:46;28.67;;;;375;21/06/2023;17:39:37;28.73;;;;375;21/06/2023;17:41:28;28.74;;;;
376;21/06/2023;17:39:46;28.68;;;;376;21/06/2023;17:40:37;28.74;;;;376;21/06/2023;17:42:28;28.78;;;;
377;21/06/2023;17:40:46;28.68;;;;377;21/06/2023;17:41:37;28.75;;;;377;21/06/2023;17:43:28;28.77;;;;
378;21/06/2023;17:41:46;28.67;;;;378;21/06/2023;17:42:37;28.76;;;;378;21/06/2023;17:44:28;28.76;;;;
379;21/06/2023;17:42:46;28.71;;;;379;21/06/2023;17:43:37;28.76;;;;379;21/06/2023;17:45:28;28.78;;;;
380;21/06/2023;17:43:46;28.69;;;;380;21/06/2023;17:44:37;28.77;;;;380;21/06/2023;17:46:28;28.8;;;;
381;21/06/2023;17:44:46;28.72;;;;381;21/06/2023;17:45:37;28.74;;;;381;21/06/2023;17:47:28;28.78;;;;
382;21/06/2023;17:45:46;28.72;;;;382;21/06/2023;17:46:37;28.77;;;;382;21/06/2023;17:48:27;28.79;;;;
383;21/06/2023;17:46:46;28.71;;;;383;21/06/2023;17:47:36;28.77;;;;383;21/06/2023;17:49:27;28.78;;;;
384;21/06/2023;17:47:46;28.73;;;;384;21/06/2023;17:48:36;28.77;;;;384;21/06/2023;17:50:27;28.8;;;;
385;21/06/2023;17:48:46;28.72;;;;385;21/06/2023;17:49:36;28.77;;;;385;21/06/2023;17:51:27;28.8;;;;
386;21/06/2023;17:49:46;28.72;;;;386;21/06/2023;17:50:36;28.77;;;;386;21/06/2023;17:52:27;28.83;;;;
387;21/06/2023;17:50:46;28.75;;;;387;21/06/2023;17:51:36;28.8;;;;387;21/06/2023;17:53:27;28.85;;;;
388;21/06/2023;17:51:46;28.73;;;;388;21/06/2023;17:52:36;28.83;;;;388;21/06/2023;17:54:27;28.88;;;;
389;21/06/2023;17:52:46;28.77;;;;389;21/06/2023;17:53:36;28.86;;;;389;21/06/2023;17:55:27;28.88;;;;
390;21/06/2023;17:53:46;28.79;;;;390;21/06/2023;17:54:36;28.88;;;;390;21/06/2023;17:56:27;28.9;;;;
391;21/06/2023;17:54:46;28.8;;;;391;21/06/2023;17:55:36;28.89;;;;391;21/06/2023;17:57:26;28.91;;;;
392;21/06/2023;17:55:46;28.81;;;;392;21/06/2023;17:56:35;28.88;;;;392;21/06/2023;17:58:26;28.9;;;;
393;21/06/2023;17:56:46;28.81;;;;393;21/06/2023;17:57:35;28.91;;;;393;21/06/2023;17:59:26;28.92;;;;
394;21/06/2023;17:57:46;28.84;;;;394;21/06/2023;17:58:35;28.91;;;;394;21/06/2023;18:00:26;28.9;;;;
395;21/06/2023;17:58:46;28.84;;;;395;21/06/2023;17:59:35;28.9;;;;395;21/06/2023;18:01:26;28.89;;;;
396;21/06/2023;17:59:46;28.83;;;;396;21/06/2023;18:00:35;28.91;Synchronized;;;396;21/06/2023;18:02:26;28.9;;;;
397;21/06/2023;18:00:46;28.81;;;;397;21/06/2023;18:01:35;28.89;;;;397;21/06/2023;18:03:26;28.9;;;;
398;21/06/2023;18:01:46;28.83;;;;398;21/06/2023;18:02:35;28.88;;;;398;21/06/2023;18:04:26;28.88;;;;
399;21/06/2023;18:02:46;28.81;;;;399;21/06/2023;18:03:35;28.88;;;;399;21/06/2023;18:05:26;28.89;;;;
400;21/06/2023;18:03:46;28.84;;;;400;21/06/2023;18:04:35;28.87;;;;400;21/06/2023;18:06:26;28.91;;;;
401;21/06/2023;18:04:46;28.8;;;;401;21/06/2023;18:05:35;28.9;;;;401;21/06/2023;18:07:25;28.91;;;;
402;21/06/2023;18:05:46;28.83;;;;402;21/06/2023;18:06:35;28.89;;;;402;21/06/2023;18:08:25;28.9;;;;
403;21/06/2023;18:06:46;28.8;;;;403;21/06/2023;18:07:35;28.9;;;;403;21/06/2023;18:09:25;28.88;;;;
404;21/06/2023;18:07:46;28.81;;;;404;21/06/2023;18:08:34;28.89;;;;404;21/06/2023;18:10:25;28.92;;;;
405;21/06/2023;18:08:46;28.83;;;;405;21/06/2023;18:09:34;28.89;;;;405;21/06/2023;18:11:25;28.91;;;;
406;21/06/2023;18:09:46;28.84;;;;406;21/06/2023;18:10:34;28.9;;;;406;21/06/2023;18:12:25;28.91;;;;
407;21/06/2023;18:10:46;28.84;;;;407;21/06/2023;18:11:34;28.9;;;;407;21/06/2023;18:13:25;28.91;;;;
408;21/06/2023;18:11:46;28.83;;;;408;21/06/2023;18:12:34;28.91;Synchronized;;;408;21/06/2023;18:14:25;28.92;;;;
409;21/06/2023;18:12:46;28.84;;;;409;21/06/2023;18:13:34;28.91;;;;409;21/06/2023;18:15:25;28.9;;;;
410;21/06/2023;18:13:45;28.85;;;;410;21/06/2023;18:14:34;28.91;;;;410;21/06/2023;18:16:25;28.92;;;;
411;21/06/2023;18:14:45;28.84;;;;411;21/06/2023;18:15:34;28.89;;;;411;21/06/2023;18:17:24;28.92;;;;
412;21/06/2023;18:15:45;28.86;;;;412;21/06/2023;18:16:34;28.9;;;;412;21/06/2023;18:18:24;28.92;;;;
413;21/06/2023;18:16:45;28.86;;;;413;21/06/2023;18:17:34;28.91;;;;413;21/06/2023;18:19:24;28.94;;;;
414;21/06/2023;18:17:45;28.86;;;;414;21/06/2023;18:18:34;28.91;;;;414;21/06/2023;18:20:24;28.95;;;;
415;21/06/2023;18:18:45;28.86;;;;415;21/06/2023;18:19:34;28.94;;;;415;21/06/2023;18:21:24;28.94;;;;
416;21/06/2023;18:19:45;28.86;;;;416;21/06/2023;18:20:33;28.91;;;;416;21/06/2023;18:22:24;28.95;;;;
417;21/06/2023;18:20:45;28.86;;;;417;21/06/2023;18:21:33;28.93;;;;417;21/06/2023;18:23:24;28.96;;;;
418;21/06/2023;18:21:45;28.86;;;;418;21/06/2023;18:22:33;28.95;;;;418;21/06/2023;18:24:24;28.95;;;;
419;21/06/2023;18:22:45;28.86;;;;419;21/06/2023;18:23:33;28.95;;;;419;21/06/2023;18:25:24;28.95;;;;
420;21/06/2023;18:23:45;28.88;;;;420;21/06/2023;18:24:33;28.97;;;;420;21/06/2023;18:26:24;28.95;;;;
421;21/06/2023;18:24:45;28.86;;;;421;21/06/2023;18:25:33;28.95;;;;421;21/06/2023;18:27:23;28.95;;;;
422;21/06/2023;18:25:45;28.87;;;;422;21/06/2023;18:26:33;28.95;;;;422;21/06/2023;18:28:23;28.95;;;;
423;21/06/2023;18:26:45;28.88;;;;423;21/06/2023;18:27:33;28.95;;;;423;21/06/2023;18:29:23;28.96;;;;
424;21/06/2023;18:27:45;28.86;;;;424;21/06/2023;18:28:33;28.95;;;;424;21/06/2023;18:30:23;28.97;;;;
425;21/06/2023;18:28:45;28.88;;;;425;21/06/2023;18:29:33;28.96;;;;425;21/06/2023;18:31:23;28.95;;;;
426;21/06/2023;18:29:45;28.88;;;;426;21/06/2023;18:30:33;28.94;;;;426;21/06/2023;18:32:23;28.98;;;;
427;21/06/2023;18:30:45;28.89;;;;427;21/06/2023;18:31:33;28.96;;;;427;21/06/2023;18:33:23;28.93;;;;
428;21/06/2023;18:31:45;28.86;;;;428;21/06/2023;18:32:32;28.95;;;;428;21/06/2023;18:34:23;28.96;;;;
429;21/06/2023;18:32:45;28.88;;;;429;21/06/2023;18:33:32;28.95;;;;429;21/06/2023;18:35:23;28.95;;;;
430;21/06/2023;18:33:45;28.86;;;;430;21/06/2023;18:34:32;28.91;;;;430;21/06/2023;18:36:22;28.94;;;;
431;21/06/2023;18:34:45;28.85;;;;431;21/06/2023;18:35:32;28.93;;;;431;21/06/2023;18:37:22;28.95;;;;
432;21/06/2023;18:35:45;28.87;;;;432;21/06/2023;18:36:32;28.95;;;;432;21/06/2023;18:38:22;28.96;Synchronized;;;
433;21/06/2023;18:36:45;28.87;;;;433;21/06/2023;18:37:32;28.93;;;;433;21/06/2023;18:39:22;28.95;;;;
434;21/06/2023;18:37:45;28.87;Synchronized;;;434;21/06/2023;18:38:32;28.91;;;;434;21/06/2023;18:40:22;28.95;;;;
435;21/06/2023;18:38:45;28.85;;;;435;21/06/2023;18:39:32;28.94;;;;435;21/06/2023;18:41:22;28.93;;;;
436;21/06/2023;18:39:45;28.86;;;;436;21/06/2023;18:40:32;28.93;;;;436;21/06/2023;18:42:22;28.95;;;;
437;21/06/2023;18:40:45;28.84;;;;437;21/06/2023;18:41:32;28.91;;;;437;21/06/2023;18:43:22;28.91;;;;
438;21/06/2023;18:41:45;28.83;;;;438;21/06/2023;18:42:32;28.89;;;;438;21/06/2023;18:44:22;28.92;;;;
439;21/06/2023;18:42:44;28.84;;;;439;21/06/2023;18:43:31;28.88;;;;439;21/06/2023;18:45:21;28.91;;;;
440;21/06/2023;18:43:44;28.83;;;;440;21/06/2023;18:44:31;28.88;;;;440;21/06/2023;18:46:21;28.9;;;;
441;21/06/2023;18:44:44;28.8;;;;441;21/06/2023;18:45:31;28.88;;;;441;21/06/2023;18:47:21;28.91;;;;
442;21/06/2023;18:45:44;28.81;;;;442;21/06/2023;18:46:31;28.88;;;;442;21/06/2023;18:48:21;28.91;;;;
443;21/06/2023;18:46:44;28.81;;;;443;21/06/2023;18:47:31;28.88;;;;443;21/06/2023;18:49:21;28.92;;;;
444;21/06/2023;18:47:44;28.81;;;;444;21/06/2023;18:48:31;28.88;;;;444;21/06/2023;18:50:21;28.92;;;;
445;21/06/2023;18:48:44;28.8;;;;445;21/06/2023;18:49:31;28.88;;;;445;21/06/2023;18:51:21;28.9;;;;
446;21/06/2023;18:49:44;28.8;;;;446;21/06/2023;18:50:31;28.88;;;;446;21/06/2023;18:52:21;28.9;;;;
447;21/06/2023;18:50:44;28.79;;;;447;21/06/2023;18:51:31;28.88;;;;447;21/06/2023;18:53:21;28.91;;;;
448;21/06/2023;18:51:44;28.8;;;;448;21/06/2023;18:52:31;28.87;;;;448;21/06/2023;18:54:21;28.91;;;;
449;21/06/2023;18:52:44;28.8;;;;449;21/06/2023;18:53:31;28.87;;;;449;21/06/2023;18:55:20;28.89;;;;
450;21/06/2023;18:53:44;28.8;;;;450;21/06/2023;18:54:30;28.86;;;;450;21/06/2023;18:56:20;28.91;;;;
451;21/06/2023;18:54:44;28.8;;;;451;21/06/2023;18:55:30;28.88;;;;451;21/06/2023;18:57:20;28.89;;;;
452;21/06/2023;18:55:44;28.8;;;;452;21/06/2023;18:56:30;28.86;;;;452;21/06/2023;18:58:20;28.91;;;;
453;21/06/2023;18:56:44;28.79;;;;453;21/06/2023;18:57:30;28.86;;;;453;21/06/2023;18:59:20;28.91;;;;
454;21/06/2023;18:57:44;28.8;;;;454;21/06/2023;18:58:30;28.87;;;;454;21/06/2023;19:00:20;28.89;;;;
455;21/06/2023;18:58:44;28.79;;;;455;21/06/2023;18:59:30;28.87;;;;455;21/06/2023;19:01:20;28.91;;;;
456;21/06/2023;18:59:44;28.78;;;;456;21/06/2023;19:00:30;28.86;;;;456;21/06/2023;19:02:20;28.9;;;;
457;21/06/2023;19:00:44;28.8;;;;457;21/06/2023;19:01:30;28.88;;;;457;21/06/2023;19:03:20;28.88;;;;
458;21/06/2023;19:01:44;28.8;;;;458;21/06/2023;19:02:30;28.87;;;;458;21/06/2023;19:04:20;28.88;;;;
459;21/06/2023;19:02:44;28.8;;;;459;21/06/2023;19:03:30;28.88;;;;459;21/06/2023;19:05:20;28.91;Synchronized;;;
460;21/06/2023;19:03:44;28.8;;;;460;21/06/2023;19:04:30;28.87;;;;460;21/06/2023;19:06:19;28.91;;;;
461;21/06/2023;19:04:43;28.8;;;;461;21/06/2023;19:05:29;28.88;;;;461;21/06/2023;19:07:19;28.91;;;;
462;21/06/2023;19:05:43;28.81;;;;462;21/06/2023;19:06:29;28.88;;;;462;21/06/2023;19:08:19;28.91;;;;
463;21/06/2023;19:06:43;28.8;;;;463;21/06/2023;19:07:29;28.9;;;;463;21/06/2023;19:09:19;28.92;;;;
464;21/06/2023;19:07:43;28.81;;;;464;21/06/2023;19:08:29;28.9;;;;464;21/06/2023;19:10:19;28.95;;;;
465;21/06/2023;19:08:43;28.84;;;;465;21/06/2023;19:09:29;28.94;;;;465;21/06/2023;19:11:19;28.95;;;;
466;21/06/2023;19:09:43;28.86;;;;466;21/06/2023;19:10:29;28.95;;;;466;21/06/2023;19:12:19;28.96;;;;
467;21/06/2023;19:10:43;28.86;;;;467;21/06/2023;19:11:29;28.95;;;;467;21/06/2023;19:13:19;28.98;;;;
468;21/06/2023;19:11:43;28.88;;;;468;21/06/2023;19:12:29;28.96;;;;468;21/06/2023;19:14:19;28.98;;;;
469;21/06/2023;19:12:43;28.88;;;;469;21/06/2023;19:13:29;28.98;;;;469;21/06/2023;19:15:18;28.97;;;;
470;21/06/2023;19:13:43;28.88;;;;470;21/06/2023;19:14:29;28.98;;;;470;21/06/2023;19:16:18;29;;;;
471;21/06/2023;19:14:43;28.89;;;;471;21/06/2023;19:15:28;28.97;;;;471;21/06/2023;19:17:18;29;;;;
472;21/06/2023;19:15:43;28.91;;;;472;21/06/2023;19:16:28;28.98;;;;472;21/06/2023;19:18:18;29.02;;;;
473;21/06/2023;19:16:43;28.91;;;;473;21/06/2023;19:17:28;28.98;;;;473;21/06/2023;19:19:18;29.02;;;;
474;21/06/2023;19:17:43;28.93;;;;474;21/06/2023;19:18:28;29;;;;474;21/06/2023;19:20:18;29.02;;;;
475;21/06/2023;19:18:43;28.92;;;;475;21/06/2023;19:19:28;28.99;;;;475;21/06/2023;19:21:18;29.02;;;;
476;21/06/2023;19:19:43;28.93;;;;476;21/06/2023;19:20:28;29.01;;;;476;21/06/2023;19:22:18;29.02;;;;
477;21/06/2023;19:20:43;28.94;;;;477;21/06/2023;19:21:28;29.03;;;;477;21/06/2023;19:23:18;29.04;;;;
478;21/06/2023;19:21:43;28.95;;;;478;21/06/2023;19:22:28;29.03;;;;478;21/06/2023;19:24:17;29.05;;;;
479;21/06/2023;19:22:43;28.94;;;;479;21/06/2023;19:23:28;29.03;;;;479;21/06/2023;19:25:17;29.05;;;;
480;21/06/2023;19:23:43;28.94;;;;480;21/06/2023;19:24:28;29.05;;;;480;21/06/2023;19:26:17;29.06;;;;
481;21/06/2023;19:24:43;28.98;;;;481;21/06/2023;19:25:28;29.06;;;;481;21/06/2023;19:27:17;29.06;;;;
482;21/06/2023;19:25:43;28.98;;;;482;21/06/2023;19:26:27;29.07;;;;482;21/06/2023;19:28:17;29.06;;;;
483;21/06/2023;19:26:43;28.98;;;;483;21/06/2023;19:27:27;29.06;;;;483;21/06/2023;19:29:17;29.07;;;;
484;21/06/2023;19:27:43;28.98;;;;484;21/06/2023;19:28:27;29.08;;;;484;21/06/2023;19:30:17;29.08;;;;
485;21/06/2023;19:28:43;29;;;;485;21/06/2023;19:29:27;29.08;;;;485;21/06/2023;19:31:17;29.09;;;;
486;21/06/2023;19:29:43;29.01;;;;486;21/06/2023;19:30:27;29.09;;;;486;21/06/2023;19:32:16;29.08;;;;
487;21/06/2023;19:30:43;29.01;;;;487;21/06/2023;19:31:27;29.08;;;;487;21/06/2023;19:33:16;29.11;;;;
488;21/06/2023;19:31:42;28.99;;;;488;21/06/2023;19:32:27;29.09;;;;488;21/06/2023;19:34:16;29.12;;;;
489;21/06/2023;19:32:42;29;;;;489;21/06/2023;19:33:27;29.09;;;;489;21/06/2023;19:35:16;29.13;;;;
490;21/06/2023;19:33:42;29.02;;;;490;21/06/2023;19:34:27;29.09;;;;490;21/06/2023;19:36:16;29.09;;;;
491;21/06/2023;19:34:42;29.02;;;;491;21/06/2023;19:35:27;29.1;;;;491;21/06/2023;19:37:16;29.09;;;;
492;21/06/2023;19:35:42;29;;;;492;21/06/2023;19:36:26;29.11;;;;492;21/06/2023;19:38:16;29.11;;;;
493;21/06/2023;19:36:42;29.02;;;;493;21/06/2023;19:37:26;29.1;;;;493;21/06/2023;19:39:16;29.11;;;;
494;21/06/2023;19:37:42;29;;;;494;21/06/2023;19:38:26;29.11;;;;494;21/06/2023;19:40:16;29.12;;;;
495;21/06/2023;19:38:42;29.02;;;;495;21/06/2023;19:39:26;29.12;;;;495;21/06/2023;19:41:15;29.09;;;;
496;21/06/2023;19:39:42;29.02;;;;496;21/06/2023;19:40:26;29.09;;;;496;21/06/2023;19:42:15;29.09;;;;
497;21/06/2023;19:40:42;29.01;;;;497;21/06/2023;19:41:26;29.09;;;;497;21/06/2023;19:43:15;29.09;;;;
498;21/06/2023;19:41:42;29.02;;;;498;21/06/2023;19:42:26;29.11;;;;498;21/06/2023;19:44:15;29.12;;;;
499;21/06/2023;19:42:42;29.02;;;;499;21/06/2023;19:43:26;29.09;;;;499;21/06/2023;19:45:15;29.12;;;;
500;21/06/2023;19:43:42;29.02;;;;500;21/06/2023;19:44:26;29.09;;;;500;21/06/2023;19:46:15;29.12;;;;
501;21/06/2023;19:44:42;29.02;;;;501;21/06/2023;19:45:25;29.11;;;;501;21/06/2023;19:47:15;29.11;;;;
502;21/06/2023;19:45:42;29.01;;;;502;21/06/2023;19:46:25;29.11;;;;502;21/06/2023;19:48:15;29.13;;;;
503;21/06/2023;19:46:42;29.02;;;;503;21/06/2023;19:47:25;29.13;;;;503;21/06/2023;19:49:14;29.13;;;;
504;21/06/2023;19:47:42;29.02;;;;504;21/06/2023;19:48:25;29.13;;;;504;21/06/2023;19:50:14;29.12;;;;
505;21/06/2023;19:48:42;29.02;;;;505;21/06/2023;19:49:25;29.12;;;;505;21/06/2023;19:51:14;29.13;;;;
506;21/06/2023;19:49:42;29.03;;;;506;21/06/2023;19:50:25;29.14;;;;506;21/06/2023;19:52:14;29.14;;;;
507;21/06/2023;19:50:42;29.05;;;;507;21/06/2023;19:51:25;29.14;;;;507;21/06/2023;19:53:14;29.15;;;;
508;21/06/2023;19:51:42;29.04;;;;508;21/06/2023;19:52:25;29.15;;;;508;21/06/2023;19:54:14;29.15;;;;
509;21/06/2023;19:52:42;29.06;;;;509;21/06/2023;19:53:25;29.15;;;;509;21/06/2023;19:55:14;29.13;;;;
510;21/06/2023;19:53:42;29.05;;;;510;21/06/2023;19:54:24;29.13;;;;510;21/06/2023;19:56:14;29.15;;;;
511;21/06/2023;19:54:42;29.04;;;;511;21/06/2023;19:55:24;29.15;;;;511;21/06/2023;19:57:13;29.16;;;;
512;21/06/2023;19:55:42;29.06;;;;512;21/06/2023;19:56:24;29.15;;;;512;21/06/2023;19:58:13;29.17;;;;
513;21/06/2023;19:56:42;29.05;;;;513;21/06/2023;19:57:24;29.15;;;;513;21/06/2023;19:59:13;29.16;;;;
514;21/06/2023;19:57:41;29.08;;;;514;21/06/2023;19:58:24;29.18;;;;514;21/06/2023;20:00:13;29.14;;;;
515;21/06/2023;19:58:41;29.08;;;;515;21/06/2023;19:59:24;29.16;;;;515;21/06/2023;20:01:13;29.16;;;;
516;21/06/2023;19:59:41;29.06;;;;516;21/06/2023;20:00:24;29.17;;;;516;21/06/2023;20:02:13;29.17;;;;
517;21/06/2023;20:00:41;29.09;;;;517;21/06/2023;20:01:24;29.17;;;;517;21/06/2023;20:03:13;29.17;;;;
518;21/06/2023;20:01:41;29.08;;;;518;21/06/2023;20:02:24;29.18;;;;518;21/06/2023;20:04:13;29.15;;;;
519;21/06/2023;20:02:41;29.09;;;;519;21/06/2023;20:03:23;29.19;;;;519;21/06/2023;20:05:12;29.17;;;;
520;21/06/2023;20:03:41;29.08;;;;520;21/06/2023;20:04:23;29.2;;;;520;21/06/2023;20:06:12;29.17;;;;
521;21/06/2023;20:04:41;29.09;;;;521;21/06/2023;20:05:23;29.18;;;;521;21/06/2023;20:07:12;29.16;;;;
522;21/06/2023;20:05:41;29.08;;;;522;21/06/2023;20:06:23;29.2;;;;522;21/06/2023;20:08:12;29.17;;;;
523;21/06/2023;20:06:41;29.09;;;;523;21/06/2023;20:07:23;29.18;;;;523;21/06/2023;20:09:12;29.18;;;;
524;21/06/2023;20:07:41;29.08;;;;524;21/06/2023;20:08:23;29.2;;;;524;21/06/2023;20:10:12;29.16;;;;
525;21/06/2023;20:08:41;29.09;;;;525;21/06/2023;20:09:23;29.18;;;;525;21/06/2023;20:11:12;29.17;;;;
526;21/06/2023;20:09:41;29.09;;;;526;21/06/2023;20:10:23;29.19;;;;526;21/06/2023;20:12:12;29.18;;;;
527;21/06/2023;20:10:41;29.12;;;;527;21/06/2023;20:11:22;29.19;;;;527;21/06/2023;20:13:12;29.16;;;;
528;21/06/2023;20:11:41;29.09;;;;528;21/06/2023;20:12:22;29.17;;;;528;21/06/2023;20:14:11;29.21;;;;
529;21/06/2023;20:12:41;29.09;;;;529;21/06/2023;20:13:22;29.19;;;;529;21/06/2023;20:15:11;29.2;;;;
530;21/06/2023;20:13:41;29.1;;;;530;21/06/2023;20:14:22;29.2;;;;530;21/06/2023;20:16:11;29.2;;;;
531;21/06/2023;20:14:41;29.1;;;;531;21/06/2023;20:15:22;29.2;;;;531;21/06/2023;20:17:11;29.19;;;;
532;21/06/2023;20:15:40;29.1;;;;532;21/06/2023;20:16:22;29.23;;;;532;21/06/2023;20:18:11;29.19;;;;
533;21/06/2023;20:16:40;29.13;;;;533;21/06/2023;20:17:22;29.23;;;;533;21/06/2023;20:19:11;29.2;;;;
534;21/06/2023;20:17:40;29.12;;;;534;21/06/2023;20:18:22;29.2;;;;534;21/06/2023;20:20:11;29.19;;;;
535;21/06/2023;20:18:40;29.13;;;;535;21/06/2023;20:19:21;29.25;;;;535;21/06/2023;20:21:11;29.2;;;;
536;21/06/2023;20:19:40;29.13;;;;536;21/06/2023;20:20:21;29.21;;;;536;21/06/2023;20:22:10;29.2;;;;
537;21/06/2023;20:20:40;29.12;;;;537;21/06/2023;20:21:21;29.21;;;;537;21/06/2023;20:23:10;29.19;;;;
538;21/06/2023;20:21:40;29.11;;;;538;21/06/2023;20:22:21;29.21;;;;538;21/06/2023;20:24:10;29.19;;;;
539;21/06/2023;20:22:40;29.12;;;;539;21/06/2023;20:23:21;29.22;;;;539;21/06/2023;20:25:10;29.18;;;;
540;21/06/2023;20:23:40;29.11;;;;540;21/06/2023;20:24:21;29.2;;;;540;21/06/2023;20:26:10;29.18;;;;
541;21/06/2023;20:24:40;29.13;;;;541;21/06/2023;20:25:21;29.2;;;;541;21/06/2023;20:27:10;29.19;;;;
542;21/06/2023;20:25:40;29.09;;;;542;21/06/2023;20:26:21;29.18;;;;542;21/06/2023;20:28:10;29.17;;;;
543;21/06/2023;20:26:40;29.1;;;;543;21/06/2023;20:27:20;29.18;;;;543;21/06/2023;20:29:10;29.16;;;;
544;21/06/2023;20:27:40;29.08;;;;544;21/06/2023;20:28:20;29.17;;;;544;21/06/2023;20:30:09;29.16;;;;
545;21/06/2023;20:28:40;29.12;;;;545;21/06/2023;20:29:20;29.18;;;;545;21/06/2023;20:31:09;29.16;;;;
546;21/06/2023;20:29:40;29.1;;;;546;21/06/2023;20:30:20;29.19;;;;546;21/06/2023;20:32:09;29.15;;;;
547;21/06/2023;20:30:39;29.1;;;;547;21/06/2023;20:31:20;29.2;;;;547;21/06/2023;20:33:09;29.16;;;;
548;21/06/2023;20:31:39;29.1;;;;548;21/06/2023;20:32:20;29.2;;;;548;21/06/2023;20:34:09;29.15;;;;
549;21/06/2023;20:32:39;29.1;;;;549;21/06/2023;20:33:20;29.2;;;;549;21/06/2023;20:35:09;29.16;;;;
550;21/06/2023;20:33:39;29.12;;;;550;21/06/2023;20:34:20;29.2;;;;550;21/06/2023;20:36:09;29.16;;;;
551;21/06/2023;20:34:39;29.1;;;;551;21/06/2023;20:35:20;29.22;;;;551;21/06/2023;20:37:09;29.14;;;;
552;21/06/2023;20:35:39;29.12;;;;552;21/06/2023;20:36:19;29.21;;;;552;21/06/2023;20:38:08;29.13;;;;
553;21/06/2023;20:36:39;29.12;;;;553;21/06/2023;20:37:19;29.18;;;;553;21/06/2023;20:39:08;29.12;;;;
554;21/06/2023;20:37:39;29.12;;;;554;21/06/2023;20:38:19;29.17;;;;554;21/06/2023;20:40:08;29.12;;;;
555;21/06/2023;20:38:39;29.09;;;;555;21/06/2023;20:39:19;29.18;;;;555;21/06/2023;20:41:08;29.12;;;;
556;21/06/2023;20:39:39;29.09;;;;556;21/06/2023;20:40:19;29.14;;;;556;21/06/2023;20:42:08;29.09;;;;
557;21/06/2023;20:40:39;29.09;;;;557;21/06/2023;20:41:19;29.14;;;;557;21/06/2023;20:43:08;29.09;;;;
558;21/06/2023;20:41:39;29.05;;;;558;21/06/2023;20:42:19;29.13;;;;558;21/06/2023;20:44:08;29.12;;;;
559;21/06/2023;20:42:39;29.05;Synchronized;;;559;21/06/2023;20:43:19;29.13;;;;559;21/06/2023;20:45:08;29.09;;;;
560;21/06/2023;20:43:39;29.05;;;;560;21/06/2023;20:44:19;29.13;;;;560;21/06/2023;20:46:08;29.09;;;;
561;21/06/2023;20:44:39;29.04;;;;561;21/06/2023;20:45:18;29.12;;;;561;21/06/2023;20:47:07;29.09;;;;
562;21/06/2023;20:45:39;29.04;;;;562;21/06/2023;20:46:18;29.11;;;;562;21/06/2023;20:48:07;29.08;;;;
563;21/06/2023;20:46:39;29.03;;;;563;21/06/2023;20:47:18;29.09;;;;563;21/06/2023;20:49:07;29.08;;;;
564;21/06/2023;20:47:39;29.03;;;;564;21/06/2023;20:48:18;29.09;;;;564;21/06/2023;20:50:07;29.07;;;;
565;21/06/2023;20:48:39;29.02;;;;565;21/06/2023;20:49:18;29.08;;;;565;21/06/2023;20:51:07;29.06;;;;
566;21/06/2023;20:49:38;29;;;;566;21/06/2023;20:50:18;29.1;;;;566;21/06/2023;20:52:07;29.08;;;;
567;21/06/2023;20:50:38;28.99;;;;567;21/06/2023;20:51:18;29.06;;;;567;21/06/2023;20:53:07;29.05;;;;
568;21/06/2023;20:51:38;29;;;;568;21/06/2023;20:52:18;29.07;;;;568;21/06/2023;20:54:07;29.05;;;;
569;21/06/2023;20:52:38;29.01;;;;569;21/06/2023;20:53:18;29.05;;;;569;21/06/2023;20:55:06;29.05;;;;
570;21/06/2023;20:53:38;29;;;;570;21/06/2023;20:54:18;29.07;;;;570;21/06/2023;20:56:06;29.04;;;;
571;21/06/2023;20:54:38;28.99;;;;571;21/06/2023;20:55:17;29.03;;;;571;21/06/2023;20:57:06;29.06;;;;
572;21/06/2023;20:55:38;29;;;;572;21/06/2023;20:56:17;29.05;;;;572;21/06/2023;20:58:06;29.05;;;;
573;21/06/2023;20:56:38;28.99;;;;573;21/06/2023;20:57:17;29.05;;;;573;21/06/2023;20:59:06;29.04;;;;
574;21/06/2023;20:57:38;28.98;;;;574;21/06/2023;20:58:17;29.03;;;;574;21/06/2023;21:00:06;29.04;;;;
575;21/06/2023;20:58:38;28.95;;;;575;21/06/2023;20:59:17;29.02;;;;575;21/06/2023;21:01:06;29.04;;;;
576;21/06/2023;20:59:38;28.99;;;;576;21/06/2023;21:00:17;29.03;;;;576;21/06/2023;21:02:06;29.05;;;;
577;21/06/2023;21:00:38;28.98;;;;577;21/06/2023;21:01:17;29.05;;;;577;21/06/2023;21:03:06;29.02;;;;
578;21/06/2023;21:01:38;28.97;;;;578;21/06/2023;21:02:17;29.02;Synchronized;;;578;21/06/2023;21:04:05;29.05;;;;
579;21/06/2023;21:02:38;28.98;;;;579;21/06/2023;21:03:17;29.02;;;;579;21/06/2023;21:05:05;29.03;;;;
580;21/06/2023;21:03:38;28.97;;;;580;21/06/2023;21:04:17;29.02;;;;580;21/06/2023;21:06:05;29.02;;;;
581;21/06/2023;21:04:38;28.98;;;;581;21/06/2023;21:05:17;29.01;;;;581;21/06/2023;21:07:05;29.03;;;;
582;21/06/2023;21:05:38;28.96;;;;582;21/06/2023;21:06:16;29;;;;582;21/06/2023;21:08:05;29.01;;;;
583;21/06/2023;21:06:38;28.96;;;;583;21/06/2023;21:07:16;29.01;;;;583;21/06/2023;21:09:05;29.03;;;;
584;21/06/2023;21:07:38;28.95;;;;584;21/06/2023;21:08:16;29.02;;;;584;21/06/2023;21:10:05;29.02;;;;
585;21/06/2023;21:08:38;28.96;;;;585;21/06/2023;21:09:16;28.98;;;;585;21/06/2023;21:11:05;29.01;;;;
586;21/06/2023;21:09:38;28.96;;;;586;21/06/2023;21:10:16;29.01;;;;586;21/06/2023;21:12:05;29.02;;;;
587;21/06/2023;21:10:38;28.93;;;;587;21/06/2023;21:11:16;29;;;;587;21/06/2023;21:13:04;29.01;;;;
588;21/06/2023;21:11:38;28.94;;;;588;21/06/2023;21:12:16;28.98;;;;588;21/06/2023;21:14:04;29.01;;;;
589;21/06/2023;21:12:38;28.92;;;;589;21/06/2023;21:13:16;28.99;;;;589;21/06/2023;21:15:04;29.01;;;;
590;21/06/2023;21:13:38;28.92;;;;590;21/06/2023;21:14:16;28.98;;;;590;21/06/2023;21:16:04;29;;;;
591;21/06/2023;21:14:38;28.9;;;;591;21/06/2023;21:15:16;28.97;;;;591;21/06/2023;21:17:04;28.99;;;;
592;21/06/2023;21:15:38;28.92;;;;592;21/06/2023;21:16:15;28.98;;;;592;21/06/2023;21:18:04;29;;;;
593;21/06/2023;21:16:38;28.91;;;;593;21/06/2023;21:17:15;28.97;;;;593;21/06/2023;21:19:04;28.99;;;;
594;21/06/2023;21:17:37;28.92;;;;594;21/06/2023;21:18:15;28.97;;;;594;21/06/2023;21:20:04;28.98;;;;
595;21/06/2023;21:18:37;28.91;;;;595;21/06/2023;21:19:15;28.95;;;;595;21/06/2023;21:21:04;29;;;;
596;21/06/2023;21:19:37;28.91;;;;596;21/06/2023;21:20:15;28.97;;;;596;21/06/2023;21:22:03;28.98;;;;
597;21/06/2023;21:20:37;28.92;;;;597;21/06/2023;21:21:15;28.94;;;;597;21/06/2023;21:23:03;28.99;;;;
598;21/06/2023;21:21:37;28.91;;;;598;21/06/2023;21:22:15;28.96;;;;598;21/06/2023;21:24:03;28.98;;;;
599;21/06/2023;21:22:37;28.89;;;;599;21/06/2023;21:23:15;28.94;;;;599;21/06/2023;21:25:03;28.98;;;;
600;21/06/2023;21:23:37;28.91;;;;600;21/06/2023;21:24:15;28.98;;;;600;21/06/2023;21:26:03;28.98;;;;
601;21/06/2023;21:24:37;28.92;;;;601;21/06/2023;21:25:15;28.95;;;;601;21/06/2023;21:27:03;28.97;;;;
602;21/06/2023;21:25:37;28.9;;;;602;21/06/2023;21:26:15;28.95;;;;602;21/06/2023;21:28:03;28.99;;;;
603;21/06/2023;21:26:37;28.9;;;;603;21/06/2023;21:27:14;28.95;;;;603;21/06/2023;21:29:03;28.98;;;;
604;21/06/2023;21:27:37;28.9;;;;604;21/06/2023;21:28:14;28.95;;;;604;21/06/2023;21:30:03;28.97;;;;
605;21/06/2023;21:28:37;28.89;;;;605;21/06/2023;21:29:14;28.95;;;;605;21/06/2023;21:31:02;28.96;;;;
606;21/06/2023;21:29:37;28.88;;;;606;21/06/2023;21:30:14;28.94;;;;606;21/06/2023;21:32:02;28.96;;;;
607;21/06/2023;21:30:37;28.89;;;;607;21/06/2023;21:31:14;28.95;;;;607;21/06/2023;21:33:02;28.96;;;;
608;21/06/2023;21:31:37;28.89;;;;608;21/06/2023;21:32:14;28.91;;;;608;21/06/2023;21:34:02;28.97;;;;
609;21/06/2023;21:32:37;28.88;;;;609;21/06/2023;21:33:14;28.95;;;;609;21/06/2023;21:35:02;28.96;;;;
610;21/06/2023;21:33:37;28.88;;;;610;21/06/2023;21:34:14;28.93;;;;610;21/06/2023;21:36:02;28.97;;;;
611;21/06/2023;21:34:37;28.9;;;;611;21/06/2023;21:35:14;28.95;;;;611;21/06/2023;21:37:02;28.97;;;;
612;21/06/2023;21:35:37;28.88;;;;612;21/06/2023;21:36:14;28.94;;;;612;21/06/2023;21:38:02;28.95;;;;
613;21/06/2023;21:36:37;28.89;Synchronized;;;613;21/06/2023;21:37:13;28.94;;;;613;21/06/2023;21:39:02;28.96;;;;
614;21/06/2023;21:37:37;28.88;;;;614;21/06/2023;21:38:13;28.93;;;;614;21/06/2023;21:40:02;28.94;;;;
615;21/06/2023;21:38:37;28.88;;;;615;21/06/2023;21:39:13;28.91;;;;615;21/06/2023;21:41:01;28.94;;;;
616;21/06/2023;21:39:37;28.88;;;;616;21/06/2023;21:40:13;28.93;;;;616;21/06/2023;21:42:01;28.92;;;;
617;21/06/2023;21:40:37;28.86;;;;617;21/06/2023;21:41:13;28.91;;;;617;21/06/2023;21:43:01;28.92;;;;
618;21/06/2023;21:41:37;28.84;;;;618;21/06/2023;21:42:13;28.91;;;;618;21/06/2023;21:44:01;28.93;;;;
619;21/06/2023;21:42:37;28.83;;;;619;21/06/2023;21:43:13;28.91;;;;619;21/06/2023;21:45:01;28.92;;;;
620;21/06/2023;21:43:37;28.87;;;;620;21/06/2023;21:44:13;28.9;;;;620;21/06/2023;21:46:01;28.93;;;;
621;21/06/2023;21:44:37;28.84;;;;621;21/06/2023;21:45:13;28.89;;;;621;21/06/2023;21:47:01;28.91;;;;
622;21/06/2023;21:45:37;28.84;;;;622;21/06/2023;21:46:13;28.88;;;;622;21/06/2023;21:48:01;28.89;;;;
623;21/06/2023;21:46:37;28.83;;;;623;21/06/2023;21:47:13;28.89;;;;623;21/06/2023;21:49:01;28.9;;;;
624;21/06/2023;21:47:37;28.83;;;;624;21/06/2023;21:48:12;28.88;;;;624;21/06/2023;21:50:01;28.89;;;;
625;21/06/2023;21:48:37;28.8;;;;625;21/06/2023;21:49:12;28.87;;;;625;21/06/2023;21:51:00;28.88;;;;
626;21/06/2023;21:49:37;28.8;;;;626;21/06/2023;21:50:12;28.87;;;;626;21/06/2023;21:52:00;28.9;;;;
627;21/06/2023;21:50:37;28.8;;;;627;21/06/2023;21:51:12;28.84;;;;627;21/06/2023;21:53:00;28.88;;;;
628;21/06/2023;21:51:36;28.78;;;;628;21/06/2023;21:52:12;28.84;;;;628;21/06/2023;21:54:00;28.89;;;;
629;21/06/2023;21:52:37;28.8;;;;629;21/06/2023;21:53:12;28.86;;;;629;21/06/2023;21:55:00;28.89;;;;
630;21/06/2023;21:53:36;28.8;;;;630;21/06/2023;21:54:12;28.84;;;;630;21/06/2023;21:56:00;28.88;;;;
631;21/06/2023;21:54:36;28.8;;;;631;21/06/2023;21:55:12;28.87;;;;631;21/06/2023;21:57:00;28.88;;;;
632;21/06/2023;21:55:36;28.81;;;;632;21/06/2023;21:56:12;28.85;;;;632;21/06/2023;21:58:00;28.87;;;;
633;21/06/2023;21:56:36;28.79;;;;633;21/06/2023;21:57:12;28.84;;;;633;21/06/2023;21:59:00;28.88;;;;
634;21/06/2023;21:57:36;28.78;;;;634;21/06/2023;21:58:12;28.84;;;;634;21/06/2023;22:00:00;28.88;;;;
635;21/06/2023;21:58:36;28.77;;;;635;21/06/2023;21:59:12;28.84;;;;635;21/06/2023;22:00:59;28.87;;;;
636;21/06/2023;21:59:36;28.78;;;;636;21/06/2023;22:00:11;28.84;;;;636;21/06/2023;22:01:59;28.85;;;;
637;21/06/2023;22:00:36;28.78;;;;637;21/06/2023;22:01:11;28.83;;;;637;21/06/2023;22:02:59;28.87;;;;
638;21/06/2023;22:01:36;28.78;;;;638;21/06/2023;22:02:11;28.82;;;;638;21/06/2023;22:03:59;28.88;;;;
639;21/06/2023;22:02:36;28.79;;;;639;21/06/2023;22:03:11;28.82;;;;639;21/06/2023;22:04:59;28.84;;;;
640;21/06/2023;22:03:36;28.76;;;;640;21/06/2023;22:04:11;28.81;;;;640;21/06/2023;22:05:59;28.87;;;;
641;21/06/2023;22:04:36;28.77;;;;641;21/06/2023;22:05:11;28.83;;;;641;21/06/2023;22:06:59;28.84;;;;
642;21/06/2023;22:05:36;28.77;;;;642;21/06/2023;22:06:11;28.8;;;;642;21/06/2023;22:07:59;28.83;;;;
643;21/06/2023;22:06:36;28.77;;;;643;21/06/2023;22:07:11;28.84;;;;643;21/06/2023;22:08:59;28.84;;;;
644;21/06/2023;22:07:36;28.77;;;;644;21/06/2023;22:08:11;28.79;;;;644;21/06/2023;22:09:59;28.83;;;;
645;21/06/2023;22:08:36;28.77;;;;645;21/06/2023;22:09:11;28.81;;;;645;21/06/2023;22:10:59;28.84;;;;
646;21/06/2023;22:09:36;28.74;;;;646;21/06/2023;22:10:11;28.8;;;;646;21/06/2023;22:11:58;28.83;;;;
647;21/06/2023;22:10:36;28.73;;;;647;21/06/2023;22:11:11;28.81;;;;647;21/06/2023;22:12:58;28.85;;;;
648;21/06/2023;22:11:36;28.73;;;;648;21/06/2023;22:12:11;28.8;;;;648;21/06/2023;22:13:58;28.85;;;;
649;21/06/2023;22:12:36;28.77;;;;649;21/06/2023;22:13:10;28.79;;;;649;21/06/2023;22:14:58;28.82;;;;
650;21/06/2023;22:13:36;28.75;;;;650;21/06/2023;22:14:10;28.79;;;;650;21/06/2023;22:15:58;28.83;;;;
651;21/06/2023;22:14:36;28.75;;;;651;21/06/2023;22:15:10;28.79;;;;651;21/06/2023;22:16:58;28.81;;;;
652;21/06/2023;22:15:36;28.74;;;;652;21/06/2023;22:16:10;28.78;;;;652;21/06/2023;22:17:58;28.83;;;;
653;21/06/2023;22:16:36;28.75;;;;653;21/06/2023;22:17:10;28.78;;;;653;21/06/2023;22:18:58;28.83;;;;
654;21/06/2023;22:17:36;28.74;;;;654;21/06/2023;22:18:10;28.79;;;;654;21/06/2023;22:19:58;28.81;;;;
655;21/06/2023;22:18:36;28.74;;;;655;21/06/2023;22:19:10;28.77;;;;655;21/06/2023;22:20:57;28.8;;;;
656;21/06/2023;22:19:36;28.74;;;;656;21/06/2023;22:20:10;28.79;;;;656;21/06/2023;22:21:57;28.8;;;;
657;21/06/2023;22:20:36;28.73;;;;657;21/06/2023;22:21:09;28.77;;;;657;21/06/2023;22:22:57;28.8;;;;
658;21/06/2023;22:21:36;28.73;;;;658;21/06/2023;22:22:09;28.77;;;;658;21/06/2023;22:23:57;28.8;;;;
659;21/06/2023;22:22:36;28.71;;;;659;21/06/2023;22:23:09;28.77;;;;659;21/06/2023;22:24:57;28.82;;;;
660;21/06/2023;22:23:36;28.73;;;;660;21/06/2023;22:24:09;28.77;;;;660;21/06/2023;22:25:57;28.79;;;;
661;21/06/2023;22:24:36;28.71;;;;661;21/06/2023;22:25:09;28.75;;;;661;21/06/2023;22:26:57;28.78;;;;
662;21/06/2023;22:25:36;28.7;;;;662;21/06/2023;22:26:08;28.73;;;;662;21/06/2023;22:27:57;28.77;;;;
663;21/06/2023;22:26:36;28.68;;;;663;21/06/2023;22:27:08;28.74;;;;663;21/06/2023;22:28:57;28.78;;;;
664;21/06/2023;22:27:36;28.69;;;;664;21/06/2023;22:28:08;28.74;;;;664;21/06/2023;22:29:57;28.77;;;;
665;21/06/2023;22:28:36;28.67;;;;665;21/06/2023;22:29:08;28.73;;;;665;21/06/2023;22:30:57;28.77;;;;
666;21/06/2023;22:29:36;28.69;;;;666;21/06/2023;22:30:08;28.75;;;;666;21/06/2023;22:31:56;28.79;;;;
667;21/06/2023;22:30:36;28.69;;;;667;21/06/2023;22:31:08;28.76;;;;667;21/06/2023;22:32:56;28.77;;;;
668;21/06/2023;22:31:36;28.68;;;;668;21/06/2023;22:32:07;28.74;;;;668;21/06/2023;22:33:56;28.77;;;;
669;21/06/2023;22:32:36;28.71;;;;669;21/06/2023;22:33:07;28.73;;;;669;21/06/2023;22:34:56;28.76;;;;
670;21/06/2023;22:33:36;28.7;;;;670;21/06/2023;22:34:07;28.73;;;;670;21/06/2023;22:35:56;28.76;;;;
671;21/06/2023;22:34:36;28.69;;;;671;21/06/2023;22:35:07;28.73;;;;671;21/06/2023;22:36:56;28.77;;;;
672;21/06/2023;22:35:36;28.7;;;;672;21/06/2023;22:36:07;28.73;;;;672;21/06/2023;22:37:56;28.77;;;;
673;21/06/2023;22:36:36;28.66;;;;673;21/06/2023;22:37:06;28.72;;;;673;21/06/2023;22:38:56;28.77;;;;
674;21/06/2023;22:37:36;28.67;;;;674;21/06/2023;22:38:06;28.74;;;;674;21/06/2023;22:39:56;28.77;;;;
675;21/06/2023;22:38:36;28.7;;;;675;21/06/2023;22:39:06;28.74;;;;675;21/06/2023;22:40:56;28.77;;;;
676;21/06/2023;22:39:36;28.67;;;;676;21/06/2023;22:40:06;28.71;;;;676;21/06/2023;22:41:56;28.78;;;;
677;21/06/2023;22:40:36;28.7;;;;677;21/06/2023;22:41:06;28.73;;;;677;21/06/2023;22:42:55;28.76;;;;
678;21/06/2023;22:41:36;28.67;;;;678;21/06/2023;22:42:06;28.74;;;;678;21/06/2023;22:43:55;28.78;;;;
679;21/06/2023;22:42:36;28.69;;;;679;21/06/2023;22:43:06;28.73;;;;679;21/06/2023;22:44:55;28.76;;;;
680;21/06/2023;22:43:36;28.66;;;;680;21/06/2023;22:44:06;28.71;;;;680;21/06/2023;22:45:55;28.77;;;;
681;21/06/2023;22:44:36;28.68;;;;681;21/06/2023;22:45:05;28.73;;;;681;21/06/2023;22:46:55;28.76;;;;
682;21/06/2023;22:45:36;28.66;;;;682;21/06/2023;22:46:05;28.73;;;;682;21/06/2023;22:47:55;28.74;;;;
683;21/06/2023;22:46:36;28.67;;;;683;21/06/2023;22:47:05;28.72;;;;683;21/06/2023;22:48:55;28.76;;;;
684;21/06/2023;22:47:36;28.66;;;;684;21/06/2023;22:48:05;28.72;;;;684;21/06/2023;22:49:55;28.74;;;;
685;21/06/2023;22:48:36;28.66;;;;685;21/06/2023;22:49:05;28.7;;;;685;21/06/2023;22:50:55;28.76;;;;
686;21/06/2023;22:49:36;28.66;;;;686;21/06/2023;22:50:05;28.73;;;;686;21/06/2023;22:51:54;28.76;;;;
687;21/06/2023;22:50:36;28.68;;;;687;21/06/2023;22:51:04;28.71;;;;687;21/06/2023;22:52:54;28.74;;;;
688;21/06/2023;22:51:36;28.65;;;;688;21/06/2023;22:52:04;28.7;;;;688;21/06/2023;22:53:54;28.77;;;;
689;21/06/2023;22:52:36;28.69;;;;689;21/06/2023;22:53:04;28.73;;;;689;21/06/2023;22:54:54;28.76;;;;
690;21/06/2023;22:53:36;28.68;;;;690;21/06/2023;22:54:04;28.73;;;;690;21/06/2023;22:55:54;28.75;;;;
691;21/06/2023;22:54:36;28.66;;;;691;21/06/2023;22:55:04;28.71;;;;691;21/06/2023;22:56:54;28.75;;;;
692;21/06/2023;22:55:36;28.67;;;;692;21/06/2023;22:56:04;28.72;;;;692;21/06/2023;22:57:54;28.74;;;;
693;21/06/2023;22:56:36;28.65;;;;693;21/06/2023;22:57:04;28.7;;;;693;21/06/2023;22:58:54;28.75;;;;
694;21/06/2023;22:57:36;28.65;;;;694;21/06/2023;22:58:04;28.7;;;;694;21/06/2023;22:59:54;28.7;;;;
695;21/06/2023;22:58:36;28.65;;;;695;21/06/2023;22:59:04;28.7;;;;695;21/06/2023;23:00:53;28.72;;;;
696;21/06/2023;22:59:36;28.64;;;;696;21/06/2023;23:00:04;28.7;;;;696;21/06/2023;23:01:53;28.73;;;;
697;21/06/2023;23:00:36;28.63;;;;697;21/06/2023;23:01:04;28.67;;;;697;21/06/2023;23:02:53;28.71;;;;
698;21/06/2023;23:01:36;28.63;;;;698;21/06/2023;23:02:04;28.7;Synchronized;;;698;21/06/2023;23:03:53;28.72;;;;
699;21/06/2023;23:02:36;28.63;;;;699;21/06/2023;23:03:03;28.67;;;;699;21/06/2023;23:04:53;28.73;;;;
700;21/06/2023;23:03:36;28.64;;;;700;21/06/2023;23:04:03;28.69;;;;700;21/06/2023;23:05:53;28.72;;;;
701;21/06/2023;23:04:36;28.63;;;;701;21/06/2023;23:05:03;28.66;;;;701;21/06/2023;23:06:53;28.7;;;;
702;21/06/2023;23:05:36;28.63;;;;702;21/06/2023;23:06:03;28.66;;;;702;21/06/2023;23:07:52;28.7;;;;
703;21/06/2023;23:06:36;28.63;;;;703;21/06/2023;23:07:03;28.66;;;;703;21/06/2023;23:08:52;28.7;;;;
704;21/06/2023;23:07:36;28.61;;;;704;21/06/2023;23:08:03;28.64;;;;704;21/06/2023;23:09:52;28.7;;;;
705;21/06/2023;23:08:36;28.62;;;;705;21/06/2023;23:09:03;28.66;;;;705;21/06/2023;23:10:52;28.71;;;;
706;21/06/2023;23:09:36;28.63;;;;706;21/06/2023;23:10:02;28.64;;;;706;21/06/2023;23:11:52;28.69;;;;
707;21/06/2023;23:10:36;28.62;;;;707;21/06/2023;23:11:02;28.65;;;;707;21/06/2023;23:12:52;28.68;;;;
708;21/06/2023;23:11:36;28.61;;;;708;21/06/2023;23:12:02;28.65;;;;708;21/06/2023;23:13:52;28.68;;;;
709;21/06/2023;23:12:36;28.61;;;;709;21/06/2023;23:13:02;28.64;;;;709;21/06/2023;23:14:52;28.7;;;;
710;21/06/2023;23:13:36;28.61;;;;710;21/06/2023;23:14:02;28.63;;;;710;21/06/2023;23:15:51;28.68;;;;
711;21/06/2023;23:14:36;28.6;;;;711;21/06/2023;23:15:02;28.63;;;;711;21/06/2023;23:16:51;28.69;;;;
712;21/06/2023;23:15:36;28.59;;;;712;21/06/2023;23:16:02;28.61;;;;712;21/06/2023;23:17:51;28.68;;;;
713;21/06/2023;23:16:36;28.61;;;;713;21/06/2023;23:17:02;28.64;;;;713;21/06/2023;23:18:51;28.68;;;;
714;21/06/2023;23:17:36;28.59;;;;714;21/06/2023;23:18:02;28.63;;;;714;21/06/2023;23:19:51;28.67;;;;
715;21/06/2023;23:18:36;28.59;;;;715;21/06/2023;23:19:02;28.63;;;;715;21/06/2023;23:20:51;28.66;;;;
716;21/06/2023;23:19:36;28.6;;;;716;21/06/2023;23:20:01;28.65;;;;716;21/06/2023;23:21:51;28.67;;;;
717;21/06/2023;23:20:36;28.61;;;;717;21/06/2023;23:21:01;28.65;;;;717;21/06/2023;23:22:51;28.68;;;;
718;21/06/2023;23:21:36;28.62;;;;718;21/06/2023;23:22:01;28.63;;;;718;21/06/2023;23:23:50;28.67;;;;
719;21/06/2023;23:22:36;28.59;;;;719;21/06/2023;23:23:01;28.62;;;;719;21/06/2023;23:24:50;28.66;;;;
720;21/06/2023;23:23:36;28.58;;;;720;21/06/2023;23:24:01;28.63;;;;720;21/06/2023;23:25:50;28.66;;;;
721;21/06/2023;23:24:36;28.59;;;;721;21/06/2023;23:25:01;28.63;;;;721;21/06/2023;23:26:50;28.66;;;;
722;21/06/2023;23:25:36;28.59;;;;722;21/06/2023;23:26:01;28.63;;;;722;21/06/2023;23:27:50;28.68;;;;
723;21/06/2023;23:26:36;28.59;;;;723;21/06/2023;23:27:01;28.59;;;;723;21/06/2023;23:28:50;28.66;;;;
724;21/06/2023;23:27:37;28.56;;;;724;21/06/2023;23:28:01;28.62;;;;724;21/06/2023;23:29:50;28.64;;;;
725;21/06/2023;23:28:37;28.56;;;;725;21/06/2023;23:29:00;28.63;;;;725;21/06/2023;23:30:50;28.66;;;;
726;21/06/2023;23:29:37;28.59;;;;726;21/06/2023;23:30:00;28.61;;;;726;21/06/2023;23:31:50;28.66;;;;
727;21/06/2023;23:30:37;28.55;;;;727;21/06/2023;23:31:00;28.6;;;;727;21/06/2023;23:32:49;28.66;;;;
728;21/06/2023;23:31:37;28.56;;;;728;21/06/2023;23:32:00;28.6;;;;728;21/06/2023;23:33:49;28.67;;;;
729;21/06/2023;23:32:37;28.55;;;;729;21/06/2023;23:33:00;28.59;;;;729;21/06/2023;23:34:49;28.65;;;;
730;21/06/2023;23:33:37;28.59;;;;730;21/06/2023;23:33:59;28.6;;;;730;21/06/2023;23:35:49;28.63;;;;
731;21/06/2023;23:34:37;28.56;;;;731;21/06/2023;23:34:59;28.59;;;;731;21/06/2023;23:36:49;28.63;;;;
732;21/06/2023;23:35:37;28.56;;;;732;21/06/2023;23:35:59;28.59;;;;732;21/06/2023;23:37:49;28.64;;;;
733;21/06/2023;23:36:37;28.55;;;;733;21/06/2023;23:36:59;28.6;;;;733;21/06/2023;23:38:49;28.65;;;;
734;21/06/2023;23:37:37;28.55;;;;734;21/06/2023;23:37:59;28.59;;;;734;21/06/2023;23:39:49;28.63;;;;
735;21/06/2023;23:38:37;28.55;;;;735;21/06/2023;23:38:59;28.59;;;;735;21/06/2023;23:40:48;28.63;;;;
736;21/06/2023;23:39:37;28.55;;;;736;21/06/2023;23:39:59;28.59;;;;736;21/06/2023;23:41:48;28.63;;;;
737;21/06/2023;23:40:37;28.55;;;;737;21/06/2023;23:40:58;28.59;;;;737;21/06/2023;23:42:48;28.63;;;;
738;21/06/2023;23:41:37;28.54;;;;738;21/06/2023;23:41:58;28.59;;;;738;21/06/2023;23:43:48;28.63;;;;
739;21/06/2023;23:42:37;28.56;;;;739;21/06/2023;23:42:58;28.58;;;;739;21/06/2023;23:44:48;28.63;;;;
740;21/06/2023;23:43:37;28.55;;;;740;21/06/2023;23:43:58;28.59;;;;740;21/06/2023;23:45:48;28.64;;;;
741;21/06/2023;23:44:37;28.55;;;;741;21/06/2023;23:44:58;28.61;;;;741;21/06/2023;23:46:48;28.61;;;;
742;21/06/2023;23:45:37;28.55;;;;742;21/06/2023;23:45:57;28.57;;;;742;21/06/2023;23:47:48;28.63;;;;
743;21/06/2023;23:46:37;28.52;;;;743;21/06/2023;23:46:57;28.55;;;;743;21/06/2023;23:48:47;28.6;;;;
744;21/06/2023;23:47:37;28.52;;;;744;21/06/2023;23:47:57;28.56;;;;744;21/06/2023;23:49:47;28.59;;;;
745;21/06/2023;23:48:37;28.52;;;;745;21/06/2023;23:48:57;28.58;;;;745;21/06/2023;23:50:47;28.57;;;;
746;21/06/2023;23:49:37;28.52;;;;746;21/06/2023;23:49:57;28.56;;;;746;21/06/2023;23:51:47;28.59;;;;
747;21/06/2023;23:50:37;28.52;;;;747;21/06/2023;23:50:56;28.57;;;;747;21/06/2023;23:52:47;28.59;;;;
748;21/06/2023;23:51:37;28.52;;;;748;21/06/2023;23:51:56;28.54;;;;748;21/06/2023;23:53:47;28.6;;;;
749;21/06/2023;23:52:37;28.52;;;;749;21/06/2023;23:52:56;28.55;;;;749;21/06/2023;23:54:47;28.61;;;;
750;21/06/2023;23:53:37;28.51;;;;750;21/06/2023;23:53:56;28.54;;;;750;21/06/2023;23:55:47;28.57;;;;
751;21/06/2023;23:54:37;28.52;;;;751;21/06/2023;23:54:55;28.55;;;;751;21/06/2023;23:56:47;28.54;;;;
752;21/06/2023;23:55:37;28.49;;;;752;21/06/2023;23:55:55;28.53;;;;752;21/06/2023;23:57:46;28.55;;;;
753;21/06/2023;23:56:37;28.5;;;;753;21/06/2023;23:56:55;28.51;;;;753;21/06/2023;23:58:46;28.55;;;;
754;21/06/2023;23:57:37;28.47;;;;754;21/06/2023;23:57:55;28.52;;;;754;21/06/2023;23:59:46;28.54;;;;
755;21/06/2023;23:58:37;28.48;;;;755;21/06/2023;23:58:55;28.5;;;;755;22/06/2023;00:00:46;28.53;;;;
756;21/06/2023;23:59:37;28.48;;;;756;21/06/2023;23:59:55;28.51;;;;756;22/06/2023;00:01:46;28.55;;;;
757;22/06/2023;00:00:37;28.48;;;;757;22/06/2023;00:00:54;28.51;;;;757;22/06/2023;00:02:46;28.53;;;;
758;22/06/2023;00:01:37;28.46;;;;758;22/06/2023;00:01:54;28.48;;;;758;22/06/2023;00:03:46;28.52;;;;
759;22/06/2023;00:02:37;28.47;;;;759;22/06/2023;00:02:54;28.48;;;;759;22/06/2023;00:04:46;28.53;;;;
760;22/06/2023;00:03:37;28.46;;;;760;22/06/2023;00:03:54;28.47;;;;760;22/06/2023;00:05:45;28.51;;;;
761;22/06/2023;00:04:37;28.44;;;;761;22/06/2023;00:04:54;28.46;Synchronized;;;761;22/06/2023;00:06:45;28.52;;;;
762;22/06/2023;00:05:37;28.44;;;;762;22/06/2023;00:05:53;28.45;;;;762;22/06/2023;00:07:45;28.53;;;;
763;22/06/2023;00:06:37;28.44;;;;763;22/06/2023;00:06:53;28.46;;;;763;22/06/2023;00:08:45;28.52;;;;
764;22/06/2023;00:07:37;28.42;;;;764;22/06/2023;00:07:53;28.46;Synchronized;;;764;22/06/2023;00:09:45;28.52;;;;
765;22/06/2023;00:08:37;28.44;;;;765;22/06/2023;00:08:53;28.47;;;;765;22/06/2023;00:10:45;28.52;;;;
766;22/06/2023;00:09:37;28.46;;;;766;22/06/2023;00:09:53;28.46;;;;766;22/06/2023;00:11:45;28.51;;;;
767;22/06/2023;00:10:37;28.43;;;;767;22/06/2023;00:10:53;28.46;;;;767;22/06/2023;00:12:44;28.51;;;;
768;22/06/2023;00:11:37;28.44;;;;768;22/06/2023;00:11:53;28.48;;;;768;22/06/2023;00:13:44;28.51;;;;
769;22/06/2023;00:12:37;28.42;;;;769;22/06/2023;00:12:53;28.45;;;;769;22/06/2023;00:14:44;28.48;;;;
770;22/06/2023;00:13:37;28.43;;;;770;22/06/2023;00:13:53;28.47;;;;770;22/06/2023;00:15:44;28.52;;;;
771;22/06/2023;00:14:37;28.43;;;;771;22/06/2023;00:14:52;28.45;;;;771;22/06/2023;00:16:44;28.48;;;;
772;22/06/2023;00:15:37;28.44;;;;772;22/06/2023;00:15:52;28.47;;;;772;22/06/2023;00:17:44;28.49;;;;
773;22/06/2023;00:16:37;28.42;;;;773;22/06/2023;00:16:52;28.45;;;;773;22/06/2023;00:18:44;28.48;;;;
774;22/06/2023;00:17:37;28.41;;;;774;22/06/2023;00:17:52;28.45;;;;774;22/06/2023;00:19:44;28.51;;;;
775;22/06/2023;00:18:37;28.42;;;;775;22/06/2023;00:18:52;28.45;;;;775;22/06/2023;00:20:43;28.48;;;;
776;22/06/2023;00:19:37;28.41;;;;776;22/06/2023;00:19:51;28.46;;;;776;22/06/2023;00:21:43;28.52;;;;
777;22/06/2023;00:20:37;28.42;;;;777;22/06/2023;00:20:51;28.45;;;;777;22/06/2023;00:22:43;28.48;;;;
778;22/06/2023;00:21:37;28.42;;;;778;22/06/2023;00:21:51;28.43;;;;778;22/06/2023;00:23:43;28.48;;;;
779;22/06/2023;00:22:37;28.42;;;;779;22/06/2023;00:22:51;28.45;;;;779;22/06/2023;00:24:43;28.49;;;;
780;22/06/2023;00:23:37;28.42;;;;780;22/06/2023;00:23:51;28.43;;;;780;22/06/2023;00:25:43;28.48;;;;
781;22/06/2023;00:24:37;28.4;;;;781;22/06/2023;00:24:50;28.43;;;;781;22/06/2023;00:26:43;28.48;;;;
782;22/06/2023;00:25:37;28.4;;;;782;22/06/2023;00:25:50;28.43;;;;782;22/06/2023;00:27:43;28.47;;;;
783;22/06/2023;00:26:37;28.41;;;;783;22/06/2023;00:26:50;28.45;;;;783;22/06/2023;00:28:43;28.48;Synchronized;;;
784;22/06/2023;00:27:37;28.4;;;;784;22/06/2023;00:27:50;28.41;;;;784;22/06/2023;00:29:42;28.47;;;;
785;22/06/2023;00:28:37;28.41;;;;785;22/06/2023;00:28:49;28.42;;;;785;22/06/2023;00:30:42;28.48;;;;
786;22/06/2023;00:29:37;28.41;;;;786;22/06/2023;00:29:49;28.45;;;;786;22/06/2023;00:31:42;28.48;;;;
787;22/06/2023;00:30:37;28.39;;;;787;22/06/2023;00:30:49;28.45;;;;787;22/06/2023;00:32:42;28.47;;;;
788;22/06/2023;00:31:37;28.41;;;;788;22/06/2023;00:31:49;28.45;;;;788;22/06/2023;00:33:42;28.48;;;;
789;22/06/2023;00:32:37;28.41;;;;789;22/06/2023;00:32:48;28.45;;;;789;22/06/2023;00:34:42;28.48;;;;
790;22/06/2023;00:33:37;28.43;;;;790;22/06/2023;00:33:48;28.46;;;;790;22/06/2023;00:35:42;28.48;;;;
791;22/06/2023;00:34:38;28.41;;;;791;22/06/2023;00:34:48;28.45;;;;791;22/06/2023;00:36:42;28.47;;;;
792;22/06/2023;00:35:38;28.41;;;;792;22/06/2023;00:35:48;28.43;;;;792;22/06/2023;00:37:41;28.47;;;;
793;22/06/2023;00:36:38;28.41;;;;793;22/06/2023;00:36:47;28.43;;;;793;22/06/2023;00:38:41;28.46;;;;
794;22/06/2023;00:37:38;28.41;;;;794;22/06/2023;00:37:47;28.45;;;;794;22/06/2023;00:39:41;28.47;;;;
795;22/06/2023;00:38:38;28.41;;;;795;22/06/2023;00:38:47;28.43;;;;795;22/06/2023;00:40:41;28.46;;;;
796;22/06/2023;00:39:38;28.4;;;;796;22/06/2023;00:39:47;28.42;;;;796;22/06/2023;00:41:41;28.48;;;;
797;22/06/2023;00:40:38;28.4;;;;797;22/06/2023;00:40:47;28.41;;;;797;22/06/2023;00:42:41;28.47;;;;
798;22/06/2023;00:41:38;28.39;;;;798;22/06/2023;00:41:46;28.43;;;;798;22/06/2023;00:43:41;28.48;;;;
799;22/06/2023;00:42:38;28.4;;;;799;22/06/2023;00:42:46;28.43;;;;799;22/06/2023;00:44:41;28.46;;;;
800;22/06/2023;00:43:38;28.38;;;;800;22/06/2023;00:43:46;28.41;;;;800;22/06/2023;00:45:40;28.42;;;;
801;22/06/2023;00:44:38;28.39;;;;801;22/06/2023;00:44:46;28.41;;;;801;22/06/2023;00:46:40;28.45;;;;
802;22/06/2023;00:45:38;28.38;;;;802;22/06/2023;00:45:45;28.41;;;;802;22/06/2023;00:47:40;28.43;;;;
803;22/06/2023;00:46:38;28.37;;;;803;22/06/2023;00:46:45;28.41;;;;803;22/06/2023;00:48:40;28.45;;;;
804;22/06/2023;00:47:38;28.38;;;;804;22/06/2023;00:47:45;28.38;;;;804;22/06/2023;00:49:40;28.45;;;;
805;22/06/2023;00:48:38;28.35;;;;805;22/06/2023;00:48:45;28.38;;;;805;22/06/2023;00:50:40;28.45;Synchronized;;;
806;22/06/2023;00:49:38;28.37;;;;806;22/06/2023;00:49:44;28.4;;;;806;22/06/2023;00:51:40;28.45;;;;
807;22/06/2023;00:50:38;28.37;;;;807;22/06/2023;00:50:44;28.38;;;;807;22/06/2023;00:52:40;28.43;;;;
808;22/06/2023;00:51:38;28.35;;;;808;22/06/2023;00:51:44;28.4;;;;808;22/06/2023;00:53:40;28.41;;;;
809;22/06/2023;00:52:38;28.37;;;;809;22/06/2023;00:52:44;28.41;;;;809;22/06/2023;00:54:39;28.44;;;;
810;22/06/2023;00:53:38;28.37;;;;810;22/06/2023;00:53:43;28.38;;;;810;22/06/2023;00:55:39;28.44;;;;
811;22/06/2023;00:54:38;28.36;;;;811;22/06/2023;00:54:43;28.4;;;;811;22/06/2023;00:56:39;28.41;;;;
812;22/06/2023;00:55:38;28.37;;;;812;22/06/2023;00:55:43;28.39;;;;812;22/06/2023;00:57:39;28.42;;;;
813;22/06/2023;00:56:38;28.38;;;;813;22/06/2023;00:56:43;28.38;;;;813;22/06/2023;00:58:39;28.44;;;;
814;22/06/2023;00:57:38;28.38;;;;814;22/06/2023;00:57:42;28.39;;;;814;22/06/2023;00:59:39;28.42;;;;
815;22/06/2023;00:58:38;28.36;;;;815;22/06/2023;00:58:42;28.39;;;;815;22/06/2023;01:00:39;28.42;;;;
816;22/06/2023;00:59:38;28.36;;;;816;22/06/2023;00:59:42;28.39;;;;816;22/06/2023;01:01:39;28.43;;;;
817;22/06/2023;01:00:38;28.35;;;;817;22/06/2023;01:00:42;28.39;;;;817;22/06/2023;01:02:38;28.41;;;;
818;22/06/2023;01:01:38;28.34;;;;818;22/06/2023;01:01:42;28.37;;;;818;22/06/2023;01:03:38;28.41;;;;
819;22/06/2023;01:02:38;28.34;;;;819;22/06/2023;01:02:41;28.38;;;;819;22/06/2023;01:04:38;28.4;;;;
820;22/06/2023;01:03:38;28.34;;;;820;22/06/2023;01:03:41;28.35;;;;820;22/06/2023;01:05:38;28.39;;;;
821;22/06/2023;01:04:38;28.34;;;;821;22/06/2023;01:04:41;28.36;;;;821;22/06/2023;01:06:38;28.41;;;;
822;22/06/2023;01:05:38;28.35;;;;822;22/06/2023;01:05:41;28.37;;;;822;22/06/2023;01:07:38;28.38;;;;
823;22/06/2023;01:06:38;28.34;;;;823;22/06/2023;01:06:40;28.35;;;;823;22/06/2023;01:08:38;28.39;;;;
824;22/06/2023;01:07:38;28.31;;;;824;22/06/2023;01:07:40;28.34;;;;824;22/06/2023;01:09:38;28.37;;;;
825;22/06/2023;01:08:38;28.34;;;;825;22/06/2023;01:08:40;28.34;;;;825;22/06/2023;01:10:38;28.37;;;;
826;22/06/2023;01:09:38;28.31;;;;826;22/06/2023;01:09:40;28.35;;;;826;22/06/2023;01:11:37;28.35;;;;
827;22/06/2023;01:10:38;28.31;;;;827;22/06/2023;01:10:39;28.33;;;;827;22/06/2023;01:12:37;28.37;;;;
828;22/06/2023;01:11:38;28.3;;;;828;22/06/2023;01:11:39;28.34;Synchronized;;;828;22/06/2023;01:13:37;28.36;;;;
829;22/06/2023;01:12:38;28.3;;;;829;22/06/2023;01:12:39;28.34;;;;829;22/06/2023;01:14:37;28.36;;;;
830;22/06/2023;01:13:38;28.29;;;;830;22/06/2023;01:13:39;28.3;;;;830;22/06/2023;01:15:37;28.37;;;;
831;22/06/2023;01:14:38;28.26;;;;831;22/06/2023;01:14:38;28.3;;;;831;22/06/2023;01:16:37;28.34;;;;
832;22/06/2023;01:15:38;28.27;;;;832;22/06/2023;01:15:38;28.3;;;;832;22/06/2023;01:17:37;28.35;;;;
833;22/06/2023;01:16:38;28.28;;;;833;22/06/2023;01:16:38;28.3;;;;833;22/06/2023;01:18:37;28.36;;;;
834;22/06/2023;01:17:38;28.27;;;;834;22/06/2023;01:17:38;28.29;;;;834;22/06/2023;01:19:36;28.34;;;;
835;22/06/2023;01:18:38;28.26;;;;835;22/06/2023;01:18:37;28.28;;;;835;22/06/2023;01:20:36;28.32;;;;
836;22/06/2023;01:19:38;28.28;;;;836;22/06/2023;01:19:37;28.27;;;;836;22/06/2023;01:21:36;28.34;;;;
837;22/06/2023;01:20:38;28.26;;;;837;22/06/2023;01:20:37;28.27;;;;837;22/06/2023;01:22:36;28.32;;;;
838;22/06/2023;01:21:38;28.27;;;;838;22/06/2023;01:21:37;28.27;;;;838;22/06/2023;01:23:36;28.34;;;;
839;22/06/2023;01:22:38;28.26;;;;839;22/06/2023;01:22:36;28.26;;;;839;22/06/2023;01:24:36;28.32;;;;
840;22/06/2023;01:23:38;28.24;;;;840;22/06/2023;01:23:36;28.27;;;;840;22/06/2023;01:25:36;28.31;;;;
841;22/06/2023;01:24:38;28.24;;;;841;22/06/2023;01:24:36;28.28;;;;841;22/06/2023;01:26:36;28.32;;;;
842;22/06/2023;01:25:38;28.25;;;;842;22/06/2023;01:25:36;28.27;Synchronized;;;842;22/06/2023;01:27:36;28.32;;;;
843;22/06/2023;01:26:38;28.25;;;;843;22/06/2023;01:26:36;28.27;;;;843;22/06/2023;01:28:35;28.3;;;;
844;22/06/2023;01:27:38;28.25;;;;844;22/06/2023;01:27:35;28.25;;;;844;22/06/2023;01:29:35;28.31;;;;
845;22/06/2023;01:28:38;28.24;;;;845;22/06/2023;01:28:35;28.25;;;;845;22/06/2023;01:30:35;28.3;;;;
846;22/06/2023;01:29:38;28.26;;;;846;22/06/2023;01:29:35;28.26;;;;846;22/06/2023;01:31:35;28.32;;;;
847;22/06/2023;01:30:38;28.26;;;;847;22/06/2023;01:30:35;28.27;;;;847;22/06/2023;01:32:35;28.33;;;;
848;22/06/2023;01:31:38;28.26;;;;848;22/06/2023;01:31:34;28.25;;;;848;22/06/2023;01:33:35;28.31;;;;
849;22/06/2023;01:32:38;28.26;;;;849;22/06/2023;01:32:34;28.26;;;;849;22/06/2023;01:34:35;28.34;;;;
850;22/06/2023;01:33:38;28.26;;;;850;22/06/2023;01:33:34;28.26;;;;850;22/06/2023;01:35:35;28.31;;;;
851;22/06/2023;01:34:38;28.26;;;;851;22/06/2023;01:34:34;28.25;;;;851;22/06/2023;01:36:35;28.34;;;;
852;22/06/2023;01:35:38;28.25;;;;852;22/06/2023;01:35:34;28.26;;;;852;22/06/2023;01:37:34;28.31;;;;
853;22/06/2023;01:36:38;28.25;;;;853;22/06/2023;01:36:33;28.24;;;;853;22/06/2023;01:38:34;28.32;;;;
854;22/06/2023;01:37:38;28.23;;;;854;22/06/2023;01:37:33;28.27;;;;854;22/06/2023;01:39:34;28.31;;;;
855;22/06/2023;01:38:38;28.23;;;;855;22/06/2023;01:38:33;28.27;;;;855;22/06/2023;01:40:34;28.3;;;;
856;22/06/2023;01:39:38;28.24;;;;856;22/06/2023;01:39:33;28.25;;;;856;22/06/2023;01:41:34;28.3;;;;
857;22/06/2023;01:40:38;28.23;;;;857;22/06/2023;01:40:32;28.25;;;;857;22/06/2023;01:42:34;28.31;;;;
858;22/06/2023;01:41:38;28.25;;;;858;22/06/2023;01:41:32;28.25;;;;858;22/06/2023;01:43:34;28.3;;;;
859;22/06/2023;01:42:38;28.24;;;;859;22/06/2023;01:42:32;28.23;;;;859;22/06/2023;01:44:34;28.32;;;;
860;22/06/2023;01:43:38;28.25;;;;860;22/06/2023;01:43:32;28.23;;;;860;22/06/2023;01:45:34;28.3;;;;
861;22/06/2023;01:44:38;28.24;;;;861;22/06/2023;01:44:31;28.25;;;;861;22/06/2023;01:46:33;28.28;;;;
862;22/06/2023;01:45:38;28.24;;;;862;22/06/2023;01:45:31;28.26;;;;862;22/06/2023;01:47:33;28.3;;;;
863;22/06/2023;01:46:38;28.23;;;;863;22/06/2023;01:46:31;28.27;;;;863;22/06/2023;01:48:33;28.3;;;;
864;22/06/2023;01:47:37;28.25;;;;864;22/06/2023;01:47:31;28.25;;;;864;22/06/2023;01:49:33;28.3;Synchronized;;;
865;22/06/2023;01:48:37;28.23;;;;865;22/06/2023;01:48:31;28.27;;;;865;22/06/2023;01:50:33;28.3;Synchronized;;;
866;22/06/2023;01:49:37;28.25;;;;866;22/06/2023;01:49:30;28.26;;;;866;22/06/2023;01:51:33;28.3;;;;
867;22/06/2023;01:50:37;28.24;;;;867;22/06/2023;01:50:30;28.26;;;;867;22/06/2023;01:52:33;28.29;;;;
868;22/06/2023;01:51:37;28.23;;;;868;22/06/2023;01:51:30;28.27;;;;868;22/06/2023;01:53:33;28.29;;;;
869;22/06/2023;01:52:37;28.24;;;;869;22/06/2023;01:52:30;28.24;;;;869;22/06/2023;01:54:33;28.29;;;;
870;22/06/2023;01:53:37;28.23;;;;870;22/06/2023;01:53:29;28.24;;;;870;22/06/2023;01:55:32;28.27;;;;
871;22/06/2023;01:54:37;28.23;;;;871;22/06/2023;01:54:29;28.23;;;;871;22/06/2023;01:56:32;28.27;;;;
872;22/06/2023;01:55:37;28.22;;;;872;22/06/2023;01:55:29;28.24;;;;872;22/06/2023;01:57:32;28.27;;;;
873;22/06/2023;01:56:37;28.23;;;;873;22/06/2023;01:56:29;28.23;;;;873;22/06/2023;01:58:32;28.27;;;;
874;22/06/2023;01:57:37;28.23;;;;874;22/06/2023;01:57:28;28.23;;;;874;22/06/2023;01:59:32;28.27;;;;
875;22/06/2023;01:58:37;28.22;;;;875;22/06/2023;01:58:28;28.22;;;;875;22/06/2023;02:00:32;28.25;;;;
876;22/06/2023;01:59:37;28.17;;;;876;22/06/2023;01:59:28;28.2;;;;876;22/06/2023;02:01:32;28.27;;;;
877;22/06/2023;02:00:37;28.2;;;;877;22/06/2023;02:00:28;28.2;;;;877;22/06/2023;02:02:32;28.24;;;;
878;22/06/2023;02:01:37;28.19;;;;878;22/06/2023;02:01:27;28.19;;;;878;22/06/2023;02:03:32;28.24;;;;
879;22/06/2023;02:02:37;28.19;;;;879;22/06/2023;02:02:27;28.17;;;;879;22/06/2023;02:04:31;28.24;;;;
880;22/06/2023;02:03:37;28.17;;;;880;22/06/2023;02:03:27;28.18;;;;880;22/06/2023;02:05:31;28.25;;;;
881;22/06/2023;02:04:37;28.22;;;;881;22/06/2023;02:04:27;28.2;;;;881;22/06/2023;02:06:31;28.24;;;;
882;22/06/2023;02:05:37;28.2;;;;882;22/06/2023;02:05:26;28.18;;;;882;22/06/2023;02:07:31;28.24;;;;
883;22/06/2023;02:06:37;28.17;;;;883;22/06/2023;02:06:26;28.21;;;;883;22/06/2023;02:08:31;28.24;;;;
884;22/06/2023;02:07:37;28.21;;;;884;22/06/2023;02:07:26;28.21;;;;884;22/06/2023;02:09:31;28.29;;;;
885;22/06/2023;02:08:37;28.19;;;;885;22/06/2023;02:08:26;28.2;;;;885;22/06/2023;02:10:31;28.27;;;;
886;22/06/2023;02:09:37;28.21;;;;886;22/06/2023;02:09:25;28.21;;;;886;22/06/2023;02:11:31;28.27;;;;
887;22/06/2023;02:10:37;28.2;;;;887;22/06/2023;02:10:25;28.2;;;;887;22/06/2023;02:12:30;28.29;;;;
888;22/06/2023;02:11:37;28.19;;;;888;22/06/2023;02:11:25;28.21;;;;888;22/06/2023;02:13:30;28.27;;;;
889;22/06/2023;02:12:37;28.19;;;;889;22/06/2023;02:12:25;28.23;;;;889;22/06/2023;02:14:30;28.27;;;;
890;22/06/2023;02:13:37;28.21;;;;890;22/06/2023;02:13:25;28.22;;;;890;22/06/2023;02:15:30;28.27;;;;
891;22/06/2023;02:14:37;28.19;;;;891;22/06/2023;02:14:24;28.23;;;;891;22/06/2023;02:16:30;28.24;;;;
892;22/06/2023;02:15:37;28.2;;;;892;22/06/2023;02:15:24;28.23;;;;892;22/06/2023;02:17:30;28.27;;;;
893;22/06/2023;02:16:37;28.22;;;;893;22/06/2023;02:16:24;28.22;;;;893;22/06/2023;02:18:30;28.24;;;;
894;22/06/2023;02:17:37;28.19;;;;894;22/06/2023;02:17:24;28.23;;;;894;22/06/2023;02:19:30;28.27;;;;
895;22/06/2023;02:18:37;28.2;;;;895;22/06/2023;02:18:23;28.23;;;;895;22/06/2023;02:20:29;28.23;;;;
896;22/06/2023;02:19:37;28.18;;;;896;22/06/2023;02:19:23;28.21;;;;896;22/06/2023;02:21:29;28.27;;;;
897;22/06/2023;02:20:37;28.2;;;;897;22/06/2023;02:20:23;28.22;;;;897;22/06/2023;02:22:29;28.25;;;;
898;22/06/2023;02:21:37;28.17;;;;898;22/06/2023;02:21:23;28.18;;;;898;22/06/2023;02:23:29;28.27;;;;
899;22/06/2023;02:22:37;28.17;;;;899;22/06/2023;02:22:22;28.21;;;;899;22/06/2023;02:24:29;28.23;;;;
900;22/06/2023;02:23:37;28.2;;;;900;22/06/2023;02:23:22;28.2;;;;900;22/06/2023;02:25:29;28.24;;;;
901;22/06/2023;02:24:37;28.2;;;;901;22/06/2023;02:24:22;28.23;;;;901;22/06/2023;02:26:29;28.24;;;;
902;22/06/2023;02:25:37;28.18;;;;902;22/06/2023;02:25:22;28.2;;;;902;22/06/2023;02:27:29;28.23;;;;
903;22/06/2023;02:26:37;28.19;;;;903;22/06/2023;02:26:21;28.23;;;;903;22/06/2023;02:28:28;28.24;;;;
904;22/06/2023;02:27:37;28.18;;;;904;22/06/2023;02:27:21;28.21;;;;904;22/06/2023;02:29:28;28.22;;;;
905;22/06/2023;02:28:37;28.19;;;;905;22/06/2023;02:28:21;28.2;;;;905;22/06/2023;02:30:28;28.24;;;;
906;22/06/2023;02:29:37;28.19;;;;906;22/06/2023;02:29:21;28.2;;;;906;22/06/2023;02:31:28;28.23;;;;
907;22/06/2023;02:30:37;28.19;;;;907;22/06/2023;02:30:21;28.19;;;;907;22/06/2023;02:32:28;28.24;;;;
908;22/06/2023;02:31:37;28.18;;;;908;22/06/2023;02:31:20;28.18;;;;908;22/06/2023;02:33:28;28.25;;;;
909;22/06/2023;02:32:37;28.17;;;;909;22/06/2023;02:32:20;28.18;Synchronized;;;909;22/06/2023;02:34:28;28.23;;;;
910;22/06/2023;02:33:37;28.18;;;;910;22/06/2023;02:33:20;28.19;;;;910;22/06/2023;02:35:28;28.2;;;;
911;22/06/2023;02:34:37;28.16;;;;911;22/06/2023;02:34:20;28.2;;;;911;22/06/2023;02:36:28;28.24;;;;
912;22/06/2023;02:35:37;28.19;;;;912;22/06/2023;02:35:19;28.16;;;;912;22/06/2023;02:37:27;28.2;;;;
913;22/06/2023;02:36:37;28.17;;;;913;22/06/2023;02:36:19;28.18;;;;913;22/06/2023;02:38:27;28.22;Synchronized;;;
914;22/06/2023;02:37:37;28.15;;;;914;22/06/2023;02:37:19;28.16;;;;914;22/06/2023;02:39:27;28.21;;;;
915;22/06/2023;02:38:37;28.17;;;;915;22/06/2023;02:38:19;28.16;;;;915;22/06/2023;02:40:27;28.2;;;;
916;22/06/2023;02:39:37;28.18;;;;916;22/06/2023;02:39:18;28.17;;;;916;22/06/2023;02:41:27;28.22;;;;
917;22/06/2023;02:40:37;28.16;;;;917;22/06/2023;02:40:18;28.16;;;;917;22/06/2023;02:42:27;28.2;;;;
918;22/06/2023;02:41:37;28.15;;;;918;22/06/2023;02:41:18;28.16;;;;918;22/06/2023;02:43:27;28.22;;;;
919;22/06/2023;02:42:37;28.15;;;;919;22/06/2023;02:42:18;28.16;;;;919;22/06/2023;02:44:27;28.21;;;;
920;22/06/2023;02:43:37;28.16;;;;920;22/06/2023;02:43:18;28.14;;;;920;22/06/2023;02:45:26;28.2;;;;
921;22/06/2023;02:44:37;28.13;;;;921;22/06/2023;02:44:17;28.16;;;;921;22/06/2023;02:46:26;28.2;;;;
922;22/06/2023;02:45:37;28.14;;;;922;22/06/2023;02:45:17;28.16;;;;922;22/06/2023;02:47:26;28.2;;;;
923;22/06/2023;02:46:37;28.14;;;;923;22/06/2023;02:46:17;28.16;;;;923;22/06/2023;02:48:26;28.2;;;;
924;22/06/2023;02:47:37;28.15;;;;924;22/06/2023;02:47:17;28.15;;;;924;22/06/2023;02:49:26;28.2;;;;
925;22/06/2023;02:48:37;28.15;;;;925;22/06/2023;02:48:17;28.15;;;;925;22/06/2023;02:50:26;28.2;;;;
926;22/06/2023;02:49:37;28.13;;;;926;22/06/2023;02:49:16;28.14;;;;926;22/06/2023;02:51:26;28.2;;;;
927;22/06/2023;02:50:37;28.13;;;;927;22/06/2023;02:50:16;28.15;;;;927;22/06/2023;02:52:26;28.18;;;;
928;22/06/2023;02:51:37;28.12;;;;928;22/06/2023;02:51:16;28.15;;;;928;22/06/2023;02:53:25;28.2;;;;
929;22/06/2023;02:52:37;28.12;;;;929;22/06/2023;02:52:16;28.15;;;;929;22/06/2023;02:54:25;28.2;;;;
930;22/06/2023;02:53:37;28.13;;;;930;22/06/2023;02:53:15;28.15;;;;930;22/06/2023;02:55:25;28.19;;;;
931;22/06/2023;02:54:37;28.13;;;;931;22/06/2023;02:54:15;28.14;;;;931;22/06/2023;02:56:25;28.17;;;;
932;22/06/2023;02:55:37;28.1;;;;932;22/06/2023;02:55:15;28.14;;;;932;22/06/2023;02:57:25;28.18;;;;
933;22/06/2023;02:56:37;28.13;;;;933;22/06/2023;02:56:15;28.12;;;;933;22/06/2023;02:58:25;28.17;;;;
934;22/06/2023;02:57:37;28.13;;;;934;22/06/2023;02:57:14;28.12;;;;934;22/06/2023;02:59:25;28.16;;;;
935;22/06/2023;02:58:37;28.11;;;;935;22/06/2023;02:58:14;28.12;;;;935;22/06/2023;03:00:25;28.15;;;;
936;22/06/2023;02:59:37;28.12;;;;936;22/06/2023;02:59:14;28.11;;;;936;22/06/2023;03:01:25;28.17;;;;
937;22/06/2023;03:00:37;28.09;;;;937;22/06/2023;03:00:14;28.1;;;;937;22/06/2023;03:02:24;28.13;;;;
938;22/06/2023;03:01:37;28.1;;;;938;22/06/2023;03:01:14;28.1;;;;938;22/06/2023;03:03:24;28.14;;;;
939;22/06/2023;03:02:37;28.09;;;;939;22/06/2023;03:02:13;28.1;;;;939;22/06/2023;03:04:24;28.13;;;;
940;22/06/2023;03:03:37;28.09;;;;940;22/06/2023;03:03:13;28.09;;;;940;22/06/2023;03:05:24;28.14;;;;
941;22/06/2023;03:04:37;28.07;;;;941;22/06/2023;03:04:13;28.06;;;;941;22/06/2023;03:06:24;28.14;;;;
942;22/06/2023;03:05:37;28.05;;;;942;22/06/2023;03:05:13;28.08;;;;942;22/06/2023;03:07:24;28.14;;;;
943;22/06/2023;03:06:37;28.06;;;;943;22/06/2023;03:06:12;28.08;;;;943;22/06/2023;03:08:24;28.12;;;;
944;22/06/2023;03:07:37;28.05;;;;944;22/06/2023;03:07:12;28.09;;;;944;22/06/2023;03:09:24;28.13;;;;
945;22/06/2023;03:08:37;28.07;;;;945;22/06/2023;03:08:12;28.06;;;;945;22/06/2023;03:10:24;28.14;;;;
946;22/06/2023;03:09:37;28.07;;;;946;22/06/2023;03:09:12;28.08;;;;946;22/06/2023;03:11:23;28.12;;;;
947;22/06/2023;03:10:37;28.07;;;;947;22/06/2023;03:10:12;28.09;;;;947;22/06/2023;03:12:23;28.15;;;;
948;22/06/2023;03:11:37;28.06;;;;948;22/06/2023;03:11:11;28.08;;;;948;22/06/2023;03:13:23;28.13;;;;
949;22/06/2023;03:12:37;28.07;;;;949;22/06/2023;03:12:11;28.06;;;;949;22/06/2023;03:14:23;28.15;;;;
950;22/06/2023;03:13:37;28.05;;;;950;22/06/2023;03:13:11;28.08;;;;950;22/06/2023;03:15:23;28.12;;;;
951;22/06/2023;03:14:37;28.09;;;;951;22/06/2023;03:14:11;28.09;;;;951;22/06/2023;03:16:23;28.14;;;;
952;22/06/2023;03:15:37;28.07;;;;952;22/06/2023;03:15:10;28.09;;;;952;22/06/2023;03:17:23;28.13;;;;
953;22/06/2023;03:16:37;28.06;;;;953;22/06/2023;03:16:10;28.08;;;;953;22/06/2023;03:18:23;28.12;;;;
954;22/06/2023;03:17:37;28.06;;;;954;22/06/2023;03:17:10;28.08;;;;954;22/06/2023;03:19:23;28.13;;;;
955;22/06/2023;03:18:37;28.06;;;;955;22/06/2023;03:18:10;28.05;;;;955;22/06/2023;03:20:22;28.09;;;;
956;22/06/2023;03:19:37;28.07;;;;956;22/06/2023;03:19:10;28.05;;;;956;22/06/2023;03:21:22;28.11;;;;
957;22/06/2023;03:20:37;28.06;;;;957;22/06/2023;03:20:09;28.06;;;;957;22/06/2023;03:22:22;28.1;Synchronized;;;
958;22/06/2023;03:21:37;28.06;;;;958;22/06/2023;03:21:09;28.06;;;;958;22/06/2023;03:23:22;28.12;;;;
959;22/06/2023;03:22:37;28.07;;;;959;22/06/2023;03:22:09;28.08;Synchronized;;;959;22/06/2023;03:24:22;28.13;;;;
960;22/06/2023;03:23:37;28.07;;;;960;22/06/2023;03:23:09;28.05;;;;960;22/06/2023;03:25:22;28.12;;;;
961;22/06/2023;03:24:37;28.05;;;;961;22/06/2023;03:24:08;28.08;;;;961;22/06/2023;03:26:22;28.11;;;;
962;22/06/2023;03:25:37;28.09;;;;962;22/06/2023;03:25:08;28.08;Synchronized;;;962;22/06/2023;03:27:22;28.13;;;;
963;22/06/2023;03:26:37;28.05;;;;963;22/06/2023;03:26:08;28.06;;;;963;22/06/2023;03:28:22;28.13;;;;
964;22/06/2023;03:27:37;28.07;;;;964;22/06/2023;03:27:08;28.08;;;;964;22/06/2023;03:29:21;28.11;;;;
965;22/06/2023;03:28:37;28.06;;;;965;22/06/2023;03:28:08;28.09;;;;965;22/06/2023;03:30:21;28.12;;;;
966;22/06/2023;03:29:37;28.05;;;;966;22/06/2023;03:29:07;28.09;;;;966;22/06/2023;03:31:21;28.11;;;;
967;22/06/2023;03:30:37;28.07;;;;967;22/06/2023;03:30:07;28.08;;;;967;22/06/2023;03:32:21;28.12;;;;
968;22/06/2023;03:31:37;28.05;;;;968;22/06/2023;03:31:07;28.09;;;;968;22/06/2023;03:33:21;28.12;;;;
969;22/06/2023;03:32:37;28.06;;;;969;22/06/2023;03:32:07;28.09;;;;969;22/06/2023;03:34:21;28.1;;;;
970;22/06/2023;03:33:37;28.07;;;;970;22/06/2023;03:33:07;28.08;;;;970;22/06/2023;03:35:21;28.12;;;;
971;22/06/2023;03:34:37;28.05;;;;971;22/06/2023;03:34:06;28.08;;;;971;22/06/2023;03:36:21;28.11;;;;
972;22/06/2023;03:35:37;28.05;Synchronized;;;972;22/06/2023;03:35:06;28.06;;;;972;22/06/2023;03:37:21;28.11;;;;
973;22/06/2023;03:36:37;28.06;;;;973;22/06/2023;03:36:06;28.08;;;;973;22/06/2023;03:38:20;28.11;;;;
974;22/06/2023;03:37:37;28.05;;;;974;22/06/2023;03:37:06;28.06;;;;974;22/06/2023;03:39:20;28.11;;;;
975;22/06/2023;03:38:37;28.05;;;;975;22/06/2023;03:38:06;28.05;;;;975;22/06/2023;03:40:20;28.1;;;;
976;22/06/2023;03:39:37;28.05;;;;976;22/06/2023;03:39:05;28.05;;;;976;22/06/2023;03:41:20;28.08;;;;
977;22/06/2023;03:40:37;28.02;;;;977;22/06/2023;03:40:05;28.04;;;;977;22/06/2023;03:42:20;28.06;;;;
978;22/06/2023;03:41:37;28.03;;;;978;22/06/2023;03:41:05;28.05;;;;978;22/06/2023;03:43:20;28.09;;;;
979;22/06/2023;03:42:37;28.02;;;;979;22/06/2023;03:42:05;28.03;;;;979;22/06/2023;03:44:20;28.08;;;;
980;22/06/2023;03:43:37;28.02;;;;980;22/06/2023;03:43:04;28.05;;;;980;22/06/2023;03:45:20;28.06;;;;
981;22/06/2023;03:44:37;28.03;;;;981;22/06/2023;03:44:04;28.04;;;;981;22/06/2023;03:46:20;28.07;;;;
982;22/06/2023;03:45:37;28.03;;;;982;22/06/2023;03:45:04;28.02;;;;982;22/06/2023;03:47:19;28.07;;;;
983;22/06/2023;03:46:37;28.03;;;;983;22/06/2023;03:46:04;28.03;;;;983;22/06/2023;03:48:19;28.07;;;;
984;22/06/2023;03:47:37;28.03;;;;984;22/06/2023;03:47:04;28.02;;;;984;22/06/2023;03:49:19;28.06;;;;
985;22/06/2023;03:48:37;28.02;;;;985;22/06/2023;03:48:04;28.01;Synchronized;;;985;22/06/2023;03:50:19;28.06;;;;
986;22/06/2023;03:49:37;28.02;;;;986;22/06/2023;03:49:03;28.04;;;;986;22/06/2023;03:51:19;28.08;;;;
987;22/06/2023;03:50:37;28.04;;;;987;22/06/2023;03:50:03;28.02;;;;987;22/06/2023;03:52:19;28.07;;;;
988;22/06/2023;03:51:37;28.03;;;;988;22/06/2023;03:51:03;28.02;;;;988;22/06/2023;03:53:19;28.07;;;;
989;22/06/2023;03:52:37;28.02;;;;989;22/06/2023;03:52:03;28.04;;;;989;22/06/2023;03:54:19;28.07;;;;
990;22/06/2023;03:53:37;28.02;;;;990;22/06/2023;03:53:02;28.02;;;;990;22/06/2023;03:55:19;28.05;;;;
991;22/06/2023;03:54:37;28.02;;;;991;22/06/2023;03:54:02;28.02;;;;991;22/06/2023;03:56:19;28.06;;;;
992;22/06/2023;03:55:37;28.02;;;;992;22/06/2023;03:55:02;28.02;;;;992;22/06/2023;03:57:18;28.05;;;;
993;22/06/2023;03:56:37;28.02;;;;993;22/06/2023;03:56:02;28.01;;;;993;22/06/2023;03:58:18;28.05;;;;
994;22/06/2023;03:57:37;28;;;;994;22/06/2023;03:57:02;28.02;;;;994;22/06/2023;03:59:18;28.06;;;;
995;22/06/2023;03:58:37;28.02;;;;995;22/06/2023;03:58:02;28.02;;;;995;22/06/2023;04:00:18;28.05;;;;
996;22/06/2023;03:59:37;28.02;;;;996;22/06/2023;03:59:01;28.02;;;;996;22/06/2023;04:01:18;28.04;;;;
997;22/06/2023;04:00:37;28.02;;;;997;22/06/2023;04:00:01;28.02;;;;997;22/06/2023;04:02:18;28.05;;;;
998;22/06/2023;04:01:37;28;;;;998;22/06/2023;04:01:01;28.01;;;;998;22/06/2023;04:03:18;28.03;;;;
999;22/06/2023;04:02:37;28;;;;999;22/06/2023;04:02:01;28.01;;;;999;22/06/2023;04:04:18;28.02;;;;
1000;22/06/2023;04:03:37;27.98;;;;1000;22/06/2023;04:03:00;28;;;;1000;22/06/2023;04:05:18;28.02;;;;
1001;22/06/2023;04:04:37;27.98;;;;1001;22/06/2023;04:04:00;28;;;;1001;22/06/2023;04:06:18;28.02;;;;
1002;22/06/2023;04:05:37;27.97;;;;1002;22/06/2023;04:05:00;27.97;;;;1002;22/06/2023;04:07:18;28.02;;;;
1003;22/06/2023;04:06:37;27.98;;;;1003;22/06/2023;04:06:00;27.98;;;;1003;22/06/2023;04:08:17;28.01;;;;
1004;22/06/2023;04:07:37;27.97;;;;1004;22/06/2023;04:07:00;27.98;;;;1004;22/06/2023;04:09:17;28.01;;;;
1005;22/06/2023;04:08:37;27.98;;;;1005;22/06/2023;04:07:59;27.97;;;;1005;22/06/2023;04:10:17;28.02;;;;
1006;22/06/2023;04:09:37;27.98;;;;1006;22/06/2023;04:08:59;27.97;;;;1006;22/06/2023;04:11:17;28.01;;;;
1007;22/06/2023;04:10:37;27.98;;;;1007;22/06/2023;04:09:59;27.98;;;;1007;22/06/2023;04:12:17;28.03;;;;
1008;22/06/2023;04:11:37;27.98;;;;1008;22/06/2023;04:10:59;27.99;;;;1008;22/06/2023;04:13:17;28.03;;;;
1009;22/06/2023;04:12:37;27.99;;;;1009;22/06/2023;04:11:58;28;;;;1009;22/06/2023;04:14:17;28.04;;;;
1010;22/06/2023;04:13:37;27.98;;;;1010;22/06/2023;04:12:58;28;;;;1010;22/06/2023;04:15:17;28.05;;;;
1011;22/06/2023;04:14:37;28.01;;;;1011;22/06/2023;04:13:58;27.99;;;;1011;22/06/2023;04:16:17;28.03;;;;
1012;22/06/2023;04:15:37;27.98;;;;1012;22/06/2023;04:14:58;28.02;;;;1012;22/06/2023;04:17:17;28.05;;;;
1013;22/06/2023;04:16:37;27.99;;;;1013;22/06/2023;04:15:58;27.99;;;;1013;22/06/2023;04:18:16;28.05;;;;
1014;22/06/2023;04:17:37;28;;;;1014;22/06/2023;04:16:57;28.02;;;;1014;22/06/2023;04:19:16;28.06;;;;
1015;22/06/2023;04:18:37;28;;;;1015;22/06/2023;04:17:57;28.02;;;;1015;22/06/2023;04:20:16;28.05;;;;
1016;22/06/2023;04:19:37;27.99;;;;1016;22/06/2023;04:18:57;28.01;;;;1016;22/06/2023;04:21:16;28.05;;;;
1017;22/06/2023;04:20:37;27.99;;;;1017;22/06/2023;04:19:57;28.02;;;;1017;22/06/2023;04:22:16;28.06;;;;
1018;22/06/2023;04:21:37;28.01;;;;1018;22/06/2023;04:20:57;28.02;;;;1018;22/06/2023;04:23:16;28.04;;;;
1019;22/06/2023;04:22:37;27.99;;;;1019;22/06/2023;04:21:56;28.01;;;;1019;22/06/2023;04:24:16;28.05;;;;
1020;22/06/2023;04:23:37;27.99;;;;1020;22/06/2023;04:22:56;28;;;;1020;22/06/2023;04:25:16;28.03;;;;
1021;22/06/2023;04:24:37;28.01;;;;1021;22/06/2023;04:23:56;28.01;;;;1021;22/06/2023;04:26:16;28.05;;;;
1022;22/06/2023;04:25:37;27.99;;;;1022;22/06/2023;04:24:56;28;;;;1022;22/06/2023;04:27:16;28.05;;;;
1023;22/06/2023;04:26:37;28.01;;;;1023;22/06/2023;04:25:56;27.99;;;;1023;22/06/2023;04:28:16;28.06;;;;
1024;22/06/2023;04:27:37;28;;;;1024;22/06/2023;04:26:55;28.02;;;;1024;22/06/2023;04:29:16;28.06;Synchronized;;;
1025;22/06/2023;04:28:38;27.99;;;;1025;22/06/2023;04:27:55;28.02;;;;1025;22/06/2023;04:30:15;28.05;;;;
1026;22/06/2023;04:29:38;28;;;;1026;22/06/2023;04:28:55;28.02;;;;1026;22/06/2023;04:31:15;28.08;;;;
1027;22/06/2023;04:30:38;28.01;;;;1027;22/06/2023;04:29:55;28.04;;;;1027;22/06/2023;04:32:15;28.07;;;;
1028;22/06/2023;04:31:38;28.02;;;;1028;22/06/2023;04:30:55;28.02;;;;1028;22/06/2023;04:33:15;28.07;;;;
1029;22/06/2023;04:32:38;28.01;;;;1029;22/06/2023;04:31:54;28.02;;;;1029;22/06/2023;04:34:15;28.06;;;;
1030;22/06/2023;04:33:38;28.02;;;;1030;22/06/2023;04:32:54;28.03;;;;1030;22/06/2023;04:35:15;28.05;;;;
1031;22/06/2023;04:34:38;28.03;;;;1031;22/06/2023;04:33:54;28.04;;;;1031;22/06/2023;04:36:15;28.06;;;;
1032;22/06/2023;04:35:38;28.02;;;;1032;22/06/2023;04:34:54;28.03;;;;1032;22/06/2023;04:37:15;28.06;;;;
1033;22/06/2023;04:36:38;28.02;;;;1033;22/06/2023;04:35:54;28.02;;;;1033;22/06/2023;04:38:15;28.07;;;;
1034;22/06/2023;04:37:38;28.01;;;;1034;22/06/2023;04:36:53;28.03;;;;1034;22/06/2023;04:39:14;28.05;;;;
1035;22/06/2023;04:38:38;28.02;Synchronized;;;1035;22/06/2023;04:37:53;28.02;;;;1035;22/06/2023;04:40:14;28.07;;;;
1036;22/06/2023;04:39:38;28.02;;;;1036;22/06/2023;04:38:53;28.02;;;;1036;22/06/2023;04:41:14;28.05;;;;
1037;22/06/2023;04:40:38;28.01;;;;1037;22/06/2023;04:39:53;28.03;;;;1037;22/06/2023;04:42:14;28.06;;;;
1038;22/06/2023;04:41:38;28.03;;;;1038;22/06/2023;04:40:52;28.04;;;;1038;22/06/2023;04:43:14;28.09;;;;
1039;22/06/2023;04:42:38;28.02;;;;1039;22/06/2023;04:41:52;28.04;;;;1039;22/06/2023;04:44:14;28.06;;;;
1040;22/06/2023;04:43:38;28.02;;;;1040;22/06/2023;04:42:52;28.03;;;;1040;22/06/2023;04:45:14;28.06;;;;
1041;22/06/2023;04:44:38;28.02;;;;1041;22/06/2023;04:43:52;28.04;;;;1041;22/06/2023;04:46:14;28.07;;;;
1042;22/06/2023;04:45:38;28.03;;;;1042;22/06/2023;04:44:51;28.04;;;;1042;22/06/2023;04:47:14;28.06;;;;
1043;22/06/2023;04:46:38;28.04;;;;1043;22/06/2023;04:45:51;28.05;;;;1043;22/06/2023;04:48:14;28.07;;;;
1044;22/06/2023;04:47:38;28.02;;;;1044;22/06/2023;04:46:51;28.05;;;;1044;22/06/2023;04:49:13;28.07;;;;
1045;22/06/2023;04:48:38;28.03;;;;1045;22/06/2023;04:47:51;28.05;;;;1045;22/06/2023;04:50:13;28.05;;;;
1046;22/06/2023;04:49:38;28.03;;;;1046;22/06/2023;04:48:51;28.05;;;;1046;22/06/2023;04:51:13;28.07;;;;
1047;22/06/2023;04:50:38;28.04;;;;1047;22/06/2023;04:49:50;28.05;;;;1047;22/06/2023;04:52:13;28.07;;;;
1048;22/06/2023;04:51:38;28.02;;;;1048;22/06/2023;04:50:50;28.04;;;;1048;22/06/2023;04:53:13;28.09;;;;
1049;22/06/2023;04:52:38;28.01;;;;1049;22/06/2023;04:51:50;28.05;;;;1049;22/06/2023;04:54:13;28.07;;;;
1050;22/06/2023;04:53:38;28.03;;;;1050;22/06/2023;04:52:50;28.04;;;;1050;22/06/2023;04:55:13;28.07;;;;
1051;22/06/2023;04:54:38;28.04;;;;1051;22/06/2023;04:53:50;28.05;Synchronized;;;1051;22/06/2023;04:56:13;28.06;;;;
1052;22/06/2023;04:55:38;28.02;;;;1052;22/06/2023;04:54:49;28.05;;;;1052;22/06/2023;04:57:13;28.08;;;;
1053;22/06/2023;04:56:38;28.03;;;;1053;22/06/2023;04:55:49;28.05;;;;1053;22/06/2023;04:58:13;28.07;;;;
1054;22/06/2023;04:57:38;28.03;;;;1054;22/06/2023;04:56:49;28.05;;;;1054;22/06/2023;04:59:12;28.07;;;;
1055;22/06/2023;04:58:38;28.02;;;;1055;22/06/2023;04:57:49;28.06;;;;1055;22/06/2023;05:00:12;28.06;;;;
1056;22/06/2023;04:59:38;28.04;;;;1056;22/06/2023;04:58:48;28.06;;;;1056;22/06/2023;05:01:12;28.09;;;;
1057;22/06/2023;05:00:38;28.02;;;;1057;22/06/2023;04:59:48;28.05;;;;1057;22/06/2023;05:02:12;28.06;;;;
1058;22/06/2023;05:01:38;28.02;;;;1058;22/06/2023;05:00:48;28.06;;;;1058;22/06/2023;05:03:12;28.05;;;;
1059;22/06/2023;05:02:38;28.04;;;;1059;22/06/2023;05:01:48;28.05;;;;1059;22/06/2023;05:04:12;28.05;;;;
1060;22/06/2023;05:03:38;28.01;;;;1060;22/06/2023;05:02:48;28.05;;;;1060;22/06/2023;05:05:12;28.06;;;;
1061;22/06/2023;05:04:38;28.02;;;;1061;22/06/2023;05:03:47;28.05;;;;1061;22/06/2023;05:06:12;28.06;;;;
1062;22/06/2023;05:05:38;28.01;;;;1062;22/06/2023;05:04:47;28.02;;;;1062;22/06/2023;05:07:12;28.05;;;;
1063;22/06/2023;05:06:38;28.02;;;;1063;22/06/2023;05:05:47;28.02;;;;1063;22/06/2023;05:08:12;28.06;;;;
1064;22/06/2023;05:07:38;28.01;;;;1064;22/06/2023;05:06:47;28.02;;;;1064;22/06/2023;05:09:11;28.05;;;;
1065;22/06/2023;05:08:38;28.01;;;;1065;22/06/2023;05:07:47;28.02;;;;1065;22/06/2023;05:10:11;28.04;;;;
1066;22/06/2023;05:09:38;28.02;;;;1066;22/06/2023;05:08:46;28.03;;;;1066;22/06/2023;05:11:11;28.04;;;;
1067;22/06/2023;05:10:38;28.01;;;;1067;22/06/2023;05:09:46;28.03;;;;1067;22/06/2023;05:12:11;28.05;;;;
1068;22/06/2023;05:11:38;28.02;;;;1068;22/06/2023;05:10:46;28.02;;;;1068;22/06/2023;05:13:11;28.04;;;;
1069;22/06/2023;05:12:38;28.02;;;;1069;22/06/2023;05:11:46;28.02;;;;1069;22/06/2023;05:14:11;28.06;;;;
1070;22/06/2023;05:13:38;28.01;;;;1070;22/06/2023;05:12:45;28.02;;;;1070;22/06/2023;05:15:11;28.03;;;;
1071;22/06/2023;05:14:38;28.02;;;;1071;22/06/2023;05:13:45;28.02;;;;1071;22/06/2023;05:16:11;28.05;;;;
1072;22/06/2023;05:15:38;27.99;;;;1072;22/06/2023;05:14:45;28.02;;;;1072;22/06/2023;05:17:11;28.05;;;;
1073;22/06/2023;05:16:38;28.01;;;;1073;22/06/2023;05:15:45;28.02;;;;1073;22/06/2023;05:18:11;28.04;;;;
1074;22/06/2023;05:17:38;28;;;;1074;22/06/2023;05:16:45;28.03;;;;1074;22/06/2023;05:19:10;28.05;;;;
1075;22/06/2023;05:18:38;27.99;;;;1075;22/06/2023;05:17:44;28.02;;;;1075;22/06/2023;05:20:10;28.05;Synchronized;;;
1076;22/06/2023;05:19:38;28.01;;;;1076;22/06/2023;05:18:44;28.02;;;;1076;22/06/2023;05:21:10;28.04;;;;
1077;22/06/2023;05:20:38;27.99;;;;1077;22/06/2023;05:19:44;28.02;;;;1077;22/06/2023;05:22:10;28.04;;;;
1078;22/06/2023;05:21:38;28;;;;1078;22/06/2023;05:20:44;28.01;;;;1078;22/06/2023;05:23:10;28.05;;;;
1079;22/06/2023;05:22:38;28.01;;;;1079;22/06/2023;05:21:43;28.02;;;;1079;22/06/2023;05:24:10;28.05;;;;
1080;22/06/2023;05:23:38;28.01;;;;1080;22/06/2023;05:22:43;28;;;;1080;22/06/2023;05:25:10;28.05;;;;
1081;22/06/2023;05:24:38;28.01;;;;1081;22/06/2023;05:23:43;28.02;;;;1081;22/06/2023;05:26:10;28.05;;;;
1082;22/06/2023;05:25:38;28;;;;1082;22/06/2023;05:24:43;28.02;;;;1082;22/06/2023;05:27:10;28.03;;;;
1083;22/06/2023;05:26:38;27.98;;;;1083;22/06/2023;05:25:43;27.99;;;;1083;22/06/2023;05:28:10;28.04;;;;
1084;22/06/2023;05:27:38;27.98;;;;1084;22/06/2023;05:26:42;28;;;;1084;22/06/2023;05:29:09;28.04;;;;
1085;22/06/2023;05:28:38;28.01;;;;1085;22/06/2023;05:27:42;28.02;;;;1085;22/06/2023;05:30:09;28.03;;;;
1086;22/06/2023;05:29:38;28;;;;1086;22/06/2023;05:28:42;28.02;;;;1086;22/06/2023;05:31:09;28.02;;;;
1087;22/06/2023;05:30:38;27.98;;;;1087;22/06/2023;05:29:42;28.01;;;;1087;22/06/2023;05:32:09;28.02;;;;
1088;22/06/2023;05:31:38;28;;;;1088;22/06/2023;05:30:42;28;;;;1088;22/06/2023;05:33:09;28.03;;;;
1089;22/06/2023;05:32:38;27.98;;;;1089;22/06/2023;05:31:41;28;;;;1089;22/06/2023;05:34:09;28;;;;
1090;22/06/2023;05:33:38;27.98;;;;1090;22/06/2023;05:32:41;27.99;;;;1090;22/06/2023;05:35:09;27.99;;;;
1091;22/06/2023;05:34:38;27.98;;;;1091;22/06/2023;05:33:41;27.98;;;;1091;22/06/2023;05:36:09;28.02;;;;
1092;22/06/2023;05:35:38;27.97;Synchronized;;;1092;22/06/2023;05:34:41;27.99;;;;1092;22/06/2023;05:37:09;28.03;;;;
1093;22/06/2023;05:36:38;27.97;;;;1093;22/06/2023;05:35:40;27.98;;;;1093;22/06/2023;05:38:09;27.99;;;;
1094;22/06/2023;05:37:38;27.97;;;;1094;22/06/2023;05:36:40;27.99;;;;1094;22/06/2023;05:39:08;28.01;;;;
1095;22/06/2023;05:38:38;27.98;;;;1095;22/06/2023;05:37:40;27.98;;;;1095;22/06/2023;05:40:08;28.01;;;;
1096;22/06/2023;05:39:38;27.97;;;;1096;22/06/2023;05:38:40;27.97;;;;1096;22/06/2023;05:41:08;28.02;;;;
1097;22/06/2023;05:40:38;27.97;;;;1097;22/06/2023;05:39:40;27.98;;;;1097;22/06/2023;05:42:08;28;;;;
1098;22/06/2023;05:41:38;27.95;;;;1098;22/06/2023;05:40:39;27.98;;;;1098;22/06/2023;05:43:08;28;;;;
1099;22/06/2023;05:42:38;27.94;;;;1099;22/06/2023;05:41:39;28;;;;1099;22/06/2023;05:44:08;28;;;;
1100;22/06/2023;05:43:38;27.94;;;;1100;22/06/2023;05:42:39;27.97;;;;1100;22/06/2023;05:45:08;28;;;;
1101;22/06/2023;05:44:38;27.95;;;;1101;22/06/2023;05:43:39;27.97;;;;1101;22/06/2023;05:46:08;27.97;;;;
1102;22/06/2023;05:45:38;27.95;;;;1102;22/06/2023;05:44:38;27.95;;;;1102;22/06/2023;05:47:08;27.98;;;;
1103;22/06/2023;05:46:38;27.95;;;;1103;22/06/2023;05:45:38;27.94;;;;1103;22/06/2023;05:48:08;27.99;;;;
1104;22/06/2023;05:47:38;27.95;;;;1104;22/06/2023;05:46:38;27.95;;;;1104;22/06/2023;05:49:08;27.98;;;;
1105;22/06/2023;05:48:38;27.95;;;;1105;22/06/2023;05:47:38;27.95;;;;1105;22/06/2023;05:50:07;27.98;;;;
1106;22/06/2023;05:49:38;27.94;;;;1106;22/06/2023;05:48:38;27.94;;;;1106;22/06/2023;05:51:07;27.98;;;;
1107;22/06/2023;05:50:38;27.97;;;;1107;22/06/2023;05:49:37;27.92;;;;1107;22/06/2023;05:52:07;27.99;;;;
1108;22/06/2023;05:51:38;27.92;;;;1108;22/06/2023;05:50:37;27.92;;;;1108;22/06/2023;05:53:07;27.98;;;;
1109;22/06/2023;05:52:38;27.92;;;;1109;22/06/2023;05:51:37;27.93;;;;1109;22/06/2023;05:54:07;27.98;;;;
1110;22/06/2023;05:53:38;27.95;;;;1110;22/06/2023;05:52:37;27.91;;;;1110;22/06/2023;05:55:07;27.97;;;;
1111;22/06/2023;05:54:38;27.92;;;;1111;22/06/2023;05:53:37;27.92;;;;1111;22/06/2023;05:56:07;27.97;;;;
1112;22/06/2023;05:55:38;27.94;;;;1112;22/06/2023;05:54:36;27.91;;;;1112;22/06/2023;05:57:07;27.96;;;;
1113;22/06/2023;05:56:38;27.91;;;;1113;22/06/2023;05:55:36;27.94;;;;1113;22/06/2023;05:58:07;27.97;;;;
1114;22/06/2023;05:57:38;27.95;;;;1114;22/06/2023;05:56:36;27.93;;;;1114;22/06/2023;05:59:07;27.97;;;;
1115;22/06/2023;05:58:38;27.91;;;;1115;22/06/2023;05:57:36;27.94;;;;1115;22/06/2023;06:00:07;27.95;;;;
1116;22/06/2023;05:59:38;27.91;Synchronized;;;1116;22/06/2023;05:58:35;27.92;;;;1116;22/06/2023;06:01:06;27.95;;;;
1117;22/06/2023;06:00:38;27.93;;;;1117;22/06/2023;05:59:35;27.91;;;;1117;22/06/2023;06:02:06;27.96;;;;
1118;22/06/2023;06:01:38;27.91;;;;1118;22/06/2023;06:00:35;27.95;;;;1118;22/06/2023;06:03:06;27.95;;;;
1119;22/06/2023;06:02:38;27.92;;;;1119;22/06/2023;06:01:35;27.93;;;;1119;22/06/2023;06:04:06;27.98;;;;
1120;22/06/2023;06:03:38;27.93;;;;1120;22/06/2023;06:02:35;27.92;;;;1120;22/06/2023;06:05:06;27.97;;;;
1121;22/06/2023;06:04:38;27.95;;;;1121;22/06/2023;06:03:34;27.92;;;;1121;22/06/2023;06:06:06;27.96;;;;
1122;22/06/2023;06:05:39;27.93;;;;1122;22/06/2023;06:04:34;27.93;Synchronized;;;1122;22/06/2023;06:07:06;27.98;;;;
1123;22/06/2023;06:06:39;27.93;;;;1123;22/06/2023;06:05:34;27.94;;;;1123;22/06/2023;06:08:06;27.98;;;;
1124;22/06/2023;06:07:39;27.94;;;;1124;22/06/2023;06:06:34;27.93;;;;1124;22/06/2023;06:09:06;27.98;;;;
1125;22/06/2023;06:08:39;27.93;;;;1125;22/06/2023;06:07:34;27.94;;;;1125;22/06/2023;06:10:06;27.98;;;;
1126;22/06/2023;06:09:39;27.93;;;;1126;22/06/2023;06:08:33;27.95;;;;1126;22/06/2023;06:11:06;27.97;;;;
1127;22/06/2023;06:10:39;27.94;;;;1127;22/06/2023;06:09:33;27.93;;;;1127;22/06/2023;06:12:05;27.97;;;;
1128;22/06/2023;06:11:39;27.94;;;;1128;22/06/2023;06:10:33;27.95;;;;1128;22/06/2023;06:13:05;27.97;;;;
1129;22/06/2023;06:12:39;27.93;;;;1129;22/06/2023;06:11:33;27.95;;;;1129;22/06/2023;06:14:05;27.96;;;;
1130;22/06/2023;06:13:39;27.94;;;;1130;22/06/2023;06:12:33;27.94;;;;1130;22/06/2023;06:15:05;27.95;;;;
1131;22/06/2023;06:14:39;27.94;;;;1131;22/06/2023;06:13:33;27.94;;;;1131;22/06/2023;06:16:05;27.95;;;;
1132;22/06/2023;06:15:39;27.93;;;;1132;22/06/2023;06:14:32;27.93;;;;1132;22/06/2023;06:17:05;27.96;;;;
1133;22/06/2023;06:16:39;27.91;;;;1133;22/06/2023;06:15:32;27.92;;;;1133;22/06/2023;06:18:05;27.96;;;;
1134;22/06/2023;06:17:39;27.92;;;;1134;22/06/2023;06:16:32;27.93;;;;1134;22/06/2023;06:19:05;27.96;;;;
1135;22/06/2023;06:18:39;27.93;;;;1135;22/06/2023;06:17:32;27.92;;;;1135;22/06/2023;06:20:05;27.94;;;;
1136;22/06/2023;06:19:39;27.91;;;;1136;22/06/2023;06:18:32;27.91;;;;1136;22/06/2023;06:21:05;27.94;;;;
1137;22/06/2023;06:20:39;27.91;;;;1137;22/06/2023;06:19:31;27.91;;;;1137;22/06/2023;06:22:05;27.95;;;;
1138;22/06/2023;06:21:39;27.91;Synchronized;;;1138;22/06/2023;06:20:31;27.91;;;;1138;22/06/2023;06:23:04;27.95;;;;
1139;22/06/2023;06:22:39;27.9;;;;1139;22/06/2023;06:21:31;27.91;;;;1139;22/06/2023;06:24:04;27.95;;;;
1140;22/06/2023;06:23:39;27.91;;;;1140;22/06/2023;06:22:31;27.9;;;;1140;22/06/2023;06:25:04;27.95;;;;
1141;22/06/2023;06:24:39;27.89;;;;1141;22/06/2023;06:23:31;27.89;;;;1141;22/06/2023;06:26:04;27.95;;;;
1142;22/06/2023;06:25:39;27.9;;;;1142;22/06/2023;06:24:30;27.91;;;;1142;22/06/2023;06:27:04;27.95;;;;
1143;22/06/2023;06:26:39;27.91;;;;1143;22/06/2023;06:25:30;27.9;;;;1143;22/06/2023;06:28:04;27.95;;;;
1144;22/06/2023;06:27:39;27.9;;;;1144;22/06/2023;06:26:30;27.91;;;;1144;22/06/2023;06:29:04;27.93;;;;
1145;22/06/2023;06:28:39;27.88;;;;1145;22/06/2023;06:27:30;27.91;;;;1145;22/06/2023;06:30:04;27.93;;;;
1146;22/06/2023;06:29:39;27.89;;;;1146;22/06/2023;06:28:30;27.91;;;;1146;22/06/2023;06:31:04;27.94;;;;
1147;22/06/2023;06:30:39;27.91;;;;1147;22/06/2023;06:29:29;27.91;;;;1147;22/06/2023;06:32:04;27.93;;;;
1148;22/06/2023;06:31:39;27.91;;;;1148;22/06/2023;06:30:29;27.9;;;;1148;22/06/2023;06:33:04;27.95;;;;
1149;22/06/2023;06:32:39;27.91;;;;1149;22/06/2023;06:31:29;27.9;;;;1149;22/06/2023;06:34:03;27.93;;;;
1150;22/06/2023;06:33:39;27.91;;;;1150;22/06/2023;06:32:29;27.9;;;;1150;22/06/2023;06:35:03;27.94;;;;
1151;22/06/2023;06:34:39;27.91;;;;1151;22/06/2023;06:33:28;27.91;;;;1151;22/06/2023;06:36:03;27.94;;;;
1152;22/06/2023;06:35:39;27.9;;;;1152;22/06/2023;06:34:28;27.91;;;;1152;22/06/2023;06:37:03;27.91;;;;
1153;22/06/2023;06:36:39;27.91;;;;1153;22/06/2023;06:35:28;27.91;;;;1153;22/06/2023;06:38:03;27.95;;;;
1154;22/06/2023;06:37:39;27.9;;;;1154;22/06/2023;06:36:28;27.9;;;;1154;22/06/2023;06:39:03;27.93;;;;
1155;22/06/2023;06:38:39;27.91;;;;1155;22/06/2023;06:37:28;27.91;;;;1155;22/06/2023;06:40:03;27.92;;;;
1156;22/06/2023;06:39:39;27.91;;;;1156;22/06/2023;06:38:27;27.89;;;;1156;22/06/2023;06:41:03;27.95;;;;
1157;22/06/2023;06:40:39;27.91;;;;1157;22/06/2023;06:39:27;27.88;;;;1157;22/06/2023;06:42:03;27.93;;;;
1158;22/06/2023;06:41:39;27.91;;;;1158;22/06/2023;06:40:27;27.9;;;;1158;22/06/2023;06:43:03;27.95;;;;
1159;22/06/2023;06:42:39;27.91;;;;1159;22/06/2023;06:41:27;27.91;;;;1159;22/06/2023;06:44:02;27.94;;;;
1160;22/06/2023;06:43:39;27.91;;;;1160;22/06/2023;06:42:27;27.91;;;;1160;22/06/2023;06:45:02;27.93;;;;
1161;22/06/2023;06:44:39;27.92;;;;1161;22/06/2023;06:43:26;27.92;;;;1161;22/06/2023;06:46:02;27.94;;;;
1162;22/06/2023;06:45:39;27.94;;;;1162;22/06/2023;06:44:26;27.88;;;;1162;22/06/2023;06:47:02;27.95;;;;
1163;22/06/2023;06:46:39;27.94;;;;1163;22/06/2023;06:45:26;27.92;;;;1163;22/06/2023;06:48:02;27.95;;;;
1164;22/06/2023;06:47:39;27.91;;;;1164;22/06/2023;06:46:26;27.92;;;;1164;22/06/2023;06:49:02;27.95;;;;
1165;22/06/2023;06:48:39;27.94;;;;1165;22/06/2023;06:47:26;27.91;;;;1165;22/06/2023;06:50:02;27.96;;;;
1166;22/06/2023;06:49:39;27.95;;;;1166;22/06/2023;06:48:25;27.93;;;;1166;22/06/2023;06:51:02;27.97;;;;
1167;22/06/2023;06:50:39;27.97;;;;1167;22/06/2023;06:49:25;27.93;;;;1167;22/06/2023;06:52:02;27.98;;;;
1168;22/06/2023;06:51:39;27.95;;;;1168;22/06/2023;06:50:25;27.95;;;;1168;22/06/2023;06:53:02;27.96;;;;
1169;22/06/2023;06:52:39;27.94;;;;1169;22/06/2023;06:51:25;27.95;;;;1169;22/06/2023;06:54:02;27.98;;;;
1170;22/06/2023;06:53:39;27.98;;;;1170;22/06/2023;06:52:24;27.95;;;;1170;22/06/2023;06:55:01;27.98;;;;
1171;22/06/2023;06:54:39;27.98;;;;1171;22/06/2023;06:53:24;27.95;;;;1171;22/06/2023;06:56:01;27.99;;;;
1172;22/06/2023;06:55:39;27.98;;;;1172;22/06/2023;06:54:24;27.97;;;;1172;22/06/2023;06:57:01;27.99;;;;
1173;22/06/2023;06:56:39;27.97;;;;1173;22/06/2023;06:55:24;27.94;;;;1173;22/06/2023;06:58:01;28;;;;
1174;22/06/2023;06:57:39;28;;;;1174;22/06/2023;06:56:24;27.96;;;;1174;22/06/2023;06:59:01;28;;;;
1175;22/06/2023;06:58:39;27.98;;;;1175;22/06/2023;06:57:23;27.98;;;;1175;22/06/2023;07:00:01;27.98;;;;
1176;22/06/2023;06:59:39;27.97;;;;1176;22/06/2023;06:58:23;27.98;;;;1176;22/06/2023;07:01:01;27.99;;;;
1177;22/06/2023;07:00:39;27.99;;;;1177;22/06/2023;06:59:23;27.98;;;;1177;22/06/2023;07:02:01;27.97;;;;
1178;22/06/2023;07:01:39;27.98;;;;1178;22/06/2023;07:00:23;27.97;;;;1178;22/06/2023;07:03:01;27.98;;;;
1179;22/06/2023;07:02:39;27.97;;;;1179;22/06/2023;07:01:23;27.97;;;;1179;22/06/2023;07:04:01;27.98;;;;
1180;22/06/2023;07:03:39;27.98;;;;1180;22/06/2023;07:02:22;27.96;;;;1180;22/06/2023;07:05:01;27.98;;;;
1181;22/06/2023;07:04:39;27.97;;;;1181;22/06/2023;07:03:22;27.96;;;;1181;22/06/2023;07:06:00;27.98;;;;
1182;22/06/2023;07:05:39;27.98;;;;1182;22/06/2023;07:04:22;27.96;;;;1182;22/06/2023;07:07:00;27.97;;;;
1183;22/06/2023;07:06:39;27.95;;;;1183;22/06/2023;07:05:22;27.96;;;;1183;22/06/2023;07:08:00;27.97;;;;
1184;22/06/2023;07:07:39;27.97;;;;1184;22/06/2023;07:06:21;27.94;;;;1184;22/06/2023;07:09:00;27.97;;;;
1185;22/06/2023;07:08:39;27.97;;;;1185;22/06/2023;07:07:21;27.95;;;;1185;22/06/2023;07:10:00;27.96;;;;
1186;22/06/2023;07:09:39;27.97;Synchronized;;;1186;22/06/2023;07:08:21;27.96;;;;1186;22/06/2023;07:11:00;27.98;;;;
1187;22/06/2023;07:10:39;27.97;Synchronized;;;1187;22/06/2023;07:09:21;27.95;;;;1187;22/06/2023;07:12:00;27.98;;;;
1188;22/06/2023;07:11:39;27.97;;;;1188;22/06/2023;07:10:21;27.97;;;;1188;22/06/2023;07:13:00;27.98;;;;
1189;22/06/2023;07:12:39;27.98;;;;1189;22/06/2023;07:11:20;27.95;;;;1189;22/06/2023;07:14:00;27.97;;;;
1190;22/06/2023;07:13:39;27.98;;;;1190;22/06/2023;07:12:20;27.95;;;;1190;22/06/2023;07:15:00;27.94;;;;
1191;22/06/2023;07:14:39;27.93;;;;1191;22/06/2023;07:13:20;27.93;;;;1191;22/06/2023;07:16:00;27.93;;;;
1192;22/06/2023;07:15:40;27.94;;;;1192;22/06/2023;07:14:20;27.92;;;;1192;22/06/2023;07:16:59;27.92;;;;
1193;22/06/2023;07:16:40;27.92;;;;1193;22/06/2023;07:15:20;27.9;;;;1193;22/06/2023;07:17:59;27.91;;;;
1194;22/06/2023;07:17:40;27.91;;;;1194;22/06/2023;07:16:19;27.88;;;;1194;22/06/2023;07:18:59;27.92;;;;
1195;22/06/2023;07:18:40;27.9;;;;1195;22/06/2023;07:17:19;27.88;;;;1195;22/06/2023;07:19:59;27.9;;;;
1196;22/06/2023;07:19:40;27.92;;;;1196;22/06/2023;07:18:19;27.87;;;;1196;22/06/2023;07:20:59;27.91;;;;
1197;22/06/2023;07:20:40;27.9;;;;1197;22/06/2023;07:19:19;27.88;Synchronized;;;1197;22/06/2023;07:21:59;27.91;;;;
1198;22/06/2023;07:21:40;27.91;;;;1198;22/06/2023;07:20:19;27.88;;;;1198;22/06/2023;07:22:59;27.91;;;;
1199;22/06/2023;07:22:40;27.9;;;;1199;22/06/2023;07:21:18;27.85;;;;1199;22/06/2023;07:23:59;27.88;;;;
1200;22/06/2023;07:23:40;27.9;;;;1200;22/06/2023;07:22:18;27.85;;;;1200;22/06/2023;07:24:59;27.87;;;;
1201;22/06/2023;07:24:40;27.88;;;;1201;22/06/2023;07:23:18;27.85;;;;1201;22/06/2023;07:25:59;27.86;;;;
1202;22/06/2023;07:25:40;27.87;;;;1202;22/06/2023;07:24:18;27.84;;;;1202;22/06/2023;07:26:59;27.84;;;;
1203;22/06/2023;07:26:40;27.84;;;;1203;22/06/2023;07:25:18;27.81;;;;1203;22/06/2023;07:27:59;27.85;;;;
1204;22/06/2023;07:27:40;27.85;;;;1204;22/06/2023;07:26:17;27.78;;;;1204;22/06/2023;07:28:58;27.79;;;;
1205;22/06/2023;07:28:40;27.82;;;;1205;22/06/2023;07:27:17;27.81;;;;1205;22/06/2023;07:29:58;27.78;;;;
1206;22/06/2023;07:29:40;27.83;;;;1206;22/06/2023;07:28:17;27.77;;;;1206;22/06/2023;07:30:58;27.78;;;;
1207;22/06/2023;07:30:40;27.8;;;;1207;22/06/2023;07:29:17;27.77;;;;1207;22/06/2023;07:31:58;27.73;;;;
1208;22/06/2023;07:31:40;27.79;;;;1208;22/06/2023;07:30:17;27.74;;;;1208;22/06/2023;07:32:58;27.73;;;;
1209;22/06/2023;07:32:40;27.77;;;;1209;22/06/2023;07:31:17;27.73;;;;1209;22/06/2023;07:33:58;27.71;;;;
1210;22/06/2023;07:33:40;27.78;;;;1210;22/06/2023;07:32:16;27.73;;;;1210;22/06/2023;07:34:58;27.7;;;;
1211;22/06/2023;07:34:40;27.78;;;;1211;22/06/2023;07:33:16;27.73;;;;1211;22/06/2023;07:35:58;27.63;;;;
1212;22/06/2023;07:35:40;27.76;;;;1212;22/06/2023;07:34:16;27.69;;;;1212;22/06/2023;07:36:58;27.65;;;;
1213;22/06/2023;07:36:40;27.75;;;;1213;22/06/2023;07:35:16;27.66;;;;1213;22/06/2023;07:37:58;27.65;;;;
1214;22/06/2023;07:37:40;27.76;;;;1214;22/06/2023;07:36:16;27.65;;;;1214;22/06/2023;07:38:58;27.65;;;;
1215;22/06/2023;07:38:40;27.74;;;;1215;22/06/2023;07:37:15;27.64;;;;1215;22/06/2023;07:39:58;27.69;;;;
1216;22/06/2023;07:39:40;27.74;;;;1216;22/06/2023;07:38:15;27.65;;;;1216;22/06/2023;07:40:58;27.67;;;;
1217;22/06/2023;07:40:40;27.75;;;;1217;22/06/2023;07:39:15;27.65;;;;1217;22/06/2023;07:41:58;27.68;;;;
1218;22/06/2023;07:41:40;27.77;;;;1218;22/06/2023;07:40:15;27.68;;;;1218;22/06/2023;07:42:57;27.68;;;;
1219;22/06/2023;07:42:40;27.75;;;;1219;22/06/2023;07:41:15;27.66;;;;1219;22/06/2023;07:43:57;27.64;;;;
1220;22/06/2023;07:43:40;27.73;;;;1220;22/06/2023;07:42:14;27.67;;;;1220;22/06/2023;07:44:57;27.65;;;;
1221;22/06/2023;07:44:40;27.73;;;;1221;22/06/2023;07:43:14;27.65;;;;1221;22/06/2023;07:45:57;27.65;;;;
1222;22/06/2023;07:45:40;27.7;;;;1222;22/06/2023;07:44:14;27.63;;;;1222;22/06/2023;07:46:57;27.66;;;;
1223;22/06/2023;07:46:40;27.7;;;;1223;22/06/2023;07:45:14;27.63;;;;1223;22/06/2023;07:47:57;27.69;;;;
1224;22/06/2023;07:47:40;27.73;;;;1224;22/06/2023;07:46:14;27.64;;;;1224;22/06/2023;07:48:57;27.67;;;;
1225;22/06/2023;07:48:40;27.73;;;;1225;22/06/2023;07:47:14;27.63;;;;1225;22/06/2023;07:49:57;27.68;;;;
1226;22/06/2023;07:49:40;27.73;;;;1226;22/06/2023;07:48:13;27.65;;;;1226;22/06/2023;07:50:57;27.65;;;;
1227;22/06/2023;07:50:40;27.72;;;;1227;22/06/2023;07:49:13;27.67;;;;1227;22/06/2023;07:51:57;27.68;;;;
1228;22/06/2023;07:51:40;27.73;;;;1228;22/06/2023;07:50:13;27.65;;;;1228;22/06/2023;07:52:57;27.68;;;;
1229;22/06/2023;07:52:40;27.75;;;;1229;22/06/2023;07:51:13;27.63;;;;1229;22/06/2023;07:53:57;27.69;;;;
1230;22/06/2023;07:53:40;27.74;;;;1230;22/06/2023;07:52:13;27.66;;;;1230;22/06/2023;07:54:57;27.7;;;;
1231;22/06/2023;07:54:40;27.75;;;;1231;22/06/2023;07:53:12;27.67;;;;1231;22/06/2023;07:55:57;27.7;;;;
1232;22/06/2023;07:55:40;27.77;;;;1232;22/06/2023;07:54:12;27.67;;;;1232;22/06/2023;07:56:56;27.71;;;;
1233;22/06/2023;07:56:41;27.75;;;;1233;22/06/2023;07:55:12;27.67;;;;1233;22/06/2023;07:57:56;27.73;;;;
1234;22/06/2023;07:57:41;27.75;;;;1234;22/06/2023;07:56:12;27.7;;;;1234;22/06/2023;07:58:56;27.72;;;;
1235;22/06/2023;07:58:41;27.77;;;;1235;22/06/2023;07:57:12;27.7;;;;1235;22/06/2023;07:59:56;27.72;;;;
1236;22/06/2023;07:59:41;27.77;;;;1236;22/06/2023;07:58:11;27.7;;;;1236;22/06/2023;08:00:56;27.71;;;;
1237;22/06/2023;08:00:41;27.76;;;;1237;22/06/2023;07:59:11;27.72;;;;1237;22/06/2023;08:01:56;27.69;;;;
1238;22/06/2023;08:01:41;27.75;;;;1238;22/06/2023;08:00:11;27.73;;;;1238;22/06/2023;08:02:56;27.73;;;;
1239;22/06/2023;08:02:41;27.77;;;;1239;22/06/2023;08:01:11;27.7;;;;1239;22/06/2023;08:03:56;27.73;;;;
1240;22/06/2023;08:03:41;27.77;;;;1240;22/06/2023;08:02:11;27.7;;;;1240;22/06/2023;08:04:56;27.7;;;;
1241;22/06/2023;08:04:41;27.77;;;;1241;22/06/2023;08:03:11;27.7;;;;1241;22/06/2023;08:05:56;27.7;;;;
1242;22/06/2023;08:05:41;27.74;;;;1242;22/06/2023;08:04:10;27.7;;;;1242;22/06/2023;08:06:56;27.72;;;;
1243;22/06/2023;08:06:41;27.73;;;;1243;22/06/2023;08:05:10;27.68;;;;1243;22/06/2023;08:07:56;27.7;;;;
1244;22/06/2023;08:07:41;27.74;;;;1244;22/06/2023;08:06:10;27.69;;;;1244;22/06/2023;08:08:56;27.69;;;;
1245;22/06/2023;08:08:41;27.73;;;;1245;22/06/2023;08:07:10;27.69;;;;1245;22/06/2023;08:09:56;27.67;;;;
1246;22/06/2023;08:09:41;27.73;;;;1246;22/06/2023;08:08:10;27.67;;;;1246;22/06/2023;08:10:55;27.64;;;;
1247;22/06/2023;08:10:41;27.72;;;;1247;22/06/2023;08:09:09;27.66;;;;1247;22/06/2023;08:11:55;27.66;;;;
1248;22/06/2023;08:11:41;27.97;;;;1248;22/06/2023;08:10:09;27.66;;;;1248;22/06/2023;08:12:55;27.67;;;;
1249;22/06/2023;08:12:41;33.06;Synchronized;;;1249;22/06/2023;08:11:09;27.63;;;;1249;22/06/2023;08:13:55;27.71;;;;
1250;22/06/2023;08:13:41;33.91;Synchronized;;;1250;22/06/2023;08:12:09;27.64;;;;1250;22/06/2023;08:14:55;27.69;;;;
1251;22/06/2023;08:14:41;34.46;Synchronized;;;1251;22/06/2023;08:13:09;27.68;;;;1251;22/06/2023;08:15:55;27.69;;;;
1252;22/06/2023;08:15:41;34.68;Synchronized;;;1252;22/06/2023;08:14:08;27.68;;;;1252;22/06/2023;08:16:55;27.63;Synchronized;;;
1253;22/06/2023;08:16:41;35.02;Synchronized;;;1253;22/06/2023;08:15:08;27.69;;;;1253;22/06/2023;08:17:55;27.59;;;;
1254;22/06/2023;08:17:41;35.22;Synchronized;;;1254;22/06/2023;08:16:08;27.66;;;;1254;22/06/2023;08:18:55;27.58;;;;
1255;22/06/2023;08:18:40;35.54;Synchronized;;;1255;22/06/2023;08:17:08;27.63;Synchronized;;;1255;22/06/2023;08:19:55;27.55;;;;
1256;22/06/2023;08:19:40;35.8;Synchronized;;;1256;22/06/2023;08:18:08;27.57;;;;1256;22/06/2023;08:20:55;27.5;;;;
1257;22/06/2023;08:20:40;36.05;Synchronized;;;1257;22/06/2023;08:19:08;27.57;;;;1257;22/06/2023;08:21:55;27.51;Synchronized;;;
1258;22/06/2023;08:21:40;36.2;Synchronized;;;1258;22/06/2023;08:20:07;27.56;;;;1258;22/06/2023;08:22:55;27.5;;;;
1259;22/06/2023;08:22:40;36.41;Synchronized;;;1259;22/06/2023;08:21:07;27.51;;;;1259;22/06/2023;08:23:55;27.47;Synchronized;;;
1260;22/06/2023;08:23:40;36.54;Synchronized;;;1260;22/06/2023;08:22:07;27.5;;;;1260;22/06/2023;08:24:55;27.47;;;;
1261;22/06/2023;08:24:40;36.88;Synchronized;;;1261;22/06/2023;08:23:07;27.5;;;;1261;22/06/2023;08:25:54;27.45;;;;
1262;22/06/2023;08:25:40;37.02;Synchronized;;;1262;22/06/2023;08:24:07;27.45;;;;1262;22/06/2023;08:26:54;27.46;;;;
1263;22/06/2023;08:26:40;37.09;Synchronized;;;1263;22/06/2023;08:25:07;27.45;;;;1263;22/06/2023;08:27:54;27.48;;;;
1264;22/06/2023;08:27:40;37.13;Synchronized;;;1264;22/06/2023;08:26:06;27.43;;;;1264;22/06/2023;08:28:54;27.48;Synchronized;;;
1265;22/06/2023;08:28:40;37.14;Synchronized;;;1265;22/06/2023;08:27:06;27.49;;;;1265;22/06/2023;08:29:54;27.5;Synchronized;;;
1266;22/06/2023;08:29:40;37.15;Synchronized;;;1266;22/06/2023;08:28:06;27.5;;;;1266;22/06/2023;08:30:54;27.55;;;;
1267;22/06/2023;08:30:40;37.14;Synchronized;;;1267;22/06/2023;08:29:06;27.49;;;;1267;22/06/2023;08:31:54;27.58;Synchronized;;;
1268;22/06/2023;08:31:39;37.16;Synchronized;;;1268;22/06/2023;08:30:06;27.52;;;;1268;22/06/2023;08:32:54;27.57;Synchronized;;;
1269;22/06/2023;08:32:39;37.21;Synchronized;;;1269;22/06/2023;08:31:06;27.56;;;;1269;22/06/2023;08:33:54;27.59;Synchronized;;;
1270;22/06/2023;08:33:39;37.23;Synchronized;;;1270;22/06/2023;08:32:05;27.56;;;;1270;22/06/2023;08:34:54;27.63;Synchronized;;;
1271;22/06/2023;08:34:39;37.22;Synchronized;;;1271;22/06/2023;08:33:05;27.61;;;;1271;22/06/2023;08:35:54;27.66;;;;
1272;22/06/2023;08:35:39;37.26;Synchronized;;;1272;22/06/2023;08:34:05;27.62;;;;1272;22/06/2023;08:36:54;27.67;Synchronized;;;
1273;22/06/2023;08:36:39;37.28;Synchronized;;;1273;22/06/2023;08:35:05;27.67;;;;1273;22/06/2023;08:37:54;27.7;;;;
1274;22/06/2023;08:37:39;37.28;Synchronized;;;1274;22/06/2023;08:36:05;27.68;Synchronized;;;1274;22/06/2023;08:38:54;27.72;;;;
1275;22/06/2023;08:38:39;37.37;Synchronized;;;1275;22/06/2023;08:37:04;27.68;Synchronized;;;1275;22/06/2023;08:39:54;27.69;Synchronized;;;
1276;22/06/2023;08:39:39;37.45;Synchronized;;;1276;22/06/2023;08:38:04;27.69;;;;1276;22/06/2023;08:40:53;27.68;;;;
1277;22/06/2023;08:40:39;37.47;Synchronized;;;1277;22/06/2023;08:39:04;27.7;;;;1277;22/06/2023;08:41:53;27.66;;;;
1278;22/06/2023;08:41:39;37.46;Synchronized;;;1278;22/06/2023;08:40:04;27.69;;;;1278;22/06/2023;08:42:53;27.66;Synchronized;;;
1279;22/06/2023;08:42:39;37.44;Synchronized;;;1279;22/06/2023;08:41:04;27.66;;;;1279;22/06/2023;08:43:53;27.68;Synchronized;;;
1280;22/06/2023;08:43:39;37.48;Synchronized;;;1280;22/06/2023;08:42:03;27.68;;;;1280;22/06/2023;08:44:53;27.68;Synchronized;;;
1281;22/06/2023;08:44:38;37.51;Synchronized;;;1281;22/06/2023;08:43:03;27.68;Synchronized;;;1281;22/06/2023;08:45:53;27.69;Synchronized;;;
1282;22/06/2023;08:45:38;37.52;Synchronized;;;1282;22/06/2023;08:44:03;27.69;Synchronized;;;1282;22/06/2023;08:46:53;27.7;Synchronized;;;
1283;22/06/2023;08:46:38;37.51;Synchronized;;;1283;22/06/2023;08:45:03;27.7;;;;1283;22/06/2023;08:47:53;27.71;Synchronized;;;
1284;22/06/2023;08:47:38;37.52;Synchronized;;;1284;22/06/2023;08:46:03;27.72;;;;1284;22/06/2023;08:48:53;27.73;Synchronized;;;
1285;22/06/2023;08:48:38;37.5;Synchronized;;;1285;22/06/2023;08:47:03;27.76;;;;1285;22/06/2023;08:49:52;27.7;Synchronized;;;
1286;22/06/2023;08:49:38;37.51;Synchronized;;;1286;22/06/2023;08:48:03;27.76;Synchronized;;;1286;22/06/2023;08:50:52;27.7;Synchronized;;;
1287;22/06/2023;08:50:38;37.53;Synchronized;;;1287;22/06/2023;08:49:02;27.75;;;;1287;22/06/2023;08:51:52;27.74;Synchronized;;;
1288;22/06/2023;08:51:38;37.52;Synchronized;;;1288;22/06/2023;08:50:02;27.76;;;;1288;22/06/2023;08:52:52;27.74;Synchronized;;;
1289;22/06/2023;08:52:38;37.51;Synchronized;;;1289;22/06/2023;08:51:02;27.75;;;;1289;22/06/2023;08:53:52;27.76;Synchronized;;;
1290;22/06/2023;08:53:38;37.5;Synchronized;;;1290;22/06/2023;08:52:02;27.74;;;;1290;22/06/2023;08:54:52;27.79;Synchronized;;;
1291;22/06/2023;08:54:38;37.54;Synchronized;;;1291;22/06/2023;08:53:02;31.2;Synchronized;;;1291;22/06/2023;08:55:52;27.8;Synchronized;;;
1292;22/06/2023;08:55:38;37.63;Synchronized;;;1292;22/06/2023;08:54:02;34.38;Synchronized;;;1292;22/06/2023;08:56:52;27.82;;;;
1293;22/06/2023;08:56:37;37.59;Synchronized;;;1293;22/06/2023;08:55:01;35.36;Synchronized;;;1293;22/06/2023;08:57:52;27.83;;;;
1294;22/06/2023;08:57:37;37.61;Synchronized;;;1294;22/06/2023;08:56:01;35.84;Synchronized;;;1294;22/06/2023;08:58:52;27.8;;;;
1295;22/06/2023;08:58:37;37.6;Synchronized;;;1295;22/06/2023;08:57:01;36.05;Synchronized;;;1295;22/06/2023;08:59:52;27.81;Synchronized;;;
1296;22/06/2023;08:59:37;37.59;Synchronized;;;1296;22/06/2023;08:58:01;36.23;Synchronized;;;1296;22/06/2023;09:00:52;27.83;Synchronized;;;
1297;22/06/2023;09:00:37;37.59;Synchronized;;;1297;22/06/2023;08:59:01;36.32;Synchronized;;;1297;22/06/2023;09:01:52;27.84;Synchronized;;;
1298;22/06/2023;09:01:37;37.59;Synchronized;;;1298;22/06/2023;09:00:00;36.4;Synchronized;;;1298;22/06/2023;09:02:52;27.86;Synchronized;;;
1299;22/06/2023;09:02:37;37.59;Synchronized;;;1299;22/06/2023;09:01:00;36.45;Synchronized;;;1299;22/06/2023;09:03:52;27.91;Synchronized;;;
1300;22/06/2023;09:03:37;37.59;Synchronized;;;1300;22/06/2023;09:02:00;36.46;Synchronized;;;1300;22/06/2023;09:04:52;27.91;;;;
1301;22/06/2023;09:04:37;37.59;Synchronized;;;1301;22/06/2023;09:03:00;36.5;Synchronized;;;1301;22/06/2023;09:05:52;27.91;;;;
1302;22/06/2023;09:05:37;37.55;Synchronized;;;1302;22/06/2023;09:04:00;36.49;Synchronized;;;1302;22/06/2023;09:06:52;27.88;Synchronized;;;
1303;22/06/2023;09:06:37;37.55;Synchronized;;;1303;22/06/2023;09:04:59;36.51;Synchronized;;;1303;22/06/2023;09:07:51;27.87;Synchronized;;;
1304;22/06/2023;09:07:37;37.54;Synchronized;;;1304;22/06/2023;09:05:59;36.54;Synchronized;;;1304;22/06/2023;09:08:51;27.88;;;;
1305;22/06/2023;09:08:37;37.54;Synchronized;;;1305;22/06/2023;09:06:59;36.52;Synchronized;;;1305;22/06/2023;09:09:51;27.91;Synchronized;;;
1306;22/06/2023;09:09:36;37.54;Synchronized;;;1306;22/06/2023;09:07:59;36.55;Synchronized;;;1306;22/06/2023;09:10:51;27.9;Synchronized;;;
1307;22/06/2023;09:10:36;37.54;Synchronized;;;1307;22/06/2023;09:08:59;36.56;Synchronized;;;1307;22/06/2023;09:11:51;27.93;Synchronized;;;
1308;22/06/2023;09:11:36;37.55;Synchronized;;;1308;22/06/2023;09:09:59;36.59;Synchronized;;;1308;22/06/2023;09:12:51;27.91;;;;
1309;22/06/2023;09:12:36;37.53;Synchronized;;;1309;22/06/2023;09:10:58;36.59;Synchronized;;;1309;22/06/2023;09:13:51;27.91;;;;
1310;22/06/2023;09:13:36;37.54;Synchronized;;;1310;22/06/2023;09:11:58;36.61;Synchronized;;;1310;22/06/2023;09:14:51;27.88;Synchronized;;;
1311;22/06/2023;09:14:36;37.52;Synchronized;;;1311;22/06/2023;09:12:58;36.61;Synchronized;;;1311;22/06/2023;09:15:51;27.91;Synchronized;;;
1312;22/06/2023;09:15:36;37.5;;;;1312;22/06/2023;09:13:58;36.64;Synchronized;;;1312;22/06/2023;09:16:51;27.93;Synchronized;;;
1313;22/06/2023;09:16:36;37.5;;;;1313;22/06/2023;09:14:58;36.63;Synchronized;;;1313;22/06/2023;09:17:51;27.98;Synchronized;;;
1314;22/06/2023;09:17:36;37.48;Synchronized;;;1314;22/06/2023;09:15:57;36.65;Synchronized;;;1314;22/06/2023;09:18:50;28.01;Synchronized;;;
1315;22/06/2023;09:18:36;37.5;Synchronized;;;1315;22/06/2023;09:16:57;36.71;Synchronized;;;1315;22/06/2023;09:19:50;27.99;Synchronized;;;
1316;22/06/2023;09:19:36;37.48;Synchronized;;;1316;22/06/2023;09:17:57;36.77;;;;1316;22/06/2023;09:20:50;27.98;Synchronized;;;
1317;22/06/2023;09:20:36;37.49;Synchronized;;;1317;22/06/2023;09:18:57;36.82;;;;1317;22/06/2023;09:21:50;27.96;Synchronized;;;
1318;22/06/2023;09:21:36;37.46;Synchronized;;;1318;22/06/2023;09:19:56;36.82;;;;1318;22/06/2023;09:22:50;27.95;Synchronized;;;
1319;22/06/2023;09:22:36;37.46;Synchronized;;;1319;22/06/2023;09:20:56;36.86;;;;1319;22/06/2023;09:23:50;27.94;Synchronized;;;
1320;22/06/2023;09:23:36;37.46;Synchronized;;;1320;22/06/2023;09:21:56;36.85;;;;1320;22/06/2023;09:24:50;27.93;Synchronized;;;
1321;22/06/2023;09:24:36;37.55;Synchronized;;;1321;22/06/2023;09:22:56;36.88;;;;1321;22/06/2023;09:25:50;27.91;Synchronized;;;
1322;22/06/2023;09:25:35;37.59;Synchronized;;;1322;22/06/2023;09:23:56;36.88;;;;1322;22/06/2023;09:26:49;27.9;Synchronized;;;
1323;22/06/2023;09:26:35;37.57;Synchronized;;;1323;22/06/2023;09:24:55;36.88;;;;1323;22/06/2023;09:27:49;27.91;Synchronized;;;
1324;22/06/2023;09:27:35;37.55;Synchronized;;;1324;22/06/2023;09:25:55;36.89;;;;1324;22/06/2023;09:28:49;27.9;Synchronized;;;
1325;22/06/2023;09:28:35;37.57;Synchronized;;;1325;22/06/2023;09:26:55;36.88;;;;1325;22/06/2023;09:29:49;27.92;;;;
1326;22/06/2023;09:29:35;37.54;Synchronized;;;1326;22/06/2023;09:27:55;36.89;;;;1326;22/06/2023;09:30:49;27.9;Synchronized;;;
1327;22/06/2023;09:30:35;37.55;Synchronized;;;1327;22/06/2023;09:28:55;36.91;;;;1327;22/06/2023;09:31:49;27.9;;;;
1328;22/06/2023;09:31:35;37.53;Synchronized;;;1328;22/06/2023;09:29:55;36.93;Synchronized;;;1328;22/06/2023;09:32:49;27.9;Synchronized;;;
1329;22/06/2023;09:32:35;37.53;;;;1329;22/06/2023;09:30:54;36.96;;;;1329;22/06/2023;09:33:49;27.88;Synchronized;;;
1330;22/06/2023;09:33:35;37.57;Synchronized;;;1330;22/06/2023;09:31:54;36.96;;;;1330;22/06/2023;09:34:49;27.88;Synchronized;;;
1331;22/06/2023;09:34:34;37.57;Synchronized;;;1331;22/06/2023;09:32:54;36.98;;;;1331;22/06/2023;09:35:49;27.86;Synchronized;;;
1332;22/06/2023;09:35:34;37.6;;;;1332;22/06/2023;09:33:53;36.98;;;;1332;22/06/2023;09:36:49;27.9;Synchronized;;;
1333;22/06/2023;09:36:34;37.66;Synchronized;;;1333;22/06/2023;09:34:53;36.98;;;;1333;22/06/2023;09:37:49;27.87;Synchronized;;;
1334;22/06/2023;09:37:34;37.68;Synchronized;;;1334;22/06/2023;09:35:53;36.99;Synchronized;;;1334;22/06/2023;09:38:49;27.88;Synchronized;;;
1335;22/06/2023;09:38:34;37.66;Synchronized;;;1335;22/06/2023;09:36:53;36.98;Synchronized;;;1335;22/06/2023;09:39:48;27.87;Synchronized;;;
1336;22/06/2023;09:39:34;37.66;Synchronized;;;1336;22/06/2023;09:37:52;36.98;Synchronized;;;1336;22/06/2023;09:40:48;27.9;Synchronized;;;
1337;22/06/2023;09:40:34;37.72;Synchronized;;;1337;22/06/2023;09:38:52;36.98;Synchronized;;;1337;22/06/2023;09:41:48;27.9;Synchronized;;;
1338;22/06/2023;09:41:34;37.71;Synchronized;;;1338;22/06/2023;09:39:52;36.99;Synchronized;;;1338;22/06/2023;09:42:48;27.91;Synchronized;;;
1339;22/06/2023;09:42:33;37.73;Synchronized;;;1339;22/06/2023;09:40:52;37;;;;1339;22/06/2023;09:43:48;27.91;Synchronized;;;
1340;22/06/2023;09:43:33;37.77;Synchronized;;;1340;22/06/2023;09:41:52;37;;;;1340;22/06/2023;09:44:48;27.93;Synchronized;;;
1341;22/06/2023;09:44:33;37.71;Synchronized;;;1341;22/06/2023;09:42:52;37.01;Synchronized;;;1341;22/06/2023;09:45:48;27.93;Synchronized;;;
1342;22/06/2023;09:45:33;37.71;Synchronized;;;1342;22/06/2023;09:43:51;37.01;;;;1342;22/06/2023;09:46:48;27.91;;;;
1343;22/06/2023;09:46:33;37.73;Synchronized;;;1343;22/06/2023;09:44:51;36.99;Synchronized;;;1343;22/06/2023;09:47:48;27.91;;;;
1344;22/06/2023;09:47:33;37.73;;;;1344;22/06/2023;09:45:51;36.98;Synchronized;;;1344;22/06/2023;09:48:48;27.94;Synchronized;;;
1345;22/06/2023;09:48:33;37.72;Synchronized;;;1345;22/06/2023;09:46:51;36.98;;;;1345;22/06/2023;09:49:48;27.94;Synchronized;;;
1346;22/06/2023;09:49:33;37.73;Synchronized;;;1346;22/06/2023;09:47:51;36.98;Synchronized;;;1346;22/06/2023;09:50:48;27.92;Synchronized;;;
1347;22/06/2023;09:50:33;37.72;Synchronized;;;1347;22/06/2023;09:48:50;36.98;Synchronized;;;1347;22/06/2023;09:51:48;27.93;Synchronized;;;
1348;22/06/2023;09:51:33;37.7;Synchronized;;;1348;22/06/2023;09:49:50;36.98;;;;1348;22/06/2023;09:52:47;27.91;Synchronized;;;
1349;22/06/2023;09:52:33;37.59;Synchronized;;;1349;22/06/2023;09:50:50;36.98;Synchronized;;;1349;22/06/2023;09:53:47;27.91;Synchronized;;;
1350;22/06/2023;09:53:33;37.41;Synchronized;;;1350;22/06/2023;09:51:49;36.97;Synchronized;;;1350;22/06/2023;09:54:47;27.91;Synchronized;;;
1351;22/06/2023;09:54:33;37.05;Synchronized;;;1351;22/06/2023;09:52:49;36.97;;;;1351;22/06/2023;09:55:47;27.92;;;;
1352;22/06/2023;09:55:33;37.37;Synchronized;;;1352;22/06/2023;09:53:49;36.98;Synchronized;;;1352;22/06/2023;09:56:47;27.91;Synchronized;;;
1353;22/06/2023;09:56:33;37.4;Synchronized;;;1353;22/06/2023;09:54:49;36.98;Synchronized;;;1353;22/06/2023;09:57:47;27.92;Synchronized;;;
1354;22/06/2023;09:57:33;37.37;Synchronized;;;1354;22/06/2023;09:55:49;36.95;;;;1354;22/06/2023;09:58:47;27.91;Synchronized;;;
1355;22/06/2023;09:58:33;37.3;Synchronized;;;1355;22/06/2023;09:56:49;36.96;Synchronized;;;1355;22/06/2023;09:59:47;27.93;;;;
1356;22/06/2023;09:59:33;37.23;Synchronized;;;1356;22/06/2023;09:57:48;36.95;;;;1356;22/06/2023;10:00:47;27.95;Synchronized;;;
1357;22/06/2023;10:00:33;37.16;Synchronized;;;1357;22/06/2023;09:58:48;36.95;Synchronized;;;1357;22/06/2023;10:01:47;27.95;Synchronized;;;
1358;22/06/2023;10:01:33;37.16;Synchronized;;;1358;22/06/2023;09:59:48;36.97;Synchronized;;;1358;22/06/2023;10:02:46;27.98;Synchronized;;;
1359;22/06/2023;10:02:33;37.2;Synchronized;;;1359;22/06/2023;10:00:48;36.98;;;;1359;22/06/2023;10:03:46;27.98;;;;
1360;22/06/2023;10:03:33;37.18;Synchronized;;;1360;22/06/2023;10:01:48;36.98;Synchronized;;;1360;22/06/2023;10:04:46;27.98;;;;
1361;22/06/2023;10:04:33;37.21;;;;1361;22/06/2023;10:02:47;36.97;Synchronized;;;1361;22/06/2023;10:05:46;27.98;Synchronized;;;
1362;22/06/2023;10:05:33;37.24;Synchronized;;;1362;22/06/2023;10:03:47;36.98;Synchronized;;;1362;22/06/2023;10:06:46;28.83;Synchronized;;;
1363;22/06/2023;10:06:32;37.2;Synchronized;;;1363;22/06/2023;10:04:47;36.95;Synchronized;;;1363;22/06/2023;10:07:45;34.82;Synchronized;;;
1364;22/06/2023;10:07:32;37.19;;;;1364;22/06/2023;10:05:46;36.96;Synchronized;;;1364;22/06/2023;10:08:45;35.51;Synchronized;;;
1365;22/06/2023;10:08:32;37.05;Synchronized;;;1365;22/06/2023;10:06:46;36.95;;;;1365;22/06/2023;10:09:45;35.84;Synchronized;;;
1366;22/06/2023;10:09:32;37.13;Synchronized;;;1366;22/06/2023;10:07:46;36.95;Synchronized;;;1366;22/06/2023;10:10:45;36.16;Synchronized;;;
1367;22/06/2023;10:10:32;37.22;Synchronized;;;1367;22/06/2023;10:08:46;36.92;;;;1367;22/06/2023;10:11:45;36.47;Synchronized;;;
1368;22/06/2023;10:11:32;37.29;Synchronized;;;1368;22/06/2023;10:09:45;36.97;;;;1368;22/06/2023;10:12:45;36.61;Synchronized;;;
1369;22/06/2023;10:12:32;37.3;Synchronized;;;1369;22/06/2023;10:10:45;36.96;Synchronized;;;1369;22/06/2023;10:13:44;36.84;Synchronized;;;
1370;22/06/2023;10:13:32;37.28;;;;1370;22/06/2023;10:11:45;36.97;Synchronized;;;1370;22/06/2023;10:14:44;36.96;Synchronized;;;
1371;22/06/2023;10:14:32;37.3;Synchronized;;;1371;22/06/2023;10:12:45;36.94;Synchronized;;;1371;22/06/2023;10:15:44;35.65;;;;
1372;22/06/2023;10:15:32;37.3;Synchronized;;;1372;22/06/2023;10:13:45;36.95;Synchronized;;;1372;22/06/2023;10:16:44;34.51;Synchronized;;;
1373;22/06/2023;10:16:32;37.27;Synchronized;;;1373;22/06/2023;10:14:44;36.94;Synchronized;;;1373;22/06/2023;10:17:44;32.81;Synchronized;;;
1374;22/06/2023;10:17:32;37.29;;;;1374;22/06/2023;10:15:44;36.93;Synchronized;;;1374;22/06/2023;10:18:44;32.22;Synchronized;;;
1375;22/06/2023;10:18:32;37.29;Synchronized;;;1375;22/06/2023;10:16:44;36.94;Synchronized;;;1375;22/06/2023;10:19:44;32.4;Synchronized;;;
1376;22/06/2023;10:19:32;37.28;Synchronized;;;1376;22/06/2023;10:17:44;36.94;Synchronized;;;1376;22/06/2023;10:20:43;33.24;Synchronized;;;
1377;22/06/2023;10:20:32;37.3;Synchronized;;;1377;22/06/2023;10:18:44;36.98;;;;1377;22/06/2023;10:21:43;33.98;Synchronized;;;
1378;22/06/2023;10:21:32;37.3;Synchronized;;;1378;22/06/2023;10:19:44;36.97;Synchronized;;;1378;22/06/2023;10:22:43;34.63;Synchronized;;;
1379;22/06/2023;10:22:32;37.28;Synchronized;;;1379;22/06/2023;10:20:43;36.95;Synchronized;;;1379;22/06/2023;10:23:43;35.02;Synchronized;;;
1380;22/06/2023;10:23:32;37.31;Synchronized;;;1380;22/06/2023;10:21:43;36.93;Synchronized;;;1380;22/06/2023;10:24:43;35.5;Synchronized;;;
1381;22/06/2023;10:24:32;37.3;Synchronized;;;1381;22/06/2023;10:22:43;36.96;Synchronized;;;1381;22/06/2023;10:25:43;35.96;Synchronized;;;
1382;22/06/2023;10:25:32;37.33;;;;1382;22/06/2023;10:23:43;36.94;Synchronized;;;1382;22/06/2023;10:26:43;36.39;Synchronized;;;
1383;22/06/2023;10:26:32;37.3;Synchronized;;;1383;22/06/2023;10:24:42;36.96;Synchronized;;;1383;22/06/2023;10:27:43;36.58;Synchronized;;;
1384;22/06/2023;10:27:32;37.31;Synchronized;;;1384;22/06/2023;10:25:42;36.95;;;;1384;22/06/2023;10:28:42;36.61;Synchronized;;;
1385;22/06/2023;10:28:32;37.34;Synchronized;;;1385;22/06/2023;10:26:42;36.98;Synchronized;;;1385;22/06/2023;10:29:42;36.72;Synchronized;;;
1386;22/06/2023;10:29:32;37.31;Synchronized;;;1386;22/06/2023;10:27:42;36.97;;;;1386;22/06/2023;10:30:42;36.83;Synchronized;;;
1387;22/06/2023;10:30:32;37.28;Synchronized;;;1387;22/06/2023;10:28:42;36.99;;;;1387;22/06/2023;10:31:42;34.2;Synchronized;;;
1388;22/06/2023;10:31:32;37.25;Synchronized;;;1388;22/06/2023;10:29:41;36.98;;;;1388;22/06/2023;10:32:42;32.56;;;;
1389;22/06/2023;10:32:32;37.25;Synchronized;;;1389;22/06/2023;10:30:41;37;Synchronized;;;1389;22/06/2023;10:33:42;32.96;;;;
1390;22/06/2023;10:33:32;37.23;Synchronized;;;1390;22/06/2023;10:31:41;36.98;Synchronized;;;1390;22/06/2023;10:34:42;33.8;;;;
1391;22/06/2023;10:34:32;37.21;Synchronized;;;1391;22/06/2023;10:32:41;36.97;Synchronized;;;1391;22/06/2023;10:35:42;34.62;;;;
1392;22/06/2023;10:35:31;37.23;Synchronized;;;1392;22/06/2023;10:33:41;36.98;Synchronized;;;1392;22/06/2023;10:36:42;35.09;Synchronized;;;
1393;22/06/2023;10:36:31;37.23;Synchronized;;;1393;22/06/2023;10:34:41;36.98;;;;1393;22/06/2023;10:37:42;35.49;Synchronized;;;
1394;22/06/2023;10:37:31;37.23;Synchronized;;;1394;22/06/2023;10:35:41;36.99;;;;1394;22/06/2023;10:38:42;35.8;;;;
1395;22/06/2023;10:38:31;37.22;Synchronized;;;1395;22/06/2023;10:36:41;36.99;;;;1395;22/06/2023;10:39:42;36.13;;;;
1396;22/06/2023;10:39:31;37.23;Synchronized;;;1396;22/06/2023;10:37:41;37.02;;;;1396;22/06/2023;10:40:42;36.35;Synchronized;;;
1397;22/06/2023;10:40:31;37.23;Synchronized;;;1397;22/06/2023;10:38:41;37.02;Synchronized;;;1397;22/06/2023;10:41:41;36.52;;;;
1398;22/06/2023;10:41:31;37.27;Synchronized;;;1398;22/06/2023;10:39:41;37.01;Synchronized;;;1398;22/06/2023;10:42:41;36.64;Synchronized;;;
1399;22/06/2023;10:42:31;37.27;Synchronized;;;1399;22/06/2023;10:40:40;37.02;Synchronized;;;1399;22/06/2023;10:43:41;36.73;Synchronized;;;
1400;22/06/2023;10:43:31;37.28;Synchronized;;;1400;22/06/2023;10:41:40;37.01;Synchronized;;;1400;22/06/2023;10:44:41;36.83;Synchronized;;;
1401;22/06/2023;10:44:31;37.29;Synchronized;;;1401;22/06/2023;10:42:40;37;Synchronized;;;1401;22/06/2023;10:45:41;36.85;Synchronized;;;
1402;22/06/2023;10:45:31;37.3;Synchronized;;;1402;22/06/2023;10:43:40;37.02;Synchronized;;;1402;22/06/2023;10:46:41;36.89;;;;
1403;22/06/2023;10:46:31;37.3;Synchronized;;;1403;22/06/2023;10:44:40;37.02;Synchronized;;;1403;22/06/2023;10:47:41;36.91;Synchronized;;;
1404;22/06/2023;10:47:31;37.3;Synchronized;;;1404;22/06/2023;10:45:40;37.02;Synchronized;;;1404;22/06/2023;10:48:41;36.97;Synchronized;;;
1405;22/06/2023;10:48:31;37.33;Synchronized;;;1405;22/06/2023;10:46:39;37.02;Synchronized;;;1405;22/06/2023;10:49:41;37.02;Synchronized;;;
1406;22/06/2023;10:49:31;37.3;Synchronized;;;1406;22/06/2023;10:47:39;37.01;Synchronized;;;1406;22/06/2023;10:50:40;37.01;Synchronized;;;
1407;22/06/2023;10:50:31;37.29;Synchronized;;;1407;22/06/2023;10:48:39;37.04;Synchronized;;;1407;22/06/2023;10:51:40;37.04;Synchronized;;;
1408;22/06/2023;10:51:31;37.3;Synchronized;;;1408;22/06/2023;10:49:39;37.02;Synchronized;;;1408;22/06/2023;10:52:40;37.06;Synchronized;;;
1409;22/06/2023;10:52:31;37.3;Synchronized;;;1409;22/06/2023;10:50:39;37.02;Synchronized;;;1409;22/06/2023;10:53:40;35.95;;;;
1410;22/06/2023;10:53:30;37.3;Synchronized;;;1410;22/06/2023;10:51:39;37.02;Synchronized;;;1410;22/06/2023;10:54:40;32.67;Synchronized;;;
1411;22/06/2023;10:54:30;37.3;Synchronized;;;1411;22/06/2023;10:52:38;37.05;Synchronized;;;1411;22/06/2023;10:55:40;32.66;Synchronized;;;
1412;22/06/2023;10:55:30;37.33;Synchronized;;;1412;22/06/2023;10:53:38;37.02;Synchronized;;;1412;22/06/2023;10:56:40;33.6;;;;
1413;22/06/2023;10:56:30;37.34;Synchronized;;;1413;22/06/2023;10:54:38;37.02;;;;1413;22/06/2023;10:57:40;33.24;Synchronized;;;
1414;22/06/2023;10:57:30;37.33;Synchronized;;;1414;22/06/2023;10:55:38;37.04;Synchronized;;;1414;22/06/2023;10:58:40;33.15;Synchronized;;;
1415;22/06/2023;10:58:30;37.3;Synchronized;;;1415;22/06/2023;10:56:38;37.02;Synchronized;;;1415;22/06/2023;10:59:40;33.72;Synchronized;;;
1416;22/06/2023;10:59:30;37.3;Synchronized;;;1416;22/06/2023;10:57:37;37.02;Synchronized;;;1416;22/06/2023;11:00:40;34.26;;;;
1417;22/06/2023;11:00:30;37.31;Synchronized;;;1417;22/06/2023;10:58:37;37.05;Synchronized;;;1417;22/06/2023;11:01:40;34.66;Synchronized;;;
1418;22/06/2023;11:01:30;37.36;Synchronized;;;1418;22/06/2023;10:59:37;37.04;Synchronized;;;1418;22/06/2023;11:02:40;35.55;Synchronized;;;
1419;22/06/2023;11:02:30;37.37;Synchronized;;;1419;22/06/2023;11:00:37;37.02;Synchronized;;;1419;22/06/2023;11:03:39;35.59;Synchronized;;;
1420;22/06/2023;11:03:30;37.37;Synchronized;;;1420;22/06/2023;11:01:37;37.06;Synchronized;;;1420;22/06/2023;11:04:39;35.86;Synchronized;;;
1421;22/06/2023;11:04:30;37.36;Synchronized;;;1421;22/06/2023;11:02:36;37.02;Synchronized;;;1421;22/06/2023;11:05:39;35.64;;;;
1422;22/06/2023;11:05:30;37.34;Synchronized;;;1422;22/06/2023;11:03:36;36.95;Synchronized;;;1422;22/06/2023;11:06:39;35.87;Synchronized;;;
1423;22/06/2023;11:06:30;37.34;Synchronized;;;1423;22/06/2023;11:04:36;36.92;;;;1423;22/06/2023;11:07:39;36.44;Synchronized;;;
1424;22/06/2023;11:07:30;37.34;Synchronized;;;1424;22/06/2023;11:05:36;36.88;Synchronized;;;1424;22/06/2023;11:08:39;35.49;;;;
1425;22/06/2023;11:08:30;37.36;Synchronized;;;1425;22/06/2023;11:06:35;36.94;;;;1425;22/06/2023;11:09:39;31.93;Synchronized;;;
1426;22/06/2023;11:09:30;37.33;Synchronized;;;1426;22/06/2023;11:07:35;36.92;;;;1426;22/06/2023;11:10:38;32.41;Synchronized;;;
1427;22/06/2023;11:10:30;37.35;Synchronized;;;1427;22/06/2023;11:08:35;36.93;;;;1427;22/06/2023;11:11:38;32.38;;;;
1428;22/06/2023;11:11:29;37.35;Synchronized;;;1428;22/06/2023;11:09:35;36.91;Synchronized;;;1428;22/06/2023;11:12:38;33.91;;;;
1429;22/06/2023;11:12:29;37.33;Synchronized;;;1429;22/06/2023;11:10:35;36.94;Synchronized;;;1429;22/06/2023;11:13:38;34.63;Synchronized;;;
1430;22/06/2023;11:13:29;37.31;Synchronized;;;1430;22/06/2023;11:11:34;36.97;Synchronized;;;1430;22/06/2023;11:14:38;35.3;;;;
1431;22/06/2023;11:14:29;37.34;Synchronized;;;1431;22/06/2023;11:12:34;37.02;Synchronized;;;1431;22/06/2023;11:15:38;33.73;Synchronized;;;
1432;22/06/2023;11:15:29;37.34;Synchronized;;;1432;22/06/2023;11:13:34;36.99;Synchronized;;;1432;22/06/2023;11:16:38;33.64;Synchronized;;;
1433;22/06/2023;11:16:29;37.34;Synchronized;;;1433;22/06/2023;11:14:34;37.01;Synchronized;;;1433;22/06/2023;11:17:38;34.68;Synchronized;;;
1434;22/06/2023;11:17:29;37.35;Synchronized;;;1434;22/06/2023;11:15:33;37.02;Synchronized;;;1434;22/06/2023;11:18:38;34.95;Synchronized;;;
1435;22/06/2023;11:18:29;37.35;Synchronized;;;1435;22/06/2023;11:16:33;37.01;;;;1435;22/06/2023;11:19:38;35.02;Synchronized;;;
1436;22/06/2023;11:19:29;37.35;Synchronized;;;1436;22/06/2023;11:17:33;37.04;;;;1436;22/06/2023;11:20:38;35.57;;;;
1437;22/06/2023;11:20:29;37.37;Synchronized;;;1437;22/06/2023;11:18:33;37.02;Synchronized;;;1437;22/06/2023;11:21:38;35.81;Synchronized;;;
1438;22/06/2023;11:21:29;37.38;Synchronized;;;1438;22/06/2023;11:19:32;37.05;;;;1438;22/06/2023;11:22:38;36.06;Synchronized;;;
1439;22/06/2023;11:22:29;37.39;Synchronized;;;1439;22/06/2023;11:20:32;37.06;Synchronized;;;1439;22/06/2023;11:23:38;36.1;Synchronized;;;
1440;22/06/2023;11:23:29;37.38;Synchronized;;;1440;22/06/2023;11:21:32;37.08;Synchronized;;;1440;22/06/2023;11:24:38;36.15;Synchronized;;;
1441;22/06/2023;11:24:29;37.4;Synchronized;;;1441;22/06/2023;11:22:31;37.07;Synchronized;;;1441;22/06/2023;11:25:38;36.1;Synchronized;;;
1442;22/06/2023;11:25:29;37.38;Synchronized;;;1442;22/06/2023;11:23:31;37.08;Synchronized;;;1442;22/06/2023;11:26:37;36.22;Synchronized;;;
1443;22/06/2023;11:26:29;37.39;Synchronized;;;1443;22/06/2023;11:24:31;37.07;Synchronized;;;1443;22/06/2023;11:27:37;36.39;Synchronized;;;
1444;22/06/2023;11:27:29;37.39;Synchronized;;;1444;22/06/2023;11:25:31;37.08;;;;1444;22/06/2023;11:28:37;36.53;Synchronized;;;
1445;22/06/2023;11:28:29;37.36;Synchronized;;;1445;22/06/2023;11:26:31;37.07;Synchronized;;;1445;22/06/2023;11:29:37;36.55;Synchronized;;;
1446;22/06/2023;11:29:28;37.39;Synchronized;;;1446;22/06/2023;11:27:31;37.08;Synchronized;;;1446;22/06/2023;11:30:37;36.65;Synchronized;;;
1447;22/06/2023;11:30:28;37.36;Synchronized;;;1447;22/06/2023;11:28:30;37.08;Synchronized;;;1447;22/06/2023;11:31:37;36.69;Synchronized;;;
1448;22/06/2023;11:31:28;37.4;Synchronized;;;1448;22/06/2023;11:29:30;37.08;;;;1448;22/06/2023;11:32:37;36.77;Synchronized;;;
1449;22/06/2023;11:32:28;37.4;Synchronized;;;1449;22/06/2023;11:30:30;37.09;Synchronized;;;1449;22/06/2023;11:33:37;36.8;Synchronized;;;
1450;22/06/2023;11:33:28;37.41;Synchronized;;;1450;22/06/2023;11:31:30;37.09;Synchronized;;;1450;22/06/2023;11:34:37;36.82;Synchronized;;;
1451;22/06/2023;11:34:28;37.43;Synchronized;;;1451;22/06/2023;11:32:30;37.08;Synchronized;;;1451;22/06/2023;11:35:37;36.8;Synchronized;;;
1452;22/06/2023;11:35:28;37.41;Synchronized;;;1452;22/06/2023;11:33:30;37.1;Synchronized;;;1452;22/06/2023;11:36:36;36.85;Synchronized;;;
1453;22/06/2023;11:36:28;37.43;Synchronized;;;1453;22/06/2023;11:34:29;37.09;Synchronized;;;1453;22/06/2023;11:37:36;36.88;Synchronized;;;
1454;22/06/2023;11:37:28;37.41;Synchronized;;;1454;22/06/2023;11:35:29;37.09;Synchronized;;;1454;22/06/2023;11:38:36;36.91;Synchronized;;;
1455;22/06/2023;11:38:28;37.42;;;;1455;22/06/2023;11:36:29;37.1;Synchronized;;;1455;22/06/2023;11:39:36;36.95;Synchronized;;;
1456;22/06/2023;11:39:28;37.41;Synchronized;;;1456;22/06/2023;11:37:29;37.09;;;;1456;22/06/2023;11:40:36;36.96;;;;
1457;22/06/2023;11:40:28;37.44;Synchronized;;;1457;22/06/2023;11:38:29;37.09;Synchronized;;;1457;22/06/2023;11:41:36;36.96;Synchronized;;;
1458;22/06/2023;11:41:28;37.44;Synchronized;;;1458;22/06/2023;11:39:29;37.1;Synchronized;;;1458;22/06/2023;11:42:36;36.98;Synchronized;;;
1459;22/06/2023;11:42:28;37.43;Synchronized;;;1459;22/06/2023;11:40:28;37.09;Synchronized;;;1459;22/06/2023;11:43:36;36.99;Synchronized;;;
1460;22/06/2023;11:43:28;37.43;Synchronized;;;1460;22/06/2023;11:41:28;37.09;Synchronized;;;1460;22/06/2023;11:44:36;37.01;Synchronized;;;
1461;22/06/2023;11:44:28;37.44;Synchronized;;;1461;22/06/2023;11:42:28;37.07;Synchronized;;;1461;22/06/2023;11:45:36;37.03;Synchronized;;;
1462;22/06/2023;11:45:28;37.41;Synchronized;;;1462;22/06/2023;11:43:28;37.09;Synchronized;;;1462;22/06/2023;11:46:36;37.04;Synchronized;;;
1463;22/06/2023;11:46:28;37.45;Synchronized;;;1463;22/06/2023;11:44:28;37.07;Synchronized;;;1463;22/06/2023;11:47:36;37.02;Synchronized;;;
1464;22/06/2023;11:47:28;37.45;Synchronized;;;1464;22/06/2023;11:45:28;37.08;Synchronized;;;1464;22/06/2023;11:48:36;37.02;Synchronized;;;
1465;22/06/2023;11:48:27;37.46;Synchronized;;;1465;22/06/2023;11:46:27;37.07;Synchronized;;;1465;22/06/2023;11:49:35;37.04;Synchronized;;;
1466;22/06/2023;11:49:27;37.46;Synchronized;;;1466;22/06/2023;11:47:27;37.09;Synchronized;;;1466;22/06/2023;11:50:35;37.04;Synchronized;;;
1467;22/06/2023;11:50:27;37.45;Synchronized;;;1467;22/06/2023;11:48:27;37.09;;;;1467;22/06/2023;11:51:35;37.04;Synchronized;;;
1468;22/06/2023;11:51:27;37.48;Synchronized;;;1468;22/06/2023;11:49:27;37.08;Synchronized;;;1468;22/06/2023;11:52:35;37.05;Synchronized;;;
1469;22/06/2023;11:52:27;37.51;Synchronized;;;1469;22/06/2023;11:50:27;37.08;Synchronized;;;1469;22/06/2023;11:53:35;37.04;Synchronized;;;
1470;22/06/2023;11:53:27;37.52;Synchronized;;;1470;22/06/2023;11:51:26;37.07;Synchronized;;;1470;22/06/2023;11:54:35;37.06;Synchronized;;;
1471;22/06/2023;11:54:27;37.51;Synchronized;;;1471;22/06/2023;11:52:26;37.08;Synchronized;;;1471;22/06/2023;11:55:35;37.07;Synchronized;;;
1472;22/06/2023;11:55:27;37.55;Synchronized;;;1472;22/06/2023;11:53:26;37.09;Synchronized;;;1472;22/06/2023;11:56:35;37.08;Synchronized;;;
1473;22/06/2023;11:56:27;37.51;Synchronized;;;1473;22/06/2023;11:54:26;37.08;;;;1473;22/06/2023;11:57:35;37.09;Synchronized;;;
1474;22/06/2023;11:57:27;37.45;Synchronized;;;1474;22/06/2023;11:55:26;37.09;Synchronized;;;1474;22/06/2023;11:58:35;37.08;;;;
1475;22/06/2023;11:58:27;37.36;Synchronized;;;1475;22/06/2023;11:56:25;37.08;Synchronized;;;1475;22/06/2023;11:59:35;37.1;Synchronized;;;
1476;22/06/2023;11:59:27;37.14;Synchronized;;;1476;22/06/2023;11:57:25;37.09;;;;1476;22/06/2023;12:00:35;37.09;Synchronized;;;
1477;22/06/2023;12:00:27;37.06;Synchronized;;;1477;22/06/2023;11:58:25;37.09;Synchronized;;;1477;22/06/2023;12:01:35;37.1;Synchronized;;;
1478;22/06/2023;12:01:27;37.13;Synchronized;;;1478;22/06/2023;11:59:24;37.11;Synchronized;;;1478;22/06/2023;12:02:35;37.1;Synchronized;;;
1479;22/06/2023;12:02:27;37.13;Synchronized;;;1479;22/06/2023;12:00:24;37.1;Synchronized;;;1479;22/06/2023;12:03:35;37.09;Synchronized;;;
1480;22/06/2023;12:03:27;37.15;Synchronized;;;1480;22/06/2023;12:01:24;37.1;Synchronized;;;1480;22/06/2023;12:04:35;37.07;Synchronized;;;
1481;22/06/2023;12:04:27;37.18;Synchronized;;;1481;22/06/2023;12:02:24;37.13;Synchronized;;;1481;22/06/2023;12:05:35;37.02;Synchronized;;;
1482;22/06/2023;12:05:27;37.22;Synchronized;;;1482;22/06/2023;12:03:23;37.09;Synchronized;;;1482;22/06/2023;12:06:34;37;Synchronized;;;
1483;22/06/2023;12:06:27;37.27;Synchronized;;;1483;22/06/2023;12:04:23;37.12;;;;1483;22/06/2023;12:07:34;36.97;Synchronized;;;
1484;22/06/2023;12:07:26;37.22;Synchronized;;;1484;22/06/2023;12:05:23;37.12;Synchronized;;;1484;22/06/2023;12:08:34;36.91;Synchronized;;;
1485;22/06/2023;12:08:26;37.18;Synchronized;;;1485;22/06/2023;12:06:23;37.11;Synchronized;;;1485;22/06/2023;12:09:34;36.88;Synchronized;;;
1486;22/06/2023;12:09:26;37.23;Synchronized;;;1486;22/06/2023;12:07:22;37.13;Synchronized;;;1486;22/06/2023;12:10:34;36.88;Synchronized;;;
1487;22/06/2023;12:10:26;37.2;Synchronized;;;1487;22/06/2023;12:08:22;37.12;Synchronized;;;1487;22/06/2023;12:11:34;36.92;Synchronized;;;
1488;22/06/2023;12:11:26;37.2;Synchronized;;;1488;22/06/2023;12:09:22;37.13;Synchronized;;;1488;22/06/2023;12:12:34;36.95;Synchronized;;;
1489;22/06/2023;12:12:26;37.21;Synchronized;;;1489;22/06/2023;12:10:22;37.13;;;;1489;22/06/2023;12:13:34;37.02;Synchronized;;;
1490;22/06/2023;12:13:26;37.23;Synchronized;;;1490;22/06/2023;12:11:22;37.13;Synchronized;;;1490;22/06/2023;12:14:34;37.09;Synchronized;;;
1491;22/06/2023;12:14:26;37.25;Synchronized;;;1491;22/06/2023;12:12:21;37.13;;;;1491;22/06/2023;12:15:34;37.1;Synchronized;;;
1492;22/06/2023;12:15:26;37.27;Synchronized;;;1492;22/06/2023;12:13:21;37.11;;;;1492;22/06/2023;12:16:34;37.12;Synchronized;;;
1493;22/06/2023;12:16:26;37.28;Synchronized;;;1493;22/06/2023;12:14:21;37.13;Synchronized;;;1493;22/06/2023;12:17:34;37.12;Synchronized;;;
1494;22/06/2023;12:17:26;37.3;Synchronized;;;1494;22/06/2023;12:15:21;37.12;Synchronized;;;1494;22/06/2023;12:18:34;37.15;Synchronized;;;
1495;22/06/2023;12:18:26;37.3;Synchronized;;;1495;22/06/2023;12:16:21;37.11;Synchronized;;;1495;22/06/2023;12:19:34;37.19;Synchronized;;;
1496;22/06/2023;12:19:26;37.3;Synchronized;;;1496;22/06/2023;12:17:21;37.11;Synchronized;;;1496;22/06/2023;12:20:34;37.16;Synchronized;;;
1497;22/06/2023;12:20:26;37.33;Synchronized;;;1497;22/06/2023;12:18:20;37.11;Synchronized;;;1497;22/06/2023;12:21:33;37.18;Synchronized;;;
1498;22/06/2023;12:21:26;37.34;Synchronized;;;1498;22/06/2023;12:19:20;37.12;Synchronized;;;1498;22/06/2023;12:22:33;37.14;Synchronized;;;
1499;22/06/2023;12:22:26;37.33;Synchronized;;;1499;22/06/2023;12:20:20;37.13;Synchronized;;;1499;22/06/2023;12:23:33;37.12;Synchronized;;;
1500;22/06/2023;12:23:26;37.34;Synchronized;;;1500;22/06/2023;12:21:20;37.16;;;;1500;22/06/2023;12:24:33;37.13;Synchronized;;;
1501;22/06/2023;12:24:26;37.26;Synchronized;;;1501;22/06/2023;12:22:19;37.14;;;;1501;22/06/2023;12:25:33;37.1;Synchronized;;;
1502;22/06/2023;12:25:26;37.19;Synchronized;;;1502;22/06/2023;12:23:19;37.13;;;;1502;22/06/2023;12:26:33;37.04;Synchronized;;;
1503;22/06/2023;12:26:25;37.13;Synchronized;;;1503;22/06/2023;12:24:19;37.15;Synchronized;;;1503;22/06/2023;12:27:33;37.02;Synchronized;;;
1504;22/06/2023;12:27:25;37.11;Synchronized;;;1504;22/06/2023;12:25:19;37.15;Synchronized;;;1504;22/06/2023;12:28:33;36.98;Synchronized;;;
1505;22/06/2023;12:28:25;37.08;Synchronized;;;1505;22/06/2023;12:26:19;37.13;Synchronized;;;1505;22/06/2023;12:29:33;37.02;Synchronized;;;
1506;22/06/2023;12:29:25;37.06;Synchronized;;;1506;22/06/2023;12:27:19;37.11;Synchronized;;;1506;22/06/2023;12:30:33;37.16;Synchronized;;;
1507;22/06/2023;12:30:25;37.08;Synchronized;;;1507;22/06/2023;12:28:19;37.12;Synchronized;;;1507;22/06/2023;12:31:33;37.19;Synchronized;;;
1508;22/06/2023;12:31:25;37.1;Synchronized;;;1508;22/06/2023;12:29:18;37.12;Synchronized;;;1508;22/06/2023;12:32:33;37.2;Synchronized;;;
1509;22/06/2023;12:32:25;37.1;Synchronized;;;1509;22/06/2023;12:30:18;37.11;Synchronized;;;1509;22/06/2023;12:33:33;37.2;Synchronized;;;
1510;22/06/2023;12:33:25;37.12;Synchronized;;;1510;22/06/2023;12:31:18;37.13;Synchronized;;;1510;22/06/2023;12:34:33;37.16;Synchronized;;;
1511;22/06/2023;12:34:25;37.11;Synchronized;;;1511;22/06/2023;12:32:18;37.13;Synchronized;;;1511;22/06/2023;12:35:33;37.19;Synchronized;;;
1512;22/06/2023;12:35:25;37.1;Synchronized;;;1512;22/06/2023;12:33:18;37.06;Synchronized;;;1512;22/06/2023;12:36:32;37.21;Synchronized;;;
1513;22/06/2023;12:36:25;37.13;Synchronized;;;1513;22/06/2023;12:34:18;37.02;;;;1513;22/06/2023;12:37:32;37.21;Synchronized;;;
1514;22/06/2023;12:37:25;37.13;Synchronized;;;1514;22/06/2023;12:35:17;37.02;;;;1514;22/06/2023;12:38:32;37.23;Synchronized;;;
1515;22/06/2023;12:38:25;37.16;Synchronized;;;1515;22/06/2023;12:36:17;37.02;Synchronized;;;1515;22/06/2023;12:39:32;37.23;Synchronized;;;
1516;22/06/2023;12:39:25;37.15;Synchronized;;;1516;22/06/2023;12:37:17;37.05;Synchronized;;;1516;22/06/2023;12:40:32;37.27;Synchronized;;;
1517;22/06/2023;12:40:25;37.15;Synchronized;;;1517;22/06/2023;12:38:17;37.02;Synchronized;;;1517;22/06/2023;12:41:32;37.27;Synchronized;;;
1518;22/06/2023;12:41:25;37.16;Synchronized;;;1518;22/06/2023;12:39:16;36.99;Synchronized;;;1518;22/06/2023;12:42:32;37.25;Synchronized;;;
1519;22/06/2023;12:42:25;37.17;Synchronized;;;1519;22/06/2023;12:40:16;37.02;Synchronized;;;1519;22/06/2023;12:43:32;37.24;Synchronized;;;
1520;22/06/2023;12:43:25;37.2;Synchronized;;;1520;22/06/2023;12:41:16;37.01;Synchronized;;;1520;22/06/2023;12:44:32;37.24;Synchronized;;;
1521;22/06/2023;12:44:24;37.22;Synchronized;;;1521;22/06/2023;12:42:16;37.02;Synchronized;;;1521;22/06/2023;12:45:32;37.25;Synchronized;;;
1522;22/06/2023;12:45:24;37.22;Synchronized;;;1522;22/06/2023;12:43:16;37;Synchronized;;;1522;22/06/2023;12:46:32;37.23;Synchronized;;;
1523;22/06/2023;12:46:24;37.27;Synchronized;;;1523;22/06/2023;12:44:16;37;Synchronized;;;1523;22/06/2023;12:47:32;37.22;Synchronized;;;
1524;22/06/2023;12:47:24;37.3;Synchronized;;;1524;22/06/2023;12:45:15;37.02;Synchronized;;;1524;22/06/2023;12:48:32;37.21;Synchronized;;;
1525;22/06/2023;12:48:24;37.34;Synchronized;;;1525;22/06/2023;12:46:15;37.07;Synchronized;;;1525;22/06/2023;12:49:32;37.18;Synchronized;;;
1526;22/06/2023;12:49:24;37.34;Synchronized;;;1526;22/06/2023;12:47:15;37.05;Synchronized;;;1526;22/06/2023;12:50:32;37.15;Synchronized;;;
1527;22/06/2023;12:50:24;37.34;Synchronized;;;1527;22/06/2023;12:48:15;37.08;Synchronized;;;1527;22/06/2023;12:51:32;37.13;Synchronized;;;
1528;22/06/2023;12:51:24;37.36;Synchronized;;;1528;22/06/2023;12:49:15;37.04;Synchronized;;;1528;22/06/2023;12:52:31;37.14;Synchronized;;;
1529;22/06/2023;12:52:24;37.37;Synchronized;;;1529;22/06/2023;12:50:15;37;Synchronized;;;1529;22/06/2023;12:53:31;37.15;Synchronized;;;
1530;22/06/2023;12:53:24;37.4;Synchronized;;;1530;22/06/2023;12:51:14;36.98;Synchronized;;;1530;22/06/2023;12:54:31;37.2;Synchronized;;;
1531;22/06/2023;12:54:24;37.4;Synchronized;;;1531;22/06/2023;12:52:14;37.05;Synchronized;;;1531;22/06/2023;12:55:31;37.2;Synchronized;;;
1532;22/06/2023;12:55:24;37.41;Synchronized;;;1532;22/06/2023;12:53:14;37.1;Synchronized;;;1532;22/06/2023;12:56:31;37.21;Synchronized;;;
1533;22/06/2023;12:56:24;37.41;Synchronized;;;1533;22/06/2023;12:54:14;37.15;Synchronized;;;1533;22/06/2023;12:57:31;37.23;Synchronized;;;
1534;22/06/2023;12:57:24;37.42;Synchronized;;;1534;22/06/2023;12:55:14;37.16;Synchronized;;;1534;22/06/2023;12:58:31;37.23;Synchronized;;;
1535;22/06/2023;12:58:24;37.45;Synchronized;;;1535;22/06/2023;12:56:14;37.16;Synchronized;;;1535;22/06/2023;12:59:31;37.23;Synchronized;;;
1536;22/06/2023;12:59:24;37.43;Synchronized;;;1536;22/06/2023;12:57:13;37.17;Synchronized;;;1536;22/06/2023;13:00:31;37.25;Synchronized;;;
1537;22/06/2023;13:00:24;37.43;Synchronized;;;1537;22/06/2023;12:58:13;37.17;Synchronized;;;1537;22/06/2023;13:01:31;37.27;Synchronized;;;
1538;22/06/2023;13:01:24;37.44;Synchronized;;;1538;22/06/2023;12:59:13;37.2;Synchronized;;;1538;22/06/2023;13:02:31;37.27;Synchronized;;;
1539;22/06/2023;13:02:24;37.45;Synchronized;;;1539;22/06/2023;13:00:13;37.17;Synchronized;;;1539;22/06/2023;13:03:31;37.28;Synchronized;;;
1540;22/06/2023;13:03:23;37.44;Synchronized;;;1540;22/06/2023;13:01:13;37.23;Synchronized;;;1540;22/06/2023;13:04:31;37.34;Synchronized;;;
1541;22/06/2023;13:04:23;37.44;Synchronized;;;1541;22/06/2023;13:02:13;37.22;Synchronized;;;1541;22/06/2023;13:05:31;37.35;Synchronized;;;
1542;22/06/2023;13:05:23;37.43;Synchronized;;;1542;22/06/2023;13:03:12;37.23;Synchronized;;;1542;22/06/2023;13:06:31;37.38;Synchronized;;;
1543;22/06/2023;13:06:23;37.46;Synchronized;;;1543;22/06/2023;13:04:12;37.22;Synchronized;;;1543;22/06/2023;13:07:30;37.44;Synchronized;;;
1544;22/06/2023;13:07:23;37.47;Synchronized;;;1544;22/06/2023;13:05:12;37.2;Synchronized;;;1544;22/06/2023;13:08:30;37.43;Synchronized;;;
1545;22/06/2023;13:08:23;37.43;Synchronized;;;1545;22/06/2023;13:06:12;37.21;Synchronized;;;1545;22/06/2023;13:09:30;37.44;Synchronized;;;
1546;22/06/2023;13:09:23;37.44;Synchronized;;;1546;22/06/2023;13:07:12;37.23;Synchronized;;;1546;22/06/2023;13:10:30;37.48;Synchronized;;;
1547;22/06/2023;13:10:23;37.43;Synchronized;;;1547;22/06/2023;13:08:12;37.26;Synchronized;;;1547;22/06/2023;13:11:30;37.49;Synchronized;;;
1548;22/06/2023;13:11:23;37.46;Synchronized;;;1548;22/06/2023;13:09:11;37.29;Synchronized;;;1548;22/06/2023;13:12:30;37.48;Synchronized;;;
1549;22/06/2023;13:12:23;37.46;Synchronized;;;1549;22/06/2023;13:10:11;37.29;Synchronized;;;1549;22/06/2023;13:13:30;37.5;Synchronized;;;
1550;22/06/2023;13:13:23;37.46;Synchronized;;;1550;22/06/2023;13:11:11;37.27;Synchronized;;;1550;22/06/2023;13:14:30;37.49;Synchronized;;;
1551;22/06/2023;13:14:23;37.45;Synchronized;;;1551;22/06/2023;13:12:11;37.28;Synchronized;;;1551;22/06/2023;13:15:30;37.48;Synchronized;;;
1552;22/06/2023;13:15:23;37.46;Synchronized;;;1552;22/06/2023;13:13:11;37.27;Synchronized;;;1552;22/06/2023;13:16:30;37.43;Synchronized;;;
1553;22/06/2023;13:16:23;37.47;Synchronized;;;1553;22/06/2023;13:14:11;37.24;Synchronized;;;1553;22/06/2023;13:17:30;37.4;Synchronized;;;
1554;22/06/2023;13:17:23;37.48;Synchronized;;;1554;22/06/2023;13:15:10;37.21;Synchronized;;;1554;22/06/2023;13:18:30;37.39;Synchronized;;;
1555;22/06/2023;13:18:23;37.5;Synchronized;;;1555;22/06/2023;13:16:10;37.2;Synchronized;;;1555;22/06/2023;13:19:30;37.36;Synchronized;;;
1556;22/06/2023;13:19:23;37.52;Synchronized;;;1556;22/06/2023;13:17:10;37.13;Synchronized;;;1556;22/06/2023;13:20:30;37.36;Synchronized;;;
1557;22/06/2023;13:20:23;37.53;Synchronized;;;1557;22/06/2023;13:18:10;37.12;Synchronized;;;1557;22/06/2023;13:21:30;37.36;Synchronized;;;
1558;22/06/2023;13:21:23;37.55;Synchronized;;;1558;22/06/2023;13:19:10;37.13;Synchronized;;;1558;22/06/2023;13:22:29;37.36;Synchronized;;;
1559;22/06/2023;13:22:22;37.55;Synchronized;;;1559;22/06/2023;13:20:10;37.13;Synchronized;;;1559;22/06/2023;13:23:29;37.39;Synchronized;;;
1560;22/06/2023;13:23:22;37.55;Synchronized;;;1560;22/06/2023;13:21:09;37.13;Synchronized;;;1560;22/06/2023;13:24:29;37.41;Synchronized;;;
1561;22/06/2023;13:24:22;37.55;Synchronized;;;1561;22/06/2023;13:22:09;37.18;Synchronized;;;1561;22/06/2023;13:25:29;37.46;Synchronized;;;
1562;22/06/2023;13:25:22;37.54;Synchronized;;;1562;22/06/2023;13:23:09;37.16;Synchronized;;;1562;22/06/2023;13:26:29;37.48;Synchronized;;;
1563;22/06/2023;13:26:22;37.55;Synchronized;;;1563;22/06/2023;13:24:09;37.13;Synchronized;;;1563;22/06/2023;13:27:29;37.47;Synchronized;;;
1564;22/06/2023;13:27:22;37.55;Synchronized;;;1564;22/06/2023;13:25:09;37.13;Synchronized;;;1564;22/06/2023;13:28:29;37.49;Synchronized;;;
1565;22/06/2023;13:28:22;37.54;Synchronized;;;1565;22/06/2023;13:26:09;37.15;Synchronized;;;1565;22/06/2023;13:29:29;37.49;;;;
1566;22/06/2023;13:29:22;37.55;Synchronized;;;1566;22/06/2023;13:27:08;37.13;Synchronized;;;1566;22/06/2023;13:30:29;37.48;Synchronized;;;
1567;22/06/2023;13:30:22;37.53;Synchronized;;;1567;22/06/2023;13:28:08;37.14;Synchronized;;;1567;22/06/2023;13:31:29;37.47;Synchronized;;;
1568;22/06/2023;13:31:22;37.55;;;;1568;22/06/2023;13:29:08;37.12;Synchronized;;;1568;22/06/2023;13:32:29;37.49;Synchronized;;;
1569;22/06/2023;13:32:22;37.58;Synchronized;;;1569;22/06/2023;13:30:08;37.11;;;;1569;22/06/2023;13:33:29;37.47;Synchronized;;;
1570;22/06/2023;13:33:22;37.55;Synchronized;;;1570;22/06/2023;13:31:08;37.13;Synchronized;;;1570;22/06/2023;13:34:29;37.47;Synchronized;;;
1571;22/06/2023;13:34:22;37.55;Synchronized;;;1571;22/06/2023;13:32:07;37.1;;;;1571;22/06/2023;13:35:29;37.46;Synchronized;;;
1572;22/06/2023;13:35:21;37.55;Synchronized;;;1572;22/06/2023;13:33:07;37.1;;;;1572;22/06/2023;13:36:29;37.48;Synchronized;;;
1573;22/06/2023;13:36:21;37.55;Synchronized;;;1573;22/06/2023;13:34:07;37.09;;;;1573;22/06/2023;13:37:28;37.48;Synchronized;;;
1574;22/06/2023;13:37:21;37.54;Synchronized;;;1574;22/06/2023;13:35:07;37.07;;;;1574;22/06/2023;13:38:28;37.45;Synchronized;;;
1575;22/06/2023;13:38:21;37.52;;;;1575;22/06/2023;13:36:07;37.13;Synchronized;;;1575;22/06/2023;13:39:28;37.47;Synchronized;;;
1576;22/06/2023;13:39:21;37.5;Synchronized;;;1576;22/06/2023;13:37:06;37.14;;;;1576;22/06/2023;13:40:28;37.47;Synchronized;;;
1577;22/06/2023;13:40:21;37.5;;;;1577;22/06/2023;13:38:06;37.15;;;;1577;22/06/2023;13:41:28;37.48;Synchronized;;;
1578;22/06/2023;13:41:21;37.49;Synchronized;;;1578;22/06/2023;13:39:06;37.13;;;;1578;22/06/2023;13:42:28;37.49;Synchronized;;;
1579;22/06/2023;13:42:21;37.51;Synchronized;;;1579;22/06/2023;13:40:06;37.15;;;;1579;22/06/2023;13:43:28;37.48;Synchronized;;;
1580;22/06/2023;13:43:21;37.48;Synchronized;;;1580;22/06/2023;13:41:06;37.1;;;;1580;22/06/2023;13:44:28;37.51;Synchronized;;;
1581;22/06/2023;13:44:21;37.49;Synchronized;;;1581;22/06/2023;13:42:06;37.13;Synchronized;;;1581;22/06/2023;13:45:28;37.52;Synchronized;;;
1582;22/06/2023;13:45:21;37.48;;;;1582;22/06/2023;13:43:05;37.11;;;;1582;22/06/2023;13:46:28;37.46;Synchronized;;;
1583;22/06/2023;13:46:21;37.49;Synchronized;;;1583;22/06/2023;13:44:05;37.09;;;;1583;22/06/2023;13:47:28;37.44;Synchronized;;;
1584;22/06/2023;13:47:21;37.47;Synchronized;;;1584;22/06/2023;13:45:05;37.09;Synchronized;;;1584;22/06/2023;13:48:28;37.41;Synchronized;;;
1585;22/06/2023;13:48:21;37.46;Synchronized;;;1585;22/06/2023;13:46:04;37.08;;;;1585;22/06/2023;13:49:28;37.44;Synchronized;;;
1586;22/06/2023;13:49:20;37.47;Synchronized;;;1586;22/06/2023;13:47:04;37.09;;;;1586;22/06/2023;13:50:28;37.4;Synchronized;;;
1587;22/06/2023;13:50:20;37.43;Synchronized;;;1587;22/06/2023;13:48:04;37.09;Synchronized;;;1587;22/06/2023;13:51:27;37.37;Synchronized;;;
1588;22/06/2023;13:51:20;37.44;Synchronized;;;1588;22/06/2023;13:49:04;37.16;;;;1588;22/06/2023;13:52:27;37.38;Synchronized;;;
1589;22/06/2023;13:52:20;37.43;;;;1589;22/06/2023;13:50:03;37.18;;;;1589;22/06/2023;13:53:27;37.38;Synchronized;;;
1590;22/06/2023;13:53:20;37.41;Synchronized;;;1590;22/06/2023;13:51:03;37.17;Synchronized;;;1590;22/06/2023;13:54:27;37.43;Synchronized;;;
1591;22/06/2023;13:54:20;37.41;Synchronized;;;1591;22/06/2023;13:52:03;37.13;;;;1591;22/06/2023;13:55:27;37.45;Synchronized;;;
1592;22/06/2023;13:55:20;37.41;Synchronized;;;1592;22/06/2023;13:53:03;37.18;;;;1592;22/06/2023;13:56:27;37.44;Synchronized;;;
1593;22/06/2023;13:56:20;37.41;;;;1593;22/06/2023;13:54:03;37.19;Synchronized;;;1593;22/06/2023;13:57:27;37.39;Synchronized;;;
1594;22/06/2023;13:57:20;37.41;Synchronized;;;1594;22/06/2023;13:55:03;37.2;Synchronized;;;1594;22/06/2023;13:58:27;37.39;;;;
1595;22/06/2023;13:58:20;37.38;Synchronized;;;1595;22/06/2023;13:56:02;37.2;Synchronized;;;1595;22/06/2023;13:59:27;37.38;;;;
1596;22/06/2023;13:59:20;37.38;Synchronized;;;1596;22/06/2023;13:57:02;37.25;Synchronized;;;1596;22/06/2023;14:00:27;37.34;Synchronized;;;
1597;22/06/2023;14:00:20;37.38;Synchronized;;;1597;22/06/2023;13:58:02;37.26;;;;1597;22/06/2023;14:01:26;37.32;;;;
1598;22/06/2023;14:01:20;37.36;Synchronized;;;1598;22/06/2023;13:59:02;37.26;;;;1598;22/06/2023;14:02:26;37.28;;;;
1599;22/06/2023;14:02:20;37.35;Synchronized;;;1599;22/06/2023;14:00:02;37.24;;;;1599;22/06/2023;14:03:26;37.28;;;;
1600;22/06/2023;14:03:19;37.37;Synchronized;;;1600;22/06/2023;14:01:02;37.23;;;;1600;22/06/2023;14:04:26;37.28;;;;
1601;22/06/2023;14:04:19;37.34;Synchronized;;;1601;22/06/2023;14:02:02;37.23;;;;1601;22/06/2023;14:05:26;37.27;;;;
1602;22/06/2023;14:05:19;37.34;Synchronized;;;1602;22/06/2023;14:03:02;37.27;;;;1602;22/06/2023;14:06:26;37.3;Synchronized;;;
1603;22/06/2023;14:06:19;37.34;Synchronized;;;1603;22/06/2023;14:04:02;37.26;;;;1603;22/06/2023;14:07:26;37.26;Synchronized;;;
1604;22/06/2023;14:07:19;37.34;Synchronized;;;1604;22/06/2023;14:05:02;37.29;;;;1604;22/06/2023;14:08:26;37.29;;;;
1605;22/06/2023;14:08:19;37.33;Synchronized;;;1605;22/06/2023;14:06:02;37.31;Synchronized;;;1605;22/06/2023;14:09:26;37.33;Synchronized;;;
1606;22/06/2023;14:09:19;37.34;Synchronized;;;1606;22/06/2023;14:07:02;37.31;;;;1606;22/06/2023;14:10:26;37.35;;;;
1607;22/06/2023;14:10:19;37.34;Synchronized;;;1607;22/06/2023;14:08:02;37.34;;;;1607;22/06/2023;14:11:26;37.33;;;;
1608;22/06/2023;14:11:19;37.34;Synchronized;;;1608;22/06/2023;14:09:02;37.37;Synchronized;;;1608;22/06/2023;14:12:26;37.34;;;;
1609;22/06/2023;14:12:19;37.34;Synchronized;;;1609;22/06/2023;14:10:01;37.38;;;;1609;22/06/2023;14:13:26;37.33;Synchronized;;;
1610;22/06/2023;14:13:19;37.35;Synchronized;;;1610;22/06/2023;14:11:01;37.41;;;;1610;22/06/2023;14:14:25;37.32;Synchronized;;;
1611;22/06/2023;14:14:19;37.35;Synchronized;;;1611;22/06/2023;14:12:01;37.42;Synchronized;;;1611;22/06/2023;14:15:25;37.35;;;;
1612;22/06/2023;14:15:18;37.35;Synchronized;;;1612;22/06/2023;14:13:01;37.41;;;;1612;22/06/2023;14:16:25;37.37;;;;
1613;22/06/2023;14:16:18;37.35;Synchronized;;;1613;22/06/2023;14:14:01;37.36;Synchronized;;;1613;22/06/2023;14:17:25;37.37;;;;
1614;22/06/2023;14:17:18;37.37;Synchronized;;;1614;22/06/2023;14:15:01;37.37;;;;1614;22/06/2023;14:18:25;37.4;Synchronized;;;
1615;22/06/2023;14:18:18;37.4;Synchronized;;;1615;22/06/2023;14:16:01;37.35;Synchronized;;;1615;22/06/2023;14:19:25;37.44;;;;
1616;22/06/2023;14:19:18;37.42;Synchronized;;;1616;22/06/2023;14:17:01;37.3;;;;1616;22/06/2023;14:20:25;37.45;;;;
1617;22/06/2023;14:20:18;37.44;Synchronized;;;1617;22/06/2023;14:18:01;37.23;Synchronized;;;1617;22/06/2023;14:21:25;37.45;;;;
1618;22/06/2023;14:21:18;37.43;;;;1618;22/06/2023;14:19:00;37.23;Synchronized;;;1618;22/06/2023;14:22:25;37.45;;;;
1619;22/06/2023;14:22:18;37.45;Synchronized;;;1619;22/06/2023;14:20:00;37.25;;;;1619;22/06/2023;14:23:25;37.44;;;;
1620;22/06/2023;14:23:18;37.44;Synchronized;;;1620;22/06/2023;14:21:00;37.28;;;;1620;22/06/2023;14:24:25;37.43;Synchronized;;;
1621;22/06/2023;14:24:18;37.45;;;;1621;22/06/2023;14:22:00;37.28;Synchronized;;;1621;22/06/2023;14:25:24;37.44;;;;
1622;22/06/2023;14:25:18;37.44;Synchronized;;;1622;22/06/2023;14:23:00;37.3;Synchronized;;;1622;22/06/2023;14:26:24;37.45;Synchronized;;;
1623;22/06/2023;14:26:18;37.43;Synchronized;;;1623;22/06/2023;14:24:00;37.26;Synchronized;;;1623;22/06/2023;14:27:24;37.43;Synchronized;;;
1624;22/06/2023;14:27:18;37.42;Synchronized;;;1624;22/06/2023;14:25:00;37.27;;;;1624;22/06/2023;14:28:24;37.43;Synchronized;;;
1625;22/06/2023;14:28:18;37.42;Synchronized;;;1625;22/06/2023;14:26:00;37.29;Synchronized;;;1625;22/06/2023;14:29:24;37.41;Synchronized;;;
1626;22/06/2023;14:29:18;37.41;Synchronized;;;1626;22/06/2023;14:27:00;37.28;Synchronized;;;1626;22/06/2023;14:30:24;37.37;Synchronized;;;
1627;22/06/2023;14:30:18;37.41;;;;1627;22/06/2023;14:28:00;37.29;Synchronized;;;1627;22/06/2023;14:31:24;37.4;;;;
1628;22/06/2023;14:31:18;37.4;Synchronized;;;1628;22/06/2023;14:29:00;37.29;Synchronized;;;1628;22/06/2023;14:32:24;37.38;Synchronized;;;
1629;22/06/2023;14:32:18;37.4;Synchronized;;;1629;22/06/2023;14:30:00;37.3;;;;1629;22/06/2023;14:33:24;37.4;;;;
1630;22/06/2023;14:33:18;37.41;Synchronized;;;1630;22/06/2023;14:31:00;37.29;Synchronized;;;1630;22/06/2023;14:34:24;37.41;;;;
1631;22/06/2023;14:34:18;37.41;Synchronized;;;1631;22/06/2023;14:32:00;37.28;;;;1631;22/06/2023;14:35:24;37.45;Synchronized;;;
1632;22/06/2023;14:35:17;37.42;Synchronized;;;1632;22/06/2023;14:32:59;37.29;;;;1632;22/06/2023;14:36:23;37.42;;;;
1633;22/06/2023;14:36:17;37.42;Synchronized;;;1633;22/06/2023;14:33:59;37.3;Synchronized;;;1633;22/06/2023;14:37:23;37.41;;;;
1634;22/06/2023;14:37:17;37.43;Synchronized;;;1634;22/06/2023;14:34:59;37.36;Synchronized;;;1634;22/06/2023;14:38:23;37.41;;;;
1635;22/06/2023;14:38:17;37.43;Synchronized;;;1635;22/06/2023;14:35:59;37.45;;;;1635;22/06/2023;14:39:23;37.43;Synchronized;;;
1636;22/06/2023;14:39:17;37.4;;;;1636;22/06/2023;14:36:59;37.5;;;;1636;22/06/2023;14:40:23;37.52;Synchronized;;;
1637;22/06/2023;14:40:17;37.42;Synchronized;;;1637;22/06/2023;14:37:59;37.47;;;;1637;22/06/2023;14:41:23;37.59;Synchronized;;;
1638;22/06/2023;14:41:17;37.41;;;;1638;22/06/2023;14:38:59;37.47;;;;1638;22/06/2023;14:42:23;37.59;Synchronized;;;
1639;22/06/2023;14:42:17;37.41;;;;1639;22/06/2023;14:39:59;37.48;;;;1639;22/06/2023;14:43:23;37.59;Synchronized;;;
1640;22/06/2023;14:43:17;37.41;Synchronized;;;1640;22/06/2023;14:40:59;37.45;;;;1640;22/06/2023;14:44:23;37.59;;;;
1641;22/06/2023;14:44:17;37.42;;;;1641;22/06/2023;14:41:59;37.45;Synchronized;;;1641;22/06/2023;14:45:23;37.57;;;;
1642;22/06/2023;14:45:17;37.42;Synchronized;;;1642;22/06/2023;14:42:59;37.45;;;;1642;22/06/2023;14:46:22;37.53;;;;
1643;22/06/2023;14:46:17;37.42;Synchronized;;;1643;22/06/2023;14:43:59;37.45;Synchronized;;;1643;22/06/2023;14:47:22;37.53;;;;
1644;22/06/2023;14:47:16;37.43;Synchronized;;;1644;22/06/2023;14:44:58;37.45;;;;1644;22/06/2023;14:48:22;37.52;;;;
1645;22/06/2023;14:48:16;37.44;;;;1645;22/06/2023;14:45:58;37.46;Synchronized;;;1645;22/06/2023;14:49:22;37.52;Synchronized;;;
1646;22/06/2023;14:49:16;37.42;Synchronized;;;1646;22/06/2023;14:46:58;37.48;Synchronized;;;1646;22/06/2023;14:50:22;37.52;;;;
1647;22/06/2023;14:50:16;37.44;Synchronized;;;1647;22/06/2023;14:47:58;37.45;;;;1647;22/06/2023;14:51:22;37.53;Synchronized;;;
1648;22/06/2023;14:51:16;37.44;;;;1648;22/06/2023;14:48:58;37.48;Synchronized;;;1648;22/06/2023;14:52:22;37.49;Synchronized;;;
1649;22/06/2023;14:52:16;37.42;Synchronized;;;1649;22/06/2023;14:49:58;37.5;;;;1649;22/06/2023;14:53:22;37.48;Synchronized;;;
1650;22/06/2023;14:53:16;37.44;Synchronized;;;1650;22/06/2023;14:50:58;37.48;;;;1650;22/06/2023;14:54:21;37.51;Synchronized;;;
1651;22/06/2023;14:54:16;37.43;Synchronized;;;1651;22/06/2023;14:51:58;37.48;;;;1651;22/06/2023;14:55:21;37.5;Synchronized;;;
1652;22/06/2023;14:55:16;37.46;Synchronized;;;1652;22/06/2023;14:52:58;37.48;Synchronized;;;1652;22/06/2023;14:56:21;37.49;Synchronized;;;
1653;22/06/2023;14:56:16;37.45;;;;1653;22/06/2023;14:53:58;37.46;Synchronized;;;1653;22/06/2023;14:57:21;37.52;;;;
1654;22/06/2023;14:57:16;37.48;Synchronized;;;1654;22/06/2023;14:54:57;37.45;Synchronized;;;1654;22/06/2023;14:58:21;37.5;;;;
1655;22/06/2023;14:58:16;37.47;Synchronized;;;1655;22/06/2023;14:55:57;37.45;Synchronized;;;1655;22/06/2023;14:59:21;37.5;;;;
1656;22/06/2023;14:59:16;37.48;Synchronized;;;1656;22/06/2023;14:56:57;37.44;Synchronized;;;1656;22/06/2023;15:00:21;37.45;Synchronized;;;
1657;22/06/2023;15:00:15;37.46;Synchronized;;;1657;22/06/2023;14:57:57;37.45;;;;1657;22/06/2023;15:01:21;37.46;Synchronized;;;
1658;22/06/2023;15:01:15;37.45;Synchronized;;;1658;22/06/2023;14:58:57;37.42;Synchronized;;;1658;22/06/2023;15:02:20;37.45;Synchronized;;;
1659;22/06/2023;15:02:15;37.47;Synchronized;;;1659;22/06/2023;14:59:57;37.44;Synchronized;;;1659;22/06/2023;15:03:20;37.42;Synchronized;;;
1660;22/06/2023;15:03:15;37.44;;;;1660;22/06/2023;15:00:57;37.43;Synchronized;;;1660;22/06/2023;15:04:20;37.43;Synchronized;;;
1661;22/06/2023;15:04:15;37.46;;;;1661;22/06/2023;15:01:57;37.41;;;;1661;22/06/2023;15:05:20;37.45;;;;
1662;22/06/2023;15:05:15;37.46;;;;1662;22/06/2023;15:02:57;37.43;;;;1662;22/06/2023;15:06:20;37.45;;;;
1663;22/06/2023;15:06:15;37.44;;;;1663;22/06/2023;15:03:56;37.43;;;;1663;22/06/2023;15:07:20;37.41;;;;
1664;22/06/2023;15:07:15;37.47;;;;1664;22/06/2023;15:04:56;37.45;Synchronized;;;1664;22/06/2023;15:08:20;37.45;;;;
1665;22/06/2023;15:08:15;37.47;;;;1665;22/06/2023;15:05:56;37.45;;;;1665;22/06/2023;15:09:20;37.46;;;;
1666;22/06/2023;15:09:15;37.47;Synchronized;;;1666;22/06/2023;15:06:56;37.44;Synchronized;;;1666;22/06/2023;15:10:20;37.46;;;;
1667;22/06/2023;15:10:15;37.47;Synchronized;;;1667;22/06/2023;15:07:56;37.43;;;;1667;22/06/2023;15:11:20;37.44;Synchronized;;;
1668;22/06/2023;15:11:15;37.46;Synchronized;;;1668;22/06/2023;15:08:56;37.45;;;;1668;22/06/2023;15:12:20;37.43;Synchronized;;;
1669;22/06/2023;15:12:15;37.48;Synchronized;;;1669;22/06/2023;15:09:56;37.45;Synchronized;;;1669;22/06/2023;15:13:20;37.38;;;;
1670;22/06/2023;15:13:15;37.48;Synchronized;;;1670;22/06/2023;15:10:56;37.45;Synchronized;;;1670;22/06/2023;15:14:20;37.38;Synchronized;;;
1671;22/06/2023;15:14:14;37.48;Synchronized;;;1671;22/06/2023;15:11:56;37.45;;;;1671;22/06/2023;15:15:20;37.39;Synchronized;;;
1672;22/06/2023;15:15:14;37.48;Synchronized;;;1672;22/06/2023;15:12:56;37.46;Synchronized;;;1672;22/06/2023;15:16:20;37.41;Synchronized;;;
1673;22/06/2023;15:16:14;37.48;Synchronized;;;1673;22/06/2023;15:13:55;37.47;Synchronized;;;1673;22/06/2023;15:17:20;37.36;Synchronized;;;
1674;22/06/2023;15:17:14;37.49;Synchronized;;;1674;22/06/2023;15:14:55;37.42;;;;1674;22/06/2023;15:18:20;37.36;Synchronized;;;
1675;22/06/2023;15:18:14;37.51;Synchronized;;;1675;22/06/2023;15:15:55;37.42;;;;1675;22/06/2023;15:19:20;37.32;Synchronized;;;
1676;22/06/2023;15:19:14;37.48;Synchronized;;;1676;22/06/2023;15:16:55;37.41;;;;1676;22/06/2023;15:20:19;37.3;Synchronized;;;
1677;22/06/2023;15:20:14;37.49;Synchronized;;;1677;22/06/2023;15:17:55;37.45;;;;1677;22/06/2023;15:21:19;37.27;Synchronized;;;
1678;22/06/2023;15:21:14;37.5;Synchronized;;;1678;22/06/2023;15:18:55;37.45;;;;1678;22/06/2023;15:22:19;37.28;Synchronized;;;
1679;22/06/2023;15:22:14;37.5;Synchronized;;;1679;22/06/2023;15:19:55;37.41;;;;1679;22/06/2023;15:23:19;37.27;Synchronized;;;
1680;22/06/2023;15:23:14;37.5;Synchronized;;;1680;22/06/2023;15:20:55;37.39;;;;1680;22/06/2023;15:24:19;37.27;Synchronized;;;
1681;22/06/2023;15:24:14;37.51;Synchronized;;;1681;22/06/2023;15:21:55;37.38;;;;1681;22/06/2023;15:25:19;37.28;;;;
1682;22/06/2023;15:25:13;37.52;Synchronized;;;1682;22/06/2023;15:22:54;37.36;;;;1682;22/06/2023;15:26:19;37.27;Synchronized;;;
1683;22/06/2023;15:26:13;37.52;Synchronized;;;1683;22/06/2023;15:23:54;37.39;;;;1683;22/06/2023;15:27:19;37.29;Synchronized;;;
1684;22/06/2023;15:27:13;37.55;Synchronized;;;1684;22/06/2023;15:24:54;37.39;Synchronized;;;1684;22/06/2023;15:28:18;37.32;Synchronized;;;
1685;22/06/2023;15:28:13;37.55;Synchronized;;;1685;22/06/2023;15:25:54;37.39;Synchronized;;;1685;22/06/2023;15:29:18;37.33;Synchronized;;;
1686;22/06/2023;15:29:13;37.59;Synchronized;;;1686;22/06/2023;15:26:54;37.38;;;;1686;22/06/2023;15:30:18;37.29;Synchronized;;;
1687;22/06/2023;15:30:13;37.59;;;;1687;22/06/2023;15:27:54;37.39;;;;1687;22/06/2023;15:31:18;37.38;;;;
1688;22/06/2023;15:31:13;37.59;Synchronized;;;1688;22/06/2023;15:28:54;37.37;;;;1688;22/06/2023;15:32:18;37.42;;;;
1689;22/06/2023;15:32:13;37.59;Synchronized;;;1689;22/06/2023;15:29:54;37.38;;;;1689;22/06/2023;15:33:18;37.4;Synchronized;;;
1690;22/06/2023;15:33:13;37.6;Synchronized;;;1690;22/06/2023;15:30:54;37.36;;;;1690;22/06/2023;15:34:18;37.38;Synchronized;;;
1691;22/06/2023;15:34:13;37.58;Synchronized;;;1691;22/06/2023;15:31:54;37.35;;;;1691;22/06/2023;15:35:18;37.36;;;;
1692;22/06/2023;15:35:13;37.55;Synchronized;;;1692;22/06/2023;15:32:54;37.37;;;;1692;22/06/2023;15:36:18;37.39;Synchronized;;;
1693;22/06/2023;15:36:13;37.55;Synchronized;;;1693;22/06/2023;15:33:54;37.37;Synchronized;;;1693;22/06/2023;15:37:18;37.46;;;;
1694;22/06/2023;15:37:13;37.55;Synchronized;;;1694;22/06/2023;15:34:54;37.41;Synchronized;;;1694;22/06/2023;15:38:18;37.48;Synchronized;;;
1695;22/06/2023;15:38:12;37.52;Synchronized;;;1695;22/06/2023;15:35:53;37.41;Synchronized;;;1695;22/06/2023;15:39:18;37.49;Synchronized;;;
1696;22/06/2023;15:39:12;37.53;Synchronized;;;1696;22/06/2023;15:36:53;37.42;;;;1696;22/06/2023;15:40:18;37.48;Synchronized;;;
1697;22/06/2023;15:40:12;37.52;Synchronized;;;1697;22/06/2023;15:37:53;37.43;;;;1697;22/06/2023;15:41:18;37.46;Synchronized;;;
1698;22/06/2023;15:41:12;37.52;Synchronized;;;1698;22/06/2023;15:38:53;37.43;;;;1698;22/06/2023;15:42:17;37.44;Synchronized;;;
1699;22/06/2023;15:42:12;37.53;Synchronized;;;1699;22/06/2023;15:39:53;37.45;Synchronized;;;1699;22/06/2023;15:43:17;37.41;Synchronized;;;
1700;22/06/2023;15:43:12;37.54;Synchronized;;;1700;22/06/2023;15:40:53;37.43;Synchronized;;;1700;22/06/2023;15:44:17;37.4;Synchronized;;;
1701;22/06/2023;15:44:12;37.52;Synchronized;;;1701;22/06/2023;15:41:53;37.44;Synchronized;;;1701;22/06/2023;15:45:17;37.38;Synchronized;;;
1702;22/06/2023;15:45:12;37.52;Synchronized;;;1702;22/06/2023;15:42:53;37.44;;;;1702;22/06/2023;15:46:17;37.4;Synchronized;;;
1703;22/06/2023;15:46:12;37.53;Synchronized;;;1703;22/06/2023;15:43:52;37.41;;;;1703;22/06/2023;15:47:17;37.38;Synchronized;;;
1704;22/06/2023;15:47:12;37.53;Synchronized;;;1704;22/06/2023;15:44:52;37.38;Synchronized;;;1704;22/06/2023;15:48:17;37.36;Synchronized;;;
1705;22/06/2023;15:48:12;37.54;Synchronized;;;1705;22/06/2023;15:45:52;37.41;Synchronized;;;1705;22/06/2023;15:49:17;37.36;Synchronized;;;
1706;22/06/2023;15:49:12;37.51;Synchronized;;;1706;22/06/2023;15:46:52;37.41;;;;1706;22/06/2023;15:50:16;37.37;Synchronized;;;
1707;22/06/2023;15:50:12;37.54;Synchronized;;;1707;22/06/2023;15:47:52;37.41;Synchronized;;;1707;22/06/2023;15:51:16;37.33;Synchronized;;;
1708;22/06/2023;15:51:12;37.53;Synchronized;;;1708;22/06/2023;15:48:52;37.38;Synchronized;;;1708;22/06/2023;15:52:16;37.31;Synchronized;;;
1709;22/06/2023;15:52:11;37.53;Synchronized;;;1709;22/06/2023;15:49:52;37.39;;;;1709;22/06/2023;15:53:16;37.29;Synchronized;;;
1710;22/06/2023;15:53:11;37.53;Synchronized;;;1710;22/06/2023;15:50:52;37.41;;;;1710;22/06/2023;15:54:16;37.3;;;;
1711;22/06/2023;15:54:11;37.55;Synchronized;;;1711;22/06/2023;15:51:52;37.39;;;;1711;22/06/2023;15:55:16;37.28;Synchronized;;;
1712;22/06/2023;15:55:11;37.55;Synchronized;;;1712;22/06/2023;15:52:52;37.41;Synchronized;;;1712;22/06/2023;15:56:16;37.3;;;;
1713;22/06/2023;15:56:11;37.55;Synchronized;;;1713;22/06/2023;15:53:51;37.39;;;;1713;22/06/2023;15:57:16;37.28;Synchronized;;;
1714;22/06/2023;15:57:11;37.55;Synchronized;;;1714;22/06/2023;15:54:51;37.41;Synchronized;;;1714;22/06/2023;15:58:16;37.29;Synchronized;;;
1715;22/06/2023;15:58:11;37.57;;;;1715;22/06/2023;15:55:51;37.41;;;;1715;22/06/2023;15:59:15;37.28;Synchronized;;;
1716;22/06/2023;15:59:11;37.57;Synchronized;;;1716;22/06/2023;15:56:51;37.44;Synchronized;;;1716;22/06/2023;16:00:15;37.28;;;;
1717;22/06/2023;16:00:11;37.57;Synchronized;;;1717;22/06/2023;15:57:51;37.43;Synchronized;;;1717;22/06/2023;16:01:15;37.27;Synchronized;;;
1718;22/06/2023;16:01:10;37.58;Synchronized;;;1718;22/06/2023;15:58:51;37.41;Synchronized;;;1718;22/06/2023;16:02:15;37.28;Synchronized;;;
1719;22/06/2023;16:02:10;37.6;;;;1719;22/06/2023;15:59:51;37.45;;;;1719;22/06/2023;16:03:15;37.28;;;;
1720;22/06/2023;16:03:10;37.61;;;;1720;22/06/2023;16:00:51;37.45;;;;1720;22/06/2023;16:04:15;37.28;Synchronized;;;
1721;22/06/2023;16:04:10;37.62;;;;1721;22/06/2023;16:01:51;37.45;;;;1721;22/06/2023;16:05:15;37.28;Synchronized;;;
1722;22/06/2023;16:05:10;37.62;Synchronized;;;1722;22/06/2023;16:02:51;37.43;;;;1722;22/06/2023;16:06:15;37.29;Synchronized;;;
1723;22/06/2023;16:06:10;37.62;Synchronized;;;1723;22/06/2023;16:03:50;37.45;;;;1723;22/06/2023;16:07:15;37.29;;;;
1724;22/06/2023;16:07:10;37.61;Synchronized;;;1724;22/06/2023;16:04:50;37.43;Synchronized;;;1724;22/06/2023;16:08:15;37.31;Synchronized;;;
1725;22/06/2023;16:08:09;37.63;Synchronized;;;1725;22/06/2023;16:05:50;37.45;Synchronized;;;1725;22/06/2023;16:09:15;37.32;;;;
1726;22/06/2023;16:09:09;37.64;Synchronized;;;1726;22/06/2023;16:06:50;37.45;;;;1726;22/06/2023;16:10:15;37.32;Synchronized;;;
1727;22/06/2023;16:10:09;37.63;Synchronized;;;1727;22/06/2023;16:07:50;37.41;Synchronized;;;1727;22/06/2023;16:11:14;37.33;Synchronized;;;
1728;22/06/2023;16:11:09;37.63;;;;1728;22/06/2023;16:08:50;37.43;;;;1728;22/06/2023;16:12:14;37.34;;;;
1729;22/06/2023;16:12:09;37.63;Synchronized;;;1729;22/06/2023;16:09:50;37.41;Synchronized;;;1729;22/06/2023;16:13:14;37.33;Synchronized;;;
1730;22/06/2023;16:13:09;37.63;;;;1730;22/06/2023;16:10:50;37.39;Synchronized;;;1730;22/06/2023;16:14:14;37.31;Synchronized;;;
1731;22/06/2023;16:14:09;37.63;Synchronized;;;1731;22/06/2023;16:11:49;37.41;Synchronized;;;1731;22/06/2023;16:15:14;37.31;;;;
1732;22/06/2023;16:15:09;37.61;Synchronized;;;1732;22/06/2023;16:12:49;37.39;Synchronized;;;1732;22/06/2023;16:16:14;37.31;;;;
1733;22/06/2023;16:16:09;37.6;Synchronized;;;1733;22/06/2023;16:13:49;37.41;;;;1733;22/06/2023;16:17:14;37.31;;;;
1734;22/06/2023;16:17:09;37.55;;;;1734;22/06/2023;16:14:49;37.44;;;;1734;22/06/2023;16:18:14;37.33;;;;
1735;22/06/2023;16:18:09;37.59;Synchronized;;;1735;22/06/2023;16:15:49;37.42;;;;1735;22/06/2023;16:19:14;37.3;Synchronized;;;
1736;22/06/2023;16:19:09;37.57;Synchronized;;;1736;22/06/2023;16:16:49;37.41;;;;1736;22/06/2023;16:20:14;37.3;Synchronized;;;
1737;22/06/2023;16:20:09;37.55;Synchronized;;;1737;22/06/2023;16:17:49;37.45;;;;1737;22/06/2023;16:21:14;37.32;Synchronized;;;
1738;22/06/2023;16:21:08;37.55;Synchronized;;;1738;22/06/2023;16:18:49;37.42;;;;1738;22/06/2023;16:22:14;37.27;Synchronized;;;
1739;22/06/2023;16:22:08;37.54;Synchronized;;;1739;22/06/2023;16:19:49;37.43;Synchronized;;;1739;22/06/2023;16:23:14;37.28;Synchronized;;;
1740;22/06/2023;16:23:08;37.53;Synchronized;;;1740;22/06/2023;16:20:49;37.46;Synchronized;;;1740;22/06/2023;16:24:14;37.26;Synchronized;;;
1741;22/06/2023;16:24:08;37.53;Synchronized;;;1741;22/06/2023;16:21:49;37.43;Synchronized;;;1741;22/06/2023;16:25:13;37.3;Synchronized;;;
1742;22/06/2023;16:25:08;37.52;Synchronized;;;1742;22/06/2023;16:22:49;37.48;Synchronized;;;1742;22/06/2023;16:26:13;37.27;Synchronized;;;
1743;22/06/2023;16:26:08;37.51;Synchronized;;;1743;22/06/2023;16:23:48;37.46;Synchronized;;;1743;22/06/2023;16:27:13;37.27;Synchronized;;;
1744;22/06/2023;16:27:08;37.52;Synchronized;;;1744;22/06/2023;16:24:48;37.45;Synchronized;;;1744;22/06/2023;16:28:13;37.28;Synchronized;;;
1745;22/06/2023;16:28:07;37.53;Synchronized;;;1745;22/06/2023;16:25:48;37.45;Synchronized;;;1745;22/06/2023;16:29:13;37.28;Synchronized;;;
1746;22/06/2023;16:29:07;;Missing data;;;1746;22/06/2023;16:26:48;37.45;Synchronized;;;1746;22/06/2023;16:30:13;37.27;Synchronized;;;
1747;22/06/2023;16:30:07;;Missing data;;;1747;22/06/2023;16:27:48;37.44;Synchronized;;;1747;22/06/2023;16:31:13;37.26;;;;
1748;22/06/2023;16:31:07;37.53;;;;1748;22/06/2023;16:28:48;37.45;Synchronized;;;1748;22/06/2023;16:32:13;37.27;Synchronized;;;
1749;22/06/2023;16:32:07;37.55;;;;1749;22/06/2023;16:29:48;37.43;Synchronized;;;1749;22/06/2023;16:33:12;37.27;;;;
1750;22/06/2023;16:33:07;37.58;;;;1750;22/06/2023;16:30:48;37.42;Synchronized;;;1750;22/06/2023;16:34:12;37.27;Synchronized;;;
1751;22/06/2023;16:34:07;37.59;;;;1751;22/06/2023;16:31:47;37.44;Synchronized;;;1751;22/06/2023;16:35:12;37.28;Synchronized;;;
1752;22/06/2023;16:35:07;37.59;;;;1752;22/06/2023;16:32:47;37.45;Synchronized;;;1752;22/06/2023;16:36:12;37.27;;;;
1753;22/06/2023;16:36:07;;Missing data;;;1753;22/06/2023;16:33:47;37.44;Synchronized;;;1753;22/06/2023;16:37:12;37.32;;;;
1754;22/06/2023;16:37:07;;Missing data;;;1754;22/06/2023;16:34:47;37.43;Synchronized;;;1754;22/06/2023;16:38:12;37.3;;;;
1755;22/06/2023;16:38:07;;Missing data;;;1755;22/06/2023;16:35:47;37.38;;;;1755;22/06/2023;16:39:12;37.32;;;;
1756;22/06/2023;16:39:07;;Missing data;;;1756;22/06/2023;16:36:47;37.37;;;;1756;22/06/2023;16:40:12;37.31;;;;
1757;22/06/2023;16:40:06;;Missing data;;;1757;22/06/2023;16:37:47;37.35;;;;1757;22/06/2023;16:41:12;37.3;;;;
1758;22/06/2023;16:41:06;;Missing data;;;1758;22/06/2023;16:38:47;37.34;;;;1758;22/06/2023;16:42:12;37.3;;;;
1759;22/06/2023;16:42:06;;Missing data;;;1759;22/06/2023;16:39:47;37.37;Synchronized;;;1759;22/06/2023;16:43:12;37.32;;;;
1760;22/06/2023;16:43:06;;Missing data;;;1760;22/06/2023;16:40:47;37.37;Synchronized;;;;;;;;;;
1761;22/06/2023;16:44:06;37.75;;;;1761;22/06/2023;16:41:46;37.38;Synchronized;;;;;;;;;;
1762;22/06/2023;16:45:06;;Missing data;;;1762;22/06/2023;16:42:46;37.38;Synchronized;;;;;;;;;;
1763;22/06/2023;16:46:06;37.8;;;;1763;22/06/2023;16:43:46;37.38;;;;;;;;;;;
;;;;;;;1764;22/06/2023;16:44:46;37.37;;;;;;;;;;;
;;;;;;;1765;22/06/2023;16:45:46;37.38;;;;;;;;;;;
;;;;;;;1766;22/06/2023;16:46:46;37.34;;;;;;;;;;;
;;;;;;;1767;22/06/2023;16:47:46;37.37;;;;;;;;;;;
;;;;;;;1768;22/06/2023;16:48:46;37.35;;;;;;;;;;;
;
;