SenseLab_M03;
Time Zone;UTC+2:00;
Monitor;80.80.10.EA;
;
Pill n°1;24.00.1A.B4;;;;;;Pill n°2;24.00.1C.DA;;;;;;Pill n°3;24.00.1E.55;;;;;;
Sample number;Date (dd/mm/yyyy);Hour;Temperature (°C);Status;;;Sample number;Date (dd/mm/yyyy);Hour;Temperature (°C);Status;;;Sample number;Date (dd/mm/yyyy);Hour;Temperature (°C);Status;;;
1;21/06/2023;16:53:52;29.09;;;;1;21/06/2023;16:56:13;29.48;;;;1;16/06/2023;15:13:45;28.93;;;;
2;21/06/2023;16:54:52;29.55;Synchronized;;;2;21/06/2023;16:57:13;29.84;;;;2;16/06/2023;15:14:45;29.35;;;;
3;21/06/2023;16:55:52;29.39;;;;3;21/06/2023;16:58:13;29.67;;;;3;16/06/2023;15:19:45;28.06;;;;
4;21/06/2023;16:56:52;29.26;;;;4;21/06/2023;16:59:13;29.56;;;;4;16/06/2023;15:24:44;28;;;;
5;21/06/2023;16:57:52;29.21;;;;5;21/06/2023;17:00:13;29.48;;;;5;16/06/2023;15:29:43;27.87;;;;
6;21/06/2023;16:58:52;29.17;;;;6;21/06/2023;17:01:13;29.54;;;;6;16/06/2023;15:34:42;27.84;;;;
7;21/06/2023;16:59:52;29.13;;;;7;21/06/2023;17:02:13;29.48;;;;7;16/06/2023;15:39:42;27.79;;;;
8;21/06/2023;17:00:52;29.1;;;;8;21/06/2023;17:03:13;29.27;;;;8;16/06/2023;15:44:41;27.79;;;;
9;21/06/2023;17:01:52;29.12;;;;9;21/06/2023;17:04:13;29.09;;;;9;16/06/2023;15:49:40;28.09;;;;
10;21/06/2023;17:02:52;28.98;;;;10;21/06/2023;17:05:13;28.96;;;;10;16/06/2023;15:54:39;28.26;;;;
11;21/06/2023;17:03:52;28.89;;;;11;21/06/2023;17:06:13;28.88;;;;11;16/06/2023;15:59:38;28.37;;;;
12;21/06/2023;17:04:52;28.8;Synchronized;;;12;21/06/2023;17:07:13;28.8;;;;12;16/06/2023;16:04:37;28.45;;;;
13;21/06/2023;17:05:52;28.75;;;;13;21/06/2023;17:08:13;28.74;;;;13;16/06/2023;16:09:37;28.63;;;;
14;21/06/2023;17:06:52;28.7;;;;14;21/06/2023;17:09:13;28.69;;;;14;16/06/2023;16:14:37;28.65;;;;
15;21/06/2023;17:07:52;28.68;;;;15;21/06/2023;17:10:13;28.64;;;;15;16/06/2023;16:19:37;28.12;;;;
16;21/06/2023;17:08:52;28.64;;;;16;21/06/2023;17:11:13;28.61;;;;16;16/06/2023;16:24:36;27.89;;;;
17;21/06/2023;17:09:51;28.58;;;;17;21/06/2023;17:12:13;28.59;;;;17;16/06/2023;16:29:35;27.4;;;;
18;21/06/2023;17:10:52;28.58;;;;18;21/06/2023;17:13:13;28.59;;;;18;16/06/2023;16:34:35;26.95;;;;
19;21/06/2023;17:11:52;28.55;;;;19;21/06/2023;17:14:13;28.58;;;;19;16/06/2023;16:39:34;26.82;;;;
20;21/06/2023;17:12:52;28.59;;;;20;21/06/2023;17:15:13;28.59;;;;20;16/06/2023;16:44:34;26.85;;;;
21;21/06/2023;17:13:52;28.59;;;;21;21/06/2023;17:16:13;28.58;;;;21;16/06/2023;16:49:33;26.77;;;;
22;21/06/2023;17:14:52;28.59;;;;22;21/06/2023;17:17:13;28.58;;;;22;16/06/2023;16:54:32;26.68;;;;
23;21/06/2023;17:15:51;28.59;;;;23;21/06/2023;17:18:13;28.54;;;;23;16/06/2023;16:59:32;26.59;;;;
24;21/06/2023;17:16:51;28.58;;;;24;21/06/2023;17:19:13;28.53;;;;24;16/06/2023;17:04:31;26.63;;;;
25;21/06/2023;17:17:51;28.57;;;;25;21/06/2023;17:20:13;28.54;;;;25;16/06/2023;17:09:31;26.69;;;;
26;21/06/2023;17:18:51;28.55;;;;26;21/06/2023;17:21:13;28.52;;;;26;16/06/2023;17:14:30;26.66;;;;
27;21/06/2023;17:19:51;28.55;;;;27;21/06/2023;17:22:13;28.53;Synchronized;;;27;16/06/2023;17:19:29;26.66;;;;
28;21/06/2023;17:20:51;28.56;;;;28;21/06/2023;17:23:13;28.52;;;;28;16/06/2023;17:24:29;26.71;;;;
29;21/06/2023;17:21:51;28.56;;;;29;21/06/2023;17:24:13;28.52;;;;29;16/06/2023;17:29:29;26.72;Synchronized;;;
30;21/06/2023;17:22:51;28.53;;;;30;21/06/2023;17:25:13;28.51;Synchronized;;;30;16/06/2023;17:34:28;26.74;;;;
31;21/06/2023;17:23:51;28.56;;;;31;21/06/2023;17:26:13;28.51;;;;31;16/06/2023;17:39:27;26.78;;;;
32;21/06/2023;17:24:51;28.52;;;;32;21/06/2023;17:27:13;28.51;;;;32;16/06/2023;17:44:27;26.78;;;;
33;21/06/2023;17:25:51;28.55;;;;33;21/06/2023;17:28:13;28.51;;;;33;16/06/2023;17:49:26;26.82;Synchronized;;;
34;21/06/2023;17:26:51;28.55;;;;34;21/06/2023;17:29:13;28.52;;;;34;16/06/2023;17:54:25;26.85;;;;
35;21/06/2023;17:27:51;28.56;;;;35;21/06/2023;17:30:13;28.52;;;;35;16/06/2023;17:59:25;26.88;;;;
36;21/06/2023;17:28:51;28.53;;;;36;21/06/2023;17:31:13;28.52;;;;36;16/06/2023;18:04:24;26.9;;;;
37;21/06/2023;17:29:51;28.56;;;;37;21/06/2023;17:32:13;28.53;;;;37;16/06/2023;18:09:24;26.89;Synchronized;;;
38;21/06/2023;17:30:51;28.55;;;;38;21/06/2023;17:33:13;28.54;;;;38;16/06/2023;18:14:23;26.91;;;;
39;21/06/2023;17:31:51;28.56;;;;39;21/06/2023;17:34:13;28.55;;;;39;16/06/2023;18:19:23;26.91;;;;
40;21/06/2023;17:32:51;28.55;;;;40;21/06/2023;17:35:13;28.53;;;;40;16/06/2023;18:24:23;26.95;;;;
41;21/06/2023;17:33:51;28.58;;;;41;21/06/2023;17:36:13;28.53;;;;41;16/06/2023;18:29:22;27.02;;;;
42;21/06/2023;17:34:51;28.58;;;;42;21/06/2023;17:37:13;28.57;;;;42;16/06/2023;18:34:22;27.04;;;;
43;21/06/2023;17:35:51;28.59;;;;43;21/06/2023;17:38:13;28.57;;;;43;16/06/2023;18:39:21;27.04;;;;
44;21/06/2023;17:36:51;28.59;;;;44;21/06/2023;17:39:12;28.57;;;;44;16/06/2023;18:44:21;27.06;;;;
45;21/06/2023;17:37:51;28.6;;;;45;21/06/2023;17:40:12;28.59;;;;45;16/06/2023;18:49:21;27.09;Synchronized;;;
46;21/06/2023;17:38:51;28.6;;;;46;21/06/2023;17:41:12;28.56;;;;46;16/06/2023;18:54:20;27.17;;;;
47;21/06/2023;17:39:51;28.62;;;;47;21/06/2023;17:42:12;28.59;;;;47;16/06/2023;18:59:19;27.18;;;;
48;21/06/2023;17:40:51;28.62;;;;48;21/06/2023;17:43:12;28.6;;;;48;16/06/2023;19:04:19;27.24;;;;
49;21/06/2023;17:41:51;28.62;;;;49;21/06/2023;17:44:12;28.59;;;;49;16/06/2023;19:09:19;27.28;;;;
50;21/06/2023;17:42:51;28.62;;;;50;21/06/2023;17:45:12;28.62;;;;50;16/06/2023;19:14:18;27.3;;;;
51;21/06/2023;17:43:51;28.63;;;;51;21/06/2023;17:46:12;28.59;;;;51;16/06/2023;19:19:18;27.29;;;;
52;21/06/2023;17:44:51;28.64;;;;52;21/06/2023;17:47:12;28.61;;;;52;16/06/2023;19:24:17;27.3;;;;
53;21/06/2023;17:45:51;28.63;;;;53;21/06/2023;17:48:12;28.59;;;;53;16/06/2023;19:29:17;27.28;;;;
54;21/06/2023;17:46:51;28.64;;;;54;21/06/2023;17:49:12;28.63;;;;54;16/06/2023;19:34:16;27.31;;;;
55;21/06/2023;17:47:51;28.65;;;;55;21/06/2023;17:50:12;28.62;;;;55;16/06/2023;19:39:15;27.37;;;;
56;21/06/2023;17:48:51;28.66;;;;56;21/06/2023;17:51:12;28.63;;;;56;16/06/2023;19:44:15;27.41;;;;
57;21/06/2023;17:49:51;28.67;;;;57;21/06/2023;17:52:12;28.65;;;;57;16/06/2023;19:49:14;27.41;;;;
58;21/06/2023;17:50:51;28.7;;;;58;21/06/2023;17:53:12;28.64;;;;58;16/06/2023;19:54:14;27.38;;;;
59;21/06/2023;17:51:51;28.68;;;;59;21/06/2023;17:54:12;28.67;;;;59;16/06/2023;19:59:13;27.52;;;;
60;21/06/2023;17:52:51;28.69;;;;60;21/06/2023;17:55:12;28.7;;;;60;16/06/2023;20:04:13;27.62;;;;
61;21/06/2023;17:53:51;28.7;;;;61;21/06/2023;17:56:12;28.71;;;;61;16/06/2023;20:09:12;27.49;;;;
62;21/06/2023;17:54:51;28.73;;;;62;21/06/2023;17:57:12;28.71;;;;62;16/06/2023;20:14:11;27.47;;;;
63;21/06/2023;17:55:51;28.7;;;;63;21/06/2023;17:58:12;28.71;;;;63;16/06/2023;20:19:11;27.43;;;;
64;21/06/2023;17:56:51;28.73;;;;64;21/06/2023;17:59:12;28.71;;;;64;16/06/2023;20:24:10;27.42;;;;
65;21/06/2023;17:57:51;28.73;;;;65;21/06/2023;18:00:12;28.7;;;;65;16/06/2023;20:29:10;27.39;Synchronized;;;
66;21/06/2023;17:58:51;28.74;;;;66;21/06/2023;18:01:12;28.69;;;;66;16/06/2023;20:34:09;27.39;;;;
67;21/06/2023;17:59:51;28.74;;;;67;21/06/2023;18:02:12;28.7;;;;67;16/06/2023;20:39:09;27.39;;;;
68;21/06/2023;18:00:51;28.73;;;;68;21/06/2023;18:03:12;28.7;;;;68;16/06/2023;20:44:08;27.38;;;;
69;21/06/2023;18:01:51;28.74;;;;69;21/06/2023;18:04:12;28.7;;;;69;16/06/2023;20:49:07;27.37;;;;
70;21/06/2023;18:02:51;28.75;;;;70;21/06/2023;18:05:12;28.7;;;;70;16/06/2023;20:54:07;27.38;;;;
71;21/06/2023;18:03:51;28.73;;;;71;21/06/2023;18:06:12;28.7;;;;71;16/06/2023;20:59:06;27.37;;;;
72;21/06/2023;18:04:51;28.72;;;;72;21/06/2023;18:07:12;28.72;;;;72;16/06/2023;21:04:06;27.35;;;;
73;21/06/2023;18:05:51;28.73;;;;73;21/06/2023;18:08:12;28.7;;;;73;16/06/2023;21:09:05;27.35;;;;
74;21/06/2023;18:06:51;28.73;;;;74;21/06/2023;18:09:12;28.71;;;;74;16/06/2023;21:14:05;27.32;;;;
75;21/06/2023;18:07:51;28.74;;;;75;21/06/2023;18:10:12;28.73;;;;75;16/06/2023;21:19:04;27.3;;;;
76;21/06/2023;18:08:51;28.74;;;;76;21/06/2023;18:11:12;28.7;;;;76;16/06/2023;21:24:04;27.29;;;;
77;21/06/2023;18:09:51;28.75;;;;77;21/06/2023;18:12:12;28.71;;;;77;16/06/2023;21:29:03;27.27;;;;
78;21/06/2023;18:10:51;28.73;;;;78;21/06/2023;18:13:12;28.7;;;;78;16/06/2023;21:34:03;27.27;;;;
79;21/06/2023;18:11:51;28.73;;;;79;21/06/2023;18:14:12;28.72;;;;79;16/06/2023;21:39:02;27.28;;;;
80;21/06/2023;18:12:51;28.76;;;;80;21/06/2023;18:15:12;28.73;;;;80;16/06/2023;21:44:02;27.25;;;;
81;21/06/2023;18:13:51;28.76;;;;81;21/06/2023;18:16:12;28.73;;;;81;16/06/2023;21:49:01;27.23;;;;
82;21/06/2023;18:14:51;28.76;;;;82;21/06/2023;18:17:12;28.71;;;;82;16/06/2023;21:54:01;27.21;;;;
83;21/06/2023;18:15:51;28.75;;;;83;21/06/2023;18:18:12;28.73;;;;83;16/06/2023;21:59:00;27.22;;;;
84;21/06/2023;18:16:51;28.77;;;;84;21/06/2023;18:19:12;28.73;;;;84;16/06/2023;22:04:00;27.22;;;;
85;21/06/2023;18:17:51;28.77;;;;85;21/06/2023;18:20:12;28.75;;;;85;16/06/2023;22:08:59;27.19;;;;
86;21/06/2023;18:18:51;28.79;;;;86;21/06/2023;18:21:12;28.75;Synchronized;;;86;16/06/2023;22:13:59;27.18;;;;
87;21/06/2023;18:19:51;28.79;;;;87;21/06/2023;18:22:12;28.75;;;;87;16/06/2023;22:18:58;27.18;;;;
88;21/06/2023;18:20:51;28.79;;;;88;21/06/2023;18:23:12;28.76;;;;88;16/06/2023;22:23:58;27.17;;;;
89;21/06/2023;18:21:51;28.79;;;;89;21/06/2023;18:24:12;28.75;;;;89;16/06/2023;22:28:57;27.18;;;;
90;21/06/2023;18:22:51;28.8;;;;90;21/06/2023;18:25:12;28.77;;;;90;16/06/2023;22:33:57;27.15;;;;
91;21/06/2023;18:23:51;28.8;;;;91;21/06/2023;18:26:12;28.77;;;;91;16/06/2023;22:38:57;27.13;;;;
92;21/06/2023;18:24:51;28.8;;;;92;21/06/2023;18:27:12;28.77;;;;92;16/06/2023;22:43:56;27.13;;;;
93;21/06/2023;18:25:51;28.8;;;;93;21/06/2023;18:28:12;28.76;;;;93;16/06/2023;22:48:56;27.12;;;;
94;21/06/2023;18:26:51;28.8;;;;94;21/06/2023;18:29:12;28.77;;;;94;16/06/2023;22:53:55;27.11;;;;
95;21/06/2023;18:27:51;28.8;;;;95;21/06/2023;18:30:12;28.73;;;;95;16/06/2023;22:58:55;27.09;;;;
96;21/06/2023;18:28:51;28.8;;;;96;21/06/2023;18:31:11;28.77;;;;96;16/06/2023;23:03:55;27.07;;;;
97;21/06/2023;18:29:51;28.8;;;;97;21/06/2023;18:32:11;28.77;;;;97;16/06/2023;23:08:54;27.05;;;;
98;21/06/2023;18:30:51;28.8;;;;98;21/06/2023;18:33:11;28.75;;;;98;16/06/2023;23:13:54;27.07;;;;
99;21/06/2023;18:31:51;28.79;;;;99;21/06/2023;18:34:11;28.76;;;;99;16/06/2023;23:18:53;27.05;;;;
100;21/06/2023;18:32:51;28.8;;;;100;21/06/2023;18:35:11;28.74;;;;100;16/06/2023;23:23:52;27.05;;;;
101;21/06/2023;18:33:51;28.8;;;;101;21/06/2023;18:36:11;28.75;;;;101;16/06/2023;23:28:52;27.05;;;;
102;21/06/2023;18:34:51;28.8;;;;102;21/06/2023;18:37:11;28.75;;;;102;16/06/2023;23:33:51;27.03;;;;
103;21/06/2023;18:35:51;28.79;;;;103;21/06/2023;18:38:11;28.76;;;;103;16/06/2023;23:38:51;27.01;;;;
104;21/06/2023;18:36:51;28.82;;;;104;21/06/2023;18:39:11;28.76;;;;104;16/06/2023;23:43:50;27.01;;;;
105;21/06/2023;18:37:51;28.79;;;;105;21/06/2023;18:40:11;28.76;;;;105;16/06/2023;23:48:50;27.02;;;;
106;21/06/2023;18:38:51;28.8;;;;106;21/06/2023;18:41:11;28.74;;;;106;16/06/2023;23:53:49;27;;;;
107;21/06/2023;18:39:51;28.79;;;;107;21/06/2023;18:42:11;28.75;;;;107;16/06/2023;23:58:49;26.99;;;;
108;21/06/2023;18:40:51;28.77;;;;108;21/06/2023;18:43:11;28.75;;;;108;17/06/2023;00:03:48;26.99;;;;
109;21/06/2023;18:41:51;28.8;;;;109;21/06/2023;18:44:11;28.73;;;;109;17/06/2023;00:08:47;26.98;;;;
110;21/06/2023;18:42:51;28.8;;;;110;21/06/2023;18:45:11;28.74;;;;110;17/06/2023;00:13:46;26.98;;;;
111;21/06/2023;18:43:51;28.77;;;;111;21/06/2023;18:46:11;28.73;;;;111;17/06/2023;00:18:46;26.94;;;;
112;21/06/2023;18:44:51;28.79;;;;112;21/06/2023;18:47:11;28.72;;;;112;17/06/2023;00:23:45;26.96;;;;
113;21/06/2023;18:45:51;28.77;;;;113;21/06/2023;18:48:11;28.72;;;;113;17/06/2023;00:28:45;26.94;;;;
114;21/06/2023;18:46:51;28.77;;;;114;21/06/2023;18:49:11;28.74;;;;114;17/06/2023;00:33:44;26.95;;;;
115;21/06/2023;18:47:51;28.8;;;;115;21/06/2023;18:50:11;28.73;;;;115;17/06/2023;00:38:44;26.93;;;;
116;21/06/2023;18:48:51;28.77;;;;116;21/06/2023;18:51:11;28.75;;;;116;17/06/2023;00:43:43;26.93;;;;
117;21/06/2023;18:49:51;28.77;;;;117;21/06/2023;18:52:11;28.74;;;;117;17/06/2023;00:48:42;26.9;;;;
118;21/06/2023;18:50:51;28.76;;;;118;21/06/2023;18:53:11;28.73;;;;118;17/06/2023;00:53:42;26.91;;;;
119;21/06/2023;18:51:51;28.77;;;;119;21/06/2023;18:54:11;28.73;;;;119;17/06/2023;00:58:42;26.9;;;;
120;21/06/2023;18:52:51;28.79;;;;120;21/06/2023;18:55:11;28.73;;;;120;17/06/2023;01:03:41;26.88;;;;
121;21/06/2023;18:53:51;28.77;;;;121;21/06/2023;18:56:11;28.73;;;;121;17/06/2023;01:08:41;26.88;;;;
122;21/06/2023;18:54:51;28.77;;;;122;21/06/2023;18:57:11;28.75;;;;122;17/06/2023;01:13:40;26.87;;;;
123;21/06/2023;18:55:51;28.77;;;;123;21/06/2023;18:58:11;28.73;;;;123;17/06/2023;01:18:39;26.87;;;;
124;21/06/2023;18:56:51;28.77;;;;124;21/06/2023;18:59:11;28.73;;;;124;17/06/2023;01:23:39;26.88;;;;
125;21/06/2023;18:57:51;28.8;;;;125;21/06/2023;19:00:11;28.73;;;;125;17/06/2023;01:28:38;26.85;;;;
126;21/06/2023;18:58:51;28.77;;;;126;21/06/2023;19:01:11;28.74;;;;126;17/06/2023;01:33:38;26.85;;;;
127;21/06/2023;18:59:51;28.79;;;;127;21/06/2023;19:02:11;28.73;;;;127;17/06/2023;01:38:37;26.86;;;;
128;21/06/2023;19:00:51;28.8;;;;128;21/06/2023;19:03:11;28.74;;;;128;17/06/2023;01:43:36;26.82;;;;
129;21/06/2023;19:01:51;28.77;;;;129;21/06/2023;19:04:11;28.73;;;;129;17/06/2023;01:48:36;26.82;;;;
130;21/06/2023;19:02:51;28.79;;;;130;21/06/2023;19:05:11;28.73;;;;130;17/06/2023;01:53:35;26.8;;;;
131;21/06/2023;19:03:51;28.79;;;;131;21/06/2023;19:06:11;28.73;;;;131;17/06/2023;01:58:35;26.81;;;;
132;21/06/2023;19:04:51;28.77;;;;132;21/06/2023;19:07:11;28.72;Synchronized;;;132;17/06/2023;02:03:34;26.8;;;;
133;21/06/2023;19:05:51;28.77;;;;133;21/06/2023;19:08:11;28.73;;;;133;17/06/2023;02:08:33;26.8;;;;
134;21/06/2023;19:06:51;28.8;;;;134;21/06/2023;19:09:11;28.75;;;;134;17/06/2023;02:13:33;26.79;;;;
135;21/06/2023;19:07:51;28.82;;;;135;21/06/2023;19:10:11;28.76;;;;135;17/06/2023;02:18:32;26.79;;;;
136;21/06/2023;19:08:51;28.8;;;;136;21/06/2023;19:11:10;28.74;;;;136;17/06/2023;02:23:32;26.77;;;;
137;21/06/2023;19:09:51;28.8;;;;137;21/06/2023;19:12:10;28.77;;;;137;17/06/2023;02:28:31;26.76;;;;
138;21/06/2023;19:10:51;28.82;;;;138;21/06/2023;19:13:10;28.77;;;;138;17/06/2023;02:33:31;26.77;;;;
139;21/06/2023;19:11:51;28.84;;;;139;21/06/2023;19:14:10;28.77;;;;139;17/06/2023;02:38:30;26.77;;;;
140;21/06/2023;19:12:51;28.83;;;;140;21/06/2023;19:15:10;28.77;;;;140;17/06/2023;02:43:29;26.78;;;;
141;21/06/2023;19:13:51;28.84;;;;141;21/06/2023;19:16:10;28.8;;;;141;17/06/2023;02:48:29;26.74;;;;
142;21/06/2023;19:14:51;28.84;;;;142;21/06/2023;19:17:10;28.81;;;;142;17/06/2023;02:53:28;26.73;;;;
143;21/06/2023;19:15:51;28.84;;;;143;21/06/2023;19:18:10;28.81;;;;143;17/06/2023;02:58:28;26.75;;;;
144;21/06/2023;19:16:51;28.85;;;;144;21/06/2023;19:19:10;28.81;;;;144;17/06/2023;03:03:27;26.73;;;;
145;21/06/2023;19:17:51;28.84;;;;145;21/06/2023;19:20:10;28.84;;;;145;17/06/2023;03:08:27;26.72;;;;
146;21/06/2023;19:18:50;28.86;;;;146;21/06/2023;19:21:10;28.82;;;;146;17/06/2023;03:13:26;26.71;;;;
147;21/06/2023;19:19:50;28.84;;;;147;21/06/2023;19:22:10;28.85;;;;147;17/06/2023;03:18:26;26.7;;;;
148;21/06/2023;19:20:50;28.88;;;;148;21/06/2023;19:23:10;28.84;;;;148;17/06/2023;03:23:25;26.69;;;;
149;21/06/2023;19:21:50;28.86;;;;149;21/06/2023;19:24:10;28.84;;;;149;17/06/2023;03:28:25;26.69;;;;
150;21/06/2023;19:22:50;28.88;;;;150;21/06/2023;19:25:10;28.84;;;;150;17/06/2023;03:33:24;26.69;;;;
151;21/06/2023;19:23:50;28.88;;;;151;21/06/2023;19:26:10;28.85;;;;151;17/06/2023;03:38:24;26.67;;;;
152;21/06/2023;19:24:50;28.88;;;;152;21/06/2023;19:27:10;28.86;;;;152;17/06/2023;03:43:23;26.69;;;;
153;21/06/2023;19:25:50;28.89;;;;153;21/06/2023;19:28:10;28.85;;;;153;17/06/2023;03:48:23;26.68;;;;
154;21/06/2023;19:26:50;28.89;;;;154;21/06/2023;19:29:10;28.87;;;;154;17/06/2023;03:53:22;26.66;;;;
155;21/06/2023;19:27:50;28.89;;;;155;21/06/2023;19:30:10;28.86;;;;155;17/06/2023;03:58:22;26.66;;;;
156;21/06/2023;19:28:50;28.91;;;;156;21/06/2023;19:31:10;28.86;;;;156;17/06/2023;04:03:21;26.66;;;;
157;21/06/2023;19:29:50;28.91;;;;157;21/06/2023;19:32:10;28.87;;;;157;17/06/2023;04:08:21;26.66;;;;
158;21/06/2023;19:30:50;28.91;;;;158;21/06/2023;19:33:10;28.88;;;;158;17/06/2023;04:13:20;26.63;;;;
159;21/06/2023;19:31:50;28.93;;;;159;21/06/2023;19:34:10;28.86;;;;159;17/06/2023;04:18:20;26.64;;;;
160;21/06/2023;19:32:50;28.94;;;;160;21/06/2023;19:35:10;28.88;;;;160;17/06/2023;04:23:19;26.63;;;;
161;21/06/2023;19:33:50;28.94;;;;161;21/06/2023;19:36:10;28.89;;;;161;17/06/2023;04:28:19;26.62;;;;
162;21/06/2023;19:34:50;28.93;;;;162;21/06/2023;19:37:10;28.88;;;;162;17/06/2023;04:33:18;26.59;;;;
163;21/06/2023;19:35:50;28.92;;;;163;21/06/2023;19:38:10;28.88;;;;163;17/06/2023;04:38:17;26.61;;;;
164;21/06/2023;19:36:50;28.92;;;;164;21/06/2023;19:39:10;28.89;;;;164;17/06/2023;04:43:17;26.62;;;;
165;21/06/2023;19:37:50;28.94;;;;165;21/06/2023;19:40:10;28.88;;;;165;17/06/2023;04:48:16;26.59;;;;
166;21/06/2023;19:38:50;28.93;;;;166;21/06/2023;19:41:09;28.88;;;;166;17/06/2023;04:53:16;26.58;;;;
167;21/06/2023;19:39:50;28.92;;;;167;21/06/2023;19:42:09;28.9;;;;167;17/06/2023;04:58:15;26.58;;;;
168;21/06/2023;19:40:50;28.94;;;;168;21/06/2023;19:43:09;28.89;;;;168;17/06/2023;05:03:15;26.56;;;;
169;21/06/2023;19:41:50;28.95;;;;169;21/06/2023;19:44:09;28.9;;;;169;17/06/2023;05:08:14;26.59;;;;
170;21/06/2023;19:42:50;28.95;;;;170;21/06/2023;19:45:09;28.89;;;;170;17/06/2023;05:13:14;26.56;;;;
171;21/06/2023;19:43:50;28.95;;;;171;21/06/2023;19:46:09;28.91;;;;171;17/06/2023;05:18:13;26.56;;;;
172;21/06/2023;19:44:50;28.95;;;;172;21/06/2023;19:47:09;28.92;;;;172;17/06/2023;05:23:13;26.56;;;;
173;21/06/2023;19:45:50;28.92;;;;173;21/06/2023;19:48:09;28.9;;;;173;17/06/2023;05:28:13;26.55;Synchronized;;;
174;21/06/2023;19:46:50;28.97;;;;174;21/06/2023;19:49:09;28.91;;;;174;17/06/2023;05:33:12;26.55;;;;
175;21/06/2023;19:47:50;28.96;;;;175;21/06/2023;19:50:09;28.91;;;;175;17/06/2023;05:38:11;26.53;;;;
176;21/06/2023;19:48:50;28.98;;;;176;21/06/2023;19:51:09;28.9;;;;176;17/06/2023;05:43:11;26.55;;;;
177;21/06/2023;19:49:50;28.97;;;;177;21/06/2023;19:52:09;28.91;;;;177;17/06/2023;05:48:10;26.54;;;;
178;21/06/2023;19:50:50;28.97;;;;178;21/06/2023;19:53:09;28.93;;;;178;17/06/2023;05:53:10;26.54;;;;
179;21/06/2023;19:51:50;28.97;;;;179;21/06/2023;19:54:09;28.91;;;;179;17/06/2023;05:58:09;26.57;;;;
180;21/06/2023;19:52:49;28.98;;;;180;21/06/2023;19:55:09;28.92;;;;180;17/06/2023;06:03:09;26.55;;;;
181;21/06/2023;19:53:49;28.97;;;;181;21/06/2023;19:56:09;28.95;;;;181;17/06/2023;06:08:09;26.55;;;;
182;21/06/2023;19:54:49;28.98;;;;182;21/06/2023;19:57:09;28.95;;;;182;17/06/2023;06:13:08;26.58;;;;
183;21/06/2023;19:55:49;28.97;;;;183;21/06/2023;19:58:09;28.93;;;;183;17/06/2023;06:18:08;26.58;;;;
184;21/06/2023;19:56:49;28.98;;;;184;21/06/2023;19:59:09;28.95;;;;184;17/06/2023;06:23:07;26.59;;;;
185;21/06/2023;19:57:49;28.98;;;;185;21/06/2023;20:00:09;28.92;;;;185;17/06/2023;06:28:07;26.57;;;;
186;21/06/2023;19:58:49;28.98;;;;186;21/06/2023;20:01:09;28.93;;;;186;17/06/2023;06:33:07;26.59;;;;
187;21/06/2023;19:59:49;28.98;;;;187;21/06/2023;20:02:09;28.94;;;;187;17/06/2023;06:38:06;26.62;;;;
188;21/06/2023;20:00:49;28.98;;;;188;21/06/2023;20:03:08;28.95;;;;188;17/06/2023;06:43:06;26.63;;;;
189;21/06/2023;20:01:49;29;;;;189;21/06/2023;20:04:08;28.95;Synchronized;;;189;17/06/2023;06:48:05;26.66;;;;
190;21/06/2023;20:02:49;29;;;;190;21/06/2023;20:05:08;28.96;;;;190;17/06/2023;06:53:04;26.66;;;;
191;21/06/2023;20:03:49;28.98;;;;191;21/06/2023;20:06:08;28.96;;;;191;17/06/2023;06:58:04;26.7;;;;
192;21/06/2023;20:04:49;29;;;;192;21/06/2023;20:07:08;28.95;;;;192;17/06/2023;07:03:03;26.71;;;;
193;21/06/2023;20:05:49;29.01;;;;193;21/06/2023;20:08:08;28.95;Synchronized;;;193;17/06/2023;07:08:03;26.72;;;;
194;21/06/2023;20:06:49;28.98;;;;194;21/06/2023;20:09:08;28.95;Synchronized;;;194;17/06/2023;07:13:02;26.71;;;;
195;21/06/2023;20:07:49;28.99;;;;195;21/06/2023;20:10:08;28.95;;;;195;17/06/2023;07:18:02;26.75;;;;
196;21/06/2023;20:08:49;29;;;;196;21/06/2023;20:11:08;28.95;;;;196;17/06/2023;07:23:01;26.77;;;;
197;21/06/2023;20:09:49;29.01;;;;197;21/06/2023;20:12:08;28.95;;;;197;17/06/2023;07:28:01;26.79;;;;
198;21/06/2023;20:10:49;28.98;;;;198;21/06/2023;20:13:08;28.94;;;;198;17/06/2023;07:33:00;26.8;;;;
199;21/06/2023;20:11:49;28.98;;;;199;21/06/2023;20:14:08;28.95;;;;199;17/06/2023;07:37:59;26.81;;;;
200;21/06/2023;20:12:49;29.01;;;;200;21/06/2023;20:15:08;28.95;;;;200;17/06/2023;07:42:59;26.86;;;;
201;21/06/2023;20:13:49;28.98;;;;201;21/06/2023;20:16:08;28.95;;;;201;17/06/2023;07:47:58;26.88;;;;
202;21/06/2023;20:14:49;29;;;;202;21/06/2023;20:17:08;28.97;;;;202;17/06/2023;07:52:58;26.88;;;;
203;21/06/2023;20:15:49;29;;;;203;21/06/2023;20:18:08;28.95;;;;203;17/06/2023;07:57:57;26.92;;;;
204;21/06/2023;20:16:49;28.99;;;;204;21/06/2023;20:19:08;28.96;;;;204;17/06/2023;08:02:56;26.95;;;;
205;21/06/2023;20:17:49;29;;;;205;21/06/2023;20:20:08;28.96;;;;205;17/06/2023;08:07:56;26.98;;;;
206;21/06/2023;20:18:49;29;;;;206;21/06/2023;20:21:08;28.95;;;;206;17/06/2023;08:12:55;26.98;;;;
207;21/06/2023;20:19:49;28.98;;;;207;21/06/2023;20:22:08;28.98;;;;207;17/06/2023;08:17:55;27.02;;;;
208;21/06/2023;20:20:49;29.01;;;;208;21/06/2023;20:23:08;28.96;;;;208;17/06/2023;08:22:54;27.04;;;;
209;21/06/2023;20:21:49;29.02;;;;209;21/06/2023;20:24:07;28.96;;;;209;17/06/2023;08:27:54;27.05;;;;
210;21/06/2023;20:22:48;29;;;;210;21/06/2023;20:25:07;28.95;;;;210;17/06/2023;08:32:53;27.06;;;;
211;21/06/2023;20:23:48;29.02;;;;211;21/06/2023;20:26:07;28.94;;;;211;17/06/2023;08:37:53;27.12;;;;
212;21/06/2023;20:24:48;29;;;;212;21/06/2023;20:27:07;28.95;;;;212;17/06/2023;08:42:52;27.12;;;;
213;21/06/2023;20:25:48;28.98;;;;213;21/06/2023;20:28:07;28.95;;;;213;17/06/2023;08:47:52;27.15;Synchronized;;;
214;21/06/2023;20:26:48;28.98;;;;214;21/06/2023;20:29:07;28.94;;;;214;17/06/2023;08:52:51;27.16;;;;
215;21/06/2023;20:27:48;28.98;;;;215;21/06/2023;20:30:07;28.95;;;;215;17/06/2023;08:57:51;27.19;;;;
216;21/06/2023;20:28:48;29;;;;216;21/06/2023;20:31:07;28.93;;;;216;17/06/2023;09:02:50;27.21;;;;
217;21/06/2023;20:29:48;28.98;;;;217;21/06/2023;20:32:07;28.95;;;;217;17/06/2023;09:07:50;27.23;;;;
218;21/06/2023;20:30:48;28.98;;;;218;21/06/2023;20:33:07;28.92;;;;218;17/06/2023;09:12:49;27.27;;;;
219;21/06/2023;20:31:48;28.98;;;;219;21/06/2023;20:34:07;28.91;;;;219;17/06/2023;09:17:49;27.26;;;;
220;21/06/2023;20:32:48;28.98;;;;220;21/06/2023;20:35:07;28.92;;;;220;17/06/2023;09:22:48;27.27;;;;
221;21/06/2023;20:33:48;28.97;;;;221;21/06/2023;20:36:07;28.93;;;;221;17/06/2023;09:27:48;27.3;;;;
222;21/06/2023;20:34:48;28.98;;;;222;21/06/2023;20:37:07;28.9;;;;222;17/06/2023;09:32:47;27.32;;;;
223;21/06/2023;20:35:48;28.97;;;;223;21/06/2023;20:38:07;28.92;;;;223;17/06/2023;09:37:47;27.34;;;;
224;21/06/2023;20:36:48;28.97;;;;224;21/06/2023;20:39:07;28.92;;;;224;17/06/2023;09:42:47;27.35;;;;
225;21/06/2023;20:37:48;28.98;;;;225;21/06/2023;20:40:07;28.9;Synchronized;;;225;17/06/2023;09:47:46;27.41;;;;
226;21/06/2023;20:38:48;28.96;;;;226;21/06/2023;20:41:07;28.94;;;;226;17/06/2023;09:52:46;27.43;;;;
227;21/06/2023;20:39:48;28.96;;;;227;21/06/2023;20:42:07;28.91;;;;227;17/06/2023;09:57:45;27.43;;;;
228;21/06/2023;20:40:48;28.95;;;;228;21/06/2023;20:43:07;28.9;;;;228;17/06/2023;10:02:45;27.45;;;;
229;21/06/2023;20:41:48;28.95;;;;229;21/06/2023;20:44:07;28.91;;;;229;17/06/2023;10:07:44;27.47;;;;
230;21/06/2023;20:42:48;28.97;;;;230;21/06/2023;20:45:07;28.89;;;;230;17/06/2023;10:12:44;27.43;;;;
231;21/06/2023;20:43:48;28.96;;;;231;21/06/2023;20:46:07;28.9;;;;231;17/06/2023;10:17:43;27.46;;;;
232;21/06/2023;20:44:48;28.97;;;;232;21/06/2023;20:47:06;28.89;;;;232;17/06/2023;10:22:43;27.46;;;;
233;21/06/2023;20:45:48;28.94;;;;233;21/06/2023;20:48:06;28.91;;;;233;17/06/2023;10:27:42;27.48;;;;
234;21/06/2023;20:46:48;28.96;;;;234;21/06/2023;20:49:06;28.9;;;;234;17/06/2023;10:32:41;27.49;;;;
235;21/06/2023;20:47:48;28.95;;;;235;21/06/2023;20:50:06;28.89;Synchronized;;;235;17/06/2023;10:37:41;27.5;;;;
236;21/06/2023;20:48:48;28.95;;;;236;21/06/2023;20:51:06;28.9;;;;236;17/06/2023;10:42:40;27.51;;;;
237;21/06/2023;20:49:48;28.95;;;;237;21/06/2023;20:52:06;28.89;;;;237;17/06/2023;10:47:40;27.5;Synchronized;;;
238;21/06/2023;20:50:48;28.95;;;;238;21/06/2023;20:53:06;28.89;;;;238;17/06/2023;10:52:39;27.53;;;;
239;21/06/2023;20:51:48;28.95;;;;239;21/06/2023;20:54:06;28.88;;;;239;17/06/2023;10:57:39;27.53;;;;
240;21/06/2023;20:52:48;28.95;;;;240;21/06/2023;20:55:06;28.89;;;;240;17/06/2023;11:02:38;27.54;;;;
241;21/06/2023;20:53:47;28.94;;;;241;21/06/2023;20:56:06;28.88;;;;241;17/06/2023;11:07:38;27.53;;;;
242;21/06/2023;20:54:47;28.94;;;;242;21/06/2023;20:57:06;28.88;;;;242;17/06/2023;11:12:37;27.55;;;;
243;21/06/2023;20:55:47;28.95;;;;243;21/06/2023;20:58:06;28.87;;;;243;17/06/2023;11:17:36;27.52;;;;
244;21/06/2023;20:56:47;28.93;;;;244;21/06/2023;20:59:06;28.88;;;;244;17/06/2023;11:22:36;27.53;;;;
245;21/06/2023;20:57:47;28.94;;;;245;21/06/2023;21:00:06;28.88;;;;245;17/06/2023;11:27:35;27.58;;;;
246;21/06/2023;20:58:47;28.93;;;;246;21/06/2023;21:01:06;28.89;;;;246;17/06/2023;11:32:35;27.54;;;;
247;21/06/2023;20:59:47;28.91;;;;247;21/06/2023;21:02:06;28.89;;;;247;17/06/2023;11:37:35;27.55;;;;
248;21/06/2023;21:00:47;28.93;;;;248;21/06/2023;21:03:06;28.88;;;;248;17/06/2023;11:42:34;27.54;;;;
249;21/06/2023;21:01:47;28.94;;;;249;21/06/2023;21:04:06;28.88;;;;249;17/06/2023;11:47:34;27.56;;;;
250;21/06/2023;21:02:47;28.92;;;;250;21/06/2023;21:05:06;28.87;;;;250;17/06/2023;11:52:33;27.58;;;;
251;21/06/2023;21:03:47;28.93;;;;251;21/06/2023;21:06:06;28.88;;;;251;17/06/2023;11:57:32;27.55;;;;
252;21/06/2023;21:04:47;28.92;;;;252;21/06/2023;21:07:06;28.88;;;;252;17/06/2023;12:02:32;27.55;;;;
253;21/06/2023;21:05:47;28.95;;;;253;21/06/2023;21:08:06;28.88;;;;253;17/06/2023;12:07:31;27.55;;;;
254;21/06/2023;21:06:47;28.91;;;;254;21/06/2023;21:09:06;28.86;;;;254;17/06/2023;12:12:31;27.55;;;;
255;21/06/2023;21:07:47;28.93;;;;255;21/06/2023;21:10:06;28.86;;;;255;17/06/2023;12:17:30;27.55;;;;
256;21/06/2023;21:08:47;28.92;;;;256;21/06/2023;21:11:06;28.87;;;;256;17/06/2023;12:22:30;27.54;;;;
257;21/06/2023;21:09:47;28.92;;;;257;21/06/2023;21:12:06;28.85;;;;257;17/06/2023;12:27:29;27.52;;;;
258;21/06/2023;21:10:47;28.92;;;;258;21/06/2023;21:13:06;28.88;;;;258;17/06/2023;12:32:29;27.52;;;;
259;21/06/2023;21:11:47;28.91;;;;259;21/06/2023;21:14:06;28.86;;;;259;17/06/2023;12:37:28;27.55;;;;
260;21/06/2023;21:12:47;28.92;;;;260;21/06/2023;21:15:06;28.85;;;;260;17/06/2023;12:42:27;27.52;;;;
261;21/06/2023;21:13:47;28.92;;;;261;21/06/2023;21:16:06;28.84;;;;261;17/06/2023;12:47:27;27.55;;;;
262;21/06/2023;21:14:47;28.91;;;;262;21/06/2023;21:17:05;28.87;;;;262;17/06/2023;12:52:26;27.58;;;;
263;21/06/2023;21:15:47;28.91;;;;263;21/06/2023;21:18:05;28.85;;;;263;17/06/2023;12:57:26;27.53;;;;
264;21/06/2023;21:16:47;28.88;;;;264;21/06/2023;21:19:05;28.84;;;;264;17/06/2023;13:02:25;27.54;;;;
265;21/06/2023;21:17:47;28.91;;;;265;21/06/2023;21:20:05;28.83;;;;265;17/06/2023;13:07:25;27.55;;;;
266;21/06/2023;21:18:47;28.91;;;;266;21/06/2023;21:21:05;28.85;;;;266;17/06/2023;13:12:24;27.55;;;;
267;21/06/2023;21:19:47;28.91;;;;267;21/06/2023;21:22:05;28.84;;;;267;17/06/2023;13:17:23;27.54;;;;
268;21/06/2023;21:20:47;28.89;;;;268;21/06/2023;21:23:05;28.84;;;;268;17/06/2023;13:22:23;27.55;;;;
269;21/06/2023;21:21:47;28.88;;;;269;21/06/2023;21:24:05;28.84;Synchronized;;;269;17/06/2023;13:27:22;27.54;;;;
270;21/06/2023;21:22:47;28.91;;;;270;21/06/2023;21:25:05;28.83;;;;270;17/06/2023;13:32:22;27.53;;;;
271;21/06/2023;21:23:47;28.88;;;;271;21/06/2023;21:26:05;28.84;;;;271;17/06/2023;13:37:21;27.52;;;;
272;21/06/2023;21:24:47;28.88;;;;272;21/06/2023;21:27:05;28.84;;;;272;17/06/2023;13:42:20;27.56;;;;
273;21/06/2023;21:25:46;28.88;;;;273;21/06/2023;21:28:05;28.84;;;;273;17/06/2023;13:47:20;27.53;;;;
274;21/06/2023;21:26:46;28.88;;;;274;21/06/2023;21:29:05;28.84;;;;274;17/06/2023;13:52:19;27.52;;;;
275;21/06/2023;21:27:46;28.88;;;;275;21/06/2023;21:30:05;28.84;;;;275;17/06/2023;13:57:19;27.53;;;;
276;21/06/2023;21:28:46;28.88;;;;276;21/06/2023;21:31:05;28.84;;;;276;17/06/2023;14:02:18;27.52;;;;
277;21/06/2023;21:29:46;28.89;;;;277;21/06/2023;21:32:05;28.84;;;;277;17/06/2023;14:07:17;27.52;;;;
278;21/06/2023;21:30:46;28.91;;;;278;21/06/2023;21:33:05;28.84;;;;278;17/06/2023;14:12:17;27.54;;;;
279;21/06/2023;21:31:46;28.91;;;;279;21/06/2023;21:34:05;28.84;;;;279;17/06/2023;14:17:16;27.55;;;;
280;21/06/2023;21:32:46;28.91;;;;280;21/06/2023;21:35:05;28.84;;;;280;17/06/2023;14:22:15;27.54;;;;
281;21/06/2023;21:33:46;28.88;;;;281;21/06/2023;21:36:05;28.84;;;;281;17/06/2023;14:27:15;27.55;;;;
282;21/06/2023;21:34:46;28.91;;;;282;21/06/2023;21:37:05;28.84;;;;282;17/06/2023;14:32:14;27.53;;;;
283;21/06/2023;21:35:46;28.88;;;;283;21/06/2023;21:38:05;28.82;;;;283;17/06/2023;14:37:14;27.55;;;;
284;21/06/2023;21:36:46;28.88;;;;284;21/06/2023;21:39:05;28.8;;;;284;17/06/2023;14:42:13;27.52;;;;
285;21/06/2023;21:37:46;28.88;;;;285;21/06/2023;21:40:05;28.8;;;;285;17/06/2023;14:47:12;27.58;;;;
286;21/06/2023;21:38:46;28.86;;;;286;21/06/2023;21:41:05;28.8;;;;286;17/06/2023;14:52:12;27.54;;;;
287;21/06/2023;21:39:46;28.86;;;;287;21/06/2023;21:42:05;28.8;;;;287;17/06/2023;14:57:11;27.55;;;;
288;21/06/2023;21:40:46;28.85;;;;288;21/06/2023;21:43:05;28.8;;;;288;17/06/2023;15:02:11;27.55;;;;
289;21/06/2023;21:41:46;28.84;;;;289;21/06/2023;21:44:05;28.78;;;;289;17/06/2023;15:07:10;27.54;;;;
290;21/06/2023;21:42:46;28.85;;;;290;21/06/2023;21:45:05;28.77;;;;290;17/06/2023;15:12:09;27.55;;;;
291;21/06/2023;21:43:46;28.85;;;;291;21/06/2023;21:46:05;28.76;;;;291;17/06/2023;15:17:09;27.53;;;;
292;21/06/2023;21:44:46;28.83;;;;292;21/06/2023;21:47:05;28.77;;;;292;17/06/2023;15:22:08;27.53;;;;
293;21/06/2023;21:45:46;28.82;;;;293;21/06/2023;21:48:05;28.75;;;;293;17/06/2023;15:27:08;27.58;;;;
294;21/06/2023;21:46:46;28.81;Synchronized;;;294;21/06/2023;21:49:05;28.76;;;;294;17/06/2023;15:32:07;27.55;;;;
295;21/06/2023;21:47:46;28.84;;;;295;21/06/2023;21:50:05;28.76;;;;295;17/06/2023;15:37:06;27.53;;;;
296;21/06/2023;21:48:46;28.82;;;;296;21/06/2023;21:51:05;28.77;;;;296;17/06/2023;15:42:06;27.56;;;;
297;21/06/2023;21:49:46;28.83;;;;297;21/06/2023;21:52:05;28.75;;;;297;17/06/2023;15:47:05;27.56;;;;
298;21/06/2023;21:50:46;28.81;;;;298;21/06/2023;21:53:05;28.75;;;;298;17/06/2023;15:52:04;27.55;;;;
299;21/06/2023;21:51:46;28.8;;;;299;21/06/2023;21:54:05;28.74;;;;299;17/06/2023;15:57:04;27.59;;;;
300;21/06/2023;21:52:46;28.8;;;;300;21/06/2023;21:55:05;28.75;;;;300;17/06/2023;16:02:03;27.59;;;;
301;21/06/2023;21:53:46;28.81;;;;301;21/06/2023;21:56:05;28.73;;;;301;17/06/2023;16:07:03;27.6;;;;
302;21/06/2023;21:54:46;28.81;;;;302;21/06/2023;21:57:05;28.73;;;;302;17/06/2023;16:12:02;27.59;;;;
303;21/06/2023;21:55:46;28.8;;;;303;21/06/2023;21:58:04;28.74;;;;303;17/06/2023;16:17:02;27.59;;;;
304;21/06/2023;21:56:46;28.8;;;;304;21/06/2023;21:59:04;28.72;;;;304;17/06/2023;16:22:01;27.6;;;;
305;21/06/2023;21:57:46;28.82;;;;305;21/06/2023;22:00:04;28.73;Synchronized;;;305;17/06/2023;16:27:00;27.62;;;;
306;21/06/2023;21:58:46;28.81;;;;306;21/06/2023;22:01:04;28.74;;;;306;17/06/2023;16:32:00;27.61;;;;
307;21/06/2023;21:59:46;28.8;;;;307;21/06/2023;22:02:04;28.72;;;;307;17/06/2023;16:36:59;27.63;;;;
308;21/06/2023;22:00:46;28.8;;;;308;21/06/2023;22:03:04;28.73;;;;308;17/06/2023;16:41:58;27.65;;;;
309;21/06/2023;22:01:46;28.79;;;;309;21/06/2023;22:04:04;28.73;;;;309;17/06/2023;16:46:58;27.66;;;;
310;21/06/2023;22:02:46;28.8;;;;310;21/06/2023;22:05:04;28.73;;;;310;17/06/2023;16:51:57;27.67;;;;
311;21/06/2023;22:03:46;28.77;;;;311;21/06/2023;22:06:04;28.72;;;;311;17/06/2023;16:56:56;27.7;;;;
312;21/06/2023;22:04:46;28.8;;;;312;21/06/2023;22:07:04;28.73;;;;312;17/06/2023;17:01:56;27.7;;;;
313;21/06/2023;22:05:46;28.8;;;;313;21/06/2023;22:08:04;28.73;;;;313;17/06/2023;17:06:55;27.73;;;;
314;21/06/2023;22:06:46;28.77;;;;314;21/06/2023;22:09:04;28.72;;;;314;17/06/2023;17:11:54;27.74;;;;
315;21/06/2023;22:07:46;28.79;;;;315;21/06/2023;22:10:04;28.72;;;;315;17/06/2023;17:16:54;27.77;;;;
316;21/06/2023;22:08:46;28.79;;;;316;21/06/2023;22:11:04;28.72;;;;316;17/06/2023;17:21:53;27.78;;;;
317;21/06/2023;22:09:46;28.79;;;;317;21/06/2023;22:12:04;28.73;;;;317;17/06/2023;17:26:52;27.82;Synchronized;;;
318;21/06/2023;22:10:46;28.79;;;;318;21/06/2023;22:13:04;28.7;;;;318;17/06/2023;17:31:51;27.87;;;;
319;21/06/2023;22:11:46;28.77;;;;319;21/06/2023;22:14:04;28.7;;;;319;17/06/2023;17:36:50;27.88;;;;
320;21/06/2023;22:12:46;28.77;;;;320;21/06/2023;22:15:04;28.71;;;;320;17/06/2023;17:41:50;27.88;;;;
321;21/06/2023;22:13:46;28.77;;;;321;21/06/2023;22:16:04;28.71;;;;321;17/06/2023;17:46:49;27.88;;;;
322;21/06/2023;22:14:46;28.77;;;;322;21/06/2023;22:17:04;28.7;;;;322;17/06/2023;17:51:48;27.88;;;;
323;21/06/2023;22:15:46;28.77;;;;323;21/06/2023;22:18:04;28.71;Synchronized;;;323;17/06/2023;17:56:47;27.92;;;;
324;21/06/2023;22:16:46;28.77;;;;324;21/06/2023;22:19:04;28.69;;;;324;17/06/2023;18:01:47;27.91;;;;
325;21/06/2023;22:17:46;28.77;;;;325;21/06/2023;22:20:04;28.69;;;;325;17/06/2023;18:06:46;27.95;;;;
326;21/06/2023;22:18:46;28.77;;;;326;21/06/2023;22:21:04;28.7;;;;326;17/06/2023;18:11:46;27.92;;;;
327;21/06/2023;22:19:46;28.77;;;;327;21/06/2023;22:22:04;28.7;;;;327;17/06/2023;18:16:45;27.95;;;;
328;21/06/2023;22:20:46;28.75;;;;328;21/06/2023;22:23:04;28.69;;;;328;17/06/2023;18:21:45;27.96;;;;
329;21/06/2023;22:21:46;28.76;;;;329;21/06/2023;22:24:04;28.69;;;;329;17/06/2023;18:26:44;28;;;;
330;21/06/2023;22:22:46;28.73;;;;330;21/06/2023;22:25:04;28.69;;;;330;17/06/2023;18:31:43;28.04;;;;
331;21/06/2023;22:23:46;28.75;;;;331;21/06/2023;22:26:04;28.68;;;;331;17/06/2023;18:36:42;28.05;;;;
332;21/06/2023;22:24:46;28.74;;;;332;21/06/2023;22:27:04;28.67;;;;332;17/06/2023;18:41:41;28.09;;;;
333;21/06/2023;22:25:46;28.74;;;;333;21/06/2023;22:28:04;28.67;;;;333;17/06/2023;18:46:40;28.13;;;;
334;21/06/2023;22:26:46;28.74;;;;334;21/06/2023;22:29:04;28.68;;;;334;17/06/2023;18:51:39;28.18;;;;
335;21/06/2023;22:27:46;28.75;;;;335;21/06/2023;22:30:04;28.69;;;;335;17/06/2023;18:56:39;28.2;Synchronized;;;
336;21/06/2023;22:28:46;28.75;;;;336;21/06/2023;22:31:04;28.66;;;;336;17/06/2023;19:01:38;28.25;;;;
337;21/06/2023;22:29:46;28.73;;;;337;21/06/2023;22:32:04;28.65;;;;337;17/06/2023;19:06:37;28.27;;;;
338;21/06/2023;22:30:46;28.75;;;;338;21/06/2023;22:33:04;28.67;;;;338;17/06/2023;19:11:36;28.33;;;;
339;21/06/2023;22:31:46;28.74;;;;339;21/06/2023;22:34:04;28.68;;;;339;17/06/2023;19:16:35;28.36;;;;
340;21/06/2023;22:32:46;28.73;;;;340;21/06/2023;22:35:04;28.68;;;;340;17/06/2023;19:21:34;28.38;;;;
341;21/06/2023;22:33:46;28.73;;;;341;21/06/2023;22:36:04;28.69;;;;341;17/06/2023;19:26:33;28.39;;;;
342;21/06/2023;22:34:46;28.74;;;;342;21/06/2023;22:37:04;28.64;;;;342;17/06/2023;19:31:32;28.42;;;;
343;21/06/2023;22:35:46;28.73;;;;343;21/06/2023;22:38:04;28.65;;;;343;17/06/2023;19:36:32;28.44;;;;
344;21/06/2023;22:36:46;28.73;;;;344;21/06/2023;22:39:04;28.67;;;;344;17/06/2023;19:41:32;28.45;;;;
345;21/06/2023;22:37:45;28.74;;;;345;21/06/2023;22:40:04;28.66;;;;345;17/06/2023;19:46:32;28.45;;;;
346;21/06/2023;22:38:45;28.73;;;;346;21/06/2023;22:41:04;28.67;;;;346;17/06/2023;19:51:31;28.47;;;;
347;21/06/2023;22:39:45;28.71;;;;347;21/06/2023;22:42:04;28.63;;;;347;17/06/2023;19:56:30;28.49;;;;
348;21/06/2023;22:40:45;28.73;;;;348;21/06/2023;22:43:04;28.68;;;;348;17/06/2023;20:01:29;28.5;;;;
349;21/06/2023;22:41:45;28.72;;;;349;21/06/2023;22:44:04;28.66;;;;349;17/06/2023;20:06:29;28.5;;;;
350;21/06/2023;22:42:45;28.73;;;;350;21/06/2023;22:45:04;28.65;;;;350;17/06/2023;20:11:29;28.49;;;;
351;21/06/2023;22:43:45;28.73;;;;351;21/06/2023;22:46:04;28.64;;;;351;17/06/2023;20:16:29;28.48;;;;
352;21/06/2023;22:44:45;28.73;;;;352;21/06/2023;22:47:04;28.65;;;;352;17/06/2023;20:21:28;28.49;;;;
353;21/06/2023;22:45:45;28.71;;;;353;21/06/2023;22:48:04;28.64;;;;353;17/06/2023;20:26:28;28.46;;;;
354;21/06/2023;22:46:45;28.72;;;;354;21/06/2023;22:49:04;28.64;;;;354;17/06/2023;20:31:27;28.48;;;;
355;21/06/2023;22:47:45;28.72;;;;355;21/06/2023;22:50:04;28.66;;;;355;17/06/2023;20:36:27;28.46;;;;
356;21/06/2023;22:48:45;28.72;;;;356;21/06/2023;22:51:04;28.64;;;;356;17/06/2023;20:41:26;28.44;;;;
357;21/06/2023;22:49:45;28.71;;;;357;21/06/2023;22:52:04;28.65;;;;357;17/06/2023;20:46:26;28.38;;;;
358;21/06/2023;22:50:45;28.71;;;;358;21/06/2023;22:53:04;28.65;;;;358;17/06/2023;20:51:26;28.34;;;;
359;21/06/2023;22:51:45;28.72;;;;359;21/06/2023;22:54:04;28.63;;;;359;17/06/2023;20:56:25;28.34;;;;
360;21/06/2023;22:52:45;28.71;;;;360;21/06/2023;22:55:04;28.63;;;;360;17/06/2023;21:01:24;28.33;;;;
361;21/06/2023;22:53:45;28.7;;;;361;21/06/2023;22:56:04;28.65;;;;361;17/06/2023;21:06:23;28.28;;;;
362;21/06/2023;22:54:45;28.7;;;;362;21/06/2023;22:57:04;28.63;;;;362;17/06/2023;21:11:23;28.27;;;;
363;21/06/2023;22:55:45;28.71;;;;363;21/06/2023;22:58:04;28.61;;;;363;17/06/2023;21:16:22;28.23;;;;
364;21/06/2023;22:56:45;28.7;;;;364;21/06/2023;22:59:04;28.62;;;;364;17/06/2023;21:21:22;28.2;;;;
365;21/06/2023;22:57:45;28.71;;;;365;21/06/2023;23:00:04;28.62;;;;365;17/06/2023;21:26:21;28.21;;;;
366;21/06/2023;22:58:45;28.7;;;;366;21/06/2023;23:01:04;28.61;Synchronized;;;366;17/06/2023;21:31:20;28.21;;;;
367;21/06/2023;22:59:45;28.7;;;;367;21/06/2023;23:02:04;28.61;;;;367;17/06/2023;21:36:19;28.16;;;;
368;21/06/2023;23:00:45;28.68;;;;368;21/06/2023;23:03:04;28.63;;;;368;17/06/2023;21:41:18;28.15;;;;
369;21/06/2023;23:01:45;28.67;;;;369;21/06/2023;23:04:04;28.6;;;;369;17/06/2023;21:46:17;28.15;;;;
370;21/06/2023;23:02:45;28.69;;;;370;21/06/2023;23:05:04;28.61;;;;370;17/06/2023;21:51:16;28.13;;;;
371;21/06/2023;23:03:45;28.68;;;;371;21/06/2023;23:06:04;28.61;;;;371;17/06/2023;21:56:15;28.13;;;;
372;21/06/2023;23:04:45;28.68;;;;372;21/06/2023;23:07:04;28.62;;;;372;17/06/2023;22:01:14;28.09;;;;
373;21/06/2023;23:05:45;28.66;;;;373;21/06/2023;23:08:04;28.59;;;;373;17/06/2023;22:06:13;28.09;;;;
374;21/06/2023;23:06:45;28.68;;;;374;21/06/2023;23:09:04;28.59;;;;374;17/06/2023;22:11:13;28.06;;;;
375;21/06/2023;23:07:45;28.69;;;;375;21/06/2023;23:10:04;28.59;;;;375;17/06/2023;22:16:12;28.05;;;;
376;21/06/2023;23:08:45;28.69;;;;376;21/06/2023;23:11:04;28.59;;;;376;17/06/2023;22:21:11;28.03;;;;
377;21/06/2023;23:09:45;28.69;;;;377;21/06/2023;23:12:04;28.59;;;;377;17/06/2023;22:26:10;28.03;;;;
378;21/06/2023;23:10:45;28.65;;;;378;21/06/2023;23:13:04;28.59;;;;378;17/06/2023;22:31:09;28;;;;
379;21/06/2023;23:11:45;28.66;;;;379;21/06/2023;23:14:04;28.59;;;;379;17/06/2023;22:36:08;27.99;;;;
380;21/06/2023;23:12:45;28.67;;;;380;21/06/2023;23:15:04;28.59;;;;380;17/06/2023;22:41:07;27.99;;;;
381;21/06/2023;23:13:45;28.67;;;;381;21/06/2023;23:16:04;28.59;;;;381;17/06/2023;22:46:06;27.97;;;;
382;21/06/2023;23:14:45;28.67;;;;382;21/06/2023;23:17:04;28.59;;;;382;17/06/2023;22:51:06;27.95;;;;
383;21/06/2023;23:15:45;28.66;;;;383;21/06/2023;23:18:04;28.58;;;;383;17/06/2023;22:56:05;27.94;;;;
384;21/06/2023;23:16:45;28.63;;;;384;21/06/2023;23:19:04;28.58;;;;384;17/06/2023;23:01:04;27.91;;;;
385;21/06/2023;23:17:45;28.65;;;;385;21/06/2023;23:20:04;28.59;;;;385;17/06/2023;23:06:03;27.9;;;;
386;21/06/2023;23:18:45;28.64;;;;386;21/06/2023;23:21:04;28.58;;;;386;17/06/2023;23:11:02;27.89;;;;
387;21/06/2023;23:19:45;28.65;;;;387;21/06/2023;23:22:04;28.59;;;;387;17/06/2023;23:16:02;27.89;;;;
388;21/06/2023;23:20:45;28.66;;;;388;21/06/2023;23:23:04;28.58;;;;388;17/06/2023;23:21:01;27.87;;;;
389;21/06/2023;23:21:45;28.66;;;;389;21/06/2023;23:24:04;28.58;;;;389;17/06/2023;23:26:00;27.85;;;;
390;21/06/2023;23:22:45;28.65;;;;390;21/06/2023;23:25:04;28.59;;;;390;17/06/2023;23:30:59;27.85;;;;
391;21/06/2023;23:23:45;28.66;;;;391;21/06/2023;23:26:04;28.59;;;;391;17/06/2023;23:35:59;27.8;;;;
392;21/06/2023;23:24:45;28.63;;;;392;21/06/2023;23:27:04;28.57;;;;392;17/06/2023;23:40:58;27.82;;;;
393;21/06/2023;23:25:45;28.64;;;;393;21/06/2023;23:28:04;28.57;;;;393;17/06/2023;23:45:57;27.8;;;;
394;21/06/2023;23:26:45;28.64;;;;394;21/06/2023;23:29:04;28.57;;;;394;17/06/2023;23:50:56;27.79;;;;
395;21/06/2023;23:27:45;28.64;;;;395;21/06/2023;23:30:04;28.57;;;;395;17/06/2023;23:55:56;27.79;;;;
396;21/06/2023;23:28:45;28.63;;;;396;21/06/2023;23:31:04;28.56;;;;396;18/06/2023;00:00:55;27.78;;;;
397;21/06/2023;23:29:45;28.62;;;;397;21/06/2023;23:32:04;28.57;;;;397;18/06/2023;00:05:54;27.77;;;;
398;21/06/2023;23:30:45;28.63;;;;398;21/06/2023;23:33:04;28.57;;;;398;18/06/2023;00:10:54;27.75;;;;
399;21/06/2023;23:31:45;28.63;;;;399;21/06/2023;23:34:04;28.54;;;;399;18/06/2023;00:15:53;27.74;;;;
400;21/06/2023;23:32:45;28.6;;;;400;21/06/2023;23:35:04;28.54;;;;400;18/06/2023;00:20:52;27.73;;;;
401;21/06/2023;23:33:45;28.59;;;;401;21/06/2023;23:36:03;28.55;;;;401;18/06/2023;00:25:51;27.71;;;;
402;21/06/2023;23:34:45;28.62;;;;402;21/06/2023;23:37:03;28.54;;;;402;18/06/2023;00:30:51;27.71;;;;
403;21/06/2023;23:35:45;28.62;;;;403;21/06/2023;23:38:04;28.54;;;;403;18/06/2023;00:35:50;27.71;;;;
404;21/06/2023;23:36:45;28.6;;;;404;21/06/2023;23:39:04;28.52;;;;404;18/06/2023;00:40:49;27.67;;;;
405;21/06/2023;23:37:45;28.6;;;;405;21/06/2023;23:40:04;28.54;;;;405;18/06/2023;00:45:49;27.66;;;;
406;21/06/2023;23:38:45;28.6;;;;406;21/06/2023;23:41:04;28.53;;;;406;18/06/2023;00:50:48;27.66;;;;
407;21/06/2023;23:39:45;28.61;;;;407;21/06/2023;23:42:04;28.53;;;;407;18/06/2023;00:55:47;27.64;;;;
408;21/06/2023;23:40:45;28.61;;;;408;21/06/2023;23:43:04;28.56;;;;408;18/06/2023;01:00:47;27.65;;;;
409;21/06/2023;23:41:45;28.62;;;;409;21/06/2023;23:44:04;28.55;;;;409;18/06/2023;01:05:46;27.66;;;;
410;21/06/2023;23:42:45;28.59;;;;410;21/06/2023;23:45:04;28.52;;;;410;18/06/2023;01:10:46;27.63;;;;
411;21/06/2023;23:43:45;28.62;;;;411;21/06/2023;23:46:04;28.53;;;;411;18/06/2023;01:15:45;27.63;;;;
412;21/06/2023;23:44:45;28.59;;;;412;21/06/2023;23:47:04;28.52;;;;412;18/06/2023;01:20:44;27.61;;;;
413;21/06/2023;23:45:45;28.59;;;;413;21/06/2023;23:48:04;28.52;;;;413;18/06/2023;01:25:44;27.59;;;;
414;21/06/2023;23:46:45;28.61;;;;414;21/06/2023;23:49:04;28.5;;;;414;18/06/2023;01:30:43;27.59;;;;
415;21/06/2023;23:47:45;28.6;;;;415;21/06/2023;23:50:04;28.51;;;;415;18/06/2023;01:35:43;27.6;;;;
416;21/06/2023;23:48:45;28.59;;;;416;21/06/2023;23:51:04;28.51;;;;416;18/06/2023;01:40:42;27.56;;;;
417;21/06/2023;23:49:45;28.58;;;;417;21/06/2023;23:52:04;28.52;;;;417;18/06/2023;01:45:41;27.56;;;;
418;21/06/2023;23:50:45;28.59;;;;418;21/06/2023;23:53:04;28.51;;;;418;18/06/2023;01:50:41;27.56;;;;
419;21/06/2023;23:51:45;28.55;;;;419;21/06/2023;23:54:04;28.5;;;;419;18/06/2023;01:55:40;27.53;;;;
420;21/06/2023;23:52:45;28.56;;;;420;21/06/2023;23:55:04;28.48;;;;420;18/06/2023;02:00:40;27.54;;;;
421;21/06/2023;23:53:45;28.58;;;;421;21/06/2023;23:56:04;28.48;;;;421;18/06/2023;02:05:39;27.52;;;;
422;21/06/2023;23:54:45;28.57;;;;422;21/06/2023;23:57:04;28.46;;;;422;18/06/2023;02:10:39;27.5;;;;
423;21/06/2023;23:55:45;28.55;;;;423;21/06/2023;23:58:04;28.47;;;;423;18/06/2023;02:15:38;27.5;;;;
424;21/06/2023;23:56:45;28.55;;;;424;21/06/2023;23:59:04;28.48;;;;424;18/06/2023;02:20:37;27.5;;;;
425;21/06/2023;23:57:45;28.56;;;;425;22/06/2023;00:00:04;28.46;;;;425;18/06/2023;02:25:37;27.48;;;;
426;21/06/2023;23:58:45;28.55;;;;426;22/06/2023;00:01:04;28.45;;;;426;18/06/2023;02:30:36;27.49;;;;
427;21/06/2023;23:59:45;28.52;;;;427;22/06/2023;00:02:04;28.41;;;;427;18/06/2023;02:35:36;27.48;;;;
428;22/06/2023;00:00:45;28.5;;;;428;22/06/2023;00:03:04;28.43;;;;428;18/06/2023;02:40:35;27.47;;;;
429;22/06/2023;00:01:45;28.52;;;;429;22/06/2023;00:04:04;28.45;;;;429;18/06/2023;02:45:35;27.43;;;;
430;22/06/2023;00:02:45;28.51;;;;430;22/06/2023;00:05:04;28.43;;;;430;18/06/2023;02:50:34;27.43;;;;
431;22/06/2023;00:03:45;28.5;;;;431;22/06/2023;00:06:04;28.41;;;;431;18/06/2023;02:55:34;27.43;;;;
432;22/06/2023;00:04:45;28.5;;;;432;22/06/2023;00:07:04;28.41;;;;432;18/06/2023;03:00:33;27.41;;;;
433;22/06/2023;00:05:45;28.48;;;;433;22/06/2023;00:08:04;28.41;;;;433;18/06/2023;03:05:33;27.44;;;;
434;22/06/2023;00:06:45;28.47;;;;434;22/06/2023;00:09:04;28.4;;;;434;18/06/2023;03:10:32;27.41;;;;
435;22/06/2023;00:07:45;28.48;;;;435;22/06/2023;00:10:04;28.45;;;;435;18/06/2023;03:15:32;27.41;;;;
436;22/06/2023;00:08:45;28.48;Synchronized;;;436;22/06/2023;00:11:04;28.46;;;;436;18/06/2023;03:20:31;27.4;;;;
437;22/06/2023;00:09:45;28.49;;;;437;22/06/2023;00:12:04;28.41;;;;437;18/06/2023;03:25:30;27.41;;;;
438;22/06/2023;00:10:45;28.48;;;;438;22/06/2023;00:13:04;28.44;;;;438;18/06/2023;03:30:30;27.38;Synchronized;;;
439;22/06/2023;00:11:45;28.48;;;;439;22/06/2023;00:14:04;28.45;;;;439;18/06/2023;03:35:29;27.37;;;;
440;22/06/2023;00:12:45;28.48;;;;440;22/06/2023;00:15:04;28.43;;;;440;18/06/2023;03:40:29;27.36;;;;
441;22/06/2023;00:13:45;28.49;;;;441;22/06/2023;00:16:04;28.43;;;;441;18/06/2023;03:45:28;27.36;;;;
442;22/06/2023;00:14:45;28.49;;;;442;22/06/2023;00:17:04;28.44;;;;442;18/06/2023;03:50:28;27.35;;;;
443;22/06/2023;00:15:45;28.49;;;;443;22/06/2023;00:18:04;28.41;;;;443;18/06/2023;03:55:27;27.34;;;;
444;22/06/2023;00:16:45;28.49;;;;444;22/06/2023;00:19:04;28.41;;;;444;18/06/2023;04:00:27;27.32;Synchronized;;;
445;22/06/2023;00:17:45;28.49;;;;445;22/06/2023;00:20:04;28.41;;;;445;18/06/2023;04:05:26;27.32;;;;
446;22/06/2023;00:18:45;28.48;;;;446;22/06/2023;00:21:04;28.41;;;;446;18/06/2023;04:10:26;27.34;;;;
447;22/06/2023;00:19:45;28.48;;;;447;22/06/2023;00:22:04;28.44;;;;447;18/06/2023;04:15:25;27.31;;;;
448;22/06/2023;00:20:45;28.48;;;;448;22/06/2023;00:23:04;28.41;;;;448;18/06/2023;04:20:25;27.31;;;;
449;22/06/2023;00:21:45;28.48;;;;449;22/06/2023;00:24:04;28.4;;;;449;18/06/2023;04:25:24;27.28;;;;
450;22/06/2023;00:22:45;28.48;;;;450;22/06/2023;00:25:04;28.4;;;;450;18/06/2023;04:30:24;27.28;;;;
451;22/06/2023;00:23:45;28.47;;;;451;22/06/2023;00:26:04;28.41;;;;451;18/06/2023;04:35:23;27.27;;;;
452;22/06/2023;00:24:45;28.48;;;;452;22/06/2023;00:27:04;28.4;;;;452;18/06/2023;04:40:23;27.27;;;;
453;22/06/2023;00:25:45;28.47;;;;453;22/06/2023;00:28:04;28.43;;;;453;18/06/2023;04:45:22;27.27;;;;
454;22/06/2023;00:26:45;28.47;;;;454;22/06/2023;00:29:04;28.41;;;;454;18/06/2023;04:50:22;27.23;;;;
455;22/06/2023;00:27:45;28.48;;;;455;22/06/2023;00:30:04;28.4;;;;455;18/06/2023;04:55:21;27.24;;;;
456;22/06/2023;00:28:45;28.46;;;;456;22/06/2023;00:31:04;28.38;;;;456;18/06/2023;05:00:21;27.24;;;;
457;22/06/2023;00:29:45;28.48;;;;457;22/06/2023;00:32:04;28.41;;;;457;18/06/2023;05:05:20;27.23;;;;
458;22/06/2023;00:30:44;28.47;;;;458;22/06/2023;00:33:04;28.4;;;;458;18/06/2023;05:10:20;27.25;;;;
459;22/06/2023;00:31:44;28.47;;;;459;22/06/2023;00:34:04;28.39;;;;459;18/06/2023;05:15:20;27.22;;;;
460;22/06/2023;00:32:44;28.45;;;;460;22/06/2023;00:35:04;28.38;;;;460;18/06/2023;05:20:19;27.19;;;;
461;22/06/2023;00:33:44;28.46;;;;461;22/06/2023;00:36:04;28.38;;;;461;18/06/2023;05:25:19;27.2;;;;
462;22/06/2023;00:34:44;28.46;;;;462;22/06/2023;00:37:04;28.4;;;;462;18/06/2023;05:30:18;27.21;;;;
463;22/06/2023;00:35:44;28.46;;;;463;22/06/2023;00:38:04;28.4;;;;463;18/06/2023;05:35:18;27.22;;;;
464;22/06/2023;00:36:44;28.46;;;;464;22/06/2023;00:39:04;28.38;;;;464;18/06/2023;05:40:18;27.23;;;;
465;22/06/2023;00:37:44;28.47;;;;465;22/06/2023;00:40:04;28.39;;;;465;18/06/2023;05:45:17;27.22;;;;
466;22/06/2023;00:38:44;28.47;;;;466;22/06/2023;00:41:04;28.38;;;;466;18/06/2023;05:50:17;27.18;;;;
467;22/06/2023;00:39:44;28.46;;;;467;22/06/2023;00:42:04;28.38;;;;467;18/06/2023;05:55:16;27.18;;;;
468;22/06/2023;00:40:44;28.45;;;;468;22/06/2023;00:43:04;28.37;;;;468;18/06/2023;06:00:16;27.19;;;;
469;22/06/2023;00:41:44;28.45;;;;469;22/06/2023;00:44:04;28.38;;;;469;18/06/2023;06:05:16;27.22;;;;
470;22/06/2023;00:42:44;28.45;;;;470;22/06/2023;00:45:04;28.36;;;;470;18/06/2023;06:10:15;27.2;;;;
471;22/06/2023;00:43:45;28.45;;;;471;22/06/2023;00:46:04;28.36;;;;471;18/06/2023;06:15:15;27.22;;;;
472;22/06/2023;00:44:44;28.44;;;;472;22/06/2023;00:47:04;28.34;;;;472;18/06/2023;06:20:14;27.21;;;;
473;22/06/2023;00:45:44;28.41;;;;473;22/06/2023;00:48:04;28.37;;;;473;18/06/2023;06:25:13;27.22;;;;
474;22/06/2023;00:46:44;28.44;;;;474;22/06/2023;00:49:04;28.38;;;;474;18/06/2023;06:30:13;27.23;;;;
475;22/06/2023;00:47:44;28.41;;;;475;22/06/2023;00:50:04;28.35;;;;475;18/06/2023;06:35:12;27.23;;;;
476;22/06/2023;00:48:45;28.4;;;;476;22/06/2023;00:51:04;28.34;;;;476;18/06/2023;06:40:12;27.25;;;;
477;22/06/2023;00:49:45;28.45;;;;477;22/06/2023;00:52:04;28.36;;;;477;18/06/2023;06:45:11;27.24;;;;
478;22/06/2023;00:50:45;28.39;;;;478;22/06/2023;00:53:05;28.34;;;;478;18/06/2023;06:50:11;27.27;;;;
479;22/06/2023;00:51:45;28.41;;;;479;22/06/2023;00:54:05;28.35;;;;479;18/06/2023;06:55:10;27.27;;;;
480;22/06/2023;00:52:45;28.41;;;;480;22/06/2023;00:55:05;28.34;;;;480;18/06/2023;07:00:10;27.27;;;;
481;22/06/2023;00:53:45;28.41;;;;481;22/06/2023;00:56:05;28.34;;;;481;18/06/2023;07:05:10;27.28;;;;
482;22/06/2023;00:54:45;28.43;;;;482;22/06/2023;00:57:05;28.34;;;;482;18/06/2023;07:10:09;27.29;;;;
483;22/06/2023;00:55:45;28.41;;;;483;22/06/2023;00:58:05;28.36;;;;483;18/06/2023;07:15:09;27.3;;;;
484;22/06/2023;00:56:45;28.41;;;;484;22/06/2023;00:59:05;28.34;;;;484;18/06/2023;07:20:08;27.32;;;;
485;22/06/2023;00:57:45;28.41;;;;485;22/06/2023;01:00:05;28.35;;;;485;18/06/2023;07:25:08;27.34;;;;
486;22/06/2023;00:58:45;28.39;;;;486;22/06/2023;01:01:05;28.35;;;;486;18/06/2023;07:30:07;27.37;;;;
487;22/06/2023;00:59:45;28.41;;;;487;22/06/2023;01:02:05;28.34;;;;487;18/06/2023;07:35:07;27.37;;;;
488;22/06/2023;01:00:45;28.38;;;;488;22/06/2023;01:03:05;28.33;;;;488;18/06/2023;07:40:07;27.39;Synchronized;;;
489;22/06/2023;01:01:45;28.4;;;;489;22/06/2023;01:04:05;28.31;;;;489;18/06/2023;07:45:06;27.41;;;;
490;22/06/2023;01:02:44;28.39;;;;490;22/06/2023;01:05:05;28.31;;;;490;18/06/2023;07:50:05;27.44;;;;
491;22/06/2023;01:03:44;28.38;;;;491;22/06/2023;01:06:05;28.32;;;;491;18/06/2023;07:55:05;27.45;;;;
492;22/06/2023;01:04:44;28.37;;;;492;22/06/2023;01:07:05;28.3;;;;492;18/06/2023;08:00:04;27.47;;;;
493;22/06/2023;01:05:44;28.38;;;;493;22/06/2023;01:08:05;28.31;;;;493;18/06/2023;08:05:04;27.48;;;;
494;22/06/2023;01:06:44;28.38;;;;494;22/06/2023;01:09:05;28.31;;;;494;18/06/2023;08:10:03;27.49;;;;
495;22/06/2023;01:07:44;28.38;;;;495;22/06/2023;01:10:05;28.28;;;;495;18/06/2023;08:15:03;27.53;;;;
496;22/06/2023;01:08:44;28.36;;;;496;22/06/2023;01:11:05;28.27;;;;496;18/06/2023;08:20:02;27.54;;;;
497;22/06/2023;01:09:44;28.36;;;;497;22/06/2023;01:12:05;28.29;;;;497;18/06/2023;08:25:01;27.58;;;;
498;22/06/2023;01:10:44;28.35;;;;498;22/06/2023;01:13:05;28.27;;;;498;18/06/2023;08:30:01;27.59;;;;
499;22/06/2023;01:11:44;28.36;;;;499;22/06/2023;01:14:05;28.28;;;;499;18/06/2023;08:35:00;27.62;;;;
500;22/06/2023;01:12:44;28.34;;;;500;22/06/2023;01:15:05;28.26;;;;500;18/06/2023;08:40:00;27.62;;;;
501;22/06/2023;01:13:44;28.34;;;;501;22/06/2023;01:16:05;28.27;;;;501;18/06/2023;08:44:59;27.66;;;;
502;22/06/2023;01:14:44;28.32;;;;502;22/06/2023;01:17:05;28.26;;;;502;18/06/2023;08:49:58;27.66;;;;
503;22/06/2023;01:15:44;28.33;;;;503;22/06/2023;01:18:05;28.27;;;;503;18/06/2023;08:54:58;27.68;;;;
504;22/06/2023;01:16:44;28.34;;;;504;22/06/2023;01:19:05;28.27;;;;504;18/06/2023;08:59:57;27.71;;;;
505;22/06/2023;01:17:44;28.33;;;;505;22/06/2023;01:20:05;28.26;Synchronized;;;505;18/06/2023;09:04:56;27.74;;;;
506;22/06/2023;01:18:44;28.31;;;;506;22/06/2023;01:21:05;28.23;;;;506;18/06/2023;09:09:56;27.77;;;;
507;22/06/2023;01:19:44;28.31;;;;507;22/06/2023;01:22:05;28.23;;;;507;18/06/2023;09:14:55;27.8;;;;
508;22/06/2023;01:20:44;28.32;;;;508;22/06/2023;01:23:05;28.23;;;;508;18/06/2023;09:19:54;27.8;;;;
509;22/06/2023;01:21:44;28.31;;;;509;22/06/2023;01:24:05;28.25;;;;509;18/06/2023;09:24:53;27.83;;;;
510;22/06/2023;01:22:44;28.29;;;;510;22/06/2023;01:25:05;28.23;;;;510;18/06/2023;09:29:53;27.84;;;;
511;22/06/2023;01:23:44;28.3;;;;511;22/06/2023;01:26:05;28.23;;;;511;18/06/2023;09:34:52;27.86;;;;
512;22/06/2023;01:24:44;28.3;;;;512;22/06/2023;01:27:06;28.23;;;;512;18/06/2023;09:39:51;27.89;;;;
513;22/06/2023;01:25:44;28.3;;;;513;22/06/2023;01:28:06;28.23;;;;513;18/06/2023;09:44:50;27.91;;;;
514;22/06/2023;01:26:44;28.31;;;;514;22/06/2023;01:29:06;28.23;;;;514;18/06/2023;09:49:50;27.98;;;;
515;22/06/2023;01:27:44;28.32;;;;515;22/06/2023;01:30:06;28.24;;;;515;18/06/2023;09:54:50;27.99;;;;
516;22/06/2023;01:28:44;28.3;;;;516;22/06/2023;01:31:06;28.23;;;;516;18/06/2023;09:59:49;28.02;;;;
517;22/06/2023;01:29:44;28.31;;;;517;22/06/2023;01:32:06;28.24;;;;517;18/06/2023;10:04:48;28.02;;;;
518;22/06/2023;01:30:44;28.29;;;;518;22/06/2023;01:33:06;28.23;;;;518;18/06/2023;10:09:47;28.02;;;;
519;22/06/2023;01:31:44;28.29;;;;519;22/06/2023;01:34:06;28.23;;;;519;18/06/2023;10:14:46;28.04;;;;
520;22/06/2023;01:32:44;28.31;;;;520;22/06/2023;01:35:06;28.23;;;;520;18/06/2023;10:19:45;28.04;;;;
521;22/06/2023;01:33:44;28.27;;;;521;22/06/2023;01:36:06;28.21;;;;521;18/06/2023;10:24:44;28.07;;;;
522;22/06/2023;01:34:44;28.29;;;;522;22/06/2023;01:37:06;28.22;;;;522;18/06/2023;10:29:43;28.09;;;;
523;22/06/2023;01:35:44;28.31;;;;523;22/06/2023;01:38:06;28.2;;;;523;18/06/2023;10:34:43;28.09;;;;
524;22/06/2023;01:36:44;28.29;;;;524;22/06/2023;01:39:06;28.22;;;;524;18/06/2023;10:39:42;28.07;;;;
525;22/06/2023;01:37:44;28.29;;;;525;22/06/2023;01:40:06;28.21;;;;525;18/06/2023;10:44:41;28.11;;;;
526;22/06/2023;01:38:44;28.28;;;;526;22/06/2023;01:41:06;28.22;;;;526;18/06/2023;10:49:40;28.13;;;;
527;22/06/2023;01:39:44;28.27;;;;527;22/06/2023;01:42:06;28.23;;;;527;18/06/2023;10:54:39;28.13;;;;
528;22/06/2023;01:40:44;28.27;;;;528;22/06/2023;01:43:06;28.23;;;;528;18/06/2023;10:59:38;28.13;;;;
529;22/06/2023;01:41:44;28.27;;;;529;22/06/2023;01:44:06;28.23;;;;529;18/06/2023;11:04:37;28.13;;;;
530;22/06/2023;01:42:44;28.27;;;;530;22/06/2023;01:45:06;28.23;;;;530;18/06/2023;11:09:36;28.13;;;;
531;22/06/2023;01:43:44;28.3;;;;531;22/06/2023;01:46:06;28.23;;;;531;18/06/2023;11:14:35;28.18;;;;
532;22/06/2023;01:44:44;28.29;;;;532;22/06/2023;01:47:06;28.23;;;;532;18/06/2023;11:19:34;28.15;;;;
533;22/06/2023;01:45:44;28.3;;;;533;22/06/2023;01:48:06;28.23;;;;533;18/06/2023;11:24:33;28.16;;;;
534;22/06/2023;01:46:44;28.28;;;;534;22/06/2023;01:49:06;28.23;;;;534;18/06/2023;11:29:34;28.18;;;;
535;22/06/2023;01:47:43;28.28;;;;535;22/06/2023;01:50:06;28.23;;;;535;18/06/2023;11:34:33;28.18;;;;
536;22/06/2023;01:48:43;28.3;;;;536;22/06/2023;01:51:06;28.21;;;;536;18/06/2023;11:39:32;28.2;;;;
537;22/06/2023;01:49:43;28.28;;;;537;22/06/2023;01:52:06;28.2;;;;537;18/06/2023;11:44:31;28.19;;;;
538;22/06/2023;01:50:43;28.27;;;;538;22/06/2023;01:53:07;28.23;;;;538;18/06/2023;11:49:30;28.19;;;;
539;22/06/2023;01:51:43;28.26;;;;539;22/06/2023;01:54:07;28.21;;;;539;18/06/2023;11:54:29;28.19;;;;
540;22/06/2023;01:52:43;28.29;;;;540;22/06/2023;01:55:07;28.2;;;;540;18/06/2023;11:59:28;28.19;;;;
541;22/06/2023;01:53:43;28.27;;;;541;22/06/2023;01:56:07;28.2;;;;541;18/06/2023;12:04:27;28.19;;;;
542;22/06/2023;01:54:43;28.27;;;;542;22/06/2023;01:57:07;28.2;;;;542;18/06/2023;12:09:26;28.2;;;;
543;22/06/2023;01:55:43;28.27;;;;543;22/06/2023;01:58:07;28.2;;;;543;18/06/2023;12:14:26;28.21;;;;
544;22/06/2023;01:56:43;28.25;;;;544;22/06/2023;01:59:07;28.17;;;;544;18/06/2023;12:19:25;28.21;;;;
545;22/06/2023;01:57:43;28.24;;;;545;22/06/2023;02:00:07;28.16;;;;545;18/06/2023;12:24:24;28.21;;;;
546;22/06/2023;01:58:43;28.23;;;;546;22/06/2023;02:01:07;28.17;;;;546;18/06/2023;12:29:23;28.2;;;;
547;22/06/2023;01:59:43;28.23;;;;547;22/06/2023;02:02:07;28.15;;;;547;18/06/2023;12:34:22;28.2;;;;
548;22/06/2023;02:00:43;28.26;;;;548;22/06/2023;02:03:07;28.16;;;;548;18/06/2023;12:39:21;28.2;;;;
549;22/06/2023;02:01:43;28.23;;;;549;22/06/2023;02:04:07;28.16;;;;549;18/06/2023;12:44:20;28.22;;;;
550;22/06/2023;02:02:43;28.23;;;;550;22/06/2023;02:05:07;28.16;;;;550;18/06/2023;12:49:19;28.22;;;;
551;22/06/2023;02:03:43;28.23;;;;551;22/06/2023;02:06:07;28.16;;;;551;18/06/2023;12:54:18;28.21;;;;
552;22/06/2023;02:04:43;28.24;;;;552;22/06/2023;02:07:07;28.17;;;;552;18/06/2023;12:59:17;28.22;;;;
553;22/06/2023;02:05:43;28.24;;;;553;22/06/2023;02:08:07;28.2;;;;553;18/06/2023;13:04:16;28.2;;;;
554;22/06/2023;02:06:43;28.26;;;;554;22/06/2023;02:09:07;28.17;;;;554;18/06/2023;13:09:15;28.2;;;;
555;22/06/2023;02:07:43;28.26;;;;555;22/06/2023;02:10:07;28.19;;;;555;18/06/2023;13:14:14;28.21;;;;
556;22/06/2023;02:08:43;28.22;;;;556;22/06/2023;02:11:07;28.19;;;;556;18/06/2023;13:19:13;28.21;;;;
557;22/06/2023;02:09:43;28.24;;;;557;22/06/2023;02:12:07;28.17;;;;557;18/06/2023;13:24:12;28.22;;;;
558;22/06/2023;02:10:43;28.25;;;;558;22/06/2023;02:13:07;28.2;;;;558;18/06/2023;13:29:12;28.23;;;;
559;22/06/2023;02:11:43;28.25;;;;559;22/06/2023;02:14:07;28.17;;;;559;18/06/2023;13:34:11;28.21;;;;
560;22/06/2023;02:12:43;28.24;;;;560;22/06/2023;02:15:07;28.19;;;;560;18/06/2023;13:39:10;28.21;;;;
561;22/06/2023;02:13:43;28.23;;;;561;22/06/2023;02:16:07;28.17;;;;561;18/06/2023;13:44:09;28.24;;;;
562;22/06/2023;02:14:43;28.23;;;;562;22/06/2023;02:17:07;28.2;;;;562;18/06/2023;13:49:08;28.21;;;;
563;22/06/2023;02:15:42;28.23;;;;563;22/06/2023;02:18:07;28.19;;;;563;18/06/2023;13:54:07;28.23;;;;
564;22/06/2023;02:16:42;28.25;;;;564;22/06/2023;02:19:08;28.17;;;;564;18/06/2023;13:59:06;28.23;;;;
565;22/06/2023;02:17:42;28.23;;;;565;22/06/2023;02:20:08;28.15;;;;565;18/06/2023;14:04:05;28.23;;;;
566;22/06/2023;02:18:42;28.24;;;;566;22/06/2023;02:21:08;28.16;;;;566;18/06/2023;14:09:04;28.24;;;;
567;22/06/2023;02:19:42;28.24;;;;567;22/06/2023;02:22:08;28.16;;;;567;18/06/2023;14:14:03;28.24;;;;
568;22/06/2023;02:20:42;28.24;;;;568;22/06/2023;02:23:08;28.14;;;;568;18/06/2023;14:19:02;28.23;;;;
569;22/06/2023;02:21:42;28.21;;;;569;22/06/2023;02:24:08;28.14;;;;569;18/06/2023;14:24:01;28.24;;;;
570;22/06/2023;02:22:42;28.24;;;;570;22/06/2023;02:25:08;28.16;;;;570;18/06/2023;14:29:00;28.23;;;;
571;22/06/2023;02:23:42;28.23;;;;571;22/06/2023;02:26:08;28.15;;;;571;18/06/2023;14:33:59;28.25;;;;
572;22/06/2023;02:24:42;28.22;;;;572;22/06/2023;02:27:08;28.16;;;;572;18/06/2023;14:38:59;28.25;;;;
573;22/06/2023;02:25:42;28.23;;;;573;22/06/2023;02:28:08;28.15;;;;573;18/06/2023;14:43:58;28.26;;;;
574;22/06/2023;02:26:42;28.21;;;;574;22/06/2023;02:29:08;28.16;;;;574;18/06/2023;14:48:57;28.24;;;;
575;22/06/2023;02:27:42;28.23;;;;575;22/06/2023;02:30:08;28.16;;;;575;18/06/2023;14:53:56;28.25;;;;
576;22/06/2023;02:28:42;28.22;;;;576;22/06/2023;02:31:08;28.16;;;;576;18/06/2023;14:58:55;28.27;;;;
577;22/06/2023;02:29:42;28.23;;;;577;22/06/2023;02:32:08;28.14;;;;577;18/06/2023;15:03:54;28.28;;;;
578;22/06/2023;02:30:42;28.23;;;;578;22/06/2023;02:33:08;28.14;;;;578;18/06/2023;15:08:53;28.3;;;;
579;22/06/2023;02:31:42;28.21;;;;579;22/06/2023;02:34:08;28.14;;;;579;18/06/2023;15:13:53;28.3;;;;
580;22/06/2023;02:32:42;28.23;;;;580;22/06/2023;02:35:08;28.13;;;;580;18/06/2023;15:18:52;28.28;;;;
581;22/06/2023;02:33:42;28.2;;;;581;22/06/2023;02:36:08;28.12;;;;581;18/06/2023;15:23:51;28.27;;;;
582;22/06/2023;02:34:42;28.21;;;;582;22/06/2023;02:37:08;28.11;;;;582;18/06/2023;15:28:50;28.32;;;;
583;22/06/2023;02:35:42;28.2;;;;583;22/06/2023;02:38:08;28.11;;;;583;18/06/2023;15:33:50;28.31;;;;
584;22/06/2023;02:36:42;28.2;;;;584;22/06/2023;02:39:08;28.11;;;;584;18/06/2023;15:38:49;28.3;;;;
585;22/06/2023;02:37:42;28.2;;;;585;22/06/2023;02:40:08;28.11;;;;585;18/06/2023;15:43:49;28.3;;;;
586;22/06/2023;02:38:42;28.2;;;;586;22/06/2023;02:41:08;28.11;Synchronized;;;586;18/06/2023;15:48:49;28.34;;;;
587;22/06/2023;02:39:42;28.21;;;;587;22/06/2023;02:42:08;28.13;;;;587;18/06/2023;15:53:48;28.33;;;;
588;22/06/2023;02:40:42;28.2;;;;588;22/06/2023;02:43:08;28.1;;;;588;18/06/2023;15:58:47;28.33;;;;
589;22/06/2023;02:41:42;28.19;;;;589;22/06/2023;02:44:08;28.09;;;;589;18/06/2023;16:03:46;28.37;;;;
590;22/06/2023;02:42:42;28.2;;;;590;22/06/2023;02:45:08;28.13;;;;590;18/06/2023;16:08:45;28.34;;;;
591;22/06/2023;02:43:42;28.19;;;;591;22/06/2023;02:46:08;28.09;;;;591;18/06/2023;16:13:45;28.36;;;;
592;22/06/2023;02:44:42;28.19;;;;592;22/06/2023;02:47:09;28.11;;;;592;18/06/2023;16:18:44;28.38;;;;
593;22/06/2023;02:45:42;28.16;;;;593;22/06/2023;02:48:09;28.09;;;;593;18/06/2023;16:23:43;28.4;;;;
594;22/06/2023;02:46:42;28.19;;;;594;22/06/2023;02:49:09;28.1;;;;594;18/06/2023;16:28:43;28.42;;;;
595;22/06/2023;02:47:42;28.19;;;;595;22/06/2023;02:50:09;28.09;;;;595;18/06/2023;16:33:42;28.43;;;;
596;22/06/2023;02:48:42;28.16;;;;596;22/06/2023;02:51:09;28.09;;;;596;18/06/2023;16:38:41;28.44;;;;
597;22/06/2023;02:49:42;28.16;;;;597;22/06/2023;02:52:09;28.09;;;;597;18/06/2023;16:43:41;28.45;;;;
598;22/06/2023;02:50:41;28.16;;;;598;22/06/2023;02:53:09;28.09;;;;598;18/06/2023;16:48:40;28.46;;;;
599;22/06/2023;02:51:41;28.16;;;;599;22/06/2023;02:54:09;28.05;;;;599;18/06/2023;16:53:39;28.48;;;;
600;22/06/2023;02:52:41;28.16;;;;600;22/06/2023;02:55:09;28.08;;;;600;18/06/2023;16:58:39;28.49;;;;
601;22/06/2023;02:53:41;28.16;;;;601;22/06/2023;02:56:09;28.07;;;;601;18/06/2023;17:03:39;28.49;;;;
602;22/06/2023;02:54:41;28.15;;;;602;22/06/2023;02:57:09;28.06;;;;602;18/06/2023;17:08:39;28.52;;;;
603;22/06/2023;02:55:41;28.16;;;;603;22/06/2023;02:58:09;28.08;;;;603;18/06/2023;17:13:38;28.55;;;;
604;22/06/2023;02:56:41;28.16;;;;604;22/06/2023;02:59:09;28.06;;;;604;18/06/2023;17:18:38;28.56;;;;
605;22/06/2023;02:57:41;28.15;;;;605;22/06/2023;03:00:09;28.07;;;;605;18/06/2023;17:23:37;28.56;;;;
606;22/06/2023;02:58:41;28.13;;;;606;22/06/2023;03:01:09;28.06;;;;606;18/06/2023;17:28:37;28.59;;;;
607;22/06/2023;02:59:41;28.13;;;;607;22/06/2023;03:02:09;28.03;;;;607;18/06/2023;17:33:36;28.62;;;;
608;22/06/2023;03:00:41;28.13;;;;608;22/06/2023;03:03:09;28.05;;;;608;18/06/2023;17:38:35;28.66;;;;
609;22/06/2023;03:01:41;28.13;;;;609;22/06/2023;03:04:09;28.01;;;;609;18/06/2023;17:43:35;28.71;Synchronized;;;
610;22/06/2023;03:02:41;28.12;;;;610;22/06/2023;03:05:09;28.02;;;;610;18/06/2023;17:48:34;28.73;;;;
611;22/06/2023;03:03:41;28.12;;;;611;22/06/2023;03:06:09;28.02;;;;611;18/06/2023;17:53:34;28.77;;;;
612;22/06/2023;03:04:41;28.11;;;;612;22/06/2023;03:07:09;28.03;;;;612;18/06/2023;17:58:34;28.79;;;;
613;22/06/2023;03:05:41;28.11;;;;613;22/06/2023;03:08:09;28.04;;;;613;18/06/2023;18:03:34;28.8;;;;
614;22/06/2023;03:06:41;28.1;;;;614;22/06/2023;03:09:09;28.02;;;;614;18/06/2023;18:08:34;28.85;;;;
615;22/06/2023;03:07:41;28.11;;;;615;22/06/2023;03:10:09;28.04;;;;615;18/06/2023;18:13:33;28.86;;;;
616;22/06/2023;03:08:41;28.13;;;;616;22/06/2023;03:11:09;28.04;;;;616;18/06/2023;18:18:33;28.87;;;;
617;22/06/2023;03:09:41;28.11;;;;617;22/06/2023;03:12:09;28.03;;;;617;18/06/2023;18:23:33;28.87;;;;
618;22/06/2023;03:10:41;28.09;;;;618;22/06/2023;03:13:09;28.03;;;;618;18/06/2023;18:28:33;28.89;;;;
619;22/06/2023;03:11:41;28.1;;;;619;22/06/2023;03:14:09;28.02;;;;619;18/06/2023;18:33:33;28.92;;;;
620;22/06/2023;03:12:41;28.13;;;;620;22/06/2023;03:15:09;28.03;;;;620;18/06/2023;18:38:32;28.95;;;;
621;22/06/2023;03:13:41;28.12;;;;621;22/06/2023;03:16:09;28.05;;;;621;18/06/2023;18:43:32;28.98;;;;
622;22/06/2023;03:14:41;28.13;;;;622;22/06/2023;03:17:09;28.02;;;;622;18/06/2023;18:48:32;29;;;;
623;22/06/2023;03:15:41;28.12;;;;623;22/06/2023;03:18:09;28.03;;;;623;18/06/2023;18:53:31;29.03;;;;
624;22/06/2023;03:16:41;28.09;;;;624;22/06/2023;03:19:10;28.02;;;;624;18/06/2023;18:58:31;29.09;;;;
625;22/06/2023;03:17:41;28.08;;;;625;22/06/2023;03:20:10;28.02;;;;625;18/06/2023;19:03:31;29.13;;;;
626;22/06/2023;03:18:41;28.09;;;;626;22/06/2023;03:21:10;28.02;;;;626;18/06/2023;19:08:30;29.13;;;;
627;22/06/2023;03:19:41;28.11;;;;627;22/06/2023;03:22:10;28.02;;;;627;18/06/2023;19:13:30;29.09;;;;
628;22/06/2023;03:20:41;28.09;;;;628;22/06/2023;03:23:10;28.02;;;;628;18/06/2023;19:18:30;29.09;;;;
629;22/06/2023;03:21:41;28.09;;;;629;22/06/2023;03:24:10;28.02;;;;629;18/06/2023;19:23:29;29.08;;;;
630;22/06/2023;03:22:41;28.11;;;;630;22/06/2023;03:25:10;28.02;Synchronized;;;630;18/06/2023;19:28:29;29.07;;;;
631;22/06/2023;03:23:40;28.11;;;;631;22/06/2023;03:26:10;28.03;;;;631;18/06/2023;19:33:29;29.06;;;;
632;22/06/2023;03:24:40;28.12;;;;632;22/06/2023;03:27:10;28.02;;;;632;18/06/2023;19:38:28;29.05;;;;
633;22/06/2023;03:25:40;28.11;;;;633;22/06/2023;03:28:10;28.02;;;;633;18/06/2023;19:43:28;29.04;;;;
634;22/06/2023;03:26:40;28.11;;;;634;22/06/2023;03:29:10;28.02;;;;634;18/06/2023;19:48:28;29.03;;;;
635;22/06/2023;03:27:40;28.09;;;;635;22/06/2023;03:30:10;28.02;;;;635;18/06/2023;19:53:27;29.01;;;;
636;22/06/2023;03:28:40;28.09;;;;636;22/06/2023;03:31:10;28.02;;;;636;18/06/2023;19:58:27;28.99;;;;
637;22/06/2023;03:29:40;28.12;;;;637;22/06/2023;03:32:10;28.02;;;;637;18/06/2023;20:03:27;28.98;;;;
638;22/06/2023;03:30:40;28.1;;;;638;22/06/2023;03:33:10;28.02;;;;638;18/06/2023;20:08:26;28.98;;;;
639;22/06/2023;03:31:40;28.09;;;;639;22/06/2023;03:34:10;28.02;;;;639;18/06/2023;20:13:26;28.94;;;;
640;22/06/2023;03:32:40;28.1;;;;640;22/06/2023;03:35:10;28.02;;;;640;18/06/2023;20:18:26;28.94;;;;
641;22/06/2023;03:33:40;28.08;;;;641;22/06/2023;03:36:10;28;;;;641;18/06/2023;20:23:25;28.95;;;;
642;22/06/2023;03:34:40;28.08;;;;642;22/06/2023;03:37:10;28;;;;642;18/06/2023;20:28:25;28.91;;;;
643;22/06/2023;03:35:40;28.09;;;;643;22/06/2023;03:38:10;27.99;;;;643;18/06/2023;20:33:25;28.88;;;;
644;22/06/2023;03:36:40;28.08;;;;644;22/06/2023;03:39:10;27.98;;;;644;18/06/2023;20:38:25;28.86;;;;
645;22/06/2023;03:37:40;28.08;;;;645;22/06/2023;03:40:10;28;;;;645;18/06/2023;20:43:24;28.84;;;;
646;22/06/2023;03:38:40;28.08;;;;646;22/06/2023;03:41:10;27.98;;;;646;18/06/2023;20:48:24;28.84;;;;
647;22/06/2023;03:39:40;28.07;;;;647;22/06/2023;03:42:10;27.96;;;;647;18/06/2023;20:53:24;28.82;;;;
648;22/06/2023;03:40:40;28.07;;;;648;22/06/2023;03:43:11;27.98;;;;648;18/06/2023;20:58:24;28.8;;;;
649;22/06/2023;03:41:40;28.05;;;;649;22/06/2023;03:44:11;27.98;;;;649;18/06/2023;21:03:23;28.8;;;;
650;22/06/2023;03:42:40;28.05;;;;650;22/06/2023;03:45:11;27.97;;;;650;18/06/2023;21:08:23;28.78;;;;
651;22/06/2023;03:43:40;28.03;;;;651;22/06/2023;03:46:11;27.96;;;;651;18/06/2023;21:13:23;28.75;;;;
652;22/06/2023;03:44:40;28.05;;;;652;22/06/2023;03:47:11;27.97;;;;652;18/06/2023;21:18:23;28.73;;;;
653;22/06/2023;03:45:40;28.07;;;;653;22/06/2023;03:48:11;27.98;;;;653;18/06/2023;21:23:23;28.73;;;;
654;22/06/2023;03:46:40;28.07;;;;654;22/06/2023;03:49:11;27.97;;;;654;18/06/2023;21:28:22;28.7;;;;
655;22/06/2023;03:47:40;28.05;;;;655;22/06/2023;03:50:11;27.98;;;;655;18/06/2023;21:33:22;28.7;;;;
656;22/06/2023;03:48:40;28.05;;;;656;22/06/2023;03:51:11;27.98;;;;656;18/06/2023;21:38:22;28.69;;;;
657;22/06/2023;03:49:40;28.04;;;;657;22/06/2023;03:52:11;27.98;;;;657;18/06/2023;21:43:22;28.66;;;;
658;22/06/2023;03:50:40;28.05;;;;658;22/06/2023;03:53:11;27.96;;;;658;18/06/2023;21:48:22;28.67;;;;
659;22/06/2023;03:51:40;28.05;;;;659;22/06/2023;03:54:11;27.95;;;;659;18/06/2023;21:53:21;28.65;;;;
660;22/06/2023;03:52:39;28.05;;;;660;22/06/2023;03:55:11;27.95;;;;660;18/06/2023;21:58:21;28.63;;;;
661;22/06/2023;03:53:39;28.03;;;;661;22/06/2023;03:56:11;27.97;;;;661;18/06/2023;22:03:21;28.63;;;;
662;22/06/2023;03:54:39;28.04;;;;662;22/06/2023;03:57:11;27.96;;;;662;18/06/2023;22:08:21;28.61;;;;
663;22/06/2023;03:55:39;28.05;;;;663;22/06/2023;03:58:11;27.96;;;;663;18/06/2023;22:13:21;28.6;;;;
664;22/06/2023;03:56:39;28.04;;;;664;22/06/2023;03:59:11;27.95;;;;664;18/06/2023;22:18:20;28.58;;;;
665;22/06/2023;03:57:39;28.03;;;;665;22/06/2023;04:00:11;27.95;;;;665;18/06/2023;22:23:20;28.55;;;;
666;22/06/2023;03:58:39;28.03;;;;666;22/06/2023;04:01:11;27.95;;;;666;18/06/2023;22:28:20;28.56;;;;
667;22/06/2023;03:59:39;28.03;;;;667;22/06/2023;04:02:11;27.98;;;;667;18/06/2023;22:33:20;28.55;;;;
668;22/06/2023;04:00:39;28.02;;;;668;22/06/2023;04:03:11;27.95;;;;668;18/06/2023;22:38:20;28.54;;;;
669;22/06/2023;04:01:39;28.03;;;;669;22/06/2023;04:04:11;27.95;;;;669;18/06/2023;22:43:20;28.52;;;;
670;22/06/2023;04:02:39;28.01;;;;670;22/06/2023;04:05:12;27.93;;;;670;18/06/2023;22:48:20;28.51;;;;
671;22/06/2023;04:03:39;28;;;;671;22/06/2023;04:06:12;27.93;;;;671;18/06/2023;22:53:20;28.5;;;;
672;22/06/2023;04:04:39;28;;;;672;22/06/2023;04:07:12;27.92;;;;672;18/06/2023;22:58:20;28.51;;;;
673;22/06/2023;04:05:39;28.01;;;;673;22/06/2023;04:08:12;27.93;;;;673;18/06/2023;23:03:20;28.48;;;;
674;22/06/2023;04:06:39;28.01;;;;674;22/06/2023;04:09:12;27.92;;;;674;18/06/2023;23:08:19;28.48;;;;
675;22/06/2023;04:07:39;28.01;;;;675;22/06/2023;04:10:12;27.95;;;;675;18/06/2023;23:13:19;28.45;Synchronized;;;
676;22/06/2023;04:08:39;28;;;;676;22/06/2023;04:11:12;27.92;;;;676;18/06/2023;23:18:19;28.46;;;;
677;22/06/2023;04:09:39;28;;;;677;22/06/2023;04:12:12;27.93;;;;677;18/06/2023;23:23:19;28.45;;;;
678;22/06/2023;04:10:39;28.02;;;;678;22/06/2023;04:13:12;27.95;;;;678;18/06/2023;23:28:19;28.44;;;;
679;22/06/2023;04:11:39;28.02;;;;679;22/06/2023;04:14:12;27.95;;;;679;18/06/2023;23:33:19;28.44;;;;
680;22/06/2023;04:12:39;28;;;;680;22/06/2023;04:15:12;27.93;;;;680;18/06/2023;23:38:17;28.41;;;;
681;22/06/2023;04:13:39;28.02;;;;681;22/06/2023;04:16:12;27.95;;;;681;18/06/2023;23:43:17;28.41;;;;
682;22/06/2023;04:14:39;28.01;;;;682;22/06/2023;04:17:12;27.92;;;;682;18/06/2023;23:48:16;28.41;;;;
683;22/06/2023;04:15:39;28.02;;;;683;22/06/2023;04:18:12;27.95;;;;683;18/06/2023;23:53:15;28.37;;;;
684;22/06/2023;04:16:39;28.01;;;;684;22/06/2023;04:19:12;27.95;;;;684;18/06/2023;23:58:15;28.38;;;;
685;22/06/2023;04:17:39;28.02;;;;685;22/06/2023;04:20:12;27.95;;;;685;19/06/2023;00:03:15;28.35;;;;
686;22/06/2023;04:18:39;28.03;;;;686;22/06/2023;04:21:12;27.96;;;;686;19/06/2023;00:08:14;28.35;;;;
687;22/06/2023;04:19:39;28.02;;;;687;22/06/2023;04:22:12;27.95;;;;687;19/06/2023;00:13:13;28.35;;;;
688;22/06/2023;04:20:39;28.01;;;;688;22/06/2023;04:23:12;27.95;;;;688;19/06/2023;00:18:13;28.32;;;;
689;22/06/2023;04:21:39;28.02;;;;689;22/06/2023;04:24:12;27.95;;;;689;19/06/2023;00:23:12;28.32;;;;
690;22/06/2023;04:22:39;28.02;;;;690;22/06/2023;04:25:13;27.95;;;;690;19/06/2023;00:28:12;28.3;;;;
691;22/06/2023;04:23:39;28.02;;;;691;22/06/2023;04:26:12;27.95;;;;691;19/06/2023;00:33:11;28.3;;;;
692;22/06/2023;04:24:39;28.02;;;;692;22/06/2023;04:27:12;27.96;;;;692;19/06/2023;00:38:10;28.3;;;;
693;22/06/2023;04:25:39;28.03;;;;693;22/06/2023;04:28:12;27.95;;;;693;19/06/2023;00:43:09;28.28;;;;
694;22/06/2023;04:26:39;28.01;;;;694;22/06/2023;04:29:13;27.96;;;;694;19/06/2023;00:48:09;28.27;;;;
695;22/06/2023;04:27:39;28.02;;;;695;22/06/2023;04:30:13;27.98;;;;695;19/06/2023;00:53:08;28.26;;;;
696;22/06/2023;04:28:39;28.03;;;;696;22/06/2023;04:31:13;27.98;;;;696;19/06/2023;00:58:07;28.26;;;;
697;22/06/2023;04:29:39;28.02;;;;697;22/06/2023;04:32:13;27.96;;;;697;19/06/2023;01:03:06;28.25;;;;
698;22/06/2023;04:30:39;28.04;;;;698;22/06/2023;04:33:13;27.97;;;;698;19/06/2023;01:08:05;28.24;;;;
699;22/06/2023;04:31:39;28.04;;;;699;22/06/2023;04:34:13;27.96;;;;699;19/06/2023;01:13:04;28.23;;;;
700;22/06/2023;04:32:38;28.02;;;;700;22/06/2023;04:35:13;27.98;;;;700;19/06/2023;01:18:04;28.23;;;;
701;22/06/2023;04:33:38;28.04;;;;701;22/06/2023;04:36:13;27.98;;;;701;19/06/2023;01:23:04;28.21;;;;
702;22/06/2023;04:34:38;28.04;;;;702;22/06/2023;04:37:13;27.97;;;;702;19/06/2023;01:28:03;28.2;;;;
703;22/06/2023;04:35:38;28.05;;;;703;22/06/2023;04:38:13;27.97;;;;703;19/06/2023;01:33:02;28.2;;;;
704;22/06/2023;04:36:38;28.04;;;;704;22/06/2023;04:39:13;27.97;;;;704;19/06/2023;01:38:01;28.2;;;;
705;22/06/2023;04:37:38;28.04;;;;705;22/06/2023;04:40:13;27.98;;;;705;19/06/2023;01:43:00;28.2;;;;
706;22/06/2023;04:38:38;28.04;;;;706;22/06/2023;04:41:13;27.99;;;;706;19/06/2023;01:47:59;28.16;;;;
707;22/06/2023;04:39:38;28.02;;;;707;22/06/2023;04:42:13;27.98;;;;707;19/06/2023;01:52:58;28.16;;;;
708;22/06/2023;04:40:38;28.05;;;;708;22/06/2023;04:43:13;27.97;;;;708;19/06/2023;01:57:57;28.16;;;;
709;22/06/2023;04:41:38;28.03;;;;709;22/06/2023;04:44:13;27.97;;;;709;19/06/2023;02:02:56;28.16;;;;
710;22/06/2023;04:42:38;28.04;;;;710;22/06/2023;04:45:13;27.98;;;;710;19/06/2023;02:07:55;28.14;;;;
711;22/06/2023;04:43:38;28.05;;;;711;22/06/2023;04:46:13;27.98;;;;711;19/06/2023;02:12:54;28.15;;;;
712;22/06/2023;04:44:38;28.05;;;;712;22/06/2023;04:47:13;27.99;;;;712;19/06/2023;02:17:53;28.12;;;;
713;22/06/2023;04:45:38;28.07;;;;713;22/06/2023;04:48:13;27.98;;;;713;19/06/2023;02:22:52;28.12;;;;
714;22/06/2023;04:46:38;28.05;;;;714;22/06/2023;04:49:13;27.96;;;;714;19/06/2023;02:27:51;28.11;;;;
715;22/06/2023;04:47:38;28.03;;;;715;22/06/2023;04:50:14;27.98;;;;715;19/06/2023;02:32:50;28.09;;;;
716;22/06/2023;04:48:38;28.05;;;;716;22/06/2023;04:51:13;27.98;;;;716;19/06/2023;02:37:50;28.09;;;;
717;22/06/2023;04:49:38;28.04;;;;717;22/06/2023;04:52:13;27.97;;;;717;19/06/2023;02:42:49;28.09;;;;
718;22/06/2023;04:50:38;28.02;;;;718;22/06/2023;04:53:14;27.97;;;;718;19/06/2023;02:47:48;28.07;;;;
719;22/06/2023;04:51:38;28.04;;;;719;22/06/2023;04:54:14;27.98;;;;719;19/06/2023;02:52:47;28.09;;;;
720;22/06/2023;04:52:38;28.04;;;;720;22/06/2023;04:55:14;27.98;;;;720;19/06/2023;02:57:46;28.08;;;;
721;22/06/2023;04:53:38;28.04;;;;721;22/06/2023;04:56:14;27.98;;;;721;19/06/2023;03:02:45;28.06;;;;
722;22/06/2023;04:54:38;28.04;;;;722;22/06/2023;04:57:14;27.98;Synchronized;;;722;19/06/2023;03:07:44;28.06;;;;
723;22/06/2023;04:55:38;28.04;;;;723;22/06/2023;04:58:14;27.98;;;;723;19/06/2023;03:12:43;28.05;;;;
724;22/06/2023;04:56:38;28.03;;;;724;22/06/2023;04:59:14;27.98;;;;724;19/06/2023;03:17:42;28.05;;;;
725;22/06/2023;04:57:38;28.04;;;;725;22/06/2023;05:00:14;27.99;;;;725;19/06/2023;03:22:41;28.03;;;;
726;22/06/2023;04:58:38;28.04;;;;726;22/06/2023;05:01:14;27.96;;;;726;19/06/2023;03:27:40;28.02;;;;
727;22/06/2023;04:59:38;28.02;;;;727;22/06/2023;05:02:14;27.98;;;;727;19/06/2023;03:32:39;28.02;;;;
728;22/06/2023;05:00:38;28.02;;;;728;22/06/2023;05:03:14;27.95;;;;728;19/06/2023;03:37:38;28.02;;;;
729;22/06/2023;05:01:38;28.04;;;;729;22/06/2023;05:04:14;27.97;;;;729;19/06/2023;03:42:38;27.99;;;;
730;22/06/2023;05:02:38;28.04;;;;730;22/06/2023;05:05:14;27.96;;;;730;19/06/2023;03:47:37;28;;;;
731;22/06/2023;05:03:38;28.04;;;;731;22/06/2023;05:06:14;27.97;;;;731;19/06/2023;03:52:36;28.01;;;;
732;22/06/2023;05:04:38;28.02;;;;732;22/06/2023;05:07:14;27.97;;;;732;19/06/2023;03:57:35;27.98;;;;
733;22/06/2023;05:05:37;28.03;;;;733;22/06/2023;05:08:14;27.95;;;;733;19/06/2023;04:02:34;27.98;;;;
734;22/06/2023;05:06:37;28.02;;;;734;22/06/2023;05:09:14;27.96;;;;734;19/06/2023;04:07:33;27.98;;;;
735;22/06/2023;05:07:37;28.01;;;;735;22/06/2023;05:10:14;27.96;;;;735;19/06/2023;04:12:32;27.98;;;;
736;22/06/2023;05:08:37;28.03;;;;736;22/06/2023;05:11:14;27.95;;;;736;19/06/2023;04:17:31;27.95;;;;
737;22/06/2023;05:09:37;28.03;;;;737;22/06/2023;05:12:14;27.95;;;;737;19/06/2023;04:22:30;27.98;;;;
738;22/06/2023;05:10:37;28.01;;;;738;22/06/2023;05:13:14;27.96;;;;738;19/06/2023;04:27:30;27.96;;;;
739;22/06/2023;05:11:37;28.03;;;;739;22/06/2023;05:14:14;27.95;;;;739;19/06/2023;04:32:29;27.95;;;;
740;22/06/2023;05:12:37;28.02;;;;740;22/06/2023;05:15:15;27.95;;;;740;19/06/2023;04:37:28;27.95;;;;
741;22/06/2023;05:13:37;28.02;;;;741;22/06/2023;05:16:15;27.95;;;;741;19/06/2023;04:42:27;27.95;;;;
742;22/06/2023;05:14:37;28.05;;;;742;22/06/2023;05:17:15;27.96;;;;742;19/06/2023;04:47:26;27.92;;;;
743;22/06/2023;05:15:37;28.01;;;;743;22/06/2023;05:18:15;27.97;;;;743;19/06/2023;04:52:25;27.91;;;;
744;22/06/2023;05:16:37;28.03;;;;744;22/06/2023;05:19:15;27.92;;;;744;19/06/2023;04:57:24;27.91;;;;
745;22/06/2023;05:17:37;28.02;;;;745;22/06/2023;05:20:15;27.95;;;;745;19/06/2023;05:02:23;27.92;;;;
746;22/06/2023;05:18:37;28.01;;;;746;22/06/2023;05:21:15;27.91;;;;746;19/06/2023;05:07:22;27.91;;;;
747;22/06/2023;05:19:37;28.02;;;;747;22/06/2023;05:22:15;27.93;;;;747;19/06/2023;05:12:22;27.88;;;;
748;22/06/2023;05:20:37;28.01;;;;748;22/06/2023;05:23:15;27.91;;;;748;19/06/2023;05:17:21;27.91;;;;
749;22/06/2023;05:21:37;28.02;;;;749;22/06/2023;05:24:15;27.95;;;;749;19/06/2023;05:22:20;27.91;;;;
750;22/06/2023;05:22:37;28.01;;;;750;22/06/2023;05:25:14;27.95;;;;750;19/06/2023;05:27:19;27.88;;;;
751;22/06/2023;05:23:37;28.02;;;;751;22/06/2023;05:26:15;27.95;;;;751;19/06/2023;05:32:18;27.88;;;;
752;22/06/2023;05:24:37;27.99;;;;752;22/06/2023;05:27:14;27.96;;;;752;19/06/2023;05:37:17;27.88;;;;
753;22/06/2023;05:25:37;28.02;;;;753;22/06/2023;05:28:14;27.92;;;;753;19/06/2023;05:42:16;27.88;;;;
754;22/06/2023;05:26:37;28.02;;;;754;22/06/2023;05:29:14;27.95;;;;754;19/06/2023;05:47:15;27.87;;;;
755;22/06/2023;05:27:37;28.02;;;;755;22/06/2023;05:30:15;27.93;;;;755;19/06/2023;05:52:15;27.86;;;;
756;22/06/2023;05:28:37;27.98;;;;756;22/06/2023;05:31:15;27.92;;;;756;19/06/2023;05:57:14;27.86;;;;
757;22/06/2023;05:29:37;28;;;;757;22/06/2023;05:32:15;27.92;;;;757;19/06/2023;06:02:13;27.86;;;;
758;22/06/2023;05:30:37;27.99;;;;758;22/06/2023;05:33:15;27.92;;;;758;19/06/2023;06:07:12;27.88;;;;
759;22/06/2023;05:31:37;28;;;;759;22/06/2023;05:34:15;27.91;;;;759;19/06/2023;06:12:11;27.84;;;;
760;22/06/2023;05:32:37;27.98;;;;760;22/06/2023;05:35:15;27.9;;;;760;19/06/2023;06:17:10;27.84;;;;
761;22/06/2023;05:33:37;27.99;;;;761;22/06/2023;05:36:15;27.92;;;;761;19/06/2023;06:22:09;27.85;;;;
762;22/06/2023;05:34:37;27.98;;;;762;22/06/2023;05:37:15;27.91;;;;762;19/06/2023;06:27:09;27.84;;;;
763;22/06/2023;05:35:37;27.99;;;;763;22/06/2023;05:38:15;27.9;;;;763;19/06/2023;06:32:08;27.84;;;;
764;22/06/2023;05:36:37;28;;;;764;22/06/2023;05:39:15;27.92;;;;764;19/06/2023;06:37:07;27.84;;;;
765;22/06/2023;05:37:37;27.98;;;;765;22/06/2023;05:40:15;27.91;;;;765;19/06/2023;06:42:06;27.82;;;;
766;22/06/2023;05:38:37;27.98;;;;766;22/06/2023;05:41:15;27.9;;;;766;19/06/2023;06:47:05;27.83;;;;
767;22/06/2023;05:39:37;27.98;;;;767;22/06/2023;05:42:15;27.91;;;;767;19/06/2023;06:52:04;27.84;;;;
768;22/06/2023;05:40:37;27.98;;;;768;22/06/2023;05:43:15;27.89;;;;768;19/06/2023;06:57:03;27.8;;;;
769;22/06/2023;05:41:37;27.97;;;;769;22/06/2023;05:44:15;27.89;;;;769;19/06/2023;07:02:02;27.84;;;;
770;22/06/2023;05:42:37;27.98;;;;770;22/06/2023;05:45:15;27.91;Synchronized;;;770;19/06/2023;07:07:03;27.82;;;;
771;22/06/2023;05:43:37;27.97;;;;771;22/06/2023;05:46:15;27.88;;;;771;19/06/2023;07:12:02;27.8;;;;
772;22/06/2023;05:44:37;27.97;Synchronized;;;772;22/06/2023;05:47:15;27.89;;;;772;19/06/2023;07:17:01;27.79;;;;
773;22/06/2023;05:45:37;27.95;Synchronized;;;773;22/06/2023;05:48:15;27.9;;;;773;19/06/2023;07:22:00;27.79;;;;
774;22/06/2023;05:46:37;27.98;;;;774;22/06/2023;05:49:15;27.89;;;;774;19/06/2023;07:26:59;27.79;;;;
775;22/06/2023;05:47:37;27.96;;;;775;22/06/2023;05:50:15;27.89;;;;775;19/06/2023;07:31:59;27.77;;;;
776;22/06/2023;05:48:37;27.96;;;;776;22/06/2023;05:51:15;27.9;;;;776;19/06/2023;07:36:58;27.72;;;;
777;22/06/2023;05:49:37;27.95;;;;777;22/06/2023;05:52:15;27.88;;;;777;19/06/2023;07:41:57;27.59;;;;
778;22/06/2023;05:50:37;27.97;;;;778;22/06/2023;05:53:15;27.89;;;;778;19/06/2023;07:46:56;27.48;;;;
779;22/06/2023;05:51:37;27.95;;;;779;22/06/2023;05:54:15;27.88;;;;779;19/06/2023;07:51:56;27.49;;;;
780;22/06/2023;05:52:37;27.95;Synchronized;;;780;22/06/2023;05:55:15;27.88;;;;780;19/06/2023;07:56:55;27.45;;;;
781;22/06/2023;05:53:37;27.95;;;;781;22/06/2023;05:56:15;27.89;;;;781;19/06/2023;08:01:54;27.46;;;;
782;22/06/2023;05:54:37;27.95;;;;782;22/06/2023;05:57:15;27.89;;;;782;19/06/2023;08:02:54;27.45;;;;
783;22/06/2023;05:55:37;27.95;;;;783;22/06/2023;05:58:16;27.88;;;;783;19/06/2023;08:03:54;27.43;;;;
784;22/06/2023;05:56:37;27.93;;;;784;22/06/2023;05:59:16;27.88;;;;784;19/06/2023;08:04:54;27.42;;;;
785;22/06/2023;05:57:37;27.93;;;;785;22/06/2023;06:00:16;27.88;;;;785;19/06/2023;08:05:54;27.41;;;;
786;22/06/2023;05:58:37;27.95;;;;786;22/06/2023;06:01:16;27.88;;;;786;19/06/2023;08:06:54;27.41;;;;
787;22/06/2023;05:59:37;27.96;;;;787;22/06/2023;06:02:16;27.88;;;;787;19/06/2023;08:07:54;27.4;;;;
788;22/06/2023;06:00:37;27.95;;;;788;22/06/2023;06:03:16;27.89;;;;788;19/06/2023;08:08:54;27.4;;;;
789;22/06/2023;06:01:37;27.95;;;;789;22/06/2023;06:04:16;27.88;;;;789;19/06/2023;08:09:54;27.37;;;;
790;22/06/2023;06:02:36;27.95;;;;790;22/06/2023;06:05:16;27.91;;;;790;19/06/2023;08:10:53;27.38;;;;
791;22/06/2023;06:03:36;27.95;;;;791;22/06/2023;06:06:16;27.88;;;;791;19/06/2023;08:11:53;27.37;;;;
792;22/06/2023;06:04:36;27.96;;;;792;22/06/2023;06:07:16;27.88;;;;792;19/06/2023;08:12:53;27.36;;;;
793;22/06/2023;06:05:36;27.93;;;;793;22/06/2023;06:08:16;27.9;;;;793;19/06/2023;08:13:53;27.37;;;;
794;22/06/2023;06:06:36;27.96;;;;794;22/06/2023;06:09:16;27.89;;;;794;19/06/2023;08:14:53;27.37;;;;
795;22/06/2023;06:07:36;27.95;;;;795;22/06/2023;06:10:16;27.88;;;;795;19/06/2023;08:15:53;27.37;;;;
796;22/06/2023;06:08:36;27.97;;;;796;22/06/2023;06:11:16;27.88;;;;796;19/06/2023;08:16:53;27.37;Synchronized;;;
797;22/06/2023;06:09:36;27.95;;;;797;22/06/2023;06:12:16;27.89;;;;797;19/06/2023;08:17:53;27.4;;;;
798;22/06/2023;06:10:36;27.97;;;;798;22/06/2023;06:13:16;27.88;;;;798;19/06/2023;08:18:53;27.39;;;;
799;22/06/2023;06:11:36;27.98;;;;799;22/06/2023;06:14:16;27.86;;;;799;19/06/2023;08:19:53;27.39;;;;
800;22/06/2023;06:12:36;27.95;;;;800;22/06/2023;06:15:16;27.86;;;;800;19/06/2023;08:20:52;30.88;;;;
801;22/06/2023;06:13:36;27.95;;;;801;22/06/2023;06:16:16;27.86;;;;801;19/06/2023;08:21:52;34.12;Synchronized;;;
802;22/06/2023;06:14:36;27.96;;;;802;22/06/2023;06:17:16;27.88;;;;802;19/06/2023;08:22:52;34.99;;;;
803;22/06/2023;06:15:36;27.93;;;;803;22/06/2023;06:18:16;27.85;;;;803;19/06/2023;08:23:52;35.74;Synchronized;;;
804;22/06/2023;06:16:36;27.95;;;;804;22/06/2023;06:19:17;27.87;;;;804;19/06/2023;08:24:52;35.94;Synchronized;;;
805;22/06/2023;06:17:36;27.91;;;;805;22/06/2023;06:20:17;27.86;;;;805;19/06/2023;08:25:52;35.97;;;;
806;22/06/2023;06:18:36;27.93;;;;806;22/06/2023;06:21:17;27.86;;;;806;19/06/2023;08:26:52;36.1;Synchronized;;;
807;22/06/2023;06:19:36;27.95;;;;807;22/06/2023;06:22:16;27.86;;;;807;19/06/2023;08:27:52;36.15;Synchronized;;;
808;22/06/2023;06:20:36;27.93;;;;808;22/06/2023;06:23:17;27.85;;;;808;19/06/2023;08:28:52;36.35;Synchronized;;;
809;22/06/2023;06:21:36;27.9;;;;809;22/06/2023;06:24:17;27.88;;;;809;19/06/2023;08:29:52;36.3;Synchronized;;;
810;22/06/2023;06:22:36;27.92;;;;810;22/06/2023;06:25:17;27.86;;;;810;19/06/2023;08:30:51;36.37;Synchronized;;;
811;22/06/2023;06:23:36;27.92;;;;811;22/06/2023;06:26:17;27.84;;;;811;19/06/2023;08:31:51;36.48;Synchronized;;;
812;22/06/2023;06:24:36;27.91;;;;812;22/06/2023;06:27:17;27.85;;;;812;19/06/2023;08:32:51;36.59;Synchronized;;;
813;22/06/2023;06:25:36;27.95;;;;813;22/06/2023;06:28:17;27.88;;;;813;19/06/2023;08:33:51;36.7;Synchronized;;;
814;22/06/2023;06:26:36;27.92;;;;814;22/06/2023;06:29:17;27.86;;;;814;19/06/2023;08:34:51;36.74;;;;
815;22/06/2023;06:27:36;27.93;;;;815;22/06/2023;06:30:17;27.84;;;;815;19/06/2023;08:35:51;36.81;;;;
816;22/06/2023;06:28:36;27.92;;;;816;22/06/2023;06:31:17;27.86;;;;816;19/06/2023;08:36:51;36.84;Synchronized;;;
817;22/06/2023;06:29:36;27.95;;;;817;22/06/2023;06:32:17;27.85;;;;817;19/06/2023;08:37:50;36.85;;;;
818;22/06/2023;06:30:36;27.92;;;;818;22/06/2023;06:33:17;27.87;;;;818;19/06/2023;08:38:50;36.87;;;;
819;22/06/2023;06:31:36;27.93;;;;819;22/06/2023;06:34:17;27.86;;;;819;19/06/2023;08:39:50;36.8;Synchronized;;;
820;22/06/2023;06:32:36;27.92;;;;820;22/06/2023;06:35:16;27.87;;;;820;19/06/2023;08:40:50;36.75;Synchronized;;;
821;22/06/2023;06:33:36;27.92;;;;821;22/06/2023;06:36:16;27.85;;;;821;19/06/2023;08:41:50;36.8;Synchronized;;;
822;22/06/2023;06:34:36;27.9;;;;822;22/06/2023;06:37:17;27.85;;;;822;19/06/2023;08:42:50;36.85;Synchronized;;;
823;22/06/2023;06:35:36;27.91;;;;823;22/06/2023;06:38:17;27.84;;;;823;19/06/2023;08:43:50;36.91;;;;
824;22/06/2023;06:36:36;27.91;;;;824;22/06/2023;06:39:16;27.84;;;;824;19/06/2023;08:44:50;36.87;;;;
825;22/06/2023;06:37:36;27.91;;;;825;22/06/2023;06:40:16;27.84;;;;825;19/06/2023;08:45:50;36.92;;;;
826;22/06/2023;06:38:36;27.91;;;;826;22/06/2023;06:41:16;27.82;;;;826;19/06/2023;08:46:50;36.97;;;;
827;22/06/2023;06:39:36;27.91;;;;827;22/06/2023;06:42:16;27.84;;;;827;19/06/2023;08:47:50;36.98;Synchronized;;;
828;22/06/2023;06:40:36;27.9;;;;828;22/06/2023;06:43:17;27.84;;;;828;19/06/2023;08:48:50;37;;;;
829;22/06/2023;06:41:36;27.91;;;;829;22/06/2023;06:44:16;27.85;;;;829;19/06/2023;08:49:50;37.02;;;;
830;22/06/2023;06:42:36;27.91;;;;830;22/06/2023;06:45:16;27.83;;;;830;19/06/2023;08:50:50;37.08;;;;
831;22/06/2023;06:43:36;27.91;;;;831;22/06/2023;06:46:16;27.84;;;;831;19/06/2023;08:51:50;37.09;;;;
832;22/06/2023;06:44:36;27.91;;;;832;22/06/2023;06:47:17;27.85;;;;832;19/06/2023;08:52:50;37.13;;;;
833;22/06/2023;06:45:36;27.92;;;;833;22/06/2023;06:48:17;27.84;;;;833;19/06/2023;08:53:50;37.12;;;;
834;22/06/2023;06:46:36;27.88;;;;834;22/06/2023;06:49:17;27.83;;;;834;19/06/2023;08:54:50;37.11;;;;
835;22/06/2023;06:47:36;27.91;;;;835;22/06/2023;06:50:17;27.83;;;;835;19/06/2023;08:55:50;37.13;;;;
836;22/06/2023;06:48:36;27.89;;;;836;22/06/2023;06:51:16;27.82;;;;836;19/06/2023;08:56:50;37.15;;;;
837;22/06/2023;06:49:36;27.9;;;;837;22/06/2023;06:52:16;27.82;;;;837;19/06/2023;08:57:50;37.04;Synchronized;;;
838;22/06/2023;06:50:36;27.9;;;;838;22/06/2023;06:53:16;27.82;;;;838;19/06/2023;08:58:50;37.09;;;;
839;22/06/2023;06:51:36;27.89;;;;839;22/06/2023;06:54:16;27.8;;;;839;19/06/2023;08:59:50;37.09;;;;
840;22/06/2023;06:52:36;27.88;;;;840;22/06/2023;06:55:16;27.8;;;;840;19/06/2023;09:00:50;37.11;;;;
841;22/06/2023;06:53:36;27.86;;;;841;22/06/2023;06:56:17;27.79;;;;841;19/06/2023;09:01:50;37.02;Synchronized;;;
842;22/06/2023;06:54:36;27.85;;;;842;22/06/2023;06:57:16;27.77;;;;842;19/06/2023;09:02:50;37.05;;;;
843;22/06/2023;06:55:36;27.86;;;;843;22/06/2023;06:58:16;27.8;;;;843;19/06/2023;09:03:50;37.07;;;;
844;22/06/2023;06:56:36;27.85;;;;844;22/06/2023;06:59:16;27.8;;;;844;19/06/2023;09:04:50;37.09;;;;
845;22/06/2023;06:57:36;27.88;;;;845;22/06/2023;07:00:16;27.8;;;;845;19/06/2023;09:05:50;37.09;;;;
846;22/06/2023;06:58:36;27.87;Synchronized;;;846;22/06/2023;07:01:16;27.77;;;;846;19/06/2023;09:06:50;37.08;Synchronized;;;
847;22/06/2023;06:59:36;27.85;;;;847;22/06/2023;07:02:16;27.78;;;;847;19/06/2023;09:07:50;37.02;;;;
848;22/06/2023;07:00:36;27.85;;;;848;22/06/2023;07:03:16;27.76;;;;848;19/06/2023;09:08:50;37.08;;;;
849;22/06/2023;07:01:36;27.86;;;;849;22/06/2023;07:04:16;27.77;;;;849;19/06/2023;09:09:50;37.12;;;;
850;22/06/2023;07:02:36;27.84;;;;850;22/06/2023;07:05:16;27.77;;;;850;19/06/2023;09:10:50;37.08;;;;
851;22/06/2023;07:03:36;27.84;;;;851;22/06/2023;07:06:16;27.78;;;;851;19/06/2023;09:11:50;37.11;;;;
852;22/06/2023;07:04:36;27.83;;;;852;22/06/2023;07:07:16;27.76;;;;852;19/06/2023;09:12:50;37.11;;;;
853;22/06/2023;07:05:36;27.81;;;;853;22/06/2023;07:08:16;27.74;;;;853;19/06/2023;09:13:50;37.13;;;;
854;22/06/2023;07:06:36;27.84;;;;854;22/06/2023;07:09:16;27.72;;;;854;19/06/2023;09:14:50;37.13;Synchronized;;;
855;22/06/2023;07:07:36;27.79;;;;855;22/06/2023;07:10:16;27.74;;;;855;19/06/2023;09:15:50;37.13;Synchronized;;;
856;22/06/2023;07:08:36;27.77;;;;856;22/06/2023;07:11:15;27.74;;;;856;19/06/2023;09:16:50;37.09;;;;
857;22/06/2023;07:09:36;27.8;;;;857;22/06/2023;07:12:15;27.74;;;;857;19/06/2023;09:17:50;37.09;;;;
858;22/06/2023;07:10:36;27.78;;;;858;22/06/2023;07:13:15;27.74;;;;858;19/06/2023;09:18:50;37.11;Synchronized;;;
859;22/06/2023;07:11:36;27.8;;;;859;22/06/2023;07:14:15;27.72;;;;859;19/06/2023;09:19:50;37.11;;;;
860;22/06/2023;07:12:36;27.8;;;;860;22/06/2023;07:15:15;27.7;;;;860;19/06/2023;09:20:50;37.09;;;;
861;22/06/2023;07:13:35;27.77;;;;861;22/06/2023;07:16:15;27.66;;;;861;19/06/2023;09:21:50;37.11;;;;
862;22/06/2023;07:14:35;27.77;;;;862;22/06/2023;07:17:15;27.67;;;;862;19/06/2023;09:22:50;37.04;;;;
863;22/06/2023;07:15:36;27.75;;;;863;22/06/2023;07:18:15;27.66;;;;863;19/06/2023;09:23:50;37.05;;;;
864;22/06/2023;07:16:36;27.73;;;;864;22/06/2023;07:19:14;27.66;;;;864;19/06/2023;09:24:50;37.05;;;;
865;22/06/2023;07:17:36;27.71;;;;865;22/06/2023;07:20:14;27.64;;;;865;19/06/2023;09:25:50;37.06;;;;
866;22/06/2023;07:18:36;27.69;;;;866;22/06/2023;07:21:14;27.66;;;;866;19/06/2023;09:26:50;37.09;;;;
867;22/06/2023;07:19:36;27.71;;;;867;22/06/2023;07:22:14;27.68;;;;867;19/06/2023;09:27:50;37.09;;;;
868;22/06/2023;07:20:36;27.72;;;;868;22/06/2023;07:23:14;27.68;;;;868;19/06/2023;09:28:50;37.13;;;;
869;22/06/2023;07:21:35;27.71;;;;869;22/06/2023;07:24:14;27.69;;;;869;19/06/2023;09:29:50;37.13;;;;
870;22/06/2023;07:22:35;27.74;;;;870;22/06/2023;07:25:14;27.66;;;;870;19/06/2023;09:30:50;37.13;Synchronized;;;
871;22/06/2023;07:23:35;27.73;;;;871;22/06/2023;07:26:14;27.68;;;;871;19/06/2023;09:31:50;37.11;;;;
872;22/06/2023;07:24:35;27.73;;;;872;22/06/2023;07:27:13;27.7;;;;872;19/06/2023;09:32:50;37.11;;;;
873;22/06/2023;07:25:35;27.73;;;;873;22/06/2023;07:28:13;27.7;;;;873;19/06/2023;09:33:50;37.13;;;;
874;22/06/2023;07:26:35;27.72;;;;874;22/06/2023;07:29:13;27.69;;;;874;19/06/2023;09:34:50;37.09;;;;
875;22/06/2023;07:27:35;27.77;;;;875;22/06/2023;07:30:13;27.69;;;;875;19/06/2023;09:35:50;37.13;Synchronized;;;
876;22/06/2023;07:28:35;27.76;;;;876;22/06/2023;07:31:13;27.68;;;;876;19/06/2023;09:36:50;37.12;;;;
877;22/06/2023;07:29:35;27.77;;;;877;22/06/2023;07:32:13;27.69;;;;877;19/06/2023;09:37:50;37.11;;;;
878;22/06/2023;07:30:35;27.77;;;;878;22/06/2023;07:33:13;27.67;;;;878;19/06/2023;09:38:50;37.08;;;;
879;22/06/2023;07:31:35;27.76;;;;879;22/06/2023;07:34:12;27.67;;;;879;19/06/2023;09:39:50;37.07;;;;
880;22/06/2023;07:32:35;27.74;;;;880;22/06/2023;07:35:12;27.65;;;;880;19/06/2023;09:40:50;37;Synchronized;;;
881;22/06/2023;07:33:35;27.75;;;;881;22/06/2023;07:36:12;27.65;;;;881;19/06/2023;09:41:50;37;Synchronized;;;
882;22/06/2023;07:34:35;27.73;;;;882;22/06/2023;07:37:12;27.67;;;;882;19/06/2023;09:42:50;37.03;;;;
883;22/06/2023;07:35:35;27.73;;;;883;22/06/2023;07:38:12;27.66;;;;883;19/06/2023;09:43:50;37.06;;;;
884;22/06/2023;07:36:35;27.72;;;;884;22/06/2023;07:39:12;27.66;;;;884;19/06/2023;09:44:50;37.06;;;;
885;22/06/2023;07:37:35;27.72;;;;885;22/06/2023;07:40:12;27.66;;;;885;19/06/2023;09:45:50;37.06;;;;
886;22/06/2023;07:38:35;27.74;;;;886;22/06/2023;07:41:12;27.63;;;;886;19/06/2023;09:46:50;37.08;;;;
887;22/06/2023;07:39:35;27.73;;;;887;22/06/2023;07:42:12;27.64;;;;887;19/06/2023;09:47:50;37.11;;;;
888;22/06/2023;07:40:35;27.72;;;;888;22/06/2023;07:43:12;27.63;;;;888;19/06/2023;09:48:50;37.09;;;;
889;22/06/2023;07:41:35;27.71;;;;889;22/06/2023;07:44:11;27.61;;;;889;19/06/2023;09:49:50;37.09;;;;
890;22/06/2023;07:42:35;27.69;;;;890;22/06/2023;07:45:11;27.61;;;;890;19/06/2023;09:50:50;37.11;Synchronized;;;
891;22/06/2023;07:43:35;27.66;;;;891;22/06/2023;07:46:11;27.59;;;;891;19/06/2023;09:51:50;37.11;;;;
892;22/06/2023;07:44:35;27.68;;;;892;22/06/2023;07:47:11;27.55;;;;892;19/06/2023;09:52:50;37.12;;;;
893;22/06/2023;07:45:35;27.66;;;;893;22/06/2023;07:48:11;27.55;;;;893;19/06/2023;09:53:50;37.11;;;;
894;22/06/2023;07:46:36;27.66;;;;894;22/06/2023;07:49:11;27.59;;;;894;19/06/2023;09:54:50;37.14;;;;
895;22/06/2023;07:47:36;27.66;;;;895;22/06/2023;07:50:11;27.59;;;;895;19/06/2023;09:55:50;37.14;;;;
896;22/06/2023;07:48:36;27.65;;;;896;22/06/2023;07:51:11;27.58;;;;896;19/06/2023;09:56:50;37.17;;;;
897;22/06/2023;07:49:36;27.64;;;;897;22/06/2023;07:52:11;27.58;;;;897;19/06/2023;09:57:50;37.16;;;;
898;22/06/2023;07:50:36;27.63;;;;898;22/06/2023;07:53:10;27.59;;;;898;19/06/2023;09:58:50;37.18;;;;
899;22/06/2023;07:51:36;27.65;;;;899;22/06/2023;07:54:10;27.59;;;;899;19/06/2023;09:59:50;37.19;;;;
900;22/06/2023;07:52:36;27.66;;;;900;22/06/2023;07:55:10;27.6;;;;900;19/06/2023;10:00:50;37.2;;;;
901;22/06/2023;07:53:36;27.66;;;;901;22/06/2023;07:56:10;27.59;;;;901;19/06/2023;10:01:50;37.23;;;;
902;22/06/2023;07:54:36;27.65;;;;902;22/06/2023;07:57:10;27.6;;;;902;19/06/2023;10:02:50;37.19;;;;
903;22/06/2023;07:55:36;27.66;;;;903;22/06/2023;07:58:10;27.61;;;;903;19/06/2023;10:03:50;37.2;;;;
904;22/06/2023;07:56:36;27.68;;;;904;22/06/2023;07:59:10;27.63;;;;904;19/06/2023;10:04:50;37.2;;;;
905;22/06/2023;07:57:36;27.67;;;;905;22/06/2023;08:00:09;27.62;;;;905;19/06/2023;10:05:50;37.19;;;;
906;22/06/2023;07:58:36;27.69;;;;906;22/06/2023;08:01:09;27.62;;;;906;19/06/2023;10:06:50;37.2;;;;
907;22/06/2023;07:59:36;27.68;;;;907;22/06/2023;08:02:09;27.62;;;;907;19/06/2023;10:07:50;37.21;Synchronized;;;
908;22/06/2023;08:00:36;27.67;;;;908;22/06/2023;08:03:09;27.62;;;;908;19/06/2023;10:08:50;37.23;;;;
909;22/06/2023;08:01:36;27.66;;;;909;22/06/2023;08:04:09;27.62;;;;909;19/06/2023;10:09:50;37.21;;;;
910;22/06/2023;08:02:36;27.67;;;;910;22/06/2023;08:05:09;27.59;Synchronized;;;910;19/06/2023;10:10:50;37.25;;;;
911;22/06/2023;08:03:36;27.67;Synchronized;;;911;22/06/2023;08:06:09;27.58;;;;911;19/06/2023;10:11:50;37.24;;;;
912;22/06/2023;08:04:36;27.66;;;;912;22/06/2023;08:07:09;27.55;;;;912;19/06/2023;10:12:50;37.23;;;;
913;22/06/2023;08:05:36;27.65;;;;913;22/06/2023;08:08:08;27.54;;;;913;19/06/2023;10:13:50;37.23;;;;
914;22/06/2023;08:06:36;27.63;;;;914;22/06/2023;08:09:09;27.53;;;;914;19/06/2023;10:14:50;37.21;;;;
915;22/06/2023;08:07:36;27.62;;;;915;22/06/2023;08:10:08;27.52;;;;915;19/06/2023;10:15:50;37.23;;;;
916;22/06/2023;08:08:36;27.62;;;;916;22/06/2023;08:11:08;27.52;;;;916;19/06/2023;10:16:50;37.23;Synchronized;;;
917;22/06/2023;08:09:36;27.63;;;;917;22/06/2023;08:12:08;27.52;;;;917;19/06/2023;10:17:50;37.2;Synchronized;;;
918;22/06/2023;08:10:36;27.59;;;;918;22/06/2023;08:13:08;27.54;;;;918;19/06/2023;10:18:50;37.2;;;;
919;22/06/2023;08:11:36;27.59;;;;919;22/06/2023;08:14:08;27.55;;;;919;19/06/2023;10:19:50;37.23;;;;
920;22/06/2023;08:12:36;27.59;;;;920;22/06/2023;08:15:08;27.55;;;;920;19/06/2023;10:20:50;37.2;Synchronized;;;
921;22/06/2023;08:13:36;27.63;;;;921;22/06/2023;08:16:08;27.58;;;;921;19/06/2023;10:21:50;37.23;;;;
922;22/06/2023;08:14:36;27.66;;;;922;22/06/2023;08:17:08;27.55;;;;922;19/06/2023;10:22:50;37.2;Synchronized;;;
923;22/06/2023;08:15:36;27.65;;;;923;22/06/2023;08:18:08;27.53;;;;923;19/06/2023;10:23:50;37.19;;;;
924;22/06/2023;08:16:36;27.63;;;;924;22/06/2023;08:19:08;27.53;;;;924;19/06/2023;10:24:50;37.2;;;;
925;22/06/2023;08:17:36;27.61;;;;925;22/06/2023;08:20:07;27.51;;;;925;19/06/2023;10:25:50;37.2;;;;
926;22/06/2023;08:18:36;27.6;;;;926;22/06/2023;08:21:07;27.49;;;;926;19/06/2023;10:26:50;37.2;;;;
927;22/06/2023;08:19:36;27.59;;;;927;22/06/2023;08:22:07;27.51;;;;927;19/06/2023;10:27:50;37.2;;;;
928;22/06/2023;08:20:36;27.56;;;;928;22/06/2023;08:23:07;27.48;;;;928;19/06/2023;10:28:50;37.18;Synchronized;;;
929;22/06/2023;08:21:36;27.55;;;;929;22/06/2023;08:24:07;27.47;;;;929;19/06/2023;10:29:50;37.17;;;;
930;22/06/2023;08:22:36;27.54;;;;930;22/06/2023;08:25:07;27.43;;;;930;19/06/2023;10:30:50;37.18;;;;
931;22/06/2023;08:23:36;27.55;;;;931;22/06/2023;08:26:07;27.41;;;;931;19/06/2023;10:31:50;37.18;;;;
932;22/06/2023;08:24:36;27.49;;;;932;22/06/2023;08:27:07;27.43;;;;932;19/06/2023;10:32:50;37.18;;;;
933;22/06/2023;08:25:36;27.49;;;;933;22/06/2023;08:28:07;27.45;;;;933;19/06/2023;10:33:50;37.17;;;;
934;22/06/2023;08:26:36;27.5;;;;934;22/06/2023;08:29:07;27.46;;;;934;19/06/2023;10:34:50;37.18;;;;
935;22/06/2023;08:27:36;27.48;;;;935;22/06/2023;08:30:06;27.49;;;;935;19/06/2023;10:35:50;37.18;;;;
936;22/06/2023;08:28:36;27.49;;;;936;22/06/2023;08:31:06;27.52;;;;936;19/06/2023;10:36:50;37.19;;;;
937;22/06/2023;08:29:36;27.54;;;;937;22/06/2023;08:32:06;27.55;;;;937;19/06/2023;10:37:50;37.19;;;;
938;22/06/2023;08:30:36;27.56;;;;938;22/06/2023;08:33:06;27.58;;;;938;19/06/2023;10:38:50;37.18;;;;
939;22/06/2023;08:31:36;27.56;;;;939;22/06/2023;08:34:06;27.59;;;;939;19/06/2023;10:39:50;37.19;;;;
940;22/06/2023;08:32:36;27.62;;;;940;22/06/2023;08:35:06;27.63;;;;940;19/06/2023;10:40:50;37.2;;;;
941;22/06/2023;08:33:36;27.64;;;;941;22/06/2023;08:36:06;27.66;;;;941;19/06/2023;10:41:50;37.18;;;;
942;22/06/2023;08:34:36;27.7;;;;942;22/06/2023;08:37:06;27.69;;;;942;19/06/2023;10:42:50;37.16;;;;
943;22/06/2023;08:35:36;27.69;;;;943;22/06/2023;08:38:05;27.71;;;;943;19/06/2023;10:43:50;37.17;;;;
944;22/06/2023;08:36:36;27.71;;;;944;22/06/2023;08:39:05;27.75;;;;944;19/06/2023;10:44:50;37.16;;;;
945;22/06/2023;08:37:36;27.73;;;;945;22/06/2023;08:40:05;27.74;;;;945;19/06/2023;10:45:50;37.19;Synchronized;;;
946;22/06/2023;08:38:36;27.74;;;;946;22/06/2023;08:41:05;27.72;;;;946;19/06/2023;10:46:50;37.2;;;;
947;22/06/2023;08:39:36;27.72;;;;947;22/06/2023;08:42:05;27.73;;;;947;19/06/2023;10:47:50;37.2;;;;
948;22/06/2023;08:40:36;27.71;;;;948;22/06/2023;08:43:05;27.73;;;;948;19/06/2023;10:48:50;37.19;;;;
949;22/06/2023;08:41:36;27.73;;;;949;22/06/2023;08:44:05;27.74;;;;949;19/06/2023;10:49:50;37.2;;;;
950;22/06/2023;08:42:36;27.73;;;;950;22/06/2023;08:45:05;27.76;;;;950;19/06/2023;10:50:50;37.18;;;;
951;22/06/2023;08:43:36;27.77;;;;951;22/06/2023;08:46:05;27.75;;;;951;19/06/2023;10:51:50;37.19;;;;
952;22/06/2023;08:44:36;27.78;;;;952;22/06/2023;08:47:05;27.77;;;;952;19/06/2023;10:52:50;37.17;;;;
953;22/06/2023;08:45:36;27.8;;;;953;22/06/2023;08:48:04;27.82;;;;953;19/06/2023;10:53:50;37.19;;;;
954;22/06/2023;08:46:36;27.83;;;;954;22/06/2023;08:49:04;27.8;;;;954;19/06/2023;10:54:50;37.18;;;;
955;22/06/2023;08:47:36;27.84;;;;955;22/06/2023;08:50:04;27.77;;;;955;19/06/2023;10:55:50;37.14;;;;
956;22/06/2023;08:48:36;27.88;;;;956;22/06/2023;08:51:04;27.76;;;;956;19/06/2023;10:56:50;37.17;;;;
957;22/06/2023;08:49:36;27.84;;;;957;22/06/2023;08:52:04;27.78;;;;957;19/06/2023;10:57:50;37.17;;;;
958;22/06/2023;08:50:36;27.84;;;;958;22/06/2023;08:53:04;27.8;;;;958;19/06/2023;10:58:50;37.16;;;;
959;22/06/2023;08:51:36;27.85;;;;959;22/06/2023;08:54:04;27.82;;;;959;19/06/2023;10:59:50;37.2;Synchronized;;;
960;22/06/2023;08:52:36;27.84;;;;960;22/06/2023;08:55:04;31.81;Synchronized;;;960;19/06/2023;11:00:50;37.18;;;;
961;22/06/2023;08:53:36;27.88;;;;961;22/06/2023;08:56:04;34.63;Synchronized;;;961;19/06/2023;11:01:50;37.2;;;;
962;22/06/2023;08:54:36;27.91;;;;962;22/06/2023;08:57:04;35.49;Synchronized;;;962;19/06/2023;11:02:50;37.2;;;;
963;22/06/2023;08:55:36;27.93;;;;963;22/06/2023;08:58:04;35.88;Synchronized;;;963;19/06/2023;11:03:50;37.2;;;;
964;22/06/2023;08:56:36;27.95;;;;964;22/06/2023;08:59:04;36.11;Synchronized;;;964;19/06/2023;11:04:50;37.2;;;;
965;22/06/2023;08:57:36;27.92;;;;965;22/06/2023;09:00:03;36.27;Synchronized;;;965;19/06/2023;11:05:50;37.2;;;;
966;22/06/2023;08:58:36;27.9;;;;966;22/06/2023;09:01:03;36.38;Synchronized;;;966;19/06/2023;11:06:50;37.16;;;;
967;22/06/2023;08:59:36;27.91;;;;967;22/06/2023;09:02:03;36.5;Synchronized;;;967;19/06/2023;11:07:50;37.16;Synchronized;;;
968;22/06/2023;09:00:36;27.93;;;;968;22/06/2023;09:03:03;36.55;Synchronized;;;968;19/06/2023;11:08:50;37.15;Synchronized;;;
969;22/06/2023;09:01:36;27.95;;;;969;22/06/2023;09:04:03;36.63;Synchronized;;;969;19/06/2023;11:09:50;37.15;;;;
970;22/06/2023;09:02:36;27.97;;;;970;22/06/2023;09:05:03;36.68;Synchronized;;;970;19/06/2023;11:10:50;37.14;;;;
971;22/06/2023;09:03:36;31.25;Synchronized;;;971;22/06/2023;09:06:03;36.7;Synchronized;;;971;19/06/2023;11:11:50;37.14;;;;
972;22/06/2023;09:04:36;31.77;Synchronized;;;972;22/06/2023;09:07:03;36.73;Synchronized;;;972;19/06/2023;11:12:50;37.14;;;;
973;22/06/2023;09:05:36;33.32;Synchronized;;;973;22/06/2023;09:08:03;36.74;Synchronized;;;973;19/06/2023;11:13:50;37.13;;;;
974;22/06/2023;09:06:36;33.22;Synchronized;;;974;22/06/2023;09:09:03;36.77;Synchronized;;;974;19/06/2023;11:14:50;37.13;;;;
975;22/06/2023;09:07:36;32.94;Synchronized;;;975;22/06/2023;09:10:02;36.8;Synchronized;;;975;19/06/2023;11:15:50;37.11;;;;
976;22/06/2023;09:08:36;33.4;Synchronized;;;976;22/06/2023;09:11:02;36.82;Synchronized;;;976;19/06/2023;11:16:50;37.12;;;;
977;22/06/2023;09:09:35;33.89;Synchronized;;;977;22/06/2023;09:12:02;36.84;Synchronized;;;977;19/06/2023;11:17:50;37.09;;;;
978;22/06/2023;09:10:35;34.36;Synchronized;;;978;22/06/2023;09:13:02;36.89;Synchronized;;;978;19/06/2023;11:18:50;37.09;;;;
979;22/06/2023;09:11:35;35;Synchronized;;;979;22/06/2023;09:14:02;36.89;Synchronized;;;979;19/06/2023;11:19:50;37.09;;;;
980;22/06/2023;09:12:35;35.31;Synchronized;;;980;22/06/2023;09:15:02;36.9;;;;980;19/06/2023;11:20:50;37.09;;;;
981;22/06/2023;09:13:35;35.53;Synchronized;;;981;22/06/2023;09:16:02;36.91;;;;981;19/06/2023;11:21:50;37.09;;;;
982;22/06/2023;09:14:35;35.73;;;;982;22/06/2023;09:17:02;36.91;;;;982;19/06/2023;11:22:50;37.12;;;;
983;22/06/2023;09:15:35;35.84;Synchronized;;;983;22/06/2023;09:18:02;36.91;;;;983;19/06/2023;11:23:50;37.09;Synchronized;;;
984;22/06/2023;09:16:35;35.98;Synchronized;;;984;22/06/2023;09:19:02;36.95;Synchronized;;;984;19/06/2023;11:24:50;37.09;;;;
985;22/06/2023;09:17:35;36.11;Synchronized;;;985;22/06/2023;09:20:02;36.94;Synchronized;;;985;19/06/2023;11:25:50;37.11;;;;
986;22/06/2023;09:18:35;36.18;Synchronized;;;986;22/06/2023;09:21:01;36.95;Synchronized;;;986;19/06/2023;11:26:50;37.06;;;;
987;22/06/2023;09:19:35;36.32;Synchronized;;;987;22/06/2023;09:22:01;36.96;;;;987;19/06/2023;11:27:50;37.09;;;;
988;22/06/2023;09:20:35;36.41;;;;988;22/06/2023;09:23:01;36.98;Synchronized;;;988;19/06/2023;11:28:50;37.09;Synchronized;;;
989;22/06/2023;09:21:35;36.61;;;;989;22/06/2023;09:24:01;36.96;;;;989;19/06/2023;11:29:50;37.08;;;;
990;22/06/2023;09:22:35;36.65;;;;990;22/06/2023;09:25:01;36.98;Synchronized;;;990;19/06/2023;11:30:50;37.09;Synchronized;;;
991;22/06/2023;09:23:35;36.73;;;;991;22/06/2023;09:26:01;36.99;;;;991;19/06/2023;11:31:50;37.11;;;;
992;22/06/2023;09:24:35;36.74;Synchronized;;;992;22/06/2023;09:27:01;36.98;;;;992;19/06/2023;11:32:50;37.08;;;;
993;22/06/2023;09:25:34;36.76;;;;993;22/06/2023;09:28:01;36.98;Synchronized;;;993;19/06/2023;11:33:50;37.09;Synchronized;;;
994;22/06/2023;09:26:34;36.81;;;;994;22/06/2023;09:29:00;36.99;;;;994;19/06/2023;11:34:50;37.07;Synchronized;;;
995;22/06/2023;09:27:34;36.85;;;;995;22/06/2023;09:30:00;36.97;Synchronized;;;995;19/06/2023;11:35:50;37.09;;;;
996;22/06/2023;09:28:34;36.87;;;;996;22/06/2023;09:31:00;36.99;;;;996;19/06/2023;11:36:50;37.08;;;;
997;22/06/2023;09:29:34;36.9;;;;997;22/06/2023;09:32:00;37.01;Synchronized;;;997;19/06/2023;11:37:50;37.09;;;;
998;22/06/2023;09:30:34;36.9;Synchronized;;;998;22/06/2023;09:33:00;37.01;Synchronized;;;998;19/06/2023;11:38:50;37.06;;;;
999;22/06/2023;09:31:34;36.92;;;;999;22/06/2023;09:34:00;36.99;Synchronized;;;999;19/06/2023;11:39:50;37.04;;;;
1000;22/06/2023;09:32:34;36.91;;;;1000;22/06/2023;09:35:00;37.02;;;;1000;19/06/2023;11:40:50;37.03;;;;
1001;22/06/2023;09:33:34;36.91;Synchronized;;;1001;22/06/2023;09:36:00;37.02;;;;1001;19/06/2023;11:41:50;37.02;;;;
1002;22/06/2023;09:34:35;36.91;Synchronized;;;1002;22/06/2023;09:37:00;37.02;Synchronized;;;1002;19/06/2023;11:42:50;36.95;;;;
1003;22/06/2023;09:35:35;36.92;;;;1003;22/06/2023;09:37:59;37.01;;;;1003;19/06/2023;11:43:50;36.95;;;;
1004;22/06/2023;09:36:35;36.94;Synchronized;;;1004;22/06/2023;09:38:59;37.01;;;;1004;19/06/2023;11:44:50;36.95;Synchronized;;;
1005;22/06/2023;09:37:35;36.95;Synchronized;;;1005;22/06/2023;09:39:59;37;Synchronized;;;1005;19/06/2023;11:45:50;36.96;;;;
1006;22/06/2023;09:38:35;36.97;Synchronized;;;1006;22/06/2023;09:40:59;37;Synchronized;;;1006;19/06/2023;11:46:50;36.95;;;;
1007;22/06/2023;09:39:35;36.94;;;;1007;22/06/2023;09:41:59;36.99;;;;1007;19/06/2023;11:47:50;36.95;;;;
1008;22/06/2023;09:40:35;36.94;;;;1008;22/06/2023;09:42:59;37;Synchronized;;;1008;19/06/2023;11:48:50;36.97;;;;
1009;22/06/2023;09:41:35;36.92;;;;1009;22/06/2023;09:43:59;37;;;;1009;19/06/2023;11:49:50;36.95;Synchronized;;;
1010;22/06/2023;09:42:35;36.91;Synchronized;;;1010;22/06/2023;09:44:59;36.98;Synchronized;;;1010;19/06/2023;11:50:50;36.97;;;;
1011;22/06/2023;09:43:35;36.92;Synchronized;;;1011;22/06/2023;09:45:59;36.98;Synchronized;;;1011;19/06/2023;11:51:50;36.96;;;;
1012;22/06/2023;09:44:35;36.92;Synchronized;;;1012;22/06/2023;09:46:58;36.97;Synchronized;;;1012;19/06/2023;11:52:50;36.89;Synchronized;;;
1013;22/06/2023;09:45:35;36.92;Synchronized;;;1013;22/06/2023;09:47:58;36.95;;;;1013;19/06/2023;11:53:50;36.84;Synchronized;;;
1014;22/06/2023;09:46:35;36.91;Synchronized;;;1014;22/06/2023;09:48:58;36.8;;;;1014;19/06/2023;11:54:50;36.88;Synchronized;;;
1015;22/06/2023;09:47:35;36.94;Synchronized;;;1015;22/06/2023;09:49:58;36.63;;;;1015;19/06/2023;11:55:50;36.89;;;;
1016;22/06/2023;09:48:35;36.92;Synchronized;;;1016;22/06/2023;09:50:58;36.35;;;;1016;19/06/2023;11:56:50;36.88;;;;
1017;22/06/2023;09:49:35;36.92;Synchronized;;;1017;22/06/2023;09:51:58;35.84;Synchronized;;;1017;19/06/2023;11:57:50;36.82;;;;
1018;22/06/2023;09:50:35;36.93;Synchronized;;;1018;22/06/2023;09:52:58;35.49;;;;1018;19/06/2023;11:58:50;36.81;;;;
1019;22/06/2023;09:51:35;36.94;Synchronized;;;1019;22/06/2023;09:53:58;35.34;Synchronized;;;1019;19/06/2023;11:59:50;36.82;;;;
1020;22/06/2023;09:52:35;36.91;Synchronized;;;1020;22/06/2023;09:54:58;35.24;Synchronized;;;1020;19/06/2023;12:00:50;36.77;;;;
1021;22/06/2023;09:53:35;36.9;Synchronized;;;1021;22/06/2023;09:55:58;35.55;Synchronized;;;1021;19/06/2023;12:01:50;36.7;;;;
1022;22/06/2023;09:54:35;36.88;;;;1022;22/06/2023;09:56:58;35.72;Synchronized;;;1022;19/06/2023;12:02:50;36.71;;;;
1023;22/06/2023;09:55:35;36.88;;;;1023;22/06/2023;09:57:58;35.89;;;;1023;19/06/2023;12:03:50;36.83;;;;
1024;22/06/2023;09:56:35;36.86;;;;1024;22/06/2023;09:58:58;36.04;;;;1024;19/06/2023;12:04:50;36.93;;;;
1025;22/06/2023;09:57:35;36.87;Synchronized;;;1025;22/06/2023;09:59:58;36.16;;;;1025;19/06/2023;12:05:50;36.91;;;;
1026;22/06/2023;09:58:35;36.88;Synchronized;;;1026;22/06/2023;10:00:58;36.24;Synchronized;;;1026;19/06/2023;12:06:50;36.88;;;;
1027;22/06/2023;09:59:35;36.88;;;;1027;22/06/2023;10:01:58;36.36;;;;1027;19/06/2023;12:07:50;36.94;;;;
1028;22/06/2023;10:00:35;36.87;;;;1028;22/06/2023;10:02:57;36.45;;;;1028;19/06/2023;12:08:50;37.01;Synchronized;;;
1029;22/06/2023;10:01:35;36.85;;;;1029;22/06/2023;10:03:57;36.47;;;;1029;19/06/2023;12:09:50;37.02;;;;
1030;22/06/2023;10:02:35;36.88;;;;1030;22/06/2023;10:04:57;36.55;;;;1030;19/06/2023;12:10:50;36.98;;;;
1031;22/06/2023;10:03:35;36.85;;;;1031;22/06/2023;10:05:57;36.59;;;;1031;19/06/2023;12:11:50;37;;;;
1032;22/06/2023;10:04:35;36.86;;;;1032;22/06/2023;10:06:57;36.62;;;;1032;19/06/2023;12:12:50;37.02;;;;
1033;22/06/2023;10:05:36;36.87;;;;1033;22/06/2023;10:07:57;36.66;Synchronized;;;1033;19/06/2023;12:13:50;37.03;;;;
1034;22/06/2023;10:06:36;36.87;;;;1034;22/06/2023;10:08:57;36.7;;;;1034;19/06/2023;12:14:50;37.05;;;;
1035;22/06/2023;10:07:36;36.85;Synchronized;;;1035;22/06/2023;10:09:57;36.7;Synchronized;;;1035;19/06/2023;12:15:50;37.11;Synchronized;;;
1036;22/06/2023;10:08:36;36.86;;;;1036;22/06/2023;10:10:57;36.75;;;;1036;19/06/2023;12:16:50;37.15;Synchronized;;;
1037;22/06/2023;10:09:36;36.88;Synchronized;;;1037;22/06/2023;10:11:57;36.78;;;;1037;19/06/2023;12:17:50;37.16;;;;
1038;22/06/2023;10:10:36;36.86;;;;1038;22/06/2023;10:12:57;36.21;Synchronized;;;1038;19/06/2023;12:18:50;37.2;;;;
1039;22/06/2023;10:11:36;36.87;;;;1039;22/06/2023;10:13:57;35.98;;;;1039;19/06/2023;12:19:50;37.19;;;;
1040;22/06/2023;10:12:36;36.8;Synchronized;;;1040;22/06/2023;10:14:57;35.67;Synchronized;;;1040;19/06/2023;12:20:50;37.2;;;;
1041;22/06/2023;10:13:36;36.73;Synchronized;;;1041;22/06/2023;10:15:57;35.44;;;;1041;19/06/2023;12:21:50;37.23;;;;
1042;22/06/2023;10:14:36;36.64;Synchronized;;;1042;22/06/2023;10:16:56;35.33;;;;1042;19/06/2023;12:22:50;37.24;;;;
1043;22/06/2023;10:15:36;36.54;Synchronized;;;1043;22/06/2023;10:17:56;35.48;Synchronized;;;1043;19/06/2023;12:23:50;37.29;;;;
1044;22/06/2023;10:16:36;36.49;Synchronized;;;1044;22/06/2023;10:18:56;35.65;;;;1044;19/06/2023;12:24:50;37.3;;;;
1045;22/06/2023;10:17:35;36.53;Synchronized;;;1045;22/06/2023;10:19:56;35.81;;;;1045;19/06/2023;12:25:50;37.29;;;;
1046;22/06/2023;10:18:35;36.52;Synchronized;;;1046;22/06/2023;10:20:56;36.01;;;;1046;19/06/2023;12:26:50;37.32;;;;
1047;22/06/2023;10:19:35;36.41;Synchronized;;;1047;22/06/2023;10:21:56;36.16;;;;1047;19/06/2023;12:27:50;37.29;;;;
1048;22/06/2023;10:20:35;36.08;Synchronized;;;1048;22/06/2023;10:22:56;36.27;;;;1048;19/06/2023;12:28:50;37.29;;;;
1049;22/06/2023;10:21:35;35.8;Synchronized;;;1049;22/06/2023;10:23:56;36.38;Synchronized;;;1049;19/06/2023;12:29:50;37.3;;;;
1050;22/06/2023;10:22:35;35.9;;;;1050;22/06/2023;10:24:56;36.49;;;;1050;19/06/2023;12:30:50;37.27;;;;
1051;22/06/2023;10:23:35;35.94;Synchronized;;;1051;22/06/2023;10:25:56;36.55;;;;1051;19/06/2023;12:31:50;37.28;;;;
1052;22/06/2023;10:24:35;36.05;Synchronized;;;1052;22/06/2023;10:26:56;36.63;;;;1052;19/06/2023;12:32:50;37.29;;;;
1053;22/06/2023;10:25:35;36.28;;;;1053;22/06/2023;10:27:56;36.67;;;;1053;19/06/2023;12:33:50;37.31;;;;
1054;22/06/2023;10:26:35;36.3;Synchronized;;;1054;22/06/2023;10:28:56;35.34;;;;1054;19/06/2023;12:34:50;37.28;Synchronized;;;
1055;22/06/2023;10:27:35;36.42;;;;1055;22/06/2023;10:29:56;31.88;;;;1055;19/06/2023;12:35:50;37.3;Synchronized;;;
1056;22/06/2023;10:28:35;36.47;Synchronized;;;1056;22/06/2023;10:30:56;31.49;Synchronized;;;1056;19/06/2023;12:36:50;37.31;Synchronized;;;
1057;22/06/2023;10:29:34;36.55;;;;1057;22/06/2023;10:31:56;32.48;;;;1057;19/06/2023;12:37:50;37.3;Synchronized;;;
1058;22/06/2023;10:30:34;36.61;Synchronized;;;1058;22/06/2023;10:32:56;33.3;Synchronized;;;1058;19/06/2023;12:38:50;37.3;Synchronized;;;
1059;22/06/2023;10:31:34;36.7;;;;1059;22/06/2023;10:33:56;34.07;Synchronized;;;1059;19/06/2023;12:39:50;37.31;Synchronized;;;
1060;22/06/2023;10:32:34;36.7;;;;1060;22/06/2023;10:34:56;34.58;;;;1060;19/06/2023;12:40:50;37.32;Synchronized;;;
1061;22/06/2023;10:33:34;36.71;;;;1061;22/06/2023;10:35:56;34.96;;;;1061;19/06/2023;12:41:50;37.31;Synchronized;;;
1062;22/06/2023;10:34:34;36.7;Synchronized;;;1062;22/06/2023;10:36:56;35.34;Synchronized;;;1062;19/06/2023;12:42:50;37.27;Synchronized;;;
1063;22/06/2023;10:35:34;36.77;Synchronized;;;1063;22/06/2023;10:37:56;35.63;;;;1063;19/06/2023;12:43:50;37.23;Synchronized;;;
1064;22/06/2023;10:36:34;36.77;Synchronized;;;1064;22/06/2023;10:38:56;35.85;;;;1064;19/06/2023;12:44:50;37.2;Synchronized;;;
1065;22/06/2023;10:37:34;36.77;Synchronized;;;1065;22/06/2023;10:39:56;36.03;;;;1065;19/06/2023;12:45:50;37.23;Synchronized;;;
1066;22/06/2023;10:38:33;36.76;Synchronized;;;1066;22/06/2023;10:40:56;36.18;;;;1066;19/06/2023;12:46:50;37.23;Synchronized;;;
1067;22/06/2023;10:39:33;36.77;Synchronized;;;1067;22/06/2023;10:41:55;36.29;;;;1067;19/06/2023;12:47:50;37.2;Synchronized;;;
1068;22/06/2023;10:40:33;36.78;Synchronized;;;1068;22/06/2023;10:42:55;36.38;;;;1068;19/06/2023;12:48:49;37.19;Synchronized;;;
1069;22/06/2023;10:41:33;36.78;;;;1069;22/06/2023;10:43:55;36.64;;;;1069;19/06/2023;12:49:49;37.2;Synchronized;;;
1070;22/06/2023;10:42:33;36.77;Synchronized;;;1070;22/06/2023;10:44:55;36.85;;;;1070;19/06/2023;12:50:49;37.2;Synchronized;;;
1071;22/06/2023;10:43:33;36.77;;;;1071;22/06/2023;10:45:55;36.9;;;;1071;19/06/2023;12:51:49;37.18;Synchronized;;;
1072;22/06/2023;10:44:33;36.75;Synchronized;;;1072;22/06/2023;10:46:55;36.91;;;;1072;19/06/2023;12:52:49;37.21;Synchronized;;;
1073;22/06/2023;10:45:33;36.77;Synchronized;;;1073;22/06/2023;10:47:55;36.95;Synchronized;;;1073;19/06/2023;12:53:49;37.2;Synchronized;;;
1074;22/06/2023;10:46:33;36.74;;;;1074;22/06/2023;10:48:55;36.92;Synchronized;;;1074;19/06/2023;12:54:49;37.2;Synchronized;;;
1075;22/06/2023;10:47:33;36.75;;;;1075;22/06/2023;10:49:55;36.95;Synchronized;;;1075;19/06/2023;12:55:49;37.21;Synchronized;;;
1076;22/06/2023;10:48:33;36.77;;;;1076;22/06/2023;10:50:55;36.98;;;;1076;19/06/2023;12:56:49;37.23;Synchronized;;;
1077;22/06/2023;10:49:33;36.78;;;;1077;22/06/2023;10:51:55;37.01;Synchronized;;;1077;19/06/2023;12:57:49;37.25;Synchronized;;;
1078;22/06/2023;10:50:33;36.8;Synchronized;;;1078;22/06/2023;10:52:54;37;;;;1078;19/06/2023;12:58:49;37.25;Synchronized;;;
1079;22/06/2023;10:51:33;36.81;Synchronized;;;1079;22/06/2023;10:53:54;36.99;Synchronized;;;1079;19/06/2023;12:59:49;37.25;Synchronized;;;
1080;22/06/2023;10:52:33;36.84;Synchronized;;;1080;22/06/2023;10:54:54;36.98;Synchronized;;;1080;19/06/2023;13:00:49;37.25;Synchronized;;;
1081;22/06/2023;10:53:33;36.81;Synchronized;;;1081;22/06/2023;10:55:54;36.98;;;;1081;19/06/2023;13:01:49;37.27;Synchronized;;;
1082;22/06/2023;10:54:33;36.79;;;;1082;22/06/2023;10:56:54;36.98;Synchronized;;;1082;19/06/2023;13:02:49;37.27;Synchronized;;;
1083;22/06/2023;10:55:33;36.63;;;;1083;22/06/2023;10:57:54;36.97;;;;1083;19/06/2023;13:03:49;37.28;Synchronized;;;
1084;22/06/2023;10:56:33;36.82;Synchronized;;;1084;22/06/2023;10:58:54;36.99;Synchronized;;;1084;19/06/2023;13:04:49;37.27;Synchronized;;;
1085;22/06/2023;10:57:33;36.66;;;;1085;22/06/2023;10:59:54;37.01;Synchronized;;;1085;19/06/2023;13:05:49;37.27;Synchronized;;;
1086;22/06/2023;10:58:33;36.65;;;;1086;22/06/2023;11:00:54;37.01;Synchronized;;;1086;19/06/2023;13:06:49;37.26;Synchronized;;;
1087;22/06/2023;10:59:33;36.67;;;;1087;22/06/2023;11:01:54;37.06;Synchronized;;;1087;19/06/2023;13:07:49;37.27;Synchronized;;;
1088;22/06/2023;11:00:33;36.74;;;;1088;22/06/2023;11:02:54;37.15;;;;1088;19/06/2023;13:08:49;37.29;Synchronized;;;
1089;22/06/2023;11:01:33;36.76;;;;1089;22/06/2023;11:03:54;37.2;;;;1089;19/06/2023;13:09:49;37.3;Synchronized;;;
1090;22/06/2023;11:02:33;36.73;;;;1090;22/06/2023;11:04:54;37.26;Synchronized;;;1090;19/06/2023;13:10:49;37.34;Synchronized;;;
1091;22/06/2023;11:03:33;36.7;Synchronized;;;1091;22/06/2023;11:05:54;37.27;;;;1091;19/06/2023;13:11:49;37.3;Synchronized;;;
1092;22/06/2023;11:04:33;36.79;Synchronized;;;1092;22/06/2023;11:06:54;37.2;Synchronized;;;1092;19/06/2023;13:12:49;37.27;Synchronized;;;
1093;22/06/2023;11:05:33;36.7;Synchronized;;;1093;22/06/2023;11:07:54;37.13;;;;1093;19/06/2023;13:13:49;37.27;Synchronized;;;
1094;22/06/2023;11:06:33;36.75;Synchronized;;;1094;22/06/2023;11:08:54;37.12;Synchronized;;;1094;19/06/2023;13:14:49;37.23;Synchronized;;;
1095;22/06/2023;11:07:33;36.74;Synchronized;;;1095;22/06/2023;11:09:54;37.15;;;;1095;19/06/2023;13:15:49;37.23;Synchronized;;;
1096;22/06/2023;11:08:33;36.79;Synchronized;;;1096;22/06/2023;11:10:54;37.2;;;;1096;19/06/2023;13:16:48;37.2;Synchronized;;;
1097;22/06/2023;11:09:33;36.81;Synchronized;;;1097;22/06/2023;11:11:54;37.25;;;;1097;19/06/2023;13:17:48;37.21;Synchronized;;;
1098;22/06/2023;11:10:33;36.86;Synchronized;;;1098;22/06/2023;11:12:54;37.38;Synchronized;;;1098;19/06/2023;13:18:48;37.23;Synchronized;;;
1099;22/06/2023;11:11:33;36.87;Synchronized;;;1099;22/06/2023;11:13:54;37.43;;;;1099;19/06/2023;13:19:48;37.25;Synchronized;;;
1100;22/06/2023;11:12:33;36.91;Synchronized;;;1100;22/06/2023;11:14:54;37.42;;;;1100;19/06/2023;13:20:48;37.27;Synchronized;;;
1101;22/06/2023;11:13:33;36.89;;;;1101;22/06/2023;11:15:54;37.36;;;;1101;19/06/2023;13:21:48;37.27;Synchronized;;;
1102;22/06/2023;11:14:33;36.86;;;;1102;22/06/2023;11:16:54;37.34;;;;1102;19/06/2023;13:22:48;37.3;Synchronized;;;
1103;22/06/2023;11:15:33;36.87;Synchronized;;;1103;22/06/2023;11:17:54;37.26;;;;1103;19/06/2023;13:23:48;37.28;Synchronized;;;
1104;22/06/2023;11:16:33;36.85;Synchronized;;;1104;22/06/2023;11:18:55;37.34;;;;1104;19/06/2023;13:24:48;37.3;Synchronized;;;
1105;22/06/2023;11:17:33;36.85;;;;1105;22/06/2023;11:19:55;37.38;;;;1105;19/06/2023;13:25:48;37.31;Synchronized;;;
1106;22/06/2023;11:18:34;36.83;;;;1106;22/06/2023;11:20:55;37.41;;;;1106;19/06/2023;13:26:48;37.32;Synchronized;;;
1107;22/06/2023;11:19:34;36.92;Synchronized;;;1107;22/06/2023;11:21:55;37.45;;;;1107;19/06/2023;13:27:48;37.35;Synchronized;;;
1108;22/06/2023;11:20:34;37.02;Synchronized;;;1108;22/06/2023;11:22:55;37.45;Synchronized;;;1108;19/06/2023;13:28:48;37.37;Synchronized;;;
1109;22/06/2023;11:21:34;37.05;;;;1109;22/06/2023;11:23:55;37.45;Synchronized;;;1109;19/06/2023;13:29:48;37.39;Synchronized;;;
1110;22/06/2023;11:22:34;37.05;;;;1110;22/06/2023;11:24:55;37.45;;;;1110;19/06/2023;13:30:48;37.41;;;;
1111;22/06/2023;11:23:34;37.07;;;;1111;22/06/2023;11:25:55;37.43;;;;1111;19/06/2023;13:31:48;37.44;;;;
1112;22/06/2023;11:24:34;37.09;;;;1112;22/06/2023;11:26:55;37.44;;;;1112;19/06/2023;13:32:47;37.43;;;;
1113;22/06/2023;11:25:34;37.09;;;;1113;22/06/2023;11:27:55;37.44;;;;1113;19/06/2023;13:33:47;37.42;;;;
1114;22/06/2023;11:26:34;37.04;;;;1114;22/06/2023;11:28:55;37.43;;;;1114;19/06/2023;13:34:47;37.42;;;;
1115;22/06/2023;11:27:34;37.02;;;;1115;22/06/2023;11:29:55;37.42;;;;1115;19/06/2023;13:35:47;37.4;;;;
1116;22/06/2023;11:28:34;37.02;;;;1116;22/06/2023;11:30:55;37.44;Synchronized;;;1116;19/06/2023;13:36:47;37.42;;;;
1117;22/06/2023;11:29:34;37.04;;;;1117;22/06/2023;11:31:55;37.45;;;;1117;19/06/2023;13:37:47;37.41;;;;
1118;22/06/2023;11:30:34;36.97;;;;1118;22/06/2023;11:32:55;37.45;;;;1118;19/06/2023;13:38:47;37.41;;;;
1119;22/06/2023;11:31:34;36.91;;;;1119;22/06/2023;11:33:55;37.43;;;;1119;19/06/2023;13:39:47;37.44;;;;
1120;22/06/2023;11:32:34;36.91;;;;1120;22/06/2023;11:34:55;37.45;;;;1120;19/06/2023;13:40:47;37.45;;;;
1121;22/06/2023;11:33:34;36.91;;;;1121;22/06/2023;11:35:55;37.33;;;;1121;19/06/2023;13:41:47;37.45;;;;
1122;22/06/2023;11:34:34;36.91;;;;1122;22/06/2023;11:36:55;37.27;;;;1122;19/06/2023;13:42:47;37.45;;;;
1123;22/06/2023;11:35:34;36.91;;;;1123;22/06/2023;11:37:55;37.41;Synchronized;;;1123;19/06/2023;13:43:47;37.45;Synchronized;;;
1124;22/06/2023;11:36:34;36.94;;;;1124;22/06/2023;11:38:55;37.36;Synchronized;;;1124;19/06/2023;13:44:47;37.44;;;;
1125;22/06/2023;11:37:34;36.92;;;;1125;22/06/2023;11:39:55;37.34;Synchronized;;;1125;19/06/2023;13:45:47;37.45;Synchronized;;;
1126;22/06/2023;11:38:34;36.9;Synchronized;;;1126;22/06/2023;11:40:55;37.34;;;;1126;19/06/2023;13:46:47;37.45;;;;
1127;22/06/2023;11:39:34;36.9;Synchronized;;;1127;22/06/2023;11:41:55;37.33;Synchronized;;;1127;19/06/2023;13:47:47;37.44;;;;
1128;22/06/2023;11:40:34;36.88;Synchronized;;;1128;22/06/2023;11:42:55;37.3;;;;1128;19/06/2023;13:48:47;37.45;;;;
1129;22/06/2023;11:41:34;36.97;Synchronized;;;1129;22/06/2023;11:43:55;37.3;Synchronized;;;1129;19/06/2023;13:49:47;37.47;;;;
1130;22/06/2023;11:42:35;36.95;Synchronized;;;1130;22/06/2023;11:44:55;37.31;;;;1130;19/06/2023;13:50:47;37.45;;;;
1131;22/06/2023;11:43:35;36.93;Synchronized;;;1131;22/06/2023;11:45:56;37.27;;;;1131;19/06/2023;13:51:47;37.45;;;;
1132;22/06/2023;11:44:35;36.97;Synchronized;;;1132;22/06/2023;11:46:56;37.28;Synchronized;;;1132;19/06/2023;13:52:47;37.45;;;;
1133;22/06/2023;11:45:35;36.98;Synchronized;;;1133;22/06/2023;11:47:56;37.27;;;;1133;19/06/2023;13:53:47;37.45;;;;
1134;22/06/2023;11:46:35;37.02;;;;1134;22/06/2023;11:48:56;37.28;;;;1134;19/06/2023;13:54:46;37.45;;;;
1135;22/06/2023;11:47:35;37.01;;;;1135;22/06/2023;11:49:56;37.27;;;;1135;19/06/2023;13:55:46;37.48;;;;
1136;22/06/2023;11:48:35;37;;;;1136;22/06/2023;11:50:56;37.25;Synchronized;;;1136;19/06/2023;13:56:46;37.49;;;;
1137;22/06/2023;11:49:35;36.99;Synchronized;;;1137;22/06/2023;11:51:56;37.25;Synchronized;;;1137;19/06/2023;13:57:46;37.48;;;;
1138;22/06/2023;11:50:35;36.99;;;;1138;22/06/2023;11:52:56;37.26;;;;1138;19/06/2023;13:58:46;37.48;;;;
1139;22/06/2023;11:51:35;36.97;Synchronized;;;1139;22/06/2023;11:53:56;37.28;;;;1139;19/06/2023;13:59:46;37.48;;;;
1140;22/06/2023;11:52:35;36.95;Synchronized;;;1140;22/06/2023;11:54:56;37.27;Synchronized;;;1140;19/06/2023;14:00:46;37.48;;;;
1141;22/06/2023;11:53:35;36.94;Synchronized;;;1141;22/06/2023;11:55:56;37.3;;;;1141;19/06/2023;14:01:46;37.49;;;;
1142;22/06/2023;11:54:35;36.95;Synchronized;;;1142;22/06/2023;11:56:56;37.27;Synchronized;;;1142;19/06/2023;14:02:46;37.48;;;;
1143;22/06/2023;11:55:35;36.93;;;;1143;22/06/2023;11:57:56;37.27;Synchronized;;;1143;19/06/2023;14:03:46;37.48;;;;
1144;22/06/2023;11:56:35;36.95;;;;1144;22/06/2023;11:58:56;37.28;;;;1144;19/06/2023;14:04:46;37.49;;;;
1145;22/06/2023;11:57:35;36.95;;;;1145;22/06/2023;11:59:56;37.3;;;;1145;19/06/2023;14:05:46;37.48;;;;
1146;22/06/2023;11:58:35;36.94;;;;1146;22/06/2023;12:00:56;37.28;Synchronized;;;1146;19/06/2023;14:06:46;37.48;;;;
1147;22/06/2023;11:59:35;36.91;;;;1147;22/06/2023;12:01:56;37.32;Synchronized;;;1147;19/06/2023;14:07:46;37.5;;;;
1148;22/06/2023;12:00:35;36.91;;;;1148;22/06/2023;12:02:56;37.3;;;;1148;19/06/2023;14:08:46;37.5;;;;
1149;22/06/2023;12:01:35;36.84;;;;1149;22/06/2023;12:03:56;37.31;Synchronized;;;1149;19/06/2023;14:09:46;37.47;;;;
1150;22/06/2023;12:02:35;36.9;Synchronized;;;1150;22/06/2023;12:04:56;37.31;;;;1150;19/06/2023;14:10:46;37.45;;;;
1151;22/06/2023;12:03:35;36.9;Synchronized;;;1151;22/06/2023;12:05:56;37.3;;;;1151;19/06/2023;14:11:46;37.48;;;;
1152;22/06/2023;12:04:35;36.9;Synchronized;;;1152;22/06/2023;12:06:56;37.31;;;;1152;19/06/2023;14:12:46;37.47;;;;
1153;22/06/2023;12:05:35;36.91;Synchronized;;;1153;22/06/2023;12:07:56;37.3;;;;1153;19/06/2023;14:13:46;37.48;;;;
1154;22/06/2023;12:06:35;36.89;Synchronized;;;1154;22/06/2023;12:08:57;37.3;;;;1154;19/06/2023;14:14:45;37.48;;;;
1155;22/06/2023;12:07:36;36.88;Synchronized;;;1155;22/06/2023;12:09:57;37.31;Synchronized;;;1155;19/06/2023;14:15:45;37.45;;;;
1156;22/06/2023;12:08:36;36.88;Synchronized;;;1156;22/06/2023;12:10:57;37.31;Synchronized;;;1156;19/06/2023;14:16:45;37.45;;;;
1157;22/06/2023;12:09:36;36.88;Synchronized;;;1157;22/06/2023;12:11:57;37.3;;;;1157;19/06/2023;14:17:45;37.47;;;;
1158;22/06/2023;12:10:36;36.88;Synchronized;;;1158;22/06/2023;12:12:57;37.3;;;;1158;19/06/2023;14:18:45;37.47;;;;
1159;22/06/2023;12:11:36;36.89;Synchronized;;;1159;22/06/2023;12:13:57;37.3;Synchronized;;;1159;19/06/2023;14:19:45;37.45;;;;
1160;22/06/2023;12:12:36;36.87;;;;1160;22/06/2023;12:14:57;37.3;;;;1160;19/06/2023;14:20:45;37.48;;;;
1161;22/06/2023;12:13:36;36.89;Synchronized;;;1161;22/06/2023;12:15:57;37.27;;;;1161;19/06/2023;14:21:45;37.45;;;;
1162;22/06/2023;12:14:36;36.92;Synchronized;;;1162;22/06/2023;12:16:57;37.27;Synchronized;;;1162;19/06/2023;14:22:45;37.44;;;;
1163;22/06/2023;12:15:36;36.89;Synchronized;;;1163;22/06/2023;12:17:57;37.27;Synchronized;;;1163;19/06/2023;14:23:45;37.45;;;;
1164;22/06/2023;12:16:36;36.91;;;;1164;22/06/2023;12:18:57;37.26;Synchronized;;;1164;19/06/2023;14:24:45;37.45;;;;
1165;22/06/2023;12:17:36;36.93;Synchronized;;;1165;22/06/2023;12:19:57;37.26;Synchronized;;;1165;19/06/2023;14:25:45;37.45;;;;
1166;22/06/2023;12:18:36;36.93;Synchronized;;;1166;22/06/2023;12:20:57;37.25;Synchronized;;;1166;19/06/2023;14:26:45;37.45;;;;
1167;22/06/2023;12:19:36;36.92;;;;1167;22/06/2023;12:21:57;37.25;Synchronized;;;1167;19/06/2023;14:27:45;37.45;;;;
1168;22/06/2023;12:20:36;36.92;Synchronized;;;1168;22/06/2023;12:22:57;37.24;Synchronized;;;1168;19/06/2023;14:28:45;37.45;;;;
1169;22/06/2023;12:21:36;36.95;;;;1169;22/06/2023;12:23:57;37.23;;;;1169;19/06/2023;14:29:45;37.47;;;;
1170;22/06/2023;12:22:36;36.98;Synchronized;;;1170;22/06/2023;12:24:57;37.26;Synchronized;;;1170;19/06/2023;14:30:45;37.45;Synchronized;;;
1171;22/06/2023;12:23:36;36.97;;;;1171;22/06/2023;12:25:57;37.25;Synchronized;;;1171;19/06/2023;14:31:45;37.45;;;;
1172;22/06/2023;12:24:36;36.94;;;;1172;22/06/2023;12:26:57;37.27;Synchronized;;;1172;19/06/2023;14:32:44;37.45;;;;
1173;22/06/2023;12:25:36;36.94;;;;1173;22/06/2023;12:27:57;37.27;;;;1173;19/06/2023;14:33:44;37.45;;;;
1174;22/06/2023;12:26:36;36.95;Synchronized;;;1174;22/06/2023;12:28:57;37.26;Synchronized;;;1174;19/06/2023;14:34:44;37.44;;;;
1175;22/06/2023;12:27:36;36.95;Synchronized;;;1175;22/06/2023;12:29:57;37.25;Synchronized;;;1175;19/06/2023;14:35:44;37.43;;;;
1176;22/06/2023;12:28:37;36.95;Synchronized;;;1176;22/06/2023;12:30:57;37.25;;;;1176;19/06/2023;14:36:44;37.43;;;;
1177;22/06/2023;12:29:37;36.95;Synchronized;;;1177;22/06/2023;12:31:57;37.24;;;;1177;19/06/2023;14:37:44;37.41;;;;
1178;22/06/2023;12:30:37;36.95;;;;1178;22/06/2023;12:32:57;37.27;Synchronized;;;1178;19/06/2023;14:38:44;37.42;;;;
1179;22/06/2023;12:31:37;36.94;Synchronized;;;1179;22/06/2023;12:33:57;37.28;Synchronized;;;1179;19/06/2023;14:39:44;37.42;;;;
1180;22/06/2023;12:32:37;36.92;Synchronized;;;1180;22/06/2023;12:34:57;37.23;Synchronized;;;1180;19/06/2023;14:40:44;37.41;;;;
1181;22/06/2023;12:33:37;36.93;Synchronized;;;1181;22/06/2023;12:35:57;37.08;;;;1181;19/06/2023;14:41:44;37.44;Synchronized;;;
1182;22/06/2023;12:34:37;36.94;Synchronized;;;1182;22/06/2023;12:36:57;37.04;Synchronized;;;1182;19/06/2023;14:42:44;37.41;Synchronized;;;
1183;22/06/2023;12:35:37;36.97;Synchronized;;;1183;22/06/2023;12:37:57;37.08;Synchronized;;;1183;19/06/2023;14:43:44;37.42;Synchronized;;;
1184;22/06/2023;12:36:37;36.97;Synchronized;;;1184;22/06/2023;12:38:57;37.09;Synchronized;;;1184;19/06/2023;14:44:44;37.43;;;;
1185;22/06/2023;12:37:37;37;Synchronized;;;1185;22/06/2023;12:39:57;37.09;Synchronized;;;1185;19/06/2023;14:45:44;37.42;;;;
1186;22/06/2023;12:38:37;37.02;Synchronized;;;1186;22/06/2023;12:40:57;37.06;Synchronized;;;1186;19/06/2023;14:46:44;37.45;;;;
1187;22/06/2023;12:39:37;37.05;Synchronized;;;1187;22/06/2023;12:41:57;37.04;Synchronized;;;1187;19/06/2023;14:47:44;37.44;;;;
1188;22/06/2023;12:40:37;37.04;Synchronized;;;1188;22/06/2023;12:42:57;37.05;Synchronized;;;1188;19/06/2023;14:48:44;37.43;;;;
1189;22/06/2023;12:41:37;37.04;Synchronized;;;1189;22/06/2023;12:43:57;37.13;Synchronized;;;1189;19/06/2023;14:49:44;37.41;;;;
1190;22/06/2023;12:42:37;37.05;Synchronized;;;1190;22/06/2023;12:44:57;37.16;Synchronized;;;1190;19/06/2023;14:50:44;37.41;;;;
1191;22/06/2023;12:43:37;37.05;Synchronized;;;1191;22/06/2023;12:45:58;37.2;Synchronized;;;1191;19/06/2023;14:51:44;37.4;;;;
1192;22/06/2023;12:44:37;37.05;Synchronized;;;1192;22/06/2023;12:46:58;37.2;Synchronized;;;1192;19/06/2023;14:52:44;37.39;;;;
1193;22/06/2023;12:45:37;37.05;Synchronized;;;1193;22/06/2023;12:47:58;37.2;Synchronized;;;1193;19/06/2023;14:53:43;37.39;;;;
1194;22/06/2023;12:46:37;37.1;Synchronized;;;1194;22/06/2023;12:48:58;37.22;Synchronized;;;1194;19/06/2023;14:54:43;37.39;;;;
1195;22/06/2023;12:47:37;37.09;Synchronized;;;1195;22/06/2023;12:49:58;37.23;Synchronized;;;1195;19/06/2023;14:55:43;37.36;;;;
1196;22/06/2023;12:48:38;37.05;Synchronized;;;1196;22/06/2023;12:50:58;37.23;Synchronized;;;1196;19/06/2023;14:56:43;37.37;;;;
1197;22/06/2023;12:49:38;37.05;Synchronized;;;1197;22/06/2023;12:51:58;37.22;Synchronized;;;1197;19/06/2023;14:57:43;37.37;;;;
1198;22/06/2023;12:50:38;37.04;Synchronized;;;1198;22/06/2023;12:52:58;37.21;Synchronized;;;1198;19/06/2023;14:58:43;37.37;;;;
1199;22/06/2023;12:51:38;37.06;Synchronized;;;1199;22/06/2023;12:53:58;37.23;Synchronized;;;1199;19/06/2023;14:59:43;37.35;;;;
1200;22/06/2023;12:52:38;37.09;Synchronized;;;1200;22/06/2023;12:54:58;37.23;Synchronized;;;1200;19/06/2023;15:00:43;37.36;;;;
1201;22/06/2023;12:53:38;37.07;Synchronized;;;1201;22/06/2023;12:55:58;37.24;Synchronized;;;1201;19/06/2023;15:01:43;37.33;;;;
1202;22/06/2023;12:54:38;37.11;Synchronized;;;1202;22/06/2023;12:56:58;37.23;Synchronized;;;1202;19/06/2023;15:02:43;37.35;;;;
1203;22/06/2023;12:55:38;37.14;Synchronized;;;1203;22/06/2023;12:57:58;37.16;Synchronized;;;1203;19/06/2023;15:03:43;37.36;;;;
1204;22/06/2023;12:56:38;37.13;Synchronized;;;1204;22/06/2023;12:58:58;37.11;Synchronized;;;1204;19/06/2023;15:04:43;37.37;;;;
1205;22/06/2023;12:57:38;37.16;Synchronized;;;1205;22/06/2023;12:59:58;37.09;Synchronized;;;1205;19/06/2023;15:05:43;37.36;;;;
1206;22/06/2023;12:58:38;37.16;Synchronized;;;1206;22/06/2023;13:00:58;37.08;Synchronized;;;1206;19/06/2023;15:06:43;37.33;;;;
1207;22/06/2023;12:59:38;37.19;Synchronized;;;1207;22/06/2023;13:01:58;37.06;Synchronized;;;1207;19/06/2023;15:07:43;37.31;;;;
1208;22/06/2023;13:00:38;37.24;Synchronized;;;1208;22/06/2023;13:02:58;37.09;Synchronized;;;1208;19/06/2023;15:08:43;37.31;;;;
1209;22/06/2023;13:01:38;37.26;Synchronized;;;1209;22/06/2023;13:03:58;37.04;Synchronized;;;1209;19/06/2023;15:09:43;37.32;;;;
1210;22/06/2023;13:02:38;37.27;Synchronized;;;1210;22/06/2023;13:04:59;37.1;Synchronized;;;1210;19/06/2023;15:10:43;37.32;;;;
1211;22/06/2023;13:03:38;37.29;Synchronized;;;1211;22/06/2023;13:05:59;37.1;Synchronized;;;1211;19/06/2023;15:11:43;37.28;;;;
1212;22/06/2023;13:04:38;37.29;Synchronized;;;1212;22/06/2023;13:06:59;37.08;Synchronized;;;1212;19/06/2023;15:12:43;37.24;;;;
1213;22/06/2023;13:05:38;37.3;;;;1213;22/06/2023;13:07:59;37.11;Synchronized;;;1213;19/06/2023;15:13:43;37.23;;;;
1214;22/06/2023;13:06:38;37.34;;;;1214;22/06/2023;13:08:59;37.13;Synchronized;;;1214;19/06/2023;15:14:43;37.23;;;;
1215;22/06/2023;13:07:38;37.33;;;;1215;22/06/2023;13:09:59;37.13;Synchronized;;;1215;19/06/2023;15:15:43;37.23;;;;
1216;22/06/2023;13:08:38;37.37;Synchronized;;;1216;22/06/2023;13:10:59;37.13;Synchronized;;;1216;19/06/2023;15:16:43;37.23;;;;
1217;22/06/2023;13:09:38;37.34;Synchronized;;;1217;22/06/2023;13:11:59;37.14;Synchronized;;;1217;19/06/2023;15:17:43;37.23;Synchronized;;;
1218;22/06/2023;13:10:38;37.33;Synchronized;;;1218;22/06/2023;13:12:59;37.16;Synchronized;;;1218;19/06/2023;15:18:43;37.23;;;;
1219;22/06/2023;13:11:38;37.34;Synchronized;;;1219;22/06/2023;13:13:59;37.2;Synchronized;;;1219;19/06/2023;15:19:43;37.24;;;;
1220;22/06/2023;13:12:38;37.35;Synchronized;;;1220;22/06/2023;13:14:59;37.21;Synchronized;;;1220;19/06/2023;15:20:43;37.26;;;;
1221;22/06/2023;13:13:38;37.38;Synchronized;;;1221;22/06/2023;13:15:59;37.21;Synchronized;;;1221;19/06/2023;15:21:43;37.27;;;;
1222;22/06/2023;13:14:38;37.38;Synchronized;;;1222;22/06/2023;13:16:59;37.23;Synchronized;;;1222;19/06/2023;15:22:43;37.27;;;;
1223;22/06/2023;13:15:38;37.41;Synchronized;;;1223;22/06/2023;13:17:59;37.24;Synchronized;;;1223;19/06/2023;15:23:42;37.27;;;;
1224;22/06/2023;13:16:38;37.42;Synchronized;;;1224;22/06/2023;13:18:59;37.25;Synchronized;;;1224;19/06/2023;15:24:42;37.27;;;;
1225;22/06/2023;13:17:38;37.41;Synchronized;;;1225;22/06/2023;13:19:59;37.27;Synchronized;;;1225;19/06/2023;15:25:42;37.27;;;;
1226;22/06/2023;13:18:38;37.45;Synchronized;;;1226;22/06/2023;13:20:59;37.27;Synchronized;;;1226;19/06/2023;15:26:42;37.27;;;;
1227;22/06/2023;13:19:38;37.47;Synchronized;;;1227;22/06/2023;13:21:59;37.3;Synchronized;;;1227;19/06/2023;15:27:42;37.29;;;;
1228;22/06/2023;13:20:38;37.47;Synchronized;;;1228;22/06/2023;13:22:59;37.32;Synchronized;;;1228;19/06/2023;15:28:42;37.3;;;;
1229;22/06/2023;13:21:38;37.44;Synchronized;;;1229;22/06/2023;13:23:59;37.34;Synchronized;;;1229;19/06/2023;15:29:42;37.3;;;;
1230;22/06/2023;13:22:38;37.45;Synchronized;;;1230;22/06/2023;13:25:00;37.35;Synchronized;;;1230;19/06/2023;15:30:42;37.3;;;;
1231;22/06/2023;13:23:38;37.45;Synchronized;;;1231;22/06/2023;13:26:00;37.35;Synchronized;;;1231;19/06/2023;15:31:42;37.33;;;;
1232;22/06/2023;13:24:38;37.46;Synchronized;;;1232;22/06/2023;13:27:00;37.38;Synchronized;;;1232;19/06/2023;15:32:42;37.31;;;;
1233;22/06/2023;13:25:38;37.49;Synchronized;;;1233;22/06/2023;13:28:00;37.37;Synchronized;;;1233;19/06/2023;15:33:42;37.35;;;;
1234;22/06/2023;13:26:38;37.53;Synchronized;;;1234;22/06/2023;13:29:00;37.4;Synchronized;;;1234;19/06/2023;15:34:42;37.32;;;;
1235;22/06/2023;13:27:38;37.54;Synchronized;;;1235;22/06/2023;13:30:00;37.39;Synchronized;;;1235;19/06/2023;15:35:42;37.34;;;;
1236;22/06/2023;13:28:38;37.57;;;;1236;22/06/2023;13:31:00;37.4;Synchronized;;;1236;19/06/2023;15:36:42;37.36;;;;
1237;22/06/2023;13:29:38;37.57;;;;1237;22/06/2023;13:32:00;37.41;Synchronized;;;1237;19/06/2023;15:37:42;37.35;;;;
1238;22/06/2023;13:30:38;37.58;;;;1238;22/06/2023;13:33:00;37.4;Synchronized;;;1238;19/06/2023;15:38:42;37.34;;;;
1239;22/06/2023;13:31:38;37.61;Synchronized;;;1239;22/06/2023;13:34:00;37.4;;;;1239;19/06/2023;15:39:42;37.35;;;;
1240;22/06/2023;13:32:38;37.59;Synchronized;;;1240;22/06/2023;13:35:00;37.39;;;;1240;19/06/2023;15:40:42;37.31;;;;
1241;22/06/2023;13:33:38;37.59;Synchronized;;;1241;22/06/2023;13:36:00;37.4;Synchronized;;;1241;19/06/2023;15:41:42;37.28;;;;
1242;22/06/2023;13:34:38;37.62;Synchronized;;;1242;22/06/2023;13:37:00;37.4;;;;1242;19/06/2023;15:42:42;37.27;;;;
1243;22/06/2023;13:35:38;37.63;Synchronized;;;1243;22/06/2023;13:38:00;37.43;;;;1243;19/06/2023;15:43:42;37.27;;;;
1244;22/06/2023;13:36:38;37.59;Synchronized;;;1244;22/06/2023;13:39:00;37.43;Synchronized;;;1244;19/06/2023;15:44:42;37.29;;;;
1245;22/06/2023;13:37:38;37.62;Synchronized;;;1245;22/06/2023;13:40:00;37.44;;;;1245;19/06/2023;15:45:42;37.25;Synchronized;;;
1246;22/06/2023;13:38:38;37.63;Synchronized;;;1246;22/06/2023;13:41:00;37.45;Synchronized;;;1246;19/06/2023;15:46:42;37.23;;;;
1247;22/06/2023;13:39:38;37.63;Synchronized;;;1247;22/06/2023;13:42:00;37.46;;;;1247;19/06/2023;15:47:42;37.23;;;;
1248;22/06/2023;13:40:38;37.62;Synchronized;;;1248;22/06/2023;13:43:00;37.46;;;;1248;19/06/2023;15:48:42;37.2;Synchronized;;;
1249;22/06/2023;13:41:38;37.63;Synchronized;;;1249;22/06/2023;13:44:00;37.45;;;;1249;19/06/2023;15:49:42;37.18;;;;
1250;22/06/2023;13:42:38;37.63;Synchronized;;;1250;22/06/2023;13:45:00;37.43;;;;1250;19/06/2023;15:50:42;37.09;;;;
1251;22/06/2023;13:43:38;37.64;;;;1251;22/06/2023;13:46:01;37.45;Synchronized;;;1251;19/06/2023;15:51:42;37.05;;;;
1252;22/06/2023;13:44:38;37.63;Synchronized;;;1252;22/06/2023;13:47:01;37.46;;;;1252;19/06/2023;15:52:42;36.95;;;;
1253;22/06/2023;13:45:38;37.63;Synchronized;;;1253;22/06/2023;13:48:01;37.45;;;;1253;19/06/2023;15:53:42;36.99;;;;
1254;22/06/2023;13:46:38;37.64;Synchronized;;;1254;22/06/2023;13:49:01;37.45;;;;1254;19/06/2023;15:54:42;37.08;;;;
1255;22/06/2023;13:47:38;37.64;Synchronized;;;1255;22/06/2023;13:50:01;37.45;;;;1255;19/06/2023;15:55:42;37.06;;;;
1256;22/06/2023;13:48:38;37.63;Synchronized;;;1256;22/06/2023;13:51:01;37.45;Synchronized;;;1256;19/06/2023;15:56:42;37.08;;;;
1257;22/06/2023;13:49:38;37.64;Synchronized;;;1257;22/06/2023;13:52:01;37.45;;;;1257;19/06/2023;15:57:42;37.08;;;;
1258;22/06/2023;13:50:38;37.63;Synchronized;;;1258;22/06/2023;13:53:01;37.45;;;;1258;19/06/2023;15:58:42;37.15;;;;
1259;22/06/2023;13:51:38;37.62;Synchronized;;;1259;22/06/2023;13:54:01;37.45;Synchronized;;;1259;19/06/2023;15:59:42;37.17;;;;
1260;22/06/2023;13:52:38;37.63;Synchronized;;;1260;22/06/2023;13:55:01;37.45;;;;1260;19/06/2023;16:00:42;37.19;;;;
1261;22/06/2023;13:53:38;37.63;Synchronized;;;1261;22/06/2023;13:56:01;37.48;;;;1261;19/06/2023;16:01:42;37.19;;;;
1262;22/06/2023;13:54:38;37.59;Synchronized;;;1262;22/06/2023;13:57:01;37.47;;;;1262;19/06/2023;16:02:41;37.21;;;;
1263;22/06/2023;13:55:37;37.63;Synchronized;;;1263;22/06/2023;13:58:01;37.48;;;;1263;19/06/2023;16:03:41;37.2;;;;
1264;22/06/2023;13:56:37;37.61;Synchronized;;;1264;22/06/2023;13:59:01;37.49;;;;1264;19/06/2023;16:04:41;37.21;;;;
1265;22/06/2023;13:57:37;37.6;Synchronized;;;1265;22/06/2023;14:00:01;37.46;;;;1265;19/06/2023;16:05:41;37.2;;;;
1266;22/06/2023;13:58:37;37.58;Synchronized;;;1266;22/06/2023;14:01:01;37.48;;;;1266;19/06/2023;16:06:41;37.2;;;;
1267;22/06/2023;13:59:37;37.59;Synchronized;;;1267;22/06/2023;14:02:01;37.46;;;;1267;19/06/2023;16:07:41;37.18;;;;
1268;22/06/2023;14:00:37;37.6;Synchronized;;;1268;22/06/2023;14:03:01;37.46;;;;1268;19/06/2023;16:08:41;37.08;;;;
1269;22/06/2023;14:01:37;37.59;Synchronized;;;1269;22/06/2023;14:04:01;37.48;;;;1269;19/06/2023;16:09:41;37.03;;;;
1270;22/06/2023;14:02:37;37.57;Synchronized;;;1270;22/06/2023;14:05:01;37.48;;;;1270;19/06/2023;16:10:41;37.05;;;;
1271;22/06/2023;14:03:37;37.53;Synchronized;;;1271;22/06/2023;14:06:01;37.46;;;;1271;19/06/2023;16:11:41;37.06;;;;
1272;22/06/2023;14:04:37;37.53;Synchronized;;;1272;22/06/2023;14:07:01;37.46;;;;1272;19/06/2023;16:12:41;37.13;;;;
1273;22/06/2023;14:05:37;37.52;;;;1273;22/06/2023;14:08:01;37.48;;;;1273;19/06/2023;16:13:41;37.15;;;;
1274;22/06/2023;14:06:37;37.49;Synchronized;;;1274;22/06/2023;14:09:01;37.47;Synchronized;;;1274;19/06/2023;16:14:41;37.13;;;;
1275;22/06/2023;14:07:37;37.48;;;;1275;22/06/2023;14:10:01;37.4;Synchronized;;;1275;19/06/2023;16:15:41;37.13;;;;
1276;22/06/2023;14:08:37;37.49;Synchronized;;;1276;22/06/2023;14:11:01;37.36;Synchronized;;;1276;19/06/2023;16:16:41;37.09;;;;
1277;22/06/2023;14:09:37;37.48;Synchronized;;;1277;22/06/2023;14:12:01;37.34;Synchronized;;;1277;19/06/2023;16:17:41;37;;;;
1278;22/06/2023;14:10:37;37.46;Synchronized;;;1278;22/06/2023;14:13:01;37.32;;;;1278;19/06/2023;16:18:41;;Missing data;;;
1279;22/06/2023;14:11:37;37.43;Synchronized;;;1279;22/06/2023;14:14:01;37.3;;;;1279;19/06/2023;16:19:41;36.89;;;;
1280;22/06/2023;14:12:37;37.41;Synchronized;;;1280;22/06/2023;14:15:01;37.25;Synchronized;;;1280;19/06/2023;16:20:41;36.79;;;;
1281;22/06/2023;14:13:37;37.43;Synchronized;;;1281;22/06/2023;14:16:02;37.22;Synchronized;;;1281;19/06/2023;16:21:41;36.8;;;;
1282;22/06/2023;14:14:37;37.41;Synchronized;;;1282;22/06/2023;14:17:02;37.24;Synchronized;;;1282;19/06/2023;16:22:41;36.81;;;;
1283;22/06/2023;14:15:37;37.44;Synchronized;;;1283;22/06/2023;14:18:02;37.23;;;;1283;19/06/2023;16:23:41;36.78;;;;
1284;22/06/2023;14:16:37;37.45;;;;1284;22/06/2023;14:19:02;37.28;Synchronized;;;1284;19/06/2023;16:24:41;36.83;;;;
1285;22/06/2023;14:17:37;37.43;;;;1285;22/06/2023;14:20:02;37.3;Synchronized;;;1285;19/06/2023;16:25:41;36.84;;;;
1286;22/06/2023;14:18:37;37.44;Synchronized;;;1286;22/06/2023;14:21:02;37.27;Synchronized;;;1286;19/06/2023;16:26:41;36.82;;;;
1287;22/06/2023;14:19:37;37.41;;;;1287;22/06/2023;14:22:02;37.28;;;;1287;19/06/2023;16:27:41;36.84;;;;
1288;22/06/2023;14:20:37;37.41;Synchronized;;;1288;22/06/2023;14:23:02;37.3;;;;;;;;;;;
1289;22/06/2023;14:21:37;37.41;Synchronized;;;1289;22/06/2023;14:24:02;37.3;;;;;;;;;;;
1290;22/06/2023;14:22:37;37.44;Synchronized;;;1290;22/06/2023;14:25:02;37.31;;;;;;;;;;;
1291;22/06/2023;14:23:37;37.45;Synchronized;;;1291;22/06/2023;14:26:02;37.3;;;;;;;;;;;
1292;22/06/2023;14:24:37;37.45;;;;1292;22/06/2023;14:27:02;37.31;;;;;;;;;;;
1293;22/06/2023;14:25:37;37.44;Synchronized;;;1293;22/06/2023;14:28:02;37.31;Synchronized;;;;;;;;;;
1294;22/06/2023;14:26:37;37.47;Synchronized;;;1294;22/06/2023;14:29:02;37.32;Synchronized;;;;;;;;;;
1295;22/06/2023;14:27:37;37.47;Synchronized;;;1295;22/06/2023;14:30:02;37.33;Synchronized;;;;;;;;;;
1296;22/06/2023;14:28:37;37.46;Synchronized;;;1296;22/06/2023;14:31:02;37.33;;;;;;;;;;;
1297;22/06/2023;14:29:37;37.45;Synchronized;;;1297;22/06/2023;14:32:02;37.33;Synchronized;;;;;;;;;;
1298;22/06/2023;14:30:37;37.45;;;;1298;22/06/2023;14:33:02;37.33;Synchronized;;;;;;;;;;
1299;22/06/2023;14:31:37;37.45;Synchronized;;;1299;22/06/2023;14:34:02;37.31;Synchronized;;;;;;;;;;
1300;22/06/2023;14:32:37;37.46;;;;1300;22/06/2023;14:35:02;37.33;;;;;;;;;;;
1301;22/06/2023;14:33:37;37.46;Synchronized;;;1301;22/06/2023;14:36:02;37.32;;;;;;;;;;;
1302;22/06/2023;14:34:37;37.48;Synchronized;;;1302;22/06/2023;14:37:02;37.31;;;;;;;;;;;
1303;22/06/2023;14:35:37;37.47;;;;1303;22/06/2023;14:38:02;37.34;Synchronized;;;;;;;;;;
1304;22/06/2023;14:36:37;37.47;;;;1304;22/06/2023;14:39:02;37.3;;;;;;;;;;;
1305;22/06/2023;14:37:37;37.46;;;;1305;22/06/2023;14:40:02;37.3;;;;;;;;;;;
1306;22/06/2023;14:38:37;37.45;Synchronized;;;1306;22/06/2023;14:41:02;37.27;;;;;;;;;;;
1307;22/06/2023;14:39:37;37.43;Synchronized;;;1307;22/06/2023;14:42:02;37.27;;;;;;;;;;;
1308;22/06/2023;14:40:37;37.46;;;;1308;22/06/2023;14:43:02;37.24;;;;;;;;;;;
1309;22/06/2023;14:41:37;37.45;;;;1309;22/06/2023;14:44:02;37.23;;;;;;;;;;;
1310;22/06/2023;14:42:37;37.43;Synchronized;;;1310;22/06/2023;14:45:02;37.15;;;;;;;;;;;
1311;22/06/2023;14:43:37;37.39;Synchronized;;;1311;22/06/2023;14:46:02;37.14;;;;;;;;;;;
1312;22/06/2023;14:44:37;37.39;;;;1312;22/06/2023;14:47:03;37.14;;;;;;;;;;;
1313;22/06/2023;14:45:37;37.35;Synchronized;;;1313;22/06/2023;14:48:03;37.12;;;;;;;;;;;
1314;22/06/2023;14:46:37;37.37;Synchronized;;;1314;22/06/2023;14:49:03;37.18;;;;;;;;;;;
1315;22/06/2023;14:47:37;37.33;Synchronized;;;1315;22/06/2023;14:50:03;37.23;;;;;;;;;;;
1316;22/06/2023;14:48:37;37.34;Synchronized;;;1316;22/06/2023;14:51:03;37.27;;;;;;;;;;;
1317;22/06/2023;14:49:37;37.34;Synchronized;;;1317;22/06/2023;14:52:03;37.33;;;;;;;;;;;
1318;22/06/2023;14:50:37;37.34;Synchronized;;;1318;22/06/2023;14:53:03;37.33;;;;;;;;;;;
1319;22/06/2023;14:51:36;37.33;Synchronized;;;1319;22/06/2023;14:54:03;37.25;;;;;;;;;;;
1320;22/06/2023;14:52:36;37.31;Synchronized;;;1320;22/06/2023;14:55:03;37.21;;;;;;;;;;;
1321;22/06/2023;14:53:36;37.33;Synchronized;;;1321;22/06/2023;14:56:03;37.19;;;;;;;;;;;
1322;22/06/2023;14:54:36;37.36;Synchronized;;;1322;22/06/2023;14:57:03;37.16;;;;;;;;;;;
1323;22/06/2023;14:55:36;37.34;Synchronized;;;1323;22/06/2023;14:58:03;37.2;;;;;;;;;;;
1324;22/06/2023;14:56:36;37.3;Synchronized;;;1324;22/06/2023;14:59:03;37.19;;;;;;;;;;;
1325;22/06/2023;14:57:36;37.3;;;;1325;22/06/2023;15:00:03;37.2;;;;;;;;;;;
1326;22/06/2023;14:58:36;37.29;Synchronized;;;1326;22/06/2023;15:01:03;37.2;;;;;;;;;;;
1327;22/06/2023;14:59:36;37.28;Synchronized;;;1327;22/06/2023;15:02:03;37.21;;;;;;;;;;;
1328;22/06/2023;15:00:36;37.29;Synchronized;;;1328;22/06/2023;15:03:03;37.23;Synchronized;;;;;;;;;;
1329;22/06/2023;15:01:36;37.25;;;;1329;22/06/2023;15:04:03;37.27;;;;;;;;;;;
1330;22/06/2023;15:02:37;37.24;;;;1330;22/06/2023;15:05:03;37.23;;;;;;;;;;;
1331;22/06/2023;15:03:37;37.23;;;;1331;22/06/2023;15:06:03;37.23;;;;;;;;;;;
1332;22/06/2023;15:04:37;37.23;Synchronized;;;1332;22/06/2023;15:07:03;37.23;Synchronized;;;;;;;;;;
1333;22/06/2023;15:05:37;37.24;Synchronized;;;1333;22/06/2023;15:08:03;37.25;;;;;;;;;;;
1334;22/06/2023;15:06:37;37.23;Synchronized;;;1334;22/06/2023;15:09:03;37.27;;;;;;;;;;;
1335;22/06/2023;15:07:37;37.22;Synchronized;;;1335;22/06/2023;15:10:03;37.31;Synchronized;;;;;;;;;;
1336;22/06/2023;15:08:37;37.18;;;;1336;22/06/2023;15:11:03;37.34;;;;;;;;;;;
1337;22/06/2023;15:09:37;37.17;Synchronized;;;1337;22/06/2023;15:12:03;37.3;;;;;;;;;;;
1338;22/06/2023;15:10:37;37.17;;;;1338;22/06/2023;15:13:03;37.33;;;;;;;;;;;
1339;22/06/2023;15:11:37;37.2;;;;1339;22/06/2023;15:14:03;37.32;;;;;;;;;;;
1340;22/06/2023;15:12:37;37.16;Synchronized;;;1340;22/06/2023;15:15:03;37.3;;;;;;;;;;;
1341;22/06/2023;15:13:37;37.19;Synchronized;;;1341;22/06/2023;15:16:03;37.27;Synchronized;;;;;;;;;;
1342;22/06/2023;15:14:37;37.18;;;;1342;22/06/2023;15:17:03;37.26;;;;;;;;;;;
1343;22/06/2023;15:15:37;37.17;Synchronized;;;1343;22/06/2023;15:18:03;37.27;Synchronized;;;;;;;;;;
1344;22/06/2023;15:16:37;37.16;Synchronized;;;1344;22/06/2023;15:19:03;37.26;Synchronized;;;;;;;;;;
1345;22/06/2023;15:17:37;37.16;;;;1345;22/06/2023;15:20:03;37.25;Synchronized;;;;;;;;;;
1346;22/06/2023;15:18:37;37.14;Synchronized;;;1346;22/06/2023;15:21:03;37.2;;;;;;;;;;;
1347;22/06/2023;15:19:37;37.11;Synchronized;;;1347;22/06/2023;15:22:03;37.18;;;;;;;;;;;
1348;22/06/2023;15:20:37;37.1;;;;1348;22/06/2023;15:23:04;37.16;;;;;;;;;;;
1349;22/06/2023;15:21:37;37.11;;;;1349;22/06/2023;15:24:04;37.14;;;;;;;;;;;
1350;22/06/2023;15:22:37;37.11;Synchronized;;;1350;22/06/2023;15:25:04;37.13;;;;;;;;;;;
1351;22/06/2023;15:23:37;37.09;Synchronized;;;1351;22/06/2023;15:26:04;37.13;;;;;;;;;;;
1352;22/06/2023;15:24:37;37.05;;;;1352;22/06/2023;15:27:04;37.1;;;;;;;;;;;
1353;22/06/2023;15:25:37;37.05;Synchronized;;;1353;22/06/2023;15:28:04;37.12;;;;;;;;;;;
1354;22/06/2023;15:26:37;37.04;Synchronized;;;1354;22/06/2023;15:29:04;37.12;;;;;;;;;;;
1355;22/06/2023;15:27:37;37.02;Synchronized;;;1355;22/06/2023;15:30:04;37.13;;;;;;;;;;;
1356;22/06/2023;15:28:37;37.01;Synchronized;;;1356;22/06/2023;15:31:04;37.13;;;;;;;;;;;
1357;22/06/2023;15:29:37;36.99;Synchronized;;;1357;22/06/2023;15:32:04;37.09;;;;;;;;;;;
1358;22/06/2023;15:30:37;36.99;Synchronized;;;1358;22/06/2023;15:33:04;37.12;;;;;;;;;;;
1359;22/06/2023;15:31:37;36.97;Synchronized;;;1359;22/06/2023;15:34:04;37.13;;;;;;;;;;;
1360;22/06/2023;15:32:37;36.94;Synchronized;;;1360;22/06/2023;15:35:04;37.13;;;;;;;;;;;
1361;22/06/2023;15:33:37;36.92;;;;1361;22/06/2023;15:36:04;37.14;;;;;;;;;;;
1362;22/06/2023;15:34:37;36.91;Synchronized;;;1362;22/06/2023;15:37:04;37.13;;;;;;;;;;;
1363;22/06/2023;15:35:37;36.91;Synchronized;;;1363;22/06/2023;15:38:04;37.16;;;;;;;;;;;
1364;22/06/2023;15:36:37;36.91;Synchronized;;;1364;22/06/2023;15:39:04;37.15;;;;;;;;;;;
1365;22/06/2023;15:37:37;36.94;Synchronized;;;1365;22/06/2023;15:40:04;37.15;;;;;;;;;;;
1366;22/06/2023;15:38:37;36.93;;;;1366;22/06/2023;15:41:04;37.14;;;;;;;;;;;
1367;22/06/2023;15:39:37;36.92;Synchronized;;;1367;22/06/2023;15:42:04;37.16;;;;;;;;;;;
1368;22/06/2023;15:40:37;36.95;Synchronized;;;1368;22/06/2023;15:43:04;37.16;;;;;;;;;;;
1369;22/06/2023;15:41:37;36.98;Synchronized;;;1369;22/06/2023;15:44:04;37.15;;;;;;;;;;;
1370;22/06/2023;15:42:37;36.97;Synchronized;;;1370;22/06/2023;15:45:04;37.16;;;;;;;;;;;
1371;22/06/2023;15:43:37;37;;;;1371;22/06/2023;15:46:04;37.16;;;;;;;;;;;
1372;22/06/2023;15:44:37;37.01;Synchronized;;;1372;22/06/2023;15:47:04;37.15;;;;;;;;;;;
1373;22/06/2023;15:45:37;37.02;Synchronized;;;1373;22/06/2023;15:48:04;37.13;;;;;;;;;;;
1374;22/06/2023;15:46:37;36.99;Synchronized;;;1374;22/06/2023;15:49:04;37.14;;;;;;;;;;;
1375;22/06/2023;15:47:37;36.99;;;;1375;22/06/2023;15:50:05;37.13;;;;;;;;;;;
1376;22/06/2023;15:48:37;37;;;;1376;22/06/2023;15:51:05;37.15;;;;;;;;;;;
1377;22/06/2023;15:49:37;36.99;;;;1377;22/06/2023;15:52:05;37.14;;;;;;;;;;;
1378;22/06/2023;15:50:38;37.01;;;;1378;22/06/2023;15:53:05;37.15;;;;;;;;;;;
1379;22/06/2023;15:51:38;37.01;;;;1379;22/06/2023;15:54:05;37.16;;;;;;;;;;;
1380;22/06/2023;15:52:38;37.02;;;;1380;22/06/2023;15:55:05;37.16;;;;;;;;;;;
1381;22/06/2023;15:53:38;37.04;Synchronized;;;1381;22/06/2023;15:56:05;37.19;;;;;;;;;;;
1382;22/06/2023;15:54:38;37.05;Synchronized;;;1382;22/06/2023;15:57:05;37.15;;;;;;;;;;;
1383;22/06/2023;15:55:38;37.05;;;;1383;22/06/2023;15:58:05;37.19;;;;;;;;;;;
1384;22/06/2023;15:56:38;37.05;;;;1384;22/06/2023;15:59:05;37.19;Synchronized;;;;;;;;;;
1385;22/06/2023;15:57:38;37.02;Synchronized;;;1385;22/06/2023;16:00:05;37.15;Synchronized;;;;;;;;;;
1386;22/06/2023;15:58:38;37.01;Synchronized;;;1386;22/06/2023;16:01:05;37.16;;;;;;;;;;;
1387;22/06/2023;15:59:38;37.02;Synchronized;;;1387;22/06/2023;16:02:05;37.18;;;;;;;;;;;
1388;22/06/2023;16:00:38;37.02;Synchronized;;;1388;22/06/2023;16:03:05;37.16;;;;;;;;;;;
1389;22/06/2023;16:01:38;37.01;Synchronized;;;1389;22/06/2023;16:04:05;37.16;;;;;;;;;;;
1390;22/06/2023;16:02:38;37.01;Synchronized;;;1390;22/06/2023;16:05:05;37.16;;;;;;;;;;;
1391;22/06/2023;16:03:38;37;;;;1391;22/06/2023;16:06:05;37.14;;;;;;;;;;;
1392;22/06/2023;16:04:38;37.02;;;;1392;22/06/2023;16:07:05;37.14;;;;;;;;;;;
1393;22/06/2023;16:05:38;37.03;;;;1393;22/06/2023;16:08:05;37.15;;;;;;;;;;;
1394;22/06/2023;16:06:38;37.03;Synchronized;;;1394;22/06/2023;16:09:05;37.15;;;;;;;;;;;
1395;22/06/2023;16:07:38;37.02;;;;1395;22/06/2023;16:10:05;37.15;;;;;;;;;;;
1396;22/06/2023;16:08:38;37.04;;;;1396;22/06/2023;16:11:05;37.16;;;;;;;;;;;
1397;22/06/2023;16:09:38;37.05;Synchronized;;;1397;22/06/2023;16:12:05;37.2;;;;;;;;;;;
1398;22/06/2023;16:10:38;37.06;Synchronized;;;1398;22/06/2023;16:13:05;37.18;;;;;;;;;;;
1399;22/06/2023;16:11:38;37.05;Synchronized;;;1399;22/06/2023;16:14:05;37.19;;;;;;;;;;;
1400;22/06/2023;16:12:38;37.06;;;;1400;22/06/2023;16:15:05;37.22;;;;;;;;;;;
1401;22/06/2023;16:13:38;37.07;;;;1401;22/06/2023;16:16:05;37.23;;;;;;;;;;;
1402;22/06/2023;16:14:38;37.09;Synchronized;;;1402;22/06/2023;16:17:05;37.2;Synchronized;;;;;;;;;;
1403;22/06/2023;16:15:38;37.11;Synchronized;;;1403;22/06/2023;16:18:05;37.19;;;;;;;;;;;
1404;22/06/2023;16:16:38;37.1;Synchronized;;;1404;22/06/2023;16:19:05;37.22;;;;;;;;;;;
1405;22/06/2023;16:17:38;37.12;Synchronized;;;1405;22/06/2023;16:20:05;37.2;Synchronized;;;;;;;;;;
1406;22/06/2023;16:18:38;37.12;Synchronized;;;1406;22/06/2023;16:21:05;37.19;Synchronized;;;;;;;;;;
1407;22/06/2023;16:19:38;37.14;Synchronized;;;1407;22/06/2023;16:22:06;37.18;Synchronized;;;;;;;;;;
1408;22/06/2023;16:20:38;37.13;Synchronized;;;1408;22/06/2023;16:23:06;37.16;Synchronized;;;;;;;;;;
1409;22/06/2023;16:21:38;37.12;Synchronized;;;1409;22/06/2023;16:24:06;37.16;;;;;;;;;;;
1410;22/06/2023;16:22:38;37.13;Synchronized;;;1410;22/06/2023;16:25:06;37.13;Synchronized;;;;;;;;;;
1411;22/06/2023;16:23:38;37.14;Synchronized;;;1411;22/06/2023;16:26:06;37.13;Synchronized;;;;;;;;;;
1412;22/06/2023;16:24:38;37.13;Synchronized;;;1412;22/06/2023;16:27:06;37.13;Synchronized;;;;;;;;;;
1413;22/06/2023;16:25:38;37.14;Synchronized;;;1413;22/06/2023;16:28:06;37.13;Synchronized;;;;;;;;;;
1414;22/06/2023;16:26:38;37.13;Synchronized;;;1414;22/06/2023;16:29:06;37.13;Synchronized;;;;;;;;;;
1415;22/06/2023;16:27:38;37.16;Synchronized;;;1415;22/06/2023;16:30:06;37.13;Synchronized;;;;;;;;;;
1416;22/06/2023;16:28:38;37.15;Synchronized;;;1416;22/06/2023;16:31:06;37.15;Synchronized;;;;;;;;;;
1417;22/06/2023;16:29:38;37.13;Synchronized;;;1417;22/06/2023;16:32:06;37.16;Synchronized;;;;;;;;;;
1418;22/06/2023;16:30:38;37.14;;;;1418;22/06/2023;16:33:06;37.15;Synchronized;;;;;;;;;;
1419;22/06/2023;16:31:38;37.16;;;;1419;22/06/2023;16:34:06;37.2;Synchronized;;;;;;;;;;
1420;22/06/2023;16:32:38;37.16;;;;1420;22/06/2023;16:35:06;;Missing data;;;;;;;;;;
1421;22/06/2023;16:33:38;37.16;;;;1421;22/06/2023;16:36:06;;Missing data;;;;;;;;;;
1422;22/06/2023;16:34:38;37.18;;;;1422;22/06/2023;16:37:06;;Missing data;;;;;;;;;;
;;;;;;;1423;22/06/2023;16:38:06;37.23;;;;;;;;;;;
;;;;;;;1424;22/06/2023;16:39:06;;Missing data;;;;;;;;;;
;;;;;;;1425;22/06/2023;16:40:06;;Missing data;;;;;;;;;;
;;;;;;;1426;22/06/2023;16:41:06;;Missing data;;;;;;;;;;
;;;;;;;1427;22/06/2023;16:42:06;37.13;;;;;;;;;;;
;;;;;;;1428;22/06/2023;16:43:06;;Missing data;;;;;;;;;;
;;;;;;;1429;22/06/2023;16:44:06;;Missing data;;;;;;;;;;
;;;;;;;1430;22/06/2023;16:45:06;37.1;;;;;;;;;;;
;;;;;;;1431;22/06/2023;16:46:06;;Missing data;;;;;;;;;;
;;;;;;;1432;22/06/2023;16:47:06;;Missing data;;;;;;;;;;
;;;;;;;1433;22/06/2023;16:48:06;;Missing data;;;;;;;;;;
;;;;;;;1434;22/06/2023;16:49:06;;Missing data;;;;;;;;;;
;;;;;;;1435;22/06/2023;16:50:06;37.08;;;;;;;;;;;
;
;