SenseLab_M05;
Time Zone;UTC+2:00;
Monitor;80.80.10.43;
;
Pill n°1;24.00.1B.2F;;;;;;Pill n°2;24.00.20.29;;;;;;Pill n°3;24.00.1B.F4;;;;;;
Sample number;Date (dd/mm/yyyy);Hour;Temperature (°C);Status;;;Sample number;Date (dd/mm/yyyy);Hour;Temperature (°C);Status;;;Sample number;Date (dd/mm/yyyy);Hour;Temperature (°C);Status;;;
1;21/06/2023;11:29:05;29.81;;;;1;21/06/2023;11:30:03;29.73;;;;1;21/06/2023;11:31:27;29.81;;;;
2;21/06/2023;11:30:05;30.26;;;;2;21/06/2023;11:31:03;30.22;Synchronized;;;2;21/06/2023;11:32:27;30.38;;;;
3;21/06/2023;11:31:05;30.13;Synchronized;;;3;21/06/2023;11:32:03;30.02;;;;3;21/06/2023;11:33:26;30.13;;;;
4;21/06/2023;11:32:05;30.02;;;;4;21/06/2023;11:33:03;29.95;;;;4;21/06/2023;11:34:26;29.93;;;;
5;21/06/2023;11:33:05;30.02;;;;5;21/06/2023;11:34:03;29.86;;;;5;21/06/2023;11:35:26;29.78;;;;
6;21/06/2023;11:34:05;29.93;;;;6;21/06/2023;11:35:03;29.78;;;;6;21/06/2023;11:36:26;29.66;;;;
7;21/06/2023;11:35:05;29.88;;;;7;21/06/2023;11:36:03;29.7;;;;7;21/06/2023;11:37:26;29.59;;;;
8;21/06/2023;11:36:05;29.8;;;;8;21/06/2023;11:37:03;29.63;;;;8;21/06/2023;11:38:26;29.56;;;;
9;21/06/2023;11:37:05;29.76;;;;9;21/06/2023;11:38:03;29.63;;;;9;21/06/2023;11:39:26;29.52;;;;
10;21/06/2023;11:38:05;29.71;;;;10;21/06/2023;11:39:04;29.57;;;;10;21/06/2023;11:40:26;29.5;;;;
11;21/06/2023;11:39:05;29.69;;;;11;21/06/2023;11:40:04;29.56;;;;11;21/06/2023;11:41:26;29.49;;;;
12;21/06/2023;11:40:05;29.68;;;;12;21/06/2023;11:41:04;29.53;;;;12;21/06/2023;11:42:25;29.46;;;;
13;21/06/2023;11:41:05;29.63;;;;13;21/06/2023;11:42:04;29.52;;;;13;21/06/2023;11:43:25;29.45;;;;
14;21/06/2023;11:42:05;29.63;;;;14;21/06/2023;11:43:04;29.52;;;;14;21/06/2023;11:44:25;29.45;;;;
15;21/06/2023;11:43:05;29.62;;;;15;21/06/2023;11:44:04;29.5;;;;15;21/06/2023;11:45:25;29.41;;;;
16;21/06/2023;11:44:06;29.59;;;;16;21/06/2023;11:45:04;29.45;;;;16;21/06/2023;11:46:25;29.4;;;;
17;21/06/2023;11:45:06;29.59;;;;17;21/06/2023;11:46:04;29.42;;;;17;21/06/2023;11:47:25;29.38;;;;
18;21/06/2023;11:46:06;29.54;;;;18;21/06/2023;11:47:04;29.4;;;;18;21/06/2023;11:48:25;29.38;Synchronized;;;
19;21/06/2023;11:47:06;29.54;;;;19;21/06/2023;11:48:04;29.4;;;;19;21/06/2023;11:49:25;29.4;;;;
20;21/06/2023;11:48:06;29.52;;;;20;21/06/2023;11:49:04;29.39;;;;20;21/06/2023;11:50:25;29.4;;;;
21;21/06/2023;11:49:06;29.55;;;;21;21/06/2023;11:50:04;29.39;;;;21;21/06/2023;11:51:25;29.43;;;;
22;21/06/2023;11:50:06;29.53;;;;22;21/06/2023;11:51:04;29.4;;;;22;21/06/2023;11:52:25;29.41;;;;
23;21/06/2023;11:51:06;29.54;;;;23;21/06/2023;11:52:04;29.38;;;;23;21/06/2023;11:53:24;29.38;;;;
24;21/06/2023;11:52:06;29.51;;;;24;21/06/2023;11:53:04;29.37;;;;24;21/06/2023;11:54:24;29.38;;;;
25;21/06/2023;11:53:06;29.51;;;;25;21/06/2023;11:54:04;29.34;;;;25;21/06/2023;11:55:24;29.36;;;;
26;21/06/2023;11:54:06;29.5;;;;26;21/06/2023;11:55:04;29.34;;;;26;21/06/2023;11:56:24;29.36;;;;
27;21/06/2023;11:55:06;29.5;;;;27;21/06/2023;11:56:05;29.36;;;;27;21/06/2023;11:57:24;29.34;;;;
28;21/06/2023;11:56:06;29.48;;;;28;21/06/2023;11:57:05;29.34;;;;28;21/06/2023;11:58:24;29.31;;;;
29;21/06/2023;11:57:06;29.48;;;;29;21/06/2023;11:58:05;29.33;;;;29;21/06/2023;11:59:24;29.31;;;;
30;21/06/2023;11:58:07;29.48;;;;30;21/06/2023;11:59:05;29.3;;;;30;21/06/2023;12:00:24;29.31;;;;
31;21/06/2023;11:59:07;29.45;;;;31;21/06/2023;12:00:05;29.29;;;;31;21/06/2023;12:01:24;29.29;;;;
32;21/06/2023;12:00:07;29.45;;;;32;21/06/2023;12:01:05;29.27;;;;32;21/06/2023;12:02:24;29.28;;;;
33;21/06/2023;12:01:07;29.44;;;;33;21/06/2023;12:02:05;29.25;;;;33;21/06/2023;12:03:24;29.25;;;;
34;21/06/2023;12:02:07;29.44;;;;34;21/06/2023;12:03:05;29.24;;;;34;21/06/2023;12:04:24;29.27;;;;
35;21/06/2023;12:03:07;29.41;;;;35;21/06/2023;12:04:05;29.23;;;;35;21/06/2023;12:05:24;29.24;;;;
36;21/06/2023;12:04:07;29.41;;;;36;21/06/2023;12:05:05;29.24;;;;36;21/06/2023;12:06:24;29.25;;;;
37;21/06/2023;12:05:07;29.41;;;;37;21/06/2023;12:06:05;29.22;;;;37;21/06/2023;12:07:23;29.25;;;;
38;21/06/2023;12:06:07;29.4;;;;38;21/06/2023;12:07:05;29.22;;;;38;21/06/2023;12:08:23;29.25;;;;
39;21/06/2023;12:07:07;29.4;;;;39;21/06/2023;12:08:05;29.21;;;;39;21/06/2023;12:09:23;29.27;;;;
40;21/06/2023;12:08:07;29.42;;;;40;21/06/2023;12:09:05;29.22;;;;40;21/06/2023;12:10:23;29.28;;;;
41;21/06/2023;12:09:07;29.41;;;;41;21/06/2023;12:10:06;29.2;;;;41;21/06/2023;12:11:23;29.28;;;;
42;21/06/2023;12:10:08;29.42;;;;42;21/06/2023;12:11:06;29.23;;;;42;21/06/2023;12:12:23;29.29;;;;
43;21/06/2023;12:11:08;29.4;;;;43;21/06/2023;12:12:06;29.24;;;;43;21/06/2023;12:13:23;29.27;;;;
44;21/06/2023;12:12:08;29.41;;;;44;21/06/2023;12:13:06;29.24;;;;44;21/06/2023;12:14:23;29.29;;;;
45;21/06/2023;12:13:08;29.41;;;;45;21/06/2023;12:14:06;29.23;;;;45;21/06/2023;12:15:23;29.27;;;;
46;21/06/2023;12:14:08;29.41;;;;46;21/06/2023;12:15:06;29.23;;;;46;21/06/2023;12:16:23;29.25;;;;
47;21/06/2023;12:15:08;29.41;;;;47;21/06/2023;12:16:06;29.24;;;;47;21/06/2023;12:17:23;29.25;;;;
48;21/06/2023;12:16:08;29.39;;;;48;21/06/2023;12:17:06;29.23;;;;48;21/06/2023;12:18:23;29.29;;;;
49;21/06/2023;12:17:08;29.41;;;;49;21/06/2023;12:18:06;29.26;;;;49;21/06/2023;12:19:23;29.31;;;;
50;21/06/2023;12:18:08;29.41;;;;50;21/06/2023;12:19:06;29.26;;;;50;21/06/2023;12:20:22;29.32;;;;
51;21/06/2023;12:19:08;29.43;;;;51;21/06/2023;12:20:06;29.29;;;;51;21/06/2023;12:21:22;29.34;;;;
52;21/06/2023;12:20:08;29.45;;;;52;21/06/2023;12:21:06;29.3;;;;52;21/06/2023;12:22:22;29.34;;;;
53;21/06/2023;12:21:08;29.44;;;;53;21/06/2023;12:22:06;29.3;;;;53;21/06/2023;12:23:22;29.33;;;;
54;21/06/2023;12:22:09;29.41;;;;54;21/06/2023;12:23:07;29.28;Synchronized;;;54;21/06/2023;12:24:22;29.3;;;;
55;21/06/2023;12:23:09;29.42;;;;55;21/06/2023;12:24:07;29.27;;;;55;21/06/2023;12:25:22;29.26;;;;
56;21/06/2023;12:24:09;29.4;;;;56;21/06/2023;12:25:07;29.21;;;;56;21/06/2023;12:26:22;29.22;;;;
57;21/06/2023;12:25:09;29.38;;;;57;21/06/2023;12:26:07;29.18;;;;57;21/06/2023;12:27:22;29.2;;;;
58;21/06/2023;12:26:09;29.37;Synchronized;;;58;21/06/2023;12:27:07;29.16;;;;58;21/06/2023;12:28:22;29.2;;;;
59;21/06/2023;12:27:09;29.37;;;;59;21/06/2023;12:28:07;29.14;;;;59;21/06/2023;12:29:22;29.16;;;;
60;21/06/2023;12:28:09;29.34;;;;60;21/06/2023;12:29:07;29.13;;;;60;21/06/2023;12:30:22;29.16;;;;
61;21/06/2023;12:29:09;29.36;;;;61;21/06/2023;12:30:07;29.13;;;;61;21/06/2023;12:31:22;29.13;;;;
62;21/06/2023;12:30:09;29.3;;;;62;21/06/2023;12:31:07;29.11;;;;62;21/06/2023;12:32:21;29.13;;;;
63;21/06/2023;12:31:09;29.31;;;;63;21/06/2023;12:32:06;29.09;;;;63;21/06/2023;12:33:21;29.12;;;;
64;21/06/2023;12:32:09;29.3;;;;64;21/06/2023;12:33:06;29.08;;;;64;21/06/2023;12:34:21;29.12;;;;
65;21/06/2023;12:33:10;29.29;;;;65;21/06/2023;12:34:06;29.06;;;;65;21/06/2023;12:35:21;29.09;;;;
66;21/06/2023;12:34:10;29.24;;;;66;21/06/2023;12:35:07;29.06;;;;66;21/06/2023;12:36:21;29.09;;;;
67;21/06/2023;12:35:10;29.23;;;;67;21/06/2023;12:36:07;29.05;;;;67;21/06/2023;12:37:21;29.09;;;;
68;21/06/2023;12:36:10;29.23;;;;68;21/06/2023;12:37:06;29.03;;;;68;21/06/2023;12:38:21;29.06;;;;
69;21/06/2023;12:37:10;29.24;;;;69;21/06/2023;12:38:06;29.02;;;;69;21/06/2023;12:39:21;29.08;;;;
70;21/06/2023;12:38:10;29.22;;;;70;21/06/2023;12:39:06;29.02;;;;70;21/06/2023;12:40:21;29.1;;;;
71;21/06/2023;12:39:10;29.2;;;;71;21/06/2023;12:40:06;29.05;;;;71;21/06/2023;12:41:21;29.11;;;;
72;21/06/2023;12:40:10;29.22;;;;72;21/06/2023;12:41:06;29.06;;;;72;21/06/2023;12:42:21;29.11;;;;
73;21/06/2023;12:41:10;29.23;;;;73;21/06/2023;12:42:06;29.05;;;;73;21/06/2023;12:43:21;29.13;;;;
74;21/06/2023;12:42:10;29.2;;;;74;21/06/2023;12:43:06;29.03;;;;74;21/06/2023;12:44:21;29.13;Synchronized;;;
75;21/06/2023;12:43:11;29.23;;;;75;21/06/2023;12:44:06;29.07;;;;75;21/06/2023;12:45:21;29.06;;;;
76;21/06/2023;12:44:11;29.23;;;;76;21/06/2023;12:45:06;29.02;;;;76;21/06/2023;12:46:20;28.96;;;;
77;21/06/2023;12:45:11;29.18;;;;77;21/06/2023;12:46:06;28.95;;;;77;21/06/2023;12:47:20;28.98;;;;
78;21/06/2023;12:46:11;29.12;;;;78;21/06/2023;12:47:06;28.92;;;;78;21/06/2023;12:48:20;28.96;;;;
79;21/06/2023;12:47:11;29.2;;;;79;21/06/2023;12:48:06;28.95;;;;79;21/06/2023;12:49:20;28.83;;;;
80;21/06/2023;12:48:11;29.3;;;;80;21/06/2023;12:49:06;28.82;;;;80;21/06/2023;12:50:20;28.76;;;;
81;21/06/2023;12:49:11;29.13;;;;81;21/06/2023;12:50:06;28.71;;;;81;21/06/2023;12:51:20;28.64;;;;
82;21/06/2023;12:50:11;28.95;;;;82;21/06/2023;12:51:06;28.63;;;;82;21/06/2023;12:52:20;28.59;;;;
83;21/06/2023;12:51:11;28.85;;;;83;21/06/2023;12:52:06;28.58;;;;83;21/06/2023;12:53:20;28.48;;;;
84;21/06/2023;12:52:12;28.77;;;;84;21/06/2023;12:53:06;28.44;;;;84;21/06/2023;12:54:20;28.39;;;;
85;21/06/2023;12:53:12;28.62;;;;85;21/06/2023;12:54:06;28.32;;;;85;21/06/2023;12:55:20;28.24;;;;
86;21/06/2023;12:54:12;28.47;;;;86;21/06/2023;12:55:06;28.22;;;;86;21/06/2023;12:56:20;28.22;;;;
87;21/06/2023;12:55:12;28.3;;;;87;21/06/2023;12:56:05;28.16;;;;87;21/06/2023;12:57:20;28.22;Synchronized;;;
88;21/06/2023;12:56:12;28.27;;;;88;21/06/2023;12:57:05;28.11;;;;88;21/06/2023;12:58:20;28.22;;;;
89;21/06/2023;12:57:12;28.23;;;;89;21/06/2023;12:58:05;28.11;;;;89;21/06/2023;12:59:20;28.23;;;;
90;21/06/2023;12:58:12;28.23;;;;90;21/06/2023;12:59:05;28.11;;;;90;21/06/2023;13:00:20;28.26;Synchronized;;;
91;21/06/2023;12:59:11;28.24;;;;91;21/06/2023;13:00:05;28.11;;;;91;21/06/2023;13:01:20;28.32;;;;
92;21/06/2023;13:00:11;28.21;;;;92;21/06/2023;13:01:05;28.16;;;;92;21/06/2023;13:02:19;28.33;;;;
93;21/06/2023;13:01:11;28.25;;;;93;21/06/2023;13:02:05;28.19;;;;93;21/06/2023;13:03:19;28.35;;;;
94;21/06/2023;13:02:11;28.28;;;;94;21/06/2023;13:03:05;28.2;;;;94;21/06/2023;13:04:19;28.38;;;;
95;21/06/2023;13:03:11;28.32;;;;95;21/06/2023;13:04:05;28.23;;;;95;21/06/2023;13:05:19;28.4;;;;
96;21/06/2023;13:04:11;28.34;;;;96;21/06/2023;13:05:05;28.22;;;;96;21/06/2023;13:06:19;28.4;;;;
97;21/06/2023;13:05:11;28.34;;;;97;21/06/2023;13:06:05;28.23;;;;97;21/06/2023;13:07:19;28.42;;;;
98;21/06/2023;13:06:11;28.34;;;;98;21/06/2023;13:07:05;28.26;;;;98;21/06/2023;13:08:19;28.43;;;;
99;21/06/2023;13:07:11;28.37;;;;99;21/06/2023;13:08:05;28.24;;;;99;21/06/2023;13:09:19;28.41;;;;
100;21/06/2023;13:08:11;28.38;;;;100;21/06/2023;13:09:05;28.23;;;;100;21/06/2023;13:10:19;28.41;;;;
101;21/06/2023;13:09:11;28.37;;;;101;21/06/2023;13:10:05;28.24;;;;101;21/06/2023;13:11:19;28.42;;;;
102;21/06/2023;13:10:11;28.37;;;;102;21/06/2023;13:11:05;28.23;;;;102;21/06/2023;13:12:19;28.38;;;;
103;21/06/2023;13:11:11;28.38;;;;103;21/06/2023;13:12:05;28.21;;;;103;21/06/2023;13:13:19;28.38;;;;
104;21/06/2023;13:12:11;28.34;;;;104;21/06/2023;13:13:05;28.23;;;;104;21/06/2023;13:14:19;28.35;;;;
105;21/06/2023;13:13:11;28.34;Synchronized;;;105;21/06/2023;13:14:04;28.22;;;;105;21/06/2023;13:15:19;28.34;;;;
106;21/06/2023;13:14:11;28.36;;;;106;21/06/2023;13:15:04;28.21;;;;106;21/06/2023;13:16:19;28.34;;;;
107;21/06/2023;13:15:11;28.31;;;;107;21/06/2023;13:16:04;28.17;;;;107;21/06/2023;13:17:19;28.33;;;;
108;21/06/2023;13:16:11;28.29;;;;108;21/06/2023;13:17:04;28.16;;;;108;21/06/2023;13:18:18;28.31;;;;
109;21/06/2023;13:17:11;28.25;;;;109;21/06/2023;13:18:04;28.14;;;;109;21/06/2023;13:19:18;28.3;;;;
110;21/06/2023;13:18:11;28.22;;;;110;21/06/2023;13:19:04;28.13;;;;110;21/06/2023;13:20:18;28.27;;;;
111;21/06/2023;13:19:11;28.19;;;;111;21/06/2023;13:20:04;28.11;;;;111;21/06/2023;13:21:18;28.3;;;;
112;21/06/2023;13:20:11;28.18;;;;112;21/06/2023;13:21:04;28.11;;;;112;21/06/2023;13:22:18;28.26;;;;
113;21/06/2023;13:21:11;28.13;;;;113;21/06/2023;13:22:04;28.08;;;;113;21/06/2023;13:23:18;28.26;;;;
114;21/06/2023;13:22:11;28.1;;;;114;21/06/2023;13:23:04;28.06;;;;114;21/06/2023;13:24:18;28.27;;;;
115;21/06/2023;13:23:11;28.08;;;;115;21/06/2023;13:24:04;28.05;;;;115;21/06/2023;13:25:18;28.23;;;;
116;21/06/2023;13:24:11;28.05;;;;116;21/06/2023;13:25:04;28.05;;;;116;21/06/2023;13:26:18;28.27;;;;
117;21/06/2023;13:25:11;28.02;;;;117;21/06/2023;13:26:04;28.05;;;;117;21/06/2023;13:27:18;28.26;;;;
118;21/06/2023;13:26:11;28.01;;;;118;21/06/2023;13:27:04;28.05;;;;118;21/06/2023;13:28:18;28.26;;;;
119;21/06/2023;13:27:11;27.99;;;;119;21/06/2023;13:28:04;28.05;;;;119;21/06/2023;13:29:18;28.27;;;;
120;21/06/2023;13:28:11;28.01;;;;120;21/06/2023;13:29:04;28.08;;;;120;21/06/2023;13:30:18;28.29;;;;
121;21/06/2023;13:29:11;28.04;;;;121;21/06/2023;13:30:04;28.09;;;;121;21/06/2023;13:31:18;28.29;;;;
122;21/06/2023;13:30:11;28.04;;;;122;21/06/2023;13:31:04;28.09;;;;122;21/06/2023;13:32:18;28.29;;;;
123;21/06/2023;13:31:11;28.06;;;;123;21/06/2023;13:32:04;28.12;;;;123;21/06/2023;13:33:18;28.31;;;;
124;21/06/2023;13:32:11;28.09;;;;124;21/06/2023;13:33:03;28.13;;;;124;21/06/2023;13:34:18;28.3;;;;
125;21/06/2023;13:33:11;28.13;;;;125;21/06/2023;13:34:03;28.15;;;;125;21/06/2023;13:35:18;28.33;;;;
126;21/06/2023;13:34:11;28.16;;;;126;21/06/2023;13:35:03;28.17;;;;126;21/06/2023;13:36:18;28.33;;;;
127;21/06/2023;13:35:11;28.18;;;;127;21/06/2023;13:36:03;28.17;;;;127;21/06/2023;13:37:18;28.33;;;;
128;21/06/2023;13:36:11;28.18;;;;128;21/06/2023;13:37:03;28.16;;;;128;21/06/2023;13:38:18;28.31;;;;
129;21/06/2023;13:37:11;28.2;;;;129;21/06/2023;13:38:03;28.19;;;;129;21/06/2023;13:39:18;28.3;;;;
130;21/06/2023;13:38:11;28.2;;;;130;21/06/2023;13:39:03;28.16;;;;130;21/06/2023;13:40:18;28.3;;;;
131;21/06/2023;13:39:11;28.19;;;;131;21/06/2023;13:40:03;28.17;;;;131;21/06/2023;13:41:18;28.3;;;;
132;21/06/2023;13:40:11;28.19;;;;132;21/06/2023;13:41:03;28.17;;;;132;21/06/2023;13:42:18;28.3;;;;
133;21/06/2023;13:41:11;28.2;;;;133;21/06/2023;13:42:03;28.17;;;;133;21/06/2023;13:43:17;28.3;;;;
134;21/06/2023;13:42:11;28.21;;;;134;21/06/2023;13:43:03;28.17;;;;134;21/06/2023;13:44:17;28.31;;;;
135;21/06/2023;13:43:11;28.21;;;;135;21/06/2023;13:44:03;28.16;;;;135;21/06/2023;13:45:17;28.31;;;;
136;21/06/2023;13:44:11;28.24;;;;136;21/06/2023;13:45:03;28.18;;;;136;21/06/2023;13:46:17;28.27;;;;
137;21/06/2023;13:45:11;28.26;;;;137;21/06/2023;13:46:03;28.2;;;;137;21/06/2023;13:47:17;28.3;;;;
138;21/06/2023;13:46:11;28.23;;;;138;21/06/2023;13:47:03;28.2;;;;138;21/06/2023;13:48:17;28.3;;;;
139;21/06/2023;13:47:11;28.24;;;;139;21/06/2023;13:48:03;28.2;;;;139;21/06/2023;13:49:17;28.3;;;;
140;21/06/2023;13:48:11;28.27;;;;140;21/06/2023;13:49:03;28.16;;;;140;21/06/2023;13:50:17;28.31;;;;
141;21/06/2023;13:49:11;28.24;;;;141;21/06/2023;13:50:03;28.17;;;;141;21/06/2023;13:51:17;28.31;;;;
142;21/06/2023;13:50:11;28.25;;;;142;21/06/2023;13:51:03;28.19;;;;142;21/06/2023;13:52:17;28.31;;;;
143;21/06/2023;13:51:10;28.23;;;;143;21/06/2023;13:52:02;28.19;;;;143;21/06/2023;13:53:17;28.29;;;;
144;21/06/2023;13:52:10;28.25;;;;144;21/06/2023;13:53:02;28.16;;;;144;21/06/2023;13:54:17;28.27;;;;
145;21/06/2023;13:53:10;28.24;;;;145;21/06/2023;13:54:02;28.16;;;;145;21/06/2023;13:55:17;28.3;;;;
146;21/06/2023;13:54:10;28.24;;;;146;21/06/2023;13:55:02;28.19;;;;146;21/06/2023;13:56:17;28.27;;;;
147;21/06/2023;13:55:10;28.22;;;;147;21/06/2023;13:56:02;28.18;;;;147;21/06/2023;13:57:17;28.26;;;;
148;21/06/2023;13:56:10;28.23;;;;148;21/06/2023;13:57:02;28.19;;;;148;21/06/2023;13:58:17;28.26;;;;
149;21/06/2023;13:57:10;28.2;;;;149;21/06/2023;13:58:02;28.17;;;;149;21/06/2023;13:59:17;28.26;;;;
150;21/06/2023;13:58:10;28.2;;;;150;21/06/2023;13:59:02;28.2;;;;150;21/06/2023;14:00:17;28.27;;;;
151;21/06/2023;13:59:10;28.2;;;;151;21/06/2023;14:00:02;28.18;;;;151;21/06/2023;14:01:17;28.27;;;;
152;21/06/2023;14:00:10;28.23;;;;152;21/06/2023;14:01:02;28.18;;;;152;21/06/2023;14:02:17;28.27;;;;
153;21/06/2023;14:01:10;28.23;;;;153;21/06/2023;14:02:02;28.17;;;;153;21/06/2023;14:03:17;28.27;;;;
154;21/06/2023;14:02:10;28.23;;;;154;21/06/2023;14:03:02;28.18;;;;154;21/06/2023;14:04:17;28.25;;;;
155;21/06/2023;14:03:10;28.25;;;;155;21/06/2023;14:04:02;28.19;;;;155;21/06/2023;14:05:17;28.27;;;;
156;21/06/2023;14:04:10;28.26;;;;156;21/06/2023;14:05:02;28.19;;;;156;21/06/2023;14:06:17;28.26;;;;
157;21/06/2023;14:05:10;28.21;;;;157;21/06/2023;14:06:02;28.16;;;;157;21/06/2023;14:07:17;28.24;;;;
158;21/06/2023;14:06:10;28.19;;;;158;21/06/2023;14:07:02;28.16;;;;158;21/06/2023;14:08:17;28.23;;;;
159;21/06/2023;14:07:10;28.2;;;;159;21/06/2023;14:08:02;28.16;;;;159;21/06/2023;14:09:17;28.21;;;;
160;21/06/2023;14:08:10;28.18;;;;160;21/06/2023;14:09:02;28.12;;;;160;21/06/2023;14:10:17;28.2;;;;
161;21/06/2023;14:09:10;28.17;;;;161;21/06/2023;14:10:01;28.1;;;;161;21/06/2023;14:11:17;28.12;;;;
162;21/06/2023;14:10:10;28.12;;;;162;21/06/2023;14:11:01;28.06;;;;162;21/06/2023;14:12:17;28.14;;;;
163;21/06/2023;14:11:10;28.08;;;;163;21/06/2023;14:12:01;28.05;;;;163;21/06/2023;14:13:17;28.12;;;;
164;21/06/2023;14:12:10;28.08;;;;164;21/06/2023;14:13:01;28.04;;;;164;21/06/2023;14:14:17;28.09;;;;
165;21/06/2023;14:13:10;28.08;;;;165;21/06/2023;14:14:01;28.03;;;;165;21/06/2023;14:15:17;28.09;;;;
166;21/06/2023;14:14:10;28.06;;;;166;21/06/2023;14:15:01;28.03;;;;166;21/06/2023;14:16:17;28.07;;;;
167;21/06/2023;14:15:10;28.08;;;;167;21/06/2023;14:16:01;28.02;;;;167;21/06/2023;14:17:17;28.05;;;;
168;21/06/2023;14:16:10;28.02;;;;168;21/06/2023;14:17:01;27.98;;;;168;21/06/2023;14:18:17;28.03;;;;
169;21/06/2023;14:17:10;28.02;;;;169;21/06/2023;14:18:01;27.98;;;;169;21/06/2023;14:19:17;28.03;;;;
170;21/06/2023;14:18:10;28.02;;;;170;21/06/2023;14:19:01;27.98;;;;170;21/06/2023;14:20:17;27.99;;;;
171;21/06/2023;14:19:10;27.99;;;;171;21/06/2023;14:20:01;27.93;;;;171;21/06/2023;14:21:17;27.98;;;;
172;21/06/2023;14:20:10;27.98;;;;172;21/06/2023;14:21:01;27.92;;;;172;21/06/2023;14:22:17;27.96;;;;
173;21/06/2023;14:21:10;27.94;;;;173;21/06/2023;14:22:01;27.91;;;;173;21/06/2023;14:23:17;27.97;;;;
174;21/06/2023;14:22:10;27.93;;;;174;21/06/2023;14:23:01;27.91;;;;174;21/06/2023;14:24:17;27.95;;;;
175;21/06/2023;14:23:10;27.95;Synchronized;;;175;21/06/2023;14:24:01;27.91;;;;175;21/06/2023;14:25:17;27.95;;;;
176;21/06/2023;14:24:10;27.93;;;;176;21/06/2023;14:25:01;27.88;;;;176;21/06/2023;14:26:17;27.95;;;;
177;21/06/2023;14:25:10;27.91;;;;177;21/06/2023;14:26:01;27.88;;;;177;21/06/2023;14:27:17;27.94;;;;
178;21/06/2023;14:26:10;27.9;;;;178;21/06/2023;14:27:01;27.89;;;;178;21/06/2023;14:28:17;27.94;;;;
179;21/06/2023;14:27:10;27.9;;;;179;21/06/2023;14:28:01;27.87;;;;179;21/06/2023;14:29:17;27.94;;;;
180;21/06/2023;14:28:10;27.91;;;;180;21/06/2023;14:29:01;27.87;;;;180;21/06/2023;14:30:17;27.95;;;;
181;21/06/2023;14:29:10;27.91;;;;181;21/06/2023;14:30:01;27.89;;;;181;21/06/2023;14:31:17;27.95;;;;
182;21/06/2023;14:30:10;27.92;;;;182;21/06/2023;14:31:01;27.88;;;;182;21/06/2023;14:32:17;27.94;;;;
183;21/06/2023;14:31:10;27.91;;;;183;21/06/2023;14:32:01;27.86;;;;183;21/06/2023;14:33:17;27.91;;;;
184;21/06/2023;14:32:10;27.9;;;;184;21/06/2023;14:33:01;27.86;;;;184;21/06/2023;14:34:17;27.93;;;;
185;21/06/2023;14:33:10;27.9;;;;185;21/06/2023;14:34:01;27.86;;;;185;21/06/2023;14:35:17;27.88;;;;
186;21/06/2023;14:34:10;27.88;;;;186;21/06/2023;14:35:01;27.82;;;;186;21/06/2023;14:36:17;27.9;;;;
187;21/06/2023;14:35:10;27.83;;;;187;21/06/2023;14:36:01;27.81;;;;187;21/06/2023;14:37:17;27.94;;;;
188;21/06/2023;14:36:10;27.82;;;;188;21/06/2023;14:37:01;27.84;;;;188;21/06/2023;14:38:17;27.98;;;;
189;21/06/2023;14:37:10;27.85;;;;189;21/06/2023;14:38:01;27.95;;;;189;21/06/2023;14:39:17;28.03;Synchronized;;;
190;21/06/2023;14:38:10;27.89;;;;190;21/06/2023;14:39:01;27.95;;;;190;21/06/2023;14:40:16;28;;;;
191;21/06/2023;14:39:10;27.95;;;;191;21/06/2023;14:40:01;27.96;;;;191;21/06/2023;14:41:16;28.02;Synchronized;;;
192;21/06/2023;14:40:10;27.96;;;;192;21/06/2023;14:41:01;27.97;;;;192;21/06/2023;14:42:16;27.99;Synchronized;;;
193;21/06/2023;14:41:10;27.96;;;;193;21/06/2023;14:42:01;27.95;;;;193;21/06/2023;14:43:16;27.99;Synchronized;;;
194;21/06/2023;14:42:10;27.98;;;;194;21/06/2023;14:43:01;27.95;;;;194;21/06/2023;14:44:16;27.99;Synchronized;;;
195;21/06/2023;14:43:10;27.96;;;;195;21/06/2023;14:44:00;27.96;;;;195;21/06/2023;14:45:16;27.99;;;;
196;21/06/2023;14:44:10;27.98;Synchronized;;;196;21/06/2023;14:45:00;27.95;;;;196;21/06/2023;14:46:16;27.98;;;;
197;21/06/2023;14:45:10;27.95;;;;197;21/06/2023;14:46:00;27.96;;;;197;21/06/2023;14:47:16;27.98;;;;
198;21/06/2023;14:46:10;28;;;;198;21/06/2023;14:47:00;27.96;;;;198;21/06/2023;14:48:16;28;;;;
199;21/06/2023;14:47:10;27.99;;;;199;21/06/2023;14:48:00;27.94;;;;199;21/06/2023;14:49:16;28;Synchronized;;;
200;21/06/2023;14:48:10;28;;;;200;21/06/2023;14:49:00;27.97;;;;200;21/06/2023;14:50:16;28;;;;
201;21/06/2023;14:49:10;27.98;;;;201;21/06/2023;14:50:00;27.97;;;;201;21/06/2023;14:51:16;27.98;;;;
202;21/06/2023;14:50:10;28.02;;;;202;21/06/2023;14:51:00;27.98;;;;202;21/06/2023;14:52:16;28.02;;;;
203;21/06/2023;14:51:10;28.02;;;;203;21/06/2023;14:52:00;27.98;;;;203;21/06/2023;14:53:16;27.96;Synchronized;;;
204;21/06/2023;14:52:10;27.99;;;;204;21/06/2023;14:53:00;27.94;;;;204;21/06/2023;14:54:16;27.97;Synchronized;;;
205;21/06/2023;14:53:10;27.98;;;;205;21/06/2023;14:54:00;27.92;;;;205;21/06/2023;14:55:16;27.95;Synchronized;;;
206;21/06/2023;14:54:10;27.96;;;;206;21/06/2023;14:55:00;27.92;;;;206;21/06/2023;14:56:16;27.98;Synchronized;;;
207;21/06/2023;14:55:10;27.97;;;;207;21/06/2023;14:56:00;27.92;;;;207;21/06/2023;14:57:16;27.98;;;;
208;21/06/2023;14:56:10;27.96;;;;208;21/06/2023;14:57:00;27.94;;;;208;21/06/2023;14:58:16;27.97;;;;
209;21/06/2023;14:57:10;27.99;;;;209;21/06/2023;14:58:00;27.95;;;;209;21/06/2023;14:59:16;27.98;Synchronized;;;
210;21/06/2023;14:58:10;27.96;;;;210;21/06/2023;14:59:00;27.95;;;;210;21/06/2023;15:00:16;27.98;;;;
211;21/06/2023;14:59:10;27.97;;;;211;21/06/2023;15:00:00;27.94;Synchronized;;;211;21/06/2023;15:01:16;27.98;;;;
212;21/06/2023;15:00:10;27.99;;;;212;21/06/2023;15:01:00;27.97;;;;212;21/06/2023;15:02:16;28;;;;
213;21/06/2023;15:01:10;27.99;;;;213;21/06/2023;15:02:00;27.96;;;;213;21/06/2023;15:03:16;28.01;;;;
214;21/06/2023;15:02:10;28.02;;;;214;21/06/2023;15:03:00;27.96;;;;214;21/06/2023;15:04:16;28.01;;;;
215;21/06/2023;15:03:10;28.02;;;;215;21/06/2023;15:04:00;27.97;;;;215;21/06/2023;15:05:16;28.01;Synchronized;;;
216;21/06/2023;15:04:10;28;;;;216;21/06/2023;15:05:00;27.97;;;;216;21/06/2023;15:06:16;28.02;Synchronized;;;
217;21/06/2023;15:05:10;28;;;;217;21/06/2023;15:06:00;27.97;;;;217;21/06/2023;15:07:16;28.01;Synchronized;;;
218;21/06/2023;15:06:10;28.02;;;;218;21/06/2023;15:07:00;27.97;;;;218;21/06/2023;15:08:16;27.99;;;;
219;21/06/2023;15:07:10;28.01;;;;219;21/06/2023;15:08:00;27.96;;;;219;21/06/2023;15:09:16;27.99;Synchronized;;;
220;21/06/2023;15:08:10;28.01;;;;220;21/06/2023;15:09:00;27.95;;;;220;21/06/2023;15:10:16;27.98;Synchronized;;;
221;21/06/2023;15:09:10;27.99;;;;221;21/06/2023;15:09:59;27.97;;;;221;21/06/2023;15:11:16;28.01;Synchronized;;;
222;21/06/2023;15:10:10;28;;;;222;21/06/2023;15:10:59;27.96;;;;222;21/06/2023;15:12:16;28;Synchronized;;;
223;21/06/2023;15:11:10;28.02;;;;223;21/06/2023;15:11:59;27.98;;;;223;21/06/2023;15:13:16;28.02;Synchronized;;;
224;21/06/2023;15:12:10;28;;;;224;21/06/2023;15:12:59;27.98;;;;224;21/06/2023;15:14:16;28.03;Synchronized;;;
225;21/06/2023;15:13:10;28;;;;225;21/06/2023;15:13:59;27.98;;;;225;21/06/2023;15:15:16;28.03;;;;
226;21/06/2023;15:14:10;28.04;;;;226;21/06/2023;15:14:59;28.02;;;;226;21/06/2023;15:16:16;28.06;Synchronized;;;
227;21/06/2023;15:15:10;28.03;;;;227;21/06/2023;15:15:59;28;;;;227;21/06/2023;15:17:16;28.05;;;;
228;21/06/2023;15:16:10;28.02;;;;228;21/06/2023;15:16:59;28.02;;;;228;21/06/2023;15:18:16;28.05;;;;
229;21/06/2023;15:17:10;28.03;;;;229;21/06/2023;15:17:59;28.02;;;;229;21/06/2023;15:19:16;28.08;Synchronized;;;
230;21/06/2023;15:18:10;28.05;;;;230;21/06/2023;15:18:59;28.03;;;;230;21/06/2023;15:20:16;28.07;Synchronized;;;
231;21/06/2023;15:19:10;28.03;;;;231;21/06/2023;15:19:59;28.02;;;;231;21/06/2023;15:21:16;28.07;Synchronized;;;
232;21/06/2023;15:20:10;28.05;;;;232;21/06/2023;15:20:59;28.03;;;;232;21/06/2023;15:22:16;28.07;Synchronized;;;
233;21/06/2023;15:21:10;28.05;;;;233;21/06/2023;15:21:59;28.04;;;;233;21/06/2023;15:23:16;28.07;Synchronized;;;
234;21/06/2023;15:22:10;28.07;;;;234;21/06/2023;15:22:59;28.03;;;;234;21/06/2023;15:24:15;28.09;Synchronized;;;
235;21/06/2023;15:23:10;28.05;;;;235;21/06/2023;15:23:59;28.04;;;;235;21/06/2023;15:25:15;28.09;Synchronized;;;
236;21/06/2023;15:24:10;28.07;;;;236;21/06/2023;15:24:59;28.05;;;;236;21/06/2023;15:26:15;28.1;Synchronized;;;
237;21/06/2023;15:25:10;28.05;;;;237;21/06/2023;15:25:59;28.06;;;;237;21/06/2023;15:27:15;28.11;Synchronized;;;
238;21/06/2023;15:26:10;28.05;;;;238;21/06/2023;15:26:59;28.05;;;;238;21/06/2023;15:28:15;28.12;;;;
239;21/06/2023;15:27:10;28.08;;;;239;21/06/2023;15:27:59;28.05;;;;239;21/06/2023;15:29:15;28.11;Synchronized;;;
240;21/06/2023;15:28:10;28.08;;;;240;21/06/2023;15:28:59;28.05;;;;240;21/06/2023;15:30:15;28.11;Synchronized;;;
241;21/06/2023;15:29:10;28.07;;;;241;21/06/2023;15:29:59;28.05;;;;241;21/06/2023;15:31:15;28.11;Synchronized;;;
242;21/06/2023;15:30:10;28.09;;;;242;21/06/2023;15:30:59;28.07;;;;242;21/06/2023;15:32:15;28.1;Synchronized;;;
243;21/06/2023;15:31:10;28.07;;;;243;21/06/2023;15:31:59;28.05;;;;243;21/06/2023;15:33:15;28.12;;;;
244;21/06/2023;15:32:10;28.09;;;;244;21/06/2023;15:32:58;28.06;;;;244;21/06/2023;15:34:15;28.13;Synchronized;;;
245;21/06/2023;15:33:10;28.08;;;;245;21/06/2023;15:33:58;28.06;;;;245;21/06/2023;15:35:15;28.11;Synchronized;;;
246;21/06/2023;15:34:10;28.09;;;;246;21/06/2023;15:34:58;28.08;;;;246;21/06/2023;15:36:15;28.12;Synchronized;;;
247;21/06/2023;15:35:10;28.12;;;;247;21/06/2023;15:35:58;28.05;;;;247;21/06/2023;15:37:15;28.11;Synchronized;;;
248;21/06/2023;15:36:10;28.1;;;;248;21/06/2023;15:36:58;28.08;;;;248;21/06/2023;15:38:15;28.13;Synchronized;;;
249;21/06/2023;15:37:10;28.09;;;;249;21/06/2023;15:37:58;28.08;;;;249;21/06/2023;15:39:15;28.14;Synchronized;;;
250;21/06/2023;15:38:10;28.1;;;;250;21/06/2023;15:38:58;28.09;;;;250;21/06/2023;15:40:15;28.13;Synchronized;;;
251;21/06/2023;15:39:10;28.09;;;;251;21/06/2023;15:39:58;28.09;;;;251;21/06/2023;15:41:15;28.14;Synchronized;;;
252;21/06/2023;15:40:10;28.1;Synchronized;;;252;21/06/2023;15:40:58;28.09;;;;252;21/06/2023;15:42:15;28.13;Synchronized;;;
253;21/06/2023;15:41:10;28.12;;;;253;21/06/2023;15:41:58;28.1;;;;253;21/06/2023;15:43:15;28.15;Synchronized;;;
254;21/06/2023;15:42:10;28.12;;;;254;21/06/2023;15:42:58;28.09;;;;254;21/06/2023;15:44:15;28.15;;;;
255;21/06/2023;15:43:10;28.12;;;;255;21/06/2023;15:43:58;28.09;;;;255;21/06/2023;15:45:15;28.13;;;;
256;21/06/2023;15:44:10;28.12;;;;256;21/06/2023;15:44:58;28.09;;;;256;21/06/2023;15:46:15;28.13;Synchronized;;;
257;21/06/2023;15:45:10;28.1;;;;257;21/06/2023;15:45:58;28.1;;;;257;21/06/2023;15:47:15;28.15;Synchronized;;;
258;21/06/2023;15:46:10;28.13;;;;258;21/06/2023;15:46:58;28.1;;;;258;21/06/2023;15:48:15;28.17;;;;
259;21/06/2023;15:47:10;28.13;;;;259;21/06/2023;15:47:58;28.11;;;;259;21/06/2023;15:49:15;28.18;;;;
260;21/06/2023;15:48:10;28.14;;;;260;21/06/2023;15:48:58;28.13;;;;260;21/06/2023;15:50:15;28.19;;;;
261;21/06/2023;15:49:10;28.14;;;;261;21/06/2023;15:49:58;28.12;;;;261;21/06/2023;15:51:15;28.19;;;;
262;21/06/2023;15:50:10;28.17;;;;262;21/06/2023;15:50:58;28.15;;;;262;21/06/2023;15:52:15;28.19;;;;
263;21/06/2023;15:51:10;28.16;;;;263;21/06/2023;15:51:57;28.14;;;;263;21/06/2023;15:53:15;28.2;;;;
264;21/06/2023;15:52:10;28.16;;;;264;21/06/2023;15:52:57;28.13;;;;264;21/06/2023;15:54:15;28.19;;;;
265;21/06/2023;15:53:10;28.16;;;;265;21/06/2023;15:53:57;28.15;;;;265;21/06/2023;15:55:15;28.19;;;;
266;21/06/2023;15:54:10;28.18;;;;266;21/06/2023;15:54:57;28.13;;;;266;21/06/2023;15:56:15;28.19;;;;
267;21/06/2023;15:55:10;28.16;;;;267;21/06/2023;15:55:57;28.14;;;;267;21/06/2023;15:57:15;28.17;;;;
268;21/06/2023;15:56:10;28.16;;;;268;21/06/2023;15:56:57;28.13;;;;268;21/06/2023;15:58:15;28.19;Synchronized;;;
269;21/06/2023;15:57:10;28.17;;;;269;21/06/2023;15:57:57;28.13;;;;269;21/06/2023;15:59:15;28.18;;;;
270;21/06/2023;15:58:10;28.16;;;;270;21/06/2023;15:58:57;28.13;;;;270;21/06/2023;16:00:15;28.16;Synchronized;;;
271;21/06/2023;15:59:10;28.17;;;;271;21/06/2023;15:59:57;28.14;;;;271;21/06/2023;16:01:15;28.21;Synchronized;;;
272;21/06/2023;16:00:10;28.17;;;;272;21/06/2023;16:00:57;28.13;;;;272;21/06/2023;16:02:15;28.2;;;;
273;21/06/2023;16:01:10;28.15;;;;273;21/06/2023;16:01:57;28.14;;;;273;21/06/2023;16:03:15;28.18;Synchronized;;;
274;21/06/2023;16:02:10;28.15;;;;274;21/06/2023;16:02:57;28.15;;;;274;21/06/2023;16:04:15;28.21;Synchronized;;;
275;21/06/2023;16:03:09;28.16;;;;275;21/06/2023;16:03:57;28.15;;;;275;21/06/2023;16:05:15;28.2;;;;
276;21/06/2023;16:04:09;28.18;;;;276;21/06/2023;16:04:57;28.16;;;;276;21/06/2023;16:06:15;28.21;Synchronized;;;
277;21/06/2023;16:05:09;28.16;;;;277;21/06/2023;16:05:57;28.17;;;;277;21/06/2023;16:07:14;28.2;Synchronized;;;
278;21/06/2023;16:06:09;28.18;;;;278;21/06/2023;16:06:57;28.16;;;;278;21/06/2023;16:08:14;28.23;;;;
279;21/06/2023;16:07:09;28.2;;;;279;21/06/2023;16:07:57;28.16;;;;279;21/06/2023;16:09:14;28.22;Synchronized;;;
280;21/06/2023;16:08:09;28.19;;;;280;21/06/2023;16:08:56;28.17;;;;280;21/06/2023;16:10:14;28.21;Synchronized;;;
281;21/06/2023;16:09:09;28.2;;;;281;21/06/2023;16:09:56;28.17;;;;281;21/06/2023;16:11:14;28.22;Synchronized;;;
282;21/06/2023;16:10:09;28.18;;;;282;21/06/2023;16:10:56;28.17;;;;282;21/06/2023;16:12:14;28.23;;;;
283;21/06/2023;16:11:09;28.2;;;;283;21/06/2023;16:11:56;28.18;;;;283;21/06/2023;16:13:14;28.22;Synchronized;;;
284;21/06/2023;16:12:09;28.2;;;;284;21/06/2023;16:12:56;28.17;;;;284;21/06/2023;16:14:14;28.23;;;;
285;21/06/2023;16:13:09;28.2;;;;285;21/06/2023;16:13:56;28.19;;;;285;21/06/2023;16:15:14;28.23;Synchronized;;;
286;21/06/2023;16:14:09;28.21;;;;286;21/06/2023;16:14:56;28.19;;;;286;21/06/2023;16:16:14;28.22;;;;
287;21/06/2023;16:15:09;28.21;;;;287;21/06/2023;16:15:56;28.2;;;;287;21/06/2023;16:17:14;28.23;Synchronized;;;
288;21/06/2023;16:16:09;28.21;;;;288;21/06/2023;16:16:56;28.2;;;;288;21/06/2023;16:18:14;28.23;Synchronized;;;
289;21/06/2023;16:17:09;28.21;;;;289;21/06/2023;16:17:56;28.17;;;;289;21/06/2023;16:19:14;28.23;;;;
290;21/06/2023;16:18:09;28.2;;;;290;21/06/2023;16:18:56;28.18;;;;290;21/06/2023;16:20:14;28.23;;;;
291;21/06/2023;16:19:09;28.21;;;;291;21/06/2023;16:19:56;28.2;;;;291;21/06/2023;16:21:14;28.25;;;;
292;21/06/2023;16:20:09;28.23;;;;292;21/06/2023;16:20:56;28.2;;;;292;21/06/2023;16:22:14;28.31;;;;
293;21/06/2023;16:21:09;28.24;;;;293;21/06/2023;16:21:56;28.23;;;;293;21/06/2023;16:23:14;28.45;;;;
294;21/06/2023;16:22:09;28.28;;;;294;21/06/2023;16:22:56;28.34;;;;294;21/06/2023;16:24:14;28.55;;;;
295;21/06/2023;16:23:09;28.34;;;;295;21/06/2023;16:23:56;28.45;;;;295;21/06/2023;16:25:14;28.55;;;;
296;21/06/2023;16:24:09;28.41;;;;296;21/06/2023;16:24:55;28.47;;;;296;21/06/2023;16:26:14;28.57;;;;
297;21/06/2023;16:25:09;28.41;;;;297;21/06/2023;16:25:55;28.48;;;;297;21/06/2023;16:27:14;28.55;Synchronized;;;
298;21/06/2023;16:26:09;28.44;;;;298;21/06/2023;16:26:55;28.48;;;;298;21/06/2023;16:28:14;28.55;;;;
299;21/06/2023;16:27:09;28.44;;;;299;21/06/2023;16:27:55;28.47;;;;299;21/06/2023;16:29:14;28.51;Synchronized;;;
300;21/06/2023;16:28:09;28.44;;;;300;21/06/2023;16:28:55;28.48;;;;300;21/06/2023;16:30:13;28.5;;;;
301;21/06/2023;16:29:09;28.41;;;;301;21/06/2023;16:29:55;28.43;;;;301;21/06/2023;16:31:13;28.47;;;;
302;21/06/2023;16:30:09;28.41;;;;302;21/06/2023;16:30:55;28.41;;;;302;21/06/2023;16:32:13;28.45;;;;
303;21/06/2023;16:31:09;28.41;Synchronized;;;303;21/06/2023;16:31:55;28.43;;;;303;21/06/2023;16:33:13;28.44;;;;
304;21/06/2023;16:32:09;28.39;;;;304;21/06/2023;16:32:55;28.41;;;;304;21/06/2023;16:34:13;28.46;;;;
305;21/06/2023;16:33:09;28.39;;;;305;21/06/2023;16:33:55;28.39;;;;305;21/06/2023;16:35:13;28.47;Synchronized;;;
306;21/06/2023;16:34:09;28.39;;;;306;21/06/2023;16:34:55;28.42;Synchronized;;;306;21/06/2023;16:36:13;28.46;Synchronized;;;
307;21/06/2023;16:35:09;28.41;;;;307;21/06/2023;16:35:55;28.41;;;;307;21/06/2023;16:37:13;28.45;;;;
308;21/06/2023;16:36:09;28.4;;;;308;21/06/2023;16:36:55;28.41;;;;308;21/06/2023;16:38:13;28.45;;;;
309;21/06/2023;16:37:08;28.41;;;;309;21/06/2023;16:37:54;28.41;;;;309;21/06/2023;16:39:13;28.45;;;;
310;21/06/2023;16:38:08;28.41;;;;310;21/06/2023;16:38:54;28.38;;;;310;21/06/2023;16:40:13;28.45;;;;
311;21/06/2023;16:39:08;28.4;;;;311;21/06/2023;16:39:54;28.41;;;;311;21/06/2023;16:41:13;28.45;;;;
312;21/06/2023;16:40:08;28.41;;;;312;21/06/2023;16:40:54;28.4;;;;312;21/06/2023;16:42:13;28.47;;;;
313;21/06/2023;16:41:08;28.4;;;;313;21/06/2023;16:41:54;28.43;;;;313;21/06/2023;16:43:13;28.45;Synchronized;;;
314;21/06/2023;16:42:08;28.4;;;;314;21/06/2023;16:42:54;28.41;;;;314;21/06/2023;16:44:13;28.45;;;;
315;21/06/2023;16:43:08;28.41;;;;315;21/06/2023;16:43:54;28.4;Synchronized;;;315;21/06/2023;16:45:13;28.44;;;;
316;21/06/2023;16:44:08;28.41;;;;316;21/06/2023;16:44:54;28.4;;;;316;21/06/2023;16:46:13;28.45;;;;
317;21/06/2023;16:45:08;28.39;;;;317;21/06/2023;16:45:54;28.41;;;;317;21/06/2023;16:47:13;28.47;;;;
318;21/06/2023;16:46:08;28.44;;;;318;21/06/2023;16:46:54;28.42;;;;318;21/06/2023;16:48:13;28.48;;;;
319;21/06/2023;16:47:08;28.44;;;;319;21/06/2023;16:47:54;28.45;;;;319;21/06/2023;16:49:13;28.46;Synchronized;;;
320;21/06/2023;16:48:08;28.46;;;;320;21/06/2023;16:48:54;28.45;;;;320;21/06/2023;16:50:12;28.48;;;;
321;21/06/2023;16:49:08;28.45;;;;321;21/06/2023;16:49:54;28.43;;;;321;21/06/2023;16:51:12;28.48;;;;
322;21/06/2023;16:50:08;28.46;;;;322;21/06/2023;16:50:53;28.46;;;;322;21/06/2023;16:52:12;28.48;;;;
323;21/06/2023;16:51:08;28.48;;;;323;21/06/2023;16:51:53;28.45;;;;323;21/06/2023;16:53:12;28.49;;;;
324;21/06/2023;16:52:08;28.49;;;;324;21/06/2023;16:52:53;28.45;;;;324;21/06/2023;16:54:12;28.46;;;;
325;21/06/2023;16:53:08;28.48;Synchronized;;;325;21/06/2023;16:53:53;28.44;;;;325;21/06/2023;16:55:12;28.45;;;;
326;21/06/2023;16:54:08;28.47;;;;326;21/06/2023;16:54:53;28.46;;;;326;21/06/2023;16:56:12;28.47;;;;
327;21/06/2023;16:55:08;28.49;;;;327;21/06/2023;16:55:53;28.45;;;;327;21/06/2023;16:57:12;28.48;;;;
328;21/06/2023;16:56:08;28.48;;;;328;21/06/2023;16:56:53;28.46;;;;328;21/06/2023;16:58:12;28.47;;;;
329;21/06/2023;16:57:08;28.46;;;;329;21/06/2023;16:57:53;28.44;;;;329;21/06/2023;16:59:12;28.45;;;;
330;21/06/2023;16:58:08;28.51;;;;330;21/06/2023;16:58:53;28.45;;;;330;21/06/2023;17:00:12;28.48;;;;
331;21/06/2023;16:59:08;28.48;;;;331;21/06/2023;16:59:53;28.45;;;;331;21/06/2023;17:01:12;28.52;;;;
332;21/06/2023;17:00:07;28.48;;;;332;21/06/2023;17:00:53;28.48;;;;332;21/06/2023;17:02:12;28.52;;;;
333;21/06/2023;17:01:07;28.51;;;;333;21/06/2023;17:01:53;28.5;;;;333;21/06/2023;17:03:12;28.54;;;;
334;21/06/2023;17:02:07;28.54;;;;334;21/06/2023;17:02:52;28.51;;;;334;21/06/2023;17:04:12;28.52;;;;
335;21/06/2023;17:03:07;28.53;;;;335;21/06/2023;17:03:52;28.5;;;;335;21/06/2023;17:05:12;28.52;;;;
336;21/06/2023;17:04:07;28.56;;;;336;21/06/2023;17:04:52;28.51;;;;336;21/06/2023;17:06:12;28.52;;;;
337;21/06/2023;17:05:07;28.54;;;;337;21/06/2023;17:05:52;28.51;;;;337;21/06/2023;17:07:12;28.51;;;;
338;21/06/2023;17:06:07;28.55;;;;338;21/06/2023;17:06:52;28.52;;;;338;21/06/2023;17:08:11;28.52;;;;
339;21/06/2023;17:07:07;28.56;;;;339;21/06/2023;17:07:52;28.52;;;;339;21/06/2023;17:09:11;28.52;;;;
340;21/06/2023;17:08:07;28.58;;;;340;21/06/2023;17:08:52;28.52;;;;340;21/06/2023;17:10:11;28.5;;;;
341;21/06/2023;17:09:07;28.57;;;;341;21/06/2023;17:09:52;28.52;;;;341;21/06/2023;17:11:11;28.51;;;;
342;21/06/2023;17:10:07;28.57;;;;342;21/06/2023;17:10:52;28.52;;;;342;21/06/2023;17:12:11;28.52;;;;
343;21/06/2023;17:11:07;28.58;;;;343;21/06/2023;17:11:52;28.52;;;;343;21/06/2023;17:13:11;28.57;;;;
344;21/06/2023;17:12:07;28.61;;;;344;21/06/2023;17:12:52;28.55;;;;344;21/06/2023;17:14:11;28.58;;;;
345;21/06/2023;17:13:07;28.63;;;;345;21/06/2023;17:13:52;28.55;;;;345;21/06/2023;17:15:11;28.59;;;;
346;21/06/2023;17:14:07;28.63;;;;346;21/06/2023;17:14:51;28.56;;;;346;21/06/2023;17:16:11;28.59;;;;
347;21/06/2023;17:15:07;28.64;;;;347;21/06/2023;17:15:51;28.55;;;;347;21/06/2023;17:17:11;28.59;;;;
348;21/06/2023;17:16:07;28.64;Synchronized;;;348;21/06/2023;17:16:51;28.57;;;;348;21/06/2023;17:18:11;28.56;;;;
349;21/06/2023;17:17:07;28.64;;;;349;21/06/2023;17:17:51;28.58;;;;349;21/06/2023;17:19:11;28.56;;;;
350;21/06/2023;17:18:07;28.62;;;;350;21/06/2023;17:18:51;28.56;;;;350;21/06/2023;17:20:11;28.57;;;;
351;21/06/2023;17:19:07;28.64;;;;351;21/06/2023;17:19:51;28.56;;;;351;21/06/2023;17:21:11;28.56;;;;
352;21/06/2023;17:20:07;28.64;;;;352;21/06/2023;17:20:51;28.56;;;;352;21/06/2023;17:22:11;28.56;;;;
353;21/06/2023;17:21:07;28.63;;;;353;21/06/2023;17:21:51;28.56;;;;353;21/06/2023;17:23:11;28.56;;;;
354;21/06/2023;17:22:07;28.65;;;;354;21/06/2023;17:22:51;28.59;;;;354;21/06/2023;17:24:10;28.58;;;;
355;21/06/2023;17:23:07;28.63;;;;355;21/06/2023;17:23:51;28.57;;;;355;21/06/2023;17:25:10;28.59;;;;
356;21/06/2023;17:24:07;28.63;;;;356;21/06/2023;17:24:51;28.58;;;;356;21/06/2023;17:26:10;28.59;;;;
357;21/06/2023;17:25:07;28.66;;;;357;21/06/2023;17:25:51;28.57;;;;357;21/06/2023;17:27:10;28.59;Synchronized;;;
358;21/06/2023;17:26:07;28.63;;;;358;21/06/2023;17:26:50;28.59;;;;358;21/06/2023;17:28:10;28.57;;;;
359;21/06/2023;17:27:07;28.64;;;;359;21/06/2023;17:27:50;28.56;;;;359;21/06/2023;17:29:10;28.58;;;;
360;21/06/2023;17:28:07;28.66;;;;360;21/06/2023;17:28:50;28.58;;;;360;21/06/2023;17:30:10;28.58;;;;
361;21/06/2023;17:29:07;28.64;;;;361;21/06/2023;17:29:50;28.59;;;;361;21/06/2023;17:31:10;28.59;;;;
362;21/06/2023;17:30:07;28.66;;;;362;21/06/2023;17:30:50;28.58;;;;362;21/06/2023;17:32:10;28.6;;;;
363;21/06/2023;17:31:07;28.66;;;;363;21/06/2023;17:31:50;28.61;;;;363;21/06/2023;17:33:10;28.61;;;;
364;21/06/2023;17:32:06;28.66;;;;364;21/06/2023;17:32:50;28.59;;;;364;21/06/2023;17:34:10;28.62;;;;
365;21/06/2023;17:33:06;28.67;;;;365;21/06/2023;17:33:50;28.6;;;;365;21/06/2023;17:35:10;28.61;;;;
366;21/06/2023;17:34:06;28.68;;;;366;21/06/2023;17:34:50;28.59;;;;366;21/06/2023;17:36:10;28.63;;;;
367;21/06/2023;17:35:07;28.69;;;;367;21/06/2023;17:35:50;28.63;;;;367;21/06/2023;17:37:10;28.65;;;;
368;21/06/2023;17:36:06;28.69;;;;368;21/06/2023;17:36:50;28.65;;;;368;21/06/2023;17:38:09;28.63;;;;
369;21/06/2023;17:37:06;28.73;;;;369;21/06/2023;17:37:49;28.63;;;;369;21/06/2023;17:39:09;28.66;;;;
370;21/06/2023;17:38:06;28.73;;;;370;21/06/2023;17:38:49;28.66;;;;370;21/06/2023;17:40:09;28.64;;;;
371;21/06/2023;17:39:06;28.7;;;;371;21/06/2023;17:39:49;28.67;;;;371;21/06/2023;17:41:09;28.65;;;;
372;21/06/2023;17:40:06;28.73;;;;372;21/06/2023;17:40:49;28.65;;;;372;21/06/2023;17:42:09;28.65;;;;
373;21/06/2023;17:41:06;28.71;;;;373;21/06/2023;17:41:49;28.66;;;;373;21/06/2023;17:43:09;28.69;;;;
374;21/06/2023;17:42:06;28.71;Synchronized;;;374;21/06/2023;17:42:49;28.66;;;;374;21/06/2023;17:44:09;28.68;;;;
375;21/06/2023;17:43:06;28.74;;;;375;21/06/2023;17:43:49;28.69;;;;375;21/06/2023;17:45:09;28.65;;;;
376;21/06/2023;17:44:06;28.76;;;;376;21/06/2023;17:44:49;28.67;;;;376;21/06/2023;17:46:09;28.7;;;;
377;21/06/2023;17:45:06;28.75;;;;377;21/06/2023;17:45:49;28.69;;;;377;21/06/2023;17:47:09;28.7;;;;
378;21/06/2023;17:46:07;28.75;;;;378;21/06/2023;17:46:49;28.68;;;;378;21/06/2023;17:48:09;28.68;;;;
379;21/06/2023;17:47:07;28.75;;;;379;21/06/2023;17:47:49;28.7;;;;379;21/06/2023;17:49:09;28.7;;;;
380;21/06/2023;17:48:07;28.76;;;;380;21/06/2023;17:48:48;28.7;;;;380;21/06/2023;17:50:08;28.71;;;;
381;21/06/2023;17:49:07;28.77;;;;381;21/06/2023;17:49:48;28.7;;;;381;21/06/2023;17:51:08;28.73;;;;
382;21/06/2023;17:50:07;28.78;;;;382;21/06/2023;17:50:48;28.72;;;;382;21/06/2023;17:52:08;28.74;;;;
383;21/06/2023;17:51:07;28.8;;;;383;21/06/2023;17:51:48;28.71;;;;383;21/06/2023;17:53:08;28.78;;;;
384;21/06/2023;17:52:07;28.8;;;;384;21/06/2023;17:52:48;28.75;;;;384;21/06/2023;17:54:08;28.79;;;;
385;21/06/2023;17:53:07;28.8;;;;385;21/06/2023;17:53:48;28.76;;;;385;21/06/2023;17:55:08;28.78;;;;
386;21/06/2023;17:54:07;28.85;;;;386;21/06/2023;17:54:48;28.79;;;;386;21/06/2023;17:56:08;28.8;;;;
387;21/06/2023;17:55:07;28.84;;;;387;21/06/2023;17:55:48;28.79;;;;387;21/06/2023;17:57:08;28.8;;;;
388;21/06/2023;17:56:07;28.86;;;;388;21/06/2023;17:56:48;28.8;;;;388;21/06/2023;17:58:08;28.8;;;;
389;21/06/2023;17:57:07;28.87;;;;389;21/06/2023;17:57:48;28.8;;;;389;21/06/2023;17:59:08;28.8;;;;
390;21/06/2023;17:58:08;28.88;;;;390;21/06/2023;17:58:47;28.79;;;;390;21/06/2023;18:00:08;28.8;;;;
391;21/06/2023;17:59:08;28.88;;;;391;21/06/2023;17:59:47;28.8;;;;391;21/06/2023;18:01:07;28.8;;;;
392;21/06/2023;18:00:08;28.88;;;;392;21/06/2023;18:00:47;28.8;;;;392;21/06/2023;18:02:07;28.8;;;;
393;21/06/2023;18:01:08;28.89;;;;393;21/06/2023;18:01:47;28.8;;;;393;21/06/2023;18:03:07;28.8;;;;
394;21/06/2023;18:02:08;28.88;;;;394;21/06/2023;18:02:47;28.8;;;;394;21/06/2023;18:04:07;28.79;;;;
395;21/06/2023;18:03:08;28.88;;;;395;21/06/2023;18:03:47;28.81;;;;395;21/06/2023;18:05:07;28.79;;;;
396;21/06/2023;18:04:08;28.87;;;;396;21/06/2023;18:04:47;28.81;;;;396;21/06/2023;18:06:07;28.81;;;;
397;21/06/2023;18:05:08;28.87;;;;397;21/06/2023;18:05:47;28.8;;;;397;21/06/2023;18:07:07;28.8;;;;
398;21/06/2023;18:06:08;28.9;;;;398;21/06/2023;18:06:47;28.82;;;;398;21/06/2023;18:08:07;28.81;;;;
399;21/06/2023;18:07:08;28.87;;;;399;21/06/2023;18:07:47;28.8;;;;399;21/06/2023;18:09:07;28.8;;;;
400;21/06/2023;18:08:09;28.89;;;;400;21/06/2023;18:08:46;28.8;;;;400;21/06/2023;18:10:07;28.82;;;;
401;21/06/2023;18:09:09;28.88;;;;401;21/06/2023;18:09:46;28.81;;;;401;21/06/2023;18:11:07;28.81;;;;
402;21/06/2023;18:10:09;28.87;;;;402;21/06/2023;18:10:46;28.81;;;;402;21/06/2023;18:12:07;28.81;;;;
403;21/06/2023;18:11:09;28.89;;;;403;21/06/2023;18:11:46;28.81;;;;403;21/06/2023;18:13:06;28.82;;;;
404;21/06/2023;18:12:09;28.89;;;;404;21/06/2023;18:12:46;28.81;;;;404;21/06/2023;18:14:06;28.83;;;;
405;21/06/2023;18:13:09;28.9;;;;405;21/06/2023;18:13:46;28.82;;;;405;21/06/2023;18:15:06;28.81;;;;
406;21/06/2023;18:14:09;28.89;;;;406;21/06/2023;18:14:46;28.84;;;;406;21/06/2023;18:16:06;28.83;;;;
407;21/06/2023;18:15:10;28.88;;;;407;21/06/2023;18:15:46;28.84;;;;407;21/06/2023;18:17:06;28.82;;;;
408;21/06/2023;18:16:10;28.89;;;;408;21/06/2023;18:16:46;28.83;;;;408;21/06/2023;18:18:06;28.83;;;;
409;21/06/2023;18:17:10;28.9;;;;409;21/06/2023;18:17:46;28.85;;;;409;21/06/2023;18:19:06;28.84;;;;
410;21/06/2023;18:18:10;28.91;;;;410;21/06/2023;18:18:45;28.84;;;;410;21/06/2023;18:20:06;28.84;;;;
411;21/06/2023;18:19:10;28.93;;;;411;21/06/2023;18:19:45;28.84;;;;411;21/06/2023;18:21:06;28.85;;;;
412;21/06/2023;18:20:10;28.92;;;;412;21/06/2023;18:20:45;28.87;;;;412;21/06/2023;18:22:06;28.86;;;;
413;21/06/2023;18:21:10;28.91;;;;413;21/06/2023;18:21:45;28.87;;;;413;21/06/2023;18:23:06;28.88;;;;
414;21/06/2023;18:22:10;28.92;;;;414;21/06/2023;18:22:45;28.85;;;;414;21/06/2023;18:24:06;28.87;;;;
415;21/06/2023;18:23:10;28.95;;;;415;21/06/2023;18:23:45;28.88;;;;415;21/06/2023;18:25:05;28.87;;;;
416;21/06/2023;18:24:10;28.93;;;;416;21/06/2023;18:24:45;28.88;;;;416;21/06/2023;18:26:05;28.89;;;;
417;21/06/2023;18:25:11;28.96;;;;417;21/06/2023;18:25:45;28.88;;;;417;21/06/2023;18:27:05;28.86;;;;
418;21/06/2023;18:26:11;28.95;;;;418;21/06/2023;18:26:45;28.88;;;;418;21/06/2023;18:28:05;28.88;;;;
419;21/06/2023;18:27:11;28.95;;;;419;21/06/2023;18:27:45;28.88;;;;419;21/06/2023;18:29:05;28.87;;;;
420;21/06/2023;18:28:11;28.94;;;;420;21/06/2023;18:28:45;28.88;;;;420;21/06/2023;18:30:05;28.88;;;;
421;21/06/2023;18:29:11;28.93;;;;421;21/06/2023;18:29:44;28.88;;;;421;21/06/2023;18:31:05;28.87;;;;
422;21/06/2023;18:30:11;28.95;;;;422;21/06/2023;18:30:44;28.88;;;;422;21/06/2023;18:32:05;28.87;;;;
423;21/06/2023;18:31:11;28.95;;;;423;21/06/2023;18:31:44;28.88;;;;423;21/06/2023;18:33:05;28.88;;;;
424;21/06/2023;18:32:11;28.95;;;;424;21/06/2023;18:32:44;28.85;;;;424;21/06/2023;18:34:05;28.88;;;;
425;21/06/2023;18:33:11;28.95;;;;425;21/06/2023;18:33:44;28.88;;;;425;21/06/2023;18:35:05;28.84;;;;
426;21/06/2023;18:34:11;28.93;;;;426;21/06/2023;18:34:44;28.88;;;;426;21/06/2023;18:36:05;28.88;;;;
427;21/06/2023;18:35:12;28.94;;;;427;21/06/2023;18:35:44;28.87;;;;427;21/06/2023;18:37:04;28.87;;;;
428;21/06/2023;18:36:12;28.92;;;;428;21/06/2023;18:36:44;28.88;;;;428;21/06/2023;18:38:04;28.86;;;;
429;21/06/2023;18:37:12;28.93;;;;429;21/06/2023;18:37:44;28.88;;;;429;21/06/2023;18:39:04;28.86;;;;
430;21/06/2023;18:38:12;28.93;;;;430;21/06/2023;18:38:44;28.88;;;;430;21/06/2023;18:40:04;28.84;;;;
431;21/06/2023;18:39:12;28.95;;;;431;21/06/2023;18:39:43;28.88;;;;431;21/06/2023;18:41:04;28.85;;;;
432;21/06/2023;18:40:12;28.95;;;;432;21/06/2023;18:40:43;28.85;;;;432;21/06/2023;18:42:04;28.86;;;;
433;21/06/2023;18:41:12;28.93;;;;433;21/06/2023;18:41:43;28.85;;;;433;21/06/2023;18:43:04;28.85;;;;
434;21/06/2023;18:42:12;28.93;;;;434;21/06/2023;18:42:43;28.81;;;;434;21/06/2023;18:44:04;28.85;;;;
435;21/06/2023;18:43:12;28.92;;;;435;21/06/2023;18:43:43;28.83;Synchronized;;;435;21/06/2023;18:45:04;28.84;;;;
436;21/06/2023;18:44:12;28.91;;;;436;21/06/2023;18:44:43;28.88;;;;436;21/06/2023;18:46:04;28.83;;;;
437;21/06/2023;18:45:13;28.91;;;;437;21/06/2023;18:45:43;28.84;;;;437;21/06/2023;18:47:04;28.84;;;;
438;21/06/2023;18:46:13;28.92;;;;438;21/06/2023;18:46:43;28.84;;;;438;21/06/2023;18:48:04;28.84;;;;
439;21/06/2023;18:47:13;28.91;;;;439;21/06/2023;18:47:43;28.84;;;;439;21/06/2023;18:49:03;28.84;;;;
440;21/06/2023;18:48:13;28.91;;;;440;21/06/2023;18:48:42;28.84;;;;440;21/06/2023;18:50:03;28.84;;;;
441;21/06/2023;18:49:13;28.9;;;;441;21/06/2023;18:49:42;28.84;;;;441;21/06/2023;18:51:03;28.82;;;;
442;21/06/2023;18:50:13;28.89;;;;442;21/06/2023;18:50:42;28.83;;;;442;21/06/2023;18:52:03;28.82;;;;
443;21/06/2023;18:51:13;28.9;;;;443;21/06/2023;18:51:42;28.84;;;;443;21/06/2023;18:53:03;28.82;;;;
444;21/06/2023;18:52:13;28.9;;;;444;21/06/2023;18:52:42;28.84;;;;444;21/06/2023;18:54:03;28.84;;;;
445;21/06/2023;18:53:14;28.89;;;;445;21/06/2023;18:53:42;28.84;;;;445;21/06/2023;18:55:03;28.83;;;;
446;21/06/2023;18:54:14;28.9;;;;446;21/06/2023;18:54:42;28.81;;;;446;21/06/2023;18:56:03;28.83;;;;
447;21/06/2023;18:55:14;28.89;;;;447;21/06/2023;18:55:42;28.84;;;;447;21/06/2023;18:57:03;28.82;;;;
448;21/06/2023;18:56:14;28.9;;;;448;21/06/2023;18:56:42;28.84;;;;448;21/06/2023;18:58:03;28.84;;;;
449;21/06/2023;18:57:14;28.91;;;;449;21/06/2023;18:57:42;28.84;;;;449;21/06/2023;18:59:03;28.85;;;;
450;21/06/2023;18:58:14;28.9;;;;450;21/06/2023;18:58:42;28.83;;;;450;21/06/2023;19:00:02;28.82;;;;
451;21/06/2023;18:59:14;28.88;;;;451;21/06/2023;18:59:41;28.82;;;;451;21/06/2023;19:01:02;28.83;;;;
452;21/06/2023;19:00:14;28.88;;;;452;21/06/2023;19:00:41;28.84;;;;452;21/06/2023;19:02:02;28.83;;;;
453;21/06/2023;19:01:15;28.9;;;;453;21/06/2023;19:01:41;28.83;;;;453;21/06/2023;19:03:02;28.83;;;;
454;21/06/2023;19:02:15;28.9;;;;454;21/06/2023;19:02:41;28.85;;;;454;21/06/2023;19:04:02;28.84;;;;
455;21/06/2023;19:03:15;28.88;;;;455;21/06/2023;19:03:41;28.84;;;;455;21/06/2023;19:05:02;28.84;;;;
456;21/06/2023;19:04:15;28.9;;;;456;21/06/2023;19:04:41;28.84;;;;456;21/06/2023;19:06:02;28.84;;;;
457;21/06/2023;19:05:15;28.9;;;;457;21/06/2023;19:05:41;28.84;;;;457;21/06/2023;19:07:02;28.84;;;;
458;21/06/2023;19:06:15;28.9;;;;458;21/06/2023;19:06:41;28.83;;;;458;21/06/2023;19:08:02;28.84;;;;
459;21/06/2023;19:07:15;28.9;;;;459;21/06/2023;19:07:41;28.84;;;;459;21/06/2023;19:09:02;28.87;;;;
460;21/06/2023;19:08:15;28.92;;;;460;21/06/2023;19:08:40;28.87;;;;460;21/06/2023;19:10:02;28.89;;;;
461;21/06/2023;19:09:16;28.94;;;;461;21/06/2023;19:09:40;28.85;;;;461;21/06/2023;19:11:01;28.88;;;;
462;21/06/2023;19:10:16;28.95;;;;462;21/06/2023;19:10:40;28.87;;;;462;21/06/2023;19:12:01;28.89;;;;
463;21/06/2023;19:11:16;28.95;;;;463;21/06/2023;19:11:40;28.89;;;;463;21/06/2023;19:13:01;28.91;;;;
464;21/06/2023;19:12:16;28.95;;;;464;21/06/2023;19:12:40;28.89;;;;464;21/06/2023;19:14:01;28.91;;;;
465;21/06/2023;19:13:16;28.98;;;;465;21/06/2023;19:13:40;28.89;;;;465;21/06/2023;19:15:01;28.91;;;;
466;21/06/2023;19:14:16;28.96;;;;466;21/06/2023;19:14:40;28.91;;;;466;21/06/2023;19:16:01;28.93;;;;
467;21/06/2023;19:15:16;28.98;;;;467;21/06/2023;19:15:40;28.93;;;;467;21/06/2023;19:17:01;28.94;;;;
468;21/06/2023;19:16:16;28.99;;;;468;21/06/2023;19:16:40;28.92;;;;468;21/06/2023;19:18:01;28.94;;;;
469;21/06/2023;19:17:17;29.02;;;;469;21/06/2023;19:17:39;28.93;;;;469;21/06/2023;19:19:01;28.95;;;;
470;21/06/2023;19:18:17;29;;;;470;21/06/2023;19:18:39;28.94;;;;470;21/06/2023;19:20:01;28.97;;;;
471;21/06/2023;19:19:17;29.02;;;;471;21/06/2023;19:19:39;28.93;;;;471;21/06/2023;19:21:01;28.95;;;;
472;21/06/2023;19:20:17;29.02;;;;472;21/06/2023;19:20:39;28.95;;;;472;21/06/2023;19:22:01;28.97;;;;
473;21/06/2023;19:21:17;29.02;;;;473;21/06/2023;19:21:39;28.95;;;;473;21/06/2023;19:23:01;28.96;;;;
474;21/06/2023;19:22:17;29.02;;;;474;21/06/2023;19:22:39;28.95;;;;474;21/06/2023;19:24:01;28.98;;;;
475;21/06/2023;19:23:17;29.04;;;;475;21/06/2023;19:23:39;28.98;;;;475;21/06/2023;19:25:00;28.98;;;;
476;21/06/2023;19:24:17;29.05;;;;476;21/06/2023;19:24:39;29.01;;;;476;21/06/2023;19:26:00;29;;;;
477;21/06/2023;19:25:17;29.06;;;;477;21/06/2023;19:25:39;28.96;;;;477;21/06/2023;19:27:00;29.01;;;;
478;21/06/2023;19:26:18;29.08;;;;478;21/06/2023;19:26:39;29;;;;478;21/06/2023;19:28:00;29.01;;;;
479;21/06/2023;19:27:18;29.05;;;;479;21/06/2023;19:27:39;28.99;;;;479;21/06/2023;19:29:00;29;;;;
480;21/06/2023;19:28:18;29.05;;;;480;21/06/2023;19:28:39;29.01;;;;480;21/06/2023;19:30:00;29.01;;;;
481;21/06/2023;19:29:18;29.09;;;;481;21/06/2023;19:29:39;29.02;;;;481;21/06/2023;19:31:00;29.03;;;;
482;21/06/2023;19:30:18;29.09;;;;482;21/06/2023;19:30:39;29.02;;;;482;21/06/2023;19:32:00;29.03;;;;
483;21/06/2023;19:31:18;29.08;;;;483;21/06/2023;19:31:39;29.03;;;;483;21/06/2023;19:33:00;29.05;;;;
484;21/06/2023;19:32:18;29.09;;;;484;21/06/2023;19:32:39;29.04;;;;484;21/06/2023;19:34:00;29.04;;;;
485;21/06/2023;19:33:18;29.1;;;;485;21/06/2023;19:33:39;29.05;;;;485;21/06/2023;19:35:00;29.05;;;;
486;21/06/2023;19:34:18;29.11;;;;486;21/06/2023;19:34:39;29.03;;;;486;21/06/2023;19:36:00;29.04;;;;
487;21/06/2023;19:35:18;29.11;;;;487;21/06/2023;19:35:39;29.05;;;;487;21/06/2023;19:37:00;29.05;;;;
488;21/06/2023;19:36:19;29.09;;;;488;21/06/2023;19:36:39;29.03;;;;488;21/06/2023;19:38:00;29.02;;;;
489;21/06/2023;19:37:19;29.11;Synchronized;;;489;21/06/2023;19:37:39;29.04;;;;489;21/06/2023;19:38:59;29.05;;;;
490;21/06/2023;19:38:19;29.12;;;;490;21/06/2023;19:38:39;29.04;;;;490;21/06/2023;19:39:59;29.04;;;;
491;21/06/2023;19:39:19;29.12;;;;491;21/06/2023;19:39:39;29.04;;;;491;21/06/2023;19:40:59;29.03;;;;
492;21/06/2023;19:40:19;29.11;;;;492;21/06/2023;19:40:39;29.04;;;;492;21/06/2023;19:41:59;29.06;;;;
493;21/06/2023;19:41:19;29.11;;;;493;21/06/2023;19:41:39;29.03;;;;493;21/06/2023;19:42:59;29.05;;;;
494;21/06/2023;19:42:19;29.1;;;;494;21/06/2023;19:42:39;29.04;Synchronized;;;494;21/06/2023;19:43:59;29.06;;;;
495;21/06/2023;19:43:19;29.11;;;;495;21/06/2023;19:43:39;29.05;Synchronized;;;495;21/06/2023;19:44:59;29.03;Synchronized;;;
496;21/06/2023;19:44:19;29.1;;;;496;21/06/2023;19:44:39;29.03;;;;496;21/06/2023;19:45:59;29.05;;;;
497;21/06/2023;19:45:19;29.12;;;;497;21/06/2023;19:45:39;29.05;;;;497;21/06/2023;19:46:59;29.05;;;;
498;21/06/2023;19:46:20;29.12;;;;498;21/06/2023;19:46:39;29.05;;;;498;21/06/2023;19:47:59;29.06;;;;
499;21/06/2023;19:47:20;29.12;;;;499;21/06/2023;19:47:39;29.06;;;;499;21/06/2023;19:48:59;29.05;;;;
500;21/06/2023;19:48:20;29.13;;;;500;21/06/2023;19:48:38;29.07;;;;500;21/06/2023;19:49:59;29.07;;;;
501;21/06/2023;19:49:20;29.12;;;;501;21/06/2023;19:49:38;29.07;;;;501;21/06/2023;19:50:58;29.09;;;;
502;21/06/2023;19:50:20;29.13;;;;502;21/06/2023;19:50:38;29.06;;;;502;21/06/2023;19:51:58;29.07;;;;
503;21/06/2023;19:51:20;29.13;;;;503;21/06/2023;19:51:38;29.08;;;;503;21/06/2023;19:52:58;29.09;;;;
504;21/06/2023;19:52:20;29.13;;;;504;21/06/2023;19:52:38;29.08;;;;504;21/06/2023;19:53:58;29.06;;;;
505;21/06/2023;19:53:20;29.16;;;;505;21/06/2023;19:53:38;29.08;;;;505;21/06/2023;19:54:58;29.09;;;;
506;21/06/2023;19:54:21;29.15;Synchronized;;;506;21/06/2023;19:54:38;29.09;;;;506;21/06/2023;19:55:58;29.09;;;;
507;21/06/2023;19:55:21;29.16;;;;507;21/06/2023;19:55:38;29.09;;;;507;21/06/2023;19:56:58;29.09;;;;
508;21/06/2023;19:56:21;29.19;;;;508;21/06/2023;19:56:38;29.09;;;;508;21/06/2023;19:57:58;29.11;;;;
509;21/06/2023;19:57:21;29.17;;;;509;21/06/2023;19:57:39;29.09;;;;509;21/06/2023;19:58:58;29.1;;;;
510;21/06/2023;19:58:21;29.19;;;;510;21/06/2023;19:58:39;29.11;;;;510;21/06/2023;19:59:58;29.1;;;;
511;21/06/2023;19:59:21;29.17;;;;511;21/06/2023;19:59:39;29.12;;;;511;21/06/2023;20:00:58;29.11;;;;
512;21/06/2023;20:00:21;29.18;;;;512;21/06/2023;20:00:39;29.11;;;;512;21/06/2023;20:01:58;29.11;;;;
513;21/06/2023;20:01:21;29.19;;;;513;21/06/2023;20:01:39;29.12;;;;513;21/06/2023;20:02:58;29.12;;;;
514;21/06/2023;20:02:21;29.18;;;;514;21/06/2023;20:02:39;29.13;;;;514;21/06/2023;20:03:58;29.13;;;;
515;21/06/2023;20:03:21;29.18;;;;515;21/06/2023;20:03:39;29.13;;;;515;21/06/2023;20:04:58;29.12;;;;
516;21/06/2023;20:04:21;29.2;;;;516;21/06/2023;20:04:39;29.13;;;;516;21/06/2023;20:05:58;29.12;;;;
517;21/06/2023;20:05:21;29.22;;;;517;21/06/2023;20:05:39;29.13;;;;517;21/06/2023;20:06:58;29.11;;;;
518;21/06/2023;20:06:22;29.19;;;;518;21/06/2023;20:06:39;29.12;;;;518;21/06/2023;20:07:57;29.12;;;;
519;21/06/2023;20:07:22;29.2;;;;519;21/06/2023;20:07:39;29.13;;;;519;21/06/2023;20:08:57;29.12;;;;
520;21/06/2023;20:08:22;29.17;;;;520;21/06/2023;20:08:39;29.13;;;;520;21/06/2023;20:09:57;29.1;;;;
521;21/06/2023;20:09:22;29.19;;;;521;21/06/2023;20:09:39;29.11;;;;521;21/06/2023;20:10:57;29.12;;;;
522;21/06/2023;20:10:22;29.2;;;;522;21/06/2023;20:10:39;29.13;;;;522;21/06/2023;20:11:57;29.13;;;;
523;21/06/2023;20:11:22;29.2;;;;523;21/06/2023;20:11:39;29.12;;;;523;21/06/2023;20:12:57;29.12;;;;
524;21/06/2023;20:12:22;29.16;;;;524;21/06/2023;20:12:40;29.13;;;;524;21/06/2023;20:13:57;29.12;;;;
525;21/06/2023;20:13:22;29.22;;;;525;21/06/2023;20:13:40;29.13;;;;525;21/06/2023;20:14:57;29.13;;;;
526;21/06/2023;20:14:22;29.22;;;;526;21/06/2023;20:14:40;29.13;;;;526;21/06/2023;20:15:57;29.11;;;;
527;21/06/2023;20:15:22;29.19;;;;527;21/06/2023;20:15:40;29.13;;;;527;21/06/2023;20:16:57;29.13;;;;
528;21/06/2023;20:16:22;29.22;;;;528;21/06/2023;20:16:40;29.12;;;;528;21/06/2023;20:17:57;29.13;;;;
529;21/06/2023;20:17:23;29.22;;;;529;21/06/2023;20:17:40;29.13;;;;529;21/06/2023;20:18:57;29.11;;;;
530;21/06/2023;20:18:23;29.2;;;;530;21/06/2023;20:18:40;29.13;;;;530;21/06/2023;20:19:57;29.12;;;;
531;21/06/2023;20:19:23;29.23;;;;531;21/06/2023;20:19:40;29.13;;;;531;21/06/2023;20:20:56;29.12;;;;
532;21/06/2023;20:20:23;29.2;;;;532;21/06/2023;20:20:40;29.13;;;;532;21/06/2023;20:21:56;29.12;;;;
533;21/06/2023;20:21:23;29.22;;;;533;21/06/2023;20:21:40;29.15;;;;533;21/06/2023;20:22:56;29.13;;;;
534;21/06/2023;20:22:23;29.2;;;;534;21/06/2023;20:22:40;29.14;;;;534;21/06/2023;20:23:56;29.13;;;;
535;21/06/2023;20:23:23;29.19;;;;535;21/06/2023;20:23:40;29.13;;;;535;21/06/2023;20:24:56;29.11;;;;
536;21/06/2023;20:24:23;29.2;;;;536;21/06/2023;20:24:40;29.13;;;;536;21/06/2023;20:25:56;29.11;;;;
537;21/06/2023;20:25:23;29.2;;;;537;21/06/2023;20:25:40;29.13;;;;537;21/06/2023;20:26:56;29.12;;;;
538;21/06/2023;20:26:23;29.19;;;;538;21/06/2023;20:26:40;29.12;;;;538;21/06/2023;20:27:56;29.12;;;;
539;21/06/2023;20:27:24;29.18;;;;539;21/06/2023;20:27:40;29.13;;;;539;21/06/2023;20:28:56;29.09;;;;
540;21/06/2023;20:28:24;29.17;;;;540;21/06/2023;20:28:40;29.11;;;;540;21/06/2023;20:29:56;29.09;;;;
541;21/06/2023;20:29:24;29.18;;;;541;21/06/2023;20:29:40;29.11;;;;541;21/06/2023;20:30:56;29.07;;;;
542;21/06/2023;20:30:24;29.19;;;;542;21/06/2023;20:30:40;29.12;;;;542;21/06/2023;20:31:56;29.09;;;;
543;21/06/2023;20:31:24;29.2;;;;543;21/06/2023;20:31:40;29.09;;;;543;21/06/2023;20:32:55;29.09;;;;
544;21/06/2023;20:32:24;29.17;;;;544;21/06/2023;20:32:40;29.12;;;;544;21/06/2023;20:33:55;29.09;;;;
545;21/06/2023;20:33:24;29.17;;;;545;21/06/2023;20:33:40;29.13;;;;545;21/06/2023;20:34:55;29.09;;;;
546;21/06/2023;20:34:24;29.17;;;;546;21/06/2023;20:34:40;29.12;;;;546;21/06/2023;20:35:55;29.09;;;;
547;21/06/2023;20:35:24;29.16;;;;547;21/06/2023;20:35:40;29.09;;;;547;21/06/2023;20:36:55;29.08;;;;
548;21/06/2023;20:36:24;29.15;;;;548;21/06/2023;20:36:40;29.12;;;;548;21/06/2023;20:37:55;29.07;;;;
549;21/06/2023;20:37:24;29.14;;;;549;21/06/2023;20:37:40;29.09;;;;549;21/06/2023;20:38:55;29.06;;;;
550;21/06/2023;20:38:25;29.15;;;;550;21/06/2023;20:38:40;29.13;;;;550;21/06/2023;20:39:55;29.09;;;;
551;21/06/2023;20:39:25;29.13;;;;551;21/06/2023;20:39:40;29.09;;;;551;21/06/2023;20:40:55;29.05;;;;
552;21/06/2023;20:40:25;29.13;;;;552;21/06/2023;20:40:40;29.08;;;;552;21/06/2023;20:41:55;29.09;;;;
553;21/06/2023;20:41:25;29.13;;;;553;21/06/2023;20:41:40;29.07;;;;553;21/06/2023;20:42:55;29.06;Synchronized;;;
554;21/06/2023;20:42:25;29.13;;;;554;21/06/2023;20:42:40;29.05;;;;554;21/06/2023;20:43:55;29.05;;;;
555;21/06/2023;20:43:25;29.13;;;;555;21/06/2023;20:43:40;29.07;;;;555;21/06/2023;20:44:54;29.04;;;;
556;21/06/2023;20:44:25;29.13;;;;556;21/06/2023;20:44:40;29.05;;;;556;21/06/2023;20:45:54;29.06;;;;
557;21/06/2023;20:45:25;29.1;;;;557;21/06/2023;20:45:40;29.05;;;;557;21/06/2023;20:46:54;29.04;;;;
558;21/06/2023;20:46:25;29.09;;;;558;21/06/2023;20:46:40;29.04;;;;558;21/06/2023;20:47:54;29.05;;;;
559;21/06/2023;20:47:26;29.12;;;;559;21/06/2023;20:47:40;29.03;;;;559;21/06/2023;20:48:54;29.03;;;;
560;21/06/2023;20:48:26;29.11;;;;560;21/06/2023;20:48:40;29.03;;;;560;21/06/2023;20:49:54;29.04;;;;
561;21/06/2023;20:49:26;29.08;;;;561;21/06/2023;20:49:39;29.05;;;;561;21/06/2023;20:50:54;29.05;;;;
562;21/06/2023;20:50:26;29.07;;;;562;21/06/2023;20:50:39;29.04;;;;562;21/06/2023;20:51:54;29.04;;;;
563;21/06/2023;20:51:26;29.08;;;;563;21/06/2023;20:51:40;29.04;;;;563;21/06/2023;20:52:54;29.01;;;;
564;21/06/2023;20:52:26;29.07;;;;564;21/06/2023;20:52:40;29.04;;;;564;21/06/2023;20:53:54;29.03;;;;
565;21/06/2023;20:53:26;29.07;;;;565;21/06/2023;20:53:40;29.02;;;;565;21/06/2023;20:54:54;29.03;;;;
566;21/06/2023;20:54:26;29.08;;;;566;21/06/2023;20:54:40;29.01;Synchronized;;;566;21/06/2023;20:55:54;29.04;;;;
567;21/06/2023;20:55:26;29.07;;;;567;21/06/2023;20:55:40;29;;;;567;21/06/2023;20:56:54;29;;;;
568;21/06/2023;20:56:26;29.07;;;;568;21/06/2023;20:56:40;29.02;;;;568;21/06/2023;20:57:54;29.02;;;;
569;21/06/2023;20:57:27;29.04;;;;569;21/06/2023;20:57:40;29.02;;;;569;21/06/2023;20:58:54;29;;;;
570;21/06/2023;20:58:27;29.05;;;;570;21/06/2023;20:58:40;29.01;;;;570;21/06/2023;20:59:54;29.01;;;;
571;21/06/2023;20:59:27;29.05;;;;571;21/06/2023;20:59:39;29.01;;;;571;21/06/2023;21:00:53;29.02;;;;
572;21/06/2023;21:00:27;29.04;;;;572;21/06/2023;21:00:39;29.02;Synchronized;;;572;21/06/2023;21:01:53;29.02;;;;
573;21/06/2023;21:01:27;29.05;;;;573;21/06/2023;21:01:39;29;;;;573;21/06/2023;21:02:53;29.01;;;;
574;21/06/2023;21:02:27;29.05;;;;574;21/06/2023;21:02:39;29;;;;574;21/06/2023;21:03:53;29;;;;
575;21/06/2023;21:03:27;29.05;;;;575;21/06/2023;21:03:39;28.97;;;;575;21/06/2023;21:04:53;28.99;;;;
576;21/06/2023;21:04:27;29.04;;;;576;21/06/2023;21:04:39;28.98;;;;576;21/06/2023;21:05:53;28.98;;;;
577;21/06/2023;21:05:27;29.05;;;;577;21/06/2023;21:05:39;28.96;;;;577;21/06/2023;21:06:53;29;;;;
578;21/06/2023;21:06:28;29.03;;;;578;21/06/2023;21:06:39;29.02;;;;578;21/06/2023;21:07:53;28.98;;;;
579;21/06/2023;21:07:28;29.04;;;;579;21/06/2023;21:07:39;28.95;;;;579;21/06/2023;21:08:53;28.98;;;;
580;21/06/2023;21:08:28;29.02;;;;580;21/06/2023;21:08:39;28.99;;;;580;21/06/2023;21:09:53;28.98;;;;
581;21/06/2023;21:09:28;29.02;;;;581;21/06/2023;21:09:39;28.98;;;;581;21/06/2023;21:10:53;28.99;;;;
582;21/06/2023;21:10:28;29.02;;;;582;21/06/2023;21:10:39;28.98;;;;582;21/06/2023;21:11:53;29;;;;
583;21/06/2023;21:11:28;29.02;;;;583;21/06/2023;21:11:39;28.97;;;;583;21/06/2023;21:12:53;28.98;;;;
584;21/06/2023;21:12:28;29.01;;;;584;21/06/2023;21:12:39;28.99;;;;584;21/06/2023;21:13:52;28.98;;;;
585;21/06/2023;21:13:28;29.02;;;;585;21/06/2023;21:13:39;28.95;;;;585;21/06/2023;21:14:52;28.96;;;;
586;21/06/2023;21:14:28;29.03;;;;586;21/06/2023;21:14:39;28.95;;;;586;21/06/2023;21:15:52;28.98;;;;
587;21/06/2023;21:15:29;29.01;;;;587;21/06/2023;21:15:39;28.96;;;;587;21/06/2023;21:16:52;28.97;;;;
588;21/06/2023;21:16:29;29;;;;588;21/06/2023;21:16:39;28.95;;;;588;21/06/2023;21:17:52;28.96;;;;
589;21/06/2023;21:17:29;29.02;;;;589;21/06/2023;21:17:39;28.95;;;;589;21/06/2023;21:18:52;28.98;;;;
590;21/06/2023;21:18:29;29.01;;;;590;21/06/2023;21:18:39;28.95;;;;590;21/06/2023;21:19:52;28.97;;;;
591;21/06/2023;21:19:29;28.99;;;;591;21/06/2023;21:19:39;28.95;;;;591;21/06/2023;21:20:52;28.96;;;;
592;21/06/2023;21:20:29;28.99;;;;592;21/06/2023;21:20:38;28.96;;;;592;21/06/2023;21:21:52;28.97;;;;
593;21/06/2023;21:21:29;28.98;;;;593;21/06/2023;21:21:38;28.95;;;;593;21/06/2023;21:22:52;28.96;;;;
594;21/06/2023;21:22:29;29.01;;;;594;21/06/2023;21:22:38;28.94;;;;594;21/06/2023;21:23:52;28.96;;;;
595;21/06/2023;21:23:29;29;;;;595;21/06/2023;21:23:38;28.95;;;;595;21/06/2023;21:24:52;28.96;;;;
596;21/06/2023;21:24:30;28.98;;;;596;21/06/2023;21:24:38;28.95;;;;596;21/06/2023;21:25:52;28.95;;;;
597;21/06/2023;21:25:30;29.01;;;;597;21/06/2023;21:25:38;28.95;;;;597;21/06/2023;21:26:52;28.96;;;;
598;21/06/2023;21:26:30;29.01;;;;598;21/06/2023;21:26:38;28.95;;;;598;21/06/2023;21:27:52;28.96;;;;
599;21/06/2023;21:27:30;28.99;;;;599;21/06/2023;21:27:38;28.92;;;;599;21/06/2023;21:28:51;28.95;;;;
600;21/06/2023;21:28:30;28.98;;;;600;21/06/2023;21:28:38;28.92;;;;600;21/06/2023;21:29:51;28.97;;;;
601;21/06/2023;21:29:30;28.98;;;;601;21/06/2023;21:29:38;28.94;;;;601;21/06/2023;21:30:51;28.94;;;;
602;21/06/2023;21:30:30;28.96;;;;602;21/06/2023;21:30:37;28.94;;;;602;21/06/2023;21:31:51;28.95;;;;
603;21/06/2023;21:31:30;28.98;;;;603;21/06/2023;21:31:37;28.95;;;;603;21/06/2023;21:32:51;28.95;;;;
604;21/06/2023;21:32:30;29;;;;604;21/06/2023;21:32:37;28.94;;;;604;21/06/2023;21:33:51;28.97;;;;
605;21/06/2023;21:33:30;28.98;;;;605;21/06/2023;21:33:37;28.95;;;;605;21/06/2023;21:34:51;28.95;;;;
606;21/06/2023;21:34:31;28.95;;;;606;21/06/2023;21:34:37;28.93;;;;606;21/06/2023;21:35:51;28.95;;;;
607;21/06/2023;21:35:31;28.95;;;;607;21/06/2023;21:35:37;28.95;;;;607;21/06/2023;21:36:51;28.94;;;;
608;21/06/2023;21:36:31;28.95;;;;608;21/06/2023;21:36:37;28.94;;;;608;21/06/2023;21:37:51;28.95;;;;
609;21/06/2023;21:37:31;28.98;;;;609;21/06/2023;21:37:37;28.92;;;;609;21/06/2023;21:38:51;28.94;;;;
610;21/06/2023;21:38:31;28.96;;;;610;21/06/2023;21:38:37;28.91;;;;610;21/06/2023;21:39:51;28.93;;;;
611;21/06/2023;21:39:31;28.95;;;;611;21/06/2023;21:39:37;28.92;;;;611;21/06/2023;21:40:51;28.93;;;;
612;21/06/2023;21:40:31;28.95;;;;612;21/06/2023;21:40:37;28.91;;;;612;21/06/2023;21:41:51;28.92;;;;
613;21/06/2023;21:41:31;28.92;;;;613;21/06/2023;21:41:37;28.89;;;;613;21/06/2023;21:42:51;28.91;;;;
614;21/06/2023;21:42:32;28.92;;;;614;21/06/2023;21:42:37;28.91;;;;614;21/06/2023;21:43:50;28.91;;;;
615;21/06/2023;21:43:32;28.94;;;;615;21/06/2023;21:43:37;28.9;;;;615;21/06/2023;21:44:50;28.91;;;;
616;21/06/2023;21:44:32;28.94;;;;616;21/06/2023;21:44:37;28.9;;;;616;21/06/2023;21:45:50;28.89;;;;
617;21/06/2023;21:45:32;28.91;;;;617;21/06/2023;21:45:37;28.89;;;;617;21/06/2023;21:46:50;28.91;;;;
618;21/06/2023;21:46:32;28.91;;;;618;21/06/2023;21:46:37;28.88;;;;618;21/06/2023;21:47:50;28.89;;;;
619;21/06/2023;21:47:32;28.91;;;;619;21/06/2023;21:47:36;28.88;;;;619;21/06/2023;21:48:50;28.88;;;;
620;21/06/2023;21:48:32;28.91;;;;620;21/06/2023;21:48:36;28.87;;;;620;21/06/2023;21:49:50;28.88;;;;
621;21/06/2023;21:49:32;28.9;;;;621;21/06/2023;21:49:36;28.88;Synchronized;;;621;21/06/2023;21:50:50;28.88;;;;
622;21/06/2023;21:50:33;28.89;;;;622;21/06/2023;21:50:36;28.88;;;;622;21/06/2023;21:51:50;28.87;;;;
623;21/06/2023;21:51:33;28.89;;;;623;21/06/2023;21:51:36;28.85;;;;623;21/06/2023;21:52:50;28.86;;;;
624;21/06/2023;21:52:33;28.89;;;;624;21/06/2023;21:52:36;28.83;;;;624;21/06/2023;21:53:50;28.87;;;;
625;21/06/2023;21:53:33;28.9;;;;625;21/06/2023;21:53:36;28.84;;;;625;21/06/2023;21:54:49;28.87;;;;
626;21/06/2023;21:54:33;28.88;;;;626;21/06/2023;21:54:36;28.84;;;;626;21/06/2023;21:55:49;28.88;;;;
627;21/06/2023;21:55:33;28.88;;;;627;21/06/2023;21:55:36;28.84;;;;627;21/06/2023;21:56:49;28.86;;;;
628;21/06/2023;21:56:33;28.89;;;;628;21/06/2023;21:56:36;28.84;;;;628;21/06/2023;21:57:49;28.87;;;;
629;21/06/2023;21:57:33;28.88;;;;629;21/06/2023;21:57:36;28.85;Synchronized;;;629;21/06/2023;21:58:49;28.84;;;;
630;21/06/2023;21:58:34;28.88;;;;630;21/06/2023;21:58:36;28.83;;;;630;21/06/2023;21:59:49;28.86;;;;
631;21/06/2023;21:59:34;28.88;;;;631;21/06/2023;21:59:36;28.84;;;;631;21/06/2023;22:00:49;28.86;;;;
632;21/06/2023;22:00:34;28.88;;;;632;21/06/2023;22:00:36;28.83;;;;632;21/06/2023;22:01:49;28.84;;;;
633;21/06/2023;22:01:34;28.87;;;;633;21/06/2023;22:01:35;28.81;;;;633;21/06/2023;22:02:49;28.85;;;;
634;21/06/2023;22:02:34;28.87;;;;634;21/06/2023;22:02:35;28.84;;;;634;21/06/2023;22:03:49;28.85;;;;
635;21/06/2023;22:03:34;28.87;;;;635;21/06/2023;22:03:35;28.83;;;;635;21/06/2023;22:04:49;28.84;;;;
636;21/06/2023;22:04:34;28.86;;;;636;21/06/2023;22:04:35;28.8;;;;636;21/06/2023;22:05:48;28.85;;;;
637;21/06/2023;22:05:34;28.87;;;;637;21/06/2023;22:05:35;28.83;;;;637;21/06/2023;22:06:48;28.87;;;;
638;21/06/2023;22:06:35;28.85;;;;638;21/06/2023;22:06:35;28.82;;;;638;21/06/2023;22:07:48;28.84;;;;
639;21/06/2023;22:07:35;28.86;;;;639;21/06/2023;22:07:35;28.82;;;;639;21/06/2023;22:08:48;28.84;;;;
640;21/06/2023;22:08:35;28.86;;;;640;21/06/2023;22:08:35;28.8;;;;640;21/06/2023;22:09:48;28.84;;;;
641;21/06/2023;22:09:35;28.84;;;;641;21/06/2023;22:09:35;28.8;;;;641;21/06/2023;22:10:48;28.84;;;;
642;21/06/2023;22:10:35;28.85;;;;642;21/06/2023;22:10:35;28.82;;;;642;21/06/2023;22:11:48;28.82;;;;
643;21/06/2023;22:11:35;28.83;;;;643;21/06/2023;22:11:35;28.8;;;;643;21/06/2023;22:12:48;28.84;;;;
644;21/06/2023;22:12:35;28.85;;;;644;21/06/2023;22:12:34;28.8;;;;644;21/06/2023;22:13:48;28.84;;;;
645;21/06/2023;22:13:35;28.84;;;;645;21/06/2023;22:13:34;28.8;;;;645;21/06/2023;22:14:48;28.84;;;;
646;21/06/2023;22:14:36;28.83;;;;646;21/06/2023;22:14:34;28.8;;;;646;21/06/2023;22:15:48;28.84;Synchronized;;;
647;21/06/2023;22:15:36;28.83;;;;647;21/06/2023;22:15:34;28.8;;;;647;21/06/2023;22:16:48;28.81;;;;
648;21/06/2023;22:16:36;28.83;;;;648;21/06/2023;22:16:34;28.8;;;;648;21/06/2023;22:17:47;28.81;;;;
649;21/06/2023;22:17:36;28.83;;;;649;21/06/2023;22:17:34;28.8;;;;649;21/06/2023;22:18:47;28.81;;;;
650;21/06/2023;22:18:36;28.84;;;;650;21/06/2023;22:18:34;28.8;;;;650;21/06/2023;22:19:47;28.81;;;;
651;21/06/2023;22:19:36;28.84;;;;651;21/06/2023;22:19:34;28.8;;;;651;21/06/2023;22:20:47;28.8;;;;
652;21/06/2023;22:20:36;28.82;;;;652;21/06/2023;22:20:34;28.79;;;;652;21/06/2023;22:21:47;28.8;;;;
653;21/06/2023;22:21:37;28.82;;;;653;21/06/2023;22:21:33;28.78;;;;653;21/06/2023;22:22:47;28.8;;;;
654;21/06/2023;22:22:37;28.8;;;;654;21/06/2023;22:22:33;28.77;;;;654;21/06/2023;22:23:47;28.78;;;;
655;21/06/2023;22:23:37;28.8;;;;655;21/06/2023;22:23:33;28.77;;;;655;21/06/2023;22:24:47;28.8;;;;
656;21/06/2023;22:24:37;28.81;;;;656;21/06/2023;22:24:33;28.77;;;;656;21/06/2023;22:25:47;28.8;;;;
657;21/06/2023;22:25:37;28.8;;;;657;21/06/2023;22:25:33;28.76;;;;657;21/06/2023;22:26:47;28.79;;;;
658;21/06/2023;22:26:37;28.8;;;;658;21/06/2023;22:26:33;28.77;;;;658;21/06/2023;22:27:47;28.78;;;;
659;21/06/2023;22:27:37;28.8;;;;659;21/06/2023;22:27:33;28.74;;;;659;21/06/2023;22:28:47;28.8;;;;
660;21/06/2023;22:28:37;28.79;;;;660;21/06/2023;22:28:33;28.74;;;;660;21/06/2023;22:29:46;28.8;;;;
661;21/06/2023;22:29:37;28.8;;;;661;21/06/2023;22:29:33;28.75;;;;661;21/06/2023;22:30:46;28.8;;;;
662;21/06/2023;22:30:37;28.79;;;;662;21/06/2023;22:30:33;28.75;;;;662;21/06/2023;22:31:46;28.79;;;;
663;21/06/2023;22:31:38;28.8;;;;663;21/06/2023;22:31:32;28.75;;;;663;21/06/2023;22:32:46;28.76;;;;
664;21/06/2023;22:32:38;28.79;;;;664;21/06/2023;22:32:32;28.77;;;;664;21/06/2023;22:33:46;28.79;;;;
665;21/06/2023;22:33:38;28.8;;;;665;21/06/2023;22:33:32;28.74;;;;665;21/06/2023;22:34:46;28.79;;;;
666;21/06/2023;22:34:38;28.8;;;;666;21/06/2023;22:34:32;28.73;;;;666;21/06/2023;22:35:46;28.78;;;;
667;21/06/2023;22:35:38;28.77;;;;667;21/06/2023;22:35:32;28.74;;;;667;21/06/2023;22:36:46;28.78;;;;
668;21/06/2023;22:36:38;28.79;;;;668;21/06/2023;22:36:32;28.74;;;;668;21/06/2023;22:37:46;28.76;;;;
669;21/06/2023;22:37:38;28.78;;;;669;21/06/2023;22:37:32;28.75;;;;669;21/06/2023;22:38:46;28.75;;;;
670;21/06/2023;22:38:39;28.8;;;;670;21/06/2023;22:38:32;28.74;;;;670;21/06/2023;22:39:46;28.78;;;;
671;21/06/2023;22:39:39;28.77;;;;671;21/06/2023;22:39:32;28.74;;;;671;21/06/2023;22:40:46;28.76;;;;
672;21/06/2023;22:40:39;28.77;;;;672;21/06/2023;22:40:31;28.73;;;;672;21/06/2023;22:41:45;28.75;;;;
673;21/06/2023;22:41:39;28.77;;;;673;21/06/2023;22:41:31;28.76;;;;673;21/06/2023;22:42:45;28.76;;;;
674;21/06/2023;22:42:39;28.76;;;;674;21/06/2023;22:42:31;28.73;;;;674;21/06/2023;22:43:45;28.76;;;;
675;21/06/2023;22:43:39;28.77;;;;675;21/06/2023;22:43:31;28.73;;;;675;21/06/2023;22:44:45;28.76;;;;
676;21/06/2023;22:44:39;28.77;;;;676;21/06/2023;22:44:31;28.76;;;;676;21/06/2023;22:45:45;28.74;;;;
677;21/06/2023;22:45:39;28.77;;;;677;21/06/2023;22:45:31;28.72;;;;677;21/06/2023;22:46:45;28.76;;;;
678;21/06/2023;22:46:39;28.76;;;;678;21/06/2023;22:46:31;28.72;;;;678;21/06/2023;22:47:45;28.75;;;;
679;21/06/2023;22:47:39;28.75;;;;679;21/06/2023;22:47:31;28.74;;;;679;21/06/2023;22:48:45;28.75;;;;
680;21/06/2023;22:48:40;28.77;;;;680;21/06/2023;22:48:31;28.73;;;;680;21/06/2023;22:49:45;28.78;;;;
681;21/06/2023;22:49:40;28.77;;;;681;21/06/2023;22:49:31;28.71;;;;681;21/06/2023;22:50:45;28.77;;;;
682;21/06/2023;22:50:40;28.76;;;;682;21/06/2023;22:50:30;28.74;;;;682;21/06/2023;22:51:45;28.75;;;;
683;21/06/2023;22:51:40;28.77;;;;683;21/06/2023;22:51:30;28.74;;;;683;21/06/2023;22:52:45;28.75;;;;
684;21/06/2023;22:52:40;28.75;;;;684;21/06/2023;22:52:30;28.73;;;;684;21/06/2023;22:53:44;28.75;;;;
685;21/06/2023;22:53:40;28.77;;;;685;21/06/2023;22:53:30;28.73;;;;685;21/06/2023;22:54:44;28.74;;;;
686;21/06/2023;22:54:40;28.74;;;;686;21/06/2023;22:54:30;28.72;;;;686;21/06/2023;22:55:44;28.74;;;;
687;21/06/2023;22:55:41;28.77;;;;687;21/06/2023;22:55:30;28.71;;;;687;21/06/2023;22:56:44;28.73;;;;
688;21/06/2023;22:56:41;28.73;;;;688;21/06/2023;22:56:30;28.7;;;;688;21/06/2023;22:57:44;28.73;;;;
689;21/06/2023;22:57:41;28.74;;;;689;21/06/2023;22:57:30;28.7;;;;689;21/06/2023;22:58:44;28.72;;;;
690;21/06/2023;22:58:41;28.73;;;;690;21/06/2023;22:58:30;28.7;;;;690;21/06/2023;22:59:44;28.72;;;;
691;21/06/2023;22:59:41;28.73;;;;691;21/06/2023;22:59:30;28.68;;;;691;21/06/2023;23:00:44;28.73;;;;
692;21/06/2023;23:00:41;28.73;;;;692;21/06/2023;23:00:30;28.69;;;;692;21/06/2023;23:01:44;28.73;;;;
693;21/06/2023;23:01:41;28.7;;;;693;21/06/2023;23:01:29;28.69;;;;693;21/06/2023;23:02:44;28.71;;;;
694;21/06/2023;23:02:41;28.73;;;;694;21/06/2023;23:02:29;28.67;;;;694;21/06/2023;23:03:44;28.73;;;;
695;21/06/2023;23:03:41;28.71;;;;695;21/06/2023;23:03:29;28.67;;;;695;21/06/2023;23:04:44;28.72;;;;
696;21/06/2023;23:04:42;28.7;;;;696;21/06/2023;23:04:29;28.68;;;;696;21/06/2023;23:05:43;28.73;;;;
697;21/06/2023;23:05:42;28.73;;;;697;21/06/2023;23:05:29;28.69;;;;697;21/06/2023;23:06:43;28.7;;;;
698;21/06/2023;23:06:42;28.73;;;;698;21/06/2023;23:06:29;28.68;;;;698;21/06/2023;23:07:43;28.72;;;;
699;21/06/2023;23:07:42;28.7;;;;699;21/06/2023;23:07:29;28.69;;;;699;21/06/2023;23:08:43;28.7;;;;
700;21/06/2023;23:08:42;28.7;;;;700;21/06/2023;23:08:29;28.67;;;;700;21/06/2023;23:09:43;28.71;;;;
701;21/06/2023;23:09:42;28.68;;;;701;21/06/2023;23:09:29;28.68;;;;701;21/06/2023;23:10:43;28.71;;;;
702;21/06/2023;23:10:42;28.69;;;;702;21/06/2023;23:10:29;28.67;;;;702;21/06/2023;23:11:43;28.7;;;;
703;21/06/2023;23:11:43;28.7;;;;703;21/06/2023;23:11:28;28.68;;;;703;21/06/2023;23:12:43;28.69;;;;
704;21/06/2023;23:12:43;28.71;;;;704;21/06/2023;23:12:28;28.65;;;;704;21/06/2023;23:13:43;28.69;;;;
705;21/06/2023;23:13:43;28.68;;;;705;21/06/2023;23:13:28;28.66;;;;705;21/06/2023;23:14:43;28.68;;;;
706;21/06/2023;23:14:43;28.68;;;;706;21/06/2023;23:14:28;28.67;;;;706;21/06/2023;23:15:43;28.68;;;;
707;21/06/2023;23:15:43;28.68;;;;707;21/06/2023;23:15:28;28.66;;;;707;21/06/2023;23:16:43;28.69;;;;
708;21/06/2023;23:16:43;28.68;;;;708;21/06/2023;23:16:28;28.65;;;;708;21/06/2023;23:17:42;28.67;;;;
709;21/06/2023;23:17:43;28.69;;;;709;21/06/2023;23:17:28;28.64;;;;709;21/06/2023;23:18:42;28.68;;;;
710;21/06/2023;23:18:43;28.68;;;;710;21/06/2023;23:18:28;28.66;;;;710;21/06/2023;23:19:42;28.69;;;;
711;21/06/2023;23:19:43;28.68;;;;711;21/06/2023;23:19:28;28.65;;;;711;21/06/2023;23:20:42;28.67;;;;
712;21/06/2023;23:20:43;28.69;;;;712;21/06/2023;23:20:28;28.66;;;;712;21/06/2023;23:21:42;28.68;;;;
713;21/06/2023;23:21:43;28.67;;;;713;21/06/2023;23:21:28;28.65;;;;713;21/06/2023;23:22:42;28.68;;;;
714;21/06/2023;23:22:43;28.66;;;;714;21/06/2023;23:22:27;28.65;;;;714;21/06/2023;23:23:42;28.68;;;;
715;21/06/2023;23:23:43;28.69;;;;715;21/06/2023;23:23:27;28.66;;;;715;21/06/2023;23:24:42;28.69;;;;
716;21/06/2023;23:24:43;28.66;;;;716;21/06/2023;23:24:27;28.65;;;;716;21/06/2023;23:25:42;28.69;;;;
717;21/06/2023;23:25:43;28.68;;;;717;21/06/2023;23:25:27;28.66;;;;717;21/06/2023;23:26:42;28.67;;;;
718;21/06/2023;23:26:43;28.66;;;;718;21/06/2023;23:26:27;28.63;;;;718;21/06/2023;23:27:42;28.66;;;;
719;21/06/2023;23:27:43;28.66;;;;719;21/06/2023;23:27:27;28.64;;;;719;21/06/2023;23:28:42;28.65;;;;
720;21/06/2023;23:28:43;28.66;;;;720;21/06/2023;23:28:27;28.63;;;;720;21/06/2023;23:29:41;28.65;;;;
721;21/06/2023;23:29:43;28.67;;;;721;21/06/2023;23:29:27;28.64;;;;721;21/06/2023;23:30:41;28.66;;;;
722;21/06/2023;23:30:44;28.68;;;;722;21/06/2023;23:30:27;28.63;;;;722;21/06/2023;23:31:41;28.63;;;;
723;21/06/2023;23:31:43;28.66;;;;723;21/06/2023;23:31:27;28.64;;;;723;21/06/2023;23:32:41;28.65;;;;
724;21/06/2023;23:32:43;28.66;;;;724;21/06/2023;23:32:26;28.64;;;;724;21/06/2023;23:33:41;28.66;;;;
725;21/06/2023;23:33:44;28.66;;;;725;21/06/2023;23:33:26;28.63;;;;725;21/06/2023;23:34:41;28.63;;;;
726;21/06/2023;23:34:44;28.66;;;;726;21/06/2023;23:34:26;28.63;;;;726;21/06/2023;23:35:41;28.66;;;;
727;21/06/2023;23:35:44;28.66;;;;727;21/06/2023;23:35:26;28.61;;;;727;21/06/2023;23:36:41;28.64;;;;
728;21/06/2023;23:36:44;28.64;;;;728;21/06/2023;23:36:26;28.63;;;;728;21/06/2023;23:37:41;28.64;;;;
729;21/06/2023;23:37:43;28.65;;;;729;21/06/2023;23:37:26;28.65;;;;729;21/06/2023;23:38:41;28.64;;;;
730;21/06/2023;23:38:43;28.65;;;;730;21/06/2023;23:38:26;28.61;;;;730;21/06/2023;23:39:41;28.63;;;;
731;21/06/2023;23:39:44;28.66;;;;731;21/06/2023;23:39:26;28.63;;;;731;21/06/2023;23:40:41;28.62;;;;
732;21/06/2023;23:40:43;28.63;;;;732;21/06/2023;23:40:26;28.6;;;;732;21/06/2023;23:41:41;28.65;;;;
733;21/06/2023;23:41:43;28.62;;;;733;21/06/2023;23:41:26;28.61;;;;733;21/06/2023;23:42:41;28.66;;;;
734;21/06/2023;23:42:43;28.63;;;;734;21/06/2023;23:42:26;28.6;;;;734;21/06/2023;23:43:41;28.65;;;;
735;21/06/2023;23:43:43;28.62;;;;735;21/06/2023;23:43:26;28.59;;;;735;21/06/2023;23:44:40;28.63;;;;
736;21/06/2023;23:44:43;28.62;;;;736;21/06/2023;23:44:25;28.6;;;;736;21/06/2023;23:45:40;28.62;;;;
737;21/06/2023;23:45:43;28.63;;;;737;21/06/2023;23:45:25;28.6;;;;737;21/06/2023;23:46:40;28.61;;;;
738;21/06/2023;23:46:44;28.63;;;;738;21/06/2023;23:46:25;28.6;;;;738;21/06/2023;23:47:40;28.61;;;;
739;21/06/2023;23:47:44;28.61;;;;739;21/06/2023;23:47:25;28.57;;;;739;21/06/2023;23:48:40;28.59;;;;
740;21/06/2023;23:48:44;28.63;;;;740;21/06/2023;23:48:25;28.59;;;;740;21/06/2023;23:49:40;28.6;;;;
741;21/06/2023;23:49:44;28.61;;;;741;21/06/2023;23:49:25;28.57;;;;741;21/06/2023;23:50:40;28.59;;;;
742;21/06/2023;23:50:43;28.59;;;;742;21/06/2023;23:50:25;28.55;;;;742;21/06/2023;23:51:40;28.59;;;;
743;21/06/2023;23:51:44;28.59;;;;743;21/06/2023;23:51:25;28.58;;;;743;21/06/2023;23:52:40;28.6;;;;
744;21/06/2023;23:52:44;28.62;;;;744;21/06/2023;23:52:25;28.56;;;;744;21/06/2023;23:53:40;28.59;;;;
745;21/06/2023;23:53:44;28.57;;;;745;21/06/2023;23:53:25;28.57;;;;745;21/06/2023;23:54:40;28.59;;;;
746;21/06/2023;23:54:43;28.58;;;;746;21/06/2023;23:54:24;28.55;;;;746;21/06/2023;23:55:40;28.59;;;;
747;21/06/2023;23:55:43;28.56;;;;747;21/06/2023;23:55:24;28.55;;;;747;21/06/2023;23:56:40;28.57;;;;
748;21/06/2023;23:56:44;28.56;;;;748;21/06/2023;23:56:24;28.55;;;;748;21/06/2023;23:57:40;28.58;;;;
749;21/06/2023;23:57:43;28.56;;;;749;21/06/2023;23:57:24;28.54;;;;749;21/06/2023;23:58:39;28.56;;;;
750;21/06/2023;23:58:43;28.55;;;;750;21/06/2023;23:58:24;28.55;;;;750;21/06/2023;23:59:39;28.56;;;;
751;21/06/2023;23:59:43;28.55;;;;751;21/06/2023;23:59:24;28.54;;;;751;22/06/2023;00:00:39;28.56;;;;
752;22/06/2023;00:00:43;28.56;;;;752;22/06/2023;00:00:24;28.52;;;;752;22/06/2023;00:01:39;28.52;Synchronized;;;
753;22/06/2023;00:01:43;28.55;;;;753;22/06/2023;00:01:24;28.52;;;;753;22/06/2023;00:02:39;28.55;;;;
754;22/06/2023;00:02:43;28.54;;;;754;22/06/2023;00:02:24;28.51;;;;754;22/06/2023;00:03:39;28.52;;;;
755;22/06/2023;00:03:43;28.54;;;;755;22/06/2023;00:03:24;28.48;;;;755;22/06/2023;00:04:39;28.52;;;;
756;22/06/2023;00:04:43;28.53;;;;756;22/06/2023;00:04:24;28.52;;;;756;22/06/2023;00:05:39;28.52;;;;
757;22/06/2023;00:05:43;28.53;;;;757;22/06/2023;00:05:23;28.5;;;;757;22/06/2023;00:06:39;28.52;;;;
758;22/06/2023;00:06:43;28.53;;;;758;22/06/2023;00:06:23;28.5;;;;758;22/06/2023;00:07:39;28.52;;;;
759;22/06/2023;00:07:43;28.51;;;;759;22/06/2023;00:07:23;28.51;;;;759;22/06/2023;00:08:39;28.51;;;;
760;22/06/2023;00:08:43;28.52;;;;760;22/06/2023;00:08:23;28.52;;;;760;22/06/2023;00:09:39;28.52;;;;
761;22/06/2023;00:09:43;28.52;;;;761;22/06/2023;00:09:23;28.5;;;;761;22/06/2023;00:10:39;28.54;;;;
762;22/06/2023;00:10:43;28.53;;;;762;22/06/2023;00:10:23;28.5;;;;762;22/06/2023;00:11:39;28.52;;;;
763;22/06/2023;00:11:43;28.54;;;;763;22/06/2023;00:11:23;28.51;;;;763;22/06/2023;00:12:39;28.51;;;;
764;22/06/2023;00:12:43;28.52;;;;764;22/06/2023;00:12:23;28.5;;;;764;22/06/2023;00:13:39;28.54;;;;
765;22/06/2023;00:13:43;28.52;;;;765;22/06/2023;00:13:23;28.52;;;;765;22/06/2023;00:14:38;28.5;;;;
766;22/06/2023;00:14:43;28.51;;;;766;22/06/2023;00:14:23;28.5;;;;766;22/06/2023;00:15:38;28.52;;;;
767;22/06/2023;00:15:43;28.54;;;;767;22/06/2023;00:15:23;28.51;;;;767;22/06/2023;00:16:38;28.52;;;;
768;22/06/2023;00:16:43;28.52;;;;768;22/06/2023;00:16:22;28.48;;;;768;22/06/2023;00:17:38;28.51;;;;
769;22/06/2023;00:17:43;28.51;;;;769;22/06/2023;00:17:22;28.5;;;;769;22/06/2023;00:18:38;28.5;;;;
770;22/06/2023;00:18:43;28.52;;;;770;22/06/2023;00:18:22;28.46;;;;770;22/06/2023;00:19:38;28.52;;;;
771;22/06/2023;00:19:42;28.51;;;;771;22/06/2023;00:19:22;28.48;;;;771;22/06/2023;00:20:38;28.51;;;;
772;22/06/2023;00:20:42;28.53;;;;772;22/06/2023;00:20:22;28.48;;;;772;22/06/2023;00:21:38;28.49;;;;
773;22/06/2023;00:21:42;28.52;;;;773;22/06/2023;00:21:22;28.48;;;;773;22/06/2023;00:22:38;28.5;;;;
774;22/06/2023;00:22:42;28.52;;;;774;22/06/2023;00:22:22;28.48;;;;774;22/06/2023;00:23:38;28.51;;;;
775;22/06/2023;00:23:42;28.51;;;;775;22/06/2023;00:23:22;28.48;;;;775;22/06/2023;00:24:38;28.49;;;;
776;22/06/2023;00:24:42;28.51;;;;776;22/06/2023;00:24:22;28.48;;;;776;22/06/2023;00:25:38;28.49;;;;
777;22/06/2023;00:25:42;28.51;;;;777;22/06/2023;00:25:22;28.45;;;;777;22/06/2023;00:26:38;28.48;;;;
778;22/06/2023;00:26:42;28.48;;;;778;22/06/2023;00:26:22;28.45;;;;778;22/06/2023;00:27:38;28.48;;;;
779;22/06/2023;00:27:42;28.49;;;;779;22/06/2023;00:27:22;28.45;;;;779;22/06/2023;00:28:38;28.48;;;;
780;22/06/2023;00:28:42;28.49;;;;780;22/06/2023;00:28:21;28.47;;;;780;22/06/2023;00:29:38;28.51;;;;
781;22/06/2023;00:29:42;28.49;;;;781;22/06/2023;00:29:21;28.47;;;;781;22/06/2023;00:30:38;28.49;;;;
782;22/06/2023;00:30:42;28.5;;;;782;22/06/2023;00:30:21;28.48;;;;782;22/06/2023;00:31:38;28.49;;;;
783;22/06/2023;00:31:42;28.52;;;;783;22/06/2023;00:31:21;28.46;;;;783;22/06/2023;00:32:38;28.51;;;;
784;22/06/2023;00:32:42;28.49;;;;784;22/06/2023;00:32:21;28.47;;;;784;22/06/2023;00:33:37;28.48;;;;
785;22/06/2023;00:33:42;28.52;;;;785;22/06/2023;00:33:21;28.46;;;;785;22/06/2023;00:34:37;28.5;;;;
786;22/06/2023;00:34:42;28.5;;;;786;22/06/2023;00:34:21;28.47;;;;786;22/06/2023;00:35:37;28.49;;;;
787;22/06/2023;00:35:42;28.5;;;;787;22/06/2023;00:35:21;28.46;;;;787;22/06/2023;00:36:37;28.47;;;;
788;22/06/2023;00:36:42;28.5;;;;788;22/06/2023;00:36:21;28.45;;;;788;22/06/2023;00:37:37;28.5;;;;
789;22/06/2023;00:37:42;28.5;;;;789;22/06/2023;00:37:21;28.48;;;;789;22/06/2023;00:38:37;28.48;;;;
790;22/06/2023;00:38:42;28.49;;;;790;22/06/2023;00:38:21;28.46;;;;790;22/06/2023;00:39:37;28.48;;;;
791;22/06/2023;00:39:42;28.48;;;;791;22/06/2023;00:39:21;28.44;;;;791;22/06/2023;00:40:37;28.49;;;;
792;22/06/2023;00:40:42;28.49;;;;792;22/06/2023;00:40:21;28.45;;;;792;22/06/2023;00:41:37;28.48;;;;
793;22/06/2023;00:41:42;28.47;;;;793;22/06/2023;00:41:20;28.45;;;;793;22/06/2023;00:42:37;28.48;;;;
794;22/06/2023;00:42:42;28.48;;;;794;22/06/2023;00:42:20;28.43;;;;794;22/06/2023;00:43:37;28.49;;;;
795;22/06/2023;00:43:42;28.48;;;;795;22/06/2023;00:43:20;28.44;;;;795;22/06/2023;00:44:37;28.47;;;;
796;22/06/2023;00:44:42;28.46;;;;796;22/06/2023;00:44:20;28.43;;;;796;22/06/2023;00:45:37;28.46;;;;
797;22/06/2023;00:45:42;28.45;;;;797;22/06/2023;00:45:20;28.45;;;;797;22/06/2023;00:46:37;28.45;;;;
798;22/06/2023;00:46:42;28.45;;;;798;22/06/2023;00:46:20;28.43;;;;798;22/06/2023;00:47:37;28.45;;;;
799;22/06/2023;00:47:41;28.45;;;;799;22/06/2023;00:47:20;28.42;;;;799;22/06/2023;00:48:36;28.45;;;;
800;22/06/2023;00:48:41;28.45;;;;800;22/06/2023;00:48:20;28.43;;;;800;22/06/2023;00:49:36;28.45;;;;
801;22/06/2023;00:49:41;28.45;;;;801;22/06/2023;00:49:20;28.43;Synchronized;;;801;22/06/2023;00:50:36;28.45;;;;
802;22/06/2023;00:50:41;28.47;;;;802;22/06/2023;00:50:20;28.43;;;;802;22/06/2023;00:51:36;28.45;;;;
803;22/06/2023;00:51:41;28.46;;;;803;22/06/2023;00:51:20;28.41;;;;803;22/06/2023;00:52:36;28.47;;;;
804;22/06/2023;00:52:41;28.46;;;;804;22/06/2023;00:52:20;28.41;;;;804;22/06/2023;00:53:36;28.45;;;;
805;22/06/2023;00:53:41;28.46;;;;805;22/06/2023;00:53:20;28.44;;;;805;22/06/2023;00:54:36;28.45;Synchronized;;;
806;22/06/2023;00:54:41;28.45;;;;806;22/06/2023;00:54:19;28.41;;;;806;22/06/2023;00:55:36;28.44;;;;
807;22/06/2023;00:55:41;28.45;;;;807;22/06/2023;00:55:19;28.41;;;;807;22/06/2023;00:56:36;28.46;;;;
808;22/06/2023;00:56:41;28.45;;;;808;22/06/2023;00:56:19;28.41;;;;808;22/06/2023;00:57:36;28.45;;;;
809;22/06/2023;00:57:41;28.43;;;;809;22/06/2023;00:57:19;28.43;;;;809;22/06/2023;00:58:36;28.45;;;;
810;22/06/2023;00:58:41;28.45;;;;810;22/06/2023;00:58:19;28.42;Synchronized;;;810;22/06/2023;00:59:36;28.42;;;;
811;22/06/2023;00:59:41;28.45;;;;811;22/06/2023;00:59:19;28.42;;;;811;22/06/2023;01:00:36;28.43;;;;
812;22/06/2023;01:00:41;28.44;;;;812;22/06/2023;01:00:19;28.41;;;;812;22/06/2023;01:01:36;28.45;;;;
813;22/06/2023;01:01:41;28.44;;;;813;22/06/2023;01:01:19;28.41;;;;813;22/06/2023;01:02:36;28.42;;;;
814;22/06/2023;01:02:41;28.43;;;;814;22/06/2023;01:02:19;28.41;;;;814;22/06/2023;01:03:36;28.43;;;;
815;22/06/2023;01:03:41;28.42;;;;815;22/06/2023;01:03:19;28.39;;;;815;22/06/2023;01:04:36;28.41;;;;
816;22/06/2023;01:04:41;28.4;;;;816;22/06/2023;01:04:19;28.38;;;;816;22/06/2023;01:05:35;28.41;;;;
817;22/06/2023;01:05:41;28.41;;;;817;22/06/2023;01:05:19;28.38;;;;817;22/06/2023;01:06:35;28.42;;;;
818;22/06/2023;01:06:41;28.42;;;;818;22/06/2023;01:06:19;28.38;;;;818;22/06/2023;01:07:35;28.41;;;;
819;22/06/2023;01:07:41;28.41;;;;819;22/06/2023;01:07:18;28.38;;;;819;22/06/2023;01:08:35;28.41;;;;
820;22/06/2023;01:08:41;28.4;;;;820;22/06/2023;01:08:18;28.37;;;;820;22/06/2023;01:09:35;28.39;;;;
821;22/06/2023;01:09:41;28.4;;;;821;22/06/2023;01:09:18;28.37;;;;821;22/06/2023;01:10:35;28.37;;;;
822;22/06/2023;01:10:41;28.39;;;;822;22/06/2023;01:10:18;28.38;;;;822;22/06/2023;01:11:35;28.39;;;;
823;22/06/2023;01:11:40;28.38;;;;823;22/06/2023;01:11:18;28.35;;;;823;22/06/2023;01:12:35;28.38;;;;
824;22/06/2023;01:12:40;28.37;;;;824;22/06/2023;01:12:18;28.36;;;;824;22/06/2023;01:13:35;28.38;;;;
825;22/06/2023;01:13:40;28.36;;;;825;22/06/2023;01:13:18;28.35;;;;825;22/06/2023;01:14:35;28.36;;;;
826;22/06/2023;01:14:40;28.38;;;;826;22/06/2023;01:14:18;28.34;;;;826;22/06/2023;01:15:35;28.35;;;;
827;22/06/2023;01:15:40;28.37;;;;827;22/06/2023;01:15:18;28.32;;;;827;22/06/2023;01:16:35;28.35;;;;
828;22/06/2023;01:16:40;28.38;;;;828;22/06/2023;01:16:18;28.33;;;;828;22/06/2023;01:17:35;28.35;;;;
829;22/06/2023;01:17:40;28.34;;;;829;22/06/2023;01:17:18;28.33;;;;829;22/06/2023;01:18:35;28.35;;;;
830;22/06/2023;01:18:40;28.37;;;;830;22/06/2023;01:18:18;28.33;;;;830;22/06/2023;01:19:35;28.36;;;;
831;22/06/2023;01:19:40;28.36;;;;831;22/06/2023;01:19:18;28.33;;;;831;22/06/2023;01:20:35;28.35;;;;
832;22/06/2023;01:20:40;28.36;;;;832;22/06/2023;01:20:18;28.34;;;;832;22/06/2023;01:21:35;28.37;;;;
833;22/06/2023;01:21:40;28.34;;;;833;22/06/2023;01:21:18;28.3;;;;833;22/06/2023;01:22:35;28.34;;;;
834;22/06/2023;01:22:40;28.34;;;;834;22/06/2023;01:22:17;28.31;;;;834;22/06/2023;01:23:35;28.36;;;;
835;22/06/2023;01:23:40;28.37;;;;835;22/06/2023;01:23:17;28.31;;;;835;22/06/2023;01:24:35;28.34;;;;
836;22/06/2023;01:24:40;28.34;;;;836;22/06/2023;01:24:17;28.32;;;;836;22/06/2023;01:25:35;28.32;;;;
837;22/06/2023;01:25:40;28.34;;;;837;22/06/2023;01:25:17;28.3;;;;837;22/06/2023;01:26:35;28.34;;;;
838;22/06/2023;01:26:40;28.34;;;;838;22/06/2023;01:26:17;28.29;;;;838;22/06/2023;01:27:34;28.35;;;;
839;22/06/2023;01:27:40;28.36;;;;839;22/06/2023;01:27:17;28.3;;;;839;22/06/2023;01:28:34;28.33;;;;
840;22/06/2023;01:28:40;28.33;;;;840;22/06/2023;01:28:17;28.29;;;;840;22/06/2023;01:29:34;28.34;;;;
841;22/06/2023;01:29:40;28.34;;;;841;22/06/2023;01:29:17;28.28;Synchronized;;;841;22/06/2023;01:30:34;28.31;;;;
842;22/06/2023;01:30:40;28.34;;;;842;22/06/2023;01:30:17;28.27;;;;842;22/06/2023;01:31:34;28.33;;;;
843;22/06/2023;01:31:40;28.34;;;;843;22/06/2023;01:31:17;28.29;;;;843;22/06/2023;01:32:34;28.33;;;;
844;22/06/2023;01:32:40;28.32;;;;844;22/06/2023;01:32:17;28.3;;;;844;22/06/2023;01:33:34;28.34;;;;
845;22/06/2023;01:33:40;28.31;;;;845;22/06/2023;01:33:17;28.3;Synchronized;;;845;22/06/2023;01:34:34;28.33;;;;
846;22/06/2023;01:34:40;28.34;;;;846;22/06/2023;01:34:17;28.3;;;;846;22/06/2023;01:35:34;28.34;;;;
847;22/06/2023;01:35:40;28.32;;;;847;22/06/2023;01:35:17;28.27;;;;847;22/06/2023;01:36:34;28.31;;;;
848;22/06/2023;01:36:40;28.3;;;;848;22/06/2023;01:36:17;28.3;;;;848;22/06/2023;01:37:34;28.32;;;;
849;22/06/2023;01:37:40;28.34;;;;849;22/06/2023;01:37:17;28.28;;;;849;22/06/2023;01:38:34;28.32;;;;
850;22/06/2023;01:38:40;28.3;;;;850;22/06/2023;01:38:17;28.29;;;;850;22/06/2023;01:39:34;28.33;;;;
851;22/06/2023;01:39:40;28.32;;;;851;22/06/2023;01:39:16;28.27;;;;851;22/06/2023;01:40:34;28.3;;;;
852;22/06/2023;01:40:40;28.31;;;;852;22/06/2023;01:40:16;28.28;;;;852;22/06/2023;01:41:34;28.31;;;;
853;22/06/2023;01:41:40;28.33;;;;853;22/06/2023;01:41:16;28.29;;;;853;22/06/2023;01:42:34;28.33;;;;
854;22/06/2023;01:42:40;28.32;;;;854;22/06/2023;01:42:16;28.3;;;;854;22/06/2023;01:43:34;28.32;;;;
855;22/06/2023;01:43:40;28.3;;;;855;22/06/2023;01:43:16;28.28;;;;855;22/06/2023;01:44:34;28.31;;;;
856;22/06/2023;01:44:39;28.3;;;;856;22/06/2023;01:44:16;28.3;;;;856;22/06/2023;01:45:34;28.32;;;;
857;22/06/2023;01:45:39;28.33;;;;857;22/06/2023;01:45:16;28.28;;;;857;22/06/2023;01:46:34;28.31;;;;
858;22/06/2023;01:46:39;28.32;;;;858;22/06/2023;01:46:16;28.28;;;;858;22/06/2023;01:47:34;28.33;;;;
859;22/06/2023;01:47:39;28.31;;;;859;22/06/2023;01:47:16;28.27;;;;859;22/06/2023;01:48:34;28.33;;;;
860;22/06/2023;01:48:39;28.32;;;;860;22/06/2023;01:48:16;28.3;;;;860;22/06/2023;01:49:34;28.31;;;;
861;22/06/2023;01:49:39;28.32;;;;861;22/06/2023;01:49:16;28.27;;;;861;22/06/2023;01:50:34;28.32;;;;
862;22/06/2023;01:50:39;28.3;;;;862;22/06/2023;01:50:16;28.28;;;;862;22/06/2023;01:51:33;28.3;;;;
863;22/06/2023;01:51:39;28.31;;;;863;22/06/2023;01:51:16;28.27;;;;863;22/06/2023;01:52:33;28.32;;;;
864;22/06/2023;01:52:39;28.3;;;;864;22/06/2023;01:52:16;28.28;;;;864;22/06/2023;01:53:33;28.29;;;;
865;22/06/2023;01:53:39;28.3;;;;865;22/06/2023;01:53:16;28.27;;;;865;22/06/2023;01:54:33;28.29;;;;
866;22/06/2023;01:54:39;28.3;;;;866;22/06/2023;01:54:16;28.29;;;;866;22/06/2023;01:55:33;28.27;;;;
867;22/06/2023;01:55:39;28.3;;;;867;22/06/2023;01:55:15;28.27;;;;867;22/06/2023;01:56:33;28.3;;;;
868;22/06/2023;01:56:39;28.3;;;;868;22/06/2023;01:56:15;28.27;;;;868;22/06/2023;01:57:33;28.29;;;;
869;22/06/2023;01:57:39;28.29;;;;869;22/06/2023;01:57:15;28.23;;;;869;22/06/2023;01:58:33;28.29;;;;
870;22/06/2023;01:58:39;28.28;;;;870;22/06/2023;01:58:15;28.24;;;;870;22/06/2023;01:59:33;28.27;;;;
871;22/06/2023;01:59:39;28.25;;;;871;22/06/2023;01:59:15;28.23;;;;871;22/06/2023;02:00:33;28.26;;;;
872;22/06/2023;02:00:39;28.27;;;;872;22/06/2023;02:00:15;28.23;;;;872;22/06/2023;02:01:33;28.25;;;;
873;22/06/2023;02:01:39;28.28;;;;873;22/06/2023;02:01:15;28.22;;;;873;22/06/2023;02:02:33;28.26;;;;
874;22/06/2023;02:02:39;28.28;;;;874;22/06/2023;02:02:15;28.22;;;;874;22/06/2023;02:03:33;28.27;;;;
875;22/06/2023;02:03:39;28.26;;;;875;22/06/2023;02:03:15;28.23;;;;875;22/06/2023;02:04:33;28.27;;;;
876;22/06/2023;02:04:39;28.26;;;;876;22/06/2023;02:04:15;28.23;;;;876;22/06/2023;02:05:33;28.27;;;;
877;22/06/2023;02:05:39;28.27;;;;877;22/06/2023;02:05:15;28.23;;;;877;22/06/2023;02:06:33;28.27;;;;
878;22/06/2023;02:06:39;28.27;;;;878;22/06/2023;02:06:15;28.21;;;;878;22/06/2023;02:07:33;28.26;;;;
879;22/06/2023;02:07:39;28.29;;;;879;22/06/2023;02:07:15;28.23;;;;879;22/06/2023;02:08:33;28.29;;;;
880;22/06/2023;02:08:39;28.28;;;;880;22/06/2023;02:08:15;28.23;;;;880;22/06/2023;02:09:33;28.27;;;;
881;22/06/2023;02:09:39;28.28;;;;881;22/06/2023;02:09:15;28.23;;;;881;22/06/2023;02:10:33;28.3;;;;
882;22/06/2023;02:10:39;28.28;;;;882;22/06/2023;02:10:15;28.23;;;;882;22/06/2023;02:11:33;28.27;;;;
883;22/06/2023;02:11:39;28.27;;;;883;22/06/2023;02:11:15;28.24;;;;883;22/06/2023;02:12:33;28.27;;;;
884;22/06/2023;02:12:39;28.29;;;;884;22/06/2023;02:12:15;28.26;;;;884;22/06/2023;02:13:33;28.25;;;;
885;22/06/2023;02:13:39;28.27;;;;885;22/06/2023;02:13:14;28.22;;;;885;22/06/2023;02:14:33;28.27;;;;
886;22/06/2023;02:14:39;28.29;;;;886;22/06/2023;02:14:14;28.26;;;;886;22/06/2023;02:15:33;28.27;;;;
887;22/06/2023;02:15:38;28.3;;;;887;22/06/2023;02:15:14;28.26;;;;887;22/06/2023;02:16:33;28.27;;;;
888;22/06/2023;02:16:38;28.27;;;;888;22/06/2023;02:16:14;28.23;;;;888;22/06/2023;02:17:32;28.24;;;;
889;22/06/2023;02:17:38;28.3;;;;889;22/06/2023;02:17:14;28.23;;;;889;22/06/2023;02:18:32;28.27;;;;
890;22/06/2023;02:18:38;28.28;;;;890;22/06/2023;02:18:14;28.23;;;;890;22/06/2023;02:19:32;28.27;;;;
891;22/06/2023;02:19:38;28.26;;;;891;22/06/2023;02:19:14;28.26;;;;891;22/06/2023;02:20:32;28.25;;;;
892;22/06/2023;02:20:38;28.26;;;;892;22/06/2023;02:20:14;28.23;;;;892;22/06/2023;02:21:32;28.26;;;;
893;22/06/2023;02:21:38;28.27;;;;893;22/06/2023;02:21:14;28.21;;;;893;22/06/2023;02:22:32;28.25;;;;
894;22/06/2023;02:22:38;28.3;;;;894;22/06/2023;02:22:14;28.23;;;;894;22/06/2023;02:23:32;28.25;;;;
895;22/06/2023;02:23:38;28.28;;;;895;22/06/2023;02:23:14;28.23;;;;895;22/06/2023;02:24:32;28.26;;;;
896;22/06/2023;02:24:38;28.26;;;;896;22/06/2023;02:24:14;28.23;;;;896;22/06/2023;02:25:32;28.26;;;;
897;22/06/2023;02:25:38;28.25;;;;897;22/06/2023;02:25:14;28.23;;;;897;22/06/2023;02:26:32;28.27;;;;
898;22/06/2023;02:26:38;28.27;;;;898;22/06/2023;02:26:14;28.22;;;;898;22/06/2023;02:27:32;28.26;;;;
899;22/06/2023;02:27:38;28.27;;;;899;22/06/2023;02:27:14;28.23;;;;899;22/06/2023;02:28:32;28.27;;;;
900;22/06/2023;02:28:38;28.27;;;;900;22/06/2023;02:28:14;28.23;;;;900;22/06/2023;02:29:32;28.24;;;;
901;22/06/2023;02:29:38;28.27;;;;901;22/06/2023;02:29:13;28.22;;;;901;22/06/2023;02:30:32;28.24;;;;
902;22/06/2023;02:30:38;28.26;;;;902;22/06/2023;02:30:13;28.22;;;;902;22/06/2023;02:31:32;28.23;;;;
903;22/06/2023;02:31:38;28.24;Synchronized;;;903;22/06/2023;02:31:13;28.22;;;;903;22/06/2023;02:32:32;28.26;;;;
904;22/06/2023;02:32:38;28.25;;;;904;22/06/2023;02:32:13;28.21;;;;904;22/06/2023;02:33:32;28.23;;;;
905;22/06/2023;02:33:38;28.25;;;;905;22/06/2023;02:33:13;28.2;;;;905;22/06/2023;02:34:32;28.23;;;;
906;22/06/2023;02:34:38;28.25;;;;906;22/06/2023;02:34:13;28.22;;;;906;22/06/2023;02:35:32;28.25;;;;
907;22/06/2023;02:35:38;28.23;;;;907;22/06/2023;02:35:13;28.2;;;;907;22/06/2023;02:36:32;28.23;;;;
908;22/06/2023;02:36:38;28.24;;;;908;22/06/2023;02:36:13;28.18;;;;908;22/06/2023;02:37:32;28.23;;;;
909;22/06/2023;02:37:38;28.22;;;;909;22/06/2023;02:37:13;28.19;;;;909;22/06/2023;02:38:32;28.23;;;;
910;22/06/2023;02:38:38;28.22;;;;910;22/06/2023;02:38:13;28.21;;;;910;22/06/2023;02:39:32;28.22;;;;
911;22/06/2023;02:39:38;28.24;;;;911;22/06/2023;02:39:13;28.2;;;;911;22/06/2023;02:40:32;28.22;;;;
912;22/06/2023;02:40:38;28.23;;;;912;22/06/2023;02:40:13;28.2;;;;912;22/06/2023;02:41:32;28.23;;;;
913;22/06/2023;02:41:38;28.23;;;;913;22/06/2023;02:41:13;28.18;;;;913;22/06/2023;02:42:32;28.23;;;;
914;22/06/2023;02:42:38;28.22;;;;914;22/06/2023;02:42:13;28.17;;;;914;22/06/2023;02:43:32;28.21;;;;
915;22/06/2023;02:43:38;28.22;;;;915;22/06/2023;02:43:13;28.19;;;;915;22/06/2023;02:44:32;28.22;;;;
916;22/06/2023;02:44:38;28.21;;;;916;22/06/2023;02:44:13;28.19;;;;916;22/06/2023;02:45:32;28.23;;;;
917;22/06/2023;02:45:38;28.21;;;;917;22/06/2023;02:45:13;28.17;;;;917;22/06/2023;02:46:32;28.22;;;;
918;22/06/2023;02:46:38;28.22;;;;918;22/06/2023;02:46:13;28.18;;;;918;22/06/2023;02:47:31;28.2;;;;
919;22/06/2023;02:47:38;28.23;;;;919;22/06/2023;02:47:13;28.19;;;;919;22/06/2023;02:48:31;28.22;;;;
920;22/06/2023;02:48:38;28.21;;;;920;22/06/2023;02:48:13;28.17;;;;920;22/06/2023;02:49:31;28.2;;;;
921;22/06/2023;02:49:38;28.2;;;;921;22/06/2023;02:49:12;28.18;;;;921;22/06/2023;02:50:31;28.2;;;;
922;22/06/2023;02:50:38;28.2;;;;922;22/06/2023;02:50:12;28.18;;;;922;22/06/2023;02:51:31;28.21;;;;
923;22/06/2023;02:51:38;28.19;;;;923;22/06/2023;02:51:12;28.17;;;;923;22/06/2023;02:52:31;28.2;;;;
924;22/06/2023;02:52:38;28.19;;;;924;22/06/2023;02:52:12;28.17;;;;924;22/06/2023;02:53:31;28.21;;;;
925;22/06/2023;02:53:37;28.2;;;;925;22/06/2023;02:53:12;28.19;;;;925;22/06/2023;02:54:31;28.2;;;;
926;22/06/2023;02:54:37;28.19;;;;926;22/06/2023;02:54:12;28.16;;;;926;22/06/2023;02:55:31;28.19;;;;
927;22/06/2023;02:55:37;28.17;;;;927;22/06/2023;02:55:12;28.16;;;;927;22/06/2023;02:56:31;28.18;;;;
928;22/06/2023;02:56:37;28.2;;;;928;22/06/2023;02:56:12;28.17;;;;928;22/06/2023;02:57:31;28.19;;;;
929;22/06/2023;02:57:37;28.18;;;;929;22/06/2023;02:57:12;28.16;;;;929;22/06/2023;02:58:31;28.17;;;;
930;22/06/2023;02:58:37;28.2;;;;930;22/06/2023;02:58:12;28.15;;;;930;22/06/2023;02:59:31;28.16;;;;
931;22/06/2023;02:59:37;28.18;;;;931;22/06/2023;02:59:12;28.15;;;;931;22/06/2023;03:00:31;28.17;;;;
932;22/06/2023;03:00:37;28.17;;;;932;22/06/2023;03:00:12;28.11;;;;932;22/06/2023;03:01:31;28.16;;;;
933;22/06/2023;03:01:37;28.16;;;;933;22/06/2023;03:01:12;28.14;;;;933;22/06/2023;03:02:31;28.14;;;;
934;22/06/2023;03:02:37;28.16;;;;934;22/06/2023;03:02:12;28.12;;;;934;22/06/2023;03:03:31;28.14;;;;
935;22/06/2023;03:03:37;28.15;;;;935;22/06/2023;03:03:12;28.13;;;;935;22/06/2023;03:04:31;28.14;;;;
936;22/06/2023;03:04:37;28.13;;;;936;22/06/2023;03:04:12;28.09;;;;936;22/06/2023;03:05:31;28.15;;;;
937;22/06/2023;03:05:37;28.13;;;;937;22/06/2023;03:05:12;28.12;;;;937;22/06/2023;03:06:31;28.15;;;;
938;22/06/2023;03:06:37;28.14;;;;938;22/06/2023;03:06:12;28.12;;;;938;22/06/2023;03:07:31;28.15;;;;
939;22/06/2023;03:07:37;28.15;;;;939;22/06/2023;03:07:12;28.12;;;;939;22/06/2023;03:08:31;28.15;;;;
940;22/06/2023;03:08:37;28.16;;;;940;22/06/2023;03:08:11;28.12;;;;940;22/06/2023;03:09:31;28.14;;;;
941;22/06/2023;03:09:37;28.14;;;;941;22/06/2023;03:09:11;28.12;;;;941;22/06/2023;03:10:31;28.13;;;;
942;22/06/2023;03:10:37;28.14;;;;942;22/06/2023;03:10:11;28.11;;;;942;22/06/2023;03:11:31;28.17;;;;
943;22/06/2023;03:11:37;28.14;;;;943;22/06/2023;03:11:11;28.09;;;;943;22/06/2023;03:12:31;28.15;;;;
944;22/06/2023;03:12:37;28.14;;;;944;22/06/2023;03:12:11;28.09;;;;944;22/06/2023;03:13:31;28.14;;;;
945;22/06/2023;03:13:37;28.15;;;;945;22/06/2023;03:13:11;28.11;;;;945;22/06/2023;03:14:31;28.16;;;;
946;22/06/2023;03:14:37;28.15;;;;946;22/06/2023;03:14:11;28.09;;;;946;22/06/2023;03:15:31;28.14;;;;
947;22/06/2023;03:15:37;28.15;;;;947;22/06/2023;03:15:11;28.1;;;;947;22/06/2023;03:16:31;28.16;;;;
948;22/06/2023;03:16:37;28.12;;;;948;22/06/2023;03:16:11;28.09;;;;948;22/06/2023;03:17:31;28.14;;;;
949;22/06/2023;03:17:37;28.14;;;;949;22/06/2023;03:17:11;28.12;;;;949;22/06/2023;03:18:31;28.13;;;;
950;22/06/2023;03:18:37;28.14;;;;950;22/06/2023;03:18:11;28.1;;;;950;22/06/2023;03:19:31;28.13;;;;
951;22/06/2023;03:19:37;28.14;;;;951;22/06/2023;03:19:11;28.11;;;;951;22/06/2023;03:20:31;28.13;;;;
952;22/06/2023;03:20:37;28.13;;;;952;22/06/2023;03:20:11;28.09;;;;952;22/06/2023;03:21:31;28.14;;;;
953;22/06/2023;03:21:37;28.13;;;;953;22/06/2023;03:21:11;28.1;;;;953;22/06/2023;03:22:31;28.15;;;;
954;22/06/2023;03:22:37;28.13;;;;954;22/06/2023;03:22:11;28.09;;;;954;22/06/2023;03:23:30;28.14;;;;
955;22/06/2023;03:23:37;28.13;;;;955;22/06/2023;03:23:11;28.1;;;;955;22/06/2023;03:24:30;28.14;;;;
956;22/06/2023;03:24:37;28.14;;;;956;22/06/2023;03:24:11;28.09;;;;956;22/06/2023;03:25:30;28.13;;;;
957;22/06/2023;03:25:37;28.14;;;;957;22/06/2023;03:25:11;28.1;;;;957;22/06/2023;03:26:30;28.14;;;;
958;22/06/2023;03:26:37;28.14;;;;958;22/06/2023;03:26:11;28.11;;;;958;22/06/2023;03:27:30;28.13;;;;
959;22/06/2023;03:27:37;28.15;;;;959;22/06/2023;03:27:10;28.12;;;;959;22/06/2023;03:28:30;28.15;;;;
960;22/06/2023;03:28:37;28.14;;;;960;22/06/2023;03:28:10;28.1;;;;960;22/06/2023;03:29:30;28.14;;;;
961;22/06/2023;03:29:37;28.13;;;;961;22/06/2023;03:29:10;28.11;;;;961;22/06/2023;03:30:30;28.13;;;;
962;22/06/2023;03:30:37;28.12;;;;962;22/06/2023;03:30:10;28.1;;;;962;22/06/2023;03:31:30;28.13;;;;
963;22/06/2023;03:31:37;28.13;;;;963;22/06/2023;03:31:10;28.11;;;;963;22/06/2023;03:32:30;28.16;;;;
964;22/06/2023;03:32:37;28.13;;;;964;22/06/2023;03:32:10;28.08;;;;964;22/06/2023;03:33:30;28.16;;;;
965;22/06/2023;03:33:37;28.16;Synchronized;;;965;22/06/2023;03:33:10;28.09;;;;965;22/06/2023;03:34:30;28.13;;;;
966;22/06/2023;03:34:37;28.14;;;;966;22/06/2023;03:34:10;28.09;;;;966;22/06/2023;03:35:30;28.14;;;;
967;22/06/2023;03:35:37;28.12;;;;967;22/06/2023;03:35:10;28.09;;;;967;22/06/2023;03:36:30;28.13;;;;
968;22/06/2023;03:36:37;28.1;;;;968;22/06/2023;03:36:10;28.09;;;;968;22/06/2023;03:37:30;28.13;;;;
969;22/06/2023;03:37:37;28.12;;;;969;22/06/2023;03:37:10;28.07;;;;969;22/06/2023;03:38:30;28.13;;;;
970;22/06/2023;03:38:37;28.1;;;;970;22/06/2023;03:38:10;28.09;;;;970;22/06/2023;03:39:30;28.11;;;;
971;22/06/2023;03:39:37;28.12;;;;971;22/06/2023;03:39:10;28.09;;;;971;22/06/2023;03:40:30;28.12;;;;
972;22/06/2023;03:40:37;28.1;;;;972;22/06/2023;03:40:10;28.07;;;;972;22/06/2023;03:41:30;28.11;;;;
973;22/06/2023;03:41:37;28.1;;;;973;22/06/2023;03:41:10;28.07;;;;973;22/06/2023;03:42:30;28.11;;;;
974;22/06/2023;03:42:37;28.1;;;;974;22/06/2023;03:42:10;28.06;;;;974;22/06/2023;03:43:30;28.1;;;;
975;22/06/2023;03:43:37;28.09;;;;975;22/06/2023;03:43:10;28.07;;;;975;22/06/2023;03:44:30;28.11;;;;
976;22/06/2023;03:44:37;28.09;;;;976;22/06/2023;03:44:10;28.08;;;;976;22/06/2023;03:45:30;28.1;;;;
977;22/06/2023;03:45:37;28.09;;;;977;22/06/2023;03:45:10;28.07;;;;977;22/06/2023;03:46:30;28.1;;;;
978;22/06/2023;03:46:37;28.09;;;;978;22/06/2023;03:46:10;28.05;;;;978;22/06/2023;03:47:30;28.1;;;;
979;22/06/2023;03:47:37;28.09;;;;979;22/06/2023;03:47:09;28.05;;;;979;22/06/2023;03:48:30;28.09;;;;
980;22/06/2023;03:48:37;28.1;;;;980;22/06/2023;03:48:09;28.07;Synchronized;;;980;22/06/2023;03:49:30;28.09;;;;
981;22/06/2023;03:49:37;28.08;;;;981;22/06/2023;03:49:09;28.08;;;;981;22/06/2023;03:50:30;28.08;;;;
982;22/06/2023;03:50:37;28.09;;;;982;22/06/2023;03:50:09;28.06;;;;982;22/06/2023;03:51:30;28.09;;;;
983;22/06/2023;03:51:37;28.07;;;;983;22/06/2023;03:51:09;28.05;;;;983;22/06/2023;03:52:30;28.11;;;;
984;22/06/2023;03:52:37;28.09;;;;984;22/06/2023;03:52:09;28.05;;;;984;22/06/2023;03:53:29;28.1;;;;
985;22/06/2023;03:53:37;28.08;;;;985;22/06/2023;03:53:09;28.07;;;;985;22/06/2023;03:54:29;28.09;;;;
986;22/06/2023;03:54:37;28.08;;;;986;22/06/2023;03:54:09;28.03;;;;986;22/06/2023;03:55:29;28.09;;;;
987;22/06/2023;03:55:37;28.06;;;;987;22/06/2023;03:55:09;28.04;;;;987;22/06/2023;03:56:29;28.08;;;;
988;22/06/2023;03:56:37;28.09;;;;988;22/06/2023;03:56:09;28.07;;;;988;22/06/2023;03:57:29;28.09;;;;
989;22/06/2023;03:57:37;28.08;;;;989;22/06/2023;03:57:09;28.04;;;;989;22/06/2023;03:58:29;28.09;;;;
990;22/06/2023;03:58:37;28.06;;;;990;22/06/2023;03:58:09;28.05;;;;990;22/06/2023;03:59:29;28.08;Synchronized;;;
991;22/06/2023;03:59:37;28.09;Synchronized;;;991;22/06/2023;03:59:09;28.04;;;;991;22/06/2023;04:00:29;28.09;;;;
992;22/06/2023;04:00:37;28.07;;;;992;22/06/2023;04:00:09;28.05;;;;992;22/06/2023;04:01:29;28.09;;;;
993;22/06/2023;04:01:37;28.05;;;;993;22/06/2023;04:01:09;28.03;;;;993;22/06/2023;04:02:29;28.08;;;;
994;22/06/2023;04:02:37;28.06;;;;994;22/06/2023;04:02:09;28.04;;;;994;22/06/2023;04:03:29;28.05;;;;
995;22/06/2023;04:03:37;28.04;;;;995;22/06/2023;04:03:09;28.05;;;;995;22/06/2023;04:04:29;28.05;;;;
996;22/06/2023;04:04:37;28.04;;;;996;22/06/2023;04:04:09;28;;;;996;22/06/2023;04:05:29;28.03;;;;
997;22/06/2023;04:05:37;28.04;;;;997;22/06/2023;04:05:09;28;;;;997;22/06/2023;04:06:29;28.06;;;;
998;22/06/2023;04:06:37;28.02;;;;998;22/06/2023;04:06:09;28;;;;998;22/06/2023;04:07:29;28.02;;;;
999;22/06/2023;04:07:37;28.03;;;;999;22/06/2023;04:07:09;28.02;;;;999;22/06/2023;04:08:29;28.05;;;;
1000;22/06/2023;04:08:37;28.03;;;;1000;22/06/2023;04:08:09;28.02;;;;1000;22/06/2023;04:09:29;28.03;;;;
1001;22/06/2023;04:09:37;28.04;;;;1001;22/06/2023;04:09:09;28.02;;;;1001;22/06/2023;04:10:29;28.06;;;;
1002;22/06/2023;04:10:37;28.05;;;;1002;22/06/2023;04:10:08;28.02;;;;1002;22/06/2023;04:11:29;28.06;;;;
1003;22/06/2023;04:11:37;28.05;;;;1003;22/06/2023;04:11:08;28.04;;;;1003;22/06/2023;04:12:29;28.05;;;;
1004;22/06/2023;04:12:37;28.04;;;;1004;22/06/2023;04:12:08;28.02;;;;1004;22/06/2023;04:13:29;28.06;;;;
1005;22/06/2023;04:13:37;28.05;;;;1005;22/06/2023;04:13:08;28.03;;;;1005;22/06/2023;04:14:29;28.07;;;;
1006;22/06/2023;04:14:37;28.05;;;;1006;22/06/2023;04:14:08;28.02;;;;1006;22/06/2023;04:15:29;28.06;;;;
1007;22/06/2023;04:15:37;28.05;;;;1007;22/06/2023;04:15:08;28.02;;;;1007;22/06/2023;04:16:29;28.06;;;;
1008;22/06/2023;04:16:37;28.06;;;;1008;22/06/2023;04:16:08;28.05;;;;1008;22/06/2023;04:17:29;28.08;;;;
1009;22/06/2023;04:17:37;28.06;;;;1009;22/06/2023;04:17:08;28.04;;;;1009;22/06/2023;04:18:29;28.06;;;;
1010;22/06/2023;04:18:37;28.05;;;;1010;22/06/2023;04:18:08;28.04;;;;1010;22/06/2023;04:19:29;28.06;Synchronized;;;
1011;22/06/2023;04:19:37;28.06;;;;1011;22/06/2023;04:19:08;28.05;;;;1011;22/06/2023;04:20:29;28.07;;;;
1012;22/06/2023;04:20:37;28.06;;;;1012;22/06/2023;04:20:08;28.05;;;;1012;22/06/2023;04:21:29;28.07;;;;
1013;22/06/2023;04:21:37;28.05;;;;1013;22/06/2023;04:21:08;28.04;;;;1013;22/06/2023;04:22:29;28.07;;;;
1014;22/06/2023;04:22:36;28.05;;;;1014;22/06/2023;04:22:08;28.05;;;;1014;22/06/2023;04:23:29;28.08;;;;
1015;22/06/2023;04:23:36;28.05;;;;1015;22/06/2023;04:23:08;28.05;;;;1015;22/06/2023;04:24:29;28.08;;;;
1016;22/06/2023;04:24:36;28.06;;;;1016;22/06/2023;04:24:08;28.04;;;;1016;22/06/2023;04:25:29;28.08;;;;
1017;22/06/2023;04:25:36;28.07;;;;1017;22/06/2023;04:25:08;28.02;Synchronized;;;1017;22/06/2023;04:26:29;28.07;Synchronized;;;
1018;22/06/2023;04:26:36;28.06;;;;1018;22/06/2023;04:26:08;28.02;;;;1018;22/06/2023;04:27:29;28.09;;;;
1019;22/06/2023;04:27:36;28.05;;;;1019;22/06/2023;04:27:08;28.03;;;;1019;22/06/2023;04:28:29;28.09;;;;
1020;22/06/2023;04:28:36;28.09;;;;1020;22/06/2023;04:28:08;28.02;;;;1020;22/06/2023;04:29:28;28.08;;;;
1021;22/06/2023;04:29:36;28.07;;;;1021;22/06/2023;04:29:08;28.03;;;;1021;22/06/2023;04:30:28;28.1;;;;
1022;22/06/2023;04:30:36;28.08;;;;1022;22/06/2023;04:30:08;28.05;;;;1022;22/06/2023;04:31:28;28.08;;;;
1023;22/06/2023;04:31:36;28.05;;;;1023;22/06/2023;04:31:08;28.05;;;;1023;22/06/2023;04:32:28;28.1;;;;
1024;22/06/2023;04:32:36;28.06;;;;1024;22/06/2023;04:32:07;28.05;;;;1024;22/06/2023;04:33:28;28.09;;;;
1025;22/06/2023;04:33:36;28.07;;;;1025;22/06/2023;04:33:07;28.05;;;;1025;22/06/2023;04:34:28;28.09;;;;
1026;22/06/2023;04:34:36;28.06;;;;1026;22/06/2023;04:34:07;28.05;;;;1026;22/06/2023;04:35:28;28.09;;;;
1027;22/06/2023;04:35:36;28.08;;;;1027;22/06/2023;04:35:07;28.05;;;;1027;22/06/2023;04:36:28;28.09;;;;
1028;22/06/2023;04:36:36;28.07;;;;1028;22/06/2023;04:36:07;28.05;;;;1028;22/06/2023;04:37:28;28.09;;;;
1029;22/06/2023;04:37:36;28.08;;;;1029;22/06/2023;04:37:07;28.07;;;;1029;22/06/2023;04:38:28;28.09;;;;
1030;22/06/2023;04:38:36;28.06;;;;1030;22/06/2023;04:38:07;28.07;;;;1030;22/06/2023;04:39:28;28.08;;;;
1031;22/06/2023;04:39:36;28.09;;;;1031;22/06/2023;04:39:07;28.05;;;;1031;22/06/2023;04:40:28;28.09;;;;
1032;22/06/2023;04:40:36;28.09;;;;1032;22/06/2023;04:40:07;28.04;;;;1032;22/06/2023;04:41:28;28.09;;;;
1033;22/06/2023;04:41:36;28.09;;;;1033;22/06/2023;04:41:07;28.06;;;;1033;22/06/2023;04:42:28;28.09;;;;
1034;22/06/2023;04:42:36;28.1;;;;1034;22/06/2023;04:42:07;28.06;;;;1034;22/06/2023;04:43:28;28.09;;;;
1035;22/06/2023;04:43:36;28.09;;;;1035;22/06/2023;04:43:07;28.06;;;;1035;22/06/2023;04:44:28;28.09;;;;
1036;22/06/2023;04:44:36;28.09;;;;1036;22/06/2023;04:44:07;28.05;;;;1036;22/06/2023;04:45:28;28.12;;;;
1037;22/06/2023;04:45:36;28.09;;;;1037;22/06/2023;04:45:07;28.05;;;;1037;22/06/2023;04:46:28;28.12;;;;
1038;22/06/2023;04:46:36;28.09;;;;1038;22/06/2023;04:46:07;28.05;;;;1038;22/06/2023;04:47:28;28.09;;;;
1039;22/06/2023;04:47:36;28.08;;;;1039;22/06/2023;04:47:07;28.05;;;;1039;22/06/2023;04:48:28;28.11;;;;
1040;22/06/2023;04:48:36;28.09;;;;1040;22/06/2023;04:48:07;28.07;;;;1040;22/06/2023;04:49:28;28.1;;;;
1041;22/06/2023;04:49:36;28.09;;;;1041;22/06/2023;04:49:07;28.05;;;;1041;22/06/2023;04:50:28;28.11;;;;
1042;22/06/2023;04:50:36;28.09;;;;1042;22/06/2023;04:50:07;28.06;;;;1042;22/06/2023;04:51:28;28.1;;;;
1043;22/06/2023;04:51:36;28.08;;;;1043;22/06/2023;04:51:07;28.05;;;;1043;22/06/2023;04:52:28;28.1;;;;
1044;22/06/2023;04:52:36;28.09;;;;1044;22/06/2023;04:52:06;28.08;;;;1044;22/06/2023;04:53:28;28.09;;;;
1045;22/06/2023;04:53:36;28.09;;;;1045;22/06/2023;04:53:06;28.07;;;;1045;22/06/2023;04:54:28;28.09;;;;
1046;22/06/2023;04:54:36;28.09;;;;1046;22/06/2023;04:54:06;28.06;;;;1046;22/06/2023;04:55:28;28.11;;;;
1047;22/06/2023;04:55:36;28.09;;;;1047;22/06/2023;04:55:06;28.06;;;;1047;22/06/2023;04:56:28;28.1;;;;
1048;22/06/2023;04:56:36;28.09;;;;1048;22/06/2023;04:56:06;28.05;;;;1048;22/06/2023;04:57:28;28.09;;;;
1049;22/06/2023;04:57:36;28.1;;;;1049;22/06/2023;04:57:06;28.07;;;;1049;22/06/2023;04:58:28;28.09;;;;
1050;22/06/2023;04:58:36;28.07;;;;1050;22/06/2023;04:58:06;28.07;;;;1050;22/06/2023;04:59:28;28.09;;;;
1051;22/06/2023;04:59:36;28.09;;;;1051;22/06/2023;04:59:06;28.07;;;;1051;22/06/2023;05:00:28;28.09;;;;
1052;22/06/2023;05:00:36;28.08;;;;1052;22/06/2023;05:00:06;28.05;;;;1052;22/06/2023;05:01:28;28.09;;;;
1053;22/06/2023;05:01:36;28.08;;;;1053;22/06/2023;05:01:06;28.05;;;;1053;22/06/2023;05:02:27;28.1;;;;
1054;22/06/2023;05:02:36;28.07;;;;1054;22/06/2023;05:02:06;28.06;;;;1054;22/06/2023;05:03:27;28.08;;;;
1055;22/06/2023;05:03:36;28.05;;;;1055;22/06/2023;05:03:06;28.05;;;;1055;22/06/2023;05:04:27;28.09;;;;
1056;22/06/2023;05:04:36;28.07;;;;1056;22/06/2023;05:04:06;28.05;;;;1056;22/06/2023;05:05:27;28.07;;;;
1057;22/06/2023;05:05:36;28.09;;;;1057;22/06/2023;05:05:06;28.04;;;;1057;22/06/2023;05:06:27;28.09;;;;
1058;22/06/2023;05:06:36;28.05;;;;1058;22/06/2023;05:06:06;28.02;;;;1058;22/06/2023;05:07:27;28.09;;;;
1059;22/06/2023;05:07:36;28.08;;;;1059;22/06/2023;05:07:06;28.05;;;;1059;22/06/2023;05:08:27;28.09;;;;
1060;22/06/2023;05:08:36;28.07;;;;1060;22/06/2023;05:08:06;28.05;;;;1060;22/06/2023;05:09:27;28.07;;;;
1061;22/06/2023;05:09:36;28.05;;;;1061;22/06/2023;05:09:06;28.05;;;;1061;22/06/2023;05:10:27;28.08;;;;
1062;22/06/2023;05:10:36;28.08;;;;1062;22/06/2023;05:10:06;28.04;;;;1062;22/06/2023;05:11:27;28.08;;;;
1063;22/06/2023;05:11:36;28.06;;;;1063;22/06/2023;05:11:05;28.03;;;;1063;22/06/2023;05:12:27;28.08;;;;
1064;22/06/2023;05:12:36;28.05;;;;1064;22/06/2023;05:12:05;28.05;;;;1064;22/06/2023;05:13:27;28.09;;;;
1065;22/06/2023;05:13:36;28.06;;;;1065;22/06/2023;05:13:05;28.05;;;;1065;22/06/2023;05:14:27;28.07;;;;
1066;22/06/2023;05:14:36;28.05;;;;1066;22/06/2023;05:14:05;28.04;;;;1066;22/06/2023;05:15:27;28.06;;;;
1067;22/06/2023;05:15:36;28.07;;;;1067;22/06/2023;05:15:05;28.05;;;;1067;22/06/2023;05:16:27;28.09;;;;
1068;22/06/2023;05:16:36;28.06;;;;1068;22/06/2023;05:16:05;28.04;;;;1068;22/06/2023;05:17:27;28.06;;;;
1069;22/06/2023;05:17:36;28.05;;;;1069;22/06/2023;05:17:05;28.04;;;;1069;22/06/2023;05:18:27;28.08;;;;
1070;22/06/2023;05:18:36;28.06;;;;1070;22/06/2023;05:18:05;28.03;;;;1070;22/06/2023;05:19:27;28.06;;;;
1071;22/06/2023;05:19:36;28.06;;;;1071;22/06/2023;05:19:05;28.03;;;;1071;22/06/2023;05:20:27;28.07;;;;
1072;22/06/2023;05:20:36;28.05;;;;1072;22/06/2023;05:20:05;28.02;;;;1072;22/06/2023;05:21:27;28.06;;;;
1073;22/06/2023;05:21:36;28.05;;;;1073;22/06/2023;05:21:05;28.02;;;;1073;22/06/2023;05:22:27;28.06;;;;
1074;22/06/2023;05:22:36;28.04;;;;1074;22/06/2023;05:22:05;28.02;;;;1074;22/06/2023;05:23:27;28.05;;;;
1075;22/06/2023;05:23:36;28.05;;;;1075;22/06/2023;05:23:05;28.02;;;;1075;22/06/2023;05:24:27;28.07;;;;
1076;22/06/2023;05:24:36;28.05;;;;1076;22/06/2023;05:24:05;28.05;;;;1076;22/06/2023;05:25:27;28.05;;;;
1077;22/06/2023;05:25:36;28.05;;;;1077;22/06/2023;05:25:05;28.04;;;;1077;22/06/2023;05:26:27;28.07;;;;
1078;22/06/2023;05:26:36;28.04;;;;1078;22/06/2023;05:26:05;28.02;;;;1078;22/06/2023;05:27:27;28.06;Synchronized;;;
1079;22/06/2023;05:27:36;28.05;;;;1079;22/06/2023;05:27:05;28.03;;;;1079;22/06/2023;05:28:27;28.06;;;;
1080;22/06/2023;05:28:36;28.05;;;;1080;22/06/2023;05:28:05;28.03;;;;1080;22/06/2023;05:29:27;28.05;;;;
1081;22/06/2023;05:29:36;28.06;;;;1081;22/06/2023;05:29:05;28.04;;;;1081;22/06/2023;05:30:27;28.03;;;;
1082;22/06/2023;05:30:36;28.05;;;;1082;22/06/2023;05:30:05;28.03;;;;1082;22/06/2023;05:31:27;28.05;;;;
1083;22/06/2023;05:31:36;28.04;;;;1083;22/06/2023;05:31:04;28.02;;;;1083;22/06/2023;05:32:27;28.05;;;;
1084;22/06/2023;05:32:36;28.03;;;;1084;22/06/2023;05:32:04;28;;;;1084;22/06/2023;05:33:27;28.05;;;;
1085;22/06/2023;05:33:36;28.05;;;;1085;22/06/2023;05:33:04;28.02;;;;1085;22/06/2023;05:34:27;28.05;;;;
1086;22/06/2023;05:34:36;28.02;;;;1086;22/06/2023;05:34:04;27.99;;;;1086;22/06/2023;05:35:27;28.03;;;;
1087;22/06/2023;05:35:36;28.04;;;;1087;22/06/2023;05:35:04;27.99;;;;1087;22/06/2023;05:36:27;28.02;;;;
1088;22/06/2023;05:36:36;28.03;;;;1088;22/06/2023;05:36:04;27.99;;;;1088;22/06/2023;05:37:27;28.02;;;;
1089;22/06/2023;05:37:36;28.03;;;;1089;22/06/2023;05:37:04;27.99;;;;1089;22/06/2023;05:38:27;28.05;;;;
1090;22/06/2023;05:38:36;28.04;;;;1090;22/06/2023;05:38:04;27.98;;;;1090;22/06/2023;05:39:26;28.02;;;;
1091;22/06/2023;05:39:36;28.02;;;;1091;22/06/2023;05:39:04;28;;;;1091;22/06/2023;05:40:26;28.05;;;;
1092;22/06/2023;05:40:36;28.03;;;;1092;22/06/2023;05:40:04;28.02;;;;1092;22/06/2023;05:41:26;28.05;;;;
1093;22/06/2023;05:41:36;28.04;;;;1093;22/06/2023;05:41:04;27.99;;;;1093;22/06/2023;05:42:26;28.03;;;;
1094;22/06/2023;05:42:36;28.02;;;;1094;22/06/2023;05:42:04;27.98;;;;1094;22/06/2023;05:43:26;28.03;;;;
1095;22/06/2023;05:43:36;28.03;;;;1095;22/06/2023;05:43:04;27.98;;;;1095;22/06/2023;05:44:26;28.02;;;;
1096;22/06/2023;05:44:36;28.02;;;;1096;22/06/2023;05:44:04;27.98;;;;1096;22/06/2023;05:45:26;28.01;;;;
1097;22/06/2023;05:45:36;28.01;;;;1097;22/06/2023;05:45:04;27.99;;;;1097;22/06/2023;05:46:26;28;;;;
1098;22/06/2023;05:46:36;28.01;;;;1098;22/06/2023;05:46:04;27.97;;;;1098;22/06/2023;05:47:26;28;;;;
1099;22/06/2023;05:47:36;28.02;;;;1099;22/06/2023;05:47:04;27.97;;;;1099;22/06/2023;05:48:26;28.01;;;;
1100;22/06/2023;05:48:36;28.02;;;;1100;22/06/2023;05:48:04;27.95;;;;1100;22/06/2023;05:49:26;28;;;;
1101;22/06/2023;05:49:36;28.02;;;;1101;22/06/2023;05:49:04;27.96;;;;1101;22/06/2023;05:50:26;27.98;;;;
1102;22/06/2023;05:50:36;28;;;;1102;22/06/2023;05:50:04;27.97;;;;1102;22/06/2023;05:51:26;28;;;;
1103;22/06/2023;05:51:36;28;;;;1103;22/06/2023;05:51:04;27.96;;;;1103;22/06/2023;05:52:26;28;;;;
1104;22/06/2023;05:52:36;28;;;;1104;22/06/2023;05:52:04;27.96;;;;1104;22/06/2023;05:53:26;27.98;;;;
1105;22/06/2023;05:53:36;28.01;;;;1105;22/06/2023;05:53:04;27.96;;;;1105;22/06/2023;05:54:26;27.99;;;;
1106;22/06/2023;05:54:36;28;;;;1106;22/06/2023;05:54:04;27.94;;;;1106;22/06/2023;05:55:26;27.98;;;;
1107;22/06/2023;05:55:36;27.99;;;;1107;22/06/2023;05:55:03;27.95;;;;1107;22/06/2023;05:56:26;27.98;;;;
1108;22/06/2023;05:56:36;27.98;;;;1108;22/06/2023;05:56:03;27.94;;;;1108;22/06/2023;05:57:26;27.98;;;;
1109;22/06/2023;05:57:36;27.98;;;;1109;22/06/2023;05:57:03;27.95;;;;1109;22/06/2023;05:58:26;27.99;;;;
1110;22/06/2023;05:58:36;28.01;;;;1110;22/06/2023;05:58:03;27.95;;;;1110;22/06/2023;05:59:26;28;;;;
1111;22/06/2023;05:59:36;27.98;;;;1111;22/06/2023;05:59:03;27.95;;;;1111;22/06/2023;06:00:26;27.97;;;;
1112;22/06/2023;06:00:36;27.99;;;;1112;22/06/2023;06:00:03;27.95;;;;1112;22/06/2023;06:01:26;27.98;;;;
1113;22/06/2023;06:01:36;27.99;;;;1113;22/06/2023;06:01:03;27.95;;;;1113;22/06/2023;06:02:26;27.99;;;;
1114;22/06/2023;06:02:36;27.98;;;;1114;22/06/2023;06:02:03;27.94;;;;1114;22/06/2023;06:03:26;27.99;;;;
1115;22/06/2023;06:03:36;27.99;;;;1115;22/06/2023;06:03:03;27.95;;;;1115;22/06/2023;06:04:26;27.99;;;;
1116;22/06/2023;06:04:36;27.97;;;;1116;22/06/2023;06:04:03;27.96;;;;1116;22/06/2023;06:05:26;27.98;;;;
1117;22/06/2023;06:05:36;27.98;;;;1117;22/06/2023;06:05:03;27.96;;;;1117;22/06/2023;06:06:26;27.98;;;;
1118;22/06/2023;06:06:36;27.99;;;;1118;22/06/2023;06:06:03;27.98;;;;1118;22/06/2023;06:07:26;27.98;;;;
1119;22/06/2023;06:07:36;28;;;;1119;22/06/2023;06:07:03;27.96;;;;1119;22/06/2023;06:08:26;27.98;;;;
1120;22/06/2023;06:08:36;27.99;;;;1120;22/06/2023;06:08:03;27.97;Synchronized;;;1120;22/06/2023;06:09:26;28;;;;
1121;22/06/2023;06:09:36;28;;;;1121;22/06/2023;06:09:03;27.95;;;;1121;22/06/2023;06:10:26;27.99;;;;
1122;22/06/2023;06:10:36;28.02;;;;1122;22/06/2023;06:10:03;27.96;;;;1122;22/06/2023;06:11:26;27.99;;;;
1123;22/06/2023;06:11:36;28;;;;1123;22/06/2023;06:11:03;27.96;;;;1123;22/06/2023;06:12:26;28;;;;
1124;22/06/2023;06:12:36;27.99;;;;1124;22/06/2023;06:12:03;27.98;;;;1124;22/06/2023;06:13:26;27.99;;;;
1125;22/06/2023;06:13:36;28;;;;1125;22/06/2023;06:13:03;27.97;;;;1125;22/06/2023;06:14:26;27.98;;;;
1126;22/06/2023;06:14:36;27.97;;;;1126;22/06/2023;06:14:03;27.95;;;;1126;22/06/2023;06:15:26;27.99;;;;
1127;22/06/2023;06:15:36;27.97;;;;1127;22/06/2023;06:15:03;27.96;;;;1127;22/06/2023;06:16:26;27.98;;;;
1128;22/06/2023;06:16:36;27.99;;;;1128;22/06/2023;06:16:03;27.96;;;;1128;22/06/2023;06:17:26;27.96;;;;
1129;22/06/2023;06:17:36;27.99;;;;1129;22/06/2023;06:17:02;27.95;;;;1129;22/06/2023;06:18:26;27.98;;;;
1130;22/06/2023;06:18:36;27.98;;;;1130;22/06/2023;06:18:02;27.94;;;;1130;22/06/2023;06:19:26;27.98;;;;
1131;22/06/2023;06:19:36;27.95;;;;1131;22/06/2023;06:19:02;27.94;;;;1131;22/06/2023;06:20:26;27.96;;;;
1132;22/06/2023;06:20:36;27.97;;;;1132;22/06/2023;06:20:02;27.95;;;;1132;22/06/2023;06:21:26;27.96;;;;
1133;22/06/2023;06:21:36;27.97;;;;1133;22/06/2023;06:21:02;27.91;;;;1133;22/06/2023;06:22:26;27.95;;;;
1134;22/06/2023;06:22:36;27.95;;;;1134;22/06/2023;06:22:02;27.92;;;;1134;22/06/2023;06:23:26;27.97;;;;
1135;22/06/2023;06:23:36;27.95;;;;1135;22/06/2023;06:23:02;27.92;;;;1135;22/06/2023;06:24:26;27.95;;;;
1136;22/06/2023;06:24:36;27.96;;;;1136;22/06/2023;06:24:02;27.95;;;;1136;22/06/2023;06:25:26;27.95;;;;
1137;22/06/2023;06:25:36;27.95;;;;1137;22/06/2023;06:25:02;27.93;;;;1137;22/06/2023;06:26:26;27.95;;;;
1138;22/06/2023;06:26:36;27.95;;;;1138;22/06/2023;06:26:02;27.91;;;;1138;22/06/2023;06:27:26;27.95;;;;
1139;22/06/2023;06:27:36;27.95;;;;1139;22/06/2023;06:27:02;27.93;;;;1139;22/06/2023;06:28:26;27.96;;;;
1140;22/06/2023;06:28:36;27.95;;;;1140;22/06/2023;06:28:02;27.92;;;;1140;22/06/2023;06:29:26;27.95;Synchronized;;;
1141;22/06/2023;06:29:36;27.95;;;;1141;22/06/2023;06:29:02;27.93;;;;1141;22/06/2023;06:30:26;27.97;;;;
1142;22/06/2023;06:30:36;27.95;;;;1142;22/06/2023;06:30:02;27.93;;;;1142;22/06/2023;06:31:26;27.95;;;;
1143;22/06/2023;06:31:36;27.96;;;;1143;22/06/2023;06:31:02;27.91;;;;1143;22/06/2023;06:32:26;27.98;;;;
1144;22/06/2023;06:32:36;27.95;;;;1144;22/06/2023;06:32:02;27.91;;;;1144;22/06/2023;06:33:26;27.95;;;;
1145;22/06/2023;06:33:36;27.95;;;;1145;22/06/2023;06:33:02;27.93;;;;1145;22/06/2023;06:34:26;27.95;;;;
1146;22/06/2023;06:34:36;27.96;;;;1146;22/06/2023;06:34:02;27.93;;;;1146;22/06/2023;06:35:25;27.95;;;;
1147;22/06/2023;06:35:36;27.95;;;;1147;22/06/2023;06:35:02;27.9;;;;1147;22/06/2023;06:36:25;27.95;;;;
1148;22/06/2023;06:36:36;27.95;;;;1148;22/06/2023;06:36:02;27.91;;;;1148;22/06/2023;06:37:25;27.95;;;;
1149;22/06/2023;06:37:36;27.96;;;;1149;22/06/2023;06:37:02;27.93;;;;1149;22/06/2023;06:38:25;27.94;;;;
1150;22/06/2023;06:38:36;27.95;;;;1150;22/06/2023;06:38:02;27.91;;;;1150;22/06/2023;06:39:25;27.95;;;;
1151;22/06/2023;06:39:36;27.96;;;;1151;22/06/2023;06:39:02;27.91;;;;1151;22/06/2023;06:40:25;27.95;;;;
1152;22/06/2023;06:40:36;27.96;;;;1152;22/06/2023;06:40:02;27.92;;;;1152;22/06/2023;06:41:25;27.95;;;;
1153;22/06/2023;06:41:36;27.94;;;;1153;22/06/2023;06:41:02;27.91;;;;1153;22/06/2023;06:42:25;27.94;;;;
1154;22/06/2023;06:42:36;27.95;;;;1154;22/06/2023;06:42:01;27.93;;;;1154;22/06/2023;06:43:25;27.95;;;;
1155;22/06/2023;06:43:36;27.96;;;;1155;22/06/2023;06:43:01;27.91;;;;1155;22/06/2023;06:44:25;27.95;;;;
1156;22/06/2023;06:44:36;27.95;;;;1156;22/06/2023;06:44:01;27.93;;;;1156;22/06/2023;06:45:25;27.95;;;;
1157;22/06/2023;06:45:36;27.97;;;;1157;22/06/2023;06:45:01;27.93;;;;1157;22/06/2023;06:46:25;27.96;;;;
1158;22/06/2023;06:46:36;27.99;;;;1158;22/06/2023;06:46:01;27.91;;;;1158;22/06/2023;06:47:25;27.95;;;;
1159;22/06/2023;06:47:36;27.98;;;;1159;22/06/2023;06:47:01;27.93;;;;1159;22/06/2023;06:48:25;27.96;;;;
1160;22/06/2023;06:48:36;27.99;;;;1160;22/06/2023;06:48:01;27.93;;;;1160;22/06/2023;06:49:25;27.97;;;;
1161;22/06/2023;06:49:36;28.01;;;;1161;22/06/2023;06:49:01;27.94;;;;1161;22/06/2023;06:50:25;27.98;;;;
1162;22/06/2023;06:50:36;27.99;;;;1162;22/06/2023;06:50:01;27.92;;;;1162;22/06/2023;06:51:25;27.98;;;;
1163;22/06/2023;06:51:36;27.99;;;;1163;22/06/2023;06:51:01;27.93;;;;1163;22/06/2023;06:52:25;27.99;;;;
1164;22/06/2023;06:52:36;27.98;;;;1164;22/06/2023;06:52:01;27.96;;;;1164;22/06/2023;06:53:25;27.97;;;;
1165;22/06/2023;06:53:36;28.01;;;;1165;22/06/2023;06:53:01;27.95;;;;1165;22/06/2023;06:54:25;27.98;;;;
1166;22/06/2023;06:54:36;27.98;;;;1166;22/06/2023;06:54:01;27.95;;;;1166;22/06/2023;06:55:25;27.98;;;;
1167;22/06/2023;06:55:36;28.01;;;;1167;22/06/2023;06:55:01;27.95;;;;1167;22/06/2023;06:56:25;27.98;;;;
1168;22/06/2023;06:56:36;27.99;;;;1168;22/06/2023;06:56:01;27.95;;;;1168;22/06/2023;06:57:25;27.99;;;;
1169;22/06/2023;06:57:36;28;;;;1169;22/06/2023;06:57:01;27.95;;;;1169;22/06/2023;06:58:25;27.98;;;;
1170;22/06/2023;06:58:36;28.02;;;;1170;22/06/2023;06:58:01;27.98;;;;1170;22/06/2023;06:59:25;27.98;;;;
1171;22/06/2023;06:59:36;27.98;;;;1171;22/06/2023;06:59:01;27.94;;;;1171;22/06/2023;07:00:25;27.97;;;;
1172;22/06/2023;07:00:36;27.99;;;;1172;22/06/2023;07:00:01;27.96;;;;1172;22/06/2023;07:01:25;27.98;;;;
1173;22/06/2023;07:01:36;27.99;;;;1173;22/06/2023;07:01:01;27.97;;;;1173;22/06/2023;07:02:25;28;;;;
1174;22/06/2023;07:02:36;28;;;;1174;22/06/2023;07:02:01;27.93;;;;1174;22/06/2023;07:03:25;27.98;;;;
1175;22/06/2023;07:03:36;28;;;;1175;22/06/2023;07:03:01;27.95;;;;1175;22/06/2023;07:04:25;27.98;;;;
1176;22/06/2023;07:04:36;27.98;;;;1176;22/06/2023;07:04:01;27.94;;;;1176;22/06/2023;07:05:25;27.98;;;;
1177;22/06/2023;07:05:36;28.04;;;;1177;22/06/2023;07:05:01;27.95;;;;1177;22/06/2023;07:06:25;27.96;;;;
1178;22/06/2023;07:06:36;27.99;;;;1178;22/06/2023;07:06:01;27.95;;;;1178;22/06/2023;07:07:25;27.94;;;;
1179;22/06/2023;07:07:36;27.98;;;;1179;22/06/2023;07:07:01;27.93;;;;1179;22/06/2023;07:08:25;27.95;;;;
1180;22/06/2023;07:08:36;28;;;;1180;22/06/2023;07:08:00;27.93;;;;1180;22/06/2023;07:09:25;27.91;;;;
1181;22/06/2023;07:09:36;28;;;;1181;22/06/2023;07:09:00;27.92;;;;1181;22/06/2023;07:10:25;27.95;;;;
1182;22/06/2023;07:10:36;28;;;;1182;22/06/2023;07:10:00;27.94;;;;1182;22/06/2023;07:11:25;27.95;;;;
1183;22/06/2023;07:11:36;28.01;;;;1183;22/06/2023;07:11:00;27.94;;;;1183;22/06/2023;07:12:25;27.92;;;;
1184;22/06/2023;07:12:36;27.96;;;;1184;22/06/2023;07:12:00;27.93;;;;1184;22/06/2023;07:13:25;27.94;;;;
1185;22/06/2023;07:13:36;27.96;;;;1185;22/06/2023;07:13:00;27.91;;;;1185;22/06/2023;07:14:25;27.93;;;;
1186;22/06/2023;07:14:36;27.94;;;;1186;22/06/2023;07:14:00;27.91;;;;1186;22/06/2023;07:15:25;27.89;;;;
1187;22/06/2023;07:15:36;27.91;;;;1187;22/06/2023;07:15:00;27.9;;;;1187;22/06/2023;07:16:25;27.86;;;;
1188;22/06/2023;07:16:36;27.93;;;;1188;22/06/2023;07:16:00;27.91;;;;1188;22/06/2023;07:17:25;27.85;;;;
1189;22/06/2023;07:17:36;27.92;;;;1189;22/06/2023;07:17:00;27.89;;;;1189;22/06/2023;07:18:25;27.87;;;;
1190;22/06/2023;07:18:36;27.93;Synchronized;;;1190;22/06/2023;07:18:00;27.89;;;;1190;22/06/2023;07:19:25;27.86;;;;
1191;22/06/2023;07:19:36;27.94;;;;1191;22/06/2023;07:19:00;27.9;;;;1191;22/06/2023;07:20:25;27.85;;;;
1192;22/06/2023;07:20:36;27.91;;;;1192;22/06/2023;07:20:00;27.88;;;;1192;22/06/2023;07:21:25;27.88;;;;
1193;22/06/2023;07:21:36;27.94;;;;1193;22/06/2023;07:21:00;27.88;;;;1193;22/06/2023;07:22:25;27.88;;;;
1194;22/06/2023;07:22:36;27.93;;;;1194;22/06/2023;07:22:00;27.89;;;;1194;22/06/2023;07:23:25;27.86;;;;
1195;22/06/2023;07:23:36;27.91;;;;1195;22/06/2023;07:23:00;27.89;;;;1195;22/06/2023;07:24:25;27.84;;;;
1196;22/06/2023;07:24:36;27.91;;;;1196;22/06/2023;07:24:00;27.85;;;;1196;22/06/2023;07:25:25;27.84;;;;
1197;22/06/2023;07:25:36;27.88;;;;1197;22/06/2023;07:25:00;27.83;;;;1197;22/06/2023;07:26:25;27.83;Synchronized;;;
1198;22/06/2023;07:26:36;27.88;;;;1198;22/06/2023;07:26:00;27.82;;;;1198;22/06/2023;07:27:25;27.87;;;;
1199;22/06/2023;07:27:36;27.88;;;;1199;22/06/2023;07:27:00;27.84;;;;1199;22/06/2023;07:28:24;27.88;;;;
1200;22/06/2023;07:28:36;27.87;;;;1200;22/06/2023;07:28:00;27.85;;;;1200;22/06/2023;07:29:24;27.86;;;;
1201;22/06/2023;07:29:36;27.84;;;;1201;22/06/2023;07:29:00;27.85;;;;1201;22/06/2023;07:30:24;27.84;;;;
1202;22/06/2023;07:30:36;27.81;;;;1202;22/06/2023;07:30:00;27.8;;;;1202;22/06/2023;07:31:24;27.82;;;;
1203;22/06/2023;07:31:36;27.8;;;;1203;22/06/2023;07:31:00;27.83;;;;1203;22/06/2023;07:32:24;27.84;;;;
1204;22/06/2023;07:32:36;27.8;;;;1204;22/06/2023;07:32:00;27.8;;;;1204;22/06/2023;07:33:24;27.8;;;;
1205;22/06/2023;07:33:36;27.78;;;;1205;22/06/2023;07:33:00;27.8;;;;1205;22/06/2023;07:34:24;27.82;;;;
1206;22/06/2023;07:34:36;27.73;;;;1206;22/06/2023;07:34:00;27.8;;;;1206;22/06/2023;07:35:24;27.77;;;;
1207;22/06/2023;07:35:36;27.73;;;;1207;22/06/2023;07:34:59;27.77;;;;1207;22/06/2023;07:36:24;27.78;;;;
1208;22/06/2023;07:36:36;27.73;;;;1208;22/06/2023;07:35:59;27.77;;;;1208;22/06/2023;07:37:24;27.74;;;;
1209;22/06/2023;07:37:36;27.7;;;;1209;22/06/2023;07:36:59;27.73;;;;1209;22/06/2023;07:38:24;27.77;;;;
1210;22/06/2023;07:38:36;27.73;;;;1210;22/06/2023;07:37:59;27.74;;;;1210;22/06/2023;07:39:24;27.75;;;;
1211;22/06/2023;07:39:36;27.75;;;;1211;22/06/2023;07:38:59;27.73;;;;1211;22/06/2023;07:40:24;27.77;;;;
1212;22/06/2023;07:40:36;27.73;;;;1212;22/06/2023;07:39:59;27.75;;;;1212;22/06/2023;07:41:24;27.76;;;;
1213;22/06/2023;07:41:36;27.73;;;;1213;22/06/2023;07:40:59;27.74;;;;1213;22/06/2023;07:42:24;27.74;;;;
1214;22/06/2023;07:42:36;27.73;;;;1214;22/06/2023;07:41:59;27.74;;;;1214;22/06/2023;07:43:24;27.74;;;;
1215;22/06/2023;07:43:36;27.76;;;;1215;22/06/2023;07:42:59;27.71;;;;1215;22/06/2023;07:44:24;27.73;;;;
1216;22/06/2023;07:44:36;27.71;;;;1216;22/06/2023;07:43:59;27.71;;;;1216;22/06/2023;07:45:24;27.72;;;;
1217;22/06/2023;07:45:36;27.71;;;;1217;22/06/2023;07:44:59;27.7;;;;1217;22/06/2023;07:46:24;27.7;;;;
1218;22/06/2023;07:46:36;27.72;;;;1218;22/06/2023;07:45:59;27.69;;;;1218;22/06/2023;07:47:24;27.73;;;;
1219;22/06/2023;07:47:36;27.7;;;;1219;22/06/2023;07:46:59;27.69;;;;1219;22/06/2023;07:48:24;27.73;;;;
1220;22/06/2023;07:48:36;27.72;;;;1220;22/06/2023;07:47:59;27.69;;;;1220;22/06/2023;07:49:24;27.73;;;;
1221;22/06/2023;07:49:36;27.73;;;;1221;22/06/2023;07:48:59;27.71;;;;1221;22/06/2023;07:50:24;27.73;;;;
1222;22/06/2023;07:50:36;27.72;;;;1222;22/06/2023;07:49:59;27.7;;;;1222;22/06/2023;07:51:24;27.72;;;;
1223;22/06/2023;07:51:36;27.7;;;;1223;22/06/2023;07:50:59;27.68;;;;1223;22/06/2023;07:52:24;27.73;;;;
1224;22/06/2023;07:52:36;27.72;;;;1224;22/06/2023;07:51:59;27.72;;;;1224;22/06/2023;07:53:24;27.73;;;;
1225;22/06/2023;07:53:36;27.73;;;;1225;22/06/2023;07:52:59;27.7;;;;1225;22/06/2023;07:54:24;27.73;;;;
1226;22/06/2023;07:54:36;27.77;;;;1226;22/06/2023;07:53:59;27.72;;;;1226;22/06/2023;07:55:24;27.74;;;;
1227;22/06/2023;07:55:36;27.75;;;;1227;22/06/2023;07:54:59;27.71;;;;1227;22/06/2023;07:56:24;27.75;;;;
1228;22/06/2023;07:56:36;27.75;;;;1228;22/06/2023;07:55:59;27.72;;;;1228;22/06/2023;07:57:24;27.76;;;;
1229;22/06/2023;07:57:36;27.76;;;;1229;22/06/2023;07:56:59;27.73;;;;1229;22/06/2023;07:58:24;27.77;;;;
1230;22/06/2023;07:58:36;27.77;;;;1230;22/06/2023;07:57:59;27.73;;;;1230;22/06/2023;07:59:24;27.77;;;;
1231;22/06/2023;07:59:36;27.78;;;;1231;22/06/2023;07:58:59;27.74;;;;1231;22/06/2023;08:00:24;27.8;;;;
1232;22/06/2023;08:00:36;27.77;;;;1232;22/06/2023;07:59:59;27.73;;;;1232;22/06/2023;08:01:24;27.75;;;;
1233;22/06/2023;08:01:36;27.73;;;;1233;22/06/2023;08:00:59;27.73;;;;1233;22/06/2023;08:02:24;27.77;;;;
1234;22/06/2023;08:02:36;27.73;;;;1234;22/06/2023;08:01:59;27.73;;;;1234;22/06/2023;08:03:24;27.75;;;;
1235;22/06/2023;08:03:36;27.75;;;;1235;22/06/2023;08:02:59;27.73;;;;1235;22/06/2023;08:04:24;27.73;;;;
1236;22/06/2023;08:04:36;27.75;;;;1236;22/06/2023;08:03:59;27.72;;;;1236;22/06/2023;08:05:24;27.72;;;;
1237;22/06/2023;08:05:36;27.73;;;;1237;22/06/2023;08:04:59;27.7;;;;1237;22/06/2023;08:06:24;27.73;;;;
1238;22/06/2023;08:06:36;27.73;;;;1238;22/06/2023;08:05:59;27.71;;;;1238;22/06/2023;08:07:24;27.72;;;;
1239;22/06/2023;08:07:36;27.72;;;;1239;22/06/2023;08:06:59;27.7;;;;1239;22/06/2023;08:08:24;27.71;;;;
1240;22/06/2023;08:08:36;27.73;;;;1240;22/06/2023;08:07:59;27.68;;;;1240;22/06/2023;08:09:24;27.7;;;;
1241;22/06/2023;08:09:37;27.73;;;;1241;22/06/2023;08:08:59;27.66;;;;1241;22/06/2023;08:10:24;27.7;;;;
1242;22/06/2023;08:10:37;27.7;;;;1242;22/06/2023;08:09:59;27.65;;;;1242;22/06/2023;08:11:24;27.7;;;;
1243;22/06/2023;08:11:37;27.68;;;;1243;22/06/2023;08:10:59;27.66;;;;1243;22/06/2023;08:12:24;27.7;;;;
1244;22/06/2023;08:12:37;27.7;;;;1244;22/06/2023;08:11:59;27.66;;;;1244;22/06/2023;08:13:24;27.72;;;;
1245;22/06/2023;08:13:37;27.75;;;;1245;22/06/2023;08:12:59;27.66;;;;1245;22/06/2023;08:14:23;27.72;;;;
1246;22/06/2023;08:14:37;27.73;;;;1246;22/06/2023;08:13:59;27.66;;;;1246;22/06/2023;08:15:23;27.7;;;;
1247;22/06/2023;08:15:37;27.71;;;;1247;22/06/2023;08:14:59;27.66;;;;1247;22/06/2023;08:16:23;27.7;;;;
1248;22/06/2023;08:16:37;27.72;;;;1248;22/06/2023;08:15:59;27.66;;;;1248;22/06/2023;08:17:23;27.66;;;;
1249;22/06/2023;08:17:37;27.67;;;;1249;22/06/2023;08:16:59;27.62;Synchronized;;;1249;22/06/2023;08:18:23;27.66;;;;
1250;22/06/2023;08:18:37;27.66;Synchronized;;;1250;22/06/2023;08:17:59;27.6;;;;1250;22/06/2023;08:19:23;27.63;;;;
1251;22/06/2023;08:19:37;27.65;Synchronized;;;1251;22/06/2023;08:18:59;27.59;;;;1251;22/06/2023;08:20:23;27.61;;;;
1252;22/06/2023;08:20:37;27.61;Synchronized;;;1252;22/06/2023;08:19:59;27.59;;;;1252;22/06/2023;08:21:23;27.59;;;;
1253;22/06/2023;08:21:37;27.6;Synchronized;;;1253;22/06/2023;08:20:59;27.55;;;;1253;22/06/2023;08:22:23;27.57;;;;
1254;22/06/2023;08:22:37;27.6;Synchronized;;;1254;22/06/2023;08:21:59;27.54;;;;1254;22/06/2023;08:23:23;27.55;;;;
1255;22/06/2023;08:23:37;27.58;Synchronized;;;1255;22/06/2023;08:22:59;27.54;;;;1255;22/06/2023;08:24:23;27.51;;;;
1256;22/06/2023;08:24:37;27.55;Synchronized;;;1256;22/06/2023;08:23:58;27.5;;;;1256;22/06/2023;08:25:23;27.51;Synchronized;;;
1257;22/06/2023;08:25:37;27.56;;;;1257;22/06/2023;08:24:58;27.48;;;;1257;22/06/2023;08:26:23;27.49;;;;
1258;22/06/2023;08:26:37;27.55;Synchronized;;;1258;22/06/2023;08:25:58;27.46;;;;1258;22/06/2023;08:27:23;27.51;;;;
1259;22/06/2023;08:27:37;27.56;Synchronized;;;1259;22/06/2023;08:26:58;27.48;;;;1259;22/06/2023;08:28:23;27.49;;;;
1260;22/06/2023;08:28:37;27.57;;;;1260;22/06/2023;08:27:58;27.49;;;;1260;22/06/2023;08:29:23;27.52;;;;
1261;22/06/2023;08:29:37;27.6;;;;1261;22/06/2023;08:28:58;27.49;;;;1261;22/06/2023;08:30:23;27.53;;;;
1262;22/06/2023;08:30:37;27.6;Synchronized;;;1262;22/06/2023;08:29:58;27.54;;;;1262;22/06/2023;08:31:23;27.55;;;;
1263;22/06/2023;08:31:37;27.63;;;;1263;22/06/2023;08:30:58;27.55;;;;1263;22/06/2023;08:32:23;27.58;;;;
1264;22/06/2023;08:32:37;27.66;;;;1264;22/06/2023;08:31:58;27.56;;;;1264;22/06/2023;08:33:23;27.61;;;;
1265;22/06/2023;08:33:37;27.66;Synchronized;;;1265;22/06/2023;08:32:58;27.58;;;;1265;22/06/2023;08:34:23;27.63;;;;
1266;22/06/2023;08:34:37;27.72;Synchronized;;;1266;22/06/2023;08:33:58;27.59;;;;1266;22/06/2023;08:35:23;27.7;;;;
1267;22/06/2023;08:35:37;27.7;Synchronized;;;1267;22/06/2023;08:34:58;27.66;;;;1267;22/06/2023;08:36:23;27.73;;;;
1268;22/06/2023;08:36:37;27.73;Synchronized;;;1268;22/06/2023;08:35:58;27.69;;;;1268;22/06/2023;08:37:23;27.76;Synchronized;;;
1269;22/06/2023;08:37:37;27.78;Synchronized;;;1269;22/06/2023;08:36:58;27.71;;;;1269;22/06/2023;08:38:23;27.83;;;;
1270;22/06/2023;08:38:38;27.77;Synchronized;;;1270;22/06/2023;08:37:58;27.77;;;;1270;22/06/2023;08:39:23;27.82;;;;
1271;22/06/2023;08:39:38;27.77;Synchronized;;;1271;22/06/2023;08:38:58;27.73;;;;1271;22/06/2023;08:40:23;27.76;Synchronized;;;
1272;22/06/2023;08:40:38;27.75;Synchronized;;;1272;22/06/2023;08:39:58;27.74;;;;1272;22/06/2023;08:41:23;27.78;;;;
1273;22/06/2023;08:41:38;27.71;Synchronized;;;1273;22/06/2023;08:40:58;27.71;;;;1273;22/06/2023;08:42:22;27.74;;;;
1274;22/06/2023;08:42:38;27.7;Synchronized;;;1274;22/06/2023;08:41:58;27.68;;;;1274;22/06/2023;08:43:22;27.76;;;;
1275;22/06/2023;08:43:38;27.73;;;;1275;22/06/2023;08:42:58;27.68;;;;1275;22/06/2023;08:44:22;27.77;;;;
1276;22/06/2023;08:44:38;27.73;Synchronized;;;1276;22/06/2023;08:43:58;27.7;;;;1276;22/06/2023;08:45:22;27.73;;;;
1277;22/06/2023;08:45:38;27.75;;;;1277;22/06/2023;08:44:58;27.7;;;;1277;22/06/2023;08:46:22;27.73;;;;
1278;22/06/2023;08:46:38;27.73;;;;1278;22/06/2023;08:45:58;27.68;;;;1278;22/06/2023;08:47:22;27.73;Synchronized;;;
1279;22/06/2023;08:47:38;27.75;Synchronized;;;1279;22/06/2023;08:46:58;27.7;;;;1279;22/06/2023;08:48:22;34.67;Synchronized;;;
1280;22/06/2023;08:48:38;27.76;Synchronized;;;1280;22/06/2023;08:47:58;27.74;;;;1280;22/06/2023;08:49:22;36.94;Synchronized;;;
1281;22/06/2023;08:49:38;27.73;;;;1281;22/06/2023;08:48:58;27.75;;;;1281;22/06/2023;08:50:22;37.3;Synchronized;;;
1282;22/06/2023;08:50:38;27.77;Synchronized;;;1282;22/06/2023;08:49:58;27.73;;;;1282;22/06/2023;08:51:22;37.34;Synchronized;;;
1283;22/06/2023;08:51:38;27.77;Synchronized;;;1283;22/06/2023;08:50:58;27.72;;;;1283;22/06/2023;08:52:22;37.36;Synchronized;;;
1284;22/06/2023;08:52:38;27.75;Synchronized;;;1284;22/06/2023;08:51:58;27.72;;;;1284;22/06/2023;08:53:22;37.37;Synchronized;;;
1285;22/06/2023;08:53:38;27.79;Synchronized;;;1285;22/06/2023;08:52:58;27.73;;;;1285;22/06/2023;08:54:22;37.33;Synchronized;;;
1286;22/06/2023;08:54:38;27.79;Synchronized;;;1286;22/06/2023;08:53:58;27.73;;;;1286;22/06/2023;08:55:21;37.31;Synchronized;;;
1287;22/06/2023;08:55:38;27.81;;;;1287;22/06/2023;08:54:58;27.78;;;;1287;22/06/2023;08:56:21;37.29;Synchronized;;;
1288;22/06/2023;08:56:38;27.82;Synchronized;;;1288;22/06/2023;08:55:58;27.8;;;;1288;22/06/2023;08:57:21;37.28;Synchronized;;;
1289;22/06/2023;08:57:38;27.83;Synchronized;;;1289;22/06/2023;08:56:58;27.8;;;;1289;22/06/2023;08:58:21;37.28;Synchronized;;;
1290;22/06/2023;08:58:38;27.82;Synchronized;;;1290;22/06/2023;08:57:58;27.79;Synchronized;;;1290;22/06/2023;08:59:21;37.26;Synchronized;;;
1291;22/06/2023;08:59:38;27.8;Synchronized;;;1291;22/06/2023;08:58:58;27.78;;;;1291;22/06/2023;09:00:21;37.23;Synchronized;;;
1292;22/06/2023;09:00:38;28.48;Synchronized;;;1292;22/06/2023;08:59:58;27.78;;;;1292;22/06/2023;09:01:21;37.23;Synchronized;;;
1293;22/06/2023;09:01:38;35.63;Synchronized;;;1293;22/06/2023;09:00:58;27.8;;;;1293;22/06/2023;09:02:21;37.2;Synchronized;;;
1294;22/06/2023;09:02:38;36.66;Synchronized;;;1294;22/06/2023;09:01:58;33.84;Synchronized;;;1294;22/06/2023;09:03:21;37.2;Synchronized;;;
1295;22/06/2023;09:03:38;36.84;Synchronized;;;1295;22/06/2023;09:02:58;36.82;Synchronized;;;1295;22/06/2023;09:04:21;37.2;Synchronized;;;
1296;22/06/2023;09:04:38;36.9;Synchronized;;;1296;22/06/2023;09:03:58;37.27;Synchronized;;;1296;22/06/2023;09:05:21;37.19;Synchronized;;;
1297;22/06/2023;09:05:38;36.7;Synchronized;;;1297;22/06/2023;09:04:58;37.38;;;;1297;22/06/2023;09:06:21;37.2;Synchronized;;;
1298;22/06/2023;09:06:38;36.72;Synchronized;;;1298;22/06/2023;09:05:58;37.45;Synchronized;;;1298;22/06/2023;09:07:21;37.2;Synchronized;;;
1299;22/06/2023;09:07:38;36.72;Synchronized;;;1299;22/06/2023;09:06:58;37.47;Synchronized;;;1299;22/06/2023;09:08:21;37.22;Synchronized;;;
1300;22/06/2023;09:08:38;36.76;Synchronized;;;1300;22/06/2023;09:07:58;37.48;Synchronized;;;1300;22/06/2023;09:09:21;37.23;Synchronized;;;
1301;22/06/2023;09:09:38;36.77;Synchronized;;;1301;22/06/2023;09:08:58;37.48;Synchronized;;;1301;22/06/2023;09:10:21;37.26;Synchronized;;;
1302;22/06/2023;09:10:38;36.84;Synchronized;;;1302;22/06/2023;09:09:58;37.47;Synchronized;;;1302;22/06/2023;09:11:20;37.26;Synchronized;;;
1303;22/06/2023;09:11:38;36.9;Synchronized;;;1303;22/06/2023;09:10:58;37.46;Synchronized;;;1303;22/06/2023;09:12:20;37.27;Synchronized;;;
1304;22/06/2023;09:12:38;36.95;Synchronized;;;1304;22/06/2023;09:11:58;37.45;Synchronized;;;1304;22/06/2023;09:13:20;37.27;Synchronized;;;
1305;22/06/2023;09:13:38;36.99;Synchronized;;;1305;22/06/2023;09:12:58;37.44;Synchronized;;;1305;22/06/2023;09:14:20;37.27;Synchronized;;;
1306;22/06/2023;09:14:38;37.01;;;;1306;22/06/2023;09:13:58;37.41;Synchronized;;;1306;22/06/2023;09:15:20;37.25;Synchronized;;;
1307;22/06/2023;09:15:38;37.02;Synchronized;;;1307;22/06/2023;09:14:58;37.43;Synchronized;;;1307;22/06/2023;09:16:20;37.2;Synchronized;;;
1308;22/06/2023;09:16:38;37.07;Synchronized;;;1308;22/06/2023;09:15:58;37.42;Synchronized;;;1308;22/06/2023;09:17:20;37.2;Synchronized;;;
1309;22/06/2023;09:17:38;37.1;Synchronized;;;1309;22/06/2023;09:16:58;37.41;;;;1309;22/06/2023;09:18:20;37.16;;;;
1310;22/06/2023;09:18:38;37.15;Synchronized;;;1310;22/06/2023;09:17:58;37.39;Synchronized;;;1310;22/06/2023;09:19:19;37.16;;;;
1311;22/06/2023;09:19:38;37.16;Synchronized;;;1311;22/06/2023;09:18:58;37.38;Synchronized;;;1311;22/06/2023;09:20:19;37.16;Synchronized;;;
1312;22/06/2023;09:20:38;37.19;;;;1312;22/06/2023;09:19:58;37.37;Synchronized;;;1312;22/06/2023;09:21:19;37.16;Synchronized;;;
1313;22/06/2023;09:21:38;37.22;Synchronized;;;1313;22/06/2023;09:20:58;37.36;Synchronized;;;1313;22/06/2023;09:22:19;37.12;Synchronized;;;
1314;22/06/2023;09:22:38;37.23;Synchronized;;;1314;22/06/2023;09:21:58;37.36;Synchronized;;;1314;22/06/2023;09:23:19;37.13;Synchronized;;;
1315;22/06/2023;09:23:38;37.23;Synchronized;;;1315;22/06/2023;09:22:58;37.34;Synchronized;;;1315;22/06/2023;09:24:19;37.11;Synchronized;;;
1316;22/06/2023;09:24:38;37.23;Synchronized;;;1316;22/06/2023;09:23:58;37.35;Synchronized;;;1316;22/06/2023;09:25:18;37.13;Synchronized;;;
1317;22/06/2023;09:25:38;37.17;Synchronized;;;1317;22/06/2023;09:24:58;37.33;Synchronized;;;1317;22/06/2023;09:26:18;37.1;Synchronized;;;
1318;22/06/2023;09:26:38;37.13;Synchronized;;;1318;22/06/2023;09:25:58;37.34;Synchronized;;;1318;22/06/2023;09:27:18;37.11;Synchronized;;;
1319;22/06/2023;09:27:38;37.1;;;;1319;22/06/2023;09:26:58;37.33;Synchronized;;;1319;22/06/2023;09:28:18;37.09;Synchronized;;;
1320;22/06/2023;09:28:38;37.01;Synchronized;;;1320;22/06/2023;09:27:58;37.32;Synchronized;;;1320;22/06/2023;09:29:18;37.09;Synchronized;;;
1321;22/06/2023;09:29:38;36.94;Synchronized;;;1321;22/06/2023;09:28:58;37.34;Synchronized;;;1321;22/06/2023;09:30:18;37.09;;;;
1322;22/06/2023;09:30:38;36.92;Synchronized;;;1322;22/06/2023;09:29:58;37.33;Synchronized;;;1322;22/06/2023;09:31:18;37.07;;;;
1323;22/06/2023;09:31:38;36.88;Synchronized;;;1323;22/06/2023;09:30:58;37.32;Synchronized;;;1323;22/06/2023;09:32:18;37.09;Synchronized;;;
1324;22/06/2023;09:32:38;36.85;Synchronized;;;1324;22/06/2023;09:31:58;37.32;Synchronized;;;1324;22/06/2023;09:33:18;37.08;Synchronized;;;
1325;22/06/2023;09:33:38;36.88;Synchronized;;;1325;22/06/2023;09:32:58;37.32;Synchronized;;;1325;22/06/2023;09:34:18;37.09;Synchronized;;;
1326;22/06/2023;09:34:38;36.9;;;;1326;22/06/2023;09:33:58;37.32;Synchronized;;;1326;22/06/2023;09:35:18;37.1;Synchronized;;;
1327;22/06/2023;09:35:38;36.94;Synchronized;;;1327;22/06/2023;09:34:58;37.31;Synchronized;;;1327;22/06/2023;09:36:18;37.09;Synchronized;;;
1328;22/06/2023;09:36:38;36.98;Synchronized;;;1328;22/06/2023;09:35:58;37.3;Synchronized;;;1328;22/06/2023;09:37:18;37.09;;;;
1329;22/06/2023;09:37:38;37.02;Synchronized;;;1329;22/06/2023;09:36:58;37.31;Synchronized;;;1329;22/06/2023;09:38:18;37.09;Synchronized;;;
1330;22/06/2023;09:38:38;37.07;Synchronized;;;1330;22/06/2023;09:37:58;37.32;Synchronized;;;1330;22/06/2023;09:39:18;37.12;;;;
1331;22/06/2023;09:39:38;37.1;Synchronized;;;1331;22/06/2023;09:38:58;37.33;Synchronized;;;1331;22/06/2023;09:40:18;37.11;Synchronized;;;
1332;22/06/2023;09:40:38;37.13;Synchronized;;;1332;22/06/2023;09:39:58;37.33;Synchronized;;;1332;22/06/2023;09:41:18;37.1;Synchronized;;;
1333;22/06/2023;09:41:38;37.17;Synchronized;;;1333;22/06/2023;09:40:58;37.32;Synchronized;;;1333;22/06/2023;09:42:17;37.12;Synchronized;;;
1334;22/06/2023;09:42:38;37.18;Synchronized;;;1334;22/06/2023;09:41:58;37.33;Synchronized;;;1334;22/06/2023;09:43:17;37.12;Synchronized;;;
1335;22/06/2023;09:43:39;37.21;Synchronized;;;1335;22/06/2023;09:42:58;37.32;Synchronized;;;1335;22/06/2023;09:44:17;37.12;Synchronized;;;
1336;22/06/2023;09:44:39;37.23;Synchronized;;;1336;22/06/2023;09:43:58;37.31;Synchronized;;;1336;22/06/2023;09:45:17;37.12;;;;
1337;22/06/2023;09:45:39;37.07;Synchronized;;;1337;22/06/2023;09:44:58;37.31;Synchronized;;;1337;22/06/2023;09:46:17;37.13;Synchronized;;;
1338;22/06/2023;09:46:39;36.33;Synchronized;;;1338;22/06/2023;09:45:58;37.31;Synchronized;;;1338;22/06/2023;09:47:17;37.13;;;;
1339;22/06/2023;09:47:39;36.27;Synchronized;;;1339;22/06/2023;09:46:58;37.3;Synchronized;;;1339;22/06/2023;09:48:17;37.13;Synchronized;;;
1340;22/06/2023;09:48:39;36.32;Synchronized;;;1340;22/06/2023;09:47:58;37.29;Synchronized;;;1340;22/06/2023;09:49:17;36.9;Synchronized;;;
1341;22/06/2023;09:49:39;35.99;Synchronized;;;1341;22/06/2023;09:48:58;37.29;Synchronized;;;1341;22/06/2023;09:50:17;36.63;Synchronized;;;
1342;22/06/2023;09:50:39;35.84;Synchronized;;;1342;22/06/2023;09:49:58;37.27;Synchronized;;;1342;22/06/2023;09:51:17;36.36;Synchronized;;;
1343;22/06/2023;09:51:39;35.47;Synchronized;;;1343;22/06/2023;09:50:58;37.29;Synchronized;;;1343;22/06/2023;09:52:17;36.16;;;;
1344;22/06/2023;09:52:39;35.28;;;;1344;22/06/2023;09:51:58;37.3;Synchronized;;;1344;22/06/2023;09:53:17;35.5;;;;
1345;22/06/2023;09:53:39;35.23;Synchronized;;;1345;22/06/2023;09:52:58;37.27;Synchronized;;;1345;22/06/2023;09:54:17;35.4;Synchronized;;;
1346;22/06/2023;09:54:39;35.25;Synchronized;;;1346;22/06/2023;09:53:58;37.27;Synchronized;;;1346;22/06/2023;09:55:17;35.33;;;;
1347;22/06/2023;09:55:39;35.15;Synchronized;;;1347;22/06/2023;09:54:58;37.27;Synchronized;;;1347;22/06/2023;09:56:17;35.05;Synchronized;;;
1348;22/06/2023;09:56:39;35.07;Synchronized;;;1348;22/06/2023;09:55:58;37.26;;;;1348;22/06/2023;09:57:17;34.54;Synchronized;;;
1349;22/06/2023;09:57:39;34.77;Synchronized;;;1349;22/06/2023;09:56:58;37.25;Synchronized;;;1349;22/06/2023;09:58:17;34.73;Synchronized;;;
1350;22/06/2023;09:58:39;34.7;Synchronized;;;1350;22/06/2023;09:57:58;37.21;Synchronized;;;1350;22/06/2023;09:59:17;34.8;Synchronized;;;
1351;22/06/2023;09:59:40;34.77;Synchronized;;;1351;22/06/2023;09:58:58;37.22;Synchronized;;;1351;22/06/2023;10:00:16;34.77;Synchronized;;;
1352;22/06/2023;10:00:40;34.77;Synchronized;;;1352;22/06/2023;09:59:58;37.2;Synchronized;;;1352;22/06/2023;10:01:16;34.05;Synchronized;;;
1353;22/06/2023;10:01:40;34.85;Synchronized;;;1353;22/06/2023;10:00:58;37.19;Synchronized;;;1353;22/06/2023;10:02:16;34.41;Synchronized;;;
1354;22/06/2023;10:02:40;34.84;Synchronized;;;1354;22/06/2023;10:01:58;37.17;Synchronized;;;1354;22/06/2023;10:03:16;34.62;Synchronized;;;
1355;22/06/2023;10:03:40;34.95;Synchronized;;;1355;22/06/2023;10:02:58;37.14;Synchronized;;;1355;22/06/2023;10:04:16;34.73;;;;
1356;22/06/2023;10:04:40;35.16;Synchronized;;;1356;22/06/2023;10:03:58;37.14;Synchronized;;;1356;22/06/2023;10:05:16;34.77;Synchronized;;;
1357;22/06/2023;10:05:40;35.35;;;;1357;22/06/2023;10:04:58;37.15;Synchronized;;;1357;22/06/2023;10:06:16;34.44;Synchronized;;;
1358;22/06/2023;10:06:40;35.06;Synchronized;;;1358;22/06/2023;10:05:58;37.14;Synchronized;;;1358;22/06/2023;10:07:16;33.27;;;;
1359;22/06/2023;10:07:40;35.3;;;;1359;22/06/2023;10:06:58;37.13;Synchronized;;;1359;22/06/2023;10:08:16;32.88;Synchronized;;;
1360;22/06/2023;10:08:40;35.2;;;;1360;22/06/2023;10:07:58;37.13;Synchronized;;;1360;22/06/2023;10:09:16;33.16;Synchronized;;;
1361;22/06/2023;10:09:40;35.07;Synchronized;;;1361;22/06/2023;10:08:58;37.12;Synchronized;;;1361;22/06/2023;10:10:16;33.45;;;;
1362;22/06/2023;10:10:40;34.94;Synchronized;;;1362;22/06/2023;10:09:58;37.13;Synchronized;;;1362;22/06/2023;10:11:16;34.01;Synchronized;;;
1363;22/06/2023;10:11:40;35.15;;;;1363;22/06/2023;10:10:58;37.11;Synchronized;;;1363;22/06/2023;10:12:16;33.67;Synchronized;;;
1364;22/06/2023;10:12:40;34.58;;;;1364;22/06/2023;10:11:58;37.12;Synchronized;;;1364;22/06/2023;10:13:16;33.09;Synchronized;;;
1365;22/06/2023;10:13:40;34.16;;;;1365;22/06/2023;10:12:58;37.12;Synchronized;;;1365;22/06/2023;10:14:15;32.03;Synchronized;;;
1366;22/06/2023;10:14:40;34.2;;;;1366;22/06/2023;10:13:58;37.11;Synchronized;;;1366;22/06/2023;10:15:15;31.76;Synchronized;;;
1367;22/06/2023;10:15:40;34.38;;;;1367;22/06/2023;10:14:59;37.11;Synchronized;;;1367;22/06/2023;10:16:15;32.45;Synchronized;;;
1368;22/06/2023;10:16:40;34.56;Synchronized;;;1368;22/06/2023;10:15:59;37.07;Synchronized;;;1368;22/06/2023;10:17:15;32.84;;;;
1369;22/06/2023;10:17:40;34.3;;;;1369;22/06/2023;10:16:59;37.06;Synchronized;;;1369;22/06/2023;10:18:15;32.58;Synchronized;;;
1370;22/06/2023;10:18:40;34.63;Synchronized;;;1370;22/06/2023;10:17:59;37.03;Synchronized;;;1370;22/06/2023;10:19:15;33.05;;;;
1371;22/06/2023;10:19:40;34.34;;;;1371;22/06/2023;10:18:59;37;Synchronized;;;1371;22/06/2023;10:20:15;33.56;;;;
1372;22/06/2023;10:20:40;34.06;;;;1372;22/06/2023;10:19:59;37;Synchronized;;;1372;22/06/2023;10:21:15;33.85;;;;
1373;22/06/2023;10:21:40;34.47;;;;1373;22/06/2023;10:20:59;36.95;Synchronized;;;1373;22/06/2023;10:22:15;34.39;Synchronized;;;
1374;22/06/2023;10:22:40;34.24;;;;1374;22/06/2023;10:21:59;36.95;Synchronized;;;1374;22/06/2023;10:23:15;34.16;Synchronized;;;
1375;22/06/2023;10:23:40;33.56;;;;1375;22/06/2023;10:22:59;36.95;Synchronized;;;1375;22/06/2023;10:24:15;32.48;;;;
1376;22/06/2023;10:24:40;33.55;;;;1376;22/06/2023;10:23:59;36.85;Synchronized;;;1376;22/06/2023;10:25:15;31.5;;;;
1377;22/06/2023;10:25:40;34.27;Synchronized;;;1377;22/06/2023;10:24:59;36.76;Synchronized;;;1377;22/06/2023;10:26:15;31.27;Synchronized;;;
1378;22/06/2023;10:26:40;34.7;;;;1378;22/06/2023;10:25:59;36.72;Synchronized;;;1378;22/06/2023;10:27:15;31.99;Synchronized;;;
1379;22/06/2023;10:27:40;34.52;;;;1379;22/06/2023;10:26:59;36.63;Synchronized;;;1379;22/06/2023;10:28:14;32.55;Synchronized;;;
1380;22/06/2023;10:28:40;34.79;Synchronized;;;1380;22/06/2023;10:27:59;36.45;Synchronized;;;1380;22/06/2023;10:29:14;32.05;Synchronized;;;
1381;22/06/2023;10:29:40;35.04;Synchronized;;;1381;22/06/2023;10:28:59;36.51;Synchronized;;;1381;22/06/2023;10:30:14;32.37;;;;
1382;22/06/2023;10:30:40;35.33;;;;1382;22/06/2023;10:29:59;36.45;Synchronized;;;1382;22/06/2023;10:31:14;32.19;Synchronized;;;
1383;22/06/2023;10:31:40;35.59;;;;1383;22/06/2023;10:30:59;36.42;Synchronized;;;1383;22/06/2023;10:32:14;32.88;Synchronized;;;
1384;22/06/2023;10:32:40;35.79;;;;1384;22/06/2023;10:31:59;36.42;;;;1384;22/06/2023;10:33:14;33.46;Synchronized;;;
1385;22/06/2023;10:33:40;36.1;;;;1385;22/06/2023;10:32:59;36.57;Synchronized;;;1385;22/06/2023;10:34:14;33.76;;;;
1386;22/06/2023;10:34:40;36.38;Synchronized;;;1386;22/06/2023;10:33:59;36.63;Synchronized;;;1386;22/06/2023;10:35:14;34.19;;;;
1387;22/06/2023;10:35:40;36.56;;;;1387;22/06/2023;10:34:59;36.63;Synchronized;;;1387;22/06/2023;10:36:14;34.67;;;;
1388;22/06/2023;10:36:40;36.65;;;;1388;22/06/2023;10:35:59;36.66;Synchronized;;;1388;22/06/2023;10:37:14;35.13;;;;
1389;22/06/2023;10:37:40;36.75;;;;1389;22/06/2023;10:36:59;36.63;Synchronized;;;1389;22/06/2023;10:38:14;35.51;Synchronized;;;
1390;22/06/2023;10:38:40;36.81;;;;1390;22/06/2023;10:37:59;36.66;Synchronized;;;1390;22/06/2023;10:39:14;35.91;Synchronized;;;
1391;22/06/2023;10:39:40;36.88;;;;1391;22/06/2023;10:38:59;36.7;Synchronized;;;1391;22/06/2023;10:40:13;34.87;Synchronized;;;
1392;22/06/2023;10:40:40;36.92;Synchronized;;;1392;22/06/2023;10:39:59;36.63;Synchronized;;;1392;22/06/2023;10:41:13;32.26;;;;
1393;22/06/2023;10:41:40;36.98;Synchronized;;;1393;22/06/2023;10:40:59;36.66;Synchronized;;;1393;22/06/2023;10:42:13;32.8;Synchronized;;;
1394;22/06/2023;10:42:40;37.02;;;;1394;22/06/2023;10:41:59;36.65;Synchronized;;;1394;22/06/2023;10:43:13;33.61;Synchronized;;;
1395;22/06/2023;10:43:40;37.04;Synchronized;;;1395;22/06/2023;10:42:59;36.7;Synchronized;;;1395;22/06/2023;10:44:13;34.27;Synchronized;;;
1396;22/06/2023;10:44:40;36.5;Synchronized;;;1396;22/06/2023;10:43:59;36.7;Synchronized;;;1396;22/06/2023;10:45:13;34.8;Synchronized;;;
1397;22/06/2023;10:45:41;34.98;Synchronized;;;1397;22/06/2023;10:44:59;36.68;Synchronized;;;1397;22/06/2023;10:46:13;35.17;Synchronized;;;
1398;22/06/2023;10:46:41;35.08;Synchronized;;;1398;22/06/2023;10:45:59;36.74;Synchronized;;;1398;22/06/2023;10:47:13;35.48;Synchronized;;;
1399;22/06/2023;10:47:41;35.33;Synchronized;;;1399;22/06/2023;10:46:59;36.73;Synchronized;;;1399;22/06/2023;10:48:12;35.75;Synchronized;;;
1400;22/06/2023;10:48:41;34.53;;;;1400;22/06/2023;10:47:59;36.74;Synchronized;;;1400;22/06/2023;10:49:12;35.98;Synchronized;;;
1401;22/06/2023;10:49:41;33.84;;;;1401;22/06/2023;10:48:59;36.74;Synchronized;;;1401;22/06/2023;10:50:12;36.16;Synchronized;;;
1402;22/06/2023;10:50:41;33.7;;;;1402;22/06/2023;10:49:59;36.7;Synchronized;;;1402;22/06/2023;10:51:12;36.45;Synchronized;;;
1403;22/06/2023;10:51:41;33.63;Synchronized;;;1403;22/06/2023;10:50:59;36.61;Synchronized;;;1403;22/06/2023;10:52:12;36.2;Synchronized;;;
1404;22/06/2023;10:52:41;33.54;Synchronized;;;1404;22/06/2023;10:51:59;36.49;Synchronized;;;1404;22/06/2023;10:53:12;36.12;;;;
1405;22/06/2023;10:53:41;33.46;;;;1405;22/06/2023;10:52:59;36.42;Synchronized;;;1405;22/06/2023;10:54:12;35.48;;;;
1406;22/06/2023;10:54:41;33.55;Synchronized;;;1406;22/06/2023;10:53:59;36.35;Synchronized;;;1406;22/06/2023;10:55:12;35.58;;;;
1407;22/06/2023;10:55:41;33.96;Synchronized;;;1407;22/06/2023;10:54:59;36.35;Synchronized;;;1407;22/06/2023;10:56:12;35.71;;;;
1408;22/06/2023;10:56:41;34.17;;;;1408;22/06/2023;10:55:59;36.26;Synchronized;;;1408;22/06/2023;10:57:12;35.9;;;;
1409;22/06/2023;10:57:41;34.47;;;;1409;22/06/2023;10:56:59;36.15;Synchronized;;;1409;22/06/2023;10:58:12;36.13;;;;
1410;22/06/2023;10:58:41;34.73;;;;1410;22/06/2023;10:57:59;36.05;Synchronized;;;1410;22/06/2023;10:59:12;35.95;;;;
1411;22/06/2023;10:59:41;34.31;Synchronized;;;1411;22/06/2023;10:58:59;35.94;Synchronized;;;1411;22/06/2023;11:00:12;34.05;;;;
1412;22/06/2023;11:00:41;34.48;;;;1412;22/06/2023;10:59:59;35.95;Synchronized;;;1412;22/06/2023;11:01:12;32.9;;;;
1413;22/06/2023;11:01:41;34.82;;;;1413;22/06/2023;11:00:59;35.93;Synchronized;;;1413;22/06/2023;11:02:12;32.87;;;;
1414;22/06/2023;11:02:41;35.16;Synchronized;;;1414;22/06/2023;11:01:59;35.98;Synchronized;;;1414;22/06/2023;11:03:11;33.69;;;;
1415;22/06/2023;11:03:41;34.7;Synchronized;;;1415;22/06/2023;11:02:59;36.02;Synchronized;;;1415;22/06/2023;11:04:11;33.26;;;;
1416;22/06/2023;11:04:41;34.53;Synchronized;;;1416;22/06/2023;11:03:59;36.11;Synchronized;;;1416;22/06/2023;11:05:11;33.3;;;;
1417;22/06/2023;11:05:42;34.81;Synchronized;;;1417;22/06/2023;11:04:59;36.02;Synchronized;;;1417;22/06/2023;11:06:11;33.44;;;;
1418;22/06/2023;11:06:42;35.01;Synchronized;;;1418;22/06/2023;11:05:59;35.9;Synchronized;;;1418;22/06/2023;11:07:11;33.88;;;;
1419;22/06/2023;11:07:42;34.93;Synchronized;;;1419;22/06/2023;11:06:59;35.78;Synchronized;;;1419;22/06/2023;11:08:11;33.39;;;;
1420;22/06/2023;11:08:42;33.85;;;;1420;22/06/2023;11:07:59;35.68;Synchronized;;;1420;22/06/2023;11:09:11;33.41;;;;
1421;22/06/2023;11:09:42;33.27;Synchronized;;;1421;22/06/2023;11:08:59;35.74;Synchronized;;;1421;22/06/2023;11:10:11;33.57;;;;
1422;22/06/2023;11:10:42;32.85;;;;1422;22/06/2023;11:09:59;35.74;Synchronized;;;1422;22/06/2023;11:11:11;32.01;;;;
1423;22/06/2023;11:11:42;32.63;Synchronized;;;1423;22/06/2023;11:10:59;35.77;Synchronized;;;1423;22/06/2023;11:12:11;32.59;;;;
1424;22/06/2023;11:12:42;33.01;Synchronized;;;1424;22/06/2023;11:11:59;35.94;Synchronized;;;1424;22/06/2023;11:13:11;33.72;;;;
1425;22/06/2023;11:13:42;33.52;Synchronized;;;1425;22/06/2023;11:12:59;36.08;Synchronized;;;1425;22/06/2023;11:14:11;34.08;;;;
1426;22/06/2023;11:14:42;33.49;Synchronized;;;1426;22/06/2023;11:13:59;36.13;Synchronized;;;1426;22/06/2023;11:15:11;34.22;;;;
1427;22/06/2023;11:15:42;33.4;Synchronized;;;1427;22/06/2023;11:14:59;36.13;Synchronized;;;1427;22/06/2023;11:16:11;34.35;;;;
1428;22/06/2023;11:16:42;33.6;Synchronized;;;1428;22/06/2023;11:15:59;36.1;Synchronized;;;1428;22/06/2023;11:17:11;34.46;;;;
1429;22/06/2023;11:17:42;33.98;Synchronized;;;1429;22/06/2023;11:16:59;36.1;Synchronized;;;1429;22/06/2023;11:18:11;34.42;Synchronized;;;
1430;22/06/2023;11:18:42;34.55;Synchronized;;;1430;22/06/2023;11:17:59;36;Synchronized;;;1430;22/06/2023;11:19:11;34.91;Synchronized;;;
1431;22/06/2023;11:19:42;34.91;Synchronized;;;1431;22/06/2023;11:18:59;36.02;Synchronized;;;1431;22/06/2023;11:20:10;35.47;Synchronized;;;
1432;22/06/2023;11:20:42;34.1;Synchronized;;;1432;22/06/2023;11:19:59;36.11;Synchronized;;;1432;22/06/2023;11:21:10;35.82;Synchronized;;;
1433;22/06/2023;11:21:42;33.99;Synchronized;;;1433;22/06/2023;11:20:59;36.17;Synchronized;;;1433;22/06/2023;11:22:10;36.11;;;;
1434;22/06/2023;11:22:42;34.59;Synchronized;;;1434;22/06/2023;11:21:59;36.24;Synchronized;;;1434;22/06/2023;11:23:10;36.27;Synchronized;;;
1435;22/06/2023;11:23:42;32.98;Synchronized;;;1435;22/06/2023;11:22:59;36.34;Synchronized;;;1435;22/06/2023;11:24:10;36.83;;;;
1436;22/06/2023;11:24:42;32.54;Synchronized;;;1436;22/06/2023;11:23:59;36.41;Synchronized;;;1436;22/06/2023;11:25:10;36.96;;;;
1437;22/06/2023;11:25:42;32.79;Synchronized;;;1437;22/06/2023;11:24:59;36.5;Synchronized;;;1437;22/06/2023;11:26:10;37.02;Synchronized;;;
1438;22/06/2023;11:26:42;33.45;;;;1438;22/06/2023;11:25:59;36.57;Synchronized;;;1438;22/06/2023;11:27:10;37.09;Synchronized;;;
1439;22/06/2023;11:27:42;33.17;Synchronized;;;1439;22/06/2023;11:26:59;36.63;Synchronized;;;1439;22/06/2023;11:28:10;36.69;Synchronized;;;
1440;22/06/2023;11:28:42;33.02;Synchronized;;;1440;22/06/2023;11:27:59;36.23;Synchronized;;;1440;22/06/2023;11:29:10;36.86;Synchronized;;;
1441;22/06/2023;11:29:42;33.29;Synchronized;;;1441;22/06/2023;11:28:59;35.52;Synchronized;;;1441;22/06/2023;11:30:10;36.94;Synchronized;;;
1442;22/06/2023;11:30:42;33.83;;;;1442;22/06/2023;11:29:59;35.54;Synchronized;;;1442;22/06/2023;11:31:10;36.93;Synchronized;;;
1443;22/06/2023;11:31:42;34.4;Synchronized;;;1443;22/06/2023;11:30:59;35.6;Synchronized;;;1443;22/06/2023;11:32:10;36.82;Synchronized;;;
1444;22/06/2023;11:32:42;34.32;Synchronized;;;1444;22/06/2023;11:31:59;35.69;Synchronized;;;1444;22/06/2023;11:33:10;36.91;Synchronized;;;
1445;22/06/2023;11:33:42;33.42;Synchronized;;;1445;22/06/2023;11:32:59;35.83;Synchronized;;;1445;22/06/2023;11:34:09;36.98;Synchronized;;;
1446;22/06/2023;11:34:42;32.98;Synchronized;;;1446;22/06/2023;11:33:59;36;Synchronized;;;1446;22/06/2023;11:35:09;37;Synchronized;;;
1447;22/06/2023;11:35:42;32.7;;;;1447;22/06/2023;11:34:59;36.12;Synchronized;;;1447;22/06/2023;11:36:09;37.05;Synchronized;;;
1448;22/06/2023;11:36:42;33.21;Synchronized;;;1448;22/06/2023;11:35:59;36.24;Synchronized;;;1448;22/06/2023;11:37:09;37.07;Synchronized;;;
1449;22/06/2023;11:37:42;33.84;;;;1449;22/06/2023;11:36:59;35.63;Synchronized;;;1449;22/06/2023;11:38:09;37.12;Synchronized;;;
1450;22/06/2023;11:38:42;34.21;Synchronized;;;1450;22/06/2023;11:37:59;35.59;Synchronized;;;1450;22/06/2023;11:39:09;37.14;Synchronized;;;
1451;22/06/2023;11:39:42;34.88;Synchronized;;;1451;22/06/2023;11:38:59;35.67;Synchronized;;;1451;22/06/2023;11:40:09;37.2;Synchronized;;;
1452;22/06/2023;11:40:42;35.34;;;;1452;22/06/2023;11:39:59;35.97;Synchronized;;;1452;22/06/2023;11:41:09;37.23;Synchronized;;;
1453;22/06/2023;11:41:42;35.65;Synchronized;;;1453;22/06/2023;11:40:59;36.14;Synchronized;;;1453;22/06/2023;11:42:09;37.24;;;;
1454;22/06/2023;11:42:42;35.88;;;;1454;22/06/2023;11:41:59;36.26;Synchronized;;;1454;22/06/2023;11:43:09;37.27;;;;
1455;22/06/2023;11:43:42;36.05;Synchronized;;;1455;22/06/2023;11:42:59;36.37;Synchronized;;;1455;22/06/2023;11:44:09;37.31;Synchronized;;;
1456;22/06/2023;11:44:42;36.29;Synchronized;;;1456;22/06/2023;11:43:59;36.48;Synchronized;;;1456;22/06/2023;11:45:09;37.34;;;;
1457;22/06/2023;11:45:42;36.53;;;;1457;22/06/2023;11:44:59;36.56;Synchronized;;;1457;22/06/2023;11:46:09;37.36;;;;
1458;22/06/2023;11:46:42;36.67;Synchronized;;;1458;22/06/2023;11:45:59;36.63;Synchronized;;;1458;22/06/2023;11:47:09;37.39;Synchronized;;;
1459;22/06/2023;11:47:42;36.84;Synchronized;;;1459;22/06/2023;11:46:59;36.65;Synchronized;;;1459;22/06/2023;11:48:09;37.37;Synchronized;;;
1460;22/06/2023;11:48:42;36.98;Synchronized;;;1460;22/06/2023;11:47:59;36.74;Synchronized;;;1460;22/06/2023;11:49:09;37.41;Synchronized;;;
1461;22/06/2023;11:49:42;37.04;Synchronized;;;1461;22/06/2023;11:48:59;36.8;Synchronized;;;1461;22/06/2023;11:50:09;37.41;Synchronized;;;
1462;22/06/2023;11:50:42;37.05;Synchronized;;;1462;22/06/2023;11:49:59;36.88;Synchronized;;;1462;22/06/2023;11:51:09;37.38;Synchronized;;;
1463;22/06/2023;11:51:42;37.04;Synchronized;;;1463;22/06/2023;11:50:59;36.89;Synchronized;;;1463;22/06/2023;11:52:09;37.34;Synchronized;;;
1464;22/06/2023;11:52:42;37.07;;;;1464;22/06/2023;11:51:59;36.9;Synchronized;;;1464;22/06/2023;11:53:08;37.3;Synchronized;;;
1465;22/06/2023;11:53:42;37.05;Synchronized;;;1465;22/06/2023;11:52:59;36.95;Synchronized;;;1465;22/06/2023;11:54:08;37.23;Synchronized;;;
1466;22/06/2023;11:54:42;37.09;Synchronized;;;1466;22/06/2023;11:53:59;36.98;Synchronized;;;1466;22/06/2023;11:55:08;37.19;Synchronized;;;
1467;22/06/2023;11:55:42;37.13;;;;1467;22/06/2023;11:54:59;35.94;Synchronized;;;1467;22/06/2023;11:56:08;37.19;Synchronized;;;
1468;22/06/2023;11:56:42;37.1;;;;1468;22/06/2023;11:55:59;34.55;Synchronized;;;1468;22/06/2023;11:57:08;37.22;Synchronized;;;
1469;22/06/2023;11:57:42;37.09;;;;1469;22/06/2023;11:56:59;34.78;Synchronized;;;1469;22/06/2023;11:58:08;37.25;Synchronized;;;
1470;22/06/2023;11:58:42;37.07;;;;1470;22/06/2023;11:57:59;35.12;Synchronized;;;1470;22/06/2023;11:59:08;37.25;;;;
1471;22/06/2023;11:59:42;37.07;Synchronized;;;1471;22/06/2023;11:58:59;35.43;Synchronized;;;1471;22/06/2023;12:00:08;37.25;Synchronized;;;
1472;22/06/2023;12:00:42;37.09;;;;1472;22/06/2023;11:59:59;35.77;Synchronized;;;1472;22/06/2023;12:01:08;37.22;Synchronized;;;
1473;22/06/2023;12:01:42;37.13;;;;1473;22/06/2023;12:00:59;35.97;Synchronized;;;1473;22/06/2023;12:02:08;37.23;;;;
1474;22/06/2023;12:02:42;37.11;Synchronized;;;1474;22/06/2023;12:01:59;36.13;Synchronized;;;1474;22/06/2023;12:03:07;37.23;;;;
1475;22/06/2023;12:03:42;37.12;;;;1475;22/06/2023;12:02:59;36.3;Synchronized;;;1475;22/06/2023;12:04:07;37.22;;;;
1476;22/06/2023;12:04:42;37.1;Synchronized;;;1476;22/06/2023;12:03:59;36.41;Synchronized;;;1476;22/06/2023;12:05:07;37.2;;;;
1477;22/06/2023;12:05:42;37.13;Synchronized;;;1477;22/06/2023;12:04:59;36.37;Synchronized;;;1477;22/06/2023;12:06:07;37.19;;;;
1478;22/06/2023;12:06:42;37.12;Synchronized;;;1478;22/06/2023;12:05:59;35.62;Synchronized;;;1478;22/06/2023;12:07:07;37.2;;;;
1479;22/06/2023;12:07:42;37.12;Synchronized;;;1479;22/06/2023;12:06:59;35.66;Synchronized;;;1479;22/06/2023;12:08:07;37.2;;;;
1480;22/06/2023;12:08:42;37.26;Synchronized;;;1480;22/06/2023;12:07:59;35.93;Synchronized;;;1480;22/06/2023;12:09:07;37.18;;;;
1481;22/06/2023;12:09:42;37.4;Synchronized;;;1481;22/06/2023;12:08:59;36.18;Synchronized;;;1481;22/06/2023;12:10:07;37.19;;;;
1482;22/06/2023;12:10:42;37.42;Synchronized;;;1482;22/06/2023;12:09:59;36.42;Synchronized;;;1482;22/06/2023;12:11:07;37.2;;;;
1483;22/06/2023;12:11:42;37.45;Synchronized;;;1483;22/06/2023;12:10:59;36.53;Synchronized;;;1483;22/06/2023;12:12:07;37.19;Synchronized;;;
1484;22/06/2023;12:12:42;37.41;;;;1484;22/06/2023;12:11:59;36.66;Synchronized;;;1484;22/06/2023;12:13:07;37.19;Synchronized;;;
1485;22/06/2023;12:13:42;37.41;Synchronized;;;1485;22/06/2023;12:12:59;36.77;Synchronized;;;1485;22/06/2023;12:14:07;37.23;Synchronized;;;
1486;22/06/2023;12:14:42;37.55;Synchronized;;;1486;22/06/2023;12:13:59;36.86;Synchronized;;;1486;22/06/2023;12:15:07;37.23;;;;
1487;22/06/2023;12:15:42;37.54;Synchronized;;;1487;22/06/2023;12:14:59;36.91;Synchronized;;;1487;22/06/2023;12:16:07;37.21;Synchronized;;;
1488;22/06/2023;12:16:42;37.55;Synchronized;;;1488;22/06/2023;12:15:59;36.95;Synchronized;;;1488;22/06/2023;12:17:07;37.24;Synchronized;;;
1489;22/06/2023;12:17:42;37.56;Synchronized;;;1489;22/06/2023;12:16:59;37;Synchronized;;;1489;22/06/2023;12:18:07;37.25;Synchronized;;;
1490;22/06/2023;12:18:42;37.55;Synchronized;;;1490;22/06/2023;12:17:59;37.06;Synchronized;;;1490;22/06/2023;12:19:07;37.26;;;;
1491;22/06/2023;12:19:42;37.53;Synchronized;;;1491;22/06/2023;12:18:59;37.08;Synchronized;;;1491;22/06/2023;12:20:06;37.26;;;;
1492;22/06/2023;12:20:41;37.52;Synchronized;;;1492;22/06/2023;12:19:59;37.1;Synchronized;;;1492;22/06/2023;12:21:06;37.25;Synchronized;;;
1493;22/06/2023;12:21:41;37.49;Synchronized;;;1493;22/06/2023;12:20:59;37.13;Synchronized;;;1493;22/06/2023;12:22:06;37.27;;;;
1494;22/06/2023;12:22:41;37.48;Synchronized;;;1494;22/06/2023;12:21:59;37.08;Synchronized;;;1494;22/06/2023;12:23:06;37.23;Synchronized;;;
1495;22/06/2023;12:23:41;37.5;Synchronized;;;1495;22/06/2023;12:22:59;37;Synchronized;;;1495;22/06/2023;12:24:06;37.25;;;;
1496;22/06/2023;12:24:41;37.48;Synchronized;;;1496;22/06/2023;12:23:59;37.13;Synchronized;;;1496;22/06/2023;12:25:06;37.26;;;;
1497;22/06/2023;12:25:41;37.48;Synchronized;;;1497;22/06/2023;12:24:59;37.18;Synchronized;;;1497;22/06/2023;12:26:06;37.27;;;;
1498;22/06/2023;12:26:41;37.47;Synchronized;;;1498;22/06/2023;12:25:59;37.27;Synchronized;;;1498;22/06/2023;12:27:06;37.27;Synchronized;;;
1499;22/06/2023;12:27:41;37.46;;;;1499;22/06/2023;12:26:59;37.27;Synchronized;;;1499;22/06/2023;12:28:06;37.27;Synchronized;;;
1500;22/06/2023;12:28:41;37.46;Synchronized;;;1500;22/06/2023;12:27:59;37.3;Synchronized;;;1500;22/06/2023;12:29:06;37.28;Synchronized;;;
1501;22/06/2023;12:29:41;37.43;Synchronized;;;1501;22/06/2023;12:28:59;37.27;Synchronized;;;1501;22/06/2023;12:30:06;37.27;Synchronized;;;
1502;22/06/2023;12:30:41;37.43;;;;1502;22/06/2023;12:29:59;37.26;Synchronized;;;1502;22/06/2023;12:31:06;37.31;;;;
1503;22/06/2023;12:31:41;37.47;Synchronized;;;1503;22/06/2023;12:30:59;37.27;Synchronized;;;1503;22/06/2023;12:32:06;37.29;Synchronized;;;
1504;22/06/2023;12:32:41;37.47;Synchronized;;;1504;22/06/2023;12:31:59;37.24;Synchronized;;;1504;22/06/2023;12:33:06;37.31;;;;
1505;22/06/2023;12:33:41;37.47;Synchronized;;;1505;22/06/2023;12:32:59;37.24;Synchronized;;;1505;22/06/2023;12:34:06;37.3;Synchronized;;;
1506;22/06/2023;12:34:41;37.46;Synchronized;;;1506;22/06/2023;12:33:59;37.34;Synchronized;;;1506;22/06/2023;12:35:06;37.31;Synchronized;;;
1507;22/06/2023;12:35:41;37.45;Synchronized;;;1507;22/06/2023;12:34:59;37.37;;;;1507;22/06/2023;12:36:06;37.31;Synchronized;;;
1508;22/06/2023;12:36:41;37.44;Synchronized;;;1508;22/06/2023;12:35:59;37.4;Synchronized;;;1508;22/06/2023;12:37:06;37.34;Synchronized;;;
1509;22/06/2023;12:37:41;37.46;Synchronized;;;1509;22/06/2023;12:36:59;37.4;Synchronized;;;1509;22/06/2023;12:38:06;37.35;Synchronized;;;
1510;22/06/2023;12:38:41;37.47;Synchronized;;;1510;22/06/2023;12:37:59;37.4;Synchronized;;;1510;22/06/2023;12:39:06;37.35;Synchronized;;;
1511;22/06/2023;12:39:41;37.48;Synchronized;;;1511;22/06/2023;12:38:59;37.43;Synchronized;;;1511;22/06/2023;12:40:05;37.37;Synchronized;;;
1512;22/06/2023;12:40:41;37.52;Synchronized;;;1512;22/06/2023;12:39:59;37.45;Synchronized;;;1512;22/06/2023;12:41:05;37.38;Synchronized;;;
1513;22/06/2023;12:41:41;37.53;Synchronized;;;1513;22/06/2023;12:40:59;37.43;Synchronized;;;1513;22/06/2023;12:42:05;37.37;Synchronized;;;
1514;22/06/2023;12:42:41;37.58;Synchronized;;;1514;22/06/2023;12:41:59;37.46;Synchronized;;;1514;22/06/2023;12:43:05;37.35;Synchronized;;;
1515;22/06/2023;12:43:41;37.55;Synchronized;;;1515;22/06/2023;12:42:59;37.43;Synchronized;;;1515;22/06/2023;12:44:05;37.34;Synchronized;;;
1516;22/06/2023;12:44:41;37.53;Synchronized;;;1516;22/06/2023;12:43:59;37.35;Synchronized;;;1516;22/06/2023;12:45:05;37.33;Synchronized;;;
1517;22/06/2023;12:45:41;37.52;Synchronized;;;1517;22/06/2023;12:44:59;37.33;Synchronized;;;1517;22/06/2023;12:46:05;37.29;Synchronized;;;
1518;22/06/2023;12:46:41;37.52;Synchronized;;;1518;22/06/2023;12:45:59;37.3;Synchronized;;;1518;22/06/2023;12:47:05;37.28;Synchronized;;;
1519;22/06/2023;12:47:41;37.52;Synchronized;;;1519;22/06/2023;12:46:59;37.3;Synchronized;;;1519;22/06/2023;12:48:05;37.32;Synchronized;;;
1520;22/06/2023;12:48:41;37.5;Synchronized;;;1520;22/06/2023;12:47:59;37.32;Synchronized;;;1520;22/06/2023;12:49:05;37.36;Synchronized;;;
1521;22/06/2023;12:49:41;37.49;Synchronized;;;1521;22/06/2023;12:48:59;37.3;Synchronized;;;1521;22/06/2023;12:50:05;37.38;Synchronized;;;
1522;22/06/2023;12:50:41;37.41;Synchronized;;;1522;22/06/2023;12:49:59;37.27;Synchronized;;;1522;22/06/2023;12:51:05;37.39;Synchronized;;;
1523;22/06/2023;12:51:41;37.56;Synchronized;;;1523;22/06/2023;12:50:59;37.3;Synchronized;;;1523;22/06/2023;12:52:05;37.41;Synchronized;;;
1524;22/06/2023;12:52:41;37.54;Synchronized;;;1524;22/06/2023;12:51:59;37.35;Synchronized;;;1524;22/06/2023;12:53:04;37.41;Synchronized;;;
1525;22/06/2023;12:53:41;37.53;Synchronized;;;1525;22/06/2023;12:52:59;37.34;Synchronized;;;1525;22/06/2023;12:54:04;37.43;Synchronized;;;
1526;22/06/2023;12:54:41;37.53;Synchronized;;;1526;22/06/2023;12:53:59;37.37;Synchronized;;;1526;22/06/2023;12:55:04;37.4;Synchronized;;;
1527;22/06/2023;12:55:41;37.55;Synchronized;;;1527;22/06/2023;12:54:59;37.41;Synchronized;;;1527;22/06/2023;12:56:04;37.43;Synchronized;;;
1528;22/06/2023;12:56:41;37.52;Synchronized;;;1528;22/06/2023;12:55:59;37.48;Synchronized;;;1528;22/06/2023;12:57:04;37.43;Synchronized;;;
1529;22/06/2023;12:57:41;37.48;Synchronized;;;1529;22/06/2023;12:56:59;37.48;Synchronized;;;1529;22/06/2023;12:58:04;37.44;Synchronized;;;
1530;22/06/2023;12:58:41;37.63;Synchronized;;;1530;22/06/2023;12:57:59;37.52;Synchronized;;;1530;22/06/2023;12:59:04;37.42;Synchronized;;;
1531;22/06/2023;12:59:41;37.7;Synchronized;;;1531;22/06/2023;12:58:59;37.49;Synchronized;;;1531;22/06/2023;13:00:04;37.45;Synchronized;;;
1532;22/06/2023;13:00:41;37.7;Synchronized;;;1532;22/06/2023;12:59:59;37.48;Synchronized;;;1532;22/06/2023;13:01:04;37.45;Synchronized;;;
1533;22/06/2023;13:01:40;37.7;Synchronized;;;1533;22/06/2023;13:00:59;37.48;Synchronized;;;1533;22/06/2023;13:02:04;37.43;Synchronized;;;
1534;22/06/2023;13:02:40;37.67;Synchronized;;;1534;22/06/2023;13:01:59;37.47;Synchronized;;;1534;22/06/2023;13:03:04;37.45;Synchronized;;;
1535;22/06/2023;13:03:40;37.67;Synchronized;;;1535;22/06/2023;13:02:58;37.52;Synchronized;;;1535;22/06/2023;13:04:04;37.45;Synchronized;;;
1536;22/06/2023;13:04:40;37.72;Synchronized;;;1536;22/06/2023;13:03:58;37.52;Synchronized;;;1536;22/06/2023;13:05:03;37.47;Synchronized;;;
1537;22/06/2023;13:05:40;37.8;Synchronized;;;1537;22/06/2023;13:04:58;37.51;Synchronized;;;1537;22/06/2023;13:06:03;37.46;Synchronized;;;
1538;22/06/2023;13:06:40;37.75;Synchronized;;;1538;22/06/2023;13:05:58;37.51;Synchronized;;;1538;22/06/2023;13:07:03;37.48;Synchronized;;;
1539;22/06/2023;13:07:40;37.76;Synchronized;;;1539;22/06/2023;13:06:58;37.54;Synchronized;;;1539;22/06/2023;13:08:03;37.46;Synchronized;;;
1540;22/06/2023;13:08:40;37.74;Synchronized;;;1540;22/06/2023;13:07:58;37.43;Synchronized;;;1540;22/06/2023;13:09:03;37.47;Synchronized;;;
1541;22/06/2023;13:09:40;37.74;Synchronized;;;1541;22/06/2023;13:08:58;37.44;Synchronized;;;1541;22/06/2023;13:10:03;37.48;Synchronized;;;
1542;22/06/2023;13:10:40;37.75;Synchronized;;;1542;22/06/2023;13:09:58;37.44;Synchronized;;;1542;22/06/2023;13:11:03;37.46;Synchronized;;;
1543;22/06/2023;13:11:40;37.79;Synchronized;;;1543;22/06/2023;13:10:58;37.44;Synchronized;;;1543;22/06/2023;13:12:03;37.47;Synchronized;;;
1544;22/06/2023;13:12:40;37.78;Synchronized;;;1544;22/06/2023;13:11:58;37.45;Synchronized;;;1544;22/06/2023;13:13:03;37.48;Synchronized;;;
1545;22/06/2023;13:13:40;37.78;Synchronized;;;1545;22/06/2023;13:12:58;37.43;Synchronized;;;1545;22/06/2023;13:14:03;37.48;Synchronized;;;
1546;22/06/2023;13:14:40;37.77;Synchronized;;;1546;22/06/2023;13:13:58;37.43;Synchronized;;;1546;22/06/2023;13:15:03;37.46;Synchronized;;;
1547;22/06/2023;13:15:40;37.75;Synchronized;;;1547;22/06/2023;13:14:58;37.44;Synchronized;;;1547;22/06/2023;13:16:03;37.48;Synchronized;;;
1548;22/06/2023;13:16:40;37.77;Synchronized;;;1548;22/06/2023;13:15:58;37.44;Synchronized;;;1548;22/06/2023;13:17:03;37.45;Synchronized;;;
1549;22/06/2023;13:17:40;37.77;Synchronized;;;1549;22/06/2023;13:16:58;37.41;Synchronized;;;1549;22/06/2023;13:18:02;37.42;Synchronized;;;
1550;22/06/2023;13:18:40;37.82;Synchronized;;;1550;22/06/2023;13:17:58;37.45;Synchronized;;;1550;22/06/2023;13:19:02;37.4;Synchronized;;;
1551;22/06/2023;13:19:40;37.77;Synchronized;;;1551;22/06/2023;13:18:58;37.45;Synchronized;;;1551;22/06/2023;13:20:02;37.39;Synchronized;;;
1552;22/06/2023;13:20:40;37.78;Synchronized;;;1552;22/06/2023;13:19:58;37.48;Synchronized;;;1552;22/06/2023;13:21:02;37.39;Synchronized;;;
1553;22/06/2023;13:21:40;37.78;Synchronized;;;1553;22/06/2023;13:20:58;37.46;Synchronized;;;1553;22/06/2023;13:22:02;37.38;Synchronized;;;
1554;22/06/2023;13:22:40;37.72;Synchronized;;;1554;22/06/2023;13:21:58;37.51;Synchronized;;;1554;22/06/2023;13:23:02;37.4;Synchronized;;;
1555;22/06/2023;13:23:40;37.73;Synchronized;;;1555;22/06/2023;13:22:58;37.54;Synchronized;;;1555;22/06/2023;13:24:02;37.45;;;;
1556;22/06/2023;13:24:40;37.71;Synchronized;;;1556;22/06/2023;13:23:58;37.55;Synchronized;;;1556;22/06/2023;13:25:02;37.46;Synchronized;;;
1557;22/06/2023;13:25:40;37.67;Synchronized;;;1557;22/06/2023;13:24:58;37.55;Synchronized;;;1557;22/06/2023;13:26:02;37.48;Synchronized;;;
1558;22/06/2023;13:26:40;37.65;Synchronized;;;1558;22/06/2023;13:25:58;37.56;Synchronized;;;1558;22/06/2023;13:27:02;37.48;Synchronized;;;
1559;22/06/2023;13:27:40;37.64;Synchronized;;;1559;22/06/2023;13:26:58;37.55;Synchronized;;;1559;22/06/2023;13:28:02;37.48;Synchronized;;;
1560;22/06/2023;13:28:40;37.64;Synchronized;;;1560;22/06/2023;13:27:58;37.56;Synchronized;;;1560;22/06/2023;13:29:02;37.52;;;;
1561;22/06/2023;13:29:40;37.63;Synchronized;;;1561;22/06/2023;13:28:58;37.56;Synchronized;;;1561;22/06/2023;13:30:02;37.5;;;;
1562;22/06/2023;13:30:40;37.64;Synchronized;;;1562;22/06/2023;13:29:58;37.55;;;;1562;22/06/2023;13:31:02;37.49;Synchronized;;;
1563;22/06/2023;13:31:40;37.65;;;;1563;22/06/2023;13:30:58;37.56;;;;1563;22/06/2023;13:32:01;37.52;Synchronized;;;
1564;22/06/2023;13:32:40;37.63;;;;1564;22/06/2023;13:31:58;37.54;;;;1564;22/06/2023;13:33:01;37.52;;;;
1565;22/06/2023;13:33:40;37.61;Synchronized;;;1565;22/06/2023;13:32:58;37.45;Synchronized;;;1565;22/06/2023;13:34:01;37.49;Synchronized;;;
1566;22/06/2023;13:34:40;37.61;Synchronized;;;1566;22/06/2023;13:33:58;37.44;Synchronized;;;1566;22/06/2023;13:35:01;37.5;Synchronized;;;
1567;22/06/2023;13:35:39;37.61;Synchronized;;;1567;22/06/2023;13:34:58;37.39;Synchronized;;;1567;22/06/2023;13:36:01;37.48;;;;
1568;22/06/2023;13:36:39;37.59;Synchronized;;;1568;22/06/2023;13:35:58;37.4;Synchronized;;;1568;22/06/2023;13:37:01;37.48;Synchronized;;;
1569;22/06/2023;13:37:39;37.58;Synchronized;;;1569;22/06/2023;13:36:58;37.48;;;;1569;22/06/2023;13:38:01;37.48;Synchronized;;;
1570;22/06/2023;13:38:39;37.59;;;;1570;22/06/2023;13:37:58;37.45;Synchronized;;;1570;22/06/2023;13:39:01;37.48;;;;
1571;22/06/2023;13:39:39;37.59;;;;1571;22/06/2023;13:38:58;37.44;Synchronized;;;1571;22/06/2023;13:40:01;37.47;;;;
1572;22/06/2023;13:40:39;37.56;Synchronized;;;1572;22/06/2023;13:39:58;37.42;Synchronized;;;1572;22/06/2023;13:41:01;37.48;Synchronized;;;
1573;22/06/2023;13:41:39;37.56;Synchronized;;;1573;22/06/2023;13:40:58;37.39;Synchronized;;;1573;22/06/2023;13:42:01;37.46;Synchronized;;;
1574;22/06/2023;13:42:39;37.55;Synchronized;;;1574;22/06/2023;13:41:58;37.34;Synchronized;;;1574;22/06/2023;13:43:01;37.46;Synchronized;;;
1575;22/06/2023;13:43:39;37.58;;;;1575;22/06/2023;13:42:58;37.36;Synchronized;;;1575;22/06/2023;13:44:01;37.46;Synchronized;;;
1576;22/06/2023;13:44:39;37.59;;;;1576;22/06/2023;13:43:58;37.4;Synchronized;;;1576;22/06/2023;13:45:00;37.45;Synchronized;;;
1577;22/06/2023;13:45:39;37.56;;;;1577;22/06/2023;13:44:58;37.42;Synchronized;;;1577;22/06/2023;13:46:00;37.47;Synchronized;;;
1578;22/06/2023;13:46:39;37.58;Synchronized;;;1578;22/06/2023;13:45:58;37.38;Synchronized;;;1578;22/06/2023;13:47:00;37.47;Synchronized;;;
1579;22/06/2023;13:47:39;37.58;Synchronized;;;1579;22/06/2023;13:46:58;37.37;Synchronized;;;1579;22/06/2023;13:48:00;37.48;Synchronized;;;
1580;22/06/2023;13:48:39;37.56;Synchronized;;;1580;22/06/2023;13:47:58;37.34;Synchronized;;;1580;22/06/2023;13:49:00;37.48;;;;
1581;22/06/2023;13:49:39;37.58;Synchronized;;;1581;22/06/2023;13:48:58;37.38;Synchronized;;;1581;22/06/2023;13:50:00;37.5;Synchronized;;;
1582;22/06/2023;13:50:39;37.58;Synchronized;;;1582;22/06/2023;13:49:58;37.43;Synchronized;;;1582;22/06/2023;13:51:00;37.48;;;;
1583;22/06/2023;13:51:39;37.54;;;;1583;22/06/2023;13:50:58;37.34;Synchronized;;;1583;22/06/2023;13:52:00;37.49;Synchronized;;;
1584;22/06/2023;13:52:39;37.54;;;;1584;22/06/2023;13:51:58;37.32;Synchronized;;;1584;22/06/2023;13:53:00;37.51;;;;
1585;22/06/2023;13:53:39;37.5;;;;1585;22/06/2023;13:52:58;37.4;Synchronized;;;1585;22/06/2023;13:54:00;37.5;;;;
1586;22/06/2023;13:54:38;37.51;;;;1586;22/06/2023;13:53:58;37.34;Synchronized;;;1586;22/06/2023;13:55:00;37.48;;;;
1587;22/06/2023;13:55:38;37.5;;;;1587;22/06/2023;13:54:58;37.29;Synchronized;;;1587;22/06/2023;13:56:00;37.48;Synchronized;;;
1588;22/06/2023;13:56:38;37.49;Synchronized;;;1588;22/06/2023;13:55:58;37.29;Synchronized;;;1588;22/06/2023;13:56:59;37.48;;;;
1589;22/06/2023;13:57:38;37.48;Synchronized;;;1589;22/06/2023;13:56:58;37.26;;;;1589;22/06/2023;13:57:59;37.48;Synchronized;;;
1590;22/06/2023;13:58:38;37.47;Synchronized;;;1590;22/06/2023;13:57:58;37.27;;;;1590;22/06/2023;13:58:59;37.48;Synchronized;;;
1591;22/06/2023;13:59:38;37.48;;;;1591;22/06/2023;13:58:58;37.27;Synchronized;;;1591;22/06/2023;13:59:59;37.47;Synchronized;;;
1592;22/06/2023;14:00:38;37.47;;;;1592;22/06/2023;13:59:58;37.24;Synchronized;;;1592;22/06/2023;14:00:59;37.48;Synchronized;;;
1593;22/06/2023;14:01:38;37.48;Synchronized;;;1593;22/06/2023;14:00:58;37.25;Synchronized;;;1593;22/06/2023;14:01:59;37.48;;;;
1594;22/06/2023;14:02:38;37.46;Synchronized;;;1594;22/06/2023;14:01:58;37.23;Synchronized;;;1594;22/06/2023;14:02:59;37.48;Synchronized;;;
1595;22/06/2023;14:03:38;37.45;Synchronized;;;1595;22/06/2023;14:02:58;37.26;Synchronized;;;1595;22/06/2023;14:03:59;37.5;Synchronized;;;
1596;22/06/2023;14:04:38;37.43;;;;1596;22/06/2023;14:03:58;37.24;Synchronized;;;1596;22/06/2023;14:04:59;37.48;Synchronized;;;
1597;22/06/2023;14:05:38;37.46;;;;1597;22/06/2023;14:04:58;37.27;Synchronized;;;1597;22/06/2023;14:05:59;37.51;;;;
1598;22/06/2023;14:06:38;37.46;;;;1598;22/06/2023;14:05:58;37.23;Synchronized;;;1598;22/06/2023;14:06:59;37.49;;;;
1599;22/06/2023;14:07:38;37.42;;;;1599;22/06/2023;14:06:58;37.23;Synchronized;;;1599;22/06/2023;14:07:58;37.52;;;;
1600;22/06/2023;14:08:38;37.48;;;;1600;22/06/2023;14:07:58;37.24;Synchronized;;;1600;22/06/2023;14:08:58;37.5;;;;
1601;22/06/2023;14:09:38;37.48;;;;1601;22/06/2023;14:08:58;37.26;Synchronized;;;1601;22/06/2023;14:09:58;37.5;;;;
1602;22/06/2023;14:10:38;37.48;Synchronized;;;1602;22/06/2023;14:09:58;37.27;Synchronized;;;1602;22/06/2023;14:10:58;37.46;;;;
1603;22/06/2023;14:11:38;37.47;;;;1603;22/06/2023;14:10:58;37.3;Synchronized;;;1603;22/06/2023;14:11:58;37.44;;;;
1604;22/06/2023;14:12:38;37.48;Synchronized;;;1604;22/06/2023;14:11:58;37.34;Synchronized;;;1604;22/06/2023;14:12:58;37.51;Synchronized;;;
1605;22/06/2023;14:13:37;37.5;Synchronized;;;1605;22/06/2023;14:12:58;37.31;Synchronized;;;1605;22/06/2023;14:13:58;37.5;Synchronized;;;
1606;22/06/2023;14:14:37;37.48;;;;1606;22/06/2023;14:13:58;37.29;Synchronized;;;1606;22/06/2023;14:14:58;37.5;Synchronized;;;
1607;22/06/2023;14:15:37;37.48;Synchronized;;;1607;22/06/2023;14:14:57;37.27;Synchronized;;;1607;22/06/2023;14:15:58;37.48;;;;
1608;22/06/2023;14:16:37;37.51;;;;1608;22/06/2023;14:15:57;37.24;Synchronized;;;1608;22/06/2023;14:16:58;37.48;;;;
1609;22/06/2023;14:17:37;37.5;;;;1609;22/06/2023;14:16:57;37.25;Synchronized;;;1609;22/06/2023;14:17:58;37.46;;;;
1610;22/06/2023;14:18:37;37.46;;;;1610;22/06/2023;14:17:57;37.26;Synchronized;;;1610;22/06/2023;14:18:58;37.45;;;;
1611;22/06/2023;14:19:37;37.47;Synchronized;;;1611;22/06/2023;14:18:57;37.24;Synchronized;;;1611;22/06/2023;14:19:58;37.46;;;;
1612;22/06/2023;14:20:37;37.46;;;;1612;22/06/2023;14:19:57;37.26;Synchronized;;;1612;22/06/2023;14:20:57;37.47;;;;
1613;22/06/2023;14:21:37;37.46;;;;1613;22/06/2023;14:20:57;37.23;Synchronized;;;1613;22/06/2023;14:21:57;37.46;;;;
1614;22/06/2023;14:22:37;37.46;;;;1614;22/06/2023;14:21:57;37.24;Synchronized;;;1614;22/06/2023;14:22:57;37.46;;;;
1615;22/06/2023;14:23:37;37.45;;;;1615;22/06/2023;14:22:57;37.26;Synchronized;;;1615;22/06/2023;14:23:57;37.45;;;;
1616;22/06/2023;14:24:37;37.45;Synchronized;;;1616;22/06/2023;14:23:57;37.26;Synchronized;;;1616;22/06/2023;14:24:57;37.45;;;;
1617;22/06/2023;14:25:37;37.46;;;;1617;22/06/2023;14:24:57;37.23;Synchronized;;;1617;22/06/2023;14:25:57;37.45;;;;
1618;22/06/2023;14:26:37;37.48;;;;1618;22/06/2023;14:25:57;37.23;Synchronized;;;1618;22/06/2023;14:26:57;37.45;;;;
1619;22/06/2023;14:27:37;37.45;;;;1619;22/06/2023;14:26:57;37.22;Synchronized;;;1619;22/06/2023;14:27:57;37.45;;;;
1620;22/06/2023;14:28:37;37.45;;;;1620;22/06/2023;14:27:57;37.23;Synchronized;;;1620;22/06/2023;14:28:57;37.46;;;;
1621;22/06/2023;14:29:37;37.49;;;;1621;22/06/2023;14:28:57;37.23;Synchronized;;;1621;22/06/2023;14:29:57;37.45;;;;
1622;22/06/2023;14:30:37;37.49;Synchronized;;;1622;22/06/2023;14:29:57;37.22;Synchronized;;;1622;22/06/2023;14:30:57;37.44;;;;
1623;22/06/2023;14:31:36;37.49;Synchronized;;;1623;22/06/2023;14:30:57;37.2;Synchronized;;;1623;22/06/2023;14:31:57;37.4;;;;
1624;22/06/2023;14:32:36;37.5;;;;1624;22/06/2023;14:31:57;37.2;;;;1624;22/06/2023;14:32:57;37.41;;;;
1625;22/06/2023;14:33:36;37.51;Synchronized;;;1625;22/06/2023;14:32:57;37.19;;;;1625;22/06/2023;14:33:56;37.44;;;;
1626;22/06/2023;14:34:36;37.49;;;;1626;22/06/2023;14:33:57;37.18;Synchronized;;;1626;22/06/2023;14:34:56;37.43;;;;
1627;22/06/2023;14:35:36;37.52;;;;1627;22/06/2023;14:34:57;37.19;Synchronized;;;1627;22/06/2023;14:35:56;37.45;;;;
1628;22/06/2023;14:36:36;37.5;Synchronized;;;1628;22/06/2023;14:35:57;37.2;Synchronized;;;1628;22/06/2023;14:36:56;37.49;;;;
1629;22/06/2023;14:37:36;37.52;Synchronized;;;1629;22/06/2023;14:36:57;37.2;Synchronized;;;1629;22/06/2023;14:37:56;37.46;;;;
1630;22/06/2023;14:38:36;37.54;Synchronized;;;1630;22/06/2023;14:37:57;37.22;Synchronized;;;1630;22/06/2023;14:38:56;37.48;;;;
1631;22/06/2023;14:39:36;37.55;;;;1631;22/06/2023;14:38:57;37.23;Synchronized;;;1631;22/06/2023;14:39:56;37.48;;;;
1632;22/06/2023;14:40:36;37.55;Synchronized;;;1632;22/06/2023;14:39:57;37.22;Synchronized;;;1632;22/06/2023;14:40:56;37.47;Synchronized;;;
1633;22/06/2023;14:41:36;37.56;;;;1633;22/06/2023;14:40:57;37.23;Synchronized;;;1633;22/06/2023;14:41:56;37.48;Synchronized;;;
1634;22/06/2023;14:42:36;37.55;Synchronized;;;1634;22/06/2023;14:41:57;37.2;Synchronized;;;1634;22/06/2023;14:42:55;37.55;Synchronized;;;
1635;22/06/2023;14:43:36;37.52;;;;1635;22/06/2023;14:42:57;37.2;Synchronized;;;1635;22/06/2023;14:43:55;37.56;Synchronized;;;
1636;22/06/2023;14:44:36;37.49;Synchronized;;;1636;22/06/2023;14:43:57;37.22;Synchronized;;;1636;22/06/2023;14:44:55;37.55;Synchronized;;;
1637;22/06/2023;14:45:36;37.5;Synchronized;;;1637;22/06/2023;14:44:57;37.27;Synchronized;;;1637;22/06/2023;14:45:55;37.55;;;;
1638;22/06/2023;14:46:36;37.49;;;;1638;22/06/2023;14:45:57;37.27;Synchronized;;;1638;22/06/2023;14:46:55;37.55;;;;
1639;22/06/2023;14:47:36;37.48;Synchronized;;;1639;22/06/2023;14:46:57;37.3;Synchronized;;;1639;22/06/2023;14:47:55;37.52;Synchronized;;;
1640;22/06/2023;14:48:36;37.5;;;;1640;22/06/2023;14:47:57;37.3;Synchronized;;;1640;22/06/2023;14:48:55;37.5;Synchronized;;;
1641;22/06/2023;14:49:36;37.5;Synchronized;;;1641;22/06/2023;14:48:57;37.3;Synchronized;;;1641;22/06/2023;14:49:55;37.51;;;;
1642;22/06/2023;14:50:36;37.52;Synchronized;;;1642;22/06/2023;14:49:57;37.27;Synchronized;;;1642;22/06/2023;14:50:55;37.52;Synchronized;;;
1643;22/06/2023;14:51:36;37.51;Synchronized;;;1643;22/06/2023;14:50:57;37.27;Synchronized;;;1643;22/06/2023;14:51:55;37.52;;;;
1644;22/06/2023;14:52:36;37.51;;;;1644;22/06/2023;14:51:57;37.3;Synchronized;;;1644;22/06/2023;14:52:55;37.53;Synchronized;;;
1645;22/06/2023;14:53:36;37.51;;;;1645;22/06/2023;14:52:57;37.3;Synchronized;;;1645;22/06/2023;14:53:55;37.48;;;;
1646;22/06/2023;14:54:36;37.5;Synchronized;;;1646;22/06/2023;14:53:57;37.31;Synchronized;;;1646;22/06/2023;14:54:55;37.5;Synchronized;;;
1647;22/06/2023;14:55:36;37.51;;;;1647;22/06/2023;14:54:57;37.33;Synchronized;;;1647;22/06/2023;14:55:54;37.47;Synchronized;;;
1648;22/06/2023;14:56:36;37.49;Synchronized;;;1648;22/06/2023;14:55:57;37.3;Synchronized;;;1648;22/06/2023;14:56:54;37.5;;;;
1649;22/06/2023;14:57:36;37.48;Synchronized;;;1649;22/06/2023;14:56:57;37.29;Synchronized;;;1649;22/06/2023;14:57:54;37.48;;;;
1650;22/06/2023;14:58:35;37.48;Synchronized;;;1650;22/06/2023;14:57:57;37.34;Synchronized;;;1650;22/06/2023;14:58:54;37.48;Synchronized;;;
1651;22/06/2023;14:59:35;37.5;;;;1651;22/06/2023;14:58:57;37.34;Synchronized;;;1651;22/06/2023;14:59:54;37.47;;;;
1652;22/06/2023;15:00:35;37.49;Synchronized;;;1652;22/06/2023;14:59:57;37.3;Synchronized;;;1652;22/06/2023;15:00:54;37.47;;;;
1653;22/06/2023;15:01:35;37.47;Synchronized;;;1653;22/06/2023;15:00:57;37.26;Synchronized;;;1653;22/06/2023;15:01:54;37.47;;;;
1654;22/06/2023;15:02:35;37.49;;;;1654;22/06/2023;15:01:57;37.27;Synchronized;;;1654;22/06/2023;15:02:54;37.47;Synchronized;;;
1655;22/06/2023;15:03:35;37.52;Synchronized;;;1655;22/06/2023;15:02:57;37.27;Synchronized;;;1655;22/06/2023;15:03:54;37.48;;;;
1656;22/06/2023;15:04:35;37.49;;;;1656;22/06/2023;15:03:56;37.27;Synchronized;;;1656;22/06/2023;15:04:54;37.49;;;;
1657;22/06/2023;15:05:35;37.51;Synchronized;;;1657;22/06/2023;15:04:56;37.27;Synchronized;;;1657;22/06/2023;15:05:54;37.51;;;;
1658;22/06/2023;15:06:35;37.48;Synchronized;;;1658;22/06/2023;15:05:56;37.23;Synchronized;;;1658;22/06/2023;15:06:54;37.52;;;;
1659;22/06/2023;15:07:35;37.47;Synchronized;;;1659;22/06/2023;15:06:56;37.23;Synchronized;;;1659;22/06/2023;15:07:54;37.5;;;;
1660;22/06/2023;15:08:35;37.38;Synchronized;;;1660;22/06/2023;15:07:56;37.24;Synchronized;;;1660;22/06/2023;15:08:53;37.53;;;;
1661;22/06/2023;15:09:35;37.42;Synchronized;;;1661;22/06/2023;15:08:56;37.27;Synchronized;;;1661;22/06/2023;15:09:53;37.53;;;;
1662;22/06/2023;15:10:35;37.46;Synchronized;;;1662;22/06/2023;15:09:56;37.23;Synchronized;;;1662;22/06/2023;15:10:53;37.58;;;;
1663;22/06/2023;15:11:35;37.48;Synchronized;;;1663;22/06/2023;15:10:56;37.25;Synchronized;;;1663;22/06/2023;15:11:53;37.57;;;;
1664;22/06/2023;15:12:35;37.53;Synchronized;;;1664;22/06/2023;15:11:56;37.3;Synchronized;;;1664;22/06/2023;15:12:53;37.57;;;;
1665;22/06/2023;15:13:35;37.55;;;;1665;22/06/2023;15:12:56;37.33;Synchronized;;;1665;22/06/2023;15:13:53;37.59;;;;
1666;22/06/2023;15:14:35;37.56;Synchronized;;;1666;22/06/2023;15:13:56;37.33;Synchronized;;;1666;22/06/2023;15:14:53;37.56;;;;
1667;22/06/2023;15:15:35;37.58;Synchronized;;;1667;22/06/2023;15:14:56;37.33;Synchronized;;;1667;22/06/2023;15:15:53;37.59;;;;
1668;22/06/2023;15:16:34;37.55;Synchronized;;;1668;22/06/2023;15:15:56;37.37;Synchronized;;;1668;22/06/2023;15:16:53;37.58;;;;
1669;22/06/2023;15:17:34;37.59;;;;1669;22/06/2023;15:16:56;37.4;Synchronized;;;1669;22/06/2023;15:17:53;37.56;;;;
1670;22/06/2023;15:18:34;37.55;;;;1670;22/06/2023;15:17:56;37.42;Synchronized;;;1670;22/06/2023;15:18:52;37.5;;;;
1671;22/06/2023;15:19:34;37.55;;;;1671;22/06/2023;15:18:56;37.45;Synchronized;;;1671;22/06/2023;15:19:52;37.46;;;;
1672;22/06/2023;15:20:34;37.55;Synchronized;;;1672;22/06/2023;15:19:56;37.45;Synchronized;;;1672;22/06/2023;15:20:52;37.38;;;;
1673;22/06/2023;15:21:34;37.55;Synchronized;;;1673;22/06/2023;15:20:56;37.48;Synchronized;;;1673;22/06/2023;15:21:52;37.45;;;;
1674;22/06/2023;15:22:34;37.54;Synchronized;;;1674;22/06/2023;15:21:56;37.49;Synchronized;;;1674;22/06/2023;15:22:52;37.36;;;;
1675;22/06/2023;15:23:34;37.55;Synchronized;;;1675;22/06/2023;15:22:56;37.48;Synchronized;;;1675;22/06/2023;15:23:52;37.31;Synchronized;;;
1676;22/06/2023;15:24:34;37.56;;;;1676;22/06/2023;15:23:56;37.5;Synchronized;;;1676;22/06/2023;15:24:52;37.33;Synchronized;;;
1677;22/06/2023;15:25:34;37.59;Synchronized;;;1677;22/06/2023;15:24:56;37.51;Synchronized;;;1677;22/06/2023;15:25:52;37.34;;;;
1678;22/06/2023;15:26:34;37.54;Synchronized;;;1678;22/06/2023;15:25:56;37.48;Synchronized;;;1678;22/06/2023;15:26:52;37.34;Synchronized;;;
1679;22/06/2023;15:27:34;37.53;Synchronized;;;1679;22/06/2023;15:26:56;37.45;Synchronized;;;1679;22/06/2023;15:27:52;37.38;Synchronized;;;
1680;22/06/2023;15:28:34;37.55;Synchronized;;;1680;22/06/2023;15:27:56;37.48;Synchronized;;;1680;22/06/2023;15:28:52;37.41;;;;
1681;22/06/2023;15:29:34;37.55;;;;1681;22/06/2023;15:28:56;37.48;Synchronized;;;1681;22/06/2023;15:29:52;37.48;;;;
1682;22/06/2023;15:30:34;37.58;Synchronized;;;1682;22/06/2023;15:29:56;37.45;Synchronized;;;1682;22/06/2023;15:30:52;37.58;;;;
1683;22/06/2023;15:31:34;37.58;;;;1683;22/06/2023;15:30:56;37.45;Synchronized;;;1683;22/06/2023;15:31:51;37.63;;;;
1684;22/06/2023;15:32:34;37.59;Synchronized;;;1684;22/06/2023;15:31:56;37.42;Synchronized;;;1684;22/06/2023;15:32:51;37.63;Synchronized;;;
1685;22/06/2023;15:33:34;37.59;Synchronized;;;1685;22/06/2023;15:32:56;37.4;Synchronized;;;1685;22/06/2023;15:33:51;37.67;Synchronized;;;
1686;22/06/2023;15:34:34;37.58;Synchronized;;;1686;22/06/2023;15:33:56;37.39;Synchronized;;;1686;22/06/2023;15:34:51;37.74;;;;
1687;22/06/2023;15:35:34;37.59;Synchronized;;;1687;22/06/2023;15:34:56;37.39;Synchronized;;;1687;22/06/2023;15:35:51;37.7;;;;
1688;22/06/2023;15:36:34;37.56;Synchronized;;;1688;22/06/2023;15:35:56;37.36;Synchronized;;;1688;22/06/2023;15:36:51;37.69;;;;
1689;22/06/2023;15:37:33;37.55;Synchronized;;;1689;22/06/2023;15:36:56;37.37;Synchronized;;;1689;22/06/2023;15:37:51;37.69;Synchronized;;;
1690;22/06/2023;15:38:33;37.58;Synchronized;;;1690;22/06/2023;15:37:56;37.37;Synchronized;;;1690;22/06/2023;15:38:51;37.6;Synchronized;;;
1691;22/06/2023;15:39:33;37.6;Synchronized;;;1691;22/06/2023;15:38:56;37.38;Synchronized;;;1691;22/06/2023;15:39:51;37.59;;;;
1692;22/06/2023;15:40:33;37.6;Synchronized;;;1692;22/06/2023;15:39:56;37.39;Synchronized;;;1692;22/06/2023;15:40:51;37.59;;;;
1693;22/06/2023;15:41:33;37.59;Synchronized;;;1693;22/06/2023;15:40:56;37.4;Synchronized;;;1693;22/06/2023;15:41:50;37.58;;;;
1694;22/06/2023;15:42:33;37.61;;;;1694;22/06/2023;15:41:56;37.37;Synchronized;;;1694;22/06/2023;15:42:50;37.6;;;;
1695;22/06/2023;15:43:33;37.62;;;;1695;22/06/2023;15:42:56;37.34;Synchronized;;;1695;22/06/2023;15:43:50;37.51;;;;
1696;22/06/2023;15:44:33;37.59;;;;1696;22/06/2023;15:43:56;37.27;Synchronized;;;1696;22/06/2023;15:44:50;37.48;;;;
1697;22/06/2023;15:45:33;37.63;;;;1697;22/06/2023;15:44:56;37.26;Synchronized;;;1697;22/06/2023;15:45:50;37.47;;;;
1698;22/06/2023;15:46:33;37.56;;;;1698;22/06/2023;15:45:56;37.26;Synchronized;;;1698;22/06/2023;15:46:50;37.45;;;;
1699;22/06/2023;15:47:33;37.58;Synchronized;;;1699;22/06/2023;15:46:56;37.26;Synchronized;;;1699;22/06/2023;15:47:50;37.45;Synchronized;;;
1700;22/06/2023;15:48:33;37.58;;;;1700;22/06/2023;15:47:56;37.3;Synchronized;;;1700;22/06/2023;15:48:50;37.42;Synchronized;;;
1701;22/06/2023;15:49:33;37.59;Synchronized;;;1701;22/06/2023;15:48:56;37.36;Synchronized;;;1701;22/06/2023;15:49:50;37.39;Synchronized;;;
1702;22/06/2023;15:50:33;37.59;Synchronized;;;1702;22/06/2023;15:49:56;37.39;Synchronized;;;1702;22/06/2023;15:50:50;37.39;Synchronized;;;
1703;22/06/2023;15:51:33;37.59;;;;1703;22/06/2023;15:50:56;37.37;Synchronized;;;1703;22/06/2023;15:51:50;37.37;Synchronized;;;
1704;22/06/2023;15:52:33;37.6;;;;1704;22/06/2023;15:51:56;37.38;Synchronized;;;1704;22/06/2023;15:52:49;37.38;Synchronized;;;
1705;22/06/2023;15:53:33;37.61;;;;1705;22/06/2023;15:52:56;37.39;Synchronized;;;1705;22/06/2023;15:53:49;37.43;Synchronized;;;
1706;22/06/2023;15:54:32;37.61;;;;1706;22/06/2023;15:53:56;37.38;Synchronized;;;1706;22/06/2023;15:54:49;37.48;Synchronized;;;
1707;22/06/2023;15:55:32;37.6;;;;1707;22/06/2023;15:54:56;37.38;Synchronized;;;1707;22/06/2023;15:55:49;37.57;Synchronized;;;
1708;22/06/2023;15:56:33;37.63;;;;1708;22/06/2023;15:55:56;37.39;Synchronized;;;1708;22/06/2023;15:56:49;37.57;;;;
1709;22/06/2023;15:57:33;37.61;Synchronized;;;1709;22/06/2023;15:56:56;37.41;Synchronized;;;1709;22/06/2023;15:57:49;37.61;;;;
1710;22/06/2023;15:58:32;37.62;;;;1710;22/06/2023;15:57:56;37.44;Synchronized;;;1710;22/06/2023;15:58:49;37.61;;;;
1711;22/06/2023;15:59:32;37.61;Synchronized;;;1711;22/06/2023;15:58:56;37.41;Synchronized;;;1711;22/06/2023;15:59:49;37.58;Synchronized;;;
1712;22/06/2023;16:00:32;37.58;;;;1712;22/06/2023;15:59:56;37.38;Synchronized;;;1712;22/06/2023;16:00:49;37.52;Synchronized;;;
1713;22/06/2023;16:01:32;37.56;Synchronized;;;1713;22/06/2023;16:00:56;37.39;Synchronized;;;1713;22/06/2023;16:01:48;37.53;Synchronized;;;
1714;22/06/2023;16:02:32;37.55;;;;1714;22/06/2023;16:01:56;37.4;Synchronized;;;1714;22/06/2023;16:02:48;37.59;;;;
1715;22/06/2023;16:03:32;37.56;;;;1715;22/06/2023;16:02:56;37.38;Synchronized;;;1715;22/06/2023;16:03:48;37.63;;;;
1716;22/06/2023;16:04:32;37.59;;;;1716;22/06/2023;16:03:55;37.35;Synchronized;;;1716;22/06/2023;16:04:48;37.62;;;;
1717;22/06/2023;16:05:32;37.63;;;;1717;22/06/2023;16:04:55;37.23;Synchronized;;;1717;22/06/2023;16:05:48;37.63;;;;
1718;22/06/2023;16:06:32;37.62;;;;1718;22/06/2023;16:05:55;37.23;Synchronized;;;1718;22/06/2023;16:06:48;37.64;;;;
1719;22/06/2023;16:07:32;37.62;;;;1719;22/06/2023;16:06:55;37.3;Synchronized;;;1719;22/06/2023;16:07:48;37.61;;;;
1720;22/06/2023;16:08:32;37.61;;;;1720;22/06/2023;16:07:55;37.32;Synchronized;;;1720;22/06/2023;16:08:48;37.59;;;;
1721;22/06/2023;16:09:32;37.61;;;;1721;22/06/2023;16:08:55;37.32;Synchronized;;;1721;22/06/2023;16:09:48;37.57;;;;
1722;22/06/2023;16:10:32;37.6;;;;1722;22/06/2023;16:09:55;37.3;Synchronized;;;1722;22/06/2023;16:10:48;37.55;;;;
1723;22/06/2023;16:11:32;37.6;;;;1723;22/06/2023;16:10:55;37.3;Synchronized;;;1723;22/06/2023;16:11:48;37.59;Synchronized;;;
1724;22/06/2023;16:12:32;37.6;Synchronized;;;1724;22/06/2023;16:11:55;37.27;Synchronized;;;1724;22/06/2023;16:12:48;37.56;Synchronized;;;
1725;22/06/2023;16:13:32;37.61;Synchronized;;;1725;22/06/2023;16:12:55;37.27;Synchronized;;;1725;22/06/2023;16:13:47;37.56;Synchronized;;;
1726;22/06/2023;16:14:32;37.63;Synchronized;;;1726;22/06/2023;16:13:55;37.25;Synchronized;;;1726;22/06/2023;16:14:47;37.55;Synchronized;;;
1727;22/06/2023;16:15:32;37.62;;;;1727;22/06/2023;16:14:55;37.23;Synchronized;;;1727;22/06/2023;16:15:47;37.56;;;;
1728;22/06/2023;16:16:32;37.63;;;;1728;22/06/2023;16:15:55;37.22;Synchronized;;;1728;22/06/2023;16:16:47;37.58;;;;
1729;22/06/2023;16:17:32;37.63;;;;1729;22/06/2023;16:16:55;37.22;Synchronized;;;1729;22/06/2023;16:17:47;37.58;Synchronized;;;
1730;22/06/2023;16:18:32;37.64;;;;1730;22/06/2023;16:17:55;37.18;Synchronized;;;1730;22/06/2023;16:18:47;37.58;Synchronized;;;
1731;22/06/2023;16:19:32;37.63;Synchronized;;;1731;22/06/2023;16:18:55;37.17;Synchronized;;;1731;22/06/2023;16:19:47;37.59;Synchronized;;;
1732;22/06/2023;16:20:32;37.61;Synchronized;;;1732;22/06/2023;16:19:55;37.11;Synchronized;;;1732;22/06/2023;16:20:47;37.6;Synchronized;;;
1733;22/06/2023;16:21:32;37.62;Synchronized;;;1733;22/06/2023;16:20:55;37.11;Synchronized;;;1733;22/06/2023;16:21:46;37.6;Synchronized;;;
1734;22/06/2023;16:22:32;37.63;Synchronized;;;1734;22/06/2023;16:21:55;37.13;Synchronized;;;1734;22/06/2023;16:22:46;37.57;Synchronized;;;
1735;22/06/2023;16:23:32;37.62;Synchronized;;;1735;22/06/2023;16:22:55;37.13;Synchronized;;;1735;22/06/2023;16:23:46;37.62;Synchronized;;;
1736;22/06/2023;16:24:32;37.61;Synchronized;;;1736;22/06/2023;16:23:55;37.13;Synchronized;;;1736;22/06/2023;16:24:46;37.63;Synchronized;;;
1737;22/06/2023;16:25:32;37.63;Synchronized;;;1737;22/06/2023;16:24:55;37.13;Synchronized;;;1737;22/06/2023;16:25:46;37.69;Synchronized;;;
1738;22/06/2023;16:26:32;37.64;Synchronized;;;1738;22/06/2023;16:25:55;37.1;Synchronized;;;1738;22/06/2023;16:26:46;37.75;Synchronized;;;
1739;22/06/2023;16:27:32;37.65;Synchronized;;;1739;22/06/2023;16:26:55;37.14;Synchronized;;;1739;22/06/2023;16:27:46;37.75;Synchronized;;;
1740;22/06/2023;16:28:32;37.64;Synchronized;;;1740;22/06/2023;16:27:55;37.15;Synchronized;;;1740;22/06/2023;16:28:46;37.72;Synchronized;;;
1741;22/06/2023;16:29:32;37.63;Synchronized;;;1741;22/06/2023;16:28:55;37.12;Synchronized;;;1741;22/06/2023;16:29:45;37.73;Synchronized;;;
1742;22/06/2023;16:30:31;37.66;Synchronized;;;1742;22/06/2023;16:29:55;37.11;Synchronized;;;1742;22/06/2023;16:30:45;37.73;Synchronized;;;
1743;22/06/2023;16:31:31;37.63;Synchronized;;;1743;22/06/2023;16:30:55;37.11;Synchronized;;;1743;22/06/2023;16:31:45;37.71;Synchronized;;;
1744;22/06/2023;16:32:31;37.65;Synchronized;;;1744;22/06/2023;16:31:55;37.12;Synchronized;;;1744;22/06/2023;16:32:45;37.76;Synchronized;;;
1745;22/06/2023;16:33:31;37.61;Synchronized;;;1745;22/06/2023;16:32:55;37.07;;;;1745;22/06/2023;16:33:45;37.78;Synchronized;;;
1746;22/06/2023;16:34:31;37.59;Synchronized;;;1746;22/06/2023;16:33:55;37.06;;;;1746;22/06/2023;16:34:45;37.78;Synchronized;;;
1747;22/06/2023;16:35:31;37.56;Synchronized;;;1747;22/06/2023;16:34:55;;Missing data;;;1747;22/06/2023;16:35:45;37.75;Synchronized;;;
1748;22/06/2023;16:36:31;37.59;Synchronized;;;1748;22/06/2023;16:35:55;;Missing data;;;1748;22/06/2023;16:36:45;37.75;Synchronized;;;
1749;22/06/2023;16:37:31;37.6;Synchronized;;;1749;22/06/2023;16:36:55;37.09;;;;1749;22/06/2023;16:37:44;37.74;Synchronized;;;
1750;22/06/2023;16:38:31;37.59;Synchronized;;;1750;22/06/2023;16:37:55;37.11;;;;1750;22/06/2023;16:38:44;37.73;Synchronized;;;
1751;22/06/2023;16:39:31;37.6;Synchronized;;;1751;22/06/2023;16:38:55;;Missing data;;;1751;22/06/2023;16:39:44;37.72;Synchronized;;;
1752;22/06/2023;16:40:31;37.59;;;;1752;22/06/2023;16:39:55;;Missing data;;;1752;22/06/2023;16:40:44;37.73;;;;
1753;22/06/2023;16:41:31;37.58;Synchronized;;;1753;22/06/2023;16:40:55;;Missing data;;;1753;22/06/2023;16:41:44;37.72;;;;
1754;22/06/2023;16:42:31;37.59;;;;1754;22/06/2023;16:41:55;;Missing data;;;;;;;;;;
1755;22/06/2023;16:43:31;37.6;;;;1755;22/06/2023;16:42:55;37.16;;;;;;;;;;;
1756;22/06/2023;16:44:31;37.59;;;;1756;22/06/2023;16:43:55;;Missing data;;;;;;;;;;
1757;22/06/2023;16:45:31;37.6;;;;1757;22/06/2023;16:44:55;;Missing data;;;;;;;;;;
1758;22/06/2023;16:46:31;37.63;;;;1758;22/06/2023;16:45:55;;Missing data;;;;;;;;;;
;;;;;;;1759;22/06/2023;16:46:55;;Missing data;;;;;;;;;;
;;;;;;;1760;22/06/2023;16:47:55;37.15;;;;;;;;;;;
;
;