SenseLab_M03;
Time Zone;UTC+2:00;
Monitor;80.80.10.EA;
;
Pill n°1;24.00.1D.B3;;;;;;Pill n°2;24.00.1D.33;;;;;;Pill n°3;24.00.1B.10;;;;;;
Sample number;Date (dd/mm/yyyy);Hour;Temperature (°C);Status;;;Sample number;Date (dd/mm/yyyy);Hour;Temperature (°C);Status;;;Sample number;Date (dd/mm/yyyy);Hour;Temperature (°C);Status;;;
1;06/06/2023;17:42:48;26.83;;;;1;06/06/2023;17:44:04;27.36;;;;1;05/06/2023;17:52:31;28.61;;;;
2;06/06/2023;17:43:48;27.14;;;;2;06/06/2023;17:45:04;27.96;;;;2;05/06/2023;17:53:31;28.88;;;;
3;06/06/2023;17:44:48;26.67;;;;3;06/06/2023;17:46:04;27.34;;;;3;05/06/2023;17:54:31;28.45;;;;
4;06/06/2023;17:45:48;26.3;;;;4;06/06/2023;17:47:04;26.85;;;;4;05/06/2023;17:55:31;28.16;;;;
5;06/06/2023;17:46:48;26.07;;;;5;06/06/2023;17:48:04;26.46;;;;5;05/06/2023;17:56:31;27.89;;;;
6;06/06/2023;17:47:48;25.85;;;;6;06/06/2023;17:49:04;26.17;;;;6;05/06/2023;17:57:31;27.73;;;;
7;06/06/2023;17:48:48;25.7;;;;7;06/06/2023;17:50:04;25.97;;;;7;05/06/2023;17:58:31;27.55;;;;
8;06/06/2023;17:49:48;25.55;;;;8;06/06/2023;17:51:04;25.77;;;;8;05/06/2023;17:59:31;27.38;;;;
9;06/06/2023;17:50:47;25.46;;;;9;06/06/2023;17:52:04;25.61;;;;9;05/06/2023;18:00:30;27.25;;;;
10;06/06/2023;17:51:47;25.36;;;;10;06/06/2023;17:53:03;25.49;;;;10;05/06/2023;18:01:30;27.15;;;;
11;06/06/2023;17:52:47;25.28;;;;11;06/06/2023;17:54:03;25.39;;;;11;05/06/2023;18:02:30;27.07;;;;
12;06/06/2023;17:53:47;25.18;;;;12;06/06/2023;17:55:03;25.3;;;;12;05/06/2023;18:03:30;26.97;;;;
13;06/06/2023;17:54:47;25.14;;;;13;06/06/2023;17:56:03;25.27;;;;13;05/06/2023;18:04:30;26.78;;;;
14;06/06/2023;17:55:47;25.09;;;;14;06/06/2023;17:57:03;25.2;;;;14;05/06/2023;18:05:30;26.48;;;;
15;06/06/2023;17:56:47;25.05;;;;15;06/06/2023;17:58:03;25.16;Synchronized;;;15;05/06/2023;18:06:30;26.27;;;;
16;06/06/2023;17:57:47;25.01;Synchronized;;;16;06/06/2023;17:59:03;25.12;Synchronized;;;16;05/06/2023;18:07:30;26.06;;;;
17;06/06/2023;17:58:47;25;Synchronized;;;17;06/06/2023;18:00:02;25.34;Synchronized;;;17;05/06/2023;18:08:30;25.91;Synchronized;;;
18;06/06/2023;17:59:47;25.24;;;;18;06/06/2023;18:01:02;25.48;;;;18;05/06/2023;18:09:30;25.8;;;;
19;06/06/2023;18:00:47;25.48;;;;19;06/06/2023;18:02:02;25.55;;;;19;05/06/2023;18:10:30;25.71;;;;
20;06/06/2023;18:01:47;25.55;;;;20;06/06/2023;18:03:02;25.63;;;;20;05/06/2023;18:11:30;25.63;;;;
21;06/06/2023;18:02:46;25.57;;;;21;06/06/2023;18:04:01;25.67;;;;21;05/06/2023;18:12:30;25.55;;;;
22;06/06/2023;18:03:46;25.62;;;;22;06/06/2023;18:05:01;25.7;;;;22;05/06/2023;18:13:30;25.53;;;;
23;06/06/2023;18:04:46;25.64;;;;23;06/06/2023;18:06:01;25.73;;;;23;05/06/2023;18:14:30;25.47;;;;
24;06/06/2023;18:05:46;25.66;;;;24;06/06/2023;18:07:01;25.75;;;;24;05/06/2023;18:15:30;25.45;;;;
25;06/06/2023;18:06:46;25.64;;;;25;06/06/2023;18:08:01;25.76;;;;25;05/06/2023;18:16:30;25.44;;;;
26;06/06/2023;18:07:46;25.66;;;;26;06/06/2023;18:09:01;25.77;;;;26;05/06/2023;18:17:30;25.44;;;;
27;06/06/2023;18:08:46;25.66;;;;27;06/06/2023;18:10:01;25.79;;;;27;05/06/2023;18:18:30;25.44;;;;
28;06/06/2023;18:09:46;25.68;;;;28;06/06/2023;18:11:01;25.78;;;;28;05/06/2023;18:19:30;25.41;;;;
29;06/06/2023;18:10:46;25.67;;;;29;06/06/2023;18:12:01;25.79;;;;29;05/06/2023;18:20:29;25.41;;;;
30;06/06/2023;18:11:45;25.69;;;;30;06/06/2023;18:13:01;25.82;;;;30;05/06/2023;18:21:29;25.37;;;;
31;06/06/2023;18:12:45;25.68;;;;31;06/06/2023;18:14:01;25.81;;;;31;05/06/2023;18:22:29;25.36;;;;
32;06/06/2023;18:13:45;25.68;;;;32;06/06/2023;18:15:01;25.8;;;;32;05/06/2023;18:23:29;25.33;;;;
33;06/06/2023;18:14:45;25.69;;;;33;06/06/2023;18:16:01;25.81;;;;33;05/06/2023;18:24:29;25.32;;;;
34;06/06/2023;18:15:45;25.68;;;;34;06/06/2023;18:17:01;25.81;;;;34;05/06/2023;18:25:29;25.33;;;;
35;06/06/2023;18:16:45;25.68;;;;35;06/06/2023;18:18:01;25.83;;;;35;05/06/2023;18:26:29;25.33;;;;
36;06/06/2023;18:17:45;25.69;;;;36;06/06/2023;18:19:00;25.83;;;;36;05/06/2023;18:27:29;25.34;;;;
37;06/06/2023;18:18:44;25.7;;;;37;06/06/2023;18:20:00;25.84;;;;37;05/06/2023;18:28:29;25.34;;;;
38;06/06/2023;18:19:44;25.69;;;;38;06/06/2023;18:21:00;25.84;;;;38;05/06/2023;18:29:29;25.34;;;;
39;06/06/2023;18:20:44;25.7;;;;39;06/06/2023;18:22:00;25.88;;;;39;05/06/2023;18:30:29;25.34;;;;
40;06/06/2023;18:21:44;25.73;;;;40;06/06/2023;18:23:00;25.91;;;;40;05/06/2023;18:31:29;25.36;;;;
41;06/06/2023;18:22:44;25.73;;;;41;06/06/2023;18:24:00;25.91;;;;41;05/06/2023;18:32:29;25.35;;;;
42;06/06/2023;18:23:44;25.74;;;;42;06/06/2023;18:25:00;25.93;;;;42;05/06/2023;18:33:29;25.34;;;;
43;06/06/2023;18:24:44;25.74;;;;43;06/06/2023;18:26:00;25.92;;;;43;05/06/2023;18:34:29;25.35;;;;
44;06/06/2023;18:25:43;25.74;;;;44;06/06/2023;18:27:00;25.95;;;;44;05/06/2023;18:35:29;25.38;;;;
45;06/06/2023;18:26:43;25.76;;;;45;06/06/2023;18:28:00;25.97;;;;45;05/06/2023;18:36:29;25.38;;;;
46;06/06/2023;18:27:43;25.78;;;;46;06/06/2023;18:29:00;25.97;;;;46;05/06/2023;18:37:29;25.38;;;;
47;06/06/2023;18:28:43;25.8;;;;47;06/06/2023;18:30:00;25.97;;;;47;05/06/2023;18:38:29;25.38;;;;
48;06/06/2023;18:29:43;25.8;;;;48;06/06/2023;18:31:00;25.98;;;;48;05/06/2023;18:39:29;25.38;;;;
49;06/06/2023;18:30:43;25.8;Synchronized;;;49;06/06/2023;18:32:00;25.98;;;;49;05/06/2023;18:40:29;25.38;;;;
50;06/06/2023;18:31:43;25.79;;;;50;06/06/2023;18:33:00;25.98;;;;50;05/06/2023;18:41:29;25.4;;;;
51;06/06/2023;18:32:43;25.8;;;;51;06/06/2023;18:34:00;25.98;;;;51;05/06/2023;18:42:29;25.38;;;;
52;06/06/2023;18:33:42;25.81;;;;52;06/06/2023;18:35:00;25.98;;;;52;05/06/2023;18:43:29;25.38;;;;
53;06/06/2023;18:34:42;25.8;;;;53;06/06/2023;18:36:00;25.98;;;;53;05/06/2023;18:44:29;25.41;;;;
54;06/06/2023;18:35:42;25.8;;;;54;06/06/2023;18:37:00;25.95;;;;54;05/06/2023;18:45:29;25.44;;;;
55;06/06/2023;18:36:42;25.79;;;;55;06/06/2023;18:38:00;25.96;;;;55;05/06/2023;18:46:29;25.45;;;;
56;06/06/2023;18:37:42;25.79;;;;56;06/06/2023;18:39:00;25.97;;;;56;05/06/2023;18:47:29;25.47;;;;
57;06/06/2023;18:38:42;25.81;;;;57;06/06/2023;18:40:00;26;;;;57;05/06/2023;18:48:29;25.46;;;;
58;06/06/2023;18:39:42;25.8;;;;58;06/06/2023;18:41:00;25.98;;;;58;05/06/2023;18:49:29;25.46;;;;
59;06/06/2023;18:40:42;25.81;;;;59;06/06/2023;18:42:00;26;;;;59;05/06/2023;18:50:29;25.48;;;;
60;06/06/2023;18:41:42;25.82;;;;60;06/06/2023;18:43:00;25.98;;;;60;05/06/2023;18:51:29;25.47;;;;
61;06/06/2023;18:42:41;25.84;;;;61;06/06/2023;18:44:00;26.02;;;;61;05/06/2023;18:52:29;25.44;;;;
62;06/06/2023;18:43:41;25.84;;;;62;06/06/2023;18:45:00;26.02;;;;62;05/06/2023;18:53:29;25.47;;;;
63;06/06/2023;18:44:41;25.84;;;;63;06/06/2023;18:46:00;26.04;;;;63;05/06/2023;18:54:28;25.48;;;;
64;06/06/2023;18:45:41;25.85;;;;64;06/06/2023;18:47:00;26.04;;;;64;05/06/2023;18:55:28;25.48;;;;
65;06/06/2023;18:46:41;25.85;;;;65;06/06/2023;18:48:00;26.05;;;;65;05/06/2023;18:56:28;25.48;;;;
66;06/06/2023;18:47:41;25.9;;;;66;06/06/2023;18:48:59;26.07;;;;66;05/06/2023;18:57:28;25.48;;;;
67;06/06/2023;18:48:40;25.88;;;;67;06/06/2023;18:49:59;26.05;;;;67;05/06/2023;18:58:28;25.51;;;;
68;06/06/2023;18:49:40;25.9;;;;68;06/06/2023;18:50:59;26.1;;;;68;05/06/2023;18:59:28;25.53;;;;
69;06/06/2023;18:50:40;25.9;;;;69;06/06/2023;18:51:59;26.09;;;;69;05/06/2023;19:00:28;25.51;;;;
70;06/06/2023;18:51:40;25.91;;;;70;06/06/2023;18:52:59;26.13;;;;70;05/06/2023;19:01:28;25.53;;;;
71;06/06/2023;18:52:40;25.93;;;;71;06/06/2023;18:53:59;26.1;;;;71;05/06/2023;19:02:28;25.52;;;;
72;06/06/2023;18:53:40;25.95;;;;72;06/06/2023;18:54:59;26.1;;;;72;05/06/2023;19:03:28;25.52;;;;
73;06/06/2023;18:54:40;25.92;;;;73;06/06/2023;18:55:59;26.1;;;;73;05/06/2023;19:04:28;25.52;;;;
74;06/06/2023;18:55:39;25.95;;;;74;06/06/2023;18:56:59;26.09;;;;74;05/06/2023;19:05:28;25.55;;;;
75;06/06/2023;18:56:39;25.95;;;;75;06/06/2023;18:57:59;26.08;;;;75;05/06/2023;19:06:28;25.55;;;;
76;06/06/2023;18:57:39;25.95;;;;76;06/06/2023;18:58:59;26.12;;;;76;05/06/2023;19:07:28;25.57;;;;
77;06/06/2023;18:58:39;25.94;;;;77;06/06/2023;18:59:59;26.09;;;;77;05/06/2023;19:08:28;25.56;;;;
78;06/06/2023;18:59:39;25.95;;;;78;06/06/2023;19:00:59;26.1;;;;78;05/06/2023;19:09:28;25.58;;;;
79;06/06/2023;19:00:39;25.95;;;;79;06/06/2023;19:01:59;26.07;;;;79;05/06/2023;19:10:28;25.56;;;;
80;06/06/2023;19:01:38;25.95;;;;80;06/06/2023;19:02:59;26.09;;;;80;05/06/2023;19:11:28;25.62;;;;
81;06/06/2023;19:02:38;25.95;;;;81;06/06/2023;19:03:59;26.09;;;;81;05/06/2023;19:12:28;25.6;;;;
82;06/06/2023;19:03:38;25.95;;;;82;06/06/2023;19:04:59;26.1;;;;82;05/06/2023;19:13:28;25.62;;;;
83;06/06/2023;19:04:38;25.95;;;;83;06/06/2023;19:05:59;26.1;;;;83;05/06/2023;19:14:27;25.66;;;;
84;06/06/2023;19:05:38;25.98;;;;84;06/06/2023;19:06:59;26.1;;;;84;05/06/2023;19:15:27;25.65;;;;
85;06/06/2023;19:06:38;25.98;;;;85;06/06/2023;19:07:59;26.09;;;;85;05/06/2023;19:16:27;25.63;;;;
86;06/06/2023;19:07:37;26;;;;86;06/06/2023;19:08:59;26.13;;;;86;05/06/2023;19:17:27;25.64;;;;
87;06/06/2023;19:08:38;26.01;;;;87;06/06/2023;19:09:59;26.15;;;;87;05/06/2023;19:18:27;25.65;;;;
88;06/06/2023;19:09:37;26.04;;;;88;06/06/2023;19:10:59;26.15;;;;88;05/06/2023;19:19:27;25.66;;;;
89;06/06/2023;19:10:37;26.04;;;;89;06/06/2023;19:11:58;26.16;;;;89;05/06/2023;19:20:27;25.63;;;;
90;06/06/2023;19:11:37;26.02;;;;90;06/06/2023;19:12:58;26.18;;;;90;05/06/2023;19:21:27;25.67;;;;
91;06/06/2023;19:12:37;26.03;;;;91;06/06/2023;19:13:58;26.21;;;;91;05/06/2023;19:22:27;25.66;;;;
92;06/06/2023;19:13:37;26.05;;;;92;06/06/2023;19:14:58;26.22;;;;92;05/06/2023;19:23:27;25.71;;;;
93;06/06/2023;19:14:37;26.1;;;;93;06/06/2023;19:15:58;26.24;;;;93;05/06/2023;19:24:27;25.71;;;;
94;06/06/2023;19:15:37;26.12;;;;94;06/06/2023;19:16:58;26.25;;;;94;05/06/2023;19:25:27;25.7;;;;
95;06/06/2023;19:16:37;26.12;;;;95;06/06/2023;19:17:58;26.24;;;;95;05/06/2023;19:26:27;25.7;;;;
96;06/06/2023;19:17:36;26.13;;;;96;06/06/2023;19:18:58;26.21;;;;96;05/06/2023;19:27:27;25.67;;;;
97;06/06/2023;19:18:36;26.13;;;;97;06/06/2023;19:19:58;26.19;;;;97;05/06/2023;19:28:27;25.68;;;;
98;06/06/2023;19:19:36;26.11;;;;98;06/06/2023;19:20:58;26.17;Synchronized;;;98;05/06/2023;19:29:27;25.7;;;;
99;06/06/2023;19:20:36;26.14;;;;99;06/06/2023;19:21:58;26.14;;;;99;05/06/2023;19:30:27;25.67;;;;
100;06/06/2023;19:21:36;26.12;;;;100;06/06/2023;19:22:58;26.15;;;;100;05/06/2023;19:31:27;25.68;;;;
101;06/06/2023;19:22:36;26.09;;;;101;06/06/2023;19:23:58;26.12;;;;101;05/06/2023;19:32:27;25.68;;;;
102;06/06/2023;19:23:36;26.09;;;;102;06/06/2023;19:24:58;26.12;;;;102;05/06/2023;19:33:27;25.69;;;;
103;06/06/2023;19:24:36;26.08;;;;103;06/06/2023;19:25:58;26.09;;;;103;05/06/2023;19:34:26;25.69;;;;
104;06/06/2023;19:25:36;26.05;;;;104;06/06/2023;19:26:58;26.05;;;;104;05/06/2023;19:35:26;25.7;;;;
105;06/06/2023;19:26:36;26.05;;;;105;06/06/2023;19:27:58;26.07;;;;105;05/06/2023;19:36:26;25.7;;;;
106;06/06/2023;19:27:35;26.06;;;;106;06/06/2023;19:28:58;26.06;;;;106;05/06/2023;19:37:26;25.68;;;;
107;06/06/2023;19:28:35;26.05;;;;107;06/06/2023;19:29:58;26.05;;;;107;05/06/2023;19:38:26;25.7;;;;
108;06/06/2023;19:29:35;26.05;;;;108;06/06/2023;19:30:58;26.05;;;;108;05/06/2023;19:39:26;25.68;;;;
109;06/06/2023;19:30:35;26.02;;;;109;06/06/2023;19:31:58;26.03;;;;109;05/06/2023;19:40:26;25.7;;;;
110;06/06/2023;19:31:35;26.03;;;;110;06/06/2023;19:32:58;26.02;;;;110;05/06/2023;19:41:26;25.71;;;;
111;06/06/2023;19:32:35;26.03;;;;111;06/06/2023;19:33:58;26.04;;;;111;05/06/2023;19:42:26;25.72;;;;
112;06/06/2023;19:33:35;26.03;;;;112;06/06/2023;19:34:58;26.01;;;;112;05/06/2023;19:43:26;25.72;;;;
113;06/06/2023;19:34:35;26.03;;;;113;06/06/2023;19:35:57;26.03;;;;113;05/06/2023;19:44:26;25.7;;;;
114;06/06/2023;19:35:34;26.02;;;;114;06/06/2023;19:36:57;26.01;;;;114;05/06/2023;19:45:26;25.7;;;;
115;06/06/2023;19:36:34;26;;;;115;06/06/2023;19:37:57;26.02;;;;115;05/06/2023;19:46:26;25.7;;;;
116;06/06/2023;19:37:34;26.01;;;;116;06/06/2023;19:38:57;26.01;;;;116;05/06/2023;19:47:26;25.71;;;;
117;06/06/2023;19:38:34;26.01;;;;117;06/06/2023;19:39:57;25.98;;;;117;05/06/2023;19:48:26;25.7;;;;
118;06/06/2023;19:39:34;26;;;;118;06/06/2023;19:40:57;26.02;;;;118;05/06/2023;19:49:26;25.68;;;;
119;06/06/2023;19:40:34;26.01;;;;119;06/06/2023;19:41:57;25.98;;;;119;05/06/2023;19:50:26;25.7;;;;
120;06/06/2023;19:41:34;26.01;;;;120;06/06/2023;19:42:57;25.98;;;;120;05/06/2023;19:51:26;25.67;;;;
121;06/06/2023;19:42:34;26;;;;121;06/06/2023;19:43:57;25.98;;;;121;05/06/2023;19:52:26;25.67;;;;
122;06/06/2023;19:43:33;26.01;;;;122;06/06/2023;19:44:57;25.98;;;;122;05/06/2023;19:53:26;25.66;;;;
123;06/06/2023;19:44:33;26;;;;123;06/06/2023;19:45:57;26.02;;;;123;05/06/2023;19:54:25;25.64;;;;
124;06/06/2023;19:45:33;26.01;;;;124;06/06/2023;19:46:57;25.97;;;;124;05/06/2023;19:55:25;25.65;;;;
125;06/06/2023;19:46:33;25.98;;;;125;06/06/2023;19:47:57;25.98;;;;125;05/06/2023;19:56:25;25.63;;;;
126;06/06/2023;19:47:33;25.99;;;;126;06/06/2023;19:48:57;26;;;;126;05/06/2023;19:57:25;25.61;;;;
127;06/06/2023;19:48:33;25.99;;;;127;06/06/2023;19:49:57;25.98;;;;127;05/06/2023;19:58:25;25.57;;;;
128;06/06/2023;19:49:32;25.99;;;;128;06/06/2023;19:50:57;26;;;;128;05/06/2023;19:59:25;25.58;;;;
129;06/06/2023;19:50:33;26;;;;129;06/06/2023;19:51:57;25.97;;;;129;05/06/2023;20:00:25;25.58;;;;
130;06/06/2023;19:51:32;26;;;;130;06/06/2023;19:52:57;25.98;;;;130;05/06/2023;20:01:25;25.56;;;;
131;06/06/2023;19:52:32;25.98;;;;131;06/06/2023;19:53:57;26;;;;131;05/06/2023;20:02:25;25.56;;;;
132;06/06/2023;19:53:32;26.02;;;;132;06/06/2023;19:54:57;26;;;;132;05/06/2023;20:03:25;25.55;;;;
133;06/06/2023;19:54:32;25.99;;;;133;06/06/2023;19:55:57;26.01;;;;133;05/06/2023;20:04:25;25.55;;;;
134;06/06/2023;19:55:32;26.01;;;;134;06/06/2023;19:56:57;26;;;;134;05/06/2023;20:05:25;25.55;;;;
135;06/06/2023;19:56:32;25.99;;;;135;06/06/2023;19:57:57;25.98;;;;135;05/06/2023;20:06:25;25.53;;;;
136;06/06/2023;19:57:32;25.99;;;;136;06/06/2023;19:58:57;25.98;;;;136;05/06/2023;20:07:25;25.5;;;;
137;06/06/2023;19:58:31;25.99;;;;137;06/06/2023;19:59:57;26;;;;137;05/06/2023;20:08:25;25.5;;;;
138;06/06/2023;19:59:31;25.98;;;;138;06/06/2023;20:00:57;25.98;;;;138;05/06/2023;20:09:25;25.49;;;;
139;06/06/2023;20:00:31;25.98;;;;139;06/06/2023;20:01:57;26;;;;139;05/06/2023;20:10:25;25.49;;;;
140;06/06/2023;20:01:31;25.98;;;;140;06/06/2023;20:02:57;25.98;;;;140;05/06/2023;20:11:25;25.48;;;;
141;06/06/2023;20:02:31;25.99;;;;141;06/06/2023;20:03:57;25.98;;;;141;05/06/2023;20:12:25;25.47;;;;
142;06/06/2023;20:03:31;25.98;;;;142;06/06/2023;20:04:56;25.96;;;;142;05/06/2023;20:13:25;25.48;;;;
143;06/06/2023;20:04:31;25.98;;;;143;06/06/2023;20:05:56;25.97;;;;143;05/06/2023;20:14:25;25.46;;;;
144;06/06/2023;20:05:31;25.97;;;;144;06/06/2023;20:06:56;25.95;;;;144;05/06/2023;20:15:25;25.47;;;;
145;06/06/2023;20:06:31;25.97;;;;145;06/06/2023;20:07:56;25.95;;;;145;05/06/2023;20:16:25;25.44;;;;
146;06/06/2023;20:07:31;25.96;;;;146;06/06/2023;20:08:56;25.96;;;;146;05/06/2023;20:17:24;25.46;;;;
147;06/06/2023;20:08:31;25.96;;;;147;06/06/2023;20:09:56;25.95;;;;147;05/06/2023;20:18:24;25.45;;;;
148;06/06/2023;20:09:31;25.96;;;;148;06/06/2023;20:10:56;25.93;;;;148;05/06/2023;20:19:24;25.43;;;;
149;06/06/2023;20:10:30;25.96;;;;149;06/06/2023;20:11:56;25.93;;;;149;05/06/2023;20:20:24;25.45;;;;
150;06/06/2023;20:11:30;25.95;;;;150;06/06/2023;20:12:56;25.93;;;;150;05/06/2023;20:21:24;25.41;;;;
151;06/06/2023;20:12:30;25.95;;;;151;06/06/2023;20:13:56;25.92;;;;151;05/06/2023;20:22:24;25.43;;;;
152;06/06/2023;20:13:30;25.96;;;;152;06/06/2023;20:14:56;25.91;;;;152;05/06/2023;20:23:24;25.41;;;;
153;06/06/2023;20:14:30;25.95;;;;153;06/06/2023;20:15:56;25.92;;;;153;05/06/2023;20:24:24;25.41;;;;
154;06/06/2023;20:15:30;25.94;;;;154;06/06/2023;20:16:56;25.91;;;;154;05/06/2023;20:25:24;25.41;;;;
155;06/06/2023;20:16:29;25.92;;;;155;06/06/2023;20:17:56;25.91;;;;155;05/06/2023;20:26:24;25.4;;;;
156;06/06/2023;20:17:29;25.94;;;;156;06/06/2023;20:18:56;25.91;;;;156;05/06/2023;20:27:24;25.38;;;;
157;06/06/2023;20:18:29;25.93;;;;157;06/06/2023;20:19:56;25.92;;;;157;05/06/2023;20:28:24;25.38;;;;
158;06/06/2023;20:19:29;25.92;;;;158;06/06/2023;20:20:56;25.91;;;;158;05/06/2023;20:29:24;25.36;;;;
159;06/06/2023;20:20:29;25.91;;;;159;06/06/2023;20:21:56;25.89;;;;159;05/06/2023;20:30:24;25.38;Synchronized;;;
160;06/06/2023;20:21:29;25.92;;;;160;06/06/2023;20:22:56;25.9;;;;160;05/06/2023;20:31:24;25.34;;;;
161;06/06/2023;20:22:29;25.92;;;;161;06/06/2023;20:23:56;25.89;;;;161;05/06/2023;20:32:24;25.35;;;;
162;06/06/2023;20:23:29;25.91;;;;162;06/06/2023;20:24:56;25.89;;;;162;05/06/2023;20:33:24;25.34;;;;
163;06/06/2023;20:24:28;25.91;;;;163;06/06/2023;20:25:56;25.9;;;;163;05/06/2023;20:34:24;25.33;;;;
164;06/06/2023;20:25:28;25.91;;;;164;06/06/2023;20:26:56;25.88;;;;164;05/06/2023;20:35:24;25.33;;;;
165;06/06/2023;20:26:28;25.91;;;;165;06/06/2023;20:27:56;25.86;;;;165;05/06/2023;20:36:24;25.37;;;;
166;06/06/2023;20:27:28;25.9;;;;166;06/06/2023;20:28:56;25.88;;;;166;05/06/2023;20:37:24;25.34;;;;
167;06/06/2023;20:28:28;25.91;;;;167;06/06/2023;20:29:56;25.88;;;;167;05/06/2023;20:38:24;25.34;Synchronized;;;
168;06/06/2023;20:29:28;25.9;;;;168;06/06/2023;20:30:56;25.84;;;;168;05/06/2023;20:39:24;25.33;;;;
169;06/06/2023;20:30:28;25.91;;;;169;06/06/2023;20:31:56;25.85;;;;169;05/06/2023;20:40:24;25.32;;;;
170;06/06/2023;20:31:27;25.91;;;;170;06/06/2023;20:32:56;25.84;;;;170;05/06/2023;20:41:24;25.3;Synchronized;;;
171;06/06/2023;20:32:27;25.87;;;;171;06/06/2023;20:33:55;25.88;;;;171;05/06/2023;20:42:24;25.29;;;;
172;06/06/2023;20:33:27;25.9;;;;172;06/06/2023;20:34:55;25.84;;;;172;05/06/2023;20:43:24;25.3;;;;
173;06/06/2023;20:34:27;25.91;;;;173;06/06/2023;20:35:55;25.84;;;;173;05/06/2023;20:44:24;25.3;;;;
174;06/06/2023;20:35:27;25.9;;;;174;06/06/2023;20:36:55;25.84;;;;174;05/06/2023;20:45:24;25.3;;;;
175;06/06/2023;20:36:27;25.87;;;;175;06/06/2023;20:37:55;25.84;;;;175;05/06/2023;20:46:24;25.29;;;;
176;06/06/2023;20:37:26;25.85;;;;176;06/06/2023;20:38:55;25.84;;;;176;05/06/2023;20:47:24;25.3;;;;
177;06/06/2023;20:38:26;25.86;Synchronized;;;177;06/06/2023;20:39:55;25.81;;;;177;05/06/2023;20:48:24;25.28;;;;
178;06/06/2023;20:39:26;25.85;;;;178;06/06/2023;20:40:55;25.84;;;;178;05/06/2023;20:49:24;25.28;;;;
179;06/06/2023;20:40:26;25.88;;;;179;06/06/2023;20:41:55;25.83;;;;179;05/06/2023;20:50:24;25.28;;;;
180;06/06/2023;20:41:26;25.87;;;;180;06/06/2023;20:42:55;25.81;;;;180;05/06/2023;20:51:24;25.29;;;;
181;06/06/2023;20:42:26;25.84;;;;181;06/06/2023;20:43:55;25.82;;;;181;05/06/2023;20:52:24;25.26;;;;
182;06/06/2023;20:43:26;25.85;;;;182;06/06/2023;20:44:55;25.82;;;;182;05/06/2023;20:53:24;25.27;;;;
183;06/06/2023;20:44:26;25.84;;;;183;06/06/2023;20:45:55;25.83;;;;183;05/06/2023;20:54:24;25.26;;;;
184;06/06/2023;20:45:26;25.84;;;;184;06/06/2023;20:46:55;25.82;;;;184;05/06/2023;20:55:24;25.27;;;;
185;06/06/2023;20:46:25;25.84;;;;185;06/06/2023;20:47:55;25.8;;;;185;05/06/2023;20:56:24;25.27;;;;
186;06/06/2023;20:47:25;25.84;;;;186;06/06/2023;20:48:55;25.82;;;;186;05/06/2023;20:57:24;25.27;;;;
187;06/06/2023;20:48:25;25.86;;;;187;06/06/2023;20:49:55;25.8;;;;187;05/06/2023;20:58:24;25.26;;;;
188;06/06/2023;20:49:25;25.84;;;;188;06/06/2023;20:50:55;25.8;;;;188;05/06/2023;20:59:24;25.27;;;;
189;06/06/2023;20:50:25;25.83;;;;189;06/06/2023;20:51:55;25.78;;;;189;05/06/2023;21:00:24;25.24;;;;
190;06/06/2023;20:51:25;25.84;;;;190;06/06/2023;20:52:55;25.79;;;;190;05/06/2023;21:01:24;25.23;;;;
191;06/06/2023;20:52:25;25.83;;;;191;06/06/2023;20:53:55;25.8;;;;191;05/06/2023;21:02:24;25.27;;;;
192;06/06/2023;20:53:25;25.84;;;;192;06/06/2023;20:54:55;25.8;;;;192;05/06/2023;21:03:23;25.25;;;;
193;06/06/2023;20:54:24;25.84;;;;193;06/06/2023;20:55:55;25.79;;;;193;05/06/2023;21:04:23;25.23;;;;
194;06/06/2023;20:55:24;25.82;;;;194;06/06/2023;20:56:55;25.78;;;;194;05/06/2023;21:05:23;25.23;;;;
195;06/06/2023;20:56:24;25.83;;;;195;06/06/2023;20:57:54;25.8;;;;195;05/06/2023;21:06:23;25.23;;;;
196;06/06/2023;20:57:24;25.8;;;;196;06/06/2023;20:58:54;25.79;;;;196;05/06/2023;21:07:23;25.23;;;;
197;06/06/2023;20:58:24;25.8;;;;197;06/06/2023;20:59:54;25.8;;;;197;05/06/2023;21:08:23;25.22;;;;
198;06/06/2023;20:59:24;25.81;;;;198;06/06/2023;21:00:54;25.8;;;;198;05/06/2023;21:09:23;25.22;;;;
199;06/06/2023;21:00:24;25.8;;;;199;06/06/2023;21:01:54;25.78;;;;199;05/06/2023;21:10:23;25.22;;;;
200;06/06/2023;21:01:24;25.82;;;;200;06/06/2023;21:02:54;25.79;;;;200;05/06/2023;21:11:23;25.21;;;;
201;06/06/2023;21:02:23;25.8;;;;201;06/06/2023;21:03:54;25.79;;;;201;05/06/2023;21:12:23;25.22;;;;
202;06/06/2023;21:03:23;25.79;;;;202;06/06/2023;21:04:54;25.77;;;;202;05/06/2023;21:13:23;25.21;;;;
203;06/06/2023;21:04:23;25.8;;;;203;06/06/2023;21:05:54;25.79;;;;203;05/06/2023;21:14:23;25.22;;;;
204;06/06/2023;21:05:23;25.8;;;;204;06/06/2023;21:06:54;25.79;;;;204;05/06/2023;21:15:23;25.21;;;;
205;06/06/2023;21:06:23;25.8;;;;205;06/06/2023;21:07:54;25.77;;;;205;05/06/2023;21:16:23;25.2;;;;
206;06/06/2023;21:07:23;25.81;;;;206;06/06/2023;21:08:54;25.76;Synchronized;;;206;05/06/2023;21:17:23;25.2;;;;
207;06/06/2023;21:08:23;25.78;;;;207;06/06/2023;21:09:54;25.75;;;;207;05/06/2023;21:18:23;25.21;;;;
208;06/06/2023;21:09:22;25.79;;;;208;06/06/2023;21:10:54;25.77;;;;208;05/06/2023;21:19:23;25.21;;;;
209;06/06/2023;21:10:22;25.78;;;;209;06/06/2023;21:11:54;25.77;;;;209;05/06/2023;21:20:23;25.2;;;;
210;06/06/2023;21:11:22;25.8;;;;210;06/06/2023;21:12:54;25.78;;;;210;05/06/2023;21:21:23;25.2;;;;
211;06/06/2023;21:12:22;25.8;;;;211;06/06/2023;21:13:54;25.77;;;;211;05/06/2023;21:22:23;25.17;;;;
212;06/06/2023;21:13:22;25.77;;;;212;06/06/2023;21:14:54;25.77;;;;212;05/06/2023;21:23:23;25.2;;;;
213;06/06/2023;21:14:22;25.77;Synchronized;;;213;06/06/2023;21:15:54;25.76;;;;213;05/06/2023;21:24:23;25.17;;;;
214;06/06/2023;21:15:22;25.78;;;;214;06/06/2023;21:16:54;25.73;;;;214;05/06/2023;21:25:23;25.19;;;;
215;06/06/2023;21:16:21;25.77;;;;215;06/06/2023;21:17:54;25.75;;;;215;05/06/2023;21:26:23;25.18;;;;
216;06/06/2023;21:17:21;25.76;;;;216;06/06/2023;21:18:54;25.77;;;;216;05/06/2023;21:27:23;25.16;;;;
217;06/06/2023;21:18:21;25.77;;;;217;06/06/2023;21:19:54;25.75;;;;217;05/06/2023;21:28:23;25.17;Synchronized;;;
218;06/06/2023;21:19:21;25.74;;;;218;06/06/2023;21:20:54;25.73;;;;218;05/06/2023;21:29:23;25.18;;;;
219;06/06/2023;21:20:21;25.75;Synchronized;;;219;06/06/2023;21:21:54;25.76;;;;219;05/06/2023;21:30:23;25.17;;;;
220;06/06/2023;21:21:21;25.74;;;;220;06/06/2023;21:22:54;25.73;;;;220;05/06/2023;21:31:23;25.17;;;;
221;06/06/2023;21:22:21;25.75;;;;221;06/06/2023;21:23:54;25.73;;;;221;05/06/2023;21:32:23;25.15;;;;
222;06/06/2023;21:23:21;25.75;;;;222;06/06/2023;21:24:54;25.73;;;;222;05/06/2023;21:33:23;25.16;;;;
223;06/06/2023;21:24:21;25.73;;;;223;06/06/2023;21:25:54;25.72;;;;223;05/06/2023;21:34:23;25.15;;;;
224;06/06/2023;21:25:20;25.73;;;;224;06/06/2023;21:26:54;25.76;;;;224;05/06/2023;21:35:23;25.18;;;;
225;06/06/2023;21:26:20;25.74;;;;225;06/06/2023;21:27:54;25.75;;;;225;05/06/2023;21:36:23;25.16;;;;
226;06/06/2023;21:27:20;25.72;;;;226;06/06/2023;21:28:53;25.73;;;;226;05/06/2023;21:37:23;25.16;;;;
227;06/06/2023;21:28:20;25.74;;;;227;06/06/2023;21:29:53;25.71;;;;227;05/06/2023;21:38:23;25.14;;;;
228;06/06/2023;21:29:20;25.73;;;;228;06/06/2023;21:30:53;25.72;;;;228;05/06/2023;21:39:23;25.14;;;;
229;06/06/2023;21:30:20;25.73;;;;229;06/06/2023;21:31:53;25.7;;;;229;05/06/2023;21:40:23;25.13;;;;
230;06/06/2023;21:31:20;25.72;;;;230;06/06/2023;21:32:53;25.7;;;;230;05/06/2023;21:41:23;25.17;;;;
231;06/06/2023;21:32:19;25.7;;;;231;06/06/2023;21:33:53;25.71;;;;231;05/06/2023;21:42:23;25.15;;;;
232;06/06/2023;21:33:19;25.71;;;;232;06/06/2023;21:34:53;25.71;;;;232;05/06/2023;21:43:23;25.13;;;;
233;06/06/2023;21:34:19;25.7;;;;233;06/06/2023;21:35:53;25.72;;;;233;05/06/2023;21:44:23;25.16;;;;
234;06/06/2023;21:35:19;25.72;;;;234;06/06/2023;21:36:53;25.7;;;;234;05/06/2023;21:45:23;25.13;;;;
235;06/06/2023;21:36:19;25.72;;;;235;06/06/2023;21:37:53;25.7;;;;235;05/06/2023;21:46:23;25.13;;;;
236;06/06/2023;21:37:19;25.72;;;;236;06/06/2023;21:38:53;25.71;;;;236;05/06/2023;21:47:23;25.13;;;;
237;06/06/2023;21:38:19;25.7;;;;237;06/06/2023;21:39:53;25.7;;;;237;05/06/2023;21:48:23;25.11;;;;
238;06/06/2023;21:39:19;25.7;;;;238;06/06/2023;21:40:52;25.69;;;;238;05/06/2023;21:49:23;25.12;;;;
239;06/06/2023;21:40:18;25.69;;;;239;06/06/2023;21:41:52;25.7;;;;239;05/06/2023;21:50:23;25.12;;;;
240;06/06/2023;21:41:18;25.7;;;;240;06/06/2023;21:42:52;25.69;;;;240;05/06/2023;21:51:23;25.13;;;;
241;06/06/2023;21:42:18;25.68;;;;241;06/06/2023;21:43:52;25.67;;;;241;05/06/2023;21:52:23;25.14;;;;
242;06/06/2023;21:43:18;25.7;;;;242;06/06/2023;21:44:52;25.69;;;;242;05/06/2023;21:53:23;25.13;;;;
243;06/06/2023;21:44:18;25.7;;;;243;06/06/2023;21:45:52;25.7;;;;243;05/06/2023;21:54:23;25.13;Synchronized;;;
244;06/06/2023;21:45:18;25.69;;;;244;06/06/2023;21:46:52;25.69;;;;244;05/06/2023;21:55:23;25.13;;;;
245;06/06/2023;21:46:18;25.7;;;;245;06/06/2023;21:47:52;25.67;;;;245;05/06/2023;21:56:23;25.13;;;;
246;06/06/2023;21:47:17;25.68;;;;246;06/06/2023;21:48:52;25.67;;;;246;05/06/2023;21:57:23;25.11;Synchronized;;;
247;06/06/2023;21:48:17;25.7;;;;247;06/06/2023;21:49:52;25.69;;;;247;05/06/2023;21:58:23;25.13;;;;
248;06/06/2023;21:49:17;25.7;;;;248;06/06/2023;21:50:52;25.69;;;;248;05/06/2023;21:59:23;25.11;;;;
249;06/06/2023;21:50:17;25.68;;;;249;06/06/2023;21:51:52;25.68;;;;249;05/06/2023;22:00:23;25.11;;;;
250;06/06/2023;21:51:17;25.67;;;;250;06/06/2023;21:52:52;25.66;;;;250;05/06/2023;22:01:23;25.1;;;;
251;06/06/2023;21:52:17;25.69;;;;251;06/06/2023;21:53:52;25.66;;;;251;05/06/2023;22:02:23;25.12;;;;
252;06/06/2023;21:53:17;25.68;;;;252;06/06/2023;21:54:52;25.67;;;;252;05/06/2023;22:03:23;25.11;;;;
253;06/06/2023;21:54:17;25.68;;;;253;06/06/2023;21:55:52;25.67;;;;253;05/06/2023;22:04:23;25.1;;;;
254;06/06/2023;21:55:16;25.68;;;;254;06/06/2023;21:56:52;25.67;;;;254;05/06/2023;22:05:23;25.09;;;;
255;06/06/2023;21:56:16;25.68;;;;255;06/06/2023;21:57:51;25.67;;;;255;05/06/2023;22:06:23;25.1;;;;
256;06/06/2023;21:57:16;25.67;;;;256;06/06/2023;21:58:51;25.64;;;;256;05/06/2023;22:07:23;25.1;;;;
257;06/06/2023;21:58:16;25.67;;;;257;06/06/2023;21:59:51;25.65;;;;257;05/06/2023;22:08:23;25.09;;;;
258;06/06/2023;21:59:16;25.68;;;;258;06/06/2023;22:00:51;25.66;;;;258;05/06/2023;22:09:23;25.09;;;;
259;06/06/2023;22:00:16;25.66;;;;259;06/06/2023;22:01:51;25.67;;;;259;05/06/2023;22:10:23;25.07;;;;
260;06/06/2023;22:01:16;25.67;;;;260;06/06/2023;22:02:51;25.67;;;;260;05/06/2023;22:11:23;25.09;;;;
261;06/06/2023;22:02:16;25.67;;;;261;06/06/2023;22:03:51;25.66;;;;261;05/06/2023;22:12:23;25.1;;;;
262;06/06/2023;22:03:15;25.66;;;;262;06/06/2023;22:04:51;25.66;;;;262;05/06/2023;22:13:23;25.08;;;;
263;06/06/2023;22:04:15;25.67;;;;263;06/06/2023;22:05:51;25.66;;;;263;05/06/2023;22:14:23;25.09;;;;
264;06/06/2023;22:05:15;25.66;;;;264;06/06/2023;22:06:50;25.66;;;;264;05/06/2023;22:15:23;25.08;;;;
265;06/06/2023;22:06:15;25.66;;;;265;06/06/2023;22:07:50;25.62;;;;265;05/06/2023;22:16:23;25.06;Synchronized;;;
266;06/06/2023;22:07:15;25.64;;;;266;06/06/2023;22:08:50;25.65;;;;266;05/06/2023;22:17:23;25.08;;;;
267;06/06/2023;22:08:15;25.66;;;;267;06/06/2023;22:09:50;25.66;;;;267;05/06/2023;22:18:23;25.07;;;;
268;06/06/2023;22:09:15;25.66;;;;268;06/06/2023;22:10:50;25.64;;;;268;05/06/2023;22:19:23;25.07;;;;
269;06/06/2023;22:10:15;25.64;;;;269;06/06/2023;22:11:50;25.64;;;;269;05/06/2023;22:20:23;25.08;;;;
270;06/06/2023;22:11:14;25.64;;;;270;06/06/2023;22:12:50;25.64;;;;270;05/06/2023;22:21:23;25.09;;;;
271;06/06/2023;22:12:14;25.63;;;;271;06/06/2023;22:13:50;25.64;;;;271;05/06/2023;22:22:23;25.05;;;;
272;06/06/2023;22:13:14;25.66;;;;272;06/06/2023;22:14:50;25.64;;;;272;05/06/2023;22:23:23;25.08;;;;
273;06/06/2023;22:14:14;25.64;;;;273;06/06/2023;22:15:50;25.66;;;;273;05/06/2023;22:24:23;25.07;;;;
274;06/06/2023;22:15:14;25.64;;;;274;06/06/2023;22:16:50;25.64;;;;274;05/06/2023;22:25:23;25.08;;;;
275;06/06/2023;22:16:14;25.64;;;;275;06/06/2023;22:17:50;25.65;;;;275;05/06/2023;22:26:23;25.07;;;;
276;06/06/2023;22:17:14;25.63;;;;276;06/06/2023;22:18:50;25.63;;;;276;05/06/2023;22:27:23;25.06;;;;
277;06/06/2023;22:18:14;25.64;;;;277;06/06/2023;22:19:49;25.64;;;;277;05/06/2023;22:28:23;25.05;;;;
278;06/06/2023;22:19:14;25.63;;;;278;06/06/2023;22:20:49;25.62;;;;278;05/06/2023;22:29:23;25.05;;;;
279;06/06/2023;22:20:13;25.66;;;;279;06/06/2023;22:21:49;25.63;;;;279;05/06/2023;22:30:23;25.07;;;;
280;06/06/2023;22:21:13;25.63;;;;280;06/06/2023;22:22:49;25.65;;;;280;05/06/2023;22:31:23;25.05;;;;
281;06/06/2023;22:22:13;25.63;;;;281;06/06/2023;22:23:49;25.62;;;;281;05/06/2023;22:32:23;25.06;;;;
282;06/06/2023;22:23:13;25.61;Synchronized;;;282;06/06/2023;22:24:49;25.61;;;;282;05/06/2023;22:33:23;25.05;;;;
283;06/06/2023;22:24:13;25.63;;;;283;06/06/2023;22:25:49;25.61;Synchronized;;;283;05/06/2023;22:34:23;25.05;;;;
284;06/06/2023;22:25:13;25.63;;;;284;06/06/2023;22:26:49;25.63;;;;284;05/06/2023;22:35:23;25.05;;;;
285;06/06/2023;22:26:13;25.62;;;;285;06/06/2023;22:27:49;25.61;;;;285;05/06/2023;22:36:22;25.07;;;;
286;06/06/2023;22:27:12;25.62;;;;286;06/06/2023;22:28:49;25.6;;;;286;05/06/2023;22:37:22;25.05;;;;
287;06/06/2023;22:28:12;25.59;;;;287;06/06/2023;22:29:49;25.61;;;;287;05/06/2023;22:38:22;25.04;;;;
288;06/06/2023;22:29:12;25.61;;;;288;06/06/2023;22:30:49;25.59;;;;288;05/06/2023;22:39:22;25.05;;;;
289;06/06/2023;22:30:12;25.63;;;;289;06/06/2023;22:31:48;25.6;;;;289;05/06/2023;22:40:22;25.05;;;;
290;06/06/2023;22:31:12;25.62;;;;290;06/06/2023;22:32:48;25.6;;;;290;05/06/2023;22:41:22;25.04;;;;
291;06/06/2023;22:32:12;25.62;;;;291;06/06/2023;22:33:48;25.6;;;;291;05/06/2023;22:42:22;25.05;;;;
292;06/06/2023;22:33:12;25.6;;;;292;06/06/2023;22:34:48;25.59;;;;292;05/06/2023;22:43:22;25.02;;;;
293;06/06/2023;22:34:12;25.6;;;;293;06/06/2023;22:35:48;25.6;;;;293;05/06/2023;22:44:22;25.04;;;;
294;06/06/2023;22:35:12;25.59;;;;294;06/06/2023;22:36:48;25.57;;;;294;05/06/2023;22:45:22;25.05;;;;
295;06/06/2023;22:36:12;25.59;;;;295;06/06/2023;22:37:48;25.58;;;;295;05/06/2023;22:46:22;25.02;;;;
296;06/06/2023;22:37:11;25.59;;;;296;06/06/2023;22:38:48;25.57;;;;296;05/06/2023;22:47:22;25.05;;;;
297;06/06/2023;22:38:11;25.61;;;;297;06/06/2023;22:39:48;25.58;;;;297;05/06/2023;22:48:22;25.04;;;;
298;06/06/2023;22:39:11;25.59;;;;298;06/06/2023;22:40:48;25.59;;;;298;05/06/2023;22:49:22;25.02;;;;
299;06/06/2023;22:40:11;25.59;;;;299;06/06/2023;22:41:48;25.58;;;;299;05/06/2023;22:50:22;25.05;;;;
300;06/06/2023;22:41:11;25.6;;;;300;06/06/2023;22:42:48;25.59;;;;300;05/06/2023;22:51:22;25.04;;;;
301;06/06/2023;22:42:11;25.59;;;;301;06/06/2023;22:43:47;25.59;;;;301;05/06/2023;22:52:22;25.05;;;;
302;06/06/2023;22:43:11;25.59;;;;302;06/06/2023;22:44:47;25.58;;;;302;05/06/2023;22:53:22;25.01;;;;
303;06/06/2023;22:44:11;25.59;;;;303;06/06/2023;22:45:47;25.58;;;;303;05/06/2023;22:54:22;25.05;;;;
304;06/06/2023;22:45:10;25.59;;;;304;06/06/2023;22:46:47;25.58;;;;304;05/06/2023;22:55:22;25.05;;;;
305;06/06/2023;22:46:10;25.58;;;;305;06/06/2023;22:47:47;25.58;;;;305;05/06/2023;22:56:22;25.02;;;;
306;06/06/2023;22:47:10;25.57;;;;306;06/06/2023;22:48:47;25.57;;;;306;05/06/2023;22:57:22;25.02;;;;
307;06/06/2023;22:48:10;25.57;;;;307;06/06/2023;22:49:47;25.55;;;;307;05/06/2023;22:58:22;25.04;;;;
308;06/06/2023;22:49:10;25.55;;;;308;06/06/2023;22:50:46;25.56;;;;308;05/06/2023;22:59:22;25.01;;;;
309;06/06/2023;22:50:10;25.58;;;;309;06/06/2023;22:51:46;25.58;;;;309;05/06/2023;23:00:22;25.05;;;;
310;06/06/2023;22:51:10;25.57;;;;310;06/06/2023;22:52:46;25.55;;;;310;05/06/2023;23:01:22;25.04;;;;
311;06/06/2023;22:52:10;25.56;Synchronized;;;311;06/06/2023;22:53:46;25.57;;;;311;05/06/2023;23:02:22;25.05;;;;
312;06/06/2023;22:53:10;25.57;;;;312;06/06/2023;22:54:46;25.55;;;;312;05/06/2023;23:03:22;25.01;;;;
313;06/06/2023;22:54:09;25.55;;;;313;06/06/2023;22:55:46;25.57;;;;313;05/06/2023;23:04:22;25.02;;;;
314;06/06/2023;22:55:09;25.55;;;;314;06/06/2023;22:56:46;25.54;;;;314;05/06/2023;23:05:22;25.02;;;;
315;06/06/2023;22:56:09;25.56;;;;315;06/06/2023;22:57:45;25.55;;;;315;05/06/2023;23:06:22;25.02;;;;
316;06/06/2023;22:57:09;25.55;;;;316;06/06/2023;22:58:45;25.56;;;;316;05/06/2023;23:07:22;25.02;;;;
317;06/06/2023;22:58:09;25.55;;;;317;06/06/2023;22:59:45;25.55;;;;317;05/06/2023;23:08:22;25.04;;;;
318;06/06/2023;22:59:09;25.56;;;;318;06/06/2023;23:00:45;25.55;;;;318;05/06/2023;23:09:22;25.02;;;;
319;06/06/2023;23:00:09;25.54;;;;319;06/06/2023;23:01:45;25.56;;;;319;05/06/2023;23:10:22;25.02;;;;
320;06/06/2023;23:01:09;25.55;;;;320;06/06/2023;23:02:45;25.55;;;;320;05/06/2023;23:11:22;25.02;;;;
321;06/06/2023;23:02:09;25.55;;;;321;06/06/2023;23:03:45;25.57;;;;321;05/06/2023;23:12:22;25.04;;;;
322;06/06/2023;23:03:09;25.55;;;;322;06/06/2023;23:04:44;25.56;;;;322;05/06/2023;23:13:22;25.04;;;;
323;06/06/2023;23:04:09;25.54;;;;323;06/06/2023;23:05:44;25.55;;;;323;05/06/2023;23:14:22;25.01;;;;
324;06/06/2023;23:05:08;25.55;;;;324;06/06/2023;23:06:44;25.53;;;;324;05/06/2023;23:15:22;25.02;;;;
325;06/06/2023;23:06:08;25.54;;;;325;06/06/2023;23:07:44;25.54;;;;325;05/06/2023;23:16:22;25.02;;;;
326;06/06/2023;23:07:08;25.54;;;;326;06/06/2023;23:08:44;25.55;;;;326;05/06/2023;23:17:22;25.02;;;;
327;06/06/2023;23:08:08;25.56;;;;327;06/06/2023;23:09:44;25.55;;;;327;05/06/2023;23:18:22;25.02;;;;
328;06/06/2023;23:09:08;25.55;;;;328;06/06/2023;23:10:44;25.54;;;;328;05/06/2023;23:19:22;25.05;;;;
329;06/06/2023;23:10:08;25.54;;;;329;06/06/2023;23:11:44;25.52;;;;329;05/06/2023;23:20:22;25.04;;;;
330;06/06/2023;23:11:08;25.52;;;;330;06/06/2023;23:12:43;25.54;;;;330;05/06/2023;23:21:22;25.02;;;;
331;06/06/2023;23:12:08;25.55;;;;331;06/06/2023;23:13:43;25.54;;;;331;05/06/2023;23:22:22;25.05;;;;
332;06/06/2023;23:13:07;25.52;;;;332;06/06/2023;23:14:43;25.55;;;;332;05/06/2023;23:23:22;25.04;;;;
333;06/06/2023;23:14:07;25.52;;;;333;06/06/2023;23:15:43;25.53;;;;333;05/06/2023;23:24:22;25.02;;;;
334;06/06/2023;23:15:07;25.55;;;;334;06/06/2023;23:16:43;25.53;;;;334;05/06/2023;23:25:22;25.05;;;;
335;06/06/2023;23:16:07;25.54;;;;335;06/06/2023;23:17:43;25.53;;;;335;05/06/2023;23:26:22;25.06;;;;
336;06/06/2023;23:17:07;25.54;;;;336;06/06/2023;23:18:43;25.52;;;;336;05/06/2023;23:27:22;25.04;;;;
337;06/06/2023;23:18:07;25.55;;;;337;06/06/2023;23:19:43;25.54;;;;337;05/06/2023;23:28:22;25.05;;;;
338;06/06/2023;23:19:07;25.54;;;;338;06/06/2023;23:20:42;25.53;;;;338;05/06/2023;23:29:22;25.05;;;;
339;06/06/2023;23:20:07;25.52;;;;339;06/06/2023;23:21:42;25.52;;;;339;05/06/2023;23:30:22;25.05;;;;
340;06/06/2023;23:21:07;25.52;;;;340;06/06/2023;23:22:42;25.52;;;;340;05/06/2023;23:31:22;25.04;;;;
341;06/06/2023;23:22:06;25.51;;;;341;06/06/2023;23:23:42;25.53;;;;341;05/06/2023;23:32:22;25.05;;;;
342;06/06/2023;23:23:06;25.52;;;;342;06/06/2023;23:24:42;25.52;;;;342;05/06/2023;23:33:22;25.05;;;;
343;06/06/2023;23:24:06;25.52;;;;343;06/06/2023;23:25:41;25.52;;;;343;05/06/2023;23:34:22;25.06;;;;
344;06/06/2023;23:25:06;25.51;;;;344;06/06/2023;23:26:41;25.52;;;;344;05/06/2023;23:35:22;25.04;;;;
345;06/06/2023;23:26:06;25.5;;;;345;06/06/2023;23:27:41;25.51;;;;345;05/06/2023;23:36:22;25.04;;;;
346;06/06/2023;23:27:06;25.5;;;;346;06/06/2023;23:28:41;25.49;;;;346;05/06/2023;23:37:22;25.04;;;;
347;06/06/2023;23:28:06;25.5;;;;347;06/06/2023;23:29:41;25.52;;;;347;05/06/2023;23:38:22;25.07;;;;
348;06/06/2023;23:29:06;25.49;;;;348;06/06/2023;23:30:40;25.52;;;;348;05/06/2023;23:39:22;25.05;;;;
349;06/06/2023;23:30:06;25.49;;;;349;06/06/2023;23:31:40;25.52;;;;349;05/06/2023;23:40:22;25.05;;;;
350;06/06/2023;23:31:05;25.5;;;;350;06/06/2023;23:32:40;25.51;;;;350;05/06/2023;23:41:22;25.05;;;;
351;06/06/2023;23:32:05;25.49;;;;351;06/06/2023;23:33:40;25.48;;;;351;05/06/2023;23:42:22;25.05;;;;
352;06/06/2023;23:33:05;25.51;;;;352;06/06/2023;23:34:40;25.49;;;;352;05/06/2023;23:43:22;25.04;;;;
353;06/06/2023;23:34:05;25.49;;;;353;06/06/2023;23:35:40;25.52;;;;353;05/06/2023;23:44:22;25.06;;;;
354;06/06/2023;23:35:05;25.5;;;;354;06/06/2023;23:36:39;25.51;;;;354;05/06/2023;23:45:22;25.06;;;;
355;06/06/2023;23:36:05;25.48;;;;355;06/06/2023;23:37:39;25.48;;;;355;05/06/2023;23:46:22;25.06;;;;
356;06/06/2023;23:37:05;25.49;;;;356;06/06/2023;23:38:39;25.47;;;;356;05/06/2023;23:47:22;25.05;;;;
357;06/06/2023;23:38:05;25.48;;;;357;06/06/2023;23:39:39;25.48;Synchronized;;;357;05/06/2023;23:48:22;25.06;;;;
358;06/06/2023;23:39:05;25.48;;;;358;06/06/2023;23:40:39;25.49;;;;358;05/06/2023;23:49:22;25.06;;;;
359;06/06/2023;23:40:04;25.49;;;;359;06/06/2023;23:41:39;25.48;;;;359;05/06/2023;23:50:22;25.06;;;;
360;06/06/2023;23:41:04;25.47;;;;360;06/06/2023;23:42:38;25.49;;;;360;05/06/2023;23:51:22;25.05;;;;
361;06/06/2023;23:42:04;25.48;;;;361;06/06/2023;23:43:38;25.49;;;;361;05/06/2023;23:52:22;25.05;;;;
362;06/06/2023;23:43:04;25.47;;;;362;06/06/2023;23:44:38;25.48;;;;362;05/06/2023;23:53:22;25.05;;;;
363;06/06/2023;23:44:04;25.48;;;;363;06/06/2023;23:45:38;25.48;;;;363;05/06/2023;23:54:22;25.05;;;;
364;06/06/2023;23:45:04;25.46;;;;364;06/06/2023;23:46:38;25.48;;;;364;05/06/2023;23:55:22;25.05;;;;
365;06/06/2023;23:46:04;25.48;;;;365;06/06/2023;23:47:38;25.48;;;;365;05/06/2023;23:56:22;25.05;;;;
366;06/06/2023;23:47:04;25.46;;;;366;06/06/2023;23:48:37;25.47;;;;366;05/06/2023;23:57:22;25.05;;;;
367;06/06/2023;23:48:04;25.45;;;;367;06/06/2023;23:49:37;25.45;;;;367;05/06/2023;23:58:22;25.05;;;;
368;06/06/2023;23:49:03;25.46;;;;368;06/06/2023;23:50:37;25.46;;;;368;05/06/2023;23:59:22;25.05;;;;
369;06/06/2023;23:50:03;25.48;;;;369;06/06/2023;23:51:37;25.48;;;;369;06/06/2023;00:00:22;25.05;;;;
370;06/06/2023;23:51:03;25.47;;;;370;06/06/2023;23:52:37;25.47;;;;370;06/06/2023;00:01:22;25.05;;;;
371;06/06/2023;23:52:03;25.47;;;;371;06/06/2023;23:53:37;25.48;;;;371;06/06/2023;00:02:22;25.04;;;;
372;06/06/2023;23:53:03;25.47;;;;372;06/06/2023;23:54:37;25.46;;;;372;06/06/2023;00:03:22;25.06;;;;
373;06/06/2023;23:54:03;25.45;;;;373;06/06/2023;23:55:37;25.48;;;;373;06/06/2023;00:04:22;25.06;;;;
374;06/06/2023;23:55:03;25.47;;;;374;06/06/2023;23:56:36;25.47;;;;374;06/06/2023;00:05:22;25.04;;;;
375;06/06/2023;23:56:03;25.48;;;;375;06/06/2023;23:57:36;25.47;;;;375;06/06/2023;00:06:22;25.05;;;;
376;06/06/2023;23:57:03;25.47;;;;376;06/06/2023;23:58:36;25.46;;;;376;06/06/2023;00:07:22;25.05;;;;
377;06/06/2023;23:58:02;25.46;;;;377;06/06/2023;23:59:36;25.48;;;;377;06/06/2023;00:08:22;25.04;;;;
378;06/06/2023;23:59:02;25.46;;;;378;07/06/2023;00:00:36;25.46;;;;378;06/06/2023;00:09:22;25.05;;;;
379;07/06/2023;00:00:02;25.44;;;;379;07/06/2023;00:01:35;25.47;;;;379;06/06/2023;00:10:22;25.04;;;;
380;07/06/2023;00:01:02;25.45;;;;380;07/06/2023;00:02:35;25.45;;;;380;06/06/2023;00:11:22;25.04;;;;
381;07/06/2023;00:02:02;25.44;;;;381;07/06/2023;00:03:35;25.47;;;;381;06/06/2023;00:12:22;25.02;;;;
382;07/06/2023;00:03:02;25.45;;;;382;07/06/2023;00:04:35;25.45;;;;382;06/06/2023;00:13:22;25.05;;;;
383;07/06/2023;00:04:02;25.45;;;;383;07/06/2023;00:05:35;25.45;;;;383;06/06/2023;00:14:22;25.04;;;;
384;07/06/2023;00:05:02;25.44;;;;384;07/06/2023;00:06:35;25.45;;;;384;06/06/2023;00:15:22;25.05;;;;
385;07/06/2023;00:06:02;25.45;;;;385;07/06/2023;00:07:35;25.45;;;;385;06/06/2023;00:16:22;25.05;;;;
386;07/06/2023;00:07:01;25.45;;;;386;07/06/2023;00:08:35;25.45;;;;386;06/06/2023;00:17:22;25.04;;;;
387;07/06/2023;00:08:01;25.45;;;;387;07/06/2023;00:09:34;25.45;;;;387;06/06/2023;00:18:22;25.05;;;;
388;07/06/2023;00:09:01;25.45;;;;388;07/06/2023;00:10:34;25.44;;;;388;06/06/2023;00:19:22;25.04;;;;
389;07/06/2023;00:10:01;25.44;;;;389;07/06/2023;00:11:34;25.44;;;;389;06/06/2023;00:20:22;25.04;;;;
390;07/06/2023;00:11:01;25.44;;;;390;07/06/2023;00:12:34;25.45;;;;390;06/06/2023;00:21:22;25.04;;;;
391;07/06/2023;00:12:01;25.45;;;;391;07/06/2023;00:13:34;25.42;;;;391;06/06/2023;00:22:22;25.05;;;;
392;07/06/2023;00:13:01;25.42;;;;392;07/06/2023;00:14:34;25.45;;;;392;06/06/2023;00:23:22;25.05;;;;
393;07/06/2023;00:14:01;25.45;;;;393;07/06/2023;00:15:33;25.44;;;;393;06/06/2023;00:24:22;25.05;;;;
394;07/06/2023;00:15:01;25.45;;;;394;07/06/2023;00:16:33;25.44;;;;394;06/06/2023;00:25:22;25.05;;;;
395;07/06/2023;00:16:00;25.45;;;;395;07/06/2023;00:17:33;25.44;;;;395;06/06/2023;00:26:22;25.05;;;;
396;07/06/2023;00:17:00;25.43;;;;396;07/06/2023;00:18:33;25.45;;;;396;06/06/2023;00:27:22;25.05;;;;
397;07/06/2023;00:18:00;25.43;;;;397;07/06/2023;00:19:33;25.42;;;;397;06/06/2023;00:28:22;25.05;;;;
398;07/06/2023;00:19:00;25.42;;;;398;07/06/2023;00:20:33;25.43;;;;398;06/06/2023;00:29:22;25.05;;;;
399;07/06/2023;00:20:00;25.42;;;;399;07/06/2023;00:21:33;25.44;;;;399;06/06/2023;00:30:22;25.05;;;;
400;07/06/2023;00:21:00;25.43;;;;400;07/06/2023;00:22:33;25.43;Synchronized;;;400;06/06/2023;00:31:22;25.05;;;;
401;07/06/2023;00:22:00;25.43;;;;401;07/06/2023;00:23:32;25.43;;;;401;06/06/2023;00:32:22;25.05;;;;
402;07/06/2023;00:23:00;25.41;;;;402;07/06/2023;00:24:32;25.42;Synchronized;;;402;06/06/2023;00:33:22;25.02;;;;
403;07/06/2023;00:24:00;25.41;;;;403;07/06/2023;00:25:32;25.43;;;;403;06/06/2023;00:34:22;25.05;;;;
404;07/06/2023;00:24:59;25.42;;;;404;07/06/2023;00:26:32;25.41;;;;404;06/06/2023;00:35:22;25.02;;;;
405;07/06/2023;00:25:59;25.41;;;;405;07/06/2023;00:27:32;25.42;;;;405;06/06/2023;00:36:22;25.05;;;;
406;07/06/2023;00:26:59;25.43;;;;406;07/06/2023;00:28:31;25.45;;;;406;06/06/2023;00:37:22;25.04;;;;
407;07/06/2023;00:27:59;25.43;;;;407;07/06/2023;00:29:31;25.43;;;;407;06/06/2023;00:38:22;25.04;;;;
408;07/06/2023;00:28:59;25.4;;;;408;07/06/2023;00:30:31;25.43;;;;408;06/06/2023;00:39:22;25.05;;;;
409;07/06/2023;00:29:59;25.39;;;;409;07/06/2023;00:31:31;25.43;;;;409;06/06/2023;00:40:22;25.04;;;;
410;07/06/2023;00:30:59;25.38;;;;410;07/06/2023;00:32:31;25.41;;;;410;06/06/2023;00:41:22;25.05;;;;
411;07/06/2023;00:31:59;25.41;;;;411;07/06/2023;00:33:31;25.43;;;;411;06/06/2023;00:42:22;25.05;;;;
412;07/06/2023;00:32:59;25.41;;;;412;07/06/2023;00:34:31;25.43;Synchronized;;;412;06/06/2023;00:43:22;25.02;;;;
413;07/06/2023;00:33:58;25.42;;;;413;07/06/2023;00:35:30;25.41;;;;413;06/06/2023;00:44:22;25.02;;;;
414;07/06/2023;00:34:58;25.4;;;;414;07/06/2023;00:36:30;25.41;;;;414;06/06/2023;00:45:22;25.05;;;;
415;07/06/2023;00:35:58;25.38;;;;415;07/06/2023;00:37:30;25.41;;;;415;06/06/2023;00:46:22;25.05;;;;
416;07/06/2023;00:36:58;25.39;;;;416;07/06/2023;00:38:30;25.38;;;;416;06/06/2023;00:47:22;25.04;;;;
417;07/06/2023;00:37:58;25.39;;;;417;07/06/2023;00:39:30;25.42;;;;417;06/06/2023;00:48:22;25.01;;;;
418;07/06/2023;00:38:58;25.39;;;;418;07/06/2023;00:40:30;25.41;;;;418;06/06/2023;00:49:22;25.02;;;;
419;07/06/2023;00:39:58;25.39;;;;419;07/06/2023;00:41:29;25.39;;;;419;06/06/2023;00:50:22;25.02;;;;
420;07/06/2023;00:40:58;25.41;;;;420;07/06/2023;00:42:29;25.41;;;;420;06/06/2023;00:51:22;25.02;;;;
421;07/06/2023;00:41:57;25.39;;;;421;07/06/2023;00:43:29;25.4;;;;421;06/06/2023;00:52:22;25.04;;;;
422;07/06/2023;00:42:57;25.38;;;;422;07/06/2023;00:44:29;25.41;;;;422;06/06/2023;00:53:22;25.02;;;;
423;07/06/2023;00:43:57;25.38;;;;423;07/06/2023;00:45:28;25.39;;;;423;06/06/2023;00:54:22;25.02;;;;
424;07/06/2023;00:44:57;25.39;;;;424;07/06/2023;00:46:28;25.39;;;;424;06/06/2023;00:55:22;25.04;;;;
425;07/06/2023;00:45:57;25.38;;;;425;07/06/2023;00:47:28;25.38;;;;425;06/06/2023;00:56:22;25.06;;;;
426;07/06/2023;00:46:57;25.38;;;;426;07/06/2023;00:48:28;25.38;;;;426;06/06/2023;00:57:22;25.05;;;;
427;07/06/2023;00:47:57;25.37;;;;427;07/06/2023;00:49:28;25.35;;;;427;06/06/2023;00:58:22;25.02;;;;
428;07/06/2023;00:48:57;25.38;;;;428;07/06/2023;00:50:28;25.39;;;;428;06/06/2023;00:59:22;25.02;;;;
429;07/06/2023;00:49:57;25.35;;;;429;07/06/2023;00:51:27;25.39;;;;429;06/06/2023;01:00:22;25.04;;;;
430;07/06/2023;00:50:56;25.38;;;;430;07/06/2023;00:52:27;25.38;;;;430;06/06/2023;01:01:22;25.05;;;;
431;07/06/2023;00:51:56;25.38;;;;431;07/06/2023;00:53:27;25.38;;;;431;06/06/2023;01:02:22;25.05;;;;
432;07/06/2023;00:52:56;25.37;;;;432;07/06/2023;00:54:27;25.39;;;;432;06/06/2023;01:03:22;25.05;;;;
433;07/06/2023;00:53:56;25.37;;;;433;07/06/2023;00:55:27;25.38;;;;433;06/06/2023;01:04:22;25.05;;;;
434;07/06/2023;00:54:56;25.37;;;;434;07/06/2023;00:56:27;25.37;;;;434;06/06/2023;01:05:22;25.02;;;;
435;07/06/2023;00:55:56;25.38;;;;435;07/06/2023;00:57:26;25.39;;;;435;06/06/2023;01:06:22;25.05;;;;
436;07/06/2023;00:56:56;25.37;;;;436;07/06/2023;00:58:26;25.39;;;;436;06/06/2023;01:07:22;25.05;;;;
437;07/06/2023;00:57:56;25.38;;;;437;07/06/2023;00:59:26;25.38;;;;437;06/06/2023;01:08:22;25.02;;;;
438;07/06/2023;00:58:56;25.36;;;;438;07/06/2023;01:00:26;25.37;;;;438;06/06/2023;01:09:22;25.04;;;;
439;07/06/2023;00:59:55;25.37;;;;439;07/06/2023;01:01:26;25.37;;;;439;06/06/2023;01:10:22;25.02;;;;
440;07/06/2023;01:00:55;25.34;;;;440;07/06/2023;01:02:25;25.37;;;;440;06/06/2023;01:11:22;25.05;;;;
441;07/06/2023;01:01:55;25.38;;;;441;07/06/2023;01:03:25;25.39;;;;441;06/06/2023;01:12:22;25.04;;;;
442;07/06/2023;01:02:55;25.35;;;;442;07/06/2023;01:04:25;25.38;;;;442;06/06/2023;01:13:22;25.02;;;;
443;07/06/2023;01:03:55;25.36;;;;443;07/06/2023;01:05:25;25.37;;;;443;06/06/2023;01:14:22;25.04;;;;
444;07/06/2023;01:04:55;25.36;;;;444;07/06/2023;01:06:25;25.36;;;;444;06/06/2023;01:15:22;25.02;;;;
445;07/06/2023;01:05:55;25.35;;;;445;07/06/2023;01:07:24;25.37;;;;445;06/06/2023;01:16:22;25.05;;;;
446;07/06/2023;01:06:55;25.36;;;;446;07/06/2023;01:08:24;25.36;;;;446;06/06/2023;01:17:22;25.01;;;;
447;07/06/2023;01:07:55;25.37;;;;447;07/06/2023;01:09:24;25.37;;;;447;06/06/2023;01:18:22;25.01;;;;
448;07/06/2023;01:08:54;25.36;;;;448;07/06/2023;01:10:24;25.37;;;;448;06/06/2023;01:19:22;25.02;;;;
449;07/06/2023;01:09:54;25.35;;;;449;07/06/2023;01:11:24;25.37;;;;449;06/06/2023;01:20:22;25.04;;;;
450;07/06/2023;01:10:54;25.38;;;;450;07/06/2023;01:12:24;25.35;;;;450;06/06/2023;01:21:23;25.02;;;;
451;07/06/2023;01:11:54;25.35;;;;451;07/06/2023;01:13:24;25.36;;;;451;06/06/2023;01:22:23;25.01;;;;
452;07/06/2023;01:12:54;25.34;;;;452;07/06/2023;01:14:23;25.35;;;;452;06/06/2023;01:23:23;25.04;;;;
453;07/06/2023;01:13:54;25.34;;;;453;07/06/2023;01:15:23;25.36;;;;453;06/06/2023;01:24:23;25.01;;;;
454;07/06/2023;01:14:54;25.35;;;;454;07/06/2023;01:16:23;25.35;;;;454;06/06/2023;01:25:23;25.02;;;;
455;07/06/2023;01:15:54;25.34;;;;455;07/06/2023;01:17:23;25.34;;;;455;06/06/2023;01:26:23;25.02;;;;
456;07/06/2023;01:16:54;25.34;;;;456;07/06/2023;01:18:23;25.36;;;;456;06/06/2023;01:27:23;25.02;;;;
457;07/06/2023;01:17:53;25.35;;;;457;07/06/2023;01:19:23;25.34;;;;457;06/06/2023;01:28:23;25.02;;;;
458;07/06/2023;01:18:53;25.34;;;;458;07/06/2023;01:20:22;25.36;;;;458;06/06/2023;01:29:23;25.04;;;;
459;07/06/2023;01:19:53;25.34;;;;459;07/06/2023;01:21:22;25.34;;;;459;06/06/2023;01:30:23;25.02;;;;
460;07/06/2023;01:20:53;25.34;;;;460;07/06/2023;01:22:22;25.35;;;;460;06/06/2023;01:31:23;25.02;Synchronized;;;
461;07/06/2023;01:21:53;25.34;;;;461;07/06/2023;01:23:22;25.34;;;;461;06/06/2023;01:32:23;25.02;;;;
462;07/06/2023;01:22:53;25.32;;;;462;07/06/2023;01:24:22;25.34;;;;462;06/06/2023;01:33:23;25.02;;;;
463;07/06/2023;01:23:53;25.33;;;;463;07/06/2023;01:25:21;25.34;;;;463;06/06/2023;01:34:23;25.02;;;;
464;07/06/2023;01:24:53;25.32;;;;464;07/06/2023;01:26:21;25.34;;;;464;06/06/2023;01:35:23;25.04;;;;
465;07/06/2023;01:25:53;25.34;;;;465;07/06/2023;01:27:21;25.34;;;;465;06/06/2023;01:36:23;25.04;;;;
466;07/06/2023;01:26:52;25.33;;;;466;07/06/2023;01:28:21;25.33;;;;466;06/06/2023;01:37:23;25.01;;;;
467;07/06/2023;01:27:52;25.32;;;;467;07/06/2023;01:29:21;25.35;;;;467;06/06/2023;01:38:23;25.05;;;;
468;07/06/2023;01:28:52;25.31;;;;468;07/06/2023;01:30:20;25.34;;;;468;06/06/2023;01:39:23;25.02;;;;
469;07/06/2023;01:29:52;25.33;;;;469;07/06/2023;01:31:20;25.34;;;;469;06/06/2023;01:40:23;25.02;;;;
470;07/06/2023;01:30:52;25.34;;;;470;07/06/2023;01:32:20;25.34;;;;470;06/06/2023;01:41:23;25.02;;;;
471;07/06/2023;01:31:52;25.33;;;;471;07/06/2023;01:33:20;25.33;;;;471;06/06/2023;01:42:23;25.02;;;;
472;07/06/2023;01:32:52;25.33;;;;472;07/06/2023;01:34:20;25.34;;;;472;06/06/2023;01:43:23;25.01;;;;
473;07/06/2023;01:33:52;25.31;;;;473;07/06/2023;01:35:19;25.33;;;;473;06/06/2023;01:44:23;25.02;;;;
474;07/06/2023;01:34:51;25.31;;;;474;07/06/2023;01:36:19;25.34;;;;474;06/06/2023;01:45:23;25.01;;;;
475;07/06/2023;01:35:51;25.32;;;;475;07/06/2023;01:37:19;25.33;;;;475;06/06/2023;01:46:23;25.02;;;;
476;07/06/2023;01:36:51;25.33;;;;476;07/06/2023;01:38:19;25.31;;;;476;06/06/2023;01:47:23;25.01;;;;
477;07/06/2023;01:37:51;25.3;;;;477;07/06/2023;01:39:19;25.3;;;;477;06/06/2023;01:48:23;25.01;;;;
478;07/06/2023;01:38:51;25.32;;;;478;07/06/2023;01:40:18;25.34;;;;478;06/06/2023;01:49:23;25.02;;;;
479;07/06/2023;01:39:51;25.32;;;;479;07/06/2023;01:41:18;25.33;;;;479;06/06/2023;01:50:23;25.02;;;;
480;07/06/2023;01:40:51;25.32;;;;480;07/06/2023;01:42:18;25.32;;;;480;06/06/2023;01:51:23;25;;;;
481;07/06/2023;01:41:51;25.34;;;;481;07/06/2023;01:43:18;25.33;;;;481;06/06/2023;01:52:23;25.02;;;;
482;07/06/2023;01:42:51;25.32;;;;482;07/06/2023;01:44:18;25.34;;;;482;06/06/2023;01:53:23;25.02;;;;
483;07/06/2023;01:43:51;25.32;;;;483;07/06/2023;01:45:18;25.33;;;;483;06/06/2023;01:54:23;25.01;;;;
484;07/06/2023;01:44:50;25.31;;;;484;07/06/2023;01:46:18;25.32;;;;484;06/06/2023;01:55:23;25.02;;;;
485;07/06/2023;01:45:50;25.34;;;;485;07/06/2023;01:47:18;25.34;Synchronized;;;485;06/06/2023;01:56:23;25.05;;;;
486;07/06/2023;01:46:50;25.34;;;;486;07/06/2023;01:48:17;25.34;;;;486;06/06/2023;01:57:23;25.01;;;;
487;07/06/2023;01:47:50;25.34;;;;487;07/06/2023;01:49:17;25.33;;;;487;06/06/2023;01:58:23;25.02;;;;
488;07/06/2023;01:48:50;25.32;;;;488;07/06/2023;01:50:17;25.33;;;;488;06/06/2023;01:59:23;25.01;;;;
489;07/06/2023;01:49:50;25.33;;;;489;07/06/2023;01:51:17;25.33;;;;489;06/06/2023;02:00:23;25;;;;
490;07/06/2023;01:50:50;25.34;;;;490;07/06/2023;01:52:17;25.33;;;;490;06/06/2023;02:01:23;25.01;;;;
491;07/06/2023;01:51:50;25.3;;;;491;07/06/2023;01:53:16;25.31;;;;491;06/06/2023;02:02:23;25;;;;
492;07/06/2023;01:52:50;25.31;;;;492;07/06/2023;01:54:16;25.3;;;;492;06/06/2023;02:03:23;25.02;;;;
493;07/06/2023;01:53:50;25.34;;;;493;07/06/2023;01:55:16;25.31;;;;493;06/06/2023;02:04:23;25.01;;;;
494;07/06/2023;01:54:49;25.3;;;;494;07/06/2023;01:56:16;25.31;;;;494;06/06/2023;02:05:23;25;;;;
495;07/06/2023;01:55:49;25.32;;;;495;07/06/2023;01:57:16;25.31;;;;495;06/06/2023;02:06:23;25;;;;
496;07/06/2023;01:56:49;25.28;;;;496;07/06/2023;01:58:16;25.33;;;;496;06/06/2023;02:07:23;25.04;;;;
497;07/06/2023;01:57:49;25.3;;;;497;07/06/2023;01:59:15;25.32;;;;497;06/06/2023;02:08:23;25;;;;
498;07/06/2023;01:58:49;25.31;;;;498;07/06/2023;02:00:15;25.33;;;;498;06/06/2023;02:09:23;25.02;;;;
499;07/06/2023;01:59:49;25.31;;;;499;07/06/2023;02:01:15;25.31;;;;499;06/06/2023;02:10:23;25.02;;;;
500;07/06/2023;02:00:49;25.3;;;;500;07/06/2023;02:02:15;25.3;;;;500;06/06/2023;02:11:23;25;;;;
501;07/06/2023;02:01:49;25.31;;;;501;07/06/2023;02:03:15;25.3;;;;501;06/06/2023;02:12:23;25.02;;;;
502;07/06/2023;02:02:49;25.27;;;;502;07/06/2023;02:04:14;25.3;;;;502;06/06/2023;02:13:23;25.02;;;;
503;07/06/2023;02:03:48;25.31;;;;503;07/06/2023;02:05:14;25.3;;;;503;06/06/2023;02:14:23;25.01;;;;
504;07/06/2023;02:04:48;25.31;;;;504;07/06/2023;02:06:14;25.3;;;;504;06/06/2023;02:15:23;25;;;;
505;07/06/2023;02:05:48;25.3;;;;505;07/06/2023;02:07:14;25.29;;;;505;06/06/2023;02:16:23;25.01;;;;
506;07/06/2023;02:06:48;25.3;;;;506;07/06/2023;02:08:14;25.3;;;;506;06/06/2023;02:17:23;25.01;;;;
507;07/06/2023;02:07:48;25.3;;;;507;07/06/2023;02:09:13;25.3;;;;507;06/06/2023;02:18:23;25.01;;;;
508;07/06/2023;02:08:48;25.3;;;;508;07/06/2023;02:10:13;25.3;;;;508;06/06/2023;02:19:23;25.01;;;;
509;07/06/2023;02:09:48;25.31;;;;509;07/06/2023;02:11:13;25.3;;;;509;06/06/2023;02:20:23;25;;;;
510;07/06/2023;02:10:48;25.3;;;;510;07/06/2023;02:12:13;25.29;;;;510;06/06/2023;02:21:23;25.02;;;;
511;07/06/2023;02:11:48;25.28;;;;511;07/06/2023;02:13:13;25.3;;;;511;06/06/2023;02:22:23;24.99;;;;
512;07/06/2023;02:12:48;25.31;;;;512;07/06/2023;02:14:13;25.3;;;;512;06/06/2023;02:23:23;25;;;;
513;07/06/2023;02:13:48;25.3;;;;513;07/06/2023;02:15:12;25.3;;;;513;06/06/2023;02:24:23;25;;;;
514;07/06/2023;02:14:47;25.28;;;;514;07/06/2023;02:16:12;25.3;;;;514;06/06/2023;02:25:23;25.02;Synchronized;;;
515;07/06/2023;02:15:47;25.27;;;;515;07/06/2023;02:17:12;25.3;;;;515;06/06/2023;02:26:23;25;;;;
516;07/06/2023;02:16:47;25.27;;;;516;07/06/2023;02:18:12;25.29;;;;516;06/06/2023;02:27:23;25.01;;;;
517;07/06/2023;02:17:47;25.3;;;;517;07/06/2023;02:19:12;25.3;;;;517;06/06/2023;02:28:23;25;;;;
518;07/06/2023;02:18:47;25.27;;;;518;07/06/2023;02:20:12;25.3;;;;518;06/06/2023;02:29:23;25;;;;
519;07/06/2023;02:19:47;25.28;;;;519;07/06/2023;02:21:11;25.3;;;;519;06/06/2023;02:30:23;24.99;;;;
520;07/06/2023;02:20:47;25.28;;;;520;07/06/2023;02:22:11;25.3;;;;520;06/06/2023;02:31:23;25.02;;;;
521;07/06/2023;02:21:47;25.28;;;;521;07/06/2023;02:23:11;25.3;;;;521;06/06/2023;02:32:23;24.99;;;;
522;07/06/2023;02:22:47;25.3;;;;522;07/06/2023;02:24:11;25.29;;;;522;06/06/2023;02:33:23;24.99;Synchronized;;;
523;07/06/2023;02:23:47;25.3;;;;523;07/06/2023;02:25:11;25.3;;;;523;06/06/2023;02:34:23;25;;;;
524;07/06/2023;02:24:47;25.27;;;;524;07/06/2023;02:26:10;25.3;;;;524;06/06/2023;02:35:23;25.02;;;;
525;07/06/2023;02:25:46;25.27;;;;525;07/06/2023;02:27:10;25.29;Synchronized;;;525;06/06/2023;02:36:23;25.01;Synchronized;;;
526;07/06/2023;02:26:46;25.3;;;;526;07/06/2023;02:28:10;25.28;;;;526;06/06/2023;02:37:23;25;;;;
527;07/06/2023;02:27:46;25.27;;;;527;07/06/2023;02:29:10;25.27;;;;527;06/06/2023;02:38:23;25.01;;;;
528;07/06/2023;02:28:46;25.26;;;;528;07/06/2023;02:30:10;25.27;;;;528;06/06/2023;02:39:23;25;;;;
529;07/06/2023;02:29:46;25.27;;;;529;07/06/2023;02:31:10;25.27;;;;529;06/06/2023;02:40:23;25.02;;;;
530;07/06/2023;02:30:46;25.26;;;;530;07/06/2023;02:32:09;25.28;;;;530;06/06/2023;02:41:23;25.02;;;;
531;07/06/2023;02:31:46;25.28;;;;531;07/06/2023;02:33:09;25.25;;;;531;06/06/2023;02:42:23;25;;;;
532;07/06/2023;02:32:46;25.27;;;;532;07/06/2023;02:34:09;25.24;;;;532;06/06/2023;02:43:23;25;;;;
533;07/06/2023;02:33:46;25.26;;;;533;07/06/2023;02:35:09;25.28;;;;533;06/06/2023;02:44:23;25;;;;
534;07/06/2023;02:34:46;25.23;;;;534;07/06/2023;02:36:09;25.28;;;;534;06/06/2023;02:45:23;24.99;;;;
535;07/06/2023;02:35:46;25.27;;;;535;07/06/2023;02:37:09;25.28;;;;535;06/06/2023;02:46:23;25.02;;;;
536;07/06/2023;02:36:45;25.27;;;;536;07/06/2023;02:38:08;25.24;;;;536;06/06/2023;02:47:23;25;;;;
537;07/06/2023;02:37:45;25.26;;;;537;07/06/2023;02:39:08;25.27;;;;537;06/06/2023;02:48:23;25.02;;;;
538;07/06/2023;02:38:45;25.26;;;;538;07/06/2023;02:40:08;25.25;;;;538;06/06/2023;02:49:23;25;;;;
539;07/06/2023;02:39:45;25.24;;;;539;07/06/2023;02:41:08;25.27;;;;539;06/06/2023;02:50:23;25.02;Synchronized;;;
540;07/06/2023;02:40:45;25.25;;;;540;07/06/2023;02:42:08;25.27;;;;540;06/06/2023;02:51:23;24.99;;;;
541;07/06/2023;02:41:45;25.25;;;;541;07/06/2023;02:43:07;25.27;;;;541;06/06/2023;02:52:23;25.02;;;;
542;07/06/2023;02:42:45;25.24;;;;542;07/06/2023;02:44:07;25.27;;;;542;06/06/2023;02:53:23;25.01;;;;
543;07/06/2023;02:43:45;25.26;;;;543;07/06/2023;02:45:07;25.25;;;;543;06/06/2023;02:54:23;25.02;;;;
544;07/06/2023;02:44:45;25.26;;;;544;07/06/2023;02:46:07;25.28;;;;544;06/06/2023;02:55:23;25.02;;;;
545;07/06/2023;02:45:45;25.23;;;;545;07/06/2023;02:47:07;25.27;;;;545;06/06/2023;02:56:23;25.01;;;;
546;07/06/2023;02:46:45;25.26;;;;546;07/06/2023;02:48:07;25.25;;;;546;06/06/2023;02:57:23;25.01;;;;
547;07/06/2023;02:47:45;25.24;;;;547;07/06/2023;02:49:06;25.27;;;;547;06/06/2023;02:58:23;25.01;;;;
548;07/06/2023;02:48:44;25.24;;;;548;07/06/2023;02:50:06;25.27;;;;548;06/06/2023;02:59:23;24.99;;;;
549;07/06/2023;02:49:44;25.26;;;;549;07/06/2023;02:51:06;25.25;;;;549;06/06/2023;03:00:23;25;;;;
550;07/06/2023;02:50:44;25.24;;;;550;07/06/2023;02:52:06;25.25;;;;550;06/06/2023;03:01:23;24.99;;;;
551;07/06/2023;02:51:44;25.23;;;;551;07/06/2023;02:53:06;25.24;;;;551;06/06/2023;03:02:23;24.99;;;;
552;07/06/2023;02:52:44;25.25;;;;552;07/06/2023;02:54:05;25.23;;;;552;06/06/2023;03:03:23;25.01;;;;
553;07/06/2023;02:53:44;25.24;;;;553;07/06/2023;02:55:05;25.24;;;;553;06/06/2023;03:04:23;24.98;;;;
554;07/06/2023;02:54:44;25.24;;;;554;07/06/2023;02:56:05;25.24;;;;554;06/06/2023;03:05:23;24.98;;;;
555;07/06/2023;02:55:44;25.23;;;;555;07/06/2023;02:57:05;25.24;;;;555;06/06/2023;03:06:23;25.01;;;;
556;07/06/2023;02:56:44;25.24;;;;556;07/06/2023;02:58:05;25.23;;;;556;06/06/2023;03:07:23;24.99;;;;
557;07/06/2023;02:57:44;25.24;;;;557;07/06/2023;02:59:04;25.24;;;;557;06/06/2023;03:08:23;24.99;;;;
558;07/06/2023;02:58:44;25.24;;;;558;07/06/2023;03:00:04;25.23;;;;558;06/06/2023;03:09:23;25;;;;
559;07/06/2023;02:59:44;25.24;;;;559;07/06/2023;03:01:04;25.23;;;;559;06/06/2023;03:10:23;25.02;;;;
560;07/06/2023;03:00:43;25.25;;;;560;07/06/2023;03:02:04;25.24;;;;560;06/06/2023;03:11:23;25.01;;;;
561;07/06/2023;03:01:43;25.23;;;;561;07/06/2023;03:03:04;25.24;;;;561;06/06/2023;03:12:23;25;;;;
562;07/06/2023;03:02:43;25.24;;;;562;07/06/2023;03:04:04;25.24;;;;562;06/06/2023;03:13:23;25.02;;;;
563;07/06/2023;03:03:43;25.23;;;;563;07/06/2023;03:05:04;25.25;;;;563;06/06/2023;03:14:23;24.99;;;;
564;07/06/2023;03:04:43;25.24;;;;564;07/06/2023;03:06:03;25.27;;;;564;06/06/2023;03:15:23;24.99;;;;
565;07/06/2023;03:05:43;25.25;;;;565;07/06/2023;03:07:03;25.24;;;;565;06/06/2023;03:16:23;25;;;;
566;07/06/2023;03:06:43;25.24;;;;566;07/06/2023;03:08:03;25.25;;;;566;06/06/2023;03:17:23;24.98;;;;
567;07/06/2023;03:07:43;25.24;;;;567;07/06/2023;03:09:03;25.23;;;;567;06/06/2023;03:18:23;24.99;Synchronized;;;
568;07/06/2023;03:08:43;25.24;;;;568;07/06/2023;03:10:03;25.23;;;;568;06/06/2023;03:19:23;25;;;;
569;07/06/2023;03:09:43;25.22;;;;569;07/06/2023;03:11:02;25.23;;;;569;06/06/2023;03:20:23;24.99;;;;
570;07/06/2023;03:10:43;25.23;;;;570;07/06/2023;03:12:02;25.24;;;;570;06/06/2023;03:21:23;24.99;;;;
571;07/06/2023;03:11:43;25.23;;;;571;07/06/2023;03:13:02;25.23;;;;571;06/06/2023;03:22:23;25.01;;;;
572;07/06/2023;03:12:42;25.22;;;;572;07/06/2023;03:14:02;25.23;;;;572;06/06/2023;03:23:23;24.98;;;;
573;07/06/2023;03:13:42;25.22;;;;573;07/06/2023;03:15:02;25.22;;;;573;06/06/2023;03:24:23;24.99;;;;
574;07/06/2023;03:14:42;25.22;;;;574;07/06/2023;03:16:02;25.23;;;;574;06/06/2023;03:25:23;24.99;;;;
575;07/06/2023;03:15:42;25.23;;;;575;07/06/2023;03:17:01;25.22;;;;575;06/06/2023;03:26:23;24.99;;;;
576;07/06/2023;03:16:42;25.22;;;;576;07/06/2023;03:18:01;25.21;;;;576;06/06/2023;03:27:23;25.02;;;;
577;07/06/2023;03:17:42;25.2;;;;577;07/06/2023;03:19:01;25.22;;;;577;06/06/2023;03:28:23;24.99;;;;
578;07/06/2023;03:18:42;25.23;;;;578;07/06/2023;03:20:01;25.21;;;;578;06/06/2023;03:29:23;24.98;;;;
579;07/06/2023;03:19:42;25.23;;;;579;07/06/2023;03:21:01;25.21;;;;579;06/06/2023;03:30:23;25.02;;;;
580;07/06/2023;03:20:42;25.23;;;;580;07/06/2023;03:22:00;25.22;;;;580;06/06/2023;03:31:23;25;;;;
581;07/06/2023;03:21:42;25.23;Synchronized;;;581;07/06/2023;03:23:00;25.22;;;;581;06/06/2023;03:32:23;24.98;;;;
582;07/06/2023;03:22:42;25.23;;;;582;07/06/2023;03:24:00;25.23;;;;582;06/06/2023;03:33:23;24.99;;;;
583;07/06/2023;03:23:41;25.23;;;;583;07/06/2023;03:25:00;25.21;;;;583;06/06/2023;03:34:23;25;;;;
584;07/06/2023;03:24:41;25.23;;;;584;07/06/2023;03:26:00;25.21;;;;584;06/06/2023;03:35:23;25.01;;;;
585;07/06/2023;03:25:41;25.22;;;;585;07/06/2023;03:27:00;25.23;;;;585;06/06/2023;03:36:23;25.01;;;;
586;07/06/2023;03:26:41;25.2;;;;586;07/06/2023;03:27:59;25.21;;;;586;06/06/2023;03:37:23;24.98;;;;
587;07/06/2023;03:27:41;25.21;;;;587;07/06/2023;03:28:59;25.2;;;;587;06/06/2023;03:38:23;25.02;;;;
588;07/06/2023;03:28:41;25.23;;;;588;07/06/2023;03:29:59;25.22;;;;588;06/06/2023;03:39:23;25;;;;
589;07/06/2023;03:29:41;25.23;;;;589;07/06/2023;03:30:59;25.2;;;;589;06/06/2023;03:40:23;24.99;;;;
590;07/06/2023;03:30:41;25.21;;;;590;07/06/2023;03:31:59;25.23;;;;590;06/06/2023;03:41:23;25.01;;;;
591;07/06/2023;03:31:41;25.23;;;;591;07/06/2023;03:32:58;25.21;;;;591;06/06/2023;03:42:23;25.02;;;;
592;07/06/2023;03:32:41;25.21;;;;592;07/06/2023;03:33:58;25.23;;;;592;06/06/2023;03:43:23;25.01;;;;
593;07/06/2023;03:33:41;25.22;;;;593;07/06/2023;03:34:58;25.23;;;;593;06/06/2023;03:44:23;25.01;;;;
594;07/06/2023;03:34:41;25.21;;;;594;07/06/2023;03:35:58;25.21;;;;594;06/06/2023;03:45:23;25.01;;;;
595;07/06/2023;03:35:41;25.22;;;;595;07/06/2023;03:36:58;25.2;;;;595;06/06/2023;03:46:23;25.02;;;;
596;07/06/2023;03:36:41;25.21;;;;596;07/06/2023;03:37:57;25.2;;;;596;06/06/2023;03:47:23;25;;;;
597;07/06/2023;03:37:40;25.21;;;;597;07/06/2023;03:38:57;25.2;;;;597;06/06/2023;03:48:23;25;;;;
598;07/06/2023;03:38:40;25.2;;;;598;07/06/2023;03:39:57;25.2;;;;598;06/06/2023;03:49:23;25.01;;;;
599;07/06/2023;03:39:40;25.2;;;;599;07/06/2023;03:40:57;25.2;;;;599;06/06/2023;03:50:23;25;;;;
600;07/06/2023;03:40:40;25.22;;;;600;07/06/2023;03:41:57;25.19;;;;600;06/06/2023;03:51:23;25;;;;
601;07/06/2023;03:41:40;25.2;;;;601;07/06/2023;03:42:56;25.2;;;;601;06/06/2023;03:52:23;25;;;;
602;07/06/2023;03:42:40;25.2;;;;602;07/06/2023;03:43:56;25.21;;;;602;06/06/2023;03:53:23;24.99;;;;
603;07/06/2023;03:43:40;25.2;Synchronized;;;603;07/06/2023;03:44:56;25.2;;;;603;06/06/2023;03:54:23;24.98;;;;
604;07/06/2023;03:44:40;25.2;;;;604;07/06/2023;03:45:56;25.19;;;;604;06/06/2023;03:55:24;25;;;;
605;07/06/2023;03:45:40;25.21;;;;605;07/06/2023;03:46:56;25.2;;;;605;06/06/2023;03:56:24;25;;;;
606;07/06/2023;03:46:40;25.2;;;;606;07/06/2023;03:47:56;25.2;Synchronized;;;606;06/06/2023;03:57:24;25.01;;;;
607;07/06/2023;03:47:40;25.2;;;;607;07/06/2023;03:48:55;25.2;Synchronized;;;607;06/06/2023;03:58:24;25.01;;;;
608;07/06/2023;03:48:40;25.22;;;;608;07/06/2023;03:49:55;25.2;;;;608;06/06/2023;03:59:24;25;;;;
609;07/06/2023;03:49:39;25.2;;;;609;07/06/2023;03:50:55;25.2;;;;609;06/06/2023;04:00:24;24.98;;;;
610;07/06/2023;03:50:39;25.21;;;;610;07/06/2023;03:51:55;25.2;;;;610;06/06/2023;04:01:24;24.99;;;;
611;07/06/2023;03:51:39;25.2;;;;611;07/06/2023;03:52:55;25.19;;;;611;06/06/2023;04:02:24;24.98;;;;
612;07/06/2023;03:52:39;25.2;;;;612;07/06/2023;03:53:54;25.2;;;;612;06/06/2023;04:03:24;25;;;;
613;07/06/2023;03:53:39;25.19;;;;613;07/06/2023;03:54:54;25.2;;;;613;06/06/2023;04:04:24;24.99;;;;
614;07/06/2023;03:54:39;25.2;;;;614;07/06/2023;03:55:54;25.19;;;;614;06/06/2023;04:05:24;24.99;;;;
615;07/06/2023;03:55:39;25.18;;;;615;07/06/2023;03:56:54;25.2;;;;615;06/06/2023;04:06:24;24.99;;;;
616;07/06/2023;03:56:39;25.2;;;;616;07/06/2023;03:57:54;25.17;;;;616;06/06/2023;04:07:24;25.01;;;;
617;07/06/2023;03:57:39;25.19;;;;617;07/06/2023;03:58:54;25.19;;;;617;06/06/2023;04:08:23;24.98;;;;
618;07/06/2023;03:58:39;25.2;;;;618;07/06/2023;03:59:54;25.19;;;;618;06/06/2023;04:09:24;24.99;;;;
619;07/06/2023;03:59:39;25.2;;;;619;07/06/2023;04:00:53;25.17;;;;619;06/06/2023;04:10:24;24.99;Synchronized;;;
620;07/06/2023;04:00:39;25.2;;;;620;07/06/2023;04:01:53;25.2;;;;620;06/06/2023;04:11:23;25;;;;
621;07/06/2023;04:01:39;25.17;;;;621;07/06/2023;04:02:53;25.2;;;;621;06/06/2023;04:12:23;24.99;Synchronized;;;
622;07/06/2023;04:02:39;25.19;;;;622;07/06/2023;04:03:53;25.18;;;;622;06/06/2023;04:13:23;24.98;;;;
623;07/06/2023;04:03:38;25.19;;;;623;07/06/2023;04:04:53;25.18;;;;623;06/06/2023;04:14:23;24.99;;;;
624;07/06/2023;04:04:38;25.2;;;;624;07/06/2023;04:05:52;25.18;;;;624;06/06/2023;04:15:23;25.01;;;;
625;07/06/2023;04:05:38;25.18;;;;625;07/06/2023;04:06:52;25.18;;;;625;06/06/2023;04:16:23;25.01;;;;
626;07/06/2023;04:06:38;25.18;;;;626;07/06/2023;04:07:52;25.18;;;;626;06/06/2023;04:17:23;25;;;;
627;07/06/2023;04:07:38;25.2;;;;627;07/06/2023;04:08:52;25.16;;;;627;06/06/2023;04:18:23;25.02;;;;
628;07/06/2023;04:08:38;25.17;;;;628;07/06/2023;04:09:52;25.2;;;;628;06/06/2023;04:19:23;25.01;;;;
629;07/06/2023;04:09:38;25.2;;;;629;07/06/2023;04:10:51;25.19;;;;629;06/06/2023;04:20:23;25.01;;;;
630;07/06/2023;04:10:38;25.19;;;;630;07/06/2023;04:11:51;25.2;;;;630;06/06/2023;04:21:23;24.99;;;;
631;07/06/2023;04:11:38;25.2;;;;631;07/06/2023;04:12:51;25.17;;;;631;06/06/2023;04:22:23;25.02;;;;
632;07/06/2023;04:12:38;25.19;;;;632;07/06/2023;04:13:51;25.2;;;;632;06/06/2023;04:23:23;25.01;;;;
633;07/06/2023;04:13:38;25.19;;;;633;07/06/2023;04:14:51;25.2;;;;633;06/06/2023;04:24:23;24.99;;;;
634;07/06/2023;04:14:38;25.17;;;;634;07/06/2023;04:15:51;25.18;;;;634;06/06/2023;04:25:23;24.98;;;;
635;07/06/2023;04:15:38;25.19;;;;635;07/06/2023;04:16:50;25.17;;;;635;06/06/2023;04:26:23;25.02;;;;
636;07/06/2023;04:16:37;25.2;;;;636;07/06/2023;04:17:50;25.16;;;;636;06/06/2023;04:27:23;25;;;;
637;07/06/2023;04:17:37;25.19;;;;637;07/06/2023;04:18:50;25.19;;;;637;06/06/2023;04:28:23;25;;;;
638;07/06/2023;04:18:37;25.18;;;;638;07/06/2023;04:19:50;25.17;;;;638;06/06/2023;04:29:23;25;;;;
639;07/06/2023;04:19:37;25.15;;;;639;07/06/2023;04:20:50;25.16;;;;639;06/06/2023;04:30:23;24.99;;;;
640;07/06/2023;04:20:37;25.18;;;;640;07/06/2023;04:21:49;25.16;;;;640;06/06/2023;04:31:23;25;Synchronized;;;
641;07/06/2023;04:21:37;25.18;;;;641;07/06/2023;04:22:49;25.16;;;;641;06/06/2023;04:32:23;24.99;;;;
642;07/06/2023;04:22:37;25.19;;;;642;07/06/2023;04:23:49;25.16;;;;642;06/06/2023;04:33:23;25.01;;;;
643;07/06/2023;04:23:37;25.15;;;;643;07/06/2023;04:24:49;25.16;;;;643;06/06/2023;04:34:23;25;;;;
644;07/06/2023;04:24:37;25.16;;;;644;07/06/2023;04:25:49;25.16;;;;644;06/06/2023;04:35:23;25.01;;;;
645;07/06/2023;04:25:37;25.15;;;;645;07/06/2023;04:26:49;25.16;;;;645;06/06/2023;04:36:23;24.99;;;;
646;07/06/2023;04:26:37;25.16;;;;646;07/06/2023;04:27:48;25.15;;;;646;06/06/2023;04:37:23;24.98;;;;
647;07/06/2023;04:27:37;25.17;;;;647;07/06/2023;04:28:48;25.16;;;;647;06/06/2023;04:38:23;25;;;;
648;07/06/2023;04:28:36;25.16;;;;648;07/06/2023;04:29:48;25.15;Synchronized;;;648;06/06/2023;04:39:23;25.01;;;;
649;07/06/2023;04:29:36;25.17;;;;649;07/06/2023;04:30:48;25.14;;;;649;06/06/2023;04:40:23;25.01;;;;
650;07/06/2023;04:30:36;25.14;;;;650;07/06/2023;04:31:48;25.15;;;;650;06/06/2023;04:41:23;24.98;;;;
651;07/06/2023;04:31:36;25.15;;;;651;07/06/2023;04:32:47;25.17;;;;651;06/06/2023;04:42:23;24.98;;;;
652;07/06/2023;04:32:36;25.15;;;;652;07/06/2023;04:33:47;25.17;;;;652;06/06/2023;04:43:23;24.99;;;;
653;07/06/2023;04:33:36;25.18;;;;653;07/06/2023;04:34:47;25.16;Synchronized;;;653;06/06/2023;04:44:23;24.99;;;;
654;07/06/2023;04:34:36;25.18;;;;654;07/06/2023;04:35:47;25.19;;;;654;06/06/2023;04:45:23;24.99;;;;
655;07/06/2023;04:35:36;25.14;;;;655;07/06/2023;04:36:47;25.16;;;;655;06/06/2023;04:46:23;25.01;;;;
656;07/06/2023;04:36:36;25.15;;;;656;07/06/2023;04:37:47;25.16;;;;656;06/06/2023;04:47:23;25.01;;;;
657;07/06/2023;04:37:36;25.17;;;;657;07/06/2023;04:38:46;25.16;;;;657;06/06/2023;04:48:23;24.98;;;;
658;07/06/2023;04:38:36;25.17;;;;658;07/06/2023;04:39:46;25.13;;;;658;06/06/2023;04:49:23;24.98;;;;
659;07/06/2023;04:39:36;25.15;;;;659;07/06/2023;04:40:46;25.16;;;;659;06/06/2023;04:50:23;24.99;;;;
660;07/06/2023;04:40:35;25.15;;;;660;07/06/2023;04:41:46;25.15;;;;660;06/06/2023;04:51:23;25;;;;
661;07/06/2023;04:41:35;25.15;;;;661;07/06/2023;04:42:46;25.15;;;;661;06/06/2023;04:52:23;24.99;;;;
662;07/06/2023;04:42:35;25.16;;;;662;07/06/2023;04:43:46;25.13;;;;662;06/06/2023;04:53:23;24.99;;;;
663;07/06/2023;04:43:35;25.13;;;;663;07/06/2023;04:44:45;25.15;;;;663;06/06/2023;04:54:23;25;;;;
664;07/06/2023;04:44:35;25.14;;;;664;07/06/2023;04:45:45;25.14;;;;664;06/06/2023;04:55:23;25.01;;;;
665;07/06/2023;04:45:35;25.15;;;;665;07/06/2023;04:46:45;25.16;;;;665;06/06/2023;04:56:23;25.01;;;;
666;07/06/2023;04:46:35;25.15;;;;666;07/06/2023;04:47:45;25.14;;;;666;06/06/2023;04:57:23;25;;;;
667;07/06/2023;04:47:35;25.13;;;;667;07/06/2023;04:48:45;25.14;;;;667;06/06/2023;04:58:23;24.99;;;;
668;07/06/2023;04:48:35;25.14;;;;668;07/06/2023;04:49:45;25.14;;;;668;06/06/2023;04:59:23;25;;;;
669;07/06/2023;04:49:35;25.14;;;;669;07/06/2023;04:50:44;25.14;;;;669;06/06/2023;05:00:23;25;;;;
670;07/06/2023;04:50:35;25.15;;;;670;07/06/2023;04:51:44;25.15;;;;670;06/06/2023;05:01:23;24.98;;;;
671;07/06/2023;04:51:35;25.15;;;;671;07/06/2023;04:52:44;25.15;;;;671;06/06/2023;05:02:23;24.98;;;;
672;07/06/2023;04:52:35;25.13;;;;672;07/06/2023;04:53:44;25.14;;;;672;06/06/2023;05:03:23;24.99;;;;
673;07/06/2023;04:53:35;25.14;;;;673;07/06/2023;04:54:44;25.14;;;;673;06/06/2023;05:04:23;25;;;;
674;07/06/2023;04:54:35;25.14;;;;674;07/06/2023;04:55:44;25.16;;;;674;06/06/2023;05:05:23;24.99;;;;
675;07/06/2023;04:55:34;25.15;;;;675;07/06/2023;04:56:43;25.14;;;;675;06/06/2023;05:06:23;25;;;;
676;07/06/2023;04:56:34;25.13;;;;676;07/06/2023;04:57:43;25.15;;;;676;06/06/2023;05:07:23;25;;;;
677;07/06/2023;04:57:34;25.14;;;;677;07/06/2023;04:58:43;25.14;;;;677;06/06/2023;05:08:23;24.99;;;;
678;07/06/2023;04:58:34;25.16;;;;678;07/06/2023;04:59:43;25.16;;;;678;06/06/2023;05:09:23;24.98;;;;
679;07/06/2023;04:59:34;25.13;;;;679;07/06/2023;05:00:43;25.13;;;;679;06/06/2023;05:10:23;25.02;;;;
680;07/06/2023;05:00:34;25.13;Synchronized;;;680;07/06/2023;05:01:43;25.14;;;;680;06/06/2023;05:11:23;24.99;;;;
681;07/06/2023;05:01:34;25.13;;;;681;07/06/2023;05:02:42;25.15;;;;681;06/06/2023;05:12:23;24.99;;;;
682;07/06/2023;05:02:34;25.15;;;;682;07/06/2023;05:03:42;25.13;;;;682;06/06/2023;05:13:23;24.98;;;;
683;07/06/2023;05:03:34;25.13;;;;683;07/06/2023;05:04:42;25.15;;;;683;06/06/2023;05:14:23;25;Synchronized;;;
684;07/06/2023;05:04:34;25.13;;;;684;07/06/2023;05:05:42;25.15;;;;684;06/06/2023;05:15:23;24.98;;;;
685;07/06/2023;05:05:34;25.13;;;;685;07/06/2023;05:06:42;25.12;;;;685;06/06/2023;05:16:23;25.01;;;;
686;07/06/2023;05:06:34;25.12;;;;686;07/06/2023;05:07:42;25.15;;;;686;06/06/2023;05:17:23;24.99;;;;
687;07/06/2023;05:07:34;25.13;;;;687;07/06/2023;05:08:41;25.13;;;;687;06/06/2023;05:18:23;24.99;Synchronized;;;
688;07/06/2023;05:08:33;25.14;;;;688;07/06/2023;05:09:41;25.14;;;;688;06/06/2023;05:19:23;24.98;;;;
689;07/06/2023;05:09:34;25.13;;;;689;07/06/2023;05:10:41;25.16;;;;689;06/06/2023;05:20:23;24.98;;;;
690;07/06/2023;05:10:33;25.12;;;;690;07/06/2023;05:11:41;25.15;;;;690;06/06/2023;05:21:23;24.98;;;;
691;07/06/2023;05:11:33;25.13;;;;691;07/06/2023;05:12:41;25.13;;;;691;06/06/2023;05:22:23;25.02;;;;
692;07/06/2023;05:12:33;25.13;;;;692;07/06/2023;05:13:41;25.13;;;;692;06/06/2023;05:23:23;25.01;;;;
693;07/06/2023;05:13:33;25.11;;;;693;07/06/2023;05:14:40;25.11;;;;693;06/06/2023;05:24:23;24.99;;;;
694;07/06/2023;05:14:33;25.11;;;;694;07/06/2023;05:15:40;25.13;;;;694;06/06/2023;05:25:23;24.98;;;;
695;07/06/2023;05:15:33;25.14;;;;695;07/06/2023;05:16:40;25.12;;;;695;06/06/2023;05:26:23;24.99;;;;
696;07/06/2023;05:16:33;25.12;;;;696;07/06/2023;05:17:40;25.13;;;;696;06/06/2023;05:27:23;24.98;Synchronized;;;
697;07/06/2023;05:17:33;25.12;Synchronized;;;697;07/06/2023;05:18:40;25.13;;;;697;06/06/2023;05:28:23;25;;;;
698;07/06/2023;05:18:33;25.11;;;;698;07/06/2023;05:19:40;25.11;;;;698;06/06/2023;05:29:23;24.99;;;;
699;07/06/2023;05:19:33;25.12;;;;699;07/06/2023;05:20:39;25.1;;;;699;06/06/2023;05:30:23;24.98;;;;
700;07/06/2023;05:20:33;25.12;;;;700;07/06/2023;05:21:39;25.09;;;;700;06/06/2023;05:31:23;24.98;;;;
701;07/06/2023;05:21:33;25.12;;;;701;07/06/2023;05:22:39;25.07;;;;701;06/06/2023;05:32:23;24.98;;;;
702;07/06/2023;05:22:33;25.12;;;;702;07/06/2023;05:23:39;25.09;;;;702;06/06/2023;05:33:23;24.99;;;;
703;07/06/2023;05:23:32;25.12;;;;703;07/06/2023;05:24:39;25.09;;;;703;06/06/2023;05:34:23;25;;;;
704;07/06/2023;05:24:32;25.12;;;;704;07/06/2023;05:25:39;25.11;;;;704;06/06/2023;05:35:23;24.98;;;;
705;07/06/2023;05:25:32;25.12;;;;705;07/06/2023;05:26:38;25.09;;;;705;06/06/2023;05:36:23;25.01;;;;
706;07/06/2023;05:26:32;25.1;;;;706;07/06/2023;05:27:38;25.09;;;;706;06/06/2023;05:37:23;25.01;;;;
707;07/06/2023;05:27:32;25.12;;;;707;07/06/2023;05:28:38;25.11;;;;707;06/06/2023;05:38:23;25;;;;
708;07/06/2023;05:28:32;25.11;;;;708;07/06/2023;05:29:38;25.08;;;;708;06/06/2023;05:39:23;25.01;;;;
709;07/06/2023;05:29:32;25.11;;;;709;07/06/2023;05:30:38;25.09;;;;709;06/06/2023;05:40:23;24.98;;;;
710;07/06/2023;05:30:32;25.09;;;;710;07/06/2023;05:31:37;25.09;;;;710;06/06/2023;05:41:23;24.99;;;;
711;07/06/2023;05:31:32;25.1;;;;711;07/06/2023;05:32:37;25.09;;;;711;06/06/2023;05:42:23;24.98;;;;
712;07/06/2023;05:32:32;25.1;Synchronized;;;712;07/06/2023;05:33:37;25.09;;;;712;06/06/2023;05:43:23;24.98;;;;
713;07/06/2023;05:33:32;25.09;;;;713;07/06/2023;05:34:37;25.1;;;;713;06/06/2023;05:44:23;24.99;;;;
714;07/06/2023;05:34:32;25.1;;;;714;07/06/2023;05:35:37;25.1;;;;714;06/06/2023;05:45:23;25.01;;;;
715;07/06/2023;05:35:32;25.1;;;;715;07/06/2023;05:36:37;25.09;;;;715;06/06/2023;05:46:23;25;;;;
716;07/06/2023;05:36:32;25.09;;;;716;07/06/2023;05:37:36;25.08;;;;716;06/06/2023;05:47:23;25;;;;
717;07/06/2023;05:37:32;25.11;;;;717;07/06/2023;05:38:36;25.09;;;;717;06/06/2023;05:48:23;25;;;;
718;07/06/2023;05:38:32;25.1;;;;718;07/06/2023;05:39:36;25.09;;;;718;06/06/2023;05:49:23;24.99;;;;
719;07/06/2023;05:39:31;25.1;;;;719;07/06/2023;05:40:36;25.09;;;;719;06/06/2023;05:50:23;24.99;;;;
720;07/06/2023;05:40:31;25.1;;;;720;07/06/2023;05:41:36;25.09;;;;720;06/06/2023;05:51:23;24.99;;;;
721;07/06/2023;05:41:31;25.1;;;;721;07/06/2023;05:42:36;25.09;;;;721;06/06/2023;05:52:23;25.01;Synchronized;;;
722;07/06/2023;05:42:31;25.09;;;;722;07/06/2023;05:43:35;25.09;;;;722;06/06/2023;05:53:23;25;;;;
723;07/06/2023;05:43:31;25.09;;;;723;07/06/2023;05:44:35;25.09;;;;723;06/06/2023;05:54:23;25.01;;;;
724;07/06/2023;05:44:31;25.1;;;;724;07/06/2023;05:45:35;25.09;;;;724;06/06/2023;05:55:23;24.98;;;;
725;07/06/2023;05:45:31;25.09;;;;725;07/06/2023;05:46:35;25.11;;;;725;06/06/2023;05:56:23;24.98;Synchronized;;;
726;07/06/2023;05:46:31;25.1;;;;726;07/06/2023;05:47:35;25.09;;;;726;06/06/2023;05:57:23;25;;;;
727;07/06/2023;05:47:31;25.09;;;;727;07/06/2023;05:48:34;25.07;;;;727;06/06/2023;05:58:23;24.99;;;;
728;07/06/2023;05:48:31;25.09;;;;728;07/06/2023;05:49:34;25.08;Synchronized;;;728;06/06/2023;05:59:23;24.98;;;;
729;07/06/2023;05:49:31;25.1;;;;729;07/06/2023;05:50:34;25.09;;;;729;06/06/2023;06:00:23;24.99;;;;
730;07/06/2023;05:50:31;25.1;;;;730;07/06/2023;05:51:34;25.09;;;;730;06/06/2023;06:01:23;25.01;;;;
731;07/06/2023;05:51:31;25.09;;;;731;07/06/2023;05:52:34;25.09;;;;731;06/06/2023;06:02:23;24.99;;;;
732;07/06/2023;05:52:30;25.09;;;;732;07/06/2023;05:53:33;25.08;;;;732;06/06/2023;06:03:23;24.99;;;;
733;07/06/2023;05:53:30;25.12;;;;733;07/06/2023;05:54:33;25.09;;;;733;06/06/2023;06:04:23;25;;;;
734;07/06/2023;05:54:30;25.08;;;;734;07/06/2023;05:55:33;25.09;;;;734;06/06/2023;06:05:23;25;;;;
735;07/06/2023;05:55:30;25.09;;;;735;07/06/2023;05:56:33;25.08;;;;735;06/06/2023;06:06:23;24.98;;;;
736;07/06/2023;05:56:30;25.11;;;;736;07/06/2023;05:57:33;25.08;;;;736;06/06/2023;06:07:23;24.98;;;;
737;07/06/2023;05:57:30;25.1;;;;737;07/06/2023;05:58:33;25.09;;;;737;06/06/2023;06:08:23;24.99;;;;
738;07/06/2023;05:58:30;25.1;;;;738;07/06/2023;05:59:33;25.09;;;;738;06/06/2023;06:09:23;24.99;;;;
739;07/06/2023;05:59:30;25.09;;;;739;07/06/2023;06:00:32;25.07;;;;739;06/06/2023;06:10:23;25.01;;;;
740;07/06/2023;06:00:30;25.1;;;;740;07/06/2023;06:01:32;25.07;;;;740;06/06/2023;06:11:23;24.99;;;;
741;07/06/2023;06:01:30;25.09;;;;741;07/06/2023;06:02:32;25.07;;;;741;06/06/2023;06:12:23;25.02;;;;
742;07/06/2023;06:02:30;25.09;;;;742;07/06/2023;06:03:32;25.07;;;;742;06/06/2023;06:13:23;24.98;;;;
743;07/06/2023;06:03:30;25.09;;;;743;07/06/2023;06:04:32;25.07;;;;743;06/06/2023;06:14:23;24.98;;;;
744;07/06/2023;06:04:29;25.09;;;;744;07/06/2023;06:05:32;25.07;;;;744;06/06/2023;06:15:23;24.98;;;;
745;07/06/2023;06:05:29;25.08;;;;745;07/06/2023;06:06:31;25.08;;;;745;06/06/2023;06:16:23;25;;;;
746;07/06/2023;06:06:29;25.09;;;;746;07/06/2023;06:07:31;25.08;;;;746;06/06/2023;06:17:23;24.97;;;;
747;07/06/2023;06:07:29;25.09;;;;747;07/06/2023;06:08:31;25.09;;;;747;06/06/2023;06:18:23;25;;;;
748;07/06/2023;06:08:29;25.09;;;;748;07/06/2023;06:09:31;25.08;;;;748;06/06/2023;06:19:23;25;;;;
749;07/06/2023;06:09:29;25.07;;;;749;07/06/2023;06:10:31;25.09;;;;749;06/06/2023;06:20:23;25.01;;;;
750;07/06/2023;06:10:29;25.09;;;;750;07/06/2023;06:11:31;25.1;;;;750;06/06/2023;06:21:23;25;Synchronized;;;
751;07/06/2023;06:11:29;25.08;;;;751;07/06/2023;06:12:30;25.08;;;;751;06/06/2023;06:22:23;24.99;;;;
752;07/06/2023;06:12:29;25.09;;;;752;07/06/2023;06:13:30;25.09;;;;752;06/06/2023;06:23:23;25.01;;;;
753;07/06/2023;06:13:29;25.09;;;;753;07/06/2023;06:14:30;25.09;;;;753;06/06/2023;06:24:23;25;;;;
754;07/06/2023;06:14:29;25.07;Synchronized;;;754;07/06/2023;06:15:30;25.09;;;;754;06/06/2023;06:25:23;25;;;;
755;07/06/2023;06:15:29;25.09;;;;755;07/06/2023;06:16:30;25.07;;;;755;06/06/2023;06:26:23;25.02;;;;
756;07/06/2023;06:16:28;25.11;;;;756;07/06/2023;06:17:30;25.1;;;;756;06/06/2023;06:27:23;24.99;;;;
757;07/06/2023;06:17:28;25.08;;;;757;07/06/2023;06:18:29;25.09;;;;757;06/06/2023;06:28:23;24.98;;;;
758;07/06/2023;06:18:28;25.09;;;;758;07/06/2023;06:19:29;25.1;;;;758;06/06/2023;06:29:23;25;;;;
759;07/06/2023;06:19:28;25.1;;;;759;07/06/2023;06:20:29;25.09;;;;759;06/06/2023;06:30:23;24.99;;;;
760;07/06/2023;06:20:28;25.09;;;;760;07/06/2023;06:21:29;25.11;;;;760;06/06/2023;06:31:23;24.98;;;;
761;07/06/2023;06:21:28;25.09;;;;761;07/06/2023;06:22:29;25.1;;;;761;06/06/2023;06:32:23;24.99;;;;
762;07/06/2023;06:22:28;25.09;;;;762;07/06/2023;06:23:29;25.09;;;;762;06/06/2023;06:33:23;24.98;;;;
763;07/06/2023;06:23:28;25.09;;;;763;07/06/2023;06:24:28;25.12;;;;763;06/06/2023;06:34:23;24.99;;;;
764;07/06/2023;06:24:28;25.09;;;;764;07/06/2023;06:25:28;25.1;;;;764;06/06/2023;06:35:23;25.02;;;;
765;07/06/2023;06:25:28;25.08;;;;765;07/06/2023;06:26:28;25.1;;;;765;06/06/2023;06:36:23;24.98;;;;
766;07/06/2023;06:26:28;25.09;;;;766;07/06/2023;06:27:28;25.11;;;;766;06/06/2023;06:37:23;24.98;;;;
767;07/06/2023;06:27:28;25.09;;;;767;07/06/2023;06:28:28;25.1;;;;767;06/06/2023;06:38:23;24.99;;;;
768;07/06/2023;06:28:28;25.1;;;;768;07/06/2023;06:29:27;25.1;;;;768;06/06/2023;06:39:23;24.98;;;;
769;07/06/2023;06:29:28;25.07;;;;769;07/06/2023;06:30:27;25.09;;;;769;06/06/2023;06:40:23;24.98;;;;
770;07/06/2023;06:30:28;25.09;;;;770;07/06/2023;06:31:27;25.1;;;;770;06/06/2023;06:41:23;24.98;;;;
771;07/06/2023;06:31:27;25.07;;;;771;07/06/2023;06:32:27;25.1;;;;771;06/06/2023;06:42:23;24.98;;;;
772;07/06/2023;06:32:27;25.09;;;;772;07/06/2023;06:33:27;25.1;;;;772;06/06/2023;06:43:23;24.98;;;;
773;07/06/2023;06:33:27;25.09;;;;773;07/06/2023;06:34:27;25.12;;;;773;06/06/2023;06:44:23;24.96;;;;
774;07/06/2023;06:34:27;25.1;;;;774;07/06/2023;06:35:27;25.11;;;;774;06/06/2023;06:45:23;24.98;;;;
775;07/06/2023;06:35:27;25.12;;;;775;07/06/2023;06:36:26;25.11;;;;775;06/06/2023;06:46:23;24.98;;;;
776;07/06/2023;06:36:27;25.09;;;;776;07/06/2023;06:37:26;25.11;;;;776;06/06/2023;06:47:23;24.98;;;;
777;07/06/2023;06:37:27;25.1;;;;777;07/06/2023;06:38:26;25.12;;;;777;06/06/2023;06:48:23;24.98;;;;
778;07/06/2023;06:38:27;25.11;;;;778;07/06/2023;06:39:26;25.1;;;;778;06/06/2023;06:49:23;24.97;;;;
779;07/06/2023;06:39:27;25.12;;;;779;07/06/2023;06:40:26;25.11;;;;779;06/06/2023;06:50:23;24.98;;;;
780;07/06/2023;06:40:27;25.1;;;;780;07/06/2023;06:41:26;25.13;;;;780;06/06/2023;06:51:23;24.98;;;;
781;07/06/2023;06:41:27;25.1;;;;781;07/06/2023;06:42:25;25.16;;;;781;06/06/2023;06:52:23;24.98;;;;
782;07/06/2023;06:42:27;25.11;;;;782;07/06/2023;06:43:25;25.12;;;;782;06/06/2023;06:53:23;24.95;;;;
783;07/06/2023;06:43:26;25.12;;;;783;07/06/2023;06:44:25;25.13;;;;783;06/06/2023;06:54:23;24.98;;;;
784;07/06/2023;06:44:26;25.12;;;;784;07/06/2023;06:45:25;25.13;;;;784;06/06/2023;06:55:23;24.99;;;;
785;07/06/2023;06:45:26;25.13;;;;785;07/06/2023;06:46:25;25.15;;;;785;06/06/2023;06:56:23;24.97;;;;
786;07/06/2023;06:46:26;25.15;;;;786;07/06/2023;06:47:25;25.15;;;;786;06/06/2023;06:57:23;24.98;;;;
787;07/06/2023;06:47:26;25.12;;;;787;07/06/2023;06:48:24;25.13;;;;787;06/06/2023;06:58:23;24.97;;;;
788;07/06/2023;06:48:26;25.12;;;;788;07/06/2023;06:49:24;25.14;;;;788;06/06/2023;06:59:23;24.97;;;;
789;07/06/2023;06:49:26;25.12;;;;789;07/06/2023;06:50:24;25.16;;;;789;06/06/2023;07:00:23;24.97;;;;
790;07/06/2023;06:50:26;25.13;;;;790;07/06/2023;06:51:24;25.15;;;;790;06/06/2023;07:01:23;24.96;;;;
791;07/06/2023;06:51:26;25.13;Synchronized;;;791;07/06/2023;06:52:24;25.15;;;;791;06/06/2023;07:02:23;24.99;;;;
792;07/06/2023;06:52:26;25.13;;;;792;07/06/2023;06:53:23;25.15;;;;792;06/06/2023;07:03:23;24.97;;;;
793;07/06/2023;06:53:26;25.14;;;;793;07/06/2023;06:54:23;25.16;;;;793;06/06/2023;07:04:23;24.98;;;;
794;07/06/2023;06:54:25;25.13;;;;794;07/06/2023;06:55:23;25.16;;;;794;06/06/2023;07:05:23;24.95;;;;
795;07/06/2023;06:55:25;25.15;;;;795;07/06/2023;06:56:23;25.15;;;;795;06/06/2023;07:06:23;24.98;;;;
796;07/06/2023;06:56:25;25.13;;;;796;07/06/2023;06:57:23;25.17;;;;796;06/06/2023;07:07:23;24.98;;;;
797;07/06/2023;06:57:25;25.16;;;;797;07/06/2023;06:58:23;25.17;;;;797;06/06/2023;07:08:23;24.99;;;;
798;07/06/2023;06:58:25;25.13;;;;798;07/06/2023;06:59:22;25.19;;;;798;06/06/2023;07:09:23;24.98;;;;
799;07/06/2023;06:59:25;25.16;;;;799;07/06/2023;07:00:22;25.18;;;;799;06/06/2023;07:10:23;24.98;;;;
800;07/06/2023;07:00:25;25.14;;;;800;07/06/2023;07:01:22;25.18;;;;800;06/06/2023;07:11:23;24.98;;;;
801;07/06/2023;07:01:25;25.17;;;;801;07/06/2023;07:02:22;25.17;;;;801;06/06/2023;07:12:23;24.98;;;;
802;07/06/2023;07:02:25;25.16;;;;802;07/06/2023;07:03:22;25.21;;;;802;06/06/2023;07:13:23;24.99;;;;
803;07/06/2023;07:03:25;25.16;;;;803;07/06/2023;07:04:21;25.21;;;;803;06/06/2023;07:14:23;24.98;;;;
804;07/06/2023;07:04:25;25.17;;;;804;07/06/2023;07:05:21;25.2;;;;804;06/06/2023;07:15:23;25;;;;
805;07/06/2023;07:05:25;25.18;;;;805;07/06/2023;07:06:21;25.2;;;;805;06/06/2023;07:16:23;24.99;;;;
806;07/06/2023;07:06:25;25.18;;;;806;07/06/2023;07:07:21;25.2;;;;806;06/06/2023;07:17:23;24.98;;;;
807;07/06/2023;07:07:25;25.18;;;;807;07/06/2023;07:08:21;25.2;;;;807;06/06/2023;07:18:23;24.99;;;;
808;07/06/2023;07:08:24;25.18;;;;808;07/06/2023;07:09:21;25.19;;;;808;06/06/2023;07:19:23;25;;;;
809;07/06/2023;07:09:24;25.19;;;;809;07/06/2023;07:10:20;25.22;;;;809;06/06/2023;07:20:23;24.99;;;;
810;07/06/2023;07:10:24;25.19;Synchronized;;;810;07/06/2023;07:11:20;25.21;;;;810;06/06/2023;07:21:23;24.99;;;;
811;07/06/2023;07:11:24;25.21;;;;811;07/06/2023;07:12:20;25.22;;;;811;06/06/2023;07:22:23;24.98;;;;
812;07/06/2023;07:12:24;25.2;;;;812;07/06/2023;07:13:20;25.22;;;;812;06/06/2023;07:23:23;25;;;;
813;07/06/2023;07:13:24;25.19;;;;813;07/06/2023;07:14:20;25.23;;;;813;06/06/2023;07:24:23;25.02;;;;
814;07/06/2023;07:14:24;25.18;;;;814;07/06/2023;07:15:19;25.21;;;;814;06/06/2023;07:25:23;25.02;;;;
815;07/06/2023;07:15:24;25.19;;;;815;07/06/2023;07:16:19;25.2;;;;815;06/06/2023;07:26:23;25.02;;;;
816;07/06/2023;07:16:24;25.2;Synchronized;;;816;07/06/2023;07:17:19;25.23;;;;816;06/06/2023;07:27:23;25.02;;;;
817;07/06/2023;07:17:24;25.2;;;;817;07/06/2023;07:18:19;25.23;;;;817;06/06/2023;07:28:23;25.05;;;;
818;07/06/2023;07:18:24;25.21;;;;818;07/06/2023;07:19:19;25.22;;;;818;06/06/2023;07:29:23;25.05;;;;
819;07/06/2023;07:19:24;25.2;;;;819;07/06/2023;07:20:19;25.23;;;;819;06/06/2023;07:30:23;25.05;;;;
820;07/06/2023;07:20:24;25.21;;;;820;07/06/2023;07:21:18;25.22;;;;820;06/06/2023;07:31:23;25.02;;;;
821;07/06/2023;07:21:24;25.21;;;;821;07/06/2023;07:22:18;25.23;;;;821;06/06/2023;07:32:23;25.05;;;;
822;07/06/2023;07:22:23;25.21;;;;822;07/06/2023;07:23:18;25.24;;;;822;06/06/2023;07:33:23;25.04;;;;
823;07/06/2023;07:23:23;25.22;;;;823;07/06/2023;07:24:18;25.23;;;;823;06/06/2023;07:34:23;25.05;;;;
824;07/06/2023;07:24:23;25.24;;;;824;07/06/2023;07:25:18;25.25;;;;824;06/06/2023;07:35:23;25.02;;;;
825;07/06/2023;07:25:23;25.23;;;;825;07/06/2023;07:26:17;25.25;;;;825;06/06/2023;07:36:23;25.05;;;;
826;07/06/2023;07:26:23;25.23;;;;826;07/06/2023;07:27:17;25.27;;;;826;06/06/2023;07:37:23;25.04;;;;
827;07/06/2023;07:27:23;25.22;;;;827;07/06/2023;07:28:17;25.28;;;;827;06/06/2023;07:38:23;25.02;;;;
828;07/06/2023;07:28:23;25.22;;;;828;07/06/2023;07:29:17;25.27;;;;828;06/06/2023;07:39:23;25.04;;;;
829;07/06/2023;07:29:23;25.23;;;;829;07/06/2023;07:30:17;25.28;;;;829;06/06/2023;07:40:23;25.05;;;;
830;07/06/2023;07:30:23;25.24;;;;830;07/06/2023;07:31:17;25.27;;;;830;06/06/2023;07:41:23;25.02;;;;
831;07/06/2023;07:31:23;25.25;;;;831;07/06/2023;07:32:16;25.28;;;;831;06/06/2023;07:42:23;25.02;;;;
832;07/06/2023;07:32:22;25.23;;;;832;07/06/2023;07:33:16;25.27;;;;832;06/06/2023;07:43:23;25.02;;;;
833;07/06/2023;07:33:22;25.23;;;;833;07/06/2023;07:34:16;25.27;;;;833;06/06/2023;07:44:23;25.08;;;;
834;07/06/2023;07:34:22;25.24;;;;834;07/06/2023;07:35:16;25.27;;;;834;06/06/2023;07:45:23;25.05;;;;
835;07/06/2023;07:35:22;25.25;;;;835;07/06/2023;07:36:16;25.27;;;;835;06/06/2023;07:46:23;25.04;;;;
836;07/06/2023;07:36:22;25.24;;;;836;07/06/2023;07:37:15;25.28;;;;836;06/06/2023;07:47:23;25.04;;;;
837;07/06/2023;07:37:22;25.26;;;;837;07/06/2023;07:38:15;25.29;;;;837;06/06/2023;07:48:23;25.01;;;;
838;07/06/2023;07:38:22;25.27;;;;838;07/06/2023;07:39:15;25.27;;;;838;06/06/2023;07:49:23;24.99;;;;
839;07/06/2023;07:39:22;25.26;;;;839;07/06/2023;07:40:15;25.29;;;;839;06/06/2023;07:50:23;24.99;;;;
840;07/06/2023;07:40:22;25.25;;;;840;07/06/2023;07:41:15;25.29;;;;840;06/06/2023;07:51:23;24.98;;;;
841;07/06/2023;07:41:22;25.27;;;;841;07/06/2023;07:42:15;25.3;;;;841;06/06/2023;07:52:23;24.98;;;;
842;07/06/2023;07:42:21;25.26;;;;842;07/06/2023;07:43:14;25.3;;;;842;06/06/2023;07:53:23;24.96;;;;
843;07/06/2023;07:43:21;25.27;;;;843;07/06/2023;07:44:14;25.3;;;;843;06/06/2023;07:54:23;24.97;;;;
844;07/06/2023;07:44:21;25.3;;;;844;07/06/2023;07:45:14;25.32;;;;844;06/06/2023;07:55:23;24.98;;;;
845;07/06/2023;07:45:21;25.3;;;;845;07/06/2023;07:46:14;25.3;;;;845;06/06/2023;07:56:23;25.05;;;;
846;07/06/2023;07:46:21;25.3;;;;846;07/06/2023;07:47:14;25.31;;;;846;06/06/2023;07:57:23;25.07;;;;
847;07/06/2023;07:47:21;25.27;;;;847;07/06/2023;07:48:13;25.3;;;;847;06/06/2023;07:58:23;25.06;;;;
848;07/06/2023;07:48:21;25.26;;;;848;07/06/2023;07:49:13;25.3;;;;848;06/06/2023;07:59:23;25.07;;;;
849;07/06/2023;07:49:21;25.28;;;;849;07/06/2023;07:50:13;25.29;;;;849;06/06/2023;08:00:23;25.07;;;;
850;07/06/2023;07:50:21;25.27;;;;850;07/06/2023;07:51:13;25.27;;;;850;06/06/2023;08:01:23;25.06;;;;
851;07/06/2023;07:51:21;25.28;;;;851;07/06/2023;07:52:13;25.28;;;;851;06/06/2023;08:02:23;25.05;;;;
852;07/06/2023;07:52:20;25.27;;;;852;07/06/2023;07:53:12;25.28;;;;852;06/06/2023;08:03:22;25.04;;;;
853;07/06/2023;07:53:20;25.28;;;;853;07/06/2023;07:54:12;25.27;;;;853;06/06/2023;08:04:22;25.02;;;;
854;07/06/2023;07:54:20;25.27;;;;854;07/06/2023;07:55:12;25.28;;;;854;06/06/2023;08:05:22;25;;;;
855;07/06/2023;07:55:20;25.28;;;;855;07/06/2023;07:56:12;25.29;;;;855;06/06/2023;08:06:22;24.95;;;;
856;07/06/2023;07:56:20;25.28;;;;856;07/06/2023;07:57:12;25.27;;;;856;06/06/2023;08:07:22;24.93;;;;
857;07/06/2023;07:57:20;25.27;;;;857;07/06/2023;07:58:12;25.3;;;;857;06/06/2023;08:08:22;24.9;;;;
858;07/06/2023;07:58:20;25.3;;;;858;07/06/2023;07:59:11;25.3;;;;858;06/06/2023;08:09:22;24.88;;;;
859;07/06/2023;07:59:20;25.3;;;;859;07/06/2023;08:00:11;25.33;;;;859;06/06/2023;08:10:22;24.88;;;;
860;07/06/2023;08:00:20;25.32;;;;860;07/06/2023;08:01:11;25.34;Synchronized;;;860;06/06/2023;08:11:22;24.84;;;;
861;07/06/2023;08:01:20;25.34;Synchronized;;;861;07/06/2023;08:02:11;25.34;Synchronized;;;861;06/06/2023;08:12:22;24.85;;;;
862;07/06/2023;08:02:20;25.34;Synchronized;;;862;07/06/2023;08:03:11;25.36;Synchronized;;;862;06/06/2023;08:13:22;24.86;;;;
863;07/06/2023;08:03:19;25.34;Synchronized;;;863;07/06/2023;08:04:11;25.6;Synchronized;;;863;06/06/2023;08:14:22;24.86;;;;
864;07/06/2023;08:04:19;25.61;Synchronized;;;864;07/06/2023;08:05:11;25.72;Synchronized;;;864;06/06/2023;08:15:22;24.86;;;;
865;07/06/2023;08:05:19;25.98;;;;865;07/06/2023;08:06:11;25.78;Synchronized;;;865;06/06/2023;08:16:22;24.89;;;;
866;07/06/2023;08:06:19;25.98;;;;866;07/06/2023;08:07:11;25.84;Synchronized;;;866;06/06/2023;08:17:22;24.9;;;;
867;07/06/2023;08:07:19;26;;;;867;07/06/2023;08:08:11;25.9;Synchronized;;;867;06/06/2023;08:18:22;24.91;;;;
868;07/06/2023;08:08:19;26.05;;;;868;07/06/2023;08:09:10;25.94;Synchronized;;;868;06/06/2023;08:19:22;25.11;;;;
869;07/06/2023;08:09:19;26.06;;;;869;07/06/2023;08:10:10;25.98;Synchronized;;;869;06/06/2023;08:20:22;25.34;;;;
870;07/06/2023;08:10:18;26.12;;;;870;07/06/2023;08:11:10;26.02;Synchronized;;;870;06/06/2023;08:21:22;25.57;Synchronized;;;
871;07/06/2023;08:11:18;26.12;;;;871;07/06/2023;08:12:10;26.06;Synchronized;;;871;06/06/2023;08:22:22;25.61;Synchronized;;;
872;07/06/2023;08:12:18;26.15;;;;872;07/06/2023;08:13:10;26.07;Synchronized;;;872;06/06/2023;08:23:22;25.65;;;;
873;07/06/2023;08:13:18;26.13;;;;873;07/06/2023;08:14:10;26.08;Synchronized;;;873;06/06/2023;08:24:22;25.66;Synchronized;;;
874;07/06/2023;08:14:18;26.16;;;;874;07/06/2023;08:15:10;26.13;Synchronized;;;874;06/06/2023;08:25:22;25.68;;;;
875;07/06/2023;08:15:18;26.2;;;;875;07/06/2023;08:16:10;26.16;Synchronized;;;875;06/06/2023;08:26:22;25.7;;;;
876;07/06/2023;08:16:18;26.2;;;;876;07/06/2023;08:17:10;26.16;;;;876;06/06/2023;08:27:22;25.7;;;;
877;07/06/2023;08:17:18;26.24;;;;877;07/06/2023;08:18:10;26.16;Synchronized;;;877;06/06/2023;08:28:22;25.71;Synchronized;;;
878;07/06/2023;08:18:18;26.23;;;;878;07/06/2023;08:19:10;26.17;Synchronized;;;878;06/06/2023;08:29:22;25.74;Synchronized;;;
879;07/06/2023;08:19:18;26.24;;;;879;07/06/2023;08:20:10;26.18;;;;879;06/06/2023;08:30:22;25.76;Synchronized;;;
880;07/06/2023;08:20:18;26.24;;;;880;07/06/2023;08:21:10;26.2;Synchronized;;;880;06/06/2023;08:31:22;25.77;;;;
881;07/06/2023;08:21:18;26.25;;;;881;07/06/2023;08:22:09;26.22;;;;881;06/06/2023;08:32:22;25.79;Synchronized;;;
882;07/06/2023;08:22:18;26.27;Synchronized;;;882;07/06/2023;08:23:09;26.2;Synchronized;;;882;06/06/2023;08:33:22;25.82;Synchronized;;;
883;07/06/2023;08:23:18;26.25;;;;883;07/06/2023;08:24:09;26.21;Synchronized;;;883;06/06/2023;08:34:22;25.83;Synchronized;;;
884;07/06/2023;08:24:18;26.25;;;;884;07/06/2023;08:25:09;26.2;;;;884;06/06/2023;08:35:22;25.86;;;;
885;07/06/2023;08:25:18;26.28;;;;885;07/06/2023;08:26:09;26.2;Synchronized;;;885;06/06/2023;08:36:22;26.15;;;;
886;07/06/2023;08:26:18;26.27;;;;886;07/06/2023;08:27:09;26.22;Synchronized;;;886;06/06/2023;08:37:22;33.52;Synchronized;;;
887;07/06/2023;08:27:18;26.27;;;;887;07/06/2023;08:28:09;26.2;;;;887;06/06/2023;08:38:22;37.22;Synchronized;;;
888;07/06/2023;08:28:18;26.27;;;;888;07/06/2023;08:29:09;26.2;Synchronized;;;888;06/06/2023;08:39:22;37.59;Synchronized;;;
889;07/06/2023;08:29:18;26.28;;;;889;07/06/2023;08:30:09;26.22;Synchronized;;;889;06/06/2023;08:40:22;37.62;Synchronized;;;
890;07/06/2023;08:30:18;26.25;;;;890;07/06/2023;08:31:09;26.24;;;;890;06/06/2023;08:41:22;37.59;Synchronized;;;
891;07/06/2023;08:31:18;26.24;;;;891;07/06/2023;08:32:09;26.24;;;;891;06/06/2023;08:42:22;37.59;Synchronized;;;
892;07/06/2023;08:32:18;26.27;;;;892;07/06/2023;08:33:09;26.25;Synchronized;;;892;06/06/2023;08:43:22;37.58;Synchronized;;;
893;07/06/2023;08:33:18;26.28;Synchronized;;;893;07/06/2023;08:34:09;26.28;Synchronized;;;893;06/06/2023;08:44:22;37.55;Synchronized;;;
894;07/06/2023;08:34:18;26.31;Synchronized;;;894;07/06/2023;08:35:09;26.3;Synchronized;;;894;06/06/2023;08:45:22;37.55;Synchronized;;;
895;07/06/2023;08:35:18;26.41;Synchronized;;;895;07/06/2023;08:36:08;26.33;Synchronized;;;895;06/06/2023;08:46:22;37.53;Synchronized;;;
896;07/06/2023;08:36:18;26.45;Synchronized;;;896;07/06/2023;08:37:08;29.38;Synchronized;;;896;06/06/2023;08:47:22;37.52;Synchronized;;;
897;07/06/2023;08:37:18;26.48;;;;897;07/06/2023;08:38:08;33.89;Synchronized;;;897;06/06/2023;08:48:22;37.52;Synchronized;;;
898;07/06/2023;08:38:18;26.51;Synchronized;;;898;07/06/2023;08:39:08;35.22;Synchronized;;;898;06/06/2023;08:49:22;37.51;Synchronized;;;
899;07/06/2023;08:39:18;26.48;Synchronized;;;899;07/06/2023;08:40:08;35.81;Synchronized;;;899;06/06/2023;08:50:22;37.5;Synchronized;;;
900;07/06/2023;08:40:18;26.52;;;;900;07/06/2023;08:41:08;36.18;Synchronized;;;900;06/06/2023;08:51:22;37.49;Synchronized;;;
901;07/06/2023;08:41:18;26.45;;;;901;07/06/2023;08:42:07;36.41;Synchronized;;;901;06/06/2023;08:52:22;37.49;Synchronized;;;
902;07/06/2023;08:42:18;26.42;Synchronized;;;902;07/06/2023;08:43:07;36.55;Synchronized;;;902;06/06/2023;08:53:22;37.48;Synchronized;;;
903;07/06/2023;08:43:18;26.36;;;;903;07/06/2023;08:44:07;36.68;Synchronized;;;903;06/06/2023;08:54:22;37.47;Synchronized;;;
904;07/06/2023;08:44:18;26.34;;;;904;07/06/2023;08:45:07;36.73;;;;904;06/06/2023;08:55:22;37.46;Synchronized;;;
905;07/06/2023;08:45:18;26.3;Synchronized;;;905;07/06/2023;08:46:07;36.8;Synchronized;;;905;06/06/2023;08:56:22;37.47;Synchronized;;;
906;07/06/2023;08:46:18;26.25;;;;906;07/06/2023;08:47:07;36.84;Synchronized;;;906;06/06/2023;08:57:22;37.44;Synchronized;;;
907;07/06/2023;08:47:18;26.22;Synchronized;;;907;07/06/2023;08:48:07;36.93;Synchronized;;;907;06/06/2023;08:58:22;37.45;Synchronized;;;
908;07/06/2023;08:48:18;26.27;Synchronized;;;908;07/06/2023;08:49:07;36.9;Synchronized;;;908;06/06/2023;08:59:22;37.41;Synchronized;;;
909;07/06/2023;08:49:18;26.29;Synchronized;;;909;07/06/2023;08:50:07;36.94;Synchronized;;;909;06/06/2023;09:00:22;37.45;Synchronized;;;
910;07/06/2023;08:50:18;26.34;Synchronized;;;910;07/06/2023;08:51:07;36.91;Synchronized;;;910;06/06/2023;09:01:22;37.43;Synchronized;;;
911;07/06/2023;08:51:18;27.15;Synchronized;;;911;07/06/2023;08:52:06;36.91;Synchronized;;;911;06/06/2023;09:02:22;37.42;Synchronized;;;
912;07/06/2023;08:52:18;31.57;Synchronized;;;912;07/06/2023;08:53:06;36.95;Synchronized;;;912;06/06/2023;09:03:22;37.42;Synchronized;;;
913;07/06/2023;08:53:18;32.52;Synchronized;;;913;07/06/2023;08:54:06;36.97;Synchronized;;;913;06/06/2023;09:04:22;37.41;Synchronized;;;
914;07/06/2023;08:54:18;33.02;Synchronized;;;914;07/06/2023;08:55:06;36.99;Synchronized;;;914;06/06/2023;09:05:22;37.41;Synchronized;;;
915;07/06/2023;08:55:17;33.68;Synchronized;;;915;07/06/2023;08:56:06;37;Synchronized;;;915;06/06/2023;09:06:22;37.41;Synchronized;;;
916;07/06/2023;08:56:17;34.32;Synchronized;;;916;07/06/2023;08:57:06;37.02;Synchronized;;;916;06/06/2023;09:07:22;37.41;Synchronized;;;
917;07/06/2023;08:57:17;34.82;Synchronized;;;917;07/06/2023;08:58:06;36.98;Synchronized;;;917;06/06/2023;09:08:22;37.41;Synchronized;;;
918;07/06/2023;08:58:17;35.27;Synchronized;;;918;07/06/2023;08:59:06;36.97;Synchronized;;;918;06/06/2023;09:09:22;37.4;Synchronized;;;
919;07/06/2023;08:59:17;35.67;Synchronized;;;919;07/06/2023;09:00:06;37.01;Synchronized;;;919;06/06/2023;09:10:22;37.39;Synchronized;;;
920;07/06/2023;09:00:17;35.91;Synchronized;;;920;07/06/2023;09:01:06;36.98;Synchronized;;;920;06/06/2023;09:11:22;37.4;Synchronized;;;
921;07/06/2023;09:01:17;36.16;Synchronized;;;921;07/06/2023;09:02:06;37;Synchronized;;;921;06/06/2023;09:12:22;37.41;Synchronized;;;
922;07/06/2023;09:02:17;36.47;Synchronized;;;922;07/06/2023;09:03:06;37.01;Synchronized;;;922;06/06/2023;09:13:21;37.41;Synchronized;;;
923;07/06/2023;09:03:17;36.63;Synchronized;;;923;07/06/2023;09:04:05;36.98;Synchronized;;;923;06/06/2023;09:14:21;37.4;Synchronized;;;
924;07/06/2023;09:04:17;36.8;Synchronized;;;924;07/06/2023;09:05:05;36.99;Synchronized;;;924;06/06/2023;09:15:21;37.41;Synchronized;;;
925;07/06/2023;09:05:17;36.91;Synchronized;;;925;07/06/2023;09:06:05;36.98;Synchronized;;;925;06/06/2023;09:16:21;37.4;Synchronized;;;
926;07/06/2023;09:06:17;37.2;Synchronized;;;926;07/06/2023;09:07:05;36.98;Synchronized;;;926;06/06/2023;09:17:21;37.41;Synchronized;;;
927;07/06/2023;09:07:17;37.39;Synchronized;;;927;07/06/2023;09:08:05;36.98;Synchronized;;;927;06/06/2023;09:18:21;37.4;Synchronized;;;
928;07/06/2023;09:08:17;37.45;Synchronized;;;928;07/06/2023;09:09:05;36.97;Synchronized;;;928;06/06/2023;09:19:21;37.41;Synchronized;;;
929;07/06/2023;09:09:17;37.48;Synchronized;;;929;07/06/2023;09:10:05;36.95;Synchronized;;;929;06/06/2023;09:20:21;37.39;Synchronized;;;
930;07/06/2023;09:10:17;37.48;Synchronized;;;930;07/06/2023;09:11:05;36.95;Synchronized;;;930;06/06/2023;09:21:21;37.39;Synchronized;;;
931;07/06/2023;09:11:17;37.53;Synchronized;;;931;07/06/2023;09:12:05;36.95;Synchronized;;;931;06/06/2023;09:22:21;37.37;Synchronized;;;
932;07/06/2023;09:12:17;36.86;Synchronized;;;932;07/06/2023;09:13:05;36.95;Synchronized;;;932;06/06/2023;09:23:21;37.38;Synchronized;;;
933;07/06/2023;09:13:16;34.91;Synchronized;;;933;07/06/2023;09:14:05;36.98;Synchronized;;;933;06/06/2023;09:24:21;37.36;Synchronized;;;
934;07/06/2023;09:14:16;34.26;Synchronized;;;934;07/06/2023;09:15:05;36.98;Synchronized;;;934;06/06/2023;09:25:21;37.36;Synchronized;;;
935;07/06/2023;09:15:16;34.3;Synchronized;;;935;07/06/2023;09:16:04;36.95;Synchronized;;;935;06/06/2023;09:26:21;37.35;Synchronized;;;
936;07/06/2023;09:16:16;35.05;Synchronized;;;936;07/06/2023;09:17:04;36.97;Synchronized;;;936;06/06/2023;09:27:21;37.34;Synchronized;;;
937;07/06/2023;09:17:16;35.21;Synchronized;;;937;07/06/2023;09:18:04;36.95;Synchronized;;;937;06/06/2023;09:28:21;37.32;Synchronized;;;
938;07/06/2023;09:18:16;35.52;Synchronized;;;938;07/06/2023;09:19:04;36.95;Synchronized;;;938;06/06/2023;09:29:21;37.34;Synchronized;;;
939;07/06/2023;09:19:16;36.13;Synchronized;;;939;07/06/2023;09:20:04;36.93;Synchronized;;;939;06/06/2023;09:30:21;37.34;Synchronized;;;
940;07/06/2023;09:20:16;36.7;Synchronized;;;940;07/06/2023;09:21:04;36.93;Synchronized;;;940;06/06/2023;09:31:21;37.31;Synchronized;;;
941;07/06/2023;09:21:16;36.75;Synchronized;;;941;07/06/2023;09:22:04;36.95;;;;941;06/06/2023;09:32:21;37.32;Synchronized;;;
942;07/06/2023;09:22:16;37.21;;;;942;07/06/2023;09:23:04;36.95;;;;942;06/06/2023;09:33:21;37.34;Synchronized;;;
943;07/06/2023;09:23:16;37.34;;;;943;07/06/2023;09:24:04;36.92;;;;943;06/06/2023;09:34:21;37.32;Synchronized;;;
944;07/06/2023;09:24:16;37.37;Synchronized;;;944;07/06/2023;09:25:04;36.93;;;;944;06/06/2023;09:35:21;37.34;Synchronized;;;
945;07/06/2023;09:25:15;37.42;;;;945;07/06/2023;09:26:04;36.94;;;;945;06/06/2023;09:36:21;37.34;Synchronized;;;
946;07/06/2023;09:26:15;37.44;;;;946;07/06/2023;09:27:03;36.93;;;;946;06/06/2023;09:37:21;37.31;Synchronized;;;
947;07/06/2023;09:27:15;37.47;;;;947;07/06/2023;09:28:03;36.95;;;;947;06/06/2023;09:38:21;37.34;Synchronized;;;
948;07/06/2023;09:28:15;37.46;;;;948;07/06/2023;09:29:03;36.94;;;;948;06/06/2023;09:39:21;37.34;Synchronized;;;
949;07/06/2023;09:29:15;37.47;;;;949;07/06/2023;09:30:03;36.92;;;;949;06/06/2023;09:40:21;37.34;Synchronized;;;
950;07/06/2023;09:30:15;37.51;;;;950;07/06/2023;09:31:03;36.8;;;;950;06/06/2023;09:41:21;37.34;Synchronized;;;
951;07/06/2023;09:31:15;37.5;Synchronized;;;951;07/06/2023;09:32:03;36.77;;;;951;06/06/2023;09:42:21;37.34;Synchronized;;;
952;07/06/2023;09:32:15;37.54;;;;952;07/06/2023;09:33:03;36.68;;;;952;06/06/2023;09:43:21;37.3;Synchronized;;;
953;07/06/2023;09:33:15;37.62;Synchronized;;;953;07/06/2023;09:34:03;36.63;;;;953;06/06/2023;09:44:21;37.3;Synchronized;;;
954;07/06/2023;09:34:14;37.62;;;;954;07/06/2023;09:35:03;36.63;;;;954;06/06/2023;09:45:21;37.27;Synchronized;;;
955;07/06/2023;09:35:14;37.61;;;;955;07/06/2023;09:36:03;36.62;;;;955;06/06/2023;09:46:21;37.28;Synchronized;;;
956;07/06/2023;09:36:14;37.61;;;;956;07/06/2023;09:37:03;36.61;Synchronized;;;956;06/06/2023;09:47:21;37.26;Synchronized;;;
957;07/06/2023;09:37:14;37.62;;;;957;07/06/2023;09:38:02;36.63;;;;957;06/06/2023;09:48:21;37.27;Synchronized;;;
958;07/06/2023;09:38:14;37.6;;;;958;07/06/2023;09:39:02;36.65;Synchronized;;;958;06/06/2023;09:49:21;37.29;Synchronized;;;
959;07/06/2023;09:39:14;37.59;;;;959;07/06/2023;09:40:02;36.66;Synchronized;;;959;06/06/2023;09:50:21;37.28;;;;
960;07/06/2023;09:40:14;37.61;;;;960;07/06/2023;09:41:02;36.68;Synchronized;;;960;06/06/2023;09:51:21;37.28;;;;
961;07/06/2023;09:41:13;37.59;;;;961;07/06/2023;09:42:02;36.68;;;;961;06/06/2023;09:52:21;37.25;Synchronized;;;
962;07/06/2023;09:42:13;37.54;;;;962;07/06/2023;09:43:02;36.62;;;;962;06/06/2023;09:53:21;37.25;Synchronized;;;
963;07/06/2023;09:43:13;37.54;;;;963;07/06/2023;09:44:02;36.46;;;;963;06/06/2023;09:54:21;37.23;Synchronized;;;
964;07/06/2023;09:44:13;37.55;Synchronized;;;964;07/06/2023;09:45:02;36.41;;;;964;06/06/2023;09:55:21;37.23;;;;
965;07/06/2023;09:45:13;37.52;;;;965;07/06/2023;09:46:02;36.41;;;;965;06/06/2023;09:56:21;37.22;;;;
966;07/06/2023;09:46:13;37.51;;;;966;07/06/2023;09:47:01;36.41;;;;966;06/06/2023;09:57:21;37.2;;;;
967;07/06/2023;09:47:13;37.47;Synchronized;;;967;07/06/2023;09:48:01;36.4;;;;967;06/06/2023;09:58:21;37.23;;;;
968;07/06/2023;09:48:13;37.45;;;;968;07/06/2023;09:49:01;36.4;;;;968;06/06/2023;09:59:21;37.23;;;;
969;07/06/2023;09:49:12;37.47;;;;969;07/06/2023;09:50:01;36.39;;;;969;06/06/2023;10:00:21;37.22;Synchronized;;;
970;07/06/2023;09:50:12;37.47;;;;970;07/06/2023;09:51:01;36.34;;;;970;06/06/2023;10:01:21;37.22;;;;
971;07/06/2023;09:51:12;37.46;Synchronized;;;971;07/06/2023;09:52:01;36.38;;;;971;06/06/2023;10:02:21;37.2;;;;
972;07/06/2023;09:52:12;37.45;;;;972;07/06/2023;09:53:01;36.39;;;;972;06/06/2023;10:03:21;37.23;;;;
973;07/06/2023;09:53:12;37.41;;;;973;07/06/2023;09:54:01;36.43;Synchronized;;;973;06/06/2023;10:04:21;37.2;;;;
974;07/06/2023;09:54:12;37.39;;;;974;07/06/2023;09:55:01;36.48;Synchronized;;;974;06/06/2023;10:05:21;37.2;;;;
975;07/06/2023;09:55:12;37.38;;;;975;07/06/2023;09:56:00;36.52;Synchronized;;;975;06/06/2023;10:06:21;37.17;;;;
976;07/06/2023;09:56:12;37.38;Synchronized;;;976;07/06/2023;09:57:00;36.54;;;;976;06/06/2023;10:07:21;37.19;;;;
977;07/06/2023;09:57:11;37.36;;;;977;07/06/2023;09:58:00;36.57;Synchronized;;;977;06/06/2023;10:08:21;37.19;;;;
978;07/06/2023;09:58:11;37.36;;;;978;07/06/2023;09:59:00;36.6;;;;978;06/06/2023;10:09:21;37.18;;;;
979;07/06/2023;09:59:11;37.35;;;;979;07/06/2023;10:00:00;36.63;Synchronized;;;979;06/06/2023;10:10:21;37.2;;;;
980;07/06/2023;10:00:11;37.35;;;;980;07/06/2023;10:01:00;36.63;;;;980;06/06/2023;10:11:21;37.18;;;;
981;07/06/2023;10:01:11;37.37;;;;981;07/06/2023;10:02:00;36.67;;;;981;06/06/2023;10:12:21;37.18;;;;
982;07/06/2023;10:02:11;37.36;;;;982;07/06/2023;10:03:00;36.71;Synchronized;;;982;06/06/2023;10:13:21;37.18;Synchronized;;;
983;07/06/2023;10:03:11;37.34;;;;983;07/06/2023;10:04:00;36.7;Synchronized;;;983;06/06/2023;10:14:21;37.2;Synchronized;;;
984;07/06/2023;10:04:10;37.34;;;;984;07/06/2023;10:05:00;36.73;;;;984;06/06/2023;10:15:21;37.19;;;;
985;07/06/2023;10:05:10;37.3;;;;985;07/06/2023;10:06:00;36.77;Synchronized;;;985;06/06/2023;10:16:21;37.19;;;;
986;07/06/2023;10:06:10;37.38;;;;986;07/06/2023;10:06:59;36.77;;;;986;06/06/2023;10:17:21;37.19;;;;
987;07/06/2023;10:07:10;37.35;;;;987;07/06/2023;10:07:59;36.78;;;;987;06/06/2023;10:18:21;37.17;;;;
988;07/06/2023;10:08:10;37.3;;;;988;07/06/2023;10:08:59;36.79;Synchronized;;;988;06/06/2023;10:19:21;37.16;;;;
989;07/06/2023;10:09:10;37.24;;;;989;07/06/2023;10:09:59;36.81;;;;989;06/06/2023;10:20:21;37.17;;;;
990;07/06/2023;10:10:10;37.23;;;;990;07/06/2023;10:10:59;36.81;;;;990;06/06/2023;10:21:21;37.16;;;;
991;07/06/2023;10:11:10;37.24;;;;991;07/06/2023;10:11:59;36.82;Synchronized;;;991;06/06/2023;10:22:21;37.15;;;;
992;07/06/2023;10:12:10;37.23;;;;992;07/06/2023;10:12:59;36.78;Synchronized;;;992;06/06/2023;10:23:21;37.15;;;;
993;07/06/2023;10:13:09;37.22;;;;993;07/06/2023;10:13:59;36.59;;;;993;06/06/2023;10:24:21;37.15;;;;
994;07/06/2023;10:14:09;37.23;Synchronized;;;994;07/06/2023;10:14:59;36.38;;;;994;06/06/2023;10:25:21;37.15;;;;
995;07/06/2023;10:15:09;37.23;;;;995;07/06/2023;10:15:59;36.29;;;;995;06/06/2023;10:26:21;37.1;;;;
996;07/06/2023;10:16:09;37.23;;;;996;07/06/2023;10:16:59;36.3;;;;996;06/06/2023;10:27:21;37.1;;;;
997;07/06/2023;10:17:09;37.22;;;;997;07/06/2023;10:17:59;36.31;;;;997;06/06/2023;10:28:21;37.05;;;;
998;07/06/2023;10:18:09;37.23;Synchronized;;;998;07/06/2023;10:18:59;36.31;Synchronized;;;998;06/06/2023;10:29:21;37.03;;;;
999;07/06/2023;10:19:09;37.25;;;;999;07/06/2023;10:19:58;36.41;;;;999;06/06/2023;10:30:21;36.91;;;;
1000;07/06/2023;10:20:09;37.28;;;;1000;07/06/2023;10:20:58;36.48;Synchronized;;;1000;06/06/2023;10:31:21;36.84;;;;
1001;07/06/2023;10:21:09;37.28;;;;1001;07/06/2023;10:21:58;36.55;;;;1001;06/06/2023;10:32:21;36.84;;;;
1002;07/06/2023;10:22:08;37.28;;;;1002;07/06/2023;10:22:58;36.62;Synchronized;;;1002;06/06/2023;10:33:21;36.78;;;;
1003;07/06/2023;10:23:08;37.29;Synchronized;;;1003;07/06/2023;10:23:58;36.65;;;;1003;06/06/2023;10:34:21;36.78;;;;
1004;07/06/2023;10:24:08;37.28;Synchronized;;;1004;07/06/2023;10:24:58;36.7;;;;1004;06/06/2023;10:35:21;36.75;;;;
1005;07/06/2023;10:25:08;37.45;;;;1005;07/06/2023;10:25:58;36.75;;;;1005;06/06/2023;10:36:21;36.68;;;;
1006;07/06/2023;10:26:08;37.35;;;;1006;07/06/2023;10:26:58;36.76;;;;1006;06/06/2023;10:37:21;36.58;;;;
1007;07/06/2023;10:27:08;37.34;;;;1007;07/06/2023;10:27:57;36.6;;;;1007;06/06/2023;10:38:21;36.47;Synchronized;;;
1008;07/06/2023;10:28:08;37.39;Synchronized;;;1008;07/06/2023;10:28:57;36.48;;;;1008;06/06/2023;10:39:21;36.52;Synchronized;;;
1009;07/06/2023;10:29:08;37.47;;;;1009;07/06/2023;10:29:57;36.41;;;;1009;06/06/2023;10:40:21;36.55;;;;
1010;07/06/2023;10:30:08;37.55;;;;1010;07/06/2023;10:30:57;36.38;;;;1010;06/06/2023;10:41:21;36.64;;;;
1011;07/06/2023;10:31:07;37.5;;;;1011;07/06/2023;10:31:57;36.4;;;;1011;06/06/2023;10:42:21;36.66;;;;
1012;07/06/2023;10:32:07;37.55;Synchronized;;;1012;07/06/2023;10:32:57;36.48;;;;1012;06/06/2023;10:43:21;36.71;;;;
1013;07/06/2023;10:33:07;37.51;;;;1013;07/06/2023;10:33:57;36.55;;;;1013;06/06/2023;10:44:21;36.74;;;;
1014;07/06/2023;10:34:07;37.46;;;;1014;07/06/2023;10:34:57;36.61;;;;1014;06/06/2023;10:45:21;36.79;;;;
1015;07/06/2023;10:35:07;37.48;Synchronized;;;1015;07/06/2023;10:35:57;36.64;Synchronized;;;1015;06/06/2023;10:46:21;36.87;;;;
1016;07/06/2023;10:36:07;37.47;;;;1016;07/06/2023;10:36:57;36.71;;;;1016;06/06/2023;10:47:21;36.9;;;;
1017;07/06/2023;10:37:07;37.38;;;;1017;07/06/2023;10:37:57;36.62;;;;1017;06/06/2023;10:48:21;36.94;;;;
1018;07/06/2023;10:38:06;37.41;;;;1018;07/06/2023;10:38:57;36.32;;;;1018;06/06/2023;10:49:21;36.95;;;;
1019;07/06/2023;10:39:06;37.45;Synchronized;;;1019;07/06/2023;10:39:56;36.22;;;;1019;06/06/2023;10:50:21;36.99;;;;
1020;07/06/2023;10:40:06;37.41;;;;1020;07/06/2023;10:40:56;36.25;;;;1020;06/06/2023;10:51:21;37.02;;;;
1021;07/06/2023;10:41:06;37.44;Synchronized;;;1021;07/06/2023;10:41:56;36.3;;;;1021;06/06/2023;10:52:21;37.02;;;;
1022;07/06/2023;10:42:06;37.45;;;;1022;07/06/2023;10:42:56;36.38;;;;1022;06/06/2023;10:53:21;37.05;;;;
1023;07/06/2023;10:43:06;37.39;Synchronized;;;1023;07/06/2023;10:43:56;36.44;;;;1023;06/06/2023;10:54:21;37.06;;;;
1024;07/06/2023;10:44:06;37.41;;;;1024;07/06/2023;10:44:56;36.53;;;;1024;06/06/2023;10:55:21;37.08;;;;
1025;07/06/2023;10:45:06;37.41;;;;1025;07/06/2023;10:45:56;36.63;;;;1025;06/06/2023;10:56:21;37.1;;;;
1026;07/06/2023;10:46:05;37.38;;;;1026;07/06/2023;10:46:56;36.7;;;;1026;06/06/2023;10:57:21;37.13;;;;
1027;07/06/2023;10:47:05;37.39;;;;1027;07/06/2023;10:47:56;36.74;Synchronized;;;1027;06/06/2023;10:58:21;37.11;;;;
1028;07/06/2023;10:48:05;37.41;;;;1028;07/06/2023;10:48:56;36.8;Synchronized;;;1028;06/06/2023;10:59:21;37.14;;;;
1029;07/06/2023;10:49:05;37.41;Synchronized;;;1029;07/06/2023;10:49:56;36.81;Synchronized;;;1029;06/06/2023;11:00:21;37.16;;;;
1030;07/06/2023;10:50:05;37.37;;;;1030;07/06/2023;10:50:56;36.83;Synchronized;;;1030;06/06/2023;11:01:21;37.16;;;;
1031;07/06/2023;10:51:05;37.35;;;;1031;07/06/2023;10:51:56;36.87;Synchronized;;;1031;06/06/2023;11:02:21;37.14;;;;
1032;07/06/2023;10:52:05;37.36;;;;1032;07/06/2023;10:52:55;36.88;Synchronized;;;1032;06/06/2023;11:03:21;37.07;;;;
1033;07/06/2023;10:53:04;37.34;;;;1033;07/06/2023;10:53:55;36.91;Synchronized;;;1033;06/06/2023;11:04:21;37.06;;;;
1034;07/06/2023;10:54:04;37.34;;;;1034;07/06/2023;10:54:55;36.92;Synchronized;;;1034;06/06/2023;11:05:21;37;;;;
1035;07/06/2023;10:55:04;37.34;;;;1035;07/06/2023;10:55:55;36.92;Synchronized;;;1035;06/06/2023;11:06:21;37.03;;;;
1036;07/06/2023;10:56:04;37.32;;;;1036;07/06/2023;10:56:55;36.94;Synchronized;;;1036;06/06/2023;11:07:21;37.05;;;;
1037;07/06/2023;10:57:04;37.3;;;;1037;07/06/2023;10:57:55;36.97;;;;1037;06/06/2023;11:08:21;37.03;;;;
1038;07/06/2023;10:58:04;37.27;;;;1038;07/06/2023;10:58:55;36.95;;;;1038;06/06/2023;11:09:21;37.05;;;;
1039;07/06/2023;10:59:04;37.28;;;;1039;07/06/2023;10:59:54;36.95;;;;1039;06/06/2023;11:10:21;37.05;;;;
1040;07/06/2023;11:00:04;37.27;;;;1040;07/06/2023;11:00:54;36.58;;;;1040;06/06/2023;11:11:21;37.05;;;;
1041;07/06/2023;11:01:03;37.29;;;;1041;07/06/2023;11:01:54;36.1;;;;1041;06/06/2023;11:12:21;37.05;Synchronized;;;
1042;07/06/2023;11:02:03;37.31;;;;1042;07/06/2023;11:02:54;36.02;;;;1042;06/06/2023;11:13:21;37.08;;;;
1043;07/06/2023;11:03:03;37.31;;;;1043;07/06/2023;11:03:54;36.16;;;;1043;06/06/2023;11:14:21;37.07;;;;
1044;07/06/2023;11:04:03;37.32;Synchronized;;;1044;07/06/2023;11:04:54;36.26;;;;1044;06/06/2023;11:15:21;37.07;;;;
1045;07/06/2023;11:05:03;37.33;Synchronized;;;1045;07/06/2023;11:05:54;36.4;;;;1045;06/06/2023;11:16:21;37.03;;;;
1046;07/06/2023;11:06:03;37.34;;;;1046;07/06/2023;11:06:54;36.48;;;;1046;06/06/2023;11:17:21;36.96;;;;
1047;07/06/2023;11:07:03;37.38;;;;1047;07/06/2023;11:07:54;36.61;;;;1047;06/06/2023;11:18:21;36.91;;;;
1048;07/06/2023;11:08:03;37.36;;;;1048;07/06/2023;11:08:54;36.73;;;;1048;06/06/2023;11:19:21;36.89;;;;
1049;07/06/2023;11:09:03;37.37;;;;1049;07/06/2023;11:09:54;36.77;;;;1049;06/06/2023;11:20:21;36.91;;;;
1050;07/06/2023;11:10:02;37.5;;;;1050;07/06/2023;11:10:53;36.81;;;;1050;06/06/2023;11:21:21;36.89;Synchronized;;;
1051;07/06/2023;11:11:02;37.57;Synchronized;;;1051;07/06/2023;11:11:53;36.87;;;;1051;06/06/2023;11:22:21;36.91;Synchronized;;;
1052;07/06/2023;11:12:02;37.49;;;;1052;07/06/2023;11:12:53;36.9;;;;1052;06/06/2023;11:23:21;36.91;;;;
1053;07/06/2023;11:13:02;37.51;Synchronized;;;1053;07/06/2023;11:13:53;36.93;Synchronized;;;1053;06/06/2023;11:24:21;36.93;Synchronized;;;
1054;07/06/2023;11:14:02;37.54;;;;1054;07/06/2023;11:14:53;36.95;;;;1054;06/06/2023;11:25:22;36.73;Synchronized;;;
1055;07/06/2023;11:15:02;37.58;;;;1055;07/06/2023;11:15:53;36.95;;;;1055;06/06/2023;11:26:22;36.69;Synchronized;;;
1056;07/06/2023;11:16:02;37.58;;;;1056;07/06/2023;11:16:53;36.66;Synchronized;;;1056;06/06/2023;11:27:22;36.75;;;;
1057;07/06/2023;11:17:01;37.62;;;;1057;07/06/2023;11:17:53;35.84;;;;1057;06/06/2023;11:28:22;36.81;Synchronized;;;
1058;07/06/2023;11:18:01;37.65;;;;1058;07/06/2023;11:18:53;35.89;Synchronized;;;1058;06/06/2023;11:29:21;36.82;Synchronized;;;
1059;07/06/2023;11:19:01;37.63;;;;1059;07/06/2023;11:19:53;36.21;;;;1059;06/06/2023;11:30:21;36.88;;;;
1060;07/06/2023;11:20:01;37.59;;;;1060;07/06/2023;11:20:53;36.45;;;;1060;06/06/2023;11:31:21;36.94;;;;
1061;07/06/2023;11:21:01;37.59;;;;1061;07/06/2023;11:21:53;36.55;Synchronized;;;1061;06/06/2023;11:32:22;36.93;;;;
1062;07/06/2023;11:22:01;37.55;;;;1062;07/06/2023;11:22:52;36.7;;;;1062;06/06/2023;11:33:22;36.98;;;;
1063;07/06/2023;11:23:00;37.58;;;;1063;07/06/2023;11:23:52;36.86;Synchronized;;;1063;06/06/2023;11:34:22;37;Synchronized;;;
1064;07/06/2023;11:24:00;37.6;;;;1064;07/06/2023;11:24:52;36.92;;;;1064;06/06/2023;11:35:22;36.7;Synchronized;;;
1065;07/06/2023;11:25:00;37.58;;;;1065;07/06/2023;11:25:52;37.05;;;;1065;06/06/2023;11:36:22;36.72;Synchronized;;;
1066;07/06/2023;11:26:00;37.5;;;;1066;07/06/2023;11:26:52;37.07;;;;1066;06/06/2023;11:37:22;36.79;Synchronized;;;
1067;07/06/2023;11:27:00;37.45;;;;1067;07/06/2023;11:27:52;37.07;;;;1067;06/06/2023;11:38:22;36.77;Synchronized;;;
1068;07/06/2023;11:28:00;37.37;;;;1068;07/06/2023;11:28:52;37.14;;;;1068;06/06/2023;11:39:22;36.8;;;;
1069;07/06/2023;11:29:00;37.3;;;;1069;07/06/2023;11:29:52;37.16;Synchronized;;;1069;06/06/2023;11:40:22;36.8;;;;
1070;07/06/2023;11:30:00;37.35;Synchronized;;;1070;07/06/2023;11:30:52;37.19;Synchronized;;;1070;06/06/2023;11:41:22;36.84;;;;
1071;07/06/2023;11:30:59;37.36;Synchronized;;;1071;07/06/2023;11:31:51;37.12;Synchronized;;;1071;06/06/2023;11:42:22;36.91;;;;
1072;07/06/2023;11:31:59;37.38;;;;1072;07/06/2023;11:32:51;37.17;Synchronized;;;1072;06/06/2023;11:43:22;36.93;;;;
1073;07/06/2023;11:32:59;37.38;Synchronized;;;1073;07/06/2023;11:33:51;37.18;Synchronized;;;1073;06/06/2023;11:44:22;36.95;Synchronized;;;
1074;07/06/2023;11:33:59;37.37;;;;1074;07/06/2023;11:34:51;37.2;;;;1074;06/06/2023;11:45:22;36.99;;;;
1075;07/06/2023;11:34:59;37.39;;;;1075;07/06/2023;11:35:51;37.24;;;;1075;06/06/2023;11:46:22;37.02;;;;
1076;07/06/2023;11:35:59;37.38;;;;1076;07/06/2023;11:36:51;37.23;;;;1076;06/06/2023;11:47:22;37.04;;;;
1077;07/06/2023;11:36:59;37.36;;;;1077;07/06/2023;11:37:50;37.23;;;;1077;06/06/2023;11:48:22;37.05;;;;
1078;07/06/2023;11:37:58;37.34;;;;1078;07/06/2023;11:38:50;37.24;Synchronized;;;1078;06/06/2023;11:49:22;37.06;;;;
1079;07/06/2023;11:38:58;37.32;;;;1079;07/06/2023;11:39:50;37.22;;;;1079;06/06/2023;11:50:22;37.08;;;;
1080;07/06/2023;11:39:58;37.34;;;;1080;07/06/2023;11:40:50;37.14;;;;1080;06/06/2023;11:51:22;37.1;;;;
1081;07/06/2023;11:40:58;37.34;;;;1081;07/06/2023;11:41:50;37.14;Synchronized;;;1081;06/06/2023;11:52:22;37.13;;;;
1082;07/06/2023;11:41:58;37.34;;;;1082;07/06/2023;11:42:50;37.12;;;;1082;06/06/2023;11:53:22;37.14;;;;
1083;07/06/2023;11:42:58;37.34;;;;1083;07/06/2023;11:43:50;37.12;Synchronized;;;1083;06/06/2023;11:54:22;37.18;;;;
1084;07/06/2023;11:43:58;37.34;;;;1084;07/06/2023;11:44:49;37.05;Synchronized;;;1084;06/06/2023;11:55:22;37.17;;;;
1085;07/06/2023;11:44:58;37.34;;;;1085;07/06/2023;11:45:49;37.06;;;;1085;06/06/2023;11:56:22;37.19;;;;
1086;07/06/2023;11:45:58;37.34;;;;1086;07/06/2023;11:46:49;37.1;;;;1086;06/06/2023;11:57:22;37.18;Synchronized;;;
1087;07/06/2023;11:46:58;37.36;;;;1087;07/06/2023;11:47:49;37.1;;;;1087;06/06/2023;11:58:22;37.19;Synchronized;;;
1088;07/06/2023;11:47:58;37.34;;;;1088;07/06/2023;11:48:49;37.13;;;;1088;06/06/2023;11:59:22;37.2;;;;
1089;07/06/2023;11:48:58;37.34;;;;1089;07/06/2023;11:49:49;37.25;;;;1089;06/06/2023;12:00:22;37.2;;;;
1090;07/06/2023;11:49:58;37.34;;;;1090;07/06/2023;11:50:49;37.27;;;;1090;06/06/2023;12:01:22;37.23;;;;
1091;07/06/2023;11:50:57;37.34;;;;1091;07/06/2023;11:51:49;37.25;;;;1091;06/06/2023;12:02:22;37.13;Synchronized;;;
1092;07/06/2023;11:51:57;37.34;;;;1092;07/06/2023;11:52:49;37.23;;;;1092;06/06/2023;12:03:22;36.91;;;;
1093;07/06/2023;11:52:57;37.34;;;;1093;07/06/2023;11:53:49;37.19;Synchronized;;;1093;06/06/2023;12:04:22;36.48;;;;
1094;07/06/2023;11:53:57;37.32;Synchronized;;;1094;07/06/2023;11:54:48;37.15;;;;1094;06/06/2023;12:05:22;36.27;;;;
1095;07/06/2023;11:54:57;37.34;;;;1095;07/06/2023;11:55:48;37.13;;;;1095;06/06/2023;12:06:22;36.3;;;;
1096;07/06/2023;11:55:57;37.34;;;;1096;07/06/2023;11:56:48;37.11;;;;1096;06/06/2023;12:07:22;36.25;;;;
1097;07/06/2023;11:56:57;37.3;;;;1097;07/06/2023;11:57:48;37.11;;;;1097;06/06/2023;12:08:21;36.3;;;;
1098;07/06/2023;11:57:57;37.31;;;;1098;07/06/2023;11:58:48;37.11;;;;1098;06/06/2023;12:09:21;36.41;;;;
1099;07/06/2023;11:58:56;37.3;;;;1099;07/06/2023;11:59:48;37.06;;;;1099;06/06/2023;12:10:21;36.48;;;;
1100;07/06/2023;11:59:56;37.3;;;;1100;07/06/2023;12:00:48;37.04;;;;1100;06/06/2023;12:11:21;36.6;;;;
1101;07/06/2023;12:00:56;37.31;;;;1101;07/06/2023;12:01:48;37.04;Synchronized;;;1101;06/06/2023;12:12:21;36.69;;;;
1102;07/06/2023;12:01:56;37.37;;;;1102;07/06/2023;12:02:47;37.05;;;;1102;06/06/2023;12:13:21;36.73;Synchronized;;;
1103;07/06/2023;12:02:56;37.44;;;;1103;07/06/2023;12:03:47;37.07;Synchronized;;;1103;06/06/2023;12:14:21;36.77;Synchronized;;;
1104;07/06/2023;12:03:56;37.45;;;;1104;07/06/2023;12:04:47;37.11;Synchronized;;;1104;06/06/2023;12:15:21;36.64;;;;
1105;07/06/2023;12:04:56;37.48;;;;1105;07/06/2023;12:05:47;37.09;;;;1105;06/06/2023;12:16:21;36.66;;;;
1106;07/06/2023;12:05:56;37.51;;;;1106;07/06/2023;12:06:47;37.09;;;;1106;06/06/2023;12:17:21;36.68;;;;
1107;07/06/2023;12:06:55;37.51;;;;1107;07/06/2023;12:07:47;37.1;;;;1107;06/06/2023;12:18:21;36.74;;;;
1108;07/06/2023;12:07:55;37.44;;;;1108;07/06/2023;12:08:47;37.1;Synchronized;;;1108;06/06/2023;12:19:21;36.77;;;;
1109;07/06/2023;12:08:55;37.41;;;;1109;07/06/2023;12:09:46;37.09;Synchronized;;;1109;06/06/2023;12:20:21;36.79;;;;
1110;07/06/2023;12:09:55;37.42;;;;1110;07/06/2023;12:10:46;37.14;;;;1110;06/06/2023;12:21:21;36.83;;;;
1111;07/06/2023;12:10:55;37.39;;;;1111;07/06/2023;12:11:46;37.2;;;;1111;06/06/2023;12:22:22;36.84;Synchronized;;;
1112;07/06/2023;12:11:55;37.39;;;;1112;07/06/2023;12:12:46;37.26;;;;1112;06/06/2023;12:23:22;36.88;;;;
1113;07/06/2023;12:12:55;37.41;;;;1113;07/06/2023;12:13:46;37.26;;;;1113;06/06/2023;12:24:22;36.92;Synchronized;;;
1114;07/06/2023;12:13:54;37.39;;;;1114;07/06/2023;12:14:46;37.26;Synchronized;;;1114;06/06/2023;12:25:22;36.96;Synchronized;;;
1115;07/06/2023;12:14:54;37.41;Synchronized;;;1115;07/06/2023;12:15:46;37.24;Synchronized;;;1115;06/06/2023;12:26:22;36.98;;;;
1116;07/06/2023;12:15:54;37.41;;;;1116;07/06/2023;12:16:45;37.22;Synchronized;;;1116;06/06/2023;12:27:22;37.02;;;;
1117;07/06/2023;12:16:54;37.38;;;;1117;07/06/2023;12:17:45;37.22;;;;1117;06/06/2023;12:28:22;37.05;;;;
1118;07/06/2023;12:17:54;37.38;;;;1118;07/06/2023;12:18:45;37.25;Synchronized;;;1118;06/06/2023;12:29:22;37.07;;;;
1119;07/06/2023;12:18:54;37.41;;;;1119;07/06/2023;12:19:45;37.25;;;;1119;06/06/2023;12:30:22;37.08;;;;
1120;07/06/2023;12:19:54;37.43;;;;1120;07/06/2023;12:20:45;37.24;;;;1120;06/06/2023;12:31:22;37.11;;;;
1121;07/06/2023;12:20:53;37.39;;;;1121;07/06/2023;12:21:45;37.25;;;;1121;06/06/2023;12:32:22;37.13;;;;
1122;07/06/2023;12:21:53;37.38;;;;1122;07/06/2023;12:22:45;37.22;;;;1122;06/06/2023;12:33:22;37.13;Synchronized;;;
1123;07/06/2023;12:22:53;37.41;;;;1123;07/06/2023;12:23:45;37.16;;;;1123;06/06/2023;12:34:22;36.91;Synchronized;;;
1124;07/06/2023;12:23:53;37.35;;;;1124;07/06/2023;12:24:44;37.19;;;;1124;06/06/2023;12:35:22;36.83;;;;
1125;07/06/2023;12:24:53;37.35;;;;1125;07/06/2023;12:25:44;37.21;;;;1125;06/06/2023;12:36:22;36.77;;;;
1126;07/06/2023;12:25:53;37.39;;;;1126;07/06/2023;12:26:44;37.22;;;;1126;06/06/2023;12:37:22;36.8;;;;
1127;07/06/2023;12:26:53;37.37;;;;1127;07/06/2023;12:27:44;37.24;Synchronized;;;1127;06/06/2023;12:38:22;36.84;;;;
1128;07/06/2023;12:27:52;37.45;;;;1128;07/06/2023;12:28:44;37.23;Synchronized;;;1128;06/06/2023;12:39:22;36.91;Synchronized;;;
1129;07/06/2023;12:28:52;37.44;;;;1129;07/06/2023;12:29:44;37.27;;;;1129;06/06/2023;12:40:22;36.96;Synchronized;;;
1130;07/06/2023;12:29:52;37.45;;;;1130;07/06/2023;12:30:43;37.27;;;;1130;06/06/2023;12:41:22;37.02;Synchronized;;;
1131;07/06/2023;12:30:52;37.44;;;;1131;07/06/2023;12:31:43;37.28;;;;1131;06/06/2023;12:42:22;37.05;Synchronized;;;
1132;07/06/2023;12:31:52;37.43;;;;1132;07/06/2023;12:32:43;37.29;;;;1132;06/06/2023;12:43:22;37.07;Synchronized;;;
1133;07/06/2023;12:32:52;37.45;;;;1133;07/06/2023;12:33:43;37.27;;;;1133;06/06/2023;12:44:22;37.14;Synchronized;;;
1134;07/06/2023;12:33:52;37.45;;;;1134;07/06/2023;12:34:43;37.27;;;;1134;06/06/2023;12:45:22;37.19;Synchronized;;;
1135;07/06/2023;12:34:52;37.45;;;;1135;07/06/2023;12:35:43;37.3;Synchronized;;;1135;06/06/2023;12:46:22;37.23;Synchronized;;;
1136;07/06/2023;12:35:52;37.45;;;;1136;07/06/2023;12:36:42;37.3;Synchronized;;;1136;06/06/2023;12:47:22;37.29;Synchronized;;;
1137;07/06/2023;12:36:51;37.47;;;;1137;07/06/2023;12:37:42;37.3;;;;1137;06/06/2023;12:48:22;37.37;Synchronized;;;
1138;07/06/2023;12:37:51;37.46;;;;1138;07/06/2023;12:38:42;37.34;Synchronized;;;1138;06/06/2023;12:49:22;37.41;Synchronized;;;
1139;07/06/2023;12:38:51;37.49;Synchronized;;;1139;07/06/2023;12:39:42;37.36;Synchronized;;;1139;06/06/2023;12:50:21;37.49;Synchronized;;;
1140;07/06/2023;12:39:51;37.54;Synchronized;;;1140;07/06/2023;12:40:42;37.35;Synchronized;;;1140;06/06/2023;12:51:21;37.51;Synchronized;;;
1141;07/06/2023;12:40:51;37.51;Synchronized;;;1141;07/06/2023;12:41:41;37.34;Synchronized;;;1141;06/06/2023;12:52:21;37.52;Synchronized;;;
1142;07/06/2023;12:41:50;37.51;Synchronized;;;1142;07/06/2023;12:42:41;37.35;Synchronized;;;1142;06/06/2023;12:53:21;37.53;Synchronized;;;
1143;07/06/2023;12:42:50;37.58;Synchronized;;;1143;07/06/2023;12:43:41;37.35;Synchronized;;;1143;06/06/2023;12:54:21;37.53;Synchronized;;;
1144;07/06/2023;12:43:50;37.55;Synchronized;;;1144;07/06/2023;12:44:41;37.34;Synchronized;;;1144;06/06/2023;12:55:21;37.52;Synchronized;;;
1145;07/06/2023;12:44:50;37.55;Synchronized;;;1145;07/06/2023;12:45:41;37.32;Synchronized;;;1145;06/06/2023;12:56:21;37.53;Synchronized;;;
1146;07/06/2023;12:45:50;37.55;Synchronized;;;1146;07/06/2023;12:46:41;37.34;Synchronized;;;1146;06/06/2023;12:57:21;37.52;Synchronized;;;
1147;07/06/2023;12:46:50;37.59;Synchronized;;;1147;07/06/2023;12:47:41;37.37;Synchronized;;;1147;06/06/2023;12:58:21;37.52;Synchronized;;;
1148;07/06/2023;12:47:50;37.55;Synchronized;;;1148;07/06/2023;12:48:40;37.4;Synchronized;;;1148;06/06/2023;12:59:21;37.51;Synchronized;;;
1149;07/06/2023;12:48:50;37.5;Synchronized;;;1149;07/06/2023;12:49:40;37.41;Synchronized;;;1149;06/06/2023;13:00:21;37.52;Synchronized;;;
1150;07/06/2023;12:49:49;37.52;Synchronized;;;1150;07/06/2023;12:50:40;37.41;Synchronized;;;1150;06/06/2023;13:01:21;37.49;Synchronized;;;
1151;07/06/2023;12:50:49;37.54;Synchronized;;;1151;07/06/2023;12:51:40;37.4;Synchronized;;;1151;06/06/2023;13:02:21;37.49;Synchronized;;;
1152;07/06/2023;12:51:49;37.54;Synchronized;;;1152;07/06/2023;12:52:40;37.45;Synchronized;;;1152;06/06/2023;13:03:21;37.52;Synchronized;;;
1153;07/06/2023;12:52:49;37.52;Synchronized;;;1153;07/06/2023;12:53:40;37.34;Synchronized;;;1153;06/06/2023;13:04:21;37.52;Synchronized;;;
1154;07/06/2023;12:53:49;37.53;Synchronized;;;1154;07/06/2023;12:54:40;37.31;Synchronized;;;1154;06/06/2023;13:05:21;37.49;Synchronized;;;
1155;07/06/2023;12:54:49;37.56;Synchronized;;;1155;07/06/2023;12:55:40;37.3;Synchronized;;;1155;06/06/2023;13:06:21;37.52;Synchronized;;;
1156;07/06/2023;12:55:49;37.55;Synchronized;;;1156;07/06/2023;12:56:39;37.38;Synchronized;;;1156;06/06/2023;13:07:21;37.51;Synchronized;;;
1157;07/06/2023;12:56:49;37.55;Synchronized;;;1157;07/06/2023;12:57:39;37.34;Synchronized;;;1157;06/06/2023;13:08:21;37.51;Synchronized;;;
1158;07/06/2023;12:57:48;37.55;Synchronized;;;1158;07/06/2023;12:58:39;37.35;Synchronized;;;1158;06/06/2023;13:09:21;37.51;Synchronized;;;
1159;07/06/2023;12:58:48;37.56;Synchronized;;;1159;07/06/2023;12:59:39;37.34;Synchronized;;;1159;06/06/2023;13:10:21;37.51;Synchronized;;;
1160;07/06/2023;12:59:48;37.53;Synchronized;;;1160;07/06/2023;13:00:39;37.36;Synchronized;;;1160;06/06/2023;13:11:21;37.51;Synchronized;;;
1161;07/06/2023;13:00:48;37.52;Synchronized;;;1161;07/06/2023;13:01:39;37.36;Synchronized;;;1161;06/06/2023;13:12:21;37.52;Synchronized;;;
1162;07/06/2023;13:01:48;37.55;Synchronized;;;1162;07/06/2023;13:02:39;37.38;Synchronized;;;1162;06/06/2023;13:13:21;37.53;Synchronized;;;
1163;07/06/2023;13:02:48;37.52;Synchronized;;;1163;07/06/2023;13:03:38;37.38;Synchronized;;;1163;06/06/2023;13:14:20;37.52;Synchronized;;;
1164;07/06/2023;13:03:48;37.55;Synchronized;;;1164;07/06/2023;13:04:38;37.41;Synchronized;;;1164;06/06/2023;13:15:20;37.53;Synchronized;;;
1165;07/06/2023;13:04:48;37.56;Synchronized;;;1165;07/06/2023;13:05:38;37.42;Synchronized;;;1165;06/06/2023;13:16:20;37.54;Synchronized;;;
1166;07/06/2023;13:05:47;37.56;Synchronized;;;1166;07/06/2023;13:06:38;37.46;Synchronized;;;1166;06/06/2023;13:17:20;37.54;Synchronized;;;
1167;07/06/2023;13:06:47;37.57;Synchronized;;;1167;07/06/2023;13:07:38;37.46;Synchronized;;;1167;06/06/2023;13:18:20;37.56;Synchronized;;;
1168;07/06/2023;13:07:47;37.59;Synchronized;;;1168;07/06/2023;13:08:38;37.48;Synchronized;;;1168;06/06/2023;13:19:20;37.53;Synchronized;;;
1169;07/06/2023;13:08:47;37.59;;;;1169;07/06/2023;13:09:38;37.48;Synchronized;;;1169;06/06/2023;13:20:20;37.55;Synchronized;;;
1170;07/06/2023;13:09:47;37.6;;;;1170;07/06/2023;13:10:37;37.5;Synchronized;;;1170;06/06/2023;13:21:20;37.55;Synchronized;;;
1171;07/06/2023;13:10:46;37.59;;;;1171;07/06/2023;13:11:37;37.52;Synchronized;;;1171;06/06/2023;13:22:20;37.52;Synchronized;;;
1172;07/06/2023;13:11:46;37.6;Synchronized;;;1172;07/06/2023;13:12:37;37.52;Synchronized;;;1172;06/06/2023;13:23:20;37.5;Synchronized;;;
1173;07/06/2023;13:12:46;37.59;Synchronized;;;1173;07/06/2023;13:13:37;37.52;;;;1173;06/06/2023;13:24:20;37.51;Synchronized;;;
1174;07/06/2023;13:13:46;37.59;Synchronized;;;1174;07/06/2023;13:14:37;37.5;Synchronized;;;1174;06/06/2023;13:25:20;37.46;Synchronized;;;
1175;07/06/2023;13:14:46;37.6;Synchronized;;;1175;07/06/2023;13:15:37;37.53;Synchronized;;;1175;06/06/2023;13:26:20;37.48;;;;
1176;07/06/2023;13:15:45;37.59;Synchronized;;;1176;07/06/2023;13:16:37;37.51;Synchronized;;;1176;06/06/2023;13:27:20;37.48;;;;
1177;07/06/2023;13:16:45;37.59;Synchronized;;;1177;07/06/2023;13:17:36;37.48;Synchronized;;;1177;06/06/2023;13:28:20;37.48;;;;
1178;07/06/2023;13:17:45;37.61;Synchronized;;;1178;07/06/2023;13:18:36;37.49;Synchronized;;;1178;06/06/2023;13:29:20;37.5;;;;
1179;07/06/2023;13:18:45;37.62;Synchronized;;;1179;07/06/2023;13:19:36;37.52;Synchronized;;;1179;06/06/2023;13:30:20;37.51;Synchronized;;;
1180;07/06/2023;13:19:45;37.63;Synchronized;;;1180;07/06/2023;13:20:36;37.56;;;;1180;06/06/2023;13:31:20;37.49;;;;
1181;07/06/2023;13:20:45;37.66;Synchronized;;;1181;07/06/2023;13:21:36;37.59;Synchronized;;;1181;06/06/2023;13:32:19;37.46;;;;
1182;07/06/2023;13:21:45;37.63;Synchronized;;;1182;07/06/2023;13:22:36;37.52;Synchronized;;;1182;06/06/2023;13:33:19;37.48;;;;
1183;07/06/2023;13:22:45;37.6;Synchronized;;;1183;07/06/2023;13:23:35;37.51;Synchronized;;;1183;06/06/2023;13:34:19;37.48;;;;
1184;07/06/2023;13:23:44;37.59;Synchronized;;;1184;07/06/2023;13:24:35;37.52;Synchronized;;;1184;06/06/2023;13:35:19;37.47;;;;
1185;07/06/2023;13:24:44;37.58;Synchronized;;;1185;07/06/2023;13:25:35;37.55;;;;1185;06/06/2023;13:36:19;37.48;;;;
1186;07/06/2023;13:25:44;37.6;Synchronized;;;1186;07/06/2023;13:26:34;37.65;;;;1186;06/06/2023;13:37:19;37.48;Synchronized;;;
1187;07/06/2023;13:26:44;37.59;;;;1187;07/06/2023;13:27:34;37.66;;;;1187;06/06/2023;13:38:19;37.46;;;;
1188;07/06/2023;13:27:44;37.58;;;;1188;07/06/2023;13:28:34;37.63;Synchronized;;;1188;06/06/2023;13:39:19;37.43;Synchronized;;;
1189;07/06/2023;13:28:44;37.59;;;;1189;07/06/2023;13:29:34;37.62;;;;1189;06/06/2023;13:40:19;37.44;;;;
1190;07/06/2023;13:29:44;37.57;;;;1190;07/06/2023;13:30:34;37.66;;;;1190;06/06/2023;13:41:19;37.42;Synchronized;;;
1191;07/06/2023;13:30:44;37.57;;;;1191;07/06/2023;13:31:33;37.7;;;;1191;06/06/2023;13:42:19;37.42;;;;
1192;07/06/2023;13:31:44;37.57;;;;1192;07/06/2023;13:32:33;37.68;;;;1192;06/06/2023;13:43:19;37.42;;;;
1193;07/06/2023;13:32:44;37.57;;;;1193;07/06/2023;13:33:33;37.62;;;;1193;06/06/2023;13:44:19;37.42;;;;
1194;07/06/2023;13:33:44;37.59;Synchronized;;;1194;07/06/2023;13:34:33;37.53;;;;1194;06/06/2023;13:45:19;37.42;;;;
1195;07/06/2023;13:34:44;37.6;;;;1195;07/06/2023;13:35:33;37.51;;;;1195;06/06/2023;13:46:19;37.41;;;;
1196;07/06/2023;13:35:43;37.61;;;;1196;07/06/2023;13:36:33;37.53;Synchronized;;;1196;06/06/2023;13:47:19;37.38;Synchronized;;;
1197;07/06/2023;13:36:44;37.58;Synchronized;;;1197;07/06/2023;13:37:32;37.5;Synchronized;;;1197;06/06/2023;13:48:19;37.38;;;;
1198;07/06/2023;13:37:44;37.6;;;;1198;07/06/2023;13:38:32;37.52;;;;1198;06/06/2023;13:49:19;37.39;;;;
1199;07/06/2023;13:38:43;37.6;;;;1199;07/06/2023;13:39:32;37.52;;;;1199;06/06/2023;13:50:19;37.38;Synchronized;;;
1200;07/06/2023;13:39:43;37.59;;;;1200;07/06/2023;13:40:32;37.51;;;;1200;06/06/2023;13:51:19;37.37;;;;
1201;07/06/2023;13:40:43;37.6;;;;1201;07/06/2023;13:41:32;37.5;;;;1201;06/06/2023;13:52:19;37.38;Synchronized;;;
1202;07/06/2023;13:41:43;37.61;;;;1202;07/06/2023;13:42:31;37.51;;;;1202;06/06/2023;13:53:19;37.38;;;;
1203;07/06/2023;13:42:43;37.6;;;;1203;07/06/2023;13:43:31;37.49;;;;1203;06/06/2023;13:54:19;37.35;Synchronized;;;
1204;07/06/2023;13:43:43;37.61;;;;1204;07/06/2023;13:44:31;37.48;;;;1204;06/06/2023;13:55:18;37.32;;;;
1205;07/06/2023;13:44:43;37.59;;;;1205;07/06/2023;13:45:31;37.5;;;;1205;06/06/2023;13:56:18;37.32;;;;
1206;07/06/2023;13:45:43;37.6;;;;1206;07/06/2023;13:46:31;37.48;;;;1206;06/06/2023;13:57:18;37.31;;;;
1207;07/06/2023;13:46:43;37.6;;;;1207;07/06/2023;13:47:31;37.44;Synchronized;;;1207;06/06/2023;13:58:18;37.31;Synchronized;;;
1208;07/06/2023;13:47:43;37.61;Synchronized;;;1208;07/06/2023;13:48:30;37.41;;;;1208;06/06/2023;13:59:18;37.28;Synchronized;;;
1209;07/06/2023;13:48:43;37.59;;;;1209;07/06/2023;13:49:30;37.38;;;;1209;06/06/2023;14:00:18;37.3;Synchronized;;;
1210;07/06/2023;13:49:43;37.61;;;;1210;07/06/2023;13:50:30;37.32;;;;1210;06/06/2023;14:01:18;37.28;Synchronized;;;
1211;07/06/2023;13:50:43;37.62;Synchronized;;;1211;07/06/2023;13:51:30;37.35;;;;1211;06/06/2023;14:02:18;37.27;;;;
1212;07/06/2023;13:51:43;37.65;Synchronized;;;1212;07/06/2023;13:52:30;37.35;;;;1212;06/06/2023;14:03:18;37.13;;;;
1213;07/06/2023;13:52:42;37.7;Synchronized;;;1213;07/06/2023;13:53:30;37.37;Synchronized;;;1213;06/06/2023;14:04:18;37.19;;;;
1214;07/06/2023;13:53:42;37.66;Synchronized;;;1214;07/06/2023;13:54:29;37.37;;;;1214;06/06/2023;14:05:18;37.2;;;;
1215;07/06/2023;13:54:42;37.62;Synchronized;;;1215;07/06/2023;13:55:29;37.38;;;;1215;06/06/2023;14:06:18;37.17;;;;
1216;07/06/2023;13:55:42;37.62;;;;1216;07/06/2023;13:56:29;37.37;;;;1216;06/06/2023;14:07:18;37.16;;;;
1217;07/06/2023;13:56:42;37.62;;;;1217;07/06/2023;13:57:29;37.38;;;;1217;06/06/2023;14:08:18;37.17;;;;
1218;07/06/2023;13:57:42;37.59;;;;1218;07/06/2023;13:58:29;37.36;;;;1218;06/06/2023;14:09:18;37.16;;;;
1219;07/06/2023;13:58:42;37.59;Synchronized;;;1219;07/06/2023;13:59:28;37.36;;;;1219;06/06/2023;14:10:18;37.17;;;;
1220;07/06/2023;13:59:42;37.59;;;;1220;07/06/2023;14:00:28;37.38;;;;1220;06/06/2023;14:11:18;37.18;;;;
1221;07/06/2023;14:00:42;37.58;Synchronized;;;1221;07/06/2023;14:01:28;37.37;;;;1221;06/06/2023;14:12:18;37.17;;;;
1222;07/06/2023;14:01:42;37.59;;;;1222;07/06/2023;14:02:28;37.37;;;;1222;06/06/2023;14:13:18;37.18;;;;
1223;07/06/2023;14:02:42;37.58;;;;1223;07/06/2023;14:03:28;37.37;;;;1223;06/06/2023;14:14:18;37.12;;;;
1224;07/06/2023;14:03:42;37.56;;;;1224;07/06/2023;14:04:28;37.38;;;;1224;06/06/2023;14:15:18;37.13;;;;
1225;07/06/2023;14:04:42;37.56;;;;1225;07/06/2023;14:05:27;37.35;;;;1225;06/06/2023;14:16:18;37.14;Synchronized;;;
1226;07/06/2023;14:05:42;37.57;;;;1226;07/06/2023;14:06:27;37.36;;;;1226;06/06/2023;14:17:18;37.15;;;;
1227;07/06/2023;14:06:42;37.56;;;;1227;07/06/2023;14:07:27;37.37;;;;1227;06/06/2023;14:18:18;37.16;;;;
1228;07/06/2023;14:07:42;37.55;;;;1228;07/06/2023;14:08:27;37.35;;;;1228;06/06/2023;14:19:18;37.14;Synchronized;;;
1229;07/06/2023;14:08:42;37.56;;;;1229;07/06/2023;14:09:27;37.37;;;;1229;06/06/2023;14:20:18;37.17;;;;
1230;07/06/2023;14:09:42;37.56;;;;1230;07/06/2023;14:10:27;37.38;;;;1230;06/06/2023;14:21:18;37.16;;;;
1231;07/06/2023;14:10:41;37.55;;;;1231;07/06/2023;14:11:26;37.36;;;;1231;06/06/2023;14:22:18;37.16;;;;
1232;07/06/2023;14:11:41;37.55;;;;1232;07/06/2023;14:12:26;37.35;;;;1232;06/06/2023;14:23:18;37.17;;;;
1233;07/06/2023;14:12:41;37.55;;;;1233;07/06/2023;14:13:26;37.34;;;;1233;06/06/2023;14:24:18;37.16;Synchronized;;;
1234;07/06/2023;14:13:41;37.54;;;;1234;07/06/2023;14:14:26;37.34;;;;1234;06/06/2023;14:25:18;37.12;;;;
1235;07/06/2023;14:14:41;37.51;;;;1235;07/06/2023;14:15:26;37.35;Synchronized;;;1235;06/06/2023;14:26:18;37.05;;;;
1236;07/06/2023;14:15:41;37.51;;;;1236;07/06/2023;14:16:26;37.34;;;;1236;06/06/2023;14:27:18;37.06;;;;
1237;07/06/2023;14:16:41;37.52;Synchronized;;;1237;07/06/2023;14:17:25;37.34;;;;1237;06/06/2023;14:28:18;37.05;;;;
1238;07/06/2023;14:17:41;37.48;;;;1238;07/06/2023;14:18:25;37.35;;;;1238;06/06/2023;14:29:18;37.05;;;;
1239;07/06/2023;14:18:41;37.47;;;;1239;07/06/2023;14:19:25;37.38;;;;1239;06/06/2023;14:30:18;37.1;;;;
1240;07/06/2023;14:19:40;37.47;;;;1240;07/06/2023;14:20:25;37.37;;;;1240;06/06/2023;14:31:18;37.13;;;;
1241;07/06/2023;14:20:40;37.47;;;;1241;07/06/2023;14:21:25;37.38;;;;1241;06/06/2023;14:32:18;37.13;;;;
1242;07/06/2023;14:21:40;37.44;;;;1242;07/06/2023;14:22:25;37.35;;;;1242;06/06/2023;14:33:18;37.09;;;;
1243;07/06/2023;14:22:40;37.43;;;;1243;07/06/2023;14:23:24;37.34;;;;1243;06/06/2023;14:34:18;37.12;;;;
1244;07/06/2023;14:23:40;37.41;;;;1244;07/06/2023;14:24:24;37.34;;;;1244;06/06/2023;14:35:18;37.14;;;;
1245;07/06/2023;14:24:40;37.41;;;;1245;07/06/2023;14:25:24;37.31;;;;1245;06/06/2023;14:36:18;37.12;Synchronized;;;
1246;07/06/2023;14:25:40;37.39;;;;1246;07/06/2023;14:26:24;37.3;;;;1246;06/06/2023;14:37:18;37.16;Synchronized;;;
1247;07/06/2023;14:26:40;37.41;;;;1247;07/06/2023;14:27:24;37.3;;;;1247;06/06/2023;14:38:17;37.17;Synchronized;;;
1248;07/06/2023;14:27:39;37.36;;;;1248;07/06/2023;14:28:24;37.28;;;;1248;06/06/2023;14:39:17;37.14;Synchronized;;;
1249;07/06/2023;14:28:39;37.37;;;;1249;07/06/2023;14:29:23;37.28;;;;1249;06/06/2023;14:40:17;37.12;;;;
1250;07/06/2023;14:29:39;37.36;;;;1250;07/06/2023;14:30:23;37.28;;;;1250;06/06/2023;14:41:17;37.06;Synchronized;;;
1251;07/06/2023;14:30:39;37.36;;;;1251;07/06/2023;14:31:23;37.27;;;;1251;06/06/2023;14:42:17;37;;;;
1252;07/06/2023;14:31:39;37.35;;;;1252;07/06/2023;14:32:23;37.26;;;;1252;06/06/2023;14:43:17;36.95;;;;
1253;07/06/2023;14:32:39;37.34;;;;1253;07/06/2023;14:33:23;37.28;;;;1253;06/06/2023;14:44:17;36.92;;;;
1254;07/06/2023;14:33:38;37.34;;;;1254;07/06/2023;14:34:22;37.3;;;;1254;06/06/2023;14:45:17;36.94;;;;
1255;07/06/2023;14:34:38;37.34;;;;1255;07/06/2023;14:35:22;37.3;;;;1255;06/06/2023;14:46:17;36.93;;;;
1256;07/06/2023;14:35:38;37.32;;;;1256;07/06/2023;14:36:22;37.29;;;;1256;06/06/2023;14:47:17;36.93;Synchronized;;;
1257;07/06/2023;14:36:38;37.3;;;;1257;07/06/2023;14:37:22;37.29;;;;1257;06/06/2023;14:48:17;36.91;;;;
1258;07/06/2023;14:37:38;37.29;Synchronized;;;1258;07/06/2023;14:38:22;37.28;;;;1258;06/06/2023;14:49:17;36.95;Synchronized;;;
1259;07/06/2023;14:38:38;37.27;Synchronized;;;1259;07/06/2023;14:39:22;37.28;Synchronized;;;1259;06/06/2023;14:50:17;36.96;Synchronized;;;
1260;07/06/2023;14:39:38;37.26;Synchronized;;;1260;07/06/2023;14:40:21;37.28;;;;1260;06/06/2023;14:51:17;36.95;;;;
1261;07/06/2023;14:40:37;37.23;Synchronized;;;1261;07/06/2023;14:41:21;37.3;;;;1261;06/06/2023;14:52:17;36.88;;;;
1262;07/06/2023;14:41:37;37.23;Synchronized;;;1262;07/06/2023;14:42:21;37.3;Synchronized;;;1262;06/06/2023;14:53:17;36.93;;;;
1263;07/06/2023;14:42:37;37.25;Synchronized;;;1263;07/06/2023;14:43:21;37.28;;;;1263;06/06/2023;14:54:17;36.95;Synchronized;;;
1264;07/06/2023;14:43:37;37.24;;;;1264;07/06/2023;14:44:21;37.3;;;;1264;06/06/2023;14:55:17;36.94;;;;
1265;07/06/2023;14:44:37;37.25;Synchronized;;;1265;07/06/2023;14:45:21;37.34;;;;1265;06/06/2023;14:56:17;36.95;Synchronized;;;
1266;07/06/2023;14:45:37;37.23;;;;1266;07/06/2023;14:46:20;37.34;;;;1266;06/06/2023;14:57:17;36.98;;;;
1267;07/06/2023;14:46:36;37.26;;;;1267;07/06/2023;14:47:20;37.35;;;;1267;06/06/2023;14:58:17;36.94;Synchronized;;;
1268;07/06/2023;14:47:36;37.26;;;;1268;07/06/2023;14:48:20;37.32;;;;1268;06/06/2023;14:59:17;36.99;;;;
1269;07/06/2023;14:48:36;37.24;;;;1269;07/06/2023;14:49:20;37.34;;;;1269;06/06/2023;15:00:17;37;;;;
1270;07/06/2023;14:49:36;37.27;;;;1270;07/06/2023;14:50:20;37.3;;;;1270;06/06/2023;15:01:17;36.95;;;;
1271;07/06/2023;14:50:36;37.28;;;;1271;07/06/2023;14:51:20;37.3;;;;1271;06/06/2023;15:02:17;36.98;;;;
1272;07/06/2023;14:51:36;37.29;;;;1272;07/06/2023;14:52:19;37.31;;;;1272;06/06/2023;15:03:17;36.96;;;;
1273;07/06/2023;14:52:36;37.3;;;;1273;07/06/2023;14:53:19;37.27;;;;1273;06/06/2023;15:04:17;36.98;Synchronized;;;
1274;07/06/2023;14:53:35;37.3;;;;1274;07/06/2023;14:54:19;37.3;Synchronized;;;1274;06/06/2023;15:05:17;36.96;Synchronized;;;
1275;07/06/2023;14:54:35;37.31;;;;1275;07/06/2023;14:55:19;37.3;Synchronized;;;1275;06/06/2023;15:06:17;37;Synchronized;;;
1276;07/06/2023;14:55:35;37.31;;;;1276;07/06/2023;14:56:18;37.3;Synchronized;;;1276;06/06/2023;15:07:17;36.98;Synchronized;;;
1277;07/06/2023;14:56:35;37.32;;;;1277;07/06/2023;14:57:18;37.28;;;;1277;06/06/2023;15:08:17;36.98;Synchronized;;;
1278;07/06/2023;14:57:35;37.34;;;;1278;07/06/2023;14:58:18;37.23;;;;1278;06/06/2023;15:09:17;37.01;;;;
1279;07/06/2023;14:58:35;37.34;;;;1279;07/06/2023;14:59:18;37.23;;;;1279;06/06/2023;15:10:17;37.02;Synchronized;;;
1280;07/06/2023;14:59:35;37.35;Synchronized;;;1280;07/06/2023;15:00:18;37.25;;;;1280;06/06/2023;15:11:17;37.04;;;;
1281;07/06/2023;15:00:34;37.35;;;;1281;07/06/2023;15:01:18;37.27;;;;1281;06/06/2023;15:12:17;37.04;;;;
1282;07/06/2023;15:01:34;37.34;;;;1282;07/06/2023;15:02:18;37.27;;;;1282;06/06/2023;15:13:17;37.04;Synchronized;;;
1283;07/06/2023;15:02:34;37.36;;;;1283;07/06/2023;15:03:17;37.27;;;;1283;06/06/2023;15:14:17;37.05;Synchronized;;;
1284;07/06/2023;15:03:34;37.34;Synchronized;;;1284;07/06/2023;15:04:17;37.23;Synchronized;;;1284;06/06/2023;15:15:17;37.07;;;;
1285;07/06/2023;15:04:34;37.34;;;;1285;07/06/2023;15:05:17;37.25;Synchronized;;;1285;06/06/2023;15:16:17;37.07;Synchronized;;;
1286;07/06/2023;15:05:34;37.34;;;;1286;07/06/2023;15:06:17;37.25;;;;1286;06/06/2023;15:17:17;37.1;Synchronized;;;
1287;07/06/2023;15:06:34;37.31;;;;1287;07/06/2023;15:07:17;37.27;;;;1287;06/06/2023;15:18:17;37.11;Synchronized;;;
1288;07/06/2023;15:07:34;37.33;;;;1288;07/06/2023;15:08:17;37.27;;;;1288;06/06/2023;15:19:17;37.12;Synchronized;;;
1289;07/06/2023;15:08:33;37.32;;;;1289;07/06/2023;15:09:17;37.26;;;;1289;06/06/2023;15:20:17;37.03;Synchronized;;;
1290;07/06/2023;15:09:33;37.32;;;;1290;07/06/2023;15:10:16;37.26;;;;1290;06/06/2023;15:21:17;37.04;Synchronized;;;
1291;07/06/2023;15:10:33;37.3;;;;1291;07/06/2023;15:11:16;37.24;;;;1291;06/06/2023;15:22:17;36.88;Synchronized;;;
1292;07/06/2023;15:11:33;37.34;;;;1292;07/06/2023;15:12:16;37.24;;;;1292;06/06/2023;15:23:17;36.73;Synchronized;;;
1293;07/06/2023;15:12:33;37.32;;;;1293;07/06/2023;15:13:16;37.23;;;;1293;06/06/2023;15:24:17;36.7;;;;
1294;07/06/2023;15:13:33;37.32;;;;1294;07/06/2023;15:14:16;37.23;Synchronized;;;1294;06/06/2023;15:25:17;36.66;Synchronized;;;
1295;07/06/2023;15:14:32;37.31;;;;1295;07/06/2023;15:15:16;37.22;Synchronized;;;1295;06/06/2023;15:26:17;36.6;;;;
1296;07/06/2023;15:15:32;37.3;;;;1296;07/06/2023;15:16:15;37.21;Synchronized;;;1296;06/06/2023;15:27:17;36.59;Synchronized;;;
1297;07/06/2023;15:16:32;37.36;Synchronized;;;1297;07/06/2023;15:17:15;37.22;;;;1297;06/06/2023;15:28:17;36.63;Synchronized;;;
1298;07/06/2023;15:17:32;37.38;;;;1298;07/06/2023;15:18:15;37.23;Synchronized;;;1298;06/06/2023;15:29:17;36.7;Synchronized;;;
1299;07/06/2023;15:18:32;37.37;;;;1299;07/06/2023;15:19:15;37.23;;;;1299;06/06/2023;15:30:17;36.76;;;;
1300;07/06/2023;15:19:32;37.39;;;;1300;07/06/2023;15:20:15;37.22;;;;1300;06/06/2023;15:31:17;36.83;Synchronized;;;
1301;07/06/2023;15:20:32;37.38;;;;1301;07/06/2023;15:21:14;37.22;;;;1301;06/06/2023;15:32:17;36.88;Synchronized;;;
1302;07/06/2023;15:21:32;37.37;;;;1302;07/06/2023;15:22:14;37.23;;;;1302;06/06/2023;15:33:17;36.94;;;;
1303;07/06/2023;15:22:32;37.38;;;;1303;07/06/2023;15:23:14;37.22;;;;1303;06/06/2023;15:34:17;36.99;;;;
1304;07/06/2023;15:23:31;37.38;;;;1304;07/06/2023;15:24:14;37.23;;;;1304;06/06/2023;15:35:17;37.01;;;;
1305;07/06/2023;15:24:32;37.38;;;;1305;07/06/2023;15:25:14;37.22;Synchronized;;;1305;06/06/2023;15:36:17;37.05;Synchronized;;;
1306;07/06/2023;15:25:31;37.41;;;;1306;07/06/2023;15:26:14;37.21;;;;1306;06/06/2023;15:37:17;37.09;;;;
1307;07/06/2023;15:26:31;37.42;;;;1307;07/06/2023;15:27:14;37.2;Synchronized;;;1307;06/06/2023;15:38:17;37.11;;;;
1308;07/06/2023;15:27:31;37.44;;;;1308;07/06/2023;15:28:13;37.23;;;;1308;06/06/2023;15:39:17;37.14;;;;
1309;07/06/2023;15:28:31;37.43;;;;1309;07/06/2023;15:29:13;37.23;;;;1309;06/06/2023;15:40:17;37.16;;;;
1310;07/06/2023;15:29:31;37.44;;;;1310;07/06/2023;15:30:13;37.26;;;;1310;06/06/2023;15:41:17;37.16;;;;
1311;07/06/2023;15:30:31;37.41;;;;1311;07/06/2023;15:31:13;37.28;;;;1311;06/06/2023;15:42:17;37.17;;;;
1312;07/06/2023;15:31:31;37.39;;;;1312;07/06/2023;15:32:13;37.27;;;;1312;06/06/2023;15:43:17;37.19;;;;
1313;07/06/2023;15:32:31;37.41;Synchronized;;;1313;07/06/2023;15:33:12;37.27;;;;1313;06/06/2023;15:44:17;37.22;;;;
1314;07/06/2023;15:33:30;37.41;Synchronized;;;1314;07/06/2023;15:34:12;37.29;Synchronized;;;1314;06/06/2023;15:45:17;37.22;;;;
1315;07/06/2023;15:34:30;37.41;;;;1315;07/06/2023;15:35:12;37.26;Synchronized;;;1315;06/06/2023;15:46:17;37.22;;;;
1316;07/06/2023;15:35:30;37.42;;;;1316;07/06/2023;15:36:12;37.28;;;;1316;06/06/2023;15:47:17;37.23;;;;
1317;07/06/2023;15:36:30;37.42;;;;1317;07/06/2023;15:37:12;37.29;;;;1317;06/06/2023;15:48:17;37.23;;;;
1318;07/06/2023;15:37:30;37.41;Synchronized;;;1318;07/06/2023;15:38:12;37.27;;;;1318;06/06/2023;15:49:17;37.22;;;;
1319;07/06/2023;15:38:30;37.41;;;;1319;07/06/2023;15:39:11;37.27;;;;1319;06/06/2023;15:50:17;37.23;;;;
1320;07/06/2023;15:39:30;37.41;;;;1320;07/06/2023;15:40:11;37.24;Synchronized;;;1320;06/06/2023;15:51:17;37.24;;;;
1321;07/06/2023;15:40:30;37.41;;;;1321;07/06/2023;15:41:11;37.24;;;;1321;06/06/2023;15:52:17;37.24;;;;
1322;07/06/2023;15:41:30;37.39;;;;1322;07/06/2023;15:42:11;37.25;;;;1322;06/06/2023;15:53:17;37.26;;;;
1323;07/06/2023;15:42:30;37.39;;;;1323;07/06/2023;15:43:11;37.23;;;;1323;06/06/2023;15:54:17;37.23;Synchronized;;;
1324;07/06/2023;15:43:30;37.37;;;;1324;07/06/2023;15:44:11;37.24;;;;1324;06/06/2023;15:55:17;37.23;Synchronized;;;
1325;07/06/2023;15:44:29;37.38;;;;1325;07/06/2023;15:45:10;37.23;;;;1325;06/06/2023;15:56:16;37.24;Synchronized;;;
1326;07/06/2023;15:45:29;37.38;Synchronized;;;1326;07/06/2023;15:46:10;37.18;;;;1326;06/06/2023;15:57:16;37.24;;;;
1327;07/06/2023;15:46:29;37.36;;;;1327;07/06/2023;15:47:10;37.25;;;;1327;06/06/2023;15:58:16;37.23;;;;
1328;07/06/2023;15:47:29;37.33;;;;1328;07/06/2023;15:48:10;37.3;;;;1328;06/06/2023;15:59:16;37.23;;;;
1329;07/06/2023;15:48:29;37.33;;;;1329;07/06/2023;15:49:10;37.27;;;;1329;06/06/2023;16:00:16;37.23;;;;
1330;07/06/2023;15:49:29;37.31;Synchronized;;;1330;07/06/2023;15:50:10;37.27;Synchronized;;;1330;06/06/2023;16:01:16;37.26;;;;
1331;07/06/2023;15:50:28;37.3;;;;1331;07/06/2023;15:51:09;37.27;;;;1331;06/06/2023;16:02:16;37.25;;;;
1332;07/06/2023;15:51:28;37.3;;;;1332;07/06/2023;15:52:09;37.25;;;;1332;06/06/2023;16:03:16;37.25;Synchronized;;;
1333;07/06/2023;15:52:28;37.39;Synchronized;;;1333;07/06/2023;15:53:09;37.2;;;;1333;06/06/2023;16:04:16;37.24;;;;
1334;07/06/2023;15:53:28;37.38;;;;1334;07/06/2023;15:54:09;37.17;;;;1334;06/06/2023;16:05:16;37.26;;;;
1335;07/06/2023;15:54:28;37.38;Synchronized;;;1335;07/06/2023;15:55:09;37.16;;;;1335;06/06/2023;16:06:16;37.25;;;;
1336;07/06/2023;15:55:28;37.37;Synchronized;;;1336;07/06/2023;15:56:08;37.14;;;;1336;06/06/2023;16:07:16;37.26;;;;
1337;07/06/2023;15:56:28;37.38;Synchronized;;;1337;07/06/2023;15:57:08;37.13;;;;1337;06/06/2023;16:08:16;37.27;;;;
1338;07/06/2023;15:57:28;37.37;Synchronized;;;1338;07/06/2023;15:58:08;37.11;;;;1338;06/06/2023;16:09:16;37.27;;;;
1339;07/06/2023;15:58:27;37.38;Synchronized;;;1339;07/06/2023;15:59:08;37.14;Synchronized;;;1339;06/06/2023;16:10:16;37.27;;;;
1340;07/06/2023;15:59:27;37.38;Synchronized;;;1340;07/06/2023;16:00:08;37.13;Synchronized;;;1340;06/06/2023;16:11:16;37.28;;;;
1341;07/06/2023;16:00:27;37.41;Synchronized;;;1341;07/06/2023;16:01:07;37.21;Synchronized;;;1341;06/06/2023;16:12:16;37.27;;;;
1342;07/06/2023;16:01:27;37.39;;;;1342;07/06/2023;16:02:07;37.3;Synchronized;;;1342;06/06/2023;16:13:16;37.27;;;;
1343;07/06/2023;16:02:27;37.41;;;;1343;07/06/2023;16:03:07;37.36;Synchronized;;;1343;06/06/2023;16:14:16;37.27;;;;
1344;07/06/2023;16:03:27;37.39;Synchronized;;;1344;07/06/2023;16:04:07;37.41;;;;1344;06/06/2023;16:15:16;37.3;;;;
1345;07/06/2023;16:04:27;37.41;;;;1345;07/06/2023;16:05:07;37.44;;;;1345;06/06/2023;16:16:16;37.29;;;;
1346;07/06/2023;16:05:27;37.39;;;;1346;07/06/2023;16:06:07;37.44;;;;1346;06/06/2023;16:17:16;37.29;;;;
1347;07/06/2023;16:06:27;37.41;;;;1347;07/06/2023;16:07:06;37.45;;;;1347;06/06/2023;16:18:16;37.29;;;;
1348;07/06/2023;16:07:27;37.41;;;;1348;07/06/2023;16:08:06;37.44;;;;1348;06/06/2023;16:19:16;37.28;;;;
1349;07/06/2023;16:08:27;37.41;;;;1349;07/06/2023;16:09:06;37.47;;;;1349;06/06/2023;16:20:15;37.28;;;;
1350;07/06/2023;16:09:27;37.41;Synchronized;;;1350;07/06/2023;16:10:06;37.49;;;;1350;06/06/2023;16:21:15;37.3;;;;
1351;07/06/2023;16:10:26;37.41;Synchronized;;;1351;07/06/2023;16:11:06;37.49;;;;1351;06/06/2023;16:22:15;37.3;Synchronized;;;
1352;07/06/2023;16:11:26;37.44;;;;1352;07/06/2023;16:12:06;37.47;;;;1352;06/06/2023;16:23:15;37.28;;;;
1353;07/06/2023;16:12:26;37.42;Synchronized;;;1353;07/06/2023;16:13:06;37.46;;;;1353;06/06/2023;16:24:15;37.3;;;;
1354;07/06/2023;16:13:26;37.41;Synchronized;;;1354;07/06/2023;16:14:06;37.46;Synchronized;;;1354;06/06/2023;16:25:15;37.32;;;;
1355;07/06/2023;16:14:26;37.41;Synchronized;;;1355;07/06/2023;16:15:05;37.44;;;;1355;06/06/2023;16:26:15;37.3;Synchronized;;;
1356;07/06/2023;16:15:26;37.41;Synchronized;;;1356;07/06/2023;16:16:05;37.43;;;;1356;06/06/2023;16:27:15;37.34;Synchronized;;;
1357;07/06/2023;16:16:25;37.41;Synchronized;;;1357;07/06/2023;16:17:05;37.41;;;;1357;06/06/2023;16:28:15;37.34;Synchronized;;;
1358;07/06/2023;16:17:25;37.38;Synchronized;;;1358;07/06/2023;16:18:05;37.36;;;;1358;06/06/2023;16:29:15;37.35;Synchronized;;;
1359;07/06/2023;16:18:25;37.38;Synchronized;;;1359;07/06/2023;16:19:05;37.35;Synchronized;;;1359;06/06/2023;16:30:15;37.35;Synchronized;;;
1360;07/06/2023;16:19:25;37.37;Synchronized;;;1360;07/06/2023;16:20:04;37.34;;;;1360;06/06/2023;16:31:15;37.37;Synchronized;;;
1361;07/06/2023;16:20:25;37.34;Synchronized;;;1361;07/06/2023;16:21:04;37.3;Synchronized;;;1361;06/06/2023;16:32:15;37.35;Synchronized;;;
1362;07/06/2023;16:21:25;37.36;Synchronized;;;1362;07/06/2023;16:22:04;37.32;Synchronized;;;1362;06/06/2023;16:33:15;37.36;Synchronized;;;
1363;07/06/2023;16:22:25;37.32;Synchronized;;;1363;07/06/2023;16:23:04;37.32;;;;1363;06/06/2023;16:34:14;37.34;Synchronized;;;
1364;07/06/2023;16:23:25;37.31;Synchronized;;;1364;07/06/2023;16:24:04;37.34;;;;1364;06/06/2023;16:35:14;37.36;Synchronized;;;
1365;07/06/2023;16:24:25;37.3;Synchronized;;;1365;07/06/2023;16:25:04;37.32;;;;1365;06/06/2023;16:36:14;37.36;Synchronized;;;
1366;07/06/2023;16:25:24;37.3;Synchronized;;;1366;07/06/2023;16:26:03;37.3;;;;1366;06/06/2023;16:37:14;37.38;Synchronized;;;
1367;07/06/2023;16:26:24;37.3;Synchronized;;;1367;07/06/2023;16:27:03;37.3;;;;1367;06/06/2023;16:38:14;37.38;Synchronized;;;
1368;07/06/2023;16:27:24;37.29;Synchronized;;;1368;07/06/2023;16:28:03;37.3;Synchronized;;;1368;06/06/2023;16:39:14;37.34;Synchronized;;;
1369;07/06/2023;16:28:24;37.3;Synchronized;;;1369;07/06/2023;16:29:03;37.32;Synchronized;;;1369;06/06/2023;16:40:14;37.34;Synchronized;;;
1370;07/06/2023;16:29:24;37.29;Synchronized;;;1370;07/06/2023;16:30:02;37.31;Synchronized;;;1370;06/06/2023;16:41:14;37.34;Synchronized;;;
1371;07/06/2023;16:30:24;37.28;Synchronized;;;1371;07/06/2023;16:31:02;37.32;;;;1371;06/06/2023;16:42:14;37.31;;;;
1372;07/06/2023;16:31:24;37.28;Synchronized;;;1372;07/06/2023;16:32:02;37.3;;;;1372;06/06/2023;16:43:14;37.35;;;;
1373;07/06/2023;16:32:24;37.28;Synchronized;;;1373;07/06/2023;16:33:02;37.3;;;;1373;06/06/2023;16:44:14;37.34;;;;
1374;07/06/2023;16:33:23;37.29;Synchronized;;;1374;07/06/2023;16:34:02;;Missing data;;;1374;06/06/2023;16:45:14;37.34;;;;
1375;07/06/2023;16:34:23;37.28;Synchronized;;;1375;07/06/2023;16:35:02;37.27;;;;1375;06/06/2023;16:46:14;37.34;;;;
1376;07/06/2023;16:35:23;37.29;Synchronized;;;1376;07/06/2023;16:36:01;37.24;;;;1376;06/06/2023;16:47:14;37.35;;;;
1377;07/06/2023;16:36:23;37.3;Synchronized;;;1377;07/06/2023;16:37:02;37.3;;;;1377;06/06/2023;16:48:14;37.38;Synchronized;;;
1378;07/06/2023;16:37:23;37.3;;;;;;;;;;;1378;06/06/2023;16:49:14;37.36;;;;
1379;07/06/2023;16:38:23;37.3;;;;;;;;;;;1379;06/06/2023;16:50:14;37.38;;;;
1380;07/06/2023;16:39:23;37.29;;;;;;;;;;;1380;06/06/2023;16:51:14;37.38;;;;
1381;07/06/2023;16:40:23;37.27;;;;;;;;;;;1381;06/06/2023;16:52:14;37.39;;;;
1382;07/06/2023;16:41:23;37.29;Synchronized;;;;;;;;;;1382;06/06/2023;16:53:14;37.39;;;;
1383;07/06/2023;16:42:23;37.3;Synchronized;;;;;;;;;;;;;;;;;
1384;07/06/2023;16:43:22;37.27;Synchronized;;;;;;;;;;;;;;;;;
1385;07/06/2023;16:44:22;37.28;Synchronized;;;;;;;;;;;;;;;;;
1386;07/06/2023;16:45:22;37.29;Synchronized;;;;;;;;;;;;;;;;;
1387;07/06/2023;16:46:22;37.29;;;;;;;;;;;;;;;;;;
1388;07/06/2023;16:47:21;37.3;;;;;;;;;;;;;;;;;;
1389;07/06/2023;16:48:21;37.3;;;;;;;;;;;;;;;;;;
1390;07/06/2023;16:49:21;37.3;Synchronized;;;;;;;;;;;;;;;;;
1391;07/06/2023;16:50:21;37.31;;;;;;;;;;;;;;;;;;
1392;07/06/2023;16:51:21;37.32;;;;;;;;;;;;;;;;;;
;
;