SenseLab_M05;
Time Zone;UTC+2:00;
Monitor;80.80.10.43;
;
Pill n°1;24.00.1E.73;;;;;;Pill n°2;24.00.1B.19;;;;;;Pill n°3;24.00.1A.F0;;;;;;
Sample number;Date (dd/mm/yyyy);Hour;Temperature (°C);Status;;;Sample number;Date (dd/mm/yyyy);Hour;Temperature (°C);Status;;;Sample number;Date (dd/mm/yyyy);Hour;Temperature (°C);Status;;;
1;06/06/2023;17:22:41;27.09;;;;1;06/06/2023;17:29:37;26.11;;;;1;06/06/2023;17:30:54;26.17;;;;
2;06/06/2023;17:23:41;27.2;;;;2;06/06/2023;17:30:37;26.47;Synchronized;;;2;06/06/2023;17:31:54;27;;;;
3;06/06/2023;17:24:41;26.8;;;;3;06/06/2023;17:31:37;26.08;Synchronized;;;3;06/06/2023;17:32:54;26.59;;;;
4;06/06/2023;17:25:41;26.45;;;;4;06/06/2023;17:32:37;25.84;;;;4;06/06/2023;17:33:53;26.23;;;;
5;06/06/2023;17:26:40;26.2;;;;5;06/06/2023;17:33:37;25.6;;;;5;06/06/2023;17:34:53;25.95;;;;
6;06/06/2023;17:27:40;26;;;;6;06/06/2023;17:34:37;25.45;;;;6;06/06/2023;17:35:53;25.73;;;;
7;06/06/2023;17:28:40;25.85;;;;7;06/06/2023;17:35:37;25.35;;;;7;06/06/2023;17:36:53;25.57;;;;
8;06/06/2023;17:29:40;25.73;;;;8;06/06/2023;17:36:37;25.25;;;;8;06/06/2023;17:37:53;25.41;;;;
9;06/06/2023;17:30:40;25.54;;;;9;06/06/2023;17:37:37;25.15;;;;9;06/06/2023;17:38:53;25.27;;;;
10;06/06/2023;17:31:40;25.41;;;;10;06/06/2023;17:38:37;25.11;;;;10;06/06/2023;17:39:53;25.2;;;;
11;06/06/2023;17:32:40;25.29;;;;11;06/06/2023;17:39:37;25.02;;;;11;06/06/2023;17:40:53;25.19;;;;
12;06/06/2023;17:33:40;25.21;;;;12;06/06/2023;17:40:37;25.05;;;;12;06/06/2023;17:41:52;25.12;;;;
13;06/06/2023;17:34:40;25.17;;;;13;06/06/2023;17:41:37;25.02;;;;13;06/06/2023;17:42:52;25.08;;;;
14;06/06/2023;17:35:40;25.1;;;;14;06/06/2023;17:42:37;25.02;Synchronized;;;14;06/06/2023;17:43:52;25.05;;;;
15;06/06/2023;17:36:40;25.08;;;;15;06/06/2023;17:43:37;25.01;;;;15;06/06/2023;17:44:52;25.01;;;;
16;06/06/2023;17:37:40;25.05;;;;16;06/06/2023;17:44:37;24.96;;;;16;06/06/2023;17:45:52;24.98;;;;
17;06/06/2023;17:38:39;25.01;;;;17;06/06/2023;17:45:37;24.96;;;;17;06/06/2023;17:46:52;25;;;;
18;06/06/2023;17:39:39;25;;;;18;06/06/2023;17:46:37;24.96;;;;18;06/06/2023;17:47:52;24.99;;;;
19;06/06/2023;17:40:39;24.98;;;;19;06/06/2023;17:47:37;24.96;;;;19;06/06/2023;17:48:52;24.99;;;;
20;06/06/2023;17:41:39;24.97;;;;20;06/06/2023;17:48:37;24.96;;;;20;06/06/2023;17:49:51;24.98;;;;
21;06/06/2023;17:42:39;24.97;;;;21;06/06/2023;17:49:37;25;;;;21;06/06/2023;17:50:51;24.98;;;;
22;06/06/2023;17:43:39;24.95;;;;22;06/06/2023;17:50:37;24.97;;;;22;06/06/2023;17:51:51;24.97;;;;
23;06/06/2023;17:44:39;24.97;;;;23;06/06/2023;17:51:37;24.97;;;;23;06/06/2023;17:52:51;24.95;;;;
24;06/06/2023;17:45:39;24.93;;;;24;06/06/2023;17:52:37;24.96;;;;24;06/06/2023;17:53:50;24.93;;;;
25;06/06/2023;17:46:39;24.95;;;;25;06/06/2023;17:53:37;24.95;;;;25;06/06/2023;17:54:50;24.89;;;;
26;06/06/2023;17:47:39;24.98;;;;26;06/06/2023;17:54:37;24.95;;;;26;06/06/2023;17:55:50;24.91;;;;
27;06/06/2023;17:48:39;24.99;;;;27;06/06/2023;17:55:37;24.94;;;;27;06/06/2023;17:56:50;24.9;;;;
28;06/06/2023;17:49:39;24.99;;;;28;06/06/2023;17:56:37;24.91;;;;28;06/06/2023;17:57:50;24.91;Synchronized;;;
29;06/06/2023;17:50:38;24.99;;;;29;06/06/2023;17:57:37;24.91;Synchronized;;;29;06/06/2023;17:58:49;24.86;Synchronized;;;
30;06/06/2023;17:51:38;24.98;;;;30;06/06/2023;17:58:37;24.89;Synchronized;;;30;06/06/2023;17:59:49;25.22;;;;
31;06/06/2023;17:52:38;25.02;;;;31;06/06/2023;17:59:37;25.2;Synchronized;;;31;06/06/2023;18:00:49;25.45;;;;
32;06/06/2023;17:53:38;24.99;;;;32;06/06/2023;18:00:37;25.59;;;;32;06/06/2023;18:01:49;25.52;;;;
33;06/06/2023;17:54:38;25;;;;33;06/06/2023;18:01:37;25.67;;;;33;06/06/2023;18:02:49;25.59;;;;
34;06/06/2023;17:55:38;24.98;;;;34;06/06/2023;18:02:37;25.73;;;;34;06/06/2023;18:03:49;25.63;;;;
35;06/06/2023;17:56:38;24.96;;;;35;06/06/2023;18:03:37;25.75;;;;35;06/06/2023;18:04:49;25.67;;;;
36;06/06/2023;17:57:38;24.98;Synchronized;;;36;06/06/2023;18:04:37;25.77;;;;36;06/06/2023;18:05:49;25.66;;;;
37;06/06/2023;17:58:38;24.98;Synchronized;;;37;06/06/2023;18:05:37;25.73;;;;37;06/06/2023;18:06:48;25.68;;;;
38;06/06/2023;17:59:38;25.34;;;;38;06/06/2023;18:06:37;25.75;;;;38;06/06/2023;18:07:48;25.68;;;;
39;06/06/2023;18:00:38;25.63;;;;39;06/06/2023;18:07:37;25.74;;;;39;06/06/2023;18:08:48;25.7;;;;
40;06/06/2023;18:01:38;25.73;;;;40;06/06/2023;18:08:37;25.75;;;;40;06/06/2023;18:09:48;25.7;;;;
41;06/06/2023;18:02:37;25.81;;;;41;06/06/2023;18:09:37;25.73;;;;41;06/06/2023;18:10:48;25.72;;;;
42;06/06/2023;18:03:37;25.84;;;;42;06/06/2023;18:10:36;25.73;;;;42;06/06/2023;18:11:48;25.74;;;;
43;06/06/2023;18:04:37;25.86;;;;43;06/06/2023;18:11:36;25.72;;;;43;06/06/2023;18:12:47;25.73;;;;
44;06/06/2023;18:05:37;25.88;Synchronized;;;44;06/06/2023;18:12:36;25.73;;;;44;06/06/2023;18:13:47;25.73;;;;
45;06/06/2023;18:06:37;25.89;Synchronized;;;45;06/06/2023;18:13:36;25.71;;;;45;06/06/2023;18:14:47;25.73;;;;
46;06/06/2023;18:07:37;25.91;Synchronized;;;46;06/06/2023;18:14:36;25.69;;;;46;06/06/2023;18:15:47;25.74;;;;
47;06/06/2023;18:08:37;25.93;Synchronized;;;47;06/06/2023;18:15:36;25.71;;;;47;06/06/2023;18:16:47;25.74;;;;
48;06/06/2023;18:09:37;25.95;;;;48;06/06/2023;18:16:36;25.71;;;;48;06/06/2023;18:17:47;25.76;;;;
49;06/06/2023;18:10:37;25.93;;;;49;06/06/2023;18:17:36;25.67;;;;49;06/06/2023;18:18:47;25.76;;;;
50;06/06/2023;18:11:36;25.93;;;;50;06/06/2023;18:18:36;25.69;;;;50;06/06/2023;18:19:47;25.75;;;;
51;06/06/2023;18:12:36;25.94;;;;51;06/06/2023;18:19:36;25.71;;;;51;06/06/2023;18:20:46;25.8;;;;
52;06/06/2023;18:13:36;25.94;;;;52;06/06/2023;18:20:36;25.72;;;;52;06/06/2023;18:21:46;25.84;;;;
53;06/06/2023;18:14:36;25.91;;;;53;06/06/2023;18:21:36;25.76;;;;53;06/06/2023;18:22:46;25.91;;;;
54;06/06/2023;18:15:36;25.93;;;;54;06/06/2023;18:22:36;25.85;;;;54;06/06/2023;18:23:46;25.95;;;;
55;06/06/2023;18:16:36;25.95;;;;55;06/06/2023;18:23:36;25.86;;;;55;06/06/2023;18:24:46;25.95;;;;
56;06/06/2023;18:17:36;25.91;;;;56;06/06/2023;18:24:36;25.84;;;;56;06/06/2023;18:25:46;25.98;;;;
57;06/06/2023;18:18:36;25.95;;;;57;06/06/2023;18:25:36;25.82;;;;57;06/06/2023;18:26:45;25.98;;;;
58;06/06/2023;18:19:36;25.94;;;;58;06/06/2023;18:26:36;25.8;;;;58;06/06/2023;18:27:45;25.99;;;;
59;06/06/2023;18:20:36;25.94;Synchronized;;;59;06/06/2023;18:27:36;25.85;;;;59;06/06/2023;18:28:45;26.03;;;;
60;06/06/2023;18:21:35;25.97;;;;60;06/06/2023;18:28:36;25.87;;;;60;06/06/2023;18:29:45;26.05;;;;
61;06/06/2023;18:22:35;26.02;;;;61;06/06/2023;18:29:36;25.87;;;;61;06/06/2023;18:30:45;26.05;;;;
62;06/06/2023;18:23:35;26.05;;;;62;06/06/2023;18:30:36;25.87;;;;62;06/06/2023;18:31:45;26.05;;;;
63;06/06/2023;18:24:35;26.04;;;;63;06/06/2023;18:31:37;25.85;Synchronized;;;63;06/06/2023;18:32:44;26.05;;;;
64;06/06/2023;18:25:35;26.06;;;;64;06/06/2023;18:32:37;25.85;;;;64;06/06/2023;18:33:44;26.05;;;;
65;06/06/2023;18:26:35;26.02;;;;65;06/06/2023;18:33:37;25.82;;;;65;06/06/2023;18:34:44;26.05;;;;
66;06/06/2023;18:27:35;26.06;;;;66;06/06/2023;18:34:37;25.81;Synchronized;;;66;06/06/2023;18:35:44;26.04;;;;
67;06/06/2023;18:28:35;26.05;;;;67;06/06/2023;18:35:37;25.81;Synchronized;;;67;06/06/2023;18:36:44;26.04;;;;
68;06/06/2023;18:29:35;26.06;Synchronized;;;68;06/06/2023;18:36:37;25.79;Synchronized;;;68;06/06/2023;18:37:44;26.04;;;;
69;06/06/2023;18:30:34;26.08;;;;69;06/06/2023;18:37:37;25.79;;;;69;06/06/2023;18:38:43;26.03;;;;
70;06/06/2023;18:31:34;26.05;;;;70;06/06/2023;18:38:37;25.84;;;;70;06/06/2023;18:39:43;26.03;;;;
71;06/06/2023;18:32:34;26.06;Synchronized;;;71;06/06/2023;18:39:37;25.79;;;;71;06/06/2023;18:40:43;26.03;;;;
72;06/06/2023;18:33:34;26.05;;;;72;06/06/2023;18:40:37;25.81;;;;72;06/06/2023;18:41:43;26.05;;;;
73;06/06/2023;18:34:34;26.05;;;;73;06/06/2023;18:41:37;25.81;Synchronized;;;73;06/06/2023;18:42:43;26.08;;;;
74;06/06/2023;18:35:34;26.05;;;;74;06/06/2023;18:42:37;25.82;Synchronized;;;74;06/06/2023;18:43:43;26.08;;;;
75;06/06/2023;18:36:34;26.04;;;;75;06/06/2023;18:43:37;25.82;;;;75;06/06/2023;18:44:43;26.06;Synchronized;;;
76;06/06/2023;18:37:33;26.06;;;;76;06/06/2023;18:44:37;25.85;;;;76;06/06/2023;18:45:42;26.09;Synchronized;;;
77;06/06/2023;18:38:33;26.04;Synchronized;;;77;06/06/2023;18:45:37;25.84;;;;77;06/06/2023;18:46:42;26.11;;;;
78;06/06/2023;18:39:33;26.03;;;;78;06/06/2023;18:46:37;25.86;;;;78;06/06/2023;18:47:42;26.12;;;;
79;06/06/2023;18:40:33;26.05;;;;79;06/06/2023;18:47:37;25.87;Synchronized;;;79;06/06/2023;18:48:42;26.13;;;;
80;06/06/2023;18:41:33;26.05;;;;80;06/06/2023;18:48:37;25.89;;;;80;06/06/2023;18:49:42;26.13;;;;
81;06/06/2023;18:42:33;26.07;;;;81;06/06/2023;18:49:37;25.91;;;;81;06/06/2023;18:50:41;26.15;;;;
82;06/06/2023;18:43:33;26.09;;;;82;06/06/2023;18:50:37;25.92;;;;82;06/06/2023;18:51:41;26.18;;;;
83;06/06/2023;18:44:33;26.09;;;;83;06/06/2023;18:51:37;25.92;;;;83;06/06/2023;18:52:41;26.17;;;;
84;06/06/2023;18:45:32;26.1;;;;84;06/06/2023;18:52:37;25.93;;;;84;06/06/2023;18:53:41;26.19;;;;
85;06/06/2023;18:46:32;26.11;;;;85;06/06/2023;18:53:37;25.92;;;;85;06/06/2023;18:54:41;26.18;;;;
86;06/06/2023;18:47:32;26.11;;;;86;06/06/2023;18:54:38;25.94;;;;86;06/06/2023;18:55:40;26.2;;;;
87;06/06/2023;18:48:32;26.13;;;;87;06/06/2023;18:55:38;25.91;;;;87;06/06/2023;18:56:40;26.17;;;;
88;06/06/2023;18:49:32;26.15;;;;88;06/06/2023;18:56:38;25.92;;;;88;06/06/2023;18:57:40;26.18;;;;
89;06/06/2023;18:50:32;26.16;;;;89;06/06/2023;18:57:38;25.91;Synchronized;;;89;06/06/2023;18:58:40;26.19;;;;
90;06/06/2023;18:51:32;26.15;Synchronized;;;90;06/06/2023;18:58:38;25.91;;;;90;06/06/2023;18:59:40;26.2;;;;
91;06/06/2023;18:52:32;26.16;Synchronized;;;91;06/06/2023;18:59:38;25.89;;;;91;06/06/2023;19:00:40;26.2;;;;
92;06/06/2023;18:53:32;26.16;Synchronized;;;92;06/06/2023;19:00:38;25.88;;;;92;06/06/2023;19:01:39;26.19;;;;
93;06/06/2023;18:54:31;26.16;Synchronized;;;93;06/06/2023;19:01:38;25.88;;;;93;06/06/2023;19:02:39;26.2;;;;
94;06/06/2023;18:55:31;26.14;Synchronized;;;94;06/06/2023;19:02:38;25.86;;;;94;06/06/2023;19:03:39;26.2;;;;
95;06/06/2023;18:56:31;26.16;Synchronized;;;95;06/06/2023;19:03:38;25.84;;;;95;06/06/2023;19:04:39;26.21;;;;
96;06/06/2023;18:57:31;26.16;Synchronized;;;96;06/06/2023;19:04:37;25.86;;;;96;06/06/2023;19:05:39;26.2;;;;
97;06/06/2023;18:58:31;26.15;Synchronized;;;97;06/06/2023;19:05:37;25.91;;;;97;06/06/2023;19:06:38;26.17;;;;
98;06/06/2023;18:59:31;26.16;Synchronized;;;98;06/06/2023;19:06:37;25.91;;;;98;06/06/2023;19:07:38;26.17;;;;
99;06/06/2023;19:00:31;26.16;Synchronized;;;99;06/06/2023;19:07:37;25.96;;;;99;06/06/2023;19:08:38;26.13;;;;
100;06/06/2023;19:01:30;26.16;Synchronized;;;100;06/06/2023;19:08:38;25.94;;;;100;06/06/2023;19:09:38;26.16;;;;
101;06/06/2023;19:02:30;26.16;Synchronized;;;101;06/06/2023;19:09:38;25.99;;;;101;06/06/2023;19:10:38;26.13;;;;
102;06/06/2023;19:03:30;26.14;Synchronized;;;102;06/06/2023;19:10:38;25.99;;;;102;06/06/2023;19:11:38;26.13;;;;
103;06/06/2023;19:04:30;26.16;;;;103;06/06/2023;19:11:38;25.96;;;;103;06/06/2023;19:12:37;26.12;;;;
104;06/06/2023;19:05:30;26.16;;;;104;06/06/2023;19:12:38;25.99;;;;104;06/06/2023;19:13:37;26.16;;;;
105;06/06/2023;19:06:30;26.16;;;;105;06/06/2023;19:13:38;26.05;;;;105;06/06/2023;19:14:37;26.16;;;;
106;06/06/2023;19:07:29;26.14;;;;106;06/06/2023;19:14:38;26.13;;;;106;06/06/2023;19:15:37;26.18;;;;
107;06/06/2023;19:08:29;26.12;;;;107;06/06/2023;19:15:38;26.2;;;;107;06/06/2023;19:16:37;26.22;;;;
108;06/06/2023;19:09:29;26.15;;;;108;06/06/2023;19:16:39;26.16;;;;108;06/06/2023;19:17:37;26.2;;;;
109;06/06/2023;19:10:29;26.16;;;;109;06/06/2023;19:17:39;26.15;;;;109;06/06/2023;19:18:36;26.21;;;;
110;06/06/2023;19:11:29;26.16;;;;110;06/06/2023;19:18:39;26.13;;;;110;06/06/2023;19:19:36;26.2;;;;
111;06/06/2023;19:12:29;26.15;;;;111;06/06/2023;19:19:39;26.12;;;;111;06/06/2023;19:20:36;26.2;;;;
112;06/06/2023;19:13:29;26.18;;;;112;06/06/2023;19:20:39;26.09;;;;112;06/06/2023;19:21:36;26.19;;;;
113;06/06/2023;19:14:29;26.2;;;;113;06/06/2023;19:21:39;26.05;;;;113;06/06/2023;19:22:36;26.18;;;;
114;06/06/2023;19:15:29;26.22;;;;114;06/06/2023;19:22:39;26.02;;;;114;06/06/2023;19:23:35;26.17;;;;
115;06/06/2023;19:16:29;26.25;;;;115;06/06/2023;19:23:39;26.01;;;;115;06/06/2023;19:24:35;26.18;;;;
116;06/06/2023;19:17:28;26.23;;;;116;06/06/2023;19:24:39;26;;;;116;06/06/2023;19:25:35;26.17;;;;
117;06/06/2023;19:18:28;26.23;;;;117;06/06/2023;19:25:39;25.98;;;;117;06/06/2023;19:26:35;26.15;;;;
118;06/06/2023;19:19:28;26.23;;;;118;06/06/2023;19:26:40;25.95;;;;118;06/06/2023;19:27:35;26.13;;;;
119;06/06/2023;19:20:28;26.22;;;;119;06/06/2023;19:27:40;25.94;;;;119;06/06/2023;19:28:34;26.15;;;;
120;06/06/2023;19:21:28;26.22;;;;120;06/06/2023;19:28:40;25.95;;;;120;06/06/2023;19:29:34;26.13;;;;
121;06/06/2023;19:22:28;26.2;;;;121;06/06/2023;19:29:40;25.91;;;;121;06/06/2023;19:30:34;26.12;;;;
122;06/06/2023;19:23:28;26.19;;;;122;06/06/2023;19:30:40;25.91;;;;122;06/06/2023;19:31:34;26.15;;;;
123;06/06/2023;19:24:27;26.16;;;;123;06/06/2023;19:31:40;25.88;;;;123;06/06/2023;19:32:34;26.13;;;;
124;06/06/2023;19:25:27;26.16;;;;124;06/06/2023;19:32:40;25.94;;;;124;06/06/2023;19:33:34;26.13;;;;
125;06/06/2023;19:26:27;26.16;;;;125;06/06/2023;19:33:40;25.92;;;;125;06/06/2023;19:34:34;26.13;Synchronized;;;
126;06/06/2023;19:27:27;26.16;;;;126;06/06/2023;19:34:40;25.91;;;;126;06/06/2023;19:35:33;26.13;;;;
127;06/06/2023;19:28:27;26.14;;;;127;06/06/2023;19:35:40;25.91;;;;127;06/06/2023;19:36:33;26.11;;;;
128;06/06/2023;19:29:27;26.16;;;;128;06/06/2023;19:36:41;25.91;;;;128;06/06/2023;19:37:33;26.13;;;;
129;06/06/2023;19:30:27;26.13;;;;129;06/06/2023;19:37:41;25.9;;;;129;06/06/2023;19:38:33;26.13;;;;
130;06/06/2023;19:31:27;26.13;;;;130;06/06/2023;19:38:41;25.91;;;;130;06/06/2023;19:39:32;26.09;;;;
131;06/06/2023;19:32:26;26.13;;;;131;06/06/2023;19:39:41;25.89;;;;131;06/06/2023;19:40:32;26.11;;;;
132;06/06/2023;19:33:26;26.13;;;;132;06/06/2023;19:40:41;25.88;;;;132;06/06/2023;19:41:32;26.13;Synchronized;;;
133;06/06/2023;19:34:26;26.13;;;;133;06/06/2023;19:41:41;25.89;;;;133;06/06/2023;19:42:32;26.11;;;;
134;06/06/2023;19:35:26;26.14;;;;134;06/06/2023;19:42:41;25.89;;;;134;06/06/2023;19:43:32;26.13;;;;
135;06/06/2023;19:36:26;26.13;;;;135;06/06/2023;19:43:41;25.88;;;;135;06/06/2023;19:44:32;26.13;;;;
136;06/06/2023;19:37:26;26.11;;;;136;06/06/2023;19:44:41;25.88;;;;136;06/06/2023;19:45:31;26.1;;;;
137;06/06/2023;19:38:26;26.11;;;;137;06/06/2023;19:45:41;25.87;;;;137;06/06/2023;19:46:31;26.11;;;;
138;06/06/2023;19:39:25;26.12;;;;138;06/06/2023;19:46:41;25.88;;;;138;06/06/2023;19:47:31;26.11;;;;
139;06/06/2023;19:40:25;26.12;;;;139;06/06/2023;19:47:41;25.89;;;;139;06/06/2023;19:48:31;26.11;;;;
140;06/06/2023;19:41:25;26.12;;;;140;06/06/2023;19:48:41;25.88;;;;140;06/06/2023;19:49:31;26.11;;;;
141;06/06/2023;19:42:25;26.12;;;;141;06/06/2023;19:49:41;25.87;;;;141;06/06/2023;19:50:31;26.1;;;;
142;06/06/2023;19:43:25;26.11;;;;142;06/06/2023;19:50:41;25.88;;;;142;06/06/2023;19:51:30;26.11;;;;
143;06/06/2023;19:44:25;26.11;;;;143;06/06/2023;19:51:41;25.89;;;;143;06/06/2023;19:52:30;26.1;;;;
144;06/06/2023;19:45:25;26.1;;;;144;06/06/2023;19:52:41;25.88;;;;144;06/06/2023;19:53:30;26.09;;;;
145;06/06/2023;19:46:25;26.12;;;;145;06/06/2023;19:53:41;25.89;;;;145;06/06/2023;19:54:30;26.11;;;;
146;06/06/2023;19:47:24;26.11;;;;146;06/06/2023;19:54:41;25.9;;;;146;06/06/2023;19:55:30;26.11;;;;
147;06/06/2023;19:48:24;26.1;;;;147;06/06/2023;19:55:41;25.88;;;;147;06/06/2023;19:56:30;26.09;;;;
148;06/06/2023;19:49:24;26.1;;;;148;06/06/2023;19:56:41;25.86;;;;148;06/06/2023;19:57:29;26.09;;;;
149;06/06/2023;19:50:24;26.1;;;;149;06/06/2023;19:57:41;25.9;;;;149;06/06/2023;19:58:29;26.09;;;;
150;06/06/2023;19:51:24;26.1;;;;150;06/06/2023;19:58:42;25.87;;;;150;06/06/2023;19:59:29;26.1;;;;
151;06/06/2023;19:52:24;26.09;;;;151;06/06/2023;19:59:42;25.87;;;;151;06/06/2023;20:00:29;26.09;;;;
152;06/06/2023;19:53:24;26.1;;;;152;06/06/2023;20:00:42;25.88;;;;152;06/06/2023;20:01:29;26.08;;;;
153;06/06/2023;19:54:23;26.09;;;;153;06/06/2023;20:01:42;25.88;;;;153;06/06/2023;20:02:29;26.08;;;;
154;06/06/2023;19:55:23;26.1;;;;154;06/06/2023;20:02:42;25.86;;;;154;06/06/2023;20:03:28;26.1;;;;
155;06/06/2023;19:56:23;26.1;;;;155;06/06/2023;20:03:42;25.86;;;;155;06/06/2023;20:04:28;26.07;;;;
156;06/06/2023;19:57:23;26.12;;;;156;06/06/2023;20:04:42;25.84;;;;156;06/06/2023;20:05:28;26.08;;;;
157;06/06/2023;19:58:23;26.1;;;;157;06/06/2023;20:05:42;25.82;;;;157;06/06/2023;20:06:28;26.05;;;;
158;06/06/2023;19:59:23;26.1;;;;158;06/06/2023;20:06:42;25.8;;;;158;06/06/2023;20:07:28;26.07;;;;
159;06/06/2023;20:00:23;26.07;;;;159;06/06/2023;20:07:43;25.84;;;;159;06/06/2023;20:08:28;26.05;;;;
160;06/06/2023;20:01:23;26.09;;;;160;06/06/2023;20:08:43;25.8;;;;160;06/06/2023;20:09:27;26.05;;;;
161;06/06/2023;20:02:22;26.08;;;;161;06/06/2023;20:09:43;25.82;;;;161;06/06/2023;20:10:27;26.06;;;;
162;06/06/2023;20:03:22;26.07;;;;162;06/06/2023;20:10:42;25.8;;;;162;06/06/2023;20:11:27;26.05;;;;
163;06/06/2023;20:04:22;26.05;;;;163;06/06/2023;20:11:42;25.8;;;;163;06/06/2023;20:12:27;26.03;;;;
164;06/06/2023;20:05:22;26.08;;;;164;06/06/2023;20:12:43;25.77;;;;164;06/06/2023;20:13:27;26.05;;;;
165;06/06/2023;20:06:22;26.06;;;;165;06/06/2023;20:13:43;25.8;;;;165;06/06/2023;20:14:26;26.03;;;;
166;06/06/2023;20:07:22;26.05;;;;166;06/06/2023;20:14:43;25.79;;;;166;06/06/2023;20:15:26;26.05;;;;
167;06/06/2023;20:08:22;26.03;;;;167;06/06/2023;20:15:43;25.78;;;;167;06/06/2023;20:16:26;26.02;;;;
168;06/06/2023;20:09:21;26.05;;;;168;06/06/2023;20:16:42;25.78;;;;168;06/06/2023;20:17:26;26.02;;;;
169;06/06/2023;20:10:21;26.03;;;;169;06/06/2023;20:17:42;25.78;;;;169;06/06/2023;20:18:26;26.01;;;;
170;06/06/2023;20:11:21;26.04;;;;170;06/06/2023;20:18:42;25.78;;;;170;06/06/2023;20:19:26;26;;;;
171;06/06/2023;20:12:21;26.03;;;;171;06/06/2023;20:19:42;25.76;;;;171;06/06/2023;20:20:25;26.01;;;;
172;06/06/2023;20:13:21;26.02;;;;172;06/06/2023;20:20:42;25.76;;;;172;06/06/2023;20:21:25;26;;;;
173;06/06/2023;20:14:21;26.03;;;;173;06/06/2023;20:21:42;25.77;;;;173;06/06/2023;20:22:25;25.99;;;;
174;06/06/2023;20:15:21;26.02;;;;174;06/06/2023;20:22:42;25.76;;;;174;06/06/2023;20:23:25;25.99;;;;
175;06/06/2023;20:16:21;26.01;;;;175;06/06/2023;20:23:42;25.76;;;;175;06/06/2023;20:24:25;25.98;;;;
176;06/06/2023;20:17:20;26;;;;176;06/06/2023;20:24:42;25.75;;;;176;06/06/2023;20:25:25;25.98;;;;
177;06/06/2023;20:18:20;26.02;;;;177;06/06/2023;20:25:42;25.75;;;;177;06/06/2023;20:26:24;25.97;;;;
178;06/06/2023;20:19:20;25.99;;;;178;06/06/2023;20:26:42;25.75;;;;178;06/06/2023;20:27:24;25.99;;;;
179;06/06/2023;20:20:20;25.99;;;;179;06/06/2023;20:27:42;25.75;;;;179;06/06/2023;20:28:24;25.98;;;;
180;06/06/2023;20:21:20;26;;;;180;06/06/2023;20:28:42;25.73;;;;180;06/06/2023;20:29:24;25.98;Synchronized;;;
181;06/06/2023;20:22:20;25.98;;;;181;06/06/2023;20:29:42;25.74;;;;181;06/06/2023;20:30:24;25.98;;;;
182;06/06/2023;20:23:20;25.98;;;;182;06/06/2023;20:30:42;25.74;;;;182;06/06/2023;20:31:24;25.95;;;;
183;06/06/2023;20:24:20;25.97;;;;183;06/06/2023;20:31:42;25.73;;;;183;06/06/2023;20:32:23;25.98;;;;
184;06/06/2023;20:25:19;25.98;;;;184;06/06/2023;20:32:42;25.73;;;;184;06/06/2023;20:33:23;25.96;;;;
185;06/06/2023;20:26:19;25.97;;;;185;06/06/2023;20:33:42;25.73;;;;185;06/06/2023;20:34:23;25.96;;;;
186;06/06/2023;20:27:19;25.96;;;;186;06/06/2023;20:34:41;25.7;;;;186;06/06/2023;20:35:23;25.98;;;;
187;06/06/2023;20:28:19;25.97;;;;187;06/06/2023;20:35:41;25.72;;;;187;06/06/2023;20:36:23;25.95;;;;
188;06/06/2023;20:29:19;25.97;;;;188;06/06/2023;20:36:41;25.73;;;;188;06/06/2023;20:37:22;25.96;;;;
189;06/06/2023;20:30:19;25.97;;;;189;06/06/2023;20:37:41;25.72;;;;189;06/06/2023;20:38:22;25.95;;;;
190;06/06/2023;20:31:19;25.98;;;;190;06/06/2023;20:38:41;25.71;;;;190;06/06/2023;20:39:22;25.96;;;;
191;06/06/2023;20:32:19;25.96;;;;191;06/06/2023;20:39:41;25.71;;;;191;06/06/2023;20:40:22;25.95;;;;
192;06/06/2023;20:33:18;25.95;;;;192;06/06/2023;20:40:41;25.71;;;;192;06/06/2023;20:41:22;25.95;;;;
193;06/06/2023;20:34:18;25.95;;;;193;06/06/2023;20:41:41;25.7;;;;193;06/06/2023;20:42:22;25.91;;;;
194;06/06/2023;20:35:18;25.95;;;;194;06/06/2023;20:42:41;25.7;;;;194;06/06/2023;20:43:22;25.93;;;;
195;06/06/2023;20:36:18;25.95;;;;195;06/06/2023;20:43:41;25.69;;;;195;06/06/2023;20:44:21;25.92;;;;
196;06/06/2023;20:37:18;25.91;;;;196;06/06/2023;20:44:41;25.69;;;;196;06/06/2023;20:45:21;25.94;;;;
197;06/06/2023;20:38:18;25.94;;;;197;06/06/2023;20:45:41;25.67;;;;197;06/06/2023;20:46:21;25.92;;;;
198;06/06/2023;20:39:18;25.91;;;;198;06/06/2023;20:46:41;25.69;;;;198;06/06/2023;20:47:21;25.92;;;;
199;06/06/2023;20:40:18;25.95;;;;199;06/06/2023;20:47:41;25.67;;;;199;06/06/2023;20:48:21;25.91;;;;
200;06/06/2023;20:41:17;25.93;;;;200;06/06/2023;20:48:41;25.66;;;;200;06/06/2023;20:49:21;25.91;;;;
201;06/06/2023;20:42:17;25.91;;;;201;06/06/2023;20:49:41;25.65;;;;201;06/06/2023;20:50:20;25.88;;;;
202;06/06/2023;20:43:17;25.91;;;;202;06/06/2023;20:50:41;25.67;;;;202;06/06/2023;20:51:20;25.91;;;;
203;06/06/2023;20:44:17;25.91;;;;203;06/06/2023;20:51:41;25.67;;;;203;06/06/2023;20:52:20;25.9;;;;
204;06/06/2023;20:45:17;25.91;;;;204;06/06/2023;20:52:40;25.66;;;;204;06/06/2023;20:53:20;25.88;;;;
205;06/06/2023;20:46:17;25.91;;;;205;06/06/2023;20:53:40;25.66;;;;205;06/06/2023;20:54:20;25.88;;;;
206;06/06/2023;20:47:17;25.89;;;;206;06/06/2023;20:54:40;25.67;;;;206;06/06/2023;20:55:20;25.9;;;;
207;06/06/2023;20:48:17;25.88;;;;207;06/06/2023;20:55:40;25.66;;;;207;06/06/2023;20:56:19;25.9;;;;
208;06/06/2023;20:49:16;25.88;;;;208;06/06/2023;20:56:40;25.66;;;;208;06/06/2023;20:57:19;25.9;;;;
209;06/06/2023;20:50:16;25.88;;;;209;06/06/2023;20:57:40;25.66;;;;209;06/06/2023;20:58:19;25.87;;;;
210;06/06/2023;20:51:16;25.89;;;;210;06/06/2023;20:58:40;25.64;;;;210;06/06/2023;20:59:19;25.88;;;;
211;06/06/2023;20:52:16;25.86;;;;211;06/06/2023;20:59:40;25.64;;;;211;06/06/2023;21:00:19;25.85;;;;
212;06/06/2023;20:53:16;25.86;;;;212;06/06/2023;21:00:40;25.63;;;;212;06/06/2023;21:01:19;25.87;Synchronized;;;
213;06/06/2023;20:54:16;25.86;;;;213;06/06/2023;21:01:40;25.64;;;;213;06/06/2023;21:02:18;25.84;;;;
214;06/06/2023;20:55:16;25.88;;;;214;06/06/2023;21:02:40;25.63;;;;214;06/06/2023;21:03:18;25.85;;;;
215;06/06/2023;20:56:16;25.87;;;;215;06/06/2023;21:03:40;25.64;;;;215;06/06/2023;21:04:18;25.88;;;;
216;06/06/2023;20:57:16;25.88;;;;216;06/06/2023;21:04:40;25.63;;;;216;06/06/2023;21:05:18;25.86;;;;
217;06/06/2023;20:58:15;25.84;;;;217;06/06/2023;21:05:40;25.62;;;;217;06/06/2023;21:06:18;25.84;;;;
218;06/06/2023;20:59:15;25.84;;;;218;06/06/2023;21:06:40;25.63;;;;218;06/06/2023;21:07:18;25.86;;;;
219;06/06/2023;21:00:15;25.85;;;;219;06/06/2023;21:07:40;25.63;;;;219;06/06/2023;21:08:17;25.83;;;;
220;06/06/2023;21:01:15;25.84;;;;220;06/06/2023;21:08:40;25.61;;;;220;06/06/2023;21:09:17;25.83;;;;
221;06/06/2023;21:02:15;25.84;;;;221;06/06/2023;21:09:39;25.62;;;;221;06/06/2023;21:10:17;25.85;;;;
222;06/06/2023;21:03:15;25.84;;;;222;06/06/2023;21:10:39;25.62;;;;222;06/06/2023;21:11:17;25.84;;;;
223;06/06/2023;21:04:15;25.84;;;;223;06/06/2023;21:11:39;25.62;;;;223;06/06/2023;21:12:17;25.84;;;;
224;06/06/2023;21:05:15;25.84;;;;224;06/06/2023;21:12:39;25.59;;;;224;06/06/2023;21:13:17;25.84;;;;
225;06/06/2023;21:06:14;25.82;;;;225;06/06/2023;21:13:39;25.6;;;;225;06/06/2023;21:14:16;25.81;;;;
226;06/06/2023;21:07:14;25.84;;;;226;06/06/2023;21:14:39;25.6;Synchronized;;;226;06/06/2023;21:15:16;25.83;;;;
227;06/06/2023;21:08:14;25.83;;;;227;06/06/2023;21:15:39;25.6;;;;227;06/06/2023;21:16:16;25.83;;;;
228;06/06/2023;21:09:14;25.82;;;;228;06/06/2023;21:16:39;25.6;;;;228;06/06/2023;21:17:16;25.8;;;;
229;06/06/2023;21:10:14;25.83;;;;229;06/06/2023;21:17:39;25.58;;;;229;06/06/2023;21:18:16;25.83;;;;
230;06/06/2023;21:11:14;25.81;;;;230;06/06/2023;21:18:39;25.59;;;;230;06/06/2023;21:19:16;25.81;;;;
231;06/06/2023;21:12:14;25.8;;;;231;06/06/2023;21:19:39;25.59;;;;231;06/06/2023;21:20:16;25.81;;;;
232;06/06/2023;21:13:14;25.79;;;;232;06/06/2023;21:20:39;25.59;;;;232;06/06/2023;21:21:15;25.81;;;;
233;06/06/2023;21:14:14;25.82;;;;233;06/06/2023;21:21:39;25.57;;;;233;06/06/2023;21:22:15;25.81;;;;
234;06/06/2023;21:15:13;25.79;;;;234;06/06/2023;21:22:39;25.57;;;;234;06/06/2023;21:23:15;25.8;;;;
235;06/06/2023;21:16:13;25.79;;;;235;06/06/2023;21:23:39;25.57;;;;235;06/06/2023;21:24:15;25.8;;;;
236;06/06/2023;21:17:13;25.79;;;;236;06/06/2023;21:24:39;25.55;;;;236;06/06/2023;21:25:15;25.8;;;;
237;06/06/2023;21:18:13;25.78;;;;237;06/06/2023;21:25:39;25.55;;;;237;06/06/2023;21:26:15;25.78;;;;
238;06/06/2023;21:19:13;25.8;;;;238;06/06/2023;21:26:39;25.58;;;;238;06/06/2023;21:27:14;25.79;;;;
239;06/06/2023;21:20:13;25.79;;;;239;06/06/2023;21:27:39;25.55;;;;239;06/06/2023;21:28:14;25.76;;;;
240;06/06/2023;21:21:13;25.79;;;;240;06/06/2023;21:28:38;25.55;;;;240;06/06/2023;21:29:14;25.8;;;;
241;06/06/2023;21:22:13;25.79;;;;241;06/06/2023;21:29:38;25.55;;;;241;06/06/2023;21:30:14;25.79;;;;
242;06/06/2023;21:23:13;25.77;;;;242;06/06/2023;21:30:38;25.56;;;;242;06/06/2023;21:31:14;25.78;;;;
243;06/06/2023;21:24:12;25.77;;;;243;06/06/2023;21:31:38;25.55;;;;243;06/06/2023;21:32:14;25.77;;;;
244;06/06/2023;21:25:12;25.77;;;;244;06/06/2023;21:32:38;25.54;;;;244;06/06/2023;21:33:13;25.77;;;;
245;06/06/2023;21:26:12;25.77;;;;245;06/06/2023;21:33:38;25.54;;;;245;06/06/2023;21:34:13;25.8;;;;
246;06/06/2023;21:27:12;25.77;;;;246;06/06/2023;21:34:38;25.55;;;;246;06/06/2023;21:35:13;25.78;;;;
247;06/06/2023;21:28:12;25.77;;;;247;06/06/2023;21:35:38;25.55;;;;247;06/06/2023;21:36:13;25.77;;;;
248;06/06/2023;21:29:12;25.77;;;;248;06/06/2023;21:36:38;25.54;;;;248;06/06/2023;21:37:13;25.77;;;;
249;06/06/2023;21:30:12;25.74;;;;249;06/06/2023;21:37:38;25.52;;;;249;06/06/2023;21:38:13;25.76;;;;
250;06/06/2023;21:31:12;25.74;;;;250;06/06/2023;21:38:38;25.53;;;;250;06/06/2023;21:39:12;25.75;;;;
251;06/06/2023;21:32:11;25.75;;;;251;06/06/2023;21:39:38;25.53;;;;251;06/06/2023;21:40:12;25.76;;;;
252;06/06/2023;21:33:11;25.73;;;;252;06/06/2023;21:40:38;25.55;;;;252;06/06/2023;21:41:12;25.75;;;;
253;06/06/2023;21:34:11;25.75;;;;253;06/06/2023;21:41:38;25.53;;;;253;06/06/2023;21:42:12;25.74;;;;
254;06/06/2023;21:35:11;25.75;;;;254;06/06/2023;21:42:38;25.54;;;;254;06/06/2023;21:43:12;25.74;;;;
255;06/06/2023;21:36:11;25.77;;;;255;06/06/2023;21:43:38;25.55;;;;255;06/06/2023;21:44:12;25.74;;;;
256;06/06/2023;21:37:11;25.73;;;;256;06/06/2023;21:44:38;25.53;;;;256;06/06/2023;21:45:11;25.75;;;;
257;06/06/2023;21:38:11;25.73;;;;257;06/06/2023;21:45:38;25.52;;;;257;06/06/2023;21:46:11;25.73;;;;
258;06/06/2023;21:39:11;25.74;;;;258;06/06/2023;21:46:38;25.53;;;;258;06/06/2023;21:47:11;25.73;;;;
259;06/06/2023;21:40:11;25.75;;;;259;06/06/2023;21:47:38;25.52;;;;259;06/06/2023;21:48:11;25.74;;;;
260;06/06/2023;21:41:11;25.72;;;;260;06/06/2023;21:48:37;25.53;;;;260;06/06/2023;21:49:11;25.75;;;;
261;06/06/2023;21:42:10;25.73;;;;261;06/06/2023;21:49:37;25.52;;;;261;06/06/2023;21:50:11;25.71;;;;
262;06/06/2023;21:43:10;25.71;;;;262;06/06/2023;21:50:37;25.5;;;;262;06/06/2023;21:51:11;25.71;;;;
263;06/06/2023;21:44:10;25.73;;;;263;06/06/2023;21:51:37;25.49;;;;263;06/06/2023;21:52:10;25.73;;;;
264;06/06/2023;21:45:10;25.71;;;;264;06/06/2023;21:52:37;25.52;;;;264;06/06/2023;21:53:10;25.73;;;;
265;06/06/2023;21:46:10;25.7;;;;265;06/06/2023;21:53:37;25.52;;;;265;06/06/2023;21:54:10;25.71;;;;
266;06/06/2023;21:47:10;25.73;;;;266;06/06/2023;21:54:37;25.51;;;;266;06/06/2023;21:55:10;25.73;;;;
267;06/06/2023;21:48:10;25.71;;;;267;06/06/2023;21:55:37;25.51;;;;267;06/06/2023;21:56:10;25.72;;;;
268;06/06/2023;21:49:10;25.72;;;;268;06/06/2023;21:56:37;25.53;;;;268;06/06/2023;21:57:10;25.71;Synchronized;;;
269;06/06/2023;21:50:10;25.7;;;;269;06/06/2023;21:57:37;25.52;;;;269;06/06/2023;21:58:10;25.73;;;;
270;06/06/2023;21:51:10;25.7;;;;270;06/06/2023;21:58:37;25.52;;;;270;06/06/2023;21:59:09;25.71;;;;
271;06/06/2023;21:52:09;25.7;;;;271;06/06/2023;21:59:37;25.5;;;;271;06/06/2023;22:00:09;25.7;Synchronized;;;
272;06/06/2023;21:53:09;25.7;;;;272;06/06/2023;22:00:37;25.52;;;;272;06/06/2023;22:01:09;25.7;;;;
273;06/06/2023;21:54:09;25.7;;;;273;06/06/2023;22:01:37;25.52;;;;273;06/06/2023;22:02:09;25.7;;;;
274;06/06/2023;21:55:09;25.69;;;;274;06/06/2023;22:02:37;25.52;;;;274;06/06/2023;22:03:09;25.7;;;;
275;06/06/2023;21:56:09;25.7;;;;275;06/06/2023;22:03:37;25.51;;;;275;06/06/2023;22:04:09;25.7;;;;
276;06/06/2023;21:57:09;25.7;;;;276;06/06/2023;22:04:37;25.5;;;;276;06/06/2023;22:05:09;25.7;;;;
277;06/06/2023;21:58:09;25.7;;;;277;06/06/2023;22:05:37;25.49;;;;277;06/06/2023;22:06:08;25.69;;;;
278;06/06/2023;21:59:09;25.7;;;;278;06/06/2023;22:06:37;25.51;;;;278;06/06/2023;22:07:08;25.7;;;;
279;06/06/2023;22:00:09;25.7;;;;279;06/06/2023;22:07:37;25.48;;;;279;06/06/2023;22:08:08;25.7;;;;
280;06/06/2023;22:01:08;25.67;;;;280;06/06/2023;22:08:37;25.5;;;;280;06/06/2023;22:09:08;25.7;;;;
281;06/06/2023;22:02:08;25.69;;;;281;06/06/2023;22:09:37;25.51;;;;281;06/06/2023;22:10:08;25.69;;;;
282;06/06/2023;22:03:08;25.66;;;;282;06/06/2023;22:10:36;25.51;;;;282;06/06/2023;22:11:08;25.69;;;;
283;06/06/2023;22:04:08;25.66;;;;283;06/06/2023;22:11:36;25.48;;;;283;06/06/2023;22:12:08;25.68;;;;
284;06/06/2023;22:05:08;25.66;;;;284;06/06/2023;22:12:36;25.48;;;;284;06/06/2023;22:13:08;25.7;;;;
285;06/06/2023;22:06:08;25.67;;;;285;06/06/2023;22:13:36;25.48;;;;285;06/06/2023;22:14:07;25.67;;;;
286;06/06/2023;22:07:08;25.69;;;;286;06/06/2023;22:14:36;25.49;;;;286;06/06/2023;22:15:07;25.67;;;;
287;06/06/2023;22:08:08;25.66;;;;287;06/06/2023;22:15:36;25.49;;;;287;06/06/2023;22:16:07;25.68;;;;
288;06/06/2023;22:09:08;25.66;;;;288;06/06/2023;22:16:36;25.51;;;;288;06/06/2023;22:17:07;25.66;;;;
289;06/06/2023;22:10:07;25.66;;;;289;06/06/2023;22:17:36;25.48;;;;289;06/06/2023;22:18:07;25.68;;;;
290;06/06/2023;22:11:07;25.65;;;;290;06/06/2023;22:18:36;25.48;;;;290;06/06/2023;22:19:07;25.64;;;;
291;06/06/2023;22:12:07;25.67;;;;291;06/06/2023;22:19:36;25.48;;;;291;06/06/2023;22:20:07;25.66;;;;
292;06/06/2023;22:13:07;25.69;;;;292;06/06/2023;22:20:36;25.49;;;;292;06/06/2023;22:21:07;25.66;;;;
293;06/06/2023;22:14:07;25.65;;;;293;06/06/2023;22:21:36;25.45;;;;293;06/06/2023;22:22:06;25.68;;;;
294;06/06/2023;22:15:07;25.65;;;;294;06/06/2023;22:22:36;25.49;;;;294;06/06/2023;22:23:06;25.66;;;;
295;06/06/2023;22:16:07;25.66;;;;295;06/06/2023;22:23:36;25.45;;;;295;06/06/2023;22:24:06;25.66;;;;
296;06/06/2023;22:17:07;25.65;;;;296;06/06/2023;22:24:36;25.45;;;;296;06/06/2023;22:25:06;25.66;;;;
297;06/06/2023;22:18:07;25.64;;;;297;06/06/2023;22:25:36;25.47;;;;297;06/06/2023;22:26:06;25.66;;;;
298;06/06/2023;22:19:07;25.66;;;;298;06/06/2023;22:26:36;25.45;;;;298;06/06/2023;22:27:06;25.63;;;;
299;06/06/2023;22:20:06;25.64;;;;299;06/06/2023;22:27:36;25.43;;;;299;06/06/2023;22:28:06;25.63;;;;
300;06/06/2023;22:21:06;25.63;;;;300;06/06/2023;22:28:36;25.44;;;;300;06/06/2023;22:29:05;25.63;;;;
301;06/06/2023;22:22:06;25.63;;;;301;06/06/2023;22:29:36;25.45;;;;301;06/06/2023;22:30:05;25.63;;;;
302;06/06/2023;22:23:06;25.64;;;;302;06/06/2023;22:30:36;25.43;Synchronized;;;302;06/06/2023;22:31:05;25.64;;;;
303;06/06/2023;22:24:06;25.64;;;;303;06/06/2023;22:31:35;25.43;;;;303;06/06/2023;22:32:05;25.63;;;;
304;06/06/2023;22:25:06;25.65;;;;304;06/06/2023;22:32:35;25.45;;;;304;06/06/2023;22:33:05;25.63;;;;
305;06/06/2023;22:26:06;25.63;;;;305;06/06/2023;22:33:35;25.44;;;;305;06/06/2023;22:34:05;25.63;;;;
306;06/06/2023;22:27:06;25.62;;;;306;06/06/2023;22:34:35;25.42;;;;306;06/06/2023;22:35:05;25.62;;;;
307;06/06/2023;22:28:06;25.63;;;;307;06/06/2023;22:35:35;25.45;;;;307;06/06/2023;22:36:05;25.63;;;;
308;06/06/2023;22:29:05;25.61;;;;308;06/06/2023;22:36:35;25.42;;;;308;06/06/2023;22:37:04;25.61;;;;
309;06/06/2023;22:30:05;25.62;;;;309;06/06/2023;22:37:35;25.44;;;;309;06/06/2023;22:38:04;25.61;;;;
310;06/06/2023;22:31:05;25.59;;;;310;06/06/2023;22:38:35;25.43;;;;310;06/06/2023;22:39:04;25.63;;;;
311;06/06/2023;22:32:05;25.63;;;;311;06/06/2023;22:39:35;25.43;;;;311;06/06/2023;22:40:04;25.62;;;;
312;06/06/2023;22:33:05;25.61;;;;312;06/06/2023;22:40:35;25.44;;;;312;06/06/2023;22:41:04;25.62;;;;
313;06/06/2023;22:34:05;25.6;;;;313;06/06/2023;22:41:35;25.42;;;;313;06/06/2023;22:42:04;25.62;;;;
314;06/06/2023;22:35:05;25.61;;;;314;06/06/2023;22:42:35;25.42;;;;314;06/06/2023;22:43:04;25.61;;;;
315;06/06/2023;22:36:05;25.59;;;;315;06/06/2023;22:43:35;25.41;;;;315;06/06/2023;22:44:04;25.63;;;;
316;06/06/2023;22:37:05;25.59;;;;316;06/06/2023;22:44:35;25.41;;;;316;06/06/2023;22:45:03;25.6;;;;
317;06/06/2023;22:38:05;25.61;;;;317;06/06/2023;22:45:35;25.41;;;;317;06/06/2023;22:46:03;25.6;;;;
318;06/06/2023;22:39:04;25.6;;;;318;06/06/2023;22:46:35;25.42;;;;318;06/06/2023;22:47:03;25.59;;;;
319;06/06/2023;22:40:04;25.62;;;;319;06/06/2023;22:47:35;25.4;;;;319;06/06/2023;22:48:03;25.61;;;;
320;06/06/2023;22:41:04;25.62;;;;320;06/06/2023;22:48:35;25.41;;;;320;06/06/2023;22:49:03;25.59;;;;
321;06/06/2023;22:42:04;25.59;;;;321;06/06/2023;22:49:35;25.39;;;;321;06/06/2023;22:50:03;25.6;;;;
322;06/06/2023;22:43:04;25.59;;;;322;06/06/2023;22:50:35;25.38;;;;322;06/06/2023;22:51:03;25.59;;;;
323;06/06/2023;22:44:04;25.59;;;;323;06/06/2023;22:51:35;25.4;;;;323;06/06/2023;22:52:03;25.59;;;;
324;06/06/2023;22:45:04;25.6;;;;324;06/06/2023;22:52:35;25.41;;;;324;06/06/2023;22:53:02;25.59;;;;
325;06/06/2023;22:46:04;25.59;;;;325;06/06/2023;22:53:35;25.4;;;;325;06/06/2023;22:54:02;25.59;;;;
326;06/06/2023;22:47:04;25.59;;;;326;06/06/2023;22:54:35;25.41;;;;326;06/06/2023;22:55:02;25.58;;;;
327;06/06/2023;22:48:04;25.57;;;;327;06/06/2023;22:55:35;25.39;;;;327;06/06/2023;22:56:02;25.59;;;;
328;06/06/2023;22:49:04;25.59;;;;328;06/06/2023;22:56:34;25.37;;;;328;06/06/2023;22:57:02;25.57;;;;
329;06/06/2023;22:50:03;25.55;;;;329;06/06/2023;22:57:34;25.39;;;;329;06/06/2023;22:58:02;25.59;;;;
330;06/06/2023;22:51:03;25.57;;;;330;06/06/2023;22:58:34;25.38;;;;330;06/06/2023;22:59:02;25.57;;;;
331;06/06/2023;22:52:03;25.58;;;;331;06/06/2023;22:59:34;25.38;;;;331;06/06/2023;23:00:01;25.58;;;;
332;06/06/2023;22:53:03;25.59;;;;332;06/06/2023;23:00:34;25.37;;;;332;06/06/2023;23:01:01;25.58;;;;
333;06/06/2023;22:54:03;25.58;;;;333;06/06/2023;23:01:34;25.38;;;;333;06/06/2023;23:02:01;25.57;;;;
334;06/06/2023;22:55:03;25.58;;;;334;06/06/2023;23:02:34;25.38;Synchronized;;;334;06/06/2023;23:03:01;25.56;;;;
335;06/06/2023;22:56:03;25.56;;;;335;06/06/2023;23:03:34;25.38;;;;335;06/06/2023;23:04:01;25.55;;;;
336;06/06/2023;22:57:03;25.55;;;;336;06/06/2023;23:04:34;25.37;Synchronized;;;336;06/06/2023;23:05:01;25.55;;;;
337;06/06/2023;22:58:03;25.56;;;;337;06/06/2023;23:05:34;25.38;;;;337;06/06/2023;23:06:01;25.55;;;;
338;06/06/2023;22:59:03;25.56;;;;338;06/06/2023;23:06:34;25.38;Synchronized;;;338;06/06/2023;23:07:01;25.56;;;;
339;06/06/2023;23:00:02;25.55;;;;339;06/06/2023;23:07:34;25.38;;;;339;06/06/2023;23:08:00;25.56;;;;
340;06/06/2023;23:01:02;25.55;Synchronized;;;340;06/06/2023;23:08:34;25.37;Synchronized;;;340;06/06/2023;23:09:00;25.55;;;;
341;06/06/2023;23:02:02;25.53;;;;341;06/06/2023;23:09:34;25.37;;;;341;06/06/2023;23:10:00;25.55;;;;
342;06/06/2023;23:03:02;25.53;;;;342;06/06/2023;23:10:34;25.35;;;;342;06/06/2023;23:11:00;25.54;;;;
343;06/06/2023;23:04:02;25.55;;;;343;06/06/2023;23:11:34;25.38;Synchronized;;;343;06/06/2023;23:12:00;25.56;;;;
344;06/06/2023;23:05:02;25.53;;;;344;06/06/2023;23:12:34;25.37;;;;344;06/06/2023;23:13:00;25.56;;;;
345;06/06/2023;23:06:02;25.54;;;;345;06/06/2023;23:13:34;25.37;Synchronized;;;345;06/06/2023;23:14:00;25.55;;;;
346;06/06/2023;23:07:02;25.53;Synchronized;;;346;06/06/2023;23:14:34;25.35;;;;346;06/06/2023;23:15:00;25.55;;;;
347;06/06/2023;23:08:02;25.53;;;;347;06/06/2023;23:15:34;25.36;;;;347;06/06/2023;23:15:59;25.56;;;;
348;06/06/2023;23:09:02;25.55;;;;348;06/06/2023;23:16:34;25.37;;;;348;06/06/2023;23:16:59;25.55;;;;
349;06/06/2023;23:10:02;25.52;;;;349;06/06/2023;23:17:34;25.38;;;;349;06/06/2023;23:17:59;25.56;;;;
350;06/06/2023;23:11:02;25.51;;;;350;06/06/2023;23:18:34;25.37;;;;350;06/06/2023;23:18:59;25.56;;;;
351;06/06/2023;23:12:02;25.52;;;;351;06/06/2023;23:19:34;25.38;;;;351;06/06/2023;23:19:59;25.56;;;;
352;06/06/2023;23:13:02;25.52;;;;352;06/06/2023;23:20:34;25.36;;;;352;06/06/2023;23:20:59;25.52;;;;
353;06/06/2023;23:14:01;25.53;;;;353;06/06/2023;23:21:34;25.37;;;;353;06/06/2023;23:21:59;25.55;;;;
354;06/06/2023;23:15:01;25.53;;;;354;06/06/2023;23:22:34;25.38;;;;354;06/06/2023;23:22:59;25.55;;;;
355;06/06/2023;23:16:01;25.52;;;;355;06/06/2023;23:23:34;25.39;;;;355;06/06/2023;23:23:58;25.55;;;;
356;06/06/2023;23:17:01;25.52;;;;356;06/06/2023;23:24:34;25.36;;;;356;06/06/2023;23:24:58;25.55;;;;
357;06/06/2023;23:18:01;25.52;;;;357;06/06/2023;23:25:34;25.34;;;;357;06/06/2023;23:25:58;25.52;;;;
358;06/06/2023;23:19:01;25.53;;;;358;06/06/2023;23:26:34;25.32;;;;358;06/06/2023;23:26:58;25.52;;;;
359;06/06/2023;23:20:01;25.52;;;;359;06/06/2023;23:27:34;25.3;;;;359;06/06/2023;23:27:58;25.5;;;;
360;06/06/2023;23:21:01;25.52;;;;360;06/06/2023;23:28:34;25.31;;;;360;06/06/2023;23:28:58;25.52;;;;
361;06/06/2023;23:22:01;25.52;;;;361;06/06/2023;23:29:33;25.31;;;;361;06/06/2023;23:29:58;25.51;;;;
362;06/06/2023;23:23:01;25.51;;;;362;06/06/2023;23:30:33;25.32;;;;362;06/06/2023;23:30:58;25.5;;;;
363;06/06/2023;23:24:01;25.52;;;;363;06/06/2023;23:31:33;25.3;;;;363;06/06/2023;23:31:58;25.51;;;;
364;06/06/2023;23:25:00;25.51;;;;364;06/06/2023;23:32:33;25.31;;;;364;06/06/2023;23:32:57;25.52;;;;
365;06/06/2023;23:26:00;25.51;;;;365;06/06/2023;23:33:33;25.3;;;;365;06/06/2023;23:33:57;25.54;;;;
366;06/06/2023;23:27:00;25.52;;;;366;06/06/2023;23:34:33;25.3;;;;366;06/06/2023;23:34:57;25.5;;;;
367;06/06/2023;23:28:00;25.5;;;;367;06/06/2023;23:35:33;25.29;;;;367;06/06/2023;23:35:57;25.51;;;;
368;06/06/2023;23:29:00;25.51;;;;368;06/06/2023;23:36:33;25.29;;;;368;06/06/2023;23:36:57;25.5;;;;
369;06/06/2023;23:30:00;25.5;;;;369;06/06/2023;23:37:33;25.3;Synchronized;;;369;06/06/2023;23:37:57;25.5;;;;
370;06/06/2023;23:31:00;25.5;;;;370;06/06/2023;23:38:33;25.29;;;;370;06/06/2023;23:38:57;25.48;;;;
371;06/06/2023;23:32:00;25.5;;;;371;06/06/2023;23:39:33;25.28;;;;371;06/06/2023;23:39:57;25.5;;;;
372;06/06/2023;23:33:00;25.48;;;;372;06/06/2023;23:40:33;25.3;Synchronized;;;372;06/06/2023;23:40:56;25.49;;;;
373;06/06/2023;23:34:00;25.48;;;;373;06/06/2023;23:41:33;25.3;Synchronized;;;373;06/06/2023;23:41:56;25.48;;;;
374;06/06/2023;23:35:00;25.48;;;;374;06/06/2023;23:42:33;25.29;Synchronized;;;374;06/06/2023;23:42:56;25.48;;;;
375;06/06/2023;23:36:00;25.51;Synchronized;;;375;06/06/2023;23:43:33;25.31;;;;375;06/06/2023;23:43:56;25.49;;;;
376;06/06/2023;23:36:59;25.5;;;;376;06/06/2023;23:44:33;25.3;;;;376;06/06/2023;23:44:56;25.5;;;;
377;06/06/2023;23:37:59;25.48;;;;377;06/06/2023;23:45:33;25.29;;;;377;06/06/2023;23:45:56;25.45;;;;
378;06/06/2023;23:38:59;25.45;;;;378;06/06/2023;23:46:33;25.3;;;;378;06/06/2023;23:46:56;25.5;;;;
379;06/06/2023;23:39:59;25.48;;;;379;06/06/2023;23:47:33;25.28;;;;379;06/06/2023;23:47:56;25.48;;;;
380;06/06/2023;23:40:59;25.48;;;;380;06/06/2023;23:48:33;25.28;;;;380;06/06/2023;23:48:56;25.48;;;;
381;06/06/2023;23:41:59;25.48;;;;381;06/06/2023;23:49:33;25.27;;;;381;06/06/2023;23:49:55;25.49;;;;
382;06/06/2023;23:42:59;25.47;;;;382;06/06/2023;23:50:33;25.27;;;;382;06/06/2023;23:50:55;25.47;;;;
383;06/06/2023;23:43:59;25.47;;;;383;06/06/2023;23:51:33;25.27;;;;383;06/06/2023;23:51:55;25.48;;;;
384;06/06/2023;23:44:59;25.47;;;;384;06/06/2023;23:52:33;25.28;Synchronized;;;384;06/06/2023;23:52:55;25.48;;;;
385;06/06/2023;23:45:59;25.48;;;;385;06/06/2023;23:53:33;25.27;;;;385;06/06/2023;23:53:55;25.47;;;;
386;06/06/2023;23:46:59;25.46;;;;386;06/06/2023;23:54:32;25.29;;;;386;06/06/2023;23:54:55;25.47;;;;
387;06/06/2023;23:47:59;25.47;;;;387;06/06/2023;23:55:32;25.27;;;;387;06/06/2023;23:55:55;25.48;;;;
388;06/06/2023;23:48:59;25.47;;;;388;06/06/2023;23:56:32;25.27;;;;388;06/06/2023;23:56:55;25.46;;;;
389;06/06/2023;23:49:59;25.47;;;;389;06/06/2023;23:57:32;25.3;;;;389;06/06/2023;23:57:54;25.48;;;;
390;06/06/2023;23:50:59;25.45;;;;390;06/06/2023;23:58:32;25.27;;;;390;06/06/2023;23:58:54;25.47;;;;
391;06/06/2023;23:51:59;25.46;;;;391;06/06/2023;23:59:32;25.28;;;;391;06/06/2023;23:59:54;25.48;;;;
392;06/06/2023;23:52:58;25.45;;;;392;07/06/2023;00:00:32;25.26;;;;392;07/06/2023;00:00:54;25.48;;;;
393;06/06/2023;23:53:58;25.47;;;;393;07/06/2023;00:01:32;25.27;;;;393;07/06/2023;00:01:54;25.47;;;;
394;06/06/2023;23:54:58;25.43;;;;394;07/06/2023;00:02:32;25.26;;;;394;07/06/2023;00:02:54;25.45;;;;
395;06/06/2023;23:55:58;25.45;;;;395;07/06/2023;00:03:32;25.24;;;;395;07/06/2023;00:03:54;25.46;;;;
396;06/06/2023;23:56:58;25.45;;;;396;07/06/2023;00:04:32;25.26;Synchronized;;;396;07/06/2023;00:04:54;25.45;;;;
397;06/06/2023;23:57:58;25.42;;;;397;07/06/2023;00:05:32;25.24;;;;397;07/06/2023;00:05:54;25.45;;;;
398;06/06/2023;23:58:58;25.46;;;;398;07/06/2023;00:06:32;25.23;;;;398;07/06/2023;00:06:53;25.45;;;;
399;06/06/2023;23:59:58;25.43;;;;399;07/06/2023;00:07:32;25.23;;;;399;07/06/2023;00:07:53;25.45;;;;
400;07/06/2023;00:00:58;25.45;;;;400;07/06/2023;00:08:32;25.24;;;;400;07/06/2023;00:08:53;25.45;;;;
401;07/06/2023;00:01:58;25.42;;;;401;07/06/2023;00:09:32;25.26;;;;401;07/06/2023;00:09:53;25.46;;;;
402;07/06/2023;00:02:58;25.45;;;;402;07/06/2023;00:10:32;25.24;;;;402;07/06/2023;00:10:53;25.45;;;;
403;07/06/2023;00:03:58;25.42;;;;403;07/06/2023;00:11:32;25.23;;;;403;07/06/2023;00:11:53;25.45;;;;
404;07/06/2023;00:04:58;25.4;;;;404;07/06/2023;00:12:32;25.24;;;;404;07/06/2023;00:12:53;25.45;;;;
405;07/06/2023;00:05:57;25.42;;;;405;07/06/2023;00:13:32;25.23;Synchronized;;;405;07/06/2023;00:13:53;25.44;;;;
406;07/06/2023;00:06:57;25.41;;;;406;07/06/2023;00:14:32;25.23;;;;406;07/06/2023;00:14:53;25.44;;;;
407;07/06/2023;00:07:57;25.41;;;;407;07/06/2023;00:15:32;25.21;;;;407;07/06/2023;00:15:52;25.44;;;;
408;07/06/2023;00:08:57;25.4;;;;408;07/06/2023;00:16:32;25.24;;;;408;07/06/2023;00:16:52;25.44;;;;
409;07/06/2023;00:09:57;25.42;;;;409;07/06/2023;00:17:32;25.24;;;;409;07/06/2023;00:17:52;25.43;;;;
410;07/06/2023;00:10:57;25.41;;;;410;07/06/2023;00:18:32;25.25;;;;410;07/06/2023;00:18:52;25.44;;;;
411;07/06/2023;00:11:57;25.41;;;;411;07/06/2023;00:19:32;25.25;;;;411;07/06/2023;00:19:52;25.44;;;;
412;07/06/2023;00:12:57;25.41;;;;412;07/06/2023;00:20:32;25.25;;;;412;07/06/2023;00:20:52;25.42;;;;
413;07/06/2023;00:13:57;25.41;;;;413;07/06/2023;00:21:32;25.25;;;;413;07/06/2023;00:21:52;25.42;;;;
414;07/06/2023;00:14:57;25.41;;;;414;07/06/2023;00:22:32;25.21;;;;414;07/06/2023;00:22:52;25.42;;;;
415;07/06/2023;00:15:57;25.41;;;;415;07/06/2023;00:23:32;25.23;;;;415;07/06/2023;00:23:52;25.43;;;;
416;07/06/2023;00:16:57;25.41;;;;416;07/06/2023;00:24:32;25.23;;;;416;07/06/2023;00:24:51;25.4;;;;
417;07/06/2023;00:17:57;25.41;;;;417;07/06/2023;00:25:31;25.21;;;;417;07/06/2023;00:25:51;25.43;;;;
418;07/06/2023;00:18:57;25.41;;;;418;07/06/2023;00:26:31;25.2;;;;418;07/06/2023;00:26:51;25.44;;;;
419;07/06/2023;00:19:57;25.41;;;;419;07/06/2023;00:27:31;25.21;;;;419;07/06/2023;00:27:51;25.4;;;;
420;07/06/2023;00:20:56;25.41;;;;420;07/06/2023;00:28:31;25.2;;;;420;07/06/2023;00:28:51;25.42;;;;
421;07/06/2023;00:21:56;25.41;;;;421;07/06/2023;00:29:31;25.2;Synchronized;;;421;07/06/2023;00:29:51;25.4;;;;
422;07/06/2023;00:22:56;25.41;;;;422;07/06/2023;00:30:31;25.2;;;;422;07/06/2023;00:30:51;25.41;;;;
423;07/06/2023;00:23:56;25.4;;;;423;07/06/2023;00:31:31;25.18;;;;423;07/06/2023;00:31:51;25.43;;;;
424;07/06/2023;00:24:56;25.39;;;;424;07/06/2023;00:32:31;25.2;;;;424;07/06/2023;00:32:51;25.41;;;;
425;07/06/2023;00:25:56;25.41;;;;425;07/06/2023;00:33:31;25.2;;;;425;07/06/2023;00:33:50;25.41;;;;
426;07/06/2023;00:26:56;25.4;;;;426;07/06/2023;00:34:31;25.2;Synchronized;;;426;07/06/2023;00:34:50;25.42;;;;
427;07/06/2023;00:27:56;25.38;;;;427;07/06/2023;00:35:31;25.19;;;;427;07/06/2023;00:35:50;25.38;;;;
428;07/06/2023;00:28:56;25.38;;;;428;07/06/2023;00:36:31;25.2;;;;428;07/06/2023;00:36:50;25.4;;;;
429;07/06/2023;00:29:56;25.38;;;;429;07/06/2023;00:37:31;25.2;Synchronized;;;429;07/06/2023;00:37:50;25.39;Synchronized;;;
430;07/06/2023;00:30:56;25.41;;;;430;07/06/2023;00:38:31;25.21;;;;430;07/06/2023;00:38:50;25.41;;;;
431;07/06/2023;00:31:56;25.41;;;;431;07/06/2023;00:39:31;25.2;Synchronized;;;431;07/06/2023;00:39:50;25.39;;;;
432;07/06/2023;00:32:56;25.38;;;;432;07/06/2023;00:40:31;25.23;;;;432;07/06/2023;00:40:50;25.39;;;;
433;07/06/2023;00:33:56;25.36;;;;433;07/06/2023;00:41:31;25.2;;;;433;07/06/2023;00:41:50;25.41;;;;
434;07/06/2023;00:34:56;25.39;;;;434;07/06/2023;00:42:31;25.2;;;;434;07/06/2023;00:42:49;25.4;;;;
435;07/06/2023;00:35:55;25.39;;;;435;07/06/2023;00:43:31;25.18;Synchronized;;;435;07/06/2023;00:43:49;25.39;;;;
436;07/06/2023;00:36:55;25.38;;;;436;07/06/2023;00:44:31;25.18;;;;436;07/06/2023;00:44:49;25.4;;;;
437;07/06/2023;00:37:55;25.37;;;;437;07/06/2023;00:45:31;25.19;;;;437;07/06/2023;00:45:49;25.38;;;;
438;07/06/2023;00:38:55;25.39;;;;438;07/06/2023;00:46:31;25.18;Synchronized;;;438;07/06/2023;00:46:49;25.39;;;;
439;07/06/2023;00:39:55;25.38;;;;439;07/06/2023;00:47:31;25.16;;;;439;07/06/2023;00:47:49;25.38;;;;
440;07/06/2023;00:40:55;25.38;;;;440;07/06/2023;00:48:31;25.16;;;;440;07/06/2023;00:48:49;25.38;;;;
441;07/06/2023;00:41:55;25.35;;;;441;07/06/2023;00:49:31;25.17;Synchronized;;;441;07/06/2023;00:49:49;25.38;;;;
442;07/06/2023;00:42:55;25.38;;;;442;07/06/2023;00:50:31;25.17;;;;442;07/06/2023;00:50:49;25.37;;;;
443;07/06/2023;00:43:55;25.37;;;;443;07/06/2023;00:51:31;25.19;;;;443;07/06/2023;00:51:48;25.37;;;;
444;07/06/2023;00:44:55;25.36;;;;444;07/06/2023;00:52:31;25.17;;;;444;07/06/2023;00:52:48;25.38;;;;
445;07/06/2023;00:45:55;25.37;;;;445;07/06/2023;00:53:31;25.18;;;;445;07/06/2023;00:53:48;25.36;;;;
446;07/06/2023;00:46:55;25.37;;;;446;07/06/2023;00:54:31;25.17;Synchronized;;;446;07/06/2023;00:54:48;25.4;;;;
447;07/06/2023;00:47:55;25.34;;;;447;07/06/2023;00:55:31;25.16;Synchronized;;;447;07/06/2023;00:55:48;25.37;;;;
448;07/06/2023;00:48:55;25.36;;;;448;07/06/2023;00:56:31;25.19;;;;448;07/06/2023;00:56:48;25.38;;;;
449;07/06/2023;00:49:55;25.35;;;;449;07/06/2023;00:57:31;25.17;;;;449;07/06/2023;00:57:48;25.36;;;;
450;07/06/2023;00:50:55;25.34;;;;450;07/06/2023;00:58:31;25.16;;;;450;07/06/2023;00:58:48;25.37;Synchronized;;;
451;07/06/2023;00:51:54;25.38;;;;451;07/06/2023;00:59:31;25.13;;;;451;07/06/2023;00:59:48;25.37;;;;
452;07/06/2023;00:52:54;25.36;;;;452;07/06/2023;01:00:31;25.16;;;;452;07/06/2023;01:00:47;25.36;;;;
453;07/06/2023;00:53:54;25.34;;;;453;07/06/2023;01:01:31;25.16;;;;453;07/06/2023;01:01:47;25.37;;;;
454;07/06/2023;00:54:54;25.36;;;;454;07/06/2023;01:02:31;25.18;;;;454;07/06/2023;01:02:47;25.37;;;;
455;07/06/2023;00:55:54;25.34;;;;455;07/06/2023;01:03:31;25.16;;;;455;07/06/2023;01:03:47;25.36;;;;
456;07/06/2023;00:56:54;25.36;;;;456;07/06/2023;01:04:31;25.16;;;;456;07/06/2023;01:04:47;25.36;;;;
457;07/06/2023;00:57:54;25.36;;;;457;07/06/2023;01:05:31;25.16;;;;457;07/06/2023;01:05:47;25.36;;;;
458;07/06/2023;00:58:54;25.35;;;;458;07/06/2023;01:06:31;25.16;;;;458;07/06/2023;01:06:47;25.35;;;;
459;07/06/2023;00:59:54;25.35;;;;459;07/06/2023;01:07:30;25.16;;;;459;07/06/2023;01:07:47;25.37;;;;
460;07/06/2023;01:00:54;25.34;;;;460;07/06/2023;01:08:30;25.14;;;;460;07/06/2023;01:08:47;25.36;;;;
461;07/06/2023;01:01:54;25.33;;;;461;07/06/2023;01:09:30;25.15;;;;461;07/06/2023;01:09:46;25.37;;;;
462;07/06/2023;01:02:54;25.36;Synchronized;;;462;07/06/2023;01:10:30;25.13;;;;462;07/06/2023;01:10:46;25.35;;;;
463;07/06/2023;01:03:54;25.34;;;;463;07/06/2023;01:11:30;25.14;;;;463;07/06/2023;01:11:46;25.34;;;;
464;07/06/2023;01:04:54;25.34;;;;464;07/06/2023;01:12:30;25.12;;;;464;07/06/2023;01:12:46;25.36;;;;
465;07/06/2023;01:05:54;25.34;;;;465;07/06/2023;01:13:30;25.13;;;;465;07/06/2023;01:13:46;25.34;;;;
466;07/06/2023;01:06:54;25.33;;;;466;07/06/2023;01:14:30;25.15;;;;466;07/06/2023;01:14:46;25.34;;;;
467;07/06/2023;01:07:53;25.33;;;;467;07/06/2023;01:15:30;25.15;;;;467;07/06/2023;01:15:46;25.34;;;;
468;07/06/2023;01:08:53;25.34;;;;468;07/06/2023;01:16:30;25.13;;;;468;07/06/2023;01:16:46;25.35;;;;
469;07/06/2023;01:09:53;25.33;;;;469;07/06/2023;01:17:30;25.09;;;;469;07/06/2023;01:17:46;25.34;;;;
470;07/06/2023;01:10:53;25.33;;;;470;07/06/2023;01:18:30;25.13;Synchronized;;;470;07/06/2023;01:18:45;25.34;;;;
471;07/06/2023;01:11:53;25.33;;;;471;07/06/2023;01:19:30;25.11;;;;471;07/06/2023;01:19:45;25.34;;;;
472;07/06/2023;01:12:53;25.32;;;;472;07/06/2023;01:20:30;25.13;;;;472;07/06/2023;01:20:45;25.34;;;;
473;07/06/2023;01:13:53;25.32;;;;473;07/06/2023;01:21:30;25.13;;;;473;07/06/2023;01:21:45;25.34;;;;
474;07/06/2023;01:14:53;25.32;;;;474;07/06/2023;01:22:30;25.11;;;;474;07/06/2023;01:22:45;25.32;;;;
475;07/06/2023;01:15:53;25.32;;;;475;07/06/2023;01:23:30;25.11;;;;475;07/06/2023;01:23:45;25.33;;;;
476;07/06/2023;01:16:53;25.33;;;;476;07/06/2023;01:24:30;25.13;;;;476;07/06/2023;01:24:45;25.34;;;;
477;07/06/2023;01:17:53;25.32;;;;477;07/06/2023;01:25:30;25.09;Synchronized;;;477;07/06/2023;01:25:45;25.32;;;;
478;07/06/2023;01:18:53;25.33;;;;478;07/06/2023;01:26:30;25.11;;;;478;07/06/2023;01:26:45;25.34;;;;
479;07/06/2023;01:19:53;25.3;;;;479;07/06/2023;01:27:30;25.11;;;;479;07/06/2023;01:27:44;25.32;;;;
480;07/06/2023;01:20:53;25.34;;;;480;07/06/2023;01:28:30;25.11;Synchronized;;;480;07/06/2023;01:28:44;25.34;;;;
481;07/06/2023;01:21:53;25.3;;;;481;07/06/2023;01:29:30;25.09;;;;481;07/06/2023;01:29:44;25.32;;;;
482;07/06/2023;01:22:53;25.3;;;;482;07/06/2023;01:30:30;25.09;;;;482;07/06/2023;01:30:44;25.31;;;;
483;07/06/2023;01:23:53;25.3;;;;483;07/06/2023;01:31:30;25.13;;;;483;07/06/2023;01:31:44;25.32;;;;
484;07/06/2023;01:24:53;25.29;;;;484;07/06/2023;01:32:30;25.09;;;;484;07/06/2023;01:32:44;25.31;;;;
485;07/06/2023;01:25:52;25.29;;;;485;07/06/2023;01:33:30;25.12;Synchronized;;;485;07/06/2023;01:33:44;25.33;;;;
486;07/06/2023;01:26:52;25.3;;;;486;07/06/2023;01:34:30;25.11;Synchronized;;;486;07/06/2023;01:34:44;25.33;;;;
487;07/06/2023;01:27:52;25.29;;;;487;07/06/2023;01:35:30;25.12;;;;487;07/06/2023;01:35:43;25.32;;;;
488;07/06/2023;01:28:52;25.3;;;;488;07/06/2023;01:36:30;25.09;;;;488;07/06/2023;01:36:43;25.3;;;;
489;07/06/2023;01:29:52;25.3;;;;489;07/06/2023;01:37:30;25.08;Synchronized;;;489;07/06/2023;01:37:43;25.31;;;;
490;07/06/2023;01:30:52;25.28;;;;490;07/06/2023;01:38:30;25.12;;;;490;07/06/2023;01:38:43;25.31;;;;
491;07/06/2023;01:31:52;25.29;;;;491;07/06/2023;01:39:30;25.11;;;;491;07/06/2023;01:39:43;25.3;;;;
492;07/06/2023;01:32:52;25.3;;;;492;07/06/2023;01:40:30;25.11;;;;492;07/06/2023;01:40:43;25.32;;;;
493;07/06/2023;01:33:52;25.3;;;;493;07/06/2023;01:41:30;25.12;Synchronized;;;493;07/06/2023;01:41:43;25.32;;;;
494;07/06/2023;01:34:52;25.29;;;;494;07/06/2023;01:42:30;25.11;;;;494;07/06/2023;01:42:43;25.33;;;;
495;07/06/2023;01:35:52;25.3;;;;495;07/06/2023;01:43:30;25.12;Synchronized;;;495;07/06/2023;01:43:43;25.31;;;;
496;07/06/2023;01:36:52;25.28;;;;496;07/06/2023;01:44:30;25.11;;;;496;07/06/2023;01:44:42;25.32;;;;
497;07/06/2023;01:37:52;25.3;;;;497;07/06/2023;01:45:30;25.13;;;;497;07/06/2023;01:45:42;25.34;;;;
498;07/06/2023;01:38:52;25.27;;;;498;07/06/2023;01:46:30;25.09;;;;498;07/06/2023;01:46:42;25.32;;;;
499;07/06/2023;01:39:52;25.3;;;;499;07/06/2023;01:47:30;25.09;;;;499;07/06/2023;01:47:42;25.3;;;;
500;07/06/2023;01:40:52;25.28;;;;500;07/06/2023;01:48:30;25.11;Synchronized;;;500;07/06/2023;01:48:42;25.33;;;;
501;07/06/2023;01:41:52;25.3;;;;501;07/06/2023;01:49:29;25.13;;;;501;07/06/2023;01:49:42;25.31;;;;
502;07/06/2023;01:42:51;25.29;;;;502;07/06/2023;01:50:29;25.09;;;;502;07/06/2023;01:50:42;25.32;;;;
503;07/06/2023;01:43:51;25.29;;;;503;07/06/2023;01:51:29;25.12;;;;503;07/06/2023;01:51:42;25.33;;;;
504;07/06/2023;01:44:51;25.27;;;;504;07/06/2023;01:52:29;25.12;;;;504;07/06/2023;01:52:42;25.32;;;;
505;07/06/2023;01:45:51;25.3;;;;505;07/06/2023;01:53:29;25.09;;;;505;07/06/2023;01:53:41;25.31;;;;
506;07/06/2023;01:46:51;25.3;;;;506;07/06/2023;01:54:29;25.09;;;;506;07/06/2023;01:54:41;25.31;;;;
507;07/06/2023;01:47:51;25.29;;;;507;07/06/2023;01:55:29;25.11;Synchronized;;;507;07/06/2023;01:55:41;25.31;;;;
508;07/06/2023;01:48:51;25.28;;;;508;07/06/2023;01:56:29;25.09;;;;508;07/06/2023;01:56:41;25.3;;;;
509;07/06/2023;01:49:51;25.27;;;;509;07/06/2023;01:57:29;25.11;;;;509;07/06/2023;01:57:41;25.31;;;;
510;07/06/2023;01:50:51;25.29;;;;510;07/06/2023;01:58:29;25.09;;;;510;07/06/2023;01:58:41;25.3;;;;
511;07/06/2023;01:51:51;25.27;;;;511;07/06/2023;01:59:29;25.13;Synchronized;;;511;07/06/2023;01:59:41;25.3;;;;
512;07/06/2023;01:52:51;25.27;;;;512;07/06/2023;02:00:29;25.09;;;;512;07/06/2023;02:00:41;25.3;;;;
513;07/06/2023;01:53:51;25.28;;;;513;07/06/2023;02:01:29;25.12;;;;513;07/06/2023;02:01:41;25.3;;;;
514;07/06/2023;01:54:51;25.27;;;;514;07/06/2023;02:02:29;25.12;;;;514;07/06/2023;02:02:41;25.3;;;;
515;07/06/2023;01:55:51;25.29;;;;515;07/06/2023;02:03:29;25.09;;;;515;07/06/2023;02:03:40;25.3;;;;
516;07/06/2023;01:56:51;25.27;;;;516;07/06/2023;02:04:29;25.13;;;;516;07/06/2023;02:04:40;25.3;;;;
517;07/06/2023;01:57:51;25.27;;;;517;07/06/2023;02:05:29;25.09;;;;517;07/06/2023;02:05:40;25.31;;;;
518;07/06/2023;01:58:50;25.28;;;;518;07/06/2023;02:06:29;25.12;;;;518;07/06/2023;02:06:40;25.31;;;;
519;07/06/2023;01:59:50;25.27;;;;519;07/06/2023;02:07:29;25.09;;;;519;07/06/2023;02:07:40;25.3;;;;
520;07/06/2023;02:00:50;25.27;;;;520;07/06/2023;02:08:29;25.08;;;;520;07/06/2023;02:08:40;25.29;Synchronized;;;
521;07/06/2023;02:01:50;25.3;;;;521;07/06/2023;02:09:29;25.07;;;;521;07/06/2023;02:09:40;25.3;;;;
522;07/06/2023;02:02:50;25.29;;;;522;07/06/2023;02:10:29;25.07;;;;522;07/06/2023;02:10:40;25.29;;;;
523;07/06/2023;02:03:50;25.26;;;;523;07/06/2023;02:11:29;25.06;;;;523;07/06/2023;02:11:40;25.27;;;;
524;07/06/2023;02:04:50;25.28;;;;524;07/06/2023;02:12:29;25.08;;;;524;07/06/2023;02:12:39;25.29;;;;
525;07/06/2023;02:05:50;25.29;;;;525;07/06/2023;02:13:29;25.09;;;;525;07/06/2023;02:13:39;25.3;;;;
526;07/06/2023;02:06:50;25.27;;;;526;07/06/2023;02:14:29;25.07;;;;526;07/06/2023;02:14:39;25.27;;;;
527;07/06/2023;02:07:50;25.27;;;;527;07/06/2023;02:15:29;25.09;;;;527;07/06/2023;02:15:39;25.3;;;;
528;07/06/2023;02:08:50;25.25;;;;528;07/06/2023;02:16:29;25.07;;;;528;07/06/2023;02:16:39;25.3;;;;
529;07/06/2023;02:09:50;25.26;;;;529;07/06/2023;02:17:29;25.09;;;;529;07/06/2023;02:17:39;25.3;;;;
530;07/06/2023;02:10:50;25.27;;;;530;07/06/2023;02:18:29;25.08;Synchronized;;;530;07/06/2023;02:18:39;25.27;;;;
531;07/06/2023;02:11:50;25.26;;;;531;07/06/2023;02:19:29;25.09;;;;531;07/06/2023;02:19:39;25.29;;;;
532;07/06/2023;02:12:50;25.24;;;;532;07/06/2023;02:20:29;25.08;Synchronized;;;532;07/06/2023;02:20:39;25.27;;;;
533;07/06/2023;02:13:50;25.25;;;;533;07/06/2023;02:21:29;25.09;;;;533;07/06/2023;02:21:39;25.27;;;;
534;07/06/2023;02:14:49;25.27;;;;534;07/06/2023;02:22:29;25.08;;;;534;07/06/2023;02:22:38;25.3;;;;
535;07/06/2023;02:15:49;25.27;;;;535;07/06/2023;02:23:29;25.08;;;;535;07/06/2023;02:23:38;25.27;;;;
536;07/06/2023;02:16:49;25.26;;;;536;07/06/2023;02:24:29;25.07;;;;536;07/06/2023;02:24:38;25.27;;;;
537;07/06/2023;02:17:49;25.26;;;;537;07/06/2023;02:25:29;25.05;Synchronized;;;537;07/06/2023;02:25:38;25.27;;;;
538;07/06/2023;02:18:49;25.26;;;;538;07/06/2023;02:26:29;25.05;;;;538;07/06/2023;02:26:38;25.27;;;;
539;07/06/2023;02:19:49;25.27;;;;539;07/06/2023;02:27:29;25.06;;;;539;07/06/2023;02:27:38;25.29;;;;
540;07/06/2023;02:20:49;25.24;;;;540;07/06/2023;02:28:29;25.05;;;;540;07/06/2023;02:28:38;25.27;;;;
541;07/06/2023;02:21:49;25.25;;;;541;07/06/2023;02:29:29;25.05;;;;541;07/06/2023;02:29:38;25.27;;;;
542;07/06/2023;02:22:49;25.26;;;;542;07/06/2023;02:30:29;25.05;;;;542;07/06/2023;02:30:38;25.26;;;;
543;07/06/2023;02:23:49;25.23;;;;543;07/06/2023;02:31:29;25.05;;;;543;07/06/2023;02:31:38;25.26;;;;
544;07/06/2023;02:24:49;25.25;;;;544;07/06/2023;02:32:29;25.05;;;;544;07/06/2023;02:32:37;25.26;;;;
545;07/06/2023;02:25:49;25.24;;;;545;07/06/2023;02:33:29;25.05;;;;545;07/06/2023;02:33:37;25.25;;;;
546;07/06/2023;02:26:49;25.26;;;;546;07/06/2023;02:34:29;25.03;;;;546;07/06/2023;02:34:37;25.25;;;;
547;07/06/2023;02:27:49;25.21;;;;547;07/06/2023;02:35:28;25.05;;;;547;07/06/2023;02:35:37;25.25;;;;
548;07/06/2023;02:28:49;25.25;;;;548;07/06/2023;02:36:28;25.05;;;;548;07/06/2023;02:36:37;25.24;;;;
549;07/06/2023;02:29:49;25.26;;;;549;07/06/2023;02:37:28;25.02;;;;549;07/06/2023;02:37:37;25.24;;;;
550;07/06/2023;02:30:49;25.23;;;;550;07/06/2023;02:38:28;25.03;Synchronized;;;550;07/06/2023;02:38:37;25.24;;;;
551;07/06/2023;02:31:48;25.24;;;;551;07/06/2023;02:39:28;25.02;;;;551;07/06/2023;02:39:37;25.25;;;;
552;07/06/2023;02:32:48;25.23;;;;552;07/06/2023;02:40:28;25.04;Synchronized;;;552;07/06/2023;02:40:37;25.24;;;;
553;07/06/2023;02:33:48;25.22;;;;553;07/06/2023;02:41:28;25.05;;;;553;07/06/2023;02:41:36;25.25;;;;
554;07/06/2023;02:34:48;25.23;;;;554;07/06/2023;02:42:28;25.06;;;;554;07/06/2023;02:42:36;25.25;;;;
555;07/06/2023;02:35:48;25.24;;;;555;07/06/2023;02:43:28;25.04;;;;555;07/06/2023;02:43:36;25.23;;;;
556;07/06/2023;02:36:48;25.23;;;;556;07/06/2023;02:44:28;25.03;;;;556;07/06/2023;02:44:36;25.23;;;;
557;07/06/2023;02:37:48;25.23;;;;557;07/06/2023;02:45:28;25.05;;;;557;07/06/2023;02:45:36;25.26;;;;
558;07/06/2023;02:38:48;25.23;;;;558;07/06/2023;02:46:28;25.03;;;;558;07/06/2023;02:46:36;25.24;;;;
559;07/06/2023;02:39:48;25.21;;;;559;07/06/2023;02:47:28;25.02;;;;559;07/06/2023;02:47:36;25.26;;;;
560;07/06/2023;02:40:48;25.23;;;;560;07/06/2023;02:48:28;25.02;;;;560;07/06/2023;02:48:36;25.23;;;;
561;07/06/2023;02:41:48;25.22;;;;561;07/06/2023;02:49:28;25.03;Synchronized;;;561;07/06/2023;02:49:36;25.23;;;;
562;07/06/2023;02:42:48;25.21;;;;562;07/06/2023;02:50:28;25.05;;;;562;07/06/2023;02:50:35;25.22;;;;
563;07/06/2023;02:43:48;25.21;;;;563;07/06/2023;02:51:28;25.03;;;;563;07/06/2023;02:51:35;25.23;;;;
564;07/06/2023;02:44:48;25.23;;;;564;07/06/2023;02:52:28;25.02;;;;564;07/06/2023;02:52:35;25.23;;;;
565;07/06/2023;02:45:48;25.22;;;;565;07/06/2023;02:53:28;25.02;Synchronized;;;565;07/06/2023;02:53:35;25.23;;;;
566;07/06/2023;02:46:48;25.22;;;;566;07/06/2023;02:54:28;25.04;;;;566;07/06/2023;02:54:35;25.23;;;;
567;07/06/2023;02:47:48;25.2;;;;567;07/06/2023;02:55:28;25.05;;;;567;07/06/2023;02:55:35;25.24;;;;
568;07/06/2023;02:48:48;25.2;;;;568;07/06/2023;02:56:28;25.05;Synchronized;;;568;07/06/2023;02:56:35;25.23;Synchronized;;;
569;07/06/2023;02:49:47;25.21;;;;569;07/06/2023;02:57:28;25.04;;;;569;07/06/2023;02:57:35;25.25;;;;
570;07/06/2023;02:50:47;25.22;;;;570;07/06/2023;02:58:28;25.05;;;;570;07/06/2023;02:58:35;25.23;;;;
571;07/06/2023;02:51:47;25.2;;;;571;07/06/2023;02:59:28;25.02;;;;571;07/06/2023;02:59:35;25.23;;;;
572;07/06/2023;02:52:47;25.22;;;;572;07/06/2023;03:00:28;25.03;;;;572;07/06/2023;03:00:34;25.22;;;;
573;07/06/2023;02:53:47;25.2;;;;573;07/06/2023;03:01:28;25.03;;;;573;07/06/2023;03:01:34;25.23;;;;
574;07/06/2023;02:54:47;25.21;;;;574;07/06/2023;03:02:28;25.03;;;;574;07/06/2023;03:02:34;25.24;;;;
575;07/06/2023;02:55:47;25.22;;;;575;07/06/2023;03:03:28;25.03;;;;575;07/06/2023;03:03:34;25.24;;;;
576;07/06/2023;02:56:47;25.2;;;;576;07/06/2023;03:04:28;25;;;;576;07/06/2023;03:04:34;25.22;;;;
577;07/06/2023;02:57:47;25.23;;;;577;07/06/2023;03:05:28;25.03;Synchronized;;;577;07/06/2023;03:05:34;25.23;;;;
578;07/06/2023;02:58:47;25.22;;;;578;07/06/2023;03:06:28;25.02;;;;578;07/06/2023;03:06:34;25.23;;;;
579;07/06/2023;02:59:47;25.22;;;;579;07/06/2023;03:07:28;25.01;Synchronized;;;579;07/06/2023;03:07:34;25.22;;;;
580;07/06/2023;03:00:47;25.22;;;;580;07/06/2023;03:08:28;25.02;;;;580;07/06/2023;03:08:34;25.23;;;;
581;07/06/2023;03:01:47;25.23;;;;581;07/06/2023;03:09:28;24.99;;;;581;07/06/2023;03:09:34;25.22;;;;
582;07/06/2023;03:02:47;25.22;;;;582;07/06/2023;03:10:28;25;Synchronized;;;582;07/06/2023;03:10:33;25.22;;;;
583;07/06/2023;03:03:47;25.2;;;;583;07/06/2023;03:11:28;25.01;;;;583;07/06/2023;03:11:33;25.22;;;;
584;07/06/2023;03:04:47;25.2;;;;584;07/06/2023;03:12:28;25;;;;584;07/06/2023;03:12:33;25.23;;;;
585;07/06/2023;03:05:47;25.22;;;;585;07/06/2023;03:13:28;25;Synchronized;;;585;07/06/2023;03:13:33;25.2;;;;
586;07/06/2023;03:06:47;25.21;;;;586;07/06/2023;03:14:28;25;;;;586;07/06/2023;03:14:33;25.21;;;;
587;07/06/2023;03:07:47;25.2;;;;587;07/06/2023;03:15:28;24.98;;;;587;07/06/2023;03:15:33;25.21;;;;
588;07/06/2023;03:08:46;25.2;;;;588;07/06/2023;03:16:28;25;;;;588;07/06/2023;03:16:33;25.2;;;;
589;07/06/2023;03:09:46;25.2;;;;589;07/06/2023;03:17:28;25;Synchronized;;;589;07/06/2023;03:17:33;25.22;;;;
590;07/06/2023;03:10:46;25.18;;;;590;07/06/2023;03:18:28;25;;;;590;07/06/2023;03:18:33;25.22;;;;
591;07/06/2023;03:11:46;25.18;;;;591;07/06/2023;03:19:28;24.99;;;;591;07/06/2023;03:19:33;25.21;;;;
592;07/06/2023;03:12:46;25.2;;;;592;07/06/2023;03:20:28;24.99;;;;592;07/06/2023;03:20:32;25.2;;;;
593;07/06/2023;03:13:46;25.2;;;;593;07/06/2023;03:21:28;25;Synchronized;;;593;07/06/2023;03:21:32;25.2;;;;
594;07/06/2023;03:14:46;25.16;;;;594;07/06/2023;03:22:28;25.01;;;;594;07/06/2023;03:22:32;25.21;;;;
595;07/06/2023;03:15:46;25.18;;;;595;07/06/2023;03:23:28;24.98;;;;595;07/06/2023;03:23:32;25.2;;;;
596;07/06/2023;03:16:46;25.2;;;;596;07/06/2023;03:24:28;25.01;;;;596;07/06/2023;03:24:32;25.21;;;;
597;07/06/2023;03:17:46;25.17;;;;597;07/06/2023;03:25:28;24.99;;;;597;07/06/2023;03:25:32;25.2;;;;
598;07/06/2023;03:18:46;25.2;;;;598;07/06/2023;03:26:28;24.99;;;;598;07/06/2023;03:26:32;25.2;;;;
599;07/06/2023;03:19:46;25.16;;;;599;07/06/2023;03:27:28;24.99;;;;599;07/06/2023;03:27:32;25.2;;;;
600;07/06/2023;03:20:46;25.18;;;;600;07/06/2023;03:28:28;25;;;;600;07/06/2023;03:28:32;25.2;;;;
601;07/06/2023;03:21:46;25.18;;;;601;07/06/2023;03:29:28;24.99;;;;601;07/06/2023;03:29:32;25.2;;;;
602;07/06/2023;03:22:45;25.16;;;;602;07/06/2023;03:30:28;24.98;;;;602;07/06/2023;03:30:31;25.2;;;;
603;07/06/2023;03:23:45;25.16;;;;603;07/06/2023;03:31:28;25;;;;603;07/06/2023;03:31:31;25.22;;;;
604;07/06/2023;03:24:45;25.16;;;;604;07/06/2023;03:32:28;24.97;;;;604;07/06/2023;03:32:31;25.2;;;;
605;07/06/2023;03:25:45;25.17;;;;605;07/06/2023;03:33:28;25.01;;;;605;07/06/2023;03:33:31;25.2;;;;
606;07/06/2023;03:26:45;25.16;;;;606;07/06/2023;03:34:28;24.99;;;;606;07/06/2023;03:34:31;25.19;;;;
607;07/06/2023;03:27:45;25.18;;;;607;07/06/2023;03:35:28;25.02;;;;607;07/06/2023;03:35:31;25.2;;;;
608;07/06/2023;03:28:45;25.16;;;;608;07/06/2023;03:36:28;24.99;;;;608;07/06/2023;03:36:31;25.2;;;;
609;07/06/2023;03:29:45;25.17;Synchronized;;;609;07/06/2023;03:37:28;25;;;;609;07/06/2023;03:37:31;25.2;;;;
610;07/06/2023;03:30:45;25.17;Synchronized;;;610;07/06/2023;03:38:28;24.97;;;;610;07/06/2023;03:38:31;25.19;;;;
611;07/06/2023;03:31:45;25.17;;;;611;07/06/2023;03:39:28;25;Synchronized;;;611;07/06/2023;03:39:31;25.2;;;;
612;07/06/2023;03:32:45;25.17;;;;612;07/06/2023;03:40:28;24.97;;;;612;07/06/2023;03:40:31;25.19;;;;
613;07/06/2023;03:33:45;25.2;;;;613;07/06/2023;03:41:28;24.96;;;;613;07/06/2023;03:41:30;25.18;;;;
614;07/06/2023;03:34:45;25.16;;;;614;07/06/2023;03:42:28;24.96;Synchronized;;;614;07/06/2023;03:42:30;25.2;;;;
615;07/06/2023;03:35:45;25.17;;;;615;07/06/2023;03:43:28;24.96;;;;615;07/06/2023;03:43:30;25.19;;;;
616;07/06/2023;03:36:45;25.16;;;;616;07/06/2023;03:44:28;24.99;;;;616;07/06/2023;03:44:30;25.2;;;;
617;07/06/2023;03:37:45;25.16;;;;617;07/06/2023;03:45:28;24.96;Synchronized;;;617;07/06/2023;03:45:30;25.2;;;;
618;07/06/2023;03:38:45;25.16;;;;618;07/06/2023;03:46:28;24.97;;;;618;07/06/2023;03:46:30;25.18;Synchronized;;;
619;07/06/2023;03:39:45;25.16;;;;619;07/06/2023;03:47:28;24.98;;;;619;07/06/2023;03:47:30;25.19;;;;
620;07/06/2023;03:40:44;25.17;;;;620;07/06/2023;03:48:28;24.98;;;;620;07/06/2023;03:48:30;25.17;;;;
621;07/06/2023;03:41:44;25.17;;;;621;07/06/2023;03:49:28;24.98;;;;621;07/06/2023;03:49:30;25.2;;;;
622;07/06/2023;03:42:44;25.14;;;;622;07/06/2023;03:50:28;24.96;Synchronized;;;622;07/06/2023;03:50:30;25.2;;;;
623;07/06/2023;03:43:44;25.15;;;;623;07/06/2023;03:51:28;24.95;;;;623;07/06/2023;03:51:29;25.18;;;;
624;07/06/2023;03:44:44;25.15;;;;624;07/06/2023;03:52:28;24.96;;;;624;07/06/2023;03:52:29;25.2;;;;
625;07/06/2023;03:45:44;25.16;;;;625;07/06/2023;03:53:28;24.95;;;;625;07/06/2023;03:53:29;25.18;;;;
626;07/06/2023;03:46:44;25.16;;;;626;07/06/2023;03:54:28;24.95;;;;626;07/06/2023;03:54:29;25.17;;;;
627;07/06/2023;03:47:44;25.16;;;;627;07/06/2023;03:55:28;24.95;;;;627;07/06/2023;03:55:29;25.17;;;;
628;07/06/2023;03:48:44;25.14;;;;628;07/06/2023;03:56:28;24.95;;;;628;07/06/2023;03:56:29;25.18;;;;
629;07/06/2023;03:49:44;25.16;;;;629;07/06/2023;03:57:28;24.96;;;;629;07/06/2023;03:57:29;25.16;;;;
630;07/06/2023;03:50:44;25.16;;;;630;07/06/2023;03:58:28;24.96;Synchronized;;;630;07/06/2023;03:58:29;25.16;;;;
631;07/06/2023;03:51:44;25.13;;;;631;07/06/2023;03:59:28;24.93;;;;631;07/06/2023;03:59:29;25.17;;;;
632;07/06/2023;03:52:44;25.14;;;;632;07/06/2023;04:00:28;24.95;;;;632;07/06/2023;04:00:29;25.17;;;;
633;07/06/2023;03:53:44;25.13;;;;633;07/06/2023;04:01:28;24.95;;;;633;07/06/2023;04:01:28;25.15;;;;
634;07/06/2023;03:54:43;25.13;;;;634;07/06/2023;04:02:28;24.95;;;;634;07/06/2023;04:02:28;25.18;;;;
635;07/06/2023;03:55:43;25.13;;;;635;07/06/2023;04:03:28;24.95;;;;635;07/06/2023;04:03:28;25.18;;;;
636;07/06/2023;03:56:43;25.15;;;;636;07/06/2023;04:04:28;24.97;;;;636;07/06/2023;04:04:28;25.17;;;;
637;07/06/2023;03:57:43;25.13;;;;637;07/06/2023;04:05:28;24.95;Synchronized;;;637;07/06/2023;04:05:28;25.18;;;;
638;07/06/2023;03:58:43;25.13;;;;638;07/06/2023;04:06:28;24.95;;;;638;07/06/2023;04:06:28;25.17;;;;
639;07/06/2023;03:59:43;25.15;;;;639;07/06/2023;04:07:28;24.97;;;;639;07/06/2023;04:07:28;25.16;;;;
640;07/06/2023;04:00:43;25.15;;;;640;07/06/2023;04:08:28;24.95;;;;640;07/06/2023;04:08:28;25.17;;;;
641;07/06/2023;04:01:43;25.13;;;;641;07/06/2023;04:09:28;24.96;;;;641;07/06/2023;04:09:28;25.18;;;;
642;07/06/2023;04:02:43;25.15;;;;642;07/06/2023;04:10:28;24.99;;;;642;07/06/2023;04:10:28;25.17;;;;
643;07/06/2023;04:03:43;25.15;;;;643;07/06/2023;04:11:28;24.97;Synchronized;;;643;07/06/2023;04:11:28;25.19;;;;
644;07/06/2023;04:04:43;25.13;;;;644;07/06/2023;04:12:28;25;Synchronized;;;644;07/06/2023;04:12:27;25.16;;;;
645;07/06/2023;04:05:43;25.13;;;;645;07/06/2023;04:13:28;24.97;;;;645;07/06/2023;04:13:27;25.17;;;;
646;07/06/2023;04:06:43;25.13;;;;646;07/06/2023;04:14:28;24.97;;;;646;07/06/2023;04:14:27;25.16;;;;
647;07/06/2023;04:07:43;25.13;;;;647;07/06/2023;04:15:28;24.95;;;;647;07/06/2023;04:15:27;25.16;;;;
648;07/06/2023;04:08:43;25.16;;;;648;07/06/2023;04:16:28;24.98;;;;648;07/06/2023;04:16:27;25.17;;;;
649;07/06/2023;04:09:42;25.13;;;;649;07/06/2023;04:17:28;24.95;;;;649;07/06/2023;04:17:27;25.15;;;;
650;07/06/2023;04:10:42;25.14;;;;650;07/06/2023;04:18:28;24.95;;;;650;07/06/2023;04:18:27;25.16;;;;
651;07/06/2023;04:11:42;25.13;;;;651;07/06/2023;04:19:28;24.95;;;;651;07/06/2023;04:19:27;25.17;;;;
652;07/06/2023;04:12:42;25.14;;;;652;07/06/2023;04:20:28;24.96;;;;652;07/06/2023;04:20:27;25.15;;;;
653;07/06/2023;04:13:42;25.13;;;;653;07/06/2023;04:21:28;24.95;;;;653;07/06/2023;04:21:26;25.17;;;;
654;07/06/2023;04:14:42;25.14;;;;654;07/06/2023;04:22:28;24.94;;;;654;07/06/2023;04:22:26;25.17;;;;
655;07/06/2023;04:15:42;25.14;;;;655;07/06/2023;04:23:28;24.98;;;;655;07/06/2023;04:23:26;25.16;;;;
656;07/06/2023;04:16:42;25.13;;;;656;07/06/2023;04:24:27;24.92;;;;656;07/06/2023;04:24:26;25.14;;;;
657;07/06/2023;04:17:42;25.12;;;;657;07/06/2023;04:25:27;24.92;;;;657;07/06/2023;04:25:26;25.16;;;;
658;07/06/2023;04:18:42;25.14;;;;658;07/06/2023;04:26:28;24.93;;;;658;07/06/2023;04:26:26;25.15;;;;
659;07/06/2023;04:19:42;25.13;;;;659;07/06/2023;04:27:28;24.91;;;;659;07/06/2023;04:27:26;25.16;;;;
660;07/06/2023;04:20:42;25.13;;;;660;07/06/2023;04:28:28;24.92;Synchronized;;;660;07/06/2023;04:28:26;25.16;;;;
661;07/06/2023;04:21:42;25.13;;;;661;07/06/2023;04:29:28;24.93;;;;661;07/06/2023;04:29:26;25.14;;;;
662;07/06/2023;04:22:42;25.13;;;;662;07/06/2023;04:30:28;24.94;;;;662;07/06/2023;04:30:26;25.14;;;;
663;07/06/2023;04:23:41;25.14;;;;663;07/06/2023;04:31:27;24.93;;;;663;07/06/2023;04:31:26;25.16;;;;
664;07/06/2023;04:24:41;25.11;;;;664;07/06/2023;04:32:27;24.95;;;;664;07/06/2023;04:32:25;25.13;;;;
665;07/06/2023;04:25:41;25.13;;;;665;07/06/2023;04:33:27;24.95;Synchronized;;;665;07/06/2023;04:33:25;25.16;;;;
666;07/06/2023;04:26:41;25.11;;;;666;07/06/2023;04:34:27;24.94;;;;666;07/06/2023;04:34:25;25.13;;;;
667;07/06/2023;04:27:41;25.13;;;;667;07/06/2023;04:35:27;24.93;;;;667;07/06/2023;04:35:25;25.16;;;;
668;07/06/2023;04:28:41;25.13;;;;668;07/06/2023;04:36:27;24.94;;;;668;07/06/2023;04:36:25;25.15;;;;
669;07/06/2023;04:29:41;25.13;;;;669;07/06/2023;04:37:27;24.95;;;;669;07/06/2023;04:37:25;25.14;;;;
670;07/06/2023;04:30:41;25.1;;;;670;07/06/2023;04:38:27;24.93;Synchronized;;;670;07/06/2023;04:38:25;25.16;;;;
671;07/06/2023;04:31:41;25.11;;;;671;07/06/2023;04:39:27;24.93;;;;671;07/06/2023;04:39:25;25.15;;;;
672;07/06/2023;04:32:41;25.1;;;;672;07/06/2023;04:40:27;24.95;;;;672;07/06/2023;04:40:25;25.14;;;;
673;07/06/2023;04:33:41;25.13;;;;673;07/06/2023;04:41:27;24.94;Synchronized;;;673;07/06/2023;04:41:25;25.15;;;;
674;07/06/2023;04:34:41;25.12;;;;674;07/06/2023;04:42:27;24.95;;;;674;07/06/2023;04:42:24;25.15;;;;
675;07/06/2023;04:35:41;25.12;;;;675;07/06/2023;04:43:27;24.95;;;;675;07/06/2023;04:43:24;25.14;;;;
676;07/06/2023;04:36:41;25.12;;;;676;07/06/2023;04:44:27;24.93;;;;676;07/06/2023;04:44:24;25.13;;;;
677;07/06/2023;04:37:41;25.13;;;;677;07/06/2023;04:45:27;24.91;;;;677;07/06/2023;04:45:24;25.13;;;;
678;07/06/2023;04:38:41;25.12;;;;678;07/06/2023;04:46:27;24.93;Synchronized;;;678;07/06/2023;04:46:24;25.13;;;;
679;07/06/2023;04:39:40;25.13;;;;679;07/06/2023;04:47:27;24.92;;;;679;07/06/2023;04:47:24;25.14;;;;
680;07/06/2023;04:40:40;25.11;;;;680;07/06/2023;04:48:27;24.92;;;;680;07/06/2023;04:48:24;25.14;Synchronized;;;
681;07/06/2023;04:41:40;25.12;;;;681;07/06/2023;04:49:27;24.93;;;;681;07/06/2023;04:49:24;25.13;;;;
682;07/06/2023;04:42:40;25.12;;;;682;07/06/2023;04:50:27;24.92;Synchronized;;;682;07/06/2023;04:50:24;25.13;;;;
683;07/06/2023;04:43:40;25.12;;;;683;07/06/2023;04:51:27;24.94;;;;683;07/06/2023;04:51:24;25.13;Synchronized;;;
684;07/06/2023;04:44:40;25.1;;;;684;07/06/2023;04:52:27;24.94;;;;684;07/06/2023;04:52:24;25.14;;;;
685;07/06/2023;04:45:40;25.12;;;;685;07/06/2023;04:53:27;24.95;;;;685;07/06/2023;04:53:23;25.13;;;;
686;07/06/2023;04:46:40;25.12;;;;686;07/06/2023;04:54:27;24.94;;;;686;07/06/2023;04:54:23;25.13;;;;
687;07/06/2023;04:47:40;25.11;;;;687;07/06/2023;04:55:27;24.95;;;;687;07/06/2023;04:55:23;25.15;;;;
688;07/06/2023;04:48:40;25.1;;;;688;07/06/2023;04:56:27;24.95;;;;688;07/06/2023;04:56:23;25.14;;;;
689;07/06/2023;04:49:40;25.12;;;;689;07/06/2023;04:57:27;24.95;;;;689;07/06/2023;04:57:23;25.13;;;;
690;07/06/2023;04:50:40;25.1;;;;690;07/06/2023;04:58:27;24.96;;;;690;07/06/2023;04:58:23;25.13;;;;
691;07/06/2023;04:51:40;25.09;;;;691;07/06/2023;04:59:27;24.95;;;;691;07/06/2023;04:59:23;25.12;;;;
692;07/06/2023;04:52:40;25.12;;;;692;07/06/2023;05:00:27;24.94;;;;692;07/06/2023;05:00:23;25.13;;;;
693;07/06/2023;04:53:40;25.09;;;;693;07/06/2023;05:01:27;24.93;;;;693;07/06/2023;05:01:23;25.14;;;;
694;07/06/2023;04:54:40;25.09;;;;694;07/06/2023;05:02:27;24.94;;;;694;07/06/2023;05:02:23;25.14;;;;
695;07/06/2023;04:55:39;25.11;;;;695;07/06/2023;05:03:27;24.93;;;;695;07/06/2023;05:03:23;25.13;;;;
696;07/06/2023;04:56:39;25.11;;;;696;07/06/2023;05:04:27;24.95;;;;696;07/06/2023;05:04:22;25.14;;;;
697;07/06/2023;04:57:39;25.09;;;;697;07/06/2023;05:05:27;24.95;Synchronized;;;697;07/06/2023;05:05:22;25.12;;;;
698;07/06/2023;04:58:39;25.11;;;;698;07/06/2023;05:06:27;24.95;;;;698;07/06/2023;05:06:22;25.12;;;;
699;07/06/2023;04:59:39;25.11;;;;699;07/06/2023;05:07:27;24.91;;;;699;07/06/2023;05:07:22;25.12;;;;
700;07/06/2023;05:00:39;25.12;;;;700;07/06/2023;05:08:27;24.94;;;;700;07/06/2023;05:08:22;25.13;;;;
701;07/06/2023;05:01:39;25.1;;;;701;07/06/2023;05:09:27;24.91;;;;701;07/06/2023;05:09:22;25.13;;;;
702;07/06/2023;05:02:39;25.1;;;;702;07/06/2023;05:10:27;24.95;;;;702;07/06/2023;05:10:22;25.12;;;;
703;07/06/2023;05:03:39;25.09;;;;703;07/06/2023;05:11:27;24.94;;;;703;07/06/2023;05:11:22;25.12;;;;
704;07/06/2023;05:04:39;25.09;;;;704;07/06/2023;05:12:27;24.95;;;;704;07/06/2023;05:12:22;25.12;;;;
705;07/06/2023;05:05:39;25.09;;;;705;07/06/2023;05:13:27;24.92;;;;705;07/06/2023;05:13:22;25.12;;;;
706;07/06/2023;05:06:39;25.12;;;;706;07/06/2023;05:14:27;24.93;;;;706;07/06/2023;05:14:22;25.13;;;;
707;07/06/2023;05:07:39;25.1;;;;707;07/06/2023;05:15:27;24.92;;;;707;07/06/2023;05:15:22;25.13;Synchronized;;;
708;07/06/2023;05:08:39;25.09;;;;708;07/06/2023;05:16:27;24.94;;;;708;07/06/2023;05:16:21;25.11;;;;
709;07/06/2023;05:09:39;25.11;;;;709;07/06/2023;05:17:27;24.92;;;;709;07/06/2023;05:17:21;25.11;;;;
710;07/06/2023;05:10:39;25.11;;;;710;07/06/2023;05:18:27;24.91;;;;710;07/06/2023;05:18:21;25.1;;;;
711;07/06/2023;05:11:39;25.09;;;;711;07/06/2023;05:19:27;24.91;;;;711;07/06/2023;05:19:21;25.13;;;;
712;07/06/2023;05:12:39;25.08;;;;712;07/06/2023;05:20:27;24.91;;;;712;07/06/2023;05:20:21;25.1;;;;
713;07/06/2023;05:13:38;25.09;;;;713;07/06/2023;05:21:27;24.9;;;;713;07/06/2023;05:21:21;25.09;;;;
714;07/06/2023;05:14:38;25.09;;;;714;07/06/2023;05:22:27;24.9;;;;714;07/06/2023;05:22:21;25.11;;;;
715;07/06/2023;05:15:38;25.09;;;;715;07/06/2023;05:23:28;24.89;;;;715;07/06/2023;05:23:21;25.1;;;;
716;07/06/2023;05:16:38;25.1;;;;716;07/06/2023;05:24:28;24.9;;;;716;07/06/2023;05:24:21;25.09;;;;
717;07/06/2023;05:17:38;25.11;;;;717;07/06/2023;05:25:28;24.89;;;;717;07/06/2023;05:25:21;25.11;Synchronized;;;
718;07/06/2023;05:18:38;25.09;;;;718;07/06/2023;05:26:28;24.87;Synchronized;;;718;07/06/2023;05:26:20;25.1;;;;
719;07/06/2023;05:19:38;25.08;;;;719;07/06/2023;05:27:28;24.87;;;;719;07/06/2023;05:27:20;25.1;;;;
720;07/06/2023;05:20:38;25.06;;;;720;07/06/2023;05:28:28;24.87;;;;720;07/06/2023;05:28:20;25.1;;;;
721;07/06/2023;05:21:38;25.05;;;;721;07/06/2023;05:29:28;24.85;;;;721;07/06/2023;05:29:20;25.09;;;;
722;07/06/2023;05:22:38;25.09;;;;722;07/06/2023;05:30:28;24.87;;;;722;07/06/2023;05:30:20;25.09;;;;
723;07/06/2023;05:23:38;25.09;;;;723;07/06/2023;05:31:28;24.88;;;;723;07/06/2023;05:31:20;25.07;;;;
724;07/06/2023;05:24:38;25.08;;;;724;07/06/2023;05:32:28;24.85;;;;724;07/06/2023;05:32:20;25.11;;;;
725;07/06/2023;05:25:38;25.06;;;;725;07/06/2023;05:33:28;24.85;;;;725;07/06/2023;05:33:20;25.1;;;;
726;07/06/2023;05:26:38;25.09;;;;726;07/06/2023;05:34:28;24.88;Synchronized;;;726;07/06/2023;05:34:19;25.09;;;;
727;07/06/2023;05:27:38;25.05;;;;727;07/06/2023;05:35:28;24.89;Synchronized;;;727;07/06/2023;05:35:19;25.09;;;;
728;07/06/2023;05:28:38;25.05;;;;728;07/06/2023;05:36:28;24.88;;;;728;07/06/2023;05:36:19;25.1;;;;
729;07/06/2023;05:29:37;25.08;;;;729;07/06/2023;05:37:28;24.85;;;;729;07/06/2023;05:37:19;25.09;;;;
730;07/06/2023;05:30:37;25.05;;;;730;07/06/2023;05:38:28;24.88;;;;730;07/06/2023;05:38:19;25.09;;;;
731;07/06/2023;05:31:37;25.09;;;;731;07/06/2023;05:39:28;24.88;;;;731;07/06/2023;05:39:19;25.09;;;;
732;07/06/2023;05:32:37;25.05;;;;732;07/06/2023;05:40:28;24.88;;;;732;07/06/2023;05:40:19;25.09;;;;
733;07/06/2023;05:33:37;25.05;;;;733;07/06/2023;05:41:28;24.88;;;;733;07/06/2023;05:41:19;25.07;;;;
734;07/06/2023;05:34:37;25.04;;;;734;07/06/2023;05:42:28;24.87;;;;734;07/06/2023;05:42:19;25.08;;;;
735;07/06/2023;05:35:37;25.08;;;;735;07/06/2023;05:43:28;24.88;;;;735;07/06/2023;05:43:19;25.09;;;;
736;07/06/2023;05:36:37;25.06;;;;736;07/06/2023;05:44:28;24.87;;;;736;07/06/2023;05:44:19;25.09;;;;
737;07/06/2023;05:37:37;25.06;;;;737;07/06/2023;05:45:28;24.85;;;;737;07/06/2023;05:45:19;25.08;;;;
738;07/06/2023;05:38:37;25.05;;;;738;07/06/2023;05:46:28;24.88;;;;738;07/06/2023;05:46:19;25.09;;;;
739;07/06/2023;05:39:37;25.05;;;;739;07/06/2023;05:47:28;24.88;;;;739;07/06/2023;05:47:18;25.09;;;;
740;07/06/2023;05:40:37;25.04;;;;740;07/06/2023;05:48:28;24.88;;;;740;07/06/2023;05:48:18;25.1;;;;
741;07/06/2023;05:41:37;25.04;;;;741;07/06/2023;05:49:28;24.87;;;;741;07/06/2023;05:49:18;25.09;;;;
742;07/06/2023;05:42:37;25.05;;;;742;07/06/2023;05:50:28;24.84;;;;742;07/06/2023;05:50:18;25.08;;;;
743;07/06/2023;05:43:37;25.05;;;;743;07/06/2023;05:51:28;24.87;;;;743;07/06/2023;05:51:18;25.09;;;;
744;07/06/2023;05:44:37;25.05;;;;744;07/06/2023;05:52:28;24.85;;;;744;07/06/2023;05:52:18;25.09;;;;
745;07/06/2023;05:45:36;25.05;;;;745;07/06/2023;05:53:28;24.87;;;;745;07/06/2023;05:53:18;25.09;;;;
746;07/06/2023;05:46:36;25.05;;;;746;07/06/2023;05:54:28;24.85;;;;746;07/06/2023;05:54:18;25.08;;;;
747;07/06/2023;05:47:36;25.05;;;;747;07/06/2023;05:55:28;24.84;;;;747;07/06/2023;05:55:18;25.06;;;;
748;07/06/2023;05:48:36;25.05;;;;748;07/06/2023;05:56:28;24.83;Synchronized;;;748;07/06/2023;05:56:17;25.08;;;;
749;07/06/2023;05:49:36;25.04;;;;749;07/06/2023;05:57:28;24.83;Synchronized;;;749;07/06/2023;05:57:17;25.07;;;;
750;07/06/2023;05:50:36;25.05;;;;750;07/06/2023;05:58:28;24.85;;;;750;07/06/2023;05:58:17;25.09;;;;
751;07/06/2023;05:51:36;25.05;;;;751;07/06/2023;05:59:28;24.84;;;;751;07/06/2023;05:59:17;25.06;;;;
752;07/06/2023;05:52:36;25.03;;;;752;07/06/2023;06:00:28;24.85;;;;752;07/06/2023;06:00:17;25.08;;;;
753;07/06/2023;05:53:36;25.06;;;;753;07/06/2023;06:01:28;24.88;;;;753;07/06/2023;06:01:17;25.08;;;;
754;07/06/2023;05:54:36;25.05;;;;754;07/06/2023;06:02:28;24.85;;;;754;07/06/2023;06:02:17;25.08;;;;
755;07/06/2023;05:55:36;25.05;;;;755;07/06/2023;06:03:28;24.84;;;;755;07/06/2023;06:03:16;25.06;;;;
756;07/06/2023;05:56:36;25.02;;;;756;07/06/2023;06:04:28;24.84;;;;756;07/06/2023;06:04:16;25.09;;;;
757;07/06/2023;05:57:36;25.05;;;;757;07/06/2023;06:05:28;24.85;;;;757;07/06/2023;06:05:16;25.08;;;;
758;07/06/2023;05:58:36;25.04;;;;758;07/06/2023;06:06:28;24.87;;;;758;07/06/2023;06:06:16;25.06;;;;
759;07/06/2023;05:59:36;25.05;;;;759;07/06/2023;06:07:28;24.85;;;;759;07/06/2023;06:07:16;25.09;;;;
760;07/06/2023;06:00:36;25.05;;;;760;07/06/2023;06:08:28;24.84;;;;760;07/06/2023;06:08:16;25.06;;;;
761;07/06/2023;06:01:36;25.02;;;;761;07/06/2023;06:09:28;24.87;;;;761;07/06/2023;06:09:16;25.06;;;;
762;07/06/2023;06:02:36;25.05;;;;762;07/06/2023;06:10:28;24.87;;;;762;07/06/2023;06:10:16;25.08;;;;
763;07/06/2023;06:03:36;25.05;;;;763;07/06/2023;06:11:28;24.81;;;;763;07/06/2023;06:11:16;25.06;;;;
764;07/06/2023;06:04:36;25.04;;;;764;07/06/2023;06:12:28;24.84;;;;764;07/06/2023;06:12:16;25.08;;;;
765;07/06/2023;06:05:36;25.04;;;;765;07/06/2023;06:13:28;24.84;;;;765;07/06/2023;06:13:15;25.08;;;;
766;07/06/2023;06:06:36;25.03;;;;766;07/06/2023;06:14:28;24.85;Synchronized;;;766;07/06/2023;06:14:15;25.08;;;;
767;07/06/2023;06:07:35;25.05;;;;767;07/06/2023;06:15:28;24.85;;;;767;07/06/2023;06:15:15;25.06;;;;
768;07/06/2023;06:08:35;25.03;;;;768;07/06/2023;06:16:28;24.84;;;;768;07/06/2023;06:16:15;25.06;;;;
769;07/06/2023;06:09:35;25.04;;;;769;07/06/2023;06:17:28;24.84;;;;769;07/06/2023;06:17:15;25.06;;;;
770;07/06/2023;06:10:35;25.03;;;;770;07/06/2023;06:18:28;24.84;Synchronized;;;770;07/06/2023;06:18:15;25.08;;;;
771;07/06/2023;06:11:35;25.04;;;;771;07/06/2023;06:19:28;24.87;;;;771;07/06/2023;06:19:15;25.06;;;;
772;07/06/2023;06:12:35;25.02;;;;772;07/06/2023;06:20:28;24.88;;;;772;07/06/2023;06:20:15;25.08;;;;
773;07/06/2023;06:13:35;25.02;;;;773;07/06/2023;06:21:28;24.9;;;;773;07/06/2023;06:21:14;25.08;;;;
774;07/06/2023;06:14:35;25.02;;;;774;07/06/2023;06:22:28;24.88;Synchronized;;;774;07/06/2023;06:22:14;25.07;;;;
775;07/06/2023;06:15:35;25.04;;;;775;07/06/2023;06:23:28;24.89;;;;775;07/06/2023;06:23:14;25.09;;;;
776;07/06/2023;06:16:35;25.04;;;;776;07/06/2023;06:24:28;24.87;;;;776;07/06/2023;06:24:14;25.07;;;;
777;07/06/2023;06:17:35;25.04;;;;777;07/06/2023;06:25:28;24.87;;;;777;07/06/2023;06:25:14;25.08;;;;
778;07/06/2023;06:18:35;25.03;;;;778;07/06/2023;06:26:28;24.88;;;;778;07/06/2023;06:26:14;25.05;;;;
779;07/06/2023;06:19:35;25.05;;;;779;07/06/2023;06:27:28;24.88;;;;779;07/06/2023;06:27:14;25.07;;;;
780;07/06/2023;06:20:34;25.05;;;;780;07/06/2023;06:28:28;24.89;Synchronized;;;780;07/06/2023;06:28:13;25.07;;;;
781;07/06/2023;06:21:34;25.03;;;;781;07/06/2023;06:29:28;24.89;Synchronized;;;781;07/06/2023;06:29:13;25.07;;;;
782;07/06/2023;06:22:34;25.05;;;;782;07/06/2023;06:30:28;24.91;;;;782;07/06/2023;06:30:13;25.07;;;;
783;07/06/2023;06:23:34;25.04;;;;783;07/06/2023;06:31:28;24.9;Synchronized;;;783;07/06/2023;06:31:13;25.07;;;;
784;07/06/2023;06:24:34;25.03;;;;784;07/06/2023;06:32:28;24.9;;;;784;07/06/2023;06:32:13;25.1;;;;
785;07/06/2023;06:25:34;25.05;;;;785;07/06/2023;06:33:28;24.91;;;;785;07/06/2023;06:33:13;25.09;;;;
786;07/06/2023;06:26:34;25.02;;;;786;07/06/2023;06:34:28;24.91;;;;786;07/06/2023;06:34:13;25.08;;;;
787;07/06/2023;06:27:34;25.05;;;;787;07/06/2023;06:35:28;24.91;;;;787;07/06/2023;06:35:13;25.07;;;;
788;07/06/2023;06:28:34;25.05;;;;788;07/06/2023;06:36:28;24.94;;;;788;07/06/2023;06:36:12;25.08;;;;
789;07/06/2023;06:29:34;25.04;;;;789;07/06/2023;06:37:28;24.92;;;;789;07/06/2023;06:37:12;25.08;;;;
790;07/06/2023;06:30:34;25.08;;;;790;07/06/2023;06:38:28;24.93;;;;790;07/06/2023;06:38:12;25.09;;;;
791;07/06/2023;06:31:34;25.05;;;;791;07/06/2023;06:39:28;24.91;;;;791;07/06/2023;06:39:12;25.09;;;;
792;07/06/2023;06:32:34;25.04;;;;792;07/06/2023;06:40:28;24.91;;;;792;07/06/2023;06:40:12;25.09;;;;
793;07/06/2023;06:33:33;25.05;;;;793;07/06/2023;06:41:28;24.92;;;;793;07/06/2023;06:41:12;25.09;;;;
794;07/06/2023;06:34:33;25.05;;;;794;07/06/2023;06:42:28;24.94;;;;794;07/06/2023;06:42:12;25.09;;;;
795;07/06/2023;06:35:33;25.04;;;;795;07/06/2023;06:43:28;24.91;Synchronized;;;795;07/06/2023;06:43:12;25.1;;;;
796;07/06/2023;06:36:33;25.03;;;;796;07/06/2023;06:44:28;24.93;;;;796;07/06/2023;06:44:12;25.09;;;;
797;07/06/2023;06:37:33;25.05;;;;797;07/06/2023;06:45:28;24.94;;;;797;07/06/2023;06:45:12;25.09;;;;
798;07/06/2023;06:38:33;25.05;;;;798;07/06/2023;06:46:28;24.95;;;;798;07/06/2023;06:46:12;25.08;;;;
799;07/06/2023;06:39:33;25.06;;;;799;07/06/2023;06:47:28;24.94;;;;799;07/06/2023;06:47:11;25.09;;;;
800;07/06/2023;06:40:33;25.05;;;;800;07/06/2023;06:48:28;24.95;;;;800;07/06/2023;06:48:11;25.1;;;;
801;07/06/2023;06:41:33;25.05;;;;801;07/06/2023;06:49:28;24.95;;;;801;07/06/2023;06:49:11;25.11;;;;
802;07/06/2023;06:42:33;25.06;;;;802;07/06/2023;06:50:28;24.95;;;;802;07/06/2023;06:50:11;25.11;;;;
803;07/06/2023;06:43:33;25.06;;;;803;07/06/2023;06:51:28;24.95;;;;803;07/06/2023;06:51:11;25.11;;;;
804;07/06/2023;06:44:33;25.06;;;;804;07/06/2023;06:52:28;24.95;;;;804;07/06/2023;06:52:11;25.12;;;;
805;07/06/2023;06:45:33;25.06;;;;805;07/06/2023;06:53:28;24.95;;;;805;07/06/2023;06:53:11;25.09;;;;
806;07/06/2023;06:46:33;25.09;;;;806;07/06/2023;06:54:28;24.97;;;;806;07/06/2023;06:54:11;25.1;;;;
807;07/06/2023;06:47:33;25.09;;;;807;07/06/2023;06:55:28;24.96;;;;807;07/06/2023;06:55:11;25.12;;;;
808;07/06/2023;06:48:33;25.1;;;;808;07/06/2023;06:56:28;24.95;;;;808;07/06/2023;06:56:11;25.11;;;;
809;07/06/2023;06:49:32;25.09;;;;809;07/06/2023;06:57:28;24.97;;;;809;07/06/2023;06:57:11;25.12;;;;
810;07/06/2023;06:50:32;25.08;;;;810;07/06/2023;06:58:28;24.99;;;;810;07/06/2023;06:58:10;25.12;;;;
811;07/06/2023;06:51:32;25.08;;;;811;07/06/2023;06:59:28;24.99;;;;811;07/06/2023;06:59:10;25.13;;;;
812;07/06/2023;06:52:32;25.09;;;;812;07/06/2023;07:00:28;25.01;;;;812;07/06/2023;07:00:10;25.12;;;;
813;07/06/2023;06:53:32;25.09;;;;813;07/06/2023;07:01:28;25;;;;813;07/06/2023;07:01:10;25.15;;;;
814;07/06/2023;06:54:32;25.09;;;;814;07/06/2023;07:02:28;25.01;;;;814;07/06/2023;07:02:10;25.13;;;;
815;07/06/2023;06:55:32;25.09;;;;815;07/06/2023;07:03:28;25.02;;;;815;07/06/2023;07:03:10;25.13;;;;
816;07/06/2023;06:56:32;25.09;;;;816;07/06/2023;07:04:28;25.01;;;;816;07/06/2023;07:04:10;25.12;;;;
817;07/06/2023;06:57:32;25.11;;;;817;07/06/2023;07:05:28;24.99;Synchronized;;;817;07/06/2023;07:05:10;25.13;;;;
818;07/06/2023;06:58:32;25.1;;;;818;07/06/2023;07:06:28;25.02;;;;818;07/06/2023;07:06:10;25.13;;;;
819;07/06/2023;06:59:32;25.09;;;;819;07/06/2023;07:07:28;25.02;;;;819;07/06/2023;07:07:10;25.13;;;;
820;07/06/2023;07:00:32;25.1;;;;820;07/06/2023;07:08:28;25.02;;;;820;07/06/2023;07:08:10;25.13;;;;
821;07/06/2023;07:01:32;25.09;;;;821;07/06/2023;07:09:28;25.02;;;;821;07/06/2023;07:09:10;25.14;;;;
822;07/06/2023;07:02:32;25.11;;;;822;07/06/2023;07:10:28;25.02;;;;822;07/06/2023;07:10:09;25.16;;;;
823;07/06/2023;07:03:32;25.11;;;;823;07/06/2023;07:11:28;25.02;;;;823;07/06/2023;07:11:09;25.14;;;;
824;07/06/2023;07:04:32;25.11;;;;824;07/06/2023;07:12:28;25.04;;;;824;07/06/2023;07:12:09;25.15;;;;
825;07/06/2023;07:05:31;25.12;;;;825;07/06/2023;07:13:28;25.01;;;;825;07/06/2023;07:13:09;25.15;;;;
826;07/06/2023;07:06:31;25.12;;;;826;07/06/2023;07:14:28;25.03;;;;826;07/06/2023;07:14:09;25.17;;;;
827;07/06/2023;07:07:31;25.13;;;;827;07/06/2023;07:15:28;25.05;;;;827;07/06/2023;07:15:09;25.16;;;;
828;07/06/2023;07:08:31;25.13;;;;828;07/06/2023;07:16:28;25.05;;;;828;07/06/2023;07:16:09;25.16;;;;
829;07/06/2023;07:09:31;25.15;;;;829;07/06/2023;07:17:28;25.05;;;;829;07/06/2023;07:17:09;25.15;;;;
830;07/06/2023;07:10:31;25.11;;;;830;07/06/2023;07:18:28;25.05;;;;830;07/06/2023;07:18:09;25.18;;;;
831;07/06/2023;07:11:31;25.13;;;;831;07/06/2023;07:19:28;25.03;;;;831;07/06/2023;07:19:09;25.18;;;;
832;07/06/2023;07:12:31;25.15;;;;832;07/06/2023;07:20:28;25.05;;;;832;07/06/2023;07:20:09;25.16;;;;
833;07/06/2023;07:13:31;25.13;;;;833;07/06/2023;07:21:28;25.05;;;;833;07/06/2023;07:21:08;25.18;;;;
834;07/06/2023;07:14:31;25.14;;;;834;07/06/2023;07:22:28;25.08;;;;834;07/06/2023;07:22:08;25.18;;;;
835;07/06/2023;07:15:31;25.15;;;;835;07/06/2023;07:23:28;25.07;Synchronized;;;835;07/06/2023;07:23:08;25.18;;;;
836;07/06/2023;07:16:31;25.15;;;;836;07/06/2023;07:24:28;25.09;;;;836;07/06/2023;07:24:08;25.17;;;;
837;07/06/2023;07:17:31;25.16;Synchronized;;;837;07/06/2023;07:25:28;25.07;;;;837;07/06/2023;07:25:08;25.2;;;;
838;07/06/2023;07:18:31;25.15;;;;838;07/06/2023;07:26:28;25.06;;;;838;07/06/2023;07:26:08;25.2;;;;
839;07/06/2023;07:19:31;25.16;;;;839;07/06/2023;07:27:28;25.09;Synchronized;;;839;07/06/2023;07:27:08;25.2;;;;
840;07/06/2023;07:20:31;25.16;;;;840;07/06/2023;07:28:28;25.09;;;;840;07/06/2023;07:28:08;25.21;;;;
841;07/06/2023;07:21:31;25.16;;;;841;07/06/2023;07:29:28;25.09;;;;841;07/06/2023;07:29:08;25.19;;;;
842;07/06/2023;07:22:31;25.16;;;;842;07/06/2023;07:30:28;25.09;;;;842;07/06/2023;07:30:08;25.2;;;;
843;07/06/2023;07:23:31;25.16;;;;843;07/06/2023;07:31:28;25.08;;;;843;07/06/2023;07:31:07;25.22;;;;
844;07/06/2023;07:24:31;25.18;;;;844;07/06/2023;07:32:28;25.11;;;;844;07/06/2023;07:32:07;25.21;;;;
845;07/06/2023;07:25:30;25.17;;;;845;07/06/2023;07:33:28;25.12;;;;845;07/06/2023;07:33:07;25.2;;;;
846;07/06/2023;07:26:31;25.18;;;;846;07/06/2023;07:34:28;25.09;Synchronized;;;846;07/06/2023;07:34:07;25.2;;;;
847;07/06/2023;07:27:31;25.17;;;;847;07/06/2023;07:35:28;25.12;;;;847;07/06/2023;07:35:07;25.2;;;;
848;07/06/2023;07:28:30;25.18;;;;848;07/06/2023;07:36:28;25.12;Synchronized;;;848;07/06/2023;07:36:07;25.21;;;;
849;07/06/2023;07:29:30;25.2;;;;849;07/06/2023;07:37:28;25.11;;;;849;07/06/2023;07:37:07;25.23;;;;
850;07/06/2023;07:30:30;25.21;;;;850;07/06/2023;07:38:28;25.11;;;;850;07/06/2023;07:38:07;25.2;;;;
851;07/06/2023;07:31:30;25.16;;;;851;07/06/2023;07:39:28;25.13;;;;851;07/06/2023;07:39:07;25.21;;;;
852;07/06/2023;07:32:30;25.2;;;;852;07/06/2023;07:40:28;25.12;;;;852;07/06/2023;07:40:07;25.23;;;;
853;07/06/2023;07:33:30;25.18;;;;853;07/06/2023;07:41:28;25.13;;;;853;07/06/2023;07:41:06;25.24;;;;
854;07/06/2023;07:34:30;25.2;;;;854;07/06/2023;07:42:28;25.12;;;;854;07/06/2023;07:42:06;25.23;;;;
855;07/06/2023;07:35:30;25.2;;;;855;07/06/2023;07:43:28;25.15;;;;855;07/06/2023;07:43:06;25.23;;;;
856;07/06/2023;07:36:30;25.2;;;;856;07/06/2023;07:44:28;25.16;;;;856;07/06/2023;07:44:06;25.26;;;;
857;07/06/2023;07:37:30;25.2;;;;857;07/06/2023;07:45:28;25.16;Synchronized;;;857;07/06/2023;07:45:06;25.23;;;;
858;07/06/2023;07:38:30;25.22;;;;858;07/06/2023;07:46:28;25.16;;;;858;07/06/2023;07:46:06;25.25;;;;
859;07/06/2023;07:39:30;25.2;;;;859;07/06/2023;07:47:28;25.15;;;;859;07/06/2023;07:47:06;25.27;;;;
860;07/06/2023;07:40:30;25.25;;;;860;07/06/2023;07:48:28;25.15;Synchronized;;;860;07/06/2023;07:48:06;25.26;;;;
861;07/06/2023;07:41:30;25.23;;;;861;07/06/2023;07:49:28;25.14;Synchronized;;;861;07/06/2023;07:49:06;25.27;;;;
862;07/06/2023;07:42:30;25.24;;;;862;07/06/2023;07:50:28;25.14;;;;862;07/06/2023;07:50:05;25.27;;;;
863;07/06/2023;07:43:30;25.24;;;;863;07/06/2023;07:51:28;25.13;Synchronized;;;863;07/06/2023;07:51:05;25.25;;;;
864;07/06/2023;07:44:30;25.24;;;;864;07/06/2023;07:52:28;25.14;Synchronized;;;864;07/06/2023;07:52:05;25.27;;;;
865;07/06/2023;07:45:30;25.26;Synchronized;;;865;07/06/2023;07:53:27;25.15;Synchronized;;;865;07/06/2023;07:53:05;25.27;;;;
866;07/06/2023;07:46:29;25.27;Synchronized;;;866;07/06/2023;07:54:27;25.13;Synchronized;;;866;07/06/2023;07:54:05;25.26;;;;
867;07/06/2023;07:47:29;25.24;;;;867;07/06/2023;07:55:27;25.16;;;;867;07/06/2023;07:55:05;25.25;;;;
868;07/06/2023;07:48:29;25.25;;;;868;07/06/2023;07:56:27;25.13;;;;868;07/06/2023;07:56:05;25.26;;;;
869;07/06/2023;07:49:29;25.24;;;;869;07/06/2023;07:57:27;25.13;;;;869;07/06/2023;07:57:05;25.27;;;;
870;07/06/2023;07:50:29;25.23;;;;870;07/06/2023;07:58:27;25.16;;;;870;07/06/2023;07:58:05;25.27;;;;
871;07/06/2023;07:51:29;25.25;;;;871;07/06/2023;07:59:27;25.2;;;;871;07/06/2023;07:59:04;25.3;;;;
872;07/06/2023;07:52:29;25.25;;;;872;07/06/2023;08:00:27;25.24;;;;872;07/06/2023;08:00:04;25.3;;;;
873;07/06/2023;07:53:29;25.26;;;;873;07/06/2023;08:01:27;25.23;;;;873;07/06/2023;08:01:04;25.3;;;;
874;07/06/2023;07:54:29;25.25;;;;874;07/06/2023;08:02:27;25.26;Synchronized;;;874;07/06/2023;08:02:04;25.3;;;;
875;07/06/2023;07:55:29;25.27;;;;875;07/06/2023;08:03:27;25.27;Synchronized;;;875;07/06/2023;08:03:04;25.32;Synchronized;;;
876;07/06/2023;07:56:29;25.26;;;;876;07/06/2023;08:04:27;25.61;Synchronized;;;876;07/06/2023;08:04:04;25.5;Synchronized;;;
877;07/06/2023;07:57:29;25.26;;;;877;07/06/2023;08:05:27;25.74;Synchronized;;;877;07/06/2023;08:05:03;25.85;Synchronized;;;
878;07/06/2023;07:58:29;25.27;;;;878;07/06/2023;08:06:28;25.81;Synchronized;;;878;07/06/2023;08:06:03;25.91;Synchronized;;;
879;07/06/2023;07:59:29;25.27;;;;879;07/06/2023;08:07:28;25.88;Synchronized;;;879;07/06/2023;08:07:03;25.96;Synchronized;;;
880;07/06/2023;08:00:29;25.3;;;;880;07/06/2023;08:08:28;25.94;Synchronized;;;880;07/06/2023;08:08:03;26.01;Synchronized;;;
881;07/06/2023;08:01:29;25.29;;;;881;07/06/2023;08:09:28;25.99;Synchronized;;;881;07/06/2023;08:09:03;26.06;Synchronized;;;
882;07/06/2023;08:02:29;25.3;Synchronized;;;882;07/06/2023;08:10:28;26.05;Synchronized;;;882;07/06/2023;08:10:03;26.09;Synchronized;;;
883;07/06/2023;08:03:29;25.33;Synchronized;;;883;07/06/2023;08:11:28;26.09;Synchronized;;;883;07/06/2023;08:11:02;26.1;Synchronized;;;
884;07/06/2023;08:04:29;25.54;Synchronized;;;884;07/06/2023;08:12:28;26.12;Synchronized;;;884;07/06/2023;08:12:02;26.16;Synchronized;;;
885;07/06/2023;08:05:28;25.87;Synchronized;;;885;07/06/2023;08:13:28;26.11;Synchronized;;;885;07/06/2023;08:13:02;26.15;Synchronized;;;
886;07/06/2023;08:06:28;25.91;Synchronized;;;886;07/06/2023;08:14:28;26.14;Synchronized;;;886;07/06/2023;08:14:02;26.16;Synchronized;;;
887;07/06/2023;08:07:28;25.94;Synchronized;;;887;07/06/2023;08:15:28;26.2;Synchronized;;;887;07/06/2023;08:15:02;26.23;Synchronized;;;
888;07/06/2023;08:08:28;25.96;Synchronized;;;888;07/06/2023;08:16:29;26.21;Synchronized;;;888;07/06/2023;08:16:02;26.22;Synchronized;;;
889;07/06/2023;08:09:28;26;Synchronized;;;889;07/06/2023;08:17:29;26.22;Synchronized;;;889;07/06/2023;08:17:01;26.22;Synchronized;;;
890;07/06/2023;08:10:28;26;Synchronized;;;890;07/06/2023;08:18:29;26.24;Synchronized;;;890;07/06/2023;08:18:01;26.24;Synchronized;;;
891;07/06/2023;08:11:27;26.03;Synchronized;;;891;07/06/2023;08:19:29;26.24;Synchronized;;;891;07/06/2023;08:19:01;26.27;Synchronized;;;
892;07/06/2023;08:12:27;26.02;Synchronized;;;892;07/06/2023;08:20:29;26.37;;;;892;07/06/2023;08:20:01;26.29;;;;
893;07/06/2023;08:13:27;26.03;Synchronized;;;893;07/06/2023;08:21:29;26.63;;;;893;07/06/2023;08:21:01;26.38;;;;
894;07/06/2023;08:14:27;26.06;Synchronized;;;894;07/06/2023;08:22:29;26.7;Synchronized;;;894;07/06/2023;08:22:01;26.55;Synchronized;;;
895;07/06/2023;08:15:27;26.06;Synchronized;;;895;07/06/2023;08:23:29;26.62;Synchronized;;;895;07/06/2023;08:23:01;26.5;Synchronized;;;
896;07/06/2023;08:16:27;26.08;Synchronized;;;896;07/06/2023;08:24:29;26.58;Synchronized;;;896;07/06/2023;08:24:00;26.5;Synchronized;;;
897;07/06/2023;08:17:27;26.09;Synchronized;;;897;07/06/2023;08:25:29;26.53;Synchronized;;;897;07/06/2023;08:25:00;26.48;Synchronized;;;
898;07/06/2023;08:18:26;26.08;Synchronized;;;898;07/06/2023;08:26:29;26.48;Synchronized;;;898;07/06/2023;08:26:00;26.43;Synchronized;;;
899;07/06/2023;08:19:26;26.12;Synchronized;;;899;07/06/2023;08:27:29;26.46;Synchronized;;;899;07/06/2023;08:27:00;26.43;Synchronized;;;
900;07/06/2023;08:20:26;26.23;Synchronized;;;900;07/06/2023;08:28:29;26.45;Synchronized;;;900;07/06/2023;08:28:00;26.41;Synchronized;;;
901;07/06/2023;08:21:26;26.32;;;;901;07/06/2023;08:29:29;26.41;Synchronized;;;901;07/06/2023;08:28:59;26.4;Synchronized;;;
902;07/06/2023;08:22:26;26.23;Synchronized;;;902;07/06/2023;08:30:29;26.41;Synchronized;;;902;07/06/2023;08:29:59;26.39;Synchronized;;;
903;07/06/2023;08:23:26;26.28;Synchronized;;;903;07/06/2023;08:31:29;26.4;Synchronized;;;903;07/06/2023;08:30:59;26.37;Synchronized;;;
904;07/06/2023;08:24:26;27.74;Synchronized;;;904;07/06/2023;08:32:29;26.4;Synchronized;;;904;07/06/2023;08:31:59;26.36;Synchronized;;;
905;07/06/2023;08:25:26;27.41;;;;905;07/06/2023;08:33:29;26.38;Synchronized;;;905;07/06/2023;08:32:59;26.37;Synchronized;;;
906;07/06/2023;08:26:26;26.98;;;;906;07/06/2023;08:34:29;26.41;Synchronized;;;906;07/06/2023;08:33:59;26.35;Synchronized;;;
907;07/06/2023;08:26:41;27.11;;;;907;07/06/2023;08:35:29;26.47;Synchronized;;;907;07/06/2023;08:34:58;26.41;Synchronized;;;
908;07/06/2023;08:26:56;27.06;;;;908;07/06/2023;08:36:29;26.48;Synchronized;;;908;07/06/2023;08:35:58;26.45;Synchronized;;;
909;07/06/2023;08:27:11;27.23;;;;909;07/06/2023;08:37:29;26.52;Synchronized;;;909;07/06/2023;08:36:58;26.5;Synchronized;;;
910;07/06/2023;08:27:26;27.11;Synchronized;;;910;07/06/2023;08:38:29;26.52;Synchronized;;;910;07/06/2023;08:37:58;26.52;Synchronized;;;
911;07/06/2023;08:27:41;26.98;Synchronized;;;911;07/06/2023;08:39:29;26.53;Synchronized;;;911;07/06/2023;08:38:58;26.53;Synchronized;;;
912;07/06/2023;08:27:56;26.84;;;;912;07/06/2023;08:40:29;26.52;Synchronized;;;912;07/06/2023;08:39:57;26.54;Synchronized;;;
913;07/06/2023;08:28:11;26.86;Synchronized;;;913;07/06/2023;08:41:29;26.49;Synchronized;;;913;07/06/2023;08:40:57;26.53;Synchronized;;;
914;07/06/2023;08:28:26;26.87;Synchronized;;;914;07/06/2023;08:42:30;26.47;Synchronized;;;914;07/06/2023;08:41:57;26.48;Synchronized;;;
915;07/06/2023;08:28:41;26.84;Synchronized;;;915;07/06/2023;08:43:30;26.43;Synchronized;;;915;07/06/2023;08:42:57;26.45;Synchronized;;;
916;07/06/2023;08:28:56;26.79;Synchronized;;;916;07/06/2023;08:44:30;26.41;Synchronized;;;916;07/06/2023;08:43:57;26.41;Synchronized;;;
917;07/06/2023;08:29:11;26.75;Synchronized;;;917;07/06/2023;08:45:30;26.41;Synchronized;;;917;07/06/2023;08:44:56;26.41;Synchronized;;;
918;07/06/2023;08:29:26;26.74;Synchronized;;;918;07/06/2023;08:46:30;26.38;Synchronized;;;918;07/06/2023;08:45:56;26.39;Synchronized;;;
919;07/06/2023;08:29:41;26.7;Synchronized;;;919;07/06/2023;08:47:30;26.36;Synchronized;;;919;07/06/2023;08:46:56;26.38;Synchronized;;;
920;07/06/2023;08:29:56;26.64;Synchronized;;;920;07/06/2023;08:48:30;26.39;Synchronized;;;920;07/06/2023;08:47:56;26.39;Synchronized;;;
921;07/06/2023;08:30:11;26.63;Synchronized;;;921;07/06/2023;08:49:30;26.43;Synchronized;;;921;07/06/2023;08:48:56;26.43;Synchronized;;;
922;07/06/2023;08:30:26;26.58;Synchronized;;;922;07/06/2023;08:50:30;30.02;Synchronized;;;922;07/06/2023;08:49:55;26.43;Synchronized;;;
923;07/06/2023;08:30:41;26.59;Synchronized;;;923;07/06/2023;08:51:30;36.45;Synchronized;;;923;07/06/2023;08:50:55;26.43;Synchronized;;;
924;07/06/2023;08:30:56;26.55;Synchronized;;;924;07/06/2023;08:52:30;37.31;Synchronized;;;924;07/06/2023;08:51:55;26.45;Synchronized;;;
925;07/06/2023;08:31:11;26.5;Synchronized;;;925;07/06/2023;08:53:30;37.45;Synchronized;;;925;07/06/2023;08:52:55;26.45;Synchronized;;;
926;07/06/2023;08:31:26;26.48;Synchronized;;;926;07/06/2023;08:54:30;37.5;Synchronized;;;926;07/06/2023;08:53:55;26.41;Synchronized;;;
927;07/06/2023;08:31:41;26.48;Synchronized;;;927;07/06/2023;08:55:30;37.52;Synchronized;;;927;07/06/2023;08:54:55;26.41;Synchronized;;;
928;07/06/2023;08:31:56;26.45;Synchronized;;;928;07/06/2023;08:56:30;37.52;Synchronized;;;928;07/06/2023;08:55:54;26.41;Synchronized;;;
929;07/06/2023;08:32:11;26.45;Synchronized;;;929;07/06/2023;08:57:30;37.52;Synchronized;;;929;07/06/2023;08:56:54;26.68;Synchronized;;;
930;07/06/2023;08:32:26;26.43;Synchronized;;;930;07/06/2023;08:58:30;37.51;Synchronized;;;930;07/06/2023;08:57:54;32.29;Synchronized;;;
931;07/06/2023;08:32:41;26.41;Synchronized;;;931;07/06/2023;08:59:30;37.47;Synchronized;;;931;07/06/2023;08:58:54;34.9;Synchronized;;;
932;07/06/2023;08:32:56;26.39;Synchronized;;;932;07/06/2023;09:00:30;37.45;Synchronized;;;932;07/06/2023;08:59:54;35.55;Synchronized;;;
933;07/06/2023;08:33:11;26.36;Synchronized;;;933;07/06/2023;09:01:30;37.46;Synchronized;;;933;07/06/2023;09:00:53;35.7;Synchronized;;;
934;07/06/2023;08:33:26;26.37;Synchronized;;;934;07/06/2023;09:02:30;37.42;;;;934;07/06/2023;09:01:53;35.7;Synchronized;;;
935;07/06/2023;08:33:41;26.35;Synchronized;;;935;07/06/2023;09:03:30;37.41;;;;935;07/06/2023;09:02:53;35.48;Synchronized;;;
936;07/06/2023;08:33:56;26.35;Synchronized;;;936;07/06/2023;09:04:30;37.41;Synchronized;;;936;07/06/2023;09:03:53;35.51;Synchronized;;;
937;07/06/2023;08:34:11;26.34;Synchronized;;;937;07/06/2023;09:05:30;37.41;;;;937;07/06/2023;09:04:53;35.6;Synchronized;;;
938;07/06/2023;08:34:26;26.34;Synchronized;;;938;07/06/2023;09:06:30;37.41;;;;938;07/06/2023;09:05:52;35.71;Synchronized;;;
939;07/06/2023;08:34:41;26.34;Synchronized;;;939;07/06/2023;09:07:30;37.42;;;;939;07/06/2023;09:06:52;35.84;Synchronized;;;
940;07/06/2023;08:34:56;26.31;Synchronized;;;940;07/06/2023;09:08:30;37.42;;;;940;07/06/2023;09:07:52;35.87;Synchronized;;;
941;07/06/2023;08:35:11;26.32;Synchronized;;;941;07/06/2023;09:09:30;37.41;;;;941;07/06/2023;09:08:52;35.97;Synchronized;;;
942;07/06/2023;08:35:26;26.33;Synchronized;;;942;07/06/2023;09:10:30;37.44;;;;942;07/06/2023;09:09:52;36.04;Synchronized;;;
943;07/06/2023;08:35:41;26.31;Synchronized;;;943;07/06/2023;09:11:30;37.42;Synchronized;;;943;07/06/2023;09:10:51;36.13;Synchronized;;;
944;07/06/2023;08:35:56;26.31;Synchronized;;;944;07/06/2023;09:12:30;37.44;;;;944;07/06/2023;09:11:51;36.23;Synchronized;;;
945;07/06/2023;08:36:11;26.31;Synchronized;;;945;07/06/2023;09:13:30;37.45;Synchronized;;;945;07/06/2023;09:12:51;36.34;Synchronized;;;
946;07/06/2023;08:36:26;26.3;Synchronized;;;946;07/06/2023;09:14:30;37.44;Synchronized;;;946;07/06/2023;09:13:51;36.45;Synchronized;;;
947;07/06/2023;08:36:41;26.3;Synchronized;;;947;07/06/2023;09:15:30;37.43;Synchronized;;;947;07/06/2023;09:14:51;36.5;Synchronized;;;
948;07/06/2023;08:36:56;26.33;Synchronized;;;948;07/06/2023;09:16:30;37.46;Synchronized;;;948;07/06/2023;09:15:50;36.58;Synchronized;;;
949;07/06/2023;08:37:11;26.31;Synchronized;;;949;07/06/2023;09:17:30;37.44;Synchronized;;;949;07/06/2023;09:16:50;36.66;Synchronized;;;
950;07/06/2023;08:37:26;26.3;Synchronized;;;950;07/06/2023;09:18:30;37.45;Synchronized;;;950;07/06/2023;09:17:50;36.72;Synchronized;;;
951;07/06/2023;08:37:41;26.3;Synchronized;;;951;07/06/2023;09:19:30;37.42;Synchronized;;;951;07/06/2023;09:18:50;36.76;Synchronized;;;
952;07/06/2023;08:37:56;26.27;Synchronized;;;952;07/06/2023;09:20:30;37.44;Synchronized;;;952;07/06/2023;09:19:50;36.8;Synchronized;;;
953;07/06/2023;08:38:11;26.3;Synchronized;;;953;07/06/2023;09:21:30;37.46;Synchronized;;;953;07/06/2023;09:20:50;36.83;Synchronized;;;
954;07/06/2023;08:38:26;26.3;Synchronized;;;954;07/06/2023;09:22:30;37.42;Synchronized;;;954;07/06/2023;09:21:49;36.87;Synchronized;;;
955;07/06/2023;08:38:41;26.3;Synchronized;;;955;07/06/2023;09:23:30;37.44;Synchronized;;;955;07/06/2023;09:22:49;36.91;Synchronized;;;
956;07/06/2023;08:38:56;26.3;Synchronized;;;956;07/06/2023;09:24:30;37.43;Synchronized;;;956;07/06/2023;09:23:49;36.91;Synchronized;;;
957;07/06/2023;08:39:11;26.3;Synchronized;;;957;07/06/2023;09:25:30;37.43;Synchronized;;;957;07/06/2023;09:24:49;36.95;Synchronized;;;
958;07/06/2023;08:39:26;26.28;Synchronized;;;958;07/06/2023;09:26:30;37.44;;;;958;07/06/2023;09:25:49;36.94;Synchronized;;;
959;07/06/2023;08:39:41;26.28;Synchronized;;;959;07/06/2023;09:27:30;37.42;;;;959;07/06/2023;09:26:48;36.95;Synchronized;;;
960;07/06/2023;08:39:56;26.28;Synchronized;;;960;07/06/2023;09:28:30;37.41;Synchronized;;;960;07/06/2023;09:27:48;36.95;Synchronized;;;
961;07/06/2023;08:40:11;26.28;Synchronized;;;961;07/06/2023;09:29:30;37.41;Synchronized;;;961;07/06/2023;09:28:48;37;;;;
962;07/06/2023;08:40:26;26.28;Synchronized;;;962;07/06/2023;09:30:30;37.39;Synchronized;;;962;07/06/2023;09:29:48;37;Synchronized;;;
963;07/06/2023;08:40:41;26.28;Synchronized;;;963;07/06/2023;09:31:30;37.38;Synchronized;;;963;07/06/2023;09:30:48;37.02;Synchronized;;;
964;07/06/2023;08:40:56;26.28;Synchronized;;;964;07/06/2023;09:32:30;37.38;Synchronized;;;964;07/06/2023;09:31:48;37.02;Synchronized;;;
965;07/06/2023;08:41:11;26.25;Synchronized;;;965;07/06/2023;09:33:29;37.4;Synchronized;;;965;07/06/2023;09:32:47;37.03;Synchronized;;;
966;07/06/2023;08:41:26;26.24;Synchronized;;;966;07/06/2023;09:34:29;37.4;Synchronized;;;966;07/06/2023;09:33:47;37.04;Synchronized;;;
967;07/06/2023;08:41:41;26.25;Synchronized;;;967;07/06/2023;09:35:29;37.38;Synchronized;;;967;07/06/2023;09:34:47;37.06;Synchronized;;;
968;07/06/2023;08:41:56;26.26;Synchronized;;;968;07/06/2023;09:36:29;37.38;Synchronized;;;968;07/06/2023;09:35:47;37.06;Synchronized;;;
969;07/06/2023;08:42:11;26.25;Synchronized;;;969;07/06/2023;09:37:29;37.38;;;;969;07/06/2023;09:36:47;37.03;Synchronized;;;
970;07/06/2023;08:42:26;26.24;Synchronized;;;970;07/06/2023;09:38:29;37.39;;;;970;07/06/2023;09:37:47;37.03;Synchronized;;;
971;07/06/2023;08:42:41;26.22;Synchronized;;;971;07/06/2023;09:39:29;37.37;Synchronized;;;971;07/06/2023;09:38:46;37.05;Synchronized;;;
972;07/06/2023;08:42:56;26.24;Synchronized;;;972;07/06/2023;09:40:29;37.39;;;;972;07/06/2023;09:39:46;37.04;Synchronized;;;
973;07/06/2023;08:43:11;26.23;Synchronized;;;973;07/06/2023;09:41:29;37.4;;;;973;07/06/2023;09:40:46;37.04;Synchronized;;;
974;07/06/2023;08:43:26;26.22;Synchronized;;;974;07/06/2023;09:42:29;37.4;Synchronized;;;974;07/06/2023;09:41:46;36.01;Synchronized;;;
975;07/06/2023;08:43:41;26.2;Synchronized;;;975;07/06/2023;09:43:29;37.4;Synchronized;;;975;07/06/2023;09:42:46;35.56;Synchronized;;;
976;07/06/2023;08:43:56;26.2;Synchronized;;;976;07/06/2023;09:44:29;37.4;;;;976;07/06/2023;09:43:46;35.16;Synchronized;;;
977;07/06/2023;08:44:11;26.2;Synchronized;;;977;07/06/2023;09:45:29;37.39;Synchronized;;;977;07/06/2023;09:44:46;34.81;Synchronized;;;
978;07/06/2023;08:44:26;26.2;Synchronized;;;978;07/06/2023;09:46:29;37.34;Synchronized;;;978;07/06/2023;09:45:45;34.76;Synchronized;;;
979;07/06/2023;08:44:41;26.2;Synchronized;;;979;07/06/2023;09:47:29;37.36;Synchronized;;;979;07/06/2023;09:46:45;34.57;Synchronized;;;
980;07/06/2023;08:44:56;26.19;Synchronized;;;980;07/06/2023;09:48:29;37.37;;;;980;07/06/2023;09:47:45;34.6;Synchronized;;;
981;07/06/2023;08:45:11;26.2;Synchronized;;;981;07/06/2023;09:49:29;37.36;Synchronized;;;981;07/06/2023;09:48:45;34.83;Synchronized;;;
982;07/06/2023;08:45:26;26.19;Synchronized;;;982;07/06/2023;09:50:29;37.26;;;;982;07/06/2023;09:49:45;35.04;Synchronized;;;
983;07/06/2023;08:45:41;26.16;Synchronized;;;983;07/06/2023;09:51:29;36.98;;;;983;07/06/2023;09:50:45;35.3;Synchronized;;;
984;07/06/2023;08:45:56;26.18;Synchronized;;;984;07/06/2023;09:52:29;36.79;;;;984;07/06/2023;09:51:44;35.52;Synchronized;;;
985;07/06/2023;08:46:11;26.16;Synchronized;;;985;07/06/2023;09:53:29;36.68;Synchronized;;;985;07/06/2023;09:52:44;36.22;Synchronized;;;
986;07/06/2023;08:46:26;26.18;Synchronized;;;986;07/06/2023;09:54:28;36.61;;;;986;07/06/2023;09:53:44;36.64;Synchronized;;;
987;07/06/2023;08:46:41;26.18;Synchronized;;;987;07/06/2023;09:55:28;36.56;Synchronized;;;987;07/06/2023;09:54:44;36.79;;;;
988;07/06/2023;08:46:56;26.19;Synchronized;;;988;07/06/2023;09:56:28;36.47;Synchronized;;;988;07/06/2023;09:55:44;36.85;Synchronized;;;
989;07/06/2023;08:47:11;26.2;Synchronized;;;989;07/06/2023;09:57:28;36.4;Synchronized;;;989;07/06/2023;09:56:43;36.8;;;;
990;07/06/2023;08:47:26;26.2;Synchronized;;;990;07/06/2023;09:58:28;36.26;Synchronized;;;990;07/06/2023;09:57:43;36.8;;;;
991;07/06/2023;08:47:41;26.2;Synchronized;;;991;07/06/2023;09:59:28;36.11;;;;991;07/06/2023;09:58:43;35.98;;;;
992;07/06/2023;08:47:56;26.24;Synchronized;;;992;07/06/2023;10:00:28;36.07;Synchronized;;;992;07/06/2023;09:59:42;35.51;;;;
993;07/06/2023;08:48:11;26.34;Synchronized;;;993;07/06/2023;10:01:27;36.01;Synchronized;;;993;07/06/2023;10:00:42;34.3;;;;
994;07/06/2023;08:48:26;26.37;Synchronized;;;994;07/06/2023;10:02:27;36;;;;994;07/06/2023;10:01:42;34.36;Synchronized;;;
995;07/06/2023;08:48:41;26.37;Synchronized;;;995;07/06/2023;10:03:27;35.95;;;;995;07/06/2023;10:02:42;34.23;;;;
996;07/06/2023;08:48:56;26.36;Synchronized;;;996;07/06/2023;10:04:27;35.97;;;;996;07/06/2023;10:03:42;34.63;Synchronized;;;
997;07/06/2023;08:49:11;26.37;Synchronized;;;997;07/06/2023;10:05:27;35.94;Synchronized;;;997;07/06/2023;10:04:42;35.25;;;;
998;07/06/2023;08:49:26;26.37;Synchronized;;;998;07/06/2023;10:06:27;35.86;Synchronized;;;998;07/06/2023;10:05:42;35.83;;;;
999;07/06/2023;08:49:41;26.36;Synchronized;;;999;07/06/2023;10:07:27;35.76;Synchronized;;;999;07/06/2023;10:06:42;36.12;;;;
1000;07/06/2023;08:49:56;26.38;Synchronized;;;1000;07/06/2023;10:08:27;35.52;;;;1000;07/06/2023;10:07:42;36.2;Synchronized;;;
1001;07/06/2023;08:50:11;26.36;Synchronized;;;1001;07/06/2023;10:09:27;35.25;Synchronized;;;1001;07/06/2023;10:08:42;36.41;Synchronized;;;
1002;07/06/2023;08:50:26;26.35;Synchronized;;;1002;07/06/2023;10:10:26;34.97;Synchronized;;;1002;07/06/2023;10:09:41;36.57;Synchronized;;;
1003;07/06/2023;08:50:41;26.35;Synchronized;;;1003;07/06/2023;10:11:26;34.91;;;;1003;07/06/2023;10:10:41;36.58;;;;
1004;07/06/2023;08:50:56;26.36;Synchronized;;;1004;07/06/2023;10:12:26;34.92;Synchronized;;;1004;07/06/2023;10:11:41;36.73;;;;
1005;07/06/2023;08:51:11;26.35;Synchronized;;;1005;07/06/2023;10:13:26;34.95;Synchronized;;;1005;07/06/2023;10:12:40;36.79;;;;
1006;07/06/2023;08:51:26;26.35;Synchronized;;;1006;07/06/2023;10:14:26;34.98;Synchronized;;;1006;07/06/2023;10:13:40;36.85;Synchronized;;;
1007;07/06/2023;08:51:41;26.34;Synchronized;;;1007;07/06/2023;10:15:26;35.02;Synchronized;;;1007;07/06/2023;10:14:40;36.93;Synchronized;;;
1008;07/06/2023;08:51:56;26.34;Synchronized;;;1008;07/06/2023;10:16:26;34.97;;;;1008;07/06/2023;10:15:40;36.89;;;;
1009;07/06/2023;08:52:11;26.33;Synchronized;;;1009;07/06/2023;10:17:26;34.98;;;;1009;07/06/2023;10:16:40;36.95;Synchronized;;;
1010;07/06/2023;08:52:26;26.34;Synchronized;;;1010;07/06/2023;10:18:26;35.05;Synchronized;;;1010;07/06/2023;10:17:39;36.96;;;;
1011;07/06/2023;08:52:41;26.34;Synchronized;;;1011;07/06/2023;10:19:25;35.1;;;;1011;07/06/2023;10:18:39;36.98;Synchronized;;;
1012;07/06/2023;08:52:56;26.34;Synchronized;;;1012;07/06/2023;10:20:25;35.13;Synchronized;;;1012;07/06/2023;10:19:39;37;Synchronized;;;
1013;07/06/2023;08:53:11;26.35;Synchronized;;;1013;07/06/2023;10:21:25;35.2;Synchronized;;;1013;07/06/2023;10:20:39;36.96;;;;
1014;07/06/2023;08:53:26;26.31;Synchronized;;;1014;07/06/2023;10:22:25;35.33;Synchronized;;;1014;07/06/2023;10:21:39;36.93;;;;
1015;07/06/2023;08:53:41;26.34;Synchronized;;;1015;07/06/2023;10:23:25;35.43;Synchronized;;;1015;07/06/2023;10:22:38;37.02;;;;
1016;07/06/2023;08:53:56;26.33;Synchronized;;;1016;07/06/2023;10:24:25;35.55;Synchronized;;;1016;07/06/2023;10:23:38;36.82;;;;
1017;07/06/2023;08:54:11;26.32;Synchronized;;;1017;07/06/2023;10:25:25;35.65;;;;1017;07/06/2023;10:24:38;36.68;;;;
1018;07/06/2023;08:54:26;26.34;Synchronized;;;1018;07/06/2023;10:26:25;35.6;Synchronized;;;1018;07/06/2023;10:25:38;36.65;;;;
1019;07/06/2023;08:54:41;26.33;Synchronized;;;1019;07/06/2023;10:27:25;35.56;Synchronized;;;1019;07/06/2023;10:26:37;36.7;;;;
1020;07/06/2023;08:54:56;26.33;Synchronized;;;1020;07/06/2023;10:28:24;35.55;Synchronized;;;1020;07/06/2023;10:27:37;36.72;Synchronized;;;
1021;07/06/2023;08:55:11;26.34;Synchronized;;;1021;07/06/2023;10:29:24;35.67;Synchronized;;;1021;07/06/2023;10:28:37;36.77;Synchronized;;;
1022;07/06/2023;08:55:26;26.32;Synchronized;;;1022;07/06/2023;10:30:24;35.77;Synchronized;;;1022;07/06/2023;10:29:36;36.81;Synchronized;;;
1023;07/06/2023;08:55:41;26.3;Synchronized;;;1023;07/06/2023;10:31:24;35.91;;;;1023;07/06/2023;10:30:36;36.85;Synchronized;;;
1024;07/06/2023;08:55:56;26.32;Synchronized;;;1024;07/06/2023;10:32:24;36.03;;;;1024;07/06/2023;10:31:36;36.9;Synchronized;;;
1025;07/06/2023;08:56:11;26.33;Synchronized;;;1025;07/06/2023;10:33:24;36.23;Synchronized;;;1025;07/06/2023;10:32:36;36.95;;;;
1026;07/06/2023;08:56:26;26.3;Synchronized;;;1026;07/06/2023;10:34:24;36.37;Synchronized;;;1026;07/06/2023;10:33:36;36.92;;;;
1027;07/06/2023;08:56:41;26.32;Synchronized;;;1027;07/06/2023;10:35:24;36.52;;;;1027;07/06/2023;10:34:35;36.95;;;;
1028;07/06/2023;08:56:56;26.31;Synchronized;;;1028;07/06/2023;10:36:24;36.65;Synchronized;;;1028;07/06/2023;10:35:35;37.01;;;;
1029;07/06/2023;08:57:11;26.33;Synchronized;;;1029;07/06/2023;10:37:24;36.78;;;;1029;07/06/2023;10:36:35;37.05;Synchronized;;;
1030;07/06/2023;08:57:26;26.34;Synchronized;;;1030;07/06/2023;10:38:24;36.83;Synchronized;;;1030;07/06/2023;10:37:35;37.05;;;;
1031;07/06/2023;08:57:41;26.31;Synchronized;;;1031;07/06/2023;10:39:24;36.92;Synchronized;;;1031;07/06/2023;10:38:35;37.07;;;;
1032;07/06/2023;08:57:56;26.37;Synchronized;;;1032;07/06/2023;10:40:23;36.93;Synchronized;;;1032;07/06/2023;10:39:35;36.91;Synchronized;;;
1033;07/06/2023;08:58:11;26.38;Synchronized;;;1033;07/06/2023;10:41:23;36.94;Synchronized;;;1033;07/06/2023;10:40:34;36.97;;;;
1034;07/06/2023;08:58:26;26.42;Synchronized;;;1034;07/06/2023;10:42:23;36.98;;;;1034;07/06/2023;10:41:34;36.97;Synchronized;;;
1035;07/06/2023;08:58:41;26.39;Synchronized;;;1035;07/06/2023;10:43:23;37.02;Synchronized;;;1035;07/06/2023;10:42:34;36.98;Synchronized;;;
1036;07/06/2023;08:58:56;26.41;Synchronized;;;1036;07/06/2023;10:44:23;37.02;Synchronized;;;1036;07/06/2023;10:43:34;37.06;Synchronized;;;
1037;07/06/2023;08:59:11;26.41;Synchronized;;;1037;07/06/2023;10:45:23;36.93;;;;1037;07/06/2023;10:44:34;37.06;;;;
1038;07/06/2023;08:59:26;26.38;Synchronized;;;1038;07/06/2023;10:46:23;36.69;;;;1038;07/06/2023;10:45:34;37.04;;;;
1039;07/06/2023;08:59:41;26.41;Synchronized;;;1039;07/06/2023;10:47:23;36.42;Synchronized;;;1039;07/06/2023;10:46:33;37.09;;;;
1040;07/06/2023;08:59:56;26.39;Synchronized;;;1040;07/06/2023;10:48:23;36.39;;;;1040;07/06/2023;10:47:33;37.11;;;;
1041;07/06/2023;09:00:11;26.41;Synchronized;;;1041;07/06/2023;10:49:23;36.35;;;;1041;07/06/2023;10:48:33;37.18;;;;
1042;07/06/2023;09:00:26;26.41;Synchronized;;;1042;07/06/2023;10:50:22;36.39;;;;1042;07/06/2023;10:49:33;37.2;;;;
1043;07/06/2023;09:00:41;26.39;Synchronized;;;1043;07/06/2023;10:51:22;36.57;;;;1043;07/06/2023;10:50:33;37.22;Synchronized;;;
1044;07/06/2023;09:00:56;26.38;Synchronized;;;1044;07/06/2023;10:52:22;36.71;;;;1044;07/06/2023;10:51:33;37.25;;;;
1045;07/06/2023;09:01:11;26.4;Synchronized;;;1045;07/06/2023;10:53:22;36.8;;;;1045;07/06/2023;10:52:33;37.22;;;;
1046;07/06/2023;09:01:26;26.38;Synchronized;;;1046;07/06/2023;10:54:22;36.91;;;;1046;07/06/2023;10:53:33;37.2;;;;
1047;07/06/2023;09:01:41;26.38;Synchronized;;;1047;07/06/2023;10:55:22;36.98;;;;1047;07/06/2023;10:54:33;37.2;Synchronized;;;
1048;07/06/2023;09:01:56;26.42;Synchronized;;;1048;07/06/2023;10:56:22;37.02;;;;1048;07/06/2023;10:55:33;37.14;Synchronized;;;
1049;07/06/2023;09:02:11;26.42;Synchronized;;;1049;07/06/2023;10:57:22;36.34;;;;1049;07/06/2023;10:56:32;37.17;Synchronized;;;
1050;07/06/2023;09:02:26;26.42;Synchronized;;;1050;07/06/2023;10:58:22;35.85;;;;1050;07/06/2023;10:57:32;37.15;Synchronized;;;
1051;07/06/2023;09:02:41;26.4;Synchronized;;;1051;07/06/2023;10:59:21;35.48;;;;1051;07/06/2023;10:58:32;37.13;Synchronized;;;
1052;07/06/2023;09:02:56;27.28;Synchronized;;;1052;07/06/2023;11:00:21;35.35;;;;1052;07/06/2023;10:59:32;37.13;Synchronized;;;
1053;07/06/2023;09:03:11;31.2;Synchronized;;;1053;07/06/2023;11:01:21;35.54;Synchronized;;;1053;07/06/2023;11:00:32;37.08;Synchronized;;;
1054;07/06/2023;09:03:26;32.63;Synchronized;;;1054;07/06/2023;11:02:21;35.65;;;;1054;07/06/2023;11:01:32;37.11;Synchronized;;;
1055;07/06/2023;09:03:41;33.21;Synchronized;;;1055;07/06/2023;11:03:21;35.91;Synchronized;;;1055;07/06/2023;11:02:31;37.11;Synchronized;;;
1056;07/06/2023;09:03:56;32.98;Synchronized;;;1056;07/06/2023;11:04:21;36.11;Synchronized;;;1056;07/06/2023;11:03:31;37.11;Synchronized;;;
1057;07/06/2023;09:04:11;32.95;Synchronized;;;1057;07/06/2023;11:05:21;36.3;;;;1057;07/06/2023;11:04:31;37.13;;;;
1058;07/06/2023;09:04:26;33.02;Synchronized;;;1058;07/06/2023;11:06:21;36.48;Synchronized;;;1058;07/06/2023;11:05:31;37.14;Synchronized;;;
1059;07/06/2023;09:04:41;33.2;Synchronized;;;1059;07/06/2023;11:07:21;36.77;Synchronized;;;1059;07/06/2023;11:06:31;37.1;Synchronized;;;
1060;07/06/2023;09:04:56;33.3;Synchronized;;;1060;07/06/2023;11:08:21;36.9;Synchronized;;;1060;07/06/2023;11:07:30;37.09;Synchronized;;;
1061;07/06/2023;09:05:11;33.28;Synchronized;;;1061;07/06/2023;11:09:21;34.68;Synchronized;;;1061;07/06/2023;11:08:30;37.09;Synchronized;;;
1062;07/06/2023;09:05:26;33.41;Synchronized;;;1062;07/06/2023;11:10:20;31.57;Synchronized;;;1062;07/06/2023;11:09:30;37.09;Synchronized;;;
1063;07/06/2023;09:05:41;33.57;Synchronized;;;1063;07/06/2023;11:11:20;30.91;Synchronized;;;1063;07/06/2023;11:10:30;37.07;Synchronized;;;
1064;07/06/2023;09:05:56;33.67;Synchronized;;;1064;07/06/2023;11:12:20;30.53;Synchronized;;;1064;07/06/2023;11:11:30;37;Synchronized;;;
1065;07/06/2023;09:06:11;33.63;Synchronized;;;1065;07/06/2023;11:13:20;30.76;;;;1065;07/06/2023;11:12:29;36.92;Synchronized;;;
1066;07/06/2023;09:06:26;33.68;Synchronized;;;1066;07/06/2023;11:14:20;31.24;Synchronized;;;1066;07/06/2023;11:13:29;36.92;Synchronized;;;
1067;07/06/2023;09:06:41;33.77;Synchronized;;;1067;07/06/2023;11:15:20;32.48;Synchronized;;;1067;07/06/2023;11:14:29;36.98;;;;
1068;07/06/2023;09:06:56;33.78;Synchronized;;;1068;07/06/2023;11:16:20;33.3;Synchronized;;;1068;07/06/2023;11:15:29;37.01;Synchronized;;;
1069;07/06/2023;09:07:11;33.79;Synchronized;;;1069;07/06/2023;11:17:20;33.88;Synchronized;;;1069;07/06/2023;11:16:29;37.05;Synchronized;;;
1070;07/06/2023;09:07:26;33.71;Synchronized;;;1070;07/06/2023;11:18:20;34.35;Synchronized;;;1070;07/06/2023;11:17:28;37.05;Synchronized;;;
1071;07/06/2023;09:07:41;33.72;Synchronized;;;1071;07/06/2023;11:19:20;34.89;Synchronized;;;1071;07/06/2023;11:18:28;37.08;Synchronized;;;
1072;07/06/2023;09:07:56;33.78;Synchronized;;;1072;07/06/2023;11:20:20;35.22;Synchronized;;;1072;07/06/2023;11:19:28;37.09;Synchronized;;;
1073;07/06/2023;09:08:11;33.86;Synchronized;;;1073;07/06/2023;11:21:19;35.66;Synchronized;;;1073;07/06/2023;11:20:28;37.06;Synchronized;;;
1074;07/06/2023;09:08:26;33.98;Synchronized;;;1074;07/06/2023;11:22:19;35.88;Synchronized;;;1074;07/06/2023;11:21:28;37.09;Synchronized;;;
1075;07/06/2023;09:08:41;34.02;Synchronized;;;1075;07/06/2023;11:23:19;36.1;Synchronized;;;1075;07/06/2023;11:22:27;37.07;Synchronized;;;
1076;07/06/2023;09:08:56;34.11;Synchronized;;;1076;07/06/2023;11:24:19;36.31;Synchronized;;;1076;07/06/2023;11:23:27;37.09;Synchronized;;;
1077;07/06/2023;09:09:11;34.19;Synchronized;;;1077;07/06/2023;11:25:19;36.48;Synchronized;;;1077;07/06/2023;11:24:27;37.07;Synchronized;;;
1078;07/06/2023;09:09:26;34.3;Synchronized;;;1078;07/06/2023;11:26:19;36.68;Synchronized;;;1078;07/06/2023;11:25:27;37.08;Synchronized;;;
1079;07/06/2023;09:09:41;34.37;;;;1079;07/06/2023;11:27:19;36.84;Synchronized;;;1079;07/06/2023;11:26:26;37.07;Synchronized;;;
1080;07/06/2023;09:09:56;34.45;;;;1080;07/06/2023;11:28:19;36.98;Synchronized;;;1080;07/06/2023;11:27:26;37.09;Synchronized;;;
1081;07/06/2023;09:10:11;34.54;;;;1081;07/06/2023;11:29:19;37.07;Synchronized;;;1081;07/06/2023;11:28:26;37.1;;;;
1082;07/06/2023;09:10:26;34.64;Synchronized;;;1082;07/06/2023;11:30:19;37.12;Synchronized;;;1082;07/06/2023;11:29:26;37.07;;;;
1083;07/06/2023;09:10:41;34.79;;;;1083;07/06/2023;11:31:19;33.75;Synchronized;;;1083;07/06/2023;11:30:26;37.04;;;;
1084;07/06/2023;09:10:56;34.82;;;;1084;07/06/2023;11:32:19;32.05;Synchronized;;;1084;07/06/2023;11:31:26;37.06;;;;
1085;07/06/2023;09:11:11;34.95;;;;1085;07/06/2023;11:33:19;33.19;Synchronized;;;1085;07/06/2023;11:32:26;37.02;;;;
1086;07/06/2023;09:11:26;35.03;Synchronized;;;1086;07/06/2023;11:34:19;34.16;Synchronized;;;1086;07/06/2023;11:33:26;37.06;;;;
1087;07/06/2023;09:11:41;35.16;Synchronized;;;1087;07/06/2023;11:35:18;34.98;Synchronized;;;1087;07/06/2023;11:34:25;37.06;;;;
1088;07/06/2023;09:11:56;35.2;Synchronized;;;1088;07/06/2023;11:36:18;35.55;Synchronized;;;1088;07/06/2023;11:35:25;37.09;Synchronized;;;
1089;07/06/2023;09:12:11;35.29;Synchronized;;;1089;07/06/2023;11:37:18;35.98;Synchronized;;;1089;07/06/2023;11:36:25;37.1;Synchronized;;;
1090;07/06/2023;09:12:26;35.38;Synchronized;;;1090;07/06/2023;11:38:18;36.28;Synchronized;;;1090;07/06/2023;11:37:25;37.02;Synchronized;;;
1091;07/06/2023;09:12:41;35.41;Synchronized;;;1091;07/06/2023;11:39:18;36.55;Synchronized;;;1091;07/06/2023;11:38:25;36.95;;;;
1092;07/06/2023;09:12:56;35.47;Synchronized;;;1092;07/06/2023;11:40:18;36.71;Synchronized;;;1092;07/06/2023;11:39:24;36.97;;;;
1093;07/06/2023;09:13:11;35.52;Synchronized;;;1093;07/06/2023;11:41:18;36.88;Synchronized;;;1093;07/06/2023;11:40:24;37.05;Synchronized;;;
1094;07/06/2023;09:13:26;35.56;Synchronized;;;1094;07/06/2023;11:42:18;37.07;Synchronized;;;1094;07/06/2023;11:41:24;37.09;Synchronized;;;
1095;07/06/2023;09:13:41;35.56;Synchronized;;;1095;07/06/2023;11:43:18;37.16;Synchronized;;;1095;07/06/2023;11:42:24;37.13;;;;
1096;07/06/2023;09:13:56;35.59;Synchronized;;;1096;07/06/2023;11:44:18;37.22;Synchronized;;;1096;07/06/2023;11:43:24;37.14;Synchronized;;;
1097;07/06/2023;09:14:11;35.65;Synchronized;;;1097;07/06/2023;11:45:18;37.28;Synchronized;;;1097;07/06/2023;11:44:24;37.11;Synchronized;;;
1098;07/06/2023;09:14:26;35.7;Synchronized;;;1098;07/06/2023;11:46:18;37.3;Synchronized;;;1098;07/06/2023;11:45:24;37.09;Synchronized;;;
1099;07/06/2023;09:14:41;35.73;Synchronized;;;1099;07/06/2023;11:47:18;37.37;Synchronized;;;1099;07/06/2023;11:46:24;37.04;Synchronized;;;
1100;07/06/2023;09:14:56;35.81;Synchronized;;;1100;07/06/2023;11:48:18;37.38;Synchronized;;;1100;07/06/2023;11:47:24;37.02;;;;
1101;07/06/2023;09:15:11;35.79;Synchronized;;;1101;07/06/2023;11:49:18;37.39;Synchronized;;;1101;07/06/2023;11:48:24;37.03;;;;
1102;07/06/2023;09:15:26;35.82;Synchronized;;;1102;07/06/2023;11:50:17;37.41;Synchronized;;;1102;07/06/2023;11:49:23;37.05;;;;
1103;07/06/2023;09:15:41;35.86;Synchronized;;;1103;07/06/2023;11:51:17;37.41;Synchronized;;;1103;07/06/2023;11:50:23;37.1;Synchronized;;;
1104;07/06/2023;09:15:56;35.87;Synchronized;;;1104;07/06/2023;11:52:17;37.34;Synchronized;;;1104;07/06/2023;11:51:23;37.14;Synchronized;;;
1105;07/06/2023;09:16:11;35.9;Synchronized;;;1105;07/06/2023;11:53:17;37.32;Synchronized;;;1105;07/06/2023;11:52:23;37.14;;;;
1106;07/06/2023;09:16:26;35.93;Synchronized;;;1106;07/06/2023;11:54:17;37.3;Synchronized;;;1106;07/06/2023;11:53:23;37.13;Synchronized;;;
1107;07/06/2023;09:16:41;35.93;Synchronized;;;1107;07/06/2023;11:55:17;37.37;Synchronized;;;1107;07/06/2023;11:54:23;37.15;Synchronized;;;
1108;07/06/2023;09:16:56;36;Synchronized;;;1108;07/06/2023;11:56:17;37.37;Synchronized;;;1108;07/06/2023;11:55:22;37.14;Synchronized;;;
1109;07/06/2023;09:17:11;36.01;Synchronized;;;1109;07/06/2023;11:57:17;37.34;Synchronized;;;1109;07/06/2023;11:56:22;37.16;;;;
1110;07/06/2023;09:17:26;36.03;Synchronized;;;1110;07/06/2023;11:58:17;37.34;Synchronized;;;1110;07/06/2023;11:57:22;37.16;;;;
1111;07/06/2023;09:17:41;36.06;Synchronized;;;1111;07/06/2023;11:59:17;37.36;Synchronized;;;1111;07/06/2023;11:58:22;37.16;;;;
1112;07/06/2023;09:17:56;36.1;Synchronized;;;1112;07/06/2023;12:00:17;37.34;Synchronized;;;1112;07/06/2023;11:59:22;37.18;;;;
1113;07/06/2023;09:18:11;36.12;Synchronized;;;1113;07/06/2023;12:01:17;37.34;Synchronized;;;1113;07/06/2023;12:00:22;37.22;;;;
1114;07/06/2023;09:18:26;36.15;Synchronized;;;1114;07/06/2023;12:02:17;37.3;Synchronized;;;1114;07/06/2023;12:01:22;37.21;;;;
1115;07/06/2023;09:18:41;36.16;;;;1115;07/06/2023;12:03:17;37.31;Synchronized;;;1115;07/06/2023;12:02:22;37.22;;;;
1116;07/06/2023;09:18:56;36.16;Synchronized;;;1116;07/06/2023;12:04:16;37.34;Synchronized;;;1116;07/06/2023;12:03:22;37.21;;;;
1117;07/06/2023;09:19:11;36.16;Synchronized;;;1117;07/06/2023;12:05:16;37.34;Synchronized;;;1117;07/06/2023;12:04:22;37.21;Synchronized;;;
1118;07/06/2023;09:19:26;36.23;;;;1118;07/06/2023;12:06:16;37.38;Synchronized;;;1118;07/06/2023;12:05:22;37.16;;;;
1119;07/06/2023;09:19:41;36.23;Synchronized;;;1119;07/06/2023;12:07:16;37.38;Synchronized;;;1119;07/06/2023;12:06:22;37.16;;;;
1120;07/06/2023;09:19:56;36.21;Synchronized;;;1120;07/06/2023;12:08:16;37.41;Synchronized;;;1120;07/06/2023;12:07:22;37.13;Synchronized;;;
1121;07/06/2023;09:20:11;36.27;Synchronized;;;1121;07/06/2023;12:09:16;37.39;Synchronized;;;1121;07/06/2023;12:08:21;37.1;Synchronized;;;
1122;07/06/2023;09:20:26;36.27;Synchronized;;;1122;07/06/2023;12:10:16;37.34;Synchronized;;;1122;07/06/2023;12:09:21;37.05;;;;
1123;07/06/2023;09:20:41;36.34;Synchronized;;;1123;07/06/2023;12:11:16;37.51;;;;1123;07/06/2023;12:10:21;37.04;;;;
1124;07/06/2023;09:20:56;36.37;Synchronized;;;1124;07/06/2023;12:12:16;37.48;;;;1124;07/06/2023;12:11:21;37;;;;
1125;07/06/2023;09:21:11;36.41;Synchronized;;;1125;07/06/2023;12:13:16;37.29;;;;1125;07/06/2023;12:12:21;37;;;;
1126;07/06/2023;09:21:26;36.41;Synchronized;;;1126;07/06/2023;12:14:16;37.28;;;;1126;07/06/2023;12:13:21;36.98;;;;
1127;07/06/2023;09:21:41;36.44;Synchronized;;;1127;07/06/2023;12:15:16;37.29;;;;1127;07/06/2023;12:14:21;36.98;Synchronized;;;
1128;07/06/2023;09:21:56;36.45;Synchronized;;;1128;07/06/2023;12:16:16;37.2;Synchronized;;;1128;07/06/2023;12:15:20;36.97;Synchronized;;;
1129;07/06/2023;09:22:11;36.5;Synchronized;;;1129;07/06/2023;12:17:16;37.27;;;;1129;07/06/2023;12:16:20;36.97;;;;
1130;07/06/2023;09:22:26;36.52;Synchronized;;;1130;07/06/2023;12:18:16;36.83;;;;1130;07/06/2023;12:17:20;37.01;Synchronized;;;
1131;07/06/2023;09:22:41;36.52;Synchronized;;;1131;07/06/2023;12:19:16;36.32;;;;1131;07/06/2023;12:18:20;37.02;;;;
1132;07/06/2023;09:22:56;36.52;Synchronized;;;1132;07/06/2023;12:20:16;36.45;Synchronized;;;1132;07/06/2023;12:19:20;37.08;;;;
1133;07/06/2023;09:23:11;36.54;Synchronized;;;1133;07/06/2023;12:21:16;36.53;Synchronized;;;1133;07/06/2023;12:20:20;37.06;;;;
1134;07/06/2023;09:23:26;36.55;Synchronized;;;1134;07/06/2023;12:22:16;36.66;Synchronized;;;1134;07/06/2023;12:21:20;37.05;;;;
1135;07/06/2023;09:23:41;36.55;Synchronized;;;1135;07/06/2023;12:23:15;36.8;Synchronized;;;1135;07/06/2023;12:22:20;37.08;Synchronized;;;
1136;07/06/2023;09:23:56;36.53;Synchronized;;;1136;07/06/2023;12:24:15;36.69;Synchronized;;;1136;07/06/2023;12:23:19;37.09;Synchronized;;;
1137;07/06/2023;09:24:11;36.55;Synchronized;;;1137;07/06/2023;12:25:15;36.77;Synchronized;;;1137;07/06/2023;12:24:19;37.08;;;;
1138;07/06/2023;09:24:26;36.56;Synchronized;;;1138;07/06/2023;12:26:15;36.78;;;;1138;07/06/2023;12:25:19;37.06;Synchronized;;;
1139;07/06/2023;09:24:41;36.58;Synchronized;;;1139;07/06/2023;12:27:15;36.66;;;;1139;07/06/2023;12:26:19;37.03;Synchronized;;;
1140;07/06/2023;09:24:56;36.57;;;;1140;07/06/2023;12:28:15;36.73;;;;1140;07/06/2023;12:27:19;37.02;Synchronized;;;
1141;07/06/2023;09:25:12;36.61;;;;1141;07/06/2023;12:29:15;36.9;;;;1141;07/06/2023;12:28:19;37.02;Synchronized;;;
1142;07/06/2023;09:25:27;36.59;Synchronized;;;1142;07/06/2023;12:30:15;36.94;;;;1142;07/06/2023;12:29:19;36.98;;;;
1143;07/06/2023;09:25:42;36.58;Synchronized;;;1143;07/06/2023;12:31:15;37.02;;;;1143;07/06/2023;12:30:19;36.98;;;;
1144;07/06/2023;09:25:57;36.6;Synchronized;;;1144;07/06/2023;12:32:15;37.13;;;;1144;07/06/2023;12:31:19;36.95;Synchronized;;;
1145;07/06/2023;09:26:12;36.57;;;;1145;07/06/2023;12:33:15;37.2;;;;1145;07/06/2023;12:32:18;36.92;Synchronized;;;
1146;07/06/2023;09:26:27;36.59;Synchronized;;;1146;07/06/2023;12:34:15;37.26;;;;1146;07/06/2023;12:33:18;36.92;;;;
1147;07/06/2023;09:26:42;36.61;Synchronized;;;1147;07/06/2023;12:35:15;37.3;;;;1147;07/06/2023;12:34:18;36.95;Synchronized;;;
1148;07/06/2023;09:26:57;36.58;Synchronized;;;1148;07/06/2023;12:36:15;37.37;;;;1148;07/06/2023;12:35:18;36.97;Synchronized;;;
1149;07/06/2023;09:27:12;36.59;Synchronized;;;1149;07/06/2023;12:37:15;37.41;Synchronized;;;1149;07/06/2023;12:36:18;37;Synchronized;;;
1150;07/06/2023;09:27:27;36.62;Synchronized;;;1150;07/06/2023;12:38:15;37.42;;;;1150;07/06/2023;12:37:18;36.98;Synchronized;;;
1151;07/06/2023;09:27:42;36.6;Synchronized;;;1151;07/06/2023;12:39:15;37.44;Synchronized;;;1151;07/06/2023;12:38:17;37.01;Synchronized;;;
1152;07/06/2023;09:27:57;36.62;Synchronized;;;1152;07/06/2023;12:40:15;37.44;Synchronized;;;1152;07/06/2023;12:39:17;37.02;Synchronized;;;
1153;07/06/2023;09:28:12;36.63;Synchronized;;;1153;07/06/2023;12:41:14;37.09;Synchronized;;;1153;07/06/2023;12:40:17;36.98;Synchronized;;;
1154;07/06/2023;09:28:27;36.62;Synchronized;;;1154;07/06/2023;12:42:14;37.07;;;;1154;07/06/2023;12:41:17;36.96;Synchronized;;;
1155;07/06/2023;09:28:42;36.62;;;;1155;07/06/2023;12:43:14;37.04;Synchronized;;;1155;07/06/2023;12:42:17;36.98;Synchronized;;;
1156;07/06/2023;09:28:57;36.61;Synchronized;;;1156;07/06/2023;12:44:14;36.85;Synchronized;;;1156;07/06/2023;12:43:17;37.05;Synchronized;;;
1157;07/06/2023;09:29:12;36.62;Synchronized;;;1157;07/06/2023;12:45:14;36.94;Synchronized;;;1157;07/06/2023;12:44:17;37.09;Synchronized;;;
1158;07/06/2023;09:29:27;36.64;;;;1158;07/06/2023;12:46:14;37;Synchronized;;;1158;07/06/2023;12:45:17;37.1;Synchronized;;;
1159;07/06/2023;09:29:42;36.63;;;;1159;07/06/2023;12:47:14;36.95;Synchronized;;;1159;07/06/2023;12:46:17;37.09;Synchronized;;;
1160;07/06/2023;09:29:57;36.63;Synchronized;;;1160;07/06/2023;12:48:14;36.98;Synchronized;;;1160;07/06/2023;12:47:17;37.09;Synchronized;;;
1161;07/06/2023;09:30:12;36.63;Synchronized;;;1161;07/06/2023;12:49:14;37.09;Synchronized;;;1161;07/06/2023;12:48:16;37.13;Synchronized;;;
1162;07/06/2023;09:30:27;36.64;Synchronized;;;1162;07/06/2023;12:50:14;37.22;Synchronized;;;1162;07/06/2023;12:49:16;37.13;Synchronized;;;
1163;07/06/2023;09:30:42;36.66;Synchronized;;;1163;07/06/2023;12:51:13;37.3;Synchronized;;;1163;07/06/2023;12:50:16;37.17;Synchronized;;;
1164;07/06/2023;09:30:57;36.66;Synchronized;;;1164;07/06/2023;12:52:13;37.39;Synchronized;;;1164;07/06/2023;12:51:16;37.16;Synchronized;;;
1165;07/06/2023;09:31:12;36.65;Synchronized;;;1165;07/06/2023;12:53:13;37.49;Synchronized;;;1165;07/06/2023;12:52:16;37.23;Synchronized;;;
1166;07/06/2023;09:31:27;36.66;Synchronized;;;1166;07/06/2023;12:54:13;37.55;Synchronized;;;1166;07/06/2023;12:53:16;37.23;Synchronized;;;
1167;07/06/2023;09:31:42;36.66;Synchronized;;;1167;07/06/2023;12:55:13;37.55;Synchronized;;;1167;07/06/2023;12:54:16;37.27;Synchronized;;;
1168;07/06/2023;09:31:57;36.66;Synchronized;;;1168;07/06/2023;12:56:13;37.58;Synchronized;;;1168;07/06/2023;12:55:16;37.3;Synchronized;;;
1169;07/06/2023;09:32:12;36.67;Synchronized;;;1169;07/06/2023;12:57:13;37.63;Synchronized;;;1169;07/06/2023;12:56:16;37.3;Synchronized;;;
1170;07/06/2023;09:32:27;36.68;Synchronized;;;1170;07/06/2023;12:58:13;37.63;Synchronized;;;1170;07/06/2023;12:57:15;37.31;Synchronized;;;
1171;07/06/2023;09:32:42;36.66;Synchronized;;;1171;07/06/2023;12:59:13;37.65;Synchronized;;;1171;07/06/2023;12:58:15;37.33;Synchronized;;;
1172;07/06/2023;09:32:57;36.66;Synchronized;;;1172;07/06/2023;13:00:13;37.66;Synchronized;;;1172;07/06/2023;12:59:15;37.32;Synchronized;;;
1173;07/06/2023;09:33:12;36.68;Synchronized;;;1173;07/06/2023;13:01:13;37.63;Synchronized;;;1173;07/06/2023;13:00:15;37.34;Synchronized;;;
1174;07/06/2023;09:33:27;36.67;Synchronized;;;1174;07/06/2023;13:02:13;37.61;Synchronized;;;1174;07/06/2023;13:01:15;37.38;Synchronized;;;
1175;07/06/2023;09:33:42;36.67;Synchronized;;;1175;07/06/2023;13:03:13;37.61;Synchronized;;;1175;07/06/2023;13:02:15;37.37;Synchronized;;;
1176;07/06/2023;09:33:57;36.7;Synchronized;;;1176;07/06/2023;13:04:13;37.6;Synchronized;;;1176;07/06/2023;13:03:15;37.39;Synchronized;;;
1177;07/06/2023;09:34:12;36.67;Synchronized;;;1177;07/06/2023;13:05:13;37.6;Synchronized;;;1177;07/06/2023;13:04:15;37.39;Synchronized;;;
1178;07/06/2023;09:34:27;36.7;Synchronized;;;1178;07/06/2023;13:06:13;37.55;Synchronized;;;1178;07/06/2023;13:05:15;37.43;Synchronized;;;
1179;07/06/2023;09:34:42;36.69;Synchronized;;;1179;07/06/2023;13:07:13;37.57;Synchronized;;;1179;07/06/2023;13:06:15;37.44;Synchronized;;;
1180;07/06/2023;09:34:57;36.69;Synchronized;;;1180;07/06/2023;13:08:13;37.55;Synchronized;;;1180;07/06/2023;13:07:14;37.43;Synchronized;;;
1181;07/06/2023;09:35:12;36.69;Synchronized;;;1181;07/06/2023;13:09:12;37.56;Synchronized;;;1181;07/06/2023;13:08:14;37.42;Synchronized;;;
1182;07/06/2023;09:35:27;36.67;Synchronized;;;1182;07/06/2023;13:10:12;37.57;Synchronized;;;1182;07/06/2023;13:09:14;37.43;Synchronized;;;
1183;07/06/2023;09:35:42;36.71;Synchronized;;;1183;07/06/2023;13:11:12;37.59;Synchronized;;;1183;07/06/2023;13:10:14;37.45;Synchronized;;;
1184;07/06/2023;09:35:57;36.69;Synchronized;;;1184;07/06/2023;13:12:12;37.61;Synchronized;;;1184;07/06/2023;13:11:14;37.42;Synchronized;;;
1185;07/06/2023;09:36:12;36.68;Synchronized;;;1185;07/06/2023;13:13:12;37.64;Synchronized;;;1185;07/06/2023;13:12:14;37.44;Synchronized;;;
1186;07/06/2023;09:36:27;36.68;Synchronized;;;1186;07/06/2023;13:14:12;37.65;Synchronized;;;1186;07/06/2023;13:13:14;37.45;Synchronized;;;
1187;07/06/2023;09:36:42;36.69;Synchronized;;;1187;07/06/2023;13:15:12;37.7;Synchronized;;;1187;07/06/2023;13:14:14;37.46;Synchronized;;;
1188;07/06/2023;09:36:57;36.68;Synchronized;;;1188;07/06/2023;13:16:12;37.7;Synchronized;;;1188;07/06/2023;13:15:14;37.46;Synchronized;;;
1189;07/06/2023;09:37:12;36.67;Synchronized;;;1189;07/06/2023;13:17:12;37.7;;;;1189;07/06/2023;13:16:14;37.47;Synchronized;;;
1190;07/06/2023;09:37:27;36.7;Synchronized;;;1190;07/06/2023;13:18:12;37.73;;;;1190;07/06/2023;13:17:13;37.48;Synchronized;;;
1191;07/06/2023;09:37:42;36.68;;;;1191;07/06/2023;13:19:12;37.73;;;;1191;07/06/2023;13:18:13;37.49;Synchronized;;;
1192;07/06/2023;09:37:57;36.71;Synchronized;;;1192;07/06/2023;13:20:12;37.7;Synchronized;;;1192;07/06/2023;13:19:13;37.51;Synchronized;;;
1193;07/06/2023;09:38:12;36.7;Synchronized;;;1193;07/06/2023;13:21:12;37.69;;;;1193;07/06/2023;13:20:13;37.53;Synchronized;;;
1194;07/06/2023;09:38:27;36.69;Synchronized;;;1194;07/06/2023;13:22:12;37.66;Synchronized;;;1194;07/06/2023;13:21:13;37.52;;;;
1195;07/06/2023;09:38:42;36.72;;;;1195;07/06/2023;13:23:12;37.63;Synchronized;;;1195;07/06/2023;13:22:13;37.5;;;;
1196;07/06/2023;09:38:57;36.72;Synchronized;;;1196;07/06/2023;13:24:12;37.63;Synchronized;;;1196;07/06/2023;13:23:13;37.5;Synchronized;;;
1197;07/06/2023;09:39:12;36.7;;;;1197;07/06/2023;13:25:12;37.55;;;;1197;07/06/2023;13:24:13;37.49;;;;
1198;07/06/2023;09:39:27;36.7;;;;1198;07/06/2023;13:26:11;37.55;;;;1198;07/06/2023;13:25:12;37.51;;;;
1199;07/06/2023;09:39:42;36.72;Synchronized;;;1199;07/06/2023;13:27:11;37.56;;;;1199;07/06/2023;13:26:12;37.52;;;;
1200;07/06/2023;09:39:57;36.7;Synchronized;;;1200;07/06/2023;13:28:11;37.53;Synchronized;;;1200;07/06/2023;13:27:12;37.49;;;;
1201;07/06/2023;09:40:12;36.7;Synchronized;;;1201;07/06/2023;13:29:11;37.51;Synchronized;;;1201;07/06/2023;13:28:12;37.5;;;;
1202;07/06/2023;09:40:27;36.7;Synchronized;;;1202;07/06/2023;13:30:11;37.45;;;;1202;07/06/2023;13:29:12;37.49;;;;
1203;07/06/2023;09:40:42;36.72;Synchronized;;;1203;07/06/2023;13:31:11;37.41;Synchronized;;;1203;07/06/2023;13:30:12;37.5;;;;
1204;07/06/2023;09:40:57;36.71;Synchronized;;;1204;07/06/2023;13:32:11;37.43;Synchronized;;;1204;07/06/2023;13:31:12;37.51;;;;
1205;07/06/2023;09:41:12;36.69;Synchronized;;;1205;07/06/2023;13:33:11;37.47;;;;1205;07/06/2023;13:32:12;37.49;;;;
1206;07/06/2023;09:41:27;36.68;Synchronized;;;1206;07/06/2023;13:34:11;37.44;;;;1206;07/06/2023;13:33:11;37.47;;;;
1207;07/06/2023;09:41:42;36.69;Synchronized;;;1207;07/06/2023;13:35:11;37.47;;;;1207;07/06/2023;13:34:11;37.46;;;;
1208;07/06/2023;09:41:57;36.71;Synchronized;;;1208;07/06/2023;13:36:11;37.55;;;;1208;07/06/2023;13:35:11;37.46;;;;
1209;07/06/2023;09:42:12;36.72;Synchronized;;;1209;07/06/2023;13:37:11;37.5;;;;1209;07/06/2023;13:36:11;37.45;Synchronized;;;
1210;07/06/2023;09:42:27;36.71;Synchronized;;;1210;07/06/2023;13:38:11;37.53;;;;1210;07/06/2023;13:37:11;37.45;;;;
1211;07/06/2023;09:42:42;36.72;;;;1211;07/06/2023;13:39:11;37.47;;;;1211;07/06/2023;13:38:11;37.43;;;;
1212;07/06/2023;09:42:58;36.7;;;;1212;07/06/2023;13:40:11;37.53;Synchronized;;;1212;07/06/2023;13:39:11;37.45;Synchronized;;;
1213;07/06/2023;09:43:13;36.72;;;;1213;07/06/2023;13:41:10;37.62;;;;1213;07/06/2023;13:40:11;37.43;Synchronized;;;
1214;07/06/2023;09:43:28;36.72;Synchronized;;;1214;07/06/2023;13:42:10;37.65;;;;1214;07/06/2023;13:41:11;37.42;Synchronized;;;
1215;07/06/2023;09:43:43;36.72;Synchronized;;;1215;07/06/2023;13:43:10;37.59;;;;1215;07/06/2023;13:42:11;37.42;Synchronized;;;
1216;07/06/2023;09:43:58;36.71;Synchronized;;;1216;07/06/2023;13:44:10;37.6;;;;1216;07/06/2023;13:43:11;37.41;Synchronized;;;
1217;07/06/2023;09:44:13;36.7;Synchronized;;;1217;07/06/2023;13:45:10;37.58;;;;1217;07/06/2023;13:44:10;37.39;Synchronized;;;
1218;07/06/2023;09:44:28;36.7;Synchronized;;;1218;07/06/2023;13:46:10;37.55;;;;1218;07/06/2023;13:45:10;37.37;Synchronized;;;
1219;07/06/2023;09:44:43;36.69;Synchronized;;;1219;07/06/2023;13:47:10;37.56;;;;1219;07/06/2023;13:46:10;37.39;Synchronized;;;
1220;07/06/2023;09:44:58;36.7;Synchronized;;;1220;07/06/2023;13:48:10;37.55;;;;1220;07/06/2023;13:47:10;37.38;Synchronized;;;
1221;07/06/2023;09:45:13;36.73;Synchronized;;;1221;07/06/2023;13:49:10;37.58;;;;1221;07/06/2023;13:48:10;37.35;Synchronized;;;
1222;07/06/2023;09:45:28;36.7;Synchronized;;;1222;07/06/2023;13:50:10;37.59;Synchronized;;;1222;07/06/2023;13:49:10;37.37;Synchronized;;;
1223;07/06/2023;09:45:43;36.71;Synchronized;;;1223;07/06/2023;13:51:10;37.58;Synchronized;;;1223;07/06/2023;13:50:10;37.38;Synchronized;;;
1224;07/06/2023;09:45:58;36.7;Synchronized;;;1224;07/06/2023;13:52:09;37.57;Synchronized;;;1224;07/06/2023;13:51:10;37.37;Synchronized;;;
1225;07/06/2023;09:46:13;36.73;Synchronized;;;1225;07/06/2023;13:53:09;37.59;;;;1225;07/06/2023;13:52:10;37.37;Synchronized;;;
1226;07/06/2023;09:46:28;36.7;Synchronized;;;1226;07/06/2023;13:54:09;37.63;Synchronized;;;1226;07/06/2023;13:53:10;37.37;Synchronized;;;
1227;07/06/2023;09:46:43;36.7;Synchronized;;;1227;07/06/2023;13:55:09;37.61;;;;1227;07/06/2023;13:54:09;37.34;Synchronized;;;
1228;07/06/2023;09:46:58;36.7;Synchronized;;;1228;07/06/2023;13:56:09;37.62;;;;1228;07/06/2023;13:55:09;37.35;Synchronized;;;
1229;07/06/2023;09:47:13;36.69;Synchronized;;;1229;07/06/2023;13:57:09;37.58;;;;1229;07/06/2023;13:56:09;37.35;Synchronized;;;
1230;07/06/2023;09:47:28;36.69;Synchronized;;;1230;07/06/2023;13:58:09;37.58;;;;1230;07/06/2023;13:57:09;37.37;Synchronized;;;
1231;07/06/2023;09:47:43;36.72;Synchronized;;;1231;07/06/2023;13:59:09;37.55;;;;1231;07/06/2023;13:58:09;37.37;Synchronized;;;
1232;07/06/2023;09:47:58;36.69;Synchronized;;;1232;07/06/2023;14:00:09;37.57;;;;1232;07/06/2023;13:59:09;37.37;Synchronized;;;
1233;07/06/2023;09:48:13;36.71;Synchronized;;;1233;07/06/2023;14:01:09;37.61;;;;1233;07/06/2023;14:00:09;37.37;Synchronized;;;
1234;07/06/2023;09:48:28;36.72;Synchronized;;;1234;07/06/2023;14:02:09;37.6;;;;1234;07/06/2023;14:01:09;37.38;Synchronized;;;
1235;07/06/2023;09:48:43;36.73;Synchronized;;;1235;07/06/2023;14:03:08;37.59;;;;1235;07/06/2023;14:02:09;37.37;Synchronized;;;
1236;07/06/2023;09:48:58;36.73;Synchronized;;;1236;07/06/2023;14:04:08;37.6;;;;1236;07/06/2023;14:03:09;37.38;Synchronized;;;
1237;07/06/2023;09:49:13;36.74;Synchronized;;;1237;07/06/2023;14:05:08;37.62;Synchronized;;;1237;07/06/2023;14:04:08;37.39;Synchronized;;;
1238;07/06/2023;09:49:28;36.73;Synchronized;;;1238;07/06/2023;14:06:08;37.59;;;;1238;07/06/2023;14:05:08;37.41;Synchronized;;;
1239;07/06/2023;09:49:43;36.76;Synchronized;;;1239;07/06/2023;14:07:08;37.58;Synchronized;;;1239;07/06/2023;14:06:08;37.41;Synchronized;;;
1240;07/06/2023;09:49:58;36.74;Synchronized;;;1240;07/06/2023;14:08:08;37.59;Synchronized;;;1240;07/06/2023;14:07:08;37.38;Synchronized;;;
1241;07/06/2023;09:50:13;36.74;Synchronized;;;1241;07/06/2023;14:09:08;37.57;;;;1241;07/06/2023;14:08:08;37.38;;;;
1242;07/06/2023;09:50:28;36.77;Synchronized;;;1242;07/06/2023;14:10:08;37.55;;;;1242;07/06/2023;14:09:08;37.37;Synchronized;;;
1243;07/06/2023;09:50:43;36.76;Synchronized;;;1243;07/06/2023;14:11:08;37.56;Synchronized;;;1243;07/06/2023;14:10:07;37.38;;;;
1244;07/06/2023;09:50:58;36.76;Synchronized;;;1244;07/06/2023;14:12:08;37.55;;;;1244;07/06/2023;14:11:07;37.38;Synchronized;;;
1245;07/06/2023;09:51:13;36.75;Synchronized;;;1245;07/06/2023;14:13:08;37.57;;;;1245;07/06/2023;14:12:07;37.37;Synchronized;;;
1246;07/06/2023;09:51:28;36.77;Synchronized;;;1246;07/06/2023;14:14:07;37.58;;;;1246;07/06/2023;14:13:07;37.37;Synchronized;;;
1247;07/06/2023;09:51:43;36.77;Synchronized;;;1247;07/06/2023;14:15:07;37.56;;;;1247;07/06/2023;14:14:07;37.37;Synchronized;;;
1248;07/06/2023;09:51:58;36.78;Synchronized;;;1248;07/06/2023;14:16:07;37.6;;;;1248;07/06/2023;14:15:07;37.34;;;;
1249;07/06/2023;09:52:13;36.75;Synchronized;;;1249;07/06/2023;14:17:07;37.59;Synchronized;;;1249;07/06/2023;14:16:07;37.37;;;;
1250;07/06/2023;09:52:28;36.74;Synchronized;;;1250;07/06/2023;14:18:07;37.56;Synchronized;;;1250;07/06/2023;14:17:07;37.34;;;;
1251;07/06/2023;09:52:43;36.73;Synchronized;;;1251;07/06/2023;14:19:07;37.57;;;;1251;07/06/2023;14:18:07;37.34;;;;
1252;07/06/2023;09:52:58;36.75;Synchronized;;;1252;07/06/2023;14:20:07;37.55;;;;1252;07/06/2023;14:19:07;37.34;;;;
1253;07/06/2023;09:53:13;36.8;Synchronized;;;1253;07/06/2023;14:21:07;37.54;Synchronized;;;1253;07/06/2023;14:20:06;37.34;;;;
1254;07/06/2023;09:53:28;36.8;Synchronized;;;1254;07/06/2023;14:22:07;37.54;;;;1254;07/06/2023;14:21:06;37.34;;;;
1255;07/06/2023;09:53:43;36.84;Synchronized;;;1255;07/06/2023;14:23:07;37.53;;;;1255;07/06/2023;14:22:06;37.33;;;;
1256;07/06/2023;09:53:58;36.84;;;;1256;07/06/2023;14:24:07;37.55;;;;1256;07/06/2023;14:23:06;37.33;;;;
1257;07/06/2023;09:54:13;36.82;Synchronized;;;1257;07/06/2023;14:25:06;37.54;;;;1257;07/06/2023;14:24:06;37.33;;;;
1258;07/06/2023;09:54:28;36.84;Synchronized;;;1258;07/06/2023;14:26:06;37.49;;;;1258;07/06/2023;14:25:06;37.31;;;;
1259;07/06/2023;09:54:43;36.82;Synchronized;;;1259;07/06/2023;14:27:06;37.5;;;;1259;07/06/2023;14:26:06;37.32;;;;
1260;07/06/2023;09:54:58;36.84;Synchronized;;;1260;07/06/2023;14:28:06;37.49;;;;1260;07/06/2023;14:27:06;37.33;;;;
1261;07/06/2023;09:55:13;36.84;Synchronized;;;1261;07/06/2023;14:29:06;37.46;;;;1261;07/06/2023;14:28:06;37.34;;;;
1262;07/06/2023;09:55:28;36.8;Synchronized;;;1262;07/06/2023;14:30:06;37.45;;;;1262;07/06/2023;14:29:05;37.33;;;;
1263;07/06/2023;09:55:43;36.8;Synchronized;;;1263;07/06/2023;14:31:06;37.44;;;;1263;07/06/2023;14:30:05;37.31;;;;
1264;07/06/2023;09:55:58;36.81;Synchronized;;;1264;07/06/2023;14:32:06;37.47;;;;1264;07/06/2023;14:31:05;37.3;;;;
1265;07/06/2023;09:56:13;36.84;Synchronized;;;1265;07/06/2023;14:33:06;37.45;;;;1265;07/06/2023;14:32:05;37.3;;;;
1266;07/06/2023;09:56:28;36.87;Synchronized;;;1266;07/06/2023;14:34:06;37.48;;;;1266;07/06/2023;14:33:05;37.31;;;;
1267;07/06/2023;09:56:43;36.84;Synchronized;;;1267;07/06/2023;14:35:06;37.45;;;;1267;07/06/2023;14:34:05;37.31;;;;
1268;07/06/2023;09:56:58;36.86;Synchronized;;;1268;07/06/2023;14:36:06;37.48;;;;1268;07/06/2023;14:35:05;37.3;;;;
1269;07/06/2023;09:57:13;36.87;Synchronized;;;1269;07/06/2023;14:37:05;37.45;;;;1269;07/06/2023;14:36:05;37.29;;;;
1270;07/06/2023;09:57:28;36.82;Synchronized;;;1270;07/06/2023;14:38:05;37.45;Synchronized;;;1270;07/06/2023;14:37:05;37.3;;;;
1271;07/06/2023;09:57:43;36.84;Synchronized;;;1271;07/06/2023;14:39:05;37.45;Synchronized;;;1271;07/06/2023;14:38:05;37.3;;;;
1272;07/06/2023;09:57:58;36.82;Synchronized;;;1272;07/06/2023;14:40:05;37.46;;;;1272;07/06/2023;14:39:04;37.29;;;;
1273;07/06/2023;09:58:13;36.85;Synchronized;;;1273;07/06/2023;14:41:05;37.46;;;;1273;07/06/2023;14:40:04;37.3;;;;
1274;07/06/2023;09:58:28;36.84;Synchronized;;;1274;07/06/2023;14:42:05;37.46;;;;1274;07/06/2023;14:41:04;37.27;;;;
1275;07/06/2023;09:58:43;36.84;Synchronized;;;1275;07/06/2023;14:43:05;37.46;;;;1275;07/06/2023;14:42:04;37.3;;;;
1276;07/06/2023;09:58:58;36.84;Synchronized;;;1276;07/06/2023;14:44:05;37.48;;;;1276;07/06/2023;14:43:04;37.28;;;;
1277;07/06/2023;09:59:13;36.84;Synchronized;;;1277;07/06/2023;14:45:05;37.51;;;;1277;07/06/2023;14:44:04;37.27;;;;
1278;07/06/2023;09:59:28;36.85;Synchronized;;;1278;07/06/2023;14:46:05;37.54;Synchronized;;;1278;07/06/2023;14:45:04;37.28;;;;
1279;07/06/2023;09:59:43;36.85;Synchronized;;;1279;07/06/2023;14:47:04;37.55;Synchronized;;;1279;07/06/2023;14:46:04;37.29;;;;
1280;07/06/2023;09:59:58;36.84;Synchronized;;;1280;07/06/2023;14:48:04;37.58;;;;1280;07/06/2023;14:47:04;37.27;;;;
1281;07/06/2023;10:00:13;36.82;Synchronized;;;1281;07/06/2023;14:49:04;37.58;;;;1281;07/06/2023;14:48:04;37.28;;;;
1282;07/06/2023;10:00:28;36.84;Synchronized;;;1282;07/06/2023;14:50:04;37.59;;;;1282;07/06/2023;14:49:03;37.29;;;;
1283;07/06/2023;10:00:43;36.84;;;;1283;07/06/2023;14:51:04;37.58;;;;1283;07/06/2023;14:50:03;37.3;;;;
1284;07/06/2023;10:00:58;36.82;;;;1284;07/06/2023;14:52:04;37.59;;;;1284;07/06/2023;14:51:03;37.31;Synchronized;;;
1285;07/06/2023;10:01:13;36.8;Synchronized;;;1285;07/06/2023;14:53:04;37.56;;;;1285;07/06/2023;14:52:03;37.31;Synchronized;;;
1286;07/06/2023;10:01:28;36.8;Synchronized;;;1286;07/06/2023;14:54:04;37.57;;;;1286;07/06/2023;14:53:03;37.34;;;;
1287;07/06/2023;10:01:43;36.8;Synchronized;;;1287;07/06/2023;14:55:04;37.57;;;;1287;07/06/2023;14:54:03;37.31;;;;
1288;07/06/2023;10:01:58;36.8;Synchronized;;;1288;07/06/2023;14:56:04;37.6;;;;1288;07/06/2023;14:55:03;37.3;;;;
1289;07/06/2023;10:02:13;36.79;Synchronized;;;1289;07/06/2023;14:57:04;37.6;;;;1289;07/06/2023;14:56:03;37.28;;;;
1290;07/06/2023;10:02:29;36.8;Synchronized;;;1290;07/06/2023;14:58:04;37.62;;;;1290;07/06/2023;14:57:03;37.29;;;;
1291;07/06/2023;10:02:44;36.8;Synchronized;;;1291;07/06/2023;14:59:03;37.61;;;;1291;07/06/2023;14:58:02;37.26;;;;
1292;07/06/2023;10:02:59;36.79;Synchronized;;;1292;07/06/2023;15:00:03;37.6;;;;1292;07/06/2023;14:59:02;37.25;;;;
1293;07/06/2023;10:03:14;36.8;Synchronized;;;1293;07/06/2023;15:01:03;37.59;;;;1293;07/06/2023;15:00:02;37.23;;;;
1294;07/06/2023;10:03:29;36.8;;;;1294;07/06/2023;15:02:03;37.56;;;;1294;07/06/2023;15:01:02;37.23;;;;
1295;07/06/2023;10:03:44;36.81;;;;1295;07/06/2023;15:03:03;37.57;;;;1295;07/06/2023;15:02:02;37.23;;;;
1296;07/06/2023;10:03:59;36.81;Synchronized;;;1296;07/06/2023;15:04:03;37.57;;;;1296;07/06/2023;15:03:02;37.25;;;;
1297;07/06/2023;10:04:14;36.81;Synchronized;;;1297;07/06/2023;15:05:03;37.58;;;;1297;07/06/2023;15:04:02;37.27;;;;
1298;07/06/2023;10:04:29;36.8;Synchronized;;;1298;07/06/2023;15:06:03;37.55;;;;1298;07/06/2023;15:05:02;37.27;;;;
1299;07/06/2023;10:04:44;36.81;Synchronized;;;1299;07/06/2023;15:07:03;37.57;Synchronized;;;1299;07/06/2023;15:06:02;37.26;;;;
1300;07/06/2023;10:04:59;36.84;Synchronized;;;1300;07/06/2023;15:08:03;37.59;Synchronized;;;1300;07/06/2023;15:07:01;37.27;;;;
1301;07/06/2023;10:05:14;36.8;Synchronized;;;1301;07/06/2023;15:09:03;37.59;Synchronized;;;1301;07/06/2023;15:08:01;37.27;;;;
1302;07/06/2023;10:05:29;36.8;Synchronized;;;1302;07/06/2023;15:10:02;37.56;Synchronized;;;1302;07/06/2023;15:09:01;37.27;;;;
1303;07/06/2023;10:05:44;36.8;Synchronized;;;1303;07/06/2023;15:11:02;37.55;Synchronized;;;1303;07/06/2023;15:10:01;37.27;;;;
1304;07/06/2023;10:05:59;36.8;;;;1304;07/06/2023;15:12:02;37.56;Synchronized;;;1304;07/06/2023;15:11:01;37.27;;;;
1305;07/06/2023;10:06:14;36.78;Synchronized;;;1305;07/06/2023;15:13:02;37.55;;;;1305;07/06/2023;15:12:01;37.29;;;;
1306;07/06/2023;10:06:29;36.76;Synchronized;;;1306;07/06/2023;15:14:02;37.57;;;;1306;07/06/2023;15:13:01;37.28;;;;
1307;07/06/2023;10:06:44;36.77;Synchronized;;;1307;07/06/2023;15:15:02;37.55;;;;1307;07/06/2023;15:14:01;37.27;;;;
1308;07/06/2023;10:06:59;36.77;Synchronized;;;1308;07/06/2023;15:16:02;37.56;Synchronized;;;1308;07/06/2023;15:15:01;37.25;;;;
1309;07/06/2023;10:07:14;36.77;Synchronized;;;1309;07/06/2023;15:17:02;37.53;;;;1309;07/06/2023;15:16:01;37.27;;;;
1310;07/06/2023;10:07:29;36.77;Synchronized;;;1310;07/06/2023;15:18:02;37.56;;;;1310;07/06/2023;15:17:00;37.27;;;;
1311;07/06/2023;10:07:44;36.77;Synchronized;;;1311;07/06/2023;15:19:02;37.6;Synchronized;;;1311;07/06/2023;15:18:00;37.27;;;;
1312;07/06/2023;10:07:59;36.78;Synchronized;;;1312;07/06/2023;15:20:01;37.6;;;;1312;07/06/2023;15:19:00;37.25;;;;
1313;07/06/2023;10:08:14;36.77;Synchronized;;;1313;07/06/2023;15:21:01;37.63;Synchronized;;;1313;07/06/2023;15:20:00;37.26;;;;
1314;07/06/2023;10:08:29;36.76;Synchronized;;;1314;07/06/2023;15:22:01;37.63;Synchronized;;;1314;07/06/2023;15:21:00;37.26;;;;
1315;07/06/2023;10:08:44;36.76;Synchronized;;;1315;07/06/2023;15:23:01;37.64;;;;1315;07/06/2023;15:22:00;37.27;;;;
1316;07/06/2023;10:08:59;36.78;Synchronized;;;1316;07/06/2023;15:24:01;37.65;Synchronized;;;1316;07/06/2023;15:23:00;37.27;;;;
1317;07/06/2023;10:09:14;36.79;Synchronized;;;1317;07/06/2023;15:25:01;37.63;Synchronized;;;1317;07/06/2023;15:24:00;37.27;;;;
1318;07/06/2023;10:09:29;36.77;Synchronized;;;1318;07/06/2023;15:26:01;37.63;;;;1318;07/06/2023;15:25:00;37.27;;;;
1319;07/06/2023;10:09:44;36.76;Synchronized;;;1319;07/06/2023;15:27:01;37.61;;;;1319;07/06/2023;15:26:00;37.26;;;;
1320;07/06/2023;10:09:59;36.76;Synchronized;;;1320;07/06/2023;15:28:01;37.6;Synchronized;;;1320;07/06/2023;15:26:59;37.26;;;;
1321;07/06/2023;10:10:14;36.76;Synchronized;;;1321;07/06/2023;15:29:00;37.6;;;;1321;07/06/2023;15:27:59;37.27;;;;
1322;07/06/2023;10:10:29;36.75;Synchronized;;;1322;07/06/2023;15:30:00;37.57;;;;1322;07/06/2023;15:28:59;37.27;;;;
1323;07/06/2023;10:10:44;36.76;Synchronized;;;1323;07/06/2023;15:31:00;37.56;;;;1323;07/06/2023;15:29:59;37.27;;;;
1324;07/06/2023;10:10:59;36.77;Synchronized;;;1324;07/06/2023;15:32:00;37.55;;;;1324;07/06/2023;15:30:59;37.27;;;;
1325;07/06/2023;10:11:14;36.78;Synchronized;;;1325;07/06/2023;15:33:00;37.55;;;;1325;07/06/2023;15:31:59;37.29;Synchronized;;;
1326;07/06/2023;10:11:29;36.78;Synchronized;;;1326;07/06/2023;15:34:00;37.55;;;;1326;07/06/2023;15:32:59;37.27;;;;
1327;07/06/2023;10:11:44;36.78;Synchronized;;;1327;07/06/2023;15:35:00;37.54;;;;1327;07/06/2023;15:33:59;37.27;Synchronized;;;
1328;07/06/2023;10:11:59;36.78;Synchronized;;;1328;07/06/2023;15:36:00;37.55;Synchronized;;;1328;07/06/2023;15:34:59;37.27;Synchronized;;;
1329;07/06/2023;10:12:14;36.79;Synchronized;;;1329;07/06/2023;15:37:00;37.54;;;;1329;07/06/2023;15:35:59;37.27;Synchronized;;;
1330;07/06/2023;10:12:29;36.78;Synchronized;;;1330;07/06/2023;15:38:00;37.53;Synchronized;;;1330;07/06/2023;15:36:59;37.25;Synchronized;;;
1331;07/06/2023;10:12:44;36.78;Synchronized;;;1331;07/06/2023;15:38:59;37.55;;;;1331;07/06/2023;15:37:58;37.27;Synchronized;;;
1332;07/06/2023;10:12:59;36.78;Synchronized;;;1332;07/06/2023;15:39:59;37.55;Synchronized;;;1332;07/06/2023;15:38:58;37.26;Synchronized;;;
1333;07/06/2023;10:13:14;36.8;Synchronized;;;1333;07/06/2023;15:40:59;37.55;Synchronized;;;1333;07/06/2023;15:39:58;37.27;Synchronized;;;
1334;07/06/2023;10:13:29;36.79;Synchronized;;;1334;07/06/2023;15:41:59;37.55;Synchronized;;;1334;07/06/2023;15:40:58;37.28;;;;
1335;07/06/2023;10:13:44;36.79;Synchronized;;;1335;07/06/2023;15:42:59;37.58;;;;1335;07/06/2023;15:41:58;37.27;;;;
1336;07/06/2023;10:13:59;36.8;Synchronized;;;1336;07/06/2023;15:43:59;37.62;;;;1336;07/06/2023;15:42:58;37.3;;;;
1337;07/06/2023;10:14:14;36.79;Synchronized;;;1337;07/06/2023;15:44:59;37.61;;;;1337;07/06/2023;15:43:58;37.3;;;;
1338;07/06/2023;10:14:29;36.77;Synchronized;;;1338;07/06/2023;15:45:59;37.63;;;;1338;07/06/2023;15:44:57;37.31;;;;
1339;07/06/2023;10:14:44;36.77;Synchronized;;;1339;07/06/2023;15:46:59;37.61;;;;1339;07/06/2023;15:45:57;37.32;;;;
1340;07/06/2023;10:14:59;36.8;;;;1340;07/06/2023;15:47:58;37.59;;;;1340;07/06/2023;15:46:57;37.31;;;;
1341;07/06/2023;10:15:14;36.79;Synchronized;;;1341;07/06/2023;15:48:58;37.62;;;;1341;07/06/2023;15:47:57;37.34;;;;
1342;07/06/2023;10:15:29;36.84;Synchronized;;;1342;07/06/2023;15:49:58;37.62;;;;1342;07/06/2023;15:48:57;37.33;;;;
1343;07/06/2023;10:15:44;36.85;;;;1343;07/06/2023;15:50:58;37.6;;;;1343;07/06/2023;15:49:57;37.33;;;;
1344;07/06/2023;10:15:59;36.86;Synchronized;;;1344;07/06/2023;15:51:58;37.57;;;;1344;07/06/2023;15:50:57;37.34;;;;
1345;07/06/2023;10:16:14;36.87;;;;1345;07/06/2023;15:52:58;37.59;;;;1345;07/06/2023;15:51:57;37.33;Synchronized;;;
1346;07/06/2023;10:16:29;36.85;;;;1346;07/06/2023;15:53:58;37.57;;;;1346;07/06/2023;15:52:56;37.31;;;;
1347;07/06/2023;10:16:44;36.87;;;;1347;07/06/2023;15:54:58;37.58;;;;1347;07/06/2023;15:53:56;37.3;;;;
1348;07/06/2023;10:16:59;36.84;;;;1348;07/06/2023;15:55:58;37.6;;;;1348;07/06/2023;15:54:56;37.3;;;;
1349;07/06/2023;10:17:14;36.86;;;;1349;07/06/2023;15:56:57;37.62;;;;1349;07/06/2023;15:55:56;37.3;;;;
1350;07/06/2023;10:17:29;36.84;;;;1350;07/06/2023;15:57:57;37.57;;;;1350;07/06/2023;15:56:56;37.3;Synchronized;;;
1351;07/06/2023;10:17:44;36.84;Synchronized;;;1351;07/06/2023;15:58:57;37.59;;;;1351;07/06/2023;15:57:56;37.3;;;;
1352;07/06/2023;10:17:59;36.84;;;;1352;07/06/2023;15:59:57;37.55;Synchronized;;;1352;07/06/2023;15:58:56;37.3;;;;
1353;07/06/2023;10:18:14;36.84;Synchronized;;;1353;07/06/2023;16:00:57;37.57;Synchronized;;;1353;07/06/2023;15:59:56;37.32;Synchronized;;;
1354;07/06/2023;10:18:29;36.84;;;;1354;07/06/2023;16:01:57;37.58;;;;1354;07/06/2023;16:00:55;37.33;Synchronized;;;
1355;07/06/2023;10:18:44;36.84;;;;1355;07/06/2023;16:02:57;37.59;;;;1355;07/06/2023;16:01:55;37.33;;;;
1356;07/06/2023;10:18:59;36.84;;;;1356;07/06/2023;16:03:57;37.58;;;;1356;07/06/2023;16:02:55;37.33;;;;
1357;07/06/2023;10:19:14;36.84;;;;1357;07/06/2023;16:04:57;37.6;;;;1357;07/06/2023;16:03:55;37.34;Synchronized;;;
1358;07/06/2023;10:19:29;36.85;;;;1358;07/06/2023;16:05:56;37.62;;;;1358;07/06/2023;16:04:55;37.37;Synchronized;;;
1359;07/06/2023;10:19:44;36.84;;;;1359;07/06/2023;16:06:56;37.58;;;;1359;07/06/2023;16:05:55;37.34;Synchronized;;;
1360;07/06/2023;10:19:59;36.85;;;;1360;07/06/2023;16:07:56;37.55;;;;1360;07/06/2023;16:06:55;37.37;Synchronized;;;
1361;07/06/2023;10:20:14;36.82;;;;1361;07/06/2023;16:08:56;37.55;;;;1361;07/06/2023;16:07:54;37.38;Synchronized;;;
1362;07/06/2023;10:20:29;36.82;Synchronized;;;1362;07/06/2023;16:09:56;37.55;;;;1362;07/06/2023;16:08:54;37.38;Synchronized;;;
1363;07/06/2023;10:20:44;36.82;;;;1363;07/06/2023;16:10:56;37.61;;;;1363;07/06/2023;16:09:54;37.38;Synchronized;;;
1364;07/06/2023;10:20:59;36.8;;;;1364;07/06/2023;16:11:56;37.58;Synchronized;;;1364;07/06/2023;16:10:54;37.35;Synchronized;;;
1365;07/06/2023;10:21:14;36.84;;;;1365;07/06/2023;16:12:56;37.53;;;;1365;07/06/2023;16:11:54;37.38;;;;
1366;07/06/2023;10:21:29;36.84;Synchronized;;;1366;07/06/2023;16:13:56;37.5;;;;1366;07/06/2023;16:12:54;37.38;Synchronized;;;
1367;07/06/2023;10:21:44;36.84;;;;1367;07/06/2023;16:14:56;37.51;;;;1367;07/06/2023;16:13:54;37.35;;;;
1368;07/06/2023;10:21:59;36.81;Synchronized;;;1368;07/06/2023;16:15:55;37.48;;;;1368;07/06/2023;16:14:54;37.38;;;;
1369;07/06/2023;10:22:14;36.84;;;;1369;07/06/2023;16:16:55;37.46;;;;1369;07/06/2023;16:15:54;37.37;;;;
1370;07/06/2023;10:22:29;36.85;;;;1370;07/06/2023;16:17:55;37.46;;;;1370;07/06/2023;16:16:54;37.37;;;;
1371;07/06/2023;10:22:44;36.87;Synchronized;;;1371;07/06/2023;16:18:55;37.5;;;;1371;07/06/2023;16:17:53;37.38;;;;
1372;07/06/2023;10:22:59;36.86;Synchronized;;;1372;07/06/2023;16:19:55;37.51;Synchronized;;;1372;07/06/2023;16:18:53;37.38;;;;
1373;07/06/2023;10:23:14;36.86;Synchronized;;;1373;07/06/2023;16:20:55;37.5;;;;1373;07/06/2023;16:19:53;37.39;;;;
1374;07/06/2023;10:23:29;36.84;Synchronized;;;1374;07/06/2023;16:21:55;37.55;Synchronized;;;1374;07/06/2023;16:20:53;37.39;;;;
1375;07/06/2023;10:23:44;36.85;;;;1375;07/06/2023;16:22:55;37.51;Synchronized;;;1375;07/06/2023;16:21:53;37.39;Synchronized;;;
1376;07/06/2023;10:23:59;36.84;;;;1376;07/06/2023;16:23:55;37.48;Synchronized;;;1376;07/06/2023;16:22:53;37.39;Synchronized;;;
1377;07/06/2023;10:24:14;36.85;;;;1377;07/06/2023;16:24:55;37.42;Synchronized;;;1377;07/06/2023;16:23:53;37.38;Synchronized;;;
1378;07/06/2023;10:24:29;36.84;Synchronized;;;1378;07/06/2023;16:25:55;37.41;Synchronized;;;1378;07/06/2023;16:24:53;37.39;Synchronized;;;
1379;07/06/2023;10:24:44;36.84;Synchronized;;;1379;07/06/2023;16:26:54;37.41;Synchronized;;;1379;07/06/2023;16:25:52;37.4;Synchronized;;;
1380;07/06/2023;10:24:59;36.8;Synchronized;;;1380;07/06/2023;16:27:54;37.44;Synchronized;;;1380;07/06/2023;16:26:52;37.4;Synchronized;;;
1381;07/06/2023;10:25:14;36.8;Synchronized;;;1381;07/06/2023;16:28:54;37.44;Synchronized;;;1381;07/06/2023;16:27:52;37.39;Synchronized;;;
1382;07/06/2023;10:25:29;36.8;Synchronized;;;1382;07/06/2023;16:29:54;37.44;Synchronized;;;1382;07/06/2023;16:28:52;37.39;;;;
1383;07/06/2023;10:25:44;36.8;Synchronized;;;1383;07/06/2023;16:30:54;37.41;Synchronized;;;1383;07/06/2023;16:29:52;37.38;Synchronized;;;
1384;07/06/2023;10:25:59;36.8;Synchronized;;;1384;07/06/2023;16:31:54;37.39;Synchronized;;;1384;07/06/2023;16:30:52;37.38;;;;
1385;07/06/2023;10:26:14;36.79;Synchronized;;;1385;07/06/2023;16:32:54;37.37;Synchronized;;;1385;07/06/2023;16:31:52;37.37;Synchronized;;;
1386;07/06/2023;10:26:29;36.79;Synchronized;;;1386;07/06/2023;16:33:54;37.37;Synchronized;;;1386;07/06/2023;16:32:52;37.38;;;;
1387;07/06/2023;10:26:44;36.79;Synchronized;;;1387;07/06/2023;16:34:54;37.39;Synchronized;;;1387;07/06/2023;16:33:52;37.38;;;;
1388;07/06/2023;10:26:59;36.79;Synchronized;;;1388;07/06/2023;16:35:54;37.44;Synchronized;;;1388;07/06/2023;16:34:51;37.35;;;;
1389;07/06/2023;10:27:14;36.79;Synchronized;;;1389;07/06/2023;16:36:53;37.45;Synchronized;;;1389;07/06/2023;16:35:51;37.34;;;;
1390;07/06/2023;10:27:29;36.8;Synchronized;;;1390;07/06/2023;16:37:53;37.46;Synchronized;;;1390;07/06/2023;16:36:51;37.38;;;;
1391;07/06/2023;10:27:44;36.81;Synchronized;;;1391;07/06/2023;16:38:53;37.48;Synchronized;;;1391;07/06/2023;16:37:51;37.38;;;;
1392;07/06/2023;10:27:59;36.8;Synchronized;;;1392;07/06/2023;16:39:53;37.45;Synchronized;;;1392;07/06/2023;16:38:51;37.38;;;;
1393;07/06/2023;10:28:14;36.8;Synchronized;;;1393;07/06/2023;16:40:53;37.48;Synchronized;;;1393;07/06/2023;16:39:51;37.38;Synchronized;;;
1394;07/06/2023;10:28:29;36.81;Synchronized;;;1394;07/06/2023;16:41:53;37.57;Synchronized;;;1394;07/06/2023;16:40:51;37.38;Synchronized;;;
1395;07/06/2023;10:28:44;36.8;Synchronized;;;1395;07/06/2023;16:42:53;37.67;Synchronized;;;1395;07/06/2023;16:41:50;37.38;Synchronized;;;
1396;07/06/2023;10:28:59;36.79;Synchronized;;;1396;07/06/2023;16:43:53;37.67;Synchronized;;;1396;07/06/2023;16:42:50;37.38;;;;
1397;07/06/2023;10:29:14;36.8;Synchronized;;;1397;07/06/2023;16:44:53;37.7;Synchronized;;;1397;07/06/2023;16:43:50;37.37;;;;
1398;07/06/2023;10:29:29;36.8;Synchronized;;;1398;07/06/2023;16:45:53;37.7;Synchronized;;;1398;07/06/2023;16:44:50;37.38;;;;
1399;07/06/2023;10:29:44;36.8;Synchronized;;;1399;07/06/2023;16:46:52;37.7;Synchronized;;;1399;07/06/2023;16:45:50;37.38;Synchronized;;;
1400;07/06/2023;10:29:59;36.76;Synchronized;;;1400;07/06/2023;16:47:52;37.68;Synchronized;;;1400;07/06/2023;16:46:50;37.37;Synchronized;;;
1401;07/06/2023;10:30:14;36.77;Synchronized;;;1401;07/06/2023;16:48:52;37.63;Synchronized;;;1401;07/06/2023;16:47:50;37.4;Synchronized;;;
1402;07/06/2023;10:30:29;36.76;Synchronized;;;1402;07/06/2023;16:49:52;37.66;Synchronized;;;1402;07/06/2023;16:48:50;37.39;Synchronized;;;
1403;07/06/2023;10:30:44;36.76;Synchronized;;;1403;07/06/2023;16:50:52;;Missing data;;;1403;07/06/2023;16:49:50;37.39;;;;
1404;07/06/2023;10:30:59;36.74;Synchronized;;;1404;07/06/2023;16:51:52;37.66;;;;1404;07/06/2023;16:50:49;37.39;;;;
1405;07/06/2023;10:31:14;36.72;Synchronized;;;1405;07/06/2023;16:52:07;37.68;;;;1405;07/06/2023;16:51:49;37.38;;;;
1406;07/06/2023;10:31:29;36.73;Synchronized;;;1406;07/06/2023;16:52:22;37.69;;;;1406;07/06/2023;16:52:49;37.4;;;;
1407;07/06/2023;10:31:44;36.73;Synchronized;;;1407;07/06/2023;16:52:37;37.69;;;;1407;07/06/2023;16:53:04;37.4;;;;
1408;07/06/2023;10:31:59;36.7;Synchronized;;;1408;07/06/2023;16:52:52;37.68;;;;1408;07/06/2023;16:53:19;37.42;;;;
1409;07/06/2023;10:32:14;36.72;Synchronized;;;1409;07/06/2023;16:53:07;37.68;;;;1409;07/06/2023;16:53:34;37.41;;;;
1410;07/06/2023;10:32:29;36.73;Synchronized;;;1410;07/06/2023;16:53:22;37.68;;;;;;;;;;;
1411;07/06/2023;10:32:44;36.73;Synchronized;;;1411;07/06/2023;16:53:37;37.66;;;;;;;;;;;
1412;07/06/2023;10:32:59;36.74;Synchronized;;;1412;07/06/2023;16:53:52;;Missing data;;;;;;;;;;
1413;07/06/2023;10:33:14;36.76;Synchronized;;;1413;07/06/2023;16:54:07;;Missing data;;;;;;;;;;
1414;07/06/2023;10:33:29;36.77;Synchronized;;;1414;07/06/2023;16:54:22;;Missing data;;;;;;;;;;
1415;07/06/2023;10:33:45;36.77;Synchronized;;;1415;07/06/2023;16:54:37;;Missing data;;;;;;;;;;
1416;07/06/2023;10:34:00;36.79;Synchronized;;;1416;07/06/2023;16:54:52;;Missing data;;;;;;;;;;
1417;07/06/2023;10:34:15;36.76;Synchronized;;;1417;07/06/2023;16:55:07;;Missing data;;;;;;;;;;
1418;07/06/2023;10:34:30;36.77;Synchronized;;;1418;07/06/2023;16:55:22;;Missing data;;;;;;;;;;
1419;07/06/2023;10:34:45;36.73;Synchronized;;;1419;07/06/2023;16:55:37;;Missing data;;;;;;;;;;
1420;07/06/2023;10:35:00;36.77;Synchronized;;;1420;07/06/2023;16:55:52;;Missing data;;;;;;;;;;
1421;07/06/2023;10:35:15;36.75;Synchronized;;;1421;07/06/2023;16:56:07;;Missing data;;;;;;;;;;
1422;07/06/2023;10:35:30;36.77;Synchronized;;;1422;07/06/2023;16:56:22;;Missing data;;;;;;;;;;
1423;07/06/2023;10:35:45;36.75;Synchronized;;;1423;07/06/2023;16:56:37;;Missing data;;;;;;;;;;
1424;07/06/2023;10:36:00;36.74;Synchronized;;;1424;07/06/2023;16:56:52;;Missing data;;;;;;;;;;
1425;07/06/2023;10:36:15;36.75;Synchronized;;;1425;07/06/2023;16:57:07;;Missing data;;;;;;;;;;
1426;07/06/2023;10:36:30;36.73;Synchronized;;;1426;07/06/2023;16:57:22;;Missing data;;;;;;;;;;
1427;07/06/2023;10:36:45;36.73;Synchronized;;;1427;07/06/2023;16:57:37;;Missing data;;;;;;;;;;
1428;07/06/2023;10:37:00;36.72;Synchronized;;;1428;07/06/2023;16:57:52;;Missing data;;;;;;;;;;
1429;07/06/2023;10:37:15;36.77;Synchronized;;;1429;07/06/2023;16:58:07;;Missing data;;;;;;;;;;
1430;07/06/2023;10:37:30;36.78;Synchronized;;;1430;07/06/2023;16:58:22;;Missing data;;;;;;;;;;
1431;07/06/2023;10:37:45;36.79;Synchronized;;;1431;07/06/2023;16:58:37;;Missing data;;;;;;;;;;
1432;07/06/2023;10:38:00;36.78;Synchronized;;;1432;07/06/2023;16:58:52;;Missing data;;;;;;;;;;
1433;07/06/2023;10:38:15;36.84;Synchronized;;;1433;07/06/2023;16:59:07;;Missing data;;;;;;;;;;
1434;07/06/2023;10:38:30;36.79;Synchronized;;;1434;07/06/2023;16:59:22;;Missing data;;;;;;;;;;
1435;07/06/2023;10:38:45;36.81;Synchronized;;;1435;07/06/2023;16:59:37;;Missing data;;;;;;;;;;
1436;07/06/2023;10:39:00;36.81;Synchronized;;;1436;07/06/2023;16:59:52;;Missing data;;;;;;;;;;
1437;07/06/2023;10:39:15;36.81;Synchronized;;;1437;07/06/2023;17:00:07;;Missing data;;;;;;;;;;
1438;07/06/2023;10:39:30;36.84;Synchronized;;;1438;07/06/2023;17:00:22;;Missing data;;;;;;;;;;
1439;07/06/2023;10:39:45;36.84;Synchronized;;;1439;07/06/2023;17:00:37;;Missing data;;;;;;;;;;
1440;07/06/2023;10:40:00;36.84;Synchronized;;;1440;07/06/2023;17:00:52;;Missing data;;;;;;;;;;
1441;07/06/2023;10:40:15;36.8;Synchronized;;;1441;07/06/2023;17:01:07;;Missing data;;;;;;;;;;
1442;07/06/2023;10:40:30;36.84;Synchronized;;;1442;07/06/2023;17:01:22;;Missing data;;;;;;;;;;
1443;07/06/2023;10:40:45;36.82;Synchronized;;;1443;07/06/2023;17:01:37;;Missing data;;;;;;;;;;
1444;07/06/2023;10:41:00;36.82;Synchronized;;;1444;07/06/2023;17:01:52;;Missing data;;;;;;;;;;
1445;07/06/2023;10:41:15;36.82;Synchronized;;;1445;07/06/2023;17:02:07;;Missing data;;;;;;;;;;
1446;07/06/2023;10:41:30;36.82;Synchronized;;;1446;07/06/2023;17:02:22;;Missing data;;;;;;;;;;
1447;07/06/2023;10:41:45;36.84;Synchronized;;;1447;07/06/2023;17:02:37;;Missing data;;;;;;;;;;
1448;07/06/2023;10:42:00;36.84;Synchronized;;;1448;07/06/2023;17:02:52;;Missing data;;;;;;;;;;
1449;07/06/2023;10:42:15;36.84;Synchronized;;;1449;07/06/2023;17:03:07;;Missing data;;;;;;;;;;
1450;07/06/2023;10:42:30;36.82;Synchronized;;;1450;07/06/2023;17:03:22;;Missing data;;;;;;;;;;
1451;07/06/2023;10:42:45;36.85;Synchronized;;;1451;07/06/2023;17:03:37;;Missing data;;;;;;;;;;
1452;07/06/2023;10:43:00;36.85;;;;1452;07/06/2023;17:03:52;37.77;;;;;;;;;;;
1453;07/06/2023;10:43:15;36.84;;;;;;;;;;;;;;;;;;
1454;07/06/2023;10:43:30;36.82;;;;;;;;;;;;;;;;;;
1455;07/06/2023;10:43:45;36.84;;;;;;;;;;;;;;;;;;
1456;07/06/2023;10:44:00;36.84;;;;;;;;;;;;;;;;;;
1457;07/06/2023;10:44:15;36.86;Synchronized;;;;;;;;;;;;;;;;;
1458;07/06/2023;10:44:30;36.85;Synchronized;;;;;;;;;;;;;;;;;
1459;07/06/2023;10:44:45;36.85;;;;;;;;;;;;;;;;;;
1460;07/06/2023;10:45:00;36.84;Synchronized;;;;;;;;;;;;;;;;;
1461;07/06/2023;10:45:15;36.82;;;;;;;;;;;;;;;;;;
1462;07/06/2023;10:45:30;36.81;;;;;;;;;;;;;;;;;;
1463;07/06/2023;10:45:45;36.81;Synchronized;;;;;;;;;;;;;;;;;
1464;07/06/2023;10:46:00;36.81;;;;;;;;;;;;;;;;;;
1465;07/06/2023;10:46:15;36.82;;;;;;;;;;;;;;;;;;
1466;07/06/2023;10:46:30;36.8;;;;;;;;;;;;;;;;;;
1467;07/06/2023;10:46:45;36.82;Synchronized;;;;;;;;;;;;;;;;;
1468;07/06/2023;10:47:00;36.82;;;;;;;;;;;;;;;;;;
1469;07/06/2023;10:47:15;36.84;;;;;;;;;;;;;;;;;;
1470;07/06/2023;10:47:30;36.84;Synchronized;;;;;;;;;;;;;;;;;
1471;07/06/2023;10:47:45;36.85;;;;;;;;;;;;;;;;;;
1472;07/06/2023;10:48:00;36.84;;;;;;;;;;;;;;;;;;
1473;07/06/2023;10:48:15;36.84;;;;;;;;;;;;;;;;;;
1474;07/06/2023;10:48:30;36.82;;;;;;;;;;;;;;;;;;
1475;07/06/2023;10:48:45;36.8;;;;;;;;;;;;;;;;;;
1476;07/06/2023;10:49:00;36.79;;;;;;;;;;;;;;;;;;
1477;07/06/2023;10:49:15;36.77;;;;;;;;;;;;;;;;;;
1478;07/06/2023;10:49:30;36.77;;;;;;;;;;;;;;;;;;
1479;07/06/2023;10:49:45;36.74;;;;;;;;;;;;;;;;;;
1480;07/06/2023;10:50:00;36.74;;;;;;;;;;;;;;;;;;
1481;07/06/2023;10:50:15;36.73;;;;;;;;;;;;;;;;;;
1482;07/06/2023;10:50:30;36.72;;;;;;;;;;;;;;;;;;
1483;07/06/2023;10:50:45;36.73;;;;;;;;;;;;;;;;;;
1484;07/06/2023;10:51:00;36.74;;;;;;;;;;;;;;;;;;
1485;07/06/2023;10:51:15;36.71;;;;;;;;;;;;;;;;;;
1486;07/06/2023;10:51:30;36.73;;;;;;;;;;;;;;;;;;
1487;07/06/2023;10:51:45;36.75;;;;;;;;;;;;;;;;;;
1488;07/06/2023;10:52:00;36.77;;;;;;;;;;;;;;;;;;
1489;07/06/2023;10:52:15;36.78;;;;;;;;;;;;;;;;;;
1490;07/06/2023;10:52:30;36.81;;;;;;;;;;;;;;;;;;
1491;07/06/2023;10:52:45;36.86;;;;;;;;;;;;;;;;;;
1492;07/06/2023;10:53:00;36.88;Synchronized;;;;;;;;;;;;;;;;;
1493;07/06/2023;10:53:15;36.87;;;;;;;;;;;;;;;;;;
1494;07/06/2023;10:53:30;36.9;;;;;;;;;;;;;;;;;;
1495;07/06/2023;10:53:45;36.89;Synchronized;;;;;;;;;;;;;;;;;
1496;07/06/2023;10:54:00;36.88;;;;;;;;;;;;;;;;;;
1497;07/06/2023;10:54:15;36.88;;;;;;;;;;;;;;;;;;
1498;07/06/2023;10:54:30;36.87;Synchronized;;;;;;;;;;;;;;;;;
1499;07/06/2023;10:54:45;36.84;;;;;;;;;;;;;;;;;;
1500;07/06/2023;10:55:00;36.84;;;;;;;;;;;;;;;;;;
1501;07/06/2023;10:55:15;36.84;;;;;;;;;;;;;;;;;;
1502;07/06/2023;10:55:30;36.81;;;;;;;;;;;;;;;;;;
1503;07/06/2023;10:55:45;36.82;;;;;;;;;;;;;;;;;;
1504;07/06/2023;10:56:00;36.84;;;;;;;;;;;;;;;;;;
1505;07/06/2023;10:56:15;36.84;Synchronized;;;;;;;;;;;;;;;;;
1506;07/06/2023;10:56:30;36.82;;;;;;;;;;;;;;;;;;
1507;07/06/2023;10:56:45;36.84;;;;;;;;;;;;;;;;;;
1508;07/06/2023;10:57:00;36.84;Synchronized;;;;;;;;;;;;;;;;;
1509;07/06/2023;10:57:15;36.82;Synchronized;;;;;;;;;;;;;;;;;
1510;07/06/2023;10:57:30;36.82;;;;;;;;;;;;;;;;;;
1511;07/06/2023;10:57:45;36.81;;;;;;;;;;;;;;;;;;
1512;07/06/2023;10:58:00;36.82;;;;;;;;;;;;;;;;;;
1513;07/06/2023;10:58:15;36.84;;;;;;;;;;;;;;;;;;
1514;07/06/2023;10:58:30;36.84;;;;;;;;;;;;;;;;;;
1515;07/06/2023;10:58:45;36.84;;;;;;;;;;;;;;;;;;
1516;07/06/2023;10:59:00;36.84;Synchronized;;;;;;;;;;;;;;;;;
1517;07/06/2023;10:59:15;36.82;;;;;;;;;;;;;;;;;;
1518;07/06/2023;10:59:30;36.8;;;;;;;;;;;;;;;;;;
1519;07/06/2023;10:59:45;36.82;;;;;;;;;;;;;;;;;;
1520;07/06/2023;11:00:00;36.84;;;;;;;;;;;;;;;;;;
1521;07/06/2023;11:00:15;36.85;Synchronized;;;;;;;;;;;;;;;;;
1522;07/06/2023;11:00:30;36.88;;;;;;;;;;;;;;;;;;
1523;07/06/2023;11:00:45;36.86;Synchronized;;;;;;;;;;;;;;;;;
1524;07/06/2023;11:01:00;36.84;Synchronized;;;;;;;;;;;;;;;;;
1525;07/06/2023;11:01:15;36.86;;;;;;;;;;;;;;;;;;
1526;07/06/2023;11:01:30;36.87;;;;;;;;;;;;;;;;;;
1527;07/06/2023;11:01:45;36.86;;;;;;;;;;;;;;;;;;
1528;07/06/2023;11:02:00;36.85;Synchronized;;;;;;;;;;;;;;;;;
1529;07/06/2023;11:02:15;36.87;;;;;;;;;;;;;;;;;;
1530;07/06/2023;11:02:30;36.86;;;;;;;;;;;;;;;;;;
1531;07/06/2023;11:02:45;36.85;;;;;;;;;;;;;;;;;;
1532;07/06/2023;11:03:00;36.87;;;;;;;;;;;;;;;;;;
1533;07/06/2023;11:03:15;36.86;Synchronized;;;;;;;;;;;;;;;;;
1534;07/06/2023;11:03:30;36.91;;;;;;;;;;;;;;;;;;
1535;07/06/2023;11:03:45;36.96;;;;;;;;;;;;;;;;;;
1536;07/06/2023;11:04:00;36.96;Synchronized;;;;;;;;;;;;;;;;;
1537;07/06/2023;11:04:15;36.96;;;;;;;;;;;;;;;;;;
1538;07/06/2023;11:04:30;36.94;;;;;;;;;;;;;;;;;;
1539;07/06/2023;11:04:45;36.94;Synchronized;;;;;;;;;;;;;;;;;
1540;07/06/2023;11:05:00;36.96;;;;;;;;;;;;;;;;;;
1541;07/06/2023;11:05:15;37.01;;;;;;;;;;;;;;;;;;
1542;07/06/2023;11:05:30;37;;;;;;;;;;;;;;;;;;
1543;07/06/2023;11:05:45;37.01;;;;;;;;;;;;;;;;;;
1544;07/06/2023;11:06:00;37.02;;;;;;;;;;;;;;;;;;
1545;07/06/2023;11:06:15;37.01;;;;;;;;;;;;;;;;;;
1546;07/06/2023;11:06:30;37;;;;;;;;;;;;;;;;;;
1547;07/06/2023;11:06:45;36.99;;;;;;;;;;;;;;;;;;
1548;07/06/2023;11:07:00;37;;;;;;;;;;;;;;;;;;
1549;07/06/2023;11:07:15;36.97;Synchronized;;;;;;;;;;;;;;;;;
1550;07/06/2023;11:07:30;36.95;Synchronized;;;;;;;;;;;;;;;;;
1551;07/06/2023;11:07:45;36.94;Synchronized;;;;;;;;;;;;;;;;;
1552;07/06/2023;11:08:00;36.92;;;;;;;;;;;;;;;;;;
1553;07/06/2023;11:08:15;36.91;;;;;;;;;;;;;;;;;;
1554;07/06/2023;11:08:30;36.9;;;;;;;;;;;;;;;;;;
1555;07/06/2023;11:08:45;36.91;Synchronized;;;;;;;;;;;;;;;;;
1556;07/06/2023;11:09:00;36.92;;;;;;;;;;;;;;;;;;
1557;07/06/2023;11:09:15;36.93;;;;;;;;;;;;;;;;;;
1558;07/06/2023;11:09:30;36.91;Synchronized;;;;;;;;;;;;;;;;;
1559;07/06/2023;11:09:45;36.93;Synchronized;;;;;;;;;;;;;;;;;
1560;07/06/2023;11:10:00;36.93;Synchronized;;;;;;;;;;;;;;;;;
1561;07/06/2023;11:10:15;36.93;;;;;;;;;;;;;;;;;;
1562;07/06/2023;11:10:30;36.91;;;;;;;;;;;;;;;;;;
1563;07/06/2023;11:10:45;36.89;Synchronized;;;;;;;;;;;;;;;;;
1564;07/06/2023;11:11:00;36.9;;;;;;;;;;;;;;;;;;
1565;07/06/2023;11:11:16;36.92;Synchronized;;;;;;;;;;;;;;;;;
1566;07/06/2023;11:11:31;36.91;;;;;;;;;;;;;;;;;;
1567;07/06/2023;11:11:46;36.93;;;;;;;;;;;;;;;;;;
1568;07/06/2023;11:12:01;36.91;Synchronized;;;;;;;;;;;;;;;;;
1569;07/06/2023;11:12:16;36.92;Synchronized;;;;;;;;;;;;;;;;;
1570;07/06/2023;11:12:31;36.93;;;;;;;;;;;;;;;;;;
1571;07/06/2023;11:12:46;36.9;;;;;;;;;;;;;;;;;;
1572;07/06/2023;11:13:01;36.91;Synchronized;;;;;;;;;;;;;;;;;
1573;07/06/2023;11:13:16;36.9;Synchronized;;;;;;;;;;;;;;;;;
1574;07/06/2023;11:13:31;36.92;Synchronized;;;;;;;;;;;;;;;;;
1575;07/06/2023;11:13:46;36.92;;;;;;;;;;;;;;;;;;
1576;07/06/2023;11:14:01;36.97;;;;;;;;;;;;;;;;;;
1577;07/06/2023;11:14:16;36.98;Synchronized;;;;;;;;;;;;;;;;;
1578;07/06/2023;11:14:31;36.97;Synchronized;;;;;;;;;;;;;;;;;
1579;07/06/2023;11:14:46;36.98;Synchronized;;;;;;;;;;;;;;;;;
1580;07/06/2023;11:15:01;36.98;Synchronized;;;;;;;;;;;;;;;;;
1581;07/06/2023;11:15:16;36.96;Synchronized;;;;;;;;;;;;;;;;;
1582;07/06/2023;11:15:31;36.96;Synchronized;;;;;;;;;;;;;;;;;
1583;07/06/2023;11:15:46;36.94;;;;;;;;;;;;;;;;;;
1584;07/06/2023;11:16:01;36.94;;;;;;;;;;;;;;;;;;
1585;07/06/2023;11:16:16;36.92;;;;;;;;;;;;;;;;;;
1586;07/06/2023;11:16:31;36.93;Synchronized;;;;;;;;;;;;;;;;;
1587;07/06/2023;11:16:46;36.93;Synchronized;;;;;;;;;;;;;;;;;
1588;07/06/2023;11:17:01;36.95;Synchronized;;;;;;;;;;;;;;;;;
1589;07/06/2023;11:17:16;36.94;Synchronized;;;;;;;;;;;;;;;;;
1590;07/06/2023;11:17:31;36.91;Synchronized;;;;;;;;;;;;;;;;;
1591;07/06/2023;11:17:46;36.94;;;;;;;;;;;;;;;;;;
1592;07/06/2023;11:18:01;36.92;;;;;;;;;;;;;;;;;;
1593;07/06/2023;11:18:16;36.93;;;;;;;;;;;;;;;;;;
1594;07/06/2023;11:18:31;36.93;;;;;;;;;;;;;;;;;;
1595;07/06/2023;11:18:46;36.93;Synchronized;;;;;;;;;;;;;;;;;
1596;07/06/2023;11:19:01;36.93;;;;;;;;;;;;;;;;;;
1597;07/06/2023;11:19:16;36.93;;;;;;;;;;;;;;;;;;
1598;07/06/2023;11:19:31;36.9;;;;;;;;;;;;;;;;;;
1599;07/06/2023;11:19:46;36.93;;;;;;;;;;;;;;;;;;
1600;07/06/2023;11:20:01;36.91;Synchronized;;;;;;;;;;;;;;;;;
1601;07/06/2023;11:20:16;36.91;;;;;;;;;;;;;;;;;;
1602;07/06/2023;11:20:31;36.91;;;;;;;;;;;;;;;;;;
1603;07/06/2023;11:20:46;36.91;Synchronized;;;;;;;;;;;;;;;;;
1604;07/06/2023;11:21:01;36.91;;;;;;;;;;;;;;;;;;
1605;07/06/2023;11:21:16;36.89;Synchronized;;;;;;;;;;;;;;;;;
1606;07/06/2023;11:21:31;36.9;;;;;;;;;;;;;;;;;;
1607;07/06/2023;11:21:46;36.89;;;;;;;;;;;;;;;;;;
1608;07/06/2023;11:22:01;36.94;;;;;;;;;;;;;;;;;;
1609;07/06/2023;11:22:16;36.91;Synchronized;;;;;;;;;;;;;;;;;
1610;07/06/2023;11:22:31;36.93;;;;;;;;;;;;;;;;;;
1611;07/06/2023;11:22:46;36.91;;;;;;;;;;;;;;;;;;
1612;07/06/2023;11:23:01;36.92;;;;;;;;;;;;;;;;;;
1613;07/06/2023;11:23:16;36.91;;;;;;;;;;;;;;;;;;
1614;07/06/2023;11:23:31;36.89;;;;;;;;;;;;;;;;;;
1615;07/06/2023;11:23:46;36.91;;;;;;;;;;;;;;;;;;
1616;07/06/2023;11:24:01;36.91;Synchronized;;;;;;;;;;;;;;;;;
1617;07/06/2023;11:24:16;36.92;;;;;;;;;;;;;;;;;;
1618;07/06/2023;11:24:31;36.91;;;;;;;;;;;;;;;;;;
1619;07/06/2023;11:24:46;36.93;;;;;;;;;;;;;;;;;;
1620;07/06/2023;11:25:01;36.92;;;;;;;;;;;;;;;;;;
1621;07/06/2023;11:25:16;36.95;;;;;;;;;;;;;;;;;;
1622;07/06/2023;11:25:31;36.94;Synchronized;;;;;;;;;;;;;;;;;
1623;07/06/2023;11:25:46;36.93;Synchronized;;;;;;;;;;;;;;;;;
1624;07/06/2023;11:26:01;36.9;Synchronized;;;;;;;;;;;;;;;;;
1625;07/06/2023;11:26:16;36.88;Synchronized;;;;;;;;;;;;;;;;;
1626;07/06/2023;11:26:31;36.88;;;;;;;;;;;;;;;;;;
1627;07/06/2023;11:26:46;36.89;Synchronized;;;;;;;;;;;;;;;;;
1628;07/06/2023;11:27:01;36.89;Synchronized;;;;;;;;;;;;;;;;;
1629;07/06/2023;11:27:16;36.88;Synchronized;;;;;;;;;;;;;;;;;
1630;07/06/2023;11:27:31;36.87;Synchronized;;;;;;;;;;;;;;;;;
1631;07/06/2023;11:27:46;36.88;Synchronized;;;;;;;;;;;;;;;;;
1632;07/06/2023;11:28:01;36.86;Synchronized;;;;;;;;;;;;;;;;;
1633;07/06/2023;11:28:16;36.86;Synchronized;;;;;;;;;;;;;;;;;
1634;07/06/2023;11:28:31;36.86;Synchronized;;;;;;;;;;;;;;;;;
1635;07/06/2023;11:28:46;36.85;Synchronized;;;;;;;;;;;;;;;;;
1636;07/06/2023;11:29:01;36.85;Synchronized;;;;;;;;;;;;;;;;;
1637;07/06/2023;11:29:16;36.85;Synchronized;;;;;;;;;;;;;;;;;
1638;07/06/2023;11:29:31;36.86;Synchronized;;;;;;;;;;;;;;;;;
1639;07/06/2023;11:29:46;36.82;Synchronized;;;;;;;;;;;;;;;;;
1640;07/06/2023;11:30:01;36.86;Synchronized;;;;;;;;;;;;;;;;;
1641;07/06/2023;11:30:16;36.82;Synchronized;;;;;;;;;;;;;;;;;
1642;07/06/2023;11:30:31;36.85;Synchronized;;;;;;;;;;;;;;;;;
1643;07/06/2023;11:30:46;36.81;Synchronized;;;;;;;;;;;;;;;;;
1644;07/06/2023;11:31:01;36.8;Synchronized;;;;;;;;;;;;;;;;;
1645;07/06/2023;11:31:16;36.8;Synchronized;;;;;;;;;;;;;;;;;
1646;07/06/2023;11:31:31;36.8;Synchronized;;;;;;;;;;;;;;;;;
1647;07/06/2023;11:31:46;36.8;;;;;;;;;;;;;;;;;;
1648;07/06/2023;11:32:01;36.8;Synchronized;;;;;;;;;;;;;;;;;
1649;07/06/2023;11:32:16;36.78;Synchronized;;;;;;;;;;;;;;;;;
1650;07/06/2023;11:32:31;36.8;Synchronized;;;;;;;;;;;;;;;;;
1651;07/06/2023;11:32:46;36.79;Synchronized;;;;;;;;;;;;;;;;;
1652;07/06/2023;11:33:01;36.8;;;;;;;;;;;;;;;;;;
1653;07/06/2023;11:33:16;36.8;Synchronized;;;;;;;;;;;;;;;;;
1654;07/06/2023;11:33:31;36.78;Synchronized;;;;;;;;;;;;;;;;;
1655;07/06/2023;11:33:46;36.77;;;;;;;;;;;;;;;;;;
1656;07/06/2023;11:34:01;36.77;Synchronized;;;;;;;;;;;;;;;;;
1657;07/06/2023;11:34:16;36.75;;;;;;;;;;;;;;;;;;
1658;07/06/2023;11:34:31;36.76;Synchronized;;;;;;;;;;;;;;;;;
1659;07/06/2023;11:34:46;36.76;;;;;;;;;;;;;;;;;;
1660;07/06/2023;11:35:01;36.76;Synchronized;;;;;;;;;;;;;;;;;
1661;07/06/2023;11:35:16;36.74;Synchronized;;;;;;;;;;;;;;;;;
1662;07/06/2023;11:35:31;36.75;Synchronized;;;;;;;;;;;;;;;;;
1663;07/06/2023;11:35:46;36.77;;;;;;;;;;;;;;;;;;
1664;07/06/2023;11:36:01;36.77;;;;;;;;;;;;;;;;;;
1665;07/06/2023;11:36:16;36.75;Synchronized;;;;;;;;;;;;;;;;;
1666;07/06/2023;11:36:31;36.74;;;;;;;;;;;;;;;;;;
1667;07/06/2023;11:36:46;36.73;;;;;;;;;;;;;;;;;;
1668;07/06/2023;11:37:01;36.75;;;;;;;;;;;;;;;;;;
1669;07/06/2023;11:37:16;36.74;;;;;;;;;;;;;;;;;;
1670;07/06/2023;11:37:31;36.73;Synchronized;;;;;;;;;;;;;;;;;
1671;07/06/2023;11:37:46;36.73;;;;;;;;;;;;;;;;;;
1672;07/06/2023;11:38:01;36.69;;;;;;;;;;;;;;;;;;
1673;07/06/2023;11:38:16;36.71;;;;;;;;;;;;;;;;;;
1674;07/06/2023;11:38:31;36.69;;;;;;;;;;;;;;;;;;
1675;07/06/2023;11:38:46;36.7;;;;;;;;;;;;;;;;;;
1676;07/06/2023;11:39:01;36.69;;;;;;;;;;;;;;;;;;
1677;07/06/2023;11:39:16;36.7;;;;;;;;;;;;;;;;;;
1678;07/06/2023;11:39:31;36.67;;;;;;;;;;;;;;;;;;
1679;07/06/2023;11:39:46;36.72;;;;;;;;;;;;;;;;;;
1680;07/06/2023;11:40:01;36.73;;;;;;;;;;;;;;;;;;
1681;07/06/2023;11:40:16;36.76;;;;;;;;;;;;;;;;;;
1682;07/06/2023;11:40:31;36.77;Synchronized;;;;;;;;;;;;;;;;;
1683;07/06/2023;11:40:46;36.77;Synchronized;;;;;;;;;;;;;;;;;
1684;07/06/2023;11:41:01;36.78;;;;;;;;;;;;;;;;;;
1685;07/06/2023;11:41:16;36.75;;;;;;;;;;;;;;;;;;
1686;07/06/2023;11:41:31;36.74;Synchronized;;;;;;;;;;;;;;;;;
1687;07/06/2023;11:41:46;36.71;;;;;;;;;;;;;;;;;;
1688;07/06/2023;11:42:01;36.73;Synchronized;;;;;;;;;;;;;;;;;
1689;07/06/2023;11:42:16;36.76;Synchronized;;;;;;;;;;;;;;;;;
1690;07/06/2023;11:42:31;36.75;Synchronized;;;;;;;;;;;;;;;;;
1691;07/06/2023;11:42:46;36.74;Synchronized;;;;;;;;;;;;;;;;;
1692;07/06/2023;11:43:01;36.74;;;;;;;;;;;;;;;;;;
1693;07/06/2023;11:43:16;36.76;;;;;;;;;;;;;;;;;;
1694;07/06/2023;11:43:31;36.76;Synchronized;;;;;;;;;;;;;;;;;
1695;07/06/2023;11:43:46;36.77;Synchronized;;;;;;;;;;;;;;;;;
1696;07/06/2023;11:44:01;36.77;Synchronized;;;;;;;;;;;;;;;;;
1697;07/06/2023;11:44:16;36.76;;;;;;;;;;;;;;;;;;
1698;07/06/2023;11:44:31;36.77;;;;;;;;;;;;;;;;;;
1699;07/06/2023;11:44:46;36.77;;;;;;;;;;;;;;;;;;
1700;07/06/2023;11:45:01;36.75;Synchronized;;;;;;;;;;;;;;;;;
1701;07/06/2023;11:45:16;36.74;;;;;;;;;;;;;;;;;;
1702;07/06/2023;11:45:31;36.74;;;;;;;;;;;;;;;;;;
1703;07/06/2023;11:45:46;36.72;Synchronized;;;;;;;;;;;;;;;;;
1704;07/06/2023;11:46:01;36.71;;;;;;;;;;;;;;;;;;
1705;07/06/2023;11:46:16;36.69;;;;;;;;;;;;;;;;;;
1706;07/06/2023;11:46:31;36.68;;;;;;;;;;;;;;;;;;
1707;07/06/2023;11:46:46;36.68;;;;;;;;;;;;;;;;;;
1708;07/06/2023;11:47:01;36.71;;;;;;;;;;;;;;;;;;
1709;07/06/2023;11:47:16;36.7;Synchronized;;;;;;;;;;;;;;;;;
1710;07/06/2023;11:47:31;36.73;Synchronized;;;;;;;;;;;;;;;;;
1711;07/06/2023;11:47:46;36.73;;;;;;;;;;;;;;;;;;
1712;07/06/2023;11:48:01;36.7;Synchronized;;;;;;;;;;;;;;;;;
1713;07/06/2023;11:48:16;36.73;;;;;;;;;;;;;;;;;;
1714;07/06/2023;11:48:31;36.74;;;;;;;;;;;;;;;;;;
1715;07/06/2023;11:48:46;36.75;;;;;;;;;;;;;;;;;;
1716;07/06/2023;11:49:01;36.74;;;;;;;;;;;;;;;;;;
1717;07/06/2023;11:49:16;36.74;;;;;;;;;;;;;;;;;;
1718;07/06/2023;11:49:31;36.75;;;;;;;;;;;;;;;;;;
1719;07/06/2023;11:49:46;36.73;;;;;;;;;;;;;;;;;;
1720;07/06/2023;11:50:01;36.73;;;;;;;;;;;;;;;;;;
1721;07/06/2023;11:50:16;36.73;;;;;;;;;;;;;;;;;;
1722;07/06/2023;11:50:31;36.72;;;;;;;;;;;;;;;;;;
1723;07/06/2023;11:50:46;36.74;;;;;;;;;;;;;;;;;;
1724;07/06/2023;11:51:01;36.75;;;;;;;;;;;;;;;;;;
1725;07/06/2023;11:51:16;36.74;;;;;;;;;;;;;;;;;;
1726;07/06/2023;11:51:31;36.75;;;;;;;;;;;;;;;;;;
1727;07/06/2023;11:51:46;36.72;;;;;;;;;;;;;;;;;;
1728;07/06/2023;11:52:01;36.72;;;;;;;;;;;;;;;;;;
1729;07/06/2023;11:52:16;36.71;;;;;;;;;;;;;;;;;;
1730;07/06/2023;11:52:31;36.7;;;;;;;;;;;;;;;;;;
1731;07/06/2023;11:52:46;36.72;;;;;;;;;;;;;;;;;;
1732;07/06/2023;11:53:01;36.72;;;;;;;;;;;;;;;;;;
1733;07/06/2023;11:53:16;36.73;;;;;;;;;;;;;;;;;;
1734;07/06/2023;11:53:31;36.71;;;;;;;;;;;;;;;;;;
1735;07/06/2023;11:53:46;36.69;;;;;;;;;;;;;;;;;;
1736;07/06/2023;11:54:01;36.7;;;;;;;;;;;;;;;;;;
1737;07/06/2023;11:54:16;36.7;;;;;;;;;;;;;;;;;;
1738;07/06/2023;11:54:31;36.7;;;;;;;;;;;;;;;;;;
1739;07/06/2023;11:54:46;36.68;;;;;;;;;;;;;;;;;;
1740;07/06/2023;11:55:01;36.68;;;;;;;;;;;;;;;;;;
1741;07/06/2023;11:55:16;36.72;;;;;;;;;;;;;;;;;;
1742;07/06/2023;11:55:31;36.7;;;;;;;;;;;;;;;;;;
1743;07/06/2023;11:55:46;36.73;;;;;;;;;;;;;;;;;;
1744;07/06/2023;11:56:01;36.72;;;;;;;;;;;;;;;;;;
1745;07/06/2023;11:56:16;36.73;;;;;;;;;;;;;;;;;;
1746;07/06/2023;11:56:31;36.73;;;;;;;;;;;;;;;;;;
1747;07/06/2023;11:56:46;36.73;;;;;;;;;;;;;;;;;;
1748;07/06/2023;11:57:01;36.72;;;;;;;;;;;;;;;;;;
1749;07/06/2023;11:57:16;36.71;;;;;;;;;;;;;;;;;;
1750;07/06/2023;11:57:31;36.71;;;;;;;;;;;;;;;;;;
1751;07/06/2023;11:57:47;36.72;;;;;;;;;;;;;;;;;;
1752;07/06/2023;11:58:02;36.71;;;;;;;;;;;;;;;;;;
1753;07/06/2023;11:58:17;36.73;;;;;;;;;;;;;;;;;;
1754;07/06/2023;11:58:32;36.73;;;;;;;;;;;;;;;;;;
1755;07/06/2023;11:58:47;36.7;;;;;;;;;;;;;;;;;;
1756;07/06/2023;11:59:02;36.72;Synchronized;;;;;;;;;;;;;;;;;
1757;07/06/2023;11:59:17;36.71;Synchronized;;;;;;;;;;;;;;;;;
1758;07/06/2023;11:59:32;36.72;;;;;;;;;;;;;;;;;;
1759;07/06/2023;11:59:47;36.71;;;;;;;;;;;;;;;;;;
1760;07/06/2023;12:00:02;36.73;;;;;;;;;;;;;;;;;;
1761;07/06/2023;12:00:17;36.72;;;;;;;;;;;;;;;;;;
1762;07/06/2023;12:00:32;36.7;;;;;;;;;;;;;;;;;;
1763;07/06/2023;12:00:47;36.73;Synchronized;;;;;;;;;;;;;;;;;
1764;07/06/2023;12:01:02;36.74;;;;;;;;;;;;;;;;;;
1765;07/06/2023;12:01:17;36.76;;;;;;;;;;;;;;;;;;
1766;07/06/2023;12:01:32;36.77;;;;;;;;;;;;;;;;;;
1767;07/06/2023;12:01:47;36.76;;;;;;;;;;;;;;;;;;
1768;07/06/2023;12:02:02;36.76;;;;;;;;;;;;;;;;;;
1769;07/06/2023;12:02:17;36.78;;;;;;;;;;;;;;;;;;
1770;07/06/2023;12:02:32;36.76;;;;;;;;;;;;;;;;;;
1771;07/06/2023;12:02:47;36.77;;;;;;;;;;;;;;;;;;
1772;07/06/2023;12:03:02;36.77;;;;;;;;;;;;;;;;;;
1773;07/06/2023;12:03:17;36.79;;;;;;;;;;;;;;;;;;
1774;07/06/2023;12:03:32;36.77;Synchronized;;;;;;;;;;;;;;;;;
1775;07/06/2023;12:03:47;36.77;;;;;;;;;;;;;;;;;;
1776;07/06/2023;12:04:02;36.77;;;;;;;;;;;;;;;;;;
1777;07/06/2023;12:04:17;36.76;Synchronized;;;;;;;;;;;;;;;;;
1778;07/06/2023;12:04:32;36.76;;;;;;;;;;;;;;;;;;
1779;07/06/2023;12:04:47;36.73;Synchronized;;;;;;;;;;;;;;;;;
1780;07/06/2023;12:05:02;36.73;;;;;;;;;;;;;;;;;;
1781;07/06/2023;12:05:17;36.74;;;;;;;;;;;;;;;;;;
1782;07/06/2023;12:05:32;36.73;;;;;;;;;;;;;;;;;;
1783;07/06/2023;12:05:47;36.7;;;;;;;;;;;;;;;;;;
1784;07/06/2023;12:06:02;36.72;;;;;;;;;;;;;;;;;;
1785;07/06/2023;12:06:17;36.69;;;;;;;;;;;;;;;;;;
1786;07/06/2023;12:06:32;36.68;Synchronized;;;;;;;;;;;;;;;;;
1787;07/06/2023;12:06:47;36.71;;;;;;;;;;;;;;;;;;
1788;07/06/2023;12:07:02;36.68;;;;;;;;;;;;;;;;;;
1789;07/06/2023;12:07:17;36.66;;;;;;;;;;;;;;;;;;
1790;07/06/2023;12:07:32;36.67;Synchronized;;;;;;;;;;;;;;;;;
1791;07/06/2023;12:07:47;36.68;;;;;;;;;;;;;;;;;;
1792;07/06/2023;12:08:02;36.69;Synchronized;;;;;;;;;;;;;;;;;
1793;07/06/2023;12:08:17;36.73;;;;;;;;;;;;;;;;;;
1794;07/06/2023;12:08:32;36.73;;;;;;;;;;;;;;;;;;
1795;07/06/2023;12:08:47;36.75;;;;;;;;;;;;;;;;;;
1796;07/06/2023;12:09:02;36.74;;;;;;;;;;;;;;;;;;
1797;07/06/2023;12:09:17;36.74;;;;;;;;;;;;;;;;;;
1798;07/06/2023;12:09:32;36.76;;;;;;;;;;;;;;;;;;
1799;07/06/2023;12:09:47;36.76;;;;;;;;;;;;;;;;;;
1800;07/06/2023;12:10:02;36.75;;;;;;;;;;;;;;;;;;
1801;07/06/2023;12:10:17;36.75;;;;;;;;;;;;;;;;;;
1802;07/06/2023;12:10:32;36.73;Synchronized;;;;;;;;;;;;;;;;;
1803;07/06/2023;12:10:47;36.75;;;;;;;;;;;;;;;;;;
1804;07/06/2023;12:11:02;36.73;;;;;;;;;;;;;;;;;;
1805;07/06/2023;12:11:17;36.74;;;;;;;;;;;;;;;;;;
1806;07/06/2023;12:11:32;36.77;;;;;;;;;;;;;;;;;;
1807;07/06/2023;12:11:47;36.77;;;;;;;;;;;;;;;;;;
1808;07/06/2023;12:12:02;36.8;;;;;;;;;;;;;;;;;;
1809;07/06/2023;12:12:17;36.81;;;;;;;;;;;;;;;;;;
1810;07/06/2023;12:12:32;36.8;;;;;;;;;;;;;;;;;;
1811;07/06/2023;12:12:47;36.8;;;;;;;;;;;;;;;;;;
1812;07/06/2023;12:13:02;36.8;;;;;;;;;;;;;;;;;;
1813;07/06/2023;12:13:17;36.81;;;;;;;;;;;;;;;;;;
1814;07/06/2023;12:13:32;36.79;;;;;;;;;;;;;;;;;;
1815;07/06/2023;12:13:47;36.78;;;;;;;;;;;;;;;;;;
1816;07/06/2023;12:14:02;36.78;;;;;;;;;;;;;;;;;;
1817;07/06/2023;12:14:17;36.81;;;;;;;;;;;;;;;;;;
1818;07/06/2023;12:14:32;36.81;Synchronized;;;;;;;;;;;;;;;;;
1819;07/06/2023;12:14:47;36.81;Synchronized;;;;;;;;;;;;;;;;;
1820;07/06/2023;12:15:02;36.81;;;;;;;;;;;;;;;;;;
1821;07/06/2023;12:15:17;36.81;;;;;;;;;;;;;;;;;;
1822;07/06/2023;12:15:32;36.84;;;;;;;;;;;;;;;;;;
1823;07/06/2023;12:15:47;36.82;;;;;;;;;;;;;;;;;;
1824;07/06/2023;12:16:02;36.84;Synchronized;;;;;;;;;;;;;;;;;
1825;07/06/2023;12:16:17;36.8;Synchronized;;;;;;;;;;;;;;;;;
1826;07/06/2023;12:16:32;36.79;;;;;;;;;;;;;;;;;;
1827;07/06/2023;12:16:47;36.8;;;;;;;;;;;;;;;;;;
1828;07/06/2023;12:17:02;36.79;;;;;;;;;;;;;;;;;;
1829;07/06/2023;12:17:17;36.8;Synchronized;;;;;;;;;;;;;;;;;
1830;07/06/2023;12:17:32;36.8;;;;;;;;;;;;;;;;;;
1831;07/06/2023;12:17:47;36.79;Synchronized;;;;;;;;;;;;;;;;;
1832;07/06/2023;12:18:02;36.8;Synchronized;;;;;;;;;;;;;;;;;
1833;07/06/2023;12:18:17;36.79;Synchronized;;;;;;;;;;;;;;;;;
1834;07/06/2023;12:18:32;36.81;Synchronized;;;;;;;;;;;;;;;;;
1835;07/06/2023;12:18:47;36.81;Synchronized;;;;;;;;;;;;;;;;;
1836;07/06/2023;12:19:02;36.82;;;;;;;;;;;;;;;;;;
1837;07/06/2023;12:19:17;36.84;Synchronized;;;;;;;;;;;;;;;;;
1838;07/06/2023;12:19:32;36.82;Synchronized;;;;;;;;;;;;;;;;;
1839;07/06/2023;12:19:47;36.84;Synchronized;;;;;;;;;;;;;;;;;
1840;07/06/2023;12:20:02;36.84;Synchronized;;;;;;;;;;;;;;;;;
1841;07/06/2023;12:20:17;36.81;Synchronized;;;;;;;;;;;;;;;;;
1842;07/06/2023;12:20:32;36.84;;;;;;;;;;;;;;;;;;
1843;07/06/2023;12:20:47;36.84;;;;;;;;;;;;;;;;;;
1844;07/06/2023;12:21:02;36.82;Synchronized;;;;;;;;;;;;;;;;;
1845;07/06/2023;12:21:17;36.82;Synchronized;;;;;;;;;;;;;;;;;
1846;07/06/2023;12:21:32;36.84;;;;;;;;;;;;;;;;;;
1847;07/06/2023;12:21:47;36.82;Synchronized;;;;;;;;;;;;;;;;;
1848;07/06/2023;12:22:02;36.84;Synchronized;;;;;;;;;;;;;;;;;
1849;07/06/2023;12:22:17;36.8;;;;;;;;;;;;;;;;;;
1850;07/06/2023;12:22:32;36.82;Synchronized;;;;;;;;;;;;;;;;;
1851;07/06/2023;12:22:47;36.8;;;;;;;;;;;;;;;;;;
1852;07/06/2023;12:23:02;36.77;;;;;;;;;;;;;;;;;;
1853;07/06/2023;12:23:17;36.79;;;;;;;;;;;;;;;;;;
1854;07/06/2023;12:23:32;36.77;;;;;;;;;;;;;;;;;;
1855;07/06/2023;12:23:47;36.8;Synchronized;;;;;;;;;;;;;;;;;
1856;07/06/2023;12:24:02;36.77;;;;;;;;;;;;;;;;;;
1857;07/06/2023;12:24:17;36.79;Synchronized;;;;;;;;;;;;;;;;;
1858;07/06/2023;12:24:32;36.77;;;;;;;;;;;;;;;;;;
1859;07/06/2023;12:24:47;36.77;Synchronized;;;;;;;;;;;;;;;;;
1860;07/06/2023;12:25:02;36.78;;;;;;;;;;;;;;;;;;
1861;07/06/2023;12:25:17;36.8;;;;;;;;;;;;;;;;;;
1862;07/06/2023;12:25:32;36.77;;;;;;;;;;;;;;;;;;
1863;07/06/2023;12:25:47;36.77;Synchronized;;;;;;;;;;;;;;;;;
1864;07/06/2023;12:26:02;36.77;;;;;;;;;;;;;;;;;;
1865;07/06/2023;12:26:17;36.77;;;;;;;;;;;;;;;;;;
1866;07/06/2023;12:26:32;36.77;;;;;;;;;;;;;;;;;;
1867;07/06/2023;12:26:47;36.77;;;;;;;;;;;;;;;;;;
1868;07/06/2023;12:27:02;36.76;;;;;;;;;;;;;;;;;;
1869;07/06/2023;12:27:17;36.77;Synchronized;;;;;;;;;;;;;;;;;
1870;07/06/2023;12:27:32;36.77;;;;;;;;;;;;;;;;;;
1871;07/06/2023;12:27:47;36.78;Synchronized;;;;;;;;;;;;;;;;;
1872;07/06/2023;12:28:02;36.8;Synchronized;;;;;;;;;;;;;;;;;
1873;07/06/2023;12:28:17;36.78;;;;;;;;;;;;;;;;;;
1874;07/06/2023;12:28:32;36.77;Synchronized;;;;;;;;;;;;;;;;;
1875;07/06/2023;12:28:47;36.8;Synchronized;;;;;;;;;;;;;;;;;
1876;07/06/2023;12:29:02;36.82;Synchronized;;;;;;;;;;;;;;;;;
1877;07/06/2023;12:29:17;36.84;Synchronized;;;;;;;;;;;;;;;;;
1878;07/06/2023;12:29:32;36.86;;;;;;;;;;;;;;;;;;
1879;07/06/2023;12:29:47;36.86;;;;;;;;;;;;;;;;;;
1880;07/06/2023;12:30:02;36.89;Synchronized;;;;;;;;;;;;;;;;;
1881;07/06/2023;12:30:17;36.88;;;;;;;;;;;;;;;;;;
1882;07/06/2023;12:30:32;36.88;;;;;;;;;;;;;;;;;;
1883;07/06/2023;12:30:47;36.91;;;;;;;;;;;;;;;;;;
1884;07/06/2023;12:31:02;36.91;;;;;;;;;;;;;;;;;;
1885;07/06/2023;12:31:17;36.92;;;;;;;;;;;;;;;;;;
1886;07/06/2023;12:31:32;36.96;;;;;;;;;;;;;;;;;;
1887;07/06/2023;12:31:47;36.93;;;;;;;;;;;;;;;;;;
1888;07/06/2023;12:32:02;36.91;;;;;;;;;;;;;;;;;;
1889;07/06/2023;12:32:17;36.94;;;;;;;;;;;;;;;;;;
1890;07/06/2023;12:32:32;36.91;;;;;;;;;;;;;;;;;;
1891;07/06/2023;12:32:47;36.93;;;;;;;;;;;;;;;;;;
1892;07/06/2023;12:33:02;36.94;;;;;;;;;;;;;;;;;;
1893;07/06/2023;12:33:17;36.92;;;;;;;;;;;;;;;;;;
1894;07/06/2023;12:33:32;36.94;;;;;;;;;;;;;;;;;;
1895;07/06/2023;12:33:47;36.92;;;;;;;;;;;;;;;;;;
1896;07/06/2023;12:34:02;36.91;;;;;;;;;;;;;;;;;;
1897;07/06/2023;12:34:17;36.92;;;;;;;;;;;;;;;;;;
1898;07/06/2023;12:34:32;36.91;;;;;;;;;;;;;;;;;;
1899;07/06/2023;12:34:47;36.94;;;;;;;;;;;;;;;;;;
1900;07/06/2023;12:35:02;36.95;;;;;;;;;;;;;;;;;;
1901;07/06/2023;12:35:17;36.95;;;;;;;;;;;;;;;;;;
1902;07/06/2023;12:35:32;36.95;;;;;;;;;;;;;;;;;;
1903;07/06/2023;12:35:47;36.97;;;;;;;;;;;;;;;;;;
1904;07/06/2023;12:36:02;36.95;;;;;;;;;;;;;;;;;;
1905;07/06/2023;12:36:17;36.98;;;;;;;;;;;;;;;;;;
1906;07/06/2023;12:36:32;36.98;;;;;;;;;;;;;;;;;;
1907;07/06/2023;12:36:47;36.96;;;;;;;;;;;;;;;;;;
1908;07/06/2023;12:37:02;36.95;;;;;;;;;;;;;;;;;;
1909;07/06/2023;12:37:17;36.97;;;;;;;;;;;;;;;;;;
1910;07/06/2023;12:37:32;36.96;;;;;;;;;;;;;;;;;;
1911;07/06/2023;12:37:47;36.97;;;;;;;;;;;;;;;;;;
1912;07/06/2023;12:38:02;36.96;;;;;;;;;;;;;;;;;;
1913;07/06/2023;12:38:17;36.97;;;;;;;;;;;;;;;;;;
1914;07/06/2023;12:38:32;36.96;;;;;;;;;;;;;;;;;;
1915;07/06/2023;12:38:47;36.98;;;;;;;;;;;;;;;;;;
1916;07/06/2023;12:39:02;36.97;;;;;;;;;;;;;;;;;;
1917;07/06/2023;12:39:17;36.97;;;;;;;;;;;;;;;;;;
1918;07/06/2023;12:39:32;36.99;;;;;;;;;;;;;;;;;;
1919;07/06/2023;12:39:47;36.98;;;;;;;;;;;;;;;;;;
1920;07/06/2023;12:40:02;36.98;;;;;;;;;;;;;;;;;;
1921;07/06/2023;12:40:17;37.01;;;;;;;;;;;;;;;;;;
1922;07/06/2023;12:40:32;36.98;;;;;;;;;;;;;;;;;;
1923;07/06/2023;12:40:47;37.01;;;;;;;;;;;;;;;;;;
1924;07/06/2023;12:41:02;37.02;;;;;;;;;;;;;;;;;;
1925;07/06/2023;12:41:17;36.99;;;;;;;;;;;;;;;;;;
1926;07/06/2023;12:41:32;37.01;;;;;;;;;;;;;;;;;;
1927;07/06/2023;12:41:47;37.02;;;;;;;;;;;;;;;;;;
1928;07/06/2023;12:42:02;37.02;;;;;;;;;;;;;;;;;;
1929;07/06/2023;12:42:17;37.01;;;;;;;;;;;;;;;;;;
1930;07/06/2023;12:42:32;37.02;;;;;;;;;;;;;;;;;;
1931;07/06/2023;12:42:47;37.02;;;;;;;;;;;;;;;;;;
1932;07/06/2023;12:43:02;37.02;;;;;;;;;;;;;;;;;;
1933;07/06/2023;12:43:17;37.03;Synchronized;;;;;;;;;;;;;;;;;
1934;07/06/2023;12:43:32;37.05;;;;;;;;;;;;;;;;;;
1935;07/06/2023;12:43:47;37.02;;;;;;;;;;;;;;;;;;
1936;07/06/2023;12:44:02;37.01;;;;;;;;;;;;;;;;;;
1937;07/06/2023;12:44:17;37.02;;;;;;;;;;;;;;;;;;
1938;07/06/2023;12:44:32;37.02;;;;;;;;;;;;;;;;;;
1939;07/06/2023;12:44:47;37.02;;;;;;;;;;;;;;;;;;
1940;07/06/2023;12:45:02;36.99;Synchronized;;;;;;;;;;;;;;;;;
1941;07/06/2023;12:45:17;37.01;Synchronized;;;;;;;;;;;;;;;;;
1942;07/06/2023;12:45:32;37;Synchronized;;;;;;;;;;;;;;;;;
1943;07/06/2023;12:45:47;37.03;Synchronized;;;;;;;;;;;;;;;;;
1944;07/06/2023;12:46:02;37.04;Synchronized;;;;;;;;;;;;;;;;;
1945;07/06/2023;12:46:17;37.02;Synchronized;;;;;;;;;;;;;;;;;
1946;07/06/2023;12:46:32;37.01;Synchronized;;;;;;;;;;;;;;;;;
1947;07/06/2023;12:46:47;37.01;Synchronized;;;;;;;;;;;;;;;;;
1948;07/06/2023;12:47:02;37.02;Synchronized;;;;;;;;;;;;;;;;;
1949;07/06/2023;12:47:17;36.99;Synchronized;;;;;;;;;;;;;;;;;
1950;07/06/2023;12:47:32;36.98;Synchronized;;;;;;;;;;;;;;;;;
1951;07/06/2023;12:47:47;37.02;Synchronized;;;;;;;;;;;;;;;;;
1952;07/06/2023;12:48:02;36.99;Synchronized;;;;;;;;;;;;;;;;;
1953;07/06/2023;12:48:17;37;Synchronized;;;;;;;;;;;;;;;;;
1954;07/06/2023;12:48:32;37;Synchronized;;;;;;;;;;;;;;;;;
1955;07/06/2023;12:48:47;36.98;Synchronized;;;;;;;;;;;;;;;;;
1956;07/06/2023;12:49:02;37.01;Synchronized;;;;;;;;;;;;;;;;;
1957;07/06/2023;12:49:17;37.02;Synchronized;;;;;;;;;;;;;;;;;
1958;07/06/2023;12:49:32;37;Synchronized;;;;;;;;;;;;;;;;;
1959;07/06/2023;12:49:47;37.02;Synchronized;;;;;;;;;;;;;;;;;
1960;07/06/2023;12:50:02;37.01;Synchronized;;;;;;;;;;;;;;;;;
1961;07/06/2023;12:50:17;36.98;Synchronized;;;;;;;;;;;;;;;;;
1962;07/06/2023;12:50:32;36.95;Synchronized;;;;;;;;;;;;;;;;;
1963;07/06/2023;12:50:47;36.92;Synchronized;;;;;;;;;;;;;;;;;
1964;07/06/2023;12:51:02;36.91;Synchronized;;;;;;;;;;;;;;;;;
1965;07/06/2023;12:51:17;36.94;Synchronized;;;;;;;;;;;;;;;;;
1966;07/06/2023;12:51:32;36.91;Synchronized;;;;;;;;;;;;;;;;;
1967;07/06/2023;12:51:47;36.92;Synchronized;;;;;;;;;;;;;;;;;
1968;07/06/2023;12:52:02;36.9;Synchronized;;;;;;;;;;;;;;;;;
1969;07/06/2023;12:52:17;36.9;Synchronized;;;;;;;;;;;;;;;;;
1970;07/06/2023;12:52:32;36.87;Synchronized;;;;;;;;;;;;;;;;;
1971;07/06/2023;12:52:47;36.91;Synchronized;;;;;;;;;;;;;;;;;
1972;07/06/2023;12:53:02;36.94;Synchronized;;;;;;;;;;;;;;;;;
1973;07/06/2023;12:53:17;36.94;Synchronized;;;;;;;;;;;;;;;;;
1974;07/06/2023;12:53:32;36.91;Synchronized;;;;;;;;;;;;;;;;;
1975;07/06/2023;12:53:47;36.93;Synchronized;;;;;;;;;;;;;;;;;
1976;07/06/2023;12:54:02;36.98;Synchronized;;;;;;;;;;;;;;;;;
1977;07/06/2023;12:54:17;37.04;Synchronized;;;;;;;;;;;;;;;;;
1978;07/06/2023;12:54:32;37.06;Synchronized;;;;;;;;;;;;;;;;;
1979;07/06/2023;12:54:47;37.09;Synchronized;;;;;;;;;;;;;;;;;
1980;07/06/2023;12:55:02;37.09;Synchronized;;;;;;;;;;;;;;;;;
1981;07/06/2023;12:55:17;37.09;Synchronized;;;;;;;;;;;;;;;;;
1982;07/06/2023;12:55:32;37.08;Synchronized;;;;;;;;;;;;;;;;;
1983;07/06/2023;12:55:47;37.1;Synchronized;;;;;;;;;;;;;;;;;
1984;07/06/2023;12:56:02;37.1;Synchronized;;;;;;;;;;;;;;;;;
1985;07/06/2023;12:56:17;37.06;Synchronized;;;;;;;;;;;;;;;;;
1986;07/06/2023;12:56:32;37.08;Synchronized;;;;;;;;;;;;;;;;;
1987;07/06/2023;12:56:47;37.08;Synchronized;;;;;;;;;;;;;;;;;
1988;07/06/2023;12:57:02;37.05;Synchronized;;;;;;;;;;;;;;;;;
1989;07/06/2023;12:57:17;37.08;Synchronized;;;;;;;;;;;;;;;;;
1990;07/06/2023;12:57:32;37.05;Synchronized;;;;;;;;;;;;;;;;;
1991;07/06/2023;12:57:47;37.05;Synchronized;;;;;;;;;;;;;;;;;
1992;07/06/2023;12:58:02;37.04;Synchronized;;;;;;;;;;;;;;;;;
1993;07/06/2023;12:58:17;37.04;Synchronized;;;;;;;;;;;;;;;;;
1994;07/06/2023;12:58:32;37.03;Synchronized;;;;;;;;;;;;;;;;;
1995;07/06/2023;12:58:47;37.02;Synchronized;;;;;;;;;;;;;;;;;
1996;07/06/2023;12:59:02;37;Synchronized;;;;;;;;;;;;;;;;;
1997;07/06/2023;12:59:17;37.01;Synchronized;;;;;;;;;;;;;;;;;
1998;07/06/2023;12:59:32;37;Synchronized;;;;;;;;;;;;;;;;;
1999;07/06/2023;12:59:47;37.01;Synchronized;;;;;;;;;;;;;;;;;
2000;07/06/2023;13:00:02;36.98;Synchronized;;;;;;;;;;;;;;;;;
2001;07/06/2023;13:00:17;36.96;Synchronized;;;;;;;;;;;;;;;;;
2002;07/06/2023;13:00:32;36.98;Synchronized;;;;;;;;;;;;;;;;;
2003;07/06/2023;13:00:47;36.96;Synchronized;;;;;;;;;;;;;;;;;
2004;07/06/2023;13:01:02;36.95;Synchronized;;;;;;;;;;;;;;;;;
2005;07/06/2023;13:01:17;36.91;Synchronized;;;;;;;;;;;;;;;;;
2006;07/06/2023;13:01:32;36.87;Synchronized;;;;;;;;;;;;;;;;;
2007;07/06/2023;13:01:47;36.81;Synchronized;;;;;;;;;;;;;;;;;
2008;07/06/2023;13:02:02;36.84;Synchronized;;;;;;;;;;;;;;;;;
2009;07/06/2023;13:02:17;36.86;Synchronized;;;;;;;;;;;;;;;;;
2010;07/06/2023;13:02:32;36.88;Synchronized;;;;;;;;;;;;;;;;;
2011;07/06/2023;13:02:47;36.91;Synchronized;;;;;;;;;;;;;;;;;
2012;07/06/2023;13:03:02;36.93;Synchronized;;;;;;;;;;;;;;;;;
2013;07/06/2023;13:03:17;36.93;Synchronized;;;;;;;;;;;;;;;;;
2014;07/06/2023;13:03:32;36.92;Synchronized;;;;;;;;;;;;;;;;;
2015;07/06/2023;13:03:47;36.91;Synchronized;;;;;;;;;;;;;;;;;
2016;07/06/2023;13:04:02;36.91;Synchronized;;;;;;;;;;;;;;;;;
2017;07/06/2023;13:04:17;36.91;Synchronized;;;;;;;;;;;;;;;;;
2018;07/06/2023;13:04:32;36.92;Synchronized;;;;;;;;;;;;;;;;;
2019;07/06/2023;13:04:47;36.92;Synchronized;;;;;;;;;;;;;;;;;
2020;07/06/2023;13:05:02;36.91;Synchronized;;;;;;;;;;;;;;;;;
2021;07/06/2023;13:05:17;36.93;Synchronized;;;;;;;;;;;;;;;;;
2022;07/06/2023;13:05:32;36.88;Synchronized;;;;;;;;;;;;;;;;;
2023;07/06/2023;13:05:47;36.9;;;;;;;;;;;;;;;;;;
2024;07/06/2023;13:06:02;36.89;Synchronized;;;;;;;;;;;;;;;;;
2025;07/06/2023;13:06:17;36.92;Synchronized;;;;;;;;;;;;;;;;;
2026;07/06/2023;13:06:32;36.89;Synchronized;;;;;;;;;;;;;;;;;
2027;07/06/2023;13:06:47;36.88;Synchronized;;;;;;;;;;;;;;;;;
2028;07/06/2023;13:07:02;36.91;Synchronized;;;;;;;;;;;;;;;;;
2029;07/06/2023;13:07:17;36.88;Synchronized;;;;;;;;;;;;;;;;;
2030;07/06/2023;13:07:32;36.88;Synchronized;;;;;;;;;;;;;;;;;
2031;07/06/2023;13:07:47;36.9;Synchronized;;;;;;;;;;;;;;;;;
2032;07/06/2023;13:08:02;36.89;Synchronized;;;;;;;;;;;;;;;;;
2033;07/06/2023;13:08:17;36.9;Synchronized;;;;;;;;;;;;;;;;;
2034;07/06/2023;13:08:32;36.88;Synchronized;;;;;;;;;;;;;;;;;
2035;07/06/2023;13:08:47;36.9;Synchronized;;;;;;;;;;;;;;;;;
2036;07/06/2023;13:09:02;36.88;Synchronized;;;;;;;;;;;;;;;;;
2037;07/06/2023;13:09:17;36.88;Synchronized;;;;;;;;;;;;;;;;;
2038;07/06/2023;13:09:32;36.9;Synchronized;;;;;;;;;;;;;;;;;
2039;07/06/2023;13:09:47;36.9;Synchronized;;;;;;;;;;;;;;;;;
2040;07/06/2023;13:10:02;36.9;Synchronized;;;;;;;;;;;;;;;;;
2041;07/06/2023;13:10:17;36.89;Synchronized;;;;;;;;;;;;;;;;;
2042;07/06/2023;13:10:32;36.88;Synchronized;;;;;;;;;;;;;;;;;
2043;07/06/2023;13:10:47;36.89;Synchronized;;;;;;;;;;;;;;;;;
2044;07/06/2023;13:11:02;36.88;;;;;;;;;;;;;;;;;;
2045;07/06/2023;13:11:17;36.88;Synchronized;;;;;;;;;;;;;;;;;
2046;07/06/2023;13:11:32;36.88;Synchronized;;;;;;;;;;;;;;;;;
2047;07/06/2023;13:11:47;36.88;;;;;;;;;;;;;;;;;;
2048;07/06/2023;13:12:02;36.87;Synchronized;;;;;;;;;;;;;;;;;
2049;07/06/2023;13:12:17;36.84;Synchronized;;;;;;;;;;;;;;;;;
2050;07/06/2023;13:12:32;36.86;Synchronized;;;;;;;;;;;;;;;;;
2051;07/06/2023;13:12:47;36.82;Synchronized;;;;;;;;;;;;;;;;;
2052;07/06/2023;13:13:02;36.85;Synchronized;;;;;;;;;;;;;;;;;
2053;07/06/2023;13:13:17;36.82;Synchronized;;;;;;;;;;;;;;;;;
2054;07/06/2023;13:13:32;36.84;Synchronized;;;;;;;;;;;;;;;;;
2055;07/06/2023;13:13:47;36.84;Synchronized;;;;;;;;;;;;;;;;;
2056;07/06/2023;13:14:02;36.84;Synchronized;;;;;;;;;;;;;;;;;
2057;07/06/2023;13:14:17;36.82;Synchronized;;;;;;;;;;;;;;;;;
2058;07/06/2023;13:14:32;36.85;Synchronized;;;;;;;;;;;;;;;;;
2059;07/06/2023;13:14:47;36.87;Synchronized;;;;;;;;;;;;;;;;;
2060;07/06/2023;13:15:02;36.84;;;;;;;;;;;;;;;;;;
2061;07/06/2023;13:15:17;36.85;;;;;;;;;;;;;;;;;;
2062;07/06/2023;13:15:32;36.85;Synchronized;;;;;;;;;;;;;;;;;
2063;07/06/2023;13:15:47;36.86;Synchronized;;;;;;;;;;;;;;;;;
2064;07/06/2023;13:16:02;36.87;Synchronized;;;;;;;;;;;;;;;;;
2065;07/06/2023;13:16:17;36.86;Synchronized;;;;;;;;;;;;;;;;;
2066;07/06/2023;13:16:32;36.86;Synchronized;;;;;;;;;;;;;;;;;
2067;07/06/2023;13:16:47;36.88;Synchronized;;;;;;;;;;;;;;;;;
2068;07/06/2023;13:17:02;36.87;Synchronized;;;;;;;;;;;;;;;;;
2069;07/06/2023;13:17:17;36.84;Synchronized;;;;;;;;;;;;;;;;;
2070;07/06/2023;13:17:32;36.86;Synchronized;;;;;;;;;;;;;;;;;
2071;07/06/2023;13:17:47;36.88;Synchronized;;;;;;;;;;;;;;;;;
2072;07/06/2023;13:18:02;36.87;Synchronized;;;;;;;;;;;;;;;;;
2073;07/06/2023;13:18:17;36.87;Synchronized;;;;;;;;;;;;;;;;;
2074;07/06/2023;13:18:32;36.86;Synchronized;;;;;;;;;;;;;;;;;
2075;07/06/2023;13:18:47;36.85;Synchronized;;;;;;;;;;;;;;;;;
2076;07/06/2023;13:19:02;36.88;Synchronized;;;;;;;;;;;;;;;;;
2077;07/06/2023;13:19:17;36.86;Synchronized;;;;;;;;;;;;;;;;;
2078;07/06/2023;13:19:32;36.84;Synchronized;;;;;;;;;;;;;;;;;
2079;07/06/2023;13:19:47;36.85;Synchronized;;;;;;;;;;;;;;;;;
2080;07/06/2023;13:20:02;36.86;Synchronized;;;;;;;;;;;;;;;;;
2081;07/06/2023;13:20:17;36.85;Synchronized;;;;;;;;;;;;;;;;;
2082;07/06/2023;13:20:32;36.85;Synchronized;;;;;;;;;;;;;;;;;
2083;07/06/2023;13:20:47;36.86;Synchronized;;;;;;;;;;;;;;;;;
2084;07/06/2023;13:21:02;36.87;Synchronized;;;;;;;;;;;;;;;;;
2085;07/06/2023;13:21:17;36.88;Synchronized;;;;;;;;;;;;;;;;;
2086;07/06/2023;13:21:32;36.87;Synchronized;;;;;;;;;;;;;;;;;
2087;07/06/2023;13:21:47;36.86;Synchronized;;;;;;;;;;;;;;;;;
2088;07/06/2023;13:22:02;36.87;Synchronized;;;;;;;;;;;;;;;;;
2089;07/06/2023;13:22:17;36.88;Synchronized;;;;;;;;;;;;;;;;;
2090;07/06/2023;13:22:32;36.88;Synchronized;;;;;;;;;;;;;;;;;
2091;07/06/2023;13:22:47;36.89;Synchronized;;;;;;;;;;;;;;;;;
2092;07/06/2023;13:23:02;36.89;Synchronized;;;;;;;;;;;;;;;;;
2093;07/06/2023;13:23:17;36.88;Synchronized;;;;;;;;;;;;;;;;;
2094;07/06/2023;13:23:32;36.9;Synchronized;;;;;;;;;;;;;;;;;
2095;07/06/2023;13:23:47;36.9;Synchronized;;;;;;;;;;;;;;;;;
2096;07/06/2023;13:24:02;36.91;Synchronized;;;;;;;;;;;;;;;;;
2097;07/06/2023;13:24:17;36.91;Synchronized;;;;;;;;;;;;;;;;;
2098;07/06/2023;13:24:32;36.91;Synchronized;;;;;;;;;;;;;;;;;
2099;07/06/2023;13:24:47;36.95;Synchronized;;;;;;;;;;;;;;;;;
2100;07/06/2023;13:25:02;36.94;Synchronized;;;;;;;;;;;;;;;;;
2101;07/06/2023;13:25:17;36.94;Synchronized;;;;;;;;;;;;;;;;;
2102;07/06/2023;13:25:32;36.94;Synchronized;;;;;;;;;;;;;;;;;
2103;07/06/2023;13:25:47;36.94;Synchronized;;;;;;;;;;;;;;;;;
2104;07/06/2023;13:26:02;36.94;Synchronized;;;;;;;;;;;;;;;;;
2105;07/06/2023;13:26:17;36.97;Synchronized;;;;;;;;;;;;;;;;;
2106;07/06/2023;13:26:32;36.96;Synchronized;;;;;;;;;;;;;;;;;
2107;07/06/2023;13:26:47;36.95;Synchronized;;;;;;;;;;;;;;;;;
2108;07/06/2023;13:27:02;36.98;Synchronized;;;;;;;;;;;;;;;;;
2109;07/06/2023;13:27:17;36.98;Synchronized;;;;;;;;;;;;;;;;;
2110;07/06/2023;13:27:32;37;Synchronized;;;;;;;;;;;;;;;;;
2111;07/06/2023;13:27:47;36.99;Synchronized;;;;;;;;;;;;;;;;;
2112;07/06/2023;13:28:02;37;Synchronized;;;;;;;;;;;;;;;;;
2113;07/06/2023;13:28:17;37;Synchronized;;;;;;;;;;;;;;;;;
2114;07/06/2023;13:28:32;37;Synchronized;;;;;;;;;;;;;;;;;
2115;07/06/2023;13:28:47;37.01;Synchronized;;;;;;;;;;;;;;;;;
2116;07/06/2023;13:29:02;37.02;Synchronized;;;;;;;;;;;;;;;;;
2117;07/06/2023;13:29:17;37.01;Synchronized;;;;;;;;;;;;;;;;;
2118;07/06/2023;13:29:32;37.02;Synchronized;;;;;;;;;;;;;;;;;
2119;07/06/2023;13:29:47;37.02;Synchronized;;;;;;;;;;;;;;;;;
2120;07/06/2023;13:30:02;37.03;Synchronized;;;;;;;;;;;;;;;;;
2121;07/06/2023;13:30:17;37.03;Synchronized;;;;;;;;;;;;;;;;;
2122;07/06/2023;13:30:32;37.05;Synchronized;;;;;;;;;;;;;;;;;
2123;07/06/2023;13:30:47;37.03;Synchronized;;;;;;;;;;;;;;;;;
2124;07/06/2023;13:31:02;37.06;Synchronized;;;;;;;;;;;;;;;;;
2125;07/06/2023;13:31:17;37.03;Synchronized;;;;;;;;;;;;;;;;;
2126;07/06/2023;13:31:32;37.05;Synchronized;;;;;;;;;;;;;;;;;
2127;07/06/2023;13:31:47;37.06;Synchronized;;;;;;;;;;;;;;;;;
2128;07/06/2023;13:32:02;37.06;Synchronized;;;;;;;;;;;;;;;;;
2129;07/06/2023;13:32:17;37.09;Synchronized;;;;;;;;;;;;;;;;;
2130;07/06/2023;13:32:32;37.09;Synchronized;;;;;;;;;;;;;;;;;
2131;07/06/2023;13:32:47;37.09;Synchronized;;;;;;;;;;;;;;;;;
2132;07/06/2023;13:33:02;37.08;Synchronized;;;;;;;;;;;;;;;;;
2133;07/06/2023;13:33:17;37.09;Synchronized;;;;;;;;;;;;;;;;;
2134;07/06/2023;13:33:32;37.1;Synchronized;;;;;;;;;;;;;;;;;
2135;07/06/2023;13:33:47;37.09;Synchronized;;;;;;;;;;;;;;;;;
2136;07/06/2023;13:34:02;37.13;Synchronized;;;;;;;;;;;;;;;;;
2137;07/06/2023;13:34:17;37.11;Synchronized;;;;;;;;;;;;;;;;;
2138;07/06/2023;13:34:32;37.11;Synchronized;;;;;;;;;;;;;;;;;
2139;07/06/2023;13:34:47;37.13;Synchronized;;;;;;;;;;;;;;;;;
2140;07/06/2023;13:35:02;37.11;Synchronized;;;;;;;;;;;;;;;;;
2141;07/06/2023;13:35:17;37.11;Synchronized;;;;;;;;;;;;;;;;;
2142;07/06/2023;13:35:32;37.13;Synchronized;;;;;;;;;;;;;;;;;
2143;07/06/2023;13:35:47;37.14;Synchronized;;;;;;;;;;;;;;;;;
2144;07/06/2023;13:36:02;37.14;Synchronized;;;;;;;;;;;;;;;;;
2145;07/06/2023;13:36:17;37.13;Synchronized;;;;;;;;;;;;;;;;;
2146;07/06/2023;13:36:32;37.16;Synchronized;;;;;;;;;;;;;;;;;
2147;07/06/2023;13:36:47;37.15;Synchronized;;;;;;;;;;;;;;;;;
2148;07/06/2023;13:37:02;37.15;Synchronized;;;;;;;;;;;;;;;;;
2149;07/06/2023;13:37:17;37.17;Synchronized;;;;;;;;;;;;;;;;;
2150;07/06/2023;13:37:32;37.16;Synchronized;;;;;;;;;;;;;;;;;
2151;07/06/2023;13:37:47;37.16;Synchronized;;;;;;;;;;;;;;;;;
2152;07/06/2023;13:38:02;37.18;Synchronized;;;;;;;;;;;;;;;;;
2153;07/06/2023;13:38:17;37.19;;;;;;;;;;;;;;;;;;
2154;07/06/2023;13:38:32;37.18;;;;;;;;;;;;;;;;;;
2155;07/06/2023;13:38:47;37.19;;;;;;;;;;;;;;;;;;
2156;07/06/2023;13:39:02;37.22;;;;;;;;;;;;;;;;;;
2157;07/06/2023;13:39:17;37.21;;;;;;;;;;;;;;;;;;
2158;07/06/2023;13:39:32;37.2;;;;;;;;;;;;;;;;;;
2159;07/06/2023;13:39:47;37.23;;;;;;;;;;;;;;;;;;
2160;07/06/2023;13:40:02;37.22;;;;;;;;;;;;;;;;;;
2161;07/06/2023;13:40:17;37.23;;;;;;;;;;;;;;;;;;
2162;07/06/2023;13:40:32;37.23;;;;;;;;;;;;;;;;;;
2163;07/06/2023;13:40:47;37.26;;;;;;;;;;;;;;;;;;
2164;07/06/2023;13:41:02;37.24;;;;;;;;;;;;;;;;;;
2165;07/06/2023;13:41:17;37.25;;;;;;;;;;;;;;;;;;
2166;07/06/2023;13:41:32;37.25;;;;;;;;;;;;;;;;;;
2167;07/06/2023;13:41:47;37.27;;;;;;;;;;;;;;;;;;
2168;07/06/2023;13:42:02;37.27;;;;;;;;;;;;;;;;;;
2169;07/06/2023;13:42:17;37.26;;;;;;;;;;;;;;;;;;
2170;07/06/2023;13:42:32;37.24;;;;;;;;;;;;;;;;;;
2171;07/06/2023;13:42:47;37.27;;;;;;;;;;;;;;;;;;
2172;07/06/2023;13:43:02;37.28;;;;;;;;;;;;;;;;;;
2173;07/06/2023;13:43:17;37.27;;;;;;;;;;;;;;;;;;
2174;07/06/2023;13:43:32;37.27;;;;;;;;;;;;;;;;;;
2175;07/06/2023;13:43:47;37.27;;;;;;;;;;;;;;;;;;
2176;07/06/2023;13:44:02;37.3;;;;;;;;;;;;;;;;;;
2177;07/06/2023;13:44:17;37.27;;;;;;;;;;;;;;;;;;
2178;07/06/2023;13:44:32;37.27;;;;;;;;;;;;;;;;;;
2179;07/06/2023;13:44:47;37.27;;;;;;;;;;;;;;;;;;
2180;07/06/2023;13:45:02;37.26;;;;;;;;;;;;;;;;;;
2181;07/06/2023;13:45:17;37.27;Synchronized;;;;;;;;;;;;;;;;;
2182;07/06/2023;13:45:32;37.27;;;;;;;;;;;;;;;;;;
2183;07/06/2023;13:45:47;37.27;;;;;;;;;;;;;;;;;;
2184;07/06/2023;13:46:02;37.28;;;;;;;;;;;;;;;;;;
2185;07/06/2023;13:46:17;37.26;;;;;;;;;;;;;;;;;;
2186;07/06/2023;13:46:32;37.26;;;;;;;;;;;;;;;;;;
2187;07/06/2023;13:46:47;37.27;;;;;;;;;;;;;;;;;;
2188;07/06/2023;13:47:02;37.27;;;;;;;;;;;;;;;;;;
2189;07/06/2023;13:47:17;37.25;;;;;;;;;;;;;;;;;;
2190;07/06/2023;13:47:32;37.27;;;;;;;;;;;;;;;;;;
2191;07/06/2023;13:47:47;37.26;;;;;;;;;;;;;;;;;;
2192;07/06/2023;13:48:02;37.24;;;;;;;;;;;;;;;;;;
2193;07/06/2023;13:48:17;37.26;;;;;;;;;;;;;;;;;;
2194;07/06/2023;13:48:32;37.23;;;;;;;;;;;;;;;;;;
2195;07/06/2023;13:48:47;37.26;;;;;;;;;;;;;;;;;;
2196;07/06/2023;13:49:02;37.24;;;;;;;;;;;;;;;;;;
2197;07/06/2023;13:49:17;37.23;;;;;;;;;;;;;;;;;;
2198;07/06/2023;13:49:32;37.23;;;;;;;;;;;;;;;;;;
2199;07/06/2023;13:49:47;37.24;;;;;;;;;;;;;;;;;;
2200;07/06/2023;13:50:02;37.23;;;;;;;;;;;;;;;;;;
2201;07/06/2023;13:50:17;37.24;;;;;;;;;;;;;;;;;;
2202;07/06/2023;13:50:32;37.23;;;;;;;;;;;;;;;;;;
2203;07/06/2023;13:50:47;37.24;;;;;;;;;;;;;;;;;;
2204;07/06/2023;13:51:02;37.2;;;;;;;;;;;;;;;;;;
2205;07/06/2023;13:51:17;37.21;;;;;;;;;;;;;;;;;;
2206;07/06/2023;13:51:32;37.21;;;;;;;;;;;;;;;;;;
2207;07/06/2023;13:51:47;37.2;;;;;;;;;;;;;;;;;;
2208;07/06/2023;13:52:02;37.23;;;;;;;;;;;;;;;;;;
2209;07/06/2023;13:52:17;37.21;;;;;;;;;;;;;;;;;;
2210;07/06/2023;13:52:32;37.19;;;;;;;;;;;;;;;;;;
2211;07/06/2023;13:52:47;37.19;;;;;;;;;;;;;;;;;;
2212;07/06/2023;13:53:02;37.18;;;;;;;;;;;;;;;;;;
2213;07/06/2023;13:53:17;37.21;;;;;;;;;;;;;;;;;;
2214;07/06/2023;13:53:32;37.18;;;;;;;;;;;;;;;;;;
2215;07/06/2023;13:53:47;37.16;;;;;;;;;;;;;;;;;;
2216;07/06/2023;13:54:02;37.17;;;;;;;;;;;;;;;;;;
2217;07/06/2023;13:54:17;37.18;;;;;;;;;;;;;;;;;;
2218;07/06/2023;13:54:32;37.18;;;;;;;;;;;;;;;;;;
2219;07/06/2023;13:54:47;37.18;;;;;;;;;;;;;;;;;;
2220;07/06/2023;13:55:02;37.18;;;;;;;;;;;;;;;;;;
2221;07/06/2023;13:55:17;37.18;;;;;;;;;;;;;;;;;;
2222;07/06/2023;13:55:32;37.17;Synchronized;;;;;;;;;;;;;;;;;
2223;07/06/2023;13:55:47;37.16;;;;;;;;;;;;;;;;;;
2224;07/06/2023;13:56:02;37.17;;;;;;;;;;;;;;;;;;
2225;07/06/2023;13:56:17;37.16;;;;;;;;;;;;;;;;;;
2226;07/06/2023;13:56:32;37.18;;;;;;;;;;;;;;;;;;
2227;07/06/2023;13:56:47;37.17;;;;;;;;;;;;;;;;;;
2228;07/06/2023;13:57:02;37.16;;;;;;;;;;;;;;;;;;
2229;07/06/2023;13:57:17;37.16;;;;;;;;;;;;;;;;;;
2230;07/06/2023;13:57:32;37.15;;;;;;;;;;;;;;;;;;
2231;07/06/2023;13:57:47;37.18;;;;;;;;;;;;;;;;;;
2232;07/06/2023;13:58:02;37.14;;;;;;;;;;;;;;;;;;
2233;07/06/2023;13:58:17;37.16;Synchronized;;;;;;;;;;;;;;;;;
2234;07/06/2023;13:58:32;37.16;;;;;;;;;;;;;;;;;;
2235;07/06/2023;13:58:47;37.16;;;;;;;;;;;;;;;;;;
2236;07/06/2023;13:59:02;37.14;;;;;;;;;;;;;;;;;;
2237;07/06/2023;13:59:17;37.16;;;;;;;;;;;;;;;;;;
2238;07/06/2023;13:59:32;37.14;;;;;;;;;;;;;;;;;;
2239;07/06/2023;13:59:47;37.15;;;;;;;;;;;;;;;;;;
2240;07/06/2023;14:00:02;37.16;;;;;;;;;;;;;;;;;;
2241;07/06/2023;14:00:17;37.15;;;;;;;;;;;;;;;;;;
2242;07/06/2023;14:00:32;37.15;;;;;;;;;;;;;;;;;;
2243;07/06/2023;14:00:47;37.12;;;;;;;;;;;;;;;;;;
2244;07/06/2023;14:01:02;37.15;;;;;;;;;;;;;;;;;;
2245;07/06/2023;14:01:17;37.14;;;;;;;;;;;;;;;;;;
2246;07/06/2023;14:01:32;37.13;;;;;;;;;;;;;;;;;;
2247;07/06/2023;14:01:47;37.13;;;;;;;;;;;;;;;;;;
2248;07/06/2023;14:02:02;37.14;;;;;;;;;;;;;;;;;;
2249;07/06/2023;14:02:17;37.14;;;;;;;;;;;;;;;;;;
2250;07/06/2023;14:02:32;37.13;;;;;;;;;;;;;;;;;;
2251;07/06/2023;14:02:47;37.14;;;;;;;;;;;;;;;;;;
2252;07/06/2023;14:03:02;37.14;;;;;;;;;;;;;;;;;;
2253;07/06/2023;14:03:17;37.13;;;;;;;;;;;;;;;;;;
2254;07/06/2023;14:03:32;37.13;;;;;;;;;;;;;;;;;;
2255;07/06/2023;14:03:47;37.13;;;;;;;;;;;;;;;;;;
2256;07/06/2023;14:04:02;37.14;;;;;;;;;;;;;;;;;;
2257;07/06/2023;14:04:17;37.12;;;;;;;;;;;;;;;;;;
2258;07/06/2023;14:04:32;37.13;;;;;;;;;;;;;;;;;;
2259;07/06/2023;14:04:47;37.14;;;;;;;;;;;;;;;;;;
2260;07/06/2023;14:05:02;37.13;;;;;;;;;;;;;;;;;;
2261;07/06/2023;14:05:17;37.14;;;;;;;;;;;;;;;;;;
2262;07/06/2023;14:05:32;37.15;;;;;;;;;;;;;;;;;;
2263;07/06/2023;14:05:47;37.13;;;;;;;;;;;;;;;;;;
2264;07/06/2023;14:06:02;37.15;;;;;;;;;;;;;;;;;;
2265;07/06/2023;14:06:17;37.15;;;;;;;;;;;;;;;;;;
2266;07/06/2023;14:06:32;37.13;Synchronized;;;;;;;;;;;;;;;;;
2267;07/06/2023;14:06:47;37.13;Synchronized;;;;;;;;;;;;;;;;;
2268;07/06/2023;14:07:02;37.15;Synchronized;;;;;;;;;;;;;;;;;
2269;07/06/2023;14:07:17;37.13;Synchronized;;;;;;;;;;;;;;;;;
2270;07/06/2023;14:07:32;37.14;Synchronized;;;;;;;;;;;;;;;;;
2271;07/06/2023;14:07:47;37.15;Synchronized;;;;;;;;;;;;;;;;;
2272;07/06/2023;14:08:02;37.15;Synchronized;;;;;;;;;;;;;;;;;
2273;07/06/2023;14:08:17;37.15;Synchronized;;;;;;;;;;;;;;;;;
2274;07/06/2023;14:08:32;37.13;Synchronized;;;;;;;;;;;;;;;;;
2275;07/06/2023;14:08:47;37.13;Synchronized;;;;;;;;;;;;;;;;;
2276;07/06/2023;14:09:02;37.15;Synchronized;;;;;;;;;;;;;;;;;
2277;07/06/2023;14:09:17;37.15;;;;;;;;;;;;;;;;;;
2278;07/06/2023;14:09:32;37.13;Synchronized;;;;;;;;;;;;;;;;;
2279;07/06/2023;14:09:47;37.13;;;;;;;;;;;;;;;;;;
2280;07/06/2023;14:10:02;37.13;;;;;;;;;;;;;;;;;;
2281;07/06/2023;14:10:17;37.15;;;;;;;;;;;;;;;;;;
2282;07/06/2023;14:10:32;37.15;;;;;;;;;;;;;;;;;;
2283;07/06/2023;14:10:47;37.13;;;;;;;;;;;;;;;;;;
2284;07/06/2023;14:11:02;37.15;;;;;;;;;;;;;;;;;;
2285;07/06/2023;14:11:17;37.14;;;;;;;;;;;;;;;;;;
2286;07/06/2023;14:11:32;37.13;;;;;;;;;;;;;;;;;;
2287;07/06/2023;14:11:47;37.12;;;;;;;;;;;;;;;;;;
2288;07/06/2023;14:12:02;37.13;;;;;;;;;;;;;;;;;;
2289;07/06/2023;14:12:17;37.12;;;;;;;;;;;;;;;;;;
2290;07/06/2023;14:12:32;37.13;;;;;;;;;;;;;;;;;;
2291;07/06/2023;14:12:47;37.13;;;;;;;;;;;;;;;;;;
2292;07/06/2023;14:13:02;37.13;;;;;;;;;;;;;;;;;;
2293;07/06/2023;14:13:17;37.15;;;;;;;;;;;;;;;;;;
2294;07/06/2023;14:13:32;37.12;;;;;;;;;;;;;;;;;;
2295;07/06/2023;14:13:47;37.13;;;;;;;;;;;;;;;;;;
2296;07/06/2023;14:14:02;37.15;;;;;;;;;;;;;;;;;;
2297;07/06/2023;14:14:17;37.14;;;;;;;;;;;;;;;;;;
2298;07/06/2023;14:14:32;37.13;;;;;;;;;;;;;;;;;;
2299;07/06/2023;14:14:46;37.14;;;;;;;;;;;;;;;;;;
2300;07/06/2023;14:15:01;37.13;;;;;;;;;;;;;;;;;;
2301;07/06/2023;14:15:16;37.14;;;;;;;;;;;;;;;;;;
2302;07/06/2023;14:15:31;37.13;;;;;;;;;;;;;;;;;;
2303;07/06/2023;14:15:46;37.15;;;;;;;;;;;;;;;;;;
2304;07/06/2023;14:16:02;37.15;Synchronized;;;;;;;;;;;;;;;;;
2305;07/06/2023;14:16:17;37.15;;;;;;;;;;;;;;;;;;
2306;07/06/2023;14:16:32;37.14;Synchronized;;;;;;;;;;;;;;;;;
2307;07/06/2023;14:16:46;37.16;Synchronized;;;;;;;;;;;;;;;;;
2308;07/06/2023;14:17:01;37.16;;;;;;;;;;;;;;;;;;
2309;07/06/2023;14:17:16;37.17;;;;;;;;;;;;;;;;;;
2310;07/06/2023;14:17:31;37.15;;;;;;;;;;;;;;;;;;
2311;07/06/2023;14:17:46;37.16;;;;;;;;;;;;;;;;;;
2312;07/06/2023;14:18:01;37.16;Synchronized;;;;;;;;;;;;;;;;;
2313;07/06/2023;14:18:16;37.17;;;;;;;;;;;;;;;;;;
2314;07/06/2023;14:18:31;37.16;;;;;;;;;;;;;;;;;;
2315;07/06/2023;14:18:46;37.16;Synchronized;;;;;;;;;;;;;;;;;
2316;07/06/2023;14:19:01;37.18;Synchronized;;;;;;;;;;;;;;;;;
2317;07/06/2023;14:19:16;37.17;;;;;;;;;;;;;;;;;;
2318;07/06/2023;14:19:31;37.17;;;;;;;;;;;;;;;;;;
2319;07/06/2023;14:19:46;37.16;Synchronized;;;;;;;;;;;;;;;;;
2320;07/06/2023;14:20:01;37.18;;;;;;;;;;;;;;;;;;
2321;07/06/2023;14:20:16;37.17;Synchronized;;;;;;;;;;;;;;;;;
2322;07/06/2023;14:20:31;37.17;Synchronized;;;;;;;;;;;;;;;;;
2323;07/06/2023;14:20:46;37.19;Synchronized;;;;;;;;;;;;;;;;;
2324;07/06/2023;14:21:01;37.19;Synchronized;;;;;;;;;;;;;;;;;
2325;07/06/2023;14:21:16;37.16;Synchronized;;;;;;;;;;;;;;;;;
2326;07/06/2023;14:21:31;37.17;Synchronized;;;;;;;;;;;;;;;;;
2327;07/06/2023;14:21:46;37.18;Synchronized;;;;;;;;;;;;;;;;;
2328;07/06/2023;14:22:01;37.18;;;;;;;;;;;;;;;;;;
2329;07/06/2023;14:22:16;37.19;;;;;;;;;;;;;;;;;;
2330;07/06/2023;14:22:31;37.22;Synchronized;;;;;;;;;;;;;;;;;
2331;07/06/2023;14:22:46;37.22;;;;;;;;;;;;;;;;;;
2332;07/06/2023;14:23:01;37.2;Synchronized;;;;;;;;;;;;;;;;;
2333;07/06/2023;14:23:16;37.2;Synchronized;;;;;;;;;;;;;;;;;
2334;07/06/2023;14:23:31;37.19;Synchronized;;;;;;;;;;;;;;;;;
2335;07/06/2023;14:23:46;37.2;Synchronized;;;;;;;;;;;;;;;;;
2336;07/06/2023;14:24:01;37.21;Synchronized;;;;;;;;;;;;;;;;;
2337;07/06/2023;14:24:16;37.2;Synchronized;;;;;;;;;;;;;;;;;
2338;07/06/2023;14:24:31;37.21;Synchronized;;;;;;;;;;;;;;;;;
2339;07/06/2023;14:24:46;37.2;;;;;;;;;;;;;;;;;;
2340;07/06/2023;14:25:01;37.21;Synchronized;;;;;;;;;;;;;;;;;
2341;07/06/2023;14:25:16;37.2;Synchronized;;;;;;;;;;;;;;;;;
2342;07/06/2023;14:25:31;37.2;Synchronized;;;;;;;;;;;;;;;;;
2343;07/06/2023;14:25:46;37.19;Synchronized;;;;;;;;;;;;;;;;;
2344;07/06/2023;14:26:01;37.22;Synchronized;;;;;;;;;;;;;;;;;
2345;07/06/2023;14:26:16;37.21;Synchronized;;;;;;;;;;;;;;;;;
2346;07/06/2023;14:26:31;37.21;Synchronized;;;;;;;;;;;;;;;;;
2347;07/06/2023;14:26:46;37.2;Synchronized;;;;;;;;;;;;;;;;;
2348;07/06/2023;14:27:01;37.21;;;;;;;;;;;;;;;;;;
2349;07/06/2023;14:27:16;37.23;Synchronized;;;;;;;;;;;;;;;;;
2350;07/06/2023;14:27:31;37.23;Synchronized;;;;;;;;;;;;;;;;;
2351;07/06/2023;14:27:46;37.21;Synchronized;;;;;;;;;;;;;;;;;
2352;07/06/2023;14:28:01;37.23;Synchronized;;;;;;;;;;;;;;;;;
2353;07/06/2023;14:28:16;37.22;Synchronized;;;;;;;;;;;;;;;;;
2354;07/06/2023;14:28:31;37.23;Synchronized;;;;;;;;;;;;;;;;;
2355;07/06/2023;14:28:46;37.2;Synchronized;;;;;;;;;;;;;;;;;
2356;07/06/2023;14:29:01;37.23;Synchronized;;;;;;;;;;;;;;;;;
2357;07/06/2023;14:29:16;37.21;Synchronized;;;;;;;;;;;;;;;;;
2358;07/06/2023;14:29:31;37.21;Synchronized;;;;;;;;;;;;;;;;;
2359;07/06/2023;14:29:46;37.21;Synchronized;;;;;;;;;;;;;;;;;
2360;07/06/2023;14:30:01;37.21;Synchronized;;;;;;;;;;;;;;;;;
2361;07/06/2023;14:30:16;37.2;Synchronized;;;;;;;;;;;;;;;;;
2362;07/06/2023;14:30:31;37.22;Synchronized;;;;;;;;;;;;;;;;;
2363;07/06/2023;14:30:46;37.23;Synchronized;;;;;;;;;;;;;;;;;
2364;07/06/2023;14:31:01;37.21;Synchronized;;;;;;;;;;;;;;;;;
2365;07/06/2023;14:31:16;37.23;Synchronized;;;;;;;;;;;;;;;;;
2366;07/06/2023;14:31:31;37.23;Synchronized;;;;;;;;;;;;;;;;;
2367;07/06/2023;14:31:46;37.21;Synchronized;;;;;;;;;;;;;;;;;
2368;07/06/2023;14:32:01;37.22;Synchronized;;;;;;;;;;;;;;;;;
2369;07/06/2023;14:32:16;37.23;Synchronized;;;;;;;;;;;;;;;;;
2370;07/06/2023;14:32:31;37.21;Synchronized;;;;;;;;;;;;;;;;;
2371;07/06/2023;14:32:46;37.23;Synchronized;;;;;;;;;;;;;;;;;
2372;07/06/2023;14:33:01;37.22;Synchronized;;;;;;;;;;;;;;;;;
2373;07/06/2023;14:33:16;37.21;Synchronized;;;;;;;;;;;;;;;;;
2374;07/06/2023;14:33:31;37.22;Synchronized;;;;;;;;;;;;;;;;;
2375;07/06/2023;14:33:46;37.21;Synchronized;;;;;;;;;;;;;;;;;
2376;07/06/2023;14:34:01;37.21;Synchronized;;;;;;;;;;;;;;;;;
2377;07/06/2023;14:34:16;37.23;;;;;;;;;;;;;;;;;;
2378;07/06/2023;14:34:31;37.22;;;;;;;;;;;;;;;;;;
2379;07/06/2023;14:34:46;37.21;;;;;;;;;;;;;;;;;;
2380;07/06/2023;14:35:01;37.21;Synchronized;;;;;;;;;;;;;;;;;
2381;07/06/2023;14:35:16;37.21;Synchronized;;;;;;;;;;;;;;;;;
2382;07/06/2023;14:35:31;37.21;;;;;;;;;;;;;;;;;;
2383;07/06/2023;14:35:46;37.2;;;;;;;;;;;;;;;;;;
2384;07/06/2023;14:36:01;37.21;;;;;;;;;;;;;;;;;;
2385;07/06/2023;14:36:16;37.23;Synchronized;;;;;;;;;;;;;;;;;
2386;07/06/2023;14:36:31;37.23;Synchronized;;;;;;;;;;;;;;;;;
2387;07/06/2023;14:36:46;37.22;Synchronized;;;;;;;;;;;;;;;;;
2388;07/06/2023;14:37:01;37.22;;;;;;;;;;;;;;;;;;
2389;07/06/2023;14:37:16;37.21;Synchronized;;;;;;;;;;;;;;;;;
2390;07/06/2023;14:37:31;37.21;;;;;;;;;;;;;;;;;;
2391;07/06/2023;14:37:46;37.22;Synchronized;;;;;;;;;;;;;;;;;
2392;07/06/2023;14:38:01;37.2;Synchronized;;;;;;;;;;;;;;;;;
2393;07/06/2023;14:38:16;37.23;Synchronized;;;;;;;;;;;;;;;;;
2394;07/06/2023;14:38:31;37.23;Synchronized;;;;;;;;;;;;;;;;;
2395;07/06/2023;14:38:46;37.2;;;;;;;;;;;;;;;;;;
2396;07/06/2023;14:39:01;37.21;Synchronized;;;;;;;;;;;;;;;;;
2397;07/06/2023;14:39:16;37.21;Synchronized;;;;;;;;;;;;;;;;;
2398;07/06/2023;14:39:31;37.21;Synchronized;;;;;;;;;;;;;;;;;
2399;07/06/2023;14:39:46;37.22;Synchronized;;;;;;;;;;;;;;;;;
2400;07/06/2023;14:40:01;37.22;Synchronized;;;;;;;;;;;;;;;;;
2401;07/06/2023;14:40:16;37.23;Synchronized;;;;;;;;;;;;;;;;;
2402;07/06/2023;14:40:31;37.22;Synchronized;;;;;;;;;;;;;;;;;
2403;07/06/2023;14:40:46;37.22;Synchronized;;;;;;;;;;;;;;;;;
2404;07/06/2023;14:41:01;37.21;Synchronized;;;;;;;;;;;;;;;;;
2405;07/06/2023;14:41:16;37.23;Synchronized;;;;;;;;;;;;;;;;;
2406;07/06/2023;14:41:31;37.2;Synchronized;;;;;;;;;;;;;;;;;
2407;07/06/2023;14:41:46;37.2;Synchronized;;;;;;;;;;;;;;;;;
2408;07/06/2023;14:42:01;37.25;Synchronized;;;;;;;;;;;;;;;;;
2409;07/06/2023;14:42:16;37.23;Synchronized;;;;;;;;;;;;;;;;;
2410;07/06/2023;14:42:31;37.23;Synchronized;;;;;;;;;;;;;;;;;
2411;07/06/2023;14:42:46;37.23;Synchronized;;;;;;;;;;;;;;;;;
2412;07/06/2023;14:43:01;37.22;Synchronized;;;;;;;;;;;;;;;;;
2413;07/06/2023;14:43:16;37.22;Synchronized;;;;;;;;;;;;;;;;;
2414;07/06/2023;14:43:31;37.22;Synchronized;;;;;;;;;;;;;;;;;
2415;07/06/2023;14:43:46;37.23;Synchronized;;;;;;;;;;;;;;;;;
2416;07/06/2023;14:44:01;37.23;Synchronized;;;;;;;;;;;;;;;;;
2417;07/06/2023;14:44:16;37.24;Synchronized;;;;;;;;;;;;;;;;;
2418;07/06/2023;14:44:31;37.23;Synchronized;;;;;;;;;;;;;;;;;
2419;07/06/2023;14:44:46;37.23;Synchronized;;;;;;;;;;;;;;;;;
2420;07/06/2023;14:45:01;37.24;Synchronized;;;;;;;;;;;;;;;;;
2421;07/06/2023;14:45:16;37.23;Synchronized;;;;;;;;;;;;;;;;;
2422;07/06/2023;14:45:31;37.25;Synchronized;;;;;;;;;;;;;;;;;
2423;07/06/2023;14:45:46;37.25;Synchronized;;;;;;;;;;;;;;;;;
2424;07/06/2023;14:46:01;37.23;Synchronized;;;;;;;;;;;;;;;;;
2425;07/06/2023;14:46:16;37.23;Synchronized;;;;;;;;;;;;;;;;;
2426;07/06/2023;14:46:31;37.23;Synchronized;;;;;;;;;;;;;;;;;
2427;07/06/2023;14:46:46;37.23;Synchronized;;;;;;;;;;;;;;;;;
2428;07/06/2023;14:47:01;37.23;Synchronized;;;;;;;;;;;;;;;;;
2429;07/06/2023;14:47:16;37.22;Synchronized;;;;;;;;;;;;;;;;;
2430;07/06/2023;14:47:31;37.24;Synchronized;;;;;;;;;;;;;;;;;
2431;07/06/2023;14:47:46;37.25;Synchronized;;;;;;;;;;;;;;;;;
2432;07/06/2023;14:48:01;37.24;Synchronized;;;;;;;;;;;;;;;;;
2433;07/06/2023;14:48:16;37.27;Synchronized;;;;;;;;;;;;;;;;;
2434;07/06/2023;14:48:31;37.24;Synchronized;;;;;;;;;;;;;;;;;
2435;07/06/2023;14:48:46;37.26;Synchronized;;;;;;;;;;;;;;;;;
2436;07/06/2023;14:49:01;37.25;;;;;;;;;;;;;;;;;;
2437;07/06/2023;14:49:16;37.25;Synchronized;;;;;;;;;;;;;;;;;
2438;07/06/2023;14:49:31;37.23;Synchronized;;;;;;;;;;;;;;;;;
2439;07/06/2023;14:49:46;37.25;Synchronized;;;;;;;;;;;;;;;;;
2440;07/06/2023;14:50:01;37.24;Synchronized;;;;;;;;;;;;;;;;;
2441;07/06/2023;14:50:16;37.25;;;;;;;;;;;;;;;;;;
2442;07/06/2023;14:50:31;37.23;Synchronized;;;;;;;;;;;;;;;;;
2443;07/06/2023;14:50:46;37.23;Synchronized;;;;;;;;;;;;;;;;;
2444;07/06/2023;14:51:01;37.25;Synchronized;;;;;;;;;;;;;;;;;
2445;07/06/2023;14:51:16;37.27;Synchronized;;;;;;;;;;;;;;;;;
2446;07/06/2023;14:51:31;37.26;Synchronized;;;;;;;;;;;;;;;;;
2447;07/06/2023;14:51:46;37.25;Synchronized;;;;;;;;;;;;;;;;;
2448;07/06/2023;14:52:01;37.25;Synchronized;;;;;;;;;;;;;;;;;
2449;07/06/2023;14:52:16;37.24;Synchronized;;;;;;;;;;;;;;;;;
2450;07/06/2023;14:52:31;37.25;Synchronized;;;;;;;;;;;;;;;;;
2451;07/06/2023;14:52:46;37.26;Synchronized;;;;;;;;;;;;;;;;;
2452;07/06/2023;14:53:01;37.25;Synchronized;;;;;;;;;;;;;;;;;
2453;07/06/2023;14:53:16;37.26;Synchronized;;;;;;;;;;;;;;;;;
2454;07/06/2023;14:53:31;37.25;Synchronized;;;;;;;;;;;;;;;;;
2455;07/06/2023;14:53:46;37.25;Synchronized;;;;;;;;;;;;;;;;;
2456;07/06/2023;14:54:01;37.24;Synchronized;;;;;;;;;;;;;;;;;
2457;07/06/2023;14:54:16;37.25;Synchronized;;;;;;;;;;;;;;;;;
2458;07/06/2023;14:54:31;37.24;Synchronized;;;;;;;;;;;;;;;;;
2459;07/06/2023;14:54:46;37.25;Synchronized;;;;;;;;;;;;;;;;;
2460;07/06/2023;14:55:01;37.23;Synchronized;;;;;;;;;;;;;;;;;
2461;07/06/2023;14:55:16;37.25;Synchronized;;;;;;;;;;;;;;;;;
2462;07/06/2023;14:55:31;37.25;Synchronized;;;;;;;;;;;;;;;;;
2463;07/06/2023;14:55:46;37.23;Synchronized;;;;;;;;;;;;;;;;;
2464;07/06/2023;14:56:01;37.24;Synchronized;;;;;;;;;;;;;;;;;
2465;07/06/2023;14:56:16;37.23;Synchronized;;;;;;;;;;;;;;;;;
2466;07/06/2023;14:56:31;37.25;Synchronized;;;;;;;;;;;;;;;;;
2467;07/06/2023;14:56:46;37.25;Synchronized;;;;;;;;;;;;;;;;;
2468;07/06/2023;14:57:01;37.23;Synchronized;;;;;;;;;;;;;;;;;
2469;07/06/2023;14:57:16;37.24;Synchronized;;;;;;;;;;;;;;;;;
2470;07/06/2023;14:57:31;37.25;Synchronized;;;;;;;;;;;;;;;;;
2471;07/06/2023;14:57:46;37.24;Synchronized;;;;;;;;;;;;;;;;;
2472;07/06/2023;14:58:01;37.24;Synchronized;;;;;;;;;;;;;;;;;
2473;07/06/2023;14:58:16;37.24;Synchronized;;;;;;;;;;;;;;;;;
2474;07/06/2023;14:58:31;37.23;Synchronized;;;;;;;;;;;;;;;;;
2475;07/06/2023;14:58:46;37.23;Synchronized;;;;;;;;;;;;;;;;;
2476;07/06/2023;14:59:01;37.24;Synchronized;;;;;;;;;;;;;;;;;
2477;07/06/2023;14:59:16;37.23;Synchronized;;;;;;;;;;;;;;;;;
2478;07/06/2023;14:59:31;37.23;Synchronized;;;;;;;;;;;;;;;;;
2479;07/06/2023;14:59:46;37.21;Synchronized;;;;;;;;;;;;;;;;;
2480;07/06/2023;15:00:01;37.24;Synchronized;;;;;;;;;;;;;;;;;
2481;07/06/2023;15:00:16;37.22;Synchronized;;;;;;;;;;;;;;;;;
2482;07/06/2023;15:00:31;37.23;Synchronized;;;;;;;;;;;;;;;;;
2483;07/06/2023;15:00:46;37.23;Synchronized;;;;;;;;;;;;;;;;;
2484;07/06/2023;15:01:01;37.21;Synchronized;;;;;;;;;;;;;;;;;
2485;07/06/2023;15:01:16;37.21;Synchronized;;;;;;;;;;;;;;;;;
2486;07/06/2023;15:01:31;37.21;Synchronized;;;;;;;;;;;;;;;;;
2487;07/06/2023;15:01:46;37.22;Synchronized;;;;;;;;;;;;;;;;;
2488;07/06/2023;15:02:01;37.23;Synchronized;;;;;;;;;;;;;;;;;
2489;07/06/2023;15:02:16;37.23;Synchronized;;;;;;;;;;;;;;;;;
2490;07/06/2023;15:02:31;37.23;Synchronized;;;;;;;;;;;;;;;;;
2491;07/06/2023;15:02:46;37.23;Synchronized;;;;;;;;;;;;;;;;;
2492;07/06/2023;15:03:01;37.22;Synchronized;;;;;;;;;;;;;;;;;
2493;07/06/2023;15:03:16;37.23;Synchronized;;;;;;;;;;;;;;;;;
2494;07/06/2023;15:03:31;37.22;Synchronized;;;;;;;;;;;;;;;;;
2495;07/06/2023;15:03:46;37.25;Synchronized;;;;;;;;;;;;;;;;;
2496;07/06/2023;15:04:01;37.23;Synchronized;;;;;;;;;;;;;;;;;
2497;07/06/2023;15:04:16;37.23;Synchronized;;;;;;;;;;;;;;;;;
2498;07/06/2023;15:04:31;37.22;Synchronized;;;;;;;;;;;;;;;;;
2499;07/06/2023;15:04:46;37.24;Synchronized;;;;;;;;;;;;;;;;;
2500;07/06/2023;15:05:01;37.24;Synchronized;;;;;;;;;;;;;;;;;
2501;07/06/2023;15:05:16;37.24;Synchronized;;;;;;;;;;;;;;;;;
2502;07/06/2023;15:05:31;37.23;Synchronized;;;;;;;;;;;;;;;;;
2503;07/06/2023;15:05:46;37.22;Synchronized;;;;;;;;;;;;;;;;;
2504;07/06/2023;15:06:01;37.24;Synchronized;;;;;;;;;;;;;;;;;
2505;07/06/2023;15:06:16;37.25;Synchronized;;;;;;;;;;;;;;;;;
2506;07/06/2023;15:06:31;37.23;Synchronized;;;;;;;;;;;;;;;;;
2507;07/06/2023;15:06:46;37.25;Synchronized;;;;;;;;;;;;;;;;;
2508;07/06/2023;15:07:01;37.25;Synchronized;;;;;;;;;;;;;;;;;
2509;07/06/2023;15:07:16;37.23;Synchronized;;;;;;;;;;;;;;;;;
2510;07/06/2023;15:07:31;37.25;Synchronized;;;;;;;;;;;;;;;;;
2511;07/06/2023;15:07:46;37.27;;;;;;;;;;;;;;;;;;
2512;07/06/2023;15:08:01;37.27;;;;;;;;;;;;;;;;;;
2513;07/06/2023;15:08:16;37.25;;;;;;;;;;;;;;;;;;
2514;07/06/2023;15:08:31;37.26;;;;;;;;;;;;;;;;;;
2515;07/06/2023;15:08:46;37.25;;;;;;;;;;;;;;;;;;
2516;07/06/2023;15:09:01;37.26;;;;;;;;;;;;;;;;;;
2517;07/06/2023;15:09:15;37.24;;;;;;;;;;;;;;;;;;
2518;07/06/2023;15:09:30;37.25;;;;;;;;;;;;;;;;;;
2519;07/06/2023;15:09:45;37.26;;;;;;;;;;;;;;;;;;
2520;07/06/2023;15:10:00;37.26;;;;;;;;;;;;;;;;;;
2521;07/06/2023;15:10:15;37.26;;;;;;;;;;;;;;;;;;
2522;07/06/2023;15:10:30;37.26;;;;;;;;;;;;;;;;;;
2523;07/06/2023;15:10:45;37.25;;;;;;;;;;;;;;;;;;
2524;07/06/2023;15:11:00;37.24;;;;;;;;;;;;;;;;;;
2525;07/06/2023;15:11:15;37.24;;;;;;;;;;;;;;;;;;
2526;07/06/2023;15:11:30;37.25;;;;;;;;;;;;;;;;;;
2527;07/06/2023;15:11:45;37.25;;;;;;;;;;;;;;;;;;
2528;07/06/2023;15:12:00;37.26;;;;;;;;;;;;;;;;;;
2529;07/06/2023;15:12:15;37.24;;;;;;;;;;;;;;;;;;
2530;07/06/2023;15:12:30;37.23;;;;;;;;;;;;;;;;;;
2531;07/06/2023;15:12:45;37.25;;;;;;;;;;;;;;;;;;
2532;07/06/2023;15:13:00;37.25;;;;;;;;;;;;;;;;;;
2533;07/06/2023;15:13:15;37.23;;;;;;;;;;;;;;;;;;
2534;07/06/2023;15:13:30;37.25;;;;;;;;;;;;;;;;;;
2535;07/06/2023;15:13:45;37.23;;;;;;;;;;;;;;;;;;
2536;07/06/2023;15:14:00;37.25;;;;;;;;;;;;;;;;;;
2537;07/06/2023;15:14:15;37.22;;;;;;;;;;;;;;;;;;
2538;07/06/2023;15:14:30;37.23;;;;;;;;;;;;;;;;;;
2539;07/06/2023;15:14:45;37.21;;;;;;;;;;;;;;;;;;
2540;07/06/2023;15:15:00;37.22;;;;;;;;;;;;;;;;;;
2541;07/06/2023;15:15:15;37.22;;;;;;;;;;;;;;;;;;
2542;07/06/2023;15:15:30;37.23;;;;;;;;;;;;;;;;;;
2543;07/06/2023;15:15:45;37.23;;;;;;;;;;;;;;;;;;
2544;07/06/2023;15:16:00;37.21;;;;;;;;;;;;;;;;;;
2545;07/06/2023;15:16:15;37.2;;;;;;;;;;;;;;;;;;
2546;07/06/2023;15:16:30;37.19;;;;;;;;;;;;;;;;;;
2547;07/06/2023;15:16:45;37.22;;;;;;;;;;;;;;;;;;
2548;07/06/2023;15:17:00;37.17;;;;;;;;;;;;;;;;;;
2549;07/06/2023;15:17:15;37.22;;;;;;;;;;;;;;;;;;
2550;07/06/2023;15:17:30;37.19;;;;;;;;;;;;;;;;;;
2551;07/06/2023;15:17:45;37.22;;;;;;;;;;;;;;;;;;
2552;07/06/2023;15:18:00;37.18;;;;;;;;;;;;;;;;;;
2553;07/06/2023;15:18:15;37.19;;;;;;;;;;;;;;;;;;
2554;07/06/2023;15:18:30;37.21;;;;;;;;;;;;;;;;;;
2555;07/06/2023;15:18:45;37.2;;;;;;;;;;;;;;;;;;
2556;07/06/2023;15:19:00;37.2;;;;;;;;;;;;;;;;;;
2557;07/06/2023;15:19:15;37.21;;;;;;;;;;;;;;;;;;
2558;07/06/2023;15:19:30;37.18;;;;;;;;;;;;;;;;;;
2559;07/06/2023;15:19:45;37.2;;;;;;;;;;;;;;;;;;
2560;07/06/2023;15:20:00;37.2;;;;;;;;;;;;;;;;;;
2561;07/06/2023;15:20:15;37.22;;;;;;;;;;;;;;;;;;
2562;07/06/2023;15:20:30;37.18;;;;;;;;;;;;;;;;;;
2563;07/06/2023;15:20:45;37.2;;;;;;;;;;;;;;;;;;
2564;07/06/2023;15:21:00;37.18;;;;;;;;;;;;;;;;;;
2565;07/06/2023;15:21:15;37.18;;;;;;;;;;;;;;;;;;
2566;07/06/2023;15:21:30;37.17;;;;;;;;;;;;;;;;;;
2567;07/06/2023;15:21:45;37.2;;;;;;;;;;;;;;;;;;
2568;07/06/2023;15:22:00;37.21;;;;;;;;;;;;;;;;;;
2569;07/06/2023;15:22:15;37.2;;;;;;;;;;;;;;;;;;
2570;07/06/2023;15:22:30;37.18;;;;;;;;;;;;;;;;;;
2571;07/06/2023;15:22:45;37.18;;;;;;;;;;;;;;;;;;
2572;07/06/2023;15:23:00;37.19;;;;;;;;;;;;;;;;;;
2573;07/06/2023;15:23:15;37.2;;;;;;;;;;;;;;;;;;
2574;07/06/2023;15:23:30;37.19;;;;;;;;;;;;;;;;;;
2575;07/06/2023;15:23:45;37.2;;;;;;;;;;;;;;;;;;
2576;07/06/2023;15:24:00;37.21;;;;;;;;;;;;;;;;;;
2577;07/06/2023;15:24:15;37.19;;;;;;;;;;;;;;;;;;
2578;07/06/2023;15:24:30;37.19;;;;;;;;;;;;;;;;;;
2579;07/06/2023;15:24:45;37.2;;;;;;;;;;;;;;;;;;
2580;07/06/2023;15:25:00;37.2;;;;;;;;;;;;;;;;;;
2581;07/06/2023;15:25:15;37.16;;;;;;;;;;;;;;;;;;
2582;07/06/2023;15:25:30;37.21;;;;;;;;;;;;;;;;;;
2583;07/06/2023;15:25:45;37.2;;;;;;;;;;;;;;;;;;
2584;07/06/2023;15:26:00;37.18;;;;;;;;;;;;;;;;;;
2585;07/06/2023;15:26:15;37.22;;;;;;;;;;;;;;;;;;
2586;07/06/2023;15:26:30;37.2;;;;;;;;;;;;;;;;;;
2587;07/06/2023;15:26:45;37.19;;;;;;;;;;;;;;;;;;
2588;07/06/2023;15:27:00;37.2;;;;;;;;;;;;;;;;;;
2589;07/06/2023;15:27:15;37.2;;;;;;;;;;;;;;;;;;
2590;07/06/2023;15:27:30;37.2;;;;;;;;;;;;;;;;;;
2591;07/06/2023;15:27:45;37.21;;;;;;;;;;;;;;;;;;
2592;07/06/2023;15:28:00;37.2;;;;;;;;;;;;;;;;;;
2593;07/06/2023;15:28:15;37.22;;;;;;;;;;;;;;;;;;
2594;07/06/2023;15:28:30;37.21;;;;;;;;;;;;;;;;;;
2595;07/06/2023;15:28:45;37.18;;;;;;;;;;;;;;;;;;
2596;07/06/2023;15:29:00;37.21;;;;;;;;;;;;;;;;;;
2597;07/06/2023;15:29:15;37.21;;;;;;;;;;;;;;;;;;
2598;07/06/2023;15:29:30;37.19;;;;;;;;;;;;;;;;;;
2599;07/06/2023;15:29:45;37.21;;;;;;;;;;;;;;;;;;
2600;07/06/2023;15:30:00;37.2;;;;;;;;;;;;;;;;;;
2601;07/06/2023;15:30:15;37.2;;;;;;;;;;;;;;;;;;
2602;07/06/2023;15:30:30;37.17;;;;;;;;;;;;;;;;;;
2603;07/06/2023;15:30:45;37.24;;;;;;;;;;;;;;;;;;
2604;07/06/2023;15:31:00;37.21;;;;;;;;;;;;;;;;;;
2605;07/06/2023;15:31:15;37.21;;;;;;;;;;;;;;;;;;
2606;07/06/2023;15:31:30;37.2;;;;;;;;;;;;;;;;;;
2607;07/06/2023;15:31:45;37.18;;;;;;;;;;;;;;;;;;
2608;07/06/2023;15:32:00;37.21;;;;;;;;;;;;;;;;;;
2609;07/06/2023;15:32:15;37.18;;;;;;;;;;;;;;;;;;
2610;07/06/2023;15:32:30;37.21;;;;;;;;;;;;;;;;;;
2611;07/06/2023;15:32:45;37.19;;;;;;;;;;;;;;;;;;
2612;07/06/2023;15:33:00;37.21;;;;;;;;;;;;;;;;;;
2613;07/06/2023;15:33:15;37.22;Synchronized;;;;;;;;;;;;;;;;;
2614;07/06/2023;15:33:30;37.23;;;;;;;;;;;;;;;;;;
2615;07/06/2023;15:33:45;37.22;Synchronized;;;;;;;;;;;;;;;;;
2616;07/06/2023;15:34:00;37.18;Synchronized;;;;;;;;;;;;;;;;;
2617;07/06/2023;15:34:15;37.19;;;;;;;;;;;;;;;;;;
2618;07/06/2023;15:34:30;37.21;;;;;;;;;;;;;;;;;;
2619;07/06/2023;15:34:45;37.2;;;;;;;;;;;;;;;;;;
2620;07/06/2023;15:35:00;37.21;;;;;;;;;;;;;;;;;;
2621;07/06/2023;15:35:15;37.21;Synchronized;;;;;;;;;;;;;;;;;
2622;07/06/2023;15:35:30;37.2;;;;;;;;;;;;;;;;;;
2623;07/06/2023;15:35:45;37.21;;;;;;;;;;;;;;;;;;
2624;07/06/2023;15:36:00;37.19;;;;;;;;;;;;;;;;;;
2625;07/06/2023;15:36:15;37.22;;;;;;;;;;;;;;;;;;
2626;07/06/2023;15:36:30;37.22;;;;;;;;;;;;;;;;;;
2627;07/06/2023;15:36:45;37.22;;;;;;;;;;;;;;;;;;
2628;07/06/2023;15:37:00;37.21;Synchronized;;;;;;;;;;;;;;;;;
2629;07/06/2023;15:37:15;37.22;Synchronized;;;;;;;;;;;;;;;;;
2630;07/06/2023;15:37:30;37.2;Synchronized;;;;;;;;;;;;;;;;;
2631;07/06/2023;15:37:45;37.23;Synchronized;;;;;;;;;;;;;;;;;
2632;07/06/2023;15:38:00;37.22;Synchronized;;;;;;;;;;;;;;;;;
2633;07/06/2023;15:38:15;37.22;;;;;;;;;;;;;;;;;;
2634;07/06/2023;15:38:30;37.2;;;;;;;;;;;;;;;;;;
2635;07/06/2023;15:38:45;37.21;;;;;;;;;;;;;;;;;;
2636;07/06/2023;15:39:00;37.21;;;;;;;;;;;;;;;;;;
2637;07/06/2023;15:39:15;37.21;;;;;;;;;;;;;;;;;;
2638;07/06/2023;15:39:30;37.22;;;;;;;;;;;;;;;;;;
2639;07/06/2023;15:39:45;37.21;;;;;;;;;;;;;;;;;;
2640;07/06/2023;15:40:00;37.22;;;;;;;;;;;;;;;;;;
2641;07/06/2023;15:40:15;37.2;;;;;;;;;;;;;;;;;;
2642;07/06/2023;15:40:30;37.21;Synchronized;;;;;;;;;;;;;;;;;
2643;07/06/2023;15:40:45;37.2;Synchronized;;;;;;;;;;;;;;;;;
2644;07/06/2023;15:41:00;37.2;Synchronized;;;;;;;;;;;;;;;;;
2645;07/06/2023;15:41:15;37.22;Synchronized;;;;;;;;;;;;;;;;;
2646;07/06/2023;15:41:30;37.22;;;;;;;;;;;;;;;;;;
2647;07/06/2023;15:41:45;37.2;Synchronized;;;;;;;;;;;;;;;;;
2648;07/06/2023;15:42:00;37.23;;;;;;;;;;;;;;;;;;
2649;07/06/2023;15:42:15;37.23;;;;;;;;;;;;;;;;;;
2650;07/06/2023;15:42:30;37.24;;;;;;;;;;;;;;;;;;
2651;07/06/2023;15:42:45;37.23;;;;;;;;;;;;;;;;;;
2652;07/06/2023;15:43:00;37.24;;;;;;;;;;;;;;;;;;
2653;07/06/2023;15:43:15;37.23;;;;;;;;;;;;;;;;;;
2654;07/06/2023;15:43:30;37.25;;;;;;;;;;;;;;;;;;
2655;07/06/2023;15:43:45;37.21;Synchronized;;;;;;;;;;;;;;;;;
2656;07/06/2023;15:44:00;37.23;Synchronized;;;;;;;;;;;;;;;;;
2657;07/06/2023;15:44:15;37.23;;;;;;;;;;;;;;;;;;
2658;07/06/2023;15:44:30;37.23;;;;;;;;;;;;;;;;;;
2659;07/06/2023;15:44:45;37.22;;;;;;;;;;;;;;;;;;
2660;07/06/2023;15:45:00;37.23;;;;;;;;;;;;;;;;;;
2661;07/06/2023;15:45:15;37.23;;;;;;;;;;;;;;;;;;
2662;07/06/2023;15:45:30;37.24;;;;;;;;;;;;;;;;;;
2663;07/06/2023;15:45:45;37.23;;;;;;;;;;;;;;;;;;
2664;07/06/2023;15:46:00;37.23;;;;;;;;;;;;;;;;;;
2665;07/06/2023;15:46:15;37.23;;;;;;;;;;;;;;;;;;
2666;07/06/2023;15:46:30;37.25;;;;;;;;;;;;;;;;;;
2667;07/06/2023;15:46:45;37.23;;;;;;;;;;;;;;;;;;
2668;07/06/2023;15:47:00;37.23;;;;;;;;;;;;;;;;;;
2669;07/06/2023;15:47:15;37.23;;;;;;;;;;;;;;;;;;
2670;07/06/2023;15:47:30;37.24;;;;;;;;;;;;;;;;;;
2671;07/06/2023;15:47:45;37.25;Synchronized;;;;;;;;;;;;;;;;;
2672;07/06/2023;15:48:00;37.24;;;;;;;;;;;;;;;;;;
2673;07/06/2023;15:48:15;37.24;;;;;;;;;;;;;;;;;;
2674;07/06/2023;15:48:30;37.24;;;;;;;;;;;;;;;;;;
2675;07/06/2023;15:48:45;37.24;;;;;;;;;;;;;;;;;;
2676;07/06/2023;15:49:00;37.24;;;;;;;;;;;;;;;;;;
2677;07/06/2023;15:49:15;37.24;;;;;;;;;;;;;;;;;;
2678;07/06/2023;15:49:30;37.25;;;;;;;;;;;;;;;;;;
2679;07/06/2023;15:49:45;37.24;;;;;;;;;;;;;;;;;;
2680;07/06/2023;15:50:00;37.25;;;;;;;;;;;;;;;;;;
2681;07/06/2023;15:50:15;37.24;Synchronized;;;;;;;;;;;;;;;;;
2682;07/06/2023;15:50:30;37.23;Synchronized;;;;;;;;;;;;;;;;;
2683;07/06/2023;15:50:45;37.26;;;;;;;;;;;;;;;;;;
2684;07/06/2023;15:51:00;37.23;;;;;;;;;;;;;;;;;;
2685;07/06/2023;15:51:15;37.23;;;;;;;;;;;;;;;;;;
2686;07/06/2023;15:51:30;37.26;;;;;;;;;;;;;;;;;;
2687;07/06/2023;15:51:45;37.24;;;;;;;;;;;;;;;;;;
2688;07/06/2023;15:52:00;37.25;;;;;;;;;;;;;;;;;;
2689;07/06/2023;15:52:15;37.25;;;;;;;;;;;;;;;;;;
2690;07/06/2023;15:52:30;37.26;;;;;;;;;;;;;;;;;;
2691;07/06/2023;15:52:45;37.25;;;;;;;;;;;;;;;;;;
2692;07/06/2023;15:53:00;37.26;;;;;;;;;;;;;;;;;;
2693;07/06/2023;15:53:15;37.24;;;;;;;;;;;;;;;;;;
2694;07/06/2023;15:53:30;37.24;;;;;;;;;;;;;;;;;;
2695;07/06/2023;15:53:45;37.24;;;;;;;;;;;;;;;;;;
2696;07/06/2023;15:54:00;37.24;;;;;;;;;;;;;;;;;;
2697;07/06/2023;15:54:15;37.25;;;;;;;;;;;;;;;;;;
2698;07/06/2023;15:54:29;37.23;;;;;;;;;;;;;;;;;;
2699;07/06/2023;15:54:44;37.24;;;;;;;;;;;;;;;;;;
2700;07/06/2023;15:54:59;37.24;;;;;;;;;;;;;;;;;;
2701;07/06/2023;15:55:14;37.25;;;;;;;;;;;;;;;;;;
2702;07/06/2023;15:55:29;37.25;;;;;;;;;;;;;;;;;;
2703;07/06/2023;15:55:44;37.26;;;;;;;;;;;;;;;;;;
2704;07/06/2023;15:55:59;37.25;;;;;;;;;;;;;;;;;;
2705;07/06/2023;15:56:14;37.23;;;;;;;;;;;;;;;;;;
2706;07/06/2023;15:56:29;37.26;;;;;;;;;;;;;;;;;;
2707;07/06/2023;15:56:44;37.26;;;;;;;;;;;;;;;;;;
2708;07/06/2023;15:56:59;37.23;;;;;;;;;;;;;;;;;;
2709;07/06/2023;15:57:14;37.23;;;;;;;;;;;;;;;;;;
2710;07/06/2023;15:57:29;37.25;;;;;;;;;;;;;;;;;;
2711;07/06/2023;15:57:44;37.25;Synchronized;;;;;;;;;;;;;;;;;
2712;07/06/2023;15:57:59;37.27;;;;;;;;;;;;;;;;;;
2713;07/06/2023;15:58:14;37.23;;;;;;;;;;;;;;;;;;
2714;07/06/2023;15:58:29;37.26;;;;;;;;;;;;;;;;;;
2715;07/06/2023;15:58:44;37.23;;;;;;;;;;;;;;;;;;
2716;07/06/2023;15:58:59;37.24;;;;;;;;;;;;;;;;;;
2717;07/06/2023;15:59:14;37.27;;;;;;;;;;;;;;;;;;
2718;07/06/2023;15:59:29;37.25;;;;;;;;;;;;;;;;;;
2719;07/06/2023;15:59:44;37.26;;;;;;;;;;;;;;;;;;
2720;07/06/2023;15:59:59;37.26;;;;;;;;;;;;;;;;;;
2721;07/06/2023;16:00:14;37.26;;;;;;;;;;;;;;;;;;
2722;07/06/2023;16:00:29;37.26;Synchronized;;;;;;;;;;;;;;;;;
2723;07/06/2023;16:00:44;37.26;Synchronized;;;;;;;;;;;;;;;;;
2724;07/06/2023;16:00:59;37.27;;;;;;;;;;;;;;;;;;
2725;07/06/2023;16:01:14;37.26;;;;;;;;;;;;;;;;;;
2726;07/06/2023;16:01:29;37.26;Synchronized;;;;;;;;;;;;;;;;;
2727;07/06/2023;16:01:44;37.27;;;;;;;;;;;;;;;;;;
2728;07/06/2023;16:01:59;37.27;;;;;;;;;;;;;;;;;;
2729;07/06/2023;16:02:14;37.26;;;;;;;;;;;;;;;;;;
2730;07/06/2023;16:02:29;37.25;;;;;;;;;;;;;;;;;;
2731;07/06/2023;16:02:44;37.25;;;;;;;;;;;;;;;;;;
2732;07/06/2023;16:02:59;37.26;;;;;;;;;;;;;;;;;;
2733;07/06/2023;16:03:14;37.25;;;;;;;;;;;;;;;;;;
2734;07/06/2023;16:03:29;37.27;;;;;;;;;;;;;;;;;;
2735;07/06/2023;16:03:44;37.25;;;;;;;;;;;;;;;;;;
2736;07/06/2023;16:03:59;37.28;;;;;;;;;;;;;;;;;;
2737;07/06/2023;16:04:14;37.27;;;;;;;;;;;;;;;;;;
2738;07/06/2023;16:04:29;37.27;Synchronized;;;;;;;;;;;;;;;;;
2739;07/06/2023;16:04:44;37.26;Synchronized;;;;;;;;;;;;;;;;;
2740;07/06/2023;16:04:59;37.27;;;;;;;;;;;;;;;;;;
2741;07/06/2023;16:05:14;37.27;;;;;;;;;;;;;;;;;;
2742;07/06/2023;16:05:29;37.25;Synchronized;;;;;;;;;;;;;;;;;
2743;07/06/2023;16:05:44;37.26;Synchronized;;;;;;;;;;;;;;;;;
2744;07/06/2023;16:05:59;37.28;Synchronized;;;;;;;;;;;;;;;;;
2745;07/06/2023;16:06:14;37.27;;;;;;;;;;;;;;;;;;
2746;07/06/2023;16:06:29;37.28;Synchronized;;;;;;;;;;;;;;;;;
2747;07/06/2023;16:06:44;37.27;;;;;;;;;;;;;;;;;;
2748;07/06/2023;16:06:59;37.25;;;;;;;;;;;;;;;;;;
2749;07/06/2023;16:07:14;37.26;;;;;;;;;;;;;;;;;;
2750;07/06/2023;16:07:29;37.27;;;;;;;;;;;;;;;;;;
2751;07/06/2023;16:07:44;37.27;;;;;;;;;;;;;;;;;;
2752;07/06/2023;16:07:59;37.27;;;;;;;;;;;;;;;;;;
2753;07/06/2023;16:08:14;37.28;;;;;;;;;;;;;;;;;;
2754;07/06/2023;16:08:29;37.29;;;;;;;;;;;;;;;;;;
2755;07/06/2023;16:08:44;37.29;;;;;;;;;;;;;;;;;;
2756;07/06/2023;16:08:59;37.26;;;;;;;;;;;;;;;;;;
2757;07/06/2023;16:09:14;37.28;Synchronized;;;;;;;;;;;;;;;;;
2758;07/06/2023;16:09:29;37.26;;;;;;;;;;;;;;;;;;
2759;07/06/2023;16:09:44;37.28;Synchronized;;;;;;;;;;;;;;;;;
2760;07/06/2023;16:09:59;37.27;Synchronized;;;;;;;;;;;;;;;;;
2761;07/06/2023;16:10:14;37.28;Synchronized;;;;;;;;;;;;;;;;;
2762;07/06/2023;16:10:29;37.27;;;;;;;;;;;;;;;;;;
2763;07/06/2023;16:10:44;37.26;;;;;;;;;;;;;;;;;;
2764;07/06/2023;16:10:59;37.27;;;;;;;;;;;;;;;;;;
2765;07/06/2023;16:11:14;37.27;;;;;;;;;;;;;;;;;;
2766;07/06/2023;16:11:29;37.27;;;;;;;;;;;;;;;;;;
2767;07/06/2023;16:11:44;37.27;Synchronized;;;;;;;;;;;;;;;;;
2768;07/06/2023;16:11:59;37.28;;;;;;;;;;;;;;;;;;
2769;07/06/2023;16:12:14;37.27;Synchronized;;;;;;;;;;;;;;;;;
2770;07/06/2023;16:12:29;37.27;Synchronized;;;;;;;;;;;;;;;;;
2771;07/06/2023;16:12:44;37.27;;;;;;;;;;;;;;;;;;
2772;07/06/2023;16:12:59;37.27;Synchronized;;;;;;;;;;;;;;;;;
2773;07/06/2023;16:13:14;37.27;Synchronized;;;;;;;;;;;;;;;;;
2774;07/06/2023;16:13:29;37.27;;;;;;;;;;;;;;;;;;
2775;07/06/2023;16:13:44;37.27;;;;;;;;;;;;;;;;;;
2776;07/06/2023;16:13:59;37.26;;;;;;;;;;;;;;;;;;
2777;07/06/2023;16:14:14;37.27;;;;;;;;;;;;;;;;;;
2778;07/06/2023;16:14:29;37.27;;;;;;;;;;;;;;;;;;
2779;07/06/2023;16:14:44;37.27;;;;;;;;;;;;;;;;;;
2780;07/06/2023;16:14:59;37.26;;;;;;;;;;;;;;;;;;
2781;07/06/2023;16:15:14;37.27;Synchronized;;;;;;;;;;;;;;;;;
2782;07/06/2023;16:15:29;37.27;;;;;;;;;;;;;;;;;;
2783;07/06/2023;16:15:44;37.26;;;;;;;;;;;;;;;;;;
2784;07/06/2023;16:15:59;37.27;;;;;;;;;;;;;;;;;;
2785;07/06/2023;16:16:14;37.27;;;;;;;;;;;;;;;;;;
2786;07/06/2023;16:16:29;37.27;;;;;;;;;;;;;;;;;;
2787;07/06/2023;16:16:44;37.26;;;;;;;;;;;;;;;;;;
2788;07/06/2023;16:16:59;37.29;Synchronized;;;;;;;;;;;;;;;;;
2789;07/06/2023;16:17:14;37.26;;;;;;;;;;;;;;;;;;
2790;07/06/2023;16:17:29;37.27;;;;;;;;;;;;;;;;;;
2791;07/06/2023;16:17:44;37.27;Synchronized;;;;;;;;;;;;;;;;;
2792;07/06/2023;16:17:59;37.27;Synchronized;;;;;;;;;;;;;;;;;
2793;07/06/2023;16:18:14;37.27;;;;;;;;;;;;;;;;;;
2794;07/06/2023;16:18:29;37.27;;;;;;;;;;;;;;;;;;
2795;07/06/2023;16:18:44;37.26;;;;;;;;;;;;;;;;;;
2796;07/06/2023;16:18:59;37.27;;;;;;;;;;;;;;;;;;
2797;07/06/2023;16:19:14;37.27;;;;;;;;;;;;;;;;;;
2798;07/06/2023;16:19:29;37.26;;;;;;;;;;;;;;;;;;
2799;07/06/2023;16:19:44;37.28;;;;;;;;;;;;;;;;;;
2800;07/06/2023;16:19:59;37.27;Synchronized;;;;;;;;;;;;;;;;;
2801;07/06/2023;16:20:14;37.26;Synchronized;;;;;;;;;;;;;;;;;
2802;07/06/2023;16:20:29;37.25;;;;;;;;;;;;;;;;;;
2803;07/06/2023;16:20:44;37.25;;;;;;;;;;;;;;;;;;
2804;07/06/2023;16:20:59;37.26;Synchronized;;;;;;;;;;;;;;;;;
2805;07/06/2023;16:21:14;37.27;Synchronized;;;;;;;;;;;;;;;;;
2806;07/06/2023;16:21:29;37.25;Synchronized;;;;;;;;;;;;;;;;;
2807;07/06/2023;16:21:44;37.23;;;;;;;;;;;;;;;;;;
2808;07/06/2023;16:21:59;37.26;Synchronized;;;;;;;;;;;;;;;;;
2809;07/06/2023;16:22:13;37.25;;;;;;;;;;;;;;;;;;
2810;07/06/2023;16:22:28;37.23;Synchronized;;;;;;;;;;;;;;;;;
2811;07/06/2023;16:22:43;37.27;Synchronized;;;;;;;;;;;;;;;;;
2812;07/06/2023;16:22:58;37.26;;;;;;;;;;;;;;;;;;
2813;07/06/2023;16:23:13;37.27;;;;;;;;;;;;;;;;;;
2814;07/06/2023;16:23:28;37.26;Synchronized;;;;;;;;;;;;;;;;;
2815;07/06/2023;16:23:43;37.27;;;;;;;;;;;;;;;;;;
2816;07/06/2023;16:23:58;37.26;;;;;;;;;;;;;;;;;;
2817;07/06/2023;16:24:13;37.24;;;;;;;;;;;;;;;;;;
2818;07/06/2023;16:24:28;37.25;;;;;;;;;;;;;;;;;;
2819;07/06/2023;16:24:43;37.23;Synchronized;;;;;;;;;;;;;;;;;
2820;07/06/2023;16:24:58;37.24;;;;;;;;;;;;;;;;;;
2821;07/06/2023;16:25:13;37.25;;;;;;;;;;;;;;;;;;
2822;07/06/2023;16:25:28;37.26;;;;;;;;;;;;;;;;;;
2823;07/06/2023;16:25:43;37.24;;;;;;;;;;;;;;;;;;
2824;07/06/2023;16:25:58;37.24;;;;;;;;;;;;;;;;;;
2825;07/06/2023;16:26:13;37.24;;;;;;;;;;;;;;;;;;
2826;07/06/2023;16:26:28;37.23;;;;;;;;;;;;;;;;;;
2827;07/06/2023;16:26:43;37.26;;;;;;;;;;;;;;;;;;
2828;07/06/2023;16:26:58;37.23;;;;;;;;;;;;;;;;;;
2829;07/06/2023;16:27:13;37.25;;;;;;;;;;;;;;;;;;
2830;07/06/2023;16:27:28;37.23;;;;;;;;;;;;;;;;;;
2831;07/06/2023;16:27:43;37.24;;;;;;;;;;;;;;;;;;
2832;07/06/2023;16:27:58;37.25;;;;;;;;;;;;;;;;;;
2833;07/06/2023;16:28:13;37.25;;;;;;;;;;;;;;;;;;
2834;07/06/2023;16:28:28;37.23;;;;;;;;;;;;;;;;;;
2835;07/06/2023;16:28:43;37.24;;;;;;;;;;;;;;;;;;
2836;07/06/2023;16:28:58;37.25;Synchronized;;;;;;;;;;;;;;;;;
2837;07/06/2023;16:29:13;37.25;Synchronized;;;;;;;;;;;;;;;;;
2838;07/06/2023;16:29:28;37.23;Synchronized;;;;;;;;;;;;;;;;;
2839;07/06/2023;16:29:43;37.23;;;;;;;;;;;;;;;;;;
2840;07/06/2023;16:29:58;37.25;;;;;;;;;;;;;;;;;;
2841;07/06/2023;16:30:13;37.24;;;;;;;;;;;;;;;;;;
2842;07/06/2023;16:30:28;37.25;;;;;;;;;;;;;;;;;;
2843;07/06/2023;16:30:43;37.26;;;;;;;;;;;;;;;;;;
2844;07/06/2023;16:30:58;37.25;;;;;;;;;;;;;;;;;;
2845;07/06/2023;16:31:13;37.25;;;;;;;;;;;;;;;;;;
2846;07/06/2023;16:31:28;37.24;;;;;;;;;;;;;;;;;;
2847;07/06/2023;16:31:43;37.25;;;;;;;;;;;;;;;;;;
2848;07/06/2023;16:31:58;37.23;;;;;;;;;;;;;;;;;;
2849;07/06/2023;16:32:13;37.24;;;;;;;;;;;;;;;;;;
2850;07/06/2023;16:32:28;37.23;;;;;;;;;;;;;;;;;;
2851;07/06/2023;16:32:43;37.25;;;;;;;;;;;;;;;;;;
2852;07/06/2023;16:32:58;37.23;;;;;;;;;;;;;;;;;;
2853;07/06/2023;16:33:13;37.23;;;;;;;;;;;;;;;;;;
2854;07/06/2023;16:33:28;37.25;;;;;;;;;;;;;;;;;;
2855;07/06/2023;16:33:43;37.25;;;;;;;;;;;;;;;;;;
2856;07/06/2023;16:33:58;37.25;;;;;;;;;;;;;;;;;;
2857;07/06/2023;16:34:13;37.23;;;;;;;;;;;;;;;;;;
2858;07/06/2023;16:34:28;37.25;;;;;;;;;;;;;;;;;;
2859;07/06/2023;16:34:43;37.24;;;;;;;;;;;;;;;;;;
2860;07/06/2023;16:34:58;37.24;;;;;;;;;;;;;;;;;;
2861;07/06/2023;16:35:13;37.23;;;;;;;;;;;;;;;;;;
2862;07/06/2023;16:35:28;37.23;;;;;;;;;;;;;;;;;;
2863;07/06/2023;16:35:43;37.25;;;;;;;;;;;;;;;;;;
2864;07/06/2023;16:35:58;37.24;;;;;;;;;;;;;;;;;;
2865;07/06/2023;16:36:13;37.23;;;;;;;;;;;;;;;;;;
2866;07/06/2023;16:36:28;37.23;;;;;;;;;;;;;;;;;;
2867;07/06/2023;16:36:43;37.24;;;;;;;;;;;;;;;;;;
2868;07/06/2023;16:36:58;37.23;;;;;;;;;;;;;;;;;;
2869;07/06/2023;16:37:13;37.23;;;;;;;;;;;;;;;;;;
2870;07/06/2023;16:37:28;37.23;;;;;;;;;;;;;;;;;;
2871;07/06/2023;16:37:43;37.22;;;;;;;;;;;;;;;;;;
2872;07/06/2023;16:37:58;37.22;;;;;;;;;;;;;;;;;;
2873;07/06/2023;16:38:13;37.22;;;;;;;;;;;;;;;;;;
2874;07/06/2023;16:38:28;37.22;;;;;;;;;;;;;;;;;;
2875;07/06/2023;16:38:43;37.22;;;;;;;;;;;;;;;;;;
2876;07/06/2023;16:38:58;37.21;;;;;;;;;;;;;;;;;;
2877;07/06/2023;16:39:13;37.21;;;;;;;;;;;;;;;;;;
2878;07/06/2023;16:39:28;37.21;;;;;;;;;;;;;;;;;;
2879;07/06/2023;16:39:43;37.22;;;;;;;;;;;;;;;;;;
2880;07/06/2023;16:39:58;37.22;;;;;;;;;;;;;;;;;;
2881;07/06/2023;16:40:13;37.23;Synchronized;;;;;;;;;;;;;;;;;
2882;07/06/2023;16:40:28;37.2;;;;;;;;;;;;;;;;;;
2883;07/06/2023;16:40:43;37.2;;;;;;;;;;;;;;;;;;
2884;07/06/2023;16:40:58;37.2;;;;;;;;;;;;;;;;;;
2885;07/06/2023;16:41:13;37.19;;;;;;;;;;;;;;;;;;
2886;07/06/2023;16:41:28;37.21;;;;;;;;;;;;;;;;;;
2887;07/06/2023;16:41:43;37.19;;;;;;;;;;;;;;;;;;
2888;07/06/2023;16:41:58;37.2;;;;;;;;;;;;;;;;;;
2889;07/06/2023;16:42:13;37.19;;;;;;;;;;;;;;;;;;
2890;07/06/2023;16:42:28;37.19;;;;;;;;;;;;;;;;;;
2891;07/06/2023;16:42:43;37.19;;;;;;;;;;;;;;;;;;
2892;07/06/2023;16:42:58;37.2;;;;;;;;;;;;;;;;;;
2893;07/06/2023;16:43:13;37.2;;;;;;;;;;;;;;;;;;
2894;07/06/2023;16:43:28;37.19;;;;;;;;;;;;;;;;;;
2895;07/06/2023;16:43:43;37.19;Synchronized;;;;;;;;;;;;;;;;;
2896;07/06/2023;16:43:58;37.19;;;;;;;;;;;;;;;;;;
2897;07/06/2023;16:44:13;37.2;;;;;;;;;;;;;;;;;;
2898;07/06/2023;16:44:28;37.16;;;;;;;;;;;;;;;;;;
2899;07/06/2023;16:44:43;37.2;;;;;;;;;;;;;;;;;;
2900;07/06/2023;16:44:58;37.16;;;;;;;;;;;;;;;;;;
2901;07/06/2023;16:45:13;37.19;;;;;;;;;;;;;;;;;;
2902;07/06/2023;16:45:28;37.18;;;;;;;;;;;;;;;;;;
2903;07/06/2023;16:45:43;37.2;;;;;;;;;;;;;;;;;;
2904;07/06/2023;16:45:58;37.18;;;;;;;;;;;;;;;;;;
2905;07/06/2023;16:46:13;37.18;;;;;;;;;;;;;;;;;;
2906;07/06/2023;16:46:28;37.18;;;;;;;;;;;;;;;;;;
2907;07/06/2023;16:46:43;37.16;;;;;;;;;;;;;;;;;;
2908;07/06/2023;16:46:58;37.18;;;;;;;;;;;;;;;;;;
2909;07/06/2023;16:47:13;37.17;;;;;;;;;;;;;;;;;;
2910;07/06/2023;16:47:27;37.18;;;;;;;;;;;;;;;;;;
2911;07/06/2023;16:47:42;37.16;;;;;;;;;;;;;;;;;;
2912;07/06/2023;16:47:57;37.18;;;;;;;;;;;;;;;;;;
2913;07/06/2023;16:48:12;37.17;;;;;;;;;;;;;;;;;;
2914;07/06/2023;16:48:27;37.18;;;;;;;;;;;;;;;;;;
2915;07/06/2023;16:48:42;37.17;;;;;;;;;;;;;;;;;;
2916;07/06/2023;16:48:57;37.16;;;;;;;;;;;;;;;;;;
2917;07/06/2023;16:49:12;37.17;;;;;;;;;;;;;;;;;;
2918;07/06/2023;16:49:27;37.17;;;;;;;;;;;;;;;;;;
2919;07/06/2023;16:49:42;37.17;;;;;;;;;;;;;;;;;;
2920;07/06/2023;16:49:57;37.18;;;;;;;;;;;;;;;;;;
2921;07/06/2023;16:50:12;37.18;;;;;;;;;;;;;;;;;;
2922;07/06/2023;16:50:27;37.18;;;;;;;;;;;;;;;;;;
2923;07/06/2023;16:50:42;37.17;Synchronized;;;;;;;;;;;;;;;;;
2924;07/06/2023;16:50:57;37.16;Synchronized;;;;;;;;;;;;;;;;;
2925;07/06/2023;16:51:12;37.18;Synchronized;;;;;;;;;;;;;;;;;
2926;07/06/2023;16:51:27;37.16;Synchronized;;;;;;;;;;;;;;;;;
2927;07/06/2023;16:51:42;37.16;Synchronized;;;;;;;;;;;;;;;;;
2928;07/06/2023;16:51:57;37.16;Synchronized;;;;;;;;;;;;;;;;;
2929;07/06/2023;16:52:12;37.18;Synchronized;;;;;;;;;;;;;;;;;
2930;07/06/2023;16:52:27;37.15;Synchronized;;;;;;;;;;;;;;;;;
2931;07/06/2023;16:52:42;37.16;Synchronized;;;;;;;;;;;;;;;;;
2932;07/06/2023;16:52:57;37.15;Synchronized;;;;;;;;;;;;;;;;;
2933;07/06/2023;16:53:12;37.14;Synchronized;;;;;;;;;;;;;;;;;
2934;07/06/2023;16:53:27;37.16;Synchronized;;;;;;;;;;;;;;;;;
2935;07/06/2023;16:53:42;37.14;;;;;;;;;;;;;;;;;;
2936;07/06/2023;16:53:57;37.15;Synchronized;;;;;;;;;;;;;;;;;
2937;07/06/2023;16:54:12;37.14;;;;;;;;;;;;;;;;;;
2938;07/06/2023;16:54:27;37.17;;;;;;;;;;;;;;;;;;
2939;07/06/2023;16:54:42;37.16;;;;;;;;;;;;;;;;;;
2940;07/06/2023;16:54:57;37.15;;;;;;;;;;;;;;;;;;
2941;07/06/2023;16:55:12;37.18;;;;;;;;;;;;;;;;;;
2942;07/06/2023;16:55:27;37.18;;;;;;;;;;;;;;;;;;
2943;07/06/2023;16:55:43;37.16;;;;;;;;;;;;;;;;;;
2944;07/06/2023;16:55:58;37.17;;;;;;;;;;;;;;;;;;
2945;07/06/2023;16:56:13;37.16;;;;;;;;;;;;;;;;;;
2946;07/06/2023;16:56:28;37.16;;;;;;;;;;;;;;;;;;
2947;07/06/2023;16:56:43;37.16;;;;;;;;;;;;;;;;;;
2948;07/06/2023;16:56:58;37.17;;;;;;;;;;;;;;;;;;
2949;07/06/2023;16:57:13;;Missing data;;;;;;;;;;;;;;;;;
2950;07/06/2023;16:57:28;;Missing data;;;;;;;;;;;;;;;;;
2951;07/06/2023;16:57:43;;Missing data;;;;;;;;;;;;;;;;;
2952;07/06/2023;16:57:58;;Missing data;;;;;;;;;;;;;;;;;
2953;07/06/2023;16:58:13;;Missing data;;;;;;;;;;;;;;;;;
2954;07/06/2023;16:58:28;;Missing data;;;;;;;;;;;;;;;;;
2955;07/06/2023;16:58:42;;Missing data;;;;;;;;;;;;;;;;;
2956;07/06/2023;16:58:57;;Missing data;;;;;;;;;;;;;;;;;
2957;07/06/2023;16:59:12;;Missing data;;;;;;;;;;;;;;;;;
2958;07/06/2023;16:59:27;;Missing data;;;;;;;;;;;;;;;;;
2959;07/06/2023;16:59:42;;Missing data;;;;;;;;;;;;;;;;;
2960;07/06/2023;16:59:57;37.17;;;;;;;;;;;;;;;;;;
2961;07/06/2023;17:00:12;;Missing data;;;;;;;;;;;;;;;;;
2962;07/06/2023;17:00:27;;Missing data;;;;;;;;;;;;;;;;;
2963;07/06/2023;17:00:42;;Missing data;;;;;;;;;;;;;;;;;
2964;07/06/2023;17:00:57;;Missing data;;;;;;;;;;;;;;;;;
2965;07/06/2023;17:01:12;37.16;;;;;;;;;;;;;;;;;;
2966;07/06/2023;17:01:27;;Missing data;;;;;;;;;;;;;;;;;
2967;07/06/2023;17:01:42;37.18;;;;;;;;;;;;;;;;;;
2968;07/06/2023;17:01:57;;Missing data;;;;;;;;;;;;;;;;;
2969;07/06/2023;17:02:12;37.16;;;;;;;;;;;;;;;;;;
2970;07/06/2023;17:02:27;37.16;;;;;;;;;;;;;;;;;;
2971;07/06/2023;17:02:42;37.16;;;;;;;;;;;;;;;;;;
2972;07/06/2023;17:02:57;;Missing data;;;;;;;;;;;;;;;;;
2973;07/06/2023;17:03:12;37.15;;;;;;;;;;;;;;;;;;
2974;07/06/2023;17:03:27;37.16;;;;;;;;;;;;;;;;;;
2975;07/06/2023;17:03:42;37.16;;;;;;;;;;;;;;;;;;
2976;07/06/2023;17:03:57;37.15;;;;;;;;;;;;;;;;;;
2977;07/06/2023;17:04:12;37.15;;;;;;;;;;;;;;;;;;
2978;07/06/2023;17:04:27;;Missing data;;;;;;;;;;;;;;;;;
2979;07/06/2023;17:04:42;37.15;;;;;;;;;;;;;;;;;;
2980;07/06/2023;17:04:57;37.17;;;;;;;;;;;;;;;;;;
2981;07/06/2023;17:05:12;;Missing data;;;;;;;;;;;;;;;;;
2982;07/06/2023;17:05:27;;Missing data;;;;;;;;;;;;;;;;;
2983;07/06/2023;17:05:42;;Missing data;;;;;;;;;;;;;;;;;
2984;07/06/2023;17:05:57;;Missing data;;;;;;;;;;;;;;;;;
2985;07/06/2023;17:06:12;;Missing data;;;;;;;;;;;;;;;;;
2986;07/06/2023;17:06:27;;Missing data;;;;;;;;;;;;;;;;;
2987;07/06/2023;17:06:42;37.19;;;;;;;;;;;;;;;;;;
2988;07/06/2023;17:06:57;37.18;;;;;;;;;;;;;;;;;;
2989;07/06/2023;17:07:12;;Missing data;;;;;;;;;;;;;;;;;
2990;07/06/2023;17:07:27;;Missing data;;;;;;;;;;;;;;;;;
2991;07/06/2023;17:07:42;;Missing data;;;;;;;;;;;;;;;;;
2992;07/06/2023;17:07:57;;Missing data;;;;;;;;;;;;;;;;;
2993;07/06/2023;17:08:12;;Missing data;;;;;;;;;;;;;;;;;
2994;07/06/2023;17:08:27;;Missing data;;;;;;;;;;;;;;;;;
2995;07/06/2023;17:08:42;;Missing data;;;;;;;;;;;;;;;;;
2996;07/06/2023;17:08:57;;Missing data;;;;;;;;;;;;;;;;;
2997;07/06/2023;17:09:12;;Missing data;;;;;;;;;;;;;;;;;
2998;07/06/2023;17:09:27;;Missing data;;;;;;;;;;;;;;;;;
2999;07/06/2023;17:09:42;;Missing data;;;;;;;;;;;;;;;;;
3000;07/06/2023;17:09:57;;Missing data;;;;;;;;;;;;;;;;;
3001;07/06/2023;17:10:12;;Missing data;;;;;;;;;;;;;;;;;
3002;07/06/2023;17:10:27;;Missing data;;;;;;;;;;;;;;;;;
3003;07/06/2023;17:10:42;;Missing data;;;;;;;;;;;;;;;;;
3004;07/06/2023;17:10:57;37.18;;;;;;;;;;;;;;;;;;
3005;07/06/2023;17:11:12;37.18;;;;;;;;;;;;;;;;;;
3006;07/06/2023;17:11:27;;Missing data;;;;;;;;;;;;;;;;;
3007;07/06/2023;17:11:42;;Missing data;;;;;;;;;;;;;;;;;
3008;07/06/2023;17:11:57;37.18;;;;;;;;;;;;;;;;;;
;
;
07/06/2023;08:25:54;SAMPLING PERIOD CHANGED (15s);