SenseLab_M01;
Time Zone;UTC+2:00;
Monitor;80.80.12.F1;
;
Pill n°1;24.00.1D.E3;;;;;;Pill n°2;24.00.1C.00;;;;;;Pill n°3;24.00.1A.0B;;;;;;
Sample number;Date (dd/mm/yyyy);Hour;Temperature (°C);Status;;;Sample number;Date (dd/mm/yyyy);Hour;Temperature (°C);Status;;;Sample number;Date (dd/mm/yyyy);Hour;Temperature (°C);Status;;;
1;05/06/2023;17:41:59;28.08;;;;1;05/06/2023;17:44:31;27.54;;;;1;05/06/2023;17:45:46;28.35;;;;
2;05/06/2023;17:42:59;28.37;;;;2;05/06/2023;17:45:38;27.85;;;;2;05/06/2023;17:46:46;28.47;;;;
3;05/06/2023;17:43:59;28.13;;;;3;05/06/2023;17:46:31;27.67;;;;3;05/06/2023;17:47:46;28.12;;;;
4;05/06/2023;17:44:59;27.93;;;;4;05/06/2023;17:47:30;27.51;;;;4;05/06/2023;17:48:46;27.84;;;;
5;05/06/2023;17:45:59;27.73;;;;5;05/06/2023;17:48:30;27.41;;;;5;05/06/2023;17:49:46;27.62;;;;
6;05/06/2023;17:46:59;27.56;;;;6;05/06/2023;17:49:30;27.29;;;;6;05/06/2023;17:50:46;27.45;;;;
7;05/06/2023;17:47:59;27.43;;;;7;05/06/2023;17:50:30;27.21;;;;7;05/06/2023;17:51:46;27.33;;;;
8;05/06/2023;17:48:59;27.3;;;;8;05/06/2023;17:51:30;27.15;;;;8;05/06/2023;17:52:46;27.24;;;;
9;05/06/2023;17:49:58;27.24;;;;9;05/06/2023;17:52:30;27.1;;;;9;05/06/2023;17:53:47;27.15;;;;
10;05/06/2023;17:50:58;27.19;;;;10;05/06/2023;17:53:29;27.05;;;;10;05/06/2023;17:54:47;27.13;;;;
11;05/06/2023;17:51:58;27.13;;;;11;05/06/2023;17:54:29;27.03;;;;11;05/06/2023;17:55:47;27.1;;;;
12;05/06/2023;17:52:58;27.09;;;;12;05/06/2023;17:55:29;26.98;;;;12;05/06/2023;17:56:47;27.09;;;;
13;05/06/2023;17:53:58;27.05;;;;13;05/06/2023;17:56:29;26.92;;;;13;05/06/2023;17:57:47;27.03;;;;
14;05/06/2023;17:54:58;27.05;;;;14;05/06/2023;17:57:28;26.89;;;;14;05/06/2023;17:58:47;27.02;;;;
15;05/06/2023;17:55:58;27.02;;;;15;05/06/2023;17:58:28;26.86;;;;15;05/06/2023;17:59:47;26.98;;;;
16;05/06/2023;17:56:57;26.99;;;;16;05/06/2023;17:59:28;26.8;;;;16;05/06/2023;18:00:47;26.95;;;;
17;05/06/2023;17:57:57;26.96;;;;17;05/06/2023;18:00:28;26.77;;;;17;05/06/2023;18:01:47;26.95;;;;
18;05/06/2023;17:58:57;26.92;;;;18;05/06/2023;18:01:28;26.75;;;;18;05/06/2023;18:02:47;26.94;;;;
19;05/06/2023;17:59:57;26.89;;;;19;05/06/2023;18:02:27;26.73;;;;19;05/06/2023;18:03:47;26.98;;;;
20;05/06/2023;18:00:57;26.84;;;;20;05/06/2023;18:03:27;26.7;;;;20;05/06/2023;18:04:47;26.87;;;;
21;05/06/2023;18:01:57;26.81;;;;21;05/06/2023;18:04:27;26.7;;;;21;05/06/2023;18:05:47;26.7;;;;
22;05/06/2023;18:02:57;26.8;;;;22;05/06/2023;18:05:27;26.45;;;;22;05/06/2023;18:06:47;26.45;;;;
23;05/06/2023;18:03:57;26.84;;;;23;05/06/2023;18:06:27;26.21;;;;23;05/06/2023;18:07:47;26.23;;;;
24;05/06/2023;18:04:56;26.63;;;;24;05/06/2023;18:07:26;26.04;;;;24;05/06/2023;18:08:47;26.04;;;;
25;05/06/2023;18:05:56;26.4;;;;25;05/06/2023;18:08:26;25.91;;;;25;05/06/2023;18:09:47;25.86;;;;
26;05/06/2023;18:06:56;26.22;;;;26;05/06/2023;18:09:26;25.77;;;;26;05/06/2023;18:10:47;25.73;;;;
27;05/06/2023;18:07:56;26.07;;;;27;05/06/2023;18:10:26;25.66;;;;27;05/06/2023;18:11:47;25.64;;;;
28;05/06/2023;18:08:56;25.93;;;;28;05/06/2023;18:11:26;25.58;;;;28;05/06/2023;18:12:47;25.53;;;;
29;05/06/2023;18:09:56;25.83;;;;29;05/06/2023;18:12:26;25.5;;;;29;05/06/2023;18:13:47;25.46;;;;
30;05/06/2023;18:10:56;25.73;Synchronized;;;30;05/06/2023;18:13:25;25.47;;;;30;05/06/2023;18:14:47;25.42;;;;
31;05/06/2023;18:11:56;25.64;;;;31;05/06/2023;18:14:25;25.42;;;;31;05/06/2023;18:15:47;25.37;;;;
32;05/06/2023;18:12:56;25.6;;;;32;05/06/2023;18:15:25;25.39;;;;32;05/06/2023;18:16:47;25.4;;;;
33;05/06/2023;18:13:56;25.57;;;;33;05/06/2023;18:16:25;25.54;;;;33;05/06/2023;18:17:47;25.41;;;;
34;05/06/2023;18:14:56;25.52;;;;34;05/06/2023;18:17:25;25.59;;;;34;05/06/2023;18:18:47;25.39;;;;
35;05/06/2023;18:15:56;25.48;;;;35;05/06/2023;18:18:25;25.55;;;;35;05/06/2023;18:19:47;25.36;;;;
36;05/06/2023;18:16:56;25.51;;;;36;05/06/2023;18:19:25;25.52;;;;36;05/06/2023;18:20:47;25.32;;;;
37;05/06/2023;18:17:55;25.48;;;;37;05/06/2023;18:20:24;25.5;;;;37;05/06/2023;18:21:47;25.29;;;;
38;05/06/2023;18:18:55;25.45;;;;38;05/06/2023;18:21:24;25.46;;;;38;05/06/2023;18:22:47;25.26;;;;
39;05/06/2023;18:19:55;25.46;;;;39;05/06/2023;18:22:24;25.44;;;;39;05/06/2023;18:23:47;25.23;;;;
40;05/06/2023;18:20:55;25.4;;;;40;05/06/2023;18:23:24;25.41;Synchronized;;;40;05/06/2023;18:24:47;25.22;;;;
41;05/06/2023;18:21:55;25.38;;;;41;05/06/2023;18:24:24;25.4;;;;41;05/06/2023;18:25:47;25.22;;;;
42;05/06/2023;18:22:55;25.38;;;;42;05/06/2023;18:25:24;25.37;;;;42;05/06/2023;18:26:47;25.2;;;;
43;05/06/2023;18:23:55;25.34;;;;43;05/06/2023;18:26:24;25.34;;;;43;05/06/2023;18:27:47;25.23;;;;
44;05/06/2023;18:24:55;25.36;;;;44;05/06/2023;18:27:23;25.36;;;;44;05/06/2023;18:28:47;25.22;;;;
45;05/06/2023;18:25:55;25.34;;;;45;05/06/2023;18:28:23;25.37;;;;45;05/06/2023;18:29:47;25.27;;;;
46;05/06/2023;18:26:55;25.31;;;;46;05/06/2023;18:29:23;25.37;;;;46;05/06/2023;18:30:47;25.23;;;;
47;05/06/2023;18:27:55;25.32;;;;47;05/06/2023;18:30:23;25.34;;;;47;05/06/2023;18:31:47;25.23;;;;
48;05/06/2023;18:28:55;25.36;;;;48;05/06/2023;18:31:23;25.36;;;;48;05/06/2023;18:32:47;25.23;;;;
49;05/06/2023;18:29:55;25.37;;;;49;05/06/2023;18:32:23;25.33;;;;49;05/06/2023;18:33:47;25.23;;;;
50;05/06/2023;18:30:55;25.38;;;;50;05/06/2023;18:33:23;25.34;;;;50;05/06/2023;18:34:47;25.27;;;;
51;05/06/2023;18:31:54;25.37;;;;51;05/06/2023;18:34:22;25.34;;;;51;05/06/2023;18:35:47;25.26;;;;
52;05/06/2023;18:32:54;25.34;;;;52;05/06/2023;18:35:22;25.37;;;;52;05/06/2023;18:36:47;25.27;;;;
53;05/06/2023;18:33:54;25.36;;;;53;05/06/2023;18:36:22;25.38;;;;53;05/06/2023;18:37:47;25.27;;;;
54;05/06/2023;18:34:54;25.39;;;;54;05/06/2023;18:37:22;25.37;;;;54;05/06/2023;18:38:47;25.25;;;;
55;05/06/2023;18:35:54;25.38;;;;55;05/06/2023;18:38:22;25.38;;;;55;05/06/2023;18:39:47;25.27;;;;
56;05/06/2023;18:36:54;25.39;;;;56;05/06/2023;18:39:22;25.36;;;;56;05/06/2023;18:40:47;25.25;;;;
57;05/06/2023;18:37:54;25.38;;;;57;05/06/2023;18:40:21;25.38;;;;57;05/06/2023;18:41:47;25.25;;;;
58;05/06/2023;18:38:54;25.39;;;;58;05/06/2023;18:41:21;25.39;Synchronized;;;58;05/06/2023;18:42:47;25.29;;;;
59;05/06/2023;18:39:54;25.38;;;;59;05/06/2023;18:42:21;25.36;;;;59;05/06/2023;18:43:47;25.3;;;;
60;05/06/2023;18:40:54;25.39;;;;60;05/06/2023;18:43:21;25.38;;;;60;05/06/2023;18:44:47;25.52;;;;
61;05/06/2023;18:41:54;25.38;;;;61;05/06/2023;18:44:21;25.41;;;;61;05/06/2023;18:45:47;25.59;;;;
62;05/06/2023;18:42:53;25.41;;;;62;05/06/2023;18:45:21;25.45;;;;62;05/06/2023;18:46:47;25.56;;;;
63;05/06/2023;18:43:53;25.44;;;;63;05/06/2023;18:46:20;25.46;;;;63;05/06/2023;18:47:47;25.53;;;;
64;05/06/2023;18:44:53;25.46;;;;64;05/06/2023;18:47:20;25.47;;;;64;05/06/2023;18:48:47;25.5;;;;
65;05/06/2023;18:45:53;25.5;;;;65;05/06/2023;18:48:20;25.48;;;;65;05/06/2023;18:49:47;25.49;;;;
66;05/06/2023;18:46:53;25.54;;;;66;05/06/2023;18:49:20;25.47;;;;66;05/06/2023;18:50:47;25.49;;;;
67;05/06/2023;18:47:53;25.51;;;;67;05/06/2023;18:50:20;25.5;;;;67;05/06/2023;18:51:47;25.47;;;;
68;05/06/2023;18:48:53;25.54;;;;68;05/06/2023;18:51:20;25.49;;;;68;05/06/2023;18:52:47;25.45;;;;
69;05/06/2023;18:49:53;25.55;;;;69;05/06/2023;18:52:20;25.5;;;;69;05/06/2023;18:53:47;25.44;;;;
70;05/06/2023;18:50:53;25.55;;;;70;05/06/2023;18:53:19;25.48;;;;70;05/06/2023;18:54:47;25.44;;;;
71;05/06/2023;18:51:53;25.57;;;;71;05/06/2023;18:54:19;25.48;;;;71;05/06/2023;18:55:47;25.49;;;;
72;05/06/2023;18:52:53;25.54;;;;72;05/06/2023;18:55:19;25.53;;;;72;05/06/2023;18:56:47;25.66;;;;
73;05/06/2023;18:53:53;25.55;;;;73;05/06/2023;18:56:19;25.53;;;;73;05/06/2023;18:57:47;25.7;;;;
74;05/06/2023;18:54:53;25.54;;;;74;05/06/2023;18:57:19;25.55;;;;74;05/06/2023;18:58:47;25.73;;;;
75;05/06/2023;18:55:52;25.55;;;;75;05/06/2023;18:58:19;25.57;;;;75;05/06/2023;18:59:47;25.73;;;;
76;05/06/2023;18:56:52;25.6;;;;76;05/06/2023;18:59:18;25.62;;;;76;05/06/2023;19:00:47;25.7;;;;
77;05/06/2023;18:57:52;25.63;;;;77;05/06/2023;19:00:18;25.62;;;;77;05/06/2023;19:01:47;25.69;;;;
78;05/06/2023;18:58:52;25.66;;;;78;05/06/2023;19:01:18;25.67;;;;78;05/06/2023;19:02:47;25.66;;;;
79;05/06/2023;18:59:52;25.67;;;;79;05/06/2023;19:02:18;25.7;;;;79;05/06/2023;19:03:47;25.64;;;;
80;05/06/2023;19:00:52;25.68;;;;80;05/06/2023;19:03:18;25.75;;;;80;05/06/2023;19:04:47;25.62;;;;
81;05/06/2023;19:01:52;25.7;;;;81;05/06/2023;19:04:18;25.77;;;;81;05/06/2023;19:05:47;25.65;;;;
82;05/06/2023;19:02:52;25.7;;;;82;05/06/2023;19:05:17;25.81;;;;82;05/06/2023;19:06:47;25.68;;;;
83;05/06/2023;19:03:52;25.75;;;;83;05/06/2023;19:06:17;25.83;;;;83;05/06/2023;19:07:47;25.71;;;;
84;05/06/2023;19:04:52;25.73;;;;84;05/06/2023;19:07:17;25.85;;;;84;05/06/2023;19:08:47;25.85;;;;
85;05/06/2023;19:05:52;25.76;;;;85;05/06/2023;19:08:17;25.87;;;;85;05/06/2023;19:09:47;25.88;;;;
86;05/06/2023;19:06:52;25.79;;;;86;05/06/2023;19:09:17;25.9;;;;86;05/06/2023;19:10:47;25.96;;;;
87;05/06/2023;19:07:51;25.82;;;;87;05/06/2023;19:10:17;25.9;;;;87;05/06/2023;19:11:47;26.03;;;;
88;05/06/2023;19:08:51;25.86;;;;88;05/06/2023;19:11:17;25.92;;;;88;05/06/2023;19:12:47;26.39;;;;
89;05/06/2023;19:09:51;25.84;;;;89;05/06/2023;19:12:16;25.95;;;;89;05/06/2023;19:13:47;26.35;;;;
90;05/06/2023;19:10:51;25.85;;;;90;05/06/2023;19:13:16;25.95;;;;90;05/06/2023;19:14:47;26.23;;;;
91;05/06/2023;19:11:51;25.87;;;;91;05/06/2023;19:14:16;25.95;;;;91;05/06/2023;19:15:47;26.13;;;;
92;05/06/2023;19:12:51;25.91;;;;92;05/06/2023;19:15:16;25.98;;;;92;05/06/2023;19:16:47;26.05;;;;
93;05/06/2023;19:13:51;25.91;;;;93;05/06/2023;19:16:16;26.03;;;;93;05/06/2023;19:17:47;25.99;;;;
94;05/06/2023;19:14:51;25.93;;;;94;05/06/2023;19:17:16;26.05;;;;94;05/06/2023;19:18:47;25.96;;;;
95;05/06/2023;19:15:51;25.95;;;;95;05/06/2023;19:18:16;26.05;;;;95;05/06/2023;19:19:47;25.95;;;;
96;05/06/2023;19:16:51;25.95;;;;96;05/06/2023;19:19:16;26.06;;;;96;05/06/2023;19:20:47;25.91;;;;
97;05/06/2023;19:17:51;25.95;;;;97;05/06/2023;19:20:15;26.07;;;;97;05/06/2023;19:21:47;25.87;;;;
98;05/06/2023;19:18:51;25.99;;;;98;05/06/2023;19:21:15;26.09;;;;98;05/06/2023;19:22:47;25.93;;;;
99;05/06/2023;19:19:51;25.98;;;;99;05/06/2023;19:22:15;26.11;;;;99;05/06/2023;19:23:47;26.01;;;;
100;05/06/2023;19:20:51;25.98;;;;100;05/06/2023;19:23:15;26.12;;;;100;05/06/2023;19:24:47;26.02;;;;
101;05/06/2023;19:21:51;26;;;;101;05/06/2023;19:24:15;26.13;;;;101;05/06/2023;19:25:47;26;;;;
102;05/06/2023;19:22:51;26.02;;;;102;05/06/2023;19:25:15;26.1;;;;102;05/06/2023;19:26:47;26.01;;;;
103;05/06/2023;19:23:50;26.08;;;;103;05/06/2023;19:26:15;26.07;;;;103;05/06/2023;19:27:47;25.98;;;;
104;05/06/2023;19:24:50;26.06;;;;104;05/06/2023;19:27:14;26.05;;;;104;05/06/2023;19:28:47;25.98;;;;
105;05/06/2023;19:25:50;26.05;;;;105;05/06/2023;19:28:14;26.03;;;;105;05/06/2023;19:29:47;26.02;;;;
106;05/06/2023;19:26:50;26.02;;;;106;05/06/2023;19:29:14;26.05;;;;106;05/06/2023;19:30:47;25.99;;;;
107;05/06/2023;19:27:50;25.98;;;;107;05/06/2023;19:30:14;26.02;;;;107;05/06/2023;19:31:47;26.02;;;;
108;05/06/2023;19:28:50;25.98;;;;108;05/06/2023;19:31:14;26.02;;;;108;05/06/2023;19:32:47;26.02;;;;
109;05/06/2023;19:29:50;25.95;;;;109;05/06/2023;19:32:14;26;;;;109;05/06/2023;19:33:47;26.01;;;;
110;05/06/2023;19:30:50;25.97;;;;110;05/06/2023;19:33:13;26;;;;110;05/06/2023;19:34:47;26;;;;
111;05/06/2023;19:31:50;25.95;;;;111;05/06/2023;19:34:13;26.02;;;;111;05/06/2023;19:35:47;26;;;;
112;05/06/2023;19:32:50;25.97;;;;112;05/06/2023;19:35:13;26.03;;;;112;05/06/2023;19:36:47;26.02;;;;
113;05/06/2023;19:33:50;25.95;;;;113;05/06/2023;19:36:13;26.01;;;;113;05/06/2023;19:37:47;26;;;;
114;05/06/2023;19:34:50;25.95;;;;114;05/06/2023;19:37:13;26.04;;;;114;05/06/2023;19:38:47;26;;;;
115;05/06/2023;19:35:50;25.95;;;;115;05/06/2023;19:38:13;26.02;;;;115;05/06/2023;19:39:47;26;;;;
116;05/06/2023;19:36:50;25.95;;;;116;05/06/2023;19:39:13;26.01;;;;116;05/06/2023;19:40:47;26.02;;;;
117;05/06/2023;19:37:50;25.95;;;;117;05/06/2023;19:40:12;26.02;;;;117;05/06/2023;19:41:47;26.05;;;;
118;05/06/2023;19:38:50;25.94;;;;118;05/06/2023;19:41:12;26.05;;;;118;05/06/2023;19:42:47;26.05;;;;
119;05/06/2023;19:39:50;25.94;;;;119;05/06/2023;19:42:12;26.07;;;;119;05/06/2023;19:43:47;26.08;;;;
120;05/06/2023;19:40:50;25.95;;;;120;05/06/2023;19:43:12;26.07;;;;120;05/06/2023;19:44:47;26.04;;;;
121;05/06/2023;19:41:49;25.95;;;;121;05/06/2023;19:44:12;26.13;;;;121;05/06/2023;19:45:47;26.02;;;;
122;05/06/2023;19:42:49;25.95;;;;122;05/06/2023;19:45:12;26.11;;;;122;05/06/2023;19:46:47;25.99;;;;
123;05/06/2023;19:43:49;25.95;;;;123;05/06/2023;19:46:12;26.11;;;;123;05/06/2023;19:47:47;25.96;;;;
124;05/06/2023;19:44:49;25.95;;;;124;05/06/2023;19:47:11;26.1;;;;124;05/06/2023;19:48:47;25.95;Synchronized;;;
125;05/06/2023;19:45:49;25.95;;;;125;05/06/2023;19:48:11;26.11;;;;125;05/06/2023;19:49:47;25.93;;;;
126;05/06/2023;19:46:49;25.94;Synchronized;;;126;05/06/2023;19:49:11;26.12;;;;126;05/06/2023;19:50:47;25.92;;;;
127;05/06/2023;19:47:49;25.93;;;;127;05/06/2023;19:50:11;26.13;;;;127;05/06/2023;19:51:47;25.88;;;;
128;05/06/2023;19:48:49;25.92;;;;128;05/06/2023;19:51:11;26.09;Synchronized;;;128;05/06/2023;19:52:47;25.87;;;;
129;05/06/2023;19:49:49;25.91;;;;129;05/06/2023;19:52:11;26.11;;;;129;05/06/2023;19:53:47;25.84;;;;
130;05/06/2023;19:50:49;25.92;Synchronized;;;130;05/06/2023;19:53:11;26.09;;;;130;05/06/2023;19:54:47;25.81;;;;
131;05/06/2023;19:51:49;25.88;;;;131;05/06/2023;19:54:10;26.08;;;;131;05/06/2023;19:55:47;25.8;;;;
132;05/06/2023;19:52:49;25.87;;;;132;05/06/2023;19:55:10;26.06;;;;132;05/06/2023;19:56:47;25.78;;;;
133;05/06/2023;19:53:49;25.87;;;;133;05/06/2023;19:56:10;26.05;;;;133;05/06/2023;19:57:47;25.75;;;;
134;05/06/2023;19:54:49;25.87;;;;134;05/06/2023;19:57:10;26.05;;;;134;05/06/2023;19:58:47;25.73;;;;
135;05/06/2023;19:55:49;25.85;;;;135;05/06/2023;19:58:10;26.02;;;;135;05/06/2023;19:59:47;25.73;;;;
136;05/06/2023;19:56:49;25.85;;;;136;05/06/2023;19:59:10;26.03;;;;136;05/06/2023;20:00:47;25.7;;;;
137;05/06/2023;19:57:49;25.8;;;;137;05/06/2023;20:00:10;26.04;;;;137;05/06/2023;20:01:47;25.67;;;;
138;05/06/2023;19:58:49;25.82;;;;138;05/06/2023;20:01:09;26.02;;;;138;05/06/2023;20:02:47;25.67;;;;
139;05/06/2023;19:59:49;25.8;;;;139;05/06/2023;20:02:09;26.01;;;;139;05/06/2023;20:03:47;25.63;;;;
140;05/06/2023;20:00:49;25.79;;;;140;05/06/2023;20:03:09;26.02;;;;140;05/06/2023;20:04:47;25.61;;;;
141;05/06/2023;20:01:49;25.77;;;;141;05/06/2023;20:04:09;25.98;;;;141;05/06/2023;20:05:47;25.6;Synchronized;;;
142;05/06/2023;20:02:49;25.76;;;;142;05/06/2023;20:05:09;25.99;;;;142;05/06/2023;20:06:47;25.58;;;;
143;05/06/2023;20:03:49;25.79;;;;143;05/06/2023;20:06:09;25.98;;;;143;05/06/2023;20:07:48;25.58;;;;
144;05/06/2023;20:04:48;25.75;;;;144;05/06/2023;20:07:09;25.98;;;;144;05/06/2023;20:08:48;25.55;;;;
145;05/06/2023;20:05:48;25.73;;;;145;05/06/2023;20:08:08;25.96;;;;145;05/06/2023;20:09:48;25.52;;;;
146;05/06/2023;20:06:48;25.73;;;;146;05/06/2023;20:09:08;25.98;;;;146;05/06/2023;20:10:48;25.51;;;;
147;05/06/2023;20:07:48;25.73;;;;147;05/06/2023;20:10:08;25.95;;;;147;05/06/2023;20:11:48;25.52;;;;
148;05/06/2023;20:08:48;25.71;;;;148;05/06/2023;20:11:08;25.94;;;;148;05/06/2023;20:12:48;25.48;;;;
149;05/06/2023;20:09:48;25.7;;;;149;05/06/2023;20:12:08;25.95;;;;149;05/06/2023;20:13:48;25.47;;;;
150;05/06/2023;20:10:48;25.7;;;;150;05/06/2023;20:13:08;25.93;;;;150;05/06/2023;20:14:48;25.48;;;;
151;05/06/2023;20:11:48;25.7;;;;151;05/06/2023;20:14:08;25.93;;;;151;05/06/2023;20:15:48;25.46;;;;
152;05/06/2023;20:12:48;25.67;;;;152;05/06/2023;20:15:07;25.92;;;;152;05/06/2023;20:16:48;25.44;;;;
153;05/06/2023;20:13:48;25.69;;;;153;05/06/2023;20:16:07;25.92;;;;153;05/06/2023;20:17:48;25.41;;;;
154;05/06/2023;20:14:48;25.66;;;;154;05/06/2023;20:17:07;25.91;;;;154;05/06/2023;20:18:48;25.42;;;;
155;05/06/2023;20:15:48;25.66;;;;155;05/06/2023;20:18:07;25.91;;;;155;05/06/2023;20:19:48;25.41;;;;
156;05/06/2023;20:16:48;25.68;;;;156;05/06/2023;20:19:07;25.89;;;;156;05/06/2023;20:20:48;25.4;;;;
157;05/06/2023;20:17:48;25.67;;;;157;05/06/2023;20:20:07;25.88;;;;157;05/06/2023;20:21:48;25.4;;;;
158;05/06/2023;20:18:48;25.66;;;;158;05/06/2023;20:21:07;25.88;;;;158;05/06/2023;20:22:48;25.37;;;;
159;05/06/2023;20:19:48;25.64;;;;159;05/06/2023;20:22:06;25.87;;;;159;05/06/2023;20:23:47;25.35;;;;
160;05/06/2023;20:20:48;25.66;;;;160;05/06/2023;20:23:06;25.88;;;;160;05/06/2023;20:24:48;25.36;;;;
161;05/06/2023;20:21:48;25.63;;;;161;05/06/2023;20:24:06;25.85;;;;161;05/06/2023;20:25:48;25.35;;;;
162;05/06/2023;20:22:47;25.66;;;;162;05/06/2023;20:25:06;25.87;;;;162;05/06/2023;20:26:48;25.35;;;;
163;05/06/2023;20:23:47;25.61;;;;163;05/06/2023;20:26:06;25.85;;;;163;05/06/2023;20:27:48;25.31;;;;
164;05/06/2023;20:24:47;25.6;;;;164;05/06/2023;20:27:06;25.86;;;;164;05/06/2023;20:28:48;25.3;;;;
165;05/06/2023;20:25:47;25.62;;;;165;05/06/2023;20:28:06;25.84;;;;165;05/06/2023;20:29:48;25.3;;;;
166;05/06/2023;20:26:47;25.6;;;;166;05/06/2023;20:29:05;25.82;;;;166;05/06/2023;20:30:48;25.3;;;;
167;05/06/2023;20:27:47;25.59;;;;167;05/06/2023;20:30:05;25.84;;;;167;05/06/2023;20:31:47;25.29;;;;
168;05/06/2023;20:28:47;25.6;;;;168;05/06/2023;20:31:05;25.84;;;;168;05/06/2023;20:32:47;25.28;;;;
169;05/06/2023;20:29:47;25.59;;;;169;05/06/2023;20:32:05;25.8;;;;169;05/06/2023;20:33:47;25.27;;;;
170;05/06/2023;20:30:47;25.58;;;;170;05/06/2023;20:33:05;25.81;;;;170;05/06/2023;20:34:47;25.25;;;;
171;05/06/2023;20:31:47;25.59;;;;171;05/06/2023;20:34:05;25.81;;;;171;05/06/2023;20:35:47;25.26;;;;
172;05/06/2023;20:32:47;25.57;;;;172;05/06/2023;20:35:05;25.8;;;;172;05/06/2023;20:36:47;25.25;;;;
173;05/06/2023;20:33:47;25.58;;;;173;05/06/2023;20:36:04;25.78;;;;173;05/06/2023;20:37:47;25.23;;;;
174;05/06/2023;20:34:47;25.56;;;;174;05/06/2023;20:37:04;25.77;;;;174;05/06/2023;20:38:47;25.23;;;;
175;05/06/2023;20:35:47;25.57;;;;175;05/06/2023;20:38:04;25.79;;;;175;05/06/2023;20:39:47;25.23;;;;
176;05/06/2023;20:36:46;25.55;;;;176;05/06/2023;20:39:04;25.79;;;;176;05/06/2023;20:40:47;25.2;;;;
177;05/06/2023;20:37:46;25.57;;;;177;05/06/2023;20:40:04;25.79;;;;177;05/06/2023;20:41:47;25.21;;;;
178;05/06/2023;20:38:46;25.54;;;;178;05/06/2023;20:41:04;25.75;;;;178;05/06/2023;20:42:47;25.18;;;;
179;05/06/2023;20:39:46;25.55;;;;179;05/06/2023;20:42:04;25.77;;;;179;05/06/2023;20:43:47;25.18;;;;
180;05/06/2023;20:40:46;25.54;;;;180;05/06/2023;20:43:03;25.73;;;;180;05/06/2023;20:44:47;25.18;;;;
181;05/06/2023;20:41:46;25.52;;;;181;05/06/2023;20:44:03;25.75;;;;181;05/06/2023;20:45:47;25.18;;;;
182;05/06/2023;20:42:46;25.52;;;;182;05/06/2023;20:45:03;25.74;;;;182;05/06/2023;20:46:47;25.16;;;;
183;05/06/2023;20:43:46;25.52;;;;183;05/06/2023;20:46:03;25.74;Synchronized;;;183;05/06/2023;20:47:47;25.16;;;;
184;05/06/2023;20:44:46;25.49;;;;184;05/06/2023;20:47:03;25.74;;;;184;05/06/2023;20:48:47;25.16;;;;
185;05/06/2023;20:45:46;25.52;;;;185;05/06/2023;20:48:03;25.72;;;;185;05/06/2023;20:49:47;25.15;;;;
186;05/06/2023;20:46:46;25.51;;;;186;05/06/2023;20:49:03;25.74;;;;186;05/06/2023;20:50:47;25.13;;;;
187;05/06/2023;20:47:46;25.5;;;;187;05/06/2023;20:50:02;25.73;;;;187;05/06/2023;20:51:47;25.13;;;;
188;05/06/2023;20:48:46;25.5;;;;188;05/06/2023;20:51:02;25.71;;;;188;05/06/2023;20:52:47;25.13;;;;
189;05/06/2023;20:49:46;25.5;;;;189;05/06/2023;20:52:02;25.72;;;;189;05/06/2023;20:53:48;25.13;;;;
190;05/06/2023;20:50:45;25.5;;;;190;05/06/2023;20:53:02;25.72;;;;190;05/06/2023;20:54:48;25.14;;;;
191;05/06/2023;20:51:45;25.5;;;;191;05/06/2023;20:54:02;25.7;;;;191;05/06/2023;20:55:48;25.12;;;;
192;05/06/2023;20:52:45;25.51;;;;192;05/06/2023;20:55:02;25.71;;;;192;05/06/2023;20:56:48;25.11;;;;
193;05/06/2023;20:53:45;25.5;;;;193;05/06/2023;20:56:02;25.7;;;;193;05/06/2023;20:57:48;25.11;;;;
194;05/06/2023;20:54:45;25.51;Synchronized;;;194;05/06/2023;20:57:01;25.67;;;;194;05/06/2023;20:58:48;25.09;;;;
195;05/06/2023;20:55:45;25.51;;;;195;05/06/2023;20:58:01;25.7;;;;195;05/06/2023;20:59:48;25.1;;;;
196;05/06/2023;20:56:45;25.51;;;;196;05/06/2023;20:59:01;25.7;;;;196;05/06/2023;21:00:48;25.1;;;;
197;05/06/2023;20:57:45;25.48;;;;197;05/06/2023;21:00:01;25.68;;;;197;05/06/2023;21:01:48;25.08;;;;
198;05/06/2023;20:58:45;25.48;;;;198;05/06/2023;21:01:01;25.7;;;;198;05/06/2023;21:02:48;25.08;;;;
199;05/06/2023;20:59:45;25.49;;;;199;05/06/2023;21:02:01;25.68;;;;199;05/06/2023;21:03:48;25.07;;;;
200;05/06/2023;21:00:45;25.48;;;;200;05/06/2023;21:03:00;25.66;;;;200;05/06/2023;21:04:48;25.09;;;;
201;05/06/2023;21:01:45;25.48;;;;201;05/06/2023;21:04:00;25.68;;;;201;05/06/2023;21:05:48;25.07;;;;
202;05/06/2023;21:02:44;25.46;;;;202;05/06/2023;21:05:00;25.68;;;;202;05/06/2023;21:06:48;25.06;;;;
203;05/06/2023;21:03:44;25.47;;;;203;05/06/2023;21:06:00;25.66;;;;203;05/06/2023;21:07:48;25.03;;;;
204;05/06/2023;21:04:44;25.47;;;;204;05/06/2023;21:07:00;25.66;;;;204;05/06/2023;21:08:48;25.06;;;;
205;05/06/2023;21:05:44;25.45;;;;205;05/06/2023;21:08:00;25.66;;;;205;05/06/2023;21:09:48;25.04;;;;
206;05/06/2023;21:06:44;25.47;;;;206;05/06/2023;21:09:00;25.67;;;;206;05/06/2023;21:10:48;25.02;;;;
207;05/06/2023;21:07:44;25.45;;;;207;05/06/2023;21:09:59;25.64;;;;207;05/06/2023;21:11:48;25.02;;;;
208;05/06/2023;21:08:44;25.47;;;;208;05/06/2023;21:10:59;25.65;;;;208;05/06/2023;21:12:48;25.04;;;;
209;05/06/2023;21:09:44;25.46;;;;209;05/06/2023;21:11:59;25.65;;;;209;05/06/2023;21:13:48;25.04;;;;
210;05/06/2023;21:10:44;25.45;;;;210;05/06/2023;21:12:59;25.66;;;;210;05/06/2023;21:14:48;25.04;;;;
211;05/06/2023;21:11:44;25.44;;;;211;05/06/2023;21:13:59;25.64;;;;211;05/06/2023;21:15:48;25.05;;;;
212;05/06/2023;21:12:44;25.43;;;;212;05/06/2023;21:14:59;25.64;;;;212;05/06/2023;21:16:48;25.02;;;;
213;05/06/2023;21:13:44;25.45;;;;213;05/06/2023;21:15:59;25.63;;;;213;05/06/2023;21:17:48;25.02;;;;
214;05/06/2023;21:14:44;25.45;;;;214;05/06/2023;21:16:59;25.63;;;;214;05/06/2023;21:18:48;25.02;;;;
215;05/06/2023;21:15:44;25.42;;;;215;05/06/2023;21:17:58;25.63;;;;215;05/06/2023;21:19:48;25.02;;;;
216;05/06/2023;21:16:44;25.44;;;;216;05/06/2023;21:18:58;25.63;;;;216;05/06/2023;21:20:48;25.01;;;;
217;05/06/2023;21:17:43;25.43;;;;217;05/06/2023;21:19:58;25.63;;;;217;05/06/2023;21:21:48;25;;;;
218;05/06/2023;21:18:43;25.42;;;;218;05/06/2023;21:20:58;25.63;;;;218;05/06/2023;21:22:48;25;;;;
219;05/06/2023;21:19:43;25.43;;;;219;05/06/2023;21:21:58;25.59;;;;219;05/06/2023;21:23:48;24.99;;;;
220;05/06/2023;21:20:43;25.43;;;;220;05/06/2023;21:22:58;25.62;;;;220;05/06/2023;21:24:48;24.98;;;;
221;05/06/2023;21:21:43;25.44;;;;221;05/06/2023;21:23:58;25.61;;;;221;05/06/2023;21:25:48;25;;;;
222;05/06/2023;21:22:43;25.4;;;;222;05/06/2023;21:24:57;25.59;;;;222;05/06/2023;21:26:48;24.98;;;;
223;05/06/2023;21:23:43;25.41;;;;223;05/06/2023;21:25:57;25.59;;;;223;05/06/2023;21:27:48;24.97;;;;
224;05/06/2023;21:24:43;25.43;;;;224;05/06/2023;21:26:57;25.59;;;;224;05/06/2023;21:28:48;24.95;;;;
225;05/06/2023;21:25:43;25.43;;;;225;05/06/2023;21:27:57;25.59;;;;225;05/06/2023;21:29:48;24.95;;;;
226;05/06/2023;21:26:43;25.42;;;;226;05/06/2023;21:28:57;25.61;;;;226;05/06/2023;21:30:48;24.98;;;;
227;05/06/2023;21:27:43;25.4;;;;227;05/06/2023;21:29:56;25.59;;;;227;05/06/2023;21:31:48;24.97;;;;
228;05/06/2023;21:28:43;25.43;;;;228;05/06/2023;21:30:56;25.59;;;;228;05/06/2023;21:32:48;24.97;;;;
229;05/06/2023;21:29:42;25.41;;;;229;05/06/2023;21:31:56;25.61;;;;229;05/06/2023;21:33:48;24.98;;;;
230;05/06/2023;21:30:42;25.43;;;;230;05/06/2023;21:32:56;25.58;;;;230;05/06/2023;21:34:48;24.97;;;;
231;05/06/2023;21:31:42;25.39;;;;231;05/06/2023;21:33:56;25.59;;;;231;05/06/2023;21:35:48;24.95;;;;
232;05/06/2023;21:32:42;25.38;;;;232;05/06/2023;21:34:56;25.56;;;;232;05/06/2023;21:36:48;24.95;;;;
233;05/06/2023;21:33:42;25.38;;;;233;05/06/2023;21:35:56;25.57;;;;233;05/06/2023;21:37:48;24.95;;;;
234;05/06/2023;21:34:42;25.39;;;;234;05/06/2023;21:36:55;25.58;;;;234;05/06/2023;21:38:48;24.95;;;;
235;05/06/2023;21:35:42;25.39;;;;235;05/06/2023;21:37:55;25.59;;;;235;05/06/2023;21:39:48;24.93;;;;
236;05/06/2023;21:36:42;25.4;;;;236;05/06/2023;21:38:55;25.57;;;;236;05/06/2023;21:40:49;24.93;;;;
237;05/06/2023;21:37:42;25.42;;;;237;05/06/2023;21:39:55;25.58;;;;237;05/06/2023;21:41:49;24.93;;;;
238;05/06/2023;21:38:42;25.4;;;;238;05/06/2023;21:40:55;25.57;;;;238;05/06/2023;21:42:49;24.91;;;;
239;05/06/2023;21:39:42;25.38;;;;239;05/06/2023;21:41:55;25.56;;;;239;05/06/2023;21:43:49;24.91;;;;
240;05/06/2023;21:40:42;25.39;;;;240;05/06/2023;21:42:54;25.55;;;;240;05/06/2023;21:44:49;24.93;;;;
241;05/06/2023;21:41:42;25.38;;;;241;05/06/2023;21:43:54;25.57;;;;241;05/06/2023;21:45:49;24.92;;;;
242;05/06/2023;21:42:41;25.38;;;;242;05/06/2023;21:44:54;25.55;;;;242;05/06/2023;21:46:49;24.91;;;;
243;05/06/2023;21:43:41;25.38;;;;243;05/06/2023;21:45:54;25.56;;;;243;05/06/2023;21:47:49;24.92;;;;
244;05/06/2023;21:44:41;25.38;;;;244;05/06/2023;21:46:54;25.55;;;;244;05/06/2023;21:48:49;24.89;;;;
245;05/06/2023;21:45:41;25.38;;;;245;05/06/2023;21:47:54;25.54;;;;245;05/06/2023;21:49:49;24.91;;;;
246;05/06/2023;21:46:41;25.38;;;;246;05/06/2023;21:48:54;25.53;;;;246;05/06/2023;21:50:49;24.91;;;;
247;05/06/2023;21:47:41;25.38;;;;247;05/06/2023;21:49:53;25.55;;;;247;05/06/2023;21:51:49;24.91;;;;
248;05/06/2023;21:48:41;25.37;;;;248;05/06/2023;21:50:53;25.55;;;;248;05/06/2023;21:52:49;24.9;;;;
249;05/06/2023;21:49:41;25.38;;;;249;05/06/2023;21:51:53;25.55;;;;249;05/06/2023;21:53:49;24.9;;;;
250;05/06/2023;21:50:41;25.38;;;;250;05/06/2023;21:52:53;25.54;;;;250;05/06/2023;21:54:49;24.9;;;;
251;05/06/2023;21:51:41;25.38;;;;251;05/06/2023;21:53:53;25.54;;;;251;05/06/2023;21:55:49;24.89;;;;
252;05/06/2023;21:52:41;25.37;;;;252;05/06/2023;21:54:53;25.54;;;;252;05/06/2023;21:56:49;24.91;;;;
253;05/06/2023;21:53:41;25.38;;;;253;05/06/2023;21:55:53;25.52;;;;253;05/06/2023;21:57:49;24.89;;;;
254;05/06/2023;21:54:41;25.37;;;;254;05/06/2023;21:56:52;25.53;;;;254;05/06/2023;21:58:49;24.88;;;;
255;05/06/2023;21:55:41;25.37;;;;255;05/06/2023;21:57:52;25.53;;;;255;05/06/2023;21:59:49;24.9;;;;
256;05/06/2023;21:56:40;25.38;;;;256;05/06/2023;21:58:52;25.55;;;;256;05/06/2023;22:00:49;24.88;;;;
257;05/06/2023;21:57:40;25.38;;;;257;05/06/2023;21:59:52;25.52;;;;257;05/06/2023;22:01:49;24.89;;;;
258;05/06/2023;21:58:40;25.37;;;;258;05/06/2023;22:00:52;25.52;;;;258;05/06/2023;22:02:49;24.87;;;;
259;05/06/2023;21:59:40;25.36;;;;259;05/06/2023;22:01:52;25.52;Synchronized;;;259;05/06/2023;22:03:49;24.88;;;;
260;05/06/2023;22:00:40;25.36;;;;260;05/06/2023;22:02:52;25.52;;;;260;05/06/2023;22:04:49;24.9;;;;
261;05/06/2023;22:01:40;25.35;;;;261;05/06/2023;22:03:51;25.51;;;;261;05/06/2023;22:05:49;24.88;;;;
262;05/06/2023;22:02:40;25.35;;;;262;05/06/2023;22:04:51;25.52;;;;262;05/06/2023;22:06:49;24.88;;;;
263;05/06/2023;22:03:40;25.36;;;;263;05/06/2023;22:05:51;25.51;;;;263;05/06/2023;22:07:49;24.87;;;;
264;05/06/2023;22:04:40;25.34;;;;264;05/06/2023;22:06:51;25.51;;;;264;05/06/2023;22:08:49;24.87;;;;
265;05/06/2023;22:05:40;25.34;;;;265;05/06/2023;22:07:51;25.5;;;;265;05/06/2023;22:09:50;24.87;;;;
266;05/06/2023;22:06:40;25.36;;;;266;05/06/2023;22:08:51;25.51;;;;266;05/06/2023;22:10:50;24.88;;;;
267;05/06/2023;22:07:40;25.35;;;;267;05/06/2023;22:09:50;25.49;;;;267;05/06/2023;22:11:50;24.87;;;;
268;05/06/2023;22:08:40;25.34;;;;268;05/06/2023;22:10:50;25.51;;;;268;05/06/2023;22:12:50;24.86;;;;
269;05/06/2023;22:09:39;25.33;;;;269;05/06/2023;22:11:50;25.5;;;;269;05/06/2023;22:13:50;24.85;;;;
270;05/06/2023;22:10:39;25.34;;;;270;05/06/2023;22:12:50;25.51;Synchronized;;;270;05/06/2023;22:14:50;24.87;;;;
271;05/06/2023;22:11:39;25.31;;;;271;05/06/2023;22:13:50;25.49;;;;271;05/06/2023;22:15:50;24.86;;;;
272;05/06/2023;22:12:39;25.34;;;;272;05/06/2023;22:14:50;25.5;;;;272;05/06/2023;22:16:50;24.85;;;;
273;05/06/2023;22:13:39;25.33;;;;273;05/06/2023;22:15:50;25.48;;;;273;05/06/2023;22:17:50;24.84;;;;
274;05/06/2023;22:14:39;25.34;;;;274;05/06/2023;22:16:49;25.52;;;;274;05/06/2023;22:18:50;24.84;;;;
275;05/06/2023;22:15:39;25.3;;;;275;05/06/2023;22:17:49;25.5;;;;275;05/06/2023;22:19:50;24.86;;;;
276;05/06/2023;22:16:39;25.34;;;;276;05/06/2023;22:18:49;25.49;;;;276;05/06/2023;22:20:50;24.83;;;;
277;05/06/2023;22:17:39;25.34;;;;277;05/06/2023;22:19:49;25.48;;;;277;05/06/2023;22:21:50;24.82;;;;
278;05/06/2023;22:18:39;25.32;;;;278;05/06/2023;22:20:49;25.48;;;;278;05/06/2023;22:22:50;24.84;;;;
279;05/06/2023;22:19:39;25.31;;;;279;05/06/2023;22:21:49;25.46;;;;279;05/06/2023;22:23:50;24.84;;;;
280;05/06/2023;22:20:39;25.34;;;;280;05/06/2023;22:22:48;25.47;;;;280;05/06/2023;22:24:50;24.84;;;;
281;05/06/2023;22:21:38;25.3;;;;281;05/06/2023;22:23:48;25.5;;;;281;05/06/2023;22:25:50;24.83;;;;
282;05/06/2023;22:22:38;25.33;;;;282;05/06/2023;22:24:48;25.49;;;;282;05/06/2023;22:26:50;24.84;;;;
283;05/06/2023;22:23:38;25.32;;;;283;05/06/2023;22:25:48;25.47;;;;283;05/06/2023;22:27:50;24.84;;;;
284;05/06/2023;22:24:38;25.32;;;;284;05/06/2023;22:26:48;25.47;;;;284;05/06/2023;22:28:50;24.83;;;;
285;05/06/2023;22:25:38;25.32;;;;285;05/06/2023;22:27:48;25.45;;;;285;05/06/2023;22:29:50;24.83;;;;
286;05/06/2023;22:26:38;25.3;;;;286;05/06/2023;22:28:48;25.46;;;;286;05/06/2023;22:30:50;24.82;;;;
287;05/06/2023;22:27:38;25.3;;;;287;05/06/2023;22:29:47;25.46;;;;287;05/06/2023;22:31:51;24.81;;;;
288;05/06/2023;22:28:38;25.31;;;;288;05/06/2023;22:30:47;25.45;;;;288;05/06/2023;22:32:51;24.84;;;;
289;05/06/2023;22:29:38;25.31;;;;289;05/06/2023;22:31:47;25.45;;;;289;05/06/2023;22:33:51;24.81;;;;
290;05/06/2023;22:30:38;25.3;Synchronized;;;290;05/06/2023;22:32:47;25.43;;;;290;05/06/2023;22:34:51;24.81;;;;
291;05/06/2023;22:31:38;25.3;;;;291;05/06/2023;22:33:47;25.46;;;;291;05/06/2023;22:35:51;24.82;;;;
292;05/06/2023;22:32:38;25.32;;;;292;05/06/2023;22:34:47;25.45;;;;292;05/06/2023;22:36:51;24.82;;;;
293;05/06/2023;22:33:37;25.3;;;;293;05/06/2023;22:35:46;25.46;;;;293;05/06/2023;22:37:51;24.81;;;;
294;05/06/2023;22:34:37;25.3;;;;294;05/06/2023;22:36:46;25.45;;;;294;05/06/2023;22:38:51;24.84;;;;
295;05/06/2023;22:35:37;25.32;;;;295;05/06/2023;22:37:46;25.45;;;;295;05/06/2023;22:39:51;24.8;;;;
296;05/06/2023;22:36:37;25.28;;;;296;05/06/2023;22:38:46;25.47;;;;296;05/06/2023;22:40:51;24.81;;;;
297;05/06/2023;22:37:37;25.3;;;;297;05/06/2023;22:39:46;25.44;;;;297;05/06/2023;22:41:51;24.8;;;;
298;05/06/2023;22:38:37;25.3;;;;298;05/06/2023;22:40:46;25.45;;;;298;05/06/2023;22:42:51;24.82;;;;
299;05/06/2023;22:39:37;25.3;;;;299;05/06/2023;22:41:46;25.44;;;;299;05/06/2023;22:43:51;24.8;;;;
300;05/06/2023;22:40:37;25.31;;;;300;05/06/2023;22:42:45;25.45;;;;300;05/06/2023;22:44:51;24.79;;;;
301;05/06/2023;22:41:37;25.27;;;;301;05/06/2023;22:43:45;25.45;;;;301;05/06/2023;22:45:51;24.81;;;;
302;05/06/2023;22:42:37;25.3;;;;302;05/06/2023;22:44:45;25.44;;;;302;05/06/2023;22:46:51;24.81;;;;
303;05/06/2023;22:43:37;25.3;;;;303;05/06/2023;22:45:45;25.45;;;;303;05/06/2023;22:47:51;24.79;;;;
304;05/06/2023;22:44:37;25.3;;;;304;05/06/2023;22:46:45;25.45;;;;304;05/06/2023;22:48:51;24.8;;;;
305;05/06/2023;22:45:37;25.3;;;;305;05/06/2023;22:47:45;25.43;;;;305;05/06/2023;22:49:51;24.8;;;;
306;05/06/2023;22:46:37;25.3;;;;306;05/06/2023;22:48:45;25.44;;;;306;05/06/2023;22:50:51;24.8;;;;
307;05/06/2023;22:47:37;25.27;;;;307;05/06/2023;22:49:44;25.42;;;;307;05/06/2023;22:51:51;24.8;;;;
308;05/06/2023;22:48:36;25.3;;;;308;05/06/2023;22:50:44;25.44;;;;308;05/06/2023;22:52:52;24.8;;;;
309;05/06/2023;22:49:36;25.27;;;;309;05/06/2023;22:51:44;25.44;;;;309;05/06/2023;22:53:52;24.8;;;;
310;05/06/2023;22:50:36;25.28;;;;310;05/06/2023;22:52:44;25.43;;;;310;05/06/2023;22:54:52;24.78;;;;
311;05/06/2023;22:51:36;25.27;;;;311;05/06/2023;22:53:44;25.43;;;;311;05/06/2023;22:55:52;24.79;;;;
312;05/06/2023;22:52:36;25.3;;;;312;05/06/2023;22:54:44;25.44;;;;312;05/06/2023;22:56:52;24.78;;;;
313;05/06/2023;22:53:36;25.28;;;;313;05/06/2023;22:55:43;25.42;;;;313;05/06/2023;22:57:52;24.78;;;;
314;05/06/2023;22:54:36;25.27;;;;314;05/06/2023;22:56:43;25.41;;;;314;05/06/2023;22:58:52;24.8;;;;
315;05/06/2023;22:55:36;25.27;;;;315;05/06/2023;22:57:43;25.43;;;;315;05/06/2023;22:59:52;24.78;;;;
316;05/06/2023;22:56:36;25.27;;;;316;05/06/2023;22:58:43;25.41;;;;316;05/06/2023;23:00:52;24.77;;;;
317;05/06/2023;22:57:36;25.27;;;;317;05/06/2023;22:59:43;25.42;;;;317;05/06/2023;23:01:52;24.79;;;;
318;05/06/2023;22:58:36;25.27;;;;318;05/06/2023;23:00:43;25.43;;;;318;05/06/2023;23:02:52;24.79;;;;
319;05/06/2023;22:59:36;25.26;;;;319;05/06/2023;23:01:43;25.41;;;;319;05/06/2023;23:03:52;24.78;;;;
320;05/06/2023;23:00:36;25.27;;;;320;05/06/2023;23:02:42;25.41;;;;320;05/06/2023;23:04:52;24.77;;;;
321;05/06/2023;23:01:35;25.27;;;;321;05/06/2023;23:03:42;25.41;;;;321;05/06/2023;23:05:52;24.77;;;;
322;05/06/2023;23:02:35;25.27;;;;322;05/06/2023;23:04:42;25.42;;;;322;05/06/2023;23:06:52;24.77;;;;
323;05/06/2023;23:03:35;25.27;;;;323;05/06/2023;23:05:42;25.43;;;;323;05/06/2023;23:07:52;24.77;;;;
324;05/06/2023;23:04:35;25.27;;;;324;05/06/2023;23:06:42;25.41;;;;324;05/06/2023;23:08:52;24.76;;;;
325;05/06/2023;23:05:35;25.25;;;;325;05/06/2023;23:07:42;25.43;;;;325;05/06/2023;23:09:52;24.77;;;;
326;05/06/2023;23:06:35;25.27;;;;326;05/06/2023;23:08:41;25.4;;;;326;05/06/2023;23:10:52;24.77;;;;
327;05/06/2023;23:07:35;25.27;;;;327;05/06/2023;23:09:41;25.4;;;;327;05/06/2023;23:11:52;24.76;;;;
328;05/06/2023;23:08:35;25.27;;;;328;05/06/2023;23:10:41;25.41;;;;328;05/06/2023;23:12:52;24.77;;;;
329;05/06/2023;23:09:35;25.27;;;;329;05/06/2023;23:11:41;25.4;;;;329;05/06/2023;23:13:53;24.78;;;;
330;05/06/2023;23:10:35;25.26;;;;330;05/06/2023;23:12:41;25.42;;;;330;05/06/2023;23:14:53;24.77;;;;
331;05/06/2023;23:11:35;25.25;;;;331;05/06/2023;23:13:41;25.41;;;;331;05/06/2023;23:15:53;24.75;;;;
332;05/06/2023;23:12:35;25.27;;;;332;05/06/2023;23:14:41;25.4;;;;332;05/06/2023;23:16:53;24.75;;;;
333;05/06/2023;23:13:34;25.26;;;;333;05/06/2023;23:15:41;25.41;;;;333;05/06/2023;23:17:53;24.75;;;;
334;05/06/2023;23:14:34;25.26;;;;334;05/06/2023;23:16:40;25.39;;;;334;05/06/2023;23:18:53;24.77;;;;
335;05/06/2023;23:15:34;25.27;;;;335;05/06/2023;23:17:40;25.41;;;;335;05/06/2023;23:19:53;24.75;;;;
336;05/06/2023;23:16:34;25.27;;;;336;05/06/2023;23:18:40;25.41;;;;336;05/06/2023;23:20:53;24.76;;;;
337;05/06/2023;23:17:34;25.27;;;;337;05/06/2023;23:19:40;25.44;;;;337;05/06/2023;23:21:53;24.76;;;;
338;05/06/2023;23:18:34;25.27;;;;338;05/06/2023;23:20:40;25.45;;;;338;05/06/2023;23:22:53;24.77;;;;
339;05/06/2023;23:19:34;25.32;;;;339;05/06/2023;23:21:40;25.47;;;;339;05/06/2023;23:23:53;24.77;;;;
340;05/06/2023;23:20:34;25.34;;;;340;05/06/2023;23:22:39;25.51;;;;340;05/06/2023;23:24:53;24.77;;;;
341;05/06/2023;23:21:34;25.34;;;;341;05/06/2023;23:23:39;25.49;;;;341;05/06/2023;23:25:53;24.76;;;;
342;05/06/2023;23:22:34;25.37;;;;342;05/06/2023;23:24:39;25.52;;;;342;05/06/2023;23:26:53;24.77;;;;
343;05/06/2023;23:23:34;25.36;;;;343;05/06/2023;23:25:39;25.52;;;;343;05/06/2023;23:27:53;24.75;;;;
344;05/06/2023;23:24:34;25.36;;;;344;05/06/2023;23:26:39;25.55;;;;344;05/06/2023;23:28:53;24.75;;;;
345;05/06/2023;23:25:33;25.39;;;;345;05/06/2023;23:27:39;25.59;;;;345;05/06/2023;23:29:53;24.76;;;;
346;05/06/2023;23:26:33;25.42;;;;346;05/06/2023;23:28:39;25.61;;;;346;05/06/2023;23:30:53;24.76;;;;
347;05/06/2023;23:27:33;25.41;;;;347;05/06/2023;23:29:38;25.62;;;;347;05/06/2023;23:31:53;24.75;;;;
348;05/06/2023;23:28:33;25.43;;;;348;05/06/2023;23:30:38;25.65;;;;348;05/06/2023;23:32:53;24.74;;;;
349;05/06/2023;23:29:33;25.46;;;;349;05/06/2023;23:31:38;25.66;;;;349;05/06/2023;23:33:53;24.73;;;;
350;05/06/2023;23:30:33;25.48;;;;350;05/06/2023;23:32:38;25.69;;;;350;05/06/2023;23:34:54;24.75;;;;
351;05/06/2023;23:31:33;25.48;;;;351;05/06/2023;23:33:38;25.69;;;;351;05/06/2023;23:35:54;24.76;;;;
352;05/06/2023;23:32:33;25.49;;;;352;05/06/2023;23:34:38;25.71;;;;352;05/06/2023;23:36:54;24.74;;;;
353;05/06/2023;23:33:33;25.52;;;;353;05/06/2023;23:35:38;25.74;;;;353;05/06/2023;23:37:54;24.75;;;;
354;05/06/2023;23:34:33;25.54;;;;354;05/06/2023;23:36:38;25.75;Synchronized;;;354;05/06/2023;23:38:54;24.75;;;;
355;05/06/2023;23:35:33;25.51;;;;355;05/06/2023;23:37:37;25.74;;;;355;05/06/2023;23:39:54;24.75;;;;
356;05/06/2023;23:36:33;25.55;;;;356;05/06/2023;23:38:37;25.77;;;;356;05/06/2023;23:40:54;24.76;;;;
357;05/06/2023;23:37:33;25.56;;;;357;05/06/2023;23:39:37;25.77;;;;357;05/06/2023;23:41:54;24.75;;;;
358;05/06/2023;23:38:33;25.56;;;;358;05/06/2023;23:40:37;25.77;;;;358;05/06/2023;23:42:54;24.73;;;;
359;05/06/2023;23:39:33;25.56;;;;359;05/06/2023;23:41:37;25.78;;;;359;05/06/2023;23:43:54;24.75;;;;
360;05/06/2023;23:40:32;25.57;;;;360;05/06/2023;23:42:37;25.8;;;;360;05/06/2023;23:44:54;24.76;;;;
361;05/06/2023;23:41:32;25.58;;;;361;05/06/2023;23:43:36;25.84;;;;361;05/06/2023;23:45:54;24.75;;;;
362;05/06/2023;23:42:32;25.59;;;;362;05/06/2023;23:44:36;25.81;;;;362;05/06/2023;23:46:54;24.76;;;;
363;05/06/2023;23:43:32;25.59;;;;363;05/06/2023;23:45:36;25.84;;;;363;05/06/2023;23:47:54;24.73;;;;
364;05/06/2023;23:44:32;25.6;;;;364;05/06/2023;23:46:36;25.84;;;;364;05/06/2023;23:48:54;24.73;;;;
365;05/06/2023;23:45:32;25.61;;;;365;05/06/2023;23:47:36;25.86;;;;365;05/06/2023;23:49:54;24.73;;;;
366;05/06/2023;23:46:32;25.59;;;;366;05/06/2023;23:48:36;25.88;;;;366;05/06/2023;23:50:54;24.73;;;;
367;05/06/2023;23:47:32;25.63;;;;367;05/06/2023;23:49:36;25.87;;;;367;05/06/2023;23:51:54;24.75;;;;
368;05/06/2023;23:48:32;25.62;;;;368;05/06/2023;23:50:36;25.89;;;;368;05/06/2023;23:52:54;24.73;;;;
369;05/06/2023;23:49:32;25.61;;;;369;05/06/2023;23:51:35;25.88;;;;369;05/06/2023;23:53:54;24.73;;;;
370;05/06/2023;23:50:32;25.6;;;;370;05/06/2023;23:52:35;25.88;;;;370;05/06/2023;23:54:54;24.73;;;;
371;05/06/2023;23:51:32;25.61;;;;371;05/06/2023;23:53:35;25.9;;;;371;05/06/2023;23:55:55;24.74;;;;
372;05/06/2023;23:52:32;25.61;;;;372;05/06/2023;23:54:35;25.9;;;;372;05/06/2023;23:56:55;24.73;;;;
373;05/06/2023;23:53:32;25.62;;;;373;05/06/2023;23:55:35;25.9;;;;373;05/06/2023;23:57:55;24.75;;;;
374;05/06/2023;23:54:31;25.6;;;;374;05/06/2023;23:56:35;25.9;;;;374;05/06/2023;23:58:55;24.71;;;;
375;05/06/2023;23:55:31;25.61;;;;375;05/06/2023;23:57:35;25.91;;;;375;05/06/2023;23:59:55;24.71;;;;
376;05/06/2023;23:56:31;25.62;;;;376;05/06/2023;23:58:34;25.91;;;;376;06/06/2023;00:00:55;24.71;;;;
377;05/06/2023;23:57:31;25.61;;;;377;05/06/2023;23:59:34;25.93;;;;377;06/06/2023;00:01:55;24.7;;;;
378;05/06/2023;23:58:31;25.62;;;;378;06/06/2023;00:00:34;25.92;;;;378;06/06/2023;00:02:55;24.73;;;;
379;05/06/2023;23:59:31;25.63;;;;379;06/06/2023;00:01:34;25.94;;;;379;06/06/2023;00:03:55;24.73;;;;
380;06/06/2023;00:00:31;25.62;;;;380;06/06/2023;00:02:34;25.95;;;;380;06/06/2023;00:04:55;24.73;;;;
381;06/06/2023;00:01:31;25.61;;;;381;06/06/2023;00:03:34;25.95;;;;381;06/06/2023;00:05:55;24.71;;;;
382;06/06/2023;00:02:31;25.63;;;;382;06/06/2023;00:04:34;25.95;;;;382;06/06/2023;00:06:55;24.71;;;;
383;06/06/2023;00:03:31;25.63;;;;383;06/06/2023;00:05:34;25.93;;;;383;06/06/2023;00:07:55;24.73;;;;
384;06/06/2023;00:04:31;25.62;;;;384;06/06/2023;00:06:33;25.95;;;;384;06/06/2023;00:08:55;24.7;;;;
385;06/06/2023;00:05:31;25.64;;;;385;06/06/2023;00:07:33;25.95;;;;385;06/06/2023;00:09:55;24.7;;;;
386;06/06/2023;00:06:31;25.61;;;;386;06/06/2023;00:08:33;25.95;;;;386;06/06/2023;00:10:55;24.7;;;;
387;06/06/2023;00:07:31;25.63;;;;387;06/06/2023;00:09:33;25.95;;;;387;06/06/2023;00:11:55;24.71;;;;
388;06/06/2023;00:08:31;25.61;;;;388;06/06/2023;00:10:33;25.96;;;;388;06/06/2023;00:12:55;24.7;;;;
389;06/06/2023;00:09:31;25.61;;;;389;06/06/2023;00:11:33;25.96;;;;389;06/06/2023;00:13:55;24.7;;;;
390;06/06/2023;00:10:31;25.62;;;;390;06/06/2023;00:12:33;25.96;;;;390;06/06/2023;00:14:55;24.71;;;;
391;06/06/2023;00:11:31;25.6;;;;391;06/06/2023;00:13:32;25.98;;;;391;06/06/2023;00:15:56;24.69;;;;
392;06/06/2023;00:12:30;25.62;;;;392;06/06/2023;00:14:32;25.96;;;;392;06/06/2023;00:16:56;24.69;;;;
393;06/06/2023;00:13:30;25.63;;;;393;06/06/2023;00:15:32;25.98;;;;393;06/06/2023;00:17:56;24.68;;;;
394;06/06/2023;00:14:30;25.62;;;;394;06/06/2023;00:16:32;25.98;;;;394;06/06/2023;00:18:56;24.7;;;;
395;06/06/2023;00:15:30;25.62;;;;395;06/06/2023;00:17:32;25.96;;;;395;06/06/2023;00:19:56;24.7;;;;
396;06/06/2023;00:16:30;25.61;;;;396;06/06/2023;00:18:32;25.98;;;;396;06/06/2023;00:20:56;24.7;;;;
397;06/06/2023;00:17:30;25.63;;;;397;06/06/2023;00:19:31;26;;;;397;06/06/2023;00:21:56;24.71;;;;
398;06/06/2023;00:18:30;25.63;;;;398;06/06/2023;00:20:31;25.99;;;;398;06/06/2023;00:22:56;24.7;;;;
399;06/06/2023;00:19:30;25.62;;;;399;06/06/2023;00:21:31;25.98;;;;399;06/06/2023;00:23:56;24.7;;;;
400;06/06/2023;00:20:30;25.63;;;;400;06/06/2023;00:22:31;25.99;;;;400;06/06/2023;00:24:56;24.71;;;;
401;06/06/2023;00:21:30;25.63;;;;401;06/06/2023;00:23:31;26.01;;;;401;06/06/2023;00:25:56;24.7;;;;
402;06/06/2023;00:22:30;25.61;;;;402;06/06/2023;00:24:31;25.98;;;;402;06/06/2023;00:26:56;24.7;;;;
403;06/06/2023;00:23:30;25.63;;;;403;06/06/2023;00:25:31;26;;;;403;06/06/2023;00:27:56;24.69;;;;
404;06/06/2023;00:24:30;25.63;;;;404;06/06/2023;00:26:30;26;;;;404;06/06/2023;00:28:56;24.7;;;;
405;06/06/2023;00:25:30;25.63;;;;405;06/06/2023;00:27:30;26.01;;;;405;06/06/2023;00:29:56;24.7;;;;
406;06/06/2023;00:26:30;25.62;;;;406;06/06/2023;00:28:30;26;;;;406;06/06/2023;00:30:56;24.68;;;;
407;06/06/2023;00:27:30;25.63;Synchronized;;;407;06/06/2023;00:29:30;25.99;;;;407;06/06/2023;00:31:56;24.7;;;;
408;06/06/2023;00:28:29;25.66;;;;408;06/06/2023;00:30:30;25.99;;;;408;06/06/2023;00:32:56;24.7;;;;
409;06/06/2023;00:29:29;25.66;;;;409;06/06/2023;00:31:30;25.99;;;;409;06/06/2023;00:33:56;24.7;;;;
410;06/06/2023;00:30:29;25.63;;;;410;06/06/2023;00:32:30;26;;;;410;06/06/2023;00:34:57;24.71;;;;
411;06/06/2023;00:31:29;25.66;;;;411;06/06/2023;00:33:29;26.01;;;;411;06/06/2023;00:35:57;24.71;;;;
412;06/06/2023;00:32:29;25.63;;;;412;06/06/2023;00:34:29;26.01;;;;412;06/06/2023;00:36:57;24.69;;;;
413;06/06/2023;00:33:29;25.63;;;;413;06/06/2023;00:35:29;26.01;;;;413;06/06/2023;00:37:57;24.7;;;;
414;06/06/2023;00:34:29;25.66;;;;414;06/06/2023;00:36:29;26.02;Synchronized;;;414;06/06/2023;00:38:57;24.7;;;;
415;06/06/2023;00:35:29;25.63;;;;415;06/06/2023;00:37:29;26.02;;;;415;06/06/2023;00:39:57;24.7;;;;
416;06/06/2023;00:36:29;25.63;;;;416;06/06/2023;00:38:29;26.03;;;;416;06/06/2023;00:40:57;24.7;;;;
417;06/06/2023;00:37:29;25.66;;;;417;06/06/2023;00:39:29;26.02;;;;417;06/06/2023;00:41:57;24.7;;;;
418;06/06/2023;00:38:29;25.63;;;;418;06/06/2023;00:40:28;26.02;;;;418;06/06/2023;00:42:57;24.69;;;;
419;06/06/2023;00:39:29;25.63;;;;419;06/06/2023;00:41:28;26.02;;;;419;06/06/2023;00:43:57;24.7;Synchronized;;;
420;06/06/2023;00:40:29;25.64;;;;420;06/06/2023;00:42:28;26.04;;;;420;06/06/2023;00:44:57;24.67;;;;
421;06/06/2023;00:41:29;25.64;;;;421;06/06/2023;00:43:28;26.02;;;;421;06/06/2023;00:45:57;24.68;Synchronized;;;
422;06/06/2023;00:42:29;25.64;Synchronized;;;422;06/06/2023;00:44:28;26.03;;;;422;06/06/2023;00:46:57;24.7;;;;
423;06/06/2023;00:43:29;25.62;;;;423;06/06/2023;00:45:28;26.02;;;;423;06/06/2023;00:47:57;24.7;Synchronized;;;
424;06/06/2023;00:44:29;25.64;;;;424;06/06/2023;00:46:28;26.02;;;;424;06/06/2023;00:48:57;24.7;;;;
425;06/06/2023;00:45:28;25.62;;;;425;06/06/2023;00:47:28;26.02;;;;425;06/06/2023;00:49:57;24.7;;;;
426;06/06/2023;00:46:28;25.64;;;;426;06/06/2023;00:48:27;26.02;;;;426;06/06/2023;00:50:57;24.69;;;;
427;06/06/2023;00:47:28;25.63;;;;427;06/06/2023;00:49:27;26.04;;;;427;06/06/2023;00:51:57;24.68;;;;
428;06/06/2023;00:48:28;25.62;;;;428;06/06/2023;00:50:27;26.02;;;;428;06/06/2023;00:52:58;24.69;;;;
429;06/06/2023;00:49:28;25.63;;;;429;06/06/2023;00:51:27;26.05;;;;429;06/06/2023;00:53:58;24.68;;;;
430;06/06/2023;00:50:28;25.66;;;;430;06/06/2023;00:52:27;26.02;;;;430;06/06/2023;00:54:58;24.7;;;;
431;06/06/2023;00:51:28;25.63;;;;431;06/06/2023;00:53:27;26.02;;;;431;06/06/2023;00:55:58;24.7;;;;
432;06/06/2023;00:52:28;25.63;;;;432;06/06/2023;00:54:26;26.03;;;;432;06/06/2023;00:56:58;24.68;;;;
433;06/06/2023;00:53:28;25.63;;;;433;06/06/2023;00:55:26;26.02;;;;433;06/06/2023;00:57:58;24.66;;;;
434;06/06/2023;00:54:28;25.63;;;;434;06/06/2023;00:56:26;26.03;;;;434;06/06/2023;00:58:58;24.69;;;;
435;06/06/2023;00:55:28;25.63;;;;435;06/06/2023;00:57:26;26.01;;;;435;06/06/2023;00:59:58;24.68;;;;
436;06/06/2023;00:56:28;25.63;;;;436;06/06/2023;00:58:26;26.04;;;;436;06/06/2023;01:00:58;24.67;;;;
437;06/06/2023;00:57:28;25.63;;;;437;06/06/2023;00:59:26;26.02;;;;437;06/06/2023;01:01:58;24.7;;;;
438;06/06/2023;00:58:28;25.63;;;;438;06/06/2023;01:00:26;26.02;;;;438;06/06/2023;01:02:58;24.69;;;;
439;06/06/2023;00:59:27;25.63;;;;439;06/06/2023;01:01:25;26.02;;;;439;06/06/2023;01:03:58;24.7;;;;
440;06/06/2023;01:00:27;25.63;Synchronized;;;440;06/06/2023;01:02:25;26.02;;;;440;06/06/2023;01:04:58;24.7;;;;
441;06/06/2023;01:01:27;25.63;;;;441;06/06/2023;01:03:25;26.02;;;;441;06/06/2023;01:05:58;24.67;;;;
442;06/06/2023;01:02:27;25.62;;;;442;06/06/2023;01:04:25;26.02;;;;442;06/06/2023;01:06:58;24.67;;;;
443;06/06/2023;01:03:27;25.63;;;;443;06/06/2023;01:05:25;26.02;;;;443;06/06/2023;01:07:58;24.69;;;;
444;06/06/2023;01:04:27;25.64;;;;444;06/06/2023;01:06:25;26.02;;;;444;06/06/2023;01:08:58;24.7;;;;
445;06/06/2023;01:05:27;25.64;;;;445;06/06/2023;01:07:25;26.02;;;;445;06/06/2023;01:09:59;24.68;;;;
446;06/06/2023;01:06:27;25.63;;;;446;06/06/2023;01:08:24;26.02;;;;446;06/06/2023;01:10:59;24.66;;;;
447;06/06/2023;01:07:27;25.64;;;;447;06/06/2023;01:09:24;26.05;;;;447;06/06/2023;01:11:59;24.68;;;;
448;06/06/2023;01:08:27;25.64;;;;448;06/06/2023;01:10:24;26.03;;;;448;06/06/2023;01:12:59;24.69;;;;
449;06/06/2023;01:09:27;25.64;;;;449;06/06/2023;01:11:24;26.02;;;;449;06/06/2023;01:13:59;24.68;;;;
450;06/06/2023;01:10:27;25.63;;;;450;06/06/2023;01:12:24;26.02;;;;450;06/06/2023;01:14:59;24.67;;;;
451;06/06/2023;01:11:26;25.63;;;;451;06/06/2023;01:13:24;26.01;;;;451;06/06/2023;01:15:59;24.68;;;;
452;06/06/2023;01:12:26;25.64;;;;452;06/06/2023;01:14:24;26.01;;;;452;06/06/2023;01:16:59;24.66;;;;
453;06/06/2023;01:13:26;25.63;;;;453;06/06/2023;01:15:23;26.01;;;;453;06/06/2023;01:17:59;24.68;;;;
454;06/06/2023;01:14:26;25.63;;;;454;06/06/2023;01:16:23;26.03;;;;454;06/06/2023;01:18:59;24.67;;;;
455;06/06/2023;01:15:26;25.63;;;;455;06/06/2023;01:17:23;26.04;;;;455;06/06/2023;01:19:59;24.67;;;;
456;06/06/2023;01:16:26;25.63;;;;456;06/06/2023;01:18:23;26.02;;;;456;06/06/2023;01:20:59;24.66;;;;
457;06/06/2023;01:17:26;25.61;;;;457;06/06/2023;01:19:23;26.02;;;;457;06/06/2023;01:21:59;24.66;;;;
458;06/06/2023;01:18:26;25.62;;;;458;06/06/2023;01:20:23;26.01;;;;458;06/06/2023;01:22:59;24.66;;;;
459;06/06/2023;01:19:26;25.62;;;;459;06/06/2023;01:21:23;26.02;;;;459;06/06/2023;01:23:59;24.67;;;;
460;06/06/2023;01:20:26;25.61;;;;460;06/06/2023;01:22:22;26.01;;;;460;06/06/2023;01:24:59;24.67;;;;
461;06/06/2023;01:21:26;25.64;;;;461;06/06/2023;01:23:22;26.02;;;;461;06/06/2023;01:25:59;24.68;;;;
462;06/06/2023;01:22:26;25.63;;;;462;06/06/2023;01:24:22;26.02;;;;462;06/06/2023;01:26:59;24.68;;;;
463;06/06/2023;01:23:26;25.63;;;;463;06/06/2023;01:25:22;26.03;;;;463;06/06/2023;01:28:00;24.66;;;;
464;06/06/2023;01:24:25;25.62;;;;464;06/06/2023;01:26:22;26.02;;;;464;06/06/2023;01:29:00;24.67;;;;
465;06/06/2023;01:25:25;25.63;;;;465;06/06/2023;01:27:22;26.04;;;;465;06/06/2023;01:30:00;24.66;;;;
466;06/06/2023;01:26:25;25.63;;;;466;06/06/2023;01:28:22;26.02;;;;466;06/06/2023;01:31:00;24.66;;;;
467;06/06/2023;01:27:25;25.63;;;;467;06/06/2023;01:29:21;26.02;;;;467;06/06/2023;01:32:00;24.67;;;;
468;06/06/2023;01:28:25;25.62;;;;468;06/06/2023;01:30:21;26.02;;;;468;06/06/2023;01:33:00;24.69;;;;
469;06/06/2023;01:29:25;25.63;;;;469;06/06/2023;01:31:21;26.01;;;;469;06/06/2023;01:34:00;24.66;;;;
470;06/06/2023;01:30:25;25.63;;;;470;06/06/2023;01:32:21;26.03;;;;470;06/06/2023;01:35:00;24.66;;;;
471;06/06/2023;01:31:25;25.63;;;;471;06/06/2023;01:33:21;26.04;;;;471;06/06/2023;01:36:00;24.67;;;;
472;06/06/2023;01:32:25;25.61;;;;472;06/06/2023;01:34:21;26.02;;;;472;06/06/2023;01:37:00;24.65;;;;
473;06/06/2023;01:33:25;25.63;;;;473;06/06/2023;01:35:21;26.02;;;;473;06/06/2023;01:38:00;24.67;;;;
474;06/06/2023;01:34:25;25.63;;;;474;06/06/2023;01:36:20;26.02;;;;474;06/06/2023;01:39:00;24.66;Synchronized;;;
475;06/06/2023;01:35:25;25.64;;;;475;06/06/2023;01:37:20;26.01;;;;475;06/06/2023;01:40:00;24.67;;;;
476;06/06/2023;01:36:25;25.62;;;;476;06/06/2023;01:38:20;26.02;;;;476;06/06/2023;01:41:00;24.66;;;;
477;06/06/2023;01:37:25;25.63;;;;477;06/06/2023;01:39:20;26.02;;;;477;06/06/2023;01:42:00;24.66;;;;
478;06/06/2023;01:38:24;25.63;;;;478;06/06/2023;01:40:20;26.03;;;;478;06/06/2023;01:43:00;24.66;;;;
479;06/06/2023;01:39:24;25.66;;;;479;06/06/2023;01:41:20;26.02;;;;479;06/06/2023;01:44:00;24.66;;;;
480;06/06/2023;01:40:24;25.63;;;;480;06/06/2023;01:42:20;26.02;;;;480;06/06/2023;01:45:01;24.66;;;;
481;06/06/2023;01:41:24;25.63;;;;481;06/06/2023;01:43:19;26.03;;;;481;06/06/2023;01:46:01;24.64;;;;
482;06/06/2023;01:42:24;25.63;;;;482;06/06/2023;01:44:19;26.02;;;;482;06/06/2023;01:47:01;24.66;;;;
483;06/06/2023;01:43:24;25.63;Synchronized;;;483;06/06/2023;01:45:19;26.02;;;;483;06/06/2023;01:48:01;24.66;;;;
484;06/06/2023;01:44:24;25.63;;;;484;06/06/2023;01:46:19;26.02;;;;484;06/06/2023;01:49:01;24.66;;;;
485;06/06/2023;01:45:24;25.64;;;;485;06/06/2023;01:47:19;26.02;;;;485;06/06/2023;01:50:01;24.67;;;;
486;06/06/2023;01:46:24;25.61;;;;486;06/06/2023;01:48:19;26.02;;;;486;06/06/2023;01:51:01;24.65;;;;
487;06/06/2023;01:47:24;25.63;;;;487;06/06/2023;01:49:18;26.02;;;;487;06/06/2023;01:52:01;24.66;;;;
488;06/06/2023;01:48:24;25.62;;;;488;06/06/2023;01:50:18;26.02;;;;488;06/06/2023;01:53:01;24.66;;;;
489;06/06/2023;01:49:23;25.63;;;;489;06/06/2023;01:51:18;26.04;;;;489;06/06/2023;01:54:01;24.65;;;;
490;06/06/2023;01:50:23;25.63;;;;490;06/06/2023;01:52:18;26.02;;;;490;06/06/2023;01:55:01;24.66;;;;
491;06/06/2023;01:51:23;25.63;;;;491;06/06/2023;01:53:18;26.02;;;;491;06/06/2023;01:56:01;24.65;;;;
492;06/06/2023;01:52:23;25.64;;;;492;06/06/2023;01:54:18;26.02;;;;492;06/06/2023;01:57:01;24.66;;;;
493;06/06/2023;01:53:23;25.62;;;;493;06/06/2023;01:55:18;26.02;;;;493;06/06/2023;01:58:01;24.65;;;;
494;06/06/2023;01:54:23;25.63;;;;494;06/06/2023;01:56:17;26.02;;;;494;06/06/2023;01:59:01;24.66;;;;
495;06/06/2023;01:55:23;25.63;;;;495;06/06/2023;01:57:17;26.02;;;;495;06/06/2023;02:00:01;24.66;;;;
496;06/06/2023;01:56:23;25.63;;;;496;06/06/2023;01:58:17;26.02;;;;496;06/06/2023;02:01:02;24.66;;;;
497;06/06/2023;01:57:23;25.64;;;;497;06/06/2023;01:59:17;26.02;;;;497;06/06/2023;02:02:02;24.66;;;;
498;06/06/2023;01:58:23;25.64;;;;498;06/06/2023;02:00:17;26.01;;;;498;06/06/2023;02:03:02;24.63;;;;
499;06/06/2023;01:59:23;25.62;;;;499;06/06/2023;02:01:17;26.02;;;;499;06/06/2023;02:04:02;24.64;;;;
500;06/06/2023;02:00:23;25.63;;;;500;06/06/2023;02:02:16;26.02;;;;500;06/06/2023;02:05:02;24.65;;;;
501;06/06/2023;02:01:23;25.6;;;;501;06/06/2023;02:03:16;26.01;;;;501;06/06/2023;02:06:02;24.64;;;;
502;06/06/2023;02:02:23;25.62;;;;502;06/06/2023;02:04:16;26;;;;502;06/06/2023;02:07:02;24.67;;;;
503;06/06/2023;02:03:23;25.61;;;;503;06/06/2023;02:05:16;26;;;;503;06/06/2023;02:08:02;24.65;;;;
504;06/06/2023;02:04:22;25.59;;;;504;06/06/2023;02:06:16;26.01;;;;504;06/06/2023;02:09:02;24.64;;;;
505;06/06/2023;02:05:22;25.6;;;;505;06/06/2023;02:07:16;26.02;;;;505;06/06/2023;02:10:02;24.64;;;;
506;06/06/2023;02:06:22;25.61;;;;506;06/06/2023;02:08:16;26.02;;;;506;06/06/2023;02:11:02;24.64;;;;
507;06/06/2023;02:07:22;25.61;;;;507;06/06/2023;02:09:15;26.02;;;;507;06/06/2023;02:12:02;24.67;;;;
508;06/06/2023;02:08:22;25.64;;;;508;06/06/2023;02:10:15;26.02;;;;508;06/06/2023;02:13:02;24.64;;;;
509;06/06/2023;02:09:22;25.61;;;;509;06/06/2023;02:11:15;26.02;;;;509;06/06/2023;02:14:02;24.65;;;;
510;06/06/2023;02:10:22;25.62;;;;510;06/06/2023;02:12:15;25.99;;;;510;06/06/2023;02:15:02;24.65;;;;
511;06/06/2023;02:11:22;25.6;;;;511;06/06/2023;02:13:15;26;;;;511;06/06/2023;02:16:02;24.64;;;;
512;06/06/2023;02:12:22;25.62;;;;512;06/06/2023;02:14:15;26.01;;;;512;06/06/2023;02:17:03;24.64;;;;
513;06/06/2023;02:13:22;25.62;;;;513;06/06/2023;02:15:15;26.02;;;;513;06/06/2023;02:18:03;24.66;;;;
514;06/06/2023;02:14:22;25.59;;;;514;06/06/2023;02:16:15;25.98;;;;514;06/06/2023;02:19:03;24.64;;;;
515;06/06/2023;02:15:22;25.6;;;;515;06/06/2023;02:17:14;26.02;;;;515;06/06/2023;02:20:03;24.65;;;;
516;06/06/2023;02:16:22;25.61;;;;516;06/06/2023;02:18:14;26.02;;;;516;06/06/2023;02:21:03;24.66;;;;
517;06/06/2023;02:17:22;25.6;;;;517;06/06/2023;02:19:14;26.02;;;;517;06/06/2023;02:22:03;24.63;;;;
518;06/06/2023;02:18:21;25.61;;;;518;06/06/2023;02:20:14;26.03;;;;518;06/06/2023;02:23:03;24.65;;;;
519;06/06/2023;02:19:21;25.63;;;;519;06/06/2023;02:21:14;26.02;;;;519;06/06/2023;02:24:03;24.63;;;;
520;06/06/2023;02:20:21;25.63;;;;520;06/06/2023;02:22:14;26;;;;520;06/06/2023;02:25:03;24.66;;;;
521;06/06/2023;02:21:21;25.61;;;;521;06/06/2023;02:23:14;26.02;;;;521;06/06/2023;02:26:03;24.64;;;;
522;06/06/2023;02:22:21;25.6;;;;522;06/06/2023;02:24:13;26.01;;;;522;06/06/2023;02:27:03;24.65;;;;
523;06/06/2023;02:23:21;25.6;;;;523;06/06/2023;02:25:13;26;;;;523;06/06/2023;02:28:03;24.64;;;;
524;06/06/2023;02:24:21;25.6;;;;524;06/06/2023;02:26:13;26.02;;;;524;06/06/2023;02:29:03;24.63;;;;
525;06/06/2023;02:25:21;25.61;;;;525;06/06/2023;02:27:13;26;;;;525;06/06/2023;02:30:03;24.64;;;;
526;06/06/2023;02:26:21;25.63;;;;526;06/06/2023;02:28:13;26.01;;;;526;06/06/2023;02:31:03;24.63;;;;
527;06/06/2023;02:27:21;25.62;;;;527;06/06/2023;02:29:13;26.01;;;;527;06/06/2023;02:32:03;24.63;;;;
528;06/06/2023;02:28:21;25.63;;;;528;06/06/2023;02:30:13;26.02;;;;528;06/06/2023;02:33:03;24.64;;;;
529;06/06/2023;02:29:21;25.61;;;;529;06/06/2023;02:31:12;26;;;;529;06/06/2023;02:34:04;24.64;;;;
530;06/06/2023;02:30:21;25.63;;;;530;06/06/2023;02:32:12;26.02;;;;530;06/06/2023;02:35:04;24.65;;;;
531;06/06/2023;02:31:21;25.62;;;;531;06/06/2023;02:33:12;26.01;;;;531;06/06/2023;02:36:04;24.65;;;;
532;06/06/2023;02:32:21;25.62;;;;532;06/06/2023;02:34:12;26;;;;532;06/06/2023;02:37:04;24.63;;;;
533;06/06/2023;02:33:21;25.61;;;;533;06/06/2023;02:35:12;26.01;;;;533;06/06/2023;02:38:04;24.64;;;;
534;06/06/2023;02:34:21;25.62;;;;534;06/06/2023;02:36:12;26.02;;;;534;06/06/2023;02:39:04;24.66;;;;
535;06/06/2023;02:35:21;25.6;;;;535;06/06/2023;02:37:12;26;Synchronized;;;535;06/06/2023;02:40:04;24.64;;;;
536;06/06/2023;02:36:20;25.62;;;;536;06/06/2023;02:38:11;26.01;;;;536;06/06/2023;02:41:04;24.63;;;;
537;06/06/2023;02:37:20;25.63;;;;537;06/06/2023;02:39:11;26.01;;;;537;06/06/2023;02:42:04;24.66;;;;
538;06/06/2023;02:38:20;25.63;;;;538;06/06/2023;02:40:11;26.02;;;;538;06/06/2023;02:43:04;24.65;;;;
539;06/06/2023;02:39:20;25.63;;;;539;06/06/2023;02:41:11;26.02;;;;539;06/06/2023;02:44:04;24.64;;;;
540;06/06/2023;02:40:20;25.63;;;;540;06/06/2023;02:42:11;26.01;;;;540;06/06/2023;02:45:04;24.64;;;;
541;06/06/2023;02:41:20;25.62;;;;541;06/06/2023;02:43:11;26.01;;;;541;06/06/2023;02:46:04;24.65;;;;
542;06/06/2023;02:42:20;25.63;;;;542;06/06/2023;02:44:11;26.02;;;;542;06/06/2023;02:47:04;24.65;;;;
543;06/06/2023;02:43:20;25.63;;;;543;06/06/2023;02:45:10;26;;;;543;06/06/2023;02:48:04;24.66;;;;
544;06/06/2023;02:44:20;25.61;;;;544;06/06/2023;02:46:10;26.03;;;;544;06/06/2023;02:49:04;24.63;;;;
545;06/06/2023;02:45:20;25.64;;;;545;06/06/2023;02:47:10;26.02;;;;545;06/06/2023;02:50:05;24.64;;;;
546;06/06/2023;02:46:20;25.63;;;;546;06/06/2023;02:48:10;26;;;;546;06/06/2023;02:51:05;24.64;;;;
547;06/06/2023;02:47:20;25.62;;;;547;06/06/2023;02:49:10;26.02;;;;547;06/06/2023;02:52:05;24.64;;;;
548;06/06/2023;02:48:20;25.62;;;;548;06/06/2023;02:50:10;26.02;;;;548;06/06/2023;02:53:05;24.64;;;;
549;06/06/2023;02:49:20;25.63;;;;549;06/06/2023;02:51:10;26.02;;;;549;06/06/2023;02:54:05;24.64;;;;
550;06/06/2023;02:50:20;25.61;;;;550;06/06/2023;02:52:09;26.01;;;;550;06/06/2023;02:55:05;24.64;;;;
551;06/06/2023;02:51:20;25.63;;;;551;06/06/2023;02:53:09;26.02;;;;551;06/06/2023;02:56:05;24.63;;;;
552;06/06/2023;02:52:20;25.63;;;;552;06/06/2023;02:54:09;26.02;;;;552;06/06/2023;02:57:05;24.64;;;;
553;06/06/2023;02:53:19;25.61;;;;553;06/06/2023;02:55:09;26.02;;;;553;06/06/2023;02:58:05;24.64;;;;
554;06/06/2023;02:54:19;25.63;;;;554;06/06/2023;02:56:09;26.03;;;;554;06/06/2023;02:59:05;24.63;;;;
555;06/06/2023;02:55:19;25.62;;;;555;06/06/2023;02:57:09;26.01;;;;555;06/06/2023;03:00:05;24.61;;;;
556;06/06/2023;02:56:19;25.61;;;;556;06/06/2023;02:58:09;26;;;;556;06/06/2023;03:01:05;24.63;;;;
557;06/06/2023;02:57:19;25.63;;;;557;06/06/2023;02:59:08;26.02;;;;557;06/06/2023;03:02:05;24.63;;;;
558;06/06/2023;02:58:19;25.59;;;;558;06/06/2023;03:00:08;26.01;;;;558;06/06/2023;03:03:05;24.61;;;;
559;06/06/2023;02:59:19;25.6;;;;559;06/06/2023;03:01:08;26;;;;559;06/06/2023;03:04:05;24.63;;;;
560;06/06/2023;03:00:19;25.61;;;;560;06/06/2023;03:02:08;26.01;;;;560;06/06/2023;03:05:06;24.62;;;;
561;06/06/2023;03:01:19;25.61;;;;561;06/06/2023;03:03:08;26;;;;561;06/06/2023;03:06:06;24.64;;;;
562;06/06/2023;03:02:19;25.63;;;;562;06/06/2023;03:04:08;26;;;;562;06/06/2023;03:07:06;24.63;;;;
563;06/06/2023;03:03:19;25.6;;;;563;06/06/2023;03:05:07;26.01;;;;563;06/06/2023;03:08:06;24.63;;;;
564;06/06/2023;03:04:19;25.61;;;;564;06/06/2023;03:06:07;26.01;;;;564;06/06/2023;03:09:06;24.63;;;;
565;06/06/2023;03:05:19;25.6;;;;565;06/06/2023;03:07:07;26.02;;;;565;06/06/2023;03:10:06;24.65;;;;
566;06/06/2023;03:06:19;25.61;;;;566;06/06/2023;03:08:07;26.03;;;;566;06/06/2023;03:11:06;24.63;;;;
567;06/06/2023;03:07:19;25.62;;;;567;06/06/2023;03:09:07;26.02;;;;567;06/06/2023;03:12:06;24.62;;;;
568;06/06/2023;03:08:19;25.61;;;;568;06/06/2023;03:10:07;26.02;;;;568;06/06/2023;03:13:06;24.63;;;;
569;06/06/2023;03:09:19;25.59;;;;569;06/06/2023;03:11:07;26;;;;569;06/06/2023;03:14:06;24.63;;;;
570;06/06/2023;03:10:19;25.61;;;;570;06/06/2023;03:12:06;26.01;;;;570;06/06/2023;03:15:06;24.65;;;;
571;06/06/2023;03:11:19;25.62;;;;571;06/06/2023;03:13:06;25.99;;;;571;06/06/2023;03:16:06;24.63;;;;
572;06/06/2023;03:12:19;25.61;;;;572;06/06/2023;03:14:06;26;;;;572;06/06/2023;03:17:06;24.65;;;;
573;06/06/2023;03:13:18;25.6;;;;573;06/06/2023;03:15:06;26.01;;;;573;06/06/2023;03:18:06;24.62;;;;
574;06/06/2023;03:14:18;25.61;;;;574;06/06/2023;03:16:06;26.02;;;;574;06/06/2023;03:19:06;24.63;;;;
575;06/06/2023;03:15:18;25.63;;;;575;06/06/2023;03:17:06;26.02;;;;575;06/06/2023;03:20:06;24.63;;;;
576;06/06/2023;03:16:18;25.6;;;;576;06/06/2023;03:18:06;25.99;;;;576;06/06/2023;03:21:07;24.64;;;;
577;06/06/2023;03:17:18;25.61;;;;577;06/06/2023;03:19:05;25.99;;;;577;06/06/2023;03:22:07;24.63;;;;
578;06/06/2023;03:18:18;25.6;;;;578;06/06/2023;03:20:05;26;;;;578;06/06/2023;03:23:07;24.63;;;;
579;06/06/2023;03:19:18;25.59;;;;579;06/06/2023;03:21:05;26.01;;;;579;06/06/2023;03:24:07;24.63;;;;
580;06/06/2023;03:20:18;25.6;;;;580;06/06/2023;03:22:05;26.01;;;;580;06/06/2023;03:25:07;24.63;;;;
581;06/06/2023;03:21:18;25.62;;;;581;06/06/2023;03:23:05;26.01;;;;581;06/06/2023;03:26:07;24.63;;;;
582;06/06/2023;03:22:18;25.63;;;;582;06/06/2023;03:24:05;26;;;;582;06/06/2023;03:27:07;24.6;;;;
583;06/06/2023;03:23:18;25.61;;;;583;06/06/2023;03:25:04;26.02;;;;583;06/06/2023;03:28:07;24.66;;;;
584;06/06/2023;03:24:18;25.63;;;;584;06/06/2023;03:26:04;26;;;;584;06/06/2023;03:29:07;24.62;;;;
585;06/06/2023;03:25:18;25.62;;;;585;06/06/2023;03:27:04;26;;;;585;06/06/2023;03:30:07;24.63;;;;
586;06/06/2023;03:26:18;25.61;;;;586;06/06/2023;03:28:04;25.99;;;;586;06/06/2023;03:31:07;24.63;;;;
587;06/06/2023;03:27:18;25.61;;;;587;06/06/2023;03:29:04;26;;;;587;06/06/2023;03:32:07;24.62;;;;
588;06/06/2023;03:28:18;25.63;;;;588;06/06/2023;03:30:04;26.01;;;;588;06/06/2023;03:33:07;24.63;;;;
589;06/06/2023;03:29:18;25.61;;;;589;06/06/2023;03:31:04;26;;;;589;06/06/2023;03:34:07;24.62;;;;
590;06/06/2023;03:30:18;25.63;;;;590;06/06/2023;03:32:03;26.02;;;;590;06/06/2023;03:35:07;24.61;;;;
591;06/06/2023;03:31:18;25.63;;;;591;06/06/2023;03:33:03;26;;;;591;06/06/2023;03:36:07;24.63;;;;
592;06/06/2023;03:32:18;25.62;;;;592;06/06/2023;03:34:03;26.02;;;;592;06/06/2023;03:37:07;24.62;;;;
593;06/06/2023;03:33:17;25.61;;;;593;06/06/2023;03:35:03;26.01;;;;593;06/06/2023;03:38:07;24.63;;;;
594;06/06/2023;03:34:17;25.61;;;;594;06/06/2023;03:36:03;26;;;;594;06/06/2023;03:39:08;24.63;;;;
595;06/06/2023;03:35:17;25.61;;;;595;06/06/2023;03:37:03;26.01;;;;595;06/06/2023;03:40:08;24.62;;;;
596;06/06/2023;03:36:17;25.6;;;;596;06/06/2023;03:38:02;26.01;;;;596;06/06/2023;03:41:08;24.63;;;;
597;06/06/2023;03:37:17;25.62;;;;597;06/06/2023;03:39:02;26;;;;597;06/06/2023;03:42:08;24.62;;;;
598;06/06/2023;03:38:17;25.63;;;;598;06/06/2023;03:40:02;26.01;;;;598;06/06/2023;03:43:08;24.61;;;;
599;06/06/2023;03:39:17;25.62;;;;599;06/06/2023;03:41:02;26.01;;;;599;06/06/2023;03:44:08;24.62;;;;
600;06/06/2023;03:40:17;25.63;;;;600;06/06/2023;03:42:02;25.99;;;;600;06/06/2023;03:45:08;24.63;;;;
601;06/06/2023;03:41:17;25.62;;;;601;06/06/2023;03:43:02;26;;;;601;06/06/2023;03:46:08;24.61;;;;
602;06/06/2023;03:42:17;25.63;;;;602;06/06/2023;03:44:01;26;;;;602;06/06/2023;03:47:08;24.61;;;;
603;06/06/2023;03:43:17;25.61;;;;603;06/06/2023;03:45:01;26.02;;;;603;06/06/2023;03:48:08;24.62;;;;
604;06/06/2023;03:44:17;25.62;;;;604;06/06/2023;03:46:01;26;;;;604;06/06/2023;03:49:08;24.59;;;;
605;06/06/2023;03:45:17;25.6;;;;605;06/06/2023;03:47:01;26.01;;;;605;06/06/2023;03:50:08;24.62;;;;
606;06/06/2023;03:46:17;25.62;;;;606;06/06/2023;03:48:01;26.02;;;;606;06/06/2023;03:51:08;24.62;;;;
607;06/06/2023;03:47:17;25.62;;;;607;06/06/2023;03:49:01;26.01;;;;607;06/06/2023;03:52:08;24.63;;;;
608;06/06/2023;03:48:17;25.6;;;;608;06/06/2023;03:50:01;25.98;;;;608;06/06/2023;03:53:08;24.63;;;;
609;06/06/2023;03:49:17;25.61;;;;609;06/06/2023;03:51:00;26;;;;609;06/06/2023;03:54:08;24.62;;;;
610;06/06/2023;03:50:16;25.62;;;;610;06/06/2023;03:52:00;26;;;;610;06/06/2023;03:55:08;24.61;;;;
611;06/06/2023;03:51:16;25.59;;;;611;06/06/2023;03:53:00;26;;;;611;06/06/2023;03:56:09;24.63;;;;
612;06/06/2023;03:52:16;25.61;;;;612;06/06/2023;03:54:00;25.99;;;;612;06/06/2023;03:57:09;24.62;;;;
613;06/06/2023;03:53:16;25.6;;;;613;06/06/2023;03:55:00;25.99;;;;613;06/06/2023;03:58:09;24.62;;;;
614;06/06/2023;03:54:16;25.61;;;;614;06/06/2023;03:56:00;26;;;;614;06/06/2023;03:59:09;24.62;;;;
615;06/06/2023;03:55:16;25.59;;;;615;06/06/2023;03:56:59;26.01;;;;615;06/06/2023;04:00:09;24.6;;;;
616;06/06/2023;03:56:16;25.6;;;;616;06/06/2023;03:57:59;26;;;;616;06/06/2023;04:01:09;24.63;;;;
617;06/06/2023;03:57:16;25.59;;;;617;06/06/2023;03:58:59;26.01;;;;617;06/06/2023;04:02:09;24.62;;;;
618;06/06/2023;03:58:16;25.61;;;;618;06/06/2023;03:59:59;26.01;;;;618;06/06/2023;04:03:09;24.63;;;;
619;06/06/2023;03:59:16;25.62;;;;619;06/06/2023;04:00:59;25.99;;;;619;06/06/2023;04:04:09;24.63;;;;
620;06/06/2023;04:00:16;25.6;;;;620;06/06/2023;04:01:59;25.98;;;;620;06/06/2023;04:05:09;24.61;;;;
621;06/06/2023;04:01:16;25.62;;;;621;06/06/2023;04:02:58;25.99;;;;621;06/06/2023;04:06:09;24.61;;;;
622;06/06/2023;04:02:16;25.59;;;;622;06/06/2023;04:03:58;25.98;Synchronized;;;622;06/06/2023;04:07:09;24.63;;;;
623;06/06/2023;04:03:16;25.62;;;;623;06/06/2023;04:04:58;25.99;;;;623;06/06/2023;04:08:09;24.61;;;;
624;06/06/2023;04:04:16;25.63;;;;624;06/06/2023;04:05:58;26;;;;624;06/06/2023;04:09:09;24.61;;;;
625;06/06/2023;04:05:16;25.63;;;;625;06/06/2023;04:06:58;26.01;;;;625;06/06/2023;04:10:09;24.62;;;;
626;06/06/2023;04:06:16;25.62;;;;626;06/06/2023;04:07:58;26.01;;;;626;06/06/2023;04:11:09;24.62;;;;
627;06/06/2023;04:07:16;25.61;;;;627;06/06/2023;04:08:58;26;;;;627;06/06/2023;04:12:09;24.61;;;;
628;06/06/2023;04:08:16;25.61;;;;628;06/06/2023;04:09:57;26;;;;628;06/06/2023;04:13:09;24.61;;;;
629;06/06/2023;04:09:16;25.6;;;;629;06/06/2023;04:10:57;26;;;;629;06/06/2023;04:14:09;24.61;;;;
630;06/06/2023;04:10:15;25.62;;;;630;06/06/2023;04:11:57;26;;;;630;06/06/2023;04:15:10;24.6;Synchronized;;;
631;06/06/2023;04:11:15;25.61;;;;631;06/06/2023;04:12:57;26;;;;631;06/06/2023;04:16:10;24.62;;;;
632;06/06/2023;04:12:15;25.62;;;;632;06/06/2023;04:13:57;26.01;;;;632;06/06/2023;04:17:10;24.62;;;;
633;06/06/2023;04:13:15;25.6;;;;633;06/06/2023;04:14:57;26.01;;;;633;06/06/2023;04:18:10;24.6;;;;
634;06/06/2023;04:14:15;25.62;;;;634;06/06/2023;04:15:57;26.02;;;;634;06/06/2023;04:19:10;24.62;;;;
635;06/06/2023;04:15:15;25.61;Synchronized;;;635;06/06/2023;04:16:56;26.01;;;;635;06/06/2023;04:20:10;24.6;;;;
636;06/06/2023;04:16:15;25.6;;;;636;06/06/2023;04:17:56;26;;;;636;06/06/2023;04:21:10;24.62;;;;
637;06/06/2023;04:17:15;25.62;;;;637;06/06/2023;04:18:56;26;;;;637;06/06/2023;04:22:10;24.61;;;;
638;06/06/2023;04:18:15;25.62;;;;638;06/06/2023;04:19:56;26;;;;638;06/06/2023;04:23:10;24.6;;;;
639;06/06/2023;04:19:15;25.63;;;;639;06/06/2023;04:20:56;26;;;;639;06/06/2023;04:24:10;24.61;;;;
640;06/06/2023;04:20:15;25.61;;;;640;06/06/2023;04:21:56;25.98;;;;640;06/06/2023;04:25:10;24.63;;;;
641;06/06/2023;04:21:15;25.63;;;;641;06/06/2023;04:22:55;26.01;;;;641;06/06/2023;04:26:10;24.61;;;;
642;06/06/2023;04:22:15;25.62;;;;642;06/06/2023;04:23:55;26.01;;;;642;06/06/2023;04:27:10;24.62;;;;
643;06/06/2023;04:23:15;25.63;;;;643;06/06/2023;04:24:55;26;;;;643;06/06/2023;04:28:10;24.6;;;;
644;06/06/2023;04:24:15;25.61;;;;644;06/06/2023;04:25:55;26;;;;644;06/06/2023;04:29:10;24.63;;;;
645;06/06/2023;04:25:15;25.63;;;;645;06/06/2023;04:26:55;26;;;;645;06/06/2023;04:30:10;24.61;;;;
646;06/06/2023;04:26:15;25.61;;;;646;06/06/2023;04:27:55;25.98;;;;646;06/06/2023;04:31:11;24.6;Synchronized;;;
647;06/06/2023;04:27:15;25.61;;;;647;06/06/2023;04:28:55;26;;;;647;06/06/2023;04:32:11;24.63;;;;
648;06/06/2023;04:28:15;25.61;;;;648;06/06/2023;04:29:54;26.02;;;;648;06/06/2023;04:33:11;24.61;;;;
649;06/06/2023;04:29:15;25.62;;;;649;06/06/2023;04:30:54;26.01;;;;649;06/06/2023;04:34:11;24.59;;;;
650;06/06/2023;04:30:14;25.61;;;;650;06/06/2023;04:31:54;26;;;;650;06/06/2023;04:35:11;24.62;;;;
651;06/06/2023;04:31:14;25.64;;;;651;06/06/2023;04:32:54;25.99;;;;651;06/06/2023;04:36:11;24.63;;;;
652;06/06/2023;04:32:14;25.61;;;;652;06/06/2023;04:33:54;26.01;;;;652;06/06/2023;04:37:11;24.6;;;;
653;06/06/2023;04:33:14;25.61;;;;653;06/06/2023;04:34:54;26;;;;653;06/06/2023;04:38:11;24.6;;;;
654;06/06/2023;04:34:14;25.59;;;;654;06/06/2023;04:35:54;25.99;;;;654;06/06/2023;04:39:11;24.6;;;;
655;06/06/2023;04:35:14;25.62;;;;655;06/06/2023;04:36:53;26;;;;655;06/06/2023;04:40:11;24.6;;;;
656;06/06/2023;04:36:14;25.61;;;;656;06/06/2023;04:37:53;25.99;;;;656;06/06/2023;04:41:11;24.6;;;;
657;06/06/2023;04:37:14;25.62;;;;657;06/06/2023;04:38:53;26.01;;;;657;06/06/2023;04:42:11;24.6;;;;
658;06/06/2023;04:38:14;25.63;;;;658;06/06/2023;04:39:53;26;;;;658;06/06/2023;04:43:11;24.61;;;;
659;06/06/2023;04:39:14;25.61;;;;659;06/06/2023;04:40:53;26;;;;659;06/06/2023;04:44:11;24.62;;;;
660;06/06/2023;04:40:14;25.62;;;;660;06/06/2023;04:41:53;25.99;;;;660;06/06/2023;04:45:11;24.61;;;;
661;06/06/2023;04:41:14;25.61;;;;661;06/06/2023;04:42:52;26.01;;;;661;06/06/2023;04:46:11;24.62;;;;
662;06/06/2023;04:42:14;25.6;;;;662;06/06/2023;04:43:52;26;;;;662;06/06/2023;04:47:11;24.61;;;;
663;06/06/2023;04:43:14;25.63;;;;663;06/06/2023;04:44:52;26.01;;;;663;06/06/2023;04:48:11;24.6;;;;
664;06/06/2023;04:44:14;25.62;;;;664;06/06/2023;04:45:52;26.02;;;;664;06/06/2023;04:49:11;24.59;;;;
665;06/06/2023;04:45:14;25.61;;;;665;06/06/2023;04:46:52;26.01;;;;665;06/06/2023;04:50:12;24.62;;;;
666;06/06/2023;04:46:14;25.6;;;;666;06/06/2023;04:47:52;25.99;;;;666;06/06/2023;04:51:12;24.63;;;;
667;06/06/2023;04:47:14;25.6;;;;667;06/06/2023;04:48:52;26.01;;;;667;06/06/2023;04:52:12;24.6;;;;
668;06/06/2023;04:48:13;25.62;;;;668;06/06/2023;04:49:51;25.99;;;;668;06/06/2023;04:53:12;24.61;;;;
669;06/06/2023;04:49:13;25.59;;;;669;06/06/2023;04:50:51;26;;;;669;06/06/2023;04:54:12;24.6;;;;
670;06/06/2023;04:50:13;25.59;;;;670;06/06/2023;04:51:51;26.02;;;;670;06/06/2023;04:55:12;24.62;;;;
671;06/06/2023;04:51:13;25.6;;;;671;06/06/2023;04:52:51;26.01;Synchronized;;;671;06/06/2023;04:56:12;24.61;;;;
672;06/06/2023;04:52:13;25.62;;;;672;06/06/2023;04:53:51;26;;;;672;06/06/2023;04:57:12;24.58;;;;
673;06/06/2023;04:53:13;25.62;;;;673;06/06/2023;04:54:51;25.99;;;;673;06/06/2023;04:58:12;24.62;;;;
674;06/06/2023;04:54:13;25.6;;;;674;06/06/2023;04:55:51;25.99;;;;674;06/06/2023;04:59:12;24.61;;;;
675;06/06/2023;04:55:13;25.6;;;;675;06/06/2023;04:56:50;25.99;;;;675;06/06/2023;05:00:12;24.6;;;;
676;06/06/2023;04:56:13;25.6;;;;676;06/06/2023;04:57:50;25.98;;;;676;06/06/2023;05:01:12;24.62;;;;
677;06/06/2023;04:57:13;25.63;;;;677;06/06/2023;04:58:50;26;;;;677;06/06/2023;05:02:12;24.62;;;;
678;06/06/2023;04:58:13;25.62;;;;678;06/06/2023;04:59:50;25.99;;;;678;06/06/2023;05:03:12;24.62;;;;
679;06/06/2023;04:59:13;25.61;;;;679;06/06/2023;05:00:50;26.02;;;;679;06/06/2023;05:04:12;24.62;;;;
680;06/06/2023;05:00:13;25.63;;;;680;06/06/2023;05:01:50;26;;;;680;06/06/2023;05:05:12;24.6;;;;
681;06/06/2023;05:01:13;25.61;;;;681;06/06/2023;05:02:50;25.99;;;;681;06/06/2023;05:06:12;24.59;;;;
682;06/06/2023;05:02:13;25.61;;;;682;06/06/2023;05:03:49;26.02;;;;682;06/06/2023;05:07:12;24.61;;;;
683;06/06/2023;05:03:13;25.62;;;;683;06/06/2023;05:04:49;26.01;;;;683;06/06/2023;05:08:12;24.62;;;;
684;06/06/2023;05:04:13;25.62;;;;684;06/06/2023;05:05:49;26;;;;684;06/06/2023;05:09:13;24.6;;;;
685;06/06/2023;05:05:12;25.62;;;;685;06/06/2023;05:06:49;26.02;;;;685;06/06/2023;05:10:13;24.63;;;;
686;06/06/2023;05:06:12;25.62;;;;686;06/06/2023;05:07:49;26;;;;686;06/06/2023;05:11:13;24.58;;;;
687;06/06/2023;05:07:12;25.6;;;;687;06/06/2023;05:08:49;25.99;;;;687;06/06/2023;05:12:13;24.62;;;;
688;06/06/2023;05:08:12;25.6;;;;688;06/06/2023;05:09:48;25.98;;;;688;06/06/2023;05:13:13;24.59;;;;
689;06/06/2023;05:09:12;25.6;;;;689;06/06/2023;05:10:48;25.99;;;;689;06/06/2023;05:14:13;24.6;;;;
690;06/06/2023;05:10:12;25.61;;;;690;06/06/2023;05:11:48;25.98;;;;690;06/06/2023;05:15:13;24.6;;;;
691;06/06/2023;05:11:12;25.59;;;;691;06/06/2023;05:12:48;25.99;;;;691;06/06/2023;05:16:13;24.59;;;;
692;06/06/2023;05:12:12;25.63;;;;692;06/06/2023;05:13:48;25.99;;;;692;06/06/2023;05:17:13;24.61;;;;
693;06/06/2023;05:13:12;25.62;;;;693;06/06/2023;05:14:48;25.98;;;;693;06/06/2023;05:18:13;24.61;;;;
694;06/06/2023;05:14:12;25.61;;;;694;06/06/2023;05:15:48;25.98;;;;694;06/06/2023;05:19:13;24.59;;;;
695;06/06/2023;05:15:12;25.6;;;;695;06/06/2023;05:16:47;25.98;;;;695;06/06/2023;05:20:13;24.61;;;;
696;06/06/2023;05:16:12;25.6;;;;696;06/06/2023;05:17:47;25.98;;;;696;06/06/2023;05:21:13;24.58;;;;
697;06/06/2023;05:17:12;25.59;;;;697;06/06/2023;05:18:47;25.99;;;;697;06/06/2023;05:22:13;24.6;;;;
698;06/06/2023;05:18:12;25.6;;;;698;06/06/2023;05:19:47;26.03;;;;698;06/06/2023;05:23:13;24.58;;;;
699;06/06/2023;05:19:12;25.59;;;;699;06/06/2023;05:20:47;25.99;;;;699;06/06/2023;05:24:13;24.6;;;;
700;06/06/2023;05:20:12;25.6;;;;700;06/06/2023;05:21:47;26;Synchronized;;;700;06/06/2023;05:25:13;24.6;;;;
701;06/06/2023;05:21:12;25.6;;;;701;06/06/2023;05:22:47;25.99;;;;701;06/06/2023;05:26:13;24.6;;;;
702;06/06/2023;05:22:12;25.59;;;;702;06/06/2023;05:23:46;25.98;;;;702;06/06/2023;05:27:13;24.58;;;;
703;06/06/2023;05:23:12;25.6;;;;703;06/06/2023;05:24:46;25.98;;;;703;06/06/2023;05:28:14;24.6;;;;
704;06/06/2023;05:24:12;25.6;;;;704;06/06/2023;05:25:46;25.98;Synchronized;;;704;06/06/2023;05:29:14;24.6;;;;
705;06/06/2023;05:25:11;25.59;;;;705;06/06/2023;05:26:46;25.96;;;;705;06/06/2023;05:30:14;24.59;;;;
706;06/06/2023;05:26:11;25.6;;;;706;06/06/2023;05:27:46;25.99;;;;706;06/06/2023;05:31:14;24.61;;;;
707;06/06/2023;05:27:11;25.6;;;;707;06/06/2023;05:28:46;25.99;;;;707;06/06/2023;05:32:14;24.61;;;;
708;06/06/2023;05:28:11;25.61;;;;708;06/06/2023;05:29:46;25.99;;;;708;06/06/2023;05:33:14;24.58;;;;
709;06/06/2023;05:29:11;25.61;;;;709;06/06/2023;05:30:45;25.99;;;;709;06/06/2023;05:34:14;24.62;;;;
710;06/06/2023;05:30:11;25.59;;;;710;06/06/2023;05:31:45;26;;;;710;06/06/2023;05:35:14;24.6;;;;
711;06/06/2023;05:31:11;25.59;;;;711;06/06/2023;05:32:45;25.99;;;;711;06/06/2023;05:36:14;24.58;;;;
712;06/06/2023;05:32:11;25.61;;;;712;06/06/2023;05:33:45;25.99;;;;712;06/06/2023;05:37:14;24.59;;;;
713;06/06/2023;05:33:11;25.6;;;;713;06/06/2023;05:34:45;25.99;;;;713;06/06/2023;05:38:14;24.61;;;;
714;06/06/2023;05:34:11;25.61;;;;714;06/06/2023;05:35:45;26.01;;;;714;06/06/2023;05:39:14;24.6;;;;
715;06/06/2023;05:35:11;25.61;;;;715;06/06/2023;05:36:44;25.99;;;;715;06/06/2023;05:40:14;24.6;;;;
716;06/06/2023;05:36:11;25.61;;;;716;06/06/2023;05:37:44;26.02;;;;716;06/06/2023;05:41:14;24.6;;;;
717;06/06/2023;05:37:11;25.62;;;;717;06/06/2023;05:38:44;25.99;;;;717;06/06/2023;05:42:14;24.61;;;;
718;06/06/2023;05:38:11;25.59;;;;718;06/06/2023;05:39:44;26.01;;;;718;06/06/2023;05:43:14;24.6;;;;
719;06/06/2023;05:39:11;25.63;;;;719;06/06/2023;05:40:44;25.98;;;;719;06/06/2023;05:44:14;24.61;;;;
720;06/06/2023;05:40:11;25.61;;;;720;06/06/2023;05:41:44;26.01;;;;720;06/06/2023;05:45:14;24.59;;;;
721;06/06/2023;05:41:11;25.62;;;;721;06/06/2023;05:42:44;25.99;;;;721;06/06/2023;05:46:15;24.59;;;;
722;06/06/2023;05:42:11;25.61;;;;722;06/06/2023;05:43:43;26;;;;722;06/06/2023;05:47:15;24.59;;;;
723;06/06/2023;05:43:11;25.6;;;;723;06/06/2023;05:44:43;25.99;;;;723;06/06/2023;05:48:15;24.62;;;;
724;06/06/2023;05:44:10;25.59;;;;724;06/06/2023;05:45:43;25.98;;;;724;06/06/2023;05:49:15;24.59;;;;
725;06/06/2023;05:45:10;25.62;;;;725;06/06/2023;05:46:43;25.98;;;;725;06/06/2023;05:50:15;24.6;;;;
726;06/06/2023;05:46:10;25.62;;;;726;06/06/2023;05:47:43;25.99;;;;726;06/06/2023;05:51:15;24.59;;;;
727;06/06/2023;05:47:10;25.61;;;;727;06/06/2023;05:48:43;25.99;;;;727;06/06/2023;05:52:15;24.6;;;;
728;06/06/2023;05:48:10;25.6;;;;728;06/06/2023;05:49:43;25.99;;;;728;06/06/2023;05:53:15;24.61;;;;
729;06/06/2023;05:49:10;25.6;;;;729;06/06/2023;05:50:42;26;;;;729;06/06/2023;05:54:15;24.6;;;;
730;06/06/2023;05:50:10;25.6;;;;730;06/06/2023;05:51:42;25.99;;;;730;06/06/2023;05:55:15;24.62;;;;
731;06/06/2023;05:51:10;25.61;;;;731;06/06/2023;05:52:42;25.98;;;;731;06/06/2023;05:56:15;24.61;;;;
732;06/06/2023;05:52:10;25.61;;;;732;06/06/2023;05:53:42;25.98;;;;732;06/06/2023;05:57:15;24.6;;;;
733;06/06/2023;05:53:10;25.61;;;;733;06/06/2023;05:54:42;25.98;;;;733;06/06/2023;05:58:15;24.62;;;;
734;06/06/2023;05:54:10;25.61;;;;734;06/06/2023;05:55:42;25.98;;;;734;06/06/2023;05:59:15;24.61;;;;
735;06/06/2023;05:55:10;25.61;;;;735;06/06/2023;05:56:42;25.99;;;;735;06/06/2023;06:00:15;24.61;;;;
736;06/06/2023;05:56:10;25.62;;;;736;06/06/2023;05:57:41;26;;;;736;06/06/2023;06:01:15;24.62;;;;
737;06/06/2023;05:57:10;25.62;;;;737;06/06/2023;05:58:41;25.99;;;;737;06/06/2023;06:02:15;24.6;;;;
738;06/06/2023;05:58:10;25.59;;;;738;06/06/2023;05:59:41;25.98;;;;738;06/06/2023;06:03:15;24.62;;;;
739;06/06/2023;05:59:10;25.61;;;;739;06/06/2023;06:00:41;25.98;;;;739;06/06/2023;06:04:15;24.61;;;;
740;06/06/2023;06:00:10;25.6;;;;740;06/06/2023;06:01:41;25.99;;;;740;06/06/2023;06:05:16;24.61;;;;
741;06/06/2023;06:01:10;25.61;;;;741;06/06/2023;06:02:41;25.98;;;;741;06/06/2023;06:06:16;24.6;;;;
742;06/06/2023;06:02:10;25.62;;;;742;06/06/2023;06:03:41;25.99;;;;742;06/06/2023;06:07:16;24.6;;;;
743;06/06/2023;06:03:10;25.62;;;;743;06/06/2023;06:04:40;25.99;;;;743;06/06/2023;06:08:16;24.59;;;;
744;06/06/2023;06:04:09;25.61;;;;744;06/06/2023;06:05:40;26;;;;744;06/06/2023;06:09:16;24.61;;;;
745;06/06/2023;06:05:09;25.6;;;;745;06/06/2023;06:06:40;25.99;;;;745;06/06/2023;06:10:16;24.61;;;;
746;06/06/2023;06:06:09;25.59;;;;746;06/06/2023;06:07:40;26;;;;746;06/06/2023;06:11:16;24.62;;;;
747;06/06/2023;06:07:09;25.63;;;;747;06/06/2023;06:08:40;25.98;;;;747;06/06/2023;06:12:16;24.6;;;;
748;06/06/2023;06:08:09;25.61;;;;748;06/06/2023;06:09:40;26;;;;748;06/06/2023;06:13:16;24.59;;;;
749;06/06/2023;06:09:09;25.62;;;;749;06/06/2023;06:10:39;25.98;;;;749;06/06/2023;06:14:16;24.61;;;;
750;06/06/2023;06:10:09;25.61;;;;750;06/06/2023;06:11:39;26;;;;750;06/06/2023;06:15:16;24.62;;;;
751;06/06/2023;06:11:09;25.61;;;;751;06/06/2023;06:12:39;25.98;;;;751;06/06/2023;06:16:16;24.62;;;;
752;06/06/2023;06:12:09;25.63;;;;752;06/06/2023;06:13:39;25.98;Synchronized;;;752;06/06/2023;06:17:16;24.59;;;;
753;06/06/2023;06:13:09;25.63;;;;753;06/06/2023;06:14:39;25.98;;;;753;06/06/2023;06:18:16;24.59;;;;
754;06/06/2023;06:14:09;25.6;;;;754;06/06/2023;06:15:39;25.99;;;;754;06/06/2023;06:19:16;24.61;;;;
755;06/06/2023;06:15:09;25.61;;;;755;06/06/2023;06:16:39;26;;;;755;06/06/2023;06:20:16;24.6;;;;
756;06/06/2023;06:16:09;25.62;;;;756;06/06/2023;06:17:38;26.02;;;;756;06/06/2023;06:21:16;24.6;;;;
757;06/06/2023;06:17:09;25.63;;;;757;06/06/2023;06:18:38;25.98;;;;757;06/06/2023;06:22:16;24.59;;;;
758;06/06/2023;06:18:09;25.63;;;;758;06/06/2023;06:19:38;25.99;;;;758;06/06/2023;06:23:16;24.61;;;;
759;06/06/2023;06:19:09;25.63;;;;759;06/06/2023;06:20:38;26.01;;;;759;06/06/2023;06:24:17;24.59;;;;
760;06/06/2023;06:20:09;25.64;;;;760;06/06/2023;06:21:38;26.02;;;;760;06/06/2023;06:25:17;24.59;;;;
761;06/06/2023;06:21:09;25.62;;;;761;06/06/2023;06:22:38;26;;;;761;06/06/2023;06:26:17;24.61;;;;
762;06/06/2023;06:22:09;25.63;;;;762;06/06/2023;06:23:38;26.01;;;;762;06/06/2023;06:27:17;24.63;;;;
763;06/06/2023;06:23:09;25.6;;;;763;06/06/2023;06:24:38;26.01;;;;763;06/06/2023;06:28:17;24.61;;;;
764;06/06/2023;06:24:08;25.63;;;;764;06/06/2023;06:25:37;25.99;;;;764;06/06/2023;06:29:17;24.61;;;;
765;06/06/2023;06:25:08;25.61;;;;765;06/06/2023;06:26:37;26;;;;765;06/06/2023;06:30:17;24.6;;;;
766;06/06/2023;06:26:08;25.61;;;;766;06/06/2023;06:27:37;26.01;;;;766;06/06/2023;06:31:17;24.6;;;;
767;06/06/2023;06:27:08;25.59;;;;767;06/06/2023;06:28:37;25.98;;;;767;06/06/2023;06:32:17;24.58;;;;
768;06/06/2023;06:28:08;25.61;;;;768;06/06/2023;06:29:37;25.98;;;;768;06/06/2023;06:33:17;24.6;;;;
769;06/06/2023;06:29:08;25.59;;;;769;06/06/2023;06:30:37;25.98;;;;769;06/06/2023;06:34:17;24.61;;;;
770;06/06/2023;06:30:08;25.6;;;;770;06/06/2023;06:31:37;26.01;;;;770;06/06/2023;06:35:17;24.6;;;;
771;06/06/2023;06:31:08;25.59;;;;771;06/06/2023;06:32:37;25.99;;;;771;06/06/2023;06:36:17;24.58;;;;
772;06/06/2023;06:32:08;25.59;;;;772;06/06/2023;06:33:36;25.99;;;;772;06/06/2023;06:37:17;24.6;;;;
773;06/06/2023;06:33:08;25.59;;;;773;06/06/2023;06:34:36;25.98;;;;773;06/06/2023;06:38:17;24.59;;;;
774;06/06/2023;06:34:08;25.6;;;;774;06/06/2023;06:35:36;25.98;;;;774;06/06/2023;06:39:17;24.6;;;;
775;06/06/2023;06:35:08;25.61;;;;775;06/06/2023;06:36:36;26.01;;;;775;06/06/2023;06:40:17;24.62;;;;
776;06/06/2023;06:36:08;25.59;;;;776;06/06/2023;06:37:36;26;;;;776;06/06/2023;06:41:17;24.62;;;;
777;06/06/2023;06:37:08;25.61;;;;777;06/06/2023;06:38:36;25.99;;;;777;06/06/2023;06:42:18;24.63;;;;
778;06/06/2023;06:38:08;25.6;;;;778;06/06/2023;06:39:35;25.99;;;;778;06/06/2023;06:43:18;24.6;;;;
779;06/06/2023;06:39:08;25.57;;;;779;06/06/2023;06:40:35;25.99;;;;779;06/06/2023;06:44:18;24.59;;;;
780;06/06/2023;06:40:08;25.58;;;;780;06/06/2023;06:41:35;25.98;;;;780;06/06/2023;06:45:18;24.59;;;;
781;06/06/2023;06:41:08;25.6;;;;781;06/06/2023;06:42:35;25.99;;;;781;06/06/2023;06:46:18;24.6;;;;
782;06/06/2023;06:42:08;25.59;;;;782;06/06/2023;06:43:35;25.98;;;;782;06/06/2023;06:47:18;24.6;;;;
783;06/06/2023;06:43:07;25.59;;;;783;06/06/2023;06:44:35;26;;;;783;06/06/2023;06:48:18;24.62;;;;
784;06/06/2023;06:44:07;25.6;;;;784;06/06/2023;06:45:35;25.98;;;;784;06/06/2023;06:49:18;24.61;;;;
785;06/06/2023;06:45:07;25.58;;;;785;06/06/2023;06:46:34;25.98;;;;785;06/06/2023;06:50:18;24.61;;;;
786;06/06/2023;06:46:07;25.59;;;;786;06/06/2023;06:47:34;26;;;;786;06/06/2023;06:51:18;24.62;;;;
787;06/06/2023;06:47:07;25.59;;;;787;06/06/2023;06:48:34;25.99;;;;787;06/06/2023;06:52:18;24.58;;;;
788;06/06/2023;06:48:07;25.6;;;;788;06/06/2023;06:49:34;25.98;;;;788;06/06/2023;06:53:18;24.6;;;;
789;06/06/2023;06:49:07;25.59;;;;789;06/06/2023;06:50:34;25.98;;;;789;06/06/2023;06:54:18;24.61;;;;
790;06/06/2023;06:50:07;25.59;;;;790;06/06/2023;06:51:34;26;;;;790;06/06/2023;06:55:18;24.61;;;;
791;06/06/2023;06:51:07;25.59;;;;791;06/06/2023;06:52:33;25.98;;;;791;06/06/2023;06:56:18;24.63;;;;
792;06/06/2023;06:52:07;25.59;;;;792;06/06/2023;06:53:33;25.98;;;;792;06/06/2023;06:57:18;24.61;;;;
793;06/06/2023;06:53:07;25.59;;;;793;06/06/2023;06:54:33;25.98;;;;793;06/06/2023;06:58:18;24.61;;;;
794;06/06/2023;06:54:07;25.59;;;;794;06/06/2023;06:55:33;25.98;;;;794;06/06/2023;06:59:18;24.62;;;;
795;06/06/2023;06:55:07;25.6;;;;795;06/06/2023;06:56:33;25.98;;;;795;06/06/2023;07:00:18;24.6;;;;
796;06/06/2023;06:56:07;25.59;;;;796;06/06/2023;06:57:33;25.99;;;;796;06/06/2023;07:01:18;24.61;;;;
797;06/06/2023;06:57:07;25.59;;;;797;06/06/2023;06:58:32;25.98;;;;797;06/06/2023;07:02:19;24.61;;;;
798;06/06/2023;06:58:06;25.61;;;;798;06/06/2023;06:59:32;25.99;;;;798;06/06/2023;07:03:19;24.63;;;;
799;06/06/2023;06:59:06;25.59;;;;799;06/06/2023;07:00:32;25.98;;;;799;06/06/2023;07:04:19;24.59;;;;
800;06/06/2023;07:00:06;25.59;;;;800;06/06/2023;07:01:32;26.01;;;;800;06/06/2023;07:05:19;24.58;;;;
801;06/06/2023;07:01:06;25.59;;;;801;06/06/2023;07:02:32;25.96;;;;801;06/06/2023;07:06:19;24.62;Synchronized;;;
802;06/06/2023;07:02:06;25.57;;;;802;06/06/2023;07:03:32;25.98;;;;802;06/06/2023;07:07:19;24.61;;;;
803;06/06/2023;07:03:06;25.59;;;;803;06/06/2023;07:04:32;25.98;;;;803;06/06/2023;07:08:19;24.62;;;;
804;06/06/2023;07:04:06;25.61;;;;804;06/06/2023;07:05:31;25.99;;;;804;06/06/2023;07:09:19;24.6;;;;
805;06/06/2023;07:05:06;25.59;;;;805;06/06/2023;07:06:31;25.98;;;;805;06/06/2023;07:10:19;24.61;;;;
806;06/06/2023;07:06:06;25.59;;;;806;06/06/2023;07:07:31;25.99;;;;806;06/06/2023;07:11:19;24.59;;;;
807;06/06/2023;07:07:06;25.61;;;;807;06/06/2023;07:08:31;25.98;;;;807;06/06/2023;07:12:19;24.6;;;;
808;06/06/2023;07:08:06;25.6;;;;808;06/06/2023;07:09:31;25.98;;;;808;06/06/2023;07:13:19;24.61;;;;
809;06/06/2023;07:09:06;25.61;;;;809;06/06/2023;07:10:31;25.98;;;;809;06/06/2023;07:14:19;24.61;;;;
810;06/06/2023;07:10:06;25.59;;;;810;06/06/2023;07:11:30;25.99;;;;810;06/06/2023;07:15:19;24.62;;;;
811;06/06/2023;07:11:06;25.6;;;;811;06/06/2023;07:12:30;25.99;;;;811;06/06/2023;07:16:19;24.6;;;;
812;06/06/2023;07:12:05;25.62;;;;812;06/06/2023;07:13:30;25.98;;;;812;06/06/2023;07:17:19;24.61;;;;
813;06/06/2023;07:13:05;25.61;;;;813;06/06/2023;07:14:30;25.99;;;;813;06/06/2023;07:18:19;24.62;Synchronized;;;
814;06/06/2023;07:14:05;25.61;;;;814;06/06/2023;07:15:30;26.01;;;;814;06/06/2023;07:19:19;24.63;;;;
815;06/06/2023;07:15:05;25.6;;;;815;06/06/2023;07:16:30;25.98;;;;815;06/06/2023;07:20:20;24.6;;;;
816;06/06/2023;07:16:05;25.61;;;;816;06/06/2023;07:17:30;26;;;;816;06/06/2023;07:21:20;24.62;;;;
817;06/06/2023;07:17:05;25.62;;;;817;06/06/2023;07:18:29;25.99;;;;817;06/06/2023;07:22:20;24.63;;;;
818;06/06/2023;07:18:05;25.61;;;;818;06/06/2023;07:19:29;25.99;;;;818;06/06/2023;07:23:20;24.66;;;;
819;06/06/2023;07:19:05;25.59;;;;819;06/06/2023;07:20:29;25.98;;;;819;06/06/2023;07:24:20;24.64;;;;
820;06/06/2023;07:20:05;25.61;;;;820;06/06/2023;07:21:29;25.98;;;;820;06/06/2023;07:25:20;24.63;;;;
821;06/06/2023;07:21:05;25.59;;;;821;06/06/2023;07:22:29;25.99;;;;821;06/06/2023;07:26:20;24.63;;;;
822;06/06/2023;07:22:05;25.6;;;;822;06/06/2023;07:23:29;25.98;;;;822;06/06/2023;07:27:20;24.64;;;;
823;06/06/2023;07:23:05;25.59;;;;823;06/06/2023;07:24:29;26.01;Synchronized;;;823;06/06/2023;07:28:20;24.66;;;;
824;06/06/2023;07:24:05;25.61;;;;824;06/06/2023;07:25:28;25.98;Synchronized;;;824;06/06/2023;07:29:20;24.65;;;;
825;06/06/2023;07:25:04;25.63;;;;825;06/06/2023;07:26:28;26.01;;;;825;06/06/2023;07:30:20;24.66;;;;
826;06/06/2023;07:26:04;25.62;Synchronized;;;826;06/06/2023;07:27:28;25.98;;;;826;06/06/2023;07:31:20;24.64;;;;
827;06/06/2023;07:27:04;25.61;;;;827;06/06/2023;07:28:28;26;;;;827;06/06/2023;07:32:20;24.66;;;;
828;06/06/2023;07:28:04;25.6;;;;828;06/06/2023;07:29:28;25.99;;;;828;06/06/2023;07:33:20;24.65;;;;
829;06/06/2023;07:29:04;25.62;;;;829;06/06/2023;07:30:27;26.01;;;;829;06/06/2023;07:34:20;24.66;;;;
830;06/06/2023;07:30:04;25.63;;;;830;06/06/2023;07:31:27;26.02;;;;830;06/06/2023;07:35:20;24.64;;;;
831;06/06/2023;07:31:04;25.63;;;;831;06/06/2023;07:32:27;26.02;Synchronized;;;831;06/06/2023;07:36:20;24.65;;;;
832;06/06/2023;07:32:04;25.64;;;;832;06/06/2023;07:33:27;26.01;;;;832;06/06/2023;07:37:20;24.63;;;;
833;06/06/2023;07:33:04;25.63;;;;833;06/06/2023;07:34:27;26;;;;833;06/06/2023;07:38:20;24.64;;;;
834;06/06/2023;07:34:04;25.63;;;;834;06/06/2023;07:35:27;25.99;;;;834;06/06/2023;07:39:20;24.63;;;;
835;06/06/2023;07:35:04;25.64;;;;835;06/06/2023;07:36:27;26.01;;;;835;06/06/2023;07:40:20;24.63;;;;
836;06/06/2023;07:36:04;25.63;;;;836;06/06/2023;07:37:27;26.02;Synchronized;;;836;06/06/2023;07:41:21;24.63;;;;
837;06/06/2023;07:37:03;25.62;;;;837;06/06/2023;07:38:26;26;;;;837;06/06/2023;07:42:21;24.64;;;;
838;06/06/2023;07:38:03;25.61;;;;838;06/06/2023;07:39:26;26.01;;;;838;06/06/2023;07:43:21;24.63;;;;
839;06/06/2023;07:39:03;25.62;;;;839;06/06/2023;07:40:26;25.98;;;;839;06/06/2023;07:44:21;24.69;;;;
840;06/06/2023;07:40:03;25.63;;;;840;06/06/2023;07:41:26;26.02;Synchronized;;;840;06/06/2023;07:45:21;24.71;;;;
841;06/06/2023;07:41:03;25.63;;;;841;06/06/2023;07:42:26;25.98;;;;841;06/06/2023;07:46:21;24.7;;;;
842;06/06/2023;07:42:03;25.63;;;;842;06/06/2023;07:43:26;25.98;;;;842;06/06/2023;07:47:21;24.69;;;;
843;06/06/2023;07:43:03;25.63;;;;843;06/06/2023;07:44:26;25.88;;;;843;06/06/2023;07:48:21;24.68;;;;
844;06/06/2023;07:44:03;25.62;;;;844;06/06/2023;07:45:25;25.78;;;;844;06/06/2023;07:49:21;24.68;;;;
845;06/06/2023;07:45:03;25.61;;;;845;06/06/2023;07:46:25;25.7;;;;845;06/06/2023;07:50:21;24.66;;;;
846;06/06/2023;07:46:03;25.55;;;;846;06/06/2023;07:47:25;25.63;;;;846;06/06/2023;07:51:21;24.66;;;;
847;06/06/2023;07:47:03;25.48;;;;847;06/06/2023;07:48:25;25.57;;;;847;06/06/2023;07:52:21;24.68;;;;
848;06/06/2023;07:48:03;25.47;;;;848;06/06/2023;07:49:25;25.57;;;;848;06/06/2023;07:53:21;24.66;;;;
849;06/06/2023;07:49:02;25.45;;;;849;06/06/2023;07:50:25;25.54;;;;849;06/06/2023;07:54:21;24.66;;;;
850;06/06/2023;07:50:02;25.4;;;;850;06/06/2023;07:51:25;25.52;;;;850;06/06/2023;07:55:21;24.77;;;;
851;06/06/2023;07:51:02;25.4;;;;851;06/06/2023;07:52:25;25.46;;;;;;;;;;;
852;06/06/2023;07:52:02;25.39;;;;852;06/06/2023;07:53:25;25.48;;;;;;;;;;;
853;06/06/2023;07:53:02;25.37;;;;853;06/06/2023;07:54:24;25.44;;;;;;;;;;;
854;06/06/2023;07:54:02;25.36;;;;854;06/06/2023;07:55:24;25.43;;;;;;;;;;;
855;06/06/2023;07:55:02;25.34;;;;855;06/06/2023;07:56:24;25.38;;;;;;;;;;;
856;06/06/2023;07:56:02;25.32;;;;856;06/06/2023;07:57:24;25.26;;;;;;;;;;;
857;06/06/2023;07:57:02;25.2;;;;857;06/06/2023;07:58:24;25.18;;;;;;;;;;;
858;06/06/2023;07:58:02;25.12;;;;858;06/06/2023;07:59:24;25.13;;;;;;;;;;;
859;06/06/2023;07:59:02;25.05;;;;859;06/06/2023;08:00:24;25.12;;;;;;;;;;;
860;06/06/2023;08:00:02;25.01;;;;860;06/06/2023;08:01:24;25.06;;;;;;;;;;;
861;06/06/2023;08:01:02;24.97;;;;861;06/06/2023;08:02:23;25.04;;;;;;;;;;;
862;06/06/2023;08:02:02;24.96;;;;862;06/06/2023;08:03:23;25.02;;;;;;;;;;;
863;06/06/2023;08:03:02;24.95;;;;863;06/06/2023;08:04:23;24.97;;;;;;;;;;;
864;06/06/2023;08:04:02;24.94;;;;864;06/06/2023;08:05:23;24.95;;;;;;;;;;;
865;06/06/2023;08:05:02;24.9;;;;865;06/06/2023;08:06:23;24.92;;;;;;;;;;;
866;06/06/2023;08:06:02;24.85;;;;866;06/06/2023;08:07:23;24.87;;;;;;;;;;;
867;06/06/2023;08:07:02;24.81;;;;867;06/06/2023;08:08:23;24.84;;;;;;;;;;;
868;06/06/2023;08:08:02;24.79;;;;868;06/06/2023;08:09:22;24.81;;;;;;;;;;;
869;06/06/2023;08:09:02;24.75;;;;869;06/06/2023;08:10:22;24.77;;;;;;;;;;;
870;06/06/2023;08:10:02;24.73;;;;870;06/06/2023;08:11:22;24.79;;;;;;;;;;;
871;06/06/2023;08:11:02;24.7;;;;871;06/06/2023;08:12:22;24.77;;;;;;;;;;;
872;06/06/2023;08:12:02;24.71;;;;872;06/06/2023;08:13:22;24.79;;;;;;;;;;;
873;06/06/2023;08:13:02;24.7;;;;873;06/06/2023;08:14:22;24.8;;;;;;;;;;;
874;06/06/2023;08:14:01;24.73;;;;874;06/06/2023;08:15:22;24.81;;;;;;;;;;;
875;06/06/2023;08:15:01;24.75;;;;875;06/06/2023;08:16:22;24.85;;;;;;;;;;;
876;06/06/2023;08:16:01;24.74;;;;876;06/06/2023;08:17:21;24.87;;;;;;;;;;;
877;06/06/2023;08:17:01;24.78;;;;877;06/06/2023;08:18:21;24.88;;;;;;;;;;;
878;06/06/2023;08:18:01;24.8;;;;878;06/06/2023;08:19:21;25.19;;;;;;;;;;;
879;06/06/2023;08:19:01;24.99;;;;879;06/06/2023;08:20:21;25.66;;;;;;;;;;;
880;06/06/2023;08:20:01;25.4;;;;880;06/06/2023;08:21:21;25.87;Synchronized;;;;;;;;;;
881;06/06/2023;08:21:01;25.64;Synchronized;;;881;06/06/2023;08:22:21;25.89;Synchronized;;;;;;;;;;
882;06/06/2023;08:22:01;25.76;Synchronized;;;882;06/06/2023;08:23:21;25.89;;;;;;;;;;;
883;06/06/2023;08:23:01;25.8;Synchronized;;;883;06/06/2023;08:24:20;25.9;;;;;;;;;;;
884;06/06/2023;08:24:01;25.81;Synchronized;;;884;06/06/2023;08:25:20;25.91;Synchronized;;;;;;;;;;
885;06/06/2023;08:25:01;25.82;Synchronized;;;885;06/06/2023;08:26:20;25.91;;;;;;;;;;;
886;06/06/2023;08:26:01;25.84;Synchronized;;;886;06/06/2023;08:27:20;25.93;;;;;;;;;;;
887;06/06/2023;08:27:01;25.85;Synchronized;;;887;06/06/2023;08:28:20;25.93;;;;;;;;;;;
888;06/06/2023;08:28:01;25.86;Synchronized;;;888;06/06/2023;08:29:20;25.95;Synchronized;;;;;;;;;;
889;06/06/2023;08:29:01;26.31;;;;889;06/06/2023;08:30:19;25.93;Synchronized;;;;;;;;;;
890;06/06/2023;08:30:01;27.41;;;;890;06/06/2023;08:31:19;25.95;;;;;;;;;;;
891;06/06/2023;08:30:16;27.38;;;;891;06/06/2023;08:32:19;25.94;Synchronized;;;;;;;;;;
892;06/06/2023;08:30:31;27.34;;;;892;06/06/2023;08:33:19;25.95;;;;;;;;;;;
893;06/06/2023;08:30:46;27.52;;;;893;06/06/2023;08:34:19;25.95;;;;;;;;;;;
894;06/06/2023;08:31:01;27.7;;;;894;06/06/2023;08:35:19;25.98;;;;;;;;;;;
895;06/06/2023;08:31:15;27.48;;;;895;06/06/2023;08:36:19;26.02;;;;;;;;;;;
896;06/06/2023;08:31:30;27.17;;;;896;06/06/2023;08:37:18;26.03;;;;;;;;;;;
897;06/06/2023;08:31:45;26.89;;;;897;06/06/2023;08:38:18;26.05;;;;;;;;;;;
898;06/06/2023;08:32:00;26.66;;;;898;06/06/2023;08:39:18;26.05;;;;;;;;;;;
899;06/06/2023;08:32:15;26.43;Synchronized;;;899;06/06/2023;08:40:18;26.06;;;;;;;;;;;
900;06/06/2023;08:32:30;26.2;;;;900;06/06/2023;08:41:18;26.1;;;;;;;;;;;
901;06/06/2023;08:32:46;25.98;;;;901;06/06/2023;08:42:18;28.45;Synchronized;;;;;;;;;;
902;06/06/2023;08:33:01;25.79;;;;902;06/06/2023;08:43:17;34.73;;;;;;;;;;;
903;06/06/2023;08:33:16;25.64;;;;903;06/06/2023;08:44:17;36.03;Synchronized;;;;;;;;;;
904;06/06/2023;08:33:31;25.49;;;;904;06/06/2023;08:45:17;36.48;Synchronized;;;;;;;;;;
905;06/06/2023;08:33:46;25.35;;;;905;06/06/2023;08:46:17;36.59;Synchronized;;;;;;;;;;
906;06/06/2023;08:34:01;25.24;Synchronized;;;906;06/06/2023;08:47:17;36.62;Synchronized;;;;;;;;;;
907;06/06/2023;08:34:16;25.13;;;;907;06/06/2023;08:48:16;36.66;Synchronized;;;;;;;;;;
908;06/06/2023;08:34:31;25.03;;;;908;06/06/2023;08:49:16;36.67;Synchronized;;;;;;;;;;
909;06/06/2023;08:34:46;24.95;;;;909;06/06/2023;08:50:16;36.67;Synchronized;;;;;;;;;;
910;06/06/2023;08:35:01;24.86;Synchronized;;;910;06/06/2023;08:51:16;36.7;Synchronized;;;;;;;;;;
911;06/06/2023;08:35:16;24.77;Synchronized;;;911;06/06/2023;08:52:16;36.72;Synchronized;;;;;;;;;;
912;06/06/2023;08:35:31;24.73;;;;912;06/06/2023;08:53:16;36.71;Synchronized;;;;;;;;;;
913;06/06/2023;08:35:46;24.66;;;;913;06/06/2023;08:54:16;36.73;Synchronized;;;;;;;;;;
914;06/06/2023;08:36:01;24.61;;;;914;06/06/2023;08:55:16;36.73;Synchronized;;;;;;;;;;
915;06/06/2023;08:36:16;24.57;;;;915;06/06/2023;08:56:15;36.76;Synchronized;;;;;;;;;;
916;06/06/2023;08:36:31;24.51;Synchronized;;;916;06/06/2023;08:57:15;36.75;Synchronized;;;;;;;;;;
917;06/06/2023;08:36:46;24.46;;;;917;06/06/2023;08:58:15;36.76;Synchronized;;;;;;;;;;
918;06/06/2023;08:37:01;24.43;Synchronized;;;918;06/06/2023;08:59:15;36.75;Synchronized;;;;;;;;;;
919;06/06/2023;08:37:16;24.39;Synchronized;;;919;06/06/2023;09:00:15;36.77;Synchronized;;;;;;;;;;
920;06/06/2023;08:37:31;24.34;Synchronized;;;920;06/06/2023;09:01:15;36.79;Synchronized;;;;;;;;;;
921;06/06/2023;08:37:46;24.33;Synchronized;;;921;06/06/2023;09:02:15;36.77;Synchronized;;;;;;;;;;
922;06/06/2023;08:38:01;24.31;;;;922;06/06/2023;09:03:15;36.83;Synchronized;;;;;;;;;;
923;06/06/2023;08:38:16;24.28;;;;923;06/06/2023;09:04:15;36.81;Synchronized;;;;;;;;;;
924;06/06/2023;08:38:31;24.27;Synchronized;;;924;06/06/2023;09:05:14;36.78;Synchronized;;;;;;;;;;
925;06/06/2023;08:38:46;24.26;Synchronized;;;925;06/06/2023;09:06:14;36.79;Synchronized;;;;;;;;;;
926;06/06/2023;08:39:01;24.25;Synchronized;;;926;06/06/2023;09:07:14;36.81;Synchronized;;;;;;;;;;
927;06/06/2023;08:39:16;24.21;Synchronized;;;927;06/06/2023;09:08:14;36.8;Synchronized;;;;;;;;;;
928;06/06/2023;08:39:31;24.22;;;;928;06/06/2023;09:09:14;36.81;Synchronized;;;;;;;;;;
929;06/06/2023;08:39:46;24.21;;;;929;06/06/2023;09:10:14;36.82;Synchronized;;;;;;;;;;
930;06/06/2023;08:40:01;24.21;Synchronized;;;930;06/06/2023;09:11:14;36.8;Synchronized;;;;;;;;;;
931;06/06/2023;08:40:16;24.21;Synchronized;;;931;06/06/2023;09:12:14;36.78;Synchronized;;;;;;;;;;
932;06/06/2023;08:40:31;24.21;Synchronized;;;932;06/06/2023;09:13:13;36.82;Synchronized;;;;;;;;;;
933;06/06/2023;08:40:46;24.22;;;;933;06/06/2023;09:14:13;36.81;Synchronized;;;;;;;;;;
934;06/06/2023;08:41:01;24.22;Synchronized;;;934;06/06/2023;09:15:13;36.83;Synchronized;;;;;;;;;;
935;06/06/2023;08:41:16;24.23;Synchronized;;;935;06/06/2023;09:16:13;36.84;Synchronized;;;;;;;;;;
936;06/06/2023;08:41:31;24.22;Synchronized;;;936;06/06/2023;09:17:13;36.81;;;;;;;;;;;
937;06/06/2023;08:41:46;24.25;;;;937;06/06/2023;09:18:13;36.81;;;;;;;;;;;
938;06/06/2023;08:42:01;24.29;Synchronized;;;938;06/06/2023;09:19:13;36.8;;;;;;;;;;;
939;06/06/2023;08:42:16;24.3;Synchronized;;;939;06/06/2023;09:20:13;36.82;;;;;;;;;;;
940;06/06/2023;08:42:31;24.31;Synchronized;;;940;06/06/2023;09:21:13;36.8;;;;;;;;;;;
941;06/06/2023;08:42:46;24.3;Synchronized;;;941;06/06/2023;09:22:13;36.81;;;;;;;;;;;
942;06/06/2023;08:43:01;24.33;Synchronized;;;942;06/06/2023;09:23:13;36.81;;;;;;;;;;;
943;06/06/2023;08:43:16;24.31;Synchronized;;;943;06/06/2023;09:24:13;36.8;;;;;;;;;;;
944;06/06/2023;08:43:31;24.31;Synchronized;;;944;06/06/2023;09:25:13;36.83;;;;;;;;;;;
945;06/06/2023;08:43:46;24.34;;;;945;06/06/2023;09:26:13;36.83;;;;;;;;;;;
946;06/06/2023;08:44:01;24.35;Synchronized;;;946;06/06/2023;09:27:12;36.81;;;;;;;;;;;
947;06/06/2023;08:44:17;24.41;Synchronized;;;947;06/06/2023;09:28:12;36.84;;;;;;;;;;;
948;06/06/2023;08:44:32;24.82;;;;948;06/06/2023;09:29:12;36.82;;;;;;;;;;;
949;06/06/2023;08:44:47;29.13;Synchronized;;;949;06/06/2023;09:30:12;36.83;;;;;;;;;;;
950;06/06/2023;08:45:02;32.18;Synchronized;;;950;06/06/2023;09:31:12;36.81;;;;;;;;;;;
951;06/06/2023;08:45:17;33.91;Synchronized;;;951;06/06/2023;09:32:12;36.83;;;;;;;;;;;
952;06/06/2023;08:45:32;34.88;Synchronized;;;952;06/06/2023;09:33:12;36.82;;;;;;;;;;;
953;06/06/2023;08:45:47;35.49;Synchronized;;;953;06/06/2023;09:34:12;36.82;;;;;;;;;;;
954;06/06/2023;08:46:02;35.83;Synchronized;;;954;06/06/2023;09:35:12;36.81;;;;;;;;;;;
955;06/06/2023;08:46:17;36.03;Synchronized;;;955;06/06/2023;09:36:12;36.82;;;;;;;;;;;
956;06/06/2023;08:46:32;36.14;Synchronized;;;956;06/06/2023;09:37:12;36.83;;;;;;;;;;;
957;06/06/2023;08:46:47;36.23;Synchronized;;;957;06/06/2023;09:38:11;36.84;;;;;;;;;;;
958;06/06/2023;08:47:02;36.27;Synchronized;;;958;06/06/2023;09:39:11;36.83;;;;;;;;;;;
959;06/06/2023;08:47:17;36.28;Synchronized;;;959;06/06/2023;09:40:11;36.84;;;;;;;;;;;
960;06/06/2023;08:47:32;36.27;Synchronized;;;960;06/06/2023;09:41:11;36.85;;;;;;;;;;;
961;06/06/2023;08:47:47;36.28;Synchronized;;;961;06/06/2023;09:42:11;36.84;;;;;;;;;;;
962;06/06/2023;08:48:02;36.26;Synchronized;;;962;06/06/2023;09:43:11;36.84;;;;;;;;;;;
963;06/06/2023;08:48:17;36.23;Synchronized;;;963;06/06/2023;09:44:11;36.84;;;;;;;;;;;
964;06/06/2023;08:48:32;36.23;Synchronized;;;964;06/06/2023;09:45:11;36.84;;;;;;;;;;;
965;06/06/2023;08:48:47;36.2;Synchronized;;;965;06/06/2023;09:46:11;36.85;;;;;;;;;;;
966;06/06/2023;08:49:02;36.18;Synchronized;;;966;06/06/2023;09:47:10;36.88;;;;;;;;;;;
967;06/06/2023;08:49:17;36.15;Synchronized;;;967;06/06/2023;09:48:10;36.88;;;;;;;;;;;
968;06/06/2023;08:49:32;36.14;Synchronized;;;968;06/06/2023;09:49:10;36.88;;;;;;;;;;;
969;06/06/2023;08:49:47;36.12;Synchronized;;;969;06/06/2023;09:50:10;36.88;;;;;;;;;;;
970;06/06/2023;08:50:02;36.11;Synchronized;;;970;06/06/2023;09:51:10;36.89;;;;;;;;;;;
971;06/06/2023;08:50:17;36.11;Synchronized;;;971;06/06/2023;09:52:10;36.9;;;;;;;;;;;
972;06/06/2023;08:50:32;36.1;Synchronized;;;972;06/06/2023;09:53:10;36.88;;;;;;;;;;;
973;06/06/2023;08:50:47;36.09;Synchronized;;;973;06/06/2023;09:54:10;36.89;;;;;;;;;;;
974;06/06/2023;08:51:02;36.09;Synchronized;;;974;06/06/2023;09:55:10;36.9;Synchronized;;;;;;;;;;
975;06/06/2023;08:51:17;36.08;Synchronized;;;975;06/06/2023;09:56:10;36.9;Synchronized;;;;;;;;;;
976;06/06/2023;08:51:32;36.05;Synchronized;;;976;06/06/2023;09:57:09;36.91;Synchronized;;;;;;;;;;
977;06/06/2023;08:51:47;36.05;Synchronized;;;977;06/06/2023;09:58:09;36.94;;;;;;;;;;;
978;06/06/2023;08:52:02;36.02;Synchronized;;;978;06/06/2023;09:59:09;36.92;Synchronized;;;;;;;;;;
979;06/06/2023;08:52:17;36.04;Synchronized;;;979;06/06/2023;10:00:09;36.95;;;;;;;;;;;
980;06/06/2023;08:52:32;36.05;Synchronized;;;980;06/06/2023;10:01:09;36.92;;;;;;;;;;;
981;06/06/2023;08:52:47;36.03;Synchronized;;;981;06/06/2023;10:02:09;36.91;Synchronized;;;;;;;;;;
982;06/06/2023;08:53:02;36.07;Synchronized;;;982;06/06/2023;10:03:09;36.92;;;;;;;;;;;
983;06/06/2023;08:53:17;36.09;Synchronized;;;983;06/06/2023;10:04:09;36.91;Synchronized;;;;;;;;;;
984;06/06/2023;08:53:32;36.07;Synchronized;;;984;06/06/2023;10:05:09;36.88;Synchronized;;;;;;;;;;
985;06/06/2023;08:53:47;36.09;Synchronized;;;985;06/06/2023;10:06:09;36.87;Synchronized;;;;;;;;;;
986;06/06/2023;08:54:02;36.08;Synchronized;;;986;06/06/2023;10:07:09;36.88;Synchronized;;;;;;;;;;
987;06/06/2023;08:54:17;36.07;Synchronized;;;987;06/06/2023;10:08:08;36.88;Synchronized;;;;;;;;;;
988;06/06/2023;08:54:32;36.07;Synchronized;;;988;06/06/2023;10:09:08;36.89;Synchronized;;;;;;;;;;
989;06/06/2023;08:54:47;36.05;Synchronized;;;989;06/06/2023;10:10:08;36.91;Synchronized;;;;;;;;;;
990;06/06/2023;08:55:02;36.1;Synchronized;;;990;06/06/2023;10:11:08;36.91;Synchronized;;;;;;;;;;
991;06/06/2023;08:55:17;36.09;Synchronized;;;991;06/06/2023;10:12:08;36.91;Synchronized;;;;;;;;;;
992;06/06/2023;08:55:32;36.13;Synchronized;;;992;06/06/2023;10:13:08;36.94;Synchronized;;;;;;;;;;
993;06/06/2023;08:55:47;36.13;Synchronized;;;993;06/06/2023;10:14:08;36.95;Synchronized;;;;;;;;;;
994;06/06/2023;08:56:02;36.12;Synchronized;;;994;06/06/2023;10:15:08;36.96;Synchronized;;;;;;;;;;
995;06/06/2023;08:56:17;36.1;Synchronized;;;995;06/06/2023;10:16:07;36.98;Synchronized;;;;;;;;;;
996;06/06/2023;08:56:32;36.11;Synchronized;;;996;06/06/2023;10:17:07;36.98;Synchronized;;;;;;;;;;
997;06/06/2023;08:56:47;36.12;Synchronized;;;997;06/06/2023;10:18:07;36.98;Synchronized;;;;;;;;;;
998;06/06/2023;08:57:02;36.13;Synchronized;;;998;06/06/2023;10:19:07;36.99;;;;;;;;;;;
999;06/06/2023;08:57:17;36.13;Synchronized;;;999;06/06/2023;10:20:07;36.98;;;;;;;;;;;
1000;06/06/2023;08:57:32;36.14;Synchronized;;;1000;06/06/2023;10:21:07;37.01;Synchronized;;;;;;;;;;
1001;06/06/2023;08:57:47;36.17;Synchronized;;;1001;06/06/2023;10:22:07;36.99;;;;;;;;;;;
1002;06/06/2023;08:58:02;36.18;Synchronized;;;1002;06/06/2023;10:23:06;37.01;;;;;;;;;;;
1003;06/06/2023;08:58:17;36.2;Synchronized;;;1003;06/06/2023;10:24:06;36.98;;;;;;;;;;;
1004;06/06/2023;08:58:32;36.2;Synchronized;;;1004;06/06/2023;10:25:06;36.97;;;;;;;;;;;
1005;06/06/2023;08:58:47;36.22;Synchronized;;;1005;06/06/2023;10:26:06;36.95;;;;;;;;;;;
1006;06/06/2023;08:59:02;36.25;Synchronized;;;1006;06/06/2023;10:27:06;36.95;;;;;;;;;;;
1007;06/06/2023;08:59:17;36.27;Synchronized;;;1007;06/06/2023;10:28:06;36.95;;;;;;;;;;;
1008;06/06/2023;08:59:32;36.27;Synchronized;;;1008;06/06/2023;10:29:06;36.92;;;;;;;;;;;
1009;06/06/2023;08:59:47;36.33;Synchronized;;;1009;06/06/2023;10:30:06;36.95;;;;;;;;;;;
1010;06/06/2023;09:00:02;36.31;Synchronized;;;1010;06/06/2023;10:31:06;36.95;Synchronized;;;;;;;;;;
1011;06/06/2023;09:00:17;36.34;Synchronized;;;1011;06/06/2023;10:32:05;36.95;Synchronized;;;;;;;;;;
1012;06/06/2023;09:00:32;36.33;Synchronized;;;1012;06/06/2023;10:33:05;36.97;;;;;;;;;;;
1013;06/06/2023;09:00:47;36.37;Synchronized;;;1013;06/06/2023;10:34:05;36.96;;;;;;;;;;;
1014;06/06/2023;09:01:02;36.35;Synchronized;;;1014;06/06/2023;10:35:05;36.98;;;;;;;;;;;
1015;06/06/2023;09:01:17;36.38;;;;1015;06/06/2023;10:36:05;36.97;;;;;;;;;;;
1016;06/06/2023;09:01:32;36.41;Synchronized;;;1016;06/06/2023;10:37:05;36.96;;;;;;;;;;;
1017;06/06/2023;09:01:47;36.41;Synchronized;;;1017;06/06/2023;10:38:05;36.95;;;;;;;;;;;
1018;06/06/2023;09:02:02;36.41;Synchronized;;;1018;06/06/2023;10:39:04;36.95;;;;;;;;;;;
1019;06/06/2023;09:02:17;36.41;Synchronized;;;1019;06/06/2023;10:40:04;36.95;;;;;;;;;;;
1020;06/06/2023;09:02:32;36.4;Synchronized;;;1020;06/06/2023;10:41:04;36.92;;;;;;;;;;;
1021;06/06/2023;09:02:47;36.4;Synchronized;;;1021;06/06/2023;10:42:04;36.95;;;;;;;;;;;
1022;06/06/2023;09:03:02;36.41;Synchronized;;;1022;06/06/2023;10:43:04;36.94;;;;;;;;;;;
1023;06/06/2023;09:03:17;36.4;Synchronized;;;1023;06/06/2023;10:44:04;36.95;;;;;;;;;;;
1024;06/06/2023;09:03:32;36.42;Synchronized;;;1024;06/06/2023;10:45:04;36.95;;;;;;;;;;;
1025;06/06/2023;09:03:47;36.45;Synchronized;;;1025;06/06/2023;10:46:04;36.94;;;;;;;;;;;
1026;06/06/2023;09:04:02;36.45;Synchronized;;;1026;06/06/2023;10:47:03;36.95;;;;;;;;;;;
1027;06/06/2023;09:04:17;36.45;Synchronized;;;1027;06/06/2023;10:48:03;36.94;;;;;;;;;;;
1028;06/06/2023;09:04:32;36.48;Synchronized;;;1028;06/06/2023;10:49:03;36.97;Synchronized;;;;;;;;;;
1029;06/06/2023;09:04:47;36.47;Synchronized;;;1029;06/06/2023;10:50:03;36.95;Synchronized;;;;;;;;;;
1030;06/06/2023;09:05:02;36.46;Synchronized;;;1030;06/06/2023;10:51:03;36.98;Synchronized;;;;;;;;;;
1031;06/06/2023;09:05:17;36.45;Synchronized;;;1031;06/06/2023;10:52:03;36.99;;;;;;;;;;;
1032;06/06/2023;09:05:32;36.49;Synchronized;;;1032;06/06/2023;10:53:03;37;Synchronized;;;;;;;;;;
1033;06/06/2023;09:05:47;36.45;Synchronized;;;1033;06/06/2023;10:54:03;36.99;;;;;;;;;;;
1034;06/06/2023;09:06:02;36.45;Synchronized;;;1034;06/06/2023;10:55:02;37.02;;;;;;;;;;;
1035;06/06/2023;09:06:17;36.47;Synchronized;;;1035;06/06/2023;10:56:02;37.02;Synchronized;;;;;;;;;;
1036;06/06/2023;09:06:32;36.47;Synchronized;;;1036;06/06/2023;10:57:02;37.02;Synchronized;;;;;;;;;;
1037;06/06/2023;09:06:47;36.48;Synchronized;;;1037;06/06/2023;10:58:02;37.01;;;;;;;;;;;
1038;06/06/2023;09:07:02;36.45;Synchronized;;;1038;06/06/2023;10:59:02;37.02;Synchronized;;;;;;;;;;
1039;06/06/2023;09:07:17;36.47;Synchronized;;;1039;06/06/2023;11:00:02;37;;;;;;;;;;;
1040;06/06/2023;09:07:32;36.47;Synchronized;;;1040;06/06/2023;11:01:02;36.98;Synchronized;;;;;;;;;;
1041;06/06/2023;09:07:47;36.42;Synchronized;;;1041;06/06/2023;11:02:01;36.95;;;;;;;;;;;
1042;06/06/2023;09:08:02;36.4;Synchronized;;;1042;06/06/2023;11:03:01;36.97;;;;;;;;;;;
1043;06/06/2023;09:08:17;36.36;Synchronized;;;1043;06/06/2023;11:04:01;36.95;;;;;;;;;;;
1044;06/06/2023;09:08:32;36.34;Synchronized;;;1044;06/06/2023;11:05:01;36.94;;;;;;;;;;;
1045;06/06/2023;09:08:47;36.34;Synchronized;;;1045;06/06/2023;11:06:01;36.89;;;;;;;;;;;
1046;06/06/2023;09:09:02;36.27;Synchronized;;;1046;06/06/2023;11:07:01;36.88;;;;;;;;;;;
1047;06/06/2023;09:09:17;36.23;Synchronized;;;1047;06/06/2023;11:08:01;36.86;;;;;;;;;;;
1048;06/06/2023;09:09:32;36.2;Synchronized;;;1048;06/06/2023;11:09:01;36.85;;;;;;;;;;;
1049;06/06/2023;09:09:47;36.15;Synchronized;;;1049;06/06/2023;11:10:01;36.82;;;;;;;;;;;
1050;06/06/2023;09:10:03;36.14;Synchronized;;;1050;06/06/2023;11:11:00;36.81;;;;;;;;;;;
1051;06/06/2023;09:10:18;36.09;Synchronized;;;1051;06/06/2023;11:12:00;36.81;;;;;;;;;;;
1052;06/06/2023;09:10:33;36.05;Synchronized;;;1052;06/06/2023;11:13:00;36.77;;;;;;;;;;;
1053;06/06/2023;09:10:48;35.97;Synchronized;;;1053;06/06/2023;11:14:00;36.78;;;;;;;;;;;
1054;06/06/2023;09:11:03;35.9;Synchronized;;;1054;06/06/2023;11:15:00;36.79;;;;;;;;;;;
1055;06/06/2023;09:11:18;35.87;Synchronized;;;1055;06/06/2023;11:16:00;36.77;;;;;;;;;;;
1056;06/06/2023;09:11:33;35.87;Synchronized;;;1056;06/06/2023;11:17:00;36.77;;;;;;;;;;;
1057;06/06/2023;09:11:48;35.83;Synchronized;;;1057;06/06/2023;11:18:00;36.77;Synchronized;;;;;;;;;;
1058;06/06/2023;09:12:03;35.8;Synchronized;;;1058;06/06/2023;11:19:00;36.77;Synchronized;;;;;;;;;;
1059;06/06/2023;09:12:18;35.79;Synchronized;;;1059;06/06/2023;11:19:59;36.8;Synchronized;;;;;;;;;;
1060;06/06/2023;09:12:33;35.8;Synchronized;;;1060;06/06/2023;11:20:59;36.81;Synchronized;;;;;;;;;;
1061;06/06/2023;09:12:48;35.78;Synchronized;;;1061;06/06/2023;11:21:59;36.78;;;;;;;;;;;
1062;06/06/2023;09:13:03;35.77;Synchronized;;;1062;06/06/2023;11:22:59;36.77;;;;;;;;;;;
1063;06/06/2023;09:13:18;35.77;Synchronized;;;1063;06/06/2023;11:23:59;36.77;Synchronized;;;;;;;;;;
1064;06/06/2023;09:13:33;35.74;Synchronized;;;1064;06/06/2023;11:24:59;36.75;Synchronized;;;;;;;;;;
1065;06/06/2023;09:13:48;35.7;Synchronized;;;1065;06/06/2023;11:25:59;36.75;Synchronized;;;;;;;;;;
1066;06/06/2023;09:14:03;35.7;Synchronized;;;1066;06/06/2023;11:26:59;36.71;Synchronized;;;;;;;;;;
1067;06/06/2023;09:14:18;35.7;Synchronized;;;1067;06/06/2023;11:27:58;36.66;Synchronized;;;;;;;;;;
1068;06/06/2023;09:14:33;35.72;Synchronized;;;1068;06/06/2023;11:28:58;36.7;Synchronized;;;;;;;;;;
1069;06/06/2023;09:14:48;35.84;Synchronized;;;1069;06/06/2023;11:29:58;36.66;Synchronized;;;;;;;;;;
1070;06/06/2023;09:15:03;35.93;Synchronized;;;1070;06/06/2023;11:30:58;36.69;Synchronized;;;;;;;;;;
1071;06/06/2023;09:15:18;35.98;Synchronized;;;1071;06/06/2023;11:31:58;36.69;;;;;;;;;;;
1072;06/06/2023;09:15:33;36.03;Synchronized;;;1072;06/06/2023;11:32:58;36.67;;;;;;;;;;;
1073;06/06/2023;09:15:48;36.01;Synchronized;;;1073;06/06/2023;11:33:58;36.22;;;;;;;;;;;
1074;06/06/2023;09:16:03;36;Synchronized;;;1074;06/06/2023;11:34:58;36.29;;;;;;;;;;;
1075;06/06/2023;09:16:18;35.98;Synchronized;;;1075;06/06/2023;11:35:58;36.3;;;;;;;;;;;
1076;06/06/2023;09:16:33;35.98;Synchronized;;;1076;06/06/2023;11:36:58;36.36;;;;;;;;;;;
1077;06/06/2023;09:16:48;36;Synchronized;;;1077;06/06/2023;11:37:58;36.39;Synchronized;;;;;;;;;;
1078;06/06/2023;09:17:03;35.98;Synchronized;;;1078;06/06/2023;11:38:58;36.45;;;;;;;;;;;
1079;06/06/2023;09:17:18;36.01;Synchronized;;;1079;06/06/2023;11:39:57;36.47;;;;;;;;;;;
1080;06/06/2023;09:17:33;36.02;Synchronized;;;1080;06/06/2023;11:40:57;36.32;;;;;;;;;;;
1081;06/06/2023;09:17:48;36.05;Synchronized;;;1081;06/06/2023;11:41:57;36.16;;;;;;;;;;;
1082;06/06/2023;09:18:03;36.1;Synchronized;;;1082;06/06/2023;11:42:57;36.12;;;;;;;;;;;
1083;06/06/2023;09:18:18;36.13;Synchronized;;;1083;06/06/2023;11:43:57;36.16;;;;;;;;;;;
1084;06/06/2023;09:18:33;36.16;;;;1084;06/06/2023;11:44:57;36.22;;;;;;;;;;;
1085;06/06/2023;09:18:48;36.2;Synchronized;;;1085;06/06/2023;11:45:57;36.25;;;;;;;;;;;
1086;06/06/2023;09:19:03;36.23;Synchronized;;;1086;06/06/2023;11:46:57;36.29;;;;;;;;;;;
1087;06/06/2023;09:19:18;36.22;Synchronized;;;1087;06/06/2023;11:47:56;36.32;;;;;;;;;;;
1088;06/06/2023;09:19:33;36.25;Synchronized;;;1088;06/06/2023;11:48:56;36.34;;;;;;;;;;;
1089;06/06/2023;09:19:48;36.27;Synchronized;;;1089;06/06/2023;11:49:56;36.37;;;;;;;;;;;
1090;06/06/2023;09:20:03;36.26;Synchronized;;;1090;06/06/2023;11:50:56;36.39;;;;;;;;;;;
1091;06/06/2023;09:20:18;36.26;Synchronized;;;1091;06/06/2023;11:51:56;36.4;Synchronized;;;;;;;;;;
1092;06/06/2023;09:20:33;36.28;Synchronized;;;1092;06/06/2023;11:52:56;36.4;Synchronized;;;;;;;;;;
1093;06/06/2023;09:20:48;36.23;Synchronized;;;1093;06/06/2023;11:53:56;36.41;Synchronized;;;;;;;;;;
1094;06/06/2023;09:21:03;36.27;Synchronized;;;1094;06/06/2023;11:54:56;36.36;;;;;;;;;;;
1095;06/06/2023;09:21:18;36.27;Synchronized;;;1095;06/06/2023;11:55:56;36.28;Synchronized;;;;;;;;;;
1096;06/06/2023;09:21:33;36.25;Synchronized;;;1096;06/06/2023;11:56:56;36.29;;;;;;;;;;;
1097;06/06/2023;09:21:48;36.27;Synchronized;;;1097;06/06/2023;11:57:56;36.3;;;;;;;;;;;
1098;06/06/2023;09:22:03;36.29;Synchronized;;;1098;06/06/2023;11:58:56;36.32;;;;;;;;;;;
1099;06/06/2023;09:22:18;36.31;Synchronized;;;1099;06/06/2023;11:59:55;36.26;;;;;;;;;;;
1100;06/06/2023;09:22:33;36.3;Synchronized;;;1100;06/06/2023;12:00:55;36.27;;;;;;;;;;;
1101;06/06/2023;09:22:48;36.3;Synchronized;;;1101;06/06/2023;12:01:55;36.3;;;;;;;;;;;
1102;06/06/2023;09:23:03;36.33;Synchronized;;;1102;06/06/2023;12:02:55;36.34;;;;;;;;;;;
1103;06/06/2023;09:23:18;36.34;Synchronized;;;1103;06/06/2023;12:03:55;36.38;;;;;;;;;;;
1104;06/06/2023;09:23:33;36.34;Synchronized;;;1104;06/06/2023;12:04:55;36.45;;;;;;;;;;;
1105;06/06/2023;09:23:48;36.39;Synchronized;;;1105;06/06/2023;12:05:55;36.48;;;;;;;;;;;
1106;06/06/2023;09:24:03;36.41;Synchronized;;;1106;06/06/2023;12:06:55;36.53;;;;;;;;;;;
1107;06/06/2023;09:24:18;36.45;Synchronized;;;1107;06/06/2023;12:07:55;36.59;;;;;;;;;;;
1108;06/06/2023;09:24:33;36.44;Synchronized;;;1108;06/06/2023;12:08:55;36.63;Synchronized;;;;;;;;;;
1109;06/06/2023;09:24:48;36.44;Synchronized;;;1109;06/06/2023;12:09:55;36.67;;;;;;;;;;;
1110;06/06/2023;09:25:03;36.48;Synchronized;;;1110;06/06/2023;12:10:55;36.63;Synchronized;;;;;;;;;;
1111;06/06/2023;09:25:18;36.47;Synchronized;;;1111;06/06/2023;12:11:54;36.45;;;;;;;;;;;
1112;06/06/2023;09:25:33;36.5;Synchronized;;;1112;06/06/2023;12:12:54;36.41;;;;;;;;;;;
1113;06/06/2023;09:25:48;36.48;Synchronized;;;1113;06/06/2023;12:13:54;36.37;;;;;;;;;;;
1114;06/06/2023;09:26:03;36.51;Synchronized;;;1114;06/06/2023;12:14:54;36.23;;;;;;;;;;;
1115;06/06/2023;09:26:18;36.51;Synchronized;;;1115;06/06/2023;12:15:54;36.15;;;;;;;;;;;
1116;06/06/2023;09:26:33;36.51;Synchronized;;;1116;06/06/2023;12:16:54;36.04;;;;;;;;;;;
1117;06/06/2023;09:26:48;36.52;Synchronized;;;1117;06/06/2023;12:17:54;36.09;;;;;;;;;;;
1118;06/06/2023;09:27:03;36.55;Synchronized;;;1118;06/06/2023;12:18:53;36.15;;;;;;;;;;;
1119;06/06/2023;09:27:18;36.55;Synchronized;;;1119;06/06/2023;12:19:53;36.25;;;;;;;;;;;
1120;06/06/2023;09:27:33;36.56;Synchronized;;;1120;06/06/2023;12:20:53;36.3;;;;;;;;;;;
1121;06/06/2023;09:27:48;36.56;Synchronized;;;1121;06/06/2023;12:21:53;36.35;;;;;;;;;;;
1122;06/06/2023;09:28:03;36.56;Synchronized;;;1122;06/06/2023;12:22:53;36.4;;;;;;;;;;;
1123;06/06/2023;09:28:18;36.59;Synchronized;;;1123;06/06/2023;12:23:53;36.5;;;;;;;;;;;
1124;06/06/2023;09:28:33;36.59;Synchronized;;;1124;06/06/2023;12:24:53;36.58;;;;;;;;;;;
1125;06/06/2023;09:28:48;36.59;Synchronized;;;1125;06/06/2023;12:25:52;36.62;;;;;;;;;;;
1126;06/06/2023;09:29:03;36.6;;;;1126;06/06/2023;12:26:52;36.67;;;;;;;;;;;
1127;06/06/2023;09:29:18;36.61;Synchronized;;;1127;06/06/2023;12:27:52;36.73;;;;;;;;;;;
1128;06/06/2023;09:29:33;36.59;Synchronized;;;1128;06/06/2023;12:28:52;36.79;;;;;;;;;;;
1129;06/06/2023;09:29:48;36.63;Synchronized;;;1129;06/06/2023;12:29:52;36.83;;;;;;;;;;;
1130;06/06/2023;09:30:03;36.63;Synchronized;;;1130;06/06/2023;12:30:52;36.87;Synchronized;;;;;;;;;;
1131;06/06/2023;09:30:18;36.64;Synchronized;;;1131;06/06/2023;12:31:52;36.91;Synchronized;;;;;;;;;;
1132;06/06/2023;09:30:33;36.69;Synchronized;;;1132;06/06/2023;12:32:52;36.92;;;;;;;;;;;
1133;06/06/2023;09:30:48;36.66;Synchronized;;;1133;06/06/2023;12:33:51;36.9;;;;;;;;;;;
1134;06/06/2023;09:31:03;36.68;;;;1134;06/06/2023;12:34:51;36.84;;;;;;;;;;;
1135;06/06/2023;09:31:18;36.66;Synchronized;;;1135;06/06/2023;12:35:51;36.73;;;;;;;;;;;
1136;06/06/2023;09:31:33;36.69;Synchronized;;;1136;06/06/2023;12:36:51;36.59;;;;;;;;;;;
1137;06/06/2023;09:31:48;36.68;Synchronized;;;1137;06/06/2023;12:37:51;36.37;;;;;;;;;;;
1138;06/06/2023;09:32:03;36.7;Synchronized;;;1138;06/06/2023;12:38:51;36.17;;;;;;;;;;;
1139;06/06/2023;09:32:18;36.72;Synchronized;;;1139;06/06/2023;12:39:51;36.1;Synchronized;;;;;;;;;;
1140;06/06/2023;09:32:33;36.74;Synchronized;;;1140;06/06/2023;12:40:51;36.1;Synchronized;;;;;;;;;;
1141;06/06/2023;09:32:48;36.72;Synchronized;;;1141;06/06/2023;12:41:50;36.18;Synchronized;;;;;;;;;;
1142;06/06/2023;09:33:03;36.72;Synchronized;;;1142;06/06/2023;12:42:50;36;Synchronized;;;;;;;;;;
1143;06/06/2023;09:33:18;36.73;Synchronized;;;1143;06/06/2023;12:43:50;36.15;Synchronized;;;;;;;;;;
1144;06/06/2023;09:33:33;36.74;Synchronized;;;1144;06/06/2023;12:44:50;36.35;Synchronized;;;;;;;;;;
1145;06/06/2023;09:33:48;36.74;Synchronized;;;1145;06/06/2023;12:45:50;36.48;Synchronized;;;;;;;;;;
1146;06/06/2023;09:34:03;36.73;Synchronized;;;1146;06/06/2023;12:46:50;36.54;Synchronized;;;;;;;;;;
1147;06/06/2023;09:34:18;36.71;Synchronized;;;1147;06/06/2023;12:47:49;36.74;Synchronized;;;;;;;;;;
1148;06/06/2023;09:34:33;36.71;Synchronized;;;1148;06/06/2023;12:48:49;37.02;Synchronized;;;;;;;;;;
1149;06/06/2023;09:34:48;36.73;Synchronized;;;1149;06/06/2023;12:49:49;37.38;Synchronized;;;;;;;;;;
1150;06/06/2023;09:35:03;36.72;Synchronized;;;1150;06/06/2023;12:50:49;37.58;Synchronized;;;;;;;;;;
1151;06/06/2023;09:35:18;36.73;Synchronized;;;1151;06/06/2023;12:51:49;37.66;Synchronized;;;;;;;;;;
1152;06/06/2023;09:35:33;36.76;Synchronized;;;1152;06/06/2023;12:52:49;37.62;Synchronized;;;;;;;;;;
1153;06/06/2023;09:35:48;36.74;Synchronized;;;1153;06/06/2023;12:53:48;37.61;Synchronized;;;;;;;;;;
1154;06/06/2023;09:36:03;36.73;Synchronized;;;1154;06/06/2023;12:54:48;37.55;Synchronized;;;;;;;;;;
1155;06/06/2023;09:36:18;36.75;Synchronized;;;1155;06/06/2023;12:55:48;37.48;Synchronized;;;;;;;;;;
1156;06/06/2023;09:36:33;36.74;Synchronized;;;1156;06/06/2023;12:56:48;37.5;Synchronized;;;;;;;;;;
1157;06/06/2023;09:36:48;36.73;Synchronized;;;1157;06/06/2023;12:57:48;37.46;Synchronized;;;;;;;;;;
1158;06/06/2023;09:37:03;36.77;Synchronized;;;1158;06/06/2023;12:58:48;37.49;Synchronized;;;;;;;;;;
1159;06/06/2023;09:37:18;36.77;Synchronized;;;1159;06/06/2023;12:59:47;37.54;Synchronized;;;;;;;;;;
1160;06/06/2023;09:37:33;36.78;Synchronized;;;1160;06/06/2023;13:00:47;37.56;Synchronized;;;;;;;;;;
1161;06/06/2023;09:37:48;36.77;Synchronized;;;1161;06/06/2023;13:01:47;37.53;Synchronized;;;;;;;;;;
1162;06/06/2023;09:38:03;36.77;Synchronized;;;1162;06/06/2023;13:02:47;37.52;Synchronized;;;;;;;;;;
1163;06/06/2023;09:38:18;36.8;Synchronized;;;1163;06/06/2023;13:03:47;37.5;Synchronized;;;;;;;;;;
1164;06/06/2023;09:38:33;36.76;Synchronized;;;1164;06/06/2023;13:04:47;37.49;Synchronized;;;;;;;;;;
1165;06/06/2023;09:38:48;36.76;Synchronized;;;1165;06/06/2023;13:05:46;37.49;Synchronized;;;;;;;;;;
1166;06/06/2023;09:39:03;36.77;Synchronized;;;1166;06/06/2023;13:06:46;37.49;Synchronized;;;;;;;;;;
1167;06/06/2023;09:39:18;36.77;Synchronized;;;1167;06/06/2023;13:07:46;37.48;Synchronized;;;;;;;;;;
1168;06/06/2023;09:39:33;36.77;Synchronized;;;1168;06/06/2023;13:08:46;37.48;Synchronized;;;;;;;;;;
1169;06/06/2023;09:39:48;36.8;Synchronized;;;1169;06/06/2023;13:09:46;37.5;Synchronized;;;;;;;;;;
1170;06/06/2023;09:40:03;36.78;Synchronized;;;1170;06/06/2023;13:10:46;37.49;Synchronized;;;;;;;;;;
1171;06/06/2023;09:40:18;36.77;Synchronized;;;1171;06/06/2023;13:11:45;37.48;Synchronized;;;;;;;;;;
1172;06/06/2023;09:40:33;36.77;Synchronized;;;1172;06/06/2023;13:12:45;37.47;Synchronized;;;;;;;;;;
1173;06/06/2023;09:40:48;36.8;Synchronized;;;1173;06/06/2023;13:13:45;37.48;Synchronized;;;;;;;;;;
1174;06/06/2023;09:41:03;36.81;Synchronized;;;1174;06/06/2023;13:14:45;37.48;Synchronized;;;;;;;;;;
1175;06/06/2023;09:41:18;36.81;Synchronized;;;1175;06/06/2023;13:15:45;37.46;Synchronized;;;;;;;;;;
1176;06/06/2023;09:41:33;36.8;Synchronized;;;1176;06/06/2023;13:16:45;37.47;Synchronized;;;;;;;;;;
1177;06/06/2023;09:41:48;36.82;Synchronized;;;1177;06/06/2023;13:17:44;37.45;Synchronized;;;;;;;;;;
1178;06/06/2023;09:42:03;36.81;Synchronized;;;1178;06/06/2023;13:18:44;37.45;Synchronized;;;;;;;;;;
1179;06/06/2023;09:42:18;36.78;Synchronized;;;1179;06/06/2023;13:19:44;37.45;Synchronized;;;;;;;;;;
1180;06/06/2023;09:42:33;36.77;Synchronized;;;1180;06/06/2023;13:20:44;37.45;Synchronized;;;;;;;;;;
1181;06/06/2023;09:42:48;36.76;Synchronized;;;1181;06/06/2023;13:21:44;37.45;Synchronized;;;;;;;;;;
1182;06/06/2023;09:43:03;36.8;Synchronized;;;1182;06/06/2023;13:22:44;37.44;Synchronized;;;;;;;;;;
1183;06/06/2023;09:43:18;36.87;Synchronized;;;1183;06/06/2023;13:23:43;37.45;Synchronized;;;;;;;;;;
1184;06/06/2023;09:43:33;36.91;Synchronized;;;1184;06/06/2023;13:24:43;37.43;Synchronized;;;;;;;;;;
1185;06/06/2023;09:43:48;36.93;Synchronized;;;1185;06/06/2023;13:25:43;37.4;Synchronized;;;;;;;;;;
1186;06/06/2023;09:44:03;36.95;Synchronized;;;1186;06/06/2023;13:26:43;37.38;Synchronized;;;;;;;;;;
1187;06/06/2023;09:44:18;36.95;Synchronized;;;1187;06/06/2023;13:27:43;37.38;Synchronized;;;;;;;;;;
1188;06/06/2023;09:44:33;36.96;Synchronized;;;1188;06/06/2023;13:28:43;37.38;Synchronized;;;;;;;;;;
1189;06/06/2023;09:44:48;36.93;Synchronized;;;1189;06/06/2023;13:29:42;37.38;Synchronized;;;;;;;;;;
1190;06/06/2023;09:45:03;36.95;Synchronized;;;1190;06/06/2023;13:30:42;37.38;Synchronized;;;;;;;;;;
1191;06/06/2023;09:45:18;36.96;Synchronized;;;1191;06/06/2023;13:31:42;37.38;;;;;;;;;;;
1192;06/06/2023;09:45:33;36.96;Synchronized;;;1192;06/06/2023;13:32:42;37.36;;;;;;;;;;;
1193;06/06/2023;09:45:48;36.98;Synchronized;;;1193;06/06/2023;13:33:42;37.35;;;;;;;;;;;
1194;06/06/2023;09:46:03;36.95;Synchronized;;;1194;06/06/2023;13:34:42;37.35;;;;;;;;;;;
1195;06/06/2023;09:46:18;36.95;Synchronized;;;1195;06/06/2023;13:35:42;37.34;;;;;;;;;;;
1196;06/06/2023;09:46:33;36.95;Synchronized;;;1196;06/06/2023;13:36:41;37.31;;;;;;;;;;;
1197;06/06/2023;09:46:48;36.97;Synchronized;;;1197;06/06/2023;13:37:41;37.27;;;;;;;;;;;
1198;06/06/2023;09:47:03;36.95;Synchronized;;;1198;06/06/2023;13:38:41;37.31;;;;;;;;;;;
1199;06/06/2023;09:47:18;36.95;Synchronized;;;1199;06/06/2023;13:39:41;37.27;;;;;;;;;;;
1200;06/06/2023;09:47:33;36.98;Synchronized;;;1200;06/06/2023;13:40:41;37.28;;;;;;;;;;;
1201;06/06/2023;09:47:48;36.98;Synchronized;;;1201;06/06/2023;13:41:41;37.28;;;;;;;;;;;
1202;06/06/2023;09:48:03;36.98;Synchronized;;;1202;06/06/2023;13:42:40;37.26;;;;;;;;;;;
1203;06/06/2023;09:48:18;36.97;Synchronized;;;1203;06/06/2023;13:43:40;37.3;;;;;;;;;;;
1204;06/06/2023;09:48:33;36.98;Synchronized;;;1204;06/06/2023;13:44:40;37.27;;;;;;;;;;;
1205;06/06/2023;09:48:48;36.97;Synchronized;;;1205;06/06/2023;13:45:40;37.26;;;;;;;;;;;
1206;06/06/2023;09:49:03;36.98;Synchronized;;;1206;06/06/2023;13:46:40;37.27;;;;;;;;;;;
1207;06/06/2023;09:49:18;37.02;Synchronized;;;1207;06/06/2023;13:47:40;37.27;;;;;;;;;;;
1208;06/06/2023;09:49:33;37.04;;;;1208;06/06/2023;13:48:39;37.25;;;;;;;;;;;
1209;06/06/2023;09:49:48;37.02;;;;1209;06/06/2023;13:49:39;37.28;;;;;;;;;;;
1210;06/06/2023;09:50:03;37.02;;;;1210;06/06/2023;13:50:39;37.28;;;;;;;;;;;
1211;06/06/2023;09:50:18;37.02;;;;1211;06/06/2023;13:51:39;37.27;;;;;;;;;;;
1212;06/06/2023;09:50:33;37.02;Synchronized;;;1212;06/06/2023;13:52:39;37.28;;;;;;;;;;;
1213;06/06/2023;09:50:48;37.02;;;;1213;06/06/2023;13:53:38;37.29;;;;;;;;;;;
1214;06/06/2023;09:51:03;37.02;;;;1214;06/06/2023;13:54:38;37.3;;;;;;;;;;;
1215;06/06/2023;09:51:18;37.01;;;;1215;06/06/2023;13:55:38;37.28;;;;;;;;;;;
1216;06/06/2023;09:51:33;37.01;;;;1216;06/06/2023;13:56:38;37.27;;;;;;;;;;;
1217;06/06/2023;09:51:48;37.01;;;;1217;06/06/2023;13:57:38;37.28;;;;;;;;;;;
1218;06/06/2023;09:52:03;37.02;Synchronized;;;1218;06/06/2023;13:58:38;37.27;;;;;;;;;;;
1219;06/06/2023;09:52:18;37.01;Synchronized;;;1219;06/06/2023;13:59:37;37.26;;;;;;;;;;;
1220;06/06/2023;09:52:33;37.02;Synchronized;;;1220;06/06/2023;14:00:37;37.26;;;;;;;;;;;
1221;06/06/2023;09:52:48;37.02;Synchronized;;;1221;06/06/2023;14:01:37;37.27;;;;;;;;;;;
1222;06/06/2023;09:53:03;37.02;;;;1222;06/06/2023;14:02:37;37.24;;;;;;;;;;;
1223;06/06/2023;09:53:18;37.01;;;;1223;06/06/2023;14:03:37;37.25;;;;;;;;;;;
1224;06/06/2023;09:53:33;36.99;;;;1224;06/06/2023;14:04:37;37.23;;;;;;;;;;;
1225;06/06/2023;09:53:48;36.98;Synchronized;;;1225;06/06/2023;14:05:36;37.24;;;;;;;;;;;
1226;06/06/2023;09:54:03;36.98;;;;1226;06/06/2023;14:06:36;37.23;;;;;;;;;;;
1227;06/06/2023;09:54:18;36.99;;;;1227;06/06/2023;14:07:36;37.19;;;;;;;;;;;
1228;06/06/2023;09:54:33;36.98;;;;1228;06/06/2023;14:08:36;37.21;;;;;;;;;;;
1229;06/06/2023;09:54:48;36.98;Synchronized;;;1229;06/06/2023;14:09:36;37.22;;;;;;;;;;;
1230;06/06/2023;09:55:03;36.95;Synchronized;;;1230;06/06/2023;14:10:35;37.22;;;;;;;;;;;
1231;06/06/2023;09:55:18;36.98;Synchronized;;;1231;06/06/2023;14:11:35;37.21;;;;;;;;;;;
1232;06/06/2023;09:55:33;36.98;Synchronized;;;1232;06/06/2023;14:12:35;37.21;;;;;;;;;;;
1233;06/06/2023;09:55:48;36.99;Synchronized;;;1233;06/06/2023;14:13:35;37.16;;;;;;;;;;;
1234;06/06/2023;09:56:03;36.99;Synchronized;;;1234;06/06/2023;14:14:35;37.19;Synchronized;;;;;;;;;;
1235;06/06/2023;09:56:18;36.99;Synchronized;;;1235;06/06/2023;14:15:35;37.16;;;;;;;;;;;
1236;06/06/2023;09:56:33;37.01;Synchronized;;;1236;06/06/2023;14:16:35;37.16;Synchronized;;;;;;;;;;
1237;06/06/2023;09:56:48;36.97;Synchronized;;;1237;06/06/2023;14:17:34;37.15;;;;;;;;;;;
1238;06/06/2023;09:57:03;36.97;;;;1238;06/06/2023;14:18:34;37.16;;;;;;;;;;;
1239;06/06/2023;09:57:18;36.97;;;;1239;06/06/2023;14:19:34;37.16;;;;;;;;;;;
1240;06/06/2023;09:57:33;36.95;;;;1240;06/06/2023;14:20:34;37.15;Synchronized;;;;;;;;;;
1241;06/06/2023;09:57:48;36.91;;;;1241;06/06/2023;14:21:33;37.13;Synchronized;;;;;;;;;;
1242;06/06/2023;09:58:03;36.91;Synchronized;;;1242;06/06/2023;14:22:33;37.13;;;;;;;;;;;
1243;06/06/2023;09:58:18;36.94;;;;1243;06/06/2023;14:23:33;37.13;;;;;;;;;;;
1244;06/06/2023;09:58:33;36.98;;;;1244;06/06/2023;14:24:33;37.13;Synchronized;;;;;;;;;;
1245;06/06/2023;09:58:48;36.92;Synchronized;;;1245;06/06/2023;14:25:33;37.14;;;;;;;;;;;
1246;06/06/2023;09:59:03;36.91;Synchronized;;;1246;06/06/2023;14:26:33;37.16;Synchronized;;;;;;;;;;
1247;06/06/2023;09:59:18;36.87;;;;1247;06/06/2023;14:27:32;37.13;Synchronized;;;;;;;;;;
1248;06/06/2023;09:59:33;36.87;Synchronized;;;1248;06/06/2023;14:28:32;37.1;;;;;;;;;;;
1249;06/06/2023;09:59:48;36.74;;;;1249;06/06/2023;14:29:32;37.11;Synchronized;;;;;;;;;;
1250;06/06/2023;10:00:03;36.7;Synchronized;;;1250;06/06/2023;14:30:32;37.11;Synchronized;;;;;;;;;;
1251;06/06/2023;10:00:18;36.7;Synchronized;;;1251;06/06/2023;14:31:32;37.1;;;;;;;;;;;
1252;06/06/2023;10:00:33;36.7;Synchronized;;;1252;06/06/2023;14:32:32;37.09;Synchronized;;;;;;;;;;
1253;06/06/2023;10:00:48;36.71;;;;1253;06/06/2023;14:33:32;37.09;;;;;;;;;;;
1254;06/06/2023;10:01:03;36.7;Synchronized;;;1254;06/06/2023;14:34:31;37.08;;;;;;;;;;;
1255;06/06/2023;10:01:18;36.73;Synchronized;;;1255;06/06/2023;14:35:31;37.07;;;;;;;;;;;
1256;06/06/2023;10:01:33;36.71;;;;1256;06/06/2023;14:36:31;37.07;;;;;;;;;;;
1257;06/06/2023;10:01:48;36.71;Synchronized;;;1257;06/06/2023;14:37:31;37.09;Synchronized;;;;;;;;;;
1258;06/06/2023;10:02:03;36.73;Synchronized;;;1258;06/06/2023;14:38:31;37.07;Synchronized;;;;;;;;;;
1259;06/06/2023;10:02:18;36.73;;;;1259;06/06/2023;14:39:31;37.08;;;;;;;;;;;
1260;06/06/2023;10:02:33;36.73;Synchronized;;;1260;06/06/2023;14:40:31;37.06;;;;;;;;;;;
1261;06/06/2023;10:02:48;36.73;;;;1261;06/06/2023;14:41:30;37.08;;;;;;;;;;;
1262;06/06/2023;10:03:03;36.74;Synchronized;;;1262;06/06/2023;14:42:30;37.03;;;;;;;;;;;
1263;06/06/2023;10:03:18;36.76;Synchronized;;;1263;06/06/2023;14:43:30;37.02;Synchronized;;;;;;;;;;
1264;06/06/2023;10:03:33;36.75;;;;1264;06/06/2023;14:44:30;37.05;;;;;;;;;;;
1265;06/06/2023;10:03:48;36.75;;;;1265;06/06/2023;14:45:30;37.04;;;;;;;;;;;
1266;06/06/2023;10:04:03;36.76;;;;1266;06/06/2023;14:46:30;37.02;;;;;;;;;;;
1267;06/06/2023;10:04:18;36.77;;;;1267;06/06/2023;14:47:29;37;;;;;;;;;;;
1268;06/06/2023;10:04:33;36.8;Synchronized;;;1268;06/06/2023;14:48:29;37.02;;;;;;;;;;;
1269;06/06/2023;10:04:48;36.84;Synchronized;;;1269;06/06/2023;14:49:29;37;;;;;;;;;;;
1270;06/06/2023;10:05:03;36.84;Synchronized;;;1270;06/06/2023;14:50:29;37.01;;;;;;;;;;;
1271;06/06/2023;10:05:18;36.82;Synchronized;;;1271;06/06/2023;14:51:29;37.02;;;;;;;;;;;
1272;06/06/2023;10:05:33;36.86;Synchronized;;;1272;06/06/2023;14:52:29;37;Synchronized;;;;;;;;;;
1273;06/06/2023;10:05:48;36.86;Synchronized;;;1273;06/06/2023;14:53:29;36.98;Synchronized;;;;;;;;;;
1274;06/06/2023;10:06:03;36.87;Synchronized;;;1274;06/06/2023;14:54:28;36.95;Synchronized;;;;;;;;;;
1275;06/06/2023;10:06:18;36.87;Synchronized;;;1275;06/06/2023;14:55:28;36.95;Synchronized;;;;;;;;;;
1276;06/06/2023;10:06:33;36.87;Synchronized;;;1276;06/06/2023;14:56:28;36.94;;;;;;;;;;;
1277;06/06/2023;10:06:48;36.88;Synchronized;;;1277;06/06/2023;14:57:28;36.98;;;;;;;;;;;
1278;06/06/2023;10:07:03;36.87;Synchronized;;;1278;06/06/2023;14:58:28;36.96;;;;;;;;;;;
1279;06/06/2023;10:07:18;36.9;;;;1279;06/06/2023;14:59:28;36.99;;;;;;;;;;;
1280;06/06/2023;10:07:33;36.93;Synchronized;;;1280;06/06/2023;15:00:27;36.98;;;;;;;;;;;
1281;06/06/2023;10:07:48;36.94;;;;1281;06/06/2023;15:01:27;36.97;;;;;;;;;;;
1282;06/06/2023;10:08:03;36.96;;;;1282;06/06/2023;15:02:27;36.95;;;;;;;;;;;
1283;06/06/2023;10:08:18;36.96;Synchronized;;;1283;06/06/2023;15:03:27;36.94;;;;;;;;;;;
1284;06/06/2023;10:08:33;36.95;;;;1284;06/06/2023;15:04:27;36.92;;;;;;;;;;;
1285;06/06/2023;10:08:48;36.97;;;;1285;06/06/2023;15:05:27;36.94;Synchronized;;;;;;;;;;
1286;06/06/2023;10:09:03;36.97;Synchronized;;;1286;06/06/2023;15:06:27;36.92;Synchronized;;;;;;;;;;
1287;06/06/2023;10:09:18;36.96;;;;1287;06/06/2023;15:07:27;36.88;Synchronized;;;;;;;;;;
1288;06/06/2023;10:09:33;36.96;;;;1288;06/06/2023;15:08:27;36.88;Synchronized;;;;;;;;;;
1289;06/06/2023;10:09:48;36.95;;;;1289;06/06/2023;15:09:26;36.87;Synchronized;;;;;;;;;;
1290;06/06/2023;10:10:03;36.82;;;;1290;06/06/2023;15:10:26;36.89;Synchronized;;;;;;;;;;
1291;06/06/2023;10:10:18;36.75;;;;1291;06/06/2023;15:11:26;36.9;Synchronized;;;;;;;;;;
1292;06/06/2023;10:10:33;36.73;;;;1292;06/06/2023;15:12:26;36.88;;;;;;;;;;;
1293;06/06/2023;10:10:48;36.71;;;;1293;06/06/2023;15:13:26;36.89;;;;;;;;;;;
1294;06/06/2023;10:11:03;36.7;Synchronized;;;1294;06/06/2023;15:14:25;36.88;;;;;;;;;;;
1295;06/06/2023;10:11:18;36.66;;;;1295;06/06/2023;15:15:25;36.9;;;;;;;;;;;
1296;06/06/2023;10:11:33;36.66;;;;1296;06/06/2023;15:16:25;36.88;;;;;;;;;;;
1297;06/06/2023;10:11:48;36.68;;;;1297;06/06/2023;15:17:25;36.87;;;;;;;;;;;
1298;06/06/2023;10:12:03;36.66;;;;1298;06/06/2023;15:18:25;36.86;;;;;;;;;;;
1299;06/06/2023;10:12:18;36.64;;;;1299;06/06/2023;15:19:25;36.86;;;;;;;;;;;
1300;06/06/2023;10:12:33;36.66;;;;1300;06/06/2023;15:20:25;36.88;;;;;;;;;;;
1301;06/06/2023;10:12:48;36.69;;;;1301;06/06/2023;15:21:24;36.89;;;;;;;;;;;
1302;06/06/2023;10:13:03;36.66;;;;1302;06/06/2023;15:22:24;36.87;;;;;;;;;;;
1303;06/06/2023;10:13:18;36.65;;;;1303;06/06/2023;15:23:24;36.88;;;;;;;;;;;
1304;06/06/2023;10:13:33;36.64;;;;1304;06/06/2023;15:24:24;36.89;;;;;;;;;;;
1305;06/06/2023;10:13:48;36.65;;;;1305;06/06/2023;15:25:24;36.91;;;;;;;;;;;
1306;06/06/2023;10:14:03;36.66;;;;1306;06/06/2023;15:26:24;36.9;;;;;;;;;;;
1307;06/06/2023;10:14:18;36.68;;;;1307;06/06/2023;15:27:24;36.89;;;;;;;;;;;
1308;06/06/2023;10:14:33;36.66;;;;1308;06/06/2023;15:28:23;36.88;;;;;;;;;;;
1309;06/06/2023;10:14:48;36.68;Synchronized;;;1309;06/06/2023;15:29:23;36.91;;;;;;;;;;;
1310;06/06/2023;10:15:03;36.63;;;;1310;06/06/2023;15:30:23;36.91;;;;;;;;;;;
1311;06/06/2023;10:15:18;36.63;;;;1311;06/06/2023;15:31:23;36.92;;;;;;;;;;;
1312;06/06/2023;10:15:33;36.66;;;;1312;06/06/2023;15:32:23;36.92;;;;;;;;;;;
1313;06/06/2023;10:15:48;36.69;Synchronized;;;1313;06/06/2023;15:33:23;36.91;;;;;;;;;;;
1314;06/06/2023;10:16:03;36.7;;;;1314;06/06/2023;15:34:23;36.94;;;;;;;;;;;
1315;06/06/2023;10:16:18;36.7;Synchronized;;;1315;06/06/2023;15:35:22;36.94;;;;;;;;;;;
1316;06/06/2023;10:16:33;36.7;Synchronized;;;1316;06/06/2023;15:36:22;36.95;;;;;;;;;;;
1317;06/06/2023;10:16:48;36.69;Synchronized;;;1317;06/06/2023;15:37:22;36.92;;;;;;;;;;;
1318;06/06/2023;10:17:03;36.69;Synchronized;;;1318;06/06/2023;15:38:22;36.95;;;;;;;;;;;
1319;06/06/2023;10:17:18;36.66;Synchronized;;;1319;06/06/2023;15:39:22;36.92;;;;;;;;;;;
1320;06/06/2023;10:17:33;36.7;Synchronized;;;1320;06/06/2023;15:40:22;36.94;;;;;;;;;;;
1321;06/06/2023;10:17:48;36.68;Synchronized;;;1321;06/06/2023;15:41:21;36.92;;;;;;;;;;;
1322;06/06/2023;10:18:03;36.66;Synchronized;;;1322;06/06/2023;15:42:21;36.92;;;;;;;;;;;
1323;06/06/2023;10:18:18;36.66;Synchronized;;;1323;06/06/2023;15:43:21;36.91;;;;;;;;;;;
1324;06/06/2023;10:18:33;36.66;Synchronized;;;1324;06/06/2023;15:44:21;36.89;Synchronized;;;;;;;;;;
1325;06/06/2023;10:18:48;36.7;Synchronized;;;1325;06/06/2023;15:45:21;36.88;;;;;;;;;;;
1326;06/06/2023;10:19:03;36.7;Synchronized;;;1326;06/06/2023;15:46:21;36.9;;;;;;;;;;;
1327;06/06/2023;10:19:18;36.7;Synchronized;;;1327;06/06/2023;15:47:21;36.88;;;;;;;;;;;
1328;06/06/2023;10:19:33;36.66;Synchronized;;;1328;06/06/2023;15:48:20;36.87;;;;;;;;;;;
1329;06/06/2023;10:19:48;36.66;Synchronized;;;1329;06/06/2023;15:49:20;36.85;;;;;;;;;;;
1330;06/06/2023;10:20:03;36.68;Synchronized;;;1330;06/06/2023;15:50:20;36.84;;;;;;;;;;;
1331;06/06/2023;10:20:18;36.66;Synchronized;;;1331;06/06/2023;15:51:20;36.84;;;;;;;;;;;
1332;06/06/2023;10:20:33;36.66;Synchronized;;;1332;06/06/2023;15:52:20;36.84;Synchronized;;;;;;;;;;
1333;06/06/2023;10:20:48;36.7;;;;1333;06/06/2023;15:53:20;36.84;Synchronized;;;;;;;;;;
1334;06/06/2023;10:21:03;36.73;;;;1334;06/06/2023;15:54:20;36.83;;;;;;;;;;;
1335;06/06/2023;10:21:18;36.75;;;;1335;06/06/2023;15:55:19;36.81;;;;;;;;;;;
1336;06/06/2023;10:21:33;36.76;;;;1336;06/06/2023;15:56:19;36.8;Synchronized;;;;;;;;;;
1337;06/06/2023;10:21:48;36.76;;;;1337;06/06/2023;15:57:19;36.78;;;;;;;;;;;
1338;06/06/2023;10:22:03;36.77;;;;1338;06/06/2023;15:58:19;36.77;;;;;;;;;;;
1339;06/06/2023;10:22:18;36.77;;;;1339;06/06/2023;15:59:19;36.77;;;;;;;;;;;
1340;06/06/2023;10:22:33;36.75;;;;1340;06/06/2023;16:00:19;36.77;;;;;;;;;;;
1341;06/06/2023;10:22:48;36.73;;;;1341;06/06/2023;16:01:19;36.77;;;;;;;;;;;
1342;06/06/2023;10:23:03;36.74;Synchronized;;;1342;06/06/2023;16:02:18;36.7;;;;;;;;;;;
1343;06/06/2023;10:23:18;36.77;;;;1343;06/06/2023;16:03:18;36.69;;;;;;;;;;;
1344;06/06/2023;10:23:33;36.78;;;;1344;06/06/2023;16:04:18;36.7;;;;;;;;;;;
1345;06/06/2023;10:23:48;36.8;Synchronized;;;1345;06/06/2023;16:05:18;36.69;;;;;;;;;;;
1346;06/06/2023;10:24:03;36.8;Synchronized;;;1346;06/06/2023;16:06:18;36.69;;;;;;;;;;;
1347;06/06/2023;10:24:18;36.81;Synchronized;;;1347;06/06/2023;16:07:18;36.67;;;;;;;;;;;
1348;06/06/2023;10:24:33;36.81;;;;1348;06/06/2023;16:08:18;36.66;Synchronized;;;;;;;;;;
1349;06/06/2023;10:24:48;36.81;Synchronized;;;1349;06/06/2023;16:09:18;36.65;;;;;;;;;;;
1350;06/06/2023;10:25:03;36.84;Synchronized;;;1350;06/06/2023;16:10:17;36.66;;;;;;;;;;;
1351;06/06/2023;10:25:18;36.84;Synchronized;;;1351;06/06/2023;16:11:17;36.7;;;;;;;;;;;
1352;06/06/2023;10:25:33;36.84;Synchronized;;;1352;06/06/2023;16:12:17;36.7;;;;;;;;;;;
1353;06/06/2023;10:25:48;36.84;Synchronized;;;1353;06/06/2023;16:13:17;36.7;;;;;;;;;;;
1354;06/06/2023;10:26:03;36.84;Synchronized;;;1354;06/06/2023;16:14:17;36.71;;;;;;;;;;;
1355;06/06/2023;10:26:18;36.84;Synchronized;;;1355;06/06/2023;16:15:17;36.73;;;;;;;;;;;
1356;06/06/2023;10:26:33;36.85;Synchronized;;;1356;06/06/2023;16:16:17;36.71;;;;;;;;;;;
1357;06/06/2023;10:26:48;36.87;Synchronized;;;1357;06/06/2023;16:17:16;36.67;;;;;;;;;;;
1358;06/06/2023;10:27:03;36.87;Synchronized;;;1358;06/06/2023;16:18:16;36.67;;;;;;;;;;;
1359;06/06/2023;10:27:18;36.87;Synchronized;;;1359;06/06/2023;16:19:16;36.7;;;;;;;;;;;
1360;06/06/2023;10:27:33;36.88;Synchronized;;;1360;06/06/2023;16:20:16;36.7;;;;;;;;;;;
1361;06/06/2023;10:27:48;36.86;Synchronized;;;1361;06/06/2023;16:21:16;36.73;;;;;;;;;;;
1362;06/06/2023;10:28:03;36.84;Synchronized;;;1362;06/06/2023;16:22:16;36.73;;;;;;;;;;;
1363;06/06/2023;10:28:18;36.85;;;;1363;06/06/2023;16:23:16;36.73;;;;;;;;;;;
1364;06/06/2023;10:28:33;36.86;;;;1364;06/06/2023;16:24:15;36.74;;;;;;;;;;;
1365;06/06/2023;10:28:48;36.87;Synchronized;;;1365;06/06/2023;16:25:15;36.74;;;;;;;;;;;
1366;06/06/2023;10:29:03;36.87;Synchronized;;;1366;06/06/2023;16:26:15;36.76;;;;;;;;;;;
1367;06/06/2023;10:29:18;36.87;Synchronized;;;1367;06/06/2023;16:27:15;36.8;;;;;;;;;;;
1368;06/06/2023;10:29:33;36.87;Synchronized;;;1368;06/06/2023;16:28:15;36.79;;;;;;;;;;;
1369;06/06/2023;10:29:48;36.87;Synchronized;;;1369;06/06/2023;16:29:15;36.8;;;;;;;;;;;
1370;06/06/2023;10:30:03;36.88;Synchronized;;;1370;06/06/2023;16:30:15;;Missing data;;;;;;;;;;
1371;06/06/2023;10:30:18;36.87;Synchronized;;;1371;06/06/2023;16:31:14;36.84;;;;;;;;;;;
1372;06/06/2023;10:30:33;36.87;Synchronized;;;1372;06/06/2023;16:32:14;36.85;;;;;;;;;;;
1373;06/06/2023;10:30:48;36.87;Synchronized;;;1373;06/06/2023;16:33:14;;Missing data;;;;;;;;;;
1374;06/06/2023;10:31:03;36.85;Synchronized;;;1374;06/06/2023;16:34:14;36.85;;;;;;;;;;;
1375;06/06/2023;10:31:18;36.89;Synchronized;;;1375;06/06/2023;16:35:14;36.9;;;;;;;;;;;
1376;06/06/2023;10:31:33;36.88;;;;1376;06/06/2023;16:36:14;;Missing data;;;;;;;;;;
1377;06/06/2023;10:31:48;36.89;Synchronized;;;1377;06/06/2023;16:37:14;;Missing data;;;;;;;;;;
1378;06/06/2023;10:32:03;36.88;Synchronized;;;1378;06/06/2023;16:38:14;;Missing data;;;;;;;;;;
1379;06/06/2023;10:32:18;36.88;Synchronized;;;1379;06/06/2023;16:39:14;;Missing data;;;;;;;;;;
1380;06/06/2023;10:32:33;36.89;Synchronized;;;1380;06/06/2023;16:40:13;;Missing data;;;;;;;;;;
1381;06/06/2023;10:32:48;36.9;Synchronized;;;1381;06/06/2023;16:41:13;;Missing data;;;;;;;;;;
1382;06/06/2023;10:33:03;36.89;Synchronized;;;1382;06/06/2023;16:42:13;;Missing data;;;;;;;;;;
1383;06/06/2023;10:33:18;36.9;Synchronized;;;1383;06/06/2023;16:43:13;;Missing data;;;;;;;;;;
1384;06/06/2023;10:33:33;36.9;Synchronized;;;1384;06/06/2023;16:44:13;36.86;;;;;;;;;;;
1385;06/06/2023;10:33:48;36.92;Synchronized;;;1385;06/06/2023;16:45:12;36.87;;;;;;;;;;;
1386;06/06/2023;10:34:03;36.92;;;;1386;06/06/2023;16:46:12;;Missing data;;;;;;;;;;
1387;06/06/2023;10:34:18;36.94;;;;1387;06/06/2023;16:47:12;;Missing data;;;;;;;;;;
1388;06/06/2023;10:34:33;36.9;Synchronized;;;1388;06/06/2023;16:48:12;36.87;;;;;;;;;;;
1389;06/06/2023;10:34:48;36.94;Synchronized;;;1389;06/06/2023;16:49:12;;Missing data;;;;;;;;;;
1390;06/06/2023;10:35:03;36.93;Synchronized;;;1390;06/06/2023;16:50:12;;Missing data;;;;;;;;;;
1391;06/06/2023;10:35:18;36.95;;;;1391;06/06/2023;16:51:11;;Missing data;;;;;;;;;;
1392;06/06/2023;10:35:33;36.93;Synchronized;;;1392;06/06/2023;16:52:11;;Missing data;;;;;;;;;;
1393;06/06/2023;10:35:48;36.95;;;;1393;06/06/2023;16:53:11;36.62;;;;;;;;;;;
1394;06/06/2023;10:36:03;36.93;Synchronized;;;1394;06/06/2023;16:54:11;36.63;;;;;;;;;;;
1395;06/06/2023;10:36:18;36.92;Synchronized;;;;;;;;;;;;;;;;;
1396;06/06/2023;10:36:33;36.95;Synchronized;;;;;;;;;;;;;;;;;
1397;06/06/2023;10:36:48;36.95;Synchronized;;;;;;;;;;;;;;;;;
1398;06/06/2023;10:37:03;36.95;Synchronized;;;;;;;;;;;;;;;;;
1399;06/06/2023;10:37:18;36.96;Synchronized;;;;;;;;;;;;;;;;;
1400;06/06/2023;10:37:33;36.95;Synchronized;;;;;;;;;;;;;;;;;
1401;06/06/2023;10:37:48;36.98;Synchronized;;;;;;;;;;;;;;;;;
1402;06/06/2023;10:38:03;36.95;Synchronized;;;;;;;;;;;;;;;;;
1403;06/06/2023;10:38:18;36.96;Synchronized;;;;;;;;;;;;;;;;;
1404;06/06/2023;10:38:33;36.95;Synchronized;;;;;;;;;;;;;;;;;
1405;06/06/2023;10:38:48;36.95;Synchronized;;;;;;;;;;;;;;;;;
1406;06/06/2023;10:39:03;36.95;Synchronized;;;;;;;;;;;;;;;;;
1407;06/06/2023;10:39:17;36.97;Synchronized;;;;;;;;;;;;;;;;;
1408;06/06/2023;10:39:32;36.95;Synchronized;;;;;;;;;;;;;;;;;
1409;06/06/2023;10:39:47;36.94;Synchronized;;;;;;;;;;;;;;;;;
1410;06/06/2023;10:40:02;36.98;Synchronized;;;;;;;;;;;;;;;;;
1411;06/06/2023;10:40:17;36.98;Synchronized;;;;;;;;;;;;;;;;;
1412;06/06/2023;10:40:32;36.98;Synchronized;;;;;;;;;;;;;;;;;
1413;06/06/2023;10:40:47;36.98;Synchronized;;;;;;;;;;;;;;;;;
1414;06/06/2023;10:41:02;36.98;Synchronized;;;;;;;;;;;;;;;;;
1415;06/06/2023;10:41:17;36.99;Synchronized;;;;;;;;;;;;;;;;;
1416;06/06/2023;10:41:32;36.98;Synchronized;;;;;;;;;;;;;;;;;
1417;06/06/2023;10:41:47;36.98;Synchronized;;;;;;;;;;;;;;;;;
1418;06/06/2023;10:42:02;37;Synchronized;;;;;;;;;;;;;;;;;
1419;06/06/2023;10:42:17;37;;;;;;;;;;;;;;;;;;
1420;06/06/2023;10:42:32;37;Synchronized;;;;;;;;;;;;;;;;;
1421;06/06/2023;10:42:47;37.01;;;;;;;;;;;;;;;;;;
1422;06/06/2023;10:43:02;37;Synchronized;;;;;;;;;;;;;;;;;
1423;06/06/2023;10:43:17;37.01;;;;;;;;;;;;;;;;;;
1424;06/06/2023;10:43:32;36.98;;;;;;;;;;;;;;;;;;
1425;06/06/2023;10:43:47;36.98;Synchronized;;;;;;;;;;;;;;;;;
1426;06/06/2023;10:44:02;36.98;;;;;;;;;;;;;;;;;;
1427;06/06/2023;10:44:17;36.95;Synchronized;;;;;;;;;;;;;;;;;
1428;06/06/2023;10:44:32;36.95;Synchronized;;;;;;;;;;;;;;;;;
1429;06/06/2023;10:44:47;36.96;Synchronized;;;;;;;;;;;;;;;;;
1430;06/06/2023;10:45:02;36.97;Synchronized;;;;;;;;;;;;;;;;;
1431;06/06/2023;10:45:17;36.95;Synchronized;;;;;;;;;;;;;;;;;
1432;06/06/2023;10:45:32;36.95;Synchronized;;;;;;;;;;;;;;;;;
1433;06/06/2023;10:45:47;36.93;Synchronized;;;;;;;;;;;;;;;;;
1434;06/06/2023;10:46:02;36.92;Synchronized;;;;;;;;;;;;;;;;;
1435;06/06/2023;10:46:17;36.92;;;;;;;;;;;;;;;;;;
1436;06/06/2023;10:46:32;36.92;;;;;;;;;;;;;;;;;;
1437;06/06/2023;10:46:47;36.93;;;;;;;;;;;;;;;;;;
1438;06/06/2023;10:47:02;36.9;Synchronized;;;;;;;;;;;;;;;;;
1439;06/06/2023;10:47:17;36.89;;;;;;;;;;;;;;;;;;
1440;06/06/2023;10:47:32;36.88;Synchronized;;;;;;;;;;;;;;;;;
1441;06/06/2023;10:47:47;36.88;;;;;;;;;;;;;;;;;;
1442;06/06/2023;10:48:02;36.86;Synchronized;;;;;;;;;;;;;;;;;
1443;06/06/2023;10:48:17;36.87;Synchronized;;;;;;;;;;;;;;;;;
1444;06/06/2023;10:48:32;36.87;Synchronized;;;;;;;;;;;;;;;;;
1445;06/06/2023;10:48:47;36.87;Synchronized;;;;;;;;;;;;;;;;;
1446;06/06/2023;10:49:02;36.87;Synchronized;;;;;;;;;;;;;;;;;
1447;06/06/2023;10:49:17;36.87;Synchronized;;;;;;;;;;;;;;;;;
1448;06/06/2023;10:49:32;36.88;;;;;;;;;;;;;;;;;;
1449;06/06/2023;10:49:47;36.88;;;;;;;;;;;;;;;;;;
1450;06/06/2023;10:50:02;36.87;;;;;;;;;;;;;;;;;;
1451;06/06/2023;10:50:17;36.89;;;;;;;;;;;;;;;;;;
1452;06/06/2023;10:50:32;36.84;Synchronized;;;;;;;;;;;;;;;;;
1453;06/06/2023;10:50:47;36.88;Synchronized;;;;;;;;;;;;;;;;;
1454;06/06/2023;10:51:02;36.87;Synchronized;;;;;;;;;;;;;;;;;
1455;06/06/2023;10:51:17;36.87;Synchronized;;;;;;;;;;;;;;;;;
1456;06/06/2023;10:51:32;36.87;Synchronized;;;;;;;;;;;;;;;;;
1457;06/06/2023;10:51:47;36.88;Synchronized;;;;;;;;;;;;;;;;;
1458;06/06/2023;10:52:02;36.87;Synchronized;;;;;;;;;;;;;;;;;
1459;06/06/2023;10:52:17;36.88;Synchronized;;;;;;;;;;;;;;;;;
1460;06/06/2023;10:52:32;36.88;Synchronized;;;;;;;;;;;;;;;;;
1461;06/06/2023;10:52:47;36.88;Synchronized;;;;;;;;;;;;;;;;;
1462;06/06/2023;10:53:02;36.88;;;;;;;;;;;;;;;;;;
1463;06/06/2023;10:53:17;36.89;Synchronized;;;;;;;;;;;;;;;;;
1464;06/06/2023;10:53:32;36.89;Synchronized;;;;;;;;;;;;;;;;;
1465;06/06/2023;10:53:47;36.88;Synchronized;;;;;;;;;;;;;;;;;
1466;06/06/2023;10:54:02;36.88;Synchronized;;;;;;;;;;;;;;;;;
1467;06/06/2023;10:54:17;36.89;;;;;;;;;;;;;;;;;;
1468;06/06/2023;10:54:32;36.89;;;;;;;;;;;;;;;;;;
1469;06/06/2023;10:54:47;36.89;Synchronized;;;;;;;;;;;;;;;;;
1470;06/06/2023;10:55:02;36.9;Synchronized;;;;;;;;;;;;;;;;;
1471;06/06/2023;10:55:17;36.89;;;;;;;;;;;;;;;;;;
1472;06/06/2023;10:55:32;36.9;Synchronized;;;;;;;;;;;;;;;;;
1473;06/06/2023;10:55:47;36.91;;;;;;;;;;;;;;;;;;
1474;06/06/2023;10:56:02;36.9;;;;;;;;;;;;;;;;;;
1475;06/06/2023;10:56:17;36.93;;;;;;;;;;;;;;;;;;
1476;06/06/2023;10:56:32;36.92;;;;;;;;;;;;;;;;;;
1477;06/06/2023;10:56:47;36.91;Synchronized;;;;;;;;;;;;;;;;;
1478;06/06/2023;10:57:02;36.91;;;;;;;;;;;;;;;;;;
1479;06/06/2023;10:57:17;36.9;;;;;;;;;;;;;;;;;;
1480;06/06/2023;10:57:32;36.91;;;;;;;;;;;;;;;;;;
1481;06/06/2023;10:57:47;36.91;;;;;;;;;;;;;;;;;;
1482;06/06/2023;10:58:02;36.91;Synchronized;;;;;;;;;;;;;;;;;
1483;06/06/2023;10:58:17;36.91;;;;;;;;;;;;;;;;;;
1484;06/06/2023;10:58:32;36.92;;;;;;;;;;;;;;;;;;
1485;06/06/2023;10:58:47;36.92;;;;;;;;;;;;;;;;;;
1486;06/06/2023;10:59:02;36.95;Synchronized;;;;;;;;;;;;;;;;;
1487;06/06/2023;10:59:17;36.94;;;;;;;;;;;;;;;;;;
1488;06/06/2023;10:59:32;36.94;;;;;;;;;;;;;;;;;;
1489;06/06/2023;10:59:47;36.9;Synchronized;;;;;;;;;;;;;;;;;
1490;06/06/2023;11:00:02;36.91;;;;;;;;;;;;;;;;;;
1491;06/06/2023;11:00:17;36.93;;;;;;;;;;;;;;;;;;
1492;06/06/2023;11:00:32;36.94;;;;;;;;;;;;;;;;;;
1493;06/06/2023;11:00:47;36.91;;;;;;;;;;;;;;;;;;
1494;06/06/2023;11:01:02;36.92;;;;;;;;;;;;;;;;;;
1495;06/06/2023;11:01:17;36.94;;;;;;;;;;;;;;;;;;
1496;06/06/2023;11:01:32;36.94;;;;;;;;;;;;;;;;;;
1497;06/06/2023;11:01:47;36.93;;;;;;;;;;;;;;;;;;
1498;06/06/2023;11:02:02;36.95;;;;;;;;;;;;;;;;;;
1499;06/06/2023;11:02:17;36.93;Synchronized;;;;;;;;;;;;;;;;;
1500;06/06/2023;11:02:32;36.93;;;;;;;;;;;;;;;;;;
1501;06/06/2023;11:02:47;36.94;;;;;;;;;;;;;;;;;;
1502;06/06/2023;11:03:02;36.91;Synchronized;;;;;;;;;;;;;;;;;
1503;06/06/2023;11:03:17;36.91;;;;;;;;;;;;;;;;;;
1504;06/06/2023;11:03:32;36.91;;;;;;;;;;;;;;;;;;
1505;06/06/2023;11:03:47;36.91;;;;;;;;;;;;;;;;;;
1506;06/06/2023;11:04:02;36.91;;;;;;;;;;;;;;;;;;
1507;06/06/2023;11:04:17;36.91;Synchronized;;;;;;;;;;;;;;;;;
1508;06/06/2023;11:04:32;36.91;Synchronized;;;;;;;;;;;;;;;;;
1509;06/06/2023;11:04:47;36.92;Synchronized;;;;;;;;;;;;;;;;;
1510;06/06/2023;11:05:02;36.94;Synchronized;;;;;;;;;;;;;;;;;
1511;06/06/2023;11:05:17;36.92;Synchronized;;;;;;;;;;;;;;;;;
1512;06/06/2023;11:05:32;36.95;Synchronized;;;;;;;;;;;;;;;;;
1513;06/06/2023;11:05:47;36.93;;;;;;;;;;;;;;;;;;
1514;06/06/2023;11:06:02;36.9;Synchronized;;;;;;;;;;;;;;;;;
1515;06/06/2023;11:06:17;36.92;;;;;;;;;;;;;;;;;;
1516;06/06/2023;11:06:32;36.93;;;;;;;;;;;;;;;;;;
1517;06/06/2023;11:06:47;36.91;Synchronized;;;;;;;;;;;;;;;;;
1518;06/06/2023;11:07:02;36.91;;;;;;;;;;;;;;;;;;
1519;06/06/2023;11:07:17;36.91;;;;;;;;;;;;;;;;;;
1520;06/06/2023;11:07:32;36.9;Synchronized;;;;;;;;;;;;;;;;;
1521;06/06/2023;11:07:47;36.92;Synchronized;;;;;;;;;;;;;;;;;
1522;06/06/2023;11:08:01;36.93;Synchronized;;;;;;;;;;;;;;;;;
1523;06/06/2023;11:08:16;36.9;Synchronized;;;;;;;;;;;;;;;;;
1524;06/06/2023;11:08:31;36.91;;;;;;;;;;;;;;;;;;
1525;06/06/2023;11:08:46;36.93;Synchronized;;;;;;;;;;;;;;;;;
1526;06/06/2023;11:09:01;36.92;Synchronized;;;;;;;;;;;;;;;;;
1527;06/06/2023;11:09:16;36.93;Synchronized;;;;;;;;;;;;;;;;;
1528;06/06/2023;11:09:31;36.9;Synchronized;;;;;;;;;;;;;;;;;
1529;06/06/2023;11:09:46;36.91;;;;;;;;;;;;;;;;;;
1530;06/06/2023;11:10:01;36.91;;;;;;;;;;;;;;;;;;
1531;06/06/2023;11:10:16;36.88;;;;;;;;;;;;;;;;;;
1532;06/06/2023;11:10:31;36.91;;;;;;;;;;;;;;;;;;
1533;06/06/2023;11:10:46;36.9;;;;;;;;;;;;;;;;;;
1534;06/06/2023;11:11:01;36.92;;;;;;;;;;;;;;;;;;
1535;06/06/2023;11:11:16;36.9;;;;;;;;;;;;;;;;;;
1536;06/06/2023;11:11:31;36.93;Synchronized;;;;;;;;;;;;;;;;;
1537;06/06/2023;11:11:46;36.9;;;;;;;;;;;;;;;;;;
1538;06/06/2023;11:12:01;36.89;;;;;;;;;;;;;;;;;;
1539;06/06/2023;11:12:16;36.88;;;;;;;;;;;;;;;;;;
1540;06/06/2023;11:12:31;36.88;Synchronized;;;;;;;;;;;;;;;;;
1541;06/06/2023;11:12:46;36.86;;;;;;;;;;;;;;;;;;
1542;06/06/2023;11:13:01;36.88;Synchronized;;;;;;;;;;;;;;;;;
1543;06/06/2023;11:13:16;36.87;;;;;;;;;;;;;;;;;;
1544;06/06/2023;11:13:31;36.86;;;;;;;;;;;;;;;;;;
1545;06/06/2023;11:13:46;36.86;;;;;;;;;;;;;;;;;;
1546;06/06/2023;11:14:01;36.84;;;;;;;;;;;;;;;;;;
1547;06/06/2023;11:14:16;36.85;;;;;;;;;;;;;;;;;;
1548;06/06/2023;11:14:31;36.86;Synchronized;;;;;;;;;;;;;;;;;
1549;06/06/2023;11:14:46;36.83;;;;;;;;;;;;;;;;;;
1550;06/06/2023;11:15:01;36.85;;;;;;;;;;;;;;;;;;
1551;06/06/2023;11:15:16;36.84;Synchronized;;;;;;;;;;;;;;;;;
1552;06/06/2023;11:15:31;36.84;Synchronized;;;;;;;;;;;;;;;;;
1553;06/06/2023;11:15:46;36.84;Synchronized;;;;;;;;;;;;;;;;;
1554;06/06/2023;11:16:01;36.82;Synchronized;;;;;;;;;;;;;;;;;
1555;06/06/2023;11:16:16;36.82;Synchronized;;;;;;;;;;;;;;;;;
1556;06/06/2023;11:16:31;36.82;Synchronized;;;;;;;;;;;;;;;;;
1557;06/06/2023;11:16:46;36.8;Synchronized;;;;;;;;;;;;;;;;;
1558;06/06/2023;11:17:01;36.8;Synchronized;;;;;;;;;;;;;;;;;
1559;06/06/2023;11:17:16;36.8;Synchronized;;;;;;;;;;;;;;;;;
1560;06/06/2023;11:17:31;36.77;Synchronized;;;;;;;;;;;;;;;;;
1561;06/06/2023;11:17:46;36.77;Synchronized;;;;;;;;;;;;;;;;;
1562;06/06/2023;11:18:01;36.78;Synchronized;;;;;;;;;;;;;;;;;
1563;06/06/2023;11:18:16;36.8;Synchronized;;;;;;;;;;;;;;;;;
1564;06/06/2023;11:18:31;36.8;Synchronized;;;;;;;;;;;;;;;;;
1565;06/06/2023;11:18:46;36.77;Synchronized;;;;;;;;;;;;;;;;;
1566;06/06/2023;11:19:01;36.77;Synchronized;;;;;;;;;;;;;;;;;
1567;06/06/2023;11:19:16;36.77;Synchronized;;;;;;;;;;;;;;;;;
1568;06/06/2023;11:19:31;36.78;Synchronized;;;;;;;;;;;;;;;;;
1569;06/06/2023;11:19:46;36.8;;;;;;;;;;;;;;;;;;
1570;06/06/2023;11:20:01;36.78;;;;;;;;;;;;;;;;;;
1571;06/06/2023;11:20:16;36.8;;;;;;;;;;;;;;;;;;
1572;06/06/2023;11:20:31;36.81;;;;;;;;;;;;;;;;;;
1573;06/06/2023;11:20:46;36.8;;;;;;;;;;;;;;;;;;
1574;06/06/2023;11:21:01;36.81;;;;;;;;;;;;;;;;;;
1575;06/06/2023;11:21:16;36.77;;;;;;;;;;;;;;;;;;
1576;06/06/2023;11:21:31;36.8;;;;;;;;;;;;;;;;;;
1577;06/06/2023;11:21:46;36.8;Synchronized;;;;;;;;;;;;;;;;;
1578;06/06/2023;11:22:01;36.77;;;;;;;;;;;;;;;;;;
1579;06/06/2023;11:22:16;36.77;;;;;;;;;;;;;;;;;;
1580;06/06/2023;11:22:31;36.75;;;;;;;;;;;;;;;;;;
1581;06/06/2023;11:22:46;36.77;;;;;;;;;;;;;;;;;;
1582;06/06/2023;11:23:01;36.75;;;;;;;;;;;;;;;;;;
1583;06/06/2023;11:23:16;36.8;;;;;;;;;;;;;;;;;;
1584;06/06/2023;11:23:31;36.76;;;;;;;;;;;;;;;;;;
1585;06/06/2023;11:23:46;36.78;;;;;;;;;;;;;;;;;;
1586;06/06/2023;11:24:01;36.77;Synchronized;;;;;;;;;;;;;;;;;
1587;06/06/2023;11:24:16;36.76;;;;;;;;;;;;;;;;;;
1588;06/06/2023;11:24:31;36.77;;;;;;;;;;;;;;;;;;
1589;06/06/2023;11:24:46;36.75;;;;;;;;;;;;;;;;;;
1590;06/06/2023;11:25:01;36.77;Synchronized;;;;;;;;;;;;;;;;;
1591;06/06/2023;11:25:16;36.76;Synchronized;;;;;;;;;;;;;;;;;
1592;06/06/2023;11:25:31;36.77;Synchronized;;;;;;;;;;;;;;;;;
1593;06/06/2023;11:25:46;36.76;Synchronized;;;;;;;;;;;;;;;;;
1594;06/06/2023;11:26:01;36.76;Synchronized;;;;;;;;;;;;;;;;;
1595;06/06/2023;11:26:16;36.74;;;;;;;;;;;;;;;;;;
1596;06/06/2023;11:26:31;36.73;;;;;;;;;;;;;;;;;;
1597;06/06/2023;11:26:46;36.75;;;;;;;;;;;;;;;;;;
1598;06/06/2023;11:27:01;36.75;;;;;;;;;;;;;;;;;;
1599;06/06/2023;11:27:16;36.73;;;;;;;;;;;;;;;;;;
1600;06/06/2023;11:27:31;36.74;;;;;;;;;;;;;;;;;;
1601;06/06/2023;11:27:46;36.75;;;;;;;;;;;;;;;;;;
1602;06/06/2023;11:28:01;36.75;;;;;;;;;;;;;;;;;;
1603;06/06/2023;11:28:16;36.75;;;;;;;;;;;;;;;;;;
1604;06/06/2023;11:28:31;36.75;;;;;;;;;;;;;;;;;;
1605;06/06/2023;11:28:46;36.74;;;;;;;;;;;;;;;;;;
1606;06/06/2023;11:29:01;36.73;;;;;;;;;;;;;;;;;;
1607;06/06/2023;11:29:16;36.73;;;;;;;;;;;;;;;;;;
1608;06/06/2023;11:29:31;36.76;;;;;;;;;;;;;;;;;;
1609;06/06/2023;11:29:46;36.74;;;;;;;;;;;;;;;;;;
1610;06/06/2023;11:30:01;36.73;;;;;;;;;;;;;;;;;;
1611;06/06/2023;11:30:16;36.72;;;;;;;;;;;;;;;;;;
1612;06/06/2023;11:30:31;36.72;;;;;;;;;;;;;;;;;;
1613;06/06/2023;11:30:46;36.71;;;;;;;;;;;;;;;;;;
1614;06/06/2023;11:31:01;36.68;;;;;;;;;;;;;;;;;;
1615;06/06/2023;11:31:16;36.69;;;;;;;;;;;;;;;;;;
1616;06/06/2023;11:31:31;36.68;;;;;;;;;;;;;;;;;;
1617;06/06/2023;11:31:46;36.65;;;;;;;;;;;;;;;;;;
1618;06/06/2023;11:32:01;36.66;;;;;;;;;;;;;;;;;;
1619;06/06/2023;11:32:16;36.66;;;;;;;;;;;;;;;;;;
1620;06/06/2023;11:32:31;36.63;;;;;;;;;;;;;;;;;;
1621;06/06/2023;11:32:46;36.66;;;;;;;;;;;;;;;;;;
1622;06/06/2023;11:33:01;36.66;;;;;;;;;;;;;;;;;;
1623;06/06/2023;11:33:16;36.66;;;;;;;;;;;;;;;;;;
1624;06/06/2023;11:33:31;36.68;;;;;;;;;;;;;;;;;;
1625;06/06/2023;11:33:46;36.68;;;;;;;;;;;;;;;;;;
1626;06/06/2023;11:34:01;36.7;;;;;;;;;;;;;;;;;;
1627;06/06/2023;11:34:16;36.69;;;;;;;;;;;;;;;;;;
1628;06/06/2023;11:34:31;36.7;;;;;;;;;;;;;;;;;;
1629;06/06/2023;11:34:46;36.7;;;;;;;;;;;;;;;;;;
1630;06/06/2023;11:35:01;36.69;;;;;;;;;;;;;;;;;;
1631;06/06/2023;11:35:16;36.68;Synchronized;;;;;;;;;;;;;;;;;
1632;06/06/2023;11:35:31;36.68;;;;;;;;;;;;;;;;;;
1633;06/06/2023;11:35:46;36.7;;;;;;;;;;;;;;;;;;
1634;06/06/2023;11:36:01;36.7;;;;;;;;;;;;;;;;;;
1635;06/06/2023;11:36:16;36.68;;;;;;;;;;;;;;;;;;
1636;06/06/2023;11:36:31;36.7;;;;;;;;;;;;;;;;;;
1637;06/06/2023;11:36:46;36.68;;;;;;;;;;;;;;;;;;
1638;06/06/2023;11:37:01;36.69;;;;;;;;;;;;;;;;;;
1639;06/06/2023;11:37:16;36.71;;;;;;;;;;;;;;;;;;
1640;06/06/2023;11:37:31;36.7;;;;;;;;;;;;;;;;;;
1641;06/06/2023;11:37:46;36.73;;;;;;;;;;;;;;;;;;
1642;06/06/2023;11:38:01;36.73;;;;;;;;;;;;;;;;;;
1643;06/06/2023;11:38:16;36.77;;;;;;;;;;;;;;;;;;
1644;06/06/2023;11:38:31;36.77;;;;;;;;;;;;;;;;;;
1645;06/06/2023;11:38:46;36.77;;;;;;;;;;;;;;;;;;
1646;06/06/2023;11:39:01;36.78;;;;;;;;;;;;;;;;;;
1647;06/06/2023;11:39:16;36.78;;;;;;;;;;;;;;;;;;
1648;06/06/2023;11:39:31;36.8;;;;;;;;;;;;;;;;;;
1649;06/06/2023;11:39:46;36.77;;;;;;;;;;;;;;;;;;
1650;06/06/2023;11:40:01;36.81;;;;;;;;;;;;;;;;;;
1651;06/06/2023;11:40:16;36.77;Synchronized;;;;;;;;;;;;;;;;;
1652;06/06/2023;11:40:31;36.8;;;;;;;;;;;;;;;;;;
1653;06/06/2023;11:40:46;36.78;;;;;;;;;;;;;;;;;;
1654;06/06/2023;11:41:01;36.8;;;;;;;;;;;;;;;;;;
1655;06/06/2023;11:41:16;36.81;;;;;;;;;;;;;;;;;;
1656;06/06/2023;11:41:31;36.8;;;;;;;;;;;;;;;;;;
1657;06/06/2023;11:41:46;36.8;;;;;;;;;;;;;;;;;;
1658;06/06/2023;11:42:01;36.8;;;;;;;;;;;;;;;;;;
1659;06/06/2023;11:42:16;36.8;;;;;;;;;;;;;;;;;;
1660;06/06/2023;11:42:31;36.82;;;;;;;;;;;;;;;;;;
1661;06/06/2023;11:42:46;36.8;;;;;;;;;;;;;;;;;;
1662;06/06/2023;11:43:01;36.83;;;;;;;;;;;;;;;;;;
1663;06/06/2023;11:43:16;36.8;;;;;;;;;;;;;;;;;;
1664;06/06/2023;11:43:30;36.81;;;;;;;;;;;;;;;;;;
1665;06/06/2023;11:43:45;36.8;;;;;;;;;;;;;;;;;;
1666;06/06/2023;11:44:00;36.83;;;;;;;;;;;;;;;;;;
1667;06/06/2023;11:44:15;36.8;;;;;;;;;;;;;;;;;;
1668;06/06/2023;11:44:30;36.81;Synchronized;;;;;;;;;;;;;;;;;
1669;06/06/2023;11:44:45;36.83;;;;;;;;;;;;;;;;;;
1670;06/06/2023;11:45:00;36.81;;;;;;;;;;;;;;;;;;
1671;06/06/2023;11:45:15;36.81;;;;;;;;;;;;;;;;;;
1672;06/06/2023;11:45:30;36.81;;;;;;;;;;;;;;;;;;
1673;06/06/2023;11:45:45;36.8;;;;;;;;;;;;;;;;;;
1674;06/06/2023;11:46:00;36.81;;;;;;;;;;;;;;;;;;
1675;06/06/2023;11:46:15;36.78;;;;;;;;;;;;;;;;;;
1676;06/06/2023;11:46:30;36.78;;;;;;;;;;;;;;;;;;
1677;06/06/2023;11:46:45;36.8;;;;;;;;;;;;;;;;;;
1678;06/06/2023;11:47:00;36.81;;;;;;;;;;;;;;;;;;
1679;06/06/2023;11:47:15;36.8;;;;;;;;;;;;;;;;;;
1680;06/06/2023;11:47:30;36.78;;;;;;;;;;;;;;;;;;
1681;06/06/2023;11:47:45;36.8;;;;;;;;;;;;;;;;;;
1682;06/06/2023;11:48:00;36.8;;;;;;;;;;;;;;;;;;
1683;06/06/2023;11:48:15;36.8;;;;;;;;;;;;;;;;;;
1684;06/06/2023;11:48:30;36.78;;;;;;;;;;;;;;;;;;
1685;06/06/2023;11:48:45;36.82;;;;;;;;;;;;;;;;;;
1686;06/06/2023;11:49:00;36.8;;;;;;;;;;;;;;;;;;
1687;06/06/2023;11:49:15;36.81;;;;;;;;;;;;;;;;;;
1688;06/06/2023;11:49:30;36.81;;;;;;;;;;;;;;;;;;
1689;06/06/2023;11:49:45;36.82;;;;;;;;;;;;;;;;;;
1690;06/06/2023;11:50:00;36.83;;;;;;;;;;;;;;;;;;
1691;06/06/2023;11:50:15;36.83;;;;;;;;;;;;;;;;;;
1692;06/06/2023;11:50:30;36.83;;;;;;;;;;;;;;;;;;
1693;06/06/2023;11:50:45;36.82;;;;;;;;;;;;;;;;;;
1694;06/06/2023;11:51:00;36.84;;;;;;;;;;;;;;;;;;
1695;06/06/2023;11:51:15;36.85;;;;;;;;;;;;;;;;;;
1696;06/06/2023;11:51:30;36.83;;;;;;;;;;;;;;;;;;
1697;06/06/2023;11:51:45;36.83;;;;;;;;;;;;;;;;;;
1698;06/06/2023;11:52:00;36.83;;;;;;;;;;;;;;;;;;
1699;06/06/2023;11:52:15;36.83;;;;;;;;;;;;;;;;;;
1700;06/06/2023;11:52:30;36.83;;;;;;;;;;;;;;;;;;
1701;06/06/2023;11:52:45;36.82;;;;;;;;;;;;;;;;;;
1702;06/06/2023;11:53:00;36.8;;;;;;;;;;;;;;;;;;
1703;06/06/2023;11:53:15;36.84;;;;;;;;;;;;;;;;;;
1704;06/06/2023;11:53:30;36.83;;;;;;;;;;;;;;;;;;
1705;06/06/2023;11:53:45;36.85;;;;;;;;;;;;;;;;;;
1706;06/06/2023;11:54:00;36.84;;;;;;;;;;;;;;;;;;
1707;06/06/2023;11:54:15;36.84;;;;;;;;;;;;;;;;;;
1708;06/06/2023;11:54:30;36.86;;;;;;;;;;;;;;;;;;
1709;06/06/2023;11:54:45;36.85;;;;;;;;;;;;;;;;;;
1710;06/06/2023;11:55:00;36.84;;;;;;;;;;;;;;;;;;
1711;06/06/2023;11:55:15;36.86;;;;;;;;;;;;;;;;;;
1712;06/06/2023;11:55:30;36.84;;;;;;;;;;;;;;;;;;
1713;06/06/2023;11:55:45;36.86;;;;;;;;;;;;;;;;;;
1714;06/06/2023;11:56:00;36.84;;;;;;;;;;;;;;;;;;
1715;06/06/2023;11:56:15;36.84;;;;;;;;;;;;;;;;;;
1716;06/06/2023;11:56:30;36.83;;;;;;;;;;;;;;;;;;
1717;06/06/2023;11:56:45;36.82;;;;;;;;;;;;;;;;;;
1718;06/06/2023;11:57:00;36.85;;;;;;;;;;;;;;;;;;
1719;06/06/2023;11:57:15;36.83;;;;;;;;;;;;;;;;;;
1720;06/06/2023;11:57:30;36.82;;;;;;;;;;;;;;;;;;
1721;06/06/2023;11:57:45;36.82;;;;;;;;;;;;;;;;;;
1722;06/06/2023;11:58:00;36.84;Synchronized;;;;;;;;;;;;;;;;;
1723;06/06/2023;11:58:15;36.87;;;;;;;;;;;;;;;;;;
1724;06/06/2023;11:58:30;36.87;;;;;;;;;;;;;;;;;;
1725;06/06/2023;11:58:45;36.88;Synchronized;;;;;;;;;;;;;;;;;
1726;06/06/2023;11:59:00;36.88;;;;;;;;;;;;;;;;;;
1727;06/06/2023;11:59:15;36.86;;;;;;;;;;;;;;;;;;
1728;06/06/2023;11:59:30;36.88;;;;;;;;;;;;;;;;;;
1729;06/06/2023;11:59:45;36.86;;;;;;;;;;;;;;;;;;
1730;06/06/2023;12:00:00;36.87;;;;;;;;;;;;;;;;;;
1731;06/06/2023;12:00:15;36.86;;;;;;;;;;;;;;;;;;
1732;06/06/2023;12:00:30;36.86;;;;;;;;;;;;;;;;;;
1733;06/06/2023;12:00:45;36.84;;;;;;;;;;;;;;;;;;
1734;06/06/2023;12:01:00;36.85;;;;;;;;;;;;;;;;;;
1735;06/06/2023;12:01:15;36.83;;;;;;;;;;;;;;;;;;
1736;06/06/2023;12:01:30;36.84;;;;;;;;;;;;;;;;;;
1737;06/06/2023;12:01:45;36.85;;;;;;;;;;;;;;;;;;
1738;06/06/2023;12:02:00;36.86;;;;;;;;;;;;;;;;;;
1739;06/06/2023;12:02:15;36.84;;;;;;;;;;;;;;;;;;
1740;06/06/2023;12:02:30;36.86;;;;;;;;;;;;;;;;;;
1741;06/06/2023;12:02:45;36.86;;;;;;;;;;;;;;;;;;
1742;06/06/2023;12:03:00;36.85;;;;;;;;;;;;;;;;;;
1743;06/06/2023;12:03:15;36.87;Synchronized;;;;;;;;;;;;;;;;;
1744;06/06/2023;12:03:30;36.86;;;;;;;;;;;;;;;;;;
1745;06/06/2023;12:03:45;36.86;;;;;;;;;;;;;;;;;;
1746;06/06/2023;12:04:00;36.86;Synchronized;;;;;;;;;;;;;;;;;
1747;06/06/2023;12:04:15;36.85;;;;;;;;;;;;;;;;;;
1748;06/06/2023;12:04:30;36.86;;;;;;;;;;;;;;;;;;
1749;06/06/2023;12:04:45;36.85;;;;;;;;;;;;;;;;;;
1750;06/06/2023;12:05:00;36.86;Synchronized;;;;;;;;;;;;;;;;;
1751;06/06/2023;12:05:15;36.84;;;;;;;;;;;;;;;;;;
1752;06/06/2023;12:05:30;36.84;;;;;;;;;;;;;;;;;;
1753;06/06/2023;12:05:45;36.86;;;;;;;;;;;;;;;;;;
1754;06/06/2023;12:06:00;36.84;;;;;;;;;;;;;;;;;;
1755;06/06/2023;12:06:15;36.87;;;;;;;;;;;;;;;;;;
1756;06/06/2023;12:06:30;36.87;;;;;;;;;;;;;;;;;;
1757;06/06/2023;12:06:45;36.88;;;;;;;;;;;;;;;;;;
1758;06/06/2023;12:07:00;36.88;;;;;;;;;;;;;;;;;;
1759;06/06/2023;12:07:15;36.9;;;;;;;;;;;;;;;;;;
1760;06/06/2023;12:07:30;36.91;;;;;;;;;;;;;;;;;;
1761;06/06/2023;12:07:45;36.92;;;;;;;;;;;;;;;;;;
1762;06/06/2023;12:08:00;36.95;;;;;;;;;;;;;;;;;;
1763;06/06/2023;12:08:15;36.94;;;;;;;;;;;;;;;;;;
1764;06/06/2023;12:08:30;36.91;;;;;;;;;;;;;;;;;;
1765;06/06/2023;12:08:45;36.93;;;;;;;;;;;;;;;;;;
1766;06/06/2023;12:09:00;36.91;;;;;;;;;;;;;;;;;;
1767;06/06/2023;12:09:14;36.93;;;;;;;;;;;;;;;;;;
1768;06/06/2023;12:09:29;36.92;;;;;;;;;;;;;;;;;;
1769;06/06/2023;12:09:44;36.93;;;;;;;;;;;;;;;;;;
1770;06/06/2023;12:09:59;36.91;;;;;;;;;;;;;;;;;;
1771;06/06/2023;12:10:14;36.93;;;;;;;;;;;;;;;;;;
1772;06/06/2023;12:10:29;36.9;;;;;;;;;;;;;;;;;;
1773;06/06/2023;12:10:44;36.9;;;;;;;;;;;;;;;;;;
1774;06/06/2023;12:10:59;36.89;;;;;;;;;;;;;;;;;;
1775;06/06/2023;12:11:14;36.88;;;;;;;;;;;;;;;;;;
1776;06/06/2023;12:11:29;36.87;;;;;;;;;;;;;;;;;;
1777;06/06/2023;12:11:44;36.85;;;;;;;;;;;;;;;;;;
1778;06/06/2023;12:11:59;36.85;;;;;;;;;;;;;;;;;;
1779;06/06/2023;12:12:14;36.86;;;;;;;;;;;;;;;;;;
1780;06/06/2023;12:12:29;36.84;;;;;;;;;;;;;;;;;;
1781;06/06/2023;12:12:44;36.84;;;;;;;;;;;;;;;;;;
1782;06/06/2023;12:12:59;36.84;;;;;;;;;;;;;;;;;;
1783;06/06/2023;12:13:14;36.87;;;;;;;;;;;;;;;;;;
1784;06/06/2023;12:13:29;36.88;;;;;;;;;;;;;;;;;;
1785;06/06/2023;12:13:44;36.89;;;;;;;;;;;;;;;;;;
1786;06/06/2023;12:13:59;36.9;;;;;;;;;;;;;;;;;;
1787;06/06/2023;12:14:14;36.9;;;;;;;;;;;;;;;;;;
1788;06/06/2023;12:14:29;36.92;;;;;;;;;;;;;;;;;;
1789;06/06/2023;12:14:44;36.9;;;;;;;;;;;;;;;;;;
1790;06/06/2023;12:14:59;36.92;;;;;;;;;;;;;;;;;;
1791;06/06/2023;12:15:14;36.9;;;;;;;;;;;;;;;;;;
1792;06/06/2023;12:15:29;36.9;;;;;;;;;;;;;;;;;;
1793;06/06/2023;12:15:44;36.93;;;;;;;;;;;;;;;;;;
1794;06/06/2023;12:15:59;36.91;;;;;;;;;;;;;;;;;;
1795;06/06/2023;12:16:14;36.92;;;;;;;;;;;;;;;;;;
1796;06/06/2023;12:16:29;36.94;;;;;;;;;;;;;;;;;;
1797;06/06/2023;12:16:44;36.9;;;;;;;;;;;;;;;;;;
1798;06/06/2023;12:16:59;36.92;;;;;;;;;;;;;;;;;;
1799;06/06/2023;12:17:14;36.89;;;;;;;;;;;;;;;;;;
1800;06/06/2023;12:17:29;36.92;Synchronized;;;;;;;;;;;;;;;;;
1801;06/06/2023;12:17:44;36.9;;;;;;;;;;;;;;;;;;
1802;06/06/2023;12:17:59;36.92;Synchronized;;;;;;;;;;;;;;;;;
1803;06/06/2023;12:18:14;36.89;Synchronized;;;;;;;;;;;;;;;;;
1804;06/06/2023;12:18:29;36.93;Synchronized;;;;;;;;;;;;;;;;;
1805;06/06/2023;12:18:44;36.88;Synchronized;;;;;;;;;;;;;;;;;
1806;06/06/2023;12:18:59;36.88;Synchronized;;;;;;;;;;;;;;;;;
1807;06/06/2023;12:19:14;36.89;;;;;;;;;;;;;;;;;;
1808;06/06/2023;12:19:29;36.9;Synchronized;;;;;;;;;;;;;;;;;
1809;06/06/2023;12:19:44;36.9;Synchronized;;;;;;;;;;;;;;;;;
1810;06/06/2023;12:19:59;36.88;;;;;;;;;;;;;;;;;;
1811;06/06/2023;12:20:14;36.9;;;;;;;;;;;;;;;;;;
1812;06/06/2023;12:20:29;36.88;Synchronized;;;;;;;;;;;;;;;;;
1813;06/06/2023;12:20:44;36.9;Synchronized;;;;;;;;;;;;;;;;;
1814;06/06/2023;12:20:59;36.91;Synchronized;;;;;;;;;;;;;;;;;
1815;06/06/2023;12:21:14;36.92;Synchronized;;;;;;;;;;;;;;;;;
1816;06/06/2023;12:21:29;36.93;;;;;;;;;;;;;;;;;;
1817;06/06/2023;12:21:44;36.91;;;;;;;;;;;;;;;;;;
1818;06/06/2023;12:21:59;36.9;Synchronized;;;;;;;;;;;;;;;;;
1819;06/06/2023;12:22:14;36.92;;;;;;;;;;;;;;;;;;
1820;06/06/2023;12:22:29;36.92;;;;;;;;;;;;;;;;;;
1821;06/06/2023;12:22:44;36.92;;;;;;;;;;;;;;;;;;
1822;06/06/2023;12:22:59;36.91;;;;;;;;;;;;;;;;;;
1823;06/06/2023;12:23:14;36.95;;;;;;;;;;;;;;;;;;
1824;06/06/2023;12:23:29;36.9;;;;;;;;;;;;;;;;;;
1825;06/06/2023;12:23:44;36.9;;;;;;;;;;;;;;;;;;
1826;06/06/2023;12:23:59;36.93;;;;;;;;;;;;;;;;;;
1827;06/06/2023;12:24:14;36.91;;;;;;;;;;;;;;;;;;
1828;06/06/2023;12:24:29;36.91;;;;;;;;;;;;;;;;;;
1829;06/06/2023;12:24:44;36.89;;;;;;;;;;;;;;;;;;
1830;06/06/2023;12:24:59;36.89;Synchronized;;;;;;;;;;;;;;;;;
1831;06/06/2023;12:25:14;36.94;Synchronized;;;;;;;;;;;;;;;;;
1832;06/06/2023;12:25:29;36.92;;;;;;;;;;;;;;;;;;
1833;06/06/2023;12:25:44;36.91;Synchronized;;;;;;;;;;;;;;;;;
1834;06/06/2023;12:25:59;36.91;;;;;;;;;;;;;;;;;;
1835;06/06/2023;12:26:14;36.89;;;;;;;;;;;;;;;;;;
1836;06/06/2023;12:26:29;36.89;;;;;;;;;;;;;;;;;;
1837;06/06/2023;12:26:44;36.9;Synchronized;;;;;;;;;;;;;;;;;
1838;06/06/2023;12:26:59;36.89;;;;;;;;;;;;;;;;;;
1839;06/06/2023;12:27:14;36.89;;;;;;;;;;;;;;;;;;
1840;06/06/2023;12:27:29;36.9;;;;;;;;;;;;;;;;;;
1841;06/06/2023;12:27:44;36.91;;;;;;;;;;;;;;;;;;
1842;06/06/2023;12:27:59;36.9;Synchronized;;;;;;;;;;;;;;;;;
1843;06/06/2023;12:28:14;36.89;;;;;;;;;;;;;;;;;;
1844;06/06/2023;12:28:29;36.9;;;;;;;;;;;;;;;;;;
1845;06/06/2023;12:28:44;36.89;Synchronized;;;;;;;;;;;;;;;;;
1846;06/06/2023;12:28:59;36.88;;;;;;;;;;;;;;;;;;
1847;06/06/2023;12:29:14;36.89;;;;;;;;;;;;;;;;;;
1848;06/06/2023;12:29:29;36.89;Synchronized;;;;;;;;;;;;;;;;;
1849;06/06/2023;12:29:44;36.89;;;;;;;;;;;;;;;;;;
1850;06/06/2023;12:29:59;36.9;;;;;;;;;;;;;;;;;;
1851;06/06/2023;12:30:14;36.89;Synchronized;;;;;;;;;;;;;;;;;
1852;06/06/2023;12:30:29;36.87;Synchronized;;;;;;;;;;;;;;;;;
1853;06/06/2023;12:30:44;36.88;;;;;;;;;;;;;;;;;;
1854;06/06/2023;12:30:59;36.88;;;;;;;;;;;;;;;;;;
1855;06/06/2023;12:31:14;36.9;;;;;;;;;;;;;;;;;;
1856;06/06/2023;12:31:29;36.88;;;;;;;;;;;;;;;;;;
1857;06/06/2023;12:31:44;36.88;;;;;;;;;;;;;;;;;;
1858;06/06/2023;12:31:59;36.89;;;;;;;;;;;;;;;;;;
1859;06/06/2023;12:32:14;36.88;;;;;;;;;;;;;;;;;;
1860;06/06/2023;12:32:29;36.86;Synchronized;;;;;;;;;;;;;;;;;
1861;06/06/2023;12:32:44;36.88;;;;;;;;;;;;;;;;;;
1862;06/06/2023;12:32:59;36.87;Synchronized;;;;;;;;;;;;;;;;;
1863;06/06/2023;12:33:14;36.85;;;;;;;;;;;;;;;;;;
1864;06/06/2023;12:33:29;36.88;;;;;;;;;;;;;;;;;;
1865;06/06/2023;12:33:44;36.88;;;;;;;;;;;;;;;;;;
1866;06/06/2023;12:33:59;36.86;;;;;;;;;;;;;;;;;;
1867;06/06/2023;12:34:14;36.89;Synchronized;;;;;;;;;;;;;;;;;
1868;06/06/2023;12:34:29;36.89;;;;;;;;;;;;;;;;;;
1869;06/06/2023;12:34:44;36.87;Synchronized;;;;;;;;;;;;;;;;;
1870;06/06/2023;12:34:59;36.88;;;;;;;;;;;;;;;;;;
1871;06/06/2023;12:35:14;36.89;;;;;;;;;;;;;;;;;;
1872;06/06/2023;12:35:29;36.88;Synchronized;;;;;;;;;;;;;;;;;
1873;06/06/2023;12:35:44;36.88;Synchronized;;;;;;;;;;;;;;;;;
1874;06/06/2023;12:35:59;36.89;Synchronized;;;;;;;;;;;;;;;;;
1875;06/06/2023;12:36:14;36.87;Synchronized;;;;;;;;;;;;;;;;;
1876;06/06/2023;12:36:29;36.87;Synchronized;;;;;;;;;;;;;;;;;
1877;06/06/2023;12:36:44;36.87;Synchronized;;;;;;;;;;;;;;;;;
1878;06/06/2023;12:36:59;36.86;Synchronized;;;;;;;;;;;;;;;;;
1879;06/06/2023;12:37:14;36.86;Synchronized;;;;;;;;;;;;;;;;;
1880;06/06/2023;12:37:29;36.88;Synchronized;;;;;;;;;;;;;;;;;
1881;06/06/2023;12:37:44;36.87;Synchronized;;;;;;;;;;;;;;;;;
1882;06/06/2023;12:37:59;36.88;Synchronized;;;;;;;;;;;;;;;;;
1883;06/06/2023;12:38:14;36.88;;;;;;;;;;;;;;;;;;
1884;06/06/2023;12:38:29;36.88;Synchronized;;;;;;;;;;;;;;;;;
1885;06/06/2023;12:38:44;36.9;Synchronized;;;;;;;;;;;;;;;;;
1886;06/06/2023;12:38:59;36.87;Synchronized;;;;;;;;;;;;;;;;;
1887;06/06/2023;12:39:14;36.89;Synchronized;;;;;;;;;;;;;;;;;
1888;06/06/2023;12:39:29;36.91;Synchronized;;;;;;;;;;;;;;;;;
1889;06/06/2023;12:39:44;36.88;Synchronized;;;;;;;;;;;;;;;;;
1890;06/06/2023;12:39:59;36.92;Synchronized;;;;;;;;;;;;;;;;;
1891;06/06/2023;12:40:14;36.92;Synchronized;;;;;;;;;;;;;;;;;
1892;06/06/2023;12:40:29;36.91;Synchronized;;;;;;;;;;;;;;;;;
1893;06/06/2023;12:40:44;36.91;Synchronized;;;;;;;;;;;;;;;;;
1894;06/06/2023;12:40:59;36.89;Synchronized;;;;;;;;;;;;;;;;;
1895;06/06/2023;12:41:14;36.92;Synchronized;;;;;;;;;;;;;;;;;
1896;06/06/2023;12:41:29;36.92;Synchronized;;;;;;;;;;;;;;;;;
1897;06/06/2023;12:41:44;36.92;Synchronized;;;;;;;;;;;;;;;;;
1898;06/06/2023;12:41:59;36.94;Synchronized;;;;;;;;;;;;;;;;;
1899;06/06/2023;12:42:14;36.94;Synchronized;;;;;;;;;;;;;;;;;
1900;06/06/2023;12:42:29;36.92;Synchronized;;;;;;;;;;;;;;;;;
1901;06/06/2023;12:42:44;36.93;Synchronized;;;;;;;;;;;;;;;;;
1902;06/06/2023;12:42:59;36.92;Synchronized;;;;;;;;;;;;;;;;;
1903;06/06/2023;12:43:14;36.93;Synchronized;;;;;;;;;;;;;;;;;
1904;06/06/2023;12:43:29;36.92;Synchronized;;;;;;;;;;;;;;;;;
1905;06/06/2023;12:43:44;36.92;Synchronized;;;;;;;;;;;;;;;;;
1906;06/06/2023;12:43:59;36.93;Synchronized;;;;;;;;;;;;;;;;;
1907;06/06/2023;12:44:14;36.93;Synchronized;;;;;;;;;;;;;;;;;
1908;06/06/2023;12:44:29;36.92;Synchronized;;;;;;;;;;;;;;;;;
1909;06/06/2023;12:44:44;36.93;Synchronized;;;;;;;;;;;;;;;;;
1910;06/06/2023;12:44:59;36.93;Synchronized;;;;;;;;;;;;;;;;;
1911;06/06/2023;12:45:14;36.95;Synchronized;;;;;;;;;;;;;;;;;
1912;06/06/2023;12:45:29;36.95;Synchronized;;;;;;;;;;;;;;;;;
1913;06/06/2023;12:45:44;36.94;Synchronized;;;;;;;;;;;;;;;;;
1914;06/06/2023;12:45:59;36.95;Synchronized;;;;;;;;;;;;;;;;;
1915;06/06/2023;12:46:14;36.95;Synchronized;;;;;;;;;;;;;;;;;
1916;06/06/2023;12:46:29;36.97;Synchronized;;;;;;;;;;;;;;;;;
1917;06/06/2023;12:46:44;36.98;Synchronized;;;;;;;;;;;;;;;;;
1918;06/06/2023;12:46:59;36.98;Synchronized;;;;;;;;;;;;;;;;;
1919;06/06/2023;12:47:14;37;Synchronized;;;;;;;;;;;;;;;;;
1920;06/06/2023;12:47:29;36.98;Synchronized;;;;;;;;;;;;;;;;;
1921;06/06/2023;12:47:44;36.99;Synchronized;;;;;;;;;;;;;;;;;
1922;06/06/2023;12:47:59;36.98;Synchronized;;;;;;;;;;;;;;;;;
1923;06/06/2023;12:48:14;37;Synchronized;;;;;;;;;;;;;;;;;
1924;06/06/2023;12:48:29;37;Synchronized;;;;;;;;;;;;;;;;;
1925;06/06/2023;12:48:44;37.02;Synchronized;;;;;;;;;;;;;;;;;
1926;06/06/2023;12:48:59;37.01;Synchronized;;;;;;;;;;;;;;;;;
1927;06/06/2023;12:49:14;37.01;Synchronized;;;;;;;;;;;;;;;;;
1928;06/06/2023;12:49:29;37.02;Synchronized;;;;;;;;;;;;;;;;;
1929;06/06/2023;12:49:44;37.04;Synchronized;;;;;;;;;;;;;;;;;
1930;06/06/2023;12:49:59;37.01;Synchronized;;;;;;;;;;;;;;;;;
1931;06/06/2023;12:50:14;37.02;Synchronized;;;;;;;;;;;;;;;;;
1932;06/06/2023;12:50:29;37.06;Synchronized;;;;;;;;;;;;;;;;;
1933;06/06/2023;12:50:44;37.05;Synchronized;;;;;;;;;;;;;;;;;
1934;06/06/2023;12:50:59;37.06;Synchronized;;;;;;;;;;;;;;;;;
1935;06/06/2023;12:51:14;37.07;Synchronized;;;;;;;;;;;;;;;;;
1936;06/06/2023;12:51:29;37.06;Synchronized;;;;;;;;;;;;;;;;;
1937;06/06/2023;12:51:44;37.07;Synchronized;;;;;;;;;;;;;;;;;
1938;06/06/2023;12:51:59;37.1;Synchronized;;;;;;;;;;;;;;;;;
1939;06/06/2023;12:52:14;37.08;Synchronized;;;;;;;;;;;;;;;;;
1940;06/06/2023;12:52:29;37.09;Synchronized;;;;;;;;;;;;;;;;;
1941;06/06/2023;12:52:44;37.08;Synchronized;;;;;;;;;;;;;;;;;
1942;06/06/2023;12:52:59;37.09;Synchronized;;;;;;;;;;;;;;;;;
1943;06/06/2023;12:53:14;37.09;Synchronized;;;;;;;;;;;;;;;;;
1944;06/06/2023;12:53:29;37.09;Synchronized;;;;;;;;;;;;;;;;;
1945;06/06/2023;12:53:44;37.09;Synchronized;;;;;;;;;;;;;;;;;
1946;06/06/2023;12:53:59;37.13;Synchronized;;;;;;;;;;;;;;;;;
1947;06/06/2023;12:54:14;37.11;Synchronized;;;;;;;;;;;;;;;;;
1948;06/06/2023;12:54:29;37.13;Synchronized;;;;;;;;;;;;;;;;;
1949;06/06/2023;12:54:44;37.11;Synchronized;;;;;;;;;;;;;;;;;
1950;06/06/2023;12:54:59;37.13;Synchronized;;;;;;;;;;;;;;;;;
1951;06/06/2023;12:55:14;37.12;Synchronized;;;;;;;;;;;;;;;;;
1952;06/06/2023;12:55:29;37.12;Synchronized;;;;;;;;;;;;;;;;;
1953;06/06/2023;12:55:44;37.13;Synchronized;;;;;;;;;;;;;;;;;
1954;06/06/2023;12:55:59;37.13;Synchronized;;;;;;;;;;;;;;;;;
1955;06/06/2023;12:56:14;37.13;Synchronized;;;;;;;;;;;;;;;;;
1956;06/06/2023;12:56:29;37.11;Synchronized;;;;;;;;;;;;;;;;;
1957;06/06/2023;12:56:43;37.13;Synchronized;;;;;;;;;;;;;;;;;
1958;06/06/2023;12:56:58;37.13;Synchronized;;;;;;;;;;;;;;;;;
1959;06/06/2023;12:57:13;37.13;Synchronized;;;;;;;;;;;;;;;;;
1960;06/06/2023;12:57:28;37.13;Synchronized;;;;;;;;;;;;;;;;;
1961;06/06/2023;12:57:43;37.16;Synchronized;;;;;;;;;;;;;;;;;
1962;06/06/2023;12:57:58;37.18;Synchronized;;;;;;;;;;;;;;;;;
1963;06/06/2023;12:58:13;37.18;Synchronized;;;;;;;;;;;;;;;;;
1964;06/06/2023;12:58:28;37.18;Synchronized;;;;;;;;;;;;;;;;;
1965;06/06/2023;12:58:43;37.19;Synchronized;;;;;;;;;;;;;;;;;
1966;06/06/2023;12:58:58;37.2;Synchronized;;;;;;;;;;;;;;;;;
1967;06/06/2023;12:59:13;37.21;Synchronized;;;;;;;;;;;;;;;;;
1968;06/06/2023;12:59:28;37.22;Synchronized;;;;;;;;;;;;;;;;;
1969;06/06/2023;12:59:43;37.23;Synchronized;;;;;;;;;;;;;;;;;
1970;06/06/2023;12:59:58;37.23;Synchronized;;;;;;;;;;;;;;;;;
1971;06/06/2023;13:00:13;37.25;Synchronized;;;;;;;;;;;;;;;;;
1972;06/06/2023;13:00:28;37.26;Synchronized;;;;;;;;;;;;;;;;;
1973;06/06/2023;13:00:43;37.25;Synchronized;;;;;;;;;;;;;;;;;
1974;06/06/2023;13:00:58;37.26;Synchronized;;;;;;;;;;;;;;;;;
1975;06/06/2023;13:01:13;37.26;Synchronized;;;;;;;;;;;;;;;;;
1976;06/06/2023;13:01:28;37.26;Synchronized;;;;;;;;;;;;;;;;;
1977;06/06/2023;13:01:43;37.3;Synchronized;;;;;;;;;;;;;;;;;
1978;06/06/2023;13:01:58;37.27;Synchronized;;;;;;;;;;;;;;;;;
1979;06/06/2023;13:02:13;37.27;Synchronized;;;;;;;;;;;;;;;;;
1980;06/06/2023;13:02:28;37.27;Synchronized;;;;;;;;;;;;;;;;;
1981;06/06/2023;13:02:43;37.25;Synchronized;;;;;;;;;;;;;;;;;
1982;06/06/2023;13:02:58;37.27;Synchronized;;;;;;;;;;;;;;;;;
1983;06/06/2023;13:03:13;37.28;Synchronized;;;;;;;;;;;;;;;;;
1984;06/06/2023;13:03:28;37.29;Synchronized;;;;;;;;;;;;;;;;;
1985;06/06/2023;13:03:43;37.28;Synchronized;;;;;;;;;;;;;;;;;
1986;06/06/2023;13:03:58;37.28;Synchronized;;;;;;;;;;;;;;;;;
1987;06/06/2023;13:04:13;37.26;Synchronized;;;;;;;;;;;;;;;;;
1988;06/06/2023;13:04:28;37.23;Synchronized;;;;;;;;;;;;;;;;;
1989;06/06/2023;13:04:43;37.25;Synchronized;;;;;;;;;;;;;;;;;
1990;06/06/2023;13:04:58;37.26;Synchronized;;;;;;;;;;;;;;;;;
1991;06/06/2023;13:05:13;37.25;Synchronized;;;;;;;;;;;;;;;;;
1992;06/06/2023;13:05:28;37.24;Synchronized;;;;;;;;;;;;;;;;;
1993;06/06/2023;13:05:43;37.29;Synchronized;;;;;;;;;;;;;;;;;
1994;06/06/2023;13:05:58;37.28;Synchronized;;;;;;;;;;;;;;;;;
1995;06/06/2023;13:06:13;37.26;Synchronized;;;;;;;;;;;;;;;;;
1996;06/06/2023;13:06:28;37.23;Synchronized;;;;;;;;;;;;;;;;;
1997;06/06/2023;13:06:43;37.25;Synchronized;;;;;;;;;;;;;;;;;
1998;06/06/2023;13:06:58;37.26;Synchronized;;;;;;;;;;;;;;;;;
1999;06/06/2023;13:07:13;37.26;Synchronized;;;;;;;;;;;;;;;;;
2000;06/06/2023;13:07:28;37.23;Synchronized;;;;;;;;;;;;;;;;;
2001;06/06/2023;13:07:43;37.24;Synchronized;;;;;;;;;;;;;;;;;
2002;06/06/2023;13:07:58;37.25;Synchronized;;;;;;;;;;;;;;;;;
2003;06/06/2023;13:08:13;37.26;Synchronized;;;;;;;;;;;;;;;;;
2004;06/06/2023;13:08:28;37.27;Synchronized;;;;;;;;;;;;;;;;;
2005;06/06/2023;13:08:43;37.28;Synchronized;;;;;;;;;;;;;;;;;
2006;06/06/2023;13:08:58;37.25;Synchronized;;;;;;;;;;;;;;;;;
2007;06/06/2023;13:09:13;37.27;Synchronized;;;;;;;;;;;;;;;;;
2008;06/06/2023;13:09:28;37.23;Synchronized;;;;;;;;;;;;;;;;;
2009;06/06/2023;13:09:43;37.25;Synchronized;;;;;;;;;;;;;;;;;
2010;06/06/2023;13:09:58;37.24;Synchronized;;;;;;;;;;;;;;;;;
2011;06/06/2023;13:10:13;37.25;Synchronized;;;;;;;;;;;;;;;;;
2012;06/06/2023;13:10:28;37.23;Synchronized;;;;;;;;;;;;;;;;;
2013;06/06/2023;13:10:43;37.23;Synchronized;;;;;;;;;;;;;;;;;
2014;06/06/2023;13:10:58;37.23;Synchronized;;;;;;;;;;;;;;;;;
2015;06/06/2023;13:11:13;37.23;Synchronized;;;;;;;;;;;;;;;;;
2016;06/06/2023;13:11:28;37.23;Synchronized;;;;;;;;;;;;;;;;;
2017;06/06/2023;13:11:43;37.22;Synchronized;;;;;;;;;;;;;;;;;
2018;06/06/2023;13:11:58;37.22;Synchronized;;;;;;;;;;;;;;;;;
2019;06/06/2023;13:12:13;37.21;Synchronized;;;;;;;;;;;;;;;;;
2020;06/06/2023;13:12:28;37.21;Synchronized;;;;;;;;;;;;;;;;;
2021;06/06/2023;13:12:43;37.21;Synchronized;;;;;;;;;;;;;;;;;
2022;06/06/2023;13:12:58;37.2;Synchronized;;;;;;;;;;;;;;;;;
2023;06/06/2023;13:13:13;37.2;Synchronized;;;;;;;;;;;;;;;;;
2024;06/06/2023;13:13:28;37.2;Synchronized;;;;;;;;;;;;;;;;;
2025;06/06/2023;13:13:43;37.2;Synchronized;;;;;;;;;;;;;;;;;
2026;06/06/2023;13:13:58;37.17;Synchronized;;;;;;;;;;;;;;;;;
2027;06/06/2023;13:14:13;37.2;Synchronized;;;;;;;;;;;;;;;;;
2028;06/06/2023;13:14:28;37.19;Synchronized;;;;;;;;;;;;;;;;;
2029;06/06/2023;13:14:43;37.2;;;;;;;;;;;;;;;;;;
2030;06/06/2023;13:14:58;37.2;Synchronized;;;;;;;;;;;;;;;;;
2031;06/06/2023;13:15:13;37.23;Synchronized;;;;;;;;;;;;;;;;;
2032;06/06/2023;13:15:28;37.24;Synchronized;;;;;;;;;;;;;;;;;
2033;06/06/2023;13:15:43;37.23;Synchronized;;;;;;;;;;;;;;;;;
2034;06/06/2023;13:15:58;37.23;Synchronized;;;;;;;;;;;;;;;;;
2035;06/06/2023;13:16:13;37.23;Synchronized;;;;;;;;;;;;;;;;;
2036;06/06/2023;13:16:28;37.2;Synchronized;;;;;;;;;;;;;;;;;
2037;06/06/2023;13:16:43;37.23;Synchronized;;;;;;;;;;;;;;;;;
2038;06/06/2023;13:16:58;37.23;Synchronized;;;;;;;;;;;;;;;;;
2039;06/06/2023;13:17:13;37.22;Synchronized;;;;;;;;;;;;;;;;;
2040;06/06/2023;13:17:28;37.21;Synchronized;;;;;;;;;;;;;;;;;
2041;06/06/2023;13:17:43;37.22;Synchronized;;;;;;;;;;;;;;;;;
2042;06/06/2023;13:17:58;37.21;Synchronized;;;;;;;;;;;;;;;;;
2043;06/06/2023;13:18:13;37.22;Synchronized;;;;;;;;;;;;;;;;;
2044;06/06/2023;13:18:28;37.2;Synchronized;;;;;;;;;;;;;;;;;
2045;06/06/2023;13:18:43;37.21;Synchronized;;;;;;;;;;;;;;;;;
2046;06/06/2023;13:18:58;37.22;Synchronized;;;;;;;;;;;;;;;;;
2047;06/06/2023;13:19:13;37.21;Synchronized;;;;;;;;;;;;;;;;;
2048;06/06/2023;13:19:28;37.2;Synchronized;;;;;;;;;;;;;;;;;
2049;06/06/2023;13:19:43;37.2;Synchronized;;;;;;;;;;;;;;;;;
2050;06/06/2023;13:19:58;37.21;Synchronized;;;;;;;;;;;;;;;;;
2051;06/06/2023;13:20:13;37.19;Synchronized;;;;;;;;;;;;;;;;;
2052;06/06/2023;13:20:28;37.2;Synchronized;;;;;;;;;;;;;;;;;
2053;06/06/2023;13:20:43;37.22;Synchronized;;;;;;;;;;;;;;;;;
2054;06/06/2023;13:20:58;37.21;Synchronized;;;;;;;;;;;;;;;;;
2055;06/06/2023;13:21:13;37.17;Synchronized;;;;;;;;;;;;;;;;;
2056;06/06/2023;13:21:28;37.19;Synchronized;;;;;;;;;;;;;;;;;
2057;06/06/2023;13:21:43;37.17;Synchronized;;;;;;;;;;;;;;;;;
2058;06/06/2023;13:21:58;37.18;Synchronized;;;;;;;;;;;;;;;;;
2059;06/06/2023;13:22:13;37.19;Synchronized;;;;;;;;;;;;;;;;;
2060;06/06/2023;13:22:28;37.2;Synchronized;;;;;;;;;;;;;;;;;
2061;06/06/2023;13:22:43;37.19;Synchronized;;;;;;;;;;;;;;;;;
2062;06/06/2023;13:22:58;37.18;Synchronized;;;;;;;;;;;;;;;;;
2063;06/06/2023;13:23:13;37.18;Synchronized;;;;;;;;;;;;;;;;;
2064;06/06/2023;13:23:28;37.2;Synchronized;;;;;;;;;;;;;;;;;
2065;06/06/2023;13:23:43;37.23;Synchronized;;;;;;;;;;;;;;;;;
2066;06/06/2023;13:23:58;37.24;Synchronized;;;;;;;;;;;;;;;;;
2067;06/06/2023;13:24:13;37.29;Synchronized;;;;;;;;;;;;;;;;;
2068;06/06/2023;13:24:28;37.29;Synchronized;;;;;;;;;;;;;;;;;
2069;06/06/2023;13:24:43;37.3;Synchronized;;;;;;;;;;;;;;;;;
2070;06/06/2023;13:24:58;37.31;Synchronized;;;;;;;;;;;;;;;;;
2071;06/06/2023;13:25:13;37.3;Synchronized;;;;;;;;;;;;;;;;;
2072;06/06/2023;13:25:28;37.31;Synchronized;;;;;;;;;;;;;;;;;
2073;06/06/2023;13:25:43;37.3;Synchronized;;;;;;;;;;;;;;;;;
2074;06/06/2023;13:25:58;37.32;Synchronized;;;;;;;;;;;;;;;;;
2075;06/06/2023;13:26:13;37.3;Synchronized;;;;;;;;;;;;;;;;;
2076;06/06/2023;13:26:28;37.3;Synchronized;;;;;;;;;;;;;;;;;
2077;06/06/2023;13:26:43;37.31;Synchronized;;;;;;;;;;;;;;;;;
2078;06/06/2023;13:26:58;37.33;Synchronized;;;;;;;;;;;;;;;;;
2079;06/06/2023;13:27:13;37.3;Synchronized;;;;;;;;;;;;;;;;;
2080;06/06/2023;13:27:28;37.35;Synchronized;;;;;;;;;;;;;;;;;
2081;06/06/2023;13:27:43;37.34;Synchronized;;;;;;;;;;;;;;;;;
2082;06/06/2023;13:27:58;37.35;Synchronized;;;;;;;;;;;;;;;;;
2083;06/06/2023;13:28:13;37.36;Synchronized;;;;;;;;;;;;;;;;;
2084;06/06/2023;13:28:28;37.35;Synchronized;;;;;;;;;;;;;;;;;
2085;06/06/2023;13:28:43;37.35;Synchronized;;;;;;;;;;;;;;;;;
2086;06/06/2023;13:28:58;37.35;Synchronized;;;;;;;;;;;;;;;;;
2087;06/06/2023;13:29:13;37.34;Synchronized;;;;;;;;;;;;;;;;;
2088;06/06/2023;13:29:28;37.34;Synchronized;;;;;;;;;;;;;;;;;
2089;06/06/2023;13:29:43;37.34;Synchronized;;;;;;;;;;;;;;;;;
2090;06/06/2023;13:29:58;37.35;Synchronized;;;;;;;;;;;;;;;;;
2091;06/06/2023;13:30:13;37.32;;;;;;;;;;;;;;;;;;
2092;06/06/2023;13:30:28;37.34;;;;;;;;;;;;;;;;;;
2093;06/06/2023;13:30:43;37.3;;;;;;;;;;;;;;;;;;
2094;06/06/2023;13:30:58;37.29;;;;;;;;;;;;;;;;;;
2095;06/06/2023;13:31:13;37.28;Synchronized;;;;;;;;;;;;;;;;;
2096;06/06/2023;13:31:28;37.27;;;;;;;;;;;;;;;;;;
2097;06/06/2023;13:31:43;37.26;;;;;;;;;;;;;;;;;;
2098;06/06/2023;13:31:58;37.25;;;;;;;;;;;;;;;;;;
2099;06/06/2023;13:32:13;37.23;;;;;;;;;;;;;;;;;;
2100;06/06/2023;13:32:28;37.25;;;;;;;;;;;;;;;;;;
2101;06/06/2023;13:32:43;37.25;Synchronized;;;;;;;;;;;;;;;;;
2102;06/06/2023;13:32:58;37.24;Synchronized;;;;;;;;;;;;;;;;;
2103;06/06/2023;13:33:13;37.23;Synchronized;;;;;;;;;;;;;;;;;
2104;06/06/2023;13:33:28;37.23;;;;;;;;;;;;;;;;;;
2105;06/06/2023;13:33:43;37.21;Synchronized;;;;;;;;;;;;;;;;;
2106;06/06/2023;13:33:58;37.18;Synchronized;;;;;;;;;;;;;;;;;
2107;06/06/2023;13:34:13;37.2;;;;;;;;;;;;;;;;;;
2108;06/06/2023;13:34:28;37.16;Synchronized;;;;;;;;;;;;;;;;;
2109;06/06/2023;13:34:43;37.17;Synchronized;;;;;;;;;;;;;;;;;
2110;06/06/2023;13:34:58;37.14;Synchronized;;;;;;;;;;;;;;;;;
2111;06/06/2023;13:35:13;37.15;Synchronized;;;;;;;;;;;;;;;;;
2112;06/06/2023;13:35:28;37.15;Synchronized;;;;;;;;;;;;;;;;;
2113;06/06/2023;13:35:43;37.13;;;;;;;;;;;;;;;;;;
2114;06/06/2023;13:35:58;37.12;;;;;;;;;;;;;;;;;;
2115;06/06/2023;13:36:13;37.13;;;;;;;;;;;;;;;;;;
2116;06/06/2023;13:36:28;37.1;;;;;;;;;;;;;;;;;;
2117;06/06/2023;13:36:43;37.09;;;;;;;;;;;;;;;;;;
2118;06/06/2023;13:36:58;37.1;Synchronized;;;;;;;;;;;;;;;;;
2119;06/06/2023;13:37:13;37.07;;;;;;;;;;;;;;;;;;
2120;06/06/2023;13:37:28;37.07;;;;;;;;;;;;;;;;;;
2121;06/06/2023;13:37:43;37.08;;;;;;;;;;;;;;;;;;
2122;06/06/2023;13:37:58;37.09;;;;;;;;;;;;;;;;;;
2123;06/06/2023;13:38:13;37.09;;;;;;;;;;;;;;;;;;
2124;06/06/2023;13:38:28;37.06;;;;;;;;;;;;;;;;;;
2125;06/06/2023;13:38:43;37.08;;;;;;;;;;;;;;;;;;
2126;06/06/2023;13:38:58;37.09;;;;;;;;;;;;;;;;;;
2127;06/06/2023;13:39:13;37.06;;;;;;;;;;;;;;;;;;
2128;06/06/2023;13:39:28;37.08;;;;;;;;;;;;;;;;;;
2129;06/06/2023;13:39:43;37.07;;;;;;;;;;;;;;;;;;
2130;06/06/2023;13:39:58;37.05;;;;;;;;;;;;;;;;;;
2131;06/06/2023;13:40:13;37.05;;;;;;;;;;;;;;;;;;
2132;06/06/2023;13:40:28;37.06;;;;;;;;;;;;;;;;;;
2133;06/06/2023;13:40:43;37.06;;;;;;;;;;;;;;;;;;
2134;06/06/2023;13:40:58;37.05;;;;;;;;;;;;;;;;;;
2135;06/06/2023;13:41:13;37.05;;;;;;;;;;;;;;;;;;
2136;06/06/2023;13:41:28;37.05;;;;;;;;;;;;;;;;;;
2137;06/06/2023;13:41:43;37.05;;;;;;;;;;;;;;;;;;
2138;06/06/2023;13:41:58;37.05;;;;;;;;;;;;;;;;;;
2139;06/06/2023;13:42:13;37.05;;;;;;;;;;;;;;;;;;
2140;06/06/2023;13:42:28;37.05;;;;;;;;;;;;;;;;;;
2141;06/06/2023;13:42:43;37.02;;;;;;;;;;;;;;;;;;
2142;06/06/2023;13:42:58;37.02;;;;;;;;;;;;;;;;;;
2143;06/06/2023;13:43:13;37.02;;;;;;;;;;;;;;;;;;
2144;06/06/2023;13:43:28;37.04;;;;;;;;;;;;;;;;;;
2145;06/06/2023;13:43:43;37.04;;;;;;;;;;;;;;;;;;
2146;06/06/2023;13:43:58;37.02;;;;;;;;;;;;;;;;;;
2147;06/06/2023;13:44:13;37.01;;;;;;;;;;;;;;;;;;
2148;06/06/2023;13:44:28;37.02;;;;;;;;;;;;;;;;;;
2149;06/06/2023;13:44:43;37.04;;;;;;;;;;;;;;;;;;
2150;06/06/2023;13:44:58;37.01;;;;;;;;;;;;;;;;;;
2151;06/06/2023;13:45:13;37.01;;;;;;;;;;;;;;;;;;
2152;06/06/2023;13:45:28;37;;;;;;;;;;;;;;;;;;
2153;06/06/2023;13:45:43;37;;;;;;;;;;;;;;;;;;
2154;06/06/2023;13:45:57;37;;;;;;;;;;;;;;;;;;
2155;06/06/2023;13:46:12;36.99;Synchronized;;;;;;;;;;;;;;;;;
2156;06/06/2023;13:46:27;37.01;;;;;;;;;;;;;;;;;;
2157;06/06/2023;13:46:42;36.99;;;;;;;;;;;;;;;;;;
2158;06/06/2023;13:46:57;37;;;;;;;;;;;;;;;;;;
2159;06/06/2023;13:47:12;36.99;;;;;;;;;;;;;;;;;;
2160;06/06/2023;13:47:27;37.01;;;;;;;;;;;;;;;;;;
2161;06/06/2023;13:47:42;37.02;;;;;;;;;;;;;;;;;;
2162;06/06/2023;13:47:57;37;;;;;;;;;;;;;;;;;;
2163;06/06/2023;13:48:12;37;;;;;;;;;;;;;;;;;;
2164;06/06/2023;13:48:27;36.99;;;;;;;;;;;;;;;;;;
2165;06/06/2023;13:48:42;36.98;;;;;;;;;;;;;;;;;;
2166;06/06/2023;13:48:57;36.98;;;;;;;;;;;;;;;;;;
2167;06/06/2023;13:49:12;37;;;;;;;;;;;;;;;;;;
2168;06/06/2023;13:49:27;37.01;;;;;;;;;;;;;;;;;;
2169;06/06/2023;13:49:42;37.01;;;;;;;;;;;;;;;;;;
2170;06/06/2023;13:49:57;36.98;;;;;;;;;;;;;;;;;;
2171;06/06/2023;13:50:12;37.01;;;;;;;;;;;;;;;;;;
2172;06/06/2023;13:50:27;37;;;;;;;;;;;;;;;;;;
2173;06/06/2023;13:50:42;37;;;;;;;;;;;;;;;;;;
2174;06/06/2023;13:50:57;36.99;;;;;;;;;;;;;;;;;;
2175;06/06/2023;13:51:12;37.01;;;;;;;;;;;;;;;;;;
2176;06/06/2023;13:51:27;37.01;;;;;;;;;;;;;;;;;;
2177;06/06/2023;13:51:42;37;;;;;;;;;;;;;;;;;;
2178;06/06/2023;13:51:57;37.01;;;;;;;;;;;;;;;;;;
2179;06/06/2023;13:52:12;37;;;;;;;;;;;;;;;;;;
2180;06/06/2023;13:52:27;37.01;;;;;;;;;;;;;;;;;;
2181;06/06/2023;13:52:42;37.01;;;;;;;;;;;;;;;;;;
2182;06/06/2023;13:52:57;37.02;;;;;;;;;;;;;;;;;;
2183;06/06/2023;13:53:12;37.01;;;;;;;;;;;;;;;;;;
2184;06/06/2023;13:53:27;37.02;;;;;;;;;;;;;;;;;;
2185;06/06/2023;13:53:42;37.02;;;;;;;;;;;;;;;;;;
2186;06/06/2023;13:53:57;37;;;;;;;;;;;;;;;;;;
2187;06/06/2023;13:54:12;37.01;;;;;;;;;;;;;;;;;;
2188;06/06/2023;13:54:27;37.02;;;;;;;;;;;;;;;;;;
2189;06/06/2023;13:54:42;37.02;;;;;;;;;;;;;;;;;;
2190;06/06/2023;13:54:57;37.02;;;;;;;;;;;;;;;;;;
2191;06/06/2023;13:55:12;37.01;;;;;;;;;;;;;;;;;;
2192;06/06/2023;13:55:27;37.02;;;;;;;;;;;;;;;;;;
2193;06/06/2023;13:55:42;37.04;;;;;;;;;;;;;;;;;;
2194;06/06/2023;13:55:57;37.04;;;;;;;;;;;;;;;;;;
2195;06/06/2023;13:56:12;37.04;;;;;;;;;;;;;;;;;;
2196;06/06/2023;13:56:27;37.02;;;;;;;;;;;;;;;;;;
2197;06/06/2023;13:56:42;37.02;;;;;;;;;;;;;;;;;;
2198;06/06/2023;13:56:57;37.04;;;;;;;;;;;;;;;;;;
2199;06/06/2023;13:57:12;37.01;;;;;;;;;;;;;;;;;;
2200;06/06/2023;13:57:27;37.02;Synchronized;;;;;;;;;;;;;;;;;
2201;06/06/2023;13:57:42;37.02;;;;;;;;;;;;;;;;;;
2202;06/06/2023;13:57:57;37.04;Synchronized;;;;;;;;;;;;;;;;;
2203;06/06/2023;13:58:12;37.04;;;;;;;;;;;;;;;;;;
2204;06/06/2023;13:58:27;37.04;;;;;;;;;;;;;;;;;;
2205;06/06/2023;13:58:42;37.02;;;;;;;;;;;;;;;;;;
2206;06/06/2023;13:58:57;37.02;;;;;;;;;;;;;;;;;;
2207;06/06/2023;13:59:12;37.04;;;;;;;;;;;;;;;;;;
2208;06/06/2023;13:59:27;37.02;;;;;;;;;;;;;;;;;;
2209;06/06/2023;13:59:42;37.01;;;;;;;;;;;;;;;;;;
2210;06/06/2023;13:59:57;37.05;;;;;;;;;;;;;;;;;;
2211;06/06/2023;14:00:12;37.05;;;;;;;;;;;;;;;;;;
2212;06/06/2023;14:00:27;37.02;;;;;;;;;;;;;;;;;;
2213;06/06/2023;14:00:42;37;;;;;;;;;;;;;;;;;;
2214;06/06/2023;14:00:57;37.04;;;;;;;;;;;;;;;;;;
2215;06/06/2023;14:01:12;37.02;;;;;;;;;;;;;;;;;;
2216;06/06/2023;14:01:27;37.05;;;;;;;;;;;;;;;;;;
2217;06/06/2023;14:01:42;37.02;;;;;;;;;;;;;;;;;;
2218;06/06/2023;14:01:57;37;;;;;;;;;;;;;;;;;;
2219;06/06/2023;14:02:12;37.02;;;;;;;;;;;;;;;;;;
2220;06/06/2023;14:02:27;37;;;;;;;;;;;;;;;;;;
2221;06/06/2023;14:02:42;37;;;;;;;;;;;;;;;;;;
2222;06/06/2023;14:02:57;37.02;Synchronized;;;;;;;;;;;;;;;;;
2223;06/06/2023;14:03:12;37;Synchronized;;;;;;;;;;;;;;;;;
2224;06/06/2023;14:03:27;37.01;Synchronized;;;;;;;;;;;;;;;;;
2225;06/06/2023;14:03:42;37.01;Synchronized;;;;;;;;;;;;;;;;;
2226;06/06/2023;14:03:57;37.02;Synchronized;;;;;;;;;;;;;;;;;
2227;06/06/2023;14:04:12;37.01;Synchronized;;;;;;;;;;;;;;;;;
2228;06/06/2023;14:04:27;36.99;Synchronized;;;;;;;;;;;;;;;;;
2229;06/06/2023;14:04:42;37.01;;;;;;;;;;;;;;;;;;
2230;06/06/2023;14:04:57;36.99;;;;;;;;;;;;;;;;;;
2231;06/06/2023;14:05:12;37;Synchronized;;;;;;;;;;;;;;;;;
2232;06/06/2023;14:05:27;37.01;;;;;;;;;;;;;;;;;;
2233;06/06/2023;14:05:42;36.99;;;;;;;;;;;;;;;;;;
2234;06/06/2023;14:05:57;37.02;Synchronized;;;;;;;;;;;;;;;;;
2235;06/06/2023;14:06:12;37.02;;;;;;;;;;;;;;;;;;
2236;06/06/2023;14:06:26;36.98;;;;;;;;;;;;;;;;;;
2237;06/06/2023;14:06:41;37.01;;;;;;;;;;;;;;;;;;
2238;06/06/2023;14:06:56;36.98;;;;;;;;;;;;;;;;;;
2239;06/06/2023;14:07:11;37;;;;;;;;;;;;;;;;;;
2240;06/06/2023;14:07:26;36.99;;;;;;;;;;;;;;;;;;
2241;06/06/2023;14:07:41;37;;;;;;;;;;;;;;;;;;
2242;06/06/2023;14:07:56;36.99;Synchronized;;;;;;;;;;;;;;;;;
2243;06/06/2023;14:08:11;37;;;;;;;;;;;;;;;;;;
2244;06/06/2023;14:08:26;36.99;;;;;;;;;;;;;;;;;;
2245;06/06/2023;14:08:41;37;;;;;;;;;;;;;;;;;;
2246;06/06/2023;14:08:56;36.99;;;;;;;;;;;;;;;;;;
2247;06/06/2023;14:09:11;36.98;;;;;;;;;;;;;;;;;;
2248;06/06/2023;14:09:26;36.97;;;;;;;;;;;;;;;;;;
2249;06/06/2023;14:09:41;36.98;;;;;;;;;;;;;;;;;;
2250;06/06/2023;14:09:56;36.97;;;;;;;;;;;;;;;;;;
2251;06/06/2023;14:10:11;36.98;Synchronized;;;;;;;;;;;;;;;;;
2252;06/06/2023;14:10:26;36.96;Synchronized;;;;;;;;;;;;;;;;;
2253;06/06/2023;14:10:41;36.96;;;;;;;;;;;;;;;;;;
2254;06/06/2023;14:10:56;36.96;;;;;;;;;;;;;;;;;;
2255;06/06/2023;14:11:11;36.98;;;;;;;;;;;;;;;;;;
2256;06/06/2023;14:11:26;36.97;;;;;;;;;;;;;;;;;;
2257;06/06/2023;14:11:41;36.98;;;;;;;;;;;;;;;;;;
2258;06/06/2023;14:11:56;36.98;;;;;;;;;;;;;;;;;;
2259;06/06/2023;14:12:11;36.96;;;;;;;;;;;;;;;;;;
2260;06/06/2023;14:12:26;36.96;;;;;;;;;;;;;;;;;;
2261;06/06/2023;14:12:41;36.98;;;;;;;;;;;;;;;;;;
2262;06/06/2023;14:12:56;36.97;;;;;;;;;;;;;;;;;;
2263;06/06/2023;14:13:11;36.97;;;;;;;;;;;;;;;;;;
2264;06/06/2023;14:13:26;36.96;Synchronized;;;;;;;;;;;;;;;;;
2265;06/06/2023;14:13:41;36.98;;;;;;;;;;;;;;;;;;
2266;06/06/2023;14:13:56;36.95;;;;;;;;;;;;;;;;;;
2267;06/06/2023;14:14:11;36.97;;;;;;;;;;;;;;;;;;
2268;06/06/2023;14:14:26;36.97;;;;;;;;;;;;;;;;;;
2269;06/06/2023;14:14:41;36.96;;;;;;;;;;;;;;;;;;
2270;06/06/2023;14:14:56;36.96;;;;;;;;;;;;;;;;;;
2271;06/06/2023;14:15:11;36.95;;;;;;;;;;;;;;;;;;
2272;06/06/2023;14:15:26;36.96;;;;;;;;;;;;;;;;;;
2273;06/06/2023;14:15:41;36.96;;;;;;;;;;;;;;;;;;
2274;06/06/2023;14:15:56;36.95;;;;;;;;;;;;;;;;;;
2275;06/06/2023;14:16:11;36.96;;;;;;;;;;;;;;;;;;
2276;06/06/2023;14:16:26;36.96;;;;;;;;;;;;;;;;;;
2277;06/06/2023;14:16:41;36.96;;;;;;;;;;;;;;;;;;
2278;06/06/2023;14:16:56;36.95;;;;;;;;;;;;;;;;;;
2279;06/06/2023;14:17:11;36.95;;;;;;;;;;;;;;;;;;
2280;06/06/2023;14:17:26;36.95;;;;;;;;;;;;;;;;;;
2281;06/06/2023;14:17:41;36.95;;;;;;;;;;;;;;;;;;
2282;06/06/2023;14:17:56;36.97;;;;;;;;;;;;;;;;;;
2283;06/06/2023;14:18:11;36.95;;;;;;;;;;;;;;;;;;
2284;06/06/2023;14:18:26;36.96;;;;;;;;;;;;;;;;;;
2285;06/06/2023;14:18:41;36.95;;;;;;;;;;;;;;;;;;
2286;06/06/2023;14:18:56;36.94;;;;;;;;;;;;;;;;;;
2287;06/06/2023;14:19:11;36.95;;;;;;;;;;;;;;;;;;
2288;06/06/2023;14:19:26;36.96;;;;;;;;;;;;;;;;;;
2289;06/06/2023;14:19:41;36.95;;;;;;;;;;;;;;;;;;
2290;06/06/2023;14:19:56;36.96;;;;;;;;;;;;;;;;;;
2291;06/06/2023;14:20:11;36.95;;;;;;;;;;;;;;;;;;
2292;06/06/2023;14:20:26;36.94;;;;;;;;;;;;;;;;;;
2293;06/06/2023;14:20:41;36.94;;;;;;;;;;;;;;;;;;
2294;06/06/2023;14:20:56;36.95;;;;;;;;;;;;;;;;;;
2295;06/06/2023;14:21:11;36.95;;;;;;;;;;;;;;;;;;
2296;06/06/2023;14:21:26;36.95;;;;;;;;;;;;;;;;;;
2297;06/06/2023;14:21:41;36.95;;;;;;;;;;;;;;;;;;
2298;06/06/2023;14:21:56;36.94;Synchronized;;;;;;;;;;;;;;;;;
2299;06/06/2023;14:22:11;36.95;Synchronized;;;;;;;;;;;;;;;;;
2300;06/06/2023;14:22:26;36.94;;;;;;;;;;;;;;;;;;
2301;06/06/2023;14:22:41;36.95;;;;;;;;;;;;;;;;;;
2302;06/06/2023;14:22:56;36.97;;;;;;;;;;;;;;;;;;
2303;06/06/2023;14:23:11;36.95;;;;;;;;;;;;;;;;;;
2304;06/06/2023;14:23:26;36.95;;;;;;;;;;;;;;;;;;
2305;06/06/2023;14:23:41;36.96;Synchronized;;;;;;;;;;;;;;;;;
2306;06/06/2023;14:23:56;36.96;;;;;;;;;;;;;;;;;;
2307;06/06/2023;14:24:11;36.97;Synchronized;;;;;;;;;;;;;;;;;
2308;06/06/2023;14:24:26;36.98;;;;;;;;;;;;;;;;;;
2309;06/06/2023;14:24:41;36.98;;;;;;;;;;;;;;;;;;
2310;06/06/2023;14:24:56;36.96;;;;;;;;;;;;;;;;;;
2311;06/06/2023;14:25:11;36.96;;;;;;;;;;;;;;;;;;
2312;06/06/2023;14:25:26;36.98;;;;;;;;;;;;;;;;;;
2313;06/06/2023;14:25:41;36.96;;;;;;;;;;;;;;;;;;
2314;06/06/2023;14:25:56;36.97;;;;;;;;;;;;;;;;;;
2315;06/06/2023;14:26:11;36.97;;;;;;;;;;;;;;;;;;
2316;06/06/2023;14:26:26;36.98;;;;;;;;;;;;;;;;;;
2317;06/06/2023;14:26:41;36.96;;;;;;;;;;;;;;;;;;
2318;06/06/2023;14:26:56;36.97;;;;;;;;;;;;;;;;;;
2319;06/06/2023;14:27:10;36.99;;;;;;;;;;;;;;;;;;
2320;06/06/2023;14:27:25;36.99;;;;;;;;;;;;;;;;;;
2321;06/06/2023;14:27:40;36.98;;;;;;;;;;;;;;;;;;
2322;06/06/2023;14:27:55;36.99;;;;;;;;;;;;;;;;;;
2323;06/06/2023;14:28:10;36.99;Synchronized;;;;;;;;;;;;;;;;;
2324;06/06/2023;14:28:25;36.98;Synchronized;;;;;;;;;;;;;;;;;
2325;06/06/2023;14:28:40;36.97;Synchronized;;;;;;;;;;;;;;;;;
2326;06/06/2023;14:28:55;36.98;Synchronized;;;;;;;;;;;;;;;;;
2327;06/06/2023;14:29:10;36.98;Synchronized;;;;;;;;;;;;;;;;;
2328;06/06/2023;14:29:25;36.98;;;;;;;;;;;;;;;;;;
2329;06/06/2023;14:29:40;36.98;Synchronized;;;;;;;;;;;;;;;;;
2330;06/06/2023;14:29:55;36.98;Synchronized;;;;;;;;;;;;;;;;;
2331;06/06/2023;14:30:10;37;Synchronized;;;;;;;;;;;;;;;;;
2332;06/06/2023;14:30:25;36.99;Synchronized;;;;;;;;;;;;;;;;;
2333;06/06/2023;14:30:40;37;Synchronized;;;;;;;;;;;;;;;;;
2334;06/06/2023;14:30:55;36.99;Synchronized;;;;;;;;;;;;;;;;;
2335;06/06/2023;14:31:10;36.98;Synchronized;;;;;;;;;;;;;;;;;
2336;06/06/2023;14:31:25;37.02;Synchronized;;;;;;;;;;;;;;;;;
2337;06/06/2023;14:31:40;37.01;Synchronized;;;;;;;;;;;;;;;;;
2338;06/06/2023;14:31:55;37.01;Synchronized;;;;;;;;;;;;;;;;;
2339;06/06/2023;14:32:10;37.05;Synchronized;;;;;;;;;;;;;;;;;
2340;06/06/2023;14:32:25;37.05;Synchronized;;;;;;;;;;;;;;;;;
2341;06/06/2023;14:32:40;37.05;Synchronized;;;;;;;;;;;;;;;;;
2342;06/06/2023;14:32:55;37.05;Synchronized;;;;;;;;;;;;;;;;;
2343;06/06/2023;14:33:10;37.05;Synchronized;;;;;;;;;;;;;;;;;
2344;06/06/2023;14:33:25;37.06;Synchronized;;;;;;;;;;;;;;;;;
2345;06/06/2023;14:33:40;37.07;Synchronized;;;;;;;;;;;;;;;;;
2346;06/06/2023;14:33:55;37.08;;;;;;;;;;;;;;;;;;
2347;06/06/2023;14:34:10;37.07;Synchronized;;;;;;;;;;;;;;;;;
2348;06/06/2023;14:34:25;37.06;;;;;;;;;;;;;;;;;;
2349;06/06/2023;14:34:40;37.09;;;;;;;;;;;;;;;;;;
2350;06/06/2023;14:34:55;37.09;;;;;;;;;;;;;;;;;;
2351;06/06/2023;14:35:10;37.09;;;;;;;;;;;;;;;;;;
2352;06/06/2023;14:35:25;37.11;;;;;;;;;;;;;;;;;;
2353;06/06/2023;14:35:40;37.1;;;;;;;;;;;;;;;;;;
2354;06/06/2023;14:35:55;37.1;;;;;;;;;;;;;;;;;;
2355;06/06/2023;14:36:10;37.1;;;;;;;;;;;;;;;;;;
2356;06/06/2023;14:36:25;37.14;;;;;;;;;;;;;;;;;;
2357;06/06/2023;14:36:40;37.13;;;;;;;;;;;;;;;;;;
2358;06/06/2023;14:36:55;37.13;;;;;;;;;;;;;;;;;;
2359;06/06/2023;14:37:10;37.12;;;;;;;;;;;;;;;;;;
2360;06/06/2023;14:37:25;37.13;;;;;;;;;;;;;;;;;;
2361;06/06/2023;14:37:40;37.14;;;;;;;;;;;;;;;;;;
2362;06/06/2023;14:37:55;37.13;;;;;;;;;;;;;;;;;;
2363;06/06/2023;14:38:10;37.13;;;;;;;;;;;;;;;;;;
2364;06/06/2023;14:38:25;37.11;;;;;;;;;;;;;;;;;;
2365;06/06/2023;14:38:40;37.13;;;;;;;;;;;;;;;;;;
2366;06/06/2023;14:38:55;37.13;;;;;;;;;;;;;;;;;;
2367;06/06/2023;14:39:10;37.13;;;;;;;;;;;;;;;;;;
2368;06/06/2023;14:39:25;37.13;;;;;;;;;;;;;;;;;;
2369;06/06/2023;14:39:40;37.13;;;;;;;;;;;;;;;;;;
2370;06/06/2023;14:39:55;37.13;;;;;;;;;;;;;;;;;;
2371;06/06/2023;14:40:10;37.14;Synchronized;;;;;;;;;;;;;;;;;
2372;06/06/2023;14:40:25;37.12;Synchronized;;;;;;;;;;;;;;;;;
2373;06/06/2023;14:40:40;37.12;Synchronized;;;;;;;;;;;;;;;;;
2374;06/06/2023;14:40:55;37.12;;;;;;;;;;;;;;;;;;
2375;06/06/2023;14:41:10;37.11;;;;;;;;;;;;;;;;;;
2376;06/06/2023;14:41:25;37.13;;;;;;;;;;;;;;;;;;
2377;06/06/2023;14:41:40;37.13;;;;;;;;;;;;;;;;;;
2378;06/06/2023;14:41:55;37.12;;;;;;;;;;;;;;;;;;
2379;06/06/2023;14:42:10;37.1;;;;;;;;;;;;;;;;;;
2380;06/06/2023;14:42:25;37.1;;;;;;;;;;;;;;;;;;
2381;06/06/2023;14:42:40;37.1;;;;;;;;;;;;;;;;;;
2382;06/06/2023;14:42:55;37.13;;;;;;;;;;;;;;;;;;
2383;06/06/2023;14:43:10;37.1;;;;;;;;;;;;;;;;;;
2384;06/06/2023;14:43:25;37.12;;;;;;;;;;;;;;;;;;
2385;06/06/2023;14:43:40;37.11;;;;;;;;;;;;;;;;;;
2386;06/06/2023;14:43:55;37.09;;;;;;;;;;;;;;;;;;
2387;06/06/2023;14:44:10;37.13;;;;;;;;;;;;;;;;;;
2388;06/06/2023;14:44:25;37.12;;;;;;;;;;;;;;;;;;
2389;06/06/2023;14:44:40;37.1;;;;;;;;;;;;;;;;;;
2390;06/06/2023;14:44:55;37.12;;;;;;;;;;;;;;;;;;
2391;06/06/2023;14:45:10;37.11;;;;;;;;;;;;;;;;;;
2392;06/06/2023;14:45:25;37.11;;;;;;;;;;;;;;;;;;
2393;06/06/2023;14:45:40;37.1;;;;;;;;;;;;;;;;;;
2394;06/06/2023;14:45:55;37.09;;;;;;;;;;;;;;;;;;
2395;06/06/2023;14:46:10;37.1;;;;;;;;;;;;;;;;;;
2396;06/06/2023;14:46:25;37.11;;;;;;;;;;;;;;;;;;
2397;06/06/2023;14:46:40;37.12;;;;;;;;;;;;;;;;;;
2398;06/06/2023;14:46:55;37.1;;;;;;;;;;;;;;;;;;
2399;06/06/2023;14:47:10;37.11;;;;;;;;;;;;;;;;;;
2400;06/06/2023;14:47:24;37.1;;;;;;;;;;;;;;;;;;
2401;06/06/2023;14:47:39;37.09;;;;;;;;;;;;;;;;;;
2402;06/06/2023;14:47:54;37.12;;;;;;;;;;;;;;;;;;
2403;06/06/2023;14:48:09;37.09;;;;;;;;;;;;;;;;;;
2404;06/06/2023;14:48:24;37.11;;;;;;;;;;;;;;;;;;
2405;06/06/2023;14:48:39;37.1;;;;;;;;;;;;;;;;;;
2406;06/06/2023;14:48:54;37.09;Synchronized;;;;;;;;;;;;;;;;;
2407;06/06/2023;14:49:09;37.09;;;;;;;;;;;;;;;;;;
2408;06/06/2023;14:49:24;37.09;;;;;;;;;;;;;;;;;;
2409;06/06/2023;14:49:39;37.09;;;;;;;;;;;;;;;;;;
2410;06/06/2023;14:49:54;37.09;;;;;;;;;;;;;;;;;;
2411;06/06/2023;14:50:09;37.09;Synchronized;;;;;;;;;;;;;;;;;
2412;06/06/2023;14:50:24;37.1;;;;;;;;;;;;;;;;;;
2413;06/06/2023;14:50:39;37.09;;;;;;;;;;;;;;;;;;
2414;06/06/2023;14:50:54;37.09;;;;;;;;;;;;;;;;;;
2415;06/06/2023;14:51:09;37.09;;;;;;;;;;;;;;;;;;
2416;06/06/2023;14:51:24;37.09;;;;;;;;;;;;;;;;;;
2417;06/06/2023;14:51:39;37.08;;;;;;;;;;;;;;;;;;
2418;06/06/2023;14:51:54;37.09;;;;;;;;;;;;;;;;;;
2419;06/06/2023;14:52:09;37.07;;;;;;;;;;;;;;;;;;
2420;06/06/2023;14:52:24;37.08;;;;;;;;;;;;;;;;;;
2421;06/06/2023;14:52:39;37.08;;;;;;;;;;;;;;;;;;
2422;06/06/2023;14:52:54;37.06;;;;;;;;;;;;;;;;;;
2423;06/06/2023;14:53:09;37.09;;;;;;;;;;;;;;;;;;
2424;06/06/2023;14:53:24;37.07;;;;;;;;;;;;;;;;;;
2425;06/06/2023;14:53:39;37.07;;;;;;;;;;;;;;;;;;
2426;06/06/2023;14:53:54;37.08;;;;;;;;;;;;;;;;;;
2427;06/06/2023;14:54:09;37.08;;;;;;;;;;;;;;;;;;
2428;06/06/2023;14:54:24;37.08;;;;;;;;;;;;;;;;;;
2429;06/06/2023;14:54:39;37.09;;;;;;;;;;;;;;;;;;
2430;06/06/2023;14:54:54;37.06;;;;;;;;;;;;;;;;;;
2431;06/06/2023;14:55:09;37.07;Synchronized;;;;;;;;;;;;;;;;;
2432;06/06/2023;14:55:24;37.07;;;;;;;;;;;;;;;;;;
2433;06/06/2023;14:55:39;37.05;;;;;;;;;;;;;;;;;;
2434;06/06/2023;14:55:54;37.05;;;;;;;;;;;;;;;;;;
2435;06/06/2023;14:56:09;37.02;;;;;;;;;;;;;;;;;;
2436;06/06/2023;14:56:24;37.04;;;;;;;;;;;;;;;;;;
2437;06/06/2023;14:56:39;37.02;;;;;;;;;;;;;;;;;;
2438;06/06/2023;14:56:54;37.02;;;;;;;;;;;;;;;;;;
2439;06/06/2023;14:57:09;37.02;;;;;;;;;;;;;;;;;;
2440;06/06/2023;14:57:24;36.99;;;;;;;;;;;;;;;;;;
2441;06/06/2023;14:57:39;36.99;;;;;;;;;;;;;;;;;;
2442;06/06/2023;14:57:54;36.99;;;;;;;;;;;;;;;;;;
2443;06/06/2023;14:58:09;36.99;;;;;;;;;;;;;;;;;;
2444;06/06/2023;14:58:24;36.98;;;;;;;;;;;;;;;;;;
2445;06/06/2023;14:58:39;36.98;;;;;;;;;;;;;;;;;;
2446;06/06/2023;14:58:54;36.98;;;;;;;;;;;;;;;;;;
2447;06/06/2023;14:59:09;36.98;;;;;;;;;;;;;;;;;;
2448;06/06/2023;14:59:24;36.95;;;;;;;;;;;;;;;;;;
2449;06/06/2023;14:59:39;36.95;;;;;;;;;;;;;;;;;;
2450;06/06/2023;14:59:54;36.97;;;;;;;;;;;;;;;;;;
2451;06/06/2023;15:00:09;36.98;;;;;;;;;;;;;;;;;;
2452;06/06/2023;15:00:24;36.96;;;;;;;;;;;;;;;;;;
2453;06/06/2023;15:00:39;36.95;;;;;;;;;;;;;;;;;;
2454;06/06/2023;15:00:54;36.95;Synchronized;;;;;;;;;;;;;;;;;
2455;06/06/2023;15:01:09;36.94;;;;;;;;;;;;;;;;;;
2456;06/06/2023;15:01:24;36.94;;;;;;;;;;;;;;;;;;
2457;06/06/2023;15:01:39;36.93;;;;;;;;;;;;;;;;;;
2458;06/06/2023;15:01:54;36.92;;;;;;;;;;;;;;;;;;
2459;06/06/2023;15:02:09;36.93;;;;;;;;;;;;;;;;;;
2460;06/06/2023;15:02:24;36.92;;;;;;;;;;;;;;;;;;
2461;06/06/2023;15:02:39;36.92;;;;;;;;;;;;;;;;;;
2462;06/06/2023;15:02:54;36.91;;;;;;;;;;;;;;;;;;
2463;06/06/2023;15:03:09;36.92;;;;;;;;;;;;;;;;;;
2464;06/06/2023;15:03:24;36.92;;;;;;;;;;;;;;;;;;
2465;06/06/2023;15:03:39;36.91;;;;;;;;;;;;;;;;;;
2466;06/06/2023;15:03:54;36.91;;;;;;;;;;;;;;;;;;
2467;06/06/2023;15:04:09;36.91;;;;;;;;;;;;;;;;;;
2468;06/06/2023;15:04:24;36.91;;;;;;;;;;;;;;;;;;
2469;06/06/2023;15:04:39;36.93;;;;;;;;;;;;;;;;;;
2470;06/06/2023;15:04:54;36.94;;;;;;;;;;;;;;;;;;
2471;06/06/2023;15:05:09;36.94;Synchronized;;;;;;;;;;;;;;;;;
2472;06/06/2023;15:05:24;36.94;Synchronized;;;;;;;;;;;;;;;;;
2473;06/06/2023;15:05:39;36.96;;;;;;;;;;;;;;;;;;
2474;06/06/2023;15:05:54;36.98;Synchronized;;;;;;;;;;;;;;;;;
2475;06/06/2023;15:06:09;36.99;Synchronized;;;;;;;;;;;;;;;;;
2476;06/06/2023;15:06:24;36.97;Synchronized;;;;;;;;;;;;;;;;;
2477;06/06/2023;15:06:39;36.99;Synchronized;;;;;;;;;;;;;;;;;
2478;06/06/2023;15:06:54;36.98;Synchronized;;;;;;;;;;;;;;;;;
2479;06/06/2023;15:07:09;36.98;;;;;;;;;;;;;;;;;;
2480;06/06/2023;15:07:24;36.98;;;;;;;;;;;;;;;;;;
2481;06/06/2023;15:07:39;37.01;;;;;;;;;;;;;;;;;;
2482;06/06/2023;15:07:54;37.02;;;;;;;;;;;;;;;;;;
2483;06/06/2023;15:08:09;37.04;;;;;;;;;;;;;;;;;;
2484;06/06/2023;15:08:24;37.05;;;;;;;;;;;;;;;;;;
2485;06/06/2023;15:08:39;37.02;Synchronized;;;;;;;;;;;;;;;;;
2486;06/06/2023;15:08:54;37.05;Synchronized;;;;;;;;;;;;;;;;;
2487;06/06/2023;15:09:08;37.04;Synchronized;;;;;;;;;;;;;;;;;
2488;06/06/2023;15:09:23;37.05;Synchronized;;;;;;;;;;;;;;;;;
2489;06/06/2023;15:09:38;37.06;;;;;;;;;;;;;;;;;;
2490;06/06/2023;15:09:53;37.07;;;;;;;;;;;;;;;;;;
2491;06/06/2023;15:10:08;37.07;;;;;;;;;;;;;;;;;;
2492;06/06/2023;15:10:23;37.07;;;;;;;;;;;;;;;;;;
2493;06/06/2023;15:10:38;37.09;;;;;;;;;;;;;;;;;;
2494;06/06/2023;15:10:53;37.08;;;;;;;;;;;;;;;;;;
2495;06/06/2023;15:11:08;37.08;;;;;;;;;;;;;;;;;;
2496;06/06/2023;15:11:23;37.08;;;;;;;;;;;;;;;;;;
2497;06/06/2023;15:11:38;37.09;;;;;;;;;;;;;;;;;;
2498;06/06/2023;15:11:53;37.08;;;;;;;;;;;;;;;;;;
2499;06/06/2023;15:12:08;37.09;;;;;;;;;;;;;;;;;;
2500;06/06/2023;15:12:23;37.08;;;;;;;;;;;;;;;;;;
2501;06/06/2023;15:12:38;37.09;;;;;;;;;;;;;;;;;;
2502;06/06/2023;15:12:53;37.09;;;;;;;;;;;;;;;;;;
2503;06/06/2023;15:13:08;37.08;;;;;;;;;;;;;;;;;;
2504;06/06/2023;15:13:23;37.09;Synchronized;;;;;;;;;;;;;;;;;
2505;06/06/2023;15:13:38;37.1;Synchronized;;;;;;;;;;;;;;;;;
2506;06/06/2023;15:13:53;37.09;Synchronized;;;;;;;;;;;;;;;;;
2507;06/06/2023;15:14:08;37.08;Synchronized;;;;;;;;;;;;;;;;;
2508;06/06/2023;15:14:23;37.07;Synchronized;;;;;;;;;;;;;;;;;
2509;06/06/2023;15:14:38;37.09;Synchronized;;;;;;;;;;;;;;;;;
2510;06/06/2023;15:14:53;37.08;Synchronized;;;;;;;;;;;;;;;;;
2511;06/06/2023;15:15:08;37.08;Synchronized;;;;;;;;;;;;;;;;;
2512;06/06/2023;15:15:23;37.06;Synchronized;;;;;;;;;;;;;;;;;
2513;06/06/2023;15:15:38;37.06;Synchronized;;;;;;;;;;;;;;;;;
2514;06/06/2023;15:15:53;37.06;Synchronized;;;;;;;;;;;;;;;;;
2515;06/06/2023;15:16:08;37.05;;;;;;;;;;;;;;;;;;
2516;06/06/2023;15:16:23;37.09;;;;;;;;;;;;;;;;;;
2517;06/06/2023;15:16:38;37.12;;;;;;;;;;;;;;;;;;
2518;06/06/2023;15:16:53;37.14;;;;;;;;;;;;;;;;;;
2519;06/06/2023;15:17:08;37.16;;;;;;;;;;;;;;;;;;
2520;06/06/2023;15:17:23;37.17;;;;;;;;;;;;;;;;;;
2521;06/06/2023;15:17:38;37.17;;;;;;;;;;;;;;;;;;
2522;06/06/2023;15:17:53;37.19;;;;;;;;;;;;;;;;;;
2523;06/06/2023;15:18:08;37.2;;;;;;;;;;;;;;;;;;
2524;06/06/2023;15:18:23;37.21;;;;;;;;;;;;;;;;;;
2525;06/06/2023;15:18:38;37.2;;;;;;;;;;;;;;;;;;
2526;06/06/2023;15:18:53;37.21;;;;;;;;;;;;;;;;;;
2527;06/06/2023;15:19:08;37.23;;;;;;;;;;;;;;;;;;
2528;06/06/2023;15:19:23;37.24;;;;;;;;;;;;;;;;;;
2529;06/06/2023;15:19:38;37.23;;;;;;;;;;;;;;;;;;
2530;06/06/2023;15:19:53;37.25;;;;;;;;;;;;;;;;;;
2531;06/06/2023;15:20:08;37.27;;;;;;;;;;;;;;;;;;
2532;06/06/2023;15:20:23;37.29;;;;;;;;;;;;;;;;;;
2533;06/06/2023;15:20:38;37.28;;;;;;;;;;;;;;;;;;
2534;06/06/2023;15:20:53;37.3;;;;;;;;;;;;;;;;;;
2535;06/06/2023;15:21:08;37.3;;;;;;;;;;;;;;;;;;
2536;06/06/2023;15:21:23;37.31;;;;;;;;;;;;;;;;;;
2537;06/06/2023;15:21:38;37.31;;;;;;;;;;;;;;;;;;
2538;06/06/2023;15:21:53;37.32;;;;;;;;;;;;;;;;;;
2539;06/06/2023;15:22:08;37.32;;;;;;;;;;;;;;;;;;
2540;06/06/2023;15:22:23;37.32;;;;;;;;;;;;;;;;;;
2541;06/06/2023;15:22:38;37.33;;;;;;;;;;;;;;;;;;
2542;06/06/2023;15:22:53;37.33;;;;;;;;;;;;;;;;;;
2543;06/06/2023;15:23:08;37.32;;;;;;;;;;;;;;;;;;
2544;06/06/2023;15:23:23;37.33;;;;;;;;;;;;;;;;;;
2545;06/06/2023;15:23:38;37.33;;;;;;;;;;;;;;;;;;
2546;06/06/2023;15:23:53;37.33;;;;;;;;;;;;;;;;;;
2547;06/06/2023;15:24:08;37.34;;;;;;;;;;;;;;;;;;
2548;06/06/2023;15:24:23;37.32;;;;;;;;;;;;;;;;;;
2549;06/06/2023;15:24:38;37.34;;;;;;;;;;;;;;;;;;
2550;06/06/2023;15:24:53;37.33;;;;;;;;;;;;;;;;;;
2551;06/06/2023;15:25:08;37.33;;;;;;;;;;;;;;;;;;
2552;06/06/2023;15:25:23;37.34;Synchronized;;;;;;;;;;;;;;;;;
2553;06/06/2023;15:25:38;37.33;Synchronized;;;;;;;;;;;;;;;;;
2554;06/06/2023;15:25:53;37.32;Synchronized;;;;;;;;;;;;;;;;;
2555;06/06/2023;15:26:08;37.33;;;;;;;;;;;;;;;;;;
2556;06/06/2023;15:26:23;37.33;;;;;;;;;;;;;;;;;;
2557;06/06/2023;15:26:38;37.33;;;;;;;;;;;;;;;;;;
2558;06/06/2023;15:26:53;37.33;;;;;;;;;;;;;;;;;;
2559;06/06/2023;15:27:08;37.31;Synchronized;;;;;;;;;;;;;;;;;
2560;06/06/2023;15:27:23;37.33;;;;;;;;;;;;;;;;;;
2561;06/06/2023;15:27:38;37.33;;;;;;;;;;;;;;;;;;
2562;06/06/2023;15:27:53;37.33;;;;;;;;;;;;;;;;;;
2563;06/06/2023;15:28:08;37.31;;;;;;;;;;;;;;;;;;
2564;06/06/2023;15:28:23;37.3;;;;;;;;;;;;;;;;;;
2565;06/06/2023;15:28:38;37.3;;;;;;;;;;;;;;;;;;
2566;06/06/2023;15:28:53;37.31;;;;;;;;;;;;;;;;;;
2567;06/06/2023;15:29:08;37.31;;;;;;;;;;;;;;;;;;
2568;06/06/2023;15:29:23;37.3;;;;;;;;;;;;;;;;;;
2569;06/06/2023;15:29:38;37.31;;;;;;;;;;;;;;;;;;
2570;06/06/2023;15:29:53;37.3;;;;;;;;;;;;;;;;;;
2571;06/06/2023;15:30:08;37.28;;;;;;;;;;;;;;;;;;
2572;06/06/2023;15:30:23;37.28;;;;;;;;;;;;;;;;;;
2573;06/06/2023;15:30:38;37.29;;;;;;;;;;;;;;;;;;
2574;06/06/2023;15:30:53;37.28;;;;;;;;;;;;;;;;;;
2575;06/06/2023;15:31:08;37.29;;;;;;;;;;;;;;;;;;
2576;06/06/2023;15:31:23;37.28;;;;;;;;;;;;;;;;;;
2577;06/06/2023;15:31:38;37.28;;;;;;;;;;;;;;;;;;
2578;06/06/2023;15:31:53;37.29;;;;;;;;;;;;;;;;;;
2579;06/06/2023;15:32:08;37.29;;;;;;;;;;;;;;;;;;
2580;06/06/2023;15:32:23;37.28;;;;;;;;;;;;;;;;;;
2581;06/06/2023;15:32:38;37.28;;;;;;;;;;;;;;;;;;
2582;06/06/2023;15:32:53;37.27;;;;;;;;;;;;;;;;;;
2583;06/06/2023;15:33:08;37.28;;;;;;;;;;;;;;;;;;
2584;06/06/2023;15:33:23;37.3;;;;;;;;;;;;;;;;;;
2585;06/06/2023;15:33:38;37.29;;;;;;;;;;;;;;;;;;
2586;06/06/2023;15:33:53;37.29;Synchronized;;;;;;;;;;;;;;;;;
2587;06/06/2023;15:34:08;37.28;Synchronized;;;;;;;;;;;;;;;;;
2588;06/06/2023;15:34:23;37.29;;;;;;;;;;;;;;;;;;
2589;06/06/2023;15:34:38;37.27;;;;;;;;;;;;;;;;;;
2590;06/06/2023;15:34:53;37.3;;;;;;;;;;;;;;;;;;
2591;06/06/2023;15:35:08;37.27;;;;;;;;;;;;;;;;;;
2592;06/06/2023;15:35:23;37.27;;;;;;;;;;;;;;;;;;
2593;06/06/2023;15:35:38;37.27;;;;;;;;;;;;;;;;;;
2594;06/06/2023;15:35:53;37.27;;;;;;;;;;;;;;;;;;
2595;06/06/2023;15:36:08;37.27;;;;;;;;;;;;;;;;;;
2596;06/06/2023;15:36:23;37.26;;;;;;;;;;;;;;;;;;
2597;06/06/2023;15:36:38;37.26;;;;;;;;;;;;;;;;;;
2598;06/06/2023;15:36:53;37.28;;;;;;;;;;;;;;;;;;
2599;06/06/2023;15:37:08;37.28;;;;;;;;;;;;;;;;;;
2600;06/06/2023;15:37:23;37.29;;;;;;;;;;;;;;;;;;
2601;06/06/2023;15:37:38;37.26;;;;;;;;;;;;;;;;;;
2602;06/06/2023;15:37:53;37.28;;;;;;;;;;;;;;;;;;
2603;06/06/2023;15:38:08;37.28;;;;;;;;;;;;;;;;;;
2604;06/06/2023;15:38:23;37.26;;;;;;;;;;;;;;;;;;
2605;06/06/2023;15:38:38;37.28;;;;;;;;;;;;;;;;;;
2606;06/06/2023;15:38:53;37.3;;;;;;;;;;;;;;;;;;
2607;06/06/2023;15:39:08;37.28;;;;;;;;;;;;;;;;;;
2608;06/06/2023;15:39:23;37.27;;;;;;;;;;;;;;;;;;
2609;06/06/2023;15:39:38;37.29;;;;;;;;;;;;;;;;;;
2610;06/06/2023;15:39:53;37.29;;;;;;;;;;;;;;;;;;
2611;06/06/2023;15:40:08;37.28;;;;;;;;;;;;;;;;;;
2612;06/06/2023;15:40:23;37.28;;;;;;;;;;;;;;;;;;
2613;06/06/2023;15:40:38;37.29;;;;;;;;;;;;;;;;;;
2614;06/06/2023;15:40:53;37.29;;;;;;;;;;;;;;;;;;
2615;06/06/2023;15:41:08;37.28;;;;;;;;;;;;;;;;;;
2616;06/06/2023;15:41:23;37.27;;;;;;;;;;;;;;;;;;
2617;06/06/2023;15:41:38;37.28;;;;;;;;;;;;;;;;;;
2618;06/06/2023;15:41:53;37.29;;;;;;;;;;;;;;;;;;
2619;06/06/2023;15:42:08;37.3;;;;;;;;;;;;;;;;;;
2620;06/06/2023;15:42:23;37.29;;;;;;;;;;;;;;;;;;
2621;06/06/2023;15:42:38;37.29;;;;;;;;;;;;;;;;;;
2622;06/06/2023;15:42:53;37.29;;;;;;;;;;;;;;;;;;
2623;06/06/2023;15:43:08;37.27;;;;;;;;;;;;;;;;;;
2624;06/06/2023;15:43:23;37.3;;;;;;;;;;;;;;;;;;
2625;06/06/2023;15:43:38;37.29;;;;;;;;;;;;;;;;;;
2626;06/06/2023;15:43:53;37.28;;;;;;;;;;;;;;;;;;
2627;06/06/2023;15:44:08;37.28;Synchronized;;;;;;;;;;;;;;;;;
2628;06/06/2023;15:44:23;37.28;Synchronized;;;;;;;;;;;;;;;;;
2629;06/06/2023;15:44:38;37.26;Synchronized;;;;;;;;;;;;;;;;;
2630;06/06/2023;15:44:53;37.28;Synchronized;;;;;;;;;;;;;;;;;
2631;06/06/2023;15:45:08;37.28;Synchronized;;;;;;;;;;;;;;;;;
2632;06/06/2023;15:45:23;37.27;Synchronized;;;;;;;;;;;;;;;;;
2633;06/06/2023;15:45:38;37.28;;;;;;;;;;;;;;;;;;
2634;06/06/2023;15:45:53;37.29;;;;;;;;;;;;;;;;;;
2635;06/06/2023;15:46:08;37.3;;;;;;;;;;;;;;;;;;
2636;06/06/2023;15:46:23;37.3;Synchronized;;;;;;;;;;;;;;;;;
2637;06/06/2023;15:46:38;37.3;;;;;;;;;;;;;;;;;;
2638;06/06/2023;15:46:53;37.28;;;;;;;;;;;;;;;;;;
2639;06/06/2023;15:47:08;37.28;;;;;;;;;;;;;;;;;;
2640;06/06/2023;15:47:23;37.3;Synchronized;;;;;;;;;;;;;;;;;
2641;06/06/2023;15:47:38;37.3;Synchronized;;;;;;;;;;;;;;;;;
2642;06/06/2023;15:47:53;37.28;;;;;;;;;;;;;;;;;;
2643;06/06/2023;15:48:08;37.3;Synchronized;;;;;;;;;;;;;;;;;
2644;06/06/2023;15:48:23;37.29;Synchronized;;;;;;;;;;;;;;;;;
2645;06/06/2023;15:48:38;37.29;Synchronized;;;;;;;;;;;;;;;;;
2646;06/06/2023;15:48:53;37.3;;;;;;;;;;;;;;;;;;
2647;06/06/2023;15:49:08;37.31;Synchronized;;;;;;;;;;;;;;;;;
2648;06/06/2023;15:49:23;37.31;;;;;;;;;;;;;;;;;;
2649;06/06/2023;15:49:38;37.28;;;;;;;;;;;;;;;;;;
2650;06/06/2023;15:49:53;37.28;Synchronized;;;;;;;;;;;;;;;;;
2651;06/06/2023;15:50:08;37.3;Synchronized;;;;;;;;;;;;;;;;;
2652;06/06/2023;15:50:23;37.27;Synchronized;;;;;;;;;;;;;;;;;
2653;06/06/2023;15:50:38;37.29;;;;;;;;;;;;;;;;;;
2654;06/06/2023;15:50:53;37.29;;;;;;;;;;;;;;;;;;
2655;06/06/2023;15:51:08;37.3;;;;;;;;;;;;;;;;;;
2656;06/06/2023;15:51:23;37.3;Synchronized;;;;;;;;;;;;;;;;;
2657;06/06/2023;15:51:38;37.31;Synchronized;;;;;;;;;;;;;;;;;
2658;06/06/2023;15:51:53;37.3;;;;;;;;;;;;;;;;;;
2659;06/06/2023;15:52:08;37.32;;;;;;;;;;;;;;;;;;
2660;06/06/2023;15:52:23;37.32;;;;;;;;;;;;;;;;;;
2661;06/06/2023;15:52:38;37.32;;;;;;;;;;;;;;;;;;
2662;06/06/2023;15:52:53;37.34;;;;;;;;;;;;;;;;;;
2663;06/06/2023;15:53:08;37.32;;;;;;;;;;;;;;;;;;
2664;06/06/2023;15:53:23;37.32;;;;;;;;;;;;;;;;;;
2665;06/06/2023;15:53:38;37.3;;;;;;;;;;;;;;;;;;
2666;06/06/2023;15:53:53;37.31;;;;;;;;;;;;;;;;;;
2667;06/06/2023;15:54:08;37.31;;;;;;;;;;;;;;;;;;
2668;06/06/2023;15:54:23;37.3;;;;;;;;;;;;;;;;;;
2669;06/06/2023;15:54:38;37.3;;;;;;;;;;;;;;;;;;
2670;06/06/2023;15:54:53;37.3;;;;;;;;;;;;;;;;;;
2671;06/06/2023;15:55:08;37.3;;;;;;;;;;;;;;;;;;
2672;06/06/2023;15:55:23;37.29;;;;;;;;;;;;;;;;;;
2673;06/06/2023;15:55:38;37.3;;;;;;;;;;;;;;;;;;
2674;06/06/2023;15:55:53;37.29;;;;;;;;;;;;;;;;;;
2675;06/06/2023;15:56:08;37.3;;;;;;;;;;;;;;;;;;
2676;06/06/2023;15:56:23;37.3;;;;;;;;;;;;;;;;;;
2677;06/06/2023;15:56:38;37.31;;;;;;;;;;;;;;;;;;
2678;06/06/2023;15:56:53;37.31;;;;;;;;;;;;;;;;;;
2679;06/06/2023;15:57:08;37.31;;;;;;;;;;;;;;;;;;
2680;06/06/2023;15:57:23;37.3;;;;;;;;;;;;;;;;;;
2681;06/06/2023;15:57:38;37.31;;;;;;;;;;;;;;;;;;
2682;06/06/2023;15:57:53;37.29;;;;;;;;;;;;;;;;;;
2683;06/06/2023;15:58:08;37.31;;;;;;;;;;;;;;;;;;
2684;06/06/2023;15:58:23;37.31;;;;;;;;;;;;;;;;;;
2685;06/06/2023;15:58:38;37.31;;;;;;;;;;;;;;;;;;
2686;06/06/2023;15:58:53;37.31;;;;;;;;;;;;;;;;;;
2687;06/06/2023;15:59:08;37.31;;;;;;;;;;;;;;;;;;
2688;06/06/2023;15:59:23;37.32;;;;;;;;;;;;;;;;;;
2689;06/06/2023;15:59:38;37.3;;;;;;;;;;;;;;;;;;
2690;06/06/2023;15:59:53;37.33;;;;;;;;;;;;;;;;;;
2691;06/06/2023;16:00:08;37.32;;;;;;;;;;;;;;;;;;
2692;06/06/2023;16:00:23;37.33;;;;;;;;;;;;;;;;;;
2693;06/06/2023;16:00:38;37.33;;;;;;;;;;;;;;;;;;
2694;06/06/2023;16:00:53;37.35;;;;;;;;;;;;;;;;;;
2695;06/06/2023;16:01:08;37.35;;;;;;;;;;;;;;;;;;
2696;06/06/2023;16:01:23;37.33;;;;;;;;;;;;;;;;;;
2697;06/06/2023;16:01:38;37.34;;;;;;;;;;;;;;;;;;
2698;06/06/2023;16:01:53;37.34;;;;;;;;;;;;;;;;;;
2699;06/06/2023;16:02:08;37.33;;;;;;;;;;;;;;;;;;
2700;06/06/2023;16:02:23;37.34;;;;;;;;;;;;;;;;;;
2701;06/06/2023;16:02:38;37.33;;;;;;;;;;;;;;;;;;
2702;06/06/2023;16:02:53;37.34;;;;;;;;;;;;;;;;;;
2703;06/06/2023;16:03:08;37.35;;;;;;;;;;;;;;;;;;
2704;06/06/2023;16:03:23;37.34;;;;;;;;;;;;;;;;;;
2705;06/06/2023;16:03:38;37.33;;;;;;;;;;;;;;;;;;
2706;06/06/2023;16:03:53;37.34;;;;;;;;;;;;;;;;;;
2707;06/06/2023;16:04:09;37.34;;;;;;;;;;;;;;;;;;
2708;06/06/2023;16:04:24;37.34;;;;;;;;;;;;;;;;;;
2709;06/06/2023;16:04:39;37.36;;;;;;;;;;;;;;;;;;
2710;06/06/2023;16:04:54;37.35;;;;;;;;;;;;;;;;;;
2711;06/06/2023;16:05:09;37.36;;;;;;;;;;;;;;;;;;
2712;06/06/2023;16:05:24;37.37;;;;;;;;;;;;;;;;;;
2713;06/06/2023;16:05:39;37.38;;;;;;;;;;;;;;;;;;
2714;06/06/2023;16:05:54;37.34;;;;;;;;;;;;;;;;;;
2715;06/06/2023;16:06:09;37.34;;;;;;;;;;;;;;;;;;
2716;06/06/2023;16:06:24;37.35;;;;;;;;;;;;;;;;;;
2717;06/06/2023;16:06:39;37.38;;;;;;;;;;;;;;;;;;
2718;06/06/2023;16:06:54;37.36;Synchronized;;;;;;;;;;;;;;;;;
2719;06/06/2023;16:07:09;37.36;;;;;;;;;;;;;;;;;;
2720;06/06/2023;16:07:24;37.38;;;;;;;;;;;;;;;;;;
2721;06/06/2023;16:07:39;37.38;Synchronized;;;;;;;;;;;;;;;;;
2722;06/06/2023;16:07:54;37.36;Synchronized;;;;;;;;;;;;;;;;;
2723;06/06/2023;16:08:09;37.37;Synchronized;;;;;;;;;;;;;;;;;
2724;06/06/2023;16:08:24;37.37;;;;;;;;;;;;;;;;;;
2725;06/06/2023;16:08:39;37.36;;;;;;;;;;;;;;;;;;
2726;06/06/2023;16:08:54;37.36;;;;;;;;;;;;;;;;;;
2727;06/06/2023;16:09:09;37.38;;;;;;;;;;;;;;;;;;
2728;06/06/2023;16:09:24;37.37;;;;;;;;;;;;;;;;;;
2729;06/06/2023;16:09:39;37.36;;;;;;;;;;;;;;;;;;
2730;06/06/2023;16:09:54;37.37;;;;;;;;;;;;;;;;;;
2731;06/06/2023;16:10:09;37.38;;;;;;;;;;;;;;;;;;
2732;06/06/2023;16:10:24;37.37;;;;;;;;;;;;;;;;;;
2733;06/06/2023;16:10:39;37.38;;;;;;;;;;;;;;;;;;
2734;06/06/2023;16:10:54;37.38;;;;;;;;;;;;;;;;;;
2735;06/06/2023;16:11:09;37.35;;;;;;;;;;;;;;;;;;
2736;06/06/2023;16:11:24;37.38;;;;;;;;;;;;;;;;;;
2737;06/06/2023;16:11:39;37.37;;;;;;;;;;;;;;;;;;
2738;06/06/2023;16:11:54;37.38;;;;;;;;;;;;;;;;;;
2739;06/06/2023;16:12:09;37.34;;;;;;;;;;;;;;;;;;
2740;06/06/2023;16:12:24;37.37;;;;;;;;;;;;;;;;;;
2741;06/06/2023;16:12:39;37.37;;;;;;;;;;;;;;;;;;
2742;06/06/2023;16:12:54;37.37;;;;;;;;;;;;;;;;;;
2743;06/06/2023;16:13:09;37.37;;;;;;;;;;;;;;;;;;
2744;06/06/2023;16:13:24;37.39;;;;;;;;;;;;;;;;;;
2745;06/06/2023;16:13:39;37.37;;;;;;;;;;;;;;;;;;
2746;06/06/2023;16:13:54;37.35;;;;;;;;;;;;;;;;;;
2747;06/06/2023;16:14:09;37.37;Synchronized;;;;;;;;;;;;;;;;;
2748;06/06/2023;16:14:24;37.35;;;;;;;;;;;;;;;;;;
2749;06/06/2023;16:14:39;37.35;;;;;;;;;;;;;;;;;;
2750;06/06/2023;16:14:54;37.36;;;;;;;;;;;;;;;;;;
2751;06/06/2023;16:15:09;37.36;;;;;;;;;;;;;;;;;;
2752;06/06/2023;16:15:24;37.38;;;;;;;;;;;;;;;;;;
2753;06/06/2023;16:15:39;37.36;;;;;;;;;;;;;;;;;;
2754;06/06/2023;16:15:54;37.36;;;;;;;;;;;;;;;;;;
2755;06/06/2023;16:16:09;37.38;;;;;;;;;;;;;;;;;;
2756;06/06/2023;16:16:24;37.36;;;;;;;;;;;;;;;;;;
2757;06/06/2023;16:16:39;37.37;;;;;;;;;;;;;;;;;;
2758;06/06/2023;16:16:54;37.35;;;;;;;;;;;;;;;;;;
2759;06/06/2023;16:17:09;37.37;;;;;;;;;;;;;;;;;;
2760;06/06/2023;16:17:25;37.37;;;;;;;;;;;;;;;;;;
2761;06/06/2023;16:17:40;37.38;;;;;;;;;;;;;;;;;;
2762;06/06/2023;16:17:55;37.37;;;;;;;;;;;;;;;;;;
2763;06/06/2023;16:18:10;37.41;;;;;;;;;;;;;;;;;;
2764;06/06/2023;16:18:25;37.37;;;;;;;;;;;;;;;;;;
2765;06/06/2023;16:18:40;37.43;;;;;;;;;;;;;;;;;;
2766;06/06/2023;16:18:55;37.45;;;;;;;;;;;;;;;;;;
2767;06/06/2023;16:19:10;37.45;;;;;;;;;;;;;;;;;;
2768;06/06/2023;16:19:25;37.45;;;;;;;;;;;;;;;;;;
2769;06/06/2023;16:19:40;37.45;;;;;;;;;;;;;;;;;;
2770;06/06/2023;16:19:55;37.45;;;;;;;;;;;;;;;;;;
2771;06/06/2023;16:20:10;37.46;;;;;;;;;;;;;;;;;;
2772;06/06/2023;16:20:25;37.45;;;;;;;;;;;;;;;;;;
2773;06/06/2023;16:20:40;37.42;;;;;;;;;;;;;;;;;;
2774;06/06/2023;16:20:55;37.45;;;;;;;;;;;;;;;;;;
2775;06/06/2023;16:21:10;37.45;;;;;;;;;;;;;;;;;;
2776;06/06/2023;16:21:25;37.45;;;;;;;;;;;;;;;;;;
2777;06/06/2023;16:21:40;37.43;;;;;;;;;;;;;;;;;;
2778;06/06/2023;16:21:55;37.45;;;;;;;;;;;;;;;;;;
2779;06/06/2023;16:22:10;37.44;;;;;;;;;;;;;;;;;;
2780;06/06/2023;16:22:25;37.45;;;;;;;;;;;;;;;;;;
2781;06/06/2023;16:22:40;37.45;;;;;;;;;;;;;;;;;;
2782;06/06/2023;16:22:55;37.47;;;;;;;;;;;;;;;;;;
2783;06/06/2023;16:23:10;37.45;;;;;;;;;;;;;;;;;;
2784;06/06/2023;16:23:25;37.43;;;;;;;;;;;;;;;;;;
2785;06/06/2023;16:23:40;37.45;;;;;;;;;;;;;;;;;;
2786;06/06/2023;16:23:55;37.44;;;;;;;;;;;;;;;;;;
2787;06/06/2023;16:24:10;37.41;;;;;;;;;;;;;;;;;;
2788;06/06/2023;16:24:25;37.43;;;;;;;;;;;;;;;;;;
2789;06/06/2023;16:24:40;37.43;Synchronized;;;;;;;;;;;;;;;;;
2790;06/06/2023;16:24:55;37.39;;;;;;;;;;;;;;;;;;
2791;06/06/2023;16:25:10;37.42;;;;;;;;;;;;;;;;;;
2792;06/06/2023;16:25:25;37.44;;;;;;;;;;;;;;;;;;
2793;06/06/2023;16:25:40;37.41;;;;;;;;;;;;;;;;;;
2794;06/06/2023;16:25:55;37.42;;;;;;;;;;;;;;;;;;
2795;06/06/2023;16:26:10;37.42;;;;;;;;;;;;;;;;;;
2796;06/06/2023;16:26:25;37.43;;;;;;;;;;;;;;;;;;
2797;06/06/2023;16:26:40;37.43;;;;;;;;;;;;;;;;;;
2798;06/06/2023;16:26:55;37.45;;;;;;;;;;;;;;;;;;
2799;06/06/2023;16:27:10;37.43;;;;;;;;;;;;;;;;;;
2800;06/06/2023;16:27:26;37.46;;;;;;;;;;;;;;;;;;
2801;06/06/2023;16:27:41;37.43;;;;;;;;;;;;;;;;;;
2802;06/06/2023;16:27:56;37.44;;;;;;;;;;;;;;;;;;
2803;06/06/2023;16:28:11;37.45;;;;;;;;;;;;;;;;;;
2804;06/06/2023;16:28:26;37.42;;;;;;;;;;;;;;;;;;
2805;06/06/2023;16:28:41;37.44;;;;;;;;;;;;;;;;;;
2806;06/06/2023;16:28:56;37.42;;;;;;;;;;;;;;;;;;
2807;06/06/2023;16:29:11;37.42;;;;;;;;;;;;;;;;;;
2808;06/06/2023;16:29:26;37.41;;;;;;;;;;;;;;;;;;
2809;06/06/2023;16:29:41;37.41;;;;;;;;;;;;;;;;;;
2810;06/06/2023;16:29:56;37.42;;;;;;;;;;;;;;;;;;
2811;06/06/2023;16:30:11;37.39;;;;;;;;;;;;;;;;;;
2812;06/06/2023;16:30:26;37.41;;;;;;;;;;;;;;;;;;
2813;06/06/2023;16:30:41;37.41;;;;;;;;;;;;;;;;;;
2814;06/06/2023;16:30:56;37.39;;;;;;;;;;;;;;;;;;
2815;06/06/2023;16:31:11;37.41;;;;;;;;;;;;;;;;;;
2816;06/06/2023;16:31:26;37.38;;;;;;;;;;;;;;;;;;
2817;06/06/2023;16:31:41;37.39;;;;;;;;;;;;;;;;;;
2818;06/06/2023;16:31:56;37.38;;;;;;;;;;;;;;;;;;
2819;06/06/2023;16:32:11;37.38;;;;;;;;;;;;;;;;;;
2820;06/06/2023;16:32:26;37.41;;;;;;;;;;;;;;;;;;
2821;06/06/2023;16:32:41;37.36;;;;;;;;;;;;;;;;;;
2822;06/06/2023;16:32:56;37.37;;;;;;;;;;;;;;;;;;
2823;06/06/2023;16:33:11;37.37;;;;;;;;;;;;;;;;;;
2824;06/06/2023;16:33:26;37.37;;;;;;;;;;;;;;;;;;
2825;06/06/2023;16:33:41;37.37;;;;;;;;;;;;;;;;;;
2826;06/06/2023;16:33:56;37.38;;;;;;;;;;;;;;;;;;
2827;06/06/2023;16:34:11;37.37;;;;;;;;;;;;;;;;;;
2828;06/06/2023;16:34:26;37.37;;;;;;;;;;;;;;;;;;
2829;06/06/2023;16:34:41;37.37;;;;;;;;;;;;;;;;;;
2830;06/06/2023;16:34:56;37.36;;;;;;;;;;;;;;;;;;
2831;06/06/2023;16:35:11;37.36;;;;;;;;;;;;;;;;;;
2832;06/06/2023;16:35:26;37.36;;;;;;;;;;;;;;;;;;
2833;06/06/2023;16:35:41;37.35;;;;;;;;;;;;;;;;;;
2834;06/06/2023;16:35:56;37.37;Synchronized;;;;;;;;;;;;;;;;;
2835;06/06/2023;16:36:11;37.34;Synchronized;;;;;;;;;;;;;;;;;
2836;06/06/2023;16:36:26;37.37;Synchronized;;;;;;;;;;;;;;;;;
2837;06/06/2023;16:36:41;37.34;Synchronized;;;;;;;;;;;;;;;;;
2838;06/06/2023;16:36:56;37.34;Synchronized;;;;;;;;;;;;;;;;;
2839;06/06/2023;16:37:11;37.36;;;;;;;;;;;;;;;;;;
2840;06/06/2023;16:37:27;37.35;;;;;;;;;;;;;;;;;;
2841;06/06/2023;16:37:41;37.34;;;;;;;;;;;;;;;;;;
2842;06/06/2023;16:37:57;37.35;;;;;;;;;;;;;;;;;;
2843;06/06/2023;16:38:11;37.34;;;;;;;;;;;;;;;;;;
2844;06/06/2023;16:38:27;37.35;;;;;;;;;;;;;;;;;;
2845;06/06/2023;16:38:42;37.37;;;;;;;;;;;;;;;;;;
2846;06/06/2023;16:38:56;37.36;;;;;;;;;;;;;;;;;;
2847;06/06/2023;16:39:12;37.35;;;;;;;;;;;;;;;;;;
2848;06/06/2023;16:39:27;37.36;;;;;;;;;;;;;;;;;;
2849;06/06/2023;16:39:42;37.36;;;;;;;;;;;;;;;;;;
2850;06/06/2023;16:39:57;37.36;;;;;;;;;;;;;;;;;;
2851;06/06/2023;16:40:12;37.35;;;;;;;;;;;;;;;;;;
2852;06/06/2023;16:40:27;37.36;;;;;;;;;;;;;;;;;;
2853;06/06/2023;16:41:26;37.35;;;;;;;;;;;;;;;;;;
2854;06/06/2023;16:42:26;37.39;;;;;;;;;;;;;;;;;;
2855;06/06/2023;16:43:27;37.46;;;;;;;;;;;;;;;;;;
2856;06/06/2023;16:44:27;37.38;;;;;;;;;;;;;;;;;;
2857;06/06/2023;16:45:27;37.38;;;;;;;;;;;;;;;;;;
2858;06/06/2023;16:46:27;;Missing data;;;;;;;;;;;;;;;;;
2859;06/06/2023;16:47:27;;Missing data;;;;;;;;;;;;;;;;;
2860;06/06/2023;16:48:27;37.38;;;;;;;;;;;;;;;;;;
;
;
06/06/2023;08:29:20;SAMPLING PERIOD CHANGED (15s);
06/06/2023;10:32:57;SAMPLING PERIOD CHANGED (1min);