SenseLab_M02;
Time Zone;UTC+2:00;
Monitor;80.80.10.3E;
;
Pill n°1;24.00.18.85;;;;;;Pill n°2;24.00.1B.AD;;;;;;Pill n°3;24.00.1C.C7;;;;;;
Sample number;Date (dd/mm/yyyy);Hour;Temperature (°C);Status;;;Sample number;Date (dd/mm/yyyy);Hour;Temperature (°C);Status;;;Sample number;Date (dd/mm/yyyy);Hour;Temperature (°C);Status;;;
1;05/06/2023;17:53:51;29.17;;;;1;05/06/2023;17:55:30;28.34;;;;1;05/06/2023;17:56:31;27.93;;;;
2;05/06/2023;17:54:51;29.35;Synchronized;;;2;05/06/2023;17:56:30;28.74;;;;2;05/06/2023;17:57:30;28.45;;;;
3;05/06/2023;17:55:51;28.8;;;;3;05/06/2023;17:57:30;28.31;;;;3;05/06/2023;17:58:30;28.12;;;;
4;05/06/2023;17:56:51;28.39;;;;4;05/06/2023;17:58:31;27.98;;;;4;05/06/2023;17:59:30;27.82;;;;
5;05/06/2023;17:57:51;28.06;;;;5;05/06/2023;17:59:31;27.7;;;;5;05/06/2023;18:00:30;27.65;;;;
6;05/06/2023;17:58:51;27.8;;;;6;05/06/2023;18:00:31;27.52;;;;6;05/06/2023;18:01:30;27.52;;;;
7;05/06/2023;17:59:51;27.6;;;;7;05/06/2023;18:01:31;27.34;;;;7;05/06/2023;18:02:30;27.41;;;;
8;05/06/2023;18:00:51;27.44;;;;8;05/06/2023;18:02:31;27.23;;;;8;05/06/2023;18:03:30;27.31;;;;
9;05/06/2023;18:01:51;27.29;;;;9;05/06/2023;18:03:31;27.1;;;;9;05/06/2023;18:04:30;27.16;;;;
10;05/06/2023;18:02:51;27.2;;;;10;05/06/2023;18:04:31;26.98;;;;10;05/06/2023;18:05:30;26.84;;;;
11;05/06/2023;18:03:51;27.1;;;;11;05/06/2023;18:05:31;26.8;;;;11;05/06/2023;18:06:29;26.52;;;;
12;05/06/2023;18:04:51;26.86;;;;12;05/06/2023;18:06:31;26.57;;;;12;05/06/2023;18:07:29;26.27;;;;
13;05/06/2023;18:05:51;26.59;;;;13;05/06/2023;18:07:31;26.3;;;;13;05/06/2023;18:08:29;26.02;;;;
14;05/06/2023;18:06:50;26.32;;;;14;05/06/2023;18:08:31;26.1;;;;14;05/06/2023;18:09:29;25.87;;;;
15;05/06/2023;18:07:50;26.09;;;;15;05/06/2023;18:09:31;25.93;Synchronized;;;15;05/06/2023;18:10:29;25.7;Synchronized;;;
16;05/06/2023;18:08:50;25.9;;;;16;05/06/2023;18:10:31;25.78;;;;16;05/06/2023;18:11:29;25.61;;;;
17;05/06/2023;18:09:50;25.74;;;;17;05/06/2023;18:11:31;25.66;;;;17;05/06/2023;18:12:29;25.49;;;;
18;05/06/2023;18:10:50;25.63;;;;18;05/06/2023;18:12:31;25.58;;;;18;05/06/2023;18:13:29;25.43;;;;
19;05/06/2023;18:11:50;25.56;;;;19;05/06/2023;18:13:31;25.48;;;;19;05/06/2023;18:14:29;25.36;;;;
20;05/06/2023;18:12:50;25.48;;;;20;05/06/2023;18:14:31;25.41;;;;20;05/06/2023;18:15:29;25.34;;;;
21;05/06/2023;18:13:50;25.39;;;;21;05/06/2023;18:15:31;25.36;;;;21;05/06/2023;18:16:29;25.31;;;;
22;05/06/2023;18:14:50;25.37;;;;22;05/06/2023;18:16:31;25.36;;;;22;05/06/2023;18:17:29;25.36;;;;
23;05/06/2023;18:15:50;25.34;;;;23;05/06/2023;18:17:31;25.41;;;;23;05/06/2023;18:18:29;25.35;;;;
24;05/06/2023;18:16:50;25.37;;;;24;05/06/2023;18:18:31;25.4;;;;24;05/06/2023;18:19:29;25.34;;;;
25;05/06/2023;18:17:50;25.38;;;;25;05/06/2023;18:19:31;25.38;;;;25;05/06/2023;18:20:29;25.31;;;;
26;05/06/2023;18:18:50;25.37;;;;26;05/06/2023;18:20:31;25.34;;;;26;05/06/2023;18:21:29;25.29;;;;
27;05/06/2023;18:19:50;25.37;;;;27;05/06/2023;18:21:31;25.29;;;;27;05/06/2023;18:22:29;25.27;;;;
28;05/06/2023;18:20:50;25.35;;;;28;05/06/2023;18:22:31;25.29;;;;28;05/06/2023;18:23:29;25.25;;;;
29;05/06/2023;18:21:50;25.35;;;;29;05/06/2023;18:23:32;25.26;;;;29;05/06/2023;18:24:29;25.23;;;;
30;05/06/2023;18:22:51;25.34;;;;30;05/06/2023;18:24:32;25.26;;;;30;05/06/2023;18:25:29;25.23;;;;
31;05/06/2023;18:23:51;25.31;;;;31;05/06/2023;18:25:32;25.21;;;;31;05/06/2023;18:26:28;25.21;;;;
32;05/06/2023;18:24:51;25.29;;;;32;05/06/2023;18:26:32;25.2;;;;32;05/06/2023;18:27:28;25.23;;;;
33;05/06/2023;18:25:51;25.31;;;;33;05/06/2023;18:27:32;25.21;;;;33;05/06/2023;18:28:28;25.24;;;;
34;05/06/2023;18:26:51;25.34;;;;34;05/06/2023;18:28:32;25.23;;;;34;05/06/2023;18:29:28;25.28;;;;
35;05/06/2023;18:27:51;25.38;;;;35;05/06/2023;18:29:32;25.23;;;;35;05/06/2023;18:30:28;25.27;;;;
36;05/06/2023;18:28:51;25.38;Synchronized;;;36;05/06/2023;18:30:32;25.23;;;;36;05/06/2023;18:31:28;25.28;;;;
37;05/06/2023;18:29:51;25.4;;;;37;05/06/2023;18:31:32;25.23;;;;37;05/06/2023;18:32:28;25.28;;;;
38;05/06/2023;18:30:51;25.42;;;;38;05/06/2023;18:32:32;25.22;;;;38;05/06/2023;18:33:28;25.29;;;;
39;05/06/2023;18:31:51;25.41;;;;39;05/06/2023;18:33:32;25.23;;;;39;05/06/2023;18:34:28;25.28;;;;
40;05/06/2023;18:32:51;25.42;;;;40;05/06/2023;18:34:32;25.24;;;;40;05/06/2023;18:35:28;25.3;;;;
41;05/06/2023;18:33:51;25.41;;;;41;05/06/2023;18:35:32;25.24;;;;41;05/06/2023;18:36:28;25.32;;;;
42;05/06/2023;18:34:51;25.41;;;;42;05/06/2023;18:36:32;25.24;;;;42;05/06/2023;18:37:28;25.34;;;;
43;05/06/2023;18:35:51;25.43;;;;43;05/06/2023;18:37:33;25.24;;;;43;05/06/2023;18:38:28;25.33;;;;
44;05/06/2023;18:36:51;25.45;;;;44;05/06/2023;18:38:33;25.24;;;;44;05/06/2023;18:39:28;25.34;;;;
45;05/06/2023;18:37:51;25.45;;;;45;05/06/2023;18:39:33;25.26;;;;45;05/06/2023;18:40:28;25.34;;;;
46;05/06/2023;18:38:51;25.46;;;;46;05/06/2023;18:40:33;25.27;;;;46;05/06/2023;18:41:28;25.35;;;;
47;05/06/2023;18:39:51;25.45;;;;47;05/06/2023;18:41:33;25.27;;;;47;05/06/2023;18:42:28;25.34;;;;
48;05/06/2023;18:40:51;25.46;;;;48;05/06/2023;18:42:33;25.29;;;;48;05/06/2023;18:43:28;25.37;;;;
49;05/06/2023;18:41:51;25.46;;;;49;05/06/2023;18:43:33;25.3;;;;49;05/06/2023;18:44:28;25.45;;;;
50;05/06/2023;18:42:51;25.48;;;;50;05/06/2023;18:44:33;25.4;;;;50;05/06/2023;18:45:28;25.47;;;;
51;05/06/2023;18:43:51;25.5;;;;51;05/06/2023;18:45:33;25.4;;;;51;05/06/2023;18:46:28;25.5;;;;
52;05/06/2023;18:44:51;25.52;;;;52;05/06/2023;18:46:33;25.43;;;;52;05/06/2023;18:47:28;25.51;;;;
53;05/06/2023;18:45:51;25.54;;;;53;05/06/2023;18:47:33;25.41;;;;53;05/06/2023;18:48:27;25.51;;;;
54;05/06/2023;18:46:51;25.56;;;;54;05/06/2023;18:48:33;25.38;;;;54;05/06/2023;18:49:27;25.5;;;;
55;05/06/2023;18:47:51;25.55;;;;55;05/06/2023;18:49:33;25.38;;;;55;05/06/2023;18:50:27;25.48;;;;
56;05/06/2023;18:48:51;25.54;;;;56;05/06/2023;18:50:33;25.36;;;;56;05/06/2023;18:51:27;25.48;;;;
57;05/06/2023;18:49:51;25.53;;;;57;05/06/2023;18:51:34;25.34;;;;57;05/06/2023;18:52:27;25.47;;;;
58;05/06/2023;18:50:51;25.56;;;;58;05/06/2023;18:52:34;25.31;;;;58;05/06/2023;18:53:27;25.45;;;;
59;05/06/2023;18:51:51;25.54;;;;59;05/06/2023;18:53:34;25.34;;;;59;05/06/2023;18:54:27;25.44;;;;
60;05/06/2023;18:52:51;25.54;;;;60;05/06/2023;18:54:34;25.3;;;;60;05/06/2023;18:55:27;25.47;;;;
61;05/06/2023;18:53:51;25.55;;;;61;05/06/2023;18:55:34;25.34;;;;61;05/06/2023;18:56:27;25.48;;;;
62;05/06/2023;18:54:51;25.58;;;;62;05/06/2023;18:56:34;25.34;;;;62;05/06/2023;18:57:27;25.48;;;;
63;05/06/2023;18:55:51;25.56;;;;63;05/06/2023;18:57:34;25.34;;;;63;05/06/2023;18:58:27;25.51;Synchronized;;;
64;05/06/2023;18:56:51;25.57;;;;64;05/06/2023;18:58:34;25.35;;;;64;05/06/2023;18:59:27;25.53;;;;
65;05/06/2023;18:57:50;25.58;;;;65;05/06/2023;18:59:34;25.36;;;;65;05/06/2023;19:00:27;25.52;;;;
66;05/06/2023;18:58:50;25.59;;;;66;05/06/2023;19:00:34;25.36;;;;66;05/06/2023;19:01:27;25.55;;;;
67;05/06/2023;18:59:50;25.59;;;;67;05/06/2023;19:01:34;25.37;;;;67;05/06/2023;19:02:27;25.55;;;;
68;05/06/2023;19:00:50;25.6;;;;68;05/06/2023;19:02:34;25.39;;;;68;05/06/2023;19:03:27;25.59;Synchronized;;;
69;05/06/2023;19:01:50;25.62;;;;69;05/06/2023;19:03:34;25.38;;;;69;05/06/2023;19:04:27;25.55;;;;
70;05/06/2023;19:02:51;25.63;;;;70;05/06/2023;19:04:34;25.38;;;;70;05/06/2023;19:05:27;25.58;;;;
71;05/06/2023;19:03:51;25.62;;;;71;05/06/2023;19:05:34;25.39;;;;71;05/06/2023;19:06:27;25.57;;;;
72;05/06/2023;19:04:51;25.61;;;;72;05/06/2023;19:06:35;25.45;;;;72;05/06/2023;19:07:27;25.6;;;;
73;05/06/2023;19:05:51;25.64;;;;73;05/06/2023;19:07:35;25.47;;;;73;05/06/2023;19:08:27;25.59;;;;
74;05/06/2023;19:06:51;25.66;;;;74;05/06/2023;19:08:35;25.49;;;;74;05/06/2023;19:09:27;25.63;Synchronized;;;
75;05/06/2023;19:07:51;25.63;;;;75;05/06/2023;19:09:35;25.51;;;;75;05/06/2023;19:10:26;25.62;;;;
76;05/06/2023;19:08:51;25.67;;;;76;05/06/2023;19:10:35;25.54;;;;76;05/06/2023;19:11:26;25.64;;;;
77;05/06/2023;19:09:51;25.66;;;;77;05/06/2023;19:11:35;25.58;;;;77;05/06/2023;19:12:26;25.7;;;;
78;05/06/2023;19:10:51;25.7;;;;78;05/06/2023;19:12:35;25.62;;;;78;05/06/2023;19:13:26;25.7;;;;
79;05/06/2023;19:11:51;25.71;;;;79;05/06/2023;19:13:35;25.67;;;;79;05/06/2023;19:14:26;25.73;;;;
80;05/06/2023;19:12:51;25.73;;;;80;05/06/2023;19:14:35;25.76;;;;80;05/06/2023;19:15:26;25.72;;;;
81;05/06/2023;19:13:51;25.77;;;;81;05/06/2023;19:15:35;25.83;;;;81;05/06/2023;19:16:26;25.71;;;;
82;05/06/2023;19:14:51;25.77;;;;82;05/06/2023;19:16:35;25.85;;;;82;05/06/2023;19:17:26;25.71;;;;
83;05/06/2023;19:15:51;25.77;;;;83;05/06/2023;19:17:35;25.88;;;;83;05/06/2023;19:18:26;25.74;;;;
84;05/06/2023;19:16:51;25.77;;;;84;05/06/2023;19:18:35;25.87;;;;84;05/06/2023;19:19:26;26.02;;;;
85;05/06/2023;19:17:51;25.73;;;;85;05/06/2023;19:19:35;25.88;;;;85;05/06/2023;19:20:26;25.98;;;;
86;05/06/2023;19:18:51;25.75;;;;86;05/06/2023;19:20:35;25.87;;;;86;05/06/2023;19:21:26;25.93;;;;
87;05/06/2023;19:19:51;25.76;;;;87;05/06/2023;19:21:35;25.9;;;;87;05/06/2023;19:22:25;26;;;;
88;05/06/2023;19:20:51;25.75;;;;88;05/06/2023;19:22:35;25.95;;;;88;05/06/2023;19:23:25;26;;;;
89;05/06/2023;19:21:51;25.77;;;;89;05/06/2023;19:23:35;25.96;;;;89;05/06/2023;19:24:25;25.98;;;;
90;05/06/2023;19:22:51;25.85;;;;90;05/06/2023;19:24:35;25.98;;;;90;05/06/2023;19:25:25;25.89;;;;
91;05/06/2023;19:23:51;25.88;;;;91;05/06/2023;19:25:36;25.95;;;;91;05/06/2023;19:26:25;25.81;;;;
92;05/06/2023;19:24:50;25.89;;;;92;05/06/2023;19:26:36;25.88;;;;92;05/06/2023;19:27:25;25.73;;;;
93;05/06/2023;19:25:50;25.86;;;;93;05/06/2023;19:27:36;25.86;;;;93;05/06/2023;19:28:25;25.73;;;;
94;05/06/2023;19:26:50;25.82;;;;94;05/06/2023;19:28:36;25.86;;;;94;05/06/2023;19:29:25;25.7;;;;
95;05/06/2023;19:27:50;25.79;;;;95;05/06/2023;19:29:36;25.85;;;;95;05/06/2023;19:30:25;25.66;;;;
96;05/06/2023;19:28:50;25.8;;;;96;05/06/2023;19:30:36;25.83;;;;96;05/06/2023;19:31:25;25.69;;;;
97;05/06/2023;19:29:50;25.77;;;;97;05/06/2023;19:31:36;25.84;;;;97;05/06/2023;19:32:25;25.68;;;;
98;05/06/2023;19:30:50;25.77;;;;98;05/06/2023;19:32:36;25.83;;;;98;05/06/2023;19:33:25;25.64;;;;
99;05/06/2023;19:31:50;25.79;;;;99;05/06/2023;19:33:36;25.83;;;;99;05/06/2023;19:34:24;25.64;;;;
100;05/06/2023;19:32:50;25.78;;;;100;05/06/2023;19:34:36;25.81;;;;100;05/06/2023;19:35:24;25.63;;;;
101;05/06/2023;19:33:50;25.8;;;;101;05/06/2023;19:35:36;25.81;;;;101;05/06/2023;19:36:24;25.63;;;;
102;05/06/2023;19:34:50;25.79;;;;102;05/06/2023;19:36:36;25.83;;;;102;05/06/2023;19:37:24;25.62;;;;
103;05/06/2023;19:35:50;25.81;;;;103;05/06/2023;19:37:36;25.8;;;;103;05/06/2023;19:38:24;25.59;;;;
104;05/06/2023;19:36:50;25.82;;;;104;05/06/2023;19:38:36;25.83;;;;104;05/06/2023;19:39:24;25.59;;;;
105;05/06/2023;19:37:50;25.83;;;;105;05/06/2023;19:39:36;25.79;;;;105;05/06/2023;19:40:24;25.6;;;;
106;05/06/2023;19:38:50;25.81;;;;106;05/06/2023;19:40:36;25.79;;;;106;05/06/2023;19:41:24;25.7;;;;
107;05/06/2023;19:39:50;25.81;;;;107;05/06/2023;19:41:36;25.81;;;;107;05/06/2023;19:42:24;25.82;;;;
108;05/06/2023;19:40:50;25.83;;;;108;05/06/2023;19:42:36;25.84;;;;108;05/06/2023;19:43:24;25.85;;;;
109;05/06/2023;19:41:50;25.84;;;;109;05/06/2023;19:43:36;25.89;;;;109;05/06/2023;19:44:24;25.79;;;;
110;05/06/2023;19:42:50;25.85;;;;110;05/06/2023;19:44:36;25.96;;;;110;05/06/2023;19:45:24;25.77;;;;
111;05/06/2023;19:43:50;25.91;;;;111;05/06/2023;19:45:37;26.01;;;;111;05/06/2023;19:46:24;25.7;;;;
112;05/06/2023;19:44:50;25.92;;;;112;05/06/2023;19:46:37;26.01;;;;112;05/06/2023;19:47:23;25.65;;;;
113;05/06/2023;19:45:50;25.92;;;;113;05/06/2023;19:47:37;26.01;;;;113;05/06/2023;19:48:23;25.63;;;;
114;05/06/2023;19:46:50;25.9;;;;114;05/06/2023;19:48:37;26.01;;;;114;05/06/2023;19:49:23;25.6;;;;
115;05/06/2023;19:47:50;25.86;;;;115;05/06/2023;19:49:37;26.01;;;;115;05/06/2023;19:50:23;25.6;;;;
116;05/06/2023;19:48:50;25.84;;;;116;05/06/2023;19:50:37;26.02;;;;116;05/06/2023;19:51:23;25.57;;;;
117;05/06/2023;19:49:50;25.79;;;;117;05/06/2023;19:51:37;26.01;;;;117;05/06/2023;19:52:23;25.55;;;;
118;05/06/2023;19:50:50;25.78;;;;118;05/06/2023;19:52:37;25.95;;;;118;05/06/2023;19:53:23;25.51;;;;
119;05/06/2023;19:51:50;25.76;;;;119;05/06/2023;19:53:37;25.95;;;;119;05/06/2023;19:54:23;25.48;;;;
120;05/06/2023;19:52:50;25.72;;;;120;05/06/2023;19:54:37;25.93;;;;120;05/06/2023;19:55:23;25.42;;;;
121;05/06/2023;19:53:50;25.67;;;;121;05/06/2023;19:55:37;25.89;;;;121;05/06/2023;19:56:23;25.43;;;;
122;05/06/2023;19:54:50;25.63;;;;122;05/06/2023;19:56:37;25.88;;;;122;05/06/2023;19:57:23;25.38;;;;
123;05/06/2023;19:55:50;25.61;;;;123;05/06/2023;19:57:37;25.85;;;;123;05/06/2023;19:58:23;25.34;;;;
124;05/06/2023;19:56:50;25.59;;;;124;05/06/2023;19:58:37;25.85;;;;124;05/06/2023;19:59:23;25.34;;;;
125;05/06/2023;19:57:50;25.55;;;;125;05/06/2023;19:59:37;25.84;;;;125;05/06/2023;20:00:23;25.32;;;;
126;05/06/2023;19:58:50;25.54;;;;126;05/06/2023;20:00:37;25.8;;;;126;05/06/2023;20:01:23;25.33;;;;
127;05/06/2023;19:59:50;25.5;;;;127;05/06/2023;20:01:37;25.77;;;;127;05/06/2023;20:02:23;25.31;;;;
128;05/06/2023;20:00:50;25.48;;;;128;05/06/2023;20:02:37;25.74;;;;128;05/06/2023;20:03:23;25.29;;;;
129;05/06/2023;20:01:50;25.45;;;;129;05/06/2023;20:03:37;25.73;;;;129;05/06/2023;20:04:23;25.25;;;;
130;05/06/2023;20:02:50;25.42;;;;130;05/06/2023;20:04:37;25.73;;;;130;05/06/2023;20:05:23;25.24;;;;
131;05/06/2023;20:03:50;25.41;;;;131;05/06/2023;20:05:37;25.7;;;;131;05/06/2023;20:06:23;25.24;;;;
132;05/06/2023;20:04:50;25.38;;;;132;05/06/2023;20:06:37;25.7;;;;132;05/06/2023;20:07:23;25.23;;;;
133;05/06/2023;20:05:50;25.39;;;;133;05/06/2023;20:07:38;25.65;;;;133;05/06/2023;20:08:23;25.24;;;;
134;05/06/2023;20:06:50;25.37;;;;134;05/06/2023;20:08:38;25.64;;;;134;05/06/2023;20:09:23;25.2;;;;
135;05/06/2023;20:07:50;25.37;;;;135;05/06/2023;20:09:38;25.63;;;;135;05/06/2023;20:10:22;25.2;;;;
136;05/06/2023;20:08:50;25.35;;;;136;05/06/2023;20:10:38;25.63;;;;136;05/06/2023;20:11:22;25.21;Synchronized;;;
137;05/06/2023;20:09:50;25.34;;;;137;05/06/2023;20:11:38;25.6;;;;137;05/06/2023;20:12:22;25.2;;;;
138;05/06/2023;20:10:50;25.33;;;;138;05/06/2023;20:12:38;25.58;;;;138;05/06/2023;20:13:22;25.16;;;;
139;05/06/2023;20:11:50;25.33;;;;139;05/06/2023;20:13:38;25.55;;;;139;05/06/2023;20:14:22;25.16;;;;
140;05/06/2023;20:12:50;25.28;;;;140;05/06/2023;20:14:38;25.57;;;;140;05/06/2023;20:15:22;25.16;;;;
141;05/06/2023;20:13:50;25.27;;;;141;05/06/2023;20:15:38;25.54;;;;141;05/06/2023;20:16:22;25.16;;;;
142;05/06/2023;20:14:49;25.26;;;;142;05/06/2023;20:16:38;25.52;;;;142;05/06/2023;20:17:22;25.14;;;;
143;05/06/2023;20:15:50;25.27;;;;143;05/06/2023;20:17:38;25.51;;;;143;05/06/2023;20:18:22;25.16;;;;
144;05/06/2023;20:16:50;25.25;;;;144;05/06/2023;20:18:38;25.49;;;;144;05/06/2023;20:19:22;25.13;;;;
145;05/06/2023;20:17:49;25.24;;;;145;05/06/2023;20:19:38;25.48;;;;145;05/06/2023;20:20:22;25.14;;;;
146;05/06/2023;20:18:49;25.24;;;;146;05/06/2023;20:20:38;25.47;;;;146;05/06/2023;20:21:22;25.12;;;;
147;05/06/2023;20:19:49;25.24;;;;147;05/06/2023;20:21:38;25.45;;;;147;05/06/2023;20:22:22;25.1;;;;
148;05/06/2023;20:20:49;25.22;;;;148;05/06/2023;20:22:38;25.46;;;;148;05/06/2023;20:23:22;25.1;;;;
149;05/06/2023;20:21:49;25.19;;;;149;05/06/2023;20:23:38;25.45;;;;149;05/06/2023;20:24:22;25.09;;;;
150;05/06/2023;20:22:49;25.2;;;;150;05/06/2023;20:24:38;25.4;;;;150;05/06/2023;20:25:22;25.09;;;;
151;05/06/2023;20:23:49;25.18;;;;151;05/06/2023;20:25:38;25.41;;;;151;05/06/2023;20:26:22;25.09;;;;
152;05/06/2023;20:24:48;25.17;;;;152;05/06/2023;20:26:38;25.38;;;;152;05/06/2023;20:27:22;25.08;;;;
153;05/06/2023;20:25:48;25.16;;;;153;05/06/2023;20:27:39;25.38;;;;153;05/06/2023;20:28:22;25.07;;;;
154;05/06/2023;20:26:48;25.15;;;;154;05/06/2023;20:28:39;25.36;;;;154;05/06/2023;20:29:22;25.05;;;;
155;05/06/2023;20:27:48;25.14;;;;155;05/06/2023;20:29:39;25.34;;;;155;05/06/2023;20:30:22;25.06;;;;
156;05/06/2023;20:28:48;25.13;;;;156;05/06/2023;20:30:39;25.34;;;;156;05/06/2023;20:31:22;25.06;;;;
157;05/06/2023;20:29:48;25.15;;;;157;05/06/2023;20:31:39;25.34;;;;157;05/06/2023;20:32:22;25.04;;;;
158;05/06/2023;20:30:47;25.13;;;;158;05/06/2023;20:32:39;25.31;;;;158;05/06/2023;20:33:22;25.06;;;;
159;05/06/2023;20:31:47;25.13;;;;159;05/06/2023;20:33:39;25.3;;;;159;05/06/2023;20:34:22;25.03;;;;
160;05/06/2023;20:32:47;25.1;;;;160;05/06/2023;20:34:39;25.28;;;;160;05/06/2023;20:35:22;25.02;;;;
161;05/06/2023;20:33:47;25.11;;;;161;05/06/2023;20:35:39;25.29;;;;161;05/06/2023;20:36:22;25.05;;;;
162;05/06/2023;20:34:47;25.09;;;;162;05/06/2023;20:36:39;25.28;;;;162;05/06/2023;20:37:22;25.04;;;;
163;05/06/2023;20:35:47;25.12;;;;163;05/06/2023;20:37:39;25.27;;;;163;05/06/2023;20:38:21;25.02;;;;
164;05/06/2023;20:36:46;25.07;;;;164;05/06/2023;20:38:39;25.27;;;;164;05/06/2023;20:39:21;25.02;;;;
165;05/06/2023;20:37:46;25.1;;;;165;05/06/2023;20:39:39;25.26;;;;165;05/06/2023;20:40:21;25.02;;;;
166;05/06/2023;20:38:46;25.06;;;;166;05/06/2023;20:40:39;25.24;;;;166;05/06/2023;20:41:21;25;;;;
167;05/06/2023;20:39:46;25.09;;;;167;05/06/2023;20:41:39;25.23;;;;167;05/06/2023;20:42:21;25.02;;;;
168;05/06/2023;20:40:46;25.07;;;;168;05/06/2023;20:42:40;25.21;;;;168;05/06/2023;20:43:21;25.02;;;;
169;05/06/2023;20:41:46;25.09;;;;169;05/06/2023;20:43:40;25.18;;;;169;05/06/2023;20:44:21;25.02;;;;
170;05/06/2023;20:42:45;25.06;;;;170;05/06/2023;20:44:40;25.18;;;;170;05/06/2023;20:45:21;25.01;;;;
171;05/06/2023;20:43:45;25.07;;;;171;05/06/2023;20:45:40;25.19;;;;171;05/06/2023;20:46:21;25.01;;;;
172;05/06/2023;20:44:45;25.05;;;;172;05/06/2023;20:46:40;25.19;;;;172;05/06/2023;20:47:21;25.02;;;;
173;05/06/2023;20:45:45;25.07;;;;173;05/06/2023;20:47:40;25.16;;;;173;05/06/2023;20:48:21;24.99;;;;
174;05/06/2023;20:46:45;25.05;;;;174;05/06/2023;20:48:40;25.17;;;;174;05/06/2023;20:49:21;24.99;;;;
175;05/06/2023;20:47:45;25.05;;;;175;05/06/2023;20:49:40;25.16;;;;175;05/06/2023;20:50:21;24.99;;;;
176;05/06/2023;20:48:44;25.05;;;;176;05/06/2023;20:50:40;25.16;;;;176;05/06/2023;20:51:21;25;;;;
177;05/06/2023;20:49:44;25.04;;;;177;05/06/2023;20:51:40;25.16;;;;177;05/06/2023;20:52:21;25;;;;
178;05/06/2023;20:50:44;25.03;;;;178;05/06/2023;20:52:40;25.15;;;;178;05/06/2023;20:53:21;24.98;;;;
179;05/06/2023;20:51:44;25.03;;;;179;05/06/2023;20:53:40;25.15;;;;179;05/06/2023;20:54:21;25;;;;
180;05/06/2023;20:52:44;25.05;;;;180;05/06/2023;20:54:40;25.15;;;;180;05/06/2023;20:55:21;24.98;;;;
181;05/06/2023;20:53:44;25.04;;;;181;05/06/2023;20:55:40;25.13;;;;181;05/06/2023;20:56:21;24.98;;;;
182;05/06/2023;20:54:44;25.03;;;;182;05/06/2023;20:56:41;25.13;;;;182;05/06/2023;20:57:21;24.98;;;;
183;05/06/2023;20:55:43;25.03;;;;183;05/06/2023;20:57:41;25.11;;;;183;05/06/2023;20:58:21;24.98;;;;
184;05/06/2023;20:56:43;25.03;;;;184;05/06/2023;20:58:41;25.13;;;;184;05/06/2023;20:59:21;24.99;;;;
185;05/06/2023;20:57:43;25.02;;;;185;05/06/2023;20:59:41;25.1;;;;185;05/06/2023;21:00:21;24.98;;;;
186;05/06/2023;20:58:43;25.03;;;;186;05/06/2023;21:00:41;25.12;;;;186;05/06/2023;21:01:21;24.98;;;;
187;05/06/2023;20:59:43;25.02;;;;187;05/06/2023;21:01:41;25.11;;;;187;05/06/2023;21:02:21;24.96;;;;
188;05/06/2023;21:00:43;24.98;;;;188;05/06/2023;21:02:41;25.09;;;;188;05/06/2023;21:03:21;24.96;;;;
189;05/06/2023;21:01:42;25;;;;189;05/06/2023;21:03:41;25.09;;;;189;05/06/2023;21:04:21;24.95;;;;
190;05/06/2023;21:02:42;25.01;;;;190;05/06/2023;21:04:41;25.09;;;;190;05/06/2023;21:05:21;24.95;;;;
191;05/06/2023;21:03:42;25;;;;191;05/06/2023;21:05:41;25.09;;;;191;05/06/2023;21:06:21;24.96;;;;
192;05/06/2023;21:04:42;24.99;;;;192;05/06/2023;21:06:41;25.06;;;;192;05/06/2023;21:07:21;24.95;;;;
193;05/06/2023;21:05:42;25.01;;;;193;05/06/2023;21:07:41;25.06;;;;193;05/06/2023;21:08:21;24.95;;;;
194;05/06/2023;21:06:42;24.98;;;;194;05/06/2023;21:08:42;25.05;;;;194;05/06/2023;21:09:21;24.95;;;;
195;05/06/2023;21:07:41;24.99;;;;195;05/06/2023;21:09:42;25.04;;;;195;05/06/2023;21:10:21;24.96;;;;
196;05/06/2023;21:08:41;24.98;;;;196;05/06/2023;21:10:42;25.06;;;;196;05/06/2023;21:11:21;24.95;;;;
197;05/06/2023;21:09:41;24.98;;;;197;05/06/2023;21:11:42;25.03;;;;197;05/06/2023;21:12:21;24.95;;;;
198;05/06/2023;21:10:41;24.98;;;;198;05/06/2023;21:12:42;25.03;;;;198;05/06/2023;21:13:21;24.95;;;;
199;05/06/2023;21:11:41;24.98;;;;199;05/06/2023;21:13:42;25.02;;;;199;05/06/2023;21:14:21;24.95;;;;
200;05/06/2023;21:12:41;24.98;;;;200;05/06/2023;21:14:42;25.02;;;;200;05/06/2023;21:15:20;24.95;;;;
201;05/06/2023;21:13:40;24.97;;;;201;05/06/2023;21:15:42;25.03;;;;201;05/06/2023;21:16:20;24.95;;;;
202;05/06/2023;21:14:40;24.98;;;;202;05/06/2023;21:16:42;25.02;;;;202;05/06/2023;21:17:20;24.92;;;;
203;05/06/2023;21:15:40;24.95;;;;203;05/06/2023;21:17:42;25.04;;;;203;05/06/2023;21:18:20;24.91;;;;
204;05/06/2023;21:16:40;24.97;;;;204;05/06/2023;21:18:42;25.02;;;;204;05/06/2023;21:19:20;24.92;;;;
205;05/06/2023;21:17:40;24.95;;;;205;05/06/2023;21:19:42;25.02;;;;205;05/06/2023;21:20:20;24.94;;;;
206;05/06/2023;21:18:40;24.94;;;;206;05/06/2023;21:20:42;25;;;;206;05/06/2023;21:21:20;24.94;;;;
207;05/06/2023;21:19:40;24.95;;;;207;05/06/2023;21:21:43;25.02;;;;207;05/06/2023;21:22:20;24.94;;;;
208;05/06/2023;21:20:39;24.95;;;;208;05/06/2023;21:22:43;25;;;;208;05/06/2023;21:23:20;24.95;;;;
209;05/06/2023;21:21:39;24.95;;;;209;05/06/2023;21:23:43;25;;;;209;05/06/2023;21:24:20;24.92;;;;
210;05/06/2023;21:22:39;24.95;;;;210;05/06/2023;21:24:43;25;;;;210;05/06/2023;21:25:20;24.94;;;;
211;05/06/2023;21:23:39;24.94;;;;211;05/06/2023;21:25:43;25;;;;211;05/06/2023;21:26:20;24.92;;;;
212;05/06/2023;21:24:39;24.95;;;;212;05/06/2023;21:26:43;24.98;;;;212;05/06/2023;21:27:20;24.92;;;;
213;05/06/2023;21:25:39;24.95;;;;213;05/06/2023;21:27:43;24.98;;;;213;05/06/2023;21:28:20;24.94;;;;
214;05/06/2023;21:26:38;24.94;;;;214;05/06/2023;21:28:43;24.98;;;;214;05/06/2023;21:29:20;24.92;;;;
215;05/06/2023;21:27:38;24.95;;;;215;05/06/2023;21:29:43;24.98;;;;215;05/06/2023;21:30:19;24.91;;;;
216;05/06/2023;21:28:38;24.93;;;;216;05/06/2023;21:30:43;24.98;;;;216;05/06/2023;21:31:19;24.9;;;;
217;05/06/2023;21:29:38;24.93;;;;217;05/06/2023;21:31:43;24.98;;;;217;05/06/2023;21:32:19;24.91;;;;
218;05/06/2023;21:30:38;24.91;;;;218;05/06/2023;21:32:43;24.98;;;;218;05/06/2023;21:33:19;24.91;;;;
219;05/06/2023;21:31:38;24.92;;;;219;05/06/2023;21:33:44;24.94;;;;219;05/06/2023;21:34:19;24.91;;;;
220;05/06/2023;21:32:38;24.91;;;;220;05/06/2023;21:34:44;24.95;;;;220;05/06/2023;21:35:19;24.9;;;;
221;05/06/2023;21:33:37;24.91;;;;221;05/06/2023;21:35:44;24.94;;;;221;05/06/2023;21:36:19;24.91;;;;
222;05/06/2023;21:34:37;24.91;;;;222;05/06/2023;21:36:44;24.95;;;;222;05/06/2023;21:37:19;24.89;;;;
223;05/06/2023;21:35:37;24.93;;;;223;05/06/2023;21:37:44;24.95;;;;223;05/06/2023;21:38:18;24.89;;;;
224;05/06/2023;21:36:37;24.91;;;;224;05/06/2023;21:38:44;24.94;;;;224;05/06/2023;21:39:18;24.89;;;;
225;05/06/2023;21:37:37;24.92;;;;225;05/06/2023;21:39:44;24.93;;;;225;05/06/2023;21:40:18;24.89;;;;
226;05/06/2023;21:38:37;24.91;;;;226;05/06/2023;21:40:44;24.94;;;;226;05/06/2023;21:41:18;24.9;;;;
227;05/06/2023;21:39:37;24.9;;;;227;05/06/2023;21:41:44;24.92;;;;227;05/06/2023;21:42:18;24.9;;;;
228;05/06/2023;21:40:36;24.9;;;;228;05/06/2023;21:42:44;24.92;;;;228;05/06/2023;21:43:18;24.88;;;;
229;05/06/2023;21:41:36;24.91;;;;229;05/06/2023;21:43:44;24.92;;;;229;05/06/2023;21:44:18;24.88;;;;
230;05/06/2023;21:42:36;24.9;;;;230;05/06/2023;21:44:45;24.91;;;;230;05/06/2023;21:45:18;24.88;;;;
231;05/06/2023;21:43:36;24.9;;;;231;05/06/2023;21:45:45;24.91;;;;231;05/06/2023;21:46:18;24.9;;;;
232;05/06/2023;21:44:36;24.9;;;;232;05/06/2023;21:46:45;24.93;;;;232;05/06/2023;21:47:18;24.88;Synchronized;;;
233;05/06/2023;21:45:36;24.88;;;;233;05/06/2023;21:47:45;24.91;;;;233;05/06/2023;21:48:18;24.88;;;;
234;05/06/2023;21:46:36;24.91;;;;234;05/06/2023;21:48:45;24.91;;;;234;05/06/2023;21:49:18;24.89;;;;
235;05/06/2023;21:47:35;24.9;;;;235;05/06/2023;21:49:45;24.91;;;;235;05/06/2023;21:50:18;24.88;;;;
236;05/06/2023;21:48:35;24.89;;;;236;05/06/2023;21:50:45;24.9;;;;236;05/06/2023;21:51:18;24.89;;;;
237;05/06/2023;21:49:35;24.89;;;;237;05/06/2023;21:51:45;24.91;;;;237;05/06/2023;21:52:18;24.88;;;;
238;05/06/2023;21:50:35;24.88;;;;238;05/06/2023;21:52:45;24.89;;;;238;05/06/2023;21:53:18;24.87;;;;
239;05/06/2023;21:51:35;24.88;;;;239;05/06/2023;21:53:45;24.91;;;;239;05/06/2023;21:54:17;24.85;;;;
240;05/06/2023;21:52:35;24.88;;;;240;05/06/2023;21:54:46;24.91;;;;240;05/06/2023;21:55:17;24.88;;;;
241;05/06/2023;21:53:35;24.87;;;;241;05/06/2023;21:55:46;24.9;;;;241;05/06/2023;21:56:17;24.88;;;;
242;05/06/2023;21:54:34;24.89;;;;242;05/06/2023;21:56:46;24.88;;;;242;05/06/2023;21:57:17;24.86;;;;
243;05/06/2023;21:55:34;24.87;;;;243;05/06/2023;21:57:46;24.88;;;;243;05/06/2023;21:58:17;24.88;;;;
244;05/06/2023;21:56:34;24.87;;;;244;05/06/2023;21:58:46;24.91;;;;244;05/06/2023;21:59:17;24.87;;;;
245;05/06/2023;21:57:34;24.88;;;;245;05/06/2023;21:59:46;24.88;;;;245;05/06/2023;22:00:17;24.86;;;;
246;05/06/2023;21:58:34;24.86;;;;246;05/06/2023;22:00:46;24.86;;;;246;05/06/2023;22:01:17;24.85;;;;
247;05/06/2023;21:59:34;24.88;;;;247;05/06/2023;22:01:46;24.88;;;;247;05/06/2023;22:02:17;24.87;;;;
248;05/06/2023;22:00:34;24.86;;;;248;05/06/2023;22:02:46;24.88;;;;248;05/06/2023;22:03:17;24.84;;;;
249;05/06/2023;22:01:33;24.86;;;;249;05/06/2023;22:03:47;24.88;;;;249;05/06/2023;22:04:17;24.84;;;;
250;05/06/2023;22:02:33;24.88;;;;250;05/06/2023;22:04:47;24.87;;;;250;05/06/2023;22:05:16;24.84;;;;
251;05/06/2023;22:03:33;24.86;;;;251;05/06/2023;22:05:47;24.87;;;;251;05/06/2023;22:06:16;24.84;;;;
252;05/06/2023;22:04:33;24.87;;;;252;05/06/2023;22:06:47;24.87;;;;252;05/06/2023;22:07:16;24.85;;;;
253;05/06/2023;22:05:33;24.84;;;;253;05/06/2023;22:07:47;24.88;;;;253;05/06/2023;22:08:16;24.84;;;;
254;05/06/2023;22:06:33;24.84;;;;254;05/06/2023;22:08:47;24.88;;;;254;05/06/2023;22:09:16;24.83;;;;
255;05/06/2023;22:07:33;24.84;;;;255;05/06/2023;22:09:47;24.83;Synchronized;;;255;05/06/2023;22:10:16;24.83;;;;
256;05/06/2023;22:08:32;24.83;;;;256;05/06/2023;22:10:47;24.84;;;;256;05/06/2023;22:11:16;24.82;;;;
257;05/06/2023;22:09:32;24.85;;;;257;05/06/2023;22:11:47;24.84;;;;257;05/06/2023;22:12:16;24.83;;;;
258;05/06/2023;22:10:32;24.85;;;;258;05/06/2023;22:12:48;24.85;;;;258;05/06/2023;22:13:16;24.83;;;;
259;05/06/2023;22:11:32;24.85;;;;259;05/06/2023;22:13:48;24.85;;;;259;05/06/2023;22:14:15;24.8;;;;
260;05/06/2023;22:12:32;24.84;;;;260;05/06/2023;22:14:48;24.85;;;;260;05/06/2023;22:15:16;24.8;;;;
261;05/06/2023;22:13:32;24.82;;;;261;05/06/2023;22:15:48;24.82;;;;261;05/06/2023;22:16:15;24.82;;;;
262;05/06/2023;22:14:32;24.83;;;;262;05/06/2023;22:16:48;24.84;;;;262;05/06/2023;22:17:15;24.84;;;;
263;05/06/2023;22:15:31;24.82;;;;263;05/06/2023;22:17:48;24.82;;;;263;05/06/2023;22:18:15;24.82;;;;
264;05/06/2023;22:16:31;24.84;;;;264;05/06/2023;22:18:48;24.84;;;;264;05/06/2023;22:19:15;24.8;;;;
265;05/06/2023;22:17:31;24.83;;;;265;05/06/2023;22:19:48;24.83;;;;265;05/06/2023;22:20:15;24.8;;;;
266;05/06/2023;22:18:31;24.83;;;;266;05/06/2023;22:20:48;24.84;;;;266;05/06/2023;22:21:15;24.8;;;;
267;05/06/2023;22:19:31;24.83;;;;267;05/06/2023;22:21:48;24.8;;;;267;05/06/2023;22:22:14;24.83;;;;
268;05/06/2023;22:20:31;24.82;;;;268;05/06/2023;22:22:49;24.81;;;;268;05/06/2023;22:23:14;24.82;;;;
269;05/06/2023;22:21:31;24.82;;;;269;05/06/2023;22:23:49;24.82;;;;269;05/06/2023;22:24:14;24.83;;;;
270;05/06/2023;22:22:31;24.8;;;;270;05/06/2023;22:24:49;24.8;;;;270;05/06/2023;22:25:14;24.82;;;;
271;05/06/2023;22:23:30;24.81;;;;271;05/06/2023;22:25:49;24.8;;;;271;05/06/2023;22:26:14;24.8;;;;
272;05/06/2023;22:24:30;24.84;;;;272;05/06/2023;22:26:49;24.81;;;;272;05/06/2023;22:27:14;24.79;;;;
273;05/06/2023;22:25:30;24.81;;;;273;05/06/2023;22:27:49;24.81;;;;273;05/06/2023;22:28:14;24.8;;;;
274;05/06/2023;22:26:30;24.8;;;;274;05/06/2023;22:28:49;24.8;;;;274;05/06/2023;22:29:14;24.8;;;;
275;05/06/2023;22:27:30;24.8;;;;275;05/06/2023;22:29:49;24.81;;;;275;05/06/2023;22:30:14;24.8;;;;
276;05/06/2023;22:28:30;24.81;;;;276;05/06/2023;22:30:49;24.8;;;;276;05/06/2023;22:31:14;24.82;;;;
277;05/06/2023;22:29:30;24.8;;;;277;05/06/2023;22:31:50;24.79;;;;277;05/06/2023;22:32:13;24.79;;;;
278;05/06/2023;22:30:29;24.8;;;;278;05/06/2023;22:32:50;24.79;;;;278;05/06/2023;22:33:13;24.82;;;;
279;05/06/2023;22:31:29;24.81;;;;279;05/06/2023;22:33:50;24.79;;;;279;05/06/2023;22:34:13;24.8;;;;
280;05/06/2023;22:32:29;24.8;;;;280;05/06/2023;22:34:50;24.8;;;;280;05/06/2023;22:35:13;24.8;;;;
281;05/06/2023;22:33:29;24.79;;;;281;05/06/2023;22:35:50;24.79;;;;281;05/06/2023;22:36:13;24.82;;;;
282;05/06/2023;22:34:29;24.8;;;;282;05/06/2023;22:36:50;24.78;;;;282;05/06/2023;22:37:13;24.83;;;;
283;05/06/2023;22:35:29;24.8;;;;283;05/06/2023;22:37:50;24.78;;;;283;05/06/2023;22:38:13;24.8;;;;
284;05/06/2023;22:36:29;24.8;;;;284;05/06/2023;22:38:50;24.8;;;;284;05/06/2023;22:39:12;24.77;;;;
285;05/06/2023;22:37:29;24.81;Synchronized;;;285;05/06/2023;22:39:50;24.8;;;;285;05/06/2023;22:40:12;24.78;;;;
286;05/06/2023;22:38:28;24.79;;;;286;05/06/2023;22:40:50;24.78;;;;286;05/06/2023;22:41:12;24.78;;;;
287;05/06/2023;22:39:28;24.8;;;;287;05/06/2023;22:41:51;24.79;;;;287;05/06/2023;22:42:12;24.78;;;;
288;05/06/2023;22:40:28;24.78;;;;288;05/06/2023;22:42:51;24.78;;;;288;05/06/2023;22:43:12;24.8;;;;
289;05/06/2023;22:41:28;24.79;;;;289;05/06/2023;22:43:51;24.77;;;;289;05/06/2023;22:44:11;24.79;;;;
290;05/06/2023;22:42:28;24.79;;;;290;05/06/2023;22:44:51;24.77;;;;290;05/06/2023;22:45:11;24.77;;;;
291;05/06/2023;22:43:28;24.8;;;;291;05/06/2023;22:45:51;24.77;;;;291;05/06/2023;22:46:11;24.79;;;;
292;05/06/2023;22:44:28;24.79;;;;292;05/06/2023;22:46:51;24.78;;;;292;05/06/2023;22:47:11;24.79;;;;
293;05/06/2023;22:45:27;24.77;;;;293;05/06/2023;22:47:51;24.79;;;;293;05/06/2023;22:48:11;24.77;;;;
294;05/06/2023;22:46:27;24.77;;;;294;05/06/2023;22:48:51;24.77;;;;294;05/06/2023;22:49:11;24.79;;;;
295;05/06/2023;22:47:27;24.8;;;;295;05/06/2023;22:49:51;24.77;;;;295;05/06/2023;22:50:11;24.8;;;;
296;05/06/2023;22:48:27;24.8;;;;296;05/06/2023;22:50:52;24.79;;;;296;05/06/2023;22:51:10;24.77;;;;
297;05/06/2023;22:49:27;24.79;;;;297;05/06/2023;22:51:52;24.77;;;;297;05/06/2023;22:52:10;24.8;;;;
298;05/06/2023;22:50:27;24.78;;;;298;05/06/2023;22:52:52;24.77;;;;298;05/06/2023;22:53:10;24.79;;;;
299;05/06/2023;22:51:27;24.77;;;;299;05/06/2023;22:53:52;24.78;;;;299;05/06/2023;22:54:10;24.78;;;;
300;05/06/2023;22:52:27;24.77;;;;300;05/06/2023;22:54:52;24.77;;;;300;05/06/2023;22:55:10;24.77;;;;
301;05/06/2023;22:53:27;24.79;;;;301;05/06/2023;22:55:52;24.77;;;;301;05/06/2023;22:56:10;24.78;;;;
302;05/06/2023;22:54:26;24.78;;;;302;05/06/2023;22:56:52;24.76;Synchronized;;;302;05/06/2023;22:57:09;24.78;;;;
303;05/06/2023;22:55:26;24.8;;;;303;05/06/2023;22:57:52;24.77;;;;303;05/06/2023;22:58:09;24.77;;;;
304;05/06/2023;22:56:26;24.78;;;;304;05/06/2023;22:58:52;24.76;;;;304;05/06/2023;22:59:09;24.78;;;;
305;05/06/2023;22:57:26;24.77;Synchronized;;;305;05/06/2023;22:59:53;24.76;;;;305;05/06/2023;23:00:09;24.77;;;;
306;05/06/2023;22:58:26;24.77;;;;306;05/06/2023;23:00:53;24.77;;;;306;05/06/2023;23:01:09;24.75;;;;
307;05/06/2023;22:59:26;24.77;;;;307;05/06/2023;23:01:53;24.76;;;;307;05/06/2023;23:02:09;24.77;;;;
308;05/06/2023;23:00:26;24.78;;;;308;05/06/2023;23:02:53;24.77;;;;308;05/06/2023;23:03:09;24.78;;;;
309;05/06/2023;23:01:25;24.77;;;;309;05/06/2023;23:03:53;24.77;;;;309;05/06/2023;23:04:09;24.76;;;;
310;05/06/2023;23:02:25;24.76;;;;310;05/06/2023;23:04:53;24.77;;;;310;05/06/2023;23:05:09;24.77;;;;
311;05/06/2023;23:03:25;24.77;;;;311;05/06/2023;23:05:53;24.76;;;;311;05/06/2023;23:06:09;24.77;;;;
312;05/06/2023;23:04:25;24.77;;;;312;05/06/2023;23:06:53;24.75;;;;312;05/06/2023;23:07:08;24.77;;;;
313;05/06/2023;23:05:25;24.77;;;;313;05/06/2023;23:07:53;24.77;;;;313;05/06/2023;23:08:08;24.78;;;;
314;05/06/2023;23:06:25;24.77;;;;314;05/06/2023;23:08:54;24.76;;;;314;05/06/2023;23:09:08;24.77;;;;
315;05/06/2023;23:07:25;24.75;;;;315;05/06/2023;23:09:54;24.77;;;;315;05/06/2023;23:10:08;24.75;;;;
316;05/06/2023;23:08:25;24.75;;;;316;05/06/2023;23:10:54;24.74;;;;316;05/06/2023;23:11:08;24.76;;;;
317;05/06/2023;23:09:25;24.76;;;;317;05/06/2023;23:11:54;24.74;;;;317;05/06/2023;23:12:08;24.77;;;;
318;05/06/2023;23:10:25;24.75;;;;318;05/06/2023;23:12:54;24.73;;;;318;05/06/2023;23:13:08;24.77;;;;
319;05/06/2023;23:11:24;24.76;;;;319;05/06/2023;23:13:54;24.74;;;;319;05/06/2023;23:14:08;24.77;;;;
320;05/06/2023;23:12:24;24.76;;;;320;05/06/2023;23:14:54;24.76;;;;320;05/06/2023;23:15:07;24.77;;;;
321;05/06/2023;23:13:24;24.73;;;;321;05/06/2023;23:15:54;24.76;;;;321;05/06/2023;23:16:07;24.76;;;;
322;05/06/2023;23:14:24;24.75;;;;322;05/06/2023;23:16:55;24.74;;;;322;05/06/2023;23:17:07;24.77;;;;
323;05/06/2023;23:15:24;24.74;;;;323;05/06/2023;23:17:55;24.74;;;;323;05/06/2023;23:18:07;24.77;;;;
324;05/06/2023;23:16:24;24.76;;;;324;05/06/2023;23:18:55;24.75;;;;324;05/06/2023;23:19:07;24.76;;;;
325;05/06/2023;23:17:24;24.75;;;;325;05/06/2023;23:19:55;24.74;;;;325;05/06/2023;23:20:07;24.76;Synchronized;;;
326;05/06/2023;23:18:23;24.74;;;;326;05/06/2023;23:20:55;24.74;;;;326;05/06/2023;23:21:07;24.76;;;;
327;05/06/2023;23:19:23;24.76;;;;327;05/06/2023;23:21:55;24.73;;;;327;05/06/2023;23:22:07;24.77;;;;
328;05/06/2023;23:20:23;24.76;;;;328;05/06/2023;23:22:55;24.74;;;;328;05/06/2023;23:23:07;24.73;;;;
329;05/06/2023;23:21:23;24.77;;;;329;05/06/2023;23:23:55;24.73;;;;329;05/06/2023;23:24:07;24.76;;;;
330;05/06/2023;23:22:23;24.75;;;;330;05/06/2023;23:24:56;24.73;;;;330;05/06/2023;23:25:07;24.76;;;;
331;05/06/2023;23:23:23;24.75;;;;331;05/06/2023;23:25:56;24.75;;;;331;05/06/2023;23:26:06;24.76;;;;
332;05/06/2023;23:24:23;24.75;;;;332;05/06/2023;23:26:56;24.74;;;;332;05/06/2023;23:27:06;24.77;;;;
333;05/06/2023;23:25:23;24.73;;;;333;05/06/2023;23:27:56;24.71;;;;333;05/06/2023;23:28:06;24.76;;;;
334;05/06/2023;23:26:22;24.74;;;;334;05/06/2023;23:28:56;24.73;;;;334;05/06/2023;23:29:06;24.76;;;;
335;05/06/2023;23:27:22;24.73;;;;335;05/06/2023;23:29:56;24.73;;;;335;05/06/2023;23:30:06;24.76;;;;
336;05/06/2023;23:28:22;24.73;;;;336;05/06/2023;23:30:56;24.73;;;;336;05/06/2023;23:31:06;24.76;Synchronized;;;
337;05/06/2023;23:29:22;24.74;;;;337;05/06/2023;23:31:56;24.73;;;;337;05/06/2023;23:32:06;24.78;;;;
338;05/06/2023;23:30:22;24.74;;;;338;05/06/2023;23:32:57;24.71;;;;338;05/06/2023;23:33:06;24.75;;;;
339;05/06/2023;23:31:22;24.73;;;;339;05/06/2023;23:33:57;24.73;;;;339;05/06/2023;23:34:06;24.77;;;;
340;05/06/2023;23:32:22;24.73;;;;340;05/06/2023;23:34:57;24.71;;;;340;05/06/2023;23:35:05;24.74;;;;
341;05/06/2023;23:33:21;24.75;;;;341;05/06/2023;23:35:57;24.73;;;;341;05/06/2023;23:36:05;24.75;;;;
342;05/06/2023;23:34:21;24.73;;;;342;05/06/2023;23:36:57;24.73;;;;342;05/06/2023;23:37:05;24.74;;;;
343;05/06/2023;23:35:21;24.73;;;;343;05/06/2023;23:37:57;24.74;;;;343;05/06/2023;23:38:05;24.72;;;;
344;05/06/2023;23:36:21;24.75;;;;344;05/06/2023;23:38:57;24.73;;;;344;05/06/2023;23:39:05;24.74;;;;
345;05/06/2023;23:37:21;24.74;;;;345;05/06/2023;23:39:57;24.7;;;;345;05/06/2023;23:40:05;24.73;;;;
346;05/06/2023;23:38:21;24.74;;;;346;05/06/2023;23:40:58;24.73;;;;346;05/06/2023;23:41:05;24.75;;;;
347;05/06/2023;23:39:21;24.74;;;;347;05/06/2023;23:41:58;24.71;;;;347;05/06/2023;23:42:04;24.73;;;;
348;05/06/2023;23:40:21;24.71;;;;348;05/06/2023;23:42:58;24.73;;;;348;05/06/2023;23:43:04;24.77;;;;
349;05/06/2023;23:41:20;24.71;;;;349;05/06/2023;23:43:58;24.73;;;;349;05/06/2023;23:44:04;24.74;;;;
350;05/06/2023;23:42:20;24.73;;;;350;05/06/2023;23:44:58;24.73;;;;350;05/06/2023;23:45:04;24.75;;;;
351;05/06/2023;23:43:20;24.73;;;;351;05/06/2023;23:45:58;24.7;;;;351;05/06/2023;23:46:04;24.75;;;;
352;05/06/2023;23:44:20;24.73;;;;352;05/06/2023;23:46:58;24.71;;;;352;05/06/2023;23:47:04;24.74;;;;
353;05/06/2023;23:45:20;24.71;;;;353;05/06/2023;23:47:58;24.73;;;;353;05/06/2023;23:48:04;24.73;;;;
354;05/06/2023;23:46:20;24.73;;;;354;05/06/2023;23:48:59;24.73;;;;354;05/06/2023;23:49:04;24.74;;;;
355;05/06/2023;23:47:20;24.73;;;;355;05/06/2023;23:49:59;24.71;;;;355;05/06/2023;23:50:03;24.73;;;;
356;05/06/2023;23:48:19;24.73;;;;356;05/06/2023;23:50:59;24.73;;;;356;05/06/2023;23:51:03;24.74;;;;
357;05/06/2023;23:49:19;24.7;;;;357;05/06/2023;23:51:59;24.71;;;;357;05/06/2023;23:52:03;24.74;;;;
358;05/06/2023;23:50:19;24.73;;;;358;05/06/2023;23:52:59;24.7;;;;358;05/06/2023;23:53:03;24.71;;;;
359;05/06/2023;23:51:19;24.73;;;;359;05/06/2023;23:53:59;24.7;;;;359;05/06/2023;23:54:03;24.73;;;;
360;05/06/2023;23:52:19;24.71;;;;360;05/06/2023;23:54:59;24.71;;;;360;05/06/2023;23:55:02;24.73;;;;
361;05/06/2023;23:53:19;24.69;;;;361;05/06/2023;23:56:00;24.71;;;;361;05/06/2023;23:56:02;24.73;;;;
362;05/06/2023;23:54:19;24.71;;;;362;05/06/2023;23:57:00;24.71;;;;362;05/06/2023;23:57:02;24.71;;;;
363;05/06/2023;23:55:19;24.7;;;;363;05/06/2023;23:58:00;24.73;;;;363;05/06/2023;23:58:02;24.73;;;;
364;05/06/2023;23:56:18;24.71;;;;364;05/06/2023;23:59:00;24.7;;;;364;05/06/2023;23:59:02;24.73;;;;
365;05/06/2023;23:57:18;24.73;;;;365;06/06/2023;00:00:00;24.73;;;;365;06/06/2023;00:00:02;24.73;Synchronized;;;
366;05/06/2023;23:58:18;24.73;;;;366;06/06/2023;00:01:00;24.73;;;;366;06/06/2023;00:01:01;24.73;;;;
367;05/06/2023;23:59:18;24.71;;;;367;06/06/2023;00:02:00;24.7;;;;367;06/06/2023;00:02:01;24.74;;;;
368;06/06/2023;00:00:18;24.7;;;;368;06/06/2023;00:03:01;24.7;;;;368;06/06/2023;00:03:01;24.73;;;;
369;06/06/2023;00:01:18;24.71;;;;369;06/06/2023;00:04:01;24.7;;;;369;06/06/2023;00:04:01;24.73;;;;
370;06/06/2023;00:02:18;24.73;;;;370;06/06/2023;00:05:01;24.69;;;;370;06/06/2023;00:05:01;24.73;;;;
371;06/06/2023;00:03:17;24.73;;;;371;06/06/2023;00:06:01;24.71;;;;371;06/06/2023;00:06:00;24.72;;;;
372;06/06/2023;00:04:17;24.71;;;;372;06/06/2023;00:07:01;24.7;;;;372;06/06/2023;00:07:00;24.73;;;;
373;06/06/2023;00:05:17;24.7;;;;373;06/06/2023;00:08:01;24.7;;;;373;06/06/2023;00:08:00;24.72;;;;
374;06/06/2023;00:06:17;24.69;;;;374;06/06/2023;00:09:01;24.7;;;;374;06/06/2023;00:09:00;24.73;;;;
375;06/06/2023;00:07:17;24.73;;;;375;06/06/2023;00:10:02;24.71;;;;375;06/06/2023;00:10:00;24.72;;;;
376;06/06/2023;00:08:17;24.73;;;;376;06/06/2023;00:11:02;24.7;;;;376;06/06/2023;00:11:00;24.73;;;;
377;06/06/2023;00:09:17;24.73;;;;377;06/06/2023;00:12:02;24.7;;;;377;06/06/2023;00:12:00;24.73;;;;
378;06/06/2023;00:10:16;24.7;;;;378;06/06/2023;00:13:02;24.69;;;;378;06/06/2023;00:12:59;24.72;;;;
379;06/06/2023;00:11:16;24.69;;;;379;06/06/2023;00:14:02;24.68;;;;379;06/06/2023;00:13:59;24.73;;;;
380;06/06/2023;00:12:16;24.7;;;;380;06/06/2023;00:15:02;24.69;;;;380;06/06/2023;00:14:59;24.73;;;;
381;06/06/2023;00:13:16;24.7;;;;381;06/06/2023;00:16:02;24.7;;;;381;06/06/2023;00:15:59;24.72;;;;
382;06/06/2023;00:14:16;24.73;;;;382;06/06/2023;00:17:02;24.69;;;;382;06/06/2023;00:16:59;24.72;;;;
383;06/06/2023;00:15:16;24.71;;;;383;06/06/2023;00:18:03;24.68;;;;383;06/06/2023;00:17:59;24.73;;;;
384;06/06/2023;00:16:16;24.7;;;;384;06/06/2023;00:19:03;24.7;;;;384;06/06/2023;00:18:58;24.72;;;;
385;06/06/2023;00:17:16;24.71;;;;385;06/06/2023;00:20:03;24.66;;;;385;06/06/2023;00:19:58;24.71;;;;
386;06/06/2023;00:18:15;24.7;;;;386;06/06/2023;00:21:03;24.68;;;;386;06/06/2023;00:20:58;24.71;;;;
387;06/06/2023;00:19:15;24.69;;;;387;06/06/2023;00:22:03;24.69;;;;387;06/06/2023;00:21:58;24.73;;;;
388;06/06/2023;00:20:15;24.67;;;;388;06/06/2023;00:23:03;24.68;;;;388;06/06/2023;00:22:58;24.69;;;;
389;06/06/2023;00:21:15;24.7;;;;389;06/06/2023;00:24:03;24.7;;;;389;06/06/2023;00:23:57;24.72;;;;
390;06/06/2023;00:22:15;24.71;;;;390;06/06/2023;00:25:04;24.69;;;;390;06/06/2023;00:24:57;24.71;;;;
391;06/06/2023;00:23:15;24.7;;;;391;06/06/2023;00:26:04;24.7;;;;391;06/06/2023;00:25:57;24.7;;;;
392;06/06/2023;00:24:15;24.69;;;;392;06/06/2023;00:27:04;24.67;;;;392;06/06/2023;00:26:57;24.69;;;;
393;06/06/2023;00:25:14;24.68;;;;393;06/06/2023;00:28:04;24.69;;;;393;06/06/2023;00:27:57;24.73;;;;
394;06/06/2023;00:26:14;24.68;;;;394;06/06/2023;00:29:04;24.68;;;;394;06/06/2023;00:28:56;24.73;;;;
395;06/06/2023;00:27:14;24.71;;;;395;06/06/2023;00:30:04;24.67;;;;395;06/06/2023;00:29:56;24.69;;;;
396;06/06/2023;00:28:14;24.69;;;;396;06/06/2023;00:31:04;24.69;;;;396;06/06/2023;00:30:56;24.7;;;;
397;06/06/2023;00:29:14;24.68;;;;397;06/06/2023;00:32:05;24.68;;;;397;06/06/2023;00:31:56;24.71;;;;
398;06/06/2023;00:30:14;24.7;;;;398;06/06/2023;00:33:05;24.68;;;;398;06/06/2023;00:32:56;24.71;Synchronized;;;
399;06/06/2023;00:31:14;24.68;;;;399;06/06/2023;00:34:05;24.7;;;;399;06/06/2023;00:33:56;24.72;;;;
400;06/06/2023;00:32:13;24.68;;;;400;06/06/2023;00:35:05;24.68;;;;400;06/06/2023;00:34:55;24.7;;;;
401;06/06/2023;00:33:13;24.67;;;;401;06/06/2023;00:36:05;24.7;;;;401;06/06/2023;00:35:55;24.72;;;;
402;06/06/2023;00:34:13;24.67;;;;402;06/06/2023;00:37:05;24.67;;;;402;06/06/2023;00:36:55;24.73;;;;
403;06/06/2023;00:35:13;24.7;;;;403;06/06/2023;00:38:05;24.7;;;;403;06/06/2023;00:37:55;24.7;;;;
404;06/06/2023;00:36:13;24.67;;;;404;06/06/2023;00:39:05;24.68;;;;404;06/06/2023;00:38:55;24.72;;;;
405;06/06/2023;00:37:13;24.69;;;;405;06/06/2023;00:40:05;24.67;;;;405;06/06/2023;00:39:55;24.71;;;;
406;06/06/2023;00:38:13;24.69;;;;406;06/06/2023;00:41:05;24.68;;;;406;06/06/2023;00:40:55;24.7;;;;
407;06/06/2023;00:39:13;24.7;;;;407;06/06/2023;00:42:05;24.7;;;;407;06/06/2023;00:41:55;24.69;;;;
408;06/06/2023;00:40:12;24.67;;;;408;06/06/2023;00:43:06;24.69;;;;408;06/06/2023;00:42:55;24.7;;;;
409;06/06/2023;00:41:12;24.66;;;;409;06/06/2023;00:44:06;24.66;;;;409;06/06/2023;00:43:54;24.7;;;;
410;06/06/2023;00:42:12;24.69;;;;410;06/06/2023;00:45:06;24.67;;;;410;06/06/2023;00:44:54;24.71;;;;
411;06/06/2023;00:43:12;24.69;;;;411;06/06/2023;00:46:06;24.67;;;;411;06/06/2023;00:45:54;24.7;;;;
412;06/06/2023;00:44:12;24.69;;;;412;06/06/2023;00:47:06;24.67;;;;412;06/06/2023;00:46:54;24.7;;;;
413;06/06/2023;00:45:12;24.7;;;;413;06/06/2023;00:48:06;24.69;;;;413;06/06/2023;00:47:54;24.7;;;;
414;06/06/2023;00:46:12;24.7;;;;414;06/06/2023;00:49:06;24.69;;;;414;06/06/2023;00:48:54;24.71;;;;
415;06/06/2023;00:47:11;24.68;;;;415;06/06/2023;00:50:07;24.66;;;;415;06/06/2023;00:49:53;24.68;;;;
416;06/06/2023;00:48:11;24.68;;;;416;06/06/2023;00:51:07;24.66;;;;416;06/06/2023;00:50:53;24.71;;;;
417;06/06/2023;00:49:11;24.68;;;;417;06/06/2023;00:52:07;24.67;;;;417;06/06/2023;00:51:53;24.7;;;;
418;06/06/2023;00:50:11;24.66;;;;418;06/06/2023;00:53:07;24.69;;;;418;06/06/2023;00:52:53;24.69;;;;
419;06/06/2023;00:51:11;24.68;;;;419;06/06/2023;00:54:07;24.67;;;;419;06/06/2023;00:53:53;24.68;;;;
420;06/06/2023;00:52:11;24.66;;;;420;06/06/2023;00:55:07;24.67;;;;420;06/06/2023;00:54:53;24.68;;;;
421;06/06/2023;00:53:11;24.68;;;;421;06/06/2023;00:56:07;24.66;;;;421;06/06/2023;00:55:52;24.69;;;;
422;06/06/2023;00:54:11;24.67;;;;422;06/06/2023;00:57:08;24.67;;;;422;06/06/2023;00:56:52;24.67;;;;
423;06/06/2023;00:55:10;24.66;;;;423;06/06/2023;00:58:08;24.66;;;;423;06/06/2023;00:57:52;24.71;;;;
424;06/06/2023;00:56:10;24.67;;;;424;06/06/2023;00:59:08;24.67;Synchronized;;;424;06/06/2023;00:58:52;24.72;;;;
425;06/06/2023;00:57:10;24.66;;;;425;06/06/2023;01:00:08;24.67;;;;425;06/06/2023;00:59:52;24.7;;;;
426;06/06/2023;00:58:10;24.66;;;;426;06/06/2023;01:01:08;24.67;;;;426;06/06/2023;01:00:52;24.68;;;;
427;06/06/2023;00:59:10;24.67;;;;427;06/06/2023;01:02:08;24.68;;;;427;06/06/2023;01:01:51;24.71;;;;
428;06/06/2023;01:00:10;24.67;;;;428;06/06/2023;01:03:08;24.66;;;;428;06/06/2023;01:02:51;24.69;;;;
429;06/06/2023;01:01:10;24.69;;;;429;06/06/2023;01:04:08;24.66;;;;429;06/06/2023;01:03:51;24.68;;;;
430;06/06/2023;01:02:10;24.66;;;;430;06/06/2023;01:05:09;24.68;;;;430;06/06/2023;01:04:51;24.68;;;;
431;06/06/2023;01:03:10;24.67;;;;431;06/06/2023;01:06:09;24.65;;;;431;06/06/2023;01:05:51;24.67;;;;
432;06/06/2023;01:04:09;24.68;;;;432;06/06/2023;01:07:09;24.67;;;;432;06/06/2023;01:06:51;24.7;;;;
433;06/06/2023;01:05:09;24.66;;;;433;06/06/2023;01:08:09;24.68;;;;433;06/06/2023;01:07:50;24.71;;;;
434;06/06/2023;01:06:09;24.68;;;;434;06/06/2023;01:09:09;24.66;;;;434;06/06/2023;01:08:50;24.69;;;;
435;06/06/2023;01:07:09;24.66;;;;435;06/06/2023;01:10:09;24.68;;;;435;06/06/2023;01:09:50;24.7;;;;
436;06/06/2023;01:08:09;24.67;;;;436;06/06/2023;01:11:09;24.67;;;;436;06/06/2023;01:10:50;24.7;;;;
437;06/06/2023;01:09:09;24.68;;;;437;06/06/2023;01:12:09;24.67;;;;437;06/06/2023;01:11:50;24.67;;;;
438;06/06/2023;01:10:09;24.66;;;;438;06/06/2023;01:13:09;24.66;;;;438;06/06/2023;01:12:49;24.68;;;;
439;06/06/2023;01:11:08;24.66;;;;439;06/06/2023;01:14:10;24.66;;;;439;06/06/2023;01:13:49;24.68;;;;
440;06/06/2023;01:12:08;24.66;;;;440;06/06/2023;01:15:10;24.66;Synchronized;;;440;06/06/2023;01:14:49;24.68;;;;
441;06/06/2023;01:13:08;24.66;;;;441;06/06/2023;01:16:10;24.65;;;;441;06/06/2023;01:15:49;24.7;;;;
442;06/06/2023;01:14:08;24.66;;;;442;06/06/2023;01:17:10;24.66;;;;442;06/06/2023;01:16:49;24.67;;;;
443;06/06/2023;01:15:08;24.66;;;;443;06/06/2023;01:18:10;24.66;;;;443;06/06/2023;01:17:48;24.66;;;;
444;06/06/2023;01:16:08;24.65;;;;444;06/06/2023;01:19:10;24.66;;;;444;06/06/2023;01:18:48;24.67;;;;
445;06/06/2023;01:17:08;24.66;;;;445;06/06/2023;01:20:10;24.66;;;;445;06/06/2023;01:19:48;24.67;;;;
446;06/06/2023;01:18:08;24.66;;;;446;06/06/2023;01:21:10;24.64;;;;446;06/06/2023;01:20:48;24.7;;;;
447;06/06/2023;01:19:07;24.66;;;;447;06/06/2023;01:22:10;24.66;;;;447;06/06/2023;01:21:48;24.68;;;;
448;06/06/2023;01:20:07;24.67;;;;448;06/06/2023;01:23:11;24.65;;;;448;06/06/2023;01:22:48;24.69;;;;
449;06/06/2023;01:21:07;24.64;;;;449;06/06/2023;01:24:10;24.66;;;;449;06/06/2023;01:23:48;24.69;;;;
450;06/06/2023;01:22:07;24.65;;;;450;06/06/2023;01:25:11;24.67;;;;450;06/06/2023;01:24:47;24.68;;;;
451;06/06/2023;01:23:07;24.65;;;;451;06/06/2023;01:26:11;24.67;;;;451;06/06/2023;01:25:47;24.68;;;;
452;06/06/2023;01:24:07;24.66;;;;452;06/06/2023;01:27:11;24.66;;;;452;06/06/2023;01:26:47;24.7;;;;
453;06/06/2023;01:25:07;24.67;;;;453;06/06/2023;01:28:11;24.66;;;;453;06/06/2023;01:27:47;24.68;;;;
454;06/06/2023;01:26:07;24.66;;;;454;06/06/2023;01:29:11;24.66;;;;454;06/06/2023;01:28:47;24.66;;;;
455;06/06/2023;01:27:06;24.65;;;;455;06/06/2023;01:30:11;24.66;;;;455;06/06/2023;01:29:47;24.68;;;;
456;06/06/2023;01:28:06;24.64;;;;456;06/06/2023;01:31:11;24.66;;;;456;06/06/2023;01:30:47;24.69;Synchronized;;;
457;06/06/2023;01:29:06;24.65;;;;457;06/06/2023;01:32:12;24.65;;;;457;06/06/2023;01:31:46;24.65;;;;
458;06/06/2023;01:30:06;24.66;;;;458;06/06/2023;01:33:12;24.66;;;;458;06/06/2023;01:32:46;24.66;;;;
459;06/06/2023;01:31:06;24.65;;;;459;06/06/2023;01:34:12;24.66;;;;459;06/06/2023;01:33:46;24.66;;;;
460;06/06/2023;01:32:06;24.65;;;;460;06/06/2023;01:35:12;24.66;;;;460;06/06/2023;01:34:46;24.66;;;;
461;06/06/2023;01:33:06;24.66;;;;461;06/06/2023;01:36:12;24.66;;;;461;06/06/2023;01:35:45;24.66;;;;
462;06/06/2023;01:34:06;24.66;;;;462;06/06/2023;01:37:12;24.66;;;;462;06/06/2023;01:36:45;24.66;;;;
463;06/06/2023;01:35:05;24.65;;;;463;06/06/2023;01:38:12;24.65;;;;463;06/06/2023;01:37:45;24.67;;;;
464;06/06/2023;01:36:05;24.64;;;;464;06/06/2023;01:39:13;24.66;;;;464;06/06/2023;01:38:45;24.67;;;;
465;06/06/2023;01:37:05;24.66;;;;465;06/06/2023;01:40:13;24.64;;;;465;06/06/2023;01:39:45;24.67;;;;
466;06/06/2023;01:38:05;24.63;;;;466;06/06/2023;01:41:13;24.65;;;;466;06/06/2023;01:40:45;24.67;;;;
467;06/06/2023;01:39:05;24.63;;;;467;06/06/2023;01:42:13;24.66;;;;467;06/06/2023;01:41:45;24.66;;;;
468;06/06/2023;01:40:05;24.66;;;;468;06/06/2023;01:43:13;24.63;;;;468;06/06/2023;01:42:45;24.66;;;;
469;06/06/2023;01:41:05;24.64;;;;469;06/06/2023;01:44:13;24.64;;;;469;06/06/2023;01:43:45;24.66;;;;
470;06/06/2023;01:42:05;24.65;;;;470;06/06/2023;01:45:13;24.66;;;;470;06/06/2023;01:44:44;24.66;;;;
471;06/06/2023;01:43:04;24.64;;;;471;06/06/2023;01:46:13;24.65;;;;471;06/06/2023;01:45:44;24.66;Synchronized;;;
472;06/06/2023;01:44:04;24.63;;;;472;06/06/2023;01:47:13;24.64;;;;472;06/06/2023;01:46:44;24.67;;;;
473;06/06/2023;01:45:04;24.64;;;;473;06/06/2023;01:48:14;24.63;;;;473;06/06/2023;01:47:44;24.68;;;;
474;06/06/2023;01:46:04;24.65;;;;474;06/06/2023;01:49:14;24.63;;;;474;06/06/2023;01:48:44;24.66;;;;
475;06/06/2023;01:47:04;24.63;;;;475;06/06/2023;01:50:14;24.64;;;;475;06/06/2023;01:49:44;24.66;;;;
476;06/06/2023;01:48:04;24.65;;;;476;06/06/2023;01:51:14;24.66;;;;476;06/06/2023;01:50:44;24.66;;;;
477;06/06/2023;01:49:04;24.66;;;;477;06/06/2023;01:52:14;24.64;;;;477;06/06/2023;01:51:43;24.66;;;;
478;06/06/2023;01:50:04;24.64;;;;478;06/06/2023;01:53:14;24.65;;;;478;06/06/2023;01:52:43;24.68;;;;
479;06/06/2023;01:51:03;24.65;;;;479;06/06/2023;01:54:14;24.66;;;;479;06/06/2023;01:53:43;24.66;;;;
480;06/06/2023;01:52:03;24.63;;;;480;06/06/2023;01:55:15;24.65;;;;480;06/06/2023;01:54:43;24.67;;;;
481;06/06/2023;01:53:03;24.63;;;;481;06/06/2023;01:56:15;24.64;;;;481;06/06/2023;01:55:43;24.66;;;;
482;06/06/2023;01:54:03;24.64;;;;482;06/06/2023;01:57:15;24.64;;;;482;06/06/2023;01:56:43;24.64;;;;
483;06/06/2023;01:55:03;24.62;;;;483;06/06/2023;01:58:15;24.65;;;;483;06/06/2023;01:57:43;24.66;;;;
484;06/06/2023;01:56:03;24.66;Synchronized;;;484;06/06/2023;01:59:15;24.63;;;;484;06/06/2023;01:58:42;24.66;;;;
485;06/06/2023;01:57:03;24.63;;;;485;06/06/2023;02:00:15;24.66;;;;485;06/06/2023;01:59:42;24.66;;;;
486;06/06/2023;01:58:03;24.63;;;;486;06/06/2023;02:01:15;24.63;;;;486;06/06/2023;02:00:42;24.66;;;;
487;06/06/2023;01:59:02;24.63;;;;487;06/06/2023;02:02:15;24.64;;;;487;06/06/2023;02:01:42;24.65;;;;
488;06/06/2023;02:00:02;24.64;;;;488;06/06/2023;02:03:16;24.65;;;;488;06/06/2023;02:02:42;24.65;;;;
489;06/06/2023;02:01:02;24.63;;;;489;06/06/2023;02:04:16;24.64;;;;489;06/06/2023;02:03:42;24.66;;;;
490;06/06/2023;02:02:02;24.63;;;;490;06/06/2023;02:05:16;24.66;;;;490;06/06/2023;02:04:41;24.65;;;;
491;06/06/2023;02:03:02;24.63;;;;491;06/06/2023;02:06:16;24.62;;;;491;06/06/2023;02:05:41;24.66;;;;
492;06/06/2023;02:04:02;24.65;;;;492;06/06/2023;02:07:16;24.63;;;;492;06/06/2023;02:06:41;24.65;;;;
493;06/06/2023;02:05:02;24.63;;;;493;06/06/2023;02:08:16;24.66;;;;493;06/06/2023;02:07:41;24.66;;;;
494;06/06/2023;02:06:02;24.64;;;;494;06/06/2023;02:09:16;24.64;;;;494;06/06/2023;02:08:41;24.65;;;;
495;06/06/2023;02:07:02;24.64;;;;495;06/06/2023;02:10:17;24.64;;;;495;06/06/2023;02:09:40;24.67;;;;
496;06/06/2023;02:08:02;24.64;;;;496;06/06/2023;02:11:17;24.63;;;;496;06/06/2023;02:10:40;24.65;;;;
497;06/06/2023;02:09:01;24.65;;;;497;06/06/2023;02:12:17;24.63;;;;497;06/06/2023;02:11:40;24.66;;;;
498;06/06/2023;02:10:01;24.64;;;;498;06/06/2023;02:13:17;24.64;;;;498;06/06/2023;02:12:40;24.65;;;;
499;06/06/2023;02:11:01;24.63;;;;499;06/06/2023;02:14:17;24.65;;;;499;06/06/2023;02:13:40;24.66;;;;
500;06/06/2023;02:12:01;24.63;;;;500;06/06/2023;02:15:17;24.63;;;;500;06/06/2023;02:14:39;24.66;;;;
501;06/06/2023;02:13:01;24.64;;;;501;06/06/2023;02:16:17;24.62;;;;501;06/06/2023;02:15:39;24.65;;;;
502;06/06/2023;02:14:01;24.63;;;;502;06/06/2023;02:17:17;24.64;;;;502;06/06/2023;02:16:39;24.65;;;;
503;06/06/2023;02:15:01;24.62;Synchronized;;;503;06/06/2023;02:18:18;24.63;;;;503;06/06/2023;02:17:39;24.66;;;;
504;06/06/2023;02:16:01;24.61;;;;504;06/06/2023;02:19:18;24.64;;;;504;06/06/2023;02:18:39;24.65;;;;
505;06/06/2023;02:17:01;24.64;;;;505;06/06/2023;02:20:18;24.63;;;;505;06/06/2023;02:19:39;24.66;;;;
506;06/06/2023;02:18:00;24.62;;;;506;06/06/2023;02:21:18;24.63;;;;506;06/06/2023;02:20:39;24.66;;;;
507;06/06/2023;02:19:00;24.63;;;;507;06/06/2023;02:22:18;24.63;;;;507;06/06/2023;02:21:38;24.64;;;;
508;06/06/2023;02:20:00;24.63;;;;508;06/06/2023;02:23:18;24.63;Synchronized;;;508;06/06/2023;02:22:38;24.66;;;;
509;06/06/2023;02:21:00;24.62;;;;509;06/06/2023;02:24:18;24.63;;;;509;06/06/2023;02:23:38;24.65;;;;
510;06/06/2023;02:22:00;24.63;;;;510;06/06/2023;02:25:18;24.63;;;;510;06/06/2023;02:24:38;24.66;;;;
511;06/06/2023;02:23:00;24.65;;;;511;06/06/2023;02:26:18;24.63;;;;511;06/06/2023;02:25:38;24.66;;;;
512;06/06/2023;02:24:00;24.62;;;;512;06/06/2023;02:27:18;24.62;;;;512;06/06/2023;02:26:38;24.66;;;;
513;06/06/2023;02:25:00;24.65;;;;513;06/06/2023;02:28:19;24.63;;;;513;06/06/2023;02:27:37;24.64;;;;
514;06/06/2023;02:26:00;24.63;;;;514;06/06/2023;02:29:19;24.63;;;;514;06/06/2023;02:28:37;24.66;;;;
515;06/06/2023;02:27:00;24.63;;;;515;06/06/2023;02:30:19;24.61;;;;515;06/06/2023;02:29:37;24.64;;;;
516;06/06/2023;02:27:59;24.62;;;;516;06/06/2023;02:31:19;24.64;;;;516;06/06/2023;02:30:37;24.66;;;;
517;06/06/2023;02:28:59;24.59;;;;517;06/06/2023;02:32:19;24.63;;;;517;06/06/2023;02:31:37;24.64;;;;
518;06/06/2023;02:29:59;24.63;;;;518;06/06/2023;02:33:19;24.63;;;;518;06/06/2023;02:32:37;24.64;;;;
519;06/06/2023;02:30:59;24.63;;;;519;06/06/2023;02:34:19;24.63;;;;519;06/06/2023;02:33:36;24.64;;;;
520;06/06/2023;02:31:59;24.63;;;;520;06/06/2023;02:35:19;24.62;;;;520;06/06/2023;02:34:36;24.66;;;;
521;06/06/2023;02:32:59;24.61;;;;521;06/06/2023;02:36:19;24.63;;;;521;06/06/2023;02:35:36;24.65;;;;
522;06/06/2023;02:33:59;24.62;;;;522;06/06/2023;02:37:19;24.63;;;;522;06/06/2023;02:36:36;24.65;;;;
523;06/06/2023;02:34:59;24.62;;;;523;06/06/2023;02:38:20;24.63;;;;523;06/06/2023;02:37:36;24.64;;;;
524;06/06/2023;02:35:58;24.63;;;;524;06/06/2023;02:39:20;24.63;;;;524;06/06/2023;02:38:36;24.64;;;;
525;06/06/2023;02:36:58;24.62;;;;525;06/06/2023;02:40:20;24.62;;;;525;06/06/2023;02:39:36;24.64;;;;
526;06/06/2023;02:37:58;24.62;;;;526;06/06/2023;02:41:20;24.62;;;;526;06/06/2023;02:40:35;24.65;;;;
527;06/06/2023;02:38:58;24.62;;;;527;06/06/2023;02:42:20;24.64;;;;527;06/06/2023;02:41:35;24.65;;;;
528;06/06/2023;02:39:58;24.61;;;;528;06/06/2023;02:43:20;24.63;;;;528;06/06/2023;02:42:35;24.66;;;;
529;06/06/2023;02:40:58;24.61;;;;529;06/06/2023;02:44:20;24.63;;;;529;06/06/2023;02:43:35;24.64;;;;
530;06/06/2023;02:41:58;24.63;;;;530;06/06/2023;02:45:20;24.62;;;;530;06/06/2023;02:44:35;24.64;;;;
531;06/06/2023;02:42:58;24.62;;;;531;06/06/2023;02:46:20;24.63;;;;531;06/06/2023;02:45:35;24.65;;;;
532;06/06/2023;02:43:57;24.63;;;;532;06/06/2023;02:47:20;24.62;;;;532;06/06/2023;02:46:35;24.65;;;;
533;06/06/2023;02:44:57;24.62;;;;533;06/06/2023;02:48:20;24.63;;;;533;06/06/2023;02:47:35;24.66;;;;
534;06/06/2023;02:45:57;24.62;;;;534;06/06/2023;02:49:21;24.62;;;;534;06/06/2023;02:48:35;24.65;;;;
535;06/06/2023;02:46:57;24.63;;;;535;06/06/2023;02:50:21;24.62;;;;535;06/06/2023;02:49:35;24.65;;;;
536;06/06/2023;02:47:57;24.62;;;;536;06/06/2023;02:51:21;24.63;;;;536;06/06/2023;02:50:35;24.64;;;;
537;06/06/2023;02:48:57;24.61;;;;537;06/06/2023;02:52:21;24.61;;;;537;06/06/2023;02:51:34;24.65;;;;
538;06/06/2023;02:49:57;24.61;;;;538;06/06/2023;02:53:21;24.6;;;;538;06/06/2023;02:52:34;24.62;;;;
539;06/06/2023;02:50:57;24.62;;;;539;06/06/2023;02:54:21;24.63;;;;539;06/06/2023;02:53:34;24.64;;;;
540;06/06/2023;02:51:56;24.62;;;;540;06/06/2023;02:55:21;24.63;;;;540;06/06/2023;02:54:34;24.63;;;;
541;06/06/2023;02:52:56;24.61;;;;541;06/06/2023;02:56:21;24.6;;;;541;06/06/2023;02:55:34;24.63;;;;
542;06/06/2023;02:53:56;24.61;;;;542;06/06/2023;02:57:21;24.6;;;;542;06/06/2023;02:56:34;24.64;;;;
543;06/06/2023;02:54:56;24.63;;;;543;06/06/2023;02:58:22;24.63;;;;543;06/06/2023;02:57:34;24.63;;;;
544;06/06/2023;02:55:56;24.59;;;;544;06/06/2023;02:59:22;24.61;;;;544;06/06/2023;02:58:34;24.63;;;;
545;06/06/2023;02:56:56;24.62;;;;545;06/06/2023;03:00:22;24.63;;;;545;06/06/2023;02:59:34;24.65;;;;
546;06/06/2023;02:57:56;24.62;;;;546;06/06/2023;03:01:22;24.62;;;;546;06/06/2023;03:00:34;24.65;;;;
547;06/06/2023;02:58:56;24.61;;;;547;06/06/2023;03:02:22;24.62;;;;547;06/06/2023;03:01:34;24.63;;;;
548;06/06/2023;02:59:55;24.61;;;;548;06/06/2023;03:03:22;24.63;;;;548;06/06/2023;03:02:34;24.63;;;;
549;06/06/2023;03:00:55;24.61;;;;549;06/06/2023;03:04:22;24.62;;;;549;06/06/2023;03:03:34;24.63;;;;
550;06/06/2023;03:01:55;24.59;;;;550;06/06/2023;03:05:22;24.63;;;;550;06/06/2023;03:04:34;24.64;;;;
551;06/06/2023;03:02:55;24.59;;;;551;06/06/2023;03:06:23;24.61;;;;551;06/06/2023;03:05:34;24.63;;;;
552;06/06/2023;03:03:55;24.59;;;;552;06/06/2023;03:07:23;24.62;;;;552;06/06/2023;03:06:34;24.63;;;;
553;06/06/2023;03:04:55;24.63;;;;553;06/06/2023;03:08:23;24.61;;;;553;06/06/2023;03:07:34;24.64;;;;
554;06/06/2023;03:05:55;24.61;;;;554;06/06/2023;03:09:23;24.61;;;;554;06/06/2023;03:08:34;24.65;;;;
555;06/06/2023;03:06:55;24.61;;;;555;06/06/2023;03:10:23;24.61;;;;555;06/06/2023;03:09:34;24.63;;;;
556;06/06/2023;03:07:54;24.61;;;;556;06/06/2023;03:11:23;24.63;;;;556;06/06/2023;03:10:34;24.64;;;;
557;06/06/2023;03:08:54;24.61;;;;557;06/06/2023;03:12:23;24.63;;;;557;06/06/2023;03:11:33;24.63;;;;
558;06/06/2023;03:09:54;24.63;;;;558;06/06/2023;03:13:23;24.6;;;;558;06/06/2023;03:12:33;24.66;;;;
559;06/06/2023;03:10:54;24.63;;;;559;06/06/2023;03:14:24;24.62;;;;559;06/06/2023;03:13:33;24.65;;;;
560;06/06/2023;03:11:54;24.59;;;;560;06/06/2023;03:15:24;24.61;;;;560;06/06/2023;03:14:33;24.64;;;;
561;06/06/2023;03:12:54;24.61;;;;561;06/06/2023;03:16:24;24.63;;;;561;06/06/2023;03:15:33;24.65;;;;
562;06/06/2023;03:13:54;24.59;;;;562;06/06/2023;03:17:24;24.61;;;;562;06/06/2023;03:16:33;24.64;;;;
563;06/06/2023;03:14:54;24.59;;;;563;06/06/2023;03:18:24;24.6;;;;563;06/06/2023;03:17:33;24.64;;;;
564;06/06/2023;03:15:53;24.61;;;;564;06/06/2023;03:19:24;24.6;;;;564;06/06/2023;03:18:33;24.64;;;;
565;06/06/2023;03:16:53;24.59;;;;565;06/06/2023;03:20:24;24.59;;;;565;06/06/2023;03:19:32;24.62;;;;
566;06/06/2023;03:17:53;24.62;;;;566;06/06/2023;03:21:24;24.62;;;;566;06/06/2023;03:20:32;24.63;Synchronized;;;
567;06/06/2023;03:18:53;24.61;;;;567;06/06/2023;03:22:25;24.6;;;;567;06/06/2023;03:21:32;24.64;;;;
568;06/06/2023;03:19:53;24.59;;;;568;06/06/2023;03:23:25;24.6;;;;568;06/06/2023;03:22:32;24.63;;;;
569;06/06/2023;03:20:53;24.59;;;;569;06/06/2023;03:24:25;24.6;;;;569;06/06/2023;03:23:32;24.63;;;;
570;06/06/2023;03:21:53;24.59;;;;570;06/06/2023;03:25:25;24.61;;;;570;06/06/2023;03:24:32;24.65;;;;
571;06/06/2023;03:22:53;24.61;;;;571;06/06/2023;03:26:25;24.61;;;;571;06/06/2023;03:25:32;24.63;;;;
572;06/06/2023;03:23:52;24.59;;;;572;06/06/2023;03:27:25;24.63;;;;572;06/06/2023;03:26:32;24.63;;;;
573;06/06/2023;03:24:52;24.61;;;;573;06/06/2023;03:28:25;24.6;;;;573;06/06/2023;03:27:31;24.63;;;;
574;06/06/2023;03:25:52;24.62;;;;574;06/06/2023;03:29:26;24.63;;;;574;06/06/2023;03:28:31;24.64;;;;
575;06/06/2023;03:26:52;24.61;;;;575;06/06/2023;03:30:26;24.59;;;;575;06/06/2023;03:29:31;24.65;;;;
576;06/06/2023;03:27:52;24.59;;;;576;06/06/2023;03:31:26;24.61;;;;576;06/06/2023;03:30:31;24.65;;;;
577;06/06/2023;03:28:52;24.59;;;;577;06/06/2023;03:32:26;24.63;;;;577;06/06/2023;03:31:31;24.64;;;;
578;06/06/2023;03:29:52;24.59;;;;578;06/06/2023;03:33:26;24.61;;;;578;06/06/2023;03:32:31;24.63;;;;
579;06/06/2023;03:30:52;24.59;;;;579;06/06/2023;03:34:26;24.62;;;;579;06/06/2023;03:33:30;24.63;;;;
580;06/06/2023;03:31:51;24.59;;;;580;06/06/2023;03:35:26;24.61;;;;580;06/06/2023;03:34:30;24.63;;;;
581;06/06/2023;03:32:51;24.61;;;;581;06/06/2023;03:36:27;24.61;;;;581;06/06/2023;03:35:30;24.64;;;;
582;06/06/2023;03:33:51;24.59;;;;582;06/06/2023;03:37:27;24.62;;;;582;06/06/2023;03:36:30;24.63;;;;
583;06/06/2023;03:34:51;24.59;;;;583;06/06/2023;03:38:27;24.61;;;;583;06/06/2023;03:37:30;24.63;;;;
584;06/06/2023;03:35:51;24.61;;;;584;06/06/2023;03:39:27;24.63;;;;584;06/06/2023;03:38:29;24.63;;;;
585;06/06/2023;03:36:51;24.61;;;;585;06/06/2023;03:40:27;24.62;;;;585;06/06/2023;03:39:29;24.64;;;;
586;06/06/2023;03:37:51;24.59;;;;586;06/06/2023;03:41:27;24.61;;;;586;06/06/2023;03:40:29;24.64;;;;
587;06/06/2023;03:38:51;24.59;;;;587;06/06/2023;03:42:27;24.62;;;;587;06/06/2023;03:41:29;24.63;;;;
588;06/06/2023;03:39:51;24.59;;;;588;06/06/2023;03:43:28;24.61;Synchronized;;;588;06/06/2023;03:42:29;24.64;;;;
589;06/06/2023;03:40:50;24.59;;;;589;06/06/2023;03:44:28;24.61;;;;589;06/06/2023;03:43:29;24.63;;;;
590;06/06/2023;03:41:50;24.59;;;;590;06/06/2023;03:45:28;24.61;;;;590;06/06/2023;03:44:28;24.63;;;;
591;06/06/2023;03:42:50;24.62;;;;591;06/06/2023;03:46:28;24.59;;;;591;06/06/2023;03:45:28;24.63;;;;
592;06/06/2023;03:43:50;24.61;;;;592;06/06/2023;03:47:28;24.61;;;;592;06/06/2023;03:46:28;24.64;;;;
593;06/06/2023;03:44:50;24.59;;;;593;06/06/2023;03:48:28;24.6;;;;593;06/06/2023;03:47:28;24.63;;;;
594;06/06/2023;03:45:50;24.57;;;;594;06/06/2023;03:49:28;24.6;;;;594;06/06/2023;03:48:28;24.64;;;;
595;06/06/2023;03:46:50;24.59;;;;595;06/06/2023;03:50:28;24.63;;;;595;06/06/2023;03:49:28;24.63;;;;
596;06/06/2023;03:47:50;24.59;Synchronized;;;596;06/06/2023;03:51:29;24.62;;;;596;06/06/2023;03:50:28;24.63;;;;
597;06/06/2023;03:48:49;24.59;;;;597;06/06/2023;03:52:29;24.61;;;;597;06/06/2023;03:51:28;24.63;;;;
598;06/06/2023;03:49:49;24.62;;;;598;06/06/2023;03:53:29;24.58;;;;598;06/06/2023;03:52:28;24.64;;;;
599;06/06/2023;03:50:49;24.59;;;;599;06/06/2023;03:54:29;24.6;;;;599;06/06/2023;03:53:28;24.63;;;;
600;06/06/2023;03:51:49;24.59;;;;600;06/06/2023;03:55:29;24.62;;;;600;06/06/2023;03:54:27;24.63;;;;
601;06/06/2023;03:52:49;24.59;;;;601;06/06/2023;03:56:29;24.59;;;;601;06/06/2023;03:55:27;24.63;;;;
602;06/06/2023;03:53:49;24.59;;;;602;06/06/2023;03:57:29;24.6;;;;602;06/06/2023;03:56:27;24.63;;;;
603;06/06/2023;03:54:49;24.63;;;;603;06/06/2023;03:58:30;24.6;;;;603;06/06/2023;03:57:27;24.63;;;;
604;06/06/2023;03:55:49;24.61;;;;604;06/06/2023;03:59:30;24.61;;;;604;06/06/2023;03:58:27;24.64;;;;
605;06/06/2023;03:56:49;24.59;;;;605;06/06/2023;04:00:30;24.6;;;;605;06/06/2023;03:59:27;24.63;;;;
606;06/06/2023;03:57:49;24.59;;;;606;06/06/2023;04:01:30;24.58;;;;606;06/06/2023;04:00:26;24.65;;;;
607;06/06/2023;03:58:48;24.61;;;;607;06/06/2023;04:02:30;24.61;;;;607;06/06/2023;04:01:26;24.63;;;;
608;06/06/2023;03:59:48;24.58;;;;608;06/06/2023;04:03:30;24.61;;;;608;06/06/2023;04:02:26;24.64;;;;
609;06/06/2023;04:00:48;24.57;;;;609;06/06/2023;04:04:30;24.61;;;;609;06/06/2023;04:03:26;24.63;;;;
610;06/06/2023;04:01:48;24.59;;;;610;06/06/2023;04:05:30;24.62;;;;610;06/06/2023;04:04:26;24.65;;;;
611;06/06/2023;04:02:48;24.59;;;;611;06/06/2023;04:06:31;24.6;;;;611;06/06/2023;04:05:25;24.63;;;;
612;06/06/2023;04:03:48;24.58;;;;612;06/06/2023;04:07:31;24.59;;;;612;06/06/2023;04:06:25;24.64;;;;
613;06/06/2023;04:04:48;24.62;;;;613;06/06/2023;04:08:31;24.6;;;;613;06/06/2023;04:07:25;24.63;;;;
614;06/06/2023;04:05:48;24.59;;;;614;06/06/2023;04:09:31;24.62;;;;614;06/06/2023;04:08:25;24.64;;;;
615;06/06/2023;04:06:47;24.61;;;;615;06/06/2023;04:10:31;24.61;;;;615;06/06/2023;04:09:25;24.63;;;;
616;06/06/2023;04:07:47;24.62;;;;616;06/06/2023;04:11:31;24.6;;;;616;06/06/2023;04:10:25;24.63;;;;
617;06/06/2023;04:08:47;24.62;;;;617;06/06/2023;04:12:31;24.6;;;;617;06/06/2023;04:11:24;24.64;;;;
618;06/06/2023;04:09:47;24.58;;;;618;06/06/2023;04:13:32;24.58;;;;618;06/06/2023;04:12:24;24.63;;;;
619;06/06/2023;04:10:47;24.59;Synchronized;;;619;06/06/2023;04:14:32;24.62;;;;619;06/06/2023;04:13:24;24.64;;;;
620;06/06/2023;04:11:47;24.59;;;;620;06/06/2023;04:15:32;24.61;;;;620;06/06/2023;04:14:24;24.63;;;;
621;06/06/2023;04:12:47;24.62;;;;621;06/06/2023;04:16:32;24.6;;;;621;06/06/2023;04:15:24;24.65;;;;
622;06/06/2023;04:13:47;24.59;;;;622;06/06/2023;04:17:32;24.62;;;;622;06/06/2023;04:16:24;24.65;;;;
623;06/06/2023;04:14:47;24.57;;;;623;06/06/2023;04:18:32;24.61;;;;623;06/06/2023;04:17:24;24.63;;;;
624;06/06/2023;04:15:46;24.59;;;;624;06/06/2023;04:19:32;24.6;;;;624;06/06/2023;04:18:23;24.63;;;;
625;06/06/2023;04:16:46;24.59;;;;625;06/06/2023;04:20:32;24.61;;;;625;06/06/2023;04:19:23;24.63;;;;
626;06/06/2023;04:17:46;24.59;;;;626;06/06/2023;04:21:33;24.61;;;;626;06/06/2023;04:20:23;24.66;;;;
627;06/06/2023;04:18:46;24.58;;;;627;06/06/2023;04:22:33;24.6;;;;627;06/06/2023;04:21:23;24.62;;;;
628;06/06/2023;04:19:46;24.61;;;;628;06/06/2023;04:23:33;24.6;;;;628;06/06/2023;04:22:23;24.63;;;;
629;06/06/2023;04:20:46;24.59;;;;629;06/06/2023;04:24:33;24.61;;;;629;06/06/2023;04:23:22;24.64;;;;
630;06/06/2023;04:21:46;24.56;;;;630;06/06/2023;04:25:33;24.62;;;;630;06/06/2023;04:24:22;24.62;;;;
631;06/06/2023;04:22:46;24.57;;;;631;06/06/2023;04:26:33;24.59;;;;631;06/06/2023;04:25:22;24.64;;;;
632;06/06/2023;04:23:46;24.59;;;;632;06/06/2023;04:27:33;24.62;;;;632;06/06/2023;04:26:22;24.61;;;;
633;06/06/2023;04:24:46;24.59;;;;633;06/06/2023;04:28:33;24.61;;;;633;06/06/2023;04:27:22;24.62;;;;
634;06/06/2023;04:25:45;24.58;;;;634;06/06/2023;04:29:33;24.6;;;;634;06/06/2023;04:28:21;24.63;;;;
635;06/06/2023;04:26:45;24.59;;;;635;06/06/2023;04:30:34;24.6;;;;635;06/06/2023;04:29:21;24.63;;;;
636;06/06/2023;04:27:45;24.61;;;;636;06/06/2023;04:31:34;24.6;;;;636;06/06/2023;04:30:21;24.63;;;;
637;06/06/2023;04:28:45;24.59;;;;637;06/06/2023;04:32:34;24.61;;;;637;06/06/2023;04:31:21;24.63;;;;
638;06/06/2023;04:29:45;24.59;;;;638;06/06/2023;04:33:34;24.61;;;;638;06/06/2023;04:32:21;24.63;;;;
639;06/06/2023;04:30:45;24.59;;;;639;06/06/2023;04:34:34;24.6;;;;639;06/06/2023;04:33:21;24.64;;;;
640;06/06/2023;04:31:45;24.59;;;;640;06/06/2023;04:35:34;24.57;;;;640;06/06/2023;04:34:20;24.64;;;;
641;06/06/2023;04:32:45;24.57;;;;641;06/06/2023;04:36:34;24.62;;;;641;06/06/2023;04:35:20;24.63;;;;
642;06/06/2023;04:33:44;24.59;;;;642;06/06/2023;04:37:35;24.6;;;;642;06/06/2023;04:36:20;24.63;;;;
643;06/06/2023;04:34:44;24.59;;;;643;06/06/2023;04:38:35;24.6;;;;643;06/06/2023;04:37:20;24.65;;;;
644;06/06/2023;04:35:44;24.59;;;;644;06/06/2023;04:39:35;24.6;;;;644;06/06/2023;04:38:20;24.63;;;;
645;06/06/2023;04:36:44;24.61;;;;645;06/06/2023;04:40:35;24.61;;;;645;06/06/2023;04:39:19;24.64;;;;
646;06/06/2023;04:37:44;24.62;;;;646;06/06/2023;04:41:35;24.58;;;;646;06/06/2023;04:40:19;24.65;;;;
647;06/06/2023;04:38:44;24.59;;;;647;06/06/2023;04:42:35;24.6;;;;647;06/06/2023;04:41:19;24.63;;;;
648;06/06/2023;04:39:44;24.59;;;;648;06/06/2023;04:43:35;24.61;;;;648;06/06/2023;04:42:19;24.63;;;;
649;06/06/2023;04:40:44;24.59;;;;649;06/06/2023;04:44:35;24.6;;;;649;06/06/2023;04:43:19;24.63;;;;
650;06/06/2023;04:41:44;24.59;;;;650;06/06/2023;04:45:36;24.6;;;;650;06/06/2023;04:44:18;24.63;;;;
651;06/06/2023;04:42:43;24.59;;;;651;06/06/2023;04:46:36;24.59;;;;651;06/06/2023;04:45:18;24.62;;;;
652;06/06/2023;04:43:43;24.61;;;;652;06/06/2023;04:47:36;24.61;;;;652;06/06/2023;04:46:18;24.63;;;;
653;06/06/2023;04:44:43;24.62;;;;653;06/06/2023;04:48:36;24.61;;;;653;06/06/2023;04:47:18;24.65;;;;
654;06/06/2023;04:45:43;24.57;;;;654;06/06/2023;04:49:36;24.6;;;;654;06/06/2023;04:48:18;24.64;;;;
655;06/06/2023;04:46:43;24.59;;;;655;06/06/2023;04:50:36;24.61;;;;655;06/06/2023;04:49:18;24.63;;;;
656;06/06/2023;04:47:43;24.59;;;;656;06/06/2023;04:51:36;24.6;;;;656;06/06/2023;04:50:18;24.65;;;;
657;06/06/2023;04:48:43;24.61;;;;657;06/06/2023;04:52:37;24.61;;;;657;06/06/2023;04:51:17;24.63;;;;
658;06/06/2023;04:49:43;24.59;;;;658;06/06/2023;04:53:37;24.6;;;;658;06/06/2023;04:52:17;24.63;;;;
659;06/06/2023;04:50:42;24.58;;;;659;06/06/2023;04:54:37;24.62;;;;659;06/06/2023;04:53:17;24.65;;;;
660;06/06/2023;04:51:42;24.59;;;;660;06/06/2023;04:55:37;24.59;;;;660;06/06/2023;04:54:17;24.63;;;;
661;06/06/2023;04:52:42;24.61;;;;661;06/06/2023;04:56:37;24.61;;;;661;06/06/2023;04:55:17;24.63;;;;
662;06/06/2023;04:53:42;24.59;;;;662;06/06/2023;04:57:37;24.6;;;;662;06/06/2023;04:56:17;24.63;;;;
663;06/06/2023;04:54:42;24.58;;;;663;06/06/2023;04:58:37;24.62;;;;663;06/06/2023;04:57:16;24.62;;;;
664;06/06/2023;04:55:42;24.61;;;;664;06/06/2023;04:59:37;24.6;;;;664;06/06/2023;04:58:16;24.63;;;;
665;06/06/2023;04:56:42;24.57;;;;665;06/06/2023;05:00:38;24.6;;;;665;06/06/2023;04:59:16;24.63;;;;
666;06/06/2023;04:57:42;24.59;;;;666;06/06/2023;05:01:38;24.61;;;;666;06/06/2023;05:00:16;24.63;;;;
667;06/06/2023;04:58:42;24.59;;;;667;06/06/2023;05:02:38;24.59;;;;667;06/06/2023;05:01:16;24.64;;;;
668;06/06/2023;04:59:42;24.59;;;;668;06/06/2023;05:03:38;24.61;;;;668;06/06/2023;05:02:15;24.63;;;;
669;06/06/2023;05:00:41;24.59;;;;669;06/06/2023;05:04:38;24.6;;;;669;06/06/2023;05:03:15;24.65;;;;
670;06/06/2023;05:01:41;24.59;;;;670;06/06/2023;05:05:38;24.61;;;;670;06/06/2023;05:04:15;24.65;;;;
671;06/06/2023;05:02:41;24.59;;;;671;06/06/2023;05:06:38;24.59;;;;671;06/06/2023;05:05:15;24.63;;;;
672;06/06/2023;05:03:41;24.62;;;;672;06/06/2023;05:07:39;24.6;;;;672;06/06/2023;05:06:15;24.64;;;;
673;06/06/2023;05:04:41;24.58;;;;673;06/06/2023;05:08:39;24.61;;;;673;06/06/2023;05:07:15;24.63;;;;
674;06/06/2023;05:05:41;24.57;;;;674;06/06/2023;05:09:39;24.6;;;;674;06/06/2023;05:08:14;24.64;;;;
675;06/06/2023;05:06:41;24.59;;;;675;06/06/2023;05:10:39;24.63;;;;675;06/06/2023;05:09:14;24.62;;;;
676;06/06/2023;05:07:41;24.59;;;;676;06/06/2023;05:11:39;24.6;;;;676;06/06/2023;05:10:14;24.63;;;;
677;06/06/2023;05:08:41;24.62;;;;677;06/06/2023;05:12:39;24.6;;;;677;06/06/2023;05:11:14;24.63;;;;
678;06/06/2023;05:09:40;24.59;;;;678;06/06/2023;05:13:39;24.59;;;;678;06/06/2023;05:12:14;24.66;;;;
679;06/06/2023;05:10:40;24.59;;;;679;06/06/2023;05:14:39;24.6;;;;679;06/06/2023;05:13:13;24.63;;;;
680;06/06/2023;05:11:40;24.58;;;;680;06/06/2023;05:15:40;24.61;;;;680;06/06/2023;05:14:13;24.63;;;;
681;06/06/2023;05:12:40;24.59;;;;681;06/06/2023;05:16:40;24.58;;;;681;06/06/2023;05:15:13;24.63;;;;
682;06/06/2023;05:13:40;24.59;;;;682;06/06/2023;05:17:40;24.62;;;;682;06/06/2023;05:16:13;24.64;;;;
683;06/06/2023;05:14:40;24.59;;;;683;06/06/2023;05:18:40;24.59;;;;683;06/06/2023;05:17:13;24.63;;;;
684;06/06/2023;05:15:40;24.61;;;;684;06/06/2023;05:19:40;24.61;;;;684;06/06/2023;05:18:13;24.64;;;;
685;06/06/2023;05:16:40;24.58;;;;685;06/06/2023;05:20:40;24.61;;;;685;06/06/2023;05:19:12;24.64;;;;
686;06/06/2023;05:17:40;24.58;;;;686;06/06/2023;05:21:40;24.61;;;;686;06/06/2023;05:20:12;24.63;;;;
687;06/06/2023;05:18:39;24.59;;;;687;06/06/2023;05:22:40;24.59;;;;687;06/06/2023;05:21:12;24.63;;;;
688;06/06/2023;05:19:39;24.58;;;;688;06/06/2023;05:23:41;24.6;;;;688;06/06/2023;05:22:12;24.63;;;;
689;06/06/2023;05:20:39;24.59;;;;689;06/06/2023;05:24:41;24.59;;;;689;06/06/2023;05:23:12;24.64;;;;
690;06/06/2023;05:21:39;24.57;;;;690;06/06/2023;05:25:41;24.59;;;;690;06/06/2023;05:24:12;24.63;;;;
691;06/06/2023;05:22:39;24.58;;;;691;06/06/2023;05:26:41;24.6;;;;691;06/06/2023;05:25:11;24.62;;;;
692;06/06/2023;05:23:39;24.59;;;;692;06/06/2023;05:27:41;24.6;;;;692;06/06/2023;05:26:11;24.64;;;;
693;06/06/2023;05:24:39;24.59;;;;693;06/06/2023;05:28:41;24.58;;;;693;06/06/2023;05:27:11;24.64;;;;
694;06/06/2023;05:25:39;24.59;;;;694;06/06/2023;05:29:41;24.59;;;;694;06/06/2023;05:28:11;24.63;;;;
695;06/06/2023;05:26:39;24.59;;;;695;06/06/2023;05:30:42;24.58;;;;695;06/06/2023;05:29:11;24.63;;;;
696;06/06/2023;05:27:39;24.59;;;;696;06/06/2023;05:31:42;24.6;;;;696;06/06/2023;05:30:11;24.63;;;;
697;06/06/2023;05:28:38;24.59;;;;697;06/06/2023;05:32:42;24.59;;;;697;06/06/2023;05:31:10;24.62;;;;
698;06/06/2023;05:29:38;24.58;;;;698;06/06/2023;05:33:42;24.6;;;;698;06/06/2023;05:32:10;24.63;;;;
699;06/06/2023;05:30:38;24.58;;;;699;06/06/2023;05:34:42;24.6;;;;699;06/06/2023;05:33:10;24.64;;;;
700;06/06/2023;05:31:38;24.59;;;;700;06/06/2023;05:35:42;24.59;;;;700;06/06/2023;05:34:10;24.63;;;;
701;06/06/2023;05:32:38;24.59;;;;701;06/06/2023;05:36:42;24.6;;;;701;06/06/2023;05:35:10;24.63;;;;
702;06/06/2023;05:33:38;24.59;;;;702;06/06/2023;05:37:42;24.6;;;;702;06/06/2023;05:36:10;24.63;;;;
703;06/06/2023;05:34:38;24.59;;;;703;06/06/2023;05:38:43;24.58;;;;703;06/06/2023;05:37:09;24.63;;;;
704;06/06/2023;05:35:38;24.63;;;;704;06/06/2023;05:39:43;24.6;;;;704;06/06/2023;05:38:09;24.64;;;;
705;06/06/2023;05:36:37;24.61;;;;705;06/06/2023;05:40:43;24.59;;;;705;06/06/2023;05:39:09;24.63;;;;
706;06/06/2023;05:37:37;24.57;;;;706;06/06/2023;05:41:43;24.59;;;;706;06/06/2023;05:40:09;24.64;;;;
707;06/06/2023;05:38:37;24.59;;;;707;06/06/2023;05:42:43;24.58;;;;707;06/06/2023;05:41:09;24.64;;;;
708;06/06/2023;05:39:37;24.59;;;;708;06/06/2023;05:43:43;24.58;;;;708;06/06/2023;05:42:09;24.63;;;;
709;06/06/2023;05:40:37;24.59;;;;709;06/06/2023;05:44:43;24.58;;;;709;06/06/2023;05:43:08;24.64;;;;
710;06/06/2023;05:41:37;24.61;;;;710;06/06/2023;05:45:43;24.61;;;;710;06/06/2023;05:44:08;24.63;;;;
711;06/06/2023;05:42:37;24.58;;;;711;06/06/2023;05:46:43;24.59;;;;711;06/06/2023;05:45:08;24.62;;;;
712;06/06/2023;05:43:37;24.57;;;;712;06/06/2023;05:47:43;24.6;;;;712;06/06/2023;05:46:08;24.63;;;;
713;06/06/2023;05:44:37;24.61;;;;713;06/06/2023;05:48:44;24.58;;;;713;06/06/2023;05:47:08;24.63;;;;
714;06/06/2023;05:45:36;24.61;;;;714;06/06/2023;05:49:44;24.61;;;;714;06/06/2023;05:48:07;24.63;;;;
715;06/06/2023;05:46:36;24.59;;;;715;06/06/2023;05:50:44;24.59;;;;715;06/06/2023;05:49:07;24.62;;;;
716;06/06/2023;05:47:36;24.59;;;;716;06/06/2023;05:51:44;24.6;;;;716;06/06/2023;05:50:07;24.63;;;;
717;06/06/2023;05:48:36;24.61;;;;717;06/06/2023;05:52:44;24.61;;;;717;06/06/2023;05:51:07;24.63;;;;
718;06/06/2023;05:49:36;24.62;;;;718;06/06/2023;05:53:44;24.6;;;;718;06/06/2023;05:52:07;24.63;;;;
719;06/06/2023;05:50:36;24.59;;;;719;06/06/2023;05:54:44;24.57;;;;719;06/06/2023;05:53:06;24.64;;;;
720;06/06/2023;05:51:36;24.59;;;;720;06/06/2023;05:55:44;24.58;;;;720;06/06/2023;05:54:06;24.63;;;;
721;06/06/2023;05:52:36;24.58;;;;721;06/06/2023;05:56:45;24.58;;;;721;06/06/2023;05:55:06;24.63;;;;
722;06/06/2023;05:53:36;24.59;;;;722;06/06/2023;05:57:45;24.6;;;;722;06/06/2023;05:56:06;24.63;;;;
723;06/06/2023;05:54:35;24.58;;;;723;06/06/2023;05:58:45;24.59;;;;723;06/06/2023;05:57:06;24.61;;;;
724;06/06/2023;05:55:35;24.59;;;;724;06/06/2023;05:59:45;24.6;;;;724;06/06/2023;05:58:05;24.63;;;;
725;06/06/2023;05:56:35;24.59;;;;725;06/06/2023;06:00:45;24.59;;;;725;06/06/2023;05:59:05;24.62;;;;
726;06/06/2023;05:57:35;24.57;;;;726;06/06/2023;06:01:45;24.6;;;;726;06/06/2023;06:00:05;24.64;;;;
727;06/06/2023;05:58:35;24.59;;;;727;06/06/2023;06:02:45;24.6;;;;727;06/06/2023;06:01:05;24.65;;;;
728;06/06/2023;05:59:35;24.59;;;;728;06/06/2023;06:03:46;24.59;;;;728;06/06/2023;06:02:05;24.64;;;;
729;06/06/2023;06:00:35;24.62;;;;729;06/06/2023;06:04:46;24.61;;;;729;06/06/2023;06:03:05;24.63;;;;
730;06/06/2023;06:01:35;24.58;;;;730;06/06/2023;06:05:46;24.6;;;;730;06/06/2023;06:04:05;24.65;;;;
731;06/06/2023;06:02:34;24.59;;;;731;06/06/2023;06:06:46;24.59;;;;731;06/06/2023;06:05:04;24.65;;;;
732;06/06/2023;06:03:34;24.61;;;;732;06/06/2023;06:07:46;24.59;;;;732;06/06/2023;06:06:04;24.62;;;;
733;06/06/2023;06:04:34;24.58;;;;733;06/06/2023;06:08:46;24.59;;;;733;06/06/2023;06:07:04;24.64;;;;
734;06/06/2023;06:05:34;24.59;;;;734;06/06/2023;06:09:46;24.62;;;;734;06/06/2023;06:08:04;24.64;;;;
735;06/06/2023;06:06:34;24.59;;;;735;06/06/2023;06:10:46;24.61;;;;735;06/06/2023;06:09:04;24.66;;;;
736;06/06/2023;06:07:34;24.59;;;;736;06/06/2023;06:11:47;24.61;;;;736;06/06/2023;06:10:03;24.64;;;;
737;06/06/2023;06:08:34;24.59;;;;737;06/06/2023;06:12:47;24.59;;;;737;06/06/2023;06:11:03;24.63;;;;
738;06/06/2023;06:09:34;24.59;;;;738;06/06/2023;06:13:47;24.61;;;;738;06/06/2023;06:12:03;24.63;;;;
739;06/06/2023;06:10:33;24.58;;;;739;06/06/2023;06:14:47;24.6;;;;739;06/06/2023;06:13:03;24.64;;;;
740;06/06/2023;06:11:33;24.59;;;;740;06/06/2023;06:15:47;24.59;;;;740;06/06/2023;06:14:03;24.63;;;;
741;06/06/2023;06:12:33;24.58;;;;741;06/06/2023;06:16:47;24.59;;;;741;06/06/2023;06:15:02;24.65;;;;
742;06/06/2023;06:13:33;24.57;;;;742;06/06/2023;06:17:47;24.59;;;;742;06/06/2023;06:16:02;24.63;;;;
743;06/06/2023;06:14:33;24.59;;;;743;06/06/2023;06:18:47;24.61;;;;743;06/06/2023;06:17:02;24.64;;;;
744;06/06/2023;06:15:33;24.59;;;;744;06/06/2023;06:19:48;24.59;;;;744;06/06/2023;06:18:02;24.63;;;;
745;06/06/2023;06:16:33;24.59;;;;745;06/06/2023;06:20:48;24.58;;;;745;06/06/2023;06:19:02;24.63;;;;
746;06/06/2023;06:17:33;24.59;;;;746;06/06/2023;06:21:48;24.6;;;;746;06/06/2023;06:20:01;24.63;;;;
747;06/06/2023;06:18:33;24.59;;;;747;06/06/2023;06:22:48;24.6;;;;747;06/06/2023;06:21:01;24.65;;;;
748;06/06/2023;06:19:32;24.59;;;;748;06/06/2023;06:23:48;24.58;;;;748;06/06/2023;06:22:01;24.64;;;;
749;06/06/2023;06:20:32;24.59;;;;749;06/06/2023;06:24:48;24.6;;;;749;06/06/2023;06:23:01;24.63;;;;
750;06/06/2023;06:21:32;24.61;;;;750;06/06/2023;06:25:48;24.59;;;;750;06/06/2023;06:24:01;24.63;;;;
751;06/06/2023;06:22:32;24.59;;;;751;06/06/2023;06:26:49;24.6;;;;751;06/06/2023;06:25:01;24.64;;;;
752;06/06/2023;06:23:32;24.58;;;;752;06/06/2023;06:27:49;24.59;;;;752;06/06/2023;06:26:00;24.63;;;;
753;06/06/2023;06:24:32;24.59;;;;753;06/06/2023;06:28:49;24.61;;;;753;06/06/2023;06:27:00;24.63;;;;
754;06/06/2023;06:25:32;24.58;;;;754;06/06/2023;06:29:49;24.61;;;;754;06/06/2023;06:28:00;24.66;;;;
755;06/06/2023;06:26:32;24.61;;;;755;06/06/2023;06:30:49;24.6;;;;755;06/06/2023;06:29:00;24.66;;;;
756;06/06/2023;06:27:32;24.59;;;;756;06/06/2023;06:31:49;24.59;;;;756;06/06/2023;06:30:00;24.63;;;;
757;06/06/2023;06:28:31;24.59;;;;757;06/06/2023;06:32:49;24.58;;;;757;06/06/2023;06:31:00;24.64;;;;
758;06/06/2023;06:29:31;24.59;;;;758;06/06/2023;06:33:49;24.6;;;;758;06/06/2023;06:32:00;24.63;;;;
759;06/06/2023;06:30:31;24.59;;;;759;06/06/2023;06:34:50;24.61;;;;759;06/06/2023;06:32:59;24.63;;;;
760;06/06/2023;06:31:31;24.58;;;;760;06/06/2023;06:35:50;24.6;;;;760;06/06/2023;06:33:59;24.63;;;;
761;06/06/2023;06:32:31;24.58;;;;761;06/06/2023;06:36:50;24.58;;;;761;06/06/2023;06:34:59;24.66;;;;
762;06/06/2023;06:33:31;24.59;;;;762;06/06/2023;06:37:50;24.62;;;;762;06/06/2023;06:35:59;24.63;;;;
763;06/06/2023;06:34:31;24.59;;;;763;06/06/2023;06:38:50;24.61;;;;763;06/06/2023;06:36:59;24.63;;;;
764;06/06/2023;06:35:31;24.61;;;;764;06/06/2023;06:39:50;24.59;;;;764;06/06/2023;06:37:58;24.62;;;;
765;06/06/2023;06:36:31;24.57;;;;765;06/06/2023;06:40:50;24.6;;;;765;06/06/2023;06:38:58;24.64;;;;
766;06/06/2023;06:37:30;24.59;;;;766;06/06/2023;06:41:50;24.59;;;;766;06/06/2023;06:39:58;24.63;;;;
767;06/06/2023;06:38:30;24.57;;;;767;06/06/2023;06:42:51;24.6;;;;767;06/06/2023;06:40:58;24.63;;;;
768;06/06/2023;06:39:30;24.57;;;;768;06/06/2023;06:43:51;24.62;;;;768;06/06/2023;06:41:58;24.64;;;;
769;06/06/2023;06:40:30;24.59;;;;769;06/06/2023;06:44:51;24.58;;;;769;06/06/2023;06:42:58;24.63;;;;
770;06/06/2023;06:41:30;24.59;;;;770;06/06/2023;06:45:51;24.59;;;;770;06/06/2023;06:43:58;24.62;;;;
771;06/06/2023;06:42:30;24.59;;;;771;06/06/2023;06:46:51;24.57;;;;771;06/06/2023;06:44:57;24.61;;;;
772;06/06/2023;06:43:30;24.58;;;;772;06/06/2023;06:47:51;24.6;;;;772;06/06/2023;06:45:57;24.62;;;;
773;06/06/2023;06:44:30;24.57;;;;773;06/06/2023;06:48:51;24.6;;;;773;06/06/2023;06:46:57;24.62;;;;
774;06/06/2023;06:45:30;24.57;;;;774;06/06/2023;06:49:52;24.6;;;;774;06/06/2023;06:47:57;24.6;;;;
775;06/06/2023;06:46:30;24.58;;;;775;06/06/2023;06:50:52;24.59;;;;775;06/06/2023;06:48:57;24.63;;;;
776;06/06/2023;06:47:30;24.61;Synchronized;;;776;06/06/2023;06:51:52;24.6;;;;776;06/06/2023;06:49:57;24.63;;;;
777;06/06/2023;06:48:29;24.59;;;;777;06/06/2023;06:52:52;24.6;;;;777;06/06/2023;06:50:56;24.63;;;;
778;06/06/2023;06:49:29;24.57;;;;778;06/06/2023;06:53:52;24.57;;;;778;06/06/2023;06:51:56;24.63;;;;
779;06/06/2023;06:50:29;24.59;;;;779;06/06/2023;06:54:52;24.59;;;;779;06/06/2023;06:52:56;24.63;;;;
780;06/06/2023;06:51:29;24.58;;;;780;06/06/2023;06:55:52;24.59;;;;780;06/06/2023;06:53:56;24.61;;;;
781;06/06/2023;06:52:29;24.58;;;;781;06/06/2023;06:56:52;24.59;;;;781;06/06/2023;06:54:56;24.63;;;;
782;06/06/2023;06:53:29;24.59;;;;782;06/06/2023;06:57:53;24.58;;;;782;06/06/2023;06:55:55;24.63;;;;
783;06/06/2023;06:54:29;24.59;;;;783;06/06/2023;06:58:53;24.59;;;;783;06/06/2023;06:56:55;24.62;;;;
784;06/06/2023;06:55:29;24.57;;;;784;06/06/2023;06:59:53;24.6;;;;784;06/06/2023;06:57:55;24.63;;;;
785;06/06/2023;06:56:29;24.59;;;;785;06/06/2023;07:00:53;24.61;;;;785;06/06/2023;06:58:55;24.63;;;;
786;06/06/2023;06:57:29;24.59;;;;786;06/06/2023;07:01:53;24.61;;;;786;06/06/2023;06:59:55;24.63;;;;
787;06/06/2023;06:58:28;24.58;;;;787;06/06/2023;07:02:53;24.6;;;;787;06/06/2023;07:00:55;24.63;;;;
788;06/06/2023;06:59:28;24.57;;;;788;06/06/2023;07:03:53;24.59;;;;788;06/06/2023;07:01:54;24.63;;;;
789;06/06/2023;07:00:28;24.59;;;;789;06/06/2023;07:04:53;24.59;;;;789;06/06/2023;07:02:54;24.63;;;;
790;06/06/2023;07:01:28;24.58;;;;790;06/06/2023;07:05:54;24.61;;;;790;06/06/2023;07:03:54;24.64;;;;
791;06/06/2023;07:02:28;24.59;;;;791;06/06/2023;07:06:54;24.61;;;;791;06/06/2023;07:04:54;24.64;;;;
792;06/06/2023;07:03:28;24.59;;;;792;06/06/2023;07:07:54;24.61;Synchronized;;;792;06/06/2023;07:05:54;24.63;;;;
793;06/06/2023;07:04:28;24.59;;;;793;06/06/2023;07:08:54;24.61;;;;793;06/06/2023;07:06:54;24.63;;;;
794;06/06/2023;07:05:28;24.59;;;;794;06/06/2023;07:09:54;24.58;;;;794;06/06/2023;07:07:54;24.64;;;;
795;06/06/2023;07:06:27;24.61;;;;795;06/06/2023;07:10:54;24.61;;;;795;06/06/2023;07:08:53;24.64;;;;
796;06/06/2023;07:07:27;24.61;;;;796;06/06/2023;07:11:54;24.62;;;;796;06/06/2023;07:09:53;24.64;;;;
797;06/06/2023;07:08:27;24.58;;;;797;06/06/2023;07:12:54;24.59;;;;797;06/06/2023;07:10:53;24.64;;;;
798;06/06/2023;07:09:27;24.59;;;;798;06/06/2023;07:13:55;24.63;;;;798;06/06/2023;07:11:53;24.63;;;;
799;06/06/2023;07:10:27;24.61;;;;799;06/06/2023;07:14:55;24.62;;;;799;06/06/2023;07:12:53;24.65;;;;
800;06/06/2023;07:11:27;24.58;;;;800;06/06/2023;07:15:55;24.6;;;;800;06/06/2023;07:13:52;24.63;;;;
801;06/06/2023;07:12:27;24.61;;;;801;06/06/2023;07:16:55;24.61;;;;801;06/06/2023;07:14:52;24.64;;;;
802;06/06/2023;07:13:27;24.59;;;;802;06/06/2023;07:17:55;24.62;;;;802;06/06/2023;07:15:52;24.64;;;;
803;06/06/2023;07:14:27;24.61;;;;803;06/06/2023;07:18:55;24.61;;;;803;06/06/2023;07:16:52;24.64;;;;
804;06/06/2023;07:15:26;24.61;;;;804;06/06/2023;07:19:55;24.6;;;;804;06/06/2023;07:17:52;24.66;;;;
805;06/06/2023;07:16:26;24.61;;;;805;06/06/2023;07:20:55;24.61;;;;805;06/06/2023;07:18:52;24.63;;;;
806;06/06/2023;07:17:26;24.63;;;;806;06/06/2023;07:21:55;24.61;;;;806;06/06/2023;07:19:51;24.65;;;;
807;06/06/2023;07:18:26;24.63;;;;807;06/06/2023;07:22:55;24.61;;;;807;06/06/2023;07:20:51;24.64;;;;
808;06/06/2023;07:19:26;24.63;;;;808;06/06/2023;07:23:56;24.63;;;;808;06/06/2023;07:21:51;24.63;;;;
809;06/06/2023;07:20:26;24.59;;;;809;06/06/2023;07:24:56;24.64;;;;809;06/06/2023;07:22:51;24.69;;;;
810;06/06/2023;07:21:26;24.59;;;;810;06/06/2023;07:25:56;24.63;;;;810;06/06/2023;07:23:51;24.68;;;;
811;06/06/2023;07:22:26;24.63;;;;811;06/06/2023;07:26:56;24.65;;;;811;06/06/2023;07:24:51;24.68;;;;
812;06/06/2023;07:23:25;24.64;;;;812;06/06/2023;07:27:56;24.63;;;;812;06/06/2023;07:25:51;24.69;;;;
813;06/06/2023;07:24:25;24.66;;;;813;06/06/2023;07:28:56;24.64;;;;813;06/06/2023;07:26:50;24.7;;;;
814;06/06/2023;07:25:25;24.66;;;;814;06/06/2023;07:29:56;24.66;;;;814;06/06/2023;07:27:50;24.67;;;;
815;06/06/2023;07:26:25;24.64;;;;815;06/06/2023;07:30:56;24.63;;;;815;06/06/2023;07:28:50;24.7;;;;
816;06/06/2023;07:27:25;24.65;;;;816;06/06/2023;07:31:57;24.64;;;;816;06/06/2023;07:29:50;24.68;;;;
817;06/06/2023;07:28:25;24.64;;;;817;06/06/2023;07:32:57;24.63;;;;817;06/06/2023;07:30:50;24.68;;;;
818;06/06/2023;07:29:25;24.65;;;;818;06/06/2023;07:33:57;24.65;;;;818;06/06/2023;07:31:50;24.69;;;;
819;06/06/2023;07:30:25;24.64;;;;819;06/06/2023;07:34:57;24.65;;;;819;06/06/2023;07:32:49;24.66;;;;
820;06/06/2023;07:31:24;24.63;;;;820;06/06/2023;07:35:57;24.63;;;;820;06/06/2023;07:33:49;24.66;;;;
821;06/06/2023;07:32:24;24.66;;;;821;06/06/2023;07:36:57;24.64;;;;821;06/06/2023;07:34:49;24.65;;;;
822;06/06/2023;07:33:24;24.63;;;;822;06/06/2023;07:37:57;24.63;;;;822;06/06/2023;07:35:49;24.67;;;;
823;06/06/2023;07:34:24;24.63;;;;823;06/06/2023;07:38:57;24.62;;;;823;06/06/2023;07:36:49;24.66;;;;
824;06/06/2023;07:35:24;24.64;;;;824;06/06/2023;07:39:58;24.63;;;;824;06/06/2023;07:37:49;24.66;;;;
825;06/06/2023;07:36:24;24.63;;;;825;06/06/2023;07:40:58;24.63;;;;825;06/06/2023;07:38:48;24.66;;;;
826;06/06/2023;07:37:24;24.63;;;;826;06/06/2023;07:41:58;24.62;;;;826;06/06/2023;07:39:48;24.65;;;;
827;06/06/2023;07:38:24;24.62;;;;827;06/06/2023;07:42:58;24.63;;;;827;06/06/2023;07:40:48;24.64;;;;
828;06/06/2023;07:39:23;24.65;;;;828;06/06/2023;07:43:58;24.66;;;;828;06/06/2023;07:41:48;24.64;;;;
829;06/06/2023;07:40:23;24.63;;;;829;06/06/2023;07:44:58;24.73;;;;829;06/06/2023;07:42:48;24.66;;;;
830;06/06/2023;07:41:23;24.63;;;;830;06/06/2023;07:45:58;24.68;;;;830;06/06/2023;07:43:48;24.69;;;;
831;06/06/2023;07:42:23;24.59;;;;831;06/06/2023;07:46:58;24.7;Synchronized;;;831;06/06/2023;07:44:47;24.77;;;;
832;06/06/2023;07:43:23;24.63;;;;832;06/06/2023;07:47:58;24.69;;;;832;06/06/2023;07:45:47;24.78;;;;
833;06/06/2023;07:44:23;24.73;;;;833;06/06/2023;07:48:59;24.68;;;;833;06/06/2023;07:46:47;24.77;;;;
834;06/06/2023;07:45:23;24.8;;;;834;06/06/2023;07:49:59;24.66;;;;834;06/06/2023;07:47:47;24.77;;;;
835;06/06/2023;07:46:23;24.82;;;;835;06/06/2023;07:50:59;24.66;;;;835;06/06/2023;07:48:47;24.77;;;;
836;06/06/2023;07:47:22;24.83;;;;836;06/06/2023;07:51:59;24.67;;;;836;06/06/2023;07:49:47;24.77;;;;
837;06/06/2023;07:48:22;24.81;;;;837;06/06/2023;07:52:59;24.66;;;;837;06/06/2023;07:50:47;24.75;;;;
838;06/06/2023;07:49:22;24.8;;;;838;06/06/2023;07:53:59;24.66;;;;838;06/06/2023;07:51:46;24.77;;;;
839;06/06/2023;07:50:22;24.78;;;;839;06/06/2023;07:54:59;24.67;;;;839;06/06/2023;07:52:46;24.77;;;;
840;06/06/2023;07:51:22;24.8;;;;840;06/06/2023;07:55:59;24.78;;;;840;06/06/2023;07:53:46;24.75;;;;
841;06/06/2023;07:52:22;24.77;;;;841;06/06/2023;07:57:00;24.88;;;;841;06/06/2023;07:54:46;24.77;;;;
842;06/06/2023;07:53:22;24.75;;;;;;;;;;;842;06/06/2023;07:55:46;24.96;;;;
843;06/06/2023;07:54:21;24.77;;;;;;;;;;;843;06/06/2023;07:56:46;24.91;;;;
844;06/06/2023;07:55:21;24.87;;;;;;;;;;;844;06/06/2023;07:57:45;24.88;;;;
845;06/06/2023;07:56:21;24.94;;;;;;;;;;;845;06/06/2023;07:58:45;24.85;;;;
846;06/06/2023;07:57:21;24.99;Synchronized;;;;;;;;;;846;06/06/2023;07:59:45;24.82;;;;
847;06/06/2023;07:58:21;25.02;;;;;;;;;;;847;06/06/2023;08:00:45;24.82;;;;
848;06/06/2023;07:59:21;25.03;Synchronized;;;;;;;;;;848;06/06/2023;08:01:45;24.78;;;;
849;06/06/2023;08:00:20;25.05;;;;;;;;;;;849;06/06/2023;08:02:45;24.78;;;;
850;06/06/2023;08:01:20;25.06;;;;;;;;;;;850;06/06/2023;08:03:45;24.76;;;;
851;06/06/2023;08:02:20;25.05;;;;;;;;;;;851;06/06/2023;08:04:45;24.77;;;;
852;06/06/2023;08:03:20;25.06;;;;;;;;;;;852;06/06/2023;08:05:45;24.74;;;;
853;06/06/2023;08:04:20;25.05;;;;;;;;;;;853;06/06/2023;08:06:44;24.72;;;;
854;06/06/2023;08:05:20;25.04;;;;;;;;;;;854;06/06/2023;08:07:44;24.71;;;;
855;06/06/2023;08:06:20;24.99;;;;;;;;;;;855;06/06/2023;08:08:44;24.71;;;;
856;06/06/2023;08:07:20;24.95;;;;;;;;;;;856;06/06/2023;08:09:44;24.7;;;;
857;06/06/2023;08:08:19;24.91;;;;;;;;;;;857;06/06/2023;08:10:44;24.67;;;;
858;06/06/2023;08:09:19;24.89;;;;;;;;;;;858;06/06/2023;08:11:44;24.66;;;;
859;06/06/2023;08:10:19;24.86;;;;;;;;;;;859;06/06/2023;08:12:43;24.68;;;;
860;06/06/2023;08:11:19;24.82;;;;;;;;;;;860;06/06/2023;08:13:43;24.7;;;;
861;06/06/2023;08:12:19;24.81;;;;;;;;;;;861;06/06/2023;08:14:43;24.7;;;;
862;06/06/2023;08:13:19;24.84;;;;;;;;;;;862;06/06/2023;08:15:43;24.72;;;;
863;06/06/2023;08:14:19;24.88;;;;;;;;;;;863;06/06/2023;08:16:43;24.75;;;;
864;06/06/2023;08:15:18;24.86;;;;;;;;;;;864;06/06/2023;08:17:42;24.77;;;;
865;06/06/2023;08:16:18;24.88;;;;;;;;;;;865;06/06/2023;08:18:42;24.8;;;;
866;06/06/2023;08:17:18;24.9;;;;;;;;;;;866;06/06/2023;08:19:42;25.2;;;;
867;06/06/2023;08:18:18;24.92;;;;;;;;;;;867;06/06/2023;08:20:42;25.58;Synchronized;;;
868;06/06/2023;08:19:18;25.05;;;;;;;;;;;868;06/06/2023;08:21:42;25.72;Synchronized;;;
869;06/06/2023;08:20:18;25.34;;;;;;;;;;;869;06/06/2023;08:22:42;25.74;Synchronized;;;
870;06/06/2023;08:21:18;25.54;Synchronized;;;;;;;;;;870;06/06/2023;08:23:42;25.77;;;;
871;06/06/2023;08:22:18;25.61;Synchronized;;;;;;;;;;871;06/06/2023;08:24:42;25.77;;;;
872;06/06/2023;08:23:18;25.63;Synchronized;;;;;;;;;;872;06/06/2023;08:25:42;25.8;;;;
873;06/06/2023;08:24:18;25.63;Synchronized;;;;;;;;;;873;06/06/2023;08:26:42;25.8;;;;
874;06/06/2023;08:25:18;25.63;Synchronized;;;;;;;;;;874;06/06/2023;08:27:42;25.79;;;;
875;06/06/2023;08:26:18;25.66;Synchronized;;;;;;;;;;875;06/06/2023;08:28:42;25.82;;;;
876;06/06/2023;08:27:18;25.66;Synchronized;;;;;;;;;;876;06/06/2023;08:29:42;25.82;;;;
877;06/06/2023;08:28:18;25.69;Synchronized;;;;;;;;;;877;06/06/2023;08:30:42;25.82;;;;
878;06/06/2023;08:29:18;25.69;Synchronized;;;;;;;;;;878;06/06/2023;08:31:41;25.83;;;;
879;06/06/2023;08:30:18;25.71;Synchronized;;;;;;;;;;879;06/06/2023;08:32:41;25.82;;;;
880;06/06/2023;08:31:18;25.75;Synchronized;;;;;;;;;;880;06/06/2023;08:33:41;25.85;;;;
881;06/06/2023;08:32:18;25.77;Synchronized;;;;;;;;;;881;06/06/2023;08:34:41;25.87;;;;
882;06/06/2023;08:33:18;25.81;Synchronized;;;;;;;;;;882;06/06/2023;08:35:41;25.87;;;;
883;06/06/2023;08:34:18;25.79;Synchronized;;;;;;;;;;883;06/06/2023;08:36:41;25.88;;;;
884;06/06/2023;08:35:18;25.86;Synchronized;;;;;;;;;;884;06/06/2023;08:37:41;25.89;;;;
885;06/06/2023;08:36:18;25.87;Synchronized;;;;;;;;;;885;06/06/2023;08:38:41;25.89;;;;
886;06/06/2023;08:37:18;25.86;Synchronized;;;;;;;;;;886;06/06/2023;08:39:41;25.91;;;;
887;06/06/2023;08:38:18;25.91;;;;;;;;;;;887;06/06/2023;08:40:41;25.94;Synchronized;;;
888;06/06/2023;08:39:18;25.95;;;;;;;;;;;888;06/06/2023;08:41:41;25.98;Synchronized;;;
889;06/06/2023;08:40:18;25.94;Synchronized;;;;;;;;;;889;06/06/2023;08:42:40;26;Synchronized;;;
890;06/06/2023;08:41:18;25.9;;;;;;;;;;;890;06/06/2023;08:43:40;26.01;;;;
891;06/06/2023;08:42:18;25.9;Synchronized;;;;;;;;;;891;06/06/2023;08:44:40;26.03;;;;
892;06/06/2023;08:43:18;25.88;Synchronized;;;;;;;;;;892;06/06/2023;08:45:40;26.05;;;;
893;06/06/2023;08:44:18;25.86;Synchronized;;;;;;;;;;893;06/06/2023;08:46:40;31.97;Synchronized;;;
894;06/06/2023;08:45:18;25.87;Synchronized;;;;;;;;;;894;06/06/2023;08:47:40;36.35;Synchronized;;;
895;06/06/2023;08:46:18;25.86;Synchronized;;;;;;;;;;895;06/06/2023;08:48:40;37.06;Synchronized;;;
896;06/06/2023;08:47:18;26.01;;;;;;;;;;;896;06/06/2023;08:49:39;37.26;Synchronized;;;
897;06/06/2023;08:48:18;30.55;Synchronized;;;;;;;;;;897;06/06/2023;08:50:39;37.36;Synchronized;;;
898;06/06/2023;08:49:18;31.71;Synchronized;;;;;;;;;;898;06/06/2023;08:51:39;37.4;Synchronized;;;
899;06/06/2023;08:50:18;32.22;Synchronized;;;;;;;;;;899;06/06/2023;08:52:39;37.45;Synchronized;;;
900;06/06/2023;08:51:18;32.78;Synchronized;;;;;;;;;;900;06/06/2023;08:53:39;37.47;Synchronized;;;
901;06/06/2023;08:52:18;33.41;Synchronized;;;;;;;;;;901;06/06/2023;08:54:39;37.48;Synchronized;;;
902;06/06/2023;08:53:18;33.93;Synchronized;;;;;;;;;;902;06/06/2023;08:55:39;37.55;Synchronized;;;
903;06/06/2023;08:54:17;34.6;Synchronized;;;;;;;;;;903;06/06/2023;08:56:38;37.56;Synchronized;;;
904;06/06/2023;08:55:17;34.86;Synchronized;;;;;;;;;;904;06/06/2023;08:57:38;37.57;Synchronized;;;
905;06/06/2023;08:56:17;35.19;Synchronized;;;;;;;;;;905;06/06/2023;08:58:38;37.59;Synchronized;;;
906;06/06/2023;08:57:17;35.45;Synchronized;;;;;;;;;;906;06/06/2023;08:59:38;37.6;Synchronized;;;
907;06/06/2023;08:58:17;35.7;Synchronized;;;;;;;;;;907;06/06/2023;09:00:38;37.6;Synchronized;;;
908;06/06/2023;08:59:17;35.9;Synchronized;;;;;;;;;;908;06/06/2023;09:01:38;37.59;Synchronized;;;
909;06/06/2023;09:00:17;36.13;Synchronized;;;;;;;;;;909;06/06/2023;09:02:38;37.59;Synchronized;;;
910;06/06/2023;09:01:17;36.23;Synchronized;;;;;;;;;;910;06/06/2023;09:03:37;37.6;Synchronized;;;
911;06/06/2023;09:02:17;36.34;Synchronized;;;;;;;;;;911;06/06/2023;09:04:37;37.63;Synchronized;;;
912;06/06/2023;09:03:17;36.45;Synchronized;;;;;;;;;;912;06/06/2023;09:05:37;37.59;Synchronized;;;
913;06/06/2023;09:04:17;36.52;Synchronized;;;;;;;;;;913;06/06/2023;09:06:37;37.59;Synchronized;;;
914;06/06/2023;09:05:17;36.6;Synchronized;;;;;;;;;;914;06/06/2023;09:07:37;37.53;Synchronized;;;
915;06/06/2023;09:06:16;36.64;Synchronized;;;;;;;;;;915;06/06/2023;09:08:37;37.58;Synchronized;;;
916;06/06/2023;09:07:16;36.73;Synchronized;;;;;;;;;;916;06/06/2023;09:09:37;37.57;Synchronized;;;
917;06/06/2023;09:08:16;36.76;Synchronized;;;;;;;;;;917;06/06/2023;09:10:36;37.6;Synchronized;;;
918;06/06/2023;09:09:16;36.8;Synchronized;;;;;;;;;;918;06/06/2023;09:11:36;37.59;Synchronized;;;
919;06/06/2023;09:10:16;36.83;Synchronized;;;;;;;;;;919;06/06/2023;09:12:36;37.57;Synchronized;;;
920;06/06/2023;09:11:16;36.88;Synchronized;;;;;;;;;;920;06/06/2023;09:13:36;37.56;Synchronized;;;
921;06/06/2023;09:12:16;36.92;Synchronized;;;;;;;;;;921;06/06/2023;09:14:36;37.56;Synchronized;;;
922;06/06/2023;09:13:16;36.95;Synchronized;;;;;;;;;;922;06/06/2023;09:15:36;37.6;Synchronized;;;
923;06/06/2023;09:14:16;36.97;Synchronized;;;;;;;;;;923;06/06/2023;09:16:36;37.62;Synchronized;;;
924;06/06/2023;09:15:16;36.98;Synchronized;;;;;;;;;;924;06/06/2023;09:17:36;37.63;Synchronized;;;
925;06/06/2023;09:16:16;36.98;Synchronized;;;;;;;;;;925;06/06/2023;09:18:35;37.6;Synchronized;;;
926;06/06/2023;09:17:16;36.99;Synchronized;;;;;;;;;;926;06/06/2023;09:19:35;37.62;Synchronized;;;
927;06/06/2023;09:18:16;37.01;Synchronized;;;;;;;;;;927;06/06/2023;09:20:35;37.6;Synchronized;;;
928;06/06/2023;09:19:15;36.98;Synchronized;;;;;;;;;;928;06/06/2023;09:21:35;37.59;Synchronized;;;
929;06/06/2023;09:20:15;37;Synchronized;;;;;;;;;;929;06/06/2023;09:22:35;37.59;Synchronized;;;
930;06/06/2023;09:21:15;37.01;Synchronized;;;;;;;;;;930;06/06/2023;09:23:35;37.55;Synchronized;;;
931;06/06/2023;09:22:15;37.02;Synchronized;;;;;;;;;;931;06/06/2023;09:24:35;37.53;Synchronized;;;
932;06/06/2023;09:23:15;37.01;Synchronized;;;;;;;;;;932;06/06/2023;09:25:34;37.51;Synchronized;;;
933;06/06/2023;09:24:15;37.04;Synchronized;;;;;;;;;;933;06/06/2023;09:26:34;37.52;Synchronized;;;
934;06/06/2023;09:25:15;37.05;Synchronized;;;;;;;;;;934;06/06/2023;09:27:34;37.51;Synchronized;;;
935;06/06/2023;09:26:15;37.03;Synchronized;;;;;;;;;;935;06/06/2023;09:28:34;37.52;Synchronized;;;
936;06/06/2023;09:27:15;37.05;Synchronized;;;;;;;;;;936;06/06/2023;09:29:34;37.51;Synchronized;;;
937;06/06/2023;09:28:15;37.05;Synchronized;;;;;;;;;;937;06/06/2023;09:30:34;37.48;Synchronized;;;
938;06/06/2023;09:29:15;37.09;Synchronized;;;;;;;;;;938;06/06/2023;09:31:34;37.5;Synchronized;;;
939;06/06/2023;09:30:15;37.09;Synchronized;;;;;;;;;;939;06/06/2023;09:32:33;37.52;Synchronized;;;
940;06/06/2023;09:31:15;37.09;Synchronized;;;;;;;;;;940;06/06/2023;09:33:33;37.51;Synchronized;;;
941;06/06/2023;09:32:14;37.08;Synchronized;;;;;;;;;;941;06/06/2023;09:34:33;37.51;Synchronized;;;
942;06/06/2023;09:33:14;37.11;Synchronized;;;;;;;;;;942;06/06/2023;09:35:33;37.5;Synchronized;;;
943;06/06/2023;09:34:14;37.1;Synchronized;;;;;;;;;;943;06/06/2023;09:36:33;37.46;Synchronized;;;
944;06/06/2023;09:35:14;37.11;Synchronized;;;;;;;;;;944;06/06/2023;09:37:33;37.46;Synchronized;;;
945;06/06/2023;09:36:14;37.11;Synchronized;;;;;;;;;;945;06/06/2023;09:38:33;37.46;Synchronized;;;
946;06/06/2023;09:37:14;37.13;Synchronized;;;;;;;;;;946;06/06/2023;09:39:32;37.46;Synchronized;;;
947;06/06/2023;09:38:14;37.15;Synchronized;;;;;;;;;;947;06/06/2023;09:40:32;37.48;Synchronized;;;
948;06/06/2023;09:39:14;37.15;Synchronized;;;;;;;;;;948;06/06/2023;09:41:32;37.44;Synchronized;;;
949;06/06/2023;09:40:14;37.17;Synchronized;;;;;;;;;;949;06/06/2023;09:42:32;37.46;Synchronized;;;
950;06/06/2023;09:41:14;37.17;Synchronized;;;;;;;;;;950;06/06/2023;09:43:32;37.46;Synchronized;;;
951;06/06/2023;09:42:14;37.17;Synchronized;;;;;;;;;;951;06/06/2023;09:44:32;37.46;Synchronized;;;
952;06/06/2023;09:43:14;37.17;Synchronized;;;;;;;;;;952;06/06/2023;09:45:32;37.46;Synchronized;;;
953;06/06/2023;09:44:13;37.16;Synchronized;;;;;;;;;;953;06/06/2023;09:46:31;37.45;Synchronized;;;
954;06/06/2023;09:45:13;37.17;Synchronized;;;;;;;;;;954;06/06/2023;09:47:31;37.45;Synchronized;;;
955;06/06/2023;09:46:13;37.19;Synchronized;;;;;;;;;;955;06/06/2023;09:48:31;37.46;Synchronized;;;
956;06/06/2023;09:47:13;37.2;Synchronized;;;;;;;;;;956;06/06/2023;09:49:31;37.45;;;;
957;06/06/2023;09:48:13;37.23;Synchronized;;;;;;;;;;957;06/06/2023;09:50:30;37.45;;;;
958;06/06/2023;09:49:13;37.24;Synchronized;;;;;;;;;;958;06/06/2023;09:51:30;37.45;;;;
959;06/06/2023;09:50:13;37.27;;;;;;;;;;;959;06/06/2023;09:52:30;37.45;Synchronized;;;
960;06/06/2023;09:51:13;37.26;;;;;;;;;;;960;06/06/2023;09:53:30;37.43;;;;
961;06/06/2023;09:52:13;37.24;;;;;;;;;;;961;06/06/2023;09:54:30;37.42;;;;
962;06/06/2023;09:53:13;37.25;;;;;;;;;;;962;06/06/2023;09:55:30;37.41;;;;
963;06/06/2023;09:54:13;37.24;;;;;;;;;;;963;06/06/2023;09:56:30;37.4;;;;
964;06/06/2023;09:55:13;37.24;;;;;;;;;;;964;06/06/2023;09:57:29;37.41;;;;
965;06/06/2023;09:56:13;37.23;;;;;;;;;;;965;06/06/2023;09:58:29;37.38;;;;
966;06/06/2023;09:57:13;37.22;;;;;;;;;;;966;06/06/2023;09:59:29;37.38;;;;
967;06/06/2023;09:58:12;37.2;;;;;;;;;;;967;06/06/2023;10:00:29;37.38;;;;
968;06/06/2023;09:59:12;37.21;;;;;;;;;;;968;06/06/2023;10:01:29;37.36;;;;
969;06/06/2023;10:00:12;37.21;;;;;;;;;;;969;06/06/2023;10:02:29;37.32;Synchronized;;;
970;06/06/2023;10:01:12;37.2;;;;;;;;;;;970;06/06/2023;10:03:28;37.31;Synchronized;;;
971;06/06/2023;10:02:12;37.19;;;;;;;;;;;971;06/06/2023;10:04:28;37.33;;;;
972;06/06/2023;10:03:12;37.18;;;;;;;;;;;972;06/06/2023;10:05:28;37.33;Synchronized;;;
973;06/06/2023;10:04:12;37.15;;;;;;;;;;;973;06/06/2023;10:06:27;37.33;Synchronized;;;
974;06/06/2023;10:05:12;37.15;;;;;;;;;;;974;06/06/2023;10:07:27;37.33;;;;
975;06/06/2023;10:06:12;37.13;;;;;;;;;;;975;06/06/2023;10:08:27;37.28;Synchronized;;;
976;06/06/2023;10:07:12;37.13;;;;;;;;;;;976;06/06/2023;10:09:27;37.3;Synchronized;;;
977;06/06/2023;10:08:12;37.16;;;;;;;;;;;977;06/06/2023;10:10:27;37.27;;;;
978;06/06/2023;10:09:11;37.15;;;;;;;;;;;978;06/06/2023;10:11:27;37.27;;;;
979;06/06/2023;10:10:11;36.84;;;;;;;;;;;979;06/06/2023;10:12:27;37.24;;;;
980;06/06/2023;10:11:12;25.84;;;;;;;;;;;980;06/06/2023;10:13:26;37.28;;;;
981;06/06/2023;10:12:12;25.94;;;;;;;;;;;981;06/06/2023;10:14:26;37.27;;;;
982;06/06/2023;10:13:12;28.48;;;;;;;;;;;982;06/06/2023;10:15:26;37.26;Synchronized;;;
983;06/06/2023;10:14:12;30.53;;;;;;;;;;;983;06/06/2023;10:16:26;37.24;;;;
984;06/06/2023;10:15:12;31.85;;;;;;;;;;;984;06/06/2023;10:17:26;37.26;Synchronized;;;
985;06/06/2023;10:16:12;32.97;;;;;;;;;;;985;06/06/2023;10:18:25;37.22;;;;
986;06/06/2023;10:17:11;33.94;;;;;;;;;;;986;06/06/2023;10:19:25;37.23;Synchronized;;;
987;06/06/2023;10:18:11;34.6;;;;;;;;;;;987;06/06/2023;10:20:25;37.23;;;;
988;06/06/2023;10:19:11;35.15;;;;;;;;;;;988;06/06/2023;10:21:25;37.22;;;;
989;06/06/2023;10:20:11;35.62;;;;;;;;;;;989;06/06/2023;10:22:25;37.23;;;;
990;06/06/2023;10:21:11;35.93;;;;;;;;;;;990;06/06/2023;10:23:25;37.16;;;;
991;06/06/2023;10:22:11;36.2;;;;;;;;;;;991;06/06/2023;10:24:24;37.08;;;;
992;06/06/2023;10:23:11;36.41;;;;;;;;;;;992;06/06/2023;10:25:24;36.91;;;;
993;06/06/2023;10:24:11;36.54;;;;;;;;;;;993;06/06/2023;10:26:24;36.99;;;;
994;06/06/2023;10:25:11;36.65;;;;;;;;;;;994;06/06/2023;10:27:24;36.99;;;;
995;06/06/2023;10:26:11;36.76;;;;;;;;;;;995;06/06/2023;10:28:24;36.95;;;;
996;06/06/2023;10:27:11;36.82;;;;;;;;;;;996;06/06/2023;10:29:24;36.91;;;;
997;06/06/2023;10:28:11;33.65;;;;;;;;;;;997;06/06/2023;10:30:24;36.85;;;;
998;06/06/2023;10:29:11;28.66;Synchronized;;;;;;;;;;998;06/06/2023;10:31:23;36.8;;;;
999;06/06/2023;10:30:11;27.22;;;;;;;;;;;999;06/06/2023;10:32:23;36.88;;;;
1000;06/06/2023;10:31:11;27.64;;;;;;;;;;;1000;06/06/2023;10:33:23;36.95;;;;
1001;06/06/2023;10:32:11;29.16;;;;;;;;;;;1001;06/06/2023;10:34:23;36.96;Synchronized;;;
1002;06/06/2023;10:33:11;30.28;;;;;;;;;;;1002;06/06/2023;10:35:23;37;Synchronized;;;
1003;06/06/2023;10:34:10;31.5;;;;;;;;;;;1003;06/06/2023;10:36:23;37;Synchronized;;;
1004;06/06/2023;10:35:10;32.46;;;;;;;;;;;1004;06/06/2023;10:37:22;37.03;Synchronized;;;
1005;06/06/2023;10:36:10;33.2;;;;;;;;;;;1005;06/06/2023;10:38:22;37.02;Synchronized;;;
1006;06/06/2023;10:37:10;33.86;;;;;;;;;;;1006;06/06/2023;10:39:22;37.02;Synchronized;;;
1007;06/06/2023;10:38:10;34.46;;;;;;;;;;;1007;06/06/2023;10:40:22;37.02;;;;
1008;06/06/2023;10:39:10;34.87;;;;;;;;;;;1008;06/06/2023;10:41:22;37.02;;;;
1009;06/06/2023;10:40:10;35.28;;;;;;;;;;;1009;06/06/2023;10:42:22;37.04;;;;
1010;06/06/2023;10:41:10;35.59;Synchronized;;;;;;;;;;1010;06/06/2023;10:43:21;37.06;;;;
1011;06/06/2023;10:42:10;35.85;;;;;;;;;;;1011;06/06/2023;10:44:21;37.09;;;;
1012;06/06/2023;10:43:10;36.03;;;;;;;;;;;1012;06/06/2023;10:45:21;37.08;;;;
1013;06/06/2023;10:44:10;36.2;;;;;;;;;;;1013;06/06/2023;10:46:21;37.07;;;;
1014;06/06/2023;10:45:09;36.38;;;;;;;;;;;1014;06/06/2023;10:47:21;37.1;;;;
1015;06/06/2023;10:46:09;36.48;;;;;;;;;;;1015;06/06/2023;10:48:21;37.12;Synchronized;;;
1016;06/06/2023;10:47:09;36.57;;;;;;;;;;;1016;06/06/2023;10:49:20;37.15;;;;
1017;06/06/2023;10:48:09;36.66;;;;;;;;;;;1017;06/06/2023;10:50:20;37.14;;;;
1018;06/06/2023;10:49:09;36.7;;;;;;;;;;;1018;06/06/2023;10:51:20;37.14;;;;
1019;06/06/2023;10:50:09;36.77;;;;;;;;;;;1019;06/06/2023;10:52:20;37.13;;;;
1020;06/06/2023;10:51:09;36.8;;;;;;;;;;;1020;06/06/2023;10:53:20;37.12;;;;
1021;06/06/2023;10:52:09;36.8;;;;;;;;;;;1021;06/06/2023;10:54:20;37.11;;;;
1022;06/06/2023;10:53:09;36.86;;;;;;;;;;;1022;06/06/2023;10:55:19;37.14;;;;
1023;06/06/2023;10:54:09;36.85;;;;;;;;;;;1023;06/06/2023;10:56:19;37.16;;;;
1024;06/06/2023;10:55:09;36.88;;;;;;;;;;;1024;06/06/2023;10:57:19;37.16;;;;
1025;06/06/2023;10:56:09;36.88;;;;;;;;;;;1025;06/06/2023;10:58:19;37.2;Synchronized;;;
1026;06/06/2023;10:57:09;36.89;;;;;;;;;;;1026;06/06/2023;10:59:19;37.19;Synchronized;;;
1027;06/06/2023;10:58:09;36.9;Synchronized;;;;;;;;;;1027;06/06/2023;11:00:19;36.7;Synchronized;;;
1028;06/06/2023;10:59:09;36.91;Synchronized;;;;;;;;;;1028;06/06/2023;11:01:18;36.94;Synchronized;;;
1029;06/06/2023;11:00:09;36.91;;;;;;;;;;;1029;06/06/2023;11:02:18;36.7;Synchronized;;;
1030;06/06/2023;11:01:08;36.92;;;;;;;;;;;1030;06/06/2023;11:03:18;36.34;Synchronized;;;
1031;06/06/2023;11:02:08;36.91;;;;;;;;;;;1031;06/06/2023;11:04:18;35.87;;;;
1032;06/06/2023;11:03:08;36.91;;;;;;;;;;;1032;06/06/2023;11:05:18;35.69;;;;
1033;06/06/2023;11:04:08;36.91;;;;;;;;;;;1033;06/06/2023;11:06:18;35.56;;;;
1034;06/06/2023;11:05:08;36.89;;;;;;;;;;;1034;06/06/2023;11:07:18;35.66;;;;
1035;06/06/2023;11:06:08;36.91;;;;;;;;;;;1035;06/06/2023;11:08:18;35.81;Synchronized;;;
1036;06/06/2023;11:07:08;36.91;Synchronized;;;;;;;;;;1036;06/06/2023;11:09:17;35.96;;;;
1037;06/06/2023;11:08:08;36.9;;;;;;;;;;;1037;06/06/2023;11:10:17;36.05;Synchronized;;;
1038;06/06/2023;11:09:08;36.91;;;;;;;;;;;1038;06/06/2023;11:11:17;36.2;;;;
1039;06/06/2023;11:10:08;36.96;;;;;;;;;;;1039;06/06/2023;11:12:17;36.34;;;;
1040;06/06/2023;11:11:08;36.95;;;;;;;;;;;1040;06/06/2023;11:13:17;36.38;;;;
1041;06/06/2023;11:12:08;36.95;;;;;;;;;;;1041;06/06/2023;11:14:17;36.53;Synchronized;;;
1042;06/06/2023;11:13:08;36.94;;;;;;;;;;;1042;06/06/2023;11:15:17;36.62;;;;
1043;06/06/2023;11:14:08;36.96;;;;;;;;;;;1043;06/06/2023;11:16:17;36.67;Synchronized;;;
1044;06/06/2023;11:15:08;36.97;Synchronized;;;;;;;;;;1044;06/06/2023;11:17:16;35.97;;;;
1045;06/06/2023;11:16:08;36.98;;;;;;;;;;;1045;06/06/2023;11:18:16;33.1;;;;
1046;06/06/2023;11:17:07;36.97;;;;;;;;;;;1046;06/06/2023;11:19:16;33.12;Synchronized;;;
1047;06/06/2023;11:18:07;36.98;;;;;;;;;;;1047;06/06/2023;11:20:16;33.45;;;;
1048;06/06/2023;11:19:07;36.98;;;;;;;;;;;1048;06/06/2023;11:21:16;33.88;;;;
1049;06/06/2023;11:20:07;36.99;;;;;;;;;;;1049;06/06/2023;11:22:16;34.53;Synchronized;;;
1050;06/06/2023;11:21:07;36.97;;;;;;;;;;;1050;06/06/2023;11:23:16;35.02;;;;
1051;06/06/2023;11:22:07;36.98;;;;;;;;;;;1051;06/06/2023;11:24:16;35.59;Synchronized;;;
1052;06/06/2023;11:23:07;36.98;;;;;;;;;;;1052;06/06/2023;11:25:15;35.98;;;;
1053;06/06/2023;11:24:07;36.95;Synchronized;;;;;;;;;;1053;06/06/2023;11:26:15;36.22;;;;
1054;06/06/2023;11:25:07;36.98;;;;;;;;;;;1054;06/06/2023;11:27:15;36.27;;;;
1055;06/06/2023;11:26:07;36.95;;;;;;;;;;;1055;06/06/2023;11:28:15;36.44;;;;
1056;06/06/2023;11:27:07;36.95;Synchronized;;;;;;;;;;1056;06/06/2023;11:29:15;36.59;;;;
1057;06/06/2023;11:28:07;37;;;;;;;;;;;1057;06/06/2023;11:30:15;36.57;;;;
1058;06/06/2023;11:29:07;37.13;;;;;;;;;;;1058;06/06/2023;11:31:15;36.66;;;;
1059;06/06/2023;11:30:07;37.13;;;;;;;;;;;1059;06/06/2023;11:32:15;36.73;;;;
1060;06/06/2023;11:31:06;37.15;;;;;;;;;;;1060;06/06/2023;11:33:14;36.81;;;;
1061;06/06/2023;11:32:06;37.15;;;;;;;;;;;1061;06/06/2023;11:34:14;36.86;;;;
1062;06/06/2023;11:33:06;37.16;;;;;;;;;;;1062;06/06/2023;11:35:14;36.92;;;;
1063;06/06/2023;11:34:06;37.19;;;;;;;;;;;1063;06/06/2023;11:36:14;36.95;;;;
1064;06/06/2023;11:35:06;37.17;;;;;;;;;;;1064;06/06/2023;11:37:14;37;;;;
1065;06/06/2023;11:36:06;37.19;;;;;;;;;;;1065;06/06/2023;11:38:14;36.46;Synchronized;;;
1066;06/06/2023;11:37:06;36.66;;;;;;;;;;;1066;06/06/2023;11:39:13;35.63;;;;
1067;06/06/2023;11:38:06;37.01;;;;;;;;;;;1067;06/06/2023;11:40:13;35.23;;;;
1068;06/06/2023;11:39:06;37.16;;;;;;;;;;;1068;06/06/2023;11:41:13;35.07;;;;
1069;06/06/2023;11:40:06;37.12;;;;;;;;;;;1069;06/06/2023;11:42:13;35.3;;;;
1070;06/06/2023;11:41:06;37.16;;;;;;;;;;;1070;06/06/2023;11:43:13;35.34;;;;
1071;06/06/2023;11:42:05;37.16;;;;;;;;;;;1071;06/06/2023;11:44:13;35.55;;;;
1072;06/06/2023;11:43:05;37.16;;;;;;;;;;;1072;06/06/2023;11:45:13;35.77;;;;
1073;06/06/2023;11:44:05;37.16;;;;;;;;;;;1073;06/06/2023;11:46:13;35.98;Synchronized;;;
1074;06/06/2023;11:45:05;37.18;;;;;;;;;;;1074;06/06/2023;11:47:13;36.18;;;;
1075;06/06/2023;11:46:05;37.17;;;;;;;;;;;1075;06/06/2023;11:48:13;36.27;Synchronized;;;
1076;06/06/2023;11:47:05;37.16;;;;;;;;;;;1076;06/06/2023;11:49:12;36.34;Synchronized;;;
1077;06/06/2023;11:48:05;37.18;;;;;;;;;;;1077;06/06/2023;11:50:12;36.47;;;;
1078;06/06/2023;11:49:05;37.17;;;;;;;;;;;1078;06/06/2023;11:51:12;36.66;;;;
1079;06/06/2023;11:50:05;37.17;;;;;;;;;;;1079;06/06/2023;11:52:12;36.66;Synchronized;;;
1080;06/06/2023;11:51:05;37.17;;;;;;;;;;;1080;06/06/2023;11:53:12;36.75;;;;
1081;06/06/2023;11:52:05;37.17;;;;;;;;;;;1081;06/06/2023;11:54:12;36.86;Synchronized;;;
1082;06/06/2023;11:53:05;37.18;Synchronized;;;;;;;;;;1082;06/06/2023;11:55:12;36.91;Synchronized;;;
1083;06/06/2023;11:54:04;37.19;;;;;;;;;;;1083;06/06/2023;11:56:11;37.05;Synchronized;;;
1084;06/06/2023;11:55:04;37.2;;;;;;;;;;;1084;06/06/2023;11:57:11;37.13;Synchronized;;;
1085;06/06/2023;11:56:04;37.21;;;;;;;;;;;1085;06/06/2023;11:58:11;37.2;;;;
1086;06/06/2023;11:57:04;37.25;;;;;;;;;;;1086;06/06/2023;11:59:11;37.28;Synchronized;;;
1087;06/06/2023;11:58:04;37.23;;;;;;;;;;;1087;06/06/2023;12:00:11;37.28;Synchronized;;;
1088;06/06/2023;11:59:04;37.24;Synchronized;;;;;;;;;;1088;06/06/2023;12:01:10;37.3;Synchronized;;;
1089;06/06/2023;12:00:04;37.22;Synchronized;;;;;;;;;;1089;06/06/2023;12:02:10;37.4;Synchronized;;;
1090;06/06/2023;12:01:04;37.22;;;;;;;;;;;1090;06/06/2023;12:03:10;37.42;;;;
1091;06/06/2023;12:02:04;37.22;Synchronized;;;;;;;;;;1091;06/06/2023;12:04:10;37.43;;;;
1092;06/06/2023;12:03:03;37.24;;;;;;;;;;;1092;06/06/2023;12:05:10;37.41;;;;
1093;06/06/2023;12:04:03;37.26;Synchronized;;;;;;;;;;1093;06/06/2023;12:06:10;37.42;;;;
1094;06/06/2023;12:05:03;37.24;;;;;;;;;;;1094;06/06/2023;12:07:10;37.41;;;;
1095;06/06/2023;12:06:03;37.25;Synchronized;;;;;;;;;;1095;06/06/2023;12:08:09;37.38;;;;
1096;06/06/2023;12:07:03;37.28;Synchronized;;;;;;;;;;1096;06/06/2023;12:09:09;37.34;;;;
1097;06/06/2023;12:08:03;37.27;Synchronized;;;;;;;;;;1097;06/06/2023;12:10:09;37.34;;;;
1098;06/06/2023;12:09:03;37.22;Synchronized;;;;;;;;;;1098;06/06/2023;12:11:09;37.33;;;;
1099;06/06/2023;12:10:03;37.19;Synchronized;;;;;;;;;;1099;06/06/2023;12:12:09;37.29;;;;
1100;06/06/2023;12:11:03;37.17;;;;;;;;;;;1100;06/06/2023;12:13:09;37.33;;;;
1101;06/06/2023;12:12:02;37.17;;;;;;;;;;;1101;06/06/2023;12:14:09;37.35;;;;
1102;06/06/2023;12:13:02;37.16;;;;;;;;;;;1102;06/06/2023;12:15:09;37.34;Synchronized;;;
1103;06/06/2023;12:14:02;37.16;;;;;;;;;;;1103;06/06/2023;12:16:09;37.32;Synchronized;;;
1104;06/06/2023;12:15:02;37.17;Synchronized;;;;;;;;;;1104;06/06/2023;12:17:09;37.33;;;;
1105;06/06/2023;12:16:02;37.18;;;;;;;;;;;1105;06/06/2023;12:18:08;37.33;;;;
1106;06/06/2023;12:17:02;37.16;;;;;;;;;;;1106;06/06/2023;12:19:08;37.34;;;;
1107;06/06/2023;12:18:02;37.16;;;;;;;;;;;1107;06/06/2023;12:20:08;37.34;Synchronized;;;
1108;06/06/2023;12:19:02;37.21;;;;;;;;;;;1108;06/06/2023;12:21:08;37.33;Synchronized;;;
1109;06/06/2023;12:20:02;37.18;;;;;;;;;;;1109;06/06/2023;12:22:08;37.34;;;;
1110;06/06/2023;12:21:02;37.13;Synchronized;;;;;;;;;;1110;06/06/2023;12:23:08;37.33;;;;
1111;06/06/2023;12:22:01;37.15;;;;;;;;;;;1111;06/06/2023;12:24:08;37.35;;;;
1112;06/06/2023;12:23:01;37.1;Synchronized;;;;;;;;;;1112;06/06/2023;12:25:07;37.34;;;;
1113;06/06/2023;12:24:01;37.09;;;;;;;;;;;1113;06/06/2023;12:26:07;37.35;;;;
1114;06/06/2023;12:25:01;37.11;;;;;;;;;;;1114;06/06/2023;12:27:07;37.38;;;;
1115;06/06/2023;12:26:01;37.13;;;;;;;;;;;1115;06/06/2023;12:28:07;37.36;;;;
1116;06/06/2023;12:27:01;37.09;;;;;;;;;;;1116;06/06/2023;12:29:07;37.38;;;;
1117;06/06/2023;12:28:01;37.09;;;;;;;;;;;1117;06/06/2023;12:30:07;37.39;;;;
1118;06/06/2023;12:29:01;37.1;;;;;;;;;;;1118;06/06/2023;12:31:07;37.38;;;;
1119;06/06/2023;12:30:01;37.2;;;;;;;;;;;1119;06/06/2023;12:32:07;37.39;;;;
1120;06/06/2023;12:31:01;37.26;;;;;;;;;;;1120;06/06/2023;12:33:07;37.41;Synchronized;;;
1121;06/06/2023;12:32:01;37.26;;;;;;;;;;;1121;06/06/2023;12:34:07;37.4;Synchronized;;;
1122;06/06/2023;12:33:00;37.26;;;;;;;;;;;1122;06/06/2023;12:35:07;37.39;Synchronized;;;
1123;06/06/2023;12:34:00;37.26;;;;;;;;;;;1123;06/06/2023;12:36:07;37.41;Synchronized;;;
1124;06/06/2023;12:35:00;37.18;;;;;;;;;;;1124;06/06/2023;12:37:07;37.4;Synchronized;;;
1125;06/06/2023;12:36:00;37.2;;;;;;;;;;;1125;06/06/2023;12:38:07;37.4;Synchronized;;;
1126;06/06/2023;12:37:00;37.14;;;;;;;;;;;1126;06/06/2023;12:39:07;37.4;Synchronized;;;
1127;06/06/2023;12:38:00;37.01;;;;;;;;;;;1127;06/06/2023;12:40:07;37.38;Synchronized;;;
1128;06/06/2023;12:39:00;36.95;;;;;;;;;;;1128;06/06/2023;12:41:06;37.34;Synchronized;;;
1129;06/06/2023;12:40:00;36.98;Synchronized;;;;;;;;;;1129;06/06/2023;12:42:06;37.38;Synchronized;;;
1130;06/06/2023;12:41:00;37.02;Synchronized;;;;;;;;;;1130;06/06/2023;12:43:06;37.39;Synchronized;;;
1131;06/06/2023;12:42:00;37;Synchronized;;;;;;;;;;1131;06/06/2023;12:44:06;37.34;Synchronized;;;
1132;06/06/2023;12:43:00;37;Synchronized;;;;;;;;;;1132;06/06/2023;12:45:06;37.4;Synchronized;;;
1133;06/06/2023;12:43:59;37.03;Synchronized;;;;;;;;;;1133;06/06/2023;12:46:06;37.4;Synchronized;;;
1134;06/06/2023;12:44:59;37.05;Synchronized;;;;;;;;;;1134;06/06/2023;12:47:06;37.42;Synchronized;;;
1135;06/06/2023;12:45:59;37.09;Synchronized;;;;;;;;;;1135;06/06/2023;12:48:06;37.45;Synchronized;;;
1136;06/06/2023;12:46:59;37.2;Synchronized;;;;;;;;;;1136;06/06/2023;12:49:06;37.45;Synchronized;;;
1137;06/06/2023;12:47:59;37.21;Synchronized;;;;;;;;;;1137;06/06/2023;12:50:06;37.48;Synchronized;;;
1138;06/06/2023;12:48:59;37.23;Synchronized;;;;;;;;;;1138;06/06/2023;12:51:06;37.51;Synchronized;;;
1139;06/06/2023;12:49:59;37.36;Synchronized;;;;;;;;;;1139;06/06/2023;12:52:06;37.52;Synchronized;;;
1140;06/06/2023;12:50:59;37.42;Synchronized;;;;;;;;;;1140;06/06/2023;12:53:06;37.54;Synchronized;;;
1141;06/06/2023;12:51:59;37.44;Synchronized;;;;;;;;;;1141;06/06/2023;12:54:06;37.59;Synchronized;;;
1142;06/06/2023;12:52:58;37.46;Synchronized;;;;;;;;;;1142;06/06/2023;12:55:06;37.56;Synchronized;;;
1143;06/06/2023;12:53:58;37.39;Synchronized;;;;;;;;;;1143;06/06/2023;12:56:06;37.56;Synchronized;;;
1144;06/06/2023;12:54:58;37.45;Synchronized;;;;;;;;;;1144;06/06/2023;12:57:06;37.55;Synchronized;;;
1145;06/06/2023;12:55:58;37.41;Synchronized;;;;;;;;;;1145;06/06/2023;12:58:05;37.54;Synchronized;;;
1146;06/06/2023;12:56:58;37.41;Synchronized;;;;;;;;;;1146;06/06/2023;12:59:05;37.52;Synchronized;;;
1147;06/06/2023;12:57:58;37.33;Synchronized;;;;;;;;;;1147;06/06/2023;13:00:05;37.52;Synchronized;;;
1148;06/06/2023;12:58:58;37.34;Synchronized;;;;;;;;;;1148;06/06/2023;13:01:05;37.54;Synchronized;;;
1149;06/06/2023;12:59:58;37.38;Synchronized;;;;;;;;;;1149;06/06/2023;13:02:05;37.54;Synchronized;;;
1150;06/06/2023;13:00:57;37.35;Synchronized;;;;;;;;;;1150;06/06/2023;13:03:05;37.54;Synchronized;;;
1151;06/06/2023;13:01:57;37.25;Synchronized;;;;;;;;;;1151;06/06/2023;13:04:05;37.52;Synchronized;;;
1152;06/06/2023;13:02:57;37.36;Synchronized;;;;;;;;;;1152;06/06/2023;13:05:05;37.54;Synchronized;;;
1153;06/06/2023;13:03:57;37.28;Synchronized;;;;;;;;;;1153;06/06/2023;13:06:05;37.53;Synchronized;;;
1154;06/06/2023;13:04:57;37.39;Synchronized;;;;;;;;;;1154;06/06/2023;13:07:05;37.57;Synchronized;;;
1155;06/06/2023;13:05:57;37.44;Synchronized;;;;;;;;;;1155;06/06/2023;13:08:05;37.55;Synchronized;;;
1156;06/06/2023;13:06:57;37.44;Synchronized;;;;;;;;;;1156;06/06/2023;13:09:05;37.56;Synchronized;;;
1157;06/06/2023;13:07:57;37.41;Synchronized;;;;;;;;;;1157;06/06/2023;13:10:05;37.6;Synchronized;;;
1158;06/06/2023;13:08:57;37.41;Synchronized;;;;;;;;;;1158;06/06/2023;13:11:05;37.62;Synchronized;;;
1159;06/06/2023;13:09:56;37.39;Synchronized;;;;;;;;;;1159;06/06/2023;13:12:05;37.63;Synchronized;;;
1160;06/06/2023;13:10:56;37.35;Synchronized;;;;;;;;;;1160;06/06/2023;13:13:05;37.67;Synchronized;;;
1161;06/06/2023;13:11:56;37.38;Synchronized;;;;;;;;;;1161;06/06/2023;13:14:04;37.68;Synchronized;;;
1162;06/06/2023;13:12:56;37.36;Synchronized;;;;;;;;;;1162;06/06/2023;13:15:04;37.69;Synchronized;;;
1163;06/06/2023;13:13:56;37.34;Synchronized;;;;;;;;;;1163;06/06/2023;13:16:04;37.7;Synchronized;;;
1164;06/06/2023;13:14:56;37.33;Synchronized;;;;;;;;;;1164;06/06/2023;13:17:04;37.71;Synchronized;;;
1165;06/06/2023;13:15:56;37.3;Synchronized;;;;;;;;;;1165;06/06/2023;13:18:04;37.71;Synchronized;;;
1166;06/06/2023;13:16:56;37.29;Synchronized;;;;;;;;;;1166;06/06/2023;13:19:04;37.73;Synchronized;;;
1167;06/06/2023;13:17:56;37.22;Synchronized;;;;;;;;;;1167;06/06/2023;13:20:04;37.74;Synchronized;;;
1168;06/06/2023;13:18:55;37.17;Synchronized;;;;;;;;;;1168;06/06/2023;13:21:04;37.72;Synchronized;;;
1169;06/06/2023;13:19:55;37.18;Synchronized;;;;;;;;;;1169;06/06/2023;13:22:04;37.7;;;;
1170;06/06/2023;13:20:55;37.17;Synchronized;;;;;;;;;;1170;06/06/2023;13:23:04;37.7;;;;
1171;06/06/2023;13:21:55;37.17;Synchronized;;;;;;;;;;1171;06/06/2023;13:24:04;37.71;;;;
1172;06/06/2023;13:22:55;37.13;Synchronized;;;;;;;;;;1172;06/06/2023;13:25:04;37.7;Synchronized;;;
1173;06/06/2023;13:23:55;37.13;Synchronized;;;;;;;;;;1173;06/06/2023;13:26:04;37.7;;;;
1174;06/06/2023;13:24:55;37.14;Synchronized;;;;;;;;;;1174;06/06/2023;13:27:04;37.7;;;;
1175;06/06/2023;13:25:55;37.12;Synchronized;;;;;;;;;;1175;06/06/2023;13:28:04;37.7;;;;
1176;06/06/2023;13:26:54;37.13;Synchronized;;;;;;;;;;1176;06/06/2023;13:29:04;37.72;;;;
1177;06/06/2023;13:27:54;37.13;Synchronized;;;;;;;;;;1177;06/06/2023;13:30:04;37.71;;;;
1178;06/06/2023;13:28:54;37.14;Synchronized;;;;;;;;;;1178;06/06/2023;13:31:04;37.71;Synchronized;;;
1179;06/06/2023;13:29:54;37.15;Synchronized;;;;;;;;;;1179;06/06/2023;13:32:04;37.72;Synchronized;;;
1180;06/06/2023;13:30:54;37.14;;;;;;;;;;;1180;06/06/2023;13:33:04;37.71;Synchronized;;;
1181;06/06/2023;13:31:54;37.16;;;;;;;;;;;1181;06/06/2023;13:34:04;37.71;;;;
1182;06/06/2023;13:32:54;37.19;;;;;;;;;;;1182;06/06/2023;13:35:04;37.7;Synchronized;;;
1183;06/06/2023;13:33:54;37.15;;;;;;;;;;;1183;06/06/2023;13:36:03;37.73;;;;
1184;06/06/2023;13:34:54;37.14;;;;;;;;;;;1184;06/06/2023;13:37:03;37.74;Synchronized;;;
1185;06/06/2023;13:35:54;37.15;;;;;;;;;;;1185;06/06/2023;13:38:03;37.73;Synchronized;;;
1186;06/06/2023;13:36:54;37.16;;;;;;;;;;;1186;06/06/2023;13:39:03;37.72;Synchronized;;;
1187;06/06/2023;13:37:53;37.16;;;;;;;;;;;1187;06/06/2023;13:40:03;37.74;Synchronized;;;
1188;06/06/2023;13:38:53;37.15;;;;;;;;;;;1188;06/06/2023;13:41:03;37.71;Synchronized;;;
1189;06/06/2023;13:39:53;37.17;;;;;;;;;;;1189;06/06/2023;13:42:03;37.71;Synchronized;;;
1190;06/06/2023;13:40:53;37.16;;;;;;;;;;;1190;06/06/2023;13:43:03;37.72;Synchronized;;;
1191;06/06/2023;13:41:53;37.16;;;;;;;;;;;1191;06/06/2023;13:44:03;37.71;;;;
1192;06/06/2023;13:42:53;37.16;;;;;;;;;;;1192;06/06/2023;13:45:03;37.7;;;;
1193;06/06/2023;13:43:53;37.16;;;;;;;;;;;1193;06/06/2023;13:46:03;37.7;;;;
1194;06/06/2023;13:44:53;37.16;;;;;;;;;;;1194;06/06/2023;13:47:03;37.7;Synchronized;;;
1195;06/06/2023;13:45:53;37.16;;;;;;;;;;;1195;06/06/2023;13:48:03;37.71;Synchronized;;;
1196;06/06/2023;13:46:53;37.16;;;;;;;;;;;1196;06/06/2023;13:49:03;37.74;Synchronized;;;
1197;06/06/2023;13:47:52;37.18;;;;;;;;;;;1197;06/06/2023;13:50:03;37.7;;;;
1198;06/06/2023;13:48:52;37.18;;;;;;;;;;;1198;06/06/2023;13:51:03;37.7;Synchronized;;;
1199;06/06/2023;13:49:52;37.15;;;;;;;;;;;1199;06/06/2023;13:52:03;37.7;Synchronized;;;
1200;06/06/2023;13:50:52;37.13;;;;;;;;;;;1200;06/06/2023;13:53:02;37.68;Synchronized;;;
1201;06/06/2023;13:51:52;37.14;;;;;;;;;;;1201;06/06/2023;13:54:02;37.67;Synchronized;;;
1202;06/06/2023;13:52:52;37.12;;;;;;;;;;;1202;06/06/2023;13:55:02;37.66;;;;
1203;06/06/2023;13:53:52;37.09;;;;;;;;;;;1203;06/06/2023;13:56:02;37.68;Synchronized;;;
1204;06/06/2023;13:54:52;37.1;;;;;;;;;;;1204;06/06/2023;13:57:02;37.66;;;;
1205;06/06/2023;13:55:52;37.13;;;;;;;;;;;1205;06/06/2023;13:58:02;37.7;;;;
1206;06/06/2023;13:56:51;37.12;;;;;;;;;;;1206;06/06/2023;13:59:02;37.71;;;;
1207;06/06/2023;13:57:51;37.13;;;;;;;;;;;1207;06/06/2023;14:00:02;37.73;Synchronized;;;
1208;06/06/2023;13:58:51;37.13;Synchronized;;;;;;;;;;1208;06/06/2023;14:01:02;37.76;;;;
1209;06/06/2023;13:59:51;37.1;;;;;;;;;;;1209;06/06/2023;14:02:02;37.78;;;;
1210;06/06/2023;14:00:51;37.05;;;;;;;;;;;1210;06/06/2023;14:03:02;37.77;Synchronized;;;
1211;06/06/2023;14:01:51;37.09;;;;;;;;;;;1211;06/06/2023;14:04:02;37.78;;;;
1212;06/06/2023;14:02:51;37.13;;;;;;;;;;;1212;06/06/2023;14:05:02;37.76;;;;
1213;06/06/2023;14:03:51;37.1;;;;;;;;;;;1213;06/06/2023;14:06:02;37.74;;;;
1214;06/06/2023;14:04:51;37.04;;;;;;;;;;;1214;06/06/2023;14:07:02;37.71;;;;
1215;06/06/2023;14:05:50;37.05;;;;;;;;;;;1215;06/06/2023;14:08:02;37.72;Synchronized;;;
1216;06/06/2023;14:06:50;37.1;Synchronized;;;;;;;;;;1216;06/06/2023;14:09:02;37.74;Synchronized;;;
1217;06/06/2023;14:07:50;37.11;;;;;;;;;;;1217;06/06/2023;14:10:01;37.72;Synchronized;;;
1218;06/06/2023;14:08:50;37.14;Synchronized;;;;;;;;;;1218;06/06/2023;14:11:01;37.7;;;;
1219;06/06/2023;14:09:50;37.16;;;;;;;;;;;1219;06/06/2023;14:12:01;37.71;;;;
1220;06/06/2023;14:10:50;37.13;;;;;;;;;;;1220;06/06/2023;14:13:01;37.69;;;;
1221;06/06/2023;14:11:50;37.16;;;;;;;;;;;1221;06/06/2023;14:14:01;37.69;;;;
1222;06/06/2023;14:12:50;37.13;;;;;;;;;;;1222;06/06/2023;14:15:01;37.65;;;;
1223;06/06/2023;14:13:49;37.15;;;;;;;;;;;1223;06/06/2023;14:16:01;37.59;;;;
1224;06/06/2023;14:14:49;37.21;;;;;;;;;;;1224;06/06/2023;14:17:01;37.6;;;;
1225;06/06/2023;14:15:49;37.24;Synchronized;;;;;;;;;;1225;06/06/2023;14:18:01;37.57;Synchronized;;;
1226;06/06/2023;14:16:49;37.24;;;;;;;;;;;1226;06/06/2023;14:19:01;37.59;;;;
1227;06/06/2023;14:17:49;37.21;;;;;;;;;;;1227;06/06/2023;14:20:01;37.6;;;;
1228;06/06/2023;14:18:49;37.18;;;;;;;;;;;1228;06/06/2023;14:21:01;37.58;;;;
1229;06/06/2023;14:19:49;37.17;;;;;;;;;;;1229;06/06/2023;14:22:01;37.56;;;;
1230;06/06/2023;14:20:49;37.18;;;;;;;;;;;1230;06/06/2023;14:23:01;37.54;;;;
1231;06/06/2023;14:21:49;37.17;;;;;;;;;;;1231;06/06/2023;14:24:01;37.51;;;;
1232;06/06/2023;14:22:48;37.17;;;;;;;;;;;1232;06/06/2023;14:25:01;37.48;;;;
1233;06/06/2023;14:23:48;37.21;;;;;;;;;;;1233;06/06/2023;14:26:01;37.46;;;;
1234;06/06/2023;14:24:48;37.27;;;;;;;;;;;1234;06/06/2023;14:27:01;37.45;;;;
1235;06/06/2023;14:25:48;37.29;;;;;;;;;;;1235;06/06/2023;14:28:01;37.47;;;;
1236;06/06/2023;14:26:48;37.3;;;;;;;;;;;1236;06/06/2023;14:29:01;37.51;;;;
1237;06/06/2023;14:27:48;37.33;;;;;;;;;;;1237;06/06/2023;14:30:01;37.57;;;;
1238;06/06/2023;14:28:48;37.32;;;;;;;;;;;1238;06/06/2023;14:31:01;37.57;;;;
1239;06/06/2023;14:29:48;37.3;;;;;;;;;;;1239;06/06/2023;14:32:00;37.57;;;;
1240;06/06/2023;14:30:47;37.3;;;;;;;;;;;1240;06/06/2023;14:33:00;37.58;Synchronized;;;
1241;06/06/2023;14:31:47;37.32;;;;;;;;;;;1241;06/06/2023;14:34:00;37.63;;;;
1242;06/06/2023;14:32:47;37.3;;;;;;;;;;;1242;06/06/2023;14:35:00;37.63;;;;
1243;06/06/2023;14:33:47;37.3;;;;;;;;;;;1243;06/06/2023;14:36:00;37.66;;;;
1244;06/06/2023;14:34:47;37.27;;;;;;;;;;;1244;06/06/2023;14:37:00;37.67;;;;
1245;06/06/2023;14:35:47;37.25;;;;;;;;;;;1245;06/06/2023;14:38:00;37.68;Synchronized;;;
1246;06/06/2023;14:36:47;37.24;;;;;;;;;;;1246;06/06/2023;14:39:00;37.69;;;;
1247;06/06/2023;14:37:46;37.25;;;;;;;;;;;1247;06/06/2023;14:40:00;37.7;Synchronized;;;
1248;06/06/2023;14:38:46;37.23;;;;;;;;;;;1248;06/06/2023;14:41:00;37.69;;;;
1249;06/06/2023;14:39:46;37.22;Synchronized;;;;;;;;;;1249;06/06/2023;14:42:00;37.66;;;;
1250;06/06/2023;14:40:46;37.2;Synchronized;;;;;;;;;;1250;06/06/2023;14:43:00;37.65;;;;
1251;06/06/2023;14:41:46;37.17;;;;;;;;;;;1251;06/06/2023;14:44:00;37.62;;;;
1252;06/06/2023;14:42:46;37.18;;;;;;;;;;;1252;06/06/2023;14:45:00;37.59;;;;
1253;06/06/2023;14:43:46;37.18;;;;;;;;;;;1253;06/06/2023;14:46:00;37.59;;;;
1254;06/06/2023;14:44:46;37.19;;;;;;;;;;;1254;06/06/2023;14:47:00;37.58;;;;
1255;06/06/2023;14:45:45;37.19;;;;;;;;;;;1255;06/06/2023;14:48:00;37.59;;;;
1256;06/06/2023;14:46:45;37.16;;;;;;;;;;;1256;06/06/2023;14:49:00;37.63;;;;
1257;06/06/2023;14:47:45;37.17;;;;;;;;;;;1257;06/06/2023;14:50:00;37.63;;;;
1258;06/06/2023;14:48:45;37.17;;;;;;;;;;;1258;06/06/2023;14:50:59;37.64;;;;
1259;06/06/2023;14:49:45;37.18;;;;;;;;;;;1259;06/06/2023;14:51:59;37.62;;;;
1260;06/06/2023;14:50:45;37.16;;;;;;;;;;;1260;06/06/2023;14:52:59;37.59;Synchronized;;;
1261;06/06/2023;14:51:45;37.18;;;;;;;;;;;1261;06/06/2023;14:53:59;37.58;;;;
1262;06/06/2023;14:52:45;37.18;;;;;;;;;;;1262;06/06/2023;14:54:59;37.55;;;;
1263;06/06/2023;14:53:44;37.2;;;;;;;;;;;1263;06/06/2023;14:55:59;37.57;;;;
1264;06/06/2023;14:54:44;37.21;;;;;;;;;;;1264;06/06/2023;14:56:59;37.56;Synchronized;;;
1265;06/06/2023;14:55:44;37.2;;;;;;;;;;;1265;06/06/2023;14:57:59;37.56;Synchronized;;;
1266;06/06/2023;14:56:44;37.15;;;;;;;;;;;1266;06/06/2023;14:58:59;37.54;Synchronized;;;
1267;06/06/2023;14:57:44;37.17;;;;;;;;;;;1267;06/06/2023;14:59:59;37.5;Synchronized;;;
1268;06/06/2023;14:58:44;37.18;;;;;;;;;;;1268;06/06/2023;15:00:59;37.52;;;;
1269;06/06/2023;14:59:44;37.21;;;;;;;;;;;1269;06/06/2023;15:01:59;37.52;;;;
1270;06/06/2023;15:00:44;37.23;Synchronized;;;;;;;;;;1270;06/06/2023;15:02:59;37.52;;;;
1271;06/06/2023;15:01:43;37.23;;;;;;;;;;;1271;06/06/2023;15:03:59;37.52;;;;
1272;06/06/2023;15:02:43;37.24;;;;;;;;;;;1272;06/06/2023;15:04:59;37.54;;;;
1273;06/06/2023;15:03:43;37.27;;;;;;;;;;;1273;06/06/2023;15:05:59;37.52;;;;
1274;06/06/2023;15:04:43;37.35;;;;;;;;;;;1274;06/06/2023;15:06:59;37.54;Synchronized;;;
1275;06/06/2023;15:05:43;37.37;;;;;;;;;;;1275;06/06/2023;15:07:59;37.52;;;;
1276;06/06/2023;15:06:43;37.36;;;;;;;;;;;1276;06/06/2023;15:08:59;37.53;;;;
1277;06/06/2023;15:07:43;37.3;;;;;;;;;;;1277;06/06/2023;15:09:59;37.54;;;;
1278;06/06/2023;15:08:42;37.28;;;;;;;;;;;1278;06/06/2023;15:10:59;37.54;;;;
1279;06/06/2023;15:09:42;37.27;;;;;;;;;;;1279;06/06/2023;15:11:59;37.55;;;;
1280;06/06/2023;15:10:42;37.25;;;;;;;;;;;1280;06/06/2023;15:12:58;37.58;;;;
1281;06/06/2023;15:11:42;37.26;;;;;;;;;;;1281;06/06/2023;15:13:58;37.56;;;;
1282;06/06/2023;15:12:42;37.29;;;;;;;;;;;1282;06/06/2023;15:14:58;37.56;;;;
1283;06/06/2023;15:13:42;37.26;;;;;;;;;;;1283;06/06/2023;15:15:58;37.55;;;;
1284;06/06/2023;15:14:42;37.27;;;;;;;;;;;1284;06/06/2023;15:16:58;37.5;;;;
1285;06/06/2023;15:15:42;37.29;;;;;;;;;;;1285;06/06/2023;15:17:58;37.5;;;;
1286;06/06/2023;15:16:42;37.28;;;;;;;;;;;1286;06/06/2023;15:18:58;37.48;;;;
1287;06/06/2023;15:17:42;37.27;;;;;;;;;;;1287;06/06/2023;15:19:58;37.48;Synchronized;;;
1288;06/06/2023;15:18:41;37.28;;;;;;;;;;;1288;06/06/2023;15:20:58;37.45;Synchronized;;;
1289;06/06/2023;15:19:41;37.27;;;;;;;;;;;1289;06/06/2023;15:21:58;37.48;Synchronized;;;
1290;06/06/2023;15:20:41;37.25;;;;;;;;;;;1290;06/06/2023;15:22:58;37.45;;;;
1291;06/06/2023;15:21:41;37.26;;;;;;;;;;;1291;06/06/2023;15:23:58;37.46;;;;
1292;06/06/2023;15:22:41;37.24;;;;;;;;;;;1292;06/06/2023;15:24:58;37.45;;;;
1293;06/06/2023;15:23:41;37.24;;;;;;;;;;;1293;06/06/2023;15:25:58;37.48;;;;
1294;06/06/2023;15:24:41;37.21;;;;;;;;;;;1294;06/06/2023;15:26:58;37.47;;;;
1295;06/06/2023;15:25:41;37.22;;;;;;;;;;;1295;06/06/2023;15:27:58;37.5;;;;
1296;06/06/2023;15:26:40;37.23;;;;;;;;;;;1296;06/06/2023;15:28:58;37.51;;;;
1297;06/06/2023;15:27:40;37.23;;;;;;;;;;;1297;06/06/2023;15:29:58;37.51;;;;
1298;06/06/2023;15:28:40;37.2;;;;;;;;;;;1298;06/06/2023;15:30:58;37.51;;;;
1299;06/06/2023;15:29:40;37.2;;;;;;;;;;;1299;06/06/2023;15:31:58;37.48;;;;
1300;06/06/2023;15:30:40;37.19;;;;;;;;;;;1300;06/06/2023;15:32:58;37.52;;;;
1301;06/06/2023;15:31:40;37.21;;;;;;;;;;;1301;06/06/2023;15:33:58;37.52;;;;
1302;06/06/2023;15:32:40;37.21;;;;;;;;;;;1302;06/06/2023;15:34:58;37.53;;;;
1303;06/06/2023;15:33:40;37.23;Synchronized;;;;;;;;;;1303;06/06/2023;15:35:57;37.52;;;;
1304;06/06/2023;15:34:39;37.22;;;;;;;;;;;1304;06/06/2023;15:36:57;37.53;Synchronized;;;
1305;06/06/2023;15:35:39;37.23;;;;;;;;;;;1305;06/06/2023;15:37:57;37.56;;;;
1306;06/06/2023;15:36:39;37.24;;;;;;;;;;;1306;06/06/2023;15:38:57;37.58;;;;
1307;06/06/2023;15:37:39;37.25;;;;;;;;;;;1307;06/06/2023;15:39:57;37.62;;;;
1308;06/06/2023;15:38:39;37.27;;;;;;;;;;;1308;06/06/2023;15:40:57;37.6;;;;
1309;06/06/2023;15:39:39;37.29;;;;;;;;;;;1309;06/06/2023;15:41:57;37.59;;;;
1310;06/06/2023;15:40:39;37.27;;;;;;;;;;;1310;06/06/2023;15:42:57;37.57;;;;
1311;06/06/2023;15:41:39;37.28;;;;;;;;;;;1311;06/06/2023;15:43:57;37.51;;;;
1312;06/06/2023;15:42:39;37.3;Synchronized;;;;;;;;;;1312;06/06/2023;15:44:57;37.45;;;;
1313;06/06/2023;15:43:38;37.28;Synchronized;;;;;;;;;;1313;06/06/2023;15:45:57;37.39;;;;
1314;06/06/2023;15:44:38;37.29;;;;;;;;;;;1314;06/06/2023;15:46:57;37.32;;;;
1315;06/06/2023;15:45:38;37.28;;;;;;;;;;;1315;06/06/2023;15:47:57;37.34;;;;
1316;06/06/2023;15:46:38;37.26;;;;;;;;;;;1316;06/06/2023;15:48:57;37.33;;;;
1317;06/06/2023;15:47:38;37.24;;;;;;;;;;;1317;06/06/2023;15:49:57;37.34;;;;
1318;06/06/2023;15:48:38;37.25;;;;;;;;;;;1318;06/06/2023;15:50:57;37.3;;;;
1319;06/06/2023;15:49:38;37.26;;;;;;;;;;;1319;06/06/2023;15:51:57;37.3;;;;
1320;06/06/2023;15:50:38;37.23;;;;;;;;;;;1320;06/06/2023;15:52:57;37.31;;;;
1321;06/06/2023;15:51:38;37.23;;;;;;;;;;;1321;06/06/2023;15:53:57;37.3;;;;
1322;06/06/2023;15:52:38;37.22;;;;;;;;;;;1322;06/06/2023;15:54:57;37.3;;;;
1323;06/06/2023;15:53:38;37.23;;;;;;;;;;;1323;06/06/2023;15:55:57;37.31;;;;
1324;06/06/2023;15:54:37;37.19;;;;;;;;;;;1324;06/06/2023;15:56:57;37.28;;;;
1325;06/06/2023;15:55:37;37.23;;;;;;;;;;;1325;06/06/2023;15:57:57;37.27;;;;
1326;06/06/2023;15:56:37;37.22;;;;;;;;;;;1326;06/06/2023;15:58:57;37.3;;;;
1327;06/06/2023;15:57:37;37.23;;;;;;;;;;;1327;06/06/2023;15:59:57;37.31;;;;
1328;06/06/2023;15:58:37;37.23;;;;;;;;;;;1328;06/06/2023;16:00:57;37.31;Synchronized;;;
1329;06/06/2023;15:59:37;37.23;;;;;;;;;;;1329;06/06/2023;16:01:56;37.3;;;;
1330;06/06/2023;16:00:37;37.26;;;;;;;;;;;1330;06/06/2023;16:02:56;37.34;;;;
1331;06/06/2023;16:01:36;37.27;;;;;;;;;;;1331;06/06/2023;16:03:56;37.34;;;;
1332;06/06/2023;16:02:36;37.26;;;;;;;;;;;1332;06/06/2023;16:04:56;37.32;;;;
1333;06/06/2023;16:03:36;37.27;;;;;;;;;;;1333;06/06/2023;16:05:56;37.3;;;;
1334;06/06/2023;16:04:36;37.24;;;;;;;;;;;1334;06/06/2023;16:06:56;37.31;;;;
1335;06/06/2023;16:05:36;37.26;;;;;;;;;;;1335;06/06/2023;16:07:56;37.31;;;;
1336;06/06/2023;16:06:36;37.27;;;;;;;;;;;1336;06/06/2023;16:08:56;37.27;;;;
1337;06/06/2023;16:07:36;37.27;;;;;;;;;;;1337;06/06/2023;16:09:56;37.27;Synchronized;;;
1338;06/06/2023;16:08:36;37.3;;;;;;;;;;;1338;06/06/2023;16:10:56;37.27;;;;
1339;06/06/2023;16:09:35;37.27;;;;;;;;;;;1339;06/06/2023;16:11:56;37.29;;;;
1340;06/06/2023;16:10:35;37.27;;;;;;;;;;;1340;06/06/2023;16:12:56;37.27;;;;
1341;06/06/2023;16:11:35;37.3;;;;;;;;;;;1341;06/06/2023;16:13:56;37.3;;;;
1342;06/06/2023;16:12:35;37.27;;;;;;;;;;;1342;06/06/2023;16:14:56;37.3;;;;
1343;06/06/2023;16:13:35;37.29;;;;;;;;;;;1343;06/06/2023;16:15:56;37.29;;;;
1344;06/06/2023;16:14:35;37.27;;;;;;;;;;;1344;06/06/2023;16:16:56;37.28;;;;
1345;06/06/2023;16:15:35;37.26;;;;;;;;;;;1345;06/06/2023;16:17:56;37.29;;;;
1346;06/06/2023;16:16:34;37.27;;;;;;;;;;;1346;06/06/2023;16:18:56;37.3;;;;
1347;06/06/2023;16:17:34;37.27;;;;;;;;;;;1347;06/06/2023;16:19:56;37.31;;;;
1348;06/06/2023;16:18:34;37.29;;;;;;;;;;;1348;06/06/2023;16:20:56;37.3;;;;
1349;06/06/2023;16:19:34;37.25;;;;;;;;;;;1349;06/06/2023;16:21:56;37.31;;;;
1350;06/06/2023;16:20:34;37.27;;;;;;;;;;;1350;06/06/2023;16:22:56;37.31;;;;
1351;06/06/2023;16:21:34;37.28;;;;;;;;;;;1351;06/06/2023;16:23:56;37.31;;;;
1352;06/06/2023;16:22:34;37.28;;;;;;;;;;;1352;06/06/2023;16:24:56;37.31;;;;
1353;06/06/2023;16:23:34;37.29;;;;;;;;;;;1353;06/06/2023;16:25:55;37.33;;;;
1354;06/06/2023;16:24:33;37.3;;;;;;;;;;;1354;06/06/2023;16:26:55;37.34;;;;
1355;06/06/2023;16:25:33;37.28;;;;;;;;;;;1355;06/06/2023;16:27:55;37.36;;;;
1356;06/06/2023;16:26:33;37.27;;;;;;;;;;;1356;06/06/2023;16:28:55;37.35;;;;
1357;06/06/2023;16:27:33;37.29;;;;;;;;;;;1357;06/06/2023;16:29:55;37.36;;;;
1358;06/06/2023;16:28:33;37.27;;;;;;;;;;;1358;06/06/2023;16:30:55;37.36;;;;
1359;06/06/2023;16:29:33;37.29;;;;;;;;;;;1359;06/06/2023;16:31:55;37.38;;;;
1360;06/06/2023;16:30:33;37.27;;;;;;;;;;;1360;06/06/2023;16:32:55;37.41;;;;
1361;06/06/2023;16:31:32;37.28;;;;;;;;;;;1361;06/06/2023;16:33:55;37.4;;;;
1362;06/06/2023;16:32:32;37.3;;;;;;;;;;;1362;06/06/2023;16:34:55;37.41;;;;
1363;06/06/2023;16:33:32;37.3;;;;;;;;;;;1363;06/06/2023;16:35:55;37.4;;;;
1364;06/06/2023;16:34:32;37.3;;;;;;;;;;;1364;06/06/2023;16:36:55;37.4;;;;
1365;06/06/2023;16:35:32;37.27;;;;;;;;;;;1365;06/06/2023;16:37:55;37.41;;;;
1366;06/06/2023;16:36:32;37.3;;;;;;;;;;;1366;06/06/2023;16:38:55;37.38;;;;
1367;06/06/2023;16:37:32;37.33;;;;;;;;;;;1367;06/06/2023;16:39:55;37.38;;;;
1368;06/06/2023;16:38:31;37.34;;;;;;;;;;;1368;06/06/2023;16:40:55;;Missing data;;;
1369;06/06/2023;16:39:31;37.34;;;;;;;;;;;1369;06/06/2023;16:41:55;;Missing data;;;
1370;06/06/2023;16:40:31;37.36;;;;;;;;;;;1370;06/06/2023;16:42:55;;Missing data;;;
1371;06/06/2023;16:41:31;37.37;;;;;;;;;;;1371;06/06/2023;16:43:55;;Missing data;;;
1372;06/06/2023;16:42:31;37.34;;;;;;;;;;;1372;06/06/2023;16:44:55;;Missing data;;;
1373;06/06/2023;16:43:31;37.34;;;;;;;;;;;1373;06/06/2023;16:45:55;;Missing data;;;
1374;06/06/2023;16:44:31;37.34;;;;;;;;;;;1374;06/06/2023;16:46:55;37.45;;;;
1375;06/06/2023;16:45:30;37.33;;;;;;;;;;;1375;06/06/2023;16:47:55;37.47;;;;
1376;06/06/2023;16:46:30;37.3;;;;;;;;;;;;;;;;;;
1377;06/06/2023;16:47:30;37.32;;;;;;;;;;;;;;;;;;
1378;06/06/2023;16:48:30;37.3;;;;;;;;;;;;;;;;;;
1379;06/06/2023;16:49:30;37.27;;;;;;;;;;;;;;;;;;
1380;06/06/2023;16:50:30;37.3;;;;;;;;;;;;;;;;;;
1381;06/06/2023;16:51:30;37.34;;;;;;;;;;;;;;;;;;
1382;06/06/2023;16:52:29;37.34;;;;;;;;;;;;;;;;;;
1383;06/06/2023;16:53:29;;Missing data;;;;;;;;;;;;;;;;;
1384;06/06/2023;16:54:29;;Missing data;;;;;;;;;;;;;;;;;
1385;06/06/2023;16:55:29;37.3;;;;;;;;;;;;;;;;;;
1386;06/06/2023;16:56:29;37.27;;;;;;;;;;;;;;;;;;
1387;06/06/2023;16:57:29;37.25;;;;;;;;;;;;;;;;;;
1388;06/06/2023;16:58:29;37.27;;;;;;;;;;;;;;;;;;
;
;