SenseLab_M03;
Time Zone;UTC+2:00;
Monitor;80.80.10.EA;
;
Pill n°1;24.00.1D.C5;;;;;;Pill n°2;24.00.1C.DA;;;;;;Pill n°3;24.00.1B.10;;;;;;
Sample number;Date (dd/mm/yyyy);Hour;Temperature (°C);Status;;;Sample number;Date (dd/mm/yyyy);Hour;Temperature (°C);Status;;;Sample number;Date (dd/mm/yyyy);Hour;Temperature (°C);Status;;;
1;05/06/2023;17:46:43;27.45;;;;1;05/06/2023;17:48:59;28.09;;;;1;05/06/2023;17:52:31;28.61;;;;
2;05/06/2023;17:47:43;27.85;;;;2;05/06/2023;17:49:59;28.37;;;;2;05/06/2023;17:53:31;28.88;;;;
3;05/06/2023;17:48:43;27.62;;;;3;05/06/2023;17:50:59;28.03;Synchronized;;;3;05/06/2023;17:54:31;28.45;;;;
4;05/06/2023;17:49:42;27.43;;;;4;05/06/2023;17:51:59;27.77;;;;4;05/06/2023;17:55:31;28.16;;;;
5;05/06/2023;17:50:48;27.32;;;;5;05/06/2023;17:52:59;27.61;;;;5;05/06/2023;17:56:31;27.89;;;;
6;05/06/2023;17:51:45;27.2;Synchronized;;;6;05/06/2023;17:53:59;27.5;;;;6;05/06/2023;17:57:31;27.73;;;;
7;05/06/2023;17:52:42;27.12;;;;7;05/06/2023;17:54:59;27.34;;;;7;05/06/2023;17:58:31;27.55;;;;
8;05/06/2023;17:53:42;27.09;;;;8;05/06/2023;17:55:59;27.22;;;;8;05/06/2023;17:59:31;27.38;;;;
9;05/06/2023;17:54:42;27.04;;;;9;05/06/2023;17:56:59;27.09;;;;9;05/06/2023;18:00:30;27.25;;;;
10;05/06/2023;17:55:41;26.99;;;;10;05/06/2023;17:57:59;27.02;;;;10;05/06/2023;18:01:30;27.15;;;;
11;05/06/2023;17:56:41;26.94;;;;11;05/06/2023;17:58:59;26.93;;;;11;05/06/2023;18:02:30;27.07;;;;
12;05/06/2023;17:57:41;26.92;;;;12;05/06/2023;17:59:59;26.87;;;;12;05/06/2023;18:03:30;26.97;;;;
13;05/06/2023;17:58:41;26.87;;;;13;05/06/2023;18:00:59;26.8;;;;13;05/06/2023;18:04:30;26.78;;;;
14;05/06/2023;17:59:41;26.86;;;;14;05/06/2023;18:01:59;26.75;;;;14;05/06/2023;18:05:30;26.48;;;;
15;05/06/2023;18:00:41;26.84;;;;15;05/06/2023;18:02:59;26.7;;;;15;05/06/2023;18:06:30;26.27;;;;
16;05/06/2023;18:01:41;26.78;;;;16;05/06/2023;18:03:59;26.75;;;;16;05/06/2023;18:07:30;26.06;;;;
17;05/06/2023;18:02:41;26.8;;;;17;05/06/2023;18:04:58;26.43;;;;17;05/06/2023;18:08:30;25.91;Synchronized;;;
18;05/06/2023;18:03:41;26.76;;;;18;05/06/2023;18:05:58;26.23;;;;18;05/06/2023;18:09:30;25.8;;;;
19;05/06/2023;18:04:40;26.58;;;;19;05/06/2023;18:06:58;26.05;;;;19;05/06/2023;18:10:30;25.71;;;;
20;05/06/2023;18:05:40;26.43;;;;20;05/06/2023;18:07:58;25.91;;;;20;05/06/2023;18:11:30;25.63;;;;
21;05/06/2023;18:06:40;26.27;;;;21;05/06/2023;18:08:58;25.78;;;;21;05/06/2023;18:12:30;25.55;;;;
22;05/06/2023;18:07:40;26.12;;;;22;05/06/2023;18:09:58;25.68;;;;22;05/06/2023;18:13:30;25.53;;;;
23;05/06/2023;18:08:40;25.98;;;;23;05/06/2023;18:10:58;25.6;;;;23;05/06/2023;18:14:30;25.47;;;;
24;05/06/2023;18:09:40;25.85;;;;24;05/06/2023;18:11:58;25.52;;;;24;05/06/2023;18:15:30;25.45;;;;
25;05/06/2023;18:10:40;25.74;;;;25;05/06/2023;18:12:58;25.48;;;;25;05/06/2023;18:16:30;25.44;;;;
26;05/06/2023;18:11:40;25.67;;;;26;05/06/2023;18:13:58;25.45;;;;26;05/06/2023;18:17:30;25.44;;;;
27;05/06/2023;18:12:40;25.59;;;;27;05/06/2023;18:14:58;25.42;;;;27;05/06/2023;18:18:30;25.44;;;;
28;05/06/2023;18:13:39;25.57;;;;28;05/06/2023;18:15:58;25.41;;;;28;05/06/2023;18:19:30;25.41;;;;
29;05/06/2023;18:14:39;25.49;;;;29;05/06/2023;18:16:58;25.4;;;;29;05/06/2023;18:20:29;25.41;;;;
30;05/06/2023;18:15:39;25.45;;;;30;05/06/2023;18:17:58;25.39;;;;30;05/06/2023;18:21:29;25.37;;;;
31;05/06/2023;18:16:39;25.45;;;;31;05/06/2023;18:18:58;25.36;;;;31;05/06/2023;18:22:29;25.36;;;;
32;05/06/2023;18:17:39;25.48;;;;32;05/06/2023;18:19:58;25.34;;;;32;05/06/2023;18:23:29;25.33;;;;
33;05/06/2023;18:18:39;25.42;;;;33;05/06/2023;18:20:58;25.3;;;;33;05/06/2023;18:24:29;25.32;;;;
34;05/06/2023;18:19:39;25.38;;;;34;05/06/2023;18:21:58;25.3;;;;34;05/06/2023;18:25:29;25.33;;;;
35;05/06/2023;18:20:39;25.37;;;;35;05/06/2023;18:22:59;25.26;Synchronized;;;35;05/06/2023;18:26:29;25.33;;;;
36;05/06/2023;18:21:39;25.32;;;;36;05/06/2023;18:23:59;25.23;;;;36;05/06/2023;18:27:29;25.34;;;;
37;05/06/2023;18:22:39;25.3;;;;37;05/06/2023;18:24:59;25.25;;;;37;05/06/2023;18:28:29;25.34;;;;
38;05/06/2023;18:23:39;25.28;;;;38;05/06/2023;18:25:59;25.23;;;;38;05/06/2023;18:29:29;25.34;;;;
39;05/06/2023;18:24:38;25.24;;;;39;05/06/2023;18:26:59;25.23;;;;39;05/06/2023;18:30:29;25.34;;;;
40;05/06/2023;18:25:38;25.23;;;;40;05/06/2023;18:27:59;25.25;;;;40;05/06/2023;18:31:29;25.36;;;;
41;05/06/2023;18:26:38;25.24;;;;41;05/06/2023;18:28:59;25.28;;;;41;05/06/2023;18:32:29;25.35;;;;
42;05/06/2023;18:27:38;25.24;;;;42;05/06/2023;18:29:59;25.29;;;;42;05/06/2023;18:33:29;25.34;;;;
43;05/06/2023;18:28:38;25.26;;;;43;05/06/2023;18:30:59;25.28;;;;43;05/06/2023;18:34:29;25.35;;;;
44;05/06/2023;18:29:38;25.27;;;;44;05/06/2023;18:31:59;25.3;;;;44;05/06/2023;18:35:29;25.38;;;;
45;05/06/2023;18:30:38;25.25;;;;45;05/06/2023;18:32:59;25.27;;;;45;05/06/2023;18:36:29;25.38;;;;
46;05/06/2023;18:31:38;25.27;Synchronized;;;46;05/06/2023;18:33:59;25.28;;;;46;05/06/2023;18:37:29;25.38;;;;
47;05/06/2023;18:32:38;25.24;Synchronized;;;47;05/06/2023;18:34:59;25.29;;;;47;05/06/2023;18:38:29;25.38;;;;
48;05/06/2023;18:33:37;25.27;Synchronized;;;48;05/06/2023;18:35:59;25.31;;;;48;05/06/2023;18:39:29;25.38;;;;
49;05/06/2023;18:34:37;25.24;Synchronized;;;49;05/06/2023;18:36:59;25.33;;;;49;05/06/2023;18:40:29;25.38;;;;
50;05/06/2023;18:35:37;25.27;;;;50;05/06/2023;18:37:59;25.31;;;;50;05/06/2023;18:41:29;25.4;;;;
51;05/06/2023;18:36:37;25.26;;;;51;05/06/2023;18:38:59;25.33;;;;51;05/06/2023;18:42:29;25.38;;;;
52;05/06/2023;18:37:37;25.25;;;;52;05/06/2023;18:39:59;25.32;;;;52;05/06/2023;18:43:29;25.38;;;;
53;05/06/2023;18:38:37;25.24;;;;53;05/06/2023;18:40:59;25.31;;;;53;05/06/2023;18:44:29;25.41;;;;
54;05/06/2023;18:39:37;25.27;;;;54;05/06/2023;18:41:59;25.33;;;;54;05/06/2023;18:45:29;25.44;;;;
55;05/06/2023;18:40:37;25.26;;;;55;05/06/2023;18:42:59;25.34;;;;55;05/06/2023;18:46:29;25.45;;;;
56;05/06/2023;18:41:37;25.26;;;;56;05/06/2023;18:43:59;25.32;;;;56;05/06/2023;18:47:29;25.47;;;;
57;05/06/2023;18:42:37;25.26;;;;57;05/06/2023;18:44:59;25.36;;;;57;05/06/2023;18:48:29;25.46;;;;
58;05/06/2023;18:43:37;25.3;;;;58;05/06/2023;18:45:59;25.4;;;;58;05/06/2023;18:49:29;25.46;;;;
59;05/06/2023;18:44:37;25.34;;;;59;05/06/2023;18:46:59;25.38;;;;59;05/06/2023;18:50:29;25.48;;;;
60;05/06/2023;18:45:37;25.4;;;;60;05/06/2023;18:47:59;25.38;;;;60;05/06/2023;18:51:29;25.47;;;;
61;05/06/2023;18:46:37;25.42;;;;61;05/06/2023;18:48:59;25.39;;;;61;05/06/2023;18:52:29;25.44;;;;
62;05/06/2023;18:47:36;25.41;;;;62;05/06/2023;18:49:59;25.38;;;;62;05/06/2023;18:53:29;25.47;;;;
63;05/06/2023;18:48:36;25.41;;;;63;05/06/2023;18:50:59;25.37;;;;63;05/06/2023;18:54:28;25.48;;;;
64;05/06/2023;18:49:36;25.39;;;;64;05/06/2023;18:51:59;25.38;;;;64;05/06/2023;18:55:28;25.48;;;;
65;05/06/2023;18:50:36;25.4;;;;65;05/06/2023;18:52:59;25.38;;;;65;05/06/2023;18:56:28;25.48;;;;
66;05/06/2023;18:51:36;25.38;;;;66;05/06/2023;18:53:59;25.36;;;;66;05/06/2023;18:57:28;25.48;;;;
67;05/06/2023;18:52:36;25.41;;;;67;05/06/2023;18:54:59;25.38;;;;67;05/06/2023;18:58:28;25.51;;;;
68;05/06/2023;18:53:36;25.39;;;;68;05/06/2023;18:55:59;25.39;;;;68;05/06/2023;18:59:28;25.53;;;;
69;05/06/2023;18:54:36;25.37;Synchronized;;;69;05/06/2023;18:56:59;25.39;;;;69;05/06/2023;19:00:28;25.51;;;;
70;05/06/2023;18:55:36;25.4;;;;70;05/06/2023;18:57:59;25.4;;;;70;05/06/2023;19:01:28;25.53;;;;
71;05/06/2023;18:56:36;25.42;;;;71;05/06/2023;18:58:59;25.41;;;;71;05/06/2023;19:02:28;25.52;;;;
72;05/06/2023;18:57:35;25.45;;;;72;05/06/2023;18:59:59;25.41;;;;72;05/06/2023;19:03:28;25.52;;;;
73;05/06/2023;18:58:35;25.5;Synchronized;;;73;05/06/2023;19:00:59;25.41;;;;73;05/06/2023;19:04:28;25.52;;;;
74;05/06/2023;18:59:35;25.5;;;;74;05/06/2023;19:01:59;25.41;;;;74;05/06/2023;19:05:28;25.55;;;;
75;05/06/2023;19:00:35;25.5;;;;75;05/06/2023;19:02:59;25.42;;;;75;05/06/2023;19:06:28;25.55;;;;
76;05/06/2023;19:01:35;25.52;;;;76;05/06/2023;19:03:59;25.4;;;;76;05/06/2023;19:07:28;25.57;;;;
77;05/06/2023;19:02:35;25.52;;;;77;05/06/2023;19:04:59;25.42;;;;77;05/06/2023;19:08:28;25.56;;;;
78;05/06/2023;19:03:35;25.52;;;;78;05/06/2023;19:05:59;25.44;;;;78;05/06/2023;19:09:28;25.58;;;;
79;05/06/2023;19:04:35;25.51;;;;79;05/06/2023;19:06:59;25.45;;;;79;05/06/2023;19:10:28;25.56;;;;
80;05/06/2023;19:05:35;25.52;;;;80;05/06/2023;19:07:59;25.45;;;;80;05/06/2023;19:11:28;25.62;;;;
81;05/06/2023;19:06:35;25.55;;;;81;05/06/2023;19:08:59;25.48;;;;81;05/06/2023;19:12:28;25.6;;;;
82;05/06/2023;19:07:34;25.55;;;;82;05/06/2023;19:09:59;25.48;;;;82;05/06/2023;19:13:28;25.62;;;;
83;05/06/2023;19:08:34;25.61;;;;83;05/06/2023;19:10:59;25.49;;;;83;05/06/2023;19:14:27;25.66;;;;
84;05/06/2023;19:09:34;25.61;;;;84;05/06/2023;19:11:59;25.49;;;;84;05/06/2023;19:15:27;25.65;;;;
85;05/06/2023;19:10:34;25.62;;;;85;05/06/2023;19:12:59;25.52;;;;85;05/06/2023;19:16:27;25.63;;;;
86;05/06/2023;19:11:34;25.63;;;;86;05/06/2023;19:13:59;25.54;;;;86;05/06/2023;19:17:27;25.64;;;;
87;05/06/2023;19:12:34;25.65;;;;87;05/06/2023;19:14:59;25.53;;;;87;05/06/2023;19:18:27;25.65;;;;
88;05/06/2023;19:13:34;25.7;;;;88;05/06/2023;19:15:59;25.55;;;;88;05/06/2023;19:19:27;25.66;;;;
89;05/06/2023;19:14:34;25.76;;;;89;05/06/2023;19:17:00;25.53;;;;89;05/06/2023;19:20:27;25.63;;;;
90;05/06/2023;19:15:34;25.8;;;;90;05/06/2023;19:18:00;25.54;;;;90;05/06/2023;19:21:27;25.67;;;;
91;05/06/2023;19:16:33;25.82;;;;91;05/06/2023;19:19:00;25.55;;;;91;05/06/2023;19:22:27;25.66;;;;
92;05/06/2023;19:17:33;25.84;;;;92;05/06/2023;19:20:00;25.54;;;;92;05/06/2023;19:23:27;25.71;;;;
93;05/06/2023;19:18:33;25.85;;;;93;05/06/2023;19:21:00;25.55;;;;93;05/06/2023;19:24:27;25.71;;;;
94;05/06/2023;19:19:33;25.88;;;;94;05/06/2023;19:22:00;25.55;;;;94;05/06/2023;19:25:27;25.7;;;;
95;05/06/2023;19:20:33;25.88;;;;95;05/06/2023;19:23:00;25.61;;;;95;05/06/2023;19:26:27;25.7;;;;
96;05/06/2023;19:21:33;25.88;;;;96;05/06/2023;19:24:00;25.65;;;;96;05/06/2023;19:27:27;25.67;;;;
97;05/06/2023;19:22:33;25.91;;;;97;05/06/2023;19:25:00;25.64;;;;97;05/06/2023;19:28:27;25.68;;;;
98;05/06/2023;19:23:33;25.97;;;;98;05/06/2023;19:26:00;25.62;;;;98;05/06/2023;19:29:27;25.7;;;;
99;05/06/2023;19:24:32;25.98;;;;99;05/06/2023;19:27:00;25.56;;;;99;05/06/2023;19:30:27;25.67;;;;
100;05/06/2023;19:25:32;25.96;;;;100;05/06/2023;19:28:00;25.55;;;;100;05/06/2023;19:31:27;25.68;;;;
101;05/06/2023;19:26:32;25.88;;;;101;05/06/2023;19:29:00;25.55;;;;101;05/06/2023;19:32:27;25.68;;;;
102;05/06/2023;19:27:32;25.88;;;;102;05/06/2023;19:30:00;25.55;;;;102;05/06/2023;19:33:27;25.69;;;;
103;05/06/2023;19:28:32;25.87;;;;103;05/06/2023;19:31:00;25.53;;;;103;05/06/2023;19:34:26;25.69;;;;
104;05/06/2023;19:29:32;25.86;;;;104;05/06/2023;19:32:00;25.54;;;;104;05/06/2023;19:35:26;25.7;;;;
105;05/06/2023;19:30:32;25.84;;;;105;05/06/2023;19:33:00;25.55;;;;105;05/06/2023;19:36:26;25.7;;;;
106;05/06/2023;19:31:32;25.84;;;;106;05/06/2023;19:34:00;25.55;;;;106;05/06/2023;19:37:26;25.68;;;;
107;05/06/2023;19:32:31;25.83;;;;107;05/06/2023;19:35:00;25.55;;;;107;05/06/2023;19:38:26;25.7;;;;
108;05/06/2023;19:33:31;25.83;;;;108;05/06/2023;19:36:00;25.56;;;;108;05/06/2023;19:39:26;25.68;;;;
109;05/06/2023;19:34:31;25.84;;;;109;05/06/2023;19:37:00;25.55;;;;109;05/06/2023;19:40:26;25.7;;;;
110;05/06/2023;19:35:31;25.85;;;;110;05/06/2023;19:38:00;25.55;;;;110;05/06/2023;19:41:26;25.71;;;;
111;05/06/2023;19:36:31;25.82;;;;111;05/06/2023;19:39:00;25.55;;;;111;05/06/2023;19:42:26;25.72;;;;
112;05/06/2023;19:37:31;25.84;;;;112;05/06/2023;19:40:00;25.56;;;;112;05/06/2023;19:43:26;25.72;;;;
113;05/06/2023;19:38:31;25.82;;;;113;05/06/2023;19:41:00;25.55;;;;113;05/06/2023;19:44:26;25.7;;;;
114;05/06/2023;19:39:31;25.83;;;;114;05/06/2023;19:42:00;25.59;;;;114;05/06/2023;19:45:26;25.7;;;;
115;05/06/2023;19:40:31;25.84;Synchronized;;;115;05/06/2023;19:43:00;25.62;;;;115;05/06/2023;19:46:26;25.7;;;;
116;05/06/2023;19:41:30;25.87;;;;116;05/06/2023;19:44:00;25.6;;;;116;05/06/2023;19:47:26;25.71;;;;
117;05/06/2023;19:42:30;25.91;Synchronized;;;117;05/06/2023;19:45:00;25.63;;;;117;05/06/2023;19:48:26;25.7;;;;
118;05/06/2023;19:43:30;25.95;;;;118;05/06/2023;19:46:00;25.59;;;;118;05/06/2023;19:49:26;25.68;;;;
119;05/06/2023;19:44:30;25.9;;;;119;05/06/2023;19:47:00;25.58;;;;119;05/06/2023;19:50:26;25.7;;;;
120;05/06/2023;19:45:30;25.88;;;;120;05/06/2023;19:48:00;25.56;;;;120;05/06/2023;19:51:26;25.67;;;;
121;05/06/2023;19:46:30;25.85;;;;121;05/06/2023;19:49:00;25.55;;;;121;05/06/2023;19:52:26;25.67;;;;
122;05/06/2023;19:47:30;25.81;;;;122;05/06/2023;19:50:00;25.56;;;;122;05/06/2023;19:53:26;25.66;;;;
123;05/06/2023;19:48:30;25.81;;;;123;05/06/2023;19:51:00;25.55;;;;123;05/06/2023;19:54:25;25.64;;;;
124;05/06/2023;19:49:30;25.79;;;;124;05/06/2023;19:52:00;25.53;;;;124;05/06/2023;19:55:25;25.65;;;;
125;05/06/2023;19:50:30;25.77;;;;125;05/06/2023;19:53:00;25.52;;;;125;05/06/2023;19:56:25;25.63;;;;
126;05/06/2023;19:51:30;25.77;;;;126;05/06/2023;19:54:00;25.48;;;;126;05/06/2023;19:57:25;25.61;;;;
127;05/06/2023;19:52:29;25.74;;;;127;05/06/2023;19:55:00;25.47;;;;127;05/06/2023;19:58:25;25.57;;;;
128;05/06/2023;19:53:29;25.73;;;;128;05/06/2023;19:56:00;25.45;;;;128;05/06/2023;19:59:25;25.58;;;;
129;05/06/2023;19:54:29;25.73;;;;129;05/06/2023;19:57:00;25.45;;;;129;05/06/2023;20:00:25;25.58;;;;
130;05/06/2023;19:55:29;25.71;;;;130;05/06/2023;19:58:00;25.43;;;;130;05/06/2023;20:01:25;25.56;;;;
131;05/06/2023;19:56:29;25.71;;;;131;05/06/2023;19:59:00;25.43;;;;131;05/06/2023;20:02:25;25.56;;;;
132;05/06/2023;19:57:29;25.67;;;;132;05/06/2023;20:00:00;25.42;;;;132;05/06/2023;20:03:25;25.55;;;;
133;05/06/2023;19:58:29;25.67;;;;133;05/06/2023;20:01:00;25.41;;;;133;05/06/2023;20:04:25;25.55;;;;
134;05/06/2023;19:59:29;25.66;;;;134;05/06/2023;20:02:00;25.38;;;;134;05/06/2023;20:05:25;25.55;;;;
135;05/06/2023;20:00:28;25.63;;;;135;05/06/2023;20:03:00;25.38;;;;135;05/06/2023;20:06:25;25.53;;;;
136;05/06/2023;20:01:28;25.63;;;;136;05/06/2023;20:04:00;25.36;;;;136;05/06/2023;20:07:25;25.5;;;;
137;05/06/2023;20:02:28;25.63;;;;137;05/06/2023;20:05:00;25.38;;;;137;05/06/2023;20:08:25;25.5;;;;
138;05/06/2023;20:03:28;25.63;;;;138;05/06/2023;20:06:00;25.35;;;;138;05/06/2023;20:09:25;25.49;;;;
139;05/06/2023;20:04:28;25.6;;;;139;05/06/2023;20:07:00;25.34;;;;139;05/06/2023;20:10:25;25.49;;;;
140;05/06/2023;20:05:28;25.59;;;;140;05/06/2023;20:08:00;25.34;;;;140;05/06/2023;20:11:25;25.48;;;;
141;05/06/2023;20:06:28;25.57;;;;141;05/06/2023;20:09:00;25.31;;;;141;05/06/2023;20:12:25;25.47;;;;
142;05/06/2023;20:07:28;25.55;;;;142;05/06/2023;20:10:00;25.32;;;;142;05/06/2023;20:13:25;25.48;;;;
143;05/06/2023;20:08:28;25.57;;;;143;05/06/2023;20:11:00;25.3;;;;143;05/06/2023;20:14:25;25.46;;;;
144;05/06/2023;20:09:27;25.54;;;;144;05/06/2023;20:12:00;25.32;;;;144;05/06/2023;20:15:25;25.47;;;;
145;05/06/2023;20:10:27;25.54;;;;145;05/06/2023;20:13:00;25.31;;;;145;05/06/2023;20:16:25;25.44;;;;
146;05/06/2023;20:11:27;25.54;;;;146;05/06/2023;20:14:00;25.3;;;;146;05/06/2023;20:17:24;25.46;;;;
147;05/06/2023;20:12:27;25.55;;;;147;05/06/2023;20:15:00;25.28;;;;147;05/06/2023;20:18:24;25.45;;;;
148;05/06/2023;20:13:27;25.52;;;;148;05/06/2023;20:16:00;25.27;;;;148;05/06/2023;20:19:24;25.43;;;;
149;05/06/2023;20:14:27;25.51;;;;149;05/06/2023;20:17:00;25.28;;;;149;05/06/2023;20:20:24;25.45;;;;
150;05/06/2023;20:15:27;25.51;;;;150;05/06/2023;20:18:00;25.27;;;;150;05/06/2023;20:21:24;25.41;;;;
151;05/06/2023;20:16:27;25.52;;;;151;05/06/2023;20:19:00;25.27;;;;151;05/06/2023;20:22:24;25.43;;;;
152;05/06/2023;20:17:26;25.5;;;;152;05/06/2023;20:20:00;25.25;;;;152;05/06/2023;20:23:24;25.41;;;;
153;05/06/2023;20:18:26;25.5;;;;153;05/06/2023;20:21:00;25.23;;;;153;05/06/2023;20:24:24;25.41;;;;
154;05/06/2023;20:19:26;25.48;;;;154;05/06/2023;20:22:00;25.23;;;;154;05/06/2023;20:25:24;25.41;;;;
155;05/06/2023;20:20:26;25.48;;;;155;05/06/2023;20:23:00;25.23;;;;155;05/06/2023;20:26:24;25.4;;;;
156;05/06/2023;20:21:26;25.46;;;;156;05/06/2023;20:24:00;25.22;;;;156;05/06/2023;20:27:24;25.38;;;;
157;05/06/2023;20:22:26;25.46;;;;157;05/06/2023;20:25:00;25.21;;;;157;05/06/2023;20:28:24;25.38;;;;
158;05/06/2023;20:23:26;25.45;;;;158;05/06/2023;20:26:00;25.23;;;;158;05/06/2023;20:29:24;25.36;;;;
159;05/06/2023;20:24:26;25.43;;;;159;05/06/2023;20:27:00;25.21;;;;159;05/06/2023;20:30:24;25.38;Synchronized;;;
160;05/06/2023;20:25:26;25.45;;;;160;05/06/2023;20:28:00;25.22;;;;160;05/06/2023;20:31:24;25.34;;;;
161;05/06/2023;20:26:25;25.45;;;;161;05/06/2023;20:29:00;25.2;;;;161;05/06/2023;20:32:24;25.35;;;;
162;05/06/2023;20:27:25;25.43;;;;162;05/06/2023;20:30:01;25.2;;;;162;05/06/2023;20:33:24;25.34;;;;
163;05/06/2023;20:28:25;25.41;;;;163;05/06/2023;20:31:01;25.2;;;;163;05/06/2023;20:34:24;25.33;;;;
164;05/06/2023;20:29:25;25.41;;;;164;05/06/2023;20:32:01;25.19;;;;164;05/06/2023;20:35:24;25.33;;;;
165;05/06/2023;20:30:25;25.4;;;;165;05/06/2023;20:33:01;25.17;;;;165;05/06/2023;20:36:24;25.37;;;;
166;05/06/2023;20:31:25;25.4;;;;166;05/06/2023;20:34:01;25.18;;;;166;05/06/2023;20:37:24;25.34;;;;
167;05/06/2023;20:32:25;25.38;;;;167;05/06/2023;20:35:01;25.18;;;;167;05/06/2023;20:38:24;25.34;Synchronized;;;
168;05/06/2023;20:33:25;25.4;;;;168;05/06/2023;20:36:01;25.17;;;;168;05/06/2023;20:39:24;25.33;;;;
169;05/06/2023;20:34:25;25.37;;;;169;05/06/2023;20:37:01;25.16;;;;169;05/06/2023;20:40:24;25.32;;;;
170;05/06/2023;20:35:24;25.38;;;;170;05/06/2023;20:38:01;25.16;;;;170;05/06/2023;20:41:24;25.3;Synchronized;;;
171;05/06/2023;20:36:24;25.37;;;;171;05/06/2023;20:39:01;25.15;;;;171;05/06/2023;20:42:24;25.29;;;;
172;05/06/2023;20:37:24;25.34;;;;172;05/06/2023;20:40:01;25.15;;;;172;05/06/2023;20:43:24;25.3;;;;
173;05/06/2023;20:38:24;25.34;;;;173;05/06/2023;20:41:01;25.15;Synchronized;;;173;05/06/2023;20:44:24;25.3;;;;
174;05/06/2023;20:39:24;25.34;;;;174;05/06/2023;20:42:01;25.16;;;;174;05/06/2023;20:45:24;25.3;;;;
175;05/06/2023;20:40:24;25.34;;;;175;05/06/2023;20:43:01;25.12;;;;175;05/06/2023;20:46:24;25.29;;;;
176;05/06/2023;20:41:24;25.33;Synchronized;;;176;05/06/2023;20:44:01;25.13;;;;176;05/06/2023;20:47:24;25.3;;;;
177;05/06/2023;20:42:24;25.32;;;;177;05/06/2023;20:45:01;25.1;;;;177;05/06/2023;20:48:24;25.28;;;;
178;05/06/2023;20:43:24;25.33;;;;178;05/06/2023;20:46:01;25.12;;;;178;05/06/2023;20:49:24;25.28;;;;
179;05/06/2023;20:44:24;25.32;;;;179;05/06/2023;20:47:01;25.11;;;;179;05/06/2023;20:50:24;25.28;;;;
180;05/06/2023;20:45:23;25.32;;;;180;05/06/2023;20:48:01;25.1;;;;180;05/06/2023;20:51:24;25.29;;;;
181;05/06/2023;20:46:23;25.28;;;;181;05/06/2023;20:49:01;25.1;;;;181;05/06/2023;20:52:24;25.26;;;;
182;05/06/2023;20:47:23;25.3;;;;182;05/06/2023;20:50:01;25.1;;;;182;05/06/2023;20:53:24;25.27;;;;
183;05/06/2023;20:48:23;25.3;;;;183;05/06/2023;20:51:01;25.1;;;;183;05/06/2023;20:54:24;25.26;;;;
184;05/06/2023;20:49:23;25.28;;;;184;05/06/2023;20:52:01;25.1;;;;184;05/06/2023;20:55:24;25.27;;;;
185;05/06/2023;20:50:23;25.3;;;;185;05/06/2023;20:53:01;25.09;;;;185;05/06/2023;20:56:24;25.27;;;;
186;05/06/2023;20:51:23;25.3;;;;186;05/06/2023;20:54:02;25.09;Synchronized;;;186;05/06/2023;20:57:24;25.27;;;;
187;05/06/2023;20:52:23;25.28;;;;187;05/06/2023;20:55:02;25.1;;;;187;05/06/2023;20:58:24;25.26;;;;
188;05/06/2023;20:53:23;25.29;;;;188;05/06/2023;20:56:02;25.09;;;;188;05/06/2023;20:59:24;25.27;;;;
189;05/06/2023;20:54:23;25.27;;;;189;05/06/2023;20:57:02;25.08;;;;189;05/06/2023;21:00:24;25.24;;;;
190;05/06/2023;20:55:22;25.27;;;;190;05/06/2023;20:58:02;25.06;;;;190;05/06/2023;21:01:24;25.23;;;;
191;05/06/2023;20:56:22;25.26;;;;191;05/06/2023;20:59:02;25.07;;;;191;05/06/2023;21:02:24;25.27;;;;
192;05/06/2023;20:57:22;25.29;;;;192;05/06/2023;21:00:02;25.09;;;;192;05/06/2023;21:03:23;25.25;;;;
193;05/06/2023;20:58:22;25.27;;;;193;05/06/2023;21:01:02;25.07;;;;193;05/06/2023;21:04:23;25.23;;;;
194;05/06/2023;20:59:22;25.26;;;;194;05/06/2023;21:02:02;25.05;;;;194;05/06/2023;21:05:23;25.23;;;;
195;05/06/2023;21:00:22;25.26;Synchronized;;;195;05/06/2023;21:03:02;25.09;;;;195;05/06/2023;21:06:23;25.23;;;;
196;05/06/2023;21:01:22;25.26;;;;196;05/06/2023;21:04:02;25.06;;;;196;05/06/2023;21:07:23;25.23;;;;
197;05/06/2023;21:02:22;25.23;;;;197;05/06/2023;21:05:02;25.06;;;;197;05/06/2023;21:08:23;25.22;;;;
198;05/06/2023;21:03:22;25.23;;;;198;05/06/2023;21:06:02;25.05;;;;198;05/06/2023;21:09:23;25.22;;;;
199;05/06/2023;21:04:22;25.23;;;;199;05/06/2023;21:07:02;25.05;;;;199;05/06/2023;21:10:23;25.22;;;;
200;05/06/2023;21:05:21;25.23;;;;200;05/06/2023;21:08:02;25.05;;;;200;05/06/2023;21:11:23;25.21;;;;
201;05/06/2023;21:06:21;25.21;;;;201;05/06/2023;21:09:02;25.05;;;;201;05/06/2023;21:12:23;25.22;;;;
202;05/06/2023;21:07:21;25.24;;;;202;05/06/2023;21:10:02;25.05;;;;202;05/06/2023;21:13:23;25.21;;;;
203;05/06/2023;21:08:21;25.2;;;;203;05/06/2023;21:11:02;25.05;;;;203;05/06/2023;21:14:23;25.22;;;;
204;05/06/2023;21:09:21;25.22;;;;204;05/06/2023;21:12:02;25.04;;;;204;05/06/2023;21:15:23;25.21;;;;
205;05/06/2023;21:10:21;25.22;;;;205;05/06/2023;21:13:02;25.05;;;;205;05/06/2023;21:16:23;25.2;;;;
206;05/06/2023;21:11:21;25.19;;;;206;05/06/2023;21:14:03;25.04;Synchronized;;;206;05/06/2023;21:17:23;25.2;;;;
207;05/06/2023;21:12:21;25.21;;;;207;05/06/2023;21:15:03;25.04;;;;207;05/06/2023;21:18:23;25.21;;;;
208;05/06/2023;21:13:21;25.19;;;;208;05/06/2023;21:16:03;25.04;;;;208;05/06/2023;21:19:23;25.21;;;;
209;05/06/2023;21:14:21;25.22;;;;209;05/06/2023;21:17:03;25.04;;;;209;05/06/2023;21:20:23;25.2;;;;
210;05/06/2023;21:15:21;25.19;;;;210;05/06/2023;21:18:03;25.01;;;;210;05/06/2023;21:21:23;25.2;;;;
211;05/06/2023;21:16:21;25.19;;;;211;05/06/2023;21:19:03;25.03;;;;211;05/06/2023;21:22:23;25.17;;;;
212;05/06/2023;21:17:20;25.17;;;;212;05/06/2023;21:20:03;25.02;;;;212;05/06/2023;21:23:23;25.2;;;;
213;05/06/2023;21:18:20;25.17;;;;213;05/06/2023;21:21:03;25;;;;213;05/06/2023;21:24:23;25.17;;;;
214;05/06/2023;21:19:20;25.18;;;;214;05/06/2023;21:22:03;25.03;;;;214;05/06/2023;21:25:23;25.19;;;;
215;05/06/2023;21:20:20;25.18;;;;215;05/06/2023;21:23:03;25.05;;;;215;05/06/2023;21:26:23;25.18;;;;
216;05/06/2023;21:21:20;25.17;;;;216;05/06/2023;21:24:03;25;;;;216;05/06/2023;21:27:23;25.16;;;;
217;05/06/2023;21:22:20;25.18;;;;217;05/06/2023;21:25:03;25.03;;;;217;05/06/2023;21:28:23;25.17;Synchronized;;;
218;05/06/2023;21:23:20;25.17;;;;218;05/06/2023;21:26:03;25.01;;;;218;05/06/2023;21:29:23;25.18;;;;
219;05/06/2023;21:24:20;25.16;;;;219;05/06/2023;21:27:03;25.01;;;;219;05/06/2023;21:30:23;25.17;;;;
220;05/06/2023;21:25:20;25.16;;;;220;05/06/2023;21:28:03;25;;;;220;05/06/2023;21:31:23;25.17;;;;
221;05/06/2023;21:26:20;25.16;;;;221;05/06/2023;21:29:03;24.99;Synchronized;;;221;05/06/2023;21:32:23;25.15;;;;
222;05/06/2023;21:27:20;25.15;;;;222;05/06/2023;21:30:03;25.02;;;;222;05/06/2023;21:33:23;25.16;;;;
223;05/06/2023;21:28:20;25.15;;;;223;05/06/2023;21:31:03;24.99;;;;223;05/06/2023;21:34:23;25.15;;;;
224;05/06/2023;21:29:20;25.19;;;;224;05/06/2023;21:32:03;24.99;;;;224;05/06/2023;21:35:23;25.18;;;;
225;05/06/2023;21:30:19;25.13;;;;225;05/06/2023;21:33:03;24.97;;;;225;05/06/2023;21:36:23;25.16;;;;
226;05/06/2023;21:31:19;25.15;;;;226;05/06/2023;21:34:03;24.98;;;;226;05/06/2023;21:37:23;25.16;;;;
227;05/06/2023;21:32:19;25.14;;;;227;05/06/2023;21:35:03;24.98;;;;227;05/06/2023;21:38:23;25.14;;;;
228;05/06/2023;21:33:19;25.13;;;;228;05/06/2023;21:36:03;24.96;;;;228;05/06/2023;21:39:23;25.14;;;;
229;05/06/2023;21:34:19;25.12;;;;229;05/06/2023;21:37:03;24.98;;;;229;05/06/2023;21:40:23;25.13;;;;
230;05/06/2023;21:35:19;25.13;;;;230;05/06/2023;21:38:03;24.98;;;;230;05/06/2023;21:41:23;25.17;;;;
231;05/06/2023;21:36:19;25.11;;;;231;05/06/2023;21:39:03;24.99;;;;231;05/06/2023;21:42:23;25.15;;;;
232;05/06/2023;21:37:19;25.12;;;;232;05/06/2023;21:40:03;24.98;;;;232;05/06/2023;21:43:23;25.13;;;;
233;05/06/2023;21:38:19;25.13;;;;233;05/06/2023;21:41:03;24.97;;;;233;05/06/2023;21:44:23;25.16;;;;
234;05/06/2023;21:39:19;25.12;;;;234;05/06/2023;21:42:03;24.97;;;;234;05/06/2023;21:45:23;25.13;;;;
235;05/06/2023;21:40:19;25.13;;;;235;05/06/2023;21:43:04;24.98;;;;235;05/06/2023;21:46:23;25.13;;;;
236;05/06/2023;21:41:19;25.12;;;;236;05/06/2023;21:44:04;24.98;;;;236;05/06/2023;21:47:23;25.13;;;;
237;05/06/2023;21:42:18;25.13;;;;237;05/06/2023;21:45:04;24.97;;;;237;05/06/2023;21:48:23;25.11;;;;
238;05/06/2023;21:43:18;25.12;;;;238;05/06/2023;21:46:04;24.95;;;;238;05/06/2023;21:49:23;25.12;;;;
239;05/06/2023;21:44:18;25.12;;;;239;05/06/2023;21:47:04;24.95;;;;239;05/06/2023;21:50:23;25.12;;;;
240;05/06/2023;21:45:18;25.1;;;;240;05/06/2023;21:48:04;24.97;;;;240;05/06/2023;21:51:23;25.13;;;;
241;05/06/2023;21:46:18;25.1;;;;241;05/06/2023;21:49:04;24.96;;;;241;05/06/2023;21:52:23;25.14;;;;
242;05/06/2023;21:47:18;25.1;;;;242;05/06/2023;21:50:04;24.96;;;;242;05/06/2023;21:53:23;25.13;;;;
243;05/06/2023;21:48:18;25.1;;;;243;05/06/2023;21:51:04;24.94;;;;243;05/06/2023;21:54:23;25.13;Synchronized;;;
244;05/06/2023;21:49:18;25.08;;;;244;05/06/2023;21:52:04;24.95;;;;244;05/06/2023;21:55:23;25.13;;;;
245;05/06/2023;21:50:18;25.09;;;;245;05/06/2023;21:53:03;24.95;;;;245;05/06/2023;21:56:23;25.13;;;;
246;05/06/2023;21:51:18;25.09;;;;246;05/06/2023;21:54:04;24.96;;;;246;05/06/2023;21:57:23;25.11;Synchronized;;;
247;05/06/2023;21:52:18;25.09;;;;247;05/06/2023;21:55:04;24.96;;;;247;05/06/2023;21:58:23;25.13;;;;
248;05/06/2023;21:53:18;25.09;;;;248;05/06/2023;21:56:04;24.96;;;;248;05/06/2023;21:59:23;25.11;;;;
249;05/06/2023;21:54:18;25.09;;;;249;05/06/2023;21:57:04;24.95;;;;249;05/06/2023;22:00:23;25.11;;;;
250;05/06/2023;21:55:17;25.09;;;;250;05/06/2023;21:58:04;24.97;;;;250;05/06/2023;22:01:23;25.1;;;;
251;05/06/2023;21:56:17;25.08;;;;251;05/06/2023;21:59:04;24.94;;;;251;05/06/2023;22:02:23;25.12;;;;
252;05/06/2023;21:57:17;25.09;;;;252;05/06/2023;22:00:03;24.95;;;;252;05/06/2023;22:03:23;25.11;;;;
253;05/06/2023;21:58:17;25.09;;;;253;05/06/2023;22:01:04;24.96;;;;253;05/06/2023;22:04:23;25.1;;;;
254;05/06/2023;21:59:17;25.06;;;;254;05/06/2023;22:02:04;24.95;Synchronized;;;254;05/06/2023;22:05:23;25.09;;;;
255;05/06/2023;22:00:17;25.05;;;;255;05/06/2023;22:03:04;24.93;;;;255;05/06/2023;22:06:23;25.1;;;;
256;05/06/2023;22:01:17;25.03;;;;256;05/06/2023;22:04:04;24.95;;;;256;05/06/2023;22:07:23;25.1;;;;
257;05/06/2023;22:02:17;25.05;;;;257;05/06/2023;22:05:04;24.95;;;;257;05/06/2023;22:08:23;25.09;;;;
258;05/06/2023;22:03:17;25.04;;;;258;05/06/2023;22:06:04;24.93;;;;258;05/06/2023;22:09:23;25.09;;;;
259;05/06/2023;22:04:17;25.05;;;;259;05/06/2023;22:07:04;24.94;;;;259;05/06/2023;22:10:23;25.07;;;;
260;05/06/2023;22:05:17;25.05;;;;260;05/06/2023;22:08:04;24.92;;;;260;05/06/2023;22:11:23;25.09;;;;
261;05/06/2023;22:06:17;25.05;;;;261;05/06/2023;22:09:04;24.92;;;;261;05/06/2023;22:12:23;25.1;;;;
262;05/06/2023;22:07:17;25.05;;;;262;05/06/2023;22:10:04;24.93;;;;262;05/06/2023;22:13:23;25.08;;;;
263;05/06/2023;22:08:16;25.04;;;;263;05/06/2023;22:11:04;24.92;Synchronized;;;263;05/06/2023;22:14:23;25.09;;;;
264;05/06/2023;22:09:16;25.03;;;;264;05/06/2023;22:12:04;24.91;Synchronized;;;264;05/06/2023;22:15:23;25.08;;;;
265;05/06/2023;22:10:16;25.02;;;;265;05/06/2023;22:13:04;24.93;;;;265;05/06/2023;22:16:23;25.06;Synchronized;;;
266;05/06/2023;22:11:16;25.02;;;;266;05/06/2023;22:14:04;24.91;;;;266;05/06/2023;22:17:23;25.08;;;;
267;05/06/2023;22:12:16;25.04;;;;267;05/06/2023;22:15:04;24.92;;;;267;05/06/2023;22:18:23;25.07;;;;
268;05/06/2023;22:13:16;25.02;;;;268;05/06/2023;22:16:04;24.92;;;;268;05/06/2023;22:19:23;25.07;;;;
269;05/06/2023;22:14:16;25.02;;;;269;05/06/2023;22:17:03;24.91;;;;269;05/06/2023;22:20:23;25.08;;;;
270;05/06/2023;22:15:16;25.02;;;;270;05/06/2023;22:18:03;24.91;;;;270;05/06/2023;22:21:23;25.09;;;;
271;05/06/2023;22:16:16;25.02;;;;271;05/06/2023;22:19:03;24.91;;;;271;05/06/2023;22:22:23;25.05;;;;
272;05/06/2023;22:17:16;25;;;;272;05/06/2023;22:20:03;24.91;;;;272;05/06/2023;22:23:23;25.08;;;;
273;05/06/2023;22:18:16;25.01;;;;273;05/06/2023;22:21:03;24.91;;;;273;05/06/2023;22:24:23;25.07;;;;
274;05/06/2023;22:19:16;24.99;;;;274;05/06/2023;22:22:03;24.89;;;;274;05/06/2023;22:25:23;25.08;;;;
275;05/06/2023;22:20:16;25.02;;;;275;05/06/2023;22:23:03;24.91;;;;275;05/06/2023;22:26:23;25.07;;;;
276;05/06/2023;22:21:16;25.02;;;;276;05/06/2023;22:24:03;24.89;;;;276;05/06/2023;22:27:23;25.06;;;;
277;05/06/2023;22:22:15;25.01;;;;277;05/06/2023;22:25:03;24.89;;;;277;05/06/2023;22:28:23;25.05;;;;
278;05/06/2023;22:23:15;25.01;;;;278;05/06/2023;22:26:03;24.91;;;;278;05/06/2023;22:29:23;25.05;;;;
279;05/06/2023;22:24:15;25;;;;279;05/06/2023;22:27:03;24.88;;;;279;05/06/2023;22:30:23;25.07;;;;
280;05/06/2023;22:25:15;24.99;;;;280;05/06/2023;22:28:03;24.87;;;;280;05/06/2023;22:31:23;25.05;;;;
281;05/06/2023;22:26:15;24.98;;;;281;05/06/2023;22:29:03;24.88;;;;281;05/06/2023;22:32:23;25.06;;;;
282;05/06/2023;22:27:15;24.98;;;;282;05/06/2023;22:30:03;24.89;;;;282;05/06/2023;22:33:23;25.05;;;;
283;05/06/2023;22:28:15;24.98;;;;283;05/06/2023;22:31:03;24.88;;;;283;05/06/2023;22:34:23;25.05;;;;
284;05/06/2023;22:29:15;24.99;;;;284;05/06/2023;22:32:03;24.89;;;;284;05/06/2023;22:35:23;25.05;;;;
285;05/06/2023;22:30:15;24.99;;;;285;05/06/2023;22:33:03;24.88;;;;285;05/06/2023;22:36:22;25.07;;;;
286;05/06/2023;22:31:15;24.99;;;;286;05/06/2023;22:34:02;24.87;;;;286;05/06/2023;22:37:22;25.05;;;;
287;05/06/2023;22:32:15;24.98;;;;287;05/06/2023;22:35:02;24.88;;;;287;05/06/2023;22:38:22;25.04;;;;
288;05/06/2023;22:33:15;24.98;;;;288;05/06/2023;22:36:02;24.89;;;;288;05/06/2023;22:39:22;25.05;;;;
289;05/06/2023;22:34:15;24.98;;;;289;05/06/2023;22:37:02;24.88;;;;289;05/06/2023;22:40:22;25.05;;;;
290;05/06/2023;22:35:15;24.98;;;;290;05/06/2023;22:38:02;24.88;;;;290;05/06/2023;22:41:22;25.04;;;;
291;05/06/2023;22:36:15;24.97;;;;291;05/06/2023;22:39:02;24.89;;;;291;05/06/2023;22:42:22;25.05;;;;
292;05/06/2023;22:37:14;24.96;;;;292;05/06/2023;22:40:02;24.88;;;;292;05/06/2023;22:43:22;25.02;;;;
293;05/06/2023;22:38:14;24.97;;;;293;05/06/2023;22:41:02;24.86;;;;293;05/06/2023;22:44:22;25.04;;;;
294;05/06/2023;22:39:14;24.98;;;;294;05/06/2023;22:42:02;24.87;;;;294;05/06/2023;22:45:22;25.05;;;;
295;05/06/2023;22:40:14;24.98;;;;295;05/06/2023;22:43:02;24.88;;;;295;05/06/2023;22:46:22;25.02;;;;
296;05/06/2023;22:41:14;24.98;Synchronized;;;296;05/06/2023;22:44:02;24.84;;;;296;05/06/2023;22:47:22;25.05;;;;
297;05/06/2023;22:42:14;24.96;;;;297;05/06/2023;22:45:02;24.89;;;;297;05/06/2023;22:48:22;25.04;;;;
298;05/06/2023;22:43:14;24.97;;;;298;05/06/2023;22:46:02;24.87;Synchronized;;;298;05/06/2023;22:49:22;25.02;;;;
299;05/06/2023;22:44:14;24.97;;;;299;05/06/2023;22:47:02;24.88;;;;299;05/06/2023;22:50:22;25.05;;;;
300;05/06/2023;22:45:14;24.97;;;;300;05/06/2023;22:48:02;24.86;;;;300;05/06/2023;22:51:22;25.04;;;;
301;05/06/2023;22:46:14;24.96;;;;301;05/06/2023;22:49:02;24.86;;;;301;05/06/2023;22:52:22;25.05;;;;
302;05/06/2023;22:47:14;24.96;;;;302;05/06/2023;22:50:02;24.85;;;;302;05/06/2023;22:53:22;25.01;;;;
303;05/06/2023;22:48:14;24.97;;;;303;05/06/2023;22:51:02;24.85;;;;303;05/06/2023;22:54:22;25.05;;;;
304;05/06/2023;22:49:14;24.98;;;;304;05/06/2023;22:52:02;24.86;;;;304;05/06/2023;22:55:22;25.05;;;;
305;05/06/2023;22:50:14;24.96;;;;305;05/06/2023;22:53:01;24.85;;;;305;05/06/2023;22:56:22;25.02;;;;
306;05/06/2023;22:51:14;24.96;;;;306;05/06/2023;22:54:01;24.85;;;;306;05/06/2023;22:57:22;25.02;;;;
307;05/06/2023;22:52:13;24.95;;;;307;05/06/2023;22:55:01;24.86;;;;307;05/06/2023;22:58:22;25.04;;;;
308;05/06/2023;22:53:13;24.96;;;;308;05/06/2023;22:56:01;24.84;Synchronized;;;308;05/06/2023;22:59:22;25.01;;;;
309;05/06/2023;22:54:13;24.96;;;;309;05/06/2023;22:57:01;24.84;;;;309;05/06/2023;23:00:22;25.05;;;;
310;05/06/2023;22:55:13;24.96;;;;310;05/06/2023;22:58:01;24.84;;;;310;05/06/2023;23:01:22;25.04;;;;
311;05/06/2023;22:56:13;24.96;;;;311;05/06/2023;22:59:01;24.84;;;;311;05/06/2023;23:02:22;25.05;;;;
312;05/06/2023;22:57:13;24.98;;;;312;05/06/2023;23:00:01;24.84;;;;312;05/06/2023;23:03:22;25.01;;;;
313;05/06/2023;22:58:13;24.95;;;;313;05/06/2023;23:01:01;24.84;;;;313;05/06/2023;23:04:22;25.02;;;;
314;05/06/2023;22:59:13;24.92;;;;314;05/06/2023;23:02:01;24.87;;;;314;05/06/2023;23:05:22;25.02;;;;
315;05/06/2023;23:00:13;24.95;;;;315;05/06/2023;23:03:01;24.84;;;;315;05/06/2023;23:06:22;25.02;;;;
316;05/06/2023;23:01:13;24.95;;;;316;05/06/2023;23:04:01;24.83;;;;316;05/06/2023;23:07:22;25.02;;;;
317;05/06/2023;23:02:13;24.94;;;;317;05/06/2023;23:05:01;24.84;;;;317;05/06/2023;23:08:22;25.04;;;;
318;05/06/2023;23:03:13;24.95;;;;318;05/06/2023;23:06:01;24.84;;;;318;05/06/2023;23:09:22;25.02;;;;
319;05/06/2023;23:04:13;24.91;;;;319;05/06/2023;23:07:01;24.84;;;;319;05/06/2023;23:10:22;25.02;;;;
320;05/06/2023;23:05:13;24.93;;;;320;05/06/2023;23:08:01;24.84;;;;320;05/06/2023;23:11:22;25.02;;;;
321;05/06/2023;23:06:13;24.95;;;;321;05/06/2023;23:09:01;24.84;;;;321;05/06/2023;23:12:22;25.04;;;;
322;05/06/2023;23:07:12;24.92;;;;322;05/06/2023;23:10:01;24.82;;;;322;05/06/2023;23:13:22;25.04;;;;
323;05/06/2023;23:08:12;24.93;;;;323;05/06/2023;23:11:01;24.82;;;;323;05/06/2023;23:14:22;25.01;;;;
324;05/06/2023;23:09:12;24.93;;;;324;05/06/2023;23:12:01;24.83;;;;324;05/06/2023;23:15:22;25.02;;;;
325;05/06/2023;23:10:12;24.95;;;;325;05/06/2023;23:13:01;24.83;;;;325;05/06/2023;23:16:22;25.02;;;;
326;05/06/2023;23:11:12;24.93;;;;326;05/06/2023;23:14:01;24.83;;;;326;05/06/2023;23:17:22;25.02;;;;
327;05/06/2023;23:12:12;24.93;;;;327;05/06/2023;23:15:01;24.83;;;;327;05/06/2023;23:18:22;25.02;;;;
328;05/06/2023;23:13:12;24.94;;;;328;05/06/2023;23:16:01;24.84;;;;328;05/06/2023;23:19:22;25.05;;;;
329;05/06/2023;23:14:12;24.93;;;;329;05/06/2023;23:17:01;24.82;Synchronized;;;329;05/06/2023;23:20:22;25.04;;;;
330;05/06/2023;23:15:12;24.92;;;;330;05/06/2023;23:18:01;24.84;;;;330;05/06/2023;23:21:22;25.02;;;;
331;05/06/2023;23:16:12;24.91;;;;331;05/06/2023;23:19:01;24.82;;;;331;05/06/2023;23:22:22;25.05;;;;
332;05/06/2023;23:17:12;24.93;;;;332;05/06/2023;23:20:01;24.81;;;;332;05/06/2023;23:23:22;25.04;;;;
333;05/06/2023;23:18:12;24.93;;;;333;05/06/2023;23:21:01;24.81;;;;333;05/06/2023;23:24:22;25.02;;;;
334;05/06/2023;23:19:12;24.94;;;;334;05/06/2023;23:22:01;24.83;;;;334;05/06/2023;23:25:22;25.05;;;;
335;05/06/2023;23:20:12;24.93;;;;335;05/06/2023;23:23:01;24.82;;;;335;05/06/2023;23:26:22;25.06;;;;
336;05/06/2023;23:21:12;24.91;;;;336;05/06/2023;23:24:01;24.83;;;;336;05/06/2023;23:27:22;25.04;;;;
337;05/06/2023;23:22:12;24.91;;;;337;05/06/2023;23:25:01;24.82;;;;337;05/06/2023;23:28:22;25.05;;;;
338;05/06/2023;23:23:11;24.91;;;;338;05/06/2023;23:26:01;24.81;;;;338;05/06/2023;23:29:22;25.05;;;;
339;05/06/2023;23:24:11;24.91;;;;339;05/06/2023;23:27:01;24.82;;;;339;05/06/2023;23:30:22;25.05;;;;
340;05/06/2023;23:25:11;24.91;;;;340;05/06/2023;23:28:01;24.82;;;;340;05/06/2023;23:31:22;25.04;;;;
341;05/06/2023;23:26:11;24.92;;;;341;05/06/2023;23:29:01;24.84;;;;341;05/06/2023;23:32:22;25.05;;;;
342;05/06/2023;23:27:11;24.92;;;;342;05/06/2023;23:30:01;24.81;;;;342;05/06/2023;23:33:22;25.05;;;;
343;05/06/2023;23:28:11;24.91;;;;343;05/06/2023;23:31:01;24.8;;;;343;05/06/2023;23:34:22;25.06;;;;
344;05/06/2023;23:29:11;24.92;;;;344;05/06/2023;23:32:01;24.83;;;;344;05/06/2023;23:35:22;25.04;;;;
345;05/06/2023;23:30:11;24.93;;;;345;05/06/2023;23:33:01;24.84;;;;345;05/06/2023;23:36:22;25.04;;;;
346;05/06/2023;23:31:11;24.92;;;;346;05/06/2023;23:34:01;24.84;;;;346;05/06/2023;23:37:22;25.04;;;;
347;05/06/2023;23:32:11;24.93;;;;347;05/06/2023;23:35:01;24.82;;;;347;05/06/2023;23:38:22;25.07;;;;
348;05/06/2023;23:33:11;24.93;;;;348;05/06/2023;23:36:01;24.82;Synchronized;;;348;05/06/2023;23:39:22;25.05;;;;
349;05/06/2023;23:34:11;24.95;;;;349;05/06/2023;23:37:01;24.84;;;;349;05/06/2023;23:40:22;25.05;;;;
350;05/06/2023;23:35:11;24.94;;;;350;05/06/2023;23:38:01;24.86;;;;350;05/06/2023;23:41:22;25.05;;;;
351;05/06/2023;23:36:10;24.95;;;;351;05/06/2023;23:39:01;24.83;;;;351;05/06/2023;23:42:22;25.05;;;;
352;05/06/2023;23:37:10;24.95;;;;352;05/06/2023;23:40:01;24.82;;;;352;05/06/2023;23:43:22;25.04;;;;
353;05/06/2023;23:38:10;24.95;;;;353;05/06/2023;23:41:01;24.83;;;;353;05/06/2023;23:44:22;25.06;;;;
354;05/06/2023;23:39:10;24.95;;;;354;05/06/2023;23:42:01;24.83;;;;354;05/06/2023;23:45:22;25.06;;;;
355;05/06/2023;23:40:10;24.95;;;;355;05/06/2023;23:43:01;24.86;;;;355;05/06/2023;23:46:22;25.06;;;;
356;05/06/2023;23:41:10;24.96;;;;356;05/06/2023;23:44:01;24.81;;;;356;05/06/2023;23:47:22;25.05;;;;
357;05/06/2023;23:42:10;24.95;;;;357;05/06/2023;23:45:01;24.82;;;;357;05/06/2023;23:48:22;25.06;;;;
358;05/06/2023;23:43:10;24.95;;;;358;05/06/2023;23:46:01;24.84;;;;358;05/06/2023;23:49:22;25.06;;;;
359;05/06/2023;23:44:10;24.96;;;;359;05/06/2023;23:47:01;24.84;;;;359;05/06/2023;23:50:22;25.06;;;;
360;05/06/2023;23:45:10;24.98;;;;360;05/06/2023;23:48:01;24.81;;;;360;05/06/2023;23:51:22;25.05;;;;
361;05/06/2023;23:46:10;24.97;;;;361;05/06/2023;23:49:01;24.83;;;;361;05/06/2023;23:52:22;25.05;;;;
362;05/06/2023;23:47:10;24.97;;;;362;05/06/2023;23:50:01;24.84;;;;362;05/06/2023;23:53:22;25.05;;;;
363;05/06/2023;23:48:10;24.95;;;;363;05/06/2023;23:51:01;24.83;;;;363;05/06/2023;23:54:22;25.05;;;;
364;05/06/2023;23:49:10;24.96;;;;364;05/06/2023;23:52:01;24.83;;;;364;05/06/2023;23:55:22;25.05;;;;
365;05/06/2023;23:50:10;24.98;;;;365;05/06/2023;23:53:01;24.83;;;;365;05/06/2023;23:56:22;25.05;;;;
366;05/06/2023;23:51:09;24.96;;;;366;05/06/2023;23:54:01;24.81;;;;366;05/06/2023;23:57:22;25.05;;;;
367;05/06/2023;23:52:09;24.96;;;;367;05/06/2023;23:55:01;24.84;;;;367;05/06/2023;23:58:22;25.05;;;;
368;05/06/2023;23:53:09;24.95;;;;368;05/06/2023;23:56:01;24.82;;;;368;05/06/2023;23:59:22;25.05;;;;
369;05/06/2023;23:54:09;24.98;;;;369;05/06/2023;23:57:01;24.84;;;;369;06/06/2023;00:00:22;25.05;;;;
370;05/06/2023;23:55:09;24.97;;;;370;05/06/2023;23:58:01;24.84;;;;370;06/06/2023;00:01:22;25.05;;;;
371;05/06/2023;23:56:09;24.97;;;;371;05/06/2023;23:59:01;24.84;;;;371;06/06/2023;00:02:22;25.04;;;;
372;05/06/2023;23:57:09;24.97;;;;372;06/06/2023;00:00:01;24.84;;;;372;06/06/2023;00:03:22;25.06;;;;
373;05/06/2023;23:58:09;24.96;;;;373;06/06/2023;00:01:01;24.84;;;;373;06/06/2023;00:04:22;25.06;;;;
374;05/06/2023;23:59:09;24.96;;;;374;06/06/2023;00:02:01;24.84;;;;374;06/06/2023;00:05:22;25.04;;;;
375;06/06/2023;00:00:09;24.98;;;;375;06/06/2023;00:03:01;24.84;;;;375;06/06/2023;00:06:22;25.05;;;;
376;06/06/2023;00:01:09;24.98;;;;376;06/06/2023;00:04:01;24.84;;;;376;06/06/2023;00:07:22;25.05;;;;
377;06/06/2023;00:02:09;24.98;;;;377;06/06/2023;00:05:00;24.83;;;;377;06/06/2023;00:08:22;25.04;;;;
378;06/06/2023;00:03:09;24.97;;;;378;06/06/2023;00:06:01;24.85;;;;378;06/06/2023;00:09:22;25.05;;;;
379;06/06/2023;00:04:09;24.98;;;;379;06/06/2023;00:07:01;24.83;;;;379;06/06/2023;00:10:22;25.04;;;;
380;06/06/2023;00:05:09;24.98;;;;380;06/06/2023;00:08:01;24.83;;;;380;06/06/2023;00:11:22;25.04;;;;
381;06/06/2023;00:06:09;24.99;;;;381;06/06/2023;00:09:01;24.82;;;;381;06/06/2023;00:12:22;25.02;;;;
382;06/06/2023;00:07:08;24.98;;;;382;06/06/2023;00:10:01;24.83;;;;382;06/06/2023;00:13:22;25.05;;;;
383;06/06/2023;00:08:08;24.98;;;;383;06/06/2023;00:11:01;24.81;;;;383;06/06/2023;00:14:22;25.04;;;;
384;06/06/2023;00:09:08;24.98;;;;384;06/06/2023;00:12:01;24.84;;;;384;06/06/2023;00:15:22;25.05;;;;
385;06/06/2023;00:10:08;24.96;;;;385;06/06/2023;00:13:01;24.83;;;;385;06/06/2023;00:16:22;25.05;;;;
386;06/06/2023;00:11:08;24.98;;;;386;06/06/2023;00:14:01;24.84;;;;386;06/06/2023;00:17:22;25.04;;;;
387;06/06/2023;00:12:08;25;;;;387;06/06/2023;00:15:01;24.83;;;;387;06/06/2023;00:18:22;25.05;;;;
388;06/06/2023;00:13:08;24.98;;;;388;06/06/2023;00:16:01;24.84;;;;388;06/06/2023;00:19:22;25.04;;;;
389;06/06/2023;00:14:08;25.01;;;;389;06/06/2023;00:17:01;24.84;;;;389;06/06/2023;00:20:22;25.04;;;;
390;06/06/2023;00:15:08;24.98;;;;390;06/06/2023;00:18:00;24.84;;;;390;06/06/2023;00:21:22;25.04;;;;
391;06/06/2023;00:16:08;24.98;;;;391;06/06/2023;00:19:00;24.83;;;;391;06/06/2023;00:22:22;25.05;;;;
392;06/06/2023;00:17:08;24.98;Synchronized;;;392;06/06/2023;00:20:00;24.84;;;;392;06/06/2023;00:23:22;25.05;;;;
393;06/06/2023;00:18:08;24.98;;;;393;06/06/2023;00:21:00;24.84;;;;393;06/06/2023;00:24:22;25.05;;;;
394;06/06/2023;00:19:08;24.97;;;;394;06/06/2023;00:22:00;24.85;;;;394;06/06/2023;00:25:22;25.05;;;;
395;06/06/2023;00:20:08;24.98;;;;395;06/06/2023;00:23:00;24.85;;;;395;06/06/2023;00:26:22;25.05;;;;
396;06/06/2023;00:21:07;25;;;;396;06/06/2023;00:24:00;24.84;;;;396;06/06/2023;00:27:22;25.05;;;;
397;06/06/2023;00:22:07;25;;;;397;06/06/2023;00:25:00;24.85;;;;397;06/06/2023;00:28:22;25.05;;;;
398;06/06/2023;00:23:07;25;;;;398;06/06/2023;00:26:00;24.85;;;;398;06/06/2023;00:29:22;25.05;;;;
399;06/06/2023;00:24:07;24.99;;;;399;06/06/2023;00:27:00;24.85;;;;399;06/06/2023;00:30:22;25.05;;;;
400;06/06/2023;00:25:07;24.99;;;;400;06/06/2023;00:28:00;24.84;;;;400;06/06/2023;00:31:22;25.05;;;;
401;06/06/2023;00:26:07;25.01;;;;401;06/06/2023;00:29:00;24.84;;;;401;06/06/2023;00:32:22;25.05;;;;
402;06/06/2023;00:27:07;24.99;;;;402;06/06/2023;00:30:00;24.83;;;;402;06/06/2023;00:33:22;25.02;;;;
403;06/06/2023;00:28:07;24.99;;;;403;06/06/2023;00:31:00;24.85;;;;403;06/06/2023;00:34:22;25.05;;;;
404;06/06/2023;00:29:07;24.98;;;;404;06/06/2023;00:32:00;24.85;;;;404;06/06/2023;00:35:22;25.02;;;;
405;06/06/2023;00:30:07;24.99;;;;405;06/06/2023;00:33:00;24.84;;;;405;06/06/2023;00:36:22;25.05;;;;
406;06/06/2023;00:31:07;24.99;;;;406;06/06/2023;00:34:00;24.85;;;;406;06/06/2023;00:37:22;25.04;;;;
407;06/06/2023;00:32:07;25;;;;407;06/06/2023;00:35:00;24.84;;;;407;06/06/2023;00:38:22;25.04;;;;
408;06/06/2023;00:33:07;25;;;;408;06/06/2023;00:36:00;24.86;;;;408;06/06/2023;00:39:22;25.05;;;;
409;06/06/2023;00:34:07;25;Synchronized;;;409;06/06/2023;00:37:00;24.83;;;;409;06/06/2023;00:40:22;25.04;;;;
410;06/06/2023;00:35:07;25.01;;;;410;06/06/2023;00:38:00;24.84;;;;410;06/06/2023;00:41:22;25.05;;;;
411;06/06/2023;00:36:06;25;;;;411;06/06/2023;00:39:00;24.85;;;;411;06/06/2023;00:42:22;25.05;;;;
412;06/06/2023;00:37:06;24.99;;;;412;06/06/2023;00:40:00;24.84;;;;412;06/06/2023;00:43:22;25.02;;;;
413;06/06/2023;00:38:06;25.01;;;;413;06/06/2023;00:41:00;24.84;;;;413;06/06/2023;00:44:22;25.02;;;;
414;06/06/2023;00:39:06;25.01;;;;414;06/06/2023;00:42:00;24.84;;;;414;06/06/2023;00:45:22;25.05;;;;
415;06/06/2023;00:40:06;25;;;;415;06/06/2023;00:43:00;24.84;;;;415;06/06/2023;00:46:22;25.05;;;;
416;06/06/2023;00:41:06;24.99;;;;416;06/06/2023;00:44:00;24.84;;;;416;06/06/2023;00:47:22;25.04;;;;
417;06/06/2023;00:42:06;25;;;;417;06/06/2023;00:45:00;24.85;;;;417;06/06/2023;00:48:22;25.01;;;;
418;06/06/2023;00:43:06;25.01;;;;418;06/06/2023;00:46:00;24.84;;;;418;06/06/2023;00:49:22;25.02;;;;
419;06/06/2023;00:44:06;25.02;;;;419;06/06/2023;00:47:00;24.86;;;;419;06/06/2023;00:50:22;25.02;;;;
420;06/06/2023;00:45:06;25;;;;420;06/06/2023;00:48:00;24.84;;;;420;06/06/2023;00:51:22;25.02;;;;
421;06/06/2023;00:46:06;25.01;;;;421;06/06/2023;00:49:00;24.86;;;;421;06/06/2023;00:52:22;25.04;;;;
422;06/06/2023;00:47:06;25;;;;422;06/06/2023;00:49:59;24.84;;;;422;06/06/2023;00:53:22;25.02;;;;
423;06/06/2023;00:48:06;24.98;;;;423;06/06/2023;00:50:59;24.84;;;;423;06/06/2023;00:54:22;25.02;;;;
424;06/06/2023;00:49:06;25;;;;424;06/06/2023;00:52:00;24.82;;;;424;06/06/2023;00:55:22;25.04;;;;
425;06/06/2023;00:50:05;25.01;;;;425;06/06/2023;00:52:59;24.84;;;;425;06/06/2023;00:56:22;25.06;;;;
426;06/06/2023;00:51:05;25.02;;;;426;06/06/2023;00:53:59;24.84;;;;426;06/06/2023;00:57:22;25.05;;;;
427;06/06/2023;00:52:05;25.01;;;;427;06/06/2023;00:54:59;24.83;;;;427;06/06/2023;00:58:22;25.02;;;;
428;06/06/2023;00:53:05;25;;;;428;06/06/2023;00:55:59;24.85;;;;428;06/06/2023;00:59:22;25.02;;;;
429;06/06/2023;00:54:05;24.99;;;;429;06/06/2023;00:56:59;24.84;;;;429;06/06/2023;01:00:22;25.04;;;;
430;06/06/2023;00:55:05;25;;;;430;06/06/2023;00:57:59;24.84;;;;430;06/06/2023;01:01:22;25.05;;;;
431;06/06/2023;00:56:05;24.99;;;;431;06/06/2023;00:58:59;24.85;;;;431;06/06/2023;01:02:22;25.05;;;;
432;06/06/2023;00:57:05;25.01;;;;432;06/06/2023;00:59:59;24.85;;;;432;06/06/2023;01:03:22;25.05;;;;
433;06/06/2023;00:58:05;25;;;;433;06/06/2023;01:00:59;24.84;;;;433;06/06/2023;01:04:22;25.05;;;;
434;06/06/2023;00:59:05;25;;;;434;06/06/2023;01:01:59;24.84;Synchronized;;;434;06/06/2023;01:05:22;25.02;;;;
435;06/06/2023;01:00:05;25.01;;;;435;06/06/2023;01:02:59;24.83;;;;435;06/06/2023;01:06:22;25.05;;;;
436;06/06/2023;01:01:05;25.02;;;;436;06/06/2023;01:03:59;24.85;;;;436;06/06/2023;01:07:22;25.05;;;;
437;06/06/2023;01:02:04;25.02;;;;437;06/06/2023;01:04:59;24.84;;;;437;06/06/2023;01:08:22;25.02;;;;
438;06/06/2023;01:03:04;25;;;;438;06/06/2023;01:05:59;24.82;;;;438;06/06/2023;01:09:22;25.04;;;;
439;06/06/2023;01:04:04;25;;;;439;06/06/2023;01:06:59;24.86;;;;439;06/06/2023;01:10:22;25.02;;;;
440;06/06/2023;01:05:04;25;;;;440;06/06/2023;01:07:59;24.85;;;;440;06/06/2023;01:11:22;25.05;;;;
441;06/06/2023;01:06:04;25.01;;;;441;06/06/2023;01:08:59;24.83;;;;441;06/06/2023;01:12:22;25.04;;;;
442;06/06/2023;01:07:04;25.01;;;;442;06/06/2023;01:09:59;24.84;;;;442;06/06/2023;01:13:22;25.02;;;;
443;06/06/2023;01:08:04;25;;;;443;06/06/2023;01:10:59;24.85;;;;443;06/06/2023;01:14:22;25.04;;;;
444;06/06/2023;01:09:04;25.01;;;;444;06/06/2023;01:11:59;24.83;;;;444;06/06/2023;01:15:22;25.02;;;;
445;06/06/2023;01:10:04;25.02;;;;445;06/06/2023;01:12:59;24.84;;;;445;06/06/2023;01:16:22;25.05;;;;
446;06/06/2023;01:11:04;25.01;;;;446;06/06/2023;01:13:59;24.82;;;;446;06/06/2023;01:17:22;25.01;;;;
447;06/06/2023;01:12:04;25.01;;;;447;06/06/2023;01:14:59;24.84;;;;447;06/06/2023;01:18:22;25.01;;;;
448;06/06/2023;01:13:04;25;;;;448;06/06/2023;01:15:59;24.84;;;;448;06/06/2023;01:19:22;25.02;;;;
449;06/06/2023;01:14:04;25;Synchronized;;;449;06/06/2023;01:16:59;24.83;;;;449;06/06/2023;01:20:22;25.04;;;;
450;06/06/2023;01:15:04;24.98;;;;450;06/06/2023;01:18:00;24.84;;;;450;06/06/2023;01:21:23;25.02;;;;
451;06/06/2023;01:16:04;24.99;;;;451;06/06/2023;01:18:59;24.84;;;;451;06/06/2023;01:22:23;25.01;;;;
452;06/06/2023;01:17:03;24.99;;;;452;06/06/2023;01:19:59;24.84;;;;452;06/06/2023;01:23:23;25.04;;;;
453;06/06/2023;01:18:03;25.01;;;;453;06/06/2023;01:20:59;24.84;;;;453;06/06/2023;01:24:23;25.01;;;;
454;06/06/2023;01:19:03;24.99;;;;454;06/06/2023;01:21:59;24.82;;;;454;06/06/2023;01:25:23;25.02;;;;
455;06/06/2023;01:20:03;25.01;;;;455;06/06/2023;01:22:59;24.82;;;;455;06/06/2023;01:26:23;25.02;;;;
456;06/06/2023;01:21:03;25;;;;456;06/06/2023;01:23:59;24.85;;;;456;06/06/2023;01:27:23;25.02;;;;
457;06/06/2023;01:22:03;24.99;Synchronized;;;457;06/06/2023;01:24:59;24.82;;;;457;06/06/2023;01:28:23;25.02;;;;
458;06/06/2023;01:23:03;25;;;;458;06/06/2023;01:25:59;24.84;;;;458;06/06/2023;01:29:23;25.04;;;;
459;06/06/2023;01:24:03;25;;;;459;06/06/2023;01:26:59;24.84;;;;459;06/06/2023;01:30:23;25.02;;;;
460;06/06/2023;01:25:03;24.99;;;;460;06/06/2023;01:27:59;24.83;;;;460;06/06/2023;01:31:23;25.02;Synchronized;;;
461;06/06/2023;01:26:03;25.02;;;;461;06/06/2023;01:28:59;24.83;;;;461;06/06/2023;01:32:23;25.02;;;;
462;06/06/2023;01:27:03;25;;;;462;06/06/2023;01:29:59;24.83;;;;462;06/06/2023;01:33:23;25.02;;;;
463;06/06/2023;01:28:03;25.02;;;;463;06/06/2023;01:30:59;24.83;;;;463;06/06/2023;01:34:23;25.02;;;;
464;06/06/2023;01:29:03;25.01;;;;464;06/06/2023;01:32:00;24.83;Synchronized;;;464;06/06/2023;01:35:23;25.04;;;;
465;06/06/2023;01:30:03;25.01;;;;465;06/06/2023;01:33:00;24.85;;;;465;06/06/2023;01:36:23;25.04;;;;
466;06/06/2023;01:31:02;25.01;;;;466;06/06/2023;01:34:00;24.83;;;;466;06/06/2023;01:37:23;25.01;;;;
467;06/06/2023;01:32:02;25.01;;;;467;06/06/2023;01:35:00;24.81;;;;467;06/06/2023;01:38:23;25.05;;;;
468;06/06/2023;01:33:02;25.01;;;;468;06/06/2023;01:36:00;24.83;;;;468;06/06/2023;01:39:23;25.02;;;;
469;06/06/2023;01:34:02;25;;;;469;06/06/2023;01:37:00;24.82;;;;469;06/06/2023;01:40:23;25.02;;;;
470;06/06/2023;01:35:02;25.02;;;;470;06/06/2023;01:38:00;24.83;;;;470;06/06/2023;01:41:23;25.02;;;;
471;06/06/2023;01:36:02;25;;;;471;06/06/2023;01:38:59;24.83;;;;471;06/06/2023;01:42:23;25.02;;;;
472;06/06/2023;01:37:02;24.99;;;;472;06/06/2023;01:39:59;24.82;;;;472;06/06/2023;01:43:23;25.01;;;;
473;06/06/2023;01:38:02;24.98;;;;473;06/06/2023;01:40:59;24.84;;;;473;06/06/2023;01:44:23;25.02;;;;
474;06/06/2023;01:39:02;24.99;;;;474;06/06/2023;01:41:59;24.83;;;;474;06/06/2023;01:45:23;25.01;;;;
475;06/06/2023;01:40:02;24.99;;;;475;06/06/2023;01:42:59;24.82;;;;475;06/06/2023;01:46:23;25.02;;;;
476;06/06/2023;01:41:02;25;;;;476;06/06/2023;01:43:59;24.84;Synchronized;;;476;06/06/2023;01:47:23;25.01;;;;
477;06/06/2023;01:42:02;25;;;;477;06/06/2023;01:44:59;24.81;;;;477;06/06/2023;01:48:23;25.01;;;;
478;06/06/2023;01:43:01;25.02;;;;478;06/06/2023;01:45:59;24.8;;;;478;06/06/2023;01:49:23;25.02;;;;
479;06/06/2023;01:44:01;24.98;;;;479;06/06/2023;01:46:59;24.83;;;;479;06/06/2023;01:50:23;25.02;;;;
480;06/06/2023;01:45:01;24.98;;;;480;06/06/2023;01:47:59;24.8;;;;480;06/06/2023;01:51:23;25;;;;
481;06/06/2023;01:46:01;25;;;;481;06/06/2023;01:48:59;24.83;;;;481;06/06/2023;01:52:23;25.02;;;;
482;06/06/2023;01:47:01;24.99;;;;482;06/06/2023;01:49:59;24.82;;;;482;06/06/2023;01:53:23;25.02;;;;
483;06/06/2023;01:48:01;25;;;;483;06/06/2023;01:50:59;24.83;;;;483;06/06/2023;01:54:23;25.01;;;;
484;06/06/2023;01:49:01;25;;;;484;06/06/2023;01:51:59;24.83;;;;484;06/06/2023;01:55:23;25.02;;;;
485;06/06/2023;01:50:01;24.99;;;;485;06/06/2023;01:52:59;24.81;;;;485;06/06/2023;01:56:23;25.05;;;;
486;06/06/2023;01:51:01;25.02;Synchronized;;;486;06/06/2023;01:53:59;24.83;Synchronized;;;486;06/06/2023;01:57:23;25.01;;;;
487;06/06/2023;01:52:01;25;;;;487;06/06/2023;01:54:59;24.84;;;;487;06/06/2023;01:58:23;25.02;;;;
488;06/06/2023;01:53:01;24.99;;;;488;06/06/2023;01:55:59;24.81;;;;488;06/06/2023;01:59:23;25.01;;;;
489;06/06/2023;01:54:01;24.98;;;;489;06/06/2023;01:56:59;24.83;;;;489;06/06/2023;02:00:23;25;;;;
490;06/06/2023;01:55:00;25;;;;490;06/06/2023;01:57:59;24.83;;;;490;06/06/2023;02:01:23;25.01;;;;
491;06/06/2023;01:56:00;24.99;;;;491;06/06/2023;01:58:59;24.84;;;;491;06/06/2023;02:02:23;25;;;;
492;06/06/2023;01:57:00;24.99;;;;492;06/06/2023;01:59:59;24.82;;;;492;06/06/2023;02:03:23;25.02;;;;
493;06/06/2023;01:58:00;24.98;;;;493;06/06/2023;02:00:59;24.82;;;;493;06/06/2023;02:04:23;25.01;;;;
494;06/06/2023;01:59:00;25;;;;494;06/06/2023;02:01:59;24.8;;;;494;06/06/2023;02:05:23;25;;;;
495;06/06/2023;02:00:00;24.98;;;;495;06/06/2023;02:02:59;24.82;;;;495;06/06/2023;02:06:23;25;;;;
496;06/06/2023;02:01:00;25;;;;496;06/06/2023;02:03:59;24.83;;;;496;06/06/2023;02:07:23;25.04;;;;
497;06/06/2023;02:02:00;24.98;;;;497;06/06/2023;02:04:58;24.82;;;;497;06/06/2023;02:08:23;25;;;;
498;06/06/2023;02:03:00;24.99;;;;498;06/06/2023;02:05:58;24.82;;;;498;06/06/2023;02:09:23;25.02;;;;
499;06/06/2023;02:04:00;24.98;;;;499;06/06/2023;02:06:58;24.83;Synchronized;;;499;06/06/2023;02:10:23;25.02;;;;
500;06/06/2023;02:05:00;25;;;;500;06/06/2023;02:07:58;24.8;;;;500;06/06/2023;02:11:23;25;;;;
501;06/06/2023;02:06:00;24.98;;;;501;06/06/2023;02:08:58;24.81;;;;501;06/06/2023;02:12:23;25.02;;;;
502;06/06/2023;02:07:00;24.98;;;;502;06/06/2023;02:09:58;24.81;;;;502;06/06/2023;02:13:23;25.02;;;;
503;06/06/2023;02:08:00;24.99;;;;503;06/06/2023;02:10:58;24.81;;;;503;06/06/2023;02:14:23;25.01;;;;
504;06/06/2023;02:08:59;24.98;;;;504;06/06/2023;02:11:58;24.83;;;;504;06/06/2023;02:15:23;25;;;;
505;06/06/2023;02:09:59;24.98;;;;505;06/06/2023;02:12:57;24.84;;;;505;06/06/2023;02:16:23;25.01;;;;
506;06/06/2023;02:10:59;24.99;;;;506;06/06/2023;02:13:57;24.82;;;;506;06/06/2023;02:17:23;25.01;;;;
507;06/06/2023;02:11:59;25;;;;507;06/06/2023;02:14:57;24.84;;;;507;06/06/2023;02:18:23;25.01;;;;
508;06/06/2023;02:12:59;24.98;;;;508;06/06/2023;02:15:57;24.81;;;;508;06/06/2023;02:19:23;25.01;;;;
509;06/06/2023;02:13:59;24.99;;;;509;06/06/2023;02:16:57;24.83;;;;509;06/06/2023;02:20:23;25;;;;
510;06/06/2023;02:14:59;24.99;;;;510;06/06/2023;02:17:57;24.82;;;;510;06/06/2023;02:21:23;25.02;;;;
511;06/06/2023;02:15:59;24.99;;;;511;06/06/2023;02:18:57;24.81;;;;511;06/06/2023;02:22:23;24.99;;;;
512;06/06/2023;02:16:59;24.98;;;;512;06/06/2023;02:19:57;24.84;;;;512;06/06/2023;02:23:23;25;;;;
513;06/06/2023;02:17:59;24.98;;;;513;06/06/2023;02:20:57;24.83;;;;513;06/06/2023;02:24:23;25;;;;
514;06/06/2023;02:18:59;24.98;;;;514;06/06/2023;02:21:57;24.82;;;;514;06/06/2023;02:25:23;25.02;Synchronized;;;
515;06/06/2023;02:19:59;24.98;;;;515;06/06/2023;02:22:57;24.8;;;;515;06/06/2023;02:26:23;25;;;;
516;06/06/2023;02:20:59;24.97;;;;516;06/06/2023;02:23:57;24.81;Synchronized;;;516;06/06/2023;02:27:23;25.01;;;;
517;06/06/2023;02:21:58;24.98;;;;517;06/06/2023;02:24:57;24.84;;;;517;06/06/2023;02:28:23;25;;;;
518;06/06/2023;02:22:58;24.99;Synchronized;;;518;06/06/2023;02:25:57;24.81;;;;518;06/06/2023;02:29:23;25;;;;
519;06/06/2023;02:23:58;24.98;;;;519;06/06/2023;02:26:57;24.8;;;;519;06/06/2023;02:30:23;24.99;;;;
520;06/06/2023;02:24:58;24.98;Synchronized;;;520;06/06/2023;02:27:57;24.82;;;;520;06/06/2023;02:31:23;25.02;;;;
521;06/06/2023;02:25:58;25;;;;521;06/06/2023;02:28:57;24.81;;;;521;06/06/2023;02:32:23;24.99;;;;
522;06/06/2023;02:26:58;24.98;;;;522;06/06/2023;02:29:57;24.81;;;;522;06/06/2023;02:33:23;24.99;Synchronized;;;
523;06/06/2023;02:27:58;24.98;;;;523;06/06/2023;02:30:56;24.82;;;;523;06/06/2023;02:34:23;25;;;;
524;06/06/2023;02:28:58;24.99;;;;524;06/06/2023;02:31:57;24.83;;;;524;06/06/2023;02:35:23;25.02;;;;
525;06/06/2023;02:29:58;24.99;;;;525;06/06/2023;02:32:57;24.81;;;;525;06/06/2023;02:36:23;25.01;Synchronized;;;
526;06/06/2023;02:30:58;24.98;;;;526;06/06/2023;02:33:56;24.8;;;;526;06/06/2023;02:37:23;25;;;;
527;06/06/2023;02:31:58;24.98;;;;527;06/06/2023;02:34:56;24.77;;;;527;06/06/2023;02:38:23;25.01;;;;
528;06/06/2023;02:32:58;24.98;;;;528;06/06/2023;02:35:56;24.82;;;;528;06/06/2023;02:39:23;25;;;;
529;06/06/2023;02:33:58;24.99;;;;529;06/06/2023;02:36:56;24.82;;;;529;06/06/2023;02:40:23;25.02;;;;
530;06/06/2023;02:34:58;24.97;;;;530;06/06/2023;02:37:56;24.8;;;;530;06/06/2023;02:41:23;25.02;;;;
531;06/06/2023;02:35:58;24.97;;;;531;06/06/2023;02:38:56;24.83;;;;531;06/06/2023;02:42:23;25;;;;
532;06/06/2023;02:36:57;24.98;;;;532;06/06/2023;02:39:56;24.8;;;;532;06/06/2023;02:43:23;25;;;;
533;06/06/2023;02:37:57;24.98;;;;533;06/06/2023;02:40:56;24.8;;;;533;06/06/2023;02:44:23;25;;;;
534;06/06/2023;02:38:57;24.99;;;;534;06/06/2023;02:41:56;24.82;;;;534;06/06/2023;02:45:23;24.99;;;;
535;06/06/2023;02:39:57;24.98;;;;535;06/06/2023;02:42:56;24.82;;;;535;06/06/2023;02:46:23;25.02;;;;
536;06/06/2023;02:40:57;24.98;;;;536;06/06/2023;02:43:56;24.82;;;;536;06/06/2023;02:47:23;25;;;;
537;06/06/2023;02:41:57;24.98;;;;537;06/06/2023;02:44:56;24.82;;;;537;06/06/2023;02:48:23;25.02;;;;
538;06/06/2023;02:42:57;24.98;;;;538;06/06/2023;02:45:56;24.8;;;;538;06/06/2023;02:49:23;25;;;;
539;06/06/2023;02:43:57;24.98;;;;539;06/06/2023;02:46:56;24.8;;;;539;06/06/2023;02:50:23;25.02;Synchronized;;;
540;06/06/2023;02:44:57;24.99;;;;540;06/06/2023;02:47:55;24.83;;;;540;06/06/2023;02:51:23;24.99;;;;
541;06/06/2023;02:45:57;24.98;;;;541;06/06/2023;02:48:55;24.82;;;;541;06/06/2023;02:52:23;25.02;;;;
542;06/06/2023;02:46:57;24.98;;;;542;06/06/2023;02:49:55;24.82;;;;542;06/06/2023;02:53:23;25.01;;;;
543;06/06/2023;02:47:57;24.98;;;;543;06/06/2023;02:50:55;24.8;;;;543;06/06/2023;02:54:23;25.02;;;;
544;06/06/2023;02:48:57;24.97;;;;544;06/06/2023;02:51:55;24.81;;;;544;06/06/2023;02:55:23;25.02;;;;
545;06/06/2023;02:49:56;24.98;;;;545;06/06/2023;02:52:55;24.8;;;;545;06/06/2023;02:56:23;25.01;;;;
546;06/06/2023;02:50:56;24.98;;;;546;06/06/2023;02:53:55;24.8;;;;546;06/06/2023;02:57:23;25.01;;;;
547;06/06/2023;02:51:56;24.98;;;;547;06/06/2023;02:54:55;24.8;;;;547;06/06/2023;02:58:23;25.01;;;;
548;06/06/2023;02:52:56;24.98;;;;548;06/06/2023;02:55:54;24.8;;;;548;06/06/2023;02:59:23;24.99;;;;
549;06/06/2023;02:53:56;24.99;;;;549;06/06/2023;02:56:54;24.83;;;;549;06/06/2023;03:00:23;25;;;;
550;06/06/2023;02:54:56;24.97;;;;550;06/06/2023;02:57:54;24.8;;;;550;06/06/2023;03:01:23;24.99;;;;
551;06/06/2023;02:55:56;24.98;;;;551;06/06/2023;02:58:54;24.8;;;;551;06/06/2023;03:02:23;24.99;;;;
552;06/06/2023;02:56:56;24.97;;;;552;06/06/2023;02:59:54;24.81;;;;552;06/06/2023;03:03:23;25.01;;;;
553;06/06/2023;02:57:56;24.97;;;;553;06/06/2023;03:00:54;24.8;;;;553;06/06/2023;03:04:23;24.98;;;;
554;06/06/2023;02:58:56;24.98;;;;554;06/06/2023;03:01:54;24.81;;;;554;06/06/2023;03:05:23;24.98;;;;
555;06/06/2023;02:59:56;24.99;;;;555;06/06/2023;03:02:54;24.8;;;;555;06/06/2023;03:06:23;25.01;;;;
556;06/06/2023;03:00:56;24.98;Synchronized;;;556;06/06/2023;03:03:53;24.82;;;;556;06/06/2023;03:07:23;24.99;;;;
557;06/06/2023;03:01:56;24.98;;;;557;06/06/2023;03:04:53;24.81;;;;557;06/06/2023;03:08:23;24.99;;;;
558;06/06/2023;03:02:55;24.97;;;;558;06/06/2023;03:05:53;24.82;;;;558;06/06/2023;03:09:23;25;;;;
559;06/06/2023;03:03:55;24.98;;;;559;06/06/2023;03:06:53;24.8;;;;559;06/06/2023;03:10:23;25.02;;;;
560;06/06/2023;03:04:55;24.97;;;;560;06/06/2023;03:07:53;24.8;;;;560;06/06/2023;03:11:23;25.01;;;;
561;06/06/2023;03:05:55;24.98;;;;561;06/06/2023;03:08:53;24.8;;;;561;06/06/2023;03:12:23;25;;;;
562;06/06/2023;03:06:55;24.96;;;;562;06/06/2023;03:09:53;24.81;;;;562;06/06/2023;03:13:23;25.02;;;;
563;06/06/2023;03:07:55;24.98;;;;563;06/06/2023;03:10:53;24.8;;;;563;06/06/2023;03:14:23;24.99;;;;
564;06/06/2023;03:08:55;24.98;;;;564;06/06/2023;03:11:53;24.81;;;;564;06/06/2023;03:15:23;24.99;;;;
565;06/06/2023;03:09:55;24.99;;;;565;06/06/2023;03:12:53;24.8;;;;565;06/06/2023;03:16:23;25;;;;
566;06/06/2023;03:10:55;24.98;;;;566;06/06/2023;03:13:52;24.81;;;;566;06/06/2023;03:17:23;24.98;;;;
567;06/06/2023;03:11:55;24.97;;;;567;06/06/2023;03:14:52;24.79;;;;567;06/06/2023;03:18:23;24.99;Synchronized;;;
568;06/06/2023;03:12:55;24.98;;;;568;06/06/2023;03:15:52;24.8;;;;568;06/06/2023;03:19:23;25;;;;
569;06/06/2023;03:13:55;24.98;Synchronized;;;569;06/06/2023;03:16:52;24.83;;;;569;06/06/2023;03:20:23;24.99;;;;
570;06/06/2023;03:14:55;24.98;;;;570;06/06/2023;03:17:52;24.8;;;;570;06/06/2023;03:21:23;24.99;;;;
571;06/06/2023;03:15:54;24.98;;;;571;06/06/2023;03:18:52;24.82;;;;571;06/06/2023;03:22:23;25.01;;;;
572;06/06/2023;03:16:54;24.99;;;;572;06/06/2023;03:19:52;24.8;;;;572;06/06/2023;03:23:23;24.98;;;;
573;06/06/2023;03:17:54;24.98;;;;573;06/06/2023;03:20:52;24.8;;;;573;06/06/2023;03:24:23;24.99;;;;
574;06/06/2023;03:18:54;24.96;;;;574;06/06/2023;03:21:52;24.8;;;;574;06/06/2023;03:25:23;24.99;;;;
575;06/06/2023;03:19:54;24.98;;;;575;06/06/2023;03:22:52;24.79;;;;575;06/06/2023;03:26:23;24.99;;;;
576;06/06/2023;03:20:54;24.98;;;;576;06/06/2023;03:23:51;24.82;;;;576;06/06/2023;03:27:23;25.02;;;;
577;06/06/2023;03:21:54;24.98;;;;577;06/06/2023;03:24:51;24.8;;;;577;06/06/2023;03:28:23;24.99;;;;
578;06/06/2023;03:22:54;24.96;;;;578;06/06/2023;03:25:51;24.8;;;;578;06/06/2023;03:29:23;24.98;;;;
579;06/06/2023;03:23:54;24.98;;;;579;06/06/2023;03:26:51;24.8;Synchronized;;;579;06/06/2023;03:30:23;25.02;;;;
580;06/06/2023;03:24:54;24.97;;;;580;06/06/2023;03:27:51;24.82;;;;580;06/06/2023;03:31:23;25;;;;
581;06/06/2023;03:25:54;24.98;;;;581;06/06/2023;03:28:51;24.82;;;;581;06/06/2023;03:32:23;24.98;;;;
582;06/06/2023;03:26:54;24.96;;;;582;06/06/2023;03:29:51;24.8;;;;582;06/06/2023;03:33:23;24.99;;;;
583;06/06/2023;03:27:54;24.97;;;;583;06/06/2023;03:30:51;24.8;;;;583;06/06/2023;03:34:23;25;;;;
584;06/06/2023;03:28:53;24.97;;;;584;06/06/2023;03:31:51;24.8;;;;584;06/06/2023;03:35:23;25.01;;;;
585;06/06/2023;03:29:53;24.98;;;;585;06/06/2023;03:32:50;24.82;;;;585;06/06/2023;03:36:23;25.01;;;;
586;06/06/2023;03:30:53;24.97;;;;586;06/06/2023;03:33:50;24.79;;;;586;06/06/2023;03:37:23;24.98;;;;
587;06/06/2023;03:31:53;24.98;;;;587;06/06/2023;03:34:50;24.82;;;;587;06/06/2023;03:38:23;25.02;;;;
588;06/06/2023;03:32:53;24.98;;;;588;06/06/2023;03:35:50;24.79;;;;588;06/06/2023;03:39:23;25;;;;
589;06/06/2023;03:33:53;24.97;;;;589;06/06/2023;03:36:50;24.8;;;;589;06/06/2023;03:40:23;24.99;;;;
590;06/06/2023;03:34:53;24.96;;;;590;06/06/2023;03:37:50;24.8;;;;590;06/06/2023;03:41:23;25.01;;;;
591;06/06/2023;03:35:53;24.97;;;;591;06/06/2023;03:38:50;24.8;;;;591;06/06/2023;03:42:23;25.02;;;;
592;06/06/2023;03:36:53;24.98;;;;592;06/06/2023;03:39:50;24.81;;;;592;06/06/2023;03:43:23;25.01;;;;
593;06/06/2023;03:37:53;24.97;;;;593;06/06/2023;03:40:49;24.8;;;;593;06/06/2023;03:44:23;25.01;;;;
594;06/06/2023;03:38:53;24.96;;;;594;06/06/2023;03:41:49;24.8;;;;594;06/06/2023;03:45:23;25.01;;;;
595;06/06/2023;03:39:53;24.99;;;;595;06/06/2023;03:42:49;24.8;;;;595;06/06/2023;03:46:23;25.02;;;;
596;06/06/2023;03:40:53;24.96;;;;596;06/06/2023;03:43:49;24.8;;;;596;06/06/2023;03:47:23;25;;;;
597;06/06/2023;03:41:52;24.95;;;;597;06/06/2023;03:44:49;24.82;;;;597;06/06/2023;03:48:23;25;;;;
598;06/06/2023;03:42:52;24.95;;;;598;06/06/2023;03:45:49;24.8;;;;598;06/06/2023;03:49:23;25.01;;;;
599;06/06/2023;03:43:52;24.98;;;;599;06/06/2023;03:46:49;24.79;;;;599;06/06/2023;03:50:23;25;;;;
600;06/06/2023;03:44:52;24.98;;;;600;06/06/2023;03:47:49;24.8;;;;600;06/06/2023;03:51:23;25;;;;
601;06/06/2023;03:45:52;24.96;;;;601;06/06/2023;03:48:48;24.8;;;;601;06/06/2023;03:52:23;25;;;;
602;06/06/2023;03:46:52;24.98;;;;602;06/06/2023;03:49:48;24.8;;;;602;06/06/2023;03:53:23;24.99;;;;
603;06/06/2023;03:47:52;24.96;;;;603;06/06/2023;03:50:48;24.8;;;;603;06/06/2023;03:54:23;24.98;;;;
604;06/06/2023;03:48:52;24.94;;;;604;06/06/2023;03:51:48;24.81;;;;604;06/06/2023;03:55:24;25;;;;
605;06/06/2023;03:49:52;24.98;;;;605;06/06/2023;03:52:48;24.8;;;;605;06/06/2023;03:56:24;25;;;;
606;06/06/2023;03:50:52;24.98;;;;606;06/06/2023;03:53:48;24.79;;;;606;06/06/2023;03:57:24;25.01;;;;
607;06/06/2023;03:51:52;24.96;;;;607;06/06/2023;03:54:48;24.8;;;;607;06/06/2023;03:58:24;25.01;;;;
608;06/06/2023;03:52:52;24.97;;;;608;06/06/2023;03:55:48;24.81;;;;608;06/06/2023;03:59:24;25;;;;
609;06/06/2023;03:53:51;24.97;;;;609;06/06/2023;03:56:47;24.8;;;;609;06/06/2023;04:00:24;24.98;;;;
610;06/06/2023;03:54:51;24.96;;;;610;06/06/2023;03:57:47;24.79;;;;610;06/06/2023;04:01:24;24.99;;;;
611;06/06/2023;03:55:51;24.97;;;;611;06/06/2023;03:58:47;24.79;;;;611;06/06/2023;04:02:24;24.98;;;;
612;06/06/2023;03:56:51;24.96;;;;612;06/06/2023;03:59:47;24.8;;;;612;06/06/2023;04:03:24;25;;;;
613;06/06/2023;03:57:51;24.97;;;;613;06/06/2023;04:00:47;24.79;;;;613;06/06/2023;04:04:24;24.99;;;;
614;06/06/2023;03:58:51;24.98;;;;614;06/06/2023;04:01:47;24.8;;;;614;06/06/2023;04:05:24;24.99;;;;
615;06/06/2023;03:59:51;24.96;;;;615;06/06/2023;04:02:47;24.8;;;;615;06/06/2023;04:06:24;24.99;;;;
616;06/06/2023;04:00:51;24.98;;;;616;06/06/2023;04:03:47;24.8;;;;616;06/06/2023;04:07:24;25.01;;;;
617;06/06/2023;04:01:51;24.97;;;;617;06/06/2023;04:04:46;24.81;;;;617;06/06/2023;04:08:23;24.98;;;;
618;06/06/2023;04:02:51;24.96;;;;618;06/06/2023;04:05:46;24.8;;;;618;06/06/2023;04:09:24;24.99;;;;
619;06/06/2023;04:03:51;24.97;;;;619;06/06/2023;04:06:46;24.8;;;;619;06/06/2023;04:10:24;24.99;Synchronized;;;
620;06/06/2023;04:04:51;24.95;;;;620;06/06/2023;04:07:46;24.8;;;;620;06/06/2023;04:11:23;25;;;;
621;06/06/2023;04:05:50;24.98;;;;621;06/06/2023;04:08:46;24.81;;;;621;06/06/2023;04:12:23;24.99;Synchronized;;;
622;06/06/2023;04:06:50;24.96;;;;622;06/06/2023;04:09:46;24.8;;;;622;06/06/2023;04:13:23;24.98;;;;
623;06/06/2023;04:07:50;24.97;;;;623;06/06/2023;04:10:46;24.8;;;;623;06/06/2023;04:14:23;24.99;;;;
624;06/06/2023;04:08:50;24.97;;;;624;06/06/2023;04:11:46;24.8;;;;624;06/06/2023;04:15:23;25.01;;;;
625;06/06/2023;04:09:50;24.97;;;;625;06/06/2023;04:12:46;24.81;;;;625;06/06/2023;04:16:23;25.01;;;;
626;06/06/2023;04:10:50;24.95;;;;626;06/06/2023;04:13:46;24.8;;;;626;06/06/2023;04:17:23;25;;;;
627;06/06/2023;04:11:50;24.98;;;;627;06/06/2023;04:14:46;24.8;;;;627;06/06/2023;04:18:23;25.02;;;;
628;06/06/2023;04:12:50;24.96;;;;628;06/06/2023;04:15:46;24.8;;;;628;06/06/2023;04:19:23;25.01;;;;
629;06/06/2023;04:13:50;24.97;;;;629;06/06/2023;04:16:46;24.81;;;;629;06/06/2023;04:20:23;25.01;;;;
630;06/06/2023;04:14:50;24.98;;;;630;06/06/2023;04:17:46;24.8;;;;630;06/06/2023;04:21:23;24.99;;;;
631;06/06/2023;04:15:50;24.97;;;;631;06/06/2023;04:18:45;24.81;;;;631;06/06/2023;04:22:23;25.02;;;;
632;06/06/2023;04:16:50;24.97;;;;632;06/06/2023;04:19:45;24.8;;;;632;06/06/2023;04:23:23;25.01;;;;
633;06/06/2023;04:17:49;24.97;;;;633;06/06/2023;04:20:45;24.81;;;;633;06/06/2023;04:24:23;24.99;;;;
634;06/06/2023;04:18:49;24.97;;;;634;06/06/2023;04:21:45;24.8;;;;634;06/06/2023;04:25:23;24.98;;;;
635;06/06/2023;04:19:49;24.96;;;;635;06/06/2023;04:22:45;24.8;;;;635;06/06/2023;04:26:23;25.02;;;;
636;06/06/2023;04:20:49;24.98;;;;636;06/06/2023;04:23:45;24.8;;;;636;06/06/2023;04:27:23;25;;;;
637;06/06/2023;04:21:49;24.96;;;;637;06/06/2023;04:24:45;24.8;;;;637;06/06/2023;04:28:23;25;;;;
638;06/06/2023;04:22:49;24.97;;;;638;06/06/2023;04:25:45;24.8;;;;638;06/06/2023;04:29:23;25;;;;
639;06/06/2023;04:23:49;24.93;;;;639;06/06/2023;04:26:45;24.79;;;;639;06/06/2023;04:30:23;24.99;;;;
640;06/06/2023;04:24:49;24.97;;;;640;06/06/2023;04:27:45;24.8;;;;640;06/06/2023;04:31:23;25;Synchronized;;;
641;06/06/2023;04:25:49;24.97;;;;641;06/06/2023;04:28:45;24.8;;;;641;06/06/2023;04:32:23;24.99;;;;
642;06/06/2023;04:26:49;24.97;Synchronized;;;642;06/06/2023;04:29:45;24.8;;;;642;06/06/2023;04:33:23;25.01;;;;
643;06/06/2023;04:27:49;24.95;;;;643;06/06/2023;04:30:45;24.8;;;;643;06/06/2023;04:34:23;25;;;;
644;06/06/2023;04:28:49;24.98;;;;644;06/06/2023;04:31:44;24.81;;;;644;06/06/2023;04:35:23;25.01;;;;
645;06/06/2023;04:29:48;24.96;;;;645;06/06/2023;04:32:44;24.8;;;;645;06/06/2023;04:36:23;24.99;;;;
646;06/06/2023;04:30:48;24.98;;;;646;06/06/2023;04:33:44;24.8;;;;646;06/06/2023;04:37:23;24.98;;;;
647;06/06/2023;04:31:48;24.97;;;;647;06/06/2023;04:34:44;24.77;;;;647;06/06/2023;04:38:23;25;;;;
648;06/06/2023;04:32:48;24.95;;;;648;06/06/2023;04:35:44;24.8;;;;648;06/06/2023;04:39:23;25.01;;;;
649;06/06/2023;04:33:48;24.97;;;;649;06/06/2023;04:36:44;24.79;;;;649;06/06/2023;04:40:23;25.01;;;;
650;06/06/2023;04:34:48;24.97;;;;650;06/06/2023;04:37:44;24.8;;;;650;06/06/2023;04:41:23;24.98;;;;
651;06/06/2023;04:35:48;24.95;;;;651;06/06/2023;04:38:44;24.8;;;;651;06/06/2023;04:42:23;24.98;;;;
652;06/06/2023;04:36:48;24.96;;;;652;06/06/2023;04:39:44;24.8;;;;652;06/06/2023;04:43:23;24.99;;;;
653;06/06/2023;04:37:48;24.97;;;;653;06/06/2023;04:40:44;24.79;;;;653;06/06/2023;04:44:23;24.99;;;;
654;06/06/2023;04:38:48;24.97;;;;654;06/06/2023;04:41:44;24.8;;;;654;06/06/2023;04:45:23;24.99;;;;
655;06/06/2023;04:39:48;24.96;;;;655;06/06/2023;04:42:43;24.8;;;;655;06/06/2023;04:46:23;25.01;;;;
656;06/06/2023;04:40:48;24.95;;;;656;06/06/2023;04:43:43;24.8;;;;656;06/06/2023;04:47:23;25.01;;;;
657;06/06/2023;04:41:48;24.98;;;;657;06/06/2023;04:44:43;24.8;;;;657;06/06/2023;04:48:23;24.98;;;;
658;06/06/2023;04:42:47;24.97;;;;658;06/06/2023;04:45:43;24.8;;;;658;06/06/2023;04:49:23;24.98;;;;
659;06/06/2023;04:43:47;24.95;;;;659;06/06/2023;04:46:43;24.8;;;;659;06/06/2023;04:50:23;24.99;;;;
660;06/06/2023;04:44:47;24.96;;;;660;06/06/2023;04:47:43;24.77;;;;660;06/06/2023;04:51:23;25;;;;
661;06/06/2023;04:45:47;24.96;;;;661;06/06/2023;04:48:43;24.8;;;;661;06/06/2023;04:52:23;24.99;;;;
662;06/06/2023;04:46:47;24.96;;;;662;06/06/2023;04:49:42;24.8;;;;662;06/06/2023;04:53:23;24.99;;;;
663;06/06/2023;04:47:47;24.94;;;;663;06/06/2023;04:50:42;24.8;;;;663;06/06/2023;04:54:23;25;;;;
664;06/06/2023;04:48:47;24.97;;;;664;06/06/2023;04:51:42;24.79;;;;664;06/06/2023;04:55:23;25.01;;;;
665;06/06/2023;04:49:47;24.96;;;;665;06/06/2023;04:52:42;24.79;;;;665;06/06/2023;04:56:23;25.01;;;;
666;06/06/2023;04:50:47;24.96;;;;666;06/06/2023;04:53:42;24.79;;;;666;06/06/2023;04:57:23;25;;;;
667;06/06/2023;04:51:47;24.94;;;;667;06/06/2023;04:54:42;24.8;;;;667;06/06/2023;04:58:23;24.99;;;;
668;06/06/2023;04:52:47;24.96;;;;668;06/06/2023;04:55:42;24.77;;;;668;06/06/2023;04:59:23;25;;;;
669;06/06/2023;04:53:47;24.96;;;;669;06/06/2023;04:56:42;24.8;;;;669;06/06/2023;05:00:23;25;;;;
670;06/06/2023;04:54:47;24.97;;;;670;06/06/2023;04:57:41;24.79;;;;670;06/06/2023;05:01:23;24.98;;;;
671;06/06/2023;04:55:46;24.96;;;;671;06/06/2023;04:58:41;24.8;;;;671;06/06/2023;05:02:23;24.98;;;;
672;06/06/2023;04:56:46;24.94;;;;672;06/06/2023;04:59:42;24.81;;;;672;06/06/2023;05:03:23;24.99;;;;
673;06/06/2023;04:57:46;24.94;;;;673;06/06/2023;05:00:41;24.8;;;;673;06/06/2023;05:04:23;25;;;;
674;06/06/2023;04:58:46;24.97;;;;674;06/06/2023;05:01:41;24.79;;;;674;06/06/2023;05:05:23;24.99;;;;
675;06/06/2023;04:59:46;24.97;;;;675;06/06/2023;05:02:41;24.8;;;;675;06/06/2023;05:06:23;25;;;;
676;06/06/2023;05:00:46;24.95;;;;676;06/06/2023;05:03:41;24.8;;;;676;06/06/2023;05:07:23;25;;;;
677;06/06/2023;05:01:46;24.96;;;;677;06/06/2023;05:04:41;24.8;;;;677;06/06/2023;05:08:23;24.99;;;;
678;06/06/2023;05:02:46;24.97;;;;678;06/06/2023;05:05:41;24.8;;;;678;06/06/2023;05:09:23;24.98;;;;
679;06/06/2023;05:03:46;24.97;;;;679;06/06/2023;05:06:41;24.8;;;;679;06/06/2023;05:10:23;25.02;;;;
680;06/06/2023;05:04:46;24.96;;;;680;06/06/2023;05:07:41;24.79;;;;680;06/06/2023;05:11:23;24.99;;;;
681;06/06/2023;05:05:46;24.96;Synchronized;;;681;06/06/2023;05:08:41;24.8;;;;681;06/06/2023;05:12:23;24.99;;;;
682;06/06/2023;05:06:46;24.95;;;;682;06/06/2023;05:09:40;24.8;;;;682;06/06/2023;05:13:23;24.98;;;;
683;06/06/2023;05:07:45;24.95;;;;683;06/06/2023;05:10:40;24.8;;;;683;06/06/2023;05:14:23;25;Synchronized;;;
684;06/06/2023;05:08:45;24.96;;;;684;06/06/2023;05:11:40;24.79;;;;684;06/06/2023;05:15:23;24.98;;;;
685;06/06/2023;05:09:45;24.95;;;;685;06/06/2023;05:12:40;24.8;;;;685;06/06/2023;05:16:23;25.01;;;;
686;06/06/2023;05:10:45;24.96;;;;686;06/06/2023;05:13:40;24.79;;;;686;06/06/2023;05:17:23;24.99;;;;
687;06/06/2023;05:11:45;24.96;;;;687;06/06/2023;05:14:40;24.8;;;;687;06/06/2023;05:18:23;24.99;Synchronized;;;
688;06/06/2023;05:12:45;24.95;;;;688;06/06/2023;05:15:40;24.8;;;;688;06/06/2023;05:19:23;24.98;;;;
689;06/06/2023;05:13:45;24.94;Synchronized;;;689;06/06/2023;05:16:40;24.79;;;;689;06/06/2023;05:20:23;24.98;;;;
690;06/06/2023;05:14:45;24.97;;;;690;06/06/2023;05:17:39;24.8;;;;690;06/06/2023;05:21:23;24.98;;;;
691;06/06/2023;05:15:45;24.94;;;;691;06/06/2023;05:18:39;24.8;;;;691;06/06/2023;05:22:23;25.02;;;;
692;06/06/2023;05:16:45;24.96;;;;692;06/06/2023;05:19:39;24.8;;;;692;06/06/2023;05:23:23;25.01;;;;
693;06/06/2023;05:17:45;24.97;;;;693;06/06/2023;05:20:39;24.8;;;;693;06/06/2023;05:24:23;24.99;;;;
694;06/06/2023;05:18:45;24.97;;;;694;06/06/2023;05:21:39;24.77;;;;694;06/06/2023;05:25:23;24.98;;;;
695;06/06/2023;05:19:44;24.95;;;;695;06/06/2023;05:22:39;24.8;;;;695;06/06/2023;05:26:23;24.99;;;;
696;06/06/2023;05:20:44;24.96;;;;696;06/06/2023;05:23:39;24.8;;;;696;06/06/2023;05:27:23;24.98;Synchronized;;;
697;06/06/2023;05:21:44;24.96;;;;697;06/06/2023;05:24:39;24.77;;;;697;06/06/2023;05:28:23;25;;;;
698;06/06/2023;05:22:44;24.94;;;;698;06/06/2023;05:25:39;24.8;;;;698;06/06/2023;05:29:23;24.99;;;;
699;06/06/2023;05:23:44;24.94;;;;699;06/06/2023;05:26:39;24.79;;;;699;06/06/2023;05:30:23;24.98;;;;
700;06/06/2023;05:24:44;24.96;;;;700;06/06/2023;05:27:39;24.82;;;;700;06/06/2023;05:31:23;24.98;;;;
701;06/06/2023;05:25:44;24.94;;;;701;06/06/2023;05:28:38;24.8;;;;701;06/06/2023;05:32:23;24.98;;;;
702;06/06/2023;05:26:44;24.96;;;;702;06/06/2023;05:29:38;24.8;;;;702;06/06/2023;05:33:23;24.99;;;;
703;06/06/2023;05:27:44;24.93;;;;703;06/06/2023;05:30:38;24.79;;;;703;06/06/2023;05:34:23;25;;;;
704;06/06/2023;05:28:44;24.95;;;;704;06/06/2023;05:31:38;24.77;;;;704;06/06/2023;05:35:23;24.98;;;;
705;06/06/2023;05:29:44;24.96;;;;705;06/06/2023;05:32:38;24.8;;;;705;06/06/2023;05:36:23;25.01;;;;
706;06/06/2023;05:30:44;24.96;;;;706;06/06/2023;05:33:38;24.8;;;;706;06/06/2023;05:37:23;25.01;;;;
707;06/06/2023;05:31:43;24.95;;;;707;06/06/2023;05:34:38;24.8;;;;707;06/06/2023;05:38:23;25;;;;
708;06/06/2023;05:32:43;24.95;Synchronized;;;708;06/06/2023;05:35:37;24.79;;;;708;06/06/2023;05:39:23;25.01;;;;
709;06/06/2023;05:33:43;24.94;;;;709;06/06/2023;05:36:37;24.79;;;;709;06/06/2023;05:40:23;24.98;;;;
710;06/06/2023;05:34:43;24.97;;;;710;06/06/2023;05:37:37;24.77;;;;710;06/06/2023;05:41:23;24.99;;;;
711;06/06/2023;05:35:43;24.94;;;;711;06/06/2023;05:38:37;24.8;;;;711;06/06/2023;05:42:23;24.98;;;;
712;06/06/2023;05:36:43;24.95;;;;712;06/06/2023;05:39:37;24.77;;;;712;06/06/2023;05:43:23;24.98;;;;
713;06/06/2023;05:37:43;24.96;;;;713;06/06/2023;05:40:37;24.77;;;;713;06/06/2023;05:44:23;24.99;;;;
714;06/06/2023;05:38:43;24.95;;;;714;06/06/2023;05:41:37;24.8;;;;714;06/06/2023;05:45:23;25.01;;;;
715;06/06/2023;05:39:43;24.96;;;;715;06/06/2023;05:42:37;24.8;;;;715;06/06/2023;05:46:23;25;;;;
716;06/06/2023;05:40:43;24.96;;;;716;06/06/2023;05:43:36;24.8;;;;716;06/06/2023;05:47:23;25;;;;
717;06/06/2023;05:41:43;24.95;;;;717;06/06/2023;05:44:36;24.8;;;;717;06/06/2023;05:48:23;25;;;;
718;06/06/2023;05:42:43;24.97;;;;718;06/06/2023;05:45:36;24.77;;;;718;06/06/2023;05:49:23;24.99;;;;
719;06/06/2023;05:43:43;24.96;;;;719;06/06/2023;05:46:36;24.79;;;;719;06/06/2023;05:50:23;24.99;;;;
720;06/06/2023;05:44:42;24.94;;;;720;06/06/2023;05:47:36;24.8;;;;720;06/06/2023;05:51:23;24.99;;;;
721;06/06/2023;05:45:42;24.95;;;;721;06/06/2023;05:48:36;24.8;;;;721;06/06/2023;05:52:23;25.01;Synchronized;;;
722;06/06/2023;05:46:42;24.97;;;;722;06/06/2023;05:49:36;24.79;;;;722;06/06/2023;05:53:23;25;;;;
723;06/06/2023;05:47:42;24.93;;;;723;06/06/2023;05:50:36;24.79;;;;723;06/06/2023;05:54:23;25.01;;;;
724;06/06/2023;05:48:42;24.97;;;;724;06/06/2023;05:51:35;24.8;;;;724;06/06/2023;05:55:23;24.98;;;;
725;06/06/2023;05:49:42;24.95;;;;725;06/06/2023;05:52:35;24.77;;;;725;06/06/2023;05:56:23;24.98;Synchronized;;;
726;06/06/2023;05:50:42;24.95;;;;726;06/06/2023;05:53:35;24.8;;;;726;06/06/2023;05:57:23;25;;;;
727;06/06/2023;05:51:42;24.95;;;;727;06/06/2023;05:54:35;24.77;;;;727;06/06/2023;05:58:23;24.99;;;;
728;06/06/2023;05:52:42;24.91;;;;728;06/06/2023;05:55:35;24.8;Synchronized;;;728;06/06/2023;05:59:23;24.98;;;;
729;06/06/2023;05:53:42;24.97;;;;729;06/06/2023;05:56:35;24.79;;;;729;06/06/2023;06:00:23;24.99;;;;
730;06/06/2023;05:54:42;24.95;;;;730;06/06/2023;05:57:35;24.8;;;;730;06/06/2023;06:01:23;25.01;;;;
731;06/06/2023;05:55:42;24.95;;;;731;06/06/2023;05:58:35;24.8;;;;731;06/06/2023;06:02:23;24.99;;;;
732;06/06/2023;05:56:41;24.94;;;;732;06/06/2023;05:59:35;24.8;;;;732;06/06/2023;06:03:23;24.99;;;;
733;06/06/2023;05:57:41;24.94;;;;733;06/06/2023;06:00:35;24.77;;;;733;06/06/2023;06:04:23;25;;;;
734;06/06/2023;05:58:41;24.95;;;;734;06/06/2023;06:01:34;24.77;;;;734;06/06/2023;06:05:23;25;;;;
735;06/06/2023;05:59:41;24.95;;;;735;06/06/2023;06:02:34;24.81;;;;735;06/06/2023;06:06:23;24.98;;;;
736;06/06/2023;06:00:41;24.97;;;;736;06/06/2023;06:03:34;24.8;;;;736;06/06/2023;06:07:23;24.98;;;;
737;06/06/2023;06:01:41;24.96;;;;737;06/06/2023;06:04:34;24.79;;;;737;06/06/2023;06:08:23;24.99;;;;
738;06/06/2023;06:02:41;24.94;;;;738;06/06/2023;06:05:34;24.77;;;;738;06/06/2023;06:09:23;24.99;;;;
739;06/06/2023;06:03:41;24.95;;;;739;06/06/2023;06:06:34;24.8;;;;739;06/06/2023;06:10:23;25.01;;;;
740;06/06/2023;06:04:41;24.95;;;;740;06/06/2023;06:07:34;24.79;;;;740;06/06/2023;06:11:23;24.99;;;;
741;06/06/2023;06:05:41;24.97;;;;741;06/06/2023;06:08:34;24.79;;;;741;06/06/2023;06:12:23;25.02;;;;
742;06/06/2023;06:06:41;24.96;;;;742;06/06/2023;06:09:34;24.79;;;;742;06/06/2023;06:13:23;24.98;;;;
743;06/06/2023;06:07:41;24.97;;;;743;06/06/2023;06:10:34;24.8;;;;743;06/06/2023;06:14:23;24.98;;;;
744;06/06/2023;06:08:41;24.96;;;;744;06/06/2023;06:11:34;24.8;;;;744;06/06/2023;06:15:23;24.98;;;;
745;06/06/2023;06:09:41;24.96;;;;745;06/06/2023;06:12:34;24.79;;;;745;06/06/2023;06:16:23;25;;;;
746;06/06/2023;06:10:40;24.95;;;;746;06/06/2023;06:13:34;24.77;;;;746;06/06/2023;06:17:23;24.97;;;;
747;06/06/2023;06:11:40;24.94;;;;747;06/06/2023;06:14:34;24.8;;;;747;06/06/2023;06:18:23;25;;;;
748;06/06/2023;06:12:40;24.95;;;;748;06/06/2023;06:15:34;24.76;Synchronized;;;748;06/06/2023;06:19:23;25;;;;
749;06/06/2023;06:13:40;24.96;;;;749;06/06/2023;06:16:33;24.77;;;;749;06/06/2023;06:20:23;25.01;;;;
750;06/06/2023;06:14:40;24.98;;;;750;06/06/2023;06:17:33;24.8;;;;750;06/06/2023;06:21:23;25;Synchronized;;;
751;06/06/2023;06:15:40;24.95;;;;751;06/06/2023;06:18:33;24.79;Synchronized;;;751;06/06/2023;06:22:23;24.99;;;;
752;06/06/2023;06:16:40;24.94;;;;752;06/06/2023;06:19:33;24.8;;;;752;06/06/2023;06:23:23;25.01;;;;
753;06/06/2023;06:17:40;24.96;;;;753;06/06/2023;06:20:33;24.8;;;;753;06/06/2023;06:24:23;25;;;;
754;06/06/2023;06:18:40;24.94;;;;754;06/06/2023;06:21:33;24.8;;;;754;06/06/2023;06:25:23;25;;;;
755;06/06/2023;06:19:40;24.97;;;;755;06/06/2023;06:22:33;24.82;;;;755;06/06/2023;06:26:23;25.02;;;;
756;06/06/2023;06:20:40;24.98;;;;756;06/06/2023;06:23:33;24.8;;;;756;06/06/2023;06:27:23;24.99;;;;
757;06/06/2023;06:21:40;24.95;;;;757;06/06/2023;06:24:33;24.79;;;;757;06/06/2023;06:28:23;24.98;;;;
758;06/06/2023;06:22:39;24.98;;;;758;06/06/2023;06:25:33;24.8;;;;758;06/06/2023;06:29:23;25;;;;
759;06/06/2023;06:23:39;24.95;;;;759;06/06/2023;06:26:33;24.77;;;;759;06/06/2023;06:30:23;24.99;;;;
760;06/06/2023;06:24:39;24.92;;;;760;06/06/2023;06:27:33;24.79;;;;760;06/06/2023;06:31:23;24.98;;;;
761;06/06/2023;06:25:39;24.97;;;;761;06/06/2023;06:28:33;24.77;;;;761;06/06/2023;06:32:23;24.99;;;;
762;06/06/2023;06:26:39;24.98;;;;762;06/06/2023;06:29:32;24.77;;;;762;06/06/2023;06:33:23;24.98;;;;
763;06/06/2023;06:27:39;24.96;;;;763;06/06/2023;06:30:32;24.8;;;;763;06/06/2023;06:34:23;24.99;;;;
764;06/06/2023;06:28:39;24.95;;;;764;06/06/2023;06:31:32;24.8;;;;764;06/06/2023;06:35:23;25.02;;;;
765;06/06/2023;06:29:39;24.94;;;;765;06/06/2023;06:32:32;24.77;;;;765;06/06/2023;06:36:23;24.98;;;;
766;06/06/2023;06:30:39;24.96;;;;766;06/06/2023;06:33:32;24.8;;;;766;06/06/2023;06:37:23;24.98;;;;
767;06/06/2023;06:31:39;24.94;;;;767;06/06/2023;06:34:32;24.8;;;;767;06/06/2023;06:38:23;24.99;;;;
768;06/06/2023;06:32:39;24.96;;;;768;06/06/2023;06:35:32;24.79;;;;768;06/06/2023;06:39:23;24.98;;;;
769;06/06/2023;06:33:39;24.95;;;;769;06/06/2023;06:36:32;24.8;Synchronized;;;769;06/06/2023;06:40:23;24.98;;;;
770;06/06/2023;06:34:39;24.98;;;;770;06/06/2023;06:37:31;24.77;;;;770;06/06/2023;06:41:23;24.98;;;;
771;06/06/2023;06:35:38;24.96;;;;771;06/06/2023;06:38:32;24.77;;;;771;06/06/2023;06:42:23;24.98;;;;
772;06/06/2023;06:36:38;24.98;;;;772;06/06/2023;06:39:31;24.77;;;;772;06/06/2023;06:43:23;24.98;;;;
773;06/06/2023;06:37:38;24.95;;;;773;06/06/2023;06:40:31;24.77;;;;773;06/06/2023;06:44:23;24.96;;;;
774;06/06/2023;06:38:38;24.95;;;;774;06/06/2023;06:41:31;24.8;;;;774;06/06/2023;06:45:23;24.98;;;;
775;06/06/2023;06:39:38;24.96;;;;775;06/06/2023;06:42:31;24.77;;;;775;06/06/2023;06:46:23;24.98;;;;
776;06/06/2023;06:40:38;24.96;;;;776;06/06/2023;06:43:31;24.79;;;;776;06/06/2023;06:47:23;24.98;;;;
777;06/06/2023;06:41:38;24.96;;;;777;06/06/2023;06:44:31;24.77;;;;777;06/06/2023;06:48:23;24.98;;;;
778;06/06/2023;06:42:38;24.97;;;;778;06/06/2023;06:45:31;24.77;;;;778;06/06/2023;06:49:23;24.97;;;;
779;06/06/2023;06:43:38;24.97;;;;779;06/06/2023;06:46:31;24.8;;;;779;06/06/2023;06:50:23;24.98;;;;
780;06/06/2023;06:44:38;24.98;;;;780;06/06/2023;06:47:31;24.8;;;;780;06/06/2023;06:51:23;24.98;;;;
781;06/06/2023;06:45:38;24.96;;;;781;06/06/2023;06:48:31;24.8;;;;781;06/06/2023;06:52:23;24.98;;;;
782;06/06/2023;06:46:38;24.96;;;;782;06/06/2023;06:49:31;24.79;;;;782;06/06/2023;06:53:23;24.95;;;;
783;06/06/2023;06:47:37;24.97;;;;783;06/06/2023;06:50:30;24.79;;;;783;06/06/2023;06:54:23;24.98;;;;
784;06/06/2023;06:48:37;24.96;;;;784;06/06/2023;06:51:30;24.79;;;;784;06/06/2023;06:55:23;24.99;;;;
785;06/06/2023;06:49:37;24.97;;;;785;06/06/2023;06:52:30;24.76;;;;785;06/06/2023;06:56:23;24.97;;;;
786;06/06/2023;06:50:37;24.95;;;;786;06/06/2023;06:53:30;24.77;;;;786;06/06/2023;06:57:23;24.98;;;;
787;06/06/2023;06:51:37;24.97;;;;787;06/06/2023;06:54:30;24.77;;;;787;06/06/2023;06:58:23;24.97;;;;
788;06/06/2023;06:52:37;24.97;;;;788;06/06/2023;06:55:30;24.77;;;;788;06/06/2023;06:59:23;24.97;;;;
789;06/06/2023;06:53:37;24.96;;;;789;06/06/2023;06:56:30;24.79;;;;789;06/06/2023;07:00:23;24.97;;;;
790;06/06/2023;06:54:37;24.95;;;;790;06/06/2023;06:57:30;24.77;;;;790;06/06/2023;07:01:23;24.96;;;;
791;06/06/2023;06:55:37;24.97;;;;791;06/06/2023;06:58:30;24.77;;;;791;06/06/2023;07:02:23;24.99;;;;
792;06/06/2023;06:56:37;24.97;;;;792;06/06/2023;06:59:30;24.77;;;;792;06/06/2023;07:03:23;24.97;;;;
793;06/06/2023;06:57:37;24.98;;;;793;06/06/2023;07:00:30;24.77;;;;793;06/06/2023;07:04:23;24.98;;;;
794;06/06/2023;06:58:37;24.96;;;;794;06/06/2023;07:01:30;24.76;;;;794;06/06/2023;07:05:23;24.95;;;;
795;06/06/2023;06:59:36;24.97;;;;795;06/06/2023;07:02:29;24.77;;;;795;06/06/2023;07:06:23;24.98;;;;
796;06/06/2023;07:00:36;24.96;;;;796;06/06/2023;07:03:29;24.76;;;;796;06/06/2023;07:07:23;24.98;;;;
797;06/06/2023;07:01:36;24.97;;;;797;06/06/2023;07:04:29;24.77;;;;797;06/06/2023;07:08:23;24.99;;;;
798;06/06/2023;07:02:36;24.96;;;;798;06/06/2023;07:05:29;24.8;;;;798;06/06/2023;07:09:23;24.98;;;;
799;06/06/2023;07:03:36;24.97;;;;799;06/06/2023;07:06:29;24.77;;;;799;06/06/2023;07:10:23;24.98;;;;
800;06/06/2023;07:04:36;24.96;;;;800;06/06/2023;07:07:29;24.8;Synchronized;;;800;06/06/2023;07:11:23;24.98;;;;
801;06/06/2023;07:05:36;24.96;;;;801;06/06/2023;07:08:29;24.79;;;;801;06/06/2023;07:12:23;24.98;;;;
802;06/06/2023;07:06:36;24.98;Synchronized;;;802;06/06/2023;07:09:28;24.8;;;;802;06/06/2023;07:13:23;24.99;;;;
803;06/06/2023;07:07:36;24.98;;;;803;06/06/2023;07:10:28;24.77;;;;803;06/06/2023;07:14:23;24.98;;;;
804;06/06/2023;07:08:36;24.98;;;;804;06/06/2023;07:11:28;24.8;;;;804;06/06/2023;07:15:23;25;;;;
805;06/06/2023;07:09:36;24.96;;;;805;06/06/2023;07:12:28;24.8;;;;805;06/06/2023;07:16:23;24.99;;;;
806;06/06/2023;07:10:36;24.96;;;;806;06/06/2023;07:13:28;24.77;;;;806;06/06/2023;07:17:23;24.98;;;;
807;06/06/2023;07:11:35;24.96;;;;807;06/06/2023;07:14:28;24.82;;;;807;06/06/2023;07:18:23;24.99;;;;
808;06/06/2023;07:12:35;24.96;;;;808;06/06/2023;07:15:28;24.8;;;;808;06/06/2023;07:19:23;25;;;;
809;06/06/2023;07:13:35;24.97;;;;809;06/06/2023;07:16:28;24.79;;;;809;06/06/2023;07:20:23;24.99;;;;
810;06/06/2023;07:14:35;24.96;;;;810;06/06/2023;07:17:28;24.8;;;;810;06/06/2023;07:21:23;24.99;;;;
811;06/06/2023;07:15:35;24.95;;;;811;06/06/2023;07:18:28;24.8;;;;811;06/06/2023;07:22:23;24.98;;;;
812;06/06/2023;07:16:35;24.97;;;;812;06/06/2023;07:19:28;24.77;;;;812;06/06/2023;07:23:23;25;;;;
813;06/06/2023;07:17:35;24.96;;;;813;06/06/2023;07:20:27;24.77;;;;813;06/06/2023;07:24:23;25.02;;;;
814;06/06/2023;07:18:35;24.96;;;;814;06/06/2023;07:21:27;24.79;;;;814;06/06/2023;07:25:23;25.02;;;;
815;06/06/2023;07:19:35;24.95;;;;815;06/06/2023;07:22:28;24.82;;;;815;06/06/2023;07:26:23;25.02;;;;
816;06/06/2023;07:20:35;24.96;;;;816;06/06/2023;07:23:27;24.82;;;;816;06/06/2023;07:27:23;25.02;;;;
817;06/06/2023;07:21:35;24.96;;;;817;06/06/2023;07:24:27;24.82;;;;817;06/06/2023;07:28:23;25.05;;;;
818;06/06/2023;07:22:35;24.98;;;;818;06/06/2023;07:25:27;24.83;;;;818;06/06/2023;07:29:23;25.05;;;;
819;06/06/2023;07:23:35;24.98;;;;819;06/06/2023;07:26:27;24.81;;;;819;06/06/2023;07:30:23;25.05;;;;
820;06/06/2023;07:24:34;25.01;;;;820;06/06/2023;07:27:27;24.81;;;;820;06/06/2023;07:31:23;25.02;;;;
821;06/06/2023;07:25:34;25.01;;;;821;06/06/2023;07:28:27;24.84;;;;821;06/06/2023;07:32:23;25.05;;;;
822;06/06/2023;07:26:34;24.98;;;;822;06/06/2023;07:29:27;24.84;;;;822;06/06/2023;07:33:23;25.04;;;;
823;06/06/2023;07:27:34;24.99;;;;823;06/06/2023;07:30:26;24.84;;;;823;06/06/2023;07:34:23;25.05;;;;
824;06/06/2023;07:28:34;25.01;;;;824;06/06/2023;07:31:27;24.85;;;;824;06/06/2023;07:35:23;25.02;;;;
825;06/06/2023;07:29:34;25;;;;825;06/06/2023;07:32:26;24.84;;;;825;06/06/2023;07:36:23;25.05;;;;
826;06/06/2023;07:30:34;25;;;;826;06/06/2023;07:33:26;24.84;;;;826;06/06/2023;07:37:23;25.04;;;;
827;06/06/2023;07:31:34;25;;;;827;06/06/2023;07:34:26;24.83;;;;827;06/06/2023;07:38:23;25.02;;;;
828;06/06/2023;07:32:34;25;;;;828;06/06/2023;07:35:26;24.82;;;;828;06/06/2023;07:39:23;25.04;;;;
829;06/06/2023;07:33:34;25;;;;829;06/06/2023;07:36:26;24.84;;;;829;06/06/2023;07:40:23;25.05;;;;
830;06/06/2023;07:34:34;24.98;;;;830;06/06/2023;07:37:26;24.82;;;;830;06/06/2023;07:41:23;25.02;;;;
831;06/06/2023;07:35:34;25.01;;;;831;06/06/2023;07:38:26;24.81;;;;831;06/06/2023;07:42:23;25.02;;;;
832;06/06/2023;07:36:33;24.98;;;;832;06/06/2023;07:39:26;24.83;;;;832;06/06/2023;07:43:23;25.02;;;;
833;06/06/2023;07:37:33;24.98;;;;833;06/06/2023;07:40:26;24.8;;;;833;06/06/2023;07:44:23;25.08;;;;
834;06/06/2023;07:38:33;24.99;;;;834;06/06/2023;07:41:26;24.82;;;;834;06/06/2023;07:45:23;25.05;;;;
835;06/06/2023;07:39:33;25;;;;835;06/06/2023;07:42:26;24.81;;;;835;06/06/2023;07:46:23;25.04;;;;
836;06/06/2023;07:40:33;24.98;;;;836;06/06/2023;07:43:26;24.83;;;;836;06/06/2023;07:47:23;25.04;;;;
837;06/06/2023;07:41:33;24.98;;;;837;06/06/2023;07:44:26;24.88;;;;837;06/06/2023;07:48:23;25.01;;;;
838;06/06/2023;07:42:33;24.98;;;;838;06/06/2023;07:45:26;24.85;;;;838;06/06/2023;07:49:23;24.99;;;;
839;06/06/2023;07:43:33;24.98;;;;839;06/06/2023;07:46:26;24.82;;;;839;06/06/2023;07:50:23;24.99;;;;
840;06/06/2023;07:44:33;25.02;;;;840;06/06/2023;07:47:26;24.8;;;;840;06/06/2023;07:51:23;24.98;;;;
841;06/06/2023;07:45:33;25;;;;841;06/06/2023;07:48:25;24.77;;;;841;06/06/2023;07:52:23;24.98;;;;
842;06/06/2023;07:46:33;25.01;;;;842;06/06/2023;07:49:25;24.77;;;;842;06/06/2023;07:53:23;24.96;;;;
843;06/06/2023;07:47:32;24.98;;;;843;06/06/2023;07:50:25;24.75;;;;843;06/06/2023;07:54:23;24.97;;;;
844;06/06/2023;07:48:32;24.97;;;;844;06/06/2023;07:51:25;24.73;;;;844;06/06/2023;07:55:23;24.98;;;;
845;06/06/2023;07:49:32;24.96;;;;845;06/06/2023;07:52:25;24.74;;;;845;06/06/2023;07:56:23;25.05;;;;
846;06/06/2023;07:50:32;24.96;;;;846;06/06/2023;07:53:25;24.73;;;;846;06/06/2023;07:57:23;25.07;;;;
847;06/06/2023;07:51:32;24.97;Synchronized;;;847;06/06/2023;07:54:25;24.72;;;;847;06/06/2023;07:58:23;25.06;;;;
848;06/06/2023;07:52:32;24.95;;;;848;06/06/2023;07:55:25;24.76;Synchronized;;;848;06/06/2023;07:59:23;25.07;;;;
849;06/06/2023;07:53:32;24.97;;;;849;06/06/2023;07:56:24;24.84;Synchronized;;;849;06/06/2023;08:00:23;25.07;;;;
850;06/06/2023;07:54:32;24.95;;;;850;06/06/2023;07:57:24;24.84;;;;850;06/06/2023;08:01:23;25.06;;;;
851;06/06/2023;07:55:32;25.01;;;;851;06/06/2023;07:58:24;24.87;Synchronized;;;851;06/06/2023;08:02:23;25.05;;;;
852;06/06/2023;07:56:32;24.96;;;;852;06/06/2023;07:59:24;24.88;Synchronized;;;852;06/06/2023;08:03:22;25.04;;;;
853;06/06/2023;07:57:32;24.96;;;;853;06/06/2023;08:00:24;24.92;;;;853;06/06/2023;08:04:22;25.02;;;;
854;06/06/2023;07:58:32;24.91;;;;854;06/06/2023;08:01:24;24.92;;;;854;06/06/2023;08:05:22;25;;;;
855;06/06/2023;07:59:32;24.91;;;;855;06/06/2023;08:02:24;24.94;;;;855;06/06/2023;08:06:22;24.95;;;;
856;06/06/2023;08:00:32;24.91;;;;856;06/06/2023;08:03:25;24.95;Synchronized;;;856;06/06/2023;08:07:22;24.93;;;;
857;06/06/2023;08:01:31;24.88;;;;857;06/06/2023;08:04:25;24.97;;;;857;06/06/2023;08:08:22;24.9;;;;
858;06/06/2023;08:02:31;24.89;;;;858;06/06/2023;08:05:25;24.95;;;;858;06/06/2023;08:09:22;24.88;;;;
859;06/06/2023;08:03:31;24.89;;;;859;06/06/2023;08:06:25;24.95;;;;859;06/06/2023;08:10:22;24.88;;;;
860;06/06/2023;08:04:31;24.88;;;;860;06/06/2023;08:07:25;24.92;;;;860;06/06/2023;08:11:22;24.84;;;;
861;06/06/2023;08:05:31;24.81;;;;861;06/06/2023;08:08:25;24.88;;;;861;06/06/2023;08:12:22;24.85;;;;
862;06/06/2023;08:06:31;24.79;Synchronized;;;862;06/06/2023;08:09:25;24.86;Synchronized;;;862;06/06/2023;08:13:22;24.86;;;;
863;06/06/2023;08:07:31;24.77;;;;863;06/06/2023;08:10:25;24.83;;;;863;06/06/2023;08:14:22;24.86;;;;
864;06/06/2023;08:08:31;24.73;;;;864;06/06/2023;08:11:25;24.83;Synchronized;;;864;06/06/2023;08:15:22;24.86;;;;
865;06/06/2023;08:09:31;24.7;;;;865;06/06/2023;08:12:25;24.84;;;;865;06/06/2023;08:16:22;24.89;;;;
866;06/06/2023;08:10:31;24.7;;;;866;06/06/2023;08:13:24;24.82;;;;866;06/06/2023;08:17:22;24.9;;;;
867;06/06/2023;08:11:31;24.68;;;;867;06/06/2023;08:14:25;24.85;;;;867;06/06/2023;08:18:22;24.91;;;;
868;06/06/2023;08:12:31;24.7;;;;868;06/06/2023;08:15:24;24.84;;;;868;06/06/2023;08:19:22;25.11;;;;
869;06/06/2023;08:13:31;24.72;;;;869;06/06/2023;08:16:24;24.88;;;;869;06/06/2023;08:20:22;25.34;;;;
870;06/06/2023;08:14:31;24.73;;;;870;06/06/2023;08:17:24;24.91;;;;870;06/06/2023;08:21:22;25.57;Synchronized;;;
871;06/06/2023;08:15:30;24.76;;;;871;06/06/2023;08:18:24;24.93;;;;871;06/06/2023;08:22:22;25.61;Synchronized;;;
872;06/06/2023;08:16:30;24.77;;;;872;06/06/2023;08:19:24;25.77;;;;872;06/06/2023;08:23:22;25.65;;;;
873;06/06/2023;08:17:30;24.78;;;;873;06/06/2023;08:20:24;26.43;Synchronized;;;873;06/06/2023;08:24:22;25.66;Synchronized;;;
874;06/06/2023;08:18:30;24.81;;;;874;06/06/2023;08:21:24;26.47;Synchronized;;;874;06/06/2023;08:25:22;25.68;;;;
875;06/06/2023;08:19:30;25.88;;;;875;06/06/2023;08:22:24;26.33;Synchronized;;;875;06/06/2023;08:26:22;25.7;;;;
876;06/06/2023;08:20:30;27.05;Synchronized;;;876;06/06/2023;08:23:24;26.22;;;;876;06/06/2023;08:27:22;25.7;;;;
877;06/06/2023;08:21:30;26.98;Synchronized;;;877;06/06/2023;08:24:24;26.16;;;;877;06/06/2023;08:28:22;25.71;Synchronized;;;
878;06/06/2023;08:22:30;26.76;;;;878;06/06/2023;08:25:24;26.07;;;;878;06/06/2023;08:29:22;25.74;Synchronized;;;
879;06/06/2023;08:23:30;26.59;;;;879;06/06/2023;08:26:24;26.04;Synchronized;;;879;06/06/2023;08:30:22;25.76;Synchronized;;;
880;06/06/2023;08:24:29;26.46;;;;880;06/06/2023;08:27:24;25.98;Synchronized;;;880;06/06/2023;08:31:22;25.77;;;;
881;06/06/2023;08:25:29;26.34;;;;881;06/06/2023;08:28:24;25.98;Synchronized;;;881;06/06/2023;08:32:22;25.79;Synchronized;;;
882;06/06/2023;08:26:29;26.27;;;;882;06/06/2023;08:29:24;25.98;Synchronized;;;882;06/06/2023;08:33:22;25.82;Synchronized;;;
883;06/06/2023;08:27:29;26.2;Synchronized;;;883;06/06/2023;08:30:24;25.98;Synchronized;;;883;06/06/2023;08:34:22;25.83;Synchronized;;;
884;06/06/2023;08:28:29;26.13;Synchronized;;;884;06/06/2023;08:31:24;25.97;Synchronized;;;884;06/06/2023;08:35:22;25.86;;;;
885;06/06/2023;08:29:29;26.13;Synchronized;;;885;06/06/2023;08:32:23;25.98;Synchronized;;;885;06/06/2023;08:36:22;26.15;;;;
886;06/06/2023;08:30:29;26.11;Synchronized;;;886;06/06/2023;08:33:23;25.96;Synchronized;;;886;06/06/2023;08:37:22;33.52;Synchronized;;;
887;06/06/2023;08:31:29;26.08;Synchronized;;;887;06/06/2023;08:34:23;25.98;Synchronized;;;887;06/06/2023;08:38:22;37.22;Synchronized;;;
888;06/06/2023;08:32:29;26.09;Synchronized;;;888;06/06/2023;08:35:23;26.02;Synchronized;;;888;06/06/2023;08:39:22;37.59;Synchronized;;;
889;06/06/2023;08:33:29;26.06;Synchronized;;;889;06/06/2023;08:36:23;26.08;Synchronized;;;889;06/06/2023;08:40:22;37.62;Synchronized;;;
890;06/06/2023;08:34:29;26.05;Synchronized;;;890;06/06/2023;08:37:23;26.11;Synchronized;;;890;06/06/2023;08:41:22;37.59;Synchronized;;;
891;06/06/2023;08:35:28;26.08;Synchronized;;;891;06/06/2023;08:38:23;26.09;;;;891;06/06/2023;08:42:22;37.59;Synchronized;;;
892;06/06/2023;08:36:28;26.12;Synchronized;;;892;06/06/2023;08:39:23;26.09;Synchronized;;;892;06/06/2023;08:43:22;37.58;Synchronized;;;
893;06/06/2023;08:37:28;26.12;Synchronized;;;893;06/06/2023;08:40:23;26.16;Synchronized;;;893;06/06/2023;08:44:22;37.55;Synchronized;;;
894;06/06/2023;08:38:28;26.11;Synchronized;;;894;06/06/2023;08:41:23;26.2;Synchronized;;;894;06/06/2023;08:45:22;37.55;Synchronized;;;
895;06/06/2023;08:39:28;26.11;Synchronized;;;895;06/06/2023;08:42:23;26.25;Synchronized;;;895;06/06/2023;08:46:22;37.53;Synchronized;;;
896;06/06/2023;08:40:28;26.15;Synchronized;;;896;06/06/2023;08:43:23;26.32;Synchronized;;;896;06/06/2023;08:47:22;37.52;Synchronized;;;
897;06/06/2023;08:41:28;26.2;Synchronized;;;897;06/06/2023;08:44:23;26.39;Synchronized;;;897;06/06/2023;08:48:22;37.52;Synchronized;;;
898;06/06/2023;08:42:28;26.26;Synchronized;;;898;06/06/2023;08:45:23;26.41;Synchronized;;;898;06/06/2023;08:49:22;37.51;Synchronized;;;
899;06/06/2023;08:43:28;27.59;Synchronized;;;899;06/06/2023;08:46:23;26.62;Synchronized;;;899;06/06/2023;08:50:22;37.5;Synchronized;;;
900;06/06/2023;08:44:28;35.83;Synchronized;;;900;06/06/2023;08:47:23;26.62;Synchronized;;;900;06/06/2023;08:51:22;37.49;Synchronized;;;
901;06/06/2023;08:45:28;36.84;Synchronized;;;901;06/06/2023;08:48:23;26.54;Synchronized;;;901;06/06/2023;08:52:22;37.49;Synchronized;;;
902;06/06/2023;08:46:28;36.89;Synchronized;;;902;06/06/2023;08:49:23;26.45;Synchronized;;;902;06/06/2023;08:53:22;37.48;Synchronized;;;
903;06/06/2023;08:47:28;36.8;Synchronized;;;903;06/06/2023;08:50:23;26.35;Synchronized;;;903;06/06/2023;08:54:22;37.47;Synchronized;;;
904;06/06/2023;08:48:28;36.59;Synchronized;;;904;06/06/2023;08:51:23;26.27;Synchronized;;;904;06/06/2023;08:55:22;37.46;Synchronized;;;
905;06/06/2023;08:49:28;36.59;Synchronized;;;905;06/06/2023;08:52:23;26.2;;;;905;06/06/2023;08:56:22;37.47;Synchronized;;;
906;06/06/2023;08:50:28;36.66;Synchronized;;;906;06/06/2023;08:53:23;26.18;Synchronized;;;906;06/06/2023;08:57:22;37.44;Synchronized;;;
907;06/06/2023;08:51:27;36.76;Synchronized;;;907;06/06/2023;08:54:23;26.13;Synchronized;;;907;06/06/2023;08:58:22;37.45;Synchronized;;;
908;06/06/2023;08:52:27;36.8;Synchronized;;;908;06/06/2023;08:55:23;26.1;Synchronized;;;908;06/06/2023;08:59:22;37.41;Synchronized;;;
909;06/06/2023;08:53:27;36.86;Synchronized;;;909;06/06/2023;08:56:23;26.06;Synchronized;;;909;06/06/2023;09:00:22;37.45;Synchronized;;;
910;06/06/2023;08:54:27;36.88;Synchronized;;;910;06/06/2023;08:57:23;26.05;Synchronized;;;910;06/06/2023;09:01:22;37.43;Synchronized;;;
911;06/06/2023;08:55:27;36.92;Synchronized;;;911;06/06/2023;08:58:23;26.05;Synchronized;;;911;06/06/2023;09:02:22;37.42;Synchronized;;;
912;06/06/2023;08:56:27;36.95;Synchronized;;;912;06/06/2023;08:59:23;26.07;Synchronized;;;912;06/06/2023;09:03:22;37.42;Synchronized;;;
913;06/06/2023;08:57:27;36.98;Synchronized;;;913;06/06/2023;09:00:23;26.07;Synchronized;;;913;06/06/2023;09:04:22;37.41;Synchronized;;;
914;06/06/2023;08:58:27;36.98;Synchronized;;;914;06/06/2023;09:01:23;26.06;Synchronized;;;914;06/06/2023;09:05:22;37.41;Synchronized;;;
915;06/06/2023;08:59:27;37.02;Synchronized;;;915;06/06/2023;09:02:23;26.11;Synchronized;;;915;06/06/2023;09:06:22;37.41;Synchronized;;;
916;06/06/2023;09:00:27;37.01;Synchronized;;;916;06/06/2023;09:03:23;26.1;Synchronized;;;916;06/06/2023;09:07:22;37.41;Synchronized;;;
917;06/06/2023;09:01:27;37.02;Synchronized;;;917;06/06/2023;09:04:23;26.19;Synchronized;;;917;06/06/2023;09:08:22;37.41;Synchronized;;;
918;06/06/2023;09:02:27;37.03;Synchronized;;;918;06/06/2023;09:05:23;26.29;Synchronized;;;918;06/06/2023;09:09:22;37.4;Synchronized;;;
919;06/06/2023;09:03:27;37.03;Synchronized;;;919;06/06/2023;09:06:23;26.23;Synchronized;;;919;06/06/2023;09:10:22;37.39;Synchronized;;;
920;06/06/2023;09:04:27;37.05;Synchronized;;;920;06/06/2023;09:07:23;26.18;Synchronized;;;920;06/06/2023;09:11:22;37.4;Synchronized;;;
921;06/06/2023;09:05:27;37.05;Synchronized;;;921;06/06/2023;09:08:23;26.14;Synchronized;;;921;06/06/2023;09:12:22;37.41;Synchronized;;;
922;06/06/2023;09:06:27;37.05;Synchronized;;;922;06/06/2023;09:09:23;26.06;Synchronized;;;922;06/06/2023;09:13:21;37.41;Synchronized;;;
923;06/06/2023;09:07:27;37.05;Synchronized;;;923;06/06/2023;09:10:23;26.01;Synchronized;;;923;06/06/2023;09:14:21;37.4;Synchronized;;;
924;06/06/2023;09:08:26;37.05;Synchronized;;;924;06/06/2023;09:11:23;25.98;Synchronized;;;924;06/06/2023;09:15:21;37.41;Synchronized;;;
925;06/06/2023;09:09:26;37.04;Synchronized;;;925;06/06/2023;09:12:23;25.95;Synchronized;;;925;06/06/2023;09:16:21;37.4;Synchronized;;;
926;06/06/2023;09:10:26;37.05;Synchronized;;;926;06/06/2023;09:13:23;25.94;Synchronized;;;926;06/06/2023;09:17:21;37.41;Synchronized;;;
927;06/06/2023;09:11:26;37.03;Synchronized;;;927;06/06/2023;09:14:22;25.91;Synchronized;;;927;06/06/2023;09:18:21;37.4;Synchronized;;;
928;06/06/2023;09:12:26;37.05;Synchronized;;;928;06/06/2023;09:15:22;25.89;Synchronized;;;928;06/06/2023;09:19:21;37.41;Synchronized;;;
929;06/06/2023;09:13:26;37.05;Synchronized;;;929;06/06/2023;09:16:22;25.88;Synchronized;;;929;06/06/2023;09:20:21;37.39;Synchronized;;;
930;06/06/2023;09:14:26;37.05;Synchronized;;;930;06/06/2023;09:17:22;25.86;Synchronized;;;930;06/06/2023;09:21:21;37.39;Synchronized;;;
931;06/06/2023;09:15:26;37.05;Synchronized;;;931;06/06/2023;09:18:22;25.85;Synchronized;;;931;06/06/2023;09:22:21;37.37;Synchronized;;;
932;06/06/2023;09:16:26;37.04;Synchronized;;;932;06/06/2023;09:19:22;25.83;Synchronized;;;932;06/06/2023;09:23:21;37.38;Synchronized;;;
933;06/06/2023;09:17:26;37.05;Synchronized;;;933;06/06/2023;09:20:22;25.82;Synchronized;;;933;06/06/2023;09:24:21;37.36;Synchronized;;;
934;06/06/2023;09:18:26;37.05;Synchronized;;;934;06/06/2023;09:21:22;25.83;Synchronized;;;934;06/06/2023;09:25:21;37.36;Synchronized;;;
935;06/06/2023;09:19:26;37.04;Synchronized;;;935;06/06/2023;09:22:22;25.8;Synchronized;;;935;06/06/2023;09:26:21;37.35;Synchronized;;;
936;06/06/2023;09:20:26;37.06;Synchronized;;;936;06/06/2023;09:23:22;25.82;Synchronized;;;936;06/06/2023;09:27:21;37.34;Synchronized;;;
937;06/06/2023;09:21:26;37.07;Synchronized;;;937;06/06/2023;09:24:22;25.86;Synchronized;;;937;06/06/2023;09:28:21;37.32;Synchronized;;;
938;06/06/2023;09:22:26;37.05;Synchronized;;;938;06/06/2023;09:25:22;25.84;Synchronized;;;938;06/06/2023;09:29:21;37.34;Synchronized;;;
939;06/06/2023;09:23:26;37.02;Synchronized;;;939;06/06/2023;09:26:22;25.84;Synchronized;;;939;06/06/2023;09:30:21;37.34;Synchronized;;;
940;06/06/2023;09:24:26;37.04;Synchronized;;;940;06/06/2023;09:27:22;25.81;Synchronized;;;940;06/06/2023;09:31:21;37.31;Synchronized;;;
941;06/06/2023;09:25:25;37.03;Synchronized;;;941;06/06/2023;09:28:22;25.81;Synchronized;;;941;06/06/2023;09:32:21;37.32;Synchronized;;;
942;06/06/2023;09:26:25;37.02;Synchronized;;;942;06/06/2023;09:29:22;25.84;Synchronized;;;942;06/06/2023;09:33:21;37.34;Synchronized;;;
943;06/06/2023;09:27:25;37.02;Synchronized;;;943;06/06/2023;09:30:22;25.82;Synchronized;;;943;06/06/2023;09:34:21;37.32;Synchronized;;;
944;06/06/2023;09:28:25;37.02;Synchronized;;;944;06/06/2023;09:31:22;25.95;Synchronized;;;944;06/06/2023;09:35:21;37.34;Synchronized;;;
945;06/06/2023;09:29:25;37.02;Synchronized;;;945;06/06/2023;09:32:22;26.02;Synchronized;;;945;06/06/2023;09:36:21;37.34;Synchronized;;;
946;06/06/2023;09:30:25;37.03;Synchronized;;;946;06/06/2023;09:33:22;25.97;Synchronized;;;946;06/06/2023;09:37:21;37.31;Synchronized;;;
947;06/06/2023;09:31:25;37.05;Synchronized;;;947;06/06/2023;09:34:22;25.86;;;;947;06/06/2023;09:38:21;37.34;Synchronized;;;
948;06/06/2023;09:32:25;37;Synchronized;;;948;06/06/2023;09:35:22;25.77;Synchronized;;;948;06/06/2023;09:39:21;37.34;Synchronized;;;
949;06/06/2023;09:33:25;37.04;Synchronized;;;949;06/06/2023;09:36:22;25.68;;;;949;06/06/2023;09:40:21;37.34;Synchronized;;;
950;06/06/2023;09:34:25;37.02;Synchronized;;;950;06/06/2023;09:37:22;25.58;Synchronized;;;950;06/06/2023;09:41:21;37.34;Synchronized;;;
951;06/06/2023;09:35:25;37.01;Synchronized;;;951;06/06/2023;09:38:22;25.52;Synchronized;;;951;06/06/2023;09:42:21;37.34;Synchronized;;;
952;06/06/2023;09:36:25;37.01;Synchronized;;;952;06/06/2023;09:39:22;25.6;;;;952;06/06/2023;09:43:21;37.3;Synchronized;;;
953;06/06/2023;09:37:25;37.02;Synchronized;;;953;06/06/2023;09:40:22;25.58;;;;953;06/06/2023;09:44:21;37.3;Synchronized;;;
954;06/06/2023;09:38:25;37;Synchronized;;;954;06/06/2023;09:41:22;25.54;;;;954;06/06/2023;09:45:21;37.27;Synchronized;;;
955;06/06/2023;09:39:25;36.98;Synchronized;;;955;06/06/2023;09:42:22;25.53;;;;955;06/06/2023;09:46:21;37.28;Synchronized;;;
956;06/06/2023;09:40:25;37;Synchronized;;;956;06/06/2023;09:43:22;25.49;;;;956;06/06/2023;09:47:21;37.26;Synchronized;;;
957;06/06/2023;09:41:24;36.96;Synchronized;;;957;06/06/2023;09:44:22;25.45;;;;957;06/06/2023;09:48:21;37.27;Synchronized;;;
958;06/06/2023;09:42:24;36.96;Synchronized;;;958;06/06/2023;09:45:22;25.45;;;;958;06/06/2023;09:49:21;37.29;Synchronized;;;
959;06/06/2023;09:43:24;36.97;Synchronized;;;959;06/06/2023;09:46:22;25.41;;;;959;06/06/2023;09:50:21;37.28;;;;
960;06/06/2023;09:44:24;36.96;Synchronized;;;960;06/06/2023;09:47:22;25.39;;;;960;06/06/2023;09:51:21;37.28;;;;
961;06/06/2023;09:45:24;36.98;Synchronized;;;961;06/06/2023;09:48:22;25.36;;;;961;06/06/2023;09:52:21;37.25;Synchronized;;;
962;06/06/2023;09:46:24;36.95;Synchronized;;;962;06/06/2023;09:49:22;25.33;;;;962;06/06/2023;09:53:21;37.25;Synchronized;;;
963;06/06/2023;09:47:24;36.95;Synchronized;;;963;06/06/2023;09:50:22;25.33;;;;963;06/06/2023;09:54:21;37.23;Synchronized;;;
964;06/06/2023;09:48:24;36.96;Synchronized;;;964;06/06/2023;09:51:22;25.33;;;;964;06/06/2023;09:55:21;37.23;;;;
965;06/06/2023;09:49:24;36.95;;;;965;06/06/2023;09:52:22;25.34;;;;965;06/06/2023;09:56:21;37.22;;;;
966;06/06/2023;09:50:24;36.92;;;;966;06/06/2023;09:53:22;25.3;Synchronized;;;966;06/06/2023;09:57:21;37.2;;;;
967;06/06/2023;09:51:24;36.93;;;;967;06/06/2023;09:54:22;25.32;Synchronized;;;967;06/06/2023;09:58:21;37.23;;;;
968;06/06/2023;09:52:24;36.91;;;;968;06/06/2023;09:55:22;25.32;;;;968;06/06/2023;09:59:21;37.23;;;;
969;06/06/2023;09:53:24;36.93;Synchronized;;;969;06/06/2023;09:56:22;25.34;Synchronized;;;969;06/06/2023;10:00:21;37.22;Synchronized;;;
970;06/06/2023;09:54:24;36.92;Synchronized;;;970;06/06/2023;09:57:22;25.34;Synchronized;;;970;06/06/2023;10:01:21;37.22;;;;
971;06/06/2023;09:55:24;36.91;Synchronized;;;971;06/06/2023;09:58:22;25.39;Synchronized;;;971;06/06/2023;10:02:21;37.2;;;;
972;06/06/2023;09:56:24;36.91;Synchronized;;;972;06/06/2023;09:59:22;25.42;;;;972;06/06/2023;10:03:21;37.23;;;;
973;06/06/2023;09:57:23;36.92;Synchronized;;;973;06/06/2023;10:00:22;25.46;Synchronized;;;973;06/06/2023;10:04:21;37.2;;;;
974;06/06/2023;09:58:23;36.83;Synchronized;;;974;06/06/2023;10:01:22;25.45;Synchronized;;;974;06/06/2023;10:05:21;37.2;;;;
975;06/06/2023;09:59:23;36.61;Synchronized;;;975;06/06/2023;10:02:22;25.48;Synchronized;;;975;06/06/2023;10:06:21;37.17;;;;
976;06/06/2023;10:00:23;36.55;;;;976;06/06/2023;10:03:22;25.45;Synchronized;;;976;06/06/2023;10:07:21;37.19;;;;
977;06/06/2023;10:01:23;36.55;Synchronized;;;977;06/06/2023;10:04:22;25.37;Synchronized;;;977;06/06/2023;10:08:21;37.19;;;;
978;06/06/2023;10:02:23;36.61;Synchronized;;;978;06/06/2023;10:05:22;25.26;Synchronized;;;978;06/06/2023;10:09:21;37.18;;;;
979;06/06/2023;10:03:23;36.66;Synchronized;;;979;06/06/2023;10:06:22;25.12;Synchronized;;;979;06/06/2023;10:10:21;37.2;;;;
980;06/06/2023;10:04:23;36.7;;;;980;06/06/2023;10:07:22;25.06;Synchronized;;;980;06/06/2023;10:11:21;37.18;;;;
981;06/06/2023;10:05:23;36.73;Synchronized;;;981;06/06/2023;10:08:22;24.97;Synchronized;;;981;06/06/2023;10:12:21;37.18;;;;
982;06/06/2023;10:06:23;36.8;Synchronized;;;982;06/06/2023;10:09:22;24.92;Synchronized;;;982;06/06/2023;10:13:21;37.18;Synchronized;;;
983;06/06/2023;10:07:23;36.81;;;;983;06/06/2023;10:10:22;24.88;Synchronized;;;983;06/06/2023;10:14:21;37.2;Synchronized;;;
984;06/06/2023;10:08:23;36.83;Synchronized;;;984;06/06/2023;10:11:22;24.83;Synchronized;;;984;06/06/2023;10:15:21;37.19;;;;
985;06/06/2023;10:09:23;36.82;Synchronized;;;985;06/06/2023;10:12:22;24.82;Synchronized;;;985;06/06/2023;10:16:21;37.19;;;;
986;06/06/2023;10:10:22;36.86;Synchronized;;;986;06/06/2023;10:13:21;24.83;Synchronized;;;986;06/06/2023;10:17:21;37.19;;;;
987;06/06/2023;10:11:22;36.87;Synchronized;;;987;06/06/2023;10:14:21;24.77;Synchronized;;;987;06/06/2023;10:18:21;37.17;;;;
988;06/06/2023;10:12:22;36.88;;;;988;06/06/2023;10:15:21;24.75;Synchronized;;;988;06/06/2023;10:19:21;37.16;;;;
989;06/06/2023;10:13:22;36.91;;;;989;06/06/2023;10:16:21;24.76;Synchronized;;;989;06/06/2023;10:20:21;37.17;;;;
990;06/06/2023;10:14:22;36.91;;;;990;06/06/2023;10:17:21;24.74;Synchronized;;;990;06/06/2023;10:21:21;37.16;;;;
991;06/06/2023;10:15:22;36.88;Synchronized;;;991;06/06/2023;10:18:21;24.72;Synchronized;;;991;06/06/2023;10:22:21;37.15;;;;
992;06/06/2023;10:16:22;36.91;Synchronized;;;992;06/06/2023;10:19:21;24.71;Synchronized;;;992;06/06/2023;10:23:21;37.15;;;;
993;06/06/2023;10:17:22;36.91;;;;993;06/06/2023;10:20:21;24.67;Synchronized;;;993;06/06/2023;10:24:21;37.15;;;;
994;06/06/2023;10:18:22;36.91;Synchronized;;;994;06/06/2023;10:21:21;24.63;Synchronized;;;994;06/06/2023;10:25:21;37.15;;;;
995;06/06/2023;10:19:22;36.9;Synchronized;;;995;06/06/2023;10:22:21;24.57;Synchronized;;;995;06/06/2023;10:26:21;37.1;;;;
996;06/06/2023;10:20:22;36.88;Synchronized;;;996;06/06/2023;10:23:21;24.52;Synchronized;;;996;06/06/2023;10:27:21;37.1;;;;
997;06/06/2023;10:21:22;36.86;;;;997;06/06/2023;10:24:21;24.48;Synchronized;;;997;06/06/2023;10:28:21;37.05;;;;
998;06/06/2023;10:22:22;36.85;Synchronized;;;998;06/06/2023;10:25:21;24.45;;;;998;06/06/2023;10:29:21;37.03;;;;
999;06/06/2023;10:23:22;36.88;Synchronized;;;999;06/06/2023;10:26:21;24.44;Synchronized;;;999;06/06/2023;10:30:21;36.91;;;;
1000;06/06/2023;10:24:22;36.86;Synchronized;;;1000;06/06/2023;10:27:21;24.45;Synchronized;;;1000;06/06/2023;10:31:21;36.84;;;;
1001;06/06/2023;10:25:22;36.89;Synchronized;;;1001;06/06/2023;10:28:21;24.48;Synchronized;;;1001;06/06/2023;10:32:21;36.84;;;;
1002;06/06/2023;10:26:22;36.81;Synchronized;;;1002;06/06/2023;10:29:21;24.52;Synchronized;;;1002;06/06/2023;10:33:21;36.78;;;;
1003;06/06/2023;10:27:22;36.82;Synchronized;;;1003;06/06/2023;10:30:21;24.52;Synchronized;;;1003;06/06/2023;10:34:21;36.78;;;;
1004;06/06/2023;10:28:22;36.77;Synchronized;;;1004;06/06/2023;10:31:20;24.56;Synchronized;;;1004;06/06/2023;10:35:21;36.75;;;;
1005;06/06/2023;10:29:22;36.94;;;;1005;06/06/2023;10:32:20;24.52;Synchronized;;;1005;06/06/2023;10:36:21;36.68;;;;
1006;06/06/2023;10:30:22;36.95;;;;1006;06/06/2023;10:33:20;24.52;Synchronized;;;1006;06/06/2023;10:37:21;36.58;;;;
1007;06/06/2023;10:31:22;36.93;Synchronized;;;1007;06/06/2023;10:34:20;24.52;Synchronized;;;1007;06/06/2023;10:38:21;36.47;Synchronized;;;
1008;06/06/2023;10:32:22;36.95;;;;1008;06/06/2023;10:35:20;24.55;Synchronized;;;1008;06/06/2023;10:39:21;36.52;Synchronized;;;
1009;06/06/2023;10:33:22;36.96;;;;1009;06/06/2023;10:36:20;24.55;Synchronized;;;1009;06/06/2023;10:40:21;36.55;;;;
1010;06/06/2023;10:34:22;36.98;;;;1010;06/06/2023;10:37:20;24.52;Synchronized;;;1010;06/06/2023;10:41:21;36.64;;;;
1011;06/06/2023;10:35:22;37;;;;1011;06/06/2023;10:38:20;24.55;Synchronized;;;1011;06/06/2023;10:42:21;36.66;;;;
1012;06/06/2023;10:36:22;37.01;;;;1012;06/06/2023;10:39:20;24.56;Synchronized;;;1012;06/06/2023;10:43:21;36.71;;;;
1013;06/06/2023;10:37:22;37.01;;;;1013;06/06/2023;10:40:20;24.58;Synchronized;;;1013;06/06/2023;10:44:21;36.74;;;;
1014;06/06/2023;10:38:21;37.01;;;;1014;06/06/2023;10:41:19;24.58;Synchronized;;;1014;06/06/2023;10:45:21;36.79;;;;
1015;06/06/2023;10:39:21;37.01;;;;1015;06/06/2023;10:42:19;24.58;Synchronized;;;1015;06/06/2023;10:46:21;36.87;;;;
1016;06/06/2023;10:40:21;37.02;;;;1016;06/06/2023;10:43:19;24.57;Synchronized;;;1016;06/06/2023;10:47:21;36.9;;;;
1017;06/06/2023;10:41:21;37.01;;;;1017;06/06/2023;10:44:19;24.57;Synchronized;;;1017;06/06/2023;10:48:21;36.94;;;;
1018;06/06/2023;10:42:21;37.01;;;;1018;06/06/2023;10:45:19;24.59;Synchronized;;;1018;06/06/2023;10:49:21;36.95;;;;
1019;06/06/2023;10:43:21;36.98;;;;1019;06/06/2023;10:46:19;24.55;Synchronized;;;1019;06/06/2023;10:50:21;36.99;;;;
1020;06/06/2023;10:44:21;37.02;;;;1020;06/06/2023;10:47:19;24.57;Synchronized;;;1020;06/06/2023;10:51:21;37.02;;;;
1021;06/06/2023;10:45:21;36.98;;;;1021;06/06/2023;10:48:19;24.56;Synchronized;;;1021;06/06/2023;10:52:21;37.02;;;;
1022;06/06/2023;10:46:21;36.98;;;;1022;06/06/2023;10:49:19;24.59;Synchronized;;;1022;06/06/2023;10:53:21;37.05;;;;
1023;06/06/2023;10:47:21;37;Synchronized;;;1023;06/06/2023;10:50:19;24.59;Synchronized;;;1023;06/06/2023;10:54:21;37.06;;;;
1024;06/06/2023;10:48:21;36.96;;;;1024;06/06/2023;10:51:18;24.58;Synchronized;;;1024;06/06/2023;10:55:21;37.08;;;;
1025;06/06/2023;10:49:21;36.96;Synchronized;;;1025;06/06/2023;10:52:18;24.59;Synchronized;;;1025;06/06/2023;10:56:21;37.1;;;;
1026;06/06/2023;10:50:21;36.97;;;;1026;06/06/2023;10:53:18;24.55;Synchronized;;;1026;06/06/2023;10:57:21;37.13;;;;
1027;06/06/2023;10:51:21;36.96;;;;1027;06/06/2023;10:54:18;24.55;Synchronized;;;1027;06/06/2023;10:58:21;37.11;;;;
1028;06/06/2023;10:52:21;36.95;;;;1028;06/06/2023;10:55:18;24.55;Synchronized;;;1028;06/06/2023;10:59:21;37.14;;;;
1029;06/06/2023;10:53:21;36.93;;;;1029;06/06/2023;10:56:18;24.57;Synchronized;;;1029;06/06/2023;11:00:21;37.16;;;;
1030;06/06/2023;10:54:21;36.93;Synchronized;;;1030;06/06/2023;10:57:18;24.55;Synchronized;;;1030;06/06/2023;11:01:21;37.16;;;;
1031;06/06/2023;10:55:21;36.95;;;;1031;06/06/2023;10:58:18;24.56;Synchronized;;;1031;06/06/2023;11:02:21;37.14;;;;
1032;06/06/2023;10:56:21;36.98;Synchronized;;;1032;06/06/2023;10:59:18;24.55;Synchronized;;;1032;06/06/2023;11:03:21;37.07;;;;
1033;06/06/2023;10:57:21;36.97;;;;1033;06/06/2023;11:00:18;24.55;Synchronized;;;1033;06/06/2023;11:04:21;37.06;;;;
1034;06/06/2023;10:58:21;36.96;;;;1034;06/06/2023;11:01:17;24.57;Synchronized;;;1034;06/06/2023;11:05:21;37;;;;
1035;06/06/2023;10:59:21;36.95;Synchronized;;;1035;06/06/2023;11:02:17;24.55;Synchronized;;;1035;06/06/2023;11:06:21;37.03;;;;
1036;06/06/2023;11:00:21;36.94;;;;1036;06/06/2023;11:03:17;24.59;Synchronized;;;1036;06/06/2023;11:07:21;37.05;;;;
1037;06/06/2023;11:01:21;36.95;Synchronized;;;1037;06/06/2023;11:04:17;24.58;Synchronized;;;1037;06/06/2023;11:08:21;37.03;;;;
1038;06/06/2023;11:02:21;36.95;;;;1038;06/06/2023;11:05:17;24.57;Synchronized;;;1038;06/06/2023;11:09:21;37.05;;;;
1039;06/06/2023;11:03:21;36.96;Synchronized;;;1039;06/06/2023;11:06:17;24.57;Synchronized;;;1039;06/06/2023;11:10:21;37.05;;;;
1040;06/06/2023;11:04:21;36.95;;;;1040;06/06/2023;11:07:17;24.55;Synchronized;;;1040;06/06/2023;11:11:21;37.05;;;;
1041;06/06/2023;11:05:21;36.95;;;;1041;06/06/2023;11:08:17;24.53;Synchronized;;;1041;06/06/2023;11:12:21;37.05;Synchronized;;;
1042;06/06/2023;11:06:21;36.95;Synchronized;;;1042;06/06/2023;11:09:17;24.55;Synchronized;;;1042;06/06/2023;11:13:21;37.08;;;;
1043;06/06/2023;11:07:21;36.98;Synchronized;;;1043;06/06/2023;11:10:17;24.52;Synchronized;;;1043;06/06/2023;11:14:21;37.07;;;;
1044;06/06/2023;11:08:21;36.98;Synchronized;;;1044;06/06/2023;11:11:16;24.48;Synchronized;;;1044;06/06/2023;11:15:21;37.07;;;;
1045;06/06/2023;11:09:20;37.02;Synchronized;;;1045;06/06/2023;11:12:16;24.43;Synchronized;;;1045;06/06/2023;11:16:21;37.03;;;;
1046;06/06/2023;11:10:20;37.05;Synchronized;;;1046;06/06/2023;11:13:16;24.27;Synchronized;;;1046;06/06/2023;11:17:21;36.96;;;;
1047;06/06/2023;11:11:20;37.05;Synchronized;;;1047;06/06/2023;11:14:16;24.14;Synchronized;;;1047;06/06/2023;11:18:21;36.91;;;;
1048;06/06/2023;11:12:20;37.03;;;;1048;06/06/2023;11:15:16;24.03;Synchronized;;;1048;06/06/2023;11:19:21;36.89;;;;
1049;06/06/2023;11:13:20;37.03;Synchronized;;;1049;06/06/2023;11:16:16;23.98;Synchronized;;;1049;06/06/2023;11:20:21;36.91;;;;
1050;06/06/2023;11:14:20;37.02;;;;1050;06/06/2023;11:17:16;23.87;Synchronized;;;1050;06/06/2023;11:21:21;36.89;Synchronized;;;
1051;06/06/2023;11:15:20;37.02;;;;1051;06/06/2023;11:18:16;23.85;Synchronized;;;1051;06/06/2023;11:22:21;36.91;Synchronized;;;
1052;06/06/2023;11:16:20;36.97;;;;1052;06/06/2023;11:19:16;23.88;Synchronized;;;1052;06/06/2023;11:23:21;36.91;;;;
1053;06/06/2023;11:17:20;37.02;;;;1053;06/06/2023;11:20:16;23.91;Synchronized;;;1053;06/06/2023;11:24:21;36.93;Synchronized;;;
1054;06/06/2023;11:18:20;36.98;;;;1054;06/06/2023;11:21:15;23.86;Synchronized;;;1054;06/06/2023;11:25:22;36.73;Synchronized;;;
1055;06/06/2023;11:19:20;36.98;;;;1055;06/06/2023;11:22:15;23.83;Synchronized;;;1055;06/06/2023;11:26:22;36.69;Synchronized;;;
1056;06/06/2023;11:20:20;37;;;;1056;06/06/2023;11:23:15;23.73;Synchronized;;;1056;06/06/2023;11:27:22;36.75;;;;
1057;06/06/2023;11:21:20;37.01;;;;1057;06/06/2023;11:24:15;23.68;Synchronized;;;1057;06/06/2023;11:28:22;36.81;Synchronized;;;
1058;06/06/2023;11:22:20;36.98;;;;1058;06/06/2023;11:25:15;23.55;Synchronized;;;1058;06/06/2023;11:29:21;36.82;Synchronized;;;
1059;06/06/2023;11:23:20;37;;;;1059;06/06/2023;11:26:15;23.47;Synchronized;;;1059;06/06/2023;11:30:21;36.88;;;;
1060;06/06/2023;11:24:20;37.02;;;;1060;06/06/2023;11:27:15;23.39;Synchronized;;;1060;06/06/2023;11:31:21;36.94;;;;
1061;06/06/2023;11:25:20;37.01;;;;1061;06/06/2023;11:28:15;23.39;Synchronized;;;1061;06/06/2023;11:32:22;36.93;;;;
1062;06/06/2023;11:26:20;37.03;;;;1062;06/06/2023;11:29:15;23.43;Synchronized;;;1062;06/06/2023;11:33:22;36.98;;;;
1063;06/06/2023;11:27:20;37.02;;;;1063;06/06/2023;11:30:15;23.48;Synchronized;;;1063;06/06/2023;11:34:22;37;Synchronized;;;
1064;06/06/2023;11:28:20;36.98;Synchronized;;;1064;06/06/2023;11:31:14;23.55;Synchronized;;;1064;06/06/2023;11:35:22;36.7;Synchronized;;;
1065;06/06/2023;11:29:20;37.02;Synchronized;;;1065;06/06/2023;11:32:14;23.59;Synchronized;;;1065;06/06/2023;11:36:22;36.72;Synchronized;;;
1066;06/06/2023;11:30:20;37.02;;;;1066;06/06/2023;11:33:14;23.55;Synchronized;;;1066;06/06/2023;11:37:22;36.79;Synchronized;;;
1067;06/06/2023;11:31:20;37.02;Synchronized;;;1067;06/06/2023;11:34:14;23.53;Synchronized;;;1067;06/06/2023;11:38:22;36.77;Synchronized;;;
1068;06/06/2023;11:32:20;37.02;Synchronized;;;1068;06/06/2023;11:35:14;23.51;Synchronized;;;1068;06/06/2023;11:39:22;36.8;;;;
1069;06/06/2023;11:33:20;37.02;Synchronized;;;1069;06/06/2023;11:36:14;23.55;Synchronized;;;1069;06/06/2023;11:40:22;36.8;;;;
1070;06/06/2023;11:34:20;37.02;;;;1070;06/06/2023;11:37:14;23.61;Synchronized;;;1070;06/06/2023;11:41:22;36.84;;;;
1071;06/06/2023;11:35:20;37.02;Synchronized;;;1071;06/06/2023;11:38:14;23.7;Synchronized;;;1071;06/06/2023;11:42:22;36.91;;;;
1072;06/06/2023;11:36:20;37.03;;;;1072;06/06/2023;11:39:14;23.79;Synchronized;;;1072;06/06/2023;11:43:22;36.93;;;;
1073;06/06/2023;11:37:20;37.02;;;;1073;06/06/2023;11:40:14;23.86;Synchronized;;;1073;06/06/2023;11:44:22;36.95;Synchronized;;;
1074;06/06/2023;11:38:20;37.04;Synchronized;;;1074;06/06/2023;11:41:13;23.88;Synchronized;;;1074;06/06/2023;11:45:22;36.99;;;;
1075;06/06/2023;11:39:20;37.05;Synchronized;;;1075;06/06/2023;11:42:13;23.81;Synchronized;;;1075;06/06/2023;11:46:22;37.02;;;;
1076;06/06/2023;11:40:19;37.03;Synchronized;;;1076;06/06/2023;11:43:13;23.75;Synchronized;;;1076;06/06/2023;11:47:22;37.04;;;;
1077;06/06/2023;11:41:19;37.05;Synchronized;;;1077;06/06/2023;11:44:13;23.81;Synchronized;;;1077;06/06/2023;11:48:22;37.05;;;;
1078;06/06/2023;11:42:19;37.05;Synchronized;;;1078;06/06/2023;11:45:13;23.89;Synchronized;;;1078;06/06/2023;11:49:22;37.06;;;;
1079;06/06/2023;11:43:19;37.03;;;;1079;06/06/2023;11:46:13;23.95;Synchronized;;;1079;06/06/2023;11:50:22;37.08;;;;
1080;06/06/2023;11:44:19;37.02;;;;1080;06/06/2023;11:47:13;24.03;Synchronized;;;1080;06/06/2023;11:51:22;37.1;;;;
1081;06/06/2023;11:45:19;37;;;;1081;06/06/2023;11:48:13;24.09;Synchronized;;;1081;06/06/2023;11:52:22;37.13;;;;
1082;06/06/2023;11:46:19;37;;;;1082;06/06/2023;11:49:13;24.18;Synchronized;;;1082;06/06/2023;11:53:22;37.14;;;;
1083;06/06/2023;11:47:19;37.01;Synchronized;;;1083;06/06/2023;11:50:13;24.23;Synchronized;;;1083;06/06/2023;11:54:22;37.18;;;;
1084;06/06/2023;11:48:19;37.02;Synchronized;;;1084;06/06/2023;11:51:12;24.26;Synchronized;;;1084;06/06/2023;11:55:22;37.17;;;;
1085;06/06/2023;11:49:19;37.03;Synchronized;;;1085;06/06/2023;11:52:12;24.37;Synchronized;;;1085;06/06/2023;11:56:22;37.19;;;;
1086;06/06/2023;11:50:19;37.04;Synchronized;;;1086;06/06/2023;11:53:12;24.38;Synchronized;;;1086;06/06/2023;11:57:22;37.18;Synchronized;;;
1087;06/06/2023;11:51:19;37.07;;;;1087;06/06/2023;11:54:12;24.39;Synchronized;;;1087;06/06/2023;11:58:22;37.19;Synchronized;;;
1088;06/06/2023;11:52:19;37.06;;;;1088;06/06/2023;11:55:12;24.37;Synchronized;;;1088;06/06/2023;11:59:22;37.2;;;;
1089;06/06/2023;11:53:19;37.07;Synchronized;;;1089;06/06/2023;11:56:12;24.35;Synchronized;;;1089;06/06/2023;12:00:22;37.2;;;;
1090;06/06/2023;11:54:19;37.09;Synchronized;;;1090;06/06/2023;11:57:12;24.32;Synchronized;;;1090;06/06/2023;12:01:22;37.23;;;;
1091;06/06/2023;11:55:18;37.09;Synchronized;;;1091;06/06/2023;11:58:12;24.32;Synchronized;;;1091;06/06/2023;12:02:22;37.13;Synchronized;;;
1092;06/06/2023;11:56:18;37.08;Synchronized;;;1092;06/06/2023;11:59:12;24.33;Synchronized;;;1092;06/06/2023;12:03:22;36.91;;;;
1093;06/06/2023;11:57:18;37.05;;;;1093;06/06/2023;12:00:12;24.24;Synchronized;;;1093;06/06/2023;12:04:22;36.48;;;;
1094;06/06/2023;11:58:18;37.05;;;;1094;06/06/2023;12:01:11;24.21;Synchronized;;;1094;06/06/2023;12:05:22;36.27;;;;
1095;06/06/2023;11:59:18;37.09;;;;1095;06/06/2023;12:02:11;24.2;Synchronized;;;1095;06/06/2023;12:06:22;36.3;;;;
1096;06/06/2023;12:00:18;37.16;Synchronized;;;1096;06/06/2023;12:03:11;24.21;Synchronized;;;1096;06/06/2023;12:07:22;36.25;;;;
1097;06/06/2023;12:01:18;37.14;;;;1097;06/06/2023;12:04:11;24.2;Synchronized;;;1097;06/06/2023;12:08:21;36.3;;;;
1098;06/06/2023;12:02:18;37.15;Synchronized;;;1098;06/06/2023;12:05:11;24.24;Synchronized;;;1098;06/06/2023;12:09:21;36.41;;;;
1099;06/06/2023;12:03:18;37.16;Synchronized;;;1099;06/06/2023;12:06:11;24.2;Synchronized;;;1099;06/06/2023;12:10:21;36.48;;;;
1100;06/06/2023;12:04:18;37.13;Synchronized;;;1100;06/06/2023;12:07:11;24.09;Synchronized;;;1100;06/06/2023;12:11:21;36.6;;;;
1101;06/06/2023;12:05:18;37.17;Synchronized;;;1101;06/06/2023;12:08:11;24.02;Synchronized;;;1101;06/06/2023;12:12:21;36.69;;;;
1102;06/06/2023;12:06:18;37.15;Synchronized;;;1102;06/06/2023;12:09:11;23.92;Synchronized;;;1102;06/06/2023;12:13:21;36.73;Synchronized;;;
1103;06/06/2023;12:07:18;37.16;Synchronized;;;1103;06/06/2023;12:10:11;23.98;Synchronized;;;1103;06/06/2023;12:14:21;36.77;Synchronized;;;
1104;06/06/2023;12:08:18;37.2;;;;1104;06/06/2023;12:11:10;24.02;Synchronized;;;1104;06/06/2023;12:15:21;36.64;;;;
1105;06/06/2023;12:09:18;37.22;Synchronized;;;1105;06/06/2023;12:12:10;24.07;Synchronized;;;1105;06/06/2023;12:16:21;36.66;;;;
1106;06/06/2023;12:10:18;37.21;Synchronized;;;1106;06/06/2023;12:13:10;24.09;Synchronized;;;1106;06/06/2023;12:17:21;36.68;;;;
1107;06/06/2023;12:11:17;37.2;Synchronized;;;1107;06/06/2023;12:14:10;24.09;Synchronized;;;1107;06/06/2023;12:18:21;36.74;;;;
1108;06/06/2023;12:12:17;37.2;Synchronized;;;1108;06/06/2023;12:15:10;24.12;Synchronized;;;1108;06/06/2023;12:19:21;36.77;;;;
1109;06/06/2023;12:13:17;37.22;;;;1109;06/06/2023;12:16:10;24.13;Synchronized;;;1109;06/06/2023;12:20:21;36.79;;;;
1110;06/06/2023;12:14:17;37.2;;;;1110;06/06/2023;12:17:10;24.14;Synchronized;;;1110;06/06/2023;12:21:21;36.83;;;;
1111;06/06/2023;12:15:17;37.2;;;;1111;06/06/2023;12:18:10;24.15;Synchronized;;;1111;06/06/2023;12:22:22;36.84;Synchronized;;;
1112;06/06/2023;12:16:17;37.21;;;;1112;06/06/2023;12:19:10;24.2;Synchronized;;;1112;06/06/2023;12:23:22;36.88;;;;
1113;06/06/2023;12:17:17;37.26;;;;1113;06/06/2023;12:20:10;24.25;Synchronized;;;1113;06/06/2023;12:24:22;36.92;Synchronized;;;
1114;06/06/2023;12:18:17;37.24;;;;1114;06/06/2023;12:21:09;24.27;Synchronized;;;1114;06/06/2023;12:25:22;36.96;Synchronized;;;
1115;06/06/2023;12:19:17;37.25;;;;1115;06/06/2023;12:22:09;24.31;Synchronized;;;1115;06/06/2023;12:26:22;36.98;;;;
1116;06/06/2023;12:20:17;37.24;;;;1116;06/06/2023;12:23:09;24.34;Synchronized;;;1116;06/06/2023;12:27:22;37.02;;;;
1117;06/06/2023;12:21:17;37.25;;;;1117;06/06/2023;12:24:09;24.34;Synchronized;;;1117;06/06/2023;12:28:22;37.05;;;;
1118;06/06/2023;12:22:17;37.27;Synchronized;;;1118;06/06/2023;12:25:09;24.31;Synchronized;;;1118;06/06/2023;12:29:22;37.07;;;;
1119;06/06/2023;12:23:17;37.26;Synchronized;;;1119;06/06/2023;12:26:09;24.31;Synchronized;;;1119;06/06/2023;12:30:22;37.08;;;;
1120;06/06/2023;12:24:17;37.24;Synchronized;;;1120;06/06/2023;12:27:09;24.26;Synchronized;;;1120;06/06/2023;12:31:22;37.11;;;;
1121;06/06/2023;12:25:17;37.26;;;;1121;06/06/2023;12:28:09;24.23;Synchronized;;;1121;06/06/2023;12:32:22;37.13;;;;
1122;06/06/2023;12:26:17;37.27;;;;1122;06/06/2023;12:29:09;24.22;Synchronized;;;1122;06/06/2023;12:33:22;37.13;Synchronized;;;
1123;06/06/2023;12:27:17;37.22;;;;1123;06/06/2023;12:30:09;24.2;Synchronized;;;1123;06/06/2023;12:34:22;36.91;Synchronized;;;
1124;06/06/2023;12:28:17;37.2;Synchronized;;;1124;06/06/2023;12:31:08;24.16;Synchronized;;;1124;06/06/2023;12:35:22;36.83;;;;
1125;06/06/2023;12:29:17;37.19;Synchronized;;;1125;06/06/2023;12:32:08;24.16;Synchronized;;;1125;06/06/2023;12:36:22;36.77;;;;
1126;06/06/2023;12:30:17;37.16;Synchronized;;;1126;06/06/2023;12:33:08;24.13;Synchronized;;;1126;06/06/2023;12:37:22;36.8;;;;
1127;06/06/2023;12:31:17;37.11;Synchronized;;;1127;06/06/2023;12:34:08;24.12;Synchronized;;;1127;06/06/2023;12:38:22;36.84;;;;
1128;06/06/2023;12:32:17;37.06;Synchronized;;;1128;06/06/2023;12:35:08;24.11;Synchronized;;;1128;06/06/2023;12:39:22;36.91;Synchronized;;;
1129;06/06/2023;12:33:16;37.02;Synchronized;;;1129;06/06/2023;12:36:08;24.08;Synchronized;;;1129;06/06/2023;12:40:22;36.96;Synchronized;;;
1130;06/06/2023;12:34:16;37.01;Synchronized;;;1130;06/06/2023;12:37:08;24.09;Synchronized;;;1130;06/06/2023;12:41:22;37.02;Synchronized;;;
1131;06/06/2023;12:35:16;37.02;Synchronized;;;1131;06/06/2023;12:38:08;24.09;Synchronized;;;1131;06/06/2023;12:42:22;37.05;Synchronized;;;
1132;06/06/2023;12:36:16;36.98;Synchronized;;;1132;06/06/2023;12:39:08;24.1;Synchronized;;;1132;06/06/2023;12:43:22;37.07;Synchronized;;;
1133;06/06/2023;12:37:16;36.97;;;;1133;06/06/2023;12:40:08;24.1;Synchronized;;;1133;06/06/2023;12:44:22;37.14;Synchronized;;;
1134;06/06/2023;12:38:16;36.98;;;;1134;06/06/2023;12:41:07;24.1;Synchronized;;;1134;06/06/2023;12:45:22;37.19;Synchronized;;;
1135;06/06/2023;12:39:16;37.02;Synchronized;;;1135;06/06/2023;12:42:07;24.13;Synchronized;;;1135;06/06/2023;12:46:22;37.23;Synchronized;;;
1136;06/06/2023;12:40:16;37.01;Synchronized;;;1136;06/06/2023;12:43:07;24.12;Synchronized;;;1136;06/06/2023;12:47:22;37.29;Synchronized;;;
1137;06/06/2023;12:41:16;37.02;Synchronized;;;1137;06/06/2023;12:44:07;24.1;Synchronized;;;1137;06/06/2023;12:48:22;37.37;Synchronized;;;
1138;06/06/2023;12:42:16;37.02;Synchronized;;;1138;06/06/2023;12:45:07;24.13;Synchronized;;;1138;06/06/2023;12:49:22;37.41;Synchronized;;;
1139;06/06/2023;12:43:16;37.05;Synchronized;;;1139;06/06/2023;12:46:07;24.13;Synchronized;;;1139;06/06/2023;12:50:21;37.49;Synchronized;;;
1140;06/06/2023;12:44:16;37.05;Synchronized;;;1140;06/06/2023;12:47:07;24.15;Synchronized;;;1140;06/06/2023;12:51:21;37.51;Synchronized;;;
1141;06/06/2023;12:45:15;37.07;Synchronized;;;1141;06/06/2023;12:48:07;24.14;Synchronized;;;1141;06/06/2023;12:52:21;37.52;Synchronized;;;
1142;06/06/2023;12:46:15;37.07;Synchronized;;;1142;06/06/2023;12:49:07;24.18;Synchronized;;;1142;06/06/2023;12:53:21;37.53;Synchronized;;;
1143;06/06/2023;12:47:15;37.11;Synchronized;;;1143;06/06/2023;12:50:07;24.2;Synchronized;;;1143;06/06/2023;12:54:21;37.53;Synchronized;;;
1144;06/06/2023;12:48:15;37.1;Synchronized;;;1144;06/06/2023;12:51:06;24.21;Synchronized;;;1144;06/06/2023;12:55:21;37.52;Synchronized;;;
1145;06/06/2023;12:49:15;37.13;Synchronized;;;1145;06/06/2023;12:52:06;24.21;Synchronized;;;1145;06/06/2023;12:56:21;37.53;Synchronized;;;
1146;06/06/2023;12:50:15;37.13;Synchronized;;;1146;06/06/2023;12:53:06;24.25;Synchronized;;;1146;06/06/2023;12:57:21;37.52;Synchronized;;;
1147;06/06/2023;12:51:15;37.25;Synchronized;;;1147;06/06/2023;12:54:06;24.24;Synchronized;;;1147;06/06/2023;12:58:21;37.52;Synchronized;;;
1148;06/06/2023;12:52:15;37.25;Synchronized;;;1148;06/06/2023;12:55:06;24.28;Synchronized;;;1148;06/06/2023;12:59:21;37.51;Synchronized;;;
1149;06/06/2023;12:53:15;37.26;Synchronized;;;1149;06/06/2023;12:56:06;24.3;Synchronized;;;1149;06/06/2023;13:00:21;37.52;Synchronized;;;
1150;06/06/2023;12:54:15;37.24;Synchronized;;;1150;06/06/2023;12:57:06;24.3;Synchronized;;;1150;06/06/2023;13:01:21;37.49;Synchronized;;;
1151;06/06/2023;12:55:15;37.19;Synchronized;;;1151;06/06/2023;12:58:06;24.28;Synchronized;;;1151;06/06/2023;13:02:21;37.49;Synchronized;;;
1152;06/06/2023;12:56:15;37.14;Synchronized;;;1152;06/06/2023;12:59:06;24.28;Synchronized;;;1152;06/06/2023;13:03:21;37.52;Synchronized;;;
1153;06/06/2023;12:57:15;37.16;Synchronized;;;1153;06/06/2023;13:00:06;24.3;Synchronized;;;1153;06/06/2023;13:04:21;37.52;Synchronized;;;
1154;06/06/2023;12:58:14;37.2;Synchronized;;;1154;06/06/2023;13:01:05;24.31;Synchronized;;;1154;06/06/2023;13:05:21;37.49;Synchronized;;;
1155;06/06/2023;12:59:14;37.26;Synchronized;;;1155;06/06/2023;13:02:05;24.34;Synchronized;;;1155;06/06/2023;13:06:21;37.52;Synchronized;;;
1156;06/06/2023;13:00:14;37.29;Synchronized;;;1156;06/06/2023;13:03:05;24.34;Synchronized;;;1156;06/06/2023;13:07:21;37.51;Synchronized;;;
1157;06/06/2023;13:01:14;37.34;Synchronized;;;1157;06/06/2023;13:04:05;24.35;Synchronized;;;1157;06/06/2023;13:08:21;37.51;Synchronized;;;
1158;06/06/2023;13:02:14;37.34;Synchronized;;;1158;06/06/2023;13:05:05;24.37;Synchronized;;;1158;06/06/2023;13:09:21;37.51;Synchronized;;;
1159;06/06/2023;13:03:14;37.38;Synchronized;;;1159;06/06/2023;13:06:05;24.38;Synchronized;;;1159;06/06/2023;13:10:21;37.51;Synchronized;;;
1160;06/06/2023;13:04:14;37.41;Synchronized;;;1160;06/06/2023;13:07:05;24.38;Synchronized;;;1160;06/06/2023;13:11:21;37.51;Synchronized;;;
1161;06/06/2023;13:05:14;37.39;Synchronized;;;1161;06/06/2023;13:08:05;24.4;Synchronized;;;1161;06/06/2023;13:12:21;37.52;Synchronized;;;
1162;06/06/2023;13:06:14;37.41;Synchronized;;;1162;06/06/2023;13:09:05;24.4;Synchronized;;;1162;06/06/2023;13:13:21;37.53;Synchronized;;;
1163;06/06/2023;13:07:14;37.42;Synchronized;;;1163;06/06/2023;13:10:05;24.48;Synchronized;;;1163;06/06/2023;13:14:20;37.52;Synchronized;;;
1164;06/06/2023;13:08:14;37.41;Synchronized;;;1164;06/06/2023;13:11:05;24.52;Synchronized;;;1164;06/06/2023;13:15:20;37.53;Synchronized;;;
1165;06/06/2023;13:09:14;37.43;Synchronized;;;1165;06/06/2023;13:12:04;24.55;Synchronized;;;1165;06/06/2023;13:16:20;37.54;Synchronized;;;
1166;06/06/2023;13:10:14;37.42;Synchronized;;;1166;06/06/2023;13:13:04;24.51;Synchronized;;;1166;06/06/2023;13:17:20;37.54;Synchronized;;;
1167;06/06/2023;13:11:13;37.42;Synchronized;;;1167;06/06/2023;13:14:04;24.5;Synchronized;;;1167;06/06/2023;13:18:20;37.56;Synchronized;;;
1168;06/06/2023;13:12:13;37.47;Synchronized;;;1168;06/06/2023;13:15:04;24.49;Synchronized;;;1168;06/06/2023;13:19:20;37.53;Synchronized;;;
1169;06/06/2023;13:13:13;37.46;Synchronized;;;1169;06/06/2023;13:16:04;24.48;Synchronized;;;1169;06/06/2023;13:20:20;37.55;Synchronized;;;
1170;06/06/2023;13:14:13;37.46;Synchronized;;;1170;06/06/2023;13:17:04;24.52;Synchronized;;;1170;06/06/2023;13:21:20;37.55;Synchronized;;;
1171;06/06/2023;13:15:13;37.49;Synchronized;;;1171;06/06/2023;13:18:04;24.55;Synchronized;;;1171;06/06/2023;13:22:20;37.52;Synchronized;;;
1172;06/06/2023;13:16:13;37.5;Synchronized;;;1172;06/06/2023;13:19:04;24.5;Synchronized;;;1172;06/06/2023;13:23:20;37.5;Synchronized;;;
1173;06/06/2023;13:17:13;37.5;Synchronized;;;1173;06/06/2023;13:20:04;24.47;Synchronized;;;1173;06/06/2023;13:24:20;37.51;Synchronized;;;
1174;06/06/2023;13:18:13;37.5;Synchronized;;;1174;06/06/2023;13:21:04;24.48;Synchronized;;;1174;06/06/2023;13:25:20;37.46;Synchronized;;;
1175;06/06/2023;13:19:13;37.53;Synchronized;;;1175;06/06/2023;13:22:03;24.5;Synchronized;;;1175;06/06/2023;13:26:20;37.48;;;;
1176;06/06/2023;13:20:13;37.54;Synchronized;;;1176;06/06/2023;13:23:03;24.48;Synchronized;;;1176;06/06/2023;13:27:20;37.48;;;;
1177;06/06/2023;13:21:13;37.56;Synchronized;;;1177;06/06/2023;13:24:03;24.48;Synchronized;;;1177;06/06/2023;13:28:20;37.48;;;;
1178;06/06/2023;13:22:13;37.58;Synchronized;;;1178;06/06/2023;13:25:03;24.5;Synchronized;;;1178;06/06/2023;13:29:20;37.5;;;;
1179;06/06/2023;13:23:13;37.61;Synchronized;;;1179;06/06/2023;13:26:03;24.48;Synchronized;;;1179;06/06/2023;13:30:20;37.51;Synchronized;;;
1180;06/06/2023;13:24:12;37.61;Synchronized;;;1180;06/06/2023;13:27:03;24.52;Synchronized;;;1180;06/06/2023;13:31:20;37.49;;;;
1181;06/06/2023;13:25:12;37.63;Synchronized;;;1181;06/06/2023;13:28:03;24.53;Synchronized;;;1181;06/06/2023;13:32:19;37.46;;;;
1182;06/06/2023;13:26:12;37.63;Synchronized;;;1182;06/06/2023;13:29:03;24.59;Synchronized;;;1182;06/06/2023;13:33:19;37.48;;;;
1183;06/06/2023;13:27:12;37.64;Synchronized;;;1183;06/06/2023;13:30:03;24.56;Synchronized;;;1183;06/06/2023;13:34:19;37.48;;;;
1184;06/06/2023;13:28:12;37.66;Synchronized;;;1184;06/06/2023;13:31:03;24.58;Synchronized;;;1184;06/06/2023;13:35:19;37.47;;;;
1185;06/06/2023;13:29:12;37.63;Synchronized;;;1185;06/06/2023;13:32:02;24.58;Synchronized;;;1185;06/06/2023;13:36:19;37.48;;;;
1186;06/06/2023;13:30:12;37.64;;;;1186;06/06/2023;13:33:02;24.6;Synchronized;;;1186;06/06/2023;13:37:19;37.48;Synchronized;;;
1187;06/06/2023;13:31:12;37.65;Synchronized;;;1187;06/06/2023;13:34:02;24.61;Synchronized;;;1187;06/06/2023;13:38:19;37.46;;;;
1188;06/06/2023;13:32:11;37.64;;;;1188;06/06/2023;13:35:02;24.59;Synchronized;;;1188;06/06/2023;13:39:19;37.43;Synchronized;;;
1189;06/06/2023;13:33:11;37.64;Synchronized;;;1189;06/06/2023;13:36:02;24.63;Synchronized;;;1189;06/06/2023;13:40:19;37.44;;;;
1190;06/06/2023;13:34:11;37.63;Synchronized;;;1190;06/06/2023;13:37:02;24.61;Synchronized;;;1190;06/06/2023;13:41:19;37.42;Synchronized;;;
1191;06/06/2023;13:35:11;37.63;Synchronized;;;1191;06/06/2023;13:38:02;24.62;Synchronized;;;1191;06/06/2023;13:42:19;37.42;;;;
1192;06/06/2023;13:36:11;37.63;;;;1192;06/06/2023;13:39:02;24.62;Synchronized;;;1192;06/06/2023;13:43:19;37.42;;;;
1193;06/06/2023;13:37:11;37.64;;;;1193;06/06/2023;13:40:02;24.62;Synchronized;;;1193;06/06/2023;13:44:19;37.42;;;;
1194;06/06/2023;13:38:11;37.63;;;;1194;06/06/2023;13:41:02;24.62;Synchronized;;;1194;06/06/2023;13:45:19;37.42;;;;
1195;06/06/2023;13:39:11;37.63;;;;1195;06/06/2023;13:42:01;24.64;Synchronized;;;1195;06/06/2023;13:46:19;37.41;;;;
1196;06/06/2023;13:40:10;37.63;;;;1196;06/06/2023;13:43:01;24.7;Synchronized;;;1196;06/06/2023;13:47:19;37.38;Synchronized;;;
1197;06/06/2023;13:41:10;37.63;;;;1197;06/06/2023;13:44:01;24.72;Synchronized;;;1197;06/06/2023;13:48:19;37.38;;;;
1198;06/06/2023;13:42:10;37.63;;;;1198;06/06/2023;13:45:01;24.75;Synchronized;;;1198;06/06/2023;13:49:19;37.39;;;;
1199;06/06/2023;13:43:10;37.63;;;;1199;06/06/2023;13:46:01;24.73;Synchronized;;;1199;06/06/2023;13:50:19;37.38;Synchronized;;;
1200;06/06/2023;13:44:10;37.62;Synchronized;;;1200;06/06/2023;13:47:01;24.73;Synchronized;;;1200;06/06/2023;13:51:19;37.37;;;;
1201;06/06/2023;13:45:10;37.56;Synchronized;;;1201;06/06/2023;13:48:01;24.7;Synchronized;;;1201;06/06/2023;13:52:19;37.38;Synchronized;;;
1202;06/06/2023;13:46:10;37.58;;;;1202;06/06/2023;13:49:01;24.7;Synchronized;;;1202;06/06/2023;13:53:19;37.38;;;;
1203;06/06/2023;13:47:10;37.56;;;;1203;06/06/2023;13:50:01;24.7;Synchronized;;;1203;06/06/2023;13:54:19;37.35;Synchronized;;;
1204;06/06/2023;13:48:10;37.57;;;;1204;06/06/2023;13:51:01;24.66;Synchronized;;;1204;06/06/2023;13:55:18;37.32;;;;
1205;06/06/2023;13:49:10;37.54;;;;1205;06/06/2023;13:52:00;24.65;Synchronized;;;1205;06/06/2023;13:56:18;37.32;;;;
1206;06/06/2023;13:50:09;37.53;;;;1206;06/06/2023;13:53:00;24.63;Synchronized;;;1206;06/06/2023;13:57:18;37.31;;;;
1207;06/06/2023;13:51:09;37.53;;;;1207;06/06/2023;13:54:00;24.63;Synchronized;;;1207;06/06/2023;13:58:18;37.31;Synchronized;;;
1208;06/06/2023;13:52:09;37.5;;;;1208;06/06/2023;13:55:00;24.63;Synchronized;;;1208;06/06/2023;13:59:18;37.28;Synchronized;;;
1209;06/06/2023;13:53:09;37.46;;;;1209;06/06/2023;13:56:00;24.63;Synchronized;;;1209;06/06/2023;14:00:18;37.3;Synchronized;;;
1210;06/06/2023;13:54:09;37.43;;;;1210;06/06/2023;13:57:00;24.62;Synchronized;;;1210;06/06/2023;14:01:18;37.28;Synchronized;;;
1211;06/06/2023;13:55:09;37.42;;;;1211;06/06/2023;13:58:00;24.6;Synchronized;;;1211;06/06/2023;14:02:18;37.27;;;;
1212;06/06/2023;13:56:09;37.41;Synchronized;;;1212;06/06/2023;13:59:00;24.59;Synchronized;;;1212;06/06/2023;14:03:18;37.13;;;;
1213;06/06/2023;13:57:09;37.44;Synchronized;;;1213;06/06/2023;14:00:00;24.59;Synchronized;;;1213;06/06/2023;14:04:18;37.19;;;;
1214;06/06/2023;13:58:09;37.41;Synchronized;;;1214;06/06/2023;14:01:00;24.59;Synchronized;;;1214;06/06/2023;14:05:18;37.2;;;;
1215;06/06/2023;13:59:09;37.41;;;;1215;06/06/2023;14:01:59;24.61;Synchronized;;;1215;06/06/2023;14:06:18;37.17;;;;
1216;06/06/2023;14:00:09;37.41;Synchronized;;;1216;06/06/2023;14:02:59;24.63;Synchronized;;;1216;06/06/2023;14:07:18;37.16;;;;
1217;06/06/2023;14:01:08;37.41;;;;1217;06/06/2023;14:03:59;24.6;Synchronized;;;1217;06/06/2023;14:08:18;37.17;;;;
1218;06/06/2023;14:02:08;37.43;;;;1218;06/06/2023;14:04:59;24.63;Synchronized;;;1218;06/06/2023;14:09:18;37.16;;;;
1219;06/06/2023;14:03:08;37.43;;;;1219;06/06/2023;14:05:59;24.65;Synchronized;;;1219;06/06/2023;14:10:18;37.17;;;;
1220;06/06/2023;14:04:08;37.41;Synchronized;;;1220;06/06/2023;14:06:59;24.62;Synchronized;;;1220;06/06/2023;14:11:18;37.18;;;;
1221;06/06/2023;14:05:08;37.42;Synchronized;;;1221;06/06/2023;14:07:59;24.6;Synchronized;;;1221;06/06/2023;14:12:18;37.17;;;;
1222;06/06/2023;14:06:08;37.43;Synchronized;;;1222;06/06/2023;14:08:59;24.6;Synchronized;;;1222;06/06/2023;14:13:18;37.18;;;;
1223;06/06/2023;14:07:08;37.41;;;;1223;06/06/2023;14:09:59;24.59;Synchronized;;;1223;06/06/2023;14:14:18;37.12;;;;
1224;06/06/2023;14:08:08;37.4;;;;1224;06/06/2023;14:10:59;24.6;Synchronized;;;1224;06/06/2023;14:15:18;37.13;;;;
1225;06/06/2023;14:09:08;37.42;;;;1225;06/06/2023;14:11:58;24.59;Synchronized;;;1225;06/06/2023;14:16:18;37.14;Synchronized;;;
1226;06/06/2023;14:10:08;37.39;;;;1226;06/06/2023;14:12:58;24.59;Synchronized;;;1226;06/06/2023;14:17:18;37.15;;;;
1227;06/06/2023;14:11:08;37.41;Synchronized;;;1227;06/06/2023;14:13:58;24.58;Synchronized;;;1227;06/06/2023;14:18:18;37.16;;;;
1228;06/06/2023;14:12:07;37.38;;;;1228;06/06/2023;14:14:58;24.57;Synchronized;;;1228;06/06/2023;14:19:18;37.14;Synchronized;;;
1229;06/06/2023;14:13:07;37.35;Synchronized;;;1229;06/06/2023;14:15:58;24.55;Synchronized;;;1229;06/06/2023;14:20:18;37.17;;;;
1230;06/06/2023;14:14:07;37.38;Synchronized;;;1230;06/06/2023;14:16:58;24.55;Synchronized;;;1230;06/06/2023;14:21:18;37.16;;;;
1231;06/06/2023;14:15:07;37.38;;;;1231;06/06/2023;14:17:58;24.52;Synchronized;;;1231;06/06/2023;14:22:18;37.16;;;;
1232;06/06/2023;14:16:07;37.38;;;;1232;06/06/2023;14:18:58;24.53;Synchronized;;;1232;06/06/2023;14:23:18;37.17;;;;
1233;06/06/2023;14:17:07;37.34;;;;1233;06/06/2023;14:19:58;24.56;Synchronized;;;1233;06/06/2023;14:24:18;37.16;Synchronized;;;
1234;06/06/2023;14:18:07;37.35;Synchronized;;;1234;06/06/2023;14:20:58;24.55;Synchronized;;;1234;06/06/2023;14:25:18;37.12;;;;
1235;06/06/2023;14:19:07;37.34;;;;1235;06/06/2023;14:21:57;24.52;Synchronized;;;1235;06/06/2023;14:26:18;37.05;;;;
1236;06/06/2023;14:20:07;37.35;Synchronized;;;1236;06/06/2023;14:22:57;24.55;Synchronized;;;1236;06/06/2023;14:27:18;37.06;;;;
1237;06/06/2023;14:21:07;37.34;;;;1237;06/06/2023;14:23:57;24.53;Synchronized;;;1237;06/06/2023;14:28:18;37.05;;;;
1238;06/06/2023;14:22:07;37.34;;;;1238;06/06/2023;14:24:57;24.52;Synchronized;;;1238;06/06/2023;14:29:18;37.05;;;;
1239;06/06/2023;14:23:06;37.34;;;;1239;06/06/2023;14:25:57;24.53;Synchronized;;;1239;06/06/2023;14:30:18;37.1;;;;
1240;06/06/2023;14:24:06;37.29;Synchronized;;;1240;06/06/2023;14:26:57;24.53;Synchronized;;;1240;06/06/2023;14:31:18;37.13;;;;
1241;06/06/2023;14:25:06;37.29;;;;1241;06/06/2023;14:27:57;24.52;Synchronized;;;1241;06/06/2023;14:32:18;37.13;;;;
1242;06/06/2023;14:26:06;37.31;;;;1242;06/06/2023;14:28:57;24.53;Synchronized;;;1242;06/06/2023;14:33:18;37.09;;;;
1243;06/06/2023;14:27:06;37.29;;;;1243;06/06/2023;14:29:57;24.55;Synchronized;;;1243;06/06/2023;14:34:18;37.12;;;;
1244;06/06/2023;14:28:06;37.3;;;;1244;06/06/2023;14:30:57;24.52;Synchronized;;;1244;06/06/2023;14:35:18;37.14;;;;
1245;06/06/2023;14:29:06;37.29;;;;1245;06/06/2023;14:31:56;24.55;Synchronized;;;1245;06/06/2023;14:36:18;37.12;Synchronized;;;
1246;06/06/2023;14:30:06;37.28;;;;1246;06/06/2023;14:32:56;24.55;Synchronized;;;1246;06/06/2023;14:37:18;37.16;Synchronized;;;
1247;06/06/2023;14:31:06;37.28;;;;1247;06/06/2023;14:33:56;24.52;Synchronized;;;1247;06/06/2023;14:38:17;37.17;Synchronized;;;
1248;06/06/2023;14:32:06;37.27;;;;1248;06/06/2023;14:34:56;24.52;Synchronized;;;1248;06/06/2023;14:39:17;37.14;Synchronized;;;
1249;06/06/2023;14:33:06;37.27;;;;1249;06/06/2023;14:35:56;24.51;Synchronized;;;1249;06/06/2023;14:40:17;37.12;;;;
1250;06/06/2023;14:34:06;37.25;;;;1250;06/06/2023;14:36:56;24.52;Synchronized;;;1250;06/06/2023;14:41:17;37.06;Synchronized;;;
1251;06/06/2023;14:35:05;37.27;;;;1251;06/06/2023;14:37:56;24.55;Synchronized;;;1251;06/06/2023;14:42:17;37;;;;
1252;06/06/2023;14:36:05;37.27;;;;1252;06/06/2023;14:38:56;24.55;Synchronized;;;1252;06/06/2023;14:43:17;36.95;;;;
1253;06/06/2023;14:37:05;37.26;Synchronized;;;1253;06/06/2023;14:39:56;24.53;Synchronized;;;1253;06/06/2023;14:44:17;36.92;;;;
1254;06/06/2023;14:38:05;37.24;;;;1254;06/06/2023;14:40:56;24.58;Synchronized;;;1254;06/06/2023;14:45:17;36.94;;;;
1255;06/06/2023;14:39:05;37.2;;;;1255;06/06/2023;14:41:55;24.59;Synchronized;;;1255;06/06/2023;14:46:17;36.93;;;;
1256;06/06/2023;14:40:05;37.15;;;;1256;06/06/2023;14:42:55;24.59;Synchronized;;;1256;06/06/2023;14:47:17;36.93;Synchronized;;;
1257;06/06/2023;14:41:05;37.16;;;;1257;06/06/2023;14:43:55;24.56;Synchronized;;;1257;06/06/2023;14:48:17;36.91;;;;
1258;06/06/2023;14:42:05;37.23;Synchronized;;;1258;06/06/2023;14:44:55;24.55;Synchronized;;;1258;06/06/2023;14:49:17;36.95;Synchronized;;;
1259;06/06/2023;14:43:05;37.22;;;;1259;06/06/2023;14:45:55;24.55;Synchronized;;;1259;06/06/2023;14:50:17;36.96;Synchronized;;;
1260;06/06/2023;14:44:05;37.2;Synchronized;;;1260;06/06/2023;14:46:55;24.53;Synchronized;;;1260;06/06/2023;14:51:17;36.95;;;;
1261;06/06/2023;14:45:05;37.18;Synchronized;;;1261;06/06/2023;14:47:55;24.52;Synchronized;;;1261;06/06/2023;14:52:17;36.88;;;;
1262;06/06/2023;14:46:05;37.19;;;;1262;06/06/2023;14:48:55;24.52;Synchronized;;;1262;06/06/2023;14:53:17;36.93;;;;
1263;06/06/2023;14:47:05;37.17;Synchronized;;;1263;06/06/2023;14:49:55;24.52;Synchronized;;;1263;06/06/2023;14:54:17;36.95;Synchronized;;;
1264;06/06/2023;14:48:04;37.14;;;;1264;06/06/2023;14:50:55;24.52;Synchronized;;;1264;06/06/2023;14:55:17;36.94;;;;
1265;06/06/2023;14:49:04;37.14;;;;1265;06/06/2023;14:51:54;24.48;Synchronized;;;1265;06/06/2023;14:56:17;36.95;Synchronized;;;
1266;06/06/2023;14:50:04;37.13;Synchronized;;;1266;06/06/2023;14:52:54;24.48;Synchronized;;;1266;06/06/2023;14:57:17;36.98;;;;
1267;06/06/2023;14:51:04;37.11;Synchronized;;;1267;06/06/2023;14:53:54;24.5;Synchronized;;;1267;06/06/2023;14:58:17;36.94;Synchronized;;;
1268;06/06/2023;14:52:04;37.1;Synchronized;;;1268;06/06/2023;14:54:54;24.49;Synchronized;;;1268;06/06/2023;14:59:17;36.99;;;;
1269;06/06/2023;14:53:04;37.09;Synchronized;;;1269;06/06/2023;14:55:54;24.51;Synchronized;;;1269;06/06/2023;15:00:17;37;;;;
1270;06/06/2023;14:54:04;37.08;;;;1270;06/06/2023;14:56:54;24.52;Synchronized;;;1270;06/06/2023;15:01:17;36.95;;;;
1271;06/06/2023;14:55:04;37.07;Synchronized;;;1271;06/06/2023;14:57:54;24.55;Synchronized;;;1271;06/06/2023;15:02:17;36.98;;;;
1272;06/06/2023;14:56:04;37.06;;;;1272;06/06/2023;14:58:54;24.53;Synchronized;;;1272;06/06/2023;15:03:17;36.96;;;;
1273;06/06/2023;14:57:04;37.09;Synchronized;;;1273;06/06/2023;14:59:54;24.55;Synchronized;;;1273;06/06/2023;15:04:17;36.98;Synchronized;;;
1274;06/06/2023;14:58:04;37.08;Synchronized;;;1274;06/06/2023;15:00:54;24.57;Synchronized;;;1274;06/06/2023;15:05:17;36.96;Synchronized;;;
1275;06/06/2023;14:59:04;37.07;Synchronized;;;1275;06/06/2023;15:01:53;24.58;Synchronized;;;1275;06/06/2023;15:06:17;37;Synchronized;;;
1276;06/06/2023;15:00:04;37.1;Synchronized;;;1276;06/06/2023;15:02:53;24.59;Synchronized;;;1276;06/06/2023;15:07:17;36.98;Synchronized;;;
1277;06/06/2023;15:01:03;37.11;Synchronized;;;1277;06/06/2023;15:03:53;24.59;Synchronized;;;1277;06/06/2023;15:08:17;36.98;Synchronized;;;
1278;06/06/2023;15:02:03;37.1;Synchronized;;;1278;06/06/2023;15:04:53;24.59;Synchronized;;;1278;06/06/2023;15:09:17;37.01;;;;
1279;06/06/2023;15:03:03;37.09;Synchronized;;;1279;06/06/2023;15:05:53;24.59;Synchronized;;;1279;06/06/2023;15:10:17;37.02;Synchronized;;;
1280;06/06/2023;15:04:03;37.08;;;;1280;06/06/2023;15:06:53;24.61;Synchronized;;;1280;06/06/2023;15:11:17;37.04;;;;
1281;06/06/2023;15:05:03;37.09;Synchronized;;;1281;06/06/2023;15:07:53;24.61;Synchronized;;;1281;06/06/2023;15:12:17;37.04;;;;
1282;06/06/2023;15:06:03;37.07;Synchronized;;;1282;06/06/2023;15:08:53;24.61;Synchronized;;;1282;06/06/2023;15:13:17;37.04;Synchronized;;;
1283;06/06/2023;15:07:03;37.06;Synchronized;;;1283;06/06/2023;15:09:53;24.63;Synchronized;;;1283;06/06/2023;15:14:17;37.05;Synchronized;;;
1284;06/06/2023;15:08:03;37.08;;;;1284;06/06/2023;15:10:53;24.64;Synchronized;;;1284;06/06/2023;15:15:17;37.07;;;;
1285;06/06/2023;15:09:03;37.07;Synchronized;;;1285;06/06/2023;15:11:52;24.64;Synchronized;;;1285;06/06/2023;15:16:17;37.07;Synchronized;;;
1286;06/06/2023;15:10:03;37.06;Synchronized;;;1286;06/06/2023;15:12:52;24.68;Synchronized;;;1286;06/06/2023;15:17:17;37.1;Synchronized;;;
1287;06/06/2023;15:11:03;37.04;Synchronized;;;1287;06/06/2023;15:13:52;24.68;Synchronized;;;1287;06/06/2023;15:18:17;37.11;Synchronized;;;
1288;06/06/2023;15:12:03;37.04;Synchronized;;;1288;06/06/2023;15:14:52;24.7;Synchronized;;;1288;06/06/2023;15:19:17;37.12;Synchronized;;;
1289;06/06/2023;15:13:03;37.04;Synchronized;;;1289;06/06/2023;15:15:52;24.7;Synchronized;;;1289;06/06/2023;15:20:17;37.03;Synchronized;;;
1290;06/06/2023;15:14:03;37.02;Synchronized;;;1290;06/06/2023;15:16:52;24.71;Synchronized;;;1290;06/06/2023;15:21:17;37.04;Synchronized;;;
1291;06/06/2023;15:15:03;37.02;Synchronized;;;1291;06/06/2023;15:17:52;24.7;Synchronized;;;1291;06/06/2023;15:22:17;36.88;Synchronized;;;
1292;06/06/2023;15:16:03;37.02;;;;1292;06/06/2023;15:18:52;24.7;Synchronized;;;1292;06/06/2023;15:23:17;36.73;Synchronized;;;
1293;06/06/2023;15:17:03;37;Synchronized;;;1293;06/06/2023;15:19:52;24.71;Synchronized;;;1293;06/06/2023;15:24:17;36.7;;;;
1294;06/06/2023;15:18:02;36.95;Synchronized;;;1294;06/06/2023;15:20:52;24.71;Synchronized;;;1294;06/06/2023;15:25:17;36.66;Synchronized;;;
1295;06/06/2023;15:19:02;36.93;;;;1295;06/06/2023;15:21:51;24.68;Synchronized;;;1295;06/06/2023;15:26:17;36.6;;;;
1296;06/06/2023;15:20:02;36.91;;;;1296;06/06/2023;15:22:51;24.67;Synchronized;;;1296;06/06/2023;15:27:17;36.59;Synchronized;;;
1297;06/06/2023;15:21:02;36.94;;;;1297;06/06/2023;15:23:51;24.65;Synchronized;;;1297;06/06/2023;15:28:17;36.63;Synchronized;;;
1298;06/06/2023;15:22:02;36.92;;;;1298;06/06/2023;15:24:51;24.65;Synchronized;;;1298;06/06/2023;15:29:17;36.7;Synchronized;;;
1299;06/06/2023;15:23:02;36.91;;;;1299;06/06/2023;15:25:51;24.66;Synchronized;;;1299;06/06/2023;15:30:17;36.76;;;;
1300;06/06/2023;15:24:02;36.91;;;;1300;06/06/2023;15:26:51;24.65;Synchronized;;;1300;06/06/2023;15:31:17;36.83;Synchronized;;;
1301;06/06/2023;15:25:02;36.91;;;;1301;06/06/2023;15:27:51;24.66;Synchronized;;;1301;06/06/2023;15:32:17;36.88;Synchronized;;;
1302;06/06/2023;15:26:02;36.9;;;;1302;06/06/2023;15:28:51;24.67;Synchronized;;;1302;06/06/2023;15:33:17;36.94;;;;
1303;06/06/2023;15:27:02;36.91;;;;1303;06/06/2023;15:29:51;24.69;Synchronized;;;1303;06/06/2023;15:34:17;36.99;;;;
1304;06/06/2023;15:28:02;36.91;;;;1304;06/06/2023;15:30:51;24.69;Synchronized;;;1304;06/06/2023;15:35:17;37.01;;;;
1305;06/06/2023;15:29:02;36.88;;;;1305;06/06/2023;15:31:50;24.68;Synchronized;;;1305;06/06/2023;15:36:17;37.05;Synchronized;;;
1306;06/06/2023;15:30:02;36.89;Synchronized;;;1306;06/06/2023;15:32:50;24.7;Synchronized;;;1306;06/06/2023;15:37:17;37.09;;;;
1307;06/06/2023;15:31:02;36.89;;;;1307;06/06/2023;15:33:50;24.7;Synchronized;;;1307;06/06/2023;15:38:17;37.11;;;;
1308;06/06/2023;15:32:02;36.86;;;;1308;06/06/2023;15:34:50;24.66;Synchronized;;;1308;06/06/2023;15:39:17;37.14;;;;
1309;06/06/2023;15:33:02;36.88;;;;1309;06/06/2023;15:35:50;24.68;Synchronized;;;1309;06/06/2023;15:40:17;37.16;;;;
1310;06/06/2023;15:34:02;36.88;;;;1310;06/06/2023;15:36:50;24.68;;;;1310;06/06/2023;15:41:17;37.16;;;;
1311;06/06/2023;15:35:02;36.89;;;;1311;06/06/2023;15:37:50;24.68;Synchronized;;;1311;06/06/2023;15:42:17;37.17;;;;
1312;06/06/2023;15:36:02;36.92;Synchronized;;;1312;06/06/2023;15:38:50;24.69;Synchronized;;;1312;06/06/2023;15:43:17;37.19;;;;
1313;06/06/2023;15:37:01;36.9;;;;1313;06/06/2023;15:39:50;24.68;Synchronized;;;1313;06/06/2023;15:44:17;37.22;;;;
1314;06/06/2023;15:38:01;36.91;Synchronized;;;1314;06/06/2023;15:40:50;24.69;Synchronized;;;1314;06/06/2023;15:45:17;37.22;;;;
1315;06/06/2023;15:39:01;36.91;Synchronized;;;1315;06/06/2023;15:41:50;24.68;Synchronized;;;1315;06/06/2023;15:46:17;37.22;;;;
1316;06/06/2023;15:40:01;36.9;;;;1316;06/06/2023;15:42:49;24.7;Synchronized;;;1316;06/06/2023;15:47:17;37.23;;;;
1317;06/06/2023;15:41:01;36.92;Synchronized;;;1317;06/06/2023;15:43:49;24.74;Synchronized;;;1317;06/06/2023;15:48:17;37.23;;;;
1318;06/06/2023;15:42:01;36.92;Synchronized;;;1318;06/06/2023;15:44:49;24.74;Synchronized;;;1318;06/06/2023;15:49:17;37.22;;;;
1319;06/06/2023;15:43:01;36.92;Synchronized;;;1319;06/06/2023;15:45:49;24.76;Synchronized;;;1319;06/06/2023;15:50:17;37.23;;;;
1320;06/06/2023;15:44:01;36.91;Synchronized;;;1320;06/06/2023;15:46:49;24.79;Synchronized;;;1320;06/06/2023;15:51:17;37.24;;;;
1321;06/06/2023;15:45:01;36.88;Synchronized;;;1321;06/06/2023;15:47:49;24.76;Synchronized;;;1321;06/06/2023;15:52:17;37.24;;;;
1322;06/06/2023;15:46:01;36.85;Synchronized;;;1322;06/06/2023;15:48:49;24.77;Synchronized;;;1322;06/06/2023;15:53:17;37.26;;;;
1323;06/06/2023;15:47:01;36.84;Synchronized;;;1323;06/06/2023;15:49:49;24.75;Synchronized;;;1323;06/06/2023;15:54:17;37.23;Synchronized;;;
1324;06/06/2023;15:48:01;36.81;;;;1324;06/06/2023;15:50:49;24.73;Synchronized;;;1324;06/06/2023;15:55:17;37.23;Synchronized;;;
1325;06/06/2023;15:49:01;36.8;;;;1325;06/06/2023;15:51:49;24.74;Synchronized;;;1325;06/06/2023;15:56:16;37.24;Synchronized;;;
1326;06/06/2023;15:50:01;36.82;;;;1326;06/06/2023;15:52:48;24.76;Synchronized;;;1326;06/06/2023;15:57:16;37.24;;;;
1327;06/06/2023;15:51:01;36.81;;;;1327;06/06/2023;15:53:48;24.77;Synchronized;;;1327;06/06/2023;15:58:16;37.23;;;;
1328;06/06/2023;15:52:01;36.82;;;;1328;06/06/2023;15:54:48;24.79;Synchronized;;;1328;06/06/2023;15:59:16;37.23;;;;
1329;06/06/2023;15:53:01;36.82;;;;1329;06/06/2023;15:55:48;24.81;Synchronized;;;1329;06/06/2023;16:00:16;37.23;;;;
1330;06/06/2023;15:54:01;36.84;Synchronized;;;1330;06/06/2023;15:56:48;24.84;Synchronized;;;1330;06/06/2023;16:01:16;37.26;;;;
1331;06/06/2023;15:55:01;36.88;;;;1331;06/06/2023;15:57:48;24.82;Synchronized;;;1331;06/06/2023;16:02:16;37.25;;;;
1332;06/06/2023;15:56:01;36.85;Synchronized;;;1332;06/06/2023;15:58:48;24.77;Synchronized;;;1332;06/06/2023;16:03:16;37.25;Synchronized;;;
1333;06/06/2023;15:57:00;36.87;;;;1333;06/06/2023;15:59:48;24.75;Synchronized;;;1333;06/06/2023;16:04:16;37.24;;;;
1334;06/06/2023;15:58:00;36.85;;;;1334;06/06/2023;16:00:48;24.72;Synchronized;;;1334;06/06/2023;16:05:16;37.26;;;;
1335;06/06/2023;15:59:00;36.86;;;;1335;06/06/2023;16:01:48;24.7;Synchronized;;;1335;06/06/2023;16:06:16;37.25;;;;
1336;06/06/2023;16:00:00;36.89;;;;1336;06/06/2023;16:02:47;24.71;Synchronized;;;1336;06/06/2023;16:07:16;37.26;;;;
1337;06/06/2023;16:01:00;36.84;;;;1337;06/06/2023;16:03:47;24.74;Synchronized;;;1337;06/06/2023;16:08:16;37.27;;;;
1338;06/06/2023;16:02:00;36.82;;;;1338;06/06/2023;16:04:47;24.75;Synchronized;;;1338;06/06/2023;16:09:16;37.27;;;;
1339;06/06/2023;16:03:00;36.8;;;;1339;06/06/2023;16:05:47;24.8;Synchronized;;;1339;06/06/2023;16:10:16;37.27;;;;
1340;06/06/2023;16:04:00;36.8;;;;1340;06/06/2023;16:06:47;24.77;Synchronized;;;1340;06/06/2023;16:11:16;37.28;;;;
1341;06/06/2023;16:05:00;36.83;;;;1341;06/06/2023;16:07:47;24.82;Synchronized;;;1341;06/06/2023;16:12:16;37.27;;;;
1342;06/06/2023;16:06:00;36.86;;;;1342;06/06/2023;16:08:47;24.84;Synchronized;;;1342;06/06/2023;16:13:16;37.27;;;;
1343;06/06/2023;16:07:00;36.85;;;;1343;06/06/2023;16:09:47;24.87;Synchronized;;;1343;06/06/2023;16:14:16;37.27;;;;
1344;06/06/2023;16:08:00;36.88;;;;1344;06/06/2023;16:10:47;24.85;Synchronized;;;1344;06/06/2023;16:15:16;37.3;;;;
1345;06/06/2023;16:09:00;36.88;;;;1345;06/06/2023;16:11:47;24.85;Synchronized;;;1345;06/06/2023;16:16:16;37.29;;;;
1346;06/06/2023;16:10:00;36.9;;;;1346;06/06/2023;16:12:46;24.88;Synchronized;;;1346;06/06/2023;16:17:16;37.29;;;;
1347;06/06/2023;16:11:00;36.89;;;;1347;06/06/2023;16:13:46;24.87;Synchronized;;;1347;06/06/2023;16:18:16;37.29;;;;
1348;06/06/2023;16:12:00;36.91;;;;1348;06/06/2023;16:14:46;24.87;Synchronized;;;1348;06/06/2023;16:19:16;37.28;;;;
1349;06/06/2023;16:13:00;36.9;;;;1349;06/06/2023;16:15:46;24.88;Synchronized;;;1349;06/06/2023;16:20:15;37.28;;;;
1350;06/06/2023;16:14:00;36.88;;;;1350;06/06/2023;16:16:46;24.84;Synchronized;;;1350;06/06/2023;16:21:15;37.3;;;;
1351;06/06/2023;16:14:59;36.87;;;;1351;06/06/2023;16:17:46;24.83;Synchronized;;;1351;06/06/2023;16:22:15;37.3;Synchronized;;;
1352;06/06/2023;16:15:59;36.9;;;;1352;06/06/2023;16:18:46;24.83;Synchronized;;;1352;06/06/2023;16:23:15;37.28;;;;
1353;06/06/2023;16:16:59;36.89;;;;1353;06/06/2023;16:19:46;24.8;Synchronized;;;1353;06/06/2023;16:24:15;37.3;;;;
1354;06/06/2023;16:17:59;36.9;;;;1354;06/06/2023;16:20:46;24.77;Synchronized;;;1354;06/06/2023;16:25:15;37.32;;;;
1355;06/06/2023;16:18:59;36.88;;;;1355;06/06/2023;16:21:46;24.75;Synchronized;;;1355;06/06/2023;16:26:15;37.3;Synchronized;;;
1356;06/06/2023;16:19:59;36.88;;;;1356;06/06/2023;16:22:45;24.69;Synchronized;;;1356;06/06/2023;16:27:15;37.34;Synchronized;;;
1357;06/06/2023;16:20:59;36.87;Synchronized;;;1357;06/06/2023;16:23:45;24.7;Synchronized;;;1357;06/06/2023;16:28:15;37.34;Synchronized;;;
1358;06/06/2023;16:21:59;36.86;Synchronized;;;1358;06/06/2023;16:24:45;24.68;Synchronized;;;1358;06/06/2023;16:29:15;37.35;Synchronized;;;
1359;06/06/2023;16:22:59;36.9;;;;1359;06/06/2023;16:25:45;24.7;Synchronized;;;1359;06/06/2023;16:30:15;37.35;Synchronized;;;
1360;06/06/2023;16:23:59;36.91;;;;1360;06/06/2023;16:26:45;24.71;;;;1360;06/06/2023;16:31:15;37.37;Synchronized;;;
1361;06/06/2023;16:24:59;36.9;Synchronized;;;1361;06/06/2023;16:27:45;24.71;Synchronized;;;1361;06/06/2023;16:32:15;37.35;Synchronized;;;
1362;06/06/2023;16:25:59;36.91;Synchronized;;;1362;06/06/2023;16:28:45;24.71;Synchronized;;;1362;06/06/2023;16:33:15;37.36;Synchronized;;;
1363;06/06/2023;16:26:59;36.89;;;;1363;06/06/2023;16:29:44;24.69;Synchronized;;;1363;06/06/2023;16:34:14;37.34;Synchronized;;;
1364;06/06/2023;16:27:59;36.98;;;;1364;06/06/2023;16:30:44;24.7;;;;1364;06/06/2023;16:35:14;37.36;Synchronized;;;
1365;06/06/2023;16:28:59;37.02;;;;1365;06/06/2023;16:31:44;24.72;;;;1365;06/06/2023;16:36:14;37.36;Synchronized;;;
1366;06/06/2023;16:29:59;37.05;;;;1366;06/06/2023;16:32:44;24.74;Synchronized;;;1366;06/06/2023;16:37:14;37.38;Synchronized;;;
1367;06/06/2023;16:30:59;37.09;;;;1367;06/06/2023;16:33:44;24.76;Synchronized;;;1367;06/06/2023;16:38:14;37.38;Synchronized;;;
;;;;;;;1368;06/06/2023;16:34:44;24.85;Synchronized;;;1368;06/06/2023;16:39:14;37.34;Synchronized;;;
;;;;;;;1369;06/06/2023;16:35:44;24.85;Synchronized;;;1369;06/06/2023;16:40:14;37.34;Synchronized;;;
;;;;;;;1370;06/06/2023;16:36:43;24.91;Synchronized;;;1370;06/06/2023;16:41:14;37.34;Synchronized;;;
;;;;;;;1371;06/06/2023;16:37:43;24.94;Synchronized;;;1371;06/06/2023;16:42:14;37.31;;;;
;;;;;;;1372;06/06/2023;16:38:43;24.95;Synchronized;;;1372;06/06/2023;16:43:14;37.35;;;;
;;;;;;;1373;06/06/2023;16:39:43;24.95;Synchronized;;;1373;06/06/2023;16:44:14;37.34;;;;
;;;;;;;1374;06/06/2023;16:40:43;24.95;Synchronized;;;1374;06/06/2023;16:45:14;37.34;;;;
;;;;;;;1375;06/06/2023;16:41:43;24.96;Synchronized;;;1375;06/06/2023;16:46:14;37.34;;;;
;;;;;;;1376;06/06/2023;16:42:43;24.96;Synchronized;;;1376;06/06/2023;16:47:14;37.35;;;;
;;;;;;;1377;06/06/2023;16:43:43;24.94;Synchronized;;;1377;06/06/2023;16:48:14;37.38;Synchronized;;;
;;;;;;;1378;06/06/2023;16:44:42;24.98;Synchronized;;;1378;06/06/2023;16:49:14;37.36;;;;
;;;;;;;1379;06/06/2023;16:45:42;25;Synchronized;;;1379;06/06/2023;16:50:14;37.38;;;;
;;;;;;;1380;06/06/2023;16:46:42;25.05;Synchronized;;;1380;06/06/2023;16:51:14;37.38;;;;
;;;;;;;1381;06/06/2023;16:47:42;25.16;Synchronized;;;1381;06/06/2023;16:52:14;37.39;;;;
;;;;;;;1382;06/06/2023;16:48:42;25.16;;;;1382;06/06/2023;16:53:14;37.39;;;;
;;;;;;;1383;06/06/2023;16:49:43;25.13;;;;;;;;;;;
;;;;;;;1384;06/06/2023;16:50:43;25.11;;;;;;;;;;;
;;;;;;;1385;06/06/2023;16:51:43;25.1;;;;;;;;;;;
;;;;;;;1386;06/06/2023;16:52:43;25.03;;;;;;;;;;;
;;;;;;;1387;06/06/2023;16:53:43;25.02;;;;;;;;;;;
;;;;;;;1388;06/06/2023;16:54:43;25;;;;;;;;;;;
;;;;;;;1389;06/06/2023;16:55:42;25;;;;;;;;;;;
;;;;;;;1390;06/06/2023;16:56:42;25.05;;;;;;;;;;;
;;;;;;;1391;06/06/2023;16:57:42;25.52;;;;;;;;;;;
;;;;;;;1392;06/06/2023;16:58:42;25.53;;;;;;;;;;;
;
;