SenseLab_M05;
Time Zone;UTC+2:00;
Monitor;80.80.10.43;
;
Pill n°1;24.00.1C.91;;;;;;Pill n°2;24.00.1B.99;;;;;;Pill n°3;24.00.1C.A7;;;;;;
Sample number;Date (dd/mm/yyyy);Hour;Temperature (°C);Status;;;Sample number;Date (dd/mm/yyyy);Hour;Temperature (°C);Status;;;Sample number;Date (dd/mm/yyyy);Hour;Temperature (°C);Status;;;
1;05/06/2023;17:58:20;27.88;;;;1;05/06/2023;17:59:12;28.02;;;;1;05/06/2023;18:00:53;28.29;;;;
2;05/06/2023;17:59:20;28.27;;;;2;05/06/2023;18:00:14;28.43;;;;2;05/06/2023;18:01:53;28.8;;;;
3;05/06/2023;18:00:20;27.91;;;;3;05/06/2023;18:01:12;28.05;;;;3;05/06/2023;18:02:53;28.34;;;;
4;05/06/2023;18:01:20;27.68;;;;4;05/06/2023;18:02:12;27.74;;;;4;05/06/2023;18:03:53;27.97;;;;
5;05/06/2023;18:02:20;27.48;;;;5;05/06/2023;18:03:12;27.49;;;;5;05/06/2023;18:04:53;27.41;;;;
6;05/06/2023;18:03:20;27.34;Synchronized;;;6;05/06/2023;18:04:12;27.28;;;;6;05/06/2023;18:05:53;26.96;;;;
7;05/06/2023;18:04:20;27.21;;;;7;05/06/2023;18:05:13;26.98;;;;7;05/06/2023;18:06:52;26.61;;;;
8;05/06/2023;18:05:20;26.88;;;;8;05/06/2023;18:06:13;26.67;;;;8;05/06/2023;18:07:52;26.34;;;;
9;05/06/2023;18:06:20;26.56;;;;9;05/06/2023;18:07:13;26.39;;;;9;05/06/2023;18:08:52;26.13;;;;
10;05/06/2023;18:07:21;26.27;;;;10;05/06/2023;18:08:13;26.16;;;;10;05/06/2023;18:09:52;25.98;;;;
11;05/06/2023;18:08:21;26.06;;;;11;05/06/2023;18:09:13;25.96;;;;11;05/06/2023;18:10:52;25.84;;;;
12;05/06/2023;18:09:21;25.9;;;;12;05/06/2023;18:10:13;25.83;;;;12;05/06/2023;18:11:52;25.74;;;;
13;05/06/2023;18:10:20;25.76;;;;13;05/06/2023;18:11:13;25.7;;;;13;05/06/2023;18:12:52;25.66;;;;
14;05/06/2023;18:11:20;25.63;;;;14;05/06/2023;18:12:13;25.58;;;;14;05/06/2023;18:13:52;25.61;;;;
15;05/06/2023;18:12:20;25.55;;;;15;05/06/2023;18:13:13;25.52;;;;15;05/06/2023;18:14:51;25.54;;;;
16;05/06/2023;18:13:20;25.48;;;;16;05/06/2023;18:14:13;25.43;;;;16;05/06/2023;18:15:51;25.52;;;;
17;05/06/2023;18:14:21;25.43;;;;17;05/06/2023;18:15:13;25.39;;;;17;05/06/2023;18:16:51;25.51;;;;
18;05/06/2023;18:15:21;25.37;;;;18;05/06/2023;18:16:13;25.34;;;;18;05/06/2023;18:17:51;25.49;;;;
19;05/06/2023;18:16:21;25.36;Synchronized;;;19;05/06/2023;18:17:14;25.4;;;;19;05/06/2023;18:18:51;25.5;;;;
20;05/06/2023;18:17:21;25.41;;;;20;05/06/2023;18:18:14;25.39;;;;20;05/06/2023;18:19:51;25.48;;;;
21;05/06/2023;18:18:21;25.36;;;;21;05/06/2023;18:19:14;25.35;;;;21;05/06/2023;18:20:50;25.48;;;;
22;05/06/2023;18:19:21;25.34;Synchronized;;;22;05/06/2023;18:20:14;25.31;;;;22;05/06/2023;18:21:50;25.48;;;;
23;05/06/2023;18:20:21;25.3;;;;23;05/06/2023;18:21:14;25.27;;;;23;05/06/2023;18:22:50;25.48;;;;
24;05/06/2023;18:21:21;25.29;;;;24;05/06/2023;18:22:14;25.26;;;;24;05/06/2023;18:23:50;25.46;;;;
25;05/06/2023;18:22:21;25.25;;;;25;05/06/2023;18:23:14;25.23;;;;25;05/06/2023;18:24:50;25.45;;;;
26;05/06/2023;18:23:21;25.22;;;;26;05/06/2023;18:24:14;25.22;;;;26;05/06/2023;18:25:50;25.46;;;;
27;05/06/2023;18:24:21;25.21;;;;27;05/06/2023;18:25:14;25.2;;;;27;05/06/2023;18:26:49;25.46;;;;
28;05/06/2023;18:25:21;25.19;;;;28;05/06/2023;18:26:14;25.2;;;;28;05/06/2023;18:27:49;25.5;;;;
29;05/06/2023;18:26:21;25.17;;;;29;05/06/2023;18:27:14;25.2;;;;29;05/06/2023;18:28:49;25.48;;;;
30;05/06/2023;18:27:21;25.19;;;;30;05/06/2023;18:28:14;25.2;;;;30;05/06/2023;18:29:49;25.48;;;;
31;05/06/2023;18:28:21;25.17;;;;31;05/06/2023;18:29:14;25.24;;;;31;05/06/2023;18:30:49;25.48;Synchronized;;;
32;05/06/2023;18:29:21;25.2;;;;32;05/06/2023;18:30:14;25.26;;;;32;05/06/2023;18:31:48;25.49;Synchronized;;;
33;05/06/2023;18:30:21;25.19;;;;33;05/06/2023;18:31:15;25.24;;;;33;05/06/2023;18:32:48;25.49;;;;
34;05/06/2023;18:31:21;25.22;Synchronized;;;34;05/06/2023;18:32:15;25.24;;;;34;05/06/2023;18:33:48;25.47;;;;
35;05/06/2023;18:32:21;25.2;;;;35;05/06/2023;18:33:15;25.23;;;;35;05/06/2023;18:34:48;25.5;;;;
36;05/06/2023;18:33:21;25.19;;;;36;05/06/2023;18:34:15;25.23;;;;36;05/06/2023;18:35:48;25.48;;;;
37;05/06/2023;18:34:21;25.21;;;;37;05/06/2023;18:35:14;25.27;;;;37;05/06/2023;18:36:48;25.5;;;;
38;05/06/2023;18:35:21;25.22;;;;38;05/06/2023;18:36:15;25.28;;;;38;05/06/2023;18:37:48;25.5;;;;
39;05/06/2023;18:36:21;25.22;;;;39;05/06/2023;18:37:15;25.27;;;;39;05/06/2023;18:38:47;25.51;;;;
40;05/06/2023;18:37:21;25.23;;;;40;05/06/2023;18:38:15;25.27;;;;40;05/06/2023;18:39:47;25.51;;;;
41;05/06/2023;18:38:21;25.21;;;;41;05/06/2023;18:39:15;25.3;;;;41;05/06/2023;18:40:47;25.5;;;;
42;05/06/2023;18:39:21;25.24;;;;42;05/06/2023;18:40:15;25.29;;;;42;05/06/2023;18:41:47;25.52;;;;
43;05/06/2023;18:40:21;25.26;;;;43;05/06/2023;18:41:14;25.3;;;;43;05/06/2023;18:42:47;25.52;;;;
44;05/06/2023;18:41:21;25.23;;;;44;05/06/2023;18:42:15;25.29;;;;44;05/06/2023;18:43:47;25.51;;;;
45;05/06/2023;18:42:21;25.25;;;;45;05/06/2023;18:43:15;25.34;;;;45;05/06/2023;18:44:47;25.53;;;;
46;05/06/2023;18:43:21;25.26;;;;46;05/06/2023;18:44:15;25.41;;;;46;05/06/2023;18:45:46;25.55;;;;
47;05/06/2023;18:44:21;25.33;;;;47;05/06/2023;18:45:15;25.5;;;;47;05/06/2023;18:46:46;25.55;;;;
48;05/06/2023;18:45:21;25.38;;;;48;05/06/2023;18:46:15;25.56;;;;48;05/06/2023;18:47:46;25.54;;;;
49;05/06/2023;18:46:21;25.41;;;;49;05/06/2023;18:47:15;25.55;;;;49;05/06/2023;18:48:46;25.55;;;;
50;05/06/2023;18:47:21;25.45;;;;50;05/06/2023;18:48:15;25.51;;;;50;05/06/2023;18:49:46;25.57;;;;
51;05/06/2023;18:48:21;25.42;;;;51;05/06/2023;18:49:16;25.51;;;;51;05/06/2023;18:50:45;25.57;;;;
52;05/06/2023;18:49:21;25.41;;;;52;05/06/2023;18:50:16;25.5;;;;52;05/06/2023;18:51:45;25.57;;;;
53;05/06/2023;18:50:21;25.4;;;;53;05/06/2023;18:51:16;25.5;;;;53;05/06/2023;18:52:45;25.57;;;;
54;05/06/2023;18:51:21;25.39;Synchronized;;;54;05/06/2023;18:52:16;25.47;Synchronized;;;54;05/06/2023;18:53:45;25.59;;;;
55;05/06/2023;18:52:21;25.37;;;;55;05/06/2023;18:53:16;25.47;;;;55;05/06/2023;18:54:45;25.61;;;;
56;05/06/2023;18:53:21;25.37;;;;56;05/06/2023;18:54:16;25.45;;;;56;05/06/2023;18:55:45;25.57;;;;
57;05/06/2023;18:54:21;25.38;;;;57;05/06/2023;18:55:16;25.47;;;;57;05/06/2023;18:56:44;25.59;;;;
58;05/06/2023;18:55:21;25.37;;;;58;05/06/2023;18:56:16;25.56;;;;58;05/06/2023;18:57:44;25.61;;;;
59;05/06/2023;18:56:21;25.38;Synchronized;;;59;05/06/2023;18:57:17;25.66;;;;59;05/06/2023;18:58:44;25.63;;;;
60;05/06/2023;18:57:21;25.41;;;;60;05/06/2023;18:58:17;25.69;;;;60;05/06/2023;18:59:44;25.63;;;;
61;05/06/2023;18:58:21;25.4;;;;61;05/06/2023;18:59:17;25.73;;;;61;05/06/2023;19:00:44;25.64;;;;
62;05/06/2023;18:59:21;25.43;;;;62;05/06/2023;19:00:17;25.77;;;;62;05/06/2023;19:01:43;25.63;;;;
63;05/06/2023;19:00:21;25.43;Synchronized;;;63;05/06/2023;19:01:17;25.73;;;;63;05/06/2023;19:02:43;25.64;;;;
64;05/06/2023;19:01:21;25.45;;;;64;05/06/2023;19:02:17;25.74;;;;64;05/06/2023;19:03:43;25.63;;;;
65;05/06/2023;19:02:21;25.43;;;;65;05/06/2023;19:03:17;25.71;;;;65;05/06/2023;19:04:43;25.63;;;;
66;05/06/2023;19:03:21;25.46;;;;66;05/06/2023;19:04:17;25.67;;;;66;05/06/2023;19:05:43;25.66;;;;
67;05/06/2023;19:04:22;25.43;;;;67;05/06/2023;19:05:17;26.24;;;;67;05/06/2023;19:06:42;25.63;;;;
68;05/06/2023;19:05:22;25.45;;;;68;05/06/2023;19:06:17;26.89;;;;68;05/06/2023;19:07:42;25.66;;;;
69;05/06/2023;19:06:22;25.48;;;;69;05/06/2023;19:07:17;27.41;;;;69;05/06/2023;19:08:42;25.68;;;;
70;05/06/2023;19:07:22;25.49;;;;70;05/06/2023;19:08:17;27.83;;;;70;05/06/2023;19:09:42;25.68;;;;
71;05/06/2023;19:08:22;25.49;;;;71;05/06/2023;19:09:17;28.2;;;;71;05/06/2023;19:10:42;25.69;;;;
72;05/06/2023;19:09:22;25.5;;;;72;05/06/2023;19:10:17;28.48;;;;72;05/06/2023;19:11:42;25.67;;;;
73;05/06/2023;19:10:22;25.5;;;;73;05/06/2023;19:11:17;28.75;;;;73;05/06/2023;19:12:41;25.7;;;;
74;05/06/2023;19:11:22;25.54;;;;74;05/06/2023;19:12:18;28.98;;;;74;05/06/2023;19:13:41;25.73;;;;
75;05/06/2023;19:12:22;25.56;;;;75;05/06/2023;19:13:18;29.19;;;;75;05/06/2023;19:14:41;25.73;;;;
76;05/06/2023;19:13:22;25.59;;;;76;05/06/2023;19:14:18;29.28;;;;76;05/06/2023;19:15:41;25.73;Synchronized;;;
77;05/06/2023;19:14:22;25.6;;;;77;05/06/2023;19:15:18;29.05;;;;77;05/06/2023;19:16:41;25.71;;;;
78;05/06/2023;19:15:22;25.62;;;;78;05/06/2023;19:16:18;28.51;;;;78;05/06/2023;19:17:40;25.72;;;;
79;05/06/2023;19:16:21;25.61;;;;79;05/06/2023;19:17:18;28.08;;;;79;05/06/2023;19:18:40;25.73;;;;
80;05/06/2023;19:17:21;25.63;;;;80;05/06/2023;19:18:18;27.74;;;;80;05/06/2023;19:19:40;25.71;;;;
81;05/06/2023;19:18:21;25.63;;;;81;05/06/2023;19:19:18;27.44;;;;81;05/06/2023;19:20:40;25.73;;;;
82;05/06/2023;19:19:21;25.61;;;;82;05/06/2023;19:20:18;27.23;;;;82;05/06/2023;19:21:40;25.73;;;;
83;05/06/2023;19:20:21;25.6;;;;83;05/06/2023;19:21:18;27;;;;83;05/06/2023;19:22:39;25.77;;;;
84;05/06/2023;19:21:21;25.62;;;;84;05/06/2023;19:22:18;26.93;;;;84;05/06/2023;19:23:39;25.79;;;;
85;05/06/2023;19:22:21;25.69;;;;85;05/06/2023;19:23:18;27.16;;;;85;05/06/2023;19:24:39;25.79;;;;
86;05/06/2023;19:23:21;25.75;;;;86;05/06/2023;19:24:18;27.27;;;;86;05/06/2023;19:25:39;25.79;;;;
87;05/06/2023;19:24:21;25.77;;;;87;05/06/2023;19:25:18;27.35;;;;87;05/06/2023;19:26:39;25.79;;;;
88;05/06/2023;19:25:21;25.76;;;;88;05/06/2023;19:26:18;27.39;;;;88;05/06/2023;19:27:39;25.77;;;;
89;05/06/2023;19:26:21;25.73;;;;89;05/06/2023;19:27:18;27.4;;;;89;05/06/2023;19:28:38;25.77;;;;
90;05/06/2023;19:27:21;25.69;;;;90;05/06/2023;19:28:18;27.4;;;;90;05/06/2023;19:29:38;25.77;;;;
91;05/06/2023;19:28:21;25.66;;;;91;05/06/2023;19:29:18;27.39;;;;91;05/06/2023;19:30:38;25.74;;;;
92;05/06/2023;19:29:21;25.66;;;;92;05/06/2023;19:30:18;27.38;;;;92;05/06/2023;19:31:38;25.77;;;;
93;05/06/2023;19:30:21;25.66;Synchronized;;;93;05/06/2023;19:31:18;27.4;;;;93;05/06/2023;19:32:38;25.77;;;;
94;05/06/2023;19:31:21;25.66;;;;94;05/06/2023;19:32:18;27.37;;;;94;05/06/2023;19:33:37;25.76;;;;
95;05/06/2023;19:32:21;25.66;;;;95;05/06/2023;19:33:18;27.34;;;;95;05/06/2023;19:34:37;25.77;;;;
96;05/06/2023;19:33:21;25.63;;;;96;05/06/2023;19:34:18;27.3;;;;96;05/06/2023;19:35:37;25.77;;;;
97;05/06/2023;19:34:21;25.65;;;;97;05/06/2023;19:35:18;27.31;;;;97;05/06/2023;19:36:37;25.79;;;;
98;05/06/2023;19:35:21;25.64;;;;98;05/06/2023;19:36:18;27.27;;;;98;05/06/2023;19:37:37;25.75;;;;
99;05/06/2023;19:36:21;25.63;;;;99;05/06/2023;19:37:18;27.24;;;;99;05/06/2023;19:38:36;25.76;;;;
100;05/06/2023;19:37:21;25.63;;;;100;05/06/2023;19:38:18;27.2;;;;100;05/06/2023;19:39:36;25.77;;;;
101;05/06/2023;19:38:21;25.63;Synchronized;;;101;05/06/2023;19:39:19;27.17;;;;101;05/06/2023;19:40:36;25.77;;;;
102;05/06/2023;19:39:21;25.61;;;;102;05/06/2023;19:40:19;27.14;;;;102;05/06/2023;19:41:36;25.79;;;;
103;05/06/2023;19:40:21;25.63;;;;103;05/06/2023;19:41:19;27.13;;;;103;05/06/2023;19:42:36;25.8;;;;
104;05/06/2023;19:41:21;25.65;;;;104;05/06/2023;19:42:19;27.13;;;;104;05/06/2023;19:43:35;25.8;;;;
105;05/06/2023;19:42:21;25.71;;;;105;05/06/2023;19:43:19;27.13;;;;105;05/06/2023;19:44:35;25.79;;;;
106;05/06/2023;19:43:21;25.73;;;;106;05/06/2023;19:44:19;27.12;;;;106;05/06/2023;19:45:35;25.78;;;;
107;05/06/2023;19:44:21;25.73;;;;107;05/06/2023;19:45:19;27.05;;;;107;05/06/2023;19:46:35;25.78;;;;
108;05/06/2023;19:45:21;25.71;;;;108;05/06/2023;19:46:19;26.98;;;;108;05/06/2023;19:47:35;25.75;;;;
109;05/06/2023;19:46:21;25.7;;;;109;05/06/2023;19:47:19;26.89;;;;109;05/06/2023;19:48:34;25.73;;;;
110;05/06/2023;19:47:21;25.67;;;;110;05/06/2023;19:48:19;26.82;;;;110;05/06/2023;19:49:34;25.73;;;;
111;05/06/2023;19:48:21;25.65;;;;111;05/06/2023;19:49:19;26.75;;;;111;05/06/2023;19:50:34;25.73;;;;
112;05/06/2023;19:49:21;25.62;;;;112;05/06/2023;19:50:19;26.69;;;;112;05/06/2023;19:51:34;25.71;;;;
113;05/06/2023;19:50:21;25.63;;;;113;05/06/2023;19:51:19;26.63;;;;113;05/06/2023;19:52:34;25.67;;;;
114;05/06/2023;19:51:21;25.6;;;;114;05/06/2023;19:52:19;26.57;;;;114;05/06/2023;19:53:33;25.65;;;;
115;05/06/2023;19:52:21;25.59;;;;115;05/06/2023;19:53:19;26.48;;;;115;05/06/2023;19:54:33;25.66;Synchronized;;;
116;05/06/2023;19:53:21;25.58;;;;116;05/06/2023;19:54:19;26.41;;;;116;05/06/2023;19:55:33;25.63;;;;
117;05/06/2023;19:54:21;25.54;;;;117;05/06/2023;19:55:19;26.38;;;;117;05/06/2023;19:56:33;25.6;;;;
118;05/06/2023;19:55:21;25.51;;;;118;05/06/2023;19:56:19;26.31;;;;118;05/06/2023;19:57:33;25.59;;;;
119;05/06/2023;19:56:21;25.51;;;;119;05/06/2023;19:57:19;26.28;;;;119;05/06/2023;19:58:32;25.6;;;;
120;05/06/2023;19:57:21;25.48;;;;120;05/06/2023;19:58:19;26.22;Synchronized;;;120;05/06/2023;19:59:32;25.55;;;;
121;05/06/2023;19:58:21;25.47;;;;121;05/06/2023;19:59:19;26.17;;;;121;05/06/2023;20:00:32;25.55;;;;
122;05/06/2023;19:59:21;25.47;;;;122;05/06/2023;20:00:19;26.14;;;;122;05/06/2023;20:01:32;25.54;;;;
123;05/06/2023;20:00:21;25.45;;;;123;05/06/2023;20:01:20;26.07;;;;123;05/06/2023;20:02:32;25.52;;;;
124;05/06/2023;20:01:21;25.47;;;;124;05/06/2023;20:02:20;26.05;;;;124;05/06/2023;20:03:32;25.52;;;;
125;05/06/2023;20:02:21;25.45;;;;125;05/06/2023;20:03:20;26.01;;;;125;05/06/2023;20:04:32;25.51;;;;
126;05/06/2023;20:03:21;25.41;;;;126;05/06/2023;20:04:20;25.95;;;;126;05/06/2023;20:05:31;25.49;;;;
127;05/06/2023;20:04:21;25.37;;;;127;05/06/2023;20:05:20;25.92;;;;127;05/06/2023;20:06:31;25.5;;;;
128;05/06/2023;20:05:21;25.4;;;;128;05/06/2023;20:06:20;25.89;;;;128;05/06/2023;20:07:31;25.48;;;;
129;05/06/2023;20:06:21;25.39;;;;129;05/06/2023;20:07:20;25.86;;;;129;05/06/2023;20:08:31;25.48;;;;
130;05/06/2023;20:07:21;25.37;;;;130;05/06/2023;20:08:20;25.82;;;;130;05/06/2023;20:09:31;25.47;;;;
131;05/06/2023;20:08:21;25.34;;;;131;05/06/2023;20:09:20;25.8;;;;131;05/06/2023;20:10:31;25.47;;;;
132;05/06/2023;20:09:21;25.34;;;;132;05/06/2023;20:10:20;25.79;;;;132;05/06/2023;20:11:30;25.45;;;;
133;05/06/2023;20:10:21;25.3;;;;133;05/06/2023;20:11:20;25.73;;;;133;05/06/2023;20:12:30;25.44;;;;
134;05/06/2023;20:11:21;25.3;;;;134;05/06/2023;20:12:20;25.71;;;;134;05/06/2023;20:13:30;25.44;;;;
135;05/06/2023;20:12:21;25.33;;;;135;05/06/2023;20:13:21;25.7;;;;135;05/06/2023;20:14:30;25.43;;;;
136;05/06/2023;20:13:22;25.29;;;;136;05/06/2023;20:14:21;25.65;;;;136;05/06/2023;20:15:30;25.41;;;;
137;05/06/2023;20:14:22;25.3;;;;137;05/06/2023;20:15:21;25.64;;;;137;05/06/2023;20:16:29;25.41;;;;
138;05/06/2023;20:15:22;25.3;;;;138;05/06/2023;20:16:21;25.61;;;;138;05/06/2023;20:17:29;25.42;;;;
139;05/06/2023;20:16:22;25.3;;;;139;05/06/2023;20:17:21;25.59;;;;139;05/06/2023;20:18:29;25.4;;;;
140;05/06/2023;20:17:22;25.27;;;;140;05/06/2023;20:18:21;25.57;;;;140;05/06/2023;20:19:29;25.41;;;;
141;05/06/2023;20:18:22;25.27;;;;141;05/06/2023;20:19:21;25.55;;;;141;05/06/2023;20:20:29;25.39;;;;
142;05/06/2023;20:19:22;25.26;;;;142;05/06/2023;20:20:21;25.55;;;;142;05/06/2023;20:21:29;25.41;;;;
143;05/06/2023;20:20:22;25.25;;;;143;05/06/2023;20:21:21;25.52;;;;143;05/06/2023;20:22:28;25.38;;;;
144;05/06/2023;20:21:22;25.25;;;;144;05/06/2023;20:22:22;25.51;;;;144;05/06/2023;20:23:28;25.38;;;;
145;05/06/2023;20:22:22;25.24;;;;145;05/06/2023;20:23:22;25.49;;;;145;05/06/2023;20:24:28;25.36;;;;
146;05/06/2023;20:23:22;25.24;;;;146;05/06/2023;20:24:22;25.49;;;;146;05/06/2023;20:25:28;25.37;;;;
147;05/06/2023;20:24:22;25.23;;;;147;05/06/2023;20:25:22;25.46;;;;147;05/06/2023;20:26:28;25.37;;;;
148;05/06/2023;20:25:22;25.23;;;;148;05/06/2023;20:26:22;25.45;;;;148;05/06/2023;20:27:28;25.36;;;;
149;05/06/2023;20:26:22;25.23;;;;149;05/06/2023;20:27:22;25.44;;;;149;05/06/2023;20:28:27;25.34;;;;
150;05/06/2023;20:27:22;25.21;;;;150;05/06/2023;20:28:22;25.41;;;;150;05/06/2023;20:29:27;25.32;;;;
151;05/06/2023;20:28:22;25.2;;;;151;05/06/2023;20:29:22;25.41;;;;151;05/06/2023;20:30:27;25.36;;;;
152;05/06/2023;20:29:22;25.18;;;;152;05/06/2023;20:30:22;25.38;;;;152;05/06/2023;20:31:27;25.33;;;;
153;05/06/2023;20:30:22;25.19;;;;153;05/06/2023;20:31:23;25.38;;;;153;05/06/2023;20:32:27;25.32;;;;
154;05/06/2023;20:31:22;25.17;;;;154;05/06/2023;20:32:23;25.37;;;;154;05/06/2023;20:33:27;25.31;;;;
155;05/06/2023;20:32:22;25.19;;;;155;05/06/2023;20:33:23;25.35;;;;155;05/06/2023;20:34:26;25.31;;;;
156;05/06/2023;20:33:22;25.17;;;;156;05/06/2023;20:34:23;25.34;;;;156;05/06/2023;20:35:26;25.3;;;;
157;05/06/2023;20:34:22;25.18;;;;157;05/06/2023;20:35:23;25.31;;;;157;05/06/2023;20:36:26;25.31;;;;
158;05/06/2023;20:35:22;25.15;;;;158;05/06/2023;20:36:23;25.31;;;;158;05/06/2023;20:37:26;25.32;;;;
159;05/06/2023;20:36:22;25.16;;;;159;05/06/2023;20:37:23;25.29;;;;159;05/06/2023;20:38:26;25.3;;;;
160;05/06/2023;20:37:22;25.16;;;;160;05/06/2023;20:38:24;25.27;;;;160;05/06/2023;20:39:26;25.3;;;;
161;05/06/2023;20:38:22;25.14;;;;161;05/06/2023;20:39:23;25.3;;;;161;05/06/2023;20:40:25;25.28;;;;
162;05/06/2023;20:39:22;25.14;;;;162;05/06/2023;20:40:24;25.27;;;;162;05/06/2023;20:41:25;25.27;;;;
163;05/06/2023;20:40:22;25.13;;;;163;05/06/2023;20:41:24;25.25;;;;163;05/06/2023;20:42:25;25.29;;;;
164;05/06/2023;20:41:22;25.13;;;;164;05/06/2023;20:42:24;25.27;;;;164;05/06/2023;20:43:25;25.28;;;;
165;05/06/2023;20:42:22;25.12;;;;165;05/06/2023;20:43:24;25.24;;;;165;05/06/2023;20:44:25;25.27;;;;
166;05/06/2023;20:43:22;25.12;;;;166;05/06/2023;20:44:24;25.23;;;;166;05/06/2023;20:45:25;25.28;;;;
167;05/06/2023;20:44:22;25.13;;;;167;05/06/2023;20:45:23;25.24;;;;167;05/06/2023;20:46:24;25.27;;;;
168;05/06/2023;20:45:22;25.11;;;;168;05/06/2023;20:46:23;25.2;;;;168;05/06/2023;20:47:24;25.26;;;;
169;05/06/2023;20:46:22;25.09;;;;169;05/06/2023;20:47:23;25.2;;;;169;05/06/2023;20:48:24;25.26;;;;
170;05/06/2023;20:47:22;25.1;;;;170;05/06/2023;20:48:23;25.2;;;;170;05/06/2023;20:49:24;25.27;;;;
171;05/06/2023;20:48:22;25.09;;;;171;05/06/2023;20:49:23;25.21;;;;171;05/06/2023;20:50:24;25.25;;;;
172;05/06/2023;20:49:22;25.09;;;;172;05/06/2023;20:50:23;25.21;;;;172;05/06/2023;20:51:24;25.24;;;;
173;05/06/2023;20:50:23;25.1;;;;173;05/06/2023;20:51:23;25.2;;;;173;05/06/2023;20:52:23;25.26;;;;
174;05/06/2023;20:51:23;25.09;;;;174;05/06/2023;20:52:23;25.16;;;;174;05/06/2023;20:53:23;25.27;;;;
175;05/06/2023;20:52:23;25.08;;;;175;05/06/2023;20:53:23;25.19;;;;175;05/06/2023;20:54:23;25.25;;;;
176;05/06/2023;20:53:23;25.09;;;;176;05/06/2023;20:54:23;25.19;;;;176;05/06/2023;20:55:23;25.27;Synchronized;;;
177;05/06/2023;20:54:23;25.08;;;;177;05/06/2023;20:55:23;25.16;;;;177;05/06/2023;20:56:23;25.26;;;;
178;05/06/2023;20:55:23;25.09;;;;178;05/06/2023;20:56:23;25.15;;;;178;05/06/2023;20:57:23;25.27;;;;
179;05/06/2023;20:56:23;25.08;;;;179;05/06/2023;20:57:23;25.16;;;;179;05/06/2023;20:58:22;25.26;;;;
180;05/06/2023;20:57:23;25.05;;;;180;05/06/2023;20:58:23;25.13;;;;180;05/06/2023;20:59:22;25.23;;;;
181;05/06/2023;20:58:23;25.05;;;;181;05/06/2023;20:59:23;25.15;;;;181;05/06/2023;21:00:22;25.23;;;;
182;05/06/2023;20:59:23;25.05;;;;182;05/06/2023;21:00:23;25.13;;;;182;05/06/2023;21:01:22;25.24;;;;
183;05/06/2023;21:00:23;25.05;;;;183;05/06/2023;21:01:23;25.15;;;;183;05/06/2023;21:02:22;25.24;;;;
184;05/06/2023;21:01:23;25.05;;;;184;05/06/2023;21:02:23;25.11;;;;184;05/06/2023;21:03:22;25.22;;;;
185;05/06/2023;21:02:23;25.04;;;;185;05/06/2023;21:03:23;25.13;;;;185;05/06/2023;21:04:22;25.23;;;;
186;05/06/2023;21:03:23;25.05;;;;186;05/06/2023;21:04:23;25.11;;;;186;05/06/2023;21:05:22;25.23;;;;
187;05/06/2023;21:04:23;25.05;;;;187;05/06/2023;21:05:23;25.12;;;;187;05/06/2023;21:06:21;25.24;;;;
188;05/06/2023;21:05:23;25.03;;;;188;05/06/2023;21:06:23;25.1;;;;188;05/06/2023;21:07:21;25.22;;;;
189;05/06/2023;21:06:23;25.05;;;;189;05/06/2023;21:07:23;25.08;;;;189;05/06/2023;21:08:21;25.23;;;;
190;05/06/2023;21:07:23;25.04;;;;190;05/06/2023;21:08:23;25.07;;;;190;05/06/2023;21:09:21;25.22;;;;
191;05/06/2023;21:08:23;25.03;;;;191;05/06/2023;21:09:23;25.09;;;;191;05/06/2023;21:10:21;25.23;;;;
192;05/06/2023;21:09:23;25.03;;;;192;05/06/2023;21:10:23;25.09;;;;192;05/06/2023;21:11:21;25.19;;;;
193;05/06/2023;21:10:23;25.02;;;;193;05/06/2023;21:11:23;25.05;;;;193;05/06/2023;21:12:20;25.2;;;;
194;05/06/2023;21:11:23;25.02;;;;194;05/06/2023;21:12:23;25.05;;;;194;05/06/2023;21:13:20;25.22;;;;
195;05/06/2023;21:12:23;25.02;;;;195;05/06/2023;21:13:23;25.05;;;;195;05/06/2023;21:14:20;25.19;;;;
196;05/06/2023;21:13:23;25.01;;;;196;05/06/2023;21:14:23;25.05;;;;196;05/06/2023;21:15:20;25.2;;;;
197;05/06/2023;21:14:23;25.01;;;;197;05/06/2023;21:15:22;25.05;;;;197;05/06/2023;21:16:20;25.22;;;;
198;05/06/2023;21:15:23;25.01;;;;198;05/06/2023;21:16:22;25.07;;;;198;05/06/2023;21:17:20;25.19;;;;
199;05/06/2023;21:16:24;25.02;;;;199;05/06/2023;21:17:22;25.03;;;;199;05/06/2023;21:18:19;25.19;;;;
200;05/06/2023;21:17:24;25;;;;200;05/06/2023;21:18:22;25.07;;;;200;05/06/2023;21:19:19;25.19;;;;
201;05/06/2023;21:18:24;25;;;;201;05/06/2023;21:19:22;25.02;;;;201;05/06/2023;21:20:19;25.19;;;;
202;05/06/2023;21:19:24;25;;;;202;05/06/2023;21:20:22;25.04;;;;202;05/06/2023;21:21:19;25.17;;;;
203;05/06/2023;21:20:24;25;;;;203;05/06/2023;21:21:22;25.03;;;;203;05/06/2023;21:22:19;25.2;;;;
204;05/06/2023;21:21:24;25;;;;204;05/06/2023;21:22:22;25.02;;;;204;05/06/2023;21:23:19;25.2;;;;
205;05/06/2023;21:22:24;24.99;;;;205;05/06/2023;21:23:22;25.02;;;;205;05/06/2023;21:24:18;25.18;;;;
206;05/06/2023;21:23:24;24.99;;;;206;05/06/2023;21:24:22;25.02;;;;206;05/06/2023;21:25:18;25.18;;;;
207;05/06/2023;21:24:24;25;;;;207;05/06/2023;21:25:22;25.02;;;;207;05/06/2023;21:26:18;25.17;;;;
208;05/06/2023;21:25:24;24.98;;;;208;05/06/2023;21:26:22;24.99;;;;208;05/06/2023;21:27:18;25.16;;;;
209;05/06/2023;21:26:24;24.97;;;;209;05/06/2023;21:27:22;24.98;;;;209;05/06/2023;21:28:18;25.17;;;;
210;05/06/2023;21:27:24;24.98;;;;210;05/06/2023;21:28:22;25.01;;;;210;05/06/2023;21:29:18;25.18;;;;
211;05/06/2023;21:28:24;24.98;;;;211;05/06/2023;21:29:22;24.99;;;;211;05/06/2023;21:30:18;25.17;;;;
212;05/06/2023;21:29:24;24.98;;;;212;05/06/2023;21:30:22;25.01;;;;212;05/06/2023;21:31:17;25.18;;;;
213;05/06/2023;21:30:24;24.98;;;;213;05/06/2023;21:31:22;24.98;;;;213;05/06/2023;21:32:17;25.18;;;;
214;05/06/2023;21:31:24;24.98;;;;214;05/06/2023;21:32:22;24.98;;;;214;05/06/2023;21:33:17;25.17;;;;
215;05/06/2023;21:32:24;24.96;;;;215;05/06/2023;21:33:22;24.98;;;;215;05/06/2023;21:34:17;25.16;;;;
216;05/06/2023;21:33:24;24.98;;;;216;05/06/2023;21:34:22;24.98;;;;216;05/06/2023;21:35:17;25.14;;;;
217;05/06/2023;21:34:24;24.97;;;;217;05/06/2023;21:35:22;24.98;;;;217;05/06/2023;21:36:17;25.16;;;;
218;05/06/2023;21:35:24;24.97;;;;218;05/06/2023;21:36:21;24.98;;;;218;05/06/2023;21:37:16;25.16;;;;
219;05/06/2023;21:36:24;24.97;;;;219;05/06/2023;21:37:21;24.95;;;;219;05/06/2023;21:38:16;25.15;;;;
220;05/06/2023;21:37:24;24.95;;;;220;05/06/2023;21:38:21;24.99;;;;220;05/06/2023;21:39:16;25.14;;;;
221;05/06/2023;21:38:24;24.97;;;;221;05/06/2023;21:39:21;24.97;;;;221;05/06/2023;21:40:16;25.13;;;;
222;05/06/2023;21:39:24;24.95;;;;222;05/06/2023;21:40:21;24.98;;;;222;05/06/2023;21:41:16;25.13;;;;
223;05/06/2023;21:40:24;24.97;;;;223;05/06/2023;21:41:21;24.95;;;;223;05/06/2023;21:42:16;25.14;;;;
224;05/06/2023;21:41:24;24.96;;;;224;05/06/2023;21:42:21;24.95;;;;224;05/06/2023;21:43:15;25.13;;;;
225;05/06/2023;21:42:24;24.96;;;;225;05/06/2023;21:43:21;24.95;;;;225;05/06/2023;21:44:15;25.14;;;;
226;05/06/2023;21:43:25;24.93;;;;226;05/06/2023;21:44:21;24.93;;;;226;05/06/2023;21:45:15;25.14;;;;
227;05/06/2023;21:44:25;24.93;;;;227;05/06/2023;21:45:21;24.93;;;;227;05/06/2023;21:46:15;25.13;;;;
228;05/06/2023;21:45:25;24.93;;;;228;05/06/2023;21:46:21;24.92;;;;228;05/06/2023;21:47:15;25.13;;;;
229;05/06/2023;21:46:25;24.92;;;;229;05/06/2023;21:47:21;24.92;;;;229;05/06/2023;21:48:15;25.13;;;;
230;05/06/2023;21:47:25;24.93;;;;230;05/06/2023;21:48:21;24.92;;;;230;05/06/2023;21:49:15;25.12;;;;
231;05/06/2023;21:48:25;24.93;;;;231;05/06/2023;21:49:21;24.95;;;;231;05/06/2023;21:50:14;25.12;;;;
232;05/06/2023;21:49:25;24.92;;;;232;05/06/2023;21:50:21;24.91;;;;232;05/06/2023;21:51:14;25.11;;;;
233;05/06/2023;21:50:25;24.92;;;;233;05/06/2023;21:51:21;24.91;;;;233;05/06/2023;21:52:14;25.13;;;;
234;05/06/2023;21:51:25;24.91;;;;234;05/06/2023;21:52:21;24.93;;;;234;05/06/2023;21:53:14;25.13;;;;
235;05/06/2023;21:52:25;24.91;;;;235;05/06/2023;21:53:21;24.89;;;;235;05/06/2023;21:54:14;25.1;;;;
236;05/06/2023;21:53:25;24.89;;;;236;05/06/2023;21:54:21;24.95;;;;236;05/06/2023;21:55:14;25.12;Synchronized;;;
237;05/06/2023;21:54:25;24.92;;;;237;05/06/2023;21:55:21;24.91;;;;237;05/06/2023;21:56:13;25.13;;;;
238;05/06/2023;21:55:25;24.91;;;;238;05/06/2023;21:56:21;24.91;;;;238;05/06/2023;21:57:13;25.13;;;;
239;05/06/2023;21:56:25;24.9;;;;239;05/06/2023;21:57:21;24.92;;;;239;05/06/2023;21:58:13;25.11;;;;
240;05/06/2023;21:57:25;24.91;;;;240;05/06/2023;21:58:21;24.91;;;;240;05/06/2023;21:59:13;25.1;;;;
241;05/06/2023;21:58:25;24.91;;;;241;05/06/2023;21:59:20;24.89;;;;241;05/06/2023;22:00:13;25.09;;;;
242;05/06/2023;21:59:25;24.91;;;;242;05/06/2023;22:00:20;24.89;;;;242;05/06/2023;22:01:13;25.09;;;;
243;05/06/2023;22:00:25;24.9;;;;243;05/06/2023;22:01:20;24.91;;;;243;05/06/2023;22:02:12;25.1;;;;
244;05/06/2023;22:01:25;24.9;;;;244;05/06/2023;22:02:20;24.88;;;;244;05/06/2023;22:03:12;25.09;;;;
245;05/06/2023;22:02:25;24.89;;;;245;05/06/2023;22:03:20;24.88;;;;245;05/06/2023;22:04:12;25.12;;;;
246;05/06/2023;22:03:25;24.91;;;;246;05/06/2023;22:04:20;24.88;;;;246;05/06/2023;22:05:12;25.11;;;;
247;05/06/2023;22:04:25;24.88;;;;247;05/06/2023;22:05:20;24.91;;;;247;05/06/2023;22:06:12;25.08;;;;
248;05/06/2023;22:05:25;24.88;;;;248;05/06/2023;22:06:20;24.88;;;;248;05/06/2023;22:07:12;25.1;;;;
249;05/06/2023;22:06:25;24.9;;;;249;05/06/2023;22:07:20;24.9;;;;249;05/06/2023;22:08:12;25.08;;;;
250;05/06/2023;22:07:25;24.88;;;;250;05/06/2023;22:08:20;24.88;;;;250;05/06/2023;22:09:12;25.11;;;;
251;05/06/2023;22:08:26;24.9;;;;251;05/06/2023;22:09:20;24.88;;;;251;05/06/2023;22:10:11;25.08;;;;
252;05/06/2023;22:09:26;24.88;;;;252;05/06/2023;22:10:20;24.86;;;;252;05/06/2023;22:11:11;25.08;;;;
253;05/06/2023;22:10:26;24.88;;;;253;05/06/2023;22:11:20;24.86;;;;253;05/06/2023;22:12:11;25.06;;;;
254;05/06/2023;22:11:26;24.88;;;;254;05/06/2023;22:12:20;24.87;;;;254;05/06/2023;22:13:11;25.07;;;;
255;05/06/2023;22:12:26;24.88;;;;255;05/06/2023;22:13:20;24.86;;;;255;05/06/2023;22:14:11;25.05;;;;
256;05/06/2023;22:13:26;24.88;;;;256;05/06/2023;22:14:20;24.87;;;;256;05/06/2023;22:15:11;25.09;;;;
257;05/06/2023;22:14:26;24.87;;;;257;05/06/2023;22:15:20;24.86;;;;257;05/06/2023;22:16:11;25.08;;;;
258;05/06/2023;22:15:26;24.88;;;;258;05/06/2023;22:16:20;24.86;;;;258;05/06/2023;22:17:10;25.06;;;;
259;05/06/2023;22:16:26;24.86;;;;259;05/06/2023;22:17:20;24.84;;;;259;05/06/2023;22:18:10;25.05;;;;
260;05/06/2023;22:17:26;24.88;;;;260;05/06/2023;22:18:20;24.85;;;;260;05/06/2023;22:19:10;25.05;;;;
261;05/06/2023;22:18:26;24.88;;;;261;05/06/2023;22:19:20;24.87;;;;261;05/06/2023;22:20:10;25.06;;;;
262;05/06/2023;22:19:26;24.86;;;;262;05/06/2023;22:20:20;24.85;;;;262;05/06/2023;22:21:10;25.07;;;;
263;05/06/2023;22:20:26;24.85;;;;263;05/06/2023;22:21:20;24.88;;;;263;05/06/2023;22:22:10;25.05;;;;
264;05/06/2023;22:21:26;24.85;;;;264;05/06/2023;22:22:20;24.86;;;;264;05/06/2023;22:23:10;25.06;;;;
265;05/06/2023;22:22:26;24.88;;;;265;05/06/2023;22:23:20;24.84;;;;265;05/06/2023;22:24:09;25.05;;;;
266;05/06/2023;22:23:26;24.86;;;;266;05/06/2023;22:24:20;24.84;;;;266;05/06/2023;22:25:09;25.05;;;;
267;05/06/2023;22:24:26;24.87;;;;267;05/06/2023;22:25:20;24.85;;;;267;05/06/2023;22:26:09;25.07;;;;
268;05/06/2023;22:25:26;24.87;;;;268;05/06/2023;22:26:20;24.84;;;;268;05/06/2023;22:27:09;25.05;;;;
269;05/06/2023;22:26:26;24.88;;;;269;05/06/2023;22:27:20;24.81;;;;269;05/06/2023;22:28:09;25.05;;;;
270;05/06/2023;22:27:26;24.87;;;;270;05/06/2023;22:28:20;24.84;;;;270;05/06/2023;22:29:09;25.05;;;;
271;05/06/2023;22:28:26;24.86;;;;271;05/06/2023;22:29:19;24.84;;;;271;05/06/2023;22:30:09;25.05;;;;
272;05/06/2023;22:29:26;24.86;;;;272;05/06/2023;22:30:19;24.84;;;;272;05/06/2023;22:31:08;25.05;;;;
273;05/06/2023;22:30:26;24.85;Synchronized;;;273;05/06/2023;22:31:19;24.84;;;;273;05/06/2023;22:32:08;25.05;;;;
274;05/06/2023;22:31:26;24.82;;;;274;05/06/2023;22:32:19;24.84;;;;274;05/06/2023;22:33:08;25.04;;;;
275;05/06/2023;22:32:26;24.88;;;;275;05/06/2023;22:33:19;24.83;;;;275;05/06/2023;22:34:08;25.05;;;;
276;05/06/2023;22:33:26;24.86;;;;276;05/06/2023;22:34:19;24.83;;;;276;05/06/2023;22:35:08;25.04;;;;
277;05/06/2023;22:34:26;24.86;;;;277;05/06/2023;22:35:19;24.83;;;;277;05/06/2023;22:36:08;25.05;;;;
278;05/06/2023;22:35:26;24.86;;;;278;05/06/2023;22:36:19;24.83;;;;278;05/06/2023;22:37:08;25.05;;;;
279;05/06/2023;22:36:26;24.84;;;;279;05/06/2023;22:37:19;24.84;;;;279;05/06/2023;22:38:08;25.05;;;;
280;05/06/2023;22:37:26;24.82;;;;280;05/06/2023;22:38:19;24.83;;;;280;05/06/2023;22:39:07;25.03;;;;
281;05/06/2023;22:38:26;24.84;;;;281;05/06/2023;22:39:19;24.8;;;;281;05/06/2023;22:40:07;25.02;;;;
282;05/06/2023;22:39:26;24.84;;;;282;05/06/2023;22:40:19;24.81;;;;282;05/06/2023;22:41:07;25.03;;;;
283;05/06/2023;22:40:26;24.84;;;;283;05/06/2023;22:41:19;24.81;;;;283;05/06/2023;22:42:07;25.04;;;;
284;05/06/2023;22:41:27;24.84;;;;284;05/06/2023;22:42:19;24.81;;;;284;05/06/2023;22:43:07;25.05;;;;
285;05/06/2023;22:42:27;24.84;;;;285;05/06/2023;22:43:19;24.81;;;;285;05/06/2023;22:44:07;25.04;;;;
286;05/06/2023;22:43:27;24.85;;;;286;05/06/2023;22:44:19;24.79;;;;286;05/06/2023;22:45:07;25.04;;;;
287;05/06/2023;22:44:27;24.8;;;;287;05/06/2023;22:45:19;24.81;;;;287;05/06/2023;22:46:06;25.03;;;;
288;05/06/2023;22:45:27;24.84;;;;288;05/06/2023;22:46:19;24.8;;;;288;05/06/2023;22:47:06;25.04;;;;
289;05/06/2023;22:46:27;24.82;;;;289;05/06/2023;22:47:19;24.79;;;;289;05/06/2023;22:48:06;25.02;;;;
290;05/06/2023;22:47:27;24.82;;;;290;05/06/2023;22:48:19;24.83;;;;290;05/06/2023;22:49:06;25.02;;;;
291;05/06/2023;22:48:27;24.82;;;;291;05/06/2023;22:49:19;24.8;;;;291;05/06/2023;22:50:06;25.02;;;;
292;05/06/2023;22:49:27;24.82;;;;292;05/06/2023;22:50:19;24.81;;;;292;05/06/2023;22:51:06;25.03;;;;
293;05/06/2023;22:50:27;24.85;;;;293;05/06/2023;22:51:19;24.79;;;;293;05/06/2023;22:52:06;25.03;;;;
294;05/06/2023;22:51:27;24.82;Synchronized;;;294;05/06/2023;22:52:19;24.81;;;;294;05/06/2023;22:53:05;25.03;;;;
295;05/06/2023;22:52:27;24.8;;;;295;05/06/2023;22:53:19;24.81;;;;295;05/06/2023;22:54:05;25.03;;;;
296;05/06/2023;22:53:27;24.82;;;;296;05/06/2023;22:54:19;24.8;;;;296;05/06/2023;22:55:05;25.02;;;;
297;05/06/2023;22:54:27;24.82;;;;297;05/06/2023;22:55:19;24.79;;;;297;05/06/2023;22:56:05;25.02;;;;
298;05/06/2023;22:55:27;24.84;;;;298;05/06/2023;22:56:19;24.78;;;;298;05/06/2023;22:57:05;25.02;;;;
299;05/06/2023;22:56:27;24.84;;;;299;05/06/2023;22:57:19;24.8;;;;299;05/06/2023;22:58:05;25.02;;;;
300;05/06/2023;22:57:27;24.84;;;;300;05/06/2023;22:58:19;24.79;;;;300;05/06/2023;22:59:05;25.02;;;;
301;05/06/2023;22:58:27;24.82;;;;301;05/06/2023;22:59:19;24.78;;;;301;05/06/2023;23:00:04;25.02;;;;
302;05/06/2023;22:59:27;24.8;;;;302;05/06/2023;23:00:19;24.79;;;;302;05/06/2023;23:01:04;25.03;;;;
303;05/06/2023;23:00:27;24.85;;;;303;05/06/2023;23:01:19;24.79;;;;303;05/06/2023;23:02:04;25.02;;;;
304;05/06/2023;23:01:27;24.82;;;;304;05/06/2023;23:02:18;24.78;;;;304;05/06/2023;23:03:04;25.02;;;;
305;05/06/2023;23:02:27;24.82;;;;305;05/06/2023;23:03:18;24.79;;;;305;05/06/2023;23:04:04;25.02;;;;
306;05/06/2023;23:03:27;24.82;;;;306;05/06/2023;23:04:18;24.79;;;;306;05/06/2023;23:05:04;25.01;;;;
307;05/06/2023;23:04:27;24.8;;;;307;05/06/2023;23:05:18;24.79;;;;307;05/06/2023;23:06:04;25.01;;;;
308;05/06/2023;23:05:27;24.8;;;;308;05/06/2023;23:06:18;24.77;;;;308;05/06/2023;23:07:04;25.02;;;;
309;05/06/2023;23:06:27;24.8;;;;309;05/06/2023;23:07:18;24.78;;;;309;05/06/2023;23:08:03;25.01;;;;
310;05/06/2023;23:07:27;24.81;;;;310;05/06/2023;23:08:18;24.79;;;;310;05/06/2023;23:09:03;25.02;;;;
311;05/06/2023;23:08:27;24.81;;;;311;05/06/2023;23:09:18;24.77;;;;311;05/06/2023;23:10:03;25.03;;;;
312;05/06/2023;23:09:27;24.8;;;;312;05/06/2023;23:10:18;24.77;;;;312;05/06/2023;23:11:03;25.02;;;;
313;05/06/2023;23:10:28;24.8;;;;313;05/06/2023;23:11:18;24.77;;;;313;05/06/2023;23:12:03;25;;;;
314;05/06/2023;23:11:28;24.8;;;;314;05/06/2023;23:12:18;24.77;;;;314;05/06/2023;23:13:03;25.02;;;;
315;05/06/2023;23:12:28;24.8;;;;315;05/06/2023;23:13:18;24.77;;;;315;05/06/2023;23:14:03;25.02;;;;
316;05/06/2023;23:13:28;24.8;;;;316;05/06/2023;23:14:18;24.76;;;;316;05/06/2023;23:15:02;25.01;;;;
317;05/06/2023;23:14:28;24.82;;;;317;05/06/2023;23:15:18;24.77;;;;317;05/06/2023;23:16:02;25.01;;;;
318;05/06/2023;23:15:28;24.78;;;;318;05/06/2023;23:16:18;24.77;;;;318;05/06/2023;23:17:02;25.01;;;;
319;05/06/2023;23:16:28;24.8;;;;319;05/06/2023;23:17:18;24.77;;;;319;05/06/2023;23:18:02;25.04;;;;
320;05/06/2023;23:17:28;24.8;;;;320;05/06/2023;23:18:18;24.77;;;;320;05/06/2023;23:19:02;25.01;;;;
321;05/06/2023;23:18:28;24.79;;;;321;05/06/2023;23:19:18;24.77;;;;321;05/06/2023;23:20:02;25.02;;;;
322;05/06/2023;23:19:28;24.8;;;;322;05/06/2023;23:20:18;24.77;;;;322;05/06/2023;23:21:02;25.01;;;;
323;05/06/2023;23:20:28;24.8;;;;323;05/06/2023;23:21:18;24.77;;;;323;05/06/2023;23:22:01;25.02;;;;
324;05/06/2023;23:21:28;24.8;;;;324;05/06/2023;23:22:18;24.77;;;;324;05/06/2023;23:23:01;25.01;;;;
325;05/06/2023;23:22:28;24.78;;;;325;05/06/2023;23:23:18;24.75;;;;325;05/06/2023;23:24:01;25.01;;;;
326;05/06/2023;23:23:28;24.79;;;;326;05/06/2023;23:24:18;24.75;;;;326;05/06/2023;23:25:01;25;;;;
327;05/06/2023;23:24:28;24.78;;;;327;05/06/2023;23:25:18;24.77;;;;327;05/06/2023;23:26:01;25.01;;;;
328;05/06/2023;23:25:28;24.8;;;;328;05/06/2023;23:26:18;24.75;;;;328;05/06/2023;23:27:01;25;;;;
329;05/06/2023;23:26:28;24.79;;;;329;05/06/2023;23:27:18;24.76;;;;329;05/06/2023;23:28:01;25.02;;;;
330;05/06/2023;23:27:28;24.79;;;;330;05/06/2023;23:28:18;24.77;;;;330;05/06/2023;23:29:00;25;;;;
331;05/06/2023;23:28:28;24.78;;;;331;05/06/2023;23:29:18;24.76;;;;331;05/06/2023;23:30:00;25.02;;;;
332;05/06/2023;23:29:28;24.8;;;;332;05/06/2023;23:30:18;24.75;;;;332;05/06/2023;23:31:00;25.02;;;;
333;05/06/2023;23:30:28;24.8;;;;333;05/06/2023;23:31:18;24.77;;;;333;05/06/2023;23:32:00;25.02;;;;
334;05/06/2023;23:31:29;24.8;;;;334;05/06/2023;23:32:18;24.75;;;;334;05/06/2023;23:33:00;25.01;;;;
335;05/06/2023;23:32:29;24.8;;;;335;05/06/2023;23:33:18;24.76;;;;335;05/06/2023;23:34:00;25.02;;;;
336;05/06/2023;23:33:29;24.8;;;;336;05/06/2023;23:34:18;24.74;;;;336;05/06/2023;23:35:00;25;;;;
337;05/06/2023;23:34:29;24.79;;;;337;05/06/2023;23:35:18;24.75;;;;337;05/06/2023;23:35:59;25;;;;
338;05/06/2023;23:35:29;24.8;;;;338;05/06/2023;23:36:18;24.77;;;;338;05/06/2023;23:36:59;25.01;;;;
339;05/06/2023;23:36:29;24.78;;;;339;05/06/2023;23:37:18;24.73;;;;339;05/06/2023;23:37:59;25.02;;;;
340;05/06/2023;23:37:29;24.78;;;;340;05/06/2023;23:38:18;24.75;;;;340;05/06/2023;23:38:59;25.02;;;;
341;05/06/2023;23:38:29;24.79;;;;341;05/06/2023;23:39:18;24.76;;;;341;05/06/2023;23:39:59;25.03;;;;
342;05/06/2023;23:39:29;24.8;;;;342;05/06/2023;23:40:18;24.76;;;;342;05/06/2023;23:40:59;25.02;;;;
343;05/06/2023;23:40:29;24.79;;;;343;05/06/2023;23:41:18;24.76;;;;343;05/06/2023;23:41:59;25.02;;;;
344;05/06/2023;23:41:29;24.77;;;;344;05/06/2023;23:42:17;24.75;;;;344;05/06/2023;23:42:58;25.03;;;;
345;05/06/2023;23:42:29;24.8;;;;345;05/06/2023;23:43:17;24.73;;;;345;05/06/2023;23:43:58;25.02;;;;
346;05/06/2023;23:43:29;24.79;;;;346;05/06/2023;23:44:17;24.75;;;;346;05/06/2023;23:44:58;25.02;;;;
347;05/06/2023;23:44:29;24.78;;;;347;05/06/2023;23:45:17;24.75;;;;347;05/06/2023;23:45:58;25.01;;;;
348;05/06/2023;23:45:29;24.79;Synchronized;;;348;05/06/2023;23:46:17;24.76;;;;348;05/06/2023;23:46:58;25.01;;;;
349;05/06/2023;23:46:29;24.78;;;;349;05/06/2023;23:47:17;24.75;;;;349;05/06/2023;23:47:58;25.01;;;;
350;05/06/2023;23:47:29;24.78;;;;350;05/06/2023;23:48:17;24.73;;;;350;05/06/2023;23:48:58;25;;;;
351;05/06/2023;23:48:29;24.77;;;;351;05/06/2023;23:49:17;24.73;;;;351;05/06/2023;23:49:58;24.99;;;;
352;05/06/2023;23:49:29;24.79;;;;352;05/06/2023;23:50:17;24.76;;;;352;05/06/2023;23:50:57;25;;;;
353;05/06/2023;23:50:29;24.78;;;;353;05/06/2023;23:51:17;24.76;;;;353;05/06/2023;23:51:57;25.01;;;;
354;05/06/2023;23:51:29;24.77;;;;354;05/06/2023;23:52:17;24.76;;;;354;05/06/2023;23:52:57;25;;;;
355;05/06/2023;23:52:29;24.77;;;;355;05/06/2023;23:53:17;24.73;;;;355;05/06/2023;23:53:57;24.99;;;;
356;05/06/2023;23:53:29;24.79;;;;356;05/06/2023;23:54:17;24.75;;;;356;05/06/2023;23:54:57;25.01;;;;
357;05/06/2023;23:54:29;24.77;;;;357;05/06/2023;23:55:17;24.73;;;;357;05/06/2023;23:55:57;25.01;;;;
358;05/06/2023;23:55:29;24.77;;;;358;05/06/2023;23:56:17;24.73;;;;358;05/06/2023;23:56:57;24.99;;;;
359;05/06/2023;23:56:29;24.77;;;;359;05/06/2023;23:57:17;24.73;;;;359;05/06/2023;23:57:56;25;;;;
360;05/06/2023;23:57:29;24.77;;;;360;05/06/2023;23:58:17;24.73;;;;360;05/06/2023;23:58:56;25;;;;
361;05/06/2023;23:58:29;24.78;;;;361;05/06/2023;23:59:17;24.73;;;;361;05/06/2023;23:59:56;24.99;;;;
362;05/06/2023;23:59:29;24.77;;;;362;06/06/2023;00:00:17;24.75;;;;362;06/06/2023;00:00:56;25;;;;
363;06/06/2023;00:00:29;24.79;;;;363;06/06/2023;00:01:17;24.73;;;;363;06/06/2023;00:01:56;25;;;;
364;06/06/2023;00:01:29;24.77;;;;364;06/06/2023;00:02:17;24.74;;;;364;06/06/2023;00:02:56;25;;;;
365;06/06/2023;00:02:29;24.76;;;;365;06/06/2023;00:03:17;24.73;;;;365;06/06/2023;00:03:56;24.99;;;;
366;06/06/2023;00:03:29;24.76;;;;366;06/06/2023;00:04:17;24.73;;;;366;06/06/2023;00:04:56;24.99;;;;
367;06/06/2023;00:04:30;24.77;;;;367;06/06/2023;00:05:17;24.73;;;;367;06/06/2023;00:05:55;24.99;;;;
368;06/06/2023;00:05:30;24.79;;;;368;06/06/2023;00:06:17;24.74;;;;368;06/06/2023;00:06:55;25;;;;
369;06/06/2023;00:06:30;24.78;;;;369;06/06/2023;00:07:17;24.73;;;;369;06/06/2023;00:07:55;24.99;;;;
370;06/06/2023;00:07:30;24.76;;;;370;06/06/2023;00:08:17;24.73;;;;370;06/06/2023;00:08:55;24.98;;;;
371;06/06/2023;00:08:30;24.76;;;;371;06/06/2023;00:09:17;24.73;Synchronized;;;371;06/06/2023;00:09:55;25;;;;
372;06/06/2023;00:09:30;24.78;;;;372;06/06/2023;00:10:17;24.73;;;;372;06/06/2023;00:10:55;25.01;;;;
373;06/06/2023;00:10:30;24.77;;;;373;06/06/2023;00:11:17;24.73;;;;373;06/06/2023;00:11:55;24.98;;;;
374;06/06/2023;00:11:30;24.76;;;;374;06/06/2023;00:12:17;24.7;;;;374;06/06/2023;00:12:54;24.96;;;;
375;06/06/2023;00:12:30;24.76;;;;375;06/06/2023;00:13:17;24.73;;;;375;06/06/2023;00:13:54;25.01;;;;
376;06/06/2023;00:13:30;24.76;;;;376;06/06/2023;00:14:17;24.73;;;;376;06/06/2023;00:14:54;24.98;;;;
377;06/06/2023;00:14:30;24.78;;;;377;06/06/2023;00:15:17;24.73;;;;377;06/06/2023;00:15:54;25.01;;;;
378;06/06/2023;00:15:30;24.77;;;;378;06/06/2023;00:16:17;24.7;;;;378;06/06/2023;00:16:54;25;;;;
379;06/06/2023;00:16:30;24.77;;;;379;06/06/2023;00:17:17;24.73;;;;379;06/06/2023;00:17:54;24.99;;;;
380;06/06/2023;00:17:30;24.76;;;;380;06/06/2023;00:18:17;24.73;;;;380;06/06/2023;00:18:54;25.01;;;;
381;06/06/2023;00:18:30;24.77;;;;381;06/06/2023;00:19:17;24.69;;;;381;06/06/2023;00:19:54;24.98;;;;
382;06/06/2023;00:19:30;24.76;;;;382;06/06/2023;00:20:17;24.72;;;;382;06/06/2023;00:20:53;24.98;;;;
383;06/06/2023;00:20:30;24.76;;;;383;06/06/2023;00:21:16;24.72;;;;383;06/06/2023;00:21:53;24.99;;;;
384;06/06/2023;00:21:30;24.77;;;;384;06/06/2023;00:22:16;24.71;;;;384;06/06/2023;00:22:53;24.99;;;;
385;06/06/2023;00:22:30;24.74;;;;385;06/06/2023;00:23:16;24.72;;;;385;06/06/2023;00:23:53;25.01;;;;
386;06/06/2023;00:23:30;24.76;;;;386;06/06/2023;00:24:16;24.73;;;;386;06/06/2023;00:24:53;24.99;;;;
387;06/06/2023;00:24:30;24.78;;;;387;06/06/2023;00:25:16;24.71;;;;387;06/06/2023;00:25:53;25;;;;
388;06/06/2023;00:25:31;24.75;;;;388;06/06/2023;00:26:16;24.71;;;;388;06/06/2023;00:26:53;24.96;;;;
389;06/06/2023;00:26:31;24.76;;;;389;06/06/2023;00:27:16;24.73;;;;389;06/06/2023;00:27:53;24.99;;;;
390;06/06/2023;00:27:31;24.74;;;;390;06/06/2023;00:28:16;24.73;;;;390;06/06/2023;00:28:52;24.99;;;;
391;06/06/2023;00:28:31;24.77;;;;391;06/06/2023;00:29:16;24.72;;;;391;06/06/2023;00:29:52;24.96;;;;
392;06/06/2023;00:29:31;24.76;;;;392;06/06/2023;00:30:16;24.72;;;;392;06/06/2023;00:30:52;24.99;;;;
393;06/06/2023;00:30:31;24.75;;;;393;06/06/2023;00:31:16;24.73;;;;393;06/06/2023;00:31:52;24.98;;;;
394;06/06/2023;00:31:31;24.75;;;;394;06/06/2023;00:32:16;24.71;;;;394;06/06/2023;00:32:52;25;;;;
395;06/06/2023;00:32:31;24.76;;;;395;06/06/2023;00:33:16;24.71;;;;395;06/06/2023;00:33:52;24.98;;;;
396;06/06/2023;00:33:31;24.75;;;;396;06/06/2023;00:34:16;24.71;;;;396;06/06/2023;00:34:51;24.99;;;;
397;06/06/2023;00:34:31;24.75;;;;397;06/06/2023;00:35:16;24.7;;;;397;06/06/2023;00:35:51;24.99;;;;
398;06/06/2023;00:35:31;24.76;;;;398;06/06/2023;00:36:16;24.7;;;;398;06/06/2023;00:36:51;24.96;;;;
399;06/06/2023;00:36:31;24.76;;;;399;06/06/2023;00:37:16;24.71;;;;399;06/06/2023;00:37:51;24.98;;;;
400;06/06/2023;00:37:31;24.76;;;;400;06/06/2023;00:38:16;24.72;;;;400;06/06/2023;00:38:51;24.95;;;;
401;06/06/2023;00:38:31;24.75;;;;401;06/06/2023;00:39:16;24.73;;;;401;06/06/2023;00:39:51;25;;;;
402;06/06/2023;00:39:31;24.75;;;;402;06/06/2023;00:40:16;24.71;;;;402;06/06/2023;00:40:51;24.99;;;;
403;06/06/2023;00:40:31;24.75;;;;403;06/06/2023;00:41:16;24.71;;;;403;06/06/2023;00:41:51;24.98;;;;
404;06/06/2023;00:41:31;24.74;;;;404;06/06/2023;00:42:16;24.72;;;;404;06/06/2023;00:42:50;25;;;;
405;06/06/2023;00:42:31;24.76;;;;405;06/06/2023;00:43:16;24.7;;;;405;06/06/2023;00:43:50;24.96;;;;
406;06/06/2023;00:43:31;24.74;;;;406;06/06/2023;00:44:16;24.71;;;;406;06/06/2023;00:44:50;24.99;;;;
407;06/06/2023;00:44:31;24.74;;;;407;06/06/2023;00:45:16;24.69;;;;407;06/06/2023;00:45:50;24.98;;;;
408;06/06/2023;00:45:31;24.76;;;;408;06/06/2023;00:46:16;24.71;;;;408;06/06/2023;00:46:50;24.99;;;;
409;06/06/2023;00:46:31;24.74;;;;409;06/06/2023;00:47:16;24.7;;;;409;06/06/2023;00:47:50;24.98;;;;
410;06/06/2023;00:47:31;24.77;;;;410;06/06/2023;00:48:16;24.7;;;;410;06/06/2023;00:48:50;24.98;;;;
411;06/06/2023;00:48:31;24.74;;;;411;06/06/2023;00:49:16;24.68;;;;411;06/06/2023;00:49:49;24.98;;;;
412;06/06/2023;00:49:31;24.74;;;;412;06/06/2023;00:50:16;24.7;;;;412;06/06/2023;00:50:49;24.98;;;;
413;06/06/2023;00:50:31;24.75;;;;413;06/06/2023;00:51:16;24.7;;;;413;06/06/2023;00:51:49;24.98;;;;
414;06/06/2023;00:51:31;24.75;;;;414;06/06/2023;00:52:16;24.73;;;;414;06/06/2023;00:52:49;24.96;;;;
415;06/06/2023;00:52:31;24.73;;;;415;06/06/2023;00:53:16;24.69;Synchronized;;;415;06/06/2023;00:53:49;24.98;;;;
416;06/06/2023;00:53:31;24.75;;;;416;06/06/2023;00:54:16;24.69;;;;416;06/06/2023;00:54:49;24.98;;;;
417;06/06/2023;00:54:32;24.73;;;;417;06/06/2023;00:55:16;24.67;;;;417;06/06/2023;00:55:49;24.98;;;;
418;06/06/2023;00:55:32;24.74;;;;418;06/06/2023;00:56:16;24.7;;;;418;06/06/2023;00:56:48;24.98;;;;
419;06/06/2023;00:56:32;24.75;;;;419;06/06/2023;00:57:16;24.7;;;;419;06/06/2023;00:57:48;24.98;;;;
420;06/06/2023;00:57:32;24.75;;;;420;06/06/2023;00:58:16;24.72;;;;420;06/06/2023;00:58:48;24.98;;;;
421;06/06/2023;00:58:32;24.74;;;;421;06/06/2023;00:59:16;24.67;;;;421;06/06/2023;00:59:48;24.96;;;;
422;06/06/2023;00:59:32;24.75;;;;422;06/06/2023;01:00:16;24.71;;;;422;06/06/2023;01:00:48;24.95;;;;
423;06/06/2023;01:00:32;24.74;;;;423;06/06/2023;01:01:16;24.68;;;;423;06/06/2023;01:01:48;24.98;;;;
424;06/06/2023;01:01:32;24.73;;;;424;06/06/2023;01:02:16;24.67;;;;424;06/06/2023;01:02:48;24.96;;;;
425;06/06/2023;01:02:32;24.73;;;;425;06/06/2023;01:03:16;24.69;;;;425;06/06/2023;01:03:48;24.96;Synchronized;;;
426;06/06/2023;01:03:32;24.74;;;;426;06/06/2023;01:04:16;24.69;;;;426;06/06/2023;01:04:47;24.96;;;;
427;06/06/2023;01:04:32;24.75;;;;427;06/06/2023;01:05:16;24.68;;;;427;06/06/2023;01:05:47;24.98;;;;
428;06/06/2023;01:05:32;24.75;;;;428;06/06/2023;01:06:16;24.67;;;;428;06/06/2023;01:06:47;24.98;;;;
429;06/06/2023;01:06:32;24.74;;;;429;06/06/2023;01:07:16;24.68;;;;429;06/06/2023;01:07:47;24.98;;;;
430;06/06/2023;01:07:32;24.73;;;;430;06/06/2023;01:08:16;24.66;;;;430;06/06/2023;01:08:47;24.96;;;;
431;06/06/2023;01:08:32;24.73;;;;431;06/06/2023;01:09:16;24.69;;;;431;06/06/2023;01:09:47;24.96;;;;
432;06/06/2023;01:09:32;24.74;;;;432;06/06/2023;01:10:16;24.69;;;;432;06/06/2023;01:10:46;24.98;;;;
433;06/06/2023;01:10:32;24.72;Synchronized;;;433;06/06/2023;01:11:16;24.7;;;;433;06/06/2023;01:11:46;24.98;;;;
434;06/06/2023;01:11:32;24.73;;;;434;06/06/2023;01:12:16;24.69;;;;434;06/06/2023;01:12:46;24.99;;;;
435;06/06/2023;01:12:32;24.74;;;;435;06/06/2023;01:13:16;24.67;;;;435;06/06/2023;01:13:46;24.99;;;;
436;06/06/2023;01:13:32;24.73;;;;436;06/06/2023;01:14:16;24.7;;;;436;06/06/2023;01:14:46;24.95;;;;
437;06/06/2023;01:14:32;24.73;;;;437;06/06/2023;01:15:16;24.7;;;;437;06/06/2023;01:15:46;24.96;;;;
438;06/06/2023;01:15:32;24.73;;;;438;06/06/2023;01:16:16;24.7;;;;438;06/06/2023;01:16:46;24.95;;;;
439;06/06/2023;01:16:32;24.73;;;;439;06/06/2023;01:17:15;24.68;;;;439;06/06/2023;01:17:46;24.96;;;;
440;06/06/2023;01:17:32;24.73;Synchronized;;;440;06/06/2023;01:18:15;24.68;;;;440;06/06/2023;01:18:46;24.98;;;;
441;06/06/2023;01:18:32;24.73;;;;441;06/06/2023;01:19:15;24.67;;;;441;06/06/2023;01:19:45;24.96;;;;
442;06/06/2023;01:19:32;24.73;;;;442;06/06/2023;01:20:15;24.68;;;;442;06/06/2023;01:20:45;24.96;;;;
443;06/06/2023;01:20:32;24.74;;;;443;06/06/2023;01:21:15;24.69;;;;443;06/06/2023;01:21:45;24.98;;;;
444;06/06/2023;01:21:32;24.75;;;;444;06/06/2023;01:22:15;24.66;;;;444;06/06/2023;01:22:45;24.95;;;;
445;06/06/2023;01:22:33;24.74;;;;445;06/06/2023;01:23:15;24.67;;;;445;06/06/2023;01:23:45;24.95;;;;
446;06/06/2023;01:23:33;24.73;;;;446;06/06/2023;01:24:15;24.69;;;;446;06/06/2023;01:24:45;24.96;;;;
447;06/06/2023;01:24:33;24.73;;;;447;06/06/2023;01:25:15;24.68;Synchronized;;;447;06/06/2023;01:25:45;24.98;;;;
448;06/06/2023;01:25:33;24.74;;;;448;06/06/2023;01:26:15;24.67;;;;448;06/06/2023;01:26:45;24.95;;;;
449;06/06/2023;01:26:33;24.74;;;;449;06/06/2023;01:27:15;24.69;;;;449;06/06/2023;01:27:44;24.95;;;;
450;06/06/2023;01:27:33;24.73;;;;450;06/06/2023;01:28:15;24.66;;;;450;06/06/2023;01:28:44;24.95;;;;
451;06/06/2023;01:28:33;24.73;;;;451;06/06/2023;01:29:15;24.68;;;;451;06/06/2023;01:29:44;24.94;;;;
452;06/06/2023;01:29:33;24.73;;;;452;06/06/2023;01:30:15;24.67;;;;452;06/06/2023;01:30:44;24.98;;;;
453;06/06/2023;01:30:33;24.73;;;;453;06/06/2023;01:31:15;24.69;;;;453;06/06/2023;01:31:44;24.95;;;;
454;06/06/2023;01:31:33;24.73;;;;454;06/06/2023;01:32:15;24.67;;;;454;06/06/2023;01:32:44;24.96;;;;
455;06/06/2023;01:32:33;24.72;;;;455;06/06/2023;01:33:15;24.66;;;;455;06/06/2023;01:33:44;24.98;;;;
456;06/06/2023;01:33:33;24.72;;;;456;06/06/2023;01:34:15;24.67;;;;456;06/06/2023;01:34:43;24.94;;;;
457;06/06/2023;01:34:33;24.72;;;;457;06/06/2023;01:35:15;24.66;;;;457;06/06/2023;01:35:43;24.96;;;;
458;06/06/2023;01:35:33;24.72;;;;458;06/06/2023;01:36:15;24.65;;;;458;06/06/2023;01:36:43;24.94;;;;
459;06/06/2023;01:36:33;24.7;;;;459;06/06/2023;01:37:15;24.68;;;;459;06/06/2023;01:37:43;24.98;;;;
460;06/06/2023;01:37:33;24.72;;;;460;06/06/2023;01:38:15;24.69;;;;460;06/06/2023;01:38:43;24.94;;;;
461;06/06/2023;01:38:33;24.73;;;;461;06/06/2023;01:39:15;24.69;;;;461;06/06/2023;01:39:43;24.95;;;;
462;06/06/2023;01:39:33;24.72;;;;462;06/06/2023;01:40:15;24.66;;;;462;06/06/2023;01:40:43;24.95;;;;
463;06/06/2023;01:40:33;24.73;;;;463;06/06/2023;01:41:15;24.66;;;;463;06/06/2023;01:41:42;24.95;;;;
464;06/06/2023;01:41:33;24.73;;;;464;06/06/2023;01:42:15;24.66;;;;464;06/06/2023;01:42:42;24.96;;;;
465;06/06/2023;01:42:33;24.73;Synchronized;;;465;06/06/2023;01:43:15;24.66;;;;465;06/06/2023;01:43:42;24.95;;;;
466;06/06/2023;01:43:33;24.7;;;;466;06/06/2023;01:44:15;24.66;;;;466;06/06/2023;01:44:42;24.95;;;;
467;06/06/2023;01:44:33;24.72;;;;467;06/06/2023;01:45:15;24.66;;;;467;06/06/2023;01:45:42;24.95;;;;
468;06/06/2023;01:45:33;24.72;;;;468;06/06/2023;01:46:15;24.66;;;;468;06/06/2023;01:46:42;24.95;;;;
469;06/06/2023;01:46:33;24.72;;;;469;06/06/2023;01:47:15;24.67;;;;469;06/06/2023;01:47:42;24.93;;;;
470;06/06/2023;01:47:34;24.73;;;;470;06/06/2023;01:48:15;24.66;;;;470;06/06/2023;01:48:41;24.95;;;;
471;06/06/2023;01:48:34;24.72;;;;471;06/06/2023;01:49:15;24.67;;;;471;06/06/2023;01:49:41;24.94;;;;
472;06/06/2023;01:49:34;24.73;;;;472;06/06/2023;01:50:15;24.66;;;;472;06/06/2023;01:50:41;24.94;;;;
473;06/06/2023;01:50:34;24.73;;;;473;06/06/2023;01:51:15;24.66;;;;473;06/06/2023;01:51:41;24.95;;;;
474;06/06/2023;01:51:34;24.7;;;;474;06/06/2023;01:52:15;24.66;;;;474;06/06/2023;01:52:41;24.95;;;;
475;06/06/2023;01:52:34;24.73;;;;475;06/06/2023;01:53:15;24.66;;;;475;06/06/2023;01:53:41;24.95;;;;
476;06/06/2023;01:53:34;24.72;;;;476;06/06/2023;01:54:15;24.66;;;;476;06/06/2023;01:54:41;24.95;;;;
477;06/06/2023;01:54:34;24.7;;;;477;06/06/2023;01:55:15;24.64;;;;477;06/06/2023;01:55:41;24.94;;;;
478;06/06/2023;01:55:34;24.72;;;;478;06/06/2023;01:56:15;24.67;;;;478;06/06/2023;01:56:40;24.94;;;;
479;06/06/2023;01:56:34;24.73;;;;479;06/06/2023;01:57:15;24.67;;;;479;06/06/2023;01:57:40;24.96;;;;
480;06/06/2023;01:57:34;24.72;;;;480;06/06/2023;01:58:15;24.65;;;;480;06/06/2023;01:58:40;24.95;;;;
481;06/06/2023;01:58:34;24.72;;;;481;06/06/2023;01:59:15;24.65;;;;481;06/06/2023;01:59:40;24.96;;;;
482;06/06/2023;01:59:34;24.72;;;;482;06/06/2023;02:00:15;24.65;;;;482;06/06/2023;02:00:40;24.95;;;;
483;06/06/2023;02:00:34;24.72;;;;483;06/06/2023;02:01:15;24.65;;;;483;06/06/2023;02:01:40;24.96;;;;
484;06/06/2023;02:01:34;24.7;;;;484;06/06/2023;02:02:15;24.66;;;;484;06/06/2023;02:02:40;24.95;;;;
485;06/06/2023;02:02:34;24.7;;;;485;06/06/2023;02:03:14;24.66;;;;485;06/06/2023;02:03:40;24.94;;;;
486;06/06/2023;02:03:34;24.7;;;;486;06/06/2023;02:04:14;24.66;;;;486;06/06/2023;02:04:39;24.94;;;;
487;06/06/2023;02:04:34;24.73;;;;487;06/06/2023;02:05:14;24.64;;;;487;06/06/2023;02:05:39;24.94;;;;
488;06/06/2023;02:05:34;24.7;;;;488;06/06/2023;02:06:14;24.63;;;;488;06/06/2023;02:06:39;24.93;;;;
489;06/06/2023;02:06:34;24.7;;;;489;06/06/2023;02:07:14;24.66;;;;489;06/06/2023;02:07:39;24.94;;;;
490;06/06/2023;02:07:35;24.73;Synchronized;;;490;06/06/2023;02:08:14;24.65;;;;490;06/06/2023;02:08:39;24.95;;;;
491;06/06/2023;02:08:35;24.72;;;;491;06/06/2023;02:09:14;24.65;;;;491;06/06/2023;02:09:39;24.93;;;;
492;06/06/2023;02:09:35;24.72;;;;492;06/06/2023;02:10:14;24.66;;;;492;06/06/2023;02:10:39;24.95;;;;
493;06/06/2023;02:10:35;24.72;;;;493;06/06/2023;02:11:14;24.65;;;;493;06/06/2023;02:11:39;24.93;;;;
494;06/06/2023;02:11:35;24.73;;;;494;06/06/2023;02:12:14;24.66;;;;494;06/06/2023;02:12:38;24.94;;;;
495;06/06/2023;02:12:35;24.7;;;;495;06/06/2023;02:13:14;24.66;;;;495;06/06/2023;02:13:38;24.95;;;;
496;06/06/2023;02:13:35;24.7;;;;496;06/06/2023;02:14:14;24.65;;;;496;06/06/2023;02:14:38;24.95;;;;
497;06/06/2023;02:14:35;24.7;;;;497;06/06/2023;02:15:14;24.66;;;;497;06/06/2023;02:15:38;24.94;;;;
498;06/06/2023;02:15:35;24.72;;;;498;06/06/2023;02:16:14;24.64;;;;498;06/06/2023;02:16:38;24.95;;;;
499;06/06/2023;02:16:35;24.7;;;;499;06/06/2023;02:17:14;24.64;;;;499;06/06/2023;02:17:38;24.95;;;;
500;06/06/2023;02:17:35;24.69;;;;500;06/06/2023;02:18:14;24.66;;;;500;06/06/2023;02:18:38;24.95;;;;
501;06/06/2023;02:18:35;24.72;;;;501;06/06/2023;02:19:14;24.65;;;;501;06/06/2023;02:19:38;24.95;;;;
502;06/06/2023;02:19:35;24.7;;;;502;06/06/2023;02:20:14;24.64;;;;502;06/06/2023;02:20:37;24.94;;;;
503;06/06/2023;02:20:35;24.7;;;;503;06/06/2023;02:21:14;24.66;;;;503;06/06/2023;02:21:37;24.95;;;;
504;06/06/2023;02:21:35;24.7;;;;504;06/06/2023;02:22:14;24.65;;;;504;06/06/2023;02:22:37;24.95;;;;
505;06/06/2023;02:22:35;24.73;;;;505;06/06/2023;02:23:14;24.64;;;;505;06/06/2023;02:23:37;24.93;;;;
506;06/06/2023;02:23:35;24.68;;;;506;06/06/2023;02:24:14;24.64;;;;506;06/06/2023;02:24:37;24.95;;;;
507;06/06/2023;02:24:35;24.7;;;;507;06/06/2023;02:25:14;24.64;;;;507;06/06/2023;02:25:37;24.92;;;;
508;06/06/2023;02:25:35;24.7;;;;508;06/06/2023;02:26:14;24.65;;;;508;06/06/2023;02:26:37;24.93;;;;
509;06/06/2023;02:26:35;24.68;;;;509;06/06/2023;02:27:14;24.64;;;;509;06/06/2023;02:27:37;24.95;;;;
510;06/06/2023;02:27:35;24.69;;;;510;06/06/2023;02:28:14;24.64;;;;510;06/06/2023;02:28:36;24.94;;;;
511;06/06/2023;02:28:35;24.7;;;;511;06/06/2023;02:29:14;24.64;;;;511;06/06/2023;02:29:36;24.94;;;;
512;06/06/2023;02:29:35;24.72;;;;512;06/06/2023;02:30:14;24.63;;;;512;06/06/2023;02:30:36;24.95;;;;
513;06/06/2023;02:30:35;24.7;;;;513;06/06/2023;02:31:14;24.64;;;;513;06/06/2023;02:31:36;24.93;;;;
514;06/06/2023;02:31:36;24.72;;;;514;06/06/2023;02:32:14;24.64;;;;514;06/06/2023;02:32:36;24.92;;;;
515;06/06/2023;02:32:36;24.7;;;;515;06/06/2023;02:33:14;24.64;;;;515;06/06/2023;02:33:36;24.95;;;;
516;06/06/2023;02:33:36;24.7;;;;516;06/06/2023;02:34:14;24.65;;;;516;06/06/2023;02:34:36;24.94;;;;
517;06/06/2023;02:34:36;24.7;;;;517;06/06/2023;02:35:14;24.66;;;;517;06/06/2023;02:35:35;24.95;;;;
518;06/06/2023;02:35:36;24.67;;;;518;06/06/2023;02:36:14;24.65;;;;518;06/06/2023;02:36:35;24.95;;;;
519;06/06/2023;02:36:36;24.7;Synchronized;;;519;06/06/2023;02:37:14;24.63;;;;519;06/06/2023;02:37:35;24.95;;;;
520;06/06/2023;02:37:36;24.72;;;;520;06/06/2023;02:38:14;24.63;;;;520;06/06/2023;02:38:35;24.95;;;;
521;06/06/2023;02:38:36;24.7;;;;521;06/06/2023;02:39:14;24.63;;;;521;06/06/2023;02:39:35;24.94;;;;
522;06/06/2023;02:39:36;24.69;;;;522;06/06/2023;02:40:14;24.63;;;;522;06/06/2023;02:40:35;24.95;;;;
523;06/06/2023;02:40:36;24.69;;;;523;06/06/2023;02:41:14;24.63;;;;523;06/06/2023;02:41:35;24.93;;;;
524;06/06/2023;02:41:36;24.7;;;;524;06/06/2023;02:42:14;24.64;;;;524;06/06/2023;02:42:35;24.92;;;;
525;06/06/2023;02:42:36;24.7;;;;525;06/06/2023;02:43:14;24.63;;;;525;06/06/2023;02:43:34;24.95;;;;
526;06/06/2023;02:43:36;24.73;;;;526;06/06/2023;02:44:14;24.65;;;;526;06/06/2023;02:44:34;24.93;;;;
527;06/06/2023;02:44:36;24.7;;;;527;06/06/2023;02:45:14;24.62;;;;527;06/06/2023;02:45:34;24.95;;;;
528;06/06/2023;02:45:36;24.7;;;;528;06/06/2023;02:46:14;24.63;;;;528;06/06/2023;02:46:34;24.95;;;;
529;06/06/2023;02:46:36;24.68;;;;529;06/06/2023;02:47:14;24.64;;;;529;06/06/2023;02:47:34;24.94;;;;
530;06/06/2023;02:47:36;24.7;;;;530;06/06/2023;02:48:14;24.64;;;;530;06/06/2023;02:48:34;24.92;;;;
531;06/06/2023;02:48:36;24.68;;;;531;06/06/2023;02:49:14;24.66;;;;531;06/06/2023;02:49:34;24.93;;;;
532;06/06/2023;02:49:36;24.7;;;;532;06/06/2023;02:50:14;24.63;;;;532;06/06/2023;02:50:33;24.94;;;;
533;06/06/2023;02:50:36;24.7;;;;533;06/06/2023;02:51:14;24.65;;;;533;06/06/2023;02:51:33;24.95;;;;
534;06/06/2023;02:51:36;24.69;;;;534;06/06/2023;02:52:14;24.63;;;;534;06/06/2023;02:52:33;24.95;;;;
535;06/06/2023;02:52:36;24.7;Synchronized;;;535;06/06/2023;02:53:14;24.64;;;;535;06/06/2023;02:53:33;24.94;;;;
536;06/06/2023;02:53:36;24.69;;;;536;06/06/2023;02:54:14;24.63;;;;536;06/06/2023;02:54:33;24.94;;;;
537;06/06/2023;02:54:36;24.7;;;;537;06/06/2023;02:55:14;24.64;;;;537;06/06/2023;02:55:33;24.94;;;;
538;06/06/2023;02:55:36;24.7;;;;538;06/06/2023;02:56:14;24.64;;;;538;06/06/2023;02:56:33;24.91;;;;
539;06/06/2023;02:56:36;24.69;;;;539;06/06/2023;02:57:14;24.64;Synchronized;;;539;06/06/2023;02:57:33;24.93;;;;
540;06/06/2023;02:57:36;24.69;;;;540;06/06/2023;02:58:14;24.66;;;;540;06/06/2023;02:58:32;24.94;;;;
541;06/06/2023;02:58:36;24.69;;;;541;06/06/2023;02:59:14;24.64;;;;541;06/06/2023;02:59:32;24.95;;;;
542;06/06/2023;02:59:36;24.7;;;;542;06/06/2023;03:00:14;24.63;;;;542;06/06/2023;03:00:32;24.95;;;;
543;06/06/2023;03:00:36;24.69;;;;543;06/06/2023;03:01:14;24.63;;;;543;06/06/2023;03:01:32;24.94;;;;
544;06/06/2023;03:01:36;24.7;;;;544;06/06/2023;03:02:14;24.65;;;;544;06/06/2023;03:02:32;24.93;;;;
545;06/06/2023;03:02:36;24.69;;;;545;06/06/2023;03:03:14;24.64;;;;545;06/06/2023;03:03:32;24.92;;;;
546;06/06/2023;03:03:36;24.7;;;;546;06/06/2023;03:04:14;24.64;;;;546;06/06/2023;03:04:32;24.92;;;;
547;06/06/2023;03:04:36;24.69;;;;547;06/06/2023;03:05:14;24.64;;;;547;06/06/2023;03:05:31;24.92;;;;
548;06/06/2023;03:05:36;24.69;;;;548;06/06/2023;03:06:14;24.66;;;;548;06/06/2023;03:06:31;24.94;;;;
549;06/06/2023;03:06:36;24.69;;;;549;06/06/2023;03:07:14;24.63;;;;549;06/06/2023;03:07:31;24.93;;;;
550;06/06/2023;03:07:36;24.67;;;;550;06/06/2023;03:08:13;24.63;;;;550;06/06/2023;03:08:31;24.92;;;;
551;06/06/2023;03:08:36;24.69;;;;551;06/06/2023;03:09:13;24.64;;;;551;06/06/2023;03:09:31;24.94;;;;
552;06/06/2023;03:09:36;24.67;;;;552;06/06/2023;03:10:13;24.63;;;;552;06/06/2023;03:10:31;24.95;;;;
553;06/06/2023;03:10:36;24.7;;;;553;06/06/2023;03:11:13;24.63;;;;553;06/06/2023;03:11:31;24.95;;;;
554;06/06/2023;03:11:36;24.69;;;;554;06/06/2023;03:12:13;24.63;;;;554;06/06/2023;03:12:31;24.94;;;;
555;06/06/2023;03:12:36;24.68;;;;555;06/06/2023;03:13:13;24.63;;;;555;06/06/2023;03:13:30;24.93;;;;
556;06/06/2023;03:13:36;24.68;;;;556;06/06/2023;03:14:13;24.63;;;;556;06/06/2023;03:14:30;24.94;;;;
557;06/06/2023;03:14:36;24.68;;;;557;06/06/2023;03:15:13;24.63;;;;557;06/06/2023;03:15:30;24.94;;;;
558;06/06/2023;03:15:36;24.69;;;;558;06/06/2023;03:16:13;24.64;;;;558;06/06/2023;03:16:30;24.92;;;;
559;06/06/2023;03:16:36;24.68;;;;559;06/06/2023;03:17:13;24.64;;;;559;06/06/2023;03:17:30;24.95;;;;
560;06/06/2023;03:17:36;24.7;;;;560;06/06/2023;03:18:13;24.63;;;;560;06/06/2023;03:18:30;24.95;;;;
561;06/06/2023;03:18:36;24.7;;;;561;06/06/2023;03:19:13;24.63;;;;561;06/06/2023;03:19:30;24.93;;;;
562;06/06/2023;03:19:36;24.67;;;;562;06/06/2023;03:20:13;24.63;;;;562;06/06/2023;03:20:30;24.94;;;;
563;06/06/2023;03:20:37;24.72;;;;563;06/06/2023;03:21:13;24.64;;;;563;06/06/2023;03:21:30;24.94;Synchronized;;;
564;06/06/2023;03:21:37;24.68;;;;564;06/06/2023;03:22:13;24.63;;;;564;06/06/2023;03:22:29;24.92;;;;
565;06/06/2023;03:22:37;24.67;;;;565;06/06/2023;03:23:13;24.63;;;;565;06/06/2023;03:23:29;24.91;;;;
566;06/06/2023;03:23:37;24.7;;;;566;06/06/2023;03:24:13;24.63;;;;566;06/06/2023;03:24:29;24.92;;;;
567;06/06/2023;03:24:37;24.69;;;;567;06/06/2023;03:25:13;24.61;;;;567;06/06/2023;03:25:29;24.91;;;;
568;06/06/2023;03:25:37;24.68;;;;568;06/06/2023;03:26:13;24.64;;;;568;06/06/2023;03:26:29;24.95;;;;
569;06/06/2023;03:26:37;24.69;;;;569;06/06/2023;03:27:13;24.64;;;;569;06/06/2023;03:27:29;24.92;;;;
570;06/06/2023;03:27:37;24.68;;;;570;06/06/2023;03:28:13;24.63;;;;570;06/06/2023;03:28:28;24.93;;;;
571;06/06/2023;03:28:37;24.68;Synchronized;;;571;06/06/2023;03:29:13;24.63;;;;571;06/06/2023;03:29:28;24.95;;;;
572;06/06/2023;03:29:37;24.72;Synchronized;;;572;06/06/2023;03:30:13;24.63;;;;572;06/06/2023;03:30:28;24.93;;;;
573;06/06/2023;03:30:37;24.69;;;;573;06/06/2023;03:31:13;24.62;;;;573;06/06/2023;03:31:28;24.93;;;;
574;06/06/2023;03:31:37;24.7;;;;574;06/06/2023;03:32:13;24.63;;;;574;06/06/2023;03:32:28;24.94;;;;
575;06/06/2023;03:32:37;24.68;;;;575;06/06/2023;03:33:13;24.64;;;;575;06/06/2023;03:33:28;24.94;;;;
576;06/06/2023;03:33:37;24.67;;;;576;06/06/2023;03:34:13;24.61;;;;576;06/06/2023;03:34:28;24.93;;;;
577;06/06/2023;03:34:37;24.68;;;;577;06/06/2023;03:35:13;24.62;;;;577;06/06/2023;03:35:28;24.92;;;;
578;06/06/2023;03:35:37;24.68;;;;578;06/06/2023;03:36:13;24.61;Synchronized;;;578;06/06/2023;03:36:28;24.94;;;;
579;06/06/2023;03:36:37;24.68;;;;579;06/06/2023;03:37:13;24.62;;;;579;06/06/2023;03:37:27;24.94;;;;
580;06/06/2023;03:37:37;24.7;;;;580;06/06/2023;03:38:13;24.62;;;;580;06/06/2023;03:38:27;24.95;;;;
581;06/06/2023;03:38:37;24.68;;;;581;06/06/2023;03:39:13;24.61;;;;581;06/06/2023;03:39:27;24.94;;;;
582;06/06/2023;03:39:37;24.68;;;;582;06/06/2023;03:40:13;24.61;;;;582;06/06/2023;03:40:27;24.95;;;;
583;06/06/2023;03:40:37;24.69;;;;583;06/06/2023;03:41:13;24.63;Synchronized;;;583;06/06/2023;03:41:27;24.93;;;;
584;06/06/2023;03:41:37;24.68;;;;584;06/06/2023;03:42:13;24.61;;;;584;06/06/2023;03:42:27;24.94;;;;
585;06/06/2023;03:42:37;24.69;;;;585;06/06/2023;03:43:13;24.63;;;;585;06/06/2023;03:43:27;24.91;;;;
586;06/06/2023;03:43:37;24.68;;;;586;06/06/2023;03:44:13;24.62;;;;586;06/06/2023;03:44:27;24.93;;;;
587;06/06/2023;03:44:37;24.69;;;;587;06/06/2023;03:45:13;24.62;;;;587;06/06/2023;03:45:26;24.93;;;;
588;06/06/2023;03:45:37;24.67;;;;588;06/06/2023;03:46:13;24.63;;;;588;06/06/2023;03:46:26;24.92;;;;
589;06/06/2023;03:46:37;24.67;;;;589;06/06/2023;03:47:13;24.63;;;;589;06/06/2023;03:47:26;24.93;;;;
590;06/06/2023;03:47:37;24.69;;;;590;06/06/2023;03:48:13;24.63;;;;590;06/06/2023;03:48:26;24.95;;;;
591;06/06/2023;03:48:37;24.7;;;;591;06/06/2023;03:49:13;24.63;;;;591;06/06/2023;03:49:26;24.94;;;;
592;06/06/2023;03:49:37;24.69;;;;592;06/06/2023;03:50:13;24.63;;;;592;06/06/2023;03:50:26;24.95;;;;
593;06/06/2023;03:50:37;24.67;;;;593;06/06/2023;03:51:13;24.62;;;;593;06/06/2023;03:51:26;24.93;;;;
594;06/06/2023;03:51:37;24.67;;;;594;06/06/2023;03:52:13;24.61;;;;594;06/06/2023;03:52:25;24.93;;;;
595;06/06/2023;03:52:38;24.68;;;;595;06/06/2023;03:53:13;24.63;;;;595;06/06/2023;03:53:25;24.93;;;;
596;06/06/2023;03:53:37;24.68;;;;596;06/06/2023;03:54:13;24.62;;;;596;06/06/2023;03:54:25;24.93;;;;
597;06/06/2023;03:54:37;24.67;;;;597;06/06/2023;03:55:13;24.61;;;;597;06/06/2023;03:55:25;24.95;;;;
598;06/06/2023;03:55:38;24.7;;;;598;06/06/2023;03:56:13;24.63;;;;598;06/06/2023;03:56:25;24.95;;;;
599;06/06/2023;03:56:38;24.7;;;;599;06/06/2023;03:57:13;24.63;;;;599;06/06/2023;03:57:25;24.93;;;;
600;06/06/2023;03:57:38;24.68;;;;600;06/06/2023;03:58:13;24.63;;;;600;06/06/2023;03:58:25;24.92;;;;
601;06/06/2023;03:58:38;24.68;;;;601;06/06/2023;03:59:13;24.63;;;;601;06/06/2023;03:59:24;24.93;;;;
602;06/06/2023;03:59:38;24.7;;;;602;06/06/2023;04:00:13;24.63;;;;602;06/06/2023;04:00:24;24.93;;;;
603;06/06/2023;04:00:38;24.69;;;;603;06/06/2023;04:01:13;24.63;;;;603;06/06/2023;04:01:24;24.94;;;;
604;06/06/2023;04:01:38;24.65;;;;604;06/06/2023;04:02:13;24.63;;;;604;06/06/2023;04:02:24;24.93;;;;
605;06/06/2023;04:02:38;24.7;;;;605;06/06/2023;04:03:13;24.63;;;;605;06/06/2023;04:03:24;24.92;;;;
606;06/06/2023;04:03:38;24.68;;;;606;06/06/2023;04:04:13;24.62;;;;606;06/06/2023;04:04:24;24.92;;;;
607;06/06/2023;04:04:38;24.69;;;;607;06/06/2023;04:05:13;24.63;;;;607;06/06/2023;04:05:24;24.93;;;;
608;06/06/2023;04:05:38;24.68;;;;608;06/06/2023;04:06:13;24.63;;;;608;06/06/2023;04:06:24;24.94;;;;
609;06/06/2023;04:06:38;24.69;;;;609;06/06/2023;04:07:13;24.62;;;;609;06/06/2023;04:07:23;24.94;;;;
610;06/06/2023;04:07:38;24.67;;;;610;06/06/2023;04:08:13;24.62;;;;610;06/06/2023;04:08:23;24.95;;;;
611;06/06/2023;04:08:38;24.68;;;;611;06/06/2023;04:09:13;24.6;;;;611;06/06/2023;04:09:23;24.93;;;;
612;06/06/2023;04:09:38;24.7;;;;612;06/06/2023;04:10:13;24.63;;;;612;06/06/2023;04:10:23;24.91;;;;
613;06/06/2023;04:10:38;24.69;;;;613;06/06/2023;04:11:13;24.62;;;;613;06/06/2023;04:11:23;24.93;;;;
614;06/06/2023;04:11:38;24.68;;;;614;06/06/2023;04:12:13;24.62;;;;614;06/06/2023;04:12:23;24.93;;;;
615;06/06/2023;04:12:38;24.68;;;;615;06/06/2023;04:13:13;24.6;;;;615;06/06/2023;04:13:23;24.94;;;;
616;06/06/2023;04:13:38;24.69;;;;616;06/06/2023;04:14:13;24.62;Synchronized;;;616;06/06/2023;04:14:23;24.93;;;;
617;06/06/2023;04:14:38;24.68;;;;617;06/06/2023;04:15:13;24.62;;;;617;06/06/2023;04:15:22;24.92;;;;
618;06/06/2023;04:15:38;24.69;;;;618;06/06/2023;04:16:13;24.62;;;;618;06/06/2023;04:16:22;24.92;;;;
619;06/06/2023;04:16:38;24.69;;;;619;06/06/2023;04:17:13;24.61;;;;619;06/06/2023;04:17:22;24.92;;;;
620;06/06/2023;04:17:38;24.69;;;;620;06/06/2023;04:18:13;24.63;;;;620;06/06/2023;04:18:22;24.94;;;;
621;06/06/2023;04:18:38;24.67;;;;621;06/06/2023;04:19:13;24.61;;;;621;06/06/2023;04:19:22;24.94;;;;
622;06/06/2023;04:19:38;24.68;;;;622;06/06/2023;04:20:13;24.6;;;;622;06/06/2023;04:20:22;24.91;;;;
623;06/06/2023;04:20:38;24.7;;;;623;06/06/2023;04:21:13;24.62;;;;623;06/06/2023;04:21:22;24.91;;;;
624;06/06/2023;04:21:38;24.67;;;;624;06/06/2023;04:22:13;24.63;;;;624;06/06/2023;04:22:21;24.93;;;;
625;06/06/2023;04:22:38;24.67;;;;625;06/06/2023;04:23:13;24.62;;;;625;06/06/2023;04:23:21;24.91;;;;
626;06/06/2023;04:23:38;24.68;;;;626;06/06/2023;04:24:13;24.63;;;;626;06/06/2023;04:24:21;24.93;;;;
627;06/06/2023;04:24:38;24.69;;;;627;06/06/2023;04:25:13;24.61;;;;627;06/06/2023;04:25:21;24.93;;;;
628;06/06/2023;04:25:38;24.7;;;;628;06/06/2023;04:26:13;24.62;;;;628;06/06/2023;04:26:21;24.93;;;;
629;06/06/2023;04:26:38;24.66;;;;629;06/06/2023;04:27:13;24.62;Synchronized;;;629;06/06/2023;04:27:21;24.94;;;;
630;06/06/2023;04:27:38;24.66;;;;630;06/06/2023;04:28:13;24.61;;;;630;06/06/2023;04:28:21;24.93;;;;
631;06/06/2023;04:28:38;24.68;;;;631;06/06/2023;04:29:13;24.61;;;;631;06/06/2023;04:29:21;24.91;;;;
632;06/06/2023;04:29:38;24.69;;;;632;06/06/2023;04:30:13;24.62;;;;632;06/06/2023;04:30:20;24.93;;;;
633;06/06/2023;04:30:38;24.68;;;;633;06/06/2023;04:31:13;24.62;;;;633;06/06/2023;04:31:20;24.91;;;;
634;06/06/2023;04:31:38;24.69;;;;634;06/06/2023;04:32:13;24.62;;;;634;06/06/2023;04:32:20;24.92;;;;
635;06/06/2023;04:32:38;24.68;;;;635;06/06/2023;04:33:12;24.62;;;;635;06/06/2023;04:33:20;24.92;;;;
636;06/06/2023;04:33:38;24.68;;;;636;06/06/2023;04:34:12;24.61;;;;636;06/06/2023;04:34:20;24.92;;;;
637;06/06/2023;04:34:38;24.68;;;;637;06/06/2023;04:35:12;24.62;;;;637;06/06/2023;04:35:20;24.92;;;;
638;06/06/2023;04:35:38;24.67;;;;638;06/06/2023;04:36:12;24.62;;;;638;06/06/2023;04:36:20;24.91;;;;
639;06/06/2023;04:36:38;24.7;;;;639;06/06/2023;04:37:12;24.63;;;;639;06/06/2023;04:37:20;24.92;;;;
640;06/06/2023;04:37:38;24.68;;;;640;06/06/2023;04:38:12;24.61;;;;640;06/06/2023;04:38:19;24.93;;;;
641;06/06/2023;04:38:38;24.67;;;;641;06/06/2023;04:39:12;24.61;;;;641;06/06/2023;04:39:19;24.95;;;;
642;06/06/2023;04:39:38;24.66;;;;642;06/06/2023;04:40:12;24.61;;;;642;06/06/2023;04:40:19;24.94;;;;
643;06/06/2023;04:40:39;24.69;;;;643;06/06/2023;04:41:12;24.62;;;;643;06/06/2023;04:41:19;24.93;;;;
644;06/06/2023;04:41:39;24.67;;;;644;06/06/2023;04:42:12;24.62;;;;644;06/06/2023;04:42:19;24.91;;;;
645;06/06/2023;04:42:39;24.66;;;;645;06/06/2023;04:43:12;24.62;;;;645;06/06/2023;04:43:19;24.91;;;;
646;06/06/2023;04:43:39;24.69;;;;646;06/06/2023;04:44:12;24.59;;;;646;06/06/2023;04:44:19;24.94;;;;
647;06/06/2023;04:44:39;24.68;;;;647;06/06/2023;04:45:12;24.63;;;;647;06/06/2023;04:45:19;24.94;;;;
648;06/06/2023;04:45:39;24.69;;;;648;06/06/2023;04:46:12;24.61;;;;648;06/06/2023;04:46:18;24.92;;;;
649;06/06/2023;04:46:39;24.68;;;;649;06/06/2023;04:47:12;24.61;;;;649;06/06/2023;04:47:18;24.92;;;;
650;06/06/2023;04:47:39;24.66;;;;650;06/06/2023;04:48:12;24.62;;;;650;06/06/2023;04:48:18;24.92;;;;
651;06/06/2023;04:48:39;24.69;;;;651;06/06/2023;04:49:12;24.63;;;;651;06/06/2023;04:49:18;24.94;;;;
652;06/06/2023;04:49:39;24.69;;;;652;06/06/2023;04:50:12;24.62;;;;652;06/06/2023;04:50:18;24.94;;;;
653;06/06/2023;04:50:39;24.67;;;;653;06/06/2023;04:51:12;24.62;;;;653;06/06/2023;04:51:18;24.93;;;;
654;06/06/2023;04:51:39;24.67;;;;654;06/06/2023;04:52:12;24.62;;;;654;06/06/2023;04:52:18;24.92;;;;
655;06/06/2023;04:52:39;24.67;;;;655;06/06/2023;04:53:12;24.61;;;;655;06/06/2023;04:53:18;24.93;;;;
656;06/06/2023;04:53:39;24.67;;;;656;06/06/2023;04:54:12;24.63;;;;656;06/06/2023;04:54:17;24.92;;;;
657;06/06/2023;04:54:39;24.67;;;;657;06/06/2023;04:55:12;24.63;;;;657;06/06/2023;04:55:17;24.95;;;;
658;06/06/2023;04:55:39;24.67;;;;658;06/06/2023;04:56:12;24.62;;;;658;06/06/2023;04:56:17;24.94;;;;
659;06/06/2023;04:56:39;24.69;;;;659;06/06/2023;04:57:12;24.61;;;;659;06/06/2023;04:57:17;24.95;;;;
660;06/06/2023;04:57:39;24.68;;;;660;06/06/2023;04:58:12;24.62;;;;660;06/06/2023;04:58:17;24.93;;;;
661;06/06/2023;04:58:39;24.67;;;;661;06/06/2023;04:59:12;24.62;;;;661;06/06/2023;04:59:17;24.94;;;;
662;06/06/2023;04:59:39;24.68;;;;662;06/06/2023;05:00:12;24.63;;;;662;06/06/2023;05:00:17;24.93;;;;
663;06/06/2023;05:00:39;24.68;;;;663;06/06/2023;05:01:12;24.61;;;;663;06/06/2023;05:01:16;24.94;;;;
664;06/06/2023;05:01:39;24.7;;;;664;06/06/2023;05:02:12;24.63;;;;664;06/06/2023;05:02:16;24.94;;;;
665;06/06/2023;05:02:39;24.69;;;;665;06/06/2023;05:03:12;24.62;;;;665;06/06/2023;05:03:16;24.93;;;;
666;06/06/2023;05:03:39;24.68;;;;666;06/06/2023;05:04:12;24.63;;;;666;06/06/2023;05:04:16;24.92;;;;
667;06/06/2023;05:04:39;24.68;;;;667;06/06/2023;05:05:12;24.63;;;;667;06/06/2023;05:05:16;24.94;;;;
668;06/06/2023;05:05:39;24.7;;;;668;06/06/2023;05:06:12;24.61;;;;668;06/06/2023;05:06:16;24.93;;;;
669;06/06/2023;05:06:39;24.69;;;;669;06/06/2023;05:07:12;24.62;;;;669;06/06/2023;05:07:16;24.91;;;;
670;06/06/2023;05:07:39;24.7;;;;670;06/06/2023;05:08:12;24.62;;;;670;06/06/2023;05:08:16;24.93;;;;
671;06/06/2023;05:08:39;24.67;;;;671;06/06/2023;05:09:12;24.62;;;;671;06/06/2023;05:09:15;24.91;;;;
672;06/06/2023;05:09:39;24.68;;;;672;06/06/2023;05:10:12;24.62;;;;672;06/06/2023;05:10:15;24.93;;;;
673;06/06/2023;05:10:39;24.69;;;;673;06/06/2023;05:11:12;24.59;;;;673;06/06/2023;05:11:15;24.93;;;;
674;06/06/2023;05:11:39;24.67;;;;674;06/06/2023;05:12:12;24.62;;;;674;06/06/2023;05:12:15;24.93;;;;
675;06/06/2023;05:12:39;24.7;;;;675;06/06/2023;05:13:12;24.63;;;;675;06/06/2023;05:13:15;24.91;;;;
676;06/06/2023;05:13:39;24.69;;;;676;06/06/2023;05:14:12;24.63;;;;676;06/06/2023;05:14:15;24.92;;;;
677;06/06/2023;05:14:39;24.68;;;;677;06/06/2023;05:15:12;24.63;;;;677;06/06/2023;05:15:15;24.93;;;;
678;06/06/2023;05:15:39;24.69;;;;678;06/06/2023;05:16:12;24.62;;;;678;06/06/2023;05:16:15;24.91;;;;
679;06/06/2023;05:16:39;24.67;;;;679;06/06/2023;05:17:12;24.61;;;;679;06/06/2023;05:17:14;24.92;;;;
680;06/06/2023;05:17:39;24.68;;;;680;06/06/2023;05:18:12;24.62;;;;680;06/06/2023;05:18:14;24.91;;;;
681;06/06/2023;05:18:39;24.68;;;;681;06/06/2023;05:19:12;24.59;;;;681;06/06/2023;05:19:14;24.91;;;;
682;06/06/2023;05:19:39;24.68;;;;682;06/06/2023;05:20:12;24.62;;;;682;06/06/2023;05:20:14;24.92;;;;
683;06/06/2023;05:20:39;24.68;;;;683;06/06/2023;05:21:12;24.61;;;;683;06/06/2023;05:21:14;24.91;;;;
684;06/06/2023;05:21:39;24.69;;;;684;06/06/2023;05:22:12;24.62;;;;684;06/06/2023;05:22:14;24.94;;;;
685;06/06/2023;05:22:39;24.69;;;;685;06/06/2023;05:23:12;24.62;;;;685;06/06/2023;05:23:14;24.92;Synchronized;;;
686;06/06/2023;05:23:39;24.68;;;;686;06/06/2023;05:24:12;24.62;;;;686;06/06/2023;05:24:14;24.92;;;;
687;06/06/2023;05:24:39;24.67;Synchronized;;;687;06/06/2023;05:25:12;24.62;;;;687;06/06/2023;05:25:13;24.91;;;;
688;06/06/2023;05:25:39;24.67;;;;688;06/06/2023;05:26:12;24.63;;;;688;06/06/2023;05:26:13;24.94;;;;
689;06/06/2023;05:26:39;24.68;;;;689;06/06/2023;05:27:12;24.62;;;;689;06/06/2023;05:27:13;24.94;;;;
690;06/06/2023;05:27:39;24.69;;;;690;06/06/2023;05:28:12;24.61;;;;690;06/06/2023;05:28:13;24.93;;;;
691;06/06/2023;05:28:39;24.68;;;;691;06/06/2023;05:29:12;24.6;;;;691;06/06/2023;05:29:13;24.91;;;;
692;06/06/2023;05:29:39;24.68;;;;692;06/06/2023;05:30:12;24.63;;;;692;06/06/2023;05:30:13;24.94;;;;
693;06/06/2023;05:30:39;24.69;;;;693;06/06/2023;05:31:12;24.61;;;;693;06/06/2023;05:31:13;24.95;;;;
694;06/06/2023;05:31:39;24.66;;;;694;06/06/2023;05:32:12;24.62;;;;694;06/06/2023;05:32:13;24.93;;;;
695;06/06/2023;05:32:39;24.67;;;;695;06/06/2023;05:33:12;24.59;;;;695;06/06/2023;05:33:13;24.92;;;;
696;06/06/2023;05:33:39;24.67;;;;696;06/06/2023;05:34:12;24.61;;;;696;06/06/2023;05:34:13;24.93;;;;
697;06/06/2023;05:34:39;24.7;;;;697;06/06/2023;05:35:12;24.63;;;;697;06/06/2023;05:35:12;24.91;;;;
698;06/06/2023;05:35:39;24.69;;;;698;06/06/2023;05:36:12;24.61;;;;698;06/06/2023;05:36:12;24.94;;;;
699;06/06/2023;05:36:39;24.66;;;;699;06/06/2023;05:37:12;24.62;;;;699;06/06/2023;05:37:12;24.92;;;;
700;06/06/2023;05:37:39;24.68;;;;700;06/06/2023;05:38:12;24.61;;;;700;06/06/2023;05:38:12;24.94;;;;
701;06/06/2023;05:38:39;24.68;;;;701;06/06/2023;05:39:12;24.62;;;;701;06/06/2023;05:39:12;24.92;;;;
702;06/06/2023;05:39:39;24.69;;;;702;06/06/2023;05:40:12;24.6;;;;702;06/06/2023;05:40:12;24.92;;;;
703;06/06/2023;05:40:39;24.67;;;;703;06/06/2023;05:41:12;24.62;;;;703;06/06/2023;05:41:12;24.94;;;;
704;06/06/2023;05:41:40;24.67;;;;704;06/06/2023;05:42:11;24.62;;;;704;06/06/2023;05:42:11;24.95;;;;
705;06/06/2023;05:42:40;24.68;;;;705;06/06/2023;05:43:11;24.62;;;;705;06/06/2023;05:43:11;24.92;;;;
706;06/06/2023;05:43:40;24.67;;;;706;06/06/2023;05:44:11;24.59;;;;706;06/06/2023;05:44:11;24.93;;;;
707;06/06/2023;05:44:40;24.68;;;;707;06/06/2023;05:45:11;24.62;;;;707;06/06/2023;05:45:11;24.92;;;;
708;06/06/2023;05:45:40;24.66;;;;708;06/06/2023;05:46:11;24.59;Synchronized;;;708;06/06/2023;05:46:11;24.92;;;;
709;06/06/2023;05:46:40;24.67;;;;709;06/06/2023;05:47:11;24.62;;;;709;06/06/2023;05:47:11;24.94;;;;
710;06/06/2023;05:47:40;24.67;;;;710;06/06/2023;05:48:11;24.61;;;;710;06/06/2023;05:48:11;24.92;;;;
711;06/06/2023;05:48:40;24.66;;;;711;06/06/2023;05:49:11;24.61;Synchronized;;;711;06/06/2023;05:49:11;24.9;;;;
712;06/06/2023;05:49:40;24.68;;;;712;06/06/2023;05:50:11;24.63;;;;712;06/06/2023;05:50:10;24.93;;;;
713;06/06/2023;05:50:40;24.69;;;;713;06/06/2023;05:51:11;24.61;;;;713;06/06/2023;05:51:10;24.94;;;;
714;06/06/2023;05:51:40;24.68;;;;714;06/06/2023;05:52:11;24.6;;;;714;06/06/2023;05:52:10;24.92;;;;
715;06/06/2023;05:52:40;24.68;;;;715;06/06/2023;05:53:11;24.61;;;;715;06/06/2023;05:53:10;24.93;;;;
716;06/06/2023;05:53:40;24.67;;;;716;06/06/2023;05:54:11;24.61;;;;716;06/06/2023;05:54:10;24.92;;;;
717;06/06/2023;05:54:40;24.68;;;;717;06/06/2023;05:55:11;24.61;;;;717;06/06/2023;05:55:10;24.94;;;;
718;06/06/2023;05:55:40;24.68;;;;718;06/06/2023;05:56:11;24.62;;;;718;06/06/2023;05:56:10;24.91;;;;
719;06/06/2023;05:56:40;24.68;Synchronized;;;719;06/06/2023;05:57:11;24.6;;;;719;06/06/2023;05:57:09;24.92;;;;
720;06/06/2023;05:57:40;24.66;;;;720;06/06/2023;05:58:11;24.61;;;;720;06/06/2023;05:58:09;24.94;;;;
721;06/06/2023;05:58:40;24.66;;;;721;06/06/2023;05:59:11;24.61;;;;721;06/06/2023;05:59:09;24.92;;;;
722;06/06/2023;05:59:40;24.67;;;;722;06/06/2023;06:00:11;24.63;;;;722;06/06/2023;06:00:09;24.94;;;;
723;06/06/2023;06:00:40;24.68;;;;723;06/06/2023;06:01:11;24.63;;;;723;06/06/2023;06:01:09;24.93;;;;
724;06/06/2023;06:01:40;24.68;;;;724;06/06/2023;06:02:11;24.63;;;;724;06/06/2023;06:02:09;24.91;;;;
725;06/06/2023;06:02:40;24.69;;;;725;06/06/2023;06:03:11;24.62;;;;725;06/06/2023;06:03:09;24.92;;;;
726;06/06/2023;06:03:40;24.69;;;;726;06/06/2023;06:04:11;24.61;;;;726;06/06/2023;06:04:09;24.91;;;;
727;06/06/2023;06:04:40;24.68;;;;727;06/06/2023;06:05:11;24.63;;;;727;06/06/2023;06:05:08;24.92;;;;
728;06/06/2023;06:05:40;24.7;;;;728;06/06/2023;06:06:11;24.59;;;;728;06/06/2023;06:06:08;24.93;;;;
729;06/06/2023;06:06:40;24.7;;;;729;06/06/2023;06:07:11;24.61;;;;729;06/06/2023;06:07:08;24.93;;;;
730;06/06/2023;06:07:40;24.67;;;;730;06/06/2023;06:08:11;24.63;;;;730;06/06/2023;06:08:08;24.93;;;;
731;06/06/2023;06:08:40;24.69;;;;731;06/06/2023;06:09:11;24.63;;;;731;06/06/2023;06:09:08;24.92;Synchronized;;;
732;06/06/2023;06:09:40;24.69;;;;732;06/06/2023;06:10:11;24.63;;;;732;06/06/2023;06:10:08;24.93;Synchronized;;;
733;06/06/2023;06:10:40;24.68;;;;733;06/06/2023;06:11:11;24.62;;;;733;06/06/2023;06:11:08;24.93;;;;
734;06/06/2023;06:11:40;24.7;;;;734;06/06/2023;06:12:11;24.61;;;;734;06/06/2023;06:12:08;24.94;;;;
735;06/06/2023;06:12:40;24.66;;;;735;06/06/2023;06:13:11;24.63;;;;735;06/06/2023;06:13:07;24.91;;;;
736;06/06/2023;06:13:40;24.67;;;;736;06/06/2023;06:14:11;24.61;;;;736;06/06/2023;06:14:07;24.94;;;;
737;06/06/2023;06:14:40;24.69;;;;737;06/06/2023;06:15:11;24.62;;;;737;06/06/2023;06:15:07;24.92;;;;
738;06/06/2023;06:15:40;24.68;;;;738;06/06/2023;06:16:11;24.6;;;;738;06/06/2023;06:16:07;24.92;;;;
739;06/06/2023;06:16:40;24.67;;;;739;06/06/2023;06:17:11;24.61;;;;739;06/06/2023;06:17:07;24.93;;;;
740;06/06/2023;06:17:40;24.7;;;;740;06/06/2023;06:18:11;24.61;;;;740;06/06/2023;06:18:07;24.94;;;;
741;06/06/2023;06:18:40;24.68;;;;741;06/06/2023;06:19:11;24.63;;;;741;06/06/2023;06:19:07;24.95;;;;
742;06/06/2023;06:19:40;24.68;;;;742;06/06/2023;06:20:11;24.63;;;;742;06/06/2023;06:20:07;24.92;;;;
743;06/06/2023;06:20:40;24.68;;;;743;06/06/2023;06:21:11;24.6;;;;743;06/06/2023;06:21:07;24.92;;;;
744;06/06/2023;06:21:40;24.7;;;;744;06/06/2023;06:22:11;24.61;;;;744;06/06/2023;06:22:06;24.91;;;;
745;06/06/2023;06:22:40;24.69;;;;745;06/06/2023;06:23:11;24.6;;;;745;06/06/2023;06:23:06;24.94;;;;
746;06/06/2023;06:23:40;24.68;;;;746;06/06/2023;06:24:11;24.62;;;;746;06/06/2023;06:24:06;24.93;;;;
747;06/06/2023;06:24:40;24.69;;;;747;06/06/2023;06:25:11;24.61;;;;747;06/06/2023;06:25:06;24.93;;;;
748;06/06/2023;06:25:40;24.69;;;;748;06/06/2023;06:26:11;24.61;;;;748;06/06/2023;06:26:06;24.93;;;;
749;06/06/2023;06:26:40;24.68;;;;749;06/06/2023;06:27:11;24.63;;;;749;06/06/2023;06:27:06;24.92;;;;
750;06/06/2023;06:27:40;24.69;;;;750;06/06/2023;06:28:11;24.61;;;;750;06/06/2023;06:28:06;24.95;;;;
751;06/06/2023;06:28:40;24.69;;;;751;06/06/2023;06:29:11;24.6;;;;751;06/06/2023;06:29:06;24.95;;;;
752;06/06/2023;06:29:40;24.7;;;;752;06/06/2023;06:30:11;24.6;;;;752;06/06/2023;06:30:05;24.92;;;;
753;06/06/2023;06:30:40;24.67;;;;753;06/06/2023;06:31:11;24.63;;;;753;06/06/2023;06:31:05;24.92;;;;
754;06/06/2023;06:31:40;24.69;;;;754;06/06/2023;06:32:11;24.62;;;;754;06/06/2023;06:32:05;24.92;;;;
755;06/06/2023;06:32:40;24.67;;;;755;06/06/2023;06:33:10;24.6;;;;755;06/06/2023;06:33:05;24.94;;;;
756;06/06/2023;06:33:40;24.69;;;;756;06/06/2023;06:34:10;24.61;;;;756;06/06/2023;06:34:05;24.91;;;;
757;06/06/2023;06:34:41;24.69;;;;757;06/06/2023;06:35:10;24.6;;;;757;06/06/2023;06:35:05;24.92;;;;
758;06/06/2023;06:35:41;24.67;;;;758;06/06/2023;06:36:10;24.6;;;;758;06/06/2023;06:36:05;24.91;;;;
759;06/06/2023;06:36:41;24.68;;;;759;06/06/2023;06:37:10;24.61;;;;759;06/06/2023;06:37:05;24.91;;;;
760;06/06/2023;06:37:41;24.68;;;;760;06/06/2023;06:38:10;24.6;;;;760;06/06/2023;06:38:04;24.92;;;;
761;06/06/2023;06:38:41;24.68;;;;761;06/06/2023;06:39:10;24.63;;;;761;06/06/2023;06:39:04;24.92;;;;
762;06/06/2023;06:39:41;24.69;;;;762;06/06/2023;06:40:10;24.61;;;;762;06/06/2023;06:40:04;24.91;;;;
763;06/06/2023;06:40:41;24.66;;;;763;06/06/2023;06:41:10;24.61;;;;763;06/06/2023;06:41:04;24.93;;;;
764;06/06/2023;06:41:41;24.68;;;;764;06/06/2023;06:42:10;24.63;;;;764;06/06/2023;06:42:04;24.89;;;;
765;06/06/2023;06:42:41;24.68;;;;765;06/06/2023;06:43:10;24.59;;;;765;06/06/2023;06:43:04;24.92;;;;
766;06/06/2023;06:43:41;24.69;;;;766;06/06/2023;06:44:10;24.63;;;;766;06/06/2023;06:44:04;24.92;;;;
767;06/06/2023;06:44:41;24.68;;;;767;06/06/2023;06:45:10;24.62;;;;767;06/06/2023;06:45:03;24.91;;;;
768;06/06/2023;06:45:41;24.67;;;;768;06/06/2023;06:46:10;24.59;;;;768;06/06/2023;06:46:03;24.91;;;;
769;06/06/2023;06:46:41;24.68;;;;769;06/06/2023;06:47:10;24.61;;;;769;06/06/2023;06:47:03;24.92;;;;
770;06/06/2023;06:47:41;24.66;;;;770;06/06/2023;06:48:10;24.61;;;;770;06/06/2023;06:48:03;24.9;;;;
771;06/06/2023;06:48:41;24.69;Synchronized;;;771;06/06/2023;06:49:10;24.59;;;;771;06/06/2023;06:49:03;24.9;;;;
772;06/06/2023;06:49:41;24.66;;;;772;06/06/2023;06:50:10;24.63;;;;772;06/06/2023;06:50:03;24.93;;;;
773;06/06/2023;06:50:41;24.68;;;;773;06/06/2023;06:51:10;24.63;;;;773;06/06/2023;06:51:03;24.91;;;;
774;06/06/2023;06:51:41;24.69;;;;774;06/06/2023;06:52:10;24.61;;;;774;06/06/2023;06:52:03;24.9;;;;
775;06/06/2023;06:52:41;24.68;;;;775;06/06/2023;06:53:10;24.63;;;;775;06/06/2023;06:53:02;24.91;;;;
776;06/06/2023;06:53:41;24.67;;;;776;06/06/2023;06:54:10;24.61;;;;776;06/06/2023;06:54:02;24.89;;;;
777;06/06/2023;06:54:41;24.66;;;;777;06/06/2023;06:55:10;24.58;;;;777;06/06/2023;06:55:02;24.89;;;;
778;06/06/2023;06:55:41;24.66;;;;778;06/06/2023;06:56:10;24.6;;;;778;06/06/2023;06:56:02;24.91;;;;
779;06/06/2023;06:56:41;24.66;;;;779;06/06/2023;06:57:10;24.62;;;;779;06/06/2023;06:57:02;24.89;;;;
780;06/06/2023;06:57:41;24.67;;;;780;06/06/2023;06:58:10;24.61;;;;780;06/06/2023;06:58:02;24.91;;;;
781;06/06/2023;06:58:41;24.67;;;;781;06/06/2023;06:59:10;24.61;;;;781;06/06/2023;06:59:02;24.91;;;;
782;06/06/2023;06:59:41;24.68;;;;782;06/06/2023;07:00:10;24.6;;;;782;06/06/2023;07:00:02;24.89;;;;
783;06/06/2023;07:00:41;24.69;;;;783;06/06/2023;07:01:10;24.6;;;;783;06/06/2023;07:01:01;24.91;;;;
784;06/06/2023;07:01:41;24.66;;;;784;06/06/2023;07:02:10;24.62;;;;784;06/06/2023;07:02:01;24.91;;;;
785;06/06/2023;07:02:41;24.67;;;;785;06/06/2023;07:03:10;24.62;;;;785;06/06/2023;07:03:01;24.9;;;;
786;06/06/2023;07:03:41;24.67;;;;786;06/06/2023;07:04:10;24.6;;;;786;06/06/2023;07:04:01;24.91;;;;
787;06/06/2023;07:04:41;24.67;;;;787;06/06/2023;07:05:10;24.6;;;;787;06/06/2023;07:05:01;24.91;;;;
788;06/06/2023;07:05:41;24.68;;;;788;06/06/2023;07:06:10;24.63;;;;788;06/06/2023;07:06:01;24.92;;;;
789;06/06/2023;07:06:41;24.68;;;;789;06/06/2023;07:07:10;24.61;;;;789;06/06/2023;07:07:01;24.91;;;;
790;06/06/2023;07:07:41;24.68;;;;790;06/06/2023;07:08:10;24.63;;;;790;06/06/2023;07:08:01;24.91;;;;
791;06/06/2023;07:08:41;24.67;;;;791;06/06/2023;07:09:10;24.61;;;;791;06/06/2023;07:09:00;24.91;;;;
792;06/06/2023;07:09:41;24.68;;;;792;06/06/2023;07:10:10;24.61;;;;792;06/06/2023;07:10:00;24.91;;;;
793;06/06/2023;07:10:41;24.66;;;;793;06/06/2023;07:11:10;24.61;;;;793;06/06/2023;07:11:00;24.92;;;;
794;06/06/2023;07:11:41;24.7;;;;794;06/06/2023;07:12:10;24.63;;;;794;06/06/2023;07:12:00;24.93;;;;
795;06/06/2023;07:12:41;24.67;;;;795;06/06/2023;07:13:10;24.61;;;;795;06/06/2023;07:13:00;24.91;;;;
796;06/06/2023;07:13:41;24.68;;;;796;06/06/2023;07:14:10;24.61;;;;796;06/06/2023;07:14:00;24.93;;;;
797;06/06/2023;07:14:41;24.68;;;;797;06/06/2023;07:15:10;24.63;;;;797;06/06/2023;07:15:00;24.91;Synchronized;;;
798;06/06/2023;07:15:41;24.67;;;;798;06/06/2023;07:16:10;24.63;;;;798;06/06/2023;07:16:00;24.92;;;;
799;06/06/2023;07:16:41;24.7;;;;799;06/06/2023;07:17:10;24.63;;;;799;06/06/2023;07:16:59;24.92;;;;
800;06/06/2023;07:17:41;24.69;;;;800;06/06/2023;07:18:10;24.63;;;;800;06/06/2023;07:17:59;24.93;;;;
801;06/06/2023;07:18:41;24.67;;;;801;06/06/2023;07:19:10;24.62;;;;801;06/06/2023;07:18:59;24.93;;;;
802;06/06/2023;07:19:41;24.7;;;;802;06/06/2023;07:20:10;24.62;;;;802;06/06/2023;07:19:59;24.92;;;;
803;06/06/2023;07:20:41;24.7;;;;803;06/06/2023;07:21:10;24.63;;;;803;06/06/2023;07:20:59;24.95;;;;
804;06/06/2023;07:21:41;24.68;;;;804;06/06/2023;07:22:10;24.63;;;;804;06/06/2023;07:21:59;24.92;Synchronized;;;
805;06/06/2023;07:22:41;24.72;;;;805;06/06/2023;07:23:10;24.65;;;;805;06/06/2023;07:22:59;24.95;;;;
806;06/06/2023;07:23:41;24.72;;;;806;06/06/2023;07:24:10;24.65;;;;806;06/06/2023;07:23:59;24.95;;;;
807;06/06/2023;07:24:41;24.7;;;;807;06/06/2023;07:25:10;24.66;;;;807;06/06/2023;07:24:58;24.95;;;;
808;06/06/2023;07:25:41;24.72;;;;808;06/06/2023;07:26:10;24.66;;;;808;06/06/2023;07:25:58;24.98;;;;
809;06/06/2023;07:26:41;24.72;;;;809;06/06/2023;07:27:10;24.66;;;;809;06/06/2023;07:26:58;24.98;;;;
810;06/06/2023;07:27:41;24.73;;;;810;06/06/2023;07:28:10;24.66;;;;810;06/06/2023;07:27:58;24.95;;;;
811;06/06/2023;07:28:41;24.7;;;;811;06/06/2023;07:29:10;24.67;;;;811;06/06/2023;07:28:58;24.98;;;;
812;06/06/2023;07:29:41;24.73;;;;812;06/06/2023;07:30:10;24.66;;;;812;06/06/2023;07:29:58;24.96;;;;
813;06/06/2023;07:30:41;24.73;;;;813;06/06/2023;07:31:10;24.66;;;;813;06/06/2023;07:30:58;24.98;;;;
814;06/06/2023;07:31:41;24.73;;;;814;06/06/2023;07:32:10;24.67;;;;814;06/06/2023;07:31:58;24.99;;;;
815;06/06/2023;07:32:41;24.73;;;;815;06/06/2023;07:33:10;24.66;;;;815;06/06/2023;07:32:57;24.98;;;;
816;06/06/2023;07:33:41;24.73;;;;816;06/06/2023;07:34:10;24.65;;;;816;06/06/2023;07:33:57;24.96;;;;
817;06/06/2023;07:34:41;24.7;;;;817;06/06/2023;07:35:10;24.66;;;;817;06/06/2023;07:34:57;24.98;;;;
818;06/06/2023;07:35:41;24.72;;;;818;06/06/2023;07:36:10;24.67;;;;818;06/06/2023;07:35:57;24.95;;;;
819;06/06/2023;07:36:41;24.7;;;;819;06/06/2023;07:37:09;24.66;;;;819;06/06/2023;07:36:57;24.96;;;;
820;06/06/2023;07:37:41;24.73;;;;820;06/06/2023;07:38:09;24.65;;;;820;06/06/2023;07:37:57;24.98;;;;
821;06/06/2023;07:38:41;24.73;;;;821;06/06/2023;07:39:09;24.66;;;;821;06/06/2023;07:38:57;24.96;;;;
822;06/06/2023;07:39:41;24.72;;;;822;06/06/2023;07:40:09;24.63;;;;822;06/06/2023;07:39:57;24.96;;;;
823;06/06/2023;07:40:41;24.72;;;;823;06/06/2023;07:41:09;24.63;;;;823;06/06/2023;07:40:56;24.98;;;;
824;06/06/2023;07:41:41;24.7;;;;824;06/06/2023;07:42:09;24.65;;;;824;06/06/2023;07:41:56;24.96;;;;
825;06/06/2023;07:42:41;24.7;;;;825;06/06/2023;07:43:09;24.64;;;;825;06/06/2023;07:42:56;24.98;;;;
826;06/06/2023;07:43:42;24.73;;;;826;06/06/2023;07:44:09;24.67;;;;826;06/06/2023;07:43:56;25;;;;
827;06/06/2023;07:44:42;24.78;;;;827;06/06/2023;07:45:09;24.75;Synchronized;;;827;06/06/2023;07:44:56;25.02;;;;
828;06/06/2023;07:45:42;24.8;Synchronized;;;828;06/06/2023;07:46:09;24.77;;;;828;06/06/2023;07:45:56;24.99;;;;
829;06/06/2023;07:46:42;24.74;;;;829;06/06/2023;07:47:09;24.77;Synchronized;;;829;06/06/2023;07:46:56;24.98;;;;
830;06/06/2023;07:47:42;24.74;;;;830;06/06/2023;07:48:09;24.76;;;;830;06/06/2023;07:47:56;24.93;;;;
831;06/06/2023;07:48:42;24.73;;;;831;06/06/2023;07:49:09;24.74;;;;831;06/06/2023;07:48:55;24.92;;;;
832;06/06/2023;07:49:42;24.73;;;;832;06/06/2023;07:50:09;24.75;;;;832;06/06/2023;07:49:55;24.89;;;;
833;06/06/2023;07:50:42;24.7;;;;833;06/06/2023;07:51:09;24.74;;;;833;06/06/2023;07:50:55;24.9;;;;
834;06/06/2023;07:51:42;24.72;;;;834;06/06/2023;07:52:09;24.73;;;;834;06/06/2023;07:51:55;24.88;;;;
835;06/06/2023;07:52:42;24.7;;;;835;06/06/2023;07:53:09;24.73;;;;835;06/06/2023;07:52:55;24.91;Synchronized;;;
836;06/06/2023;07:53:42;24.67;;;;836;06/06/2023;07:54:09;24.73;;;;836;06/06/2023;07:53:55;24.88;;;;
837;06/06/2023;07:54:42;24.69;;;;837;06/06/2023;07:55:09;24.8;;;;837;06/06/2023;07:54:55;24.94;;;;
838;06/06/2023;07:55:42;24.74;;;;838;06/06/2023;07:56:09;24.8;;;;838;06/06/2023;07:55:55;25;;;;
839;06/06/2023;07:56:42;24.73;;;;839;06/06/2023;07:57:09;24.77;Synchronized;;;839;06/06/2023;07:56:54;24.96;;;;
840;06/06/2023;07:57:42;24.73;;;;840;06/06/2023;07:58:09;24.77;;;;840;06/06/2023;07:57:54;24.95;;;;
841;06/06/2023;07:58:42;24.69;;;;841;06/06/2023;07:59:09;24.77;;;;841;06/06/2023;07:58:54;24.95;;;;
842;06/06/2023;07:59:42;24.72;Synchronized;;;842;06/06/2023;08:00:09;24.76;;;;842;06/06/2023;07:59:54;24.93;;;;
843;06/06/2023;08:00:42;24.73;;;;843;06/06/2023;08:01:09;24.76;;;;843;06/06/2023;08:00:54;24.95;;;;
844;06/06/2023;08:01:42;24.73;;;;844;06/06/2023;08:02:09;24.78;;;;844;06/06/2023;08:01:54;24.93;;;;
845;06/06/2023;08:02:42;24.77;;;;845;06/06/2023;08:03:09;24.75;;;;845;06/06/2023;08:02:54;24.92;;;;
846;06/06/2023;08:03:42;24.76;;;;846;06/06/2023;08:04:09;24.77;;;;846;06/06/2023;08:03:54;24.95;;;;
847;06/06/2023;08:04:42;24.75;;;;847;06/06/2023;08:05:09;24.75;;;;847;06/06/2023;08:04:54;24.94;;;;
848;06/06/2023;08:05:42;24.73;;;;848;06/06/2023;08:06:09;24.74;;;;848;06/06/2023;08:05:53;24.9;;;;
849;06/06/2023;08:06:42;24.7;;;;849;06/06/2023;08:07:09;24.74;;;;849;06/06/2023;08:06:53;24.88;;;;
850;06/06/2023;08:07:42;24.7;;;;850;06/06/2023;08:08:09;24.72;;;;850;06/06/2023;08:07:53;24.88;;;;
851;06/06/2023;08:08:42;24.69;;;;851;06/06/2023;08:09:09;24.7;;;;851;06/06/2023;08:08:53;24.82;;;;
852;06/06/2023;08:09:42;24.66;;;;852;06/06/2023;08:10:09;24.66;;;;852;06/06/2023;08:09:53;24.8;;;;
853;06/06/2023;08:10:42;24.68;;;;853;06/06/2023;08:11:09;24.68;;;;853;06/06/2023;08:10:53;24.81;;;;
854;06/06/2023;08:11:42;24.66;;;;854;06/06/2023;08:12:09;24.67;;;;854;06/06/2023;08:11:53;24.8;;;;
855;06/06/2023;08:12:42;24.67;;;;855;06/06/2023;08:13:09;24.7;;;;855;06/06/2023;08:12:53;24.82;;;;
856;06/06/2023;08:13:42;24.69;;;;856;06/06/2023;08:14:09;24.7;;;;856;06/06/2023;08:13:52;24.82;;;;
857;06/06/2023;08:14:42;24.7;;;;857;06/06/2023;08:15:09;24.72;;;;857;06/06/2023;08:14:52;24.86;;;;
858;06/06/2023;08:15:42;24.7;;;;858;06/06/2023;08:16:09;24.73;;;;858;06/06/2023;08:15:52;24.88;;;;
859;06/06/2023;08:16:42;24.79;;;;859;06/06/2023;08:17:09;24.74;;;;859;06/06/2023;08:16:52;24.91;;;;
860;06/06/2023;08:17:42;24.82;;;;860;06/06/2023;08:18:09;24.76;;;;860;06/06/2023;08:17:52;24.92;;;;
861;06/06/2023;08:18:42;24.91;;;;861;06/06/2023;08:19:09;25;;;;861;06/06/2023;08:18:52;25.32;;;;
862;06/06/2023;08:19:42;26.27;;;;862;06/06/2023;08:20:09;25.53;;;;862;06/06/2023;08:19:52;27.43;;;;
863;06/06/2023;08:20:42;27.42;Synchronized;;;863;06/06/2023;08:21:09;25.84;Synchronized;;;863;06/06/2023;08:20:52;28.77;Synchronized;;;
864;06/06/2023;08:21:42;27.05;Synchronized;;;864;06/06/2023;08:22:09;25.88;Synchronized;;;864;06/06/2023;08:21:51;28.07;Synchronized;;;
865;06/06/2023;08:22:42;26.67;Synchronized;;;865;06/06/2023;08:23:09;25.87;;;;865;06/06/2023;08:22:51;27.56;;;;
866;06/06/2023;08:23:42;26.44;Synchronized;;;866;06/06/2023;08:24:09;25.87;;;;866;06/06/2023;08:23:51;27.15;Synchronized;;;
867;06/06/2023;08:24:42;26.23;;;;867;06/06/2023;08:25:09;25.86;;;;867;06/06/2023;08:24:51;26.86;;;;
868;06/06/2023;08:25:42;26.11;;;;868;06/06/2023;08:26:09;25.89;;;;868;06/06/2023;08:25:51;26.61;;;;
869;06/06/2023;08:26:42;26.02;;;;869;06/06/2023;08:27:09;25.88;;;;869;06/06/2023;08:26:51;26.47;;;;
870;06/06/2023;08:27:42;25.97;;;;870;06/06/2023;08:28:09;25.89;Synchronized;;;870;06/06/2023;08:27:51;26.34;;;;
871;06/06/2023;08:28:42;25.91;;;;871;06/06/2023;08:29:09;25.89;Synchronized;;;871;06/06/2023;08:28:51;26.23;;;;
872;06/06/2023;08:29:42;25.88;Synchronized;;;872;06/06/2023;08:30:09;25.88;Synchronized;;;872;06/06/2023;08:29:51;26.13;;;;
873;06/06/2023;08:30:42;25.86;;;;873;06/06/2023;08:31:09;25.89;Synchronized;;;873;06/06/2023;08:30:51;26.08;Synchronized;;;
874;06/06/2023;08:31:42;25.85;;;;874;06/06/2023;08:32:10;25.93;Synchronized;;;874;06/06/2023;08:31:50;26.02;;;;
875;06/06/2023;08:32:42;25.83;;;;875;06/06/2023;08:33:10;25.91;Synchronized;;;875;06/06/2023;08:32:50;26.01;;;;
876;06/06/2023;08:33:42;25.85;;;;876;06/06/2023;08:34:10;25.92;Synchronized;;;876;06/06/2023;08:33:50;25.98;;;;
877;06/06/2023;08:34:42;25.86;;;;877;06/06/2023;08:35:10;25.93;Synchronized;;;877;06/06/2023;08:34:50;25.95;Synchronized;;;
878;06/06/2023;08:35:42;25.87;;;;878;06/06/2023;08:36:10;25.95;;;;878;06/06/2023;08:35:50;25.98;;;;
879;06/06/2023;08:36:42;25.87;;;;879;06/06/2023;08:37:10;25.98;Synchronized;;;879;06/06/2023;08:36:50;25.97;;;;
880;06/06/2023;08:37:42;25.89;;;;880;06/06/2023;08:38:10;25.96;;;;880;06/06/2023;08:37:50;25.98;;;;
881;06/06/2023;08:38:42;25.88;;;;881;06/06/2023;08:39:10;25.97;Synchronized;;;881;06/06/2023;08:38:50;25.99;Synchronized;;;
882;06/06/2023;08:39:42;25.87;;;;882;06/06/2023;08:40:10;25.98;;;;882;06/06/2023;08:39:49;25.95;Synchronized;;;
883;06/06/2023;08:40:42;26.44;Synchronized;;;883;06/06/2023;08:41:10;25.99;Synchronized;;;883;06/06/2023;08:40:49;25.98;;;;
884;06/06/2023;08:41:42;31.54;Synchronized;;;884;06/06/2023;08:42:10;35.09;Synchronized;;;884;06/06/2023;08:41:49;26.01;;;;
885;06/06/2023;08:42:42;33.91;Synchronized;;;885;06/06/2023;08:43:10;36.73;Synchronized;;;885;06/06/2023;08:42:49;26.02;Synchronized;;;
886;06/06/2023;08:43:42;34.97;Synchronized;;;886;06/06/2023;08:44:10;37.06;Synchronized;;;886;06/06/2023;08:43:49;26.02;;;;
887;06/06/2023;08:44:42;35.53;Synchronized;;;887;06/06/2023;08:45:10;37.17;Synchronized;;;887;06/06/2023;08:44:49;29.78;Synchronized;;;
888;06/06/2023;08:45:42;35.78;Synchronized;;;888;06/06/2023;08:46:10;37.19;Synchronized;;;888;06/06/2023;08:45:49;33.66;Synchronized;;;
889;06/06/2023;08:46:42;36.09;Synchronized;;;889;06/06/2023;08:47:10;37.18;Synchronized;;;889;06/06/2023;08:46:49;34.8;Synchronized;;;
890;06/06/2023;08:47:42;36.21;Synchronized;;;890;06/06/2023;08:48:10;37.2;Synchronized;;;890;06/06/2023;08:47:49;34.2;Synchronized;;;
891;06/06/2023;08:48:42;36.38;Synchronized;;;891;06/06/2023;08:49:10;37.21;Synchronized;;;891;06/06/2023;08:48:48;35.52;Synchronized;;;
892;06/06/2023;08:49:42;36.5;Synchronized;;;892;06/06/2023;08:50:10;37.23;Synchronized;;;892;06/06/2023;08:49:48;35.82;Synchronized;;;
893;06/06/2023;08:50:42;36.59;Synchronized;;;893;06/06/2023;08:51:10;37.21;Synchronized;;;893;06/06/2023;08:50:48;36.09;Synchronized;;;
894;06/06/2023;08:51:42;36.66;Synchronized;;;894;06/06/2023;08:52:10;37.22;Synchronized;;;894;06/06/2023;08:51:48;36.27;Synchronized;;;
895;06/06/2023;08:52:42;36.73;Synchronized;;;895;06/06/2023;08:53:10;37.21;Synchronized;;;895;06/06/2023;08:52:48;36.3;Synchronized;;;
896;06/06/2023;08:53:42;36.77;Synchronized;;;896;06/06/2023;08:54:10;37.21;Synchronized;;;896;06/06/2023;08:53:48;36.39;Synchronized;;;
897;06/06/2023;08:54:42;36.83;Synchronized;;;897;06/06/2023;08:55:10;37.21;Synchronized;;;897;06/06/2023;08:54:48;36.63;Synchronized;;;
898;06/06/2023;08:55:42;36.8;Synchronized;;;898;06/06/2023;08:56:10;37.25;Synchronized;;;898;06/06/2023;08:55:48;36.72;Synchronized;;;
899;06/06/2023;08:56:42;36.86;Synchronized;;;899;06/06/2023;08:57:10;37.27;Synchronized;;;899;06/06/2023;08:56:47;36.77;Synchronized;;;
900;06/06/2023;08:57:43;36.93;Synchronized;;;900;06/06/2023;08:58:10;37.21;Synchronized;;;900;06/06/2023;08:57:47;36.81;Synchronized;;;
901;06/06/2023;08:58:43;37;Synchronized;;;901;06/06/2023;08:59:10;37.2;Synchronized;;;901;06/06/2023;08:58:47;36.7;Synchronized;;;
902;06/06/2023;08:59:43;36.98;Synchronized;;;902;06/06/2023;09:00:10;37.21;Synchronized;;;902;06/06/2023;08:59:47;36.88;Synchronized;;;
903;06/06/2023;09:00:43;37.01;Synchronized;;;903;06/06/2023;09:01:10;37.21;Synchronized;;;903;06/06/2023;09:00:47;37.05;Synchronized;;;
904;06/06/2023;09:01:43;37.04;Synchronized;;;904;06/06/2023;09:02:10;37.23;Synchronized;;;904;06/06/2023;09:01:47;37.09;Synchronized;;;
905;06/06/2023;09:02:43;37.13;Synchronized;;;905;06/06/2023;09:03:10;37.23;Synchronized;;;905;06/06/2023;09:02:47;37.15;Synchronized;;;
906;06/06/2023;09:03:43;37.15;Synchronized;;;906;06/06/2023;09:04:10;37.26;Synchronized;;;906;06/06/2023;09:03:47;37.13;Synchronized;;;
907;06/06/2023;09:04:43;37.16;Synchronized;;;907;06/06/2023;09:05:10;37.21;Synchronized;;;907;06/06/2023;09:04:47;37.13;Synchronized;;;
908;06/06/2023;09:05:43;37.16;Synchronized;;;908;06/06/2023;09:06:10;37.27;Synchronized;;;908;06/06/2023;09:05:46;37.09;Synchronized;;;
909;06/06/2023;09:06:43;37.18;Synchronized;;;909;06/06/2023;09:07:10;37.26;Synchronized;;;909;06/06/2023;09:06:46;37.07;Synchronized;;;
910;06/06/2023;09:07:43;37.23;Synchronized;;;910;06/06/2023;09:08:10;37.28;Synchronized;;;910;06/06/2023;09:07:46;37.09;Synchronized;;;
911;06/06/2023;09:08:43;37.27;Synchronized;;;911;06/06/2023;09:09:10;37.28;Synchronized;;;911;06/06/2023;09:08:46;37.12;Synchronized;;;
912;06/06/2023;09:09:43;37.29;Synchronized;;;912;06/06/2023;09:10:10;37.28;Synchronized;;;912;06/06/2023;09:09:46;37.11;Synchronized;;;
913;06/06/2023;09:10:43;37.29;Synchronized;;;913;06/06/2023;09:11:10;37.29;Synchronized;;;913;06/06/2023;09:10:46;37.13;Synchronized;;;
914;06/06/2023;09:11:43;37.27;Synchronized;;;914;06/06/2023;09:12:10;37.3;Synchronized;;;914;06/06/2023;09:11:46;37.09;Synchronized;;;
915;06/06/2023;09:12:43;37.3;Synchronized;;;915;06/06/2023;09:13:10;37.31;Synchronized;;;915;06/06/2023;09:12:46;37.07;Synchronized;;;
916;06/06/2023;09:13:43;37.3;Synchronized;;;916;06/06/2023;09:14:10;37.34;Synchronized;;;916;06/06/2023;09:13:46;37.11;Synchronized;;;
917;06/06/2023;09:14:43;37.31;Synchronized;;;917;06/06/2023;09:15:10;37.33;Synchronized;;;917;06/06/2023;09:14:45;37.1;Synchronized;;;
918;06/06/2023;09:15:43;37.3;Synchronized;;;918;06/06/2023;09:16:10;37.27;;;;918;06/06/2023;09:15:45;37.09;Synchronized;;;
919;06/06/2023;09:16:43;37.33;Synchronized;;;919;06/06/2023;09:17:10;37.27;;;;919;06/06/2023;09:16:45;37.1;Synchronized;;;
920;06/06/2023;09:17:43;37.31;Synchronized;;;920;06/06/2023;09:18:10;37.28;;;;920;06/06/2023;09:17:45;37.1;Synchronized;;;
921;06/06/2023;09:18:43;37.31;Synchronized;;;921;06/06/2023;09:19:10;37.29;;;;921;06/06/2023;09:18:45;37.09;Synchronized;;;
922;06/06/2023;09:19:43;37.34;Synchronized;;;922;06/06/2023;09:20:10;37.29;;;;922;06/06/2023;09:19:45;37.08;Synchronized;;;
923;06/06/2023;09:20:43;37.3;Synchronized;;;923;06/06/2023;09:21:10;37.28;;;;923;06/06/2023;09:20:45;37.06;Synchronized;;;
924;06/06/2023;09:21:43;37.29;Synchronized;;;924;06/06/2023;09:22:11;37.28;;;;924;06/06/2023;09:21:45;37.05;Synchronized;;;
925;06/06/2023;09:22:43;37.23;Synchronized;;;925;06/06/2023;09:23:11;37.29;Synchronized;;;925;06/06/2023;09:22:44;37.07;Synchronized;;;
926;06/06/2023;09:23:43;37.19;Synchronized;;;926;06/06/2023;09:24:11;37.28;Synchronized;;;926;06/06/2023;09:23:44;37.07;Synchronized;;;
927;06/06/2023;09:24:43;37.13;Synchronized;;;927;06/06/2023;09:25:11;37.3;;;;927;06/06/2023;09:24:44;37.09;Synchronized;;;
928;06/06/2023;09:25:43;36.98;Synchronized;;;928;06/06/2023;09:26:11;37.29;;;;928;06/06/2023;09:25:44;37.02;Synchronized;;;
929;06/06/2023;09:26:43;35.98;Synchronized;;;929;06/06/2023;09:27:11;37.3;;;;929;06/06/2023;09:26:44;36.99;Synchronized;;;
930;06/06/2023;09:27:43;35.81;Synchronized;;;930;06/06/2023;09:28:11;37.3;;;;930;06/06/2023;09:27:44;37.03;Synchronized;;;
931;06/06/2023;09:28:43;36.03;Synchronized;;;931;06/06/2023;09:29:11;37.29;;;;931;06/06/2023;09:28:44;37.04;Synchronized;;;
932;06/06/2023;09:29:43;36.12;Synchronized;;;932;06/06/2023;09:30:11;37.29;Synchronized;;;932;06/06/2023;09:29:44;37.05;Synchronized;;;
933;06/06/2023;09:30:43;36.27;Synchronized;;;933;06/06/2023;09:31:11;37.29;Synchronized;;;933;06/06/2023;09:30:44;37.02;Synchronized;;;
934;06/06/2023;09:31:43;36.31;Synchronized;;;934;06/06/2023;09:32:11;37.29;Synchronized;;;934;06/06/2023;09:31:43;37.06;Synchronized;;;
935;06/06/2023;09:32:44;36.4;Synchronized;;;935;06/06/2023;09:33:12;37.29;Synchronized;;;935;06/06/2023;09:32:43;37.2;Synchronized;;;
936;06/06/2023;09:33:44;36.46;Synchronized;;;936;06/06/2023;09:34:12;37.31;Synchronized;;;936;06/06/2023;09:33:43;37.28;Synchronized;;;
937;06/06/2023;09:34:44;36.52;Synchronized;;;937;06/06/2023;09:35:12;37.3;Synchronized;;;937;06/06/2023;09:34:43;37.3;Synchronized;;;
938;06/06/2023;09:35:44;36.63;Synchronized;;;938;06/06/2023;09:36:12;37.3;;;;938;06/06/2023;09:35:43;37.4;Synchronized;;;
939;06/06/2023;09:36:44;36.7;Synchronized;;;939;06/06/2023;09:37:12;37.3;;;;939;06/06/2023;09:36:43;37.27;Synchronized;;;
940;06/06/2023;09:37:44;36.77;Synchronized;;;940;06/06/2023;09:38:12;37.32;;;;940;06/06/2023;09:37:43;37.22;Synchronized;;;
941;06/06/2023;09:38:44;36.84;Synchronized;;;941;06/06/2023;09:39:12;37.31;Synchronized;;;941;06/06/2023;09:38:43;37.2;Synchronized;;;
942;06/06/2023;09:39:44;36.86;Synchronized;;;942;06/06/2023;09:40:12;37.31;;;;942;06/06/2023;09:39:43;37.13;Synchronized;;;
943;06/06/2023;09:40:44;36.88;Synchronized;;;943;06/06/2023;09:41:12;37.31;;;;943;06/06/2023;09:40:42;37.08;Synchronized;;;
944;06/06/2023;09:41:44;36.88;Synchronized;;;944;06/06/2023;09:42:12;37.31;;;;944;06/06/2023;09:41:42;37.07;Synchronized;;;
945;06/06/2023;09:42:44;36.92;Synchronized;;;945;06/06/2023;09:43:12;37.31;;;;945;06/06/2023;09:42:42;37.04;Synchronized;;;
946;06/06/2023;09:43:44;36.94;Synchronized;;;946;06/06/2023;09:44:12;37.3;Synchronized;;;946;06/06/2023;09:43:42;37.03;Synchronized;;;
947;06/06/2023;09:44:44;36.96;Synchronized;;;947;06/06/2023;09:45:12;37.32;;;;947;06/06/2023;09:44:42;37.04;Synchronized;;;
948;06/06/2023;09:45:44;36.97;Synchronized;;;948;06/06/2023;09:46:12;37.31;;;;948;06/06/2023;09:45:42;37;Synchronized;;;
949;06/06/2023;09:46:44;36.98;Synchronized;;;949;06/06/2023;09:47:12;37.34;;;;949;06/06/2023;09:46:42;36.99;Synchronized;;;
950;06/06/2023;09:47:44;36.98;Synchronized;;;950;06/06/2023;09:48:12;37.32;Synchronized;;;950;06/06/2023;09:47:42;36.98;Synchronized;;;
951;06/06/2023;09:48:44;37;Synchronized;;;951;06/06/2023;09:49:12;37.34;Synchronized;;;951;06/06/2023;09:48:41;36.94;Synchronized;;;
952;06/06/2023;09:49:44;37.06;;;;952;06/06/2023;09:50:12;37.31;Synchronized;;;952;06/06/2023;09:49:41;36.94;Synchronized;;;
953;06/06/2023;09:50:44;37.06;Synchronized;;;953;06/06/2023;09:51:12;37.32;;;;953;06/06/2023;09:50:41;36.96;Synchronized;;;
954;06/06/2023;09:51:44;37.07;;;;954;06/06/2023;09:52:12;37.32;Synchronized;;;954;06/06/2023;09:51:41;37.07;Synchronized;;;
955;06/06/2023;09:52:44;37.07;;;;955;06/06/2023;09:53:12;37.31;Synchronized;;;955;06/06/2023;09:52:41;37.2;;;;
956;06/06/2023;09:53:44;37.06;;;;956;06/06/2023;09:54:12;37.33;Synchronized;;;956;06/06/2023;09:53:41;37.27;;;;
957;06/06/2023;09:54:44;37.05;;;;957;06/06/2023;09:55:12;37.33;;;;957;06/06/2023;09:54:40;37.23;;;;
958;06/06/2023;09:55:44;36.76;;;;958;06/06/2023;09:56:12;37.33;;;;958;06/06/2023;09:55:40;37.2;;;;
959;06/06/2023;09:56:44;36.51;;;;959;06/06/2023;09:57:12;37.34;Synchronized;;;959;06/06/2023;09:56:40;37.17;;;;
960;06/06/2023;09:57:44;36.34;Synchronized;;;960;06/06/2023;09:58:12;37.35;;;;960;06/06/2023;09:57:40;37.13;;;;
961;06/06/2023;09:58:44;36.16;;;;961;06/06/2023;09:59:12;37.35;;;;961;06/06/2023;09:58:40;37.12;;;;
962;06/06/2023;09:59:44;35.78;;;;962;06/06/2023;10:00:12;37.35;;;;962;06/06/2023;09:59:40;37.12;;;;
963;06/06/2023;10:00:45;35.92;;;;963;06/06/2023;10:01:12;37.34;Synchronized;;;963;06/06/2023;10:00:40;37.11;;;;
964;06/06/2023;10:01:45;36.07;;;;964;06/06/2023;10:02:12;37.31;Synchronized;;;964;06/06/2023;10:01:39;37.06;;;;
965;06/06/2023;10:02:45;36.18;;;;965;06/06/2023;10:03:12;37.23;Synchronized;;;965;06/06/2023;10:02:39;37.03;;;;
966;06/06/2023;10:03:45;36.25;;;;966;06/06/2023;10:04:12;37.21;Synchronized;;;966;06/06/2023;10:03:39;37.04;;;;
967;06/06/2023;10:04:45;36.33;;;;967;06/06/2023;10:05:12;37.12;Synchronized;;;967;06/06/2023;10:04:39;37.03;;;;
968;06/06/2023;10:05:45;36.34;;;;968;06/06/2023;10:06:12;37.02;Synchronized;;;968;06/06/2023;10:05:39;36.96;;;;
969;06/06/2023;10:06:45;36.4;;;;969;06/06/2023;10:07:12;36.97;Synchronized;;;969;06/06/2023;10:06:39;36.93;;;;
970;06/06/2023;10:07:45;36.43;;;;970;06/06/2023;10:08:12;36.96;Synchronized;;;970;06/06/2023;10:07:39;36.94;;;;
971;06/06/2023;10:08:45;36.46;;;;971;06/06/2023;10:09:12;37;Synchronized;;;971;06/06/2023;10:08:39;36.98;;;;
972;06/06/2023;10:09:45;36.52;;;;972;06/06/2023;10:10:12;37.02;Synchronized;;;972;06/06/2023;10:09:38;36.99;;;;
973;06/06/2023;10:10:45;36.43;;;;973;06/06/2023;10:11:12;37.03;Synchronized;;;973;06/06/2023;10:10:38;36.96;;;;
974;06/06/2023;10:11:46;35.95;;;;974;06/06/2023;10:12:12;37.05;Synchronized;;;974;06/06/2023;10:11:38;36.95;;;;
975;06/06/2023;10:12:46;35.42;Synchronized;;;975;06/06/2023;10:13:12;37.05;Synchronized;;;975;06/06/2023;10:12:38;36.93;;;;
976;06/06/2023;10:13:46;35.02;Synchronized;;;976;06/06/2023;10:14:12;37.06;Synchronized;;;976;06/06/2023;10:13:38;36.94;;;;
977;06/06/2023;10:14:46;34.86;Synchronized;;;977;06/06/2023;10:15:12;37.08;Synchronized;;;977;06/06/2023;10:14:38;36.91;;;;
978;06/06/2023;10:15:46;34.84;Synchronized;;;978;06/06/2023;10:16:12;37.06;Synchronized;;;978;06/06/2023;10:15:38;36.88;;;;
979;06/06/2023;10:16:46;34.77;Synchronized;;;979;06/06/2023;10:17:12;37.03;Synchronized;;;979;06/06/2023;10:16:38;36.84;;;;
980;06/06/2023;10:17:46;35.06;;;;980;06/06/2023;10:18:12;37.05;Synchronized;;;980;06/06/2023;10:17:38;36.84;Synchronized;;;
981;06/06/2023;10:18:46;35.2;Synchronized;;;981;06/06/2023;10:19:12;37.04;Synchronized;;;981;06/06/2023;10:18:37;36.81;;;;
982;06/06/2023;10:19:46;35.35;;;;982;06/06/2023;10:20:12;37.05;Synchronized;;;982;06/06/2023;10:19:37;36.76;Synchronized;;;
983;06/06/2023;10:20:46;35.48;;;;983;06/06/2023;10:21:12;37.06;Synchronized;;;983;06/06/2023;10:20:37;36.68;;;;
984;06/06/2023;10:21:46;34.87;;;;984;06/06/2023;10:22:12;37.08;Synchronized;;;984;06/06/2023;10:21:37;36.64;;;;
985;06/06/2023;10:22:46;34.83;Synchronized;;;985;06/06/2023;10:23:12;37.12;Synchronized;;;985;06/06/2023;10:22:37;36.67;Synchronized;;;
986;06/06/2023;10:23:46;33.55;;;;986;06/06/2023;10:24:12;37.1;Synchronized;;;986;06/06/2023;10:23:37;36.73;Synchronized;;;
987;06/06/2023;10:24:46;33.47;;;;987;06/06/2023;10:25:12;37.07;Synchronized;;;987;06/06/2023;10:24:37;36.79;;;;
988;06/06/2023;10:25:46;33.86;Synchronized;;;988;06/06/2023;10:26:12;37;Synchronized;;;988;06/06/2023;10:25:37;36.84;;;;
989;06/06/2023;10:26:46;34.25;Synchronized;;;989;06/06/2023;10:27:12;36.93;Synchronized;;;989;06/06/2023;10:26:37;36.94;Synchronized;;;
990;06/06/2023;10:27:46;31.88;;;;990;06/06/2023;10:28:12;36.88;Synchronized;;;990;06/06/2023;10:27:36;36.92;Synchronized;;;
991;06/06/2023;10:28:46;29.97;;;;991;06/06/2023;10:29:12;36.84;Synchronized;;;991;06/06/2023;10:28:36;36.84;;;;
992;06/06/2023;10:29:46;31.23;Synchronized;;;992;06/06/2023;10:30:12;36.77;Synchronized;;;992;06/06/2023;10:29:36;36.82;Synchronized;;;
993;06/06/2023;10:30:46;32.31;Synchronized;;;993;06/06/2023;10:31:12;36.8;Synchronized;;;993;06/06/2023;10:30:36;36.8;Synchronized;;;
994;06/06/2023;10:31:46;33.09;;;;994;06/06/2023;10:32:12;36.75;Synchronized;;;994;06/06/2023;10:31:36;36.73;Synchronized;;;
995;06/06/2023;10:32:46;33.7;;;;995;06/06/2023;10:33:12;36.73;Synchronized;;;995;06/06/2023;10:32:36;36.73;Synchronized;;;
996;06/06/2023;10:33:46;34.31;;;;996;06/06/2023;10:34:12;36.73;Synchronized;;;996;06/06/2023;10:33:36;36.79;;;;
997;06/06/2023;10:34:46;34.51;;;;997;06/06/2023;10:35:12;36.76;Synchronized;;;997;06/06/2023;10:34:36;36.88;Synchronized;;;
998;06/06/2023;10:35:46;34.62;;;;998;06/06/2023;10:36:12;36.76;Synchronized;;;998;06/06/2023;10:35:35;36.91;Synchronized;;;
999;06/06/2023;10:36:46;34.91;Synchronized;;;999;06/06/2023;10:37:12;36.83;Synchronized;;;999;06/06/2023;10:36:35;36.94;;;;
1000;06/06/2023;10:37:46;35.13;Synchronized;;;1000;06/06/2023;10:38:12;36.83;Synchronized;;;1000;06/06/2023;10:37:35;36.94;;;;
1001;06/06/2023;10:38:46;35.37;Synchronized;;;1001;06/06/2023;10:39:12;36.9;Synchronized;;;1001;06/06/2023;10:38:35;36.92;Synchronized;;;
1002;06/06/2023;10:39:46;35.58;Synchronized;;;1002;06/06/2023;10:40:12;36.91;Synchronized;;;1002;06/06/2023;10:39:35;36.88;Synchronized;;;
1003;06/06/2023;10:40:46;35.93;Synchronized;;;1003;06/06/2023;10:41:12;36.97;Synchronized;;;1003;06/06/2023;10:40:35;36.84;Synchronized;;;
1004;06/06/2023;10:41:46;36.11;Synchronized;;;1004;06/06/2023;10:42:12;37.03;;;;1004;06/06/2023;10:41:35;36.83;;;;
1005;06/06/2023;10:42:46;34.21;Synchronized;;;1005;06/06/2023;10:43:12;37.04;;;;1005;06/06/2023;10:42:35;36.84;;;;
1006;06/06/2023;10:43:46;30.71;Synchronized;;;1006;06/06/2023;10:44:11;37.05;;;;1006;06/06/2023;10:43:35;36.8;Synchronized;;;
1007;06/06/2023;10:44:46;31.7;Synchronized;;;1007;06/06/2023;10:45:11;37.1;;;;1007;06/06/2023;10:44:34;36.75;;;;
1008;06/06/2023;10:45:46;32.8;Synchronized;;;1008;06/06/2023;10:46:11;37.15;;;;1008;06/06/2023;10:45:34;36.77;Synchronized;;;
1009;06/06/2023;10:46:47;33.48;Synchronized;;;1009;06/06/2023;10:47:11;37.18;;;;1009;06/06/2023;10:46:34;36.8;Synchronized;;;
1010;06/06/2023;10:47:47;34.1;Synchronized;;;1010;06/06/2023;10:48:11;37.2;;;;1010;06/06/2023;10:47:34;36.83;Synchronized;;;
1011;06/06/2023;10:48:47;34.68;Synchronized;;;1011;06/06/2023;10:49:11;37.21;Synchronized;;;1011;06/06/2023;10:48:34;36.84;Synchronized;;;
1012;06/06/2023;10:49:47;35.17;Synchronized;;;1012;06/06/2023;10:50:11;37.14;Synchronized;;;1012;06/06/2023;10:49:34;36.87;Synchronized;;;
1013;06/06/2023;10:50:47;35.52;Synchronized;;;1013;06/06/2023;10:51:11;37.05;;;;1013;06/06/2023;10:50:33;36.91;Synchronized;;;
1014;06/06/2023;10:51:47;35.79;Synchronized;;;1014;06/06/2023;10:52:11;36.94;;;;1014;06/06/2023;10:51:33;36.91;Synchronized;;;
1015;06/06/2023;10:52:47;36.01;Synchronized;;;1015;06/06/2023;10:53:11;36.84;;;;1015;06/06/2023;10:52:33;36.88;Synchronized;;;
1016;06/06/2023;10:53:47;36.23;Synchronized;;;1016;06/06/2023;10:54:11;36.81;;;;1016;06/06/2023;10:53:33;36.86;Synchronized;;;
1017;06/06/2023;10:54:47;36.34;Synchronized;;;1017;06/06/2023;10:55:11;36.78;Synchronized;;;1017;06/06/2023;10:54:33;36.87;Synchronized;;;
1018;06/06/2023;10:55:47;34.03;Synchronized;;;1018;06/06/2023;10:56:11;36.78;Synchronized;;;1018;06/06/2023;10:55:33;36.84;;;;
1019;06/06/2023;10:56:47;34.8;;;;1019;06/06/2023;10:57:11;36.81;;;;1019;06/06/2023;10:56:33;36.86;;;;
1020;06/06/2023;10:57:47;35.2;Synchronized;;;1020;06/06/2023;10:58:11;36.84;;;;1020;06/06/2023;10:57:33;36.85;Synchronized;;;
1021;06/06/2023;10:58:47;35.54;Synchronized;;;1021;06/06/2023;10:59:11;36.87;;;;1021;06/06/2023;10:58:33;36.89;Synchronized;;;
1022;06/06/2023;10:59:47;33.43;;;;1022;06/06/2023;11:00:11;36.91;;;;1022;06/06/2023;10:59:33;36.95;;;;
1023;06/06/2023;11:00:47;29.86;Synchronized;;;1023;06/06/2023;11:01:11;36.95;Synchronized;;;1023;06/06/2023;11:00:33;36.91;Synchronized;;;
1024;06/06/2023;11:01:47;31.31;Synchronized;;;1024;06/06/2023;11:02:11;36.98;Synchronized;;;1024;06/06/2023;11:01:33;36.84;Synchronized;;;
1025;06/06/2023;11:02:47;30.06;;;;1025;06/06/2023;11:03:11;37.05;;;;1025;06/06/2023;11:02:33;36.8;Synchronized;;;
1026;06/06/2023;11:03:47;29.77;Synchronized;;;1026;06/06/2023;11:04:11;37.08;;;;1026;06/06/2023;11:03:32;36.73;Synchronized;;;
1027;06/06/2023;11:04:47;30.47;;;;1027;06/06/2023;11:05:11;37.12;;;;1027;06/06/2023;11:04:32;36.7;Synchronized;;;
1028;06/06/2023;11:05:47;31.05;Synchronized;;;1028;06/06/2023;11:06:11;37.16;;;;1028;06/06/2023;11:05:32;36.76;Synchronized;;;
1029;06/06/2023;11:06:47;32.02;Synchronized;;;1029;06/06/2023;11:07:11;37.18;;;;1029;06/06/2023;11:06:32;36.73;;;;
1030;06/06/2023;11:07:47;32.99;;;;1030;06/06/2023;11:08:10;37.22;;;;1030;06/06/2023;11:07:32;36.75;Synchronized;;;
1031;06/06/2023;11:08:47;32.05;;;;1031;06/06/2023;11:09:11;37.23;;;;1031;06/06/2023;11:08:32;36.74;Synchronized;;;
1032;06/06/2023;11:09:47;31.38;Synchronized;;;1032;06/06/2023;11:10:11;37.26;;;;1032;06/06/2023;11:09:32;36.77;Synchronized;;;
1033;06/06/2023;11:10:47;30.66;Synchronized;;;1033;06/06/2023;11:11:11;35.77;;;;1033;06/06/2023;11:10:32;36.77;Synchronized;;;
1034;06/06/2023;11:11:47;31.1;;;;1034;06/06/2023;11:12:11;35.3;;;;1034;06/06/2023;11:11:32;36.8;Synchronized;;;
1035;06/06/2023;11:12:47;31.45;Synchronized;;;1035;06/06/2023;11:13:11;35.48;;;;1035;06/06/2023;11:12:32;36.8;Synchronized;;;
1036;06/06/2023;11:13:47;30.42;Synchronized;;;1036;06/06/2023;11:14:11;35.6;;;;1036;06/06/2023;11:13:31;36.84;Synchronized;;;
1037;06/06/2023;11:14:47;30.44;;;;1037;06/06/2023;11:15:11;35.8;Synchronized;;;1037;06/06/2023;11:14:31;36.88;Synchronized;;;
1038;06/06/2023;11:15:47;31.54;Synchronized;;;1038;06/06/2023;11:16:11;35.92;;;;1038;06/06/2023;11:15:31;36.89;Synchronized;;;
1039;06/06/2023;11:16:47;32.42;;;;1039;06/06/2023;11:17:11;36.11;;;;1039;06/06/2023;11:16:31;36.91;Synchronized;;;
1040;06/06/2023;11:17:47;33.16;Synchronized;;;1040;06/06/2023;11:18:11;36.22;;;;1040;06/06/2023;11:17:31;36.91;Synchronized;;;
1041;06/06/2023;11:18:47;33.84;Synchronized;;;1041;06/06/2023;11:19:11;36.34;;;;1041;06/06/2023;11:18:31;36.91;;;;
1042;06/06/2023;11:19:47;34.37;Synchronized;;;1042;06/06/2023;11:20:11;36.49;;;;1042;06/06/2023;11:19:31;36.91;Synchronized;;;
1043;06/06/2023;11:20:47;34.81;Synchronized;;;1043;06/06/2023;11:21:11;36.59;Synchronized;;;1043;06/06/2023;11:20:31;36.92;Synchronized;;;
1044;06/06/2023;11:21:47;35.14;;;;1044;06/06/2023;11:22:11;36.71;Synchronized;;;1044;06/06/2023;11:21:31;36.92;Synchronized;;;
1045;06/06/2023;11:22:47;35.45;Synchronized;;;1045;06/06/2023;11:23:11;36.58;Synchronized;;;1045;06/06/2023;11:22:30;36.91;Synchronized;;;
1046;06/06/2023;11:23:47;36.06;;;;1046;06/06/2023;11:24:11;33.45;Synchronized;;;1046;06/06/2023;11:23:30;36.88;Synchronized;;;
1047;06/06/2023;11:24:47;36.3;Synchronized;;;1047;06/06/2023;11:25:11;33.67;;;;1047;06/06/2023;11:24:30;36.88;Synchronized;;;
1048;06/06/2023;11:25:47;36.64;Synchronized;;;1048;06/06/2023;11:26:11;34.1;;;;1048;06/06/2023;11:25:30;36.87;Synchronized;;;
1049;06/06/2023;11:26:47;36.7;;;;1049;06/06/2023;11:27:11;34.48;;;;1049;06/06/2023;11:26:30;36.85;Synchronized;;;
1050;06/06/2023;11:27:48;36.78;;;;1050;06/06/2023;11:28:11;34.88;Synchronized;;;1050;06/06/2023;11:27:30;36.86;Synchronized;;;
1051;06/06/2023;11:28:48;36.86;Synchronized;;;1051;06/06/2023;11:29:11;35.24;;;;1051;06/06/2023;11:28:30;36.88;Synchronized;;;
1052;06/06/2023;11:29:48;36.87;Synchronized;;;1052;06/06/2023;11:30:11;35.55;;;;1052;06/06/2023;11:29:29;36.88;Synchronized;;;
1053;06/06/2023;11:30:48;36.88;Synchronized;;;1053;06/06/2023;11:31:11;35.31;;;;1053;06/06/2023;11:30:29;36.88;Synchronized;;;
1054;06/06/2023;11:31:48;36.88;Synchronized;;;1054;06/06/2023;11:32:11;34.98;;;;1054;06/06/2023;11:31:29;36.88;Synchronized;;;
1055;06/06/2023;11:32:48;36.94;Synchronized;;;1055;06/06/2023;11:33:12;34.97;;;;1055;06/06/2023;11:32:29;36.88;;;;
1056;06/06/2023;11:33:48;36.94;Synchronized;;;1056;06/06/2023;11:34:12;35;Synchronized;;;1056;06/06/2023;11:33:29;36.89;Synchronized;;;
1057;06/06/2023;11:34:48;37.13;Synchronized;;;1057;06/06/2023;11:35:12;35.04;;;;1057;06/06/2023;11:34:29;36.95;Synchronized;;;
1058;06/06/2023;11:35:48;37.17;Synchronized;;;1058;06/06/2023;11:36:12;35.09;Synchronized;;;1058;06/06/2023;11:35:28;36.91;Synchronized;;;
1059;06/06/2023;11:36:48;37.25;Synchronized;;;1059;06/06/2023;11:37:12;35.14;Synchronized;;;1059;06/06/2023;11:36:28;36.89;Synchronized;;;
1060;06/06/2023;11:37:48;37.27;Synchronized;;;1060;06/06/2023;11:38:12;35.3;;;;1060;06/06/2023;11:37:28;36.88;;;;
1061;06/06/2023;11:38:48;37.27;Synchronized;;;1061;06/06/2023;11:39:12;35.49;;;;1061;06/06/2023;11:38:28;36.88;Synchronized;;;
1062;06/06/2023;11:39:48;37.26;;;;1062;06/06/2023;11:40:12;35.7;;;;1062;06/06/2023;11:39:28;36.88;Synchronized;;;
1063;06/06/2023;11:40:48;37.19;;;;1063;06/06/2023;11:41:12;35.92;;;;1063;06/06/2023;11:40:27;36.88;Synchronized;;;
1064;06/06/2023;11:41:48;37.17;Synchronized;;;1064;06/06/2023;11:42:12;36.09;;;;1064;06/06/2023;11:41:27;36.91;Synchronized;;;
1065;06/06/2023;11:42:48;37.17;Synchronized;;;1065;06/06/2023;11:43:12;36.23;;;;1065;06/06/2023;11:42:27;36.89;;;;
1066;06/06/2023;11:43:48;37.02;;;;1066;06/06/2023;11:44:12;36.39;Synchronized;;;1066;06/06/2023;11:43:27;36.94;Synchronized;;;
1067;06/06/2023;11:44:48;36.79;;;;1067;06/06/2023;11:45:12;36.52;;;;1067;06/06/2023;11:44:27;36.94;Synchronized;;;
1068;06/06/2023;11:45:48;36.86;Synchronized;;;1068;06/06/2023;11:46:12;35.73;Synchronized;;;1068;06/06/2023;11:45:27;36.93;Synchronized;;;
1069;06/06/2023;11:46:48;36.66;;;;1069;06/06/2023;11:47:12;35.35;;;;1069;06/06/2023;11:46:27;36.91;Synchronized;;;
1070;06/06/2023;11:47:48;36.64;Synchronized;;;1070;06/06/2023;11:48:12;35.42;Synchronized;;;1070;06/06/2023;11:47:26;36.92;Synchronized;;;
1071;06/06/2023;11:48:48;37.04;Synchronized;;;1071;06/06/2023;11:49:12;35.63;;;;1071;06/06/2023;11:48:26;36.89;Synchronized;;;
1072;06/06/2023;11:49:48;37.16;Synchronized;;;1072;06/06/2023;11:50:12;35.8;Synchronized;;;1072;06/06/2023;11:49:26;36.91;Synchronized;;;
1073;06/06/2023;11:50:48;37.18;;;;1073;06/06/2023;11:51:12;35.94;;;;1073;06/06/2023;11:50:26;36.85;;;;
1074;06/06/2023;11:51:48;37.16;;;;1074;06/06/2023;11:52:12;36.14;Synchronized;;;1074;06/06/2023;11:51:26;36.88;Synchronized;;;
1075;06/06/2023;11:52:48;37.18;;;;1075;06/06/2023;11:53:12;36.3;Synchronized;;;1075;06/06/2023;11:52:26;36.87;Synchronized;;;
1076;06/06/2023;11:53:48;37.09;Synchronized;;;1076;06/06/2023;11:54:12;36.48;Synchronized;;;1076;06/06/2023;11:53:26;36.89;Synchronized;;;
1077;06/06/2023;11:54:48;37.05;;;;1077;06/06/2023;11:55:12;36.63;Synchronized;;;1077;06/06/2023;11:54:26;36.89;Synchronized;;;
1078;06/06/2023;11:55:48;37.05;Synchronized;;;1078;06/06/2023;11:56:12;35.79;;;;1078;06/06/2023;11:55:25;36.89;Synchronized;;;
1079;06/06/2023;11:56:48;37.04;Synchronized;;;1079;06/06/2023;11:57:12;32.29;;;;1079;06/06/2023;11:56:25;36.91;Synchronized;;;
1080;06/06/2023;11:57:48;37.05;Synchronized;;;1080;06/06/2023;11:58:12;32.86;Synchronized;;;1080;06/06/2023;11:57:25;36.88;Synchronized;;;
1081;06/06/2023;11:58:48;36.98;Synchronized;;;1081;06/06/2023;11:59:12;33.49;Synchronized;;;1081;06/06/2023;11:58:25;36.91;Synchronized;;;
1082;06/06/2023;11:59:48;37.02;;;;1082;06/06/2023;12:00:12;34.12;;;;1082;06/06/2023;11:59:25;36.88;Synchronized;;;
1083;06/06/2023;12:00:48;37.02;Synchronized;;;1083;06/06/2023;12:01:12;34.69;Synchronized;;;1083;06/06/2023;12:00:25;36.92;Synchronized;;;
1084;06/06/2023;12:01:48;37.07;Synchronized;;;1084;06/06/2023;12:02:12;35.07;Synchronized;;;1084;06/06/2023;12:01:25;36.91;Synchronized;;;
1085;06/06/2023;12:02:48;37.12;Synchronized;;;1085;06/06/2023;12:03:12;35.41;Synchronized;;;1085;06/06/2023;12:02:25;36.91;Synchronized;;;
1086;06/06/2023;12:03:48;37.1;Synchronized;;;1086;06/06/2023;12:04:12;35.7;Synchronized;;;1086;06/06/2023;12:03:24;36.88;Synchronized;;;
1087;06/06/2023;12:04:48;37.11;;;;1087;06/06/2023;12:05:12;35.91;;;;1087;06/06/2023;12:04:24;36.88;Synchronized;;;
1088;06/06/2023;12:05:48;37.16;;;;1088;06/06/2023;12:06:12;36.18;Synchronized;;;1088;06/06/2023;12:05:24;36.91;Synchronized;;;
1089;06/06/2023;12:06:48;37.17;;;;1089;06/06/2023;12:07:12;35.46;Synchronized;;;1089;06/06/2023;12:06:24;36.92;Synchronized;;;
1090;06/06/2023;12:07:48;37.16;Synchronized;;;1090;06/06/2023;12:08:12;33.91;;;;1090;06/06/2023;12:07:24;36.95;;;;
1091;06/06/2023;12:08:48;37.16;;;;1091;06/06/2023;12:09:12;34.05;Synchronized;;;1091;06/06/2023;12:08:24;36.95;Synchronized;;;
1092;06/06/2023;12:09:48;37.17;Synchronized;;;1092;06/06/2023;12:10:12;34.53;;;;1092;06/06/2023;12:09:24;36.89;Synchronized;;;
1093;06/06/2023;12:10:48;37.1;Synchronized;;;1093;06/06/2023;12:11:12;34.91;Synchronized;;;1093;06/06/2023;12:10:23;36.91;Synchronized;;;
1094;06/06/2023;12:11:48;37.12;;;;1094;06/06/2023;12:12:12;34.19;Synchronized;;;1094;06/06/2023;12:11:23;36.91;Synchronized;;;
1095;06/06/2023;12:12:48;37.07;Synchronized;;;1095;06/06/2023;12:13:12;34.34;Synchronized;;;1095;06/06/2023;12:12:23;36.91;Synchronized;;;
1096;06/06/2023;12:13:48;37.06;Synchronized;;;1096;06/06/2023;12:14:13;34.9;Synchronized;;;1096;06/06/2023;12:13:23;36.91;;;;
1097;06/06/2023;12:14:48;37.07;Synchronized;;;1097;06/06/2023;12:15:13;35.36;Synchronized;;;1097;06/06/2023;12:14:23;36.88;Synchronized;;;
1098;06/06/2023;12:15:48;37.06;Synchronized;;;1098;06/06/2023;12:16:13;35.64;Synchronized;;;1098;06/06/2023;12:15:23;36.88;;;;
1099;06/06/2023;12:16:48;37.09;;;;1099;06/06/2023;12:17:13;35.73;Synchronized;;;1099;06/06/2023;12:16:23;36.89;Synchronized;;;
1100;06/06/2023;12:17:48;37.12;Synchronized;;;1100;06/06/2023;12:18:13;36.08;;;;1100;06/06/2023;12:17:23;36.88;Synchronized;;;
1101;06/06/2023;12:18:48;37.1;Synchronized;;;1101;06/06/2023;12:19:13;36.28;Synchronized;;;1101;06/06/2023;12:18:23;36.92;Synchronized;;;
1102;06/06/2023;12:19:48;37.13;;;;1102;06/06/2023;12:20:13;36.45;Synchronized;;;1102;06/06/2023;12:19:23;36.89;;;;
1103;06/06/2023;12:20:48;37.16;Synchronized;;;1103;06/06/2023;12:21:13;36.66;Synchronized;;;1103;06/06/2023;12:20:23;36.91;;;;
1104;06/06/2023;12:21:48;37.19;;;;1104;06/06/2023;12:22:13;36.77;Synchronized;;;1104;06/06/2023;12:21:22;36.89;;;;
1105;06/06/2023;12:22:48;37.23;Synchronized;;;1105;06/06/2023;12:23:13;36.84;Synchronized;;;1105;06/06/2023;12:22:22;36.91;Synchronized;;;
1106;06/06/2023;12:23:48;37.24;;;;1106;06/06/2023;12:24:13;36.95;Synchronized;;;1106;06/06/2023;12:23:22;36.89;Synchronized;;;
1107;06/06/2023;12:24:48;37.19;Synchronized;;;1107;06/06/2023;12:25:13;37;;;;1107;06/06/2023;12:24:22;36.88;Synchronized;;;
1108;06/06/2023;12:25:48;37.2;;;;1108;06/06/2023;12:26:13;37.08;;;;1108;06/06/2023;12:25:22;36.85;Synchronized;;;
1109;06/06/2023;12:26:48;37.23;Synchronized;;;1109;06/06/2023;12:27:13;35.48;;;;1109;06/06/2023;12:26:22;36.86;;;;
1110;06/06/2023;12:27:48;37.23;Synchronized;;;1110;06/06/2023;12:28:13;35.14;Synchronized;;;1110;06/06/2023;12:27:22;36.88;Synchronized;;;
1111;06/06/2023;12:28:48;37.26;Synchronized;;;1111;06/06/2023;12:29:13;35.58;;;;1111;06/06/2023;12:28:21;36.84;Synchronized;;;
1112;06/06/2023;12:29:48;37.24;Synchronized;;;1112;06/06/2023;12:30:13;35.91;;;;1112;06/06/2023;12:29:21;36.8;;;;
1113;06/06/2023;12:30:48;37.24;Synchronized;;;1113;06/06/2023;12:31:13;36.16;Synchronized;;;1113;06/06/2023;12:30:21;36.79;;;;
1114;06/06/2023;12:31:48;37.27;Synchronized;;;1114;06/06/2023;12:32:13;36.34;;;;1114;06/06/2023;12:31:21;36.84;Synchronized;;;
1115;06/06/2023;12:32:48;37.28;Synchronized;;;1115;06/06/2023;12:33:13;36.48;;;;1115;06/06/2023;12:32:21;36.81;Synchronized;;;
1116;06/06/2023;12:33:48;37.27;Synchronized;;;1116;06/06/2023;12:34:13;36.63;;;;1116;06/06/2023;12:33:21;36.8;Synchronized;;;
1117;06/06/2023;12:34:48;37.26;Synchronized;;;1117;06/06/2023;12:35:13;36.8;Synchronized;;;1117;06/06/2023;12:34:21;36.77;;;;
1118;06/06/2023;12:35:48;37.27;;;;1118;06/06/2023;12:36:13;35.22;;;;1118;06/06/2023;12:35:21;36.8;Synchronized;;;
1119;06/06/2023;12:36:49;37.29;Synchronized;;;1119;06/06/2023;12:37:13;33.38;;;;1119;06/06/2023;12:36:21;36.79;Synchronized;;;
1120;06/06/2023;12:37:49;37.27;;;;1120;06/06/2023;12:38:13;34.08;;;;1120;06/06/2023;12:37:20;36.79;Synchronized;;;
1121;06/06/2023;12:38:49;37.34;Synchronized;;;1121;06/06/2023;12:39:13;34.74;Synchronized;;;1121;06/06/2023;12:38:20;36.81;Synchronized;;;
1122;06/06/2023;12:39:49;37.29;Synchronized;;;1122;06/06/2023;12:40:13;35.3;Synchronized;;;1122;06/06/2023;12:39:20;36.87;Synchronized;;;
1123;06/06/2023;12:40:49;37.29;Synchronized;;;1123;06/06/2023;12:41:13;35.74;Synchronized;;;1123;06/06/2023;12:40:20;36.87;Synchronized;;;
1124;06/06/2023;12:41:49;37.31;Synchronized;;;1124;06/06/2023;12:42:13;36.14;Synchronized;;;1124;06/06/2023;12:41:20;36.91;Synchronized;;;
1125;06/06/2023;12:42:49;37.34;Synchronized;;;1125;06/06/2023;12:43:13;36.38;Synchronized;;;1125;06/06/2023;12:42:20;36.91;Synchronized;;;
1126;06/06/2023;12:43:49;37.37;Synchronized;;;1126;06/06/2023;12:44:13;36.6;Synchronized;;;1126;06/06/2023;12:43:19;36.97;Synchronized;;;
1127;06/06/2023;12:44:49;37.35;Synchronized;;;1127;06/06/2023;12:45:13;36.77;Synchronized;;;1127;06/06/2023;12:44:19;36.99;Synchronized;;;
1128;06/06/2023;12:45:49;37.34;Synchronized;;;1128;06/06/2023;12:46:14;36.92;Synchronized;;;1128;06/06/2023;12:45:19;37.03;Synchronized;;;
1129;06/06/2023;12:46:49;37.38;Synchronized;;;1129;06/06/2023;12:47:14;37.06;Synchronized;;;1129;06/06/2023;12:46:19;37.06;Synchronized;;;
1130;06/06/2023;12:47:49;37.4;Synchronized;;;1130;06/06/2023;12:48:14;37.13;Synchronized;;;1130;06/06/2023;12:47:19;37.04;Synchronized;;;
1131;06/06/2023;12:48:49;37.42;Synchronized;;;1131;06/06/2023;12:49:14;37.26;Synchronized;;;1131;06/06/2023;12:48:19;37.13;Synchronized;;;
1132;06/06/2023;12:49:49;37.48;Synchronized;;;1132;06/06/2023;12:50:14;37.38;Synchronized;;;1132;06/06/2023;12:49:18;37.16;Synchronized;;;
1133;06/06/2023;12:50:49;37.47;Synchronized;;;1133;06/06/2023;12:51:14;37.44;Synchronized;;;1133;06/06/2023;12:50:18;37.16;Synchronized;;;
1134;06/06/2023;12:51:49;37.48;Synchronized;;;1134;06/06/2023;12:52:14;37.49;Synchronized;;;1134;06/06/2023;12:51:18;37.19;Synchronized;;;
1135;06/06/2023;12:52:49;37.54;Synchronized;;;1135;06/06/2023;12:53:14;37.52;Synchronized;;;1135;06/06/2023;12:52:18;37.23;Synchronized;;;
1136;06/06/2023;12:53:49;37.55;Synchronized;;;1136;06/06/2023;12:54:14;37.53;Synchronized;;;1136;06/06/2023;12:53:18;37.25;Synchronized;;;
1137;06/06/2023;12:54:49;37.59;Synchronized;;;1137;06/06/2023;12:55:14;37.23;Synchronized;;;1137;06/06/2023;12:54:17;37.29;Synchronized;;;
1138;06/06/2023;12:55:49;37.59;Synchronized;;;1138;06/06/2023;12:56:14;36.95;Synchronized;;;1138;06/06/2023;12:55:17;37.3;Synchronized;;;
1139;06/06/2023;12:56:49;37.59;Synchronized;;;1139;06/06/2023;12:57:14;36.98;Synchronized;;;1139;06/06/2023;12:56:17;37.31;Synchronized;;;
1140;06/06/2023;12:57:49;37.61;Synchronized;;;1140;06/06/2023;12:58:14;36.98;Synchronized;;;1140;06/06/2023;12:57:17;37.3;Synchronized;;;
1141;06/06/2023;12:58:49;37.62;Synchronized;;;1141;06/06/2023;12:59:14;37.05;Synchronized;;;1141;06/06/2023;12:58:17;37.32;Synchronized;;;
1142;06/06/2023;12:59:49;37.63;Synchronized;;;1142;06/06/2023;13:00:14;37.09;Synchronized;;;1142;06/06/2023;12:59:17;37.34;Synchronized;;;
1143;06/06/2023;13:00:49;37.64;Synchronized;;;1143;06/06/2023;13:01:15;37.14;Synchronized;;;1143;06/06/2023;13:00:16;37.33;Synchronized;;;
1144;06/06/2023;13:01:49;37.66;Synchronized;;;1144;06/06/2023;13:02:15;37.19;Synchronized;;;1144;06/06/2023;13:01:16;37.31;Synchronized;;;
1145;06/06/2023;13:02:49;37.65;Synchronized;;;1145;06/06/2023;13:03:15;37.25;Synchronized;;;1145;06/06/2023;13:02:16;37.32;Synchronized;;;
1146;06/06/2023;13:03:49;37.66;Synchronized;;;1146;06/06/2023;13:04:15;37.32;Synchronized;;;1146;06/06/2023;13:03:16;37.34;Synchronized;;;
1147;06/06/2023;13:04:49;37.66;Synchronized;;;1147;06/06/2023;13:05:15;37.36;Synchronized;;;1147;06/06/2023;13:04:16;37.36;Synchronized;;;
1148;06/06/2023;13:05:50;37.66;Synchronized;;;1148;06/06/2023;13:06:15;37.4;Synchronized;;;1148;06/06/2023;13:05:16;37.38;Synchronized;;;
1149;06/06/2023;13:06:50;37.65;Synchronized;;;1149;06/06/2023;13:07:15;37.41;Synchronized;;;1149;06/06/2023;13:06:15;37.4;Synchronized;;;
1150;06/06/2023;13:07:50;37.67;Synchronized;;;1150;06/06/2023;13:08:15;37.45;Synchronized;;;1150;06/06/2023;13:07:15;37.4;Synchronized;;;
1151;06/06/2023;13:08:50;37.7;Synchronized;;;1151;06/06/2023;13:09:15;37.42;Synchronized;;;1151;06/06/2023;13:08:15;37.41;Synchronized;;;
1152;06/06/2023;13:09:50;37.69;Synchronized;;;1152;06/06/2023;13:10:15;37.42;Synchronized;;;1152;06/06/2023;13:09:15;37.42;Synchronized;;;
1153;06/06/2023;13:10:50;37.67;Synchronized;;;1153;06/06/2023;13:11:15;37.45;Synchronized;;;1153;06/06/2023;13:10:15;37.44;Synchronized;;;
1154;06/06/2023;13:11:50;37.67;Synchronized;;;1154;06/06/2023;13:12:15;37.48;Synchronized;;;1154;06/06/2023;13:11:15;37.44;Synchronized;;;
1155;06/06/2023;13:12:50;37.69;Synchronized;;;1155;06/06/2023;13:13:15;37.48;Synchronized;;;1155;06/06/2023;13:12:14;37.44;Synchronized;;;
1156;06/06/2023;13:13:50;37.72;Synchronized;;;1156;06/06/2023;13:14:15;37.52;Synchronized;;;1156;06/06/2023;13:13:14;37.45;Synchronized;;;
1157;06/06/2023;13:14:50;37.66;Synchronized;;;1157;06/06/2023;13:15:15;37.52;Synchronized;;;1157;06/06/2023;13:14:14;37.46;Synchronized;;;
1158;06/06/2023;13:15:50;37.67;Synchronized;;;1158;06/06/2023;13:16:15;37.48;Synchronized;;;1158;06/06/2023;13:15:14;37.46;Synchronized;;;
1159;06/06/2023;13:16:50;37.63;Synchronized;;;1159;06/06/2023;13:17:16;37.52;Synchronized;;;1159;06/06/2023;13:16:14;37.47;Synchronized;;;
1160;06/06/2023;13:17:50;37.59;Synchronized;;;1160;06/06/2023;13:18:16;37.53;Synchronized;;;1160;06/06/2023;13:17:13;37.47;Synchronized;;;
1161;06/06/2023;13:18:50;37.59;Synchronized;;;1161;06/06/2023;13:19:16;37.53;Synchronized;;;1161;06/06/2023;13:18:13;37.49;Synchronized;;;
1162;06/06/2023;13:19:50;37.61;Synchronized;;;1162;06/06/2023;13:20:16;37.53;Synchronized;;;1162;06/06/2023;13:19:13;37.53;Synchronized;;;
1163;06/06/2023;13:20:50;37.63;Synchronized;;;1163;06/06/2023;13:21:16;37.54;Synchronized;;;1163;06/06/2023;13:20:13;37.56;Synchronized;;;
1164;06/06/2023;13:21:50;37.62;Synchronized;;;1164;06/06/2023;13:22:16;37.55;Synchronized;;;1164;06/06/2023;13:21:13;37.55;Synchronized;;;
1165;06/06/2023;13:22:50;37.59;Synchronized;;;1165;06/06/2023;13:23:16;37.55;Synchronized;;;1165;06/06/2023;13:22:13;37.59;Synchronized;;;
1166;06/06/2023;13:23:50;37.6;Synchronized;;;1166;06/06/2023;13:24:16;37.57;;;;1166;06/06/2023;13:23:12;37.58;Synchronized;;;
1167;06/06/2023;13:24:50;37.62;Synchronized;;;1167;06/06/2023;13:25:16;37.56;Synchronized;;;1167;06/06/2023;13:24:12;37.57;Synchronized;;;
1168;06/06/2023;13:25:50;37.61;Synchronized;;;1168;06/06/2023;13:26:16;37.56;Synchronized;;;1168;06/06/2023;13:25:12;37.59;Synchronized;;;
1169;06/06/2023;13:26:50;37.61;Synchronized;;;1169;06/06/2023;13:27:16;37.57;;;;1169;06/06/2023;13:26:12;37.57;Synchronized;;;
1170;06/06/2023;13:27:50;37.62;Synchronized;;;1170;06/06/2023;13:28:16;37.56;;;;1170;06/06/2023;13:27:12;37.59;Synchronized;;;
1171;06/06/2023;13:28:50;37.59;Synchronized;;;1171;06/06/2023;13:29:16;37.57;Synchronized;;;1171;06/06/2023;13:28:12;37.59;Synchronized;;;
1172;06/06/2023;13:29:50;37.59;Synchronized;;;1172;06/06/2023;13:30:16;37.55;Synchronized;;;1172;06/06/2023;13:29:11;37.6;Synchronized;;;
1173;06/06/2023;13:30:50;37.66;Synchronized;;;1173;06/06/2023;13:31:16;37.57;;;;1173;06/06/2023;13:30:11;37.59;Synchronized;;;
1174;06/06/2023;13:31:50;37.7;;;;1174;06/06/2023;13:32:16;37.58;Synchronized;;;1174;06/06/2023;13:31:11;37.61;;;;
1175;06/06/2023;13:32:50;37.72;;;;1175;06/06/2023;13:33:16;37.57;Synchronized;;;1175;06/06/2023;13:32:11;37.59;Synchronized;;;
1176;06/06/2023;13:33:50;37.69;;;;1176;06/06/2023;13:34:16;37.58;;;;1176;06/06/2023;13:33:11;37.55;Synchronized;;;
1177;06/06/2023;13:34:50;37.66;;;;1177;06/06/2023;13:35:16;37.56;;;;1177;06/06/2023;13:34:11;37.57;Synchronized;;;
1178;06/06/2023;13:35:50;37.6;Synchronized;;;1178;06/06/2023;13:36:16;37.57;Synchronized;;;1178;06/06/2023;13:35:11;37.55;;;;
1179;06/06/2023;13:36:50;37.52;;;;1179;06/06/2023;13:37:17;37.58;Synchronized;;;1179;06/06/2023;13:36:11;37.56;Synchronized;;;
1180;06/06/2023;13:37:50;37.48;Synchronized;;;1180;06/06/2023;13:38:17;37.57;;;;1180;06/06/2023;13:37:10;37.55;Synchronized;;;
1181;06/06/2023;13:38:50;37.46;Synchronized;;;1181;06/06/2023;13:39:17;37.55;;;;1181;06/06/2023;13:38:10;37.54;;;;
1182;06/06/2023;13:39:50;37.47;Synchronized;;;1182;06/06/2023;13:40:17;37.54;;;;1182;06/06/2023;13:39:10;37.52;Synchronized;;;
1183;06/06/2023;13:40:50;37.45;Synchronized;;;1183;06/06/2023;13:41:17;37.57;Synchronized;;;1183;06/06/2023;13:40:10;37.52;;;;
1184;06/06/2023;13:41:50;37.42;;;;1184;06/06/2023;13:42:17;37.55;;;;1184;06/06/2023;13:41:09;37.5;;;;
1185;06/06/2023;13:42:50;37.39;;;;1185;06/06/2023;13:43:17;37.53;;;;1185;06/06/2023;13:42:09;37.52;Synchronized;;;
1186;06/06/2023;13:43:50;37.33;;;;1186;06/06/2023;13:44:17;37.54;;;;1186;06/06/2023;13:43:09;37.49;Synchronized;;;
1187;06/06/2023;13:44:50;37.3;Synchronized;;;1187;06/06/2023;13:45:17;37.52;;;;1187;06/06/2023;13:44:09;37.47;Synchronized;;;
1188;06/06/2023;13:45:50;37.3;;;;1188;06/06/2023;13:46:17;37.51;;;;1188;06/06/2023;13:45:09;37.47;;;;
1189;06/06/2023;13:46:50;37.27;Synchronized;;;1189;06/06/2023;13:47:17;37.5;;;;1189;06/06/2023;13:46:08;37.47;;;;
1190;06/06/2023;13:47:50;37.27;Synchronized;;;1190;06/06/2023;13:48:18;37.46;;;;1190;06/06/2023;13:47:08;37.47;Synchronized;;;
1191;06/06/2023;13:48:50;37.27;Synchronized;;;1191;06/06/2023;13:49:18;37.45;;;;1191;06/06/2023;13:48:08;37.47;Synchronized;;;
1192;06/06/2023;13:49:50;37.29;;;;1192;06/06/2023;13:50:18;37.45;;;;1192;06/06/2023;13:49:08;37.45;;;;
1193;06/06/2023;13:50:50;37.29;;;;1193;06/06/2023;13:51:18;37.44;Synchronized;;;1193;06/06/2023;13:50:08;37.45;;;;
1194;06/06/2023;13:51:50;37.3;Synchronized;;;1194;06/06/2023;13:52:18;37.13;Synchronized;;;1194;06/06/2023;13:51:08;37.42;Synchronized;;;
1195;06/06/2023;13:52:50;37.34;;;;1195;06/06/2023;13:53:18;36.66;Synchronized;;;1195;06/06/2023;13:52:08;37.41;Synchronized;;;
1196;06/06/2023;13:53:50;37.37;Synchronized;;;1196;06/06/2023;13:54:18;36.37;Synchronized;;;1196;06/06/2023;13:53:07;37.44;Synchronized;;;
1197;06/06/2023;13:54:50;37.38;Synchronized;;;1197;06/06/2023;13:55:18;36.26;Synchronized;;;1197;06/06/2023;13:54:07;37.41;Synchronized;;;
1198;06/06/2023;13:55:50;37.38;;;;1198;06/06/2023;13:56:18;36.39;Synchronized;;;1198;06/06/2023;13:55:07;37.42;;;;
1199;06/06/2023;13:56:50;37.36;Synchronized;;;1199;06/06/2023;13:57:18;36.55;;;;1199;06/06/2023;13:56:07;37.43;Synchronized;;;
1200;06/06/2023;13:57:50;37.34;Synchronized;;;1200;06/06/2023;13:58:18;36.68;Synchronized;;;1200;06/06/2023;13:57:06;37.47;;;;
1201;06/06/2023;13:58:50;37.28;;;;1201;06/06/2023;13:59:18;36.79;Synchronized;;;1201;06/06/2023;13:58:06;37.45;Synchronized;;;
1202;06/06/2023;13:59:50;37.27;Synchronized;;;1202;06/06/2023;14:00:18;36.77;Synchronized;;;1202;06/06/2023;13:59:06;37.45;Synchronized;;;
1203;06/06/2023;14:00:50;37.31;;;;1203;06/06/2023;14:01:18;36.27;;;;1203;06/06/2023;14:00:06;37.43;;;;
1204;06/06/2023;14:01:50;37.3;;;;1204;06/06/2023;14:02:18;36.26;;;;1204;06/06/2023;14:01:06;37.44;;;;
1205;06/06/2023;14:02:50;37.3;Synchronized;;;1205;06/06/2023;14:03:18;36.42;Synchronized;;;1205;06/06/2023;14:02:06;37.44;;;;
1206;06/06/2023;14:03:50;37.3;;;;1206;06/06/2023;14:04:18;36.52;Synchronized;;;1206;06/06/2023;14:03:05;37.44;;;;
1207;06/06/2023;14:04:50;37.29;;;;1207;06/06/2023;14:05:18;36.56;Synchronized;;;1207;06/06/2023;14:04:05;37.42;;;;
1208;06/06/2023;14:05:50;37.28;;;;1208;06/06/2023;14:06:18;36.61;Synchronized;;;1208;06/06/2023;14:05:05;37.42;;;;
1209;06/06/2023;14:06:50;37.3;;;;1209;06/06/2023;14:07:18;36.63;Synchronized;;;1209;06/06/2023;14:06:05;37.41;;;;
1210;06/06/2023;14:07:50;37.34;;;;1210;06/06/2023;14:08:18;36.75;Synchronized;;;1210;06/06/2023;14:07:05;37.42;Synchronized;;;
1211;06/06/2023;14:08:50;37.36;;;;1211;06/06/2023;14:09:18;36.82;Synchronized;;;1211;06/06/2023;14:08:04;37.45;;;;
1212;06/06/2023;14:09:50;37.34;;;;1212;06/06/2023;14:10:18;36.8;Synchronized;;;1212;06/06/2023;14:09:04;37.44;;;;
1213;06/06/2023;14:10:50;37.35;;;;1213;06/06/2023;14:11:18;36.82;Synchronized;;;1213;06/06/2023;14:10:04;37.45;;;;
1214;06/06/2023;14:11:50;37.34;;;;1214;06/06/2023;14:12:18;36.8;Synchronized;;;1214;06/06/2023;14:11:04;37.43;;;;
1215;06/06/2023;14:12:50;37.34;;;;1215;06/06/2023;14:13:18;36.84;Synchronized;;;1215;06/06/2023;14:12:04;37.43;;;;
1216;06/06/2023;14:13:50;37.36;;;;1216;06/06/2023;14:14:18;36.91;Synchronized;;;1216;06/06/2023;14:13:03;37.43;;;;
1217;06/06/2023;14:14:50;37.31;;;;1217;06/06/2023;14:15:18;36.96;Synchronized;;;1217;06/06/2023;14:14:03;37.43;;;;
1218;06/06/2023;14:15:50;37.36;;;;1218;06/06/2023;14:16:18;37.02;Synchronized;;;1218;06/06/2023;14:15:03;37.44;Synchronized;;;
1219;06/06/2023;14:16:50;37.34;;;;1219;06/06/2023;14:17:18;37.04;Synchronized;;;1219;06/06/2023;14:16:03;37.43;Synchronized;;;
1220;06/06/2023;14:17:50;37.33;;;;1220;06/06/2023;14:18:18;37.07;Synchronized;;;1220;06/06/2023;14:17:03;37.45;;;;
1221;06/06/2023;14:18:50;37.3;;;;1221;06/06/2023;14:19:18;37.09;Synchronized;;;1221;06/06/2023;14:18:02;37.45;;;;
1222;06/06/2023;14:19:50;37.31;;;;1222;06/06/2023;14:20:18;37.1;Synchronized;;;1222;06/06/2023;14:19:02;37.48;;;;
1223;06/06/2023;14:20:50;37.29;;;;1223;06/06/2023;14:21:19;37.1;Synchronized;;;1223;06/06/2023;14:20:02;37.46;;;;
1224;06/06/2023;14:21:50;37.28;;;;1224;06/06/2023;14:22:19;37.1;Synchronized;;;1224;06/06/2023;14:21:02;37.48;Synchronized;;;
1225;06/06/2023;14:22:50;37.26;;;;1225;06/06/2023;14:23:19;37.11;Synchronized;;;1225;06/06/2023;14:22:02;37.48;;;;
1226;06/06/2023;14:23:50;37.26;Synchronized;;;1226;06/06/2023;14:24:19;37.16;Synchronized;;;1226;06/06/2023;14:23:01;37.48;;;;
1227;06/06/2023;14:24:50;37.24;;;;1227;06/06/2023;14:25:19;37.17;Synchronized;;;1227;06/06/2023;14:24:01;37.46;;;;
1228;06/06/2023;14:25:50;37.25;;;;1228;06/06/2023;14:26:19;37.17;Synchronized;;;1228;06/06/2023;14:25:01;37.46;;;;
1229;06/06/2023;14:26:50;37.23;;;;1229;06/06/2023;14:27:19;37.19;Synchronized;;;1229;06/06/2023;14:26:01;37.45;;;;
1230;06/06/2023;14:27:50;37.25;;;;1230;06/06/2023;14:28:19;37.2;Synchronized;;;1230;06/06/2023;14:27:01;37.43;;;;
1231;06/06/2023;14:28:50;37.27;Synchronized;;;1231;06/06/2023;14:29:19;37.2;Synchronized;;;1231;06/06/2023;14:28:00;37.44;;;;
1232;06/06/2023;14:29:50;37.28;Synchronized;;;1232;06/06/2023;14:30:19;37.26;Synchronized;;;1232;06/06/2023;14:29:00;37.42;;;;
1233;06/06/2023;14:30:50;37.27;;;;1233;06/06/2023;14:31:19;37.26;Synchronized;;;1233;06/06/2023;14:30:00;37.4;Synchronized;;;
1234;06/06/2023;14:31:50;37.24;Synchronized;;;1234;06/06/2023;14:32:19;37.27;Synchronized;;;1234;06/06/2023;14:31:00;37.38;;;;
1235;06/06/2023;14:32:51;37.26;Synchronized;;;1235;06/06/2023;14:33:19;37.28;Synchronized;;;1235;06/06/2023;14:32:00;37.38;;;;
1236;06/06/2023;14:33:51;37.25;Synchronized;;;1236;06/06/2023;14:34:19;37.3;Synchronized;;;1236;06/06/2023;14:33:00;37.37;Synchronized;;;
1237;06/06/2023;14:34:51;37.24;;;;1237;06/06/2023;14:35:19;37.3;Synchronized;;;1237;06/06/2023;14:34:00;37.37;Synchronized;;;
1238;06/06/2023;14:35:51;37.25;Synchronized;;;1238;06/06/2023;14:36:19;37.31;Synchronized;;;1238;06/06/2023;14:34:59;37.38;Synchronized;;;
1239;06/06/2023;14:36:50;37.22;;;;1239;06/06/2023;14:37:19;37.31;Synchronized;;;1239;06/06/2023;14:35:59;37.37;;;;
1240;06/06/2023;14:37:51;37.26;;;;1240;06/06/2023;14:38:19;37.34;;;;1240;06/06/2023;14:36:59;37.37;Synchronized;;;
1241;06/06/2023;14:38:51;37.26;Synchronized;;;1241;06/06/2023;14:39:19;37.35;;;;1241;06/06/2023;14:37:59;37.32;;;;
1242;06/06/2023;14:39:51;37.24;;;;1242;06/06/2023;14:40:19;37.36;;;;1242;06/06/2023;14:38:58;37.35;;;;
1243;06/06/2023;14:40:51;37.27;Synchronized;;;1243;06/06/2023;14:41:19;37.38;;;;1243;06/06/2023;14:39:58;37.35;;;;
1244;06/06/2023;14:41:51;37.28;;;;1244;06/06/2023;14:42:20;37.39;;;;1244;06/06/2023;14:40:58;37.37;Synchronized;;;
1245;06/06/2023;14:42:51;37.29;;;;1245;06/06/2023;14:43:20;37.41;;;;1245;06/06/2023;14:41:58;37.36;Synchronized;;;
1246;06/06/2023;14:43:51;37.33;Synchronized;;;1246;06/06/2023;14:44:20;37.38;;;;1246;06/06/2023;14:42:57;37.38;Synchronized;;;
1247;06/06/2023;14:44:51;37.33;Synchronized;;;1247;06/06/2023;14:45:20;37.38;;;;1247;06/06/2023;14:43:57;37.4;Synchronized;;;
1248;06/06/2023;14:45:51;37.33;Synchronized;;;1248;06/06/2023;14:46:20;37.34;;;;1248;06/06/2023;14:44:57;37.41;Synchronized;;;
1249;06/06/2023;14:46:51;37.33;;;;1249;06/06/2023;14:47:20;37.33;;;;1249;06/06/2023;14:45:57;37.42;Synchronized;;;
1250;06/06/2023;14:47:51;37.34;Synchronized;;;1250;06/06/2023;14:48:20;37.3;;;;1250;06/06/2023;14:46:57;37.42;Synchronized;;;
1251;06/06/2023;14:48:51;37.34;;;;1251;06/06/2023;14:49:20;37.28;;;;1251;06/06/2023;14:47:57;37.42;Synchronized;;;
1252;06/06/2023;14:49:51;37.36;Synchronized;;;1252;06/06/2023;14:50:20;37.27;;;;1252;06/06/2023;14:48:56;37.44;Synchronized;;;
1253;06/06/2023;14:50:51;37.34;Synchronized;;;1253;06/06/2023;14:51:21;37.23;;;;1253;06/06/2023;14:49:56;37.45;Synchronized;;;
1254;06/06/2023;14:51:51;37.34;Synchronized;;;1254;06/06/2023;14:52:21;37.23;;;;1254;06/06/2023;14:50:56;37.43;;;;
1255;06/06/2023;14:52:51;37.3;Synchronized;;;1255;06/06/2023;14:53:21;37.2;;;;1255;06/06/2023;14:51:56;37.43;;;;
1256;06/06/2023;14:53:51;37.27;Synchronized;;;1256;06/06/2023;14:54:21;37.2;;;;1256;06/06/2023;14:52:56;37.46;;;;
1257;06/06/2023;14:54:51;37.24;Synchronized;;;1257;06/06/2023;14:55:21;37.17;;;;1257;06/06/2023;14:53:56;37.44;Synchronized;;;
1258;06/06/2023;14:55:51;37.22;Synchronized;;;1258;06/06/2023;14:56:21;37.17;;;;1258;06/06/2023;14:54:56;37.43;Synchronized;;;
1259;06/06/2023;14:56:51;37.23;Synchronized;;;1259;06/06/2023;14:57:21;37.13;;;;1259;06/06/2023;14:55:55;37.43;Synchronized;;;
1260;06/06/2023;14:57:51;37.24;Synchronized;;;1260;06/06/2023;14:58:21;37.12;;;;1260;06/06/2023;14:56:55;37.4;;;;
1261;06/06/2023;14:58:51;37.22;Synchronized;;;1261;06/06/2023;14:59:21;37.08;;;;1261;06/06/2023;14:57:55;37.38;;;;
1262;06/06/2023;14:59:51;37.16;;;;1262;06/06/2023;15:00:21;37.03;Synchronized;;;1262;06/06/2023;14:58:54;37.4;;;;
1263;06/06/2023;15:00:51;37.16;;;;1263;06/06/2023;15:01:21;36.97;Synchronized;;;1263;06/06/2023;14:59:54;37.41;;;;
1264;06/06/2023;15:01:51;37.16;;;;1264;06/06/2023;15:02:21;36.93;Synchronized;;;1264;06/06/2023;15:00:54;37.41;;;;
1265;06/06/2023;15:02:51;37.14;;;;1265;06/06/2023;15:03:21;36.91;Synchronized;;;1265;06/06/2023;15:01:54;37.41;;;;
1266;06/06/2023;15:03:51;37.16;Synchronized;;;1266;06/06/2023;15:04:21;36.92;Synchronized;;;1266;06/06/2023;15:02:54;37.41;;;;
1267;06/06/2023;15:04:51;37.16;Synchronized;;;1267;06/06/2023;15:05:21;36.92;Synchronized;;;1267;06/06/2023;15:03:53;37.42;;;;
1268;06/06/2023;15:05:51;37.19;Synchronized;;;1268;06/06/2023;15:06:21;36.94;Synchronized;;;1268;06/06/2023;15:04:53;37.41;;;;
1269;06/06/2023;15:06:51;37.21;Synchronized;;;1269;06/06/2023;15:07:21;36.97;Synchronized;;;1269;06/06/2023;15:05:53;37.4;;;;
1270;06/06/2023;15:07:51;37.23;;;;1270;06/06/2023;15:08:22;36.98;Synchronized;;;1270;06/06/2023;15:06:53;37.41;;;;
1271;06/06/2023;15:08:51;37.25;Synchronized;;;1271;06/06/2023;15:09:22;37.02;Synchronized;;;1271;06/06/2023;15:07:53;37.33;;;;
1272;06/06/2023;15:09:51;37.26;;;;1272;06/06/2023;15:10:22;37.02;Synchronized;;;1272;06/06/2023;15:08:52;37.31;;;;
1273;06/06/2023;15:10:51;37.26;;;;1273;06/06/2023;15:11:22;37.05;Synchronized;;;1273;06/06/2023;15:09:52;37.34;;;;
1274;06/06/2023;15:11:51;37.29;;;;1274;06/06/2023;15:12:22;37.09;Synchronized;;;1274;06/06/2023;15:10:52;37.34;Synchronized;;;
1275;06/06/2023;15:12:51;37.3;;;;1275;06/06/2023;15:13:22;37.12;Synchronized;;;1275;06/06/2023;15:11:52;37.37;;;;
1276;06/06/2023;15:13:51;37.28;;;;1276;06/06/2023;15:14:22;37.16;Synchronized;;;1276;06/06/2023;15:12:52;37.38;;;;
1277;06/06/2023;15:14:51;37.33;;;;1277;06/06/2023;15:15:22;37.17;Synchronized;;;1277;06/06/2023;15:13:52;37.38;Synchronized;;;
1278;06/06/2023;15:15:51;37.31;Synchronized;;;1278;06/06/2023;15:16:22;37.18;Synchronized;;;1278;06/06/2023;15:14:51;37.37;Synchronized;;;
1279;06/06/2023;15:16:51;37.34;Synchronized;;;1279;06/06/2023;15:17:22;37.2;Synchronized;;;1279;06/06/2023;15:15:51;37.38;Synchronized;;;
1280;06/06/2023;15:17:51;37.38;;;;1280;06/06/2023;15:18:22;37.23;Synchronized;;;1280;06/06/2023;15:16:51;37.38;Synchronized;;;
1281;06/06/2023;15:18:51;37.34;;;;1281;06/06/2023;15:19:22;37.28;Synchronized;;;1281;06/06/2023;15:17:51;37.38;Synchronized;;;
1282;06/06/2023;15:19:51;37.34;;;;1282;06/06/2023;15:20:22;37.3;Synchronized;;;1282;06/06/2023;15:18:50;37.4;Synchronized;;;
1283;06/06/2023;15:20:51;37.36;;;;1283;06/06/2023;15:21:22;37.32;Synchronized;;;1283;06/06/2023;15:19:50;37.38;;;;
1284;06/06/2023;15:21:51;37.38;;;;1284;06/06/2023;15:22:22;37.35;Synchronized;;;1284;06/06/2023;15:20:50;37.4;;;;
1285;06/06/2023;15:22:51;37.37;;;;1285;06/06/2023;15:23:22;37.39;Synchronized;;;1285;06/06/2023;15:21:50;37.41;;;;
1286;06/06/2023;15:23:51;37.36;Synchronized;;;1286;06/06/2023;15:24:22;37.39;Synchronized;;;1286;06/06/2023;15:22:50;37.41;;;;
1287;06/06/2023;15:24:51;37.36;Synchronized;;;1287;06/06/2023;15:25:23;37.41;Synchronized;;;1287;06/06/2023;15:23:50;37.38;;;;
1288;06/06/2023;15:25:51;37.37;Synchronized;;;1288;06/06/2023;15:26:23;37.45;Synchronized;;;1288;06/06/2023;15:24:49;37.4;;;;
1289;06/06/2023;15:26:52;37.36;Synchronized;;;1289;06/06/2023;15:27:23;37.47;Synchronized;;;1289;06/06/2023;15:25:49;37.34;Synchronized;;;
1290;06/06/2023;15:27:52;37.38;Synchronized;;;1290;06/06/2023;15:28:23;37.49;Synchronized;;;1290;06/06/2023;15:26:49;37.34;Synchronized;;;
1291;06/06/2023;15:28:52;37.34;Synchronized;;;1291;06/06/2023;15:29:23;37.49;Synchronized;;;1291;06/06/2023;15:27:48;37.34;Synchronized;;;
1292;06/06/2023;15:29:52;37.34;;;;1292;06/06/2023;15:30:23;37.49;Synchronized;;;1292;06/06/2023;15:28:48;37.32;Synchronized;;;
1293;06/06/2023;15:30:52;37.33;;;;1293;06/06/2023;15:31:23;37.52;Synchronized;;;1293;06/06/2023;15:29:48;37.32;;;;
1294;06/06/2023;15:31:52;37.31;;;;1294;06/06/2023;15:32:23;37.55;Synchronized;;;1294;06/06/2023;15:30:48;37.32;;;;
1295;06/06/2023;15:32:52;37.35;;;;1295;06/06/2023;15:33:23;37.56;Synchronized;;;1295;06/06/2023;15:31:48;37.29;;;;
1296;06/06/2023;15:33:52;37.38;;;;1296;06/06/2023;15:34:23;37.56;Synchronized;;;1296;06/06/2023;15:32:48;37.28;;;;
1297;06/06/2023;15:34:52;37.36;;;;1297;06/06/2023;15:35:23;37.59;Synchronized;;;1297;06/06/2023;15:33:48;37.24;;;;
1298;06/06/2023;15:35:52;37.38;;;;1298;06/06/2023;15:36:23;37.57;Synchronized;;;1298;06/06/2023;15:34:48;37.25;;;;
1299;06/06/2023;15:36:52;37.35;;;;1299;06/06/2023;15:37:23;37.57;Synchronized;;;1299;06/06/2023;15:35:47;37.21;;;;
1300;06/06/2023;15:37:52;37.34;Synchronized;;;1300;06/06/2023;15:38:23;37.59;Synchronized;;;1300;06/06/2023;15:36:47;37.18;Synchronized;;;
1301;06/06/2023;15:38:52;37.33;Synchronized;;;1301;06/06/2023;15:39:23;37.55;Synchronized;;;1301;06/06/2023;15:37:47;37.18;;;;
1302;06/06/2023;15:39:52;37.34;Synchronized;;;1302;06/06/2023;15:40:23;37.55;Synchronized;;;1302;06/06/2023;15:38:47;37.19;;;;
1303;06/06/2023;15:40:52;37.3;Synchronized;;;1303;06/06/2023;15:41:23;37.56;Synchronized;;;1303;06/06/2023;15:39:47;37.2;;;;
1304;06/06/2023;15:41:52;37.3;Synchronized;;;1304;06/06/2023;15:42:24;37.58;Synchronized;;;1304;06/06/2023;15:40:47;37.18;Synchronized;;;
1305;06/06/2023;15:42:52;37.33;Synchronized;;;1305;06/06/2023;15:43:24;37.57;Synchronized;;;1305;06/06/2023;15:41:46;37.17;;;;
1306;06/06/2023;15:43:52;37.24;Synchronized;;;1306;06/06/2023;15:44:24;37.59;Synchronized;;;1306;06/06/2023;15:42:46;37.16;;;;
1307;06/06/2023;15:44:52;37.16;Synchronized;;;1307;06/06/2023;15:45:24;37.58;Synchronized;;;1307;06/06/2023;15:43:46;37.13;;;;
1308;06/06/2023;15:45:52;37.07;Synchronized;;;1308;06/06/2023;15:46:24;37.59;Synchronized;;;1308;06/06/2023;15:44:46;37.13;;;;
1309;06/06/2023;15:46:52;37.02;Synchronized;;;1309;06/06/2023;15:47:24;37.59;Synchronized;;;1309;06/06/2023;15:45:46;37.13;;;;
1310;06/06/2023;15:47:52;37.02;Synchronized;;;1310;06/06/2023;15:48:24;37.59;Synchronized;;;1310;06/06/2023;15:46:46;37.12;;;;
1311;06/06/2023;15:48:52;37.16;Synchronized;;;1311;06/06/2023;15:49:24;37.59;Synchronized;;;1311;06/06/2023;15:47:46;37.08;Synchronized;;;
1312;06/06/2023;15:49:52;37.28;Synchronized;;;1312;06/06/2023;15:50:24;37.59;Synchronized;;;1312;06/06/2023;15:48:46;37.1;Synchronized;;;
1313;06/06/2023;15:50:52;37.21;Synchronized;;;1313;06/06/2023;15:51:24;37.59;Synchronized;;;1313;06/06/2023;15:49:45;37.11;Synchronized;;;
1314;06/06/2023;15:51:52;37.25;Synchronized;;;1314;06/06/2023;15:52:24;37.58;Synchronized;;;1314;06/06/2023;15:50:45;37.07;;;;
1315;06/06/2023;15:52:52;37.29;Synchronized;;;1315;06/06/2023;15:53:24;37.58;Synchronized;;;1315;06/06/2023;15:51:45;37.06;Synchronized;;;
1316;06/06/2023;15:53:52;37.3;Synchronized;;;1316;06/06/2023;15:54:24;37.61;Synchronized;;;1316;06/06/2023;15:52:45;37.06;Synchronized;;;
1317;06/06/2023;15:54:52;37.27;;;;1317;06/06/2023;15:55:24;37.57;Synchronized;;;1317;06/06/2023;15:53:44;37.06;Synchronized;;;
1318;06/06/2023;15:55:52;37.26;;;;1318;06/06/2023;15:56:24;37.59;Synchronized;;;1318;06/06/2023;15:54:44;37.05;;;;
1319;06/06/2023;15:56:52;37.27;;;;1319;06/06/2023;15:57:24;37.58;Synchronized;;;1319;06/06/2023;15:55:44;37.06;Synchronized;;;
1320;06/06/2023;15:57:52;37.23;;;;1320;06/06/2023;15:58:24;37.55;Synchronized;;;1320;06/06/2023;15:56:44;37.06;Synchronized;;;
1321;06/06/2023;15:58:52;37.25;Synchronized;;;1321;06/06/2023;15:59:25;37.56;Synchronized;;;1321;06/06/2023;15:57:44;37.09;Synchronized;;;
1322;06/06/2023;15:59:52;37.24;Synchronized;;;1322;06/06/2023;16:00:25;37.57;Synchronized;;;1322;06/06/2023;15:58:43;37.06;Synchronized;;;
1323;06/06/2023;16:00:52;37.25;Synchronized;;;1323;06/06/2023;16:01:25;37.61;Synchronized;;;1323;06/06/2023;15:59:43;37.07;Synchronized;;;
1324;06/06/2023;16:01:52;37.26;Synchronized;;;1324;06/06/2023;16:02:25;37.59;Synchronized;;;1324;06/06/2023;16:00:43;37.09;Synchronized;;;
1325;06/06/2023;16:02:52;37.28;Synchronized;;;1325;06/06/2023;16:03:25;37.59;Synchronized;;;1325;06/06/2023;16:01:43;37.09;;;;
1326;06/06/2023;16:03:52;37.27;Synchronized;;;1326;06/06/2023;16:04:25;37.56;Synchronized;;;1326;06/06/2023;16:02:43;37.11;;;;
1327;06/06/2023;16:04:52;37.3;Synchronized;;;1327;06/06/2023;16:05:25;37.51;Synchronized;;;1327;06/06/2023;16:03:43;37.13;;;;
1328;06/06/2023;16:05:52;37.33;;;;1328;06/06/2023;16:06:25;37.5;Synchronized;;;1328;06/06/2023;16:04:42;37.15;;;;
1329;06/06/2023;16:06:52;37.3;Synchronized;;;1329;06/06/2023;16:07:25;37.47;;;;1329;06/06/2023;16:05:42;37.13;;;;
1330;06/06/2023;16:07:52;37.3;Synchronized;;;1330;06/06/2023;16:08:25;37.43;Synchronized;;;1330;06/06/2023;16:06:42;37.12;;;;
1331;06/06/2023;16:08:53;37.28;Synchronized;;;1331;06/06/2023;16:09:26;37.41;Synchronized;;;1331;06/06/2023;16:07:42;37.13;;;;
1332;06/06/2023;16:09:53;37.27;Synchronized;;;1332;06/06/2023;16:10:26;37.35;;;;1332;06/06/2023;16:08:42;37.13;;;;
1333;06/06/2023;16:10:53;37.27;;;;1333;06/06/2023;16:11:26;37.29;Synchronized;;;1333;06/06/2023;16:09:42;37.13;;;;
1334;06/06/2023;16:11:53;37.29;;;;1334;06/06/2023;16:12:26;37.21;Synchronized;;;1334;06/06/2023;16:10:41;37.11;;;;
1335;06/06/2023;16:12:53;37.34;;;;1335;06/06/2023;16:13:26;37.16;Synchronized;;;1335;06/06/2023;16:11:41;37.13;;;;
1336;06/06/2023;16:13:53;37.3;;;;1336;06/06/2023;16:14:26;37.11;Synchronized;;;1336;06/06/2023;16:12:41;37.12;;;;
1337;06/06/2023;16:14:53;37.3;;;;1337;06/06/2023;16:15:26;37.09;Synchronized;;;1337;06/06/2023;16:13:41;37.09;;;;
1338;06/06/2023;16:15:53;37.3;;;;1338;06/06/2023;16:16:26;37.06;Synchronized;;;1338;06/06/2023;16:14:41;37.11;;;;
1339;06/06/2023;16:16:53;37.35;;;;1339;06/06/2023;16:17:26;37.05;Synchronized;;;1339;06/06/2023;16:15:41;37.11;;;;
1340;06/06/2023;16:17:53;37.35;;;;1340;06/06/2023;16:18:26;37.03;Synchronized;;;1340;06/06/2023;16:16:40;37.07;;;;
1341;06/06/2023;16:18:53;37.37;Synchronized;;;1341;06/06/2023;16:19:26;37.04;;;;1341;06/06/2023;16:17:40;37.09;;;;
1342;06/06/2023;16:19:53;37.34;Synchronized;;;1342;06/06/2023;16:20:26;37.04;Synchronized;;;1342;06/06/2023;16:18:40;37.08;;;;
1343;06/06/2023;16:20:53;37.36;Synchronized;;;1343;06/06/2023;16:21:27;37.02;Synchronized;;;1343;06/06/2023;16:19:40;37.09;;;;
1344;06/06/2023;16:21:53;37.36;Synchronized;;;1344;06/06/2023;16:22:27;36.97;;;;1344;06/06/2023;16:20:40;37.05;;;;
1345;06/06/2023;16:22:53;37.36;;;;1345;06/06/2023;16:23:27;36.95;;;;1345;06/06/2023;16:21:39;37.07;;;;
1346;06/06/2023;16:23:53;37.35;Synchronized;;;1346;06/06/2023;16:24:27;36.92;Synchronized;;;1346;06/06/2023;16:22:39;37.05;;;;
1347;06/06/2023;16:24:53;37.38;Synchronized;;;1347;06/06/2023;16:25:27;36.89;;;;1347;06/06/2023;16:23:39;37.05;;;;
1348;06/06/2023;16:25:53;37.38;Synchronized;;;1348;06/06/2023;16:26:27;36.82;;;;1348;06/06/2023;16:24:39;37.06;;;;
1349;06/06/2023;16:26:53;37.38;Synchronized;;;1349;06/06/2023;16:27:27;36.77;;;;1349;06/06/2023;16:25:39;37.08;;;;
1350;06/06/2023;16:27:53;37.38;Synchronized;;;1350;06/06/2023;16:28:27;36.8;;;;1350;06/06/2023;16:26:39;37.08;Synchronized;;;
1351;06/06/2023;16:28:53;37.38;Synchronized;;;1351;06/06/2023;16:29:27;36.79;Synchronized;;;1351;06/06/2023;16:27:38;37.05;Synchronized;;;
1352;06/06/2023;16:29:53;37.36;Synchronized;;;1352;06/06/2023;16:30:27;36.8;Synchronized;;;1352;06/06/2023;16:28:38;37.08;;;;
1353;06/06/2023;16:30:53;37.35;Synchronized;;;1353;06/06/2023;16:31:27;36.79;;;;1353;06/06/2023;16:29:38;37.07;;;;
1354;06/06/2023;16:31:53;37.35;Synchronized;;;1354;06/06/2023;16:32:27;36.78;;;;1354;06/06/2023;16:30:38;37.06;;;;
1355;06/06/2023;16:32:53;37.36;Synchronized;;;1355;06/06/2023;16:33:28;36.78;;;;1355;06/06/2023;16:31:38;37.08;;;;
1356;06/06/2023;16:33:53;37.36;Synchronized;;;1356;06/06/2023;16:34:27;36.8;;;;1356;06/06/2023;16:32:38;37.09;;;;
1357;06/06/2023;16:34:53;37.37;;;;1357;06/06/2023;16:35:27;36.79;Synchronized;;;1357;06/06/2023;16:33:38;37.08;Synchronized;;;
1358;06/06/2023;16:35:53;37.4;;;;1358;06/06/2023;16:36:27;36.83;Synchronized;;;1358;06/06/2023;16:34:37;37.06;;;;
1359;06/06/2023;16:36:53;37.42;Synchronized;;;1359;06/06/2023;16:37:27;36.81;Synchronized;;;1359;06/06/2023;16:35:37;37.05;;;;
1360;06/06/2023;16:37:53;37.45;Synchronized;;;1360;06/06/2023;16:38:27;36.85;Synchronized;;;1360;06/06/2023;16:36:37;37.05;;;;
1361;06/06/2023;16:38:53;37.45;;;;1361;06/06/2023;16:39:27;36.97;Synchronized;;;1361;06/06/2023;16:37:37;37.07;Synchronized;;;
1362;06/06/2023;16:39:53;37.45;;;;1362;06/06/2023;16:40:27;37.04;Synchronized;;;1362;06/06/2023;16:38:37;37.07;Synchronized;;;
1363;06/06/2023;16:40:53;37.38;;;;1363;06/06/2023;16:41:28;37.07;Synchronized;;;1363;06/06/2023;16:39:36;37.08;Synchronized;;;
1364;06/06/2023;16:41:53;37.4;;;;1364;06/06/2023;16:42:28;37.03;Synchronized;;;1364;06/06/2023;16:40:36;37.08;Synchronized;;;
;;;;;;;1365;06/06/2023;16:43:28;36.98;Synchronized;;;1365;06/06/2023;16:41:36;37.11;Synchronized;;;
;;;;;;;1366;06/06/2023;16:44:28;36.84;Synchronized;;;1366;06/06/2023;16:42:36;37.12;Synchronized;;;
;;;;;;;1367;06/06/2023;16:45:28;36.71;Synchronized;;;1367;06/06/2023;16:43:36;37.11;Synchronized;;;
;;;;;;;1368;06/06/2023;16:46:28;36.31;;;;1368;06/06/2023;16:44:36;37.13;Synchronized;;;
;;;;;;;1369;06/06/2023;16:47:27;36.49;;;;1369;06/06/2023;16:45:35;37.13;Synchronized;;;
;;;;;;;1370;06/06/2023;16:48:27;36.49;Synchronized;;;1370;06/06/2023;16:46:35;;Missing data;;;
;;;;;;;1371;06/06/2023;16:49:27;36.41;;;;1371;06/06/2023;16:47:35;;Missing data;;;
;;;;;;;1372;06/06/2023;16:50:27;36.49;;;;1372;06/06/2023;16:48:35;37.09;;;;
;;;;;;;1373;06/06/2023;16:51:27;36.55;;;;1373;06/06/2023;16:49:35;37.12;;;;
;;;;;;;1374;06/06/2023;16:52:27;;Missing data;;;1374;06/06/2023;16:50:35;37.1;;;;
;;;;;;;1375;06/06/2023;16:53:27;36.34;;;;1375;06/06/2023;16:51:35;;Missing data;;;
;;;;;;;;;;;;;;1376;06/06/2023;16:52:35;;Missing data;;;
;;;;;;;;;;;;;;1377;06/06/2023;16:53:34;;Missing data;;;
;;;;;;;;;;;;;;1378;06/06/2023;16:54:34;37.15;;;;
;;;;;;;;;;;;;;1379;06/06/2023;16:55:34;37.18;;;;
;
;